"統一編號","原始登記日期","核發日期","廠商中文名稱","廠商英文名稱","中文營業地址","英文營業地址","代表人","電話號碼","傳真號碼","進口資格","出口資格"
"79003902","19960427","20230224","七海電業股份有限公司","SEVEN SEAS MARINE INTERNATIONAL, INC.","高雄市鹽埕區河西路7號6樓之2","6 F.-2, No. 7, Hexi Rd., Yancheng Dist., Kaohsiung City 803007, Taiwan (R.O.C.)","林O齡","07-8159775","07-8152156","有","有"
"79006077","19981223","20210812","大川企業有限公司","TA-CHUNG ENTERPRISE CO., LTD.","高雄市前金區新田路303號11樓之2","11F.-2, No. 303, Xintian Rd., Qianjin Dist., Kaohsiung City 80145, Taiwan (R.O.C.)","凃O文","07-2825758","07-2727232","有","有"
"79006443","20051006","20210812","三福報關有限公司","SUNFER INTERNATIONAL CO., LTD.","高雄市苓雅區海邊路42號3樓之1","3F.-1, No. 42, Haibian Rd., Lingya Dist., Kaohsiung City 80248, Taiwan (R.O.C.)","謝O微","07-2912967","07-2725823","有","有"
"79023409","19780525","20240629","大信木業股份有限公司","DAH SHIN LUMBER FACTORY","高雄市梓官區大舍南路294號","No. 294, Dashe S. Rd., Ziguan Dist., Kaohsiung City 826008, Taiwan (R.O.C.)","鄭O志","07-6171879","07-5316265","有","有"
"79025103","20000112","20210812","三峯工業社","SAN FENG INDUSTRY CO.","高雄市鼓山區鼓山二路１３１巷３弄１７號","No. 17, Aly. 3, Ln. 131, Gushan 2nd Rd., Gushan Dist., Kaohsiung City 80446, Taiwan (R.O.C.)","薛O洺","07-8152386","07-8122500","有","有"
"79027904","20100504","20241221","大益輪船股份有限公司","TA YIH STEAMSHIP CO., LTD.","高雄市新興區青年一路158號","No. 158, Qingnian 1st Rd., Xinxing Dist., Kaohsiung City 800005, Taiwan (R.O.C.)","俞O鐘","07-3355633","07-3353133","有","有"
"79030801","19780605","20210813","大眾書局有限公司","POPULAR BOOK STORE CO., LTD.","臺南市南區光明里新和路六號一樓","1 F., No. 6, Xinhe Rd., Guangming Vil., South Dist., Tainan City 70254, Taiwan (R.O.C.)","王O英治","06-2613175","06-2618585","有","有"
"79033808","20081027","20210813","大華報關運輸股份有限公司","DA HUA CUSTOMS BROKER & LOGISTICS CO., LTD.","高雄市苓雅區四維4路7號13樓","13 F., No. 7, Siwei 4th Rd., Lingya Dist., Kaohsiung City 80247, Taiwan (R.O.C.)","黃O榮","07-3380158","07-5378986","有","有"
"79033906","19950401","20210815","三陽造船廠股份有限公司","SAN YANG SHIPBUILDING CO., LTD.","高雄市旗津區上竹巷79號","No. 79, Shangzhu Ln., Qijin Dist., Kaohsiung City 80545, Taiwan (R.O.C.)","麥O瑋","07-3593165","07-3593185","有","有"
"79043587","20070212","20231209","友聯儲運股份有限公司","UNITOP LOGISTICS CORPORATION","高雄市苓雅區青年一路271號","No. 271, Qingnian 1st Rd., Lingya Dist., Kaohsiung City 802032, Taiwan (R.O.C.)","蔡O明","07-8216121","07-8122996","有","有"
"79044468","19920825","20210814","互成實業股份有限公司","HU CHAN INDUSTRIAL CO., LTD.","高雄市三民區昌裕街143號","No. 143, Changyu St., Sanmin Dist., Kaohsiung City 80780, Taiwan (R.O.C.)","吳O益","07-3829046","07-3835287","有","有"
"79044559","19970524","20230721","高鼎遊艇股份有限公司","JADE SHIPBUILDING CO., LTD.","高雄市旗津區上竹巷77號","No. 77, Shangzhu Ln., Qijin Dist., Kaohsiung City 805005, Taiwan (R.O.C.)","韓O祥","07-811-1267","07-831-5145","有","有"
"79044707","19880227","20221103","中一行機械工程股份有限公司","CHUNG YI MECHANICAL ENGINEERING CO., LTD.","高雄市苓雅區四維三路57巷37號2樓之2","2 F.-2, No. 37, Ln. 57, Siwei 3rd Rd., Lingya Dist., Kaohsiung City 802701, Taiwan (R.O.C.)","黃O印","07-3326208","07-3314509","無","無"
"79044896","19780224","20230422","高興工業股份有限公司","KAO HSING SMELTING & CHEMICAL FIBER CO., LTD.","高雄市小港區台機路14號","No. 14, Taiji Rd., Xiaogang Dist., Kaohsiung City 812006, Taiwan (R.O.C.)","呂O靜","07-8020817","","有","有"
"79045276","19750116","20230727","友和耐火材料工業股份有限公司","YU HO REFRACTORIES CO., LTD.","高雄市大寮區仁愛路336號","No. 336, Ren’ai Rd., Daliao Dist., Kaohsiung City 831119, Taiwan (R.O.C.)","張O武","07-7014653","07-7031968","有","有"
"79045797","19960213","20210814","日新工程有限公司","JIH HSIN PROJECT CO., LTD.","高雄市前鎮區瑞政街101號","No. 101, Ruizheng St., Cianjhen Dist., Kaohsiung City 80652, Taiwan (R.O.C.)","鄭O男","07-8212255","07-8412287","有","有"
"79050708","20220114","20220114","天生堂藥品股份有限公司","Tian Sheng Tang Pharmacy Co., Ltd.","高雄市前金區五福三路54號6樓之2","6F.-2, NO. 54, WUFU 3RD RD., QIANJIN DIST., KAOHSIUNG CITY 80148, TAIWAN (R.O.C.)","張O豪","07-2217328","","有","有"
"79053705","20111129","20250404","國揚通運股份有限公司","KUOYANG TRANSPORT CO., LTD.","高雄市新興區仁愛二街71號","No. 71, Ren’ai 2nd St., Xinxing Dist., Kaohsiung City 80045, Taiwan (R.O.C.)","","07-2518891","07-2314033","無","無"
"79055870","20020823","20020823","龍興廚具行","LONGXING CO.","屏東縣南州鄉仁里村仁里路三十號","NO. 30, RENLI RD., NANJOU SHIANG, PINGTUNG HSIEN, TAIWAN 926, R.O.C.","黃O龍","08-7337769","","有","有"
"79058201","19730131","20210814","仰益貿易有限公司","YANG I TRADING CO., LTD.","高雄市鹽埕區新興街85號","No. 85, Xinxing St., Yancheng Dist., Kaohsiung City 80347, Taiwan (R.O.C.)","薛O鵬","07-5215312","07-5215313","有","有"
"79058407","19790123","20210814","文明鋼筆股份有限公司","WEN MING FOUNTAIN PEN MFG. CO., LTD.","高雄市鹽埕區五福四路153號","No. 153, Wufu 4th Rd., Yancheng Dist., Kaohsiung City 80344, Taiwan (R.O.C.)","盧O秋芬","07-5218261","07-5218275","有","有"
"79078585","20231127","20231127","日久美食行","RIH JIOU,MEI-SHIH-SING Firm","臺北市北投區中和街297號1樓","1 F., No. 297, Zhonghe St., Beitou Dist., Taipei City 112011, Taiwan (R.O.C.)","陳O暄","0985963037","","有","有"
"79079043","20150806","20250322","永豐工業原料行","YUNG FUNG CHEMICAL INDUSTRY CO.","高雄市前金區七賢二路155號1樓","1 F., No. 155, Qixian 2nd Rd., Qianjin Dist., Kaohsiung City 801003, Taiwan (R.O.C.)","鄭O美枝","07-2867112","07-2864598","有","有"
"79080581","19860207","20231215","正利航業股份有限公司","CHENG LIE NAVIGATION CO., LTD.","臺北市中山區民生東路3段10號13樓","13 F., No. 10, Sec. 3, Minsheng E. Rd., Zhongshan Dist., Taipei City 104511, Taiwan (R.O.C.)","劉O民","02-23814770","02-23122706","有","有"
"79080626","19720401","20210813","亞菱貿易股份有限公司","YALLEN TRADING CO., LTD.","高雄市三民區建國三路407號3樓之1","3F.-1, No. 407, Jianguo 3rd Rd., Sanmin Dist., Kaohsiung City 80748, Taiwan (R.O.C.)","黃O堅","07-2413173","07-2313273","有","有"
"79081152","20101209","20210812","永隆五金行","YONG LONG HARDWARE COMPANY","高雄市鹽埕區江南里公園２路１６３號","No. 163, Gongyuan 2nd Rd., Jiangnan Vil., Yancheng Dist., Kaohsiung City 80343, Taiwan (R.O.C.)","黃O仁","07-5519171","07-5212812","有","有"
"79088107","19840112","20210811","永成鐵工廠","YUNG CHENG ENGINEERING WORKS","高雄市鹽埕區河濱里必信街２４號","No. 24, Bixin St., Hebin Vil., Yancheng Dist., Kaohsiung City 80344, Taiwan (R.O.C.)","蔡O溪","07-5513379","07-5330825","有","有"
"79096704","20100503","20210814","永春海洋企業股份有限公司","YUNG CHUN OCEANIC ENTERPRISE CO., LTD.","高雄市鹽埕區新樂街198之2號3樓","3 F., No. 198-2, Xinle St., Yancheng Dist., Kaohsiung City 80346, Taiwan (R.O.C.)","李O修","07-5512293","07-5510069","有","有"
"79104900","20151111","20210811","永進鐵工廠","YONG JIN IRON FACTORY","高雄市仁武區竹後里竹東路７８號１樓","1 F., No. 78, Zhudong Rd., Zhuhou Vil., Renwu Dist., Kaohsiung City 81448, Taiwan (R.O.C.)","李O宗","07-3726332","07-3729654","有","有"
"79118192","19721211","20230429","光達貿易股份有限公司","KWANG DAH TRADING CO., LTD.","高雄市三民區民族一路235號3樓","3 F., No. 235, Minzu 1st Rd., Sanmin Dist., Kaohsiung City 807682, Taiwan (R.O.C.)","柯O斌","07-3822526","07-3821737","有","有"
"79118735","19840322","20210815","政君投資股份有限公司","KWANG YANG FISHERY CO., LTD.","高雄市前鎮區漁港東二路3號2樓221室","Rm. 221, 2 F., No. 3, Yugang E. 2nd Rd., Cianjhen Dist., Kaohsiung City 80672, Taiwan (R.O.C.)","柯O琳","02-28217117","","有","有"
"79118947","20231116","20231116","銳朱工作室","RAY CHU STUDIO","彰化縣彰化市崙平里中華西路371號10樓之2","10 F.-2, No. 371, Zhonghua W. Rd., Lunping Vil., Changhua City, Changhua County 500023, Taiwan (R.O.C.)","朱O諺","0964005397","","有","有"
"79119122","19880519","20210812","光陽吉鐵工有限公司","KWANG-YOUN-GI ENGINEERING CO., LTD.","高雄市鼓山區鼓波街18號","No. 18, Gupo St., Gushan Dist., Kaohsiung City 80442, Taiwan (R.O.C.)","歐O耀","07-5514651","07-5619711","有","有"
"79120922","20200928","20231005","木口人二商行","Js xin ren workshop","臺北市中山區明水路672巷27號2樓之6","2 F.-6, No. 27, Ln. 672, Mingshui Rd., Zhongshan Dist., Taipei City 104051, Taiwan (R.O.C.)","黃O盛","02-27138160","","無","無"
"79132700","19721128","20230215","旭東貿易有限公司","HSU TUNG TRADING CO., LTD.","高雄市前金區七賢二路260號1樓","1 F., No. 260, Qixian 2nd Rd., Qianjin Dist., Kaohsiung City 801003, Taiwan (R.O.C.)","郭O宏","07-2716111","","有","有"
"79138401","19721115","20241128","合記化學股份有限公司","HOU CHI CHEMICAL CO., LTD.","臺北市士林區中山北路5段530號7樓","7 F., No. 530, Sec. 5, Zhongshan N. Rd., Shilin Dist., Taipei City 111005, Taiwan (R.O.C.)","劉O茂","02-23328001","02-23054020","有","有"
"79145705","19830623","20210812","光隆漁業股份有限公司","KWANG LUNG FISHERY CO., LTD.","高雄市鼓山區麗雄街29號2樓","2 F., No. 29, Lixiong St., Gushan Dist., Kaohsiung City 80442, Taiwan (R.O.C.)","呂O帆","02-25612358","","有","有"
"79149603","19760218","20230223","先寧股份有限公司","SHIANLIN COMPANY LIMITED","高雄市苓雅區建國一路90號7樓","7 F., No. 90, Jianguo 1st Rd., Lingya Dist., Kaohsiung City 802340, Taiwan (R.O.C.)","陳O紘","07-7517159","","有","有"
"79154909","20091015","20210811","宏一電機行","HUNG I MARINE RADIO CO.","高雄市三民區裕民里中和街２０３號１樓","1 F., No. 203, Zhonghe St., Yumin Vil., Sanmin Dist., Kaohsiung City 80747, Taiwan (R.O.C.)","林O慧","07-3216771","07-3216770","有","有"
"79155148","20081222","20221129","宏大行股份有限公司","HONG TAH MARINE SERVICE & ENGINEERING CO., LTD.","高雄市苓雅區中正二路56巷26號1樓","1 F., No. 26, Ln. 56, Zhongzheng 2nd Rd., Lingya Dist., Kaohsiung City 802015, Taiwan (R.O.C.)","張O雲","07-2238931","07-2229149","有","有"
"79155436","20200814","20250529","實作貿易商行","Realwork Sourcing Company","臺北市士林區中山北路7段114巷60弄22號3樓","3 F., No. 22, Aly. 60, Ln. 114, Sec. 7, Zhongshan N. Rd., Shilin Dist., Taipei City 111029, Taiwan (R.O.C.)","王O裕","02-26277887","","有","有"
"79155549","19741220","20230208","宏安鐵工廠股份有限公司","HONG AN IRON WORKS CO., LTD.","高雄市鼓山區臨海一路61之2號","No. 61-2, Linhai 1st Rd., Gushan Dist., Kaohsiung City 804001, Taiwan (R.O.C.)","洪O成","02-27010111-4","","有","有"
"79155576","20200714","20210811","潤澤驛品商行","Runze Post Industrial Co.","臺北市中山區錦州街46號9樓之5","9F.-5, No. 46, Jinzhou St., Zhongshan Dist., Taipei City 10451, Taiwan (R.O.C.)","耿O桐","0905288555","","有","有"
"79155674","20200717","20210811","成榛實業社","Ray Plus Industrial Co.","臺北市松山區民權東路3段144號9樓之5","9F.-5, No. 144, Sec. 3, Minquan E. Rd., Songshan Dist., Taipei City 10542, Taiwan (R.O.C.)","徐O榛","0919949477","","有","有"
"79162106","20201021","20210811","豐楓商行","Fengfengtea firm","臺北市士林區德行東路174號1樓","1 F., No. 174, Dexing E. Rd., Shilin Dist., Taipei City 11146, Taiwan (R.O.C.)","陳O杰","02-88661170","","無","無"
"79169706","20200715","20210811","卡柏國際企業","KARBO International Company","臺北市文山區政大二街131號5樓","5 F., No. 131, Zhengda 2nd St., Wenshan Dist., Taipei City 11656, Taiwan (R.O.C.)","張O宇","02-29392590","","有","有"
"79172809","19721208","20210815","七健貿易股份有限公司","CHI CHIEN TRADING CO., LTD.","高雄市鹽埕區七賢三路89號2樓","2 F., No. 89, Qixian 3rd Rd., Yancheng Dist., Kaohsiung City 80341, Taiwan (R.O.C.)","黃O洲","07-5516167","07-5323845","有","有"
"79189111","19750205","20210813","東昇手套工業股份有限公司","TONG SHIUNG PLASTICS INDUSTRY CO., LTD.","高雄市鼓山區鼓山3路116之2號","No. 116-2, Gushan 3rd Rd., Gushan Dist., Kaohsiung City 80447, Taiwan (R.O.C.)","林O桂","07-5815111-3","07-5851303","有","有"
"79189359","20190115","20210811","長城船務報關行","CHANG CHENG CUSTOMS BROKER CO.","高雄市鹽埕區必信街９５號","No. 95, Bixin St., Yancheng Dist., Kaohsiung City 80344, Taiwan (R.O.C.)","林O波","07-5313631","","有","有"
"79190118","19750826","20230113","昌興塑膠廠股份有限公司","CHANG SHING PLASTICS CORPORATION","高雄市大寮區華興巷1號","No. 1, Huaxing Ln., Daliao Dist., Kaohsiung City 831121, Taiwan (R.O.C.)","張O基","07-7813592","","無","無"
"79190665","19830303","20221025","明冠造機企業股份有限公司","MING KUAN MACHINERY MANUFACTURING ENTERPRISE CO., LTD.","高雄市楠梓區加昌路635號","No. 635, Jiachang Rd., Nanzi Dist., Kaohsiung City 811009, Taiwan (R.O.C.)","李O宗","07-3617112","07-363-2905","有","有"
"79191221","20230915","20230915","新金鼎船舶有限公司","NEW JINDING SHIP CO., LTD.","高雄市前鎮區新生路9巷28號1樓","1 F., No. 28, Ln. 9, Xinsheng Rd., Qianzhen Dist., Kaohsiung City 806042, Taiwan (R.O.C.)","程O榕","07-8150268","","有","有"
"79191849","19970628","20221222","協信漁業股份有限公司","SHYE SHIN FISHERY CO., LTD.","高雄市前鎮區漁港東二路3號2樓213室","Rm. 213, 2 F., No. 3, Yugang E. 2nd Rd., Qianzhen Dist.,  Kaohsiung City 806617, Taiwan (R.O.C.)","莊O賢","07-8124486-8","07-8222547","有","有"
"79192185","19700301","20220611","佳大貿易股份有限公司","CHIA DAH TRADING CO., LTD.","高雄市鹽埕區大安街158號","No. 158, Da’an St., Yancheng Dist., Kaohsiung City 80346, Taiwan (R.O.C.)","蕭O翔","02-25217217","","有","有"
"79193332","19920428","20220809","忠興行股份有限公司","CASHIHOR ENTERPRISE CO., LTD.","高雄市大寮區建業路9之6號","No. 9-6, Jianye Rd., Daliao Dist., Kaohsiung City 83164, Taiwan (R.O.C.)","黃O峯","07-7886125","07-7876846","有","有"
"79194698","19991210","20210814","東椿木業股份有限公司","TONG CHUEN LUMBER & WOOD MFG. CO., LTD.","高雄市鳳山區五福二路36號2樓","2 F., No. 36, Wufu 2nd Rd., Fengshan Dist., Kaohsiung City 83087, Taiwan (R.O.C.)","洪O英","07-8225891","07-8123419","有","有"
"79196605","20060626","20210811","協正興鐵工廠","XIE ZHENG XING IRON WORKS","高雄市前鎮區草衙里豐漁２路１１之１號","No. 11-1, Fengyu 2nd Rd., Caoya Vil., Cianjhen Dist., Kaohsiung City 80672, Taiwan (R.O.C.)","吳O忠","07-8211226","","有","有"
"79212703","20200717","20221007","昇旺企業社","SENG WANG COMPANY","新北市新莊區五工五路2號之1(1樓)","1 F., No. 2-1, Wugong 5th Rd., Xinzhuang Dist., New Taipei City 248020, Taiwan (R.O.C.)","黃O瑋","0912-439447","","有","有"
"79225806","20050112","20230707","金美芳銀樓","JIN MAY FAN JEWELRY STORE","高雄市鹽埕區大仁路59號1樓","1F., No. 59, Daren Rd., Yancheng Dist.,  Kaohsiung City 803008, Taiwan (R.O.C.)","葉O蓉","07-5215695","07-5214816","有","有"
"79254105","20070413","20220302","新發航運股份有限公司","SHIN FA MARINE CO., LTD.","臺東縣臺東市中正里光明路19號","No. 19, Guangming Rd., Zhongzheng Vil., Taitung City, Taitung County 95046, Taiwan (R.O.C.)","尤O珍","089-351931","089-281596","有","有"
"79254702","19750612","20221111","協勝發鋼鐵廠股份有限公司","SHYEH SHENG FUAT STEEL & IRON WORKS CO., LTD.","高雄市鹽埕區建國四路175號","No. 175, Jianguo 4th Rd., Yancheng Dist., Kaohsiung City 803006, Taiwan (R.O.C.)","黃O璋","07-5515192","07-5510124","有","有"
"79259707","19750116","20241112","朝陽木業股份有限公司","SUNRISE PLYWOOD CORPORATION","高雄市小港區光陽街6之1號","No. 6-1, Guangyang St., Xiaogang Dist., Kaohsiung City 81257, Taiwan (R.O.C.)","","07-8020928","07-8020916","無","無"
"79264201","19721123","20210814","明成貿易有限公司","MING CHENG TRADING CO., LTD.","高雄市鼓山區鼓山一路97號2樓","2 F., No. 97, Gushan 1st Rd., Gushan Dist., Kaohsiung City 80444, Taiwan (R.O.C.)","佘O明","07-5512856","","有","有"
"79275903","19771026","20221217","協豐海產有限公司","HSIEH FENG MARINE PRODUCTS CO., LTD.","高雄市鹽埕區鹽埕街40巷16號","No. 16, Ln. 40, Yancheng St., Yancheng Dist., Kaohsiung City 803008, Taiwan (R.O.C.)","薛O民","07-5513365","","有","有"
"79277867","20200729","20210812","布啾的工作室","Bujono Studio","臺北市信義區中坡南路24號2樓","2 F., No. 24, Zhongpo S. Rd., Xinyi Dist., Taipei City 11077, Taiwan (R.O.C.)","林O安","02-27263006","","有","有"
"79277888","20201117","20210811","彥泓商行","Yam hong firm","臺北市大同區長安西路129號","No. 129, Chang’an W. Rd., Datong Dist., Taipei City 10355, Taiwan (R.O.C.)","徐O御","02-255828729","","有","有"
"79278606","19781124","20230830","信大貿易股份有限公司","SHIN TA TRADING CO., LTD.","高雄市新興區中正三路113號1樓","1 F., No. 113, Zhongzheng 3rd Rd., Xinxing Dist., Kaohsiung City 80054, Taiwan (R.O.C.)","邱O麒","07-561-0121","07-521-0346","有","有"
"79280321","19780904","20230818","南勝商業股份有限公司","SPACIFIC COMMERCIAL CORPORATION","高雄市鼓山區美術南五街52號1樓","1 F., No. 52, Meishu S. 5th St., Gushan Dist., Kaohsiung City 80460, Taiwan (R.O.C.)","黃O珊","07-5226688","07-5553577","有","有"
"79316003","19830824","20221028","信隆漁業股份有限公司","SHIN LUNG FISHERY CO., LTD.","高雄市新興區民生一路296號3樓之2","3 F.-2, No. 296, Minsheng 1st Rd., Xinxing Dist., Kaohsiung City 800006, Taiwan (R.O.C.)","柯O淮","07-2116579","07-2152578","有","有"
"79316904","19940416","20210814","南隆冷凍製冰廠股份有限公司","NAN LONG FROZEN SEAFOOD & ICE FACTORY CO., LTD.","高雄市鼓山區濱海一路57巷3弄36號","No. 36, Aly. 3, Ln. 57, Binhai 1st Rd., Gushan Dist., Kaohsiung City 80443, Taiwan (R.O.C.)","顏O純","07-8122315","07-8221372","有","有"
"79326207","20010322","20210811","建興鐵工廠","CHIEN-HSING IRON WORKS","高雄市鳳山區鳳學路３６巷１號１樓","1 F., No. 1, Ln. 36, Fengxue Rd., Fengshan Dist., Kaohsiung City 83042, Taiwan (R.O.C.)","鄧O元","07-5712109","07-5711504","有","有"
"79328704","19790627","20221111","建豐企業股份有限公司","JIANN FENG ENTERPRISES CO., LTD.","高雄市前鎮區建基街7號","No. 7, Jianji St., Qianzhen Dist., Kaohsiung City 806011, Taiwan (R.O.C.)","蔡O延","07-8215148","07-8115192","有","有"
"79330146","19840221","20210815","高鳳國際物流股份有限公司","KAOFENG INTERNATIONAL LOGISTICS CO., LTD.","高雄市前鎮區草衙二路3號","No. 3, Caoya 2nd Rd., Cianjhen Dist., Kaohsiung City 80668, Taiwan (R.O.C.)","王O彥","07-8215161","07-8212231","有","有"
"79330286","20050225","20230706","益菖五金行","EE CHANNG BUSINESS CO.","高雄市鹽埕區大智路37之1號","No. 37-1, Dazhi Rd., Yancheng Dist., Kaohsiung City 803008, Taiwan (R.O.C.)","蔡O輝","07-5615636","07-5311999","無","無"
"79331671","20200729","20220620","美杰創意影像工作室","MERCY CREATIVES PRODUCTION STUDIO","臺北市大安區光復南路458號14樓之1","14 F.-1, No. 458, Guangfu S. Rd., Da'an Dist., Taipei City 106068, Taiwan (R.O.C.)","鄭O人","0966732737","","有","有"
"79331927","20050830","20210814","泰盛交通企業股份有限公司","TEI SHENG TRANSPORTATION BUSINESS INC.","高雄市前鎮區三多三路159號7樓之1","7F.-1, No. 159, Sanduo 3rd Rd., Cianjhen Dist., Kaohsiung City 80655, Taiwan (R.O.C.)","曾O松","07-3315683","07-3331680","有","有"
"79332448","20170808","20210811","高雄塑膠廠","KAOHSIUNG PLASTIC FACTORY","高雄市三民區灣興里灣興街５０巷２９號","No. 29, Ln. 50, Wanxing St., Wanxing Vil., Sanmin Dist., Kaohsiung City 80794, Taiwan (R.O.C.)","施O林","07-3849878","07-3830289","有","有"
"79332453","19951211","20210814","豐寶造船股份有限公司","FONG BAO SHIPBUILDING CO., LTD.","高雄市前鎮區漁港東二路3號4樓","4 F., No. 3, Yugang E. 2nd Rd., Cianjhen Dist., Kaohsiung City 80672, Taiwan (R.O.C.)","蔡O璋","07-5712566","07-8311873","有","有"
"79333729","19901115","20210815","高雄藝品舘有限公司","KAOHSIUNG HANDICRAFT CO., LTD.","高雄市前金區大同二路147號1樓","1 F., No. 147, Datong 2nd Rd., Qianjin Dist., Kaohsiung City 80143, Taiwan (R.O.C.)","鍾O榮","07-2813168","07-2310551","有","有"
"79333930","20110517","20221006","高仁有限公司","KAO REN CO.","高雄市小港區小港路57號","No. 57, Xiaogang Rd., Xiaogang Dist., Kaohsiung City 812006, Taiwan (R.O.C.)","簡O為","801-0515","","有","有"
"79335108","19620801","20210813","哲生貿易有限公司","CHE SHENG TRADING CO., LTD.","高雄市鼓山區鼓山一路53之16號","No. 53-16, Gushan 1st Rd., Gushan Dist., Kaohsiung City 80444, Taiwan (R.O.C.)","許O霖","07-5511821","","有","有"
"79347408","20160815","20210811","泰美縫衣機行","TAI MEI SEWING MACHINE CO.","高雄市前金區復元里中華３路６７之１號","No. 67-1, Zhonghua 3rd Rd., Fuyuan Vil., Qianjin Dist., Kaohsiung City 80145, Taiwan (R.O.C.)","張O昌","07-2116607","07-2711200","有","有"
"79352801","19751128","20210814","晉祥貿易股份有限公司","CHEN SHANG TRADING CO., LTD.","高雄市前金區巿中一路232號2樓之1","2F.-1, No. 232, Shizhong 1st Rd., Qianjin Dist., Kaohsiung City 80148, Taiwan (R.O.C.)","孫O弘","07-2410088","07-2411616","有","有"
"79358100","20170720","20210812","海發造船廠","HAB FA SHIP-BUILDING FACTORY","高雄市旗津區上竹巷７９號","No. 79, Shangzhu Ln., Qijin Dist., Kaohsiung City 80545, Taiwan (R.O.C.)","麥O鴻","07-8119883","07-8216698","有","有"
"79363201","19900813","20210812","高雄碼頭裝卸股份有限公司","KAOHSIUNG WHARF TRANSPORTATION CO., LTD.","高雄市苓雅區海邊路46號3樓之3","3F.-3, No. 46, Haibian Rd., Lingya Dist., Kaohsiung City 80248, Taiwan (R.O.C.)","張O綾","07-5515241-5","07-5510117","有","有"
"79376000","20200805","20210811","毅飛企業社","Woofy Woofy Co.","臺北市南港區東新街80巷10弄6號1樓","1 F., No. 6, Aly. 10, Ln. 80, Dongxin St., Nangang Dist., Taipei City 11569, Taiwan (R.O.C.)","胡O錠","","","有","有"
"79377417","19830704","20210813","國勇企業股份有限公司","GWO YEONG ENTERPRISE CO., LTD.","高雄市前金區文武三街93巷4號","No. 4, Ln. 93, Wenwu 3rd St., Qianjin Dist., Kaohsiung City 80146, Taiwan (R.O.C.)","陳O元","07-2821177","","有","有"
"79378576","20110324","20210813","淡江興業有限公司","TAMKANG CO., LTD.","高雄市苓雅區普天里光華一路95號","No. 95, Guanghua 1st Rd., Putian Vil., Lingya Dist., Kaohsiung City 80253, Taiwan (R.O.C.)","蔡O吉","073317371","073322598","無","無"
"79378648","19781005","20211206","台灣惜時有限公司","SEEDS (TAIWAN) CO., LTD.","新北市新店區福園街12巷6號1樓","1F., NO. 6, LN. 12, FUYUAN ST., XINDIAN DIST., NEW TAIPEI CITY 23149, TAIWAN (R.O.C.)","邊O婷","02-8666-2651","02-8666-6522","有","有"
"79378963","19960306","20230302","創陽營造工程股份有限公司","KINDNESS ENGINEERING CO., LTD.","高雄市三民區民業路43巷12號1樓","1 F., No. 12, Ln. 43, Minye Rd., Sanmin Dist., Kaohsiung City 807030, Taiwan (R.O.C.)","陳O靜","07-7022422","","無","無"
"79378984","20210205","20240711","啡暘商行","ONE OK COFFEE STUDIO","臺北市中山區遼寧街135號1樓","1 F., No. 135, Liaoning St., Zhongshan Dist., Taipei City 10487, Taiwan (R.O.C.)","張O文","(02)25460530","","有","有"
"79379127","20200807","20230302","楊㤚設計工作室","Metamorph Design Studio","臺北市萬華區漢口街2段90巷8弄11號1樓","1 F., No. 11, Aly. 8, Ln. 90, Sec. 2, Hankou St., Wanhua Dist., Taipei City 10842, Taiwan (R.O.C.)","楊O茹","02-23813574","","有","有"
"79379148","19760210","20230713","國達鋼鐵企業股份有限公司","KUO DAR STEEL ENTERPRISE CO., LTD.","高雄市三民區建武路34巷2號5樓","5 F., No. 2, Ln. 34, Jianwu Rd., Sanmin Dist., Kaohsiung City 807052, Taiwan (R.O.C.)","林O璋","07-8021255","07-8016803","無","無"
"79381209","19781129","20210812","南俠企業有限公司","NAN SHYA MERCHANDISE CO., LTD.","高雄市大寮區潮寮里華東路7號","No. 7, Huadong Rd., Chaoliao Vil., Daliao Dist., Kaohsiung City 83162, Taiwan (R.O.C.)","王O雄","02-27871105","","有","有"
"79390002","20250409","20250409","章南號","Zhang Nan Hao Company","高雄市旗津區中洲三路406號","No. 406, Zhongzhou 3rd Rd., Qijin Dist., Kaohsiung City 805003, Taiwan (R.O.C.)","洪O蘭","07-5712066","","有","有"
"79391706","19920421","20210814","御香企業股份有限公司","YU HSIUANG ENT. CO., LTD.","高雄市鼓山區鼓波街42之1號","No. 42-1, Gupo St., Gushan Dist., Kaohsiung City 80442, Taiwan (R.O.C.)","陳O","07-5512789","07-5215315","有","有"
"79392402","20181205","20210812","添益行","TIAN YIH SHIP SUPPLIER CO.","高雄市苓雅區五福里福德２路２２５號１樓","1 F., No. 225, Fude 2nd Rd., Wufu Vil., Lingya Dist., Kaohsiung City 80282, Taiwan (R.O.C.)","涂O宗","07-7171638","","有","有"
"79403111","20201110","20240321","翔饗日式料理店","Show ryotei Restaurant","臺北市中山區天祥路61巷10號1樓","1 F., No. 10, Ln. 61, Tianxiang Rd., Zhongshan Dist., Taipei City 10452, Taiwan (R.O.C.)","彭O翔","0982988889","047373796","有","有"
"79409305","19730321","20221016","捷興有限公司","CHIE HSING CO., LTD.","高雄市鼓山區捷興二街19號","No. 19, Jiexing 2nd St., Gushan Dist., Kaohsiung City 804003, Taiwan (R.O.C.)","池O萱","02-25611257","","無","無"
"79411082","20211001","20211001","探極優工作坊","Tanji trading studio","臺北市信義區光復南路505號6樓之11","6F.-11, NO. 505, GUANGFU S. RD., XINYI DIST., TAIPEI CITY 110007, TAIWAN (R.O.C.)","孫O靜","02-23450473","02-27235605","無","無"
"79412435","19821109","20210814","華鏞機械工業股份有限公司","HUA YONG MACHINE INDUSTRY CO., LTD.","高雄市鳳山區鳳仁路95號","No. 95, Fengren Rd., Fengshan Dist., Kaohsiung City 83053, Taiwan (R.O.C.)","夏O崐","07-8125710","07-8318728","有","有"
"79413048","19721211","20221125","富貿企業股份有限公司","FULL MORE ENTERPRISE CO., LTD.","高雄市鹽埕區五福四路128之29號","No. 128-29, Wufu 4th Rd., Yancheng Dist., Kaohsiung City 803004, Taiwan (R.O.C.)","林O美華","07-3713372","07-3720675","有","有"
"79415123","20200813","20220315","康映整合行銷工作室","Come in Integrated Marketing Studio","桃園市龜山區樂善里樂善二路211號26樓","26 F., No. 211, Leshan Vil., Guishan Dist., Taoyuan City 333, Taiwan (R.O.C.)","王O舜","0905-861986","","有","有"
"79415361","20050301","20210811","順隆五金行","SUNG-LONG TRADING CO.","高雄市鹽埕區江南里公園二路１５７號","No. 157, Gongyuan 2nd Rd., Jiangnan Vil., Yancheng Dist., Kaohsiung City 80343, Taiwan (R.O.C.)","黃O斌","07-5217755","","有","有"
"79415616","19861229","20210814","渝盛實業股份有限公司","WENDSAR & CO., LTD.","高雄市新興區和平一路199號9樓之2","9F.-2, No. 199, Heping 1st Rd., Xinxing Dist., Kaohsiung City 80047, Taiwan (R.O.C.)","林O淑枝","07-2231185-7","07-2242235","有","有"
"79423307","20200806","20210811","安娜精品代購行","ANNA_select store","新北市中和區中山路2段332巷13號12樓","12 F., No. 13, Ln. 332, Sec. 2, Zhongshan Rd., Zhonghe Dist., New Taipei City 23557, Taiwan (R.O.C.)","張O涵","0963259736","","有","有"
"79443303","20021002","20210813","發通運輸報關股份有限公司","FAR TONG TRANSPORTATION & CUSTOMSBROKER CO., LTD.","高雄市苓雅區海邊路29號3樓之2","3F.-2, No. 29, Haibian Rd., Lingya Dist., Kaohsiung City 80248, Taiwan (R.O.C.)","薛O瑞","07-3338588","07-3336066","有","有"
"79443401","20220512","20221104","達思空中舞蹈工作室","Dazzling Pole Studio","臺北市中山區撫順街16號1樓","1 F., No. 16, Fushun St., Zhongshan Dist., Taipei City 104026, Taiwan (R.O.C.)","吳O瑩","02-2599-7397","","有","有"
"79458109","20130627","20210811","華誠行","HWA CHENG HANG CO.","高雄市鹽埕區建國４路６５號１樓","1 F., No. 65, Jianguo 4th Rd., Yancheng Dist., Kaohsiung City 80346, Taiwan (R.O.C.)","楊O興","07-5212800","07-5511284","有","有"
"79460007","19760303","20221130","華榮電線電纜股份有限公司","HUA ENG WIRE & CABLE CO., LTD.","高雄市前金區中正四路170號","No. 170, Zhongzheng 4th Rd., Qianjin Dist., Kaohsiung City 801611, Taiwan (R.O.C.)","王O仁","07-2814161","","有","有"
"79469605","19870629","20210814","喬豐行股份有限公司","CHIAO FONG HANG CO., LTD.","高雄市大寮區萬丹路405號","No. 405, Wandan Rd., Daliao Dist., Kaohsiung City 83167, Taiwan (R.O.C.)","陳O峯","07-7517283","","有","有"
"79470737","19980929","20210815","裕元電子工業股份有限公司","YUH YUAN ELECTRONIC INDUSTRY CO., LTD.","高雄市鼓山區登山街94號","No. 94, Dengshan St., Gushan Dist., Kaohsiung City 80442, Taiwan (R.O.C.)","林O丘","07-5517888","07-5510583","有","有"
"79471778","19770607","20210814","舜地貿易有限公司","SHUN TEI TRADING CO., LTD.","高雄市三民區十全一路233號","No. 233, Shiquan 1st Rd., Sanmin Dist., Kaohsiung City 80752, Taiwan (R.O.C.)","柯O仁","07-3223737","","有","有"
"79472257","19741211","20210814","新亞合板股份有限公司","PAN ASIA PLYWOOD CORPORATION","高雄市鼓山區中華一路2210號","No. 2210, Zhonghua 1st Rd., Gushan Dist., Kaohsiung City 80457, Taiwan (R.O.C.)","林O智","07-5549181-4","07-5546105","有","有"
"79474142","20200925","20220304","王善商行","hbjkitchen company","臺北市中山區龍江路21巷18號1樓","1 F., No. 18, Ln. 21, Longjiang Rd., Zhongshan Dist., Taipei City 10492, Taiwan (R.O.C.)","徐O豪","02-27413646","","有","有"
"79475058","19910126","20210813","新協盛工業有限公司","HSIN HSIEN SHEN INDUSTRIAL CO., LTD.","高雄市前金區自強一路173巷7號","No. 7, Ln. 173, Ziqiang 1st Rd., Qianjin Dist., Kaohsiung City 80145, Taiwan (R.O.C.)","陳O戀","07-2216149","","有","有"
"79477106","19950826","20210811","義生工程處","YIH SHENG ENGINEERING SHOP","高雄市前鎮區中山２路５５巷１６之２號","No. 16-2, Ln. 55, Zhongshan 2nd Rd., Cianjhen Dist., Kaohsiung City 80661, Taiwan (R.O.C.)","夏O明","07-5519866","07-5315001","有","有"
"79491206","20200806","20210811","台德顧問服務企業社","TAIGER Consulting Assistance & Services Company","臺北市大安區和平東路2段177號9樓","9 F., No. 177, Sec. 2, Heping E. Rd., Da’an Dist., Taipei City 10664, Taiwan (R.O.C.)","張O媛","02-23253256#15","02-23252065","有","有"
"79496700","19721204","20240109","義昌貿易有限公司","I CHANG TRADING CO., LTD.","高雄市鼓山區河川街66號","No. 66, Hechuan St., Gushan Dist., Kaohsiung City 804008, Taiwan (R.O.C.)","黃O綸","07-5311177","07-5317688","有","有"
"79497200","19920622","20210812","新協成漁具工廠","HSIN HSIEN CHENG FISHING IMPLEMENT FACTORY CO.","高雄市前鎮區明孝里漁港東２路５８巷２５號","No. 25, Ln. 58, Yugang E. 2nd Rd., Mingxiao Vil., Cianjhen Dist., Kaohsiung City 80672, Taiwan (R.O.C.)","葉O陽","07-8211531","07-8219861","有","有"
"79497308","20101115","20210812","新長安船具五金行","SHING-CHANG-ANN MARINE HARDWARE COMPANY","高雄市三民區中華二路２１６號１４樓","14 F., No. 216, Zhonghua 2nd Rd., Sanmin Dist., Kaohsiung City 80752, Taiwan (R.O.C.)","黃O融","07-8318677","07-8159117","有","有"
"79500768","20230313","20230313","生活玩家工作室","Life Player Studio","臺北市信義區信義路5段109號地下1樓","1 F., No. 109, Sec. 5, Xinyi Rd., Xinyi Dist., Taipei City 110029, Taiwan (R.O.C.)","阮O健","02-23660558","","有","有"
"79508001","19780920","20221216","詹益昌行","CHENG YIH CHANG HONG.","高雄市鼓山區鼓山１路９９之２號２樓","2 F., No. 99-2, Gushan 1st Rd., Gushan Dist., Kaohsiung City 804005, Taiwan (R.O.C.)","詹O昌","07-5211397","07-5328897","有","有"
"79527703","19890316","20210814","新雄風電業有限公司","UNIMAX ELECTRIC CO., LTD.","高雄市鹽埕區河西路7號6樓之1","6F.-1, No. 7, Hexi Rd., Yancheng Dist., Kaohsiung City 80341, Taiwan (R.O.C.)","林O良","07-8159775","07-8152156","有","有"
"79536506","20200817","20230522","零壹媒體工作室","Co01 studio","臺北市萬華區和平西路3段382巷10號2樓","2 F., No. 10, Ln. 382, Sec. 3, Heping W. Rd., Wanhua Dist., Taipei City 108022, Taiwan (R.O.C.)","宋O恩","0925721228","","有","有"
"79539503","20090715","20210811","源興行","YUANSING FISHING TOOLS CO.","高雄市鼓山區鼓南街１２號２樓","2 F., No. 12, Gunan St., Gushan Dist., Kaohsiung City 80443, Taiwan (R.O.C.)","蕭O雄","07-5313569","07-5314258","有","有"
"79543416","19781221","20230616","新聯興貿易有限公司","HSIN LIEN HSING TRADING CO., LTD.","高雄市鹽埕區七賢三路165號1樓","1 F., No. 165, Qixian 3rd Rd., Yancheng Dist., Kaohsiung City 803001, Taiwan (R.O.C.)","劉O昇","07-5513143-5","","無","無"
"79546906","19721116","20210820","源豐貿易股份有限公司","YUEN FUNG TRADING CO., LTD.","高雄市鹽埕區建國4路152號","No. 152, Jianguo 4th Rd., Yancheng Dist., Kaohsiung City 80346, Taiwan (R.O.C.)","王O智律師","07-5510398","07-5315234","有","有"
"79549988","19721215","20210814","榮瓏企業有限公司","YONG LONG ENTERPRISE CO., LTD.","高雄市前金區七賢二路398號4樓之4","4F.-4, No. 398, Qixian 2nd Rd., Qianjin Dist., Kaohsiung City 80143, Taiwan (R.O.C.)","蔡O源","07-2515188","07-2116229","有","有"
"79551288","19940106","20210813","福村行企業有限公司","FU TSUN HANG ENTERPRISE CO., LTD.","高雄市苓雅區三多三路102號","No. 102, Sanduo 3rd Rd., Lingya Dist., Kaohsiung City 80241, Taiwan (R.O.C.)","周O隆","07-7878881","07-7876661","有","有"
"79552688","19940425","20210812","榮惠貿易股份有限公司","ENG HUI TRADING CO., LTD.","高雄市鼓山區捷興二街39號","No. 39, Jiexing 2nd St., Gushan Dist., Kaohsiung City 80441, Taiwan (R.O.C.)","王O北","07-5615078","07-5511779","無","無"
"79555405","19950612","20210815","台吉化工股份有限公司","TIGE CHEM. IND. CO., LTD.","高雄市鼓山區鼓山一路77號","No. 77, Gushan 1st Rd., Gushan Dist., Kaohsiung City 80444, Taiwan (R.O.C.)","蘇O祥","07-5210080","07-5514408","有","有"
"79557706","20000731","20230607","輝芳行","HUI FANG RICE CO.","高雄市鳳山區文龍東路99巷7號","No. 7, Ln. 99, Wenlong E. Rd., Fengshan Dist., Kaohsiung City 830001, Taiwan (R.O.C.)","鄭O政","07-2259090","07-2258986","有","有"
"79562503","19951121","20210812","榮泉汽水工廠","RONG CHYUAN SODA WATER FACTORY","高雄市三民區鳳北里中華３路３２２號","No. 322, Zhonghua 3rd Rd., Fengbei Vil., Sanmin Dist., Kaohsiung City 80748, Taiwan (R.O.C.)","薛O輝","07-2858101","07-2858103","有","有"
"79563307","20201123","20210812","冠南建材行","SOUTH FIRST ENTERPRISE CO.","臺北市中正區衡陽路10號12樓","12 F., No. 10, Hengyang Rd., Zhongzheng Dist., Taipei City 10045, Taiwan (R.O.C.)","陳O明","0982868555","","有","有"
"79582402","20201030","20210812","梅森國際珠寶工作室","MASON JV WORLDWIDE CO.","臺北市信義區基隆路2段81之1號12樓","12 F., No. 81-1, Sec. 2, Keelung Rd., Xinyi Dist., Taipei City 11052, Taiwan (R.O.C.)","許O信","0925589898","","有","有"
"79595201","20200914","20210812","詠友商行","Yongyou Firm","臺北市大同區酒泉街100號1樓","1 F., No. 100, Jiuquan St., Datong Dist., Taipei City 10370, Taiwan (R.O.C.)","鄭O予","02-25980130","","無","無"
"79598404","20230406","20230406","崎繪文坊企業社","Galaxy Stationery Co.","臺北市中山區新生北路2段31之1號11樓之6","11 F.-6, No. 31-1, Sec. 2, Xinsheng N. Rd., Zhongshan Dist., Taipei City 104489, Taiwan (R.O.C.)","楊O銓","0955235308","","有","有"
"79610505","20200819","20230602","霓醍工作室","Nitti Studio Co.","臺北市內湖區陽光街321巷26號6樓之13","6 F.-13, No. 26, Ln. 321, Yangguang St., Neihu Dist., Taipei City 114711, Taiwan (R.O.C.)","高O妍","02-27601950","","無","無"
"79616607","19961008","20230706","臺通股份有限公司","TAI-TONG TRANSPORTATION & TRADING CO., LTD.","高雄市鼓山區捷興一街4號","No. 4, Jiexing 1st St., Gushan Dist., Kaohsiung City 804003, Taiwan (R.O.C.)","黃O麗蓉","07-5513260","07-5518965","有","有"
"79624304","19790418","20210815","榮達企業股份有限公司","RAYDAR ENTERPRISE CO., LTD.","高雄市左營區文天路133號8樓","8 F., No. 133, Wentian Rd., Zuoying Dist., Kaohsiung City 81361, Taiwan (R.O.C.)","戴O建","07-3514161","07-3514168","有","有"
"79635105","19960315","20210814","台灣津村順天堂股份有限公司","TAIWAN TSUMURA JUNTENDO, LTD.","臺北市中山區南京東路2段125號12樓之3","12F.-3, No. 125, Sec. 2, Nanjing E. Rd., Zhongshan Dist., Taipei City 10485, Taiwan (R.O.C.)","林O健","02-25082259","","有","有"
"79637080","19930223","20210813","誼福企業有限公司","YIU FWU ENTERPRISE CO., LTD.","高雄市苓雅區興中一路349號2樓","2 F., No. 349, Xingzhong 1st Rd., Lingya Dist., Kaohsiung City 80243, Taiwan (R.O.C.)","張O孟","07-3333185-9","07-3341165","有","有"
"79637194","20180911","20210813","慶三堂印刷廠有限公司","Chang.Sang.Tang printing CO., LTD.","高雄市鹽埕區莒光街57號","No. 57, Juguang St., Yancheng Dist., Kaohsiung City 80344, Taiwan (R.O.C.)","王O武","07-3322709","073328290","有","有"
"79643604","20200827","20220706","宏凱琦企業社","HKC MARINE CO.","基隆市安樂區麥金路12號9樓","9 F., No. 12, Maijin Rd., Anle Dist., Keelung City 204013, Taiwan (R.O.C.)","陳O卿","0988-261023","","有","有"
"79661601","19881017","20210814","億賓貿易有限公司","YIEPINE TRADING CO., LTD.","高雄市鹽埕區五福四路286號","No. 286, Wufu 4th Rd., Yancheng Dist., Kaohsiung City 80344, Taiwan (R.O.C.)","陳O慶","07-551-1221","07-551-8765","有","有"
"79662714","19750116","20221216","德興隆企業股份有限公司","LITZ'S ENTERPRISE LTD.","高雄市新興區中正三路55號18樓之3","18 F.-3, No. 55, Zhongzheng 3rd Rd., Xinxing Dist., Kaohsiung City 800307, Taiwan (R.O.C.)","李O慶","07-582-4636","07-5824685","有","有"
"79665206","20000908","20230706","德豐碾米廠","DER FENG HULLING FACTORY","高雄市鹽埕區教仁里建國４路１３２號","No. 132, Jianguo 4th Rd., Jiaoren Vil., Yancheng Dist., Kaohsiung City 803006, Taiwan (R.O.C.)","許O文","07-5513767","07-5513543","無","無"
"79668301","19770108","20210815","興台實業股份有限公司","HSING'S INDUSTRIAL CORP.","高雄市梓官區赤崁北路186號1樓","1 F., No. 186, Chikan N. Rd., Ziguan Dist., Kaohsiung City 82644, Taiwan (R.O.C.)","簡O銘","07-6191415","07-6109607","有","有"
"79673108","19790507","20240620","錦祥產業股份有限公司","CHIN SHANG INDUSTRIAL CO., LTD.","高雄市苓雅區光華一路206號10樓之10","10 F.-10, No. 206, Guanghua 1st Rd., Lingya Dist., Kaohsiung City 802466, Taiwan (R.O.C.)","葉O吉","07-6515515","07-6515220","有","有"
"79678103","19610701","20210813","興豐貿易有限公司","SHING FUNG TRADING CO., LTD.","高雄市鹽埕區瀨南街190號","No. 190, Lainan St., Yancheng Dist., Kaohsiung City 80346, Taiwan (R.O.C.)","謝O盈","02-25218231-3","02-25512879","有","有"
"79679497","19771022","20240203","南廈木業股份有限公司","SOUTH HOUSE WOODS CORP.","高雄市前金區五福三路21號5樓之1","5 F.-1, No. 21, Wufu 3rd Rd., Qianjin Dist., Kaohsiung City 801005, Taiwan (R.O.C.)","陳O孝","08-7793102","08-7781208","有","有"
"79683909","20220707","20220708","怪獸藝術坊","MONSTER ART STUDIO","臺北市大安區大安路1段51巷46號1樓","1 F., No. 46, Ln. 51, Sec. 1, Da'an Rd., Da'an Dist., Taipei City 106071, Taiwan (R.O.C.)","黃O壽","02-27716065","","有","有"
"79688904","19880213","20230602","謙富電氣有限公司","CHIEN FU ELECTRIC CO., LTD.","高雄市鼓山區濱海1路29號","No. 29, Binhai 1st Rd., Gushan Dist., Kaohsiung City 804003, Taiwan (R.O.C.)","溫O敏","07-5217007","07-5219977","無","無"
"79692750","19741204","20210813","豐益五金有限公司","HONG I HARDWARE CO., LTD.","高雄市鹽埕區建國四路204號","No. 204, Jianguo 4th Rd., Yancheng Dist., Kaohsiung City 80347, Taiwan (R.O.C.)","黃O欽","07-5512273-5","07-5210335","有","有"
"79697707","19750116","20210812","豐國造船股份有限公司","FONG KUO SHIPBUILDING CO., LTD.","高雄市旗津區上竹里上竹巷73號","No. 73, Shangzhu Ln., Shangzhu Vil., Qijin Dist., Kaohsiung City 80545, Taiwan (R.O.C.)","陳O昭霞","07-5365639","07-5365893","有","有"
"79697805","19830709","20220928","豐國水產股份有限公司","FONG KUO FISHERY CO., LTD.","高雄市前鎮區漁港東二路3號4樓423室","Rm. 423, 4 F., No. 3, Yugang E. 2nd Rd., Qianzhen Dist.,  Kaohsiung City 806617, Taiwan (R.O.C.)","蔡O璋","07-8113140-2","07-8311873","有","有"
"79701505","20210226","20230618","美德羅工作室","MedLo CO.","臺北市大安區忠孝東路4段71之6號7樓","7 F., No. 71-6, Sec. 4, Zhongxiao E. Rd., Da’an Dist., Taipei City 106071, Taiwan (R.O.C.)","羅O禎","0983635810","","無","無"
"79800131","20201016","20210811","鶴城嬌商行","He Chen Ciao CO.","臺北市中正區信陽街18號1樓","1 F., No. 18, Xinyang St., Zhongzheng Dist., Taipei City 10047, Taiwan (R.O.C.)","楊O瑤","02-23711511","","有","有"
"79800322","20210825","20231102","鼎福源商號","Top Lucky Origin Co.","臺北市松山區八德路3段113號","No. 113, Sec. 3, Bade Rd., Songshan Dist., Taipei City 105038, Taiwan (R.O.C.)","高O","0905628625","","有","有"
"79801666","19880609","20210813","億尚精密工業股份有限公司","E-SUN PRECISION INDUSTRIAL CO., LTD.","高雄市鳳山區鎮北里鎮北北巷20之13號","No. 20-13, Zhenbei N. Ln., Zhenbei Vil., Fengshan Dist., Kaohsiung City 83041, Taiwan (R.O.C.)","廖O火","07-7314748","","有","有"
"79801856","20100722","20210814","高岳企業有限公司","KAO YUE ENTERPRISE CO., LTD.","高雄市前鎮區隆昌街16巷5號1樓","1 F., No. 5, Ln. 16, Longchang St., Cianjhen Dist., Kaohsiung City 80642, Taiwan (R.O.C.)","陳O仁","07-7713289","07-7155976","有","有"
"79801862","19791009","20210815","江傑商業有限公司","JANG JET COMMERCIAL CO., LTD.","高雄市前金區瑞源路35號3樓","3 F., No. 35, Ruiyuan Rd., Qianjin Dist., Kaohsiung City 80147, Taiwan (R.O.C.)","王O彬","07-2518902","07-2419661","有","有"
"79801883","20200902","20210811","豐利企業社","Good-Tex Company","臺北市松山區敦化北路118號5樓","5 F., No. 118, Dunhua N. Rd., Songshan Dist., Taipei City 10547, Taiwan (R.O.C.)","劉O芳","8976-1305#14","","有","有"
"79802497","20200923","20230419","良室商行","serendipity house studio","臺北市信義區基隆路1段141號11樓之6","11 F.-6, No. 141, Sec. 1, Keelung Rd., Xinyi Dist., Taipei City 110058, Taiwan (R.O.C.)","吳O興","02-25856030","","無","無"
"79802911","20211124","20211124","海碩行","HAI SHUO CO.","臺北市信義區虎林街30巷12弄15號1樓","1F., NO. 15, ALY. 12, LN. 30, HULIN ST., XINYI DIST., TAIPEI CITY 110046, TAIWAN (R.O.C.)","彭O升","02-27628021","","無","無"
"79803101","20210917","20230803","爆炸設計影像工作行","EPS design studio","臺北市萬華區洛陽街55號4樓之7","4F.-7, NO. 55, LUOYANG ST., WANHUA DIST., TAIPEI CITY 108001, TAIWAN (R.O.C.)","呂O銘","03-5958986","","有","有"
"79803550","20211116","20230216","天靖商行","Tian Jing life company","臺北市大同區重慶北路1段9巷6號3樓","3 F., No. 6, Ln. 9, Sec. 1, Chongqing N. Rd., Datong Dist., Taipei City 103015, Taiwan (R.O.C.)","詹O屏","02-28881348","","無","無"
"79804170","20020920","20210813","達臨企業有限公司","DA LIN ENTERPRISE CO., LTD.","高雄市苓雅區四維3路261巷35號","No. 35, Ln. 261, Siwei 3rd Rd., Lingya Dist., Kaohsiung City 80250, Taiwan (R.O.C.)","傅O雲","07-2518913","07-2518913","有","有"
"79804220","19850219","20230120","孚奇企業有限公司","FUSOKI ENTERPRISE CO., LTD.","高雄市前金區中山二路579號3樓之6","3 F.-6, No. 579, Zhongshan 2nd Rd., Qianjin Dist., Kaohsiung City 801743, Taiwan (R.O.C.)","陳O硃","08-7622886","08-7627346","無","無"
"79804397","19761123","20210812","國蜂鋼鐵企業股份有限公司","GWO FENG STEEL ENTERPRISE CO., LTD.","高雄市小港區平和路211號","No. 211, Pinghe Rd., Xiaogang Dist., Kaohsiung City 81243, Taiwan (R.O.C.)","黃O音","07-8312155","","有","有"
"79805179","19830713","20210814","高暐有限公司","KAO WEI TRADING CO., LTD.","高雄市新興區中山二路472號13樓之9","13F.-9, No. 472, Zhongshan 2nd Rd., Xinxing Dist., Kaohsiung City 80044, Taiwan (R.O.C.)","高O壽","07-3335782","07-3310926","有","有"
"79805620","20220506","20220506","奧立廣告企業社","AOLI Advertisement Company","新北市汐止區明峰街297巷14號2樓","2 F., No. 14, Ln. 297, Mingfeng St., Xizhi Dist., New Taipei City 22155, Taiwan (R.O.C.)","許O玲","02-26954807","","有","有"
"79806472","19910726","20210814","禾利有限公司","HUMBLE CO., LTD.","高雄市前鎮區沱江街122號8樓之2","8F.-2, No. 122, Tuojiang St., Cianjhen Dist., Kaohsiung City 80661, Taiwan (R.O.C.)","王O堯","07-7103618","07-7105812","有","有"
"79806769","20201110","20211213","永興報關股份有限公司","KONE PING CUSTOMS BROKER CO., LTD.","高雄市苓雅區四維四路7號10樓","10 F., No. 7, Siwei 4th Rd., Lingya Dist., Kaohsiung City 80247, Taiwan (R.O.C.)","吳O華","07-5363233","07-5363356","有","有"
"79806796","19940128","20240923","高辰企業有限公司","GAU CHIENG CORPORATION","高雄市大寮區富民街4號","No. 4, Fumin St., Daliao Dist., Kaohsiung City 831134, Taiwan (R.O.C.)","吳O德","07-7872241","","有","有"
"79807325","19941007","20250617","伍經企業股份有限公司","WUU JING ENTERPRISE CO., LTD.","高雄市大寮區鳳林二路270號","No. 270, Fenglin 2nd Rd., Daliao Dist., Kaohsiung City 831129, Taiwan (R.O.C.)","莊O經","07-7882345","07-7879678","有","有"
"79807465","20171005","20210813","金山製網有限公司","CHIN SHAN WIRE NETTING CORP.","高雄市鹽埕區新興街161號","No. 161, Xinxing St., Yancheng Dist., Kaohsiung City 80347, Taiwan (R.O.C.)","黃O恩","07-5210400","07-5612462","有","有"
"79807583","20190521","20210815","帝后大飯店有限公司","Q21 HOTEL CO., LTD.","高雄市鹽埕區大公路21號","No. 21, Dagong Rd., Yancheng Dist., Kaohsiung City 80342, Taiwan (R.O.C.)","李O賢","07-5518877","07-5510066","有","有"
"79807654","20211229","20211229","黛薇拉工作室","Bestknown's Co.","臺北市士林區小南街24號","No. 24, Xiaonan St., Shilin Dist., Taipei City 11163, Taiwan (R.O.C.)","蘇O瑄","0935643789","","有","有"
"79808302","19790310","20210813","連宜股份有限公司","REXLEN CORPORATION","高雄市前鎮區二聖一路288號10樓之2","10F.-2, No. 288, Ersheng 1st Rd., Cianjhen Dist., Kaohsiung City 80654, Taiwan (R.O.C.)","黃O霞","07-7259858","07-7259199","有","有"
"79808680","20200915","20210812","齊萌影像工作室","BABY TRIANGLE VISUAL STUDIO","臺北市信義區忠孝東路5段1之2號11樓","11 F., No. 1-2, Sec. 5, Zhongxiao E. Rd., Xinyi Dist., Taipei City 11071, Taiwan (R.O.C.)","楊O勳","0937159252","","有","有"
"79808703","19721204","20210813","新記實業股份有限公司","SHIN KEE ENTERPRISE CO., LTD.","高雄市前金區明星街181號1樓","1 F., No. 181, Mingxing St., Qianjin Dist., Kaohsiung City 80147, Taiwan (R.O.C.)","林O昌","07-2211366","07-2912788","有","有"
"79809082","19880425","20210815","億銘鋼鐵股份有限公司","ENG MEI STEEL & IRON CO., LTD.","高雄市苓雅區三多二路273號1樓","1 F., No. 273, Sanduo 2nd Rd., Lingya Dist., Kaohsiung City 80266, Taiwan (R.O.C.)","侯O宏","07-831-5588","07-831-5535","有","有"
"79809148","19721127","20210812","安省企業有限公司","AN SHING HONG CO., LTD.","高雄市新興區中正三路31號4樓之1","4F.-1, No. 31, Zhongzheng 3rd Rd., Xinxing Dist., Kaohsiung City 80054, Taiwan (R.O.C.)","謝O峰","07-2262246","07-2263684","無","無"
"79809267","20160523","20210812","春樹行","Haruki Supply Co.","高雄市鹽埕區瀨南街４３號","No. 43, Lainan St., Yancheng Dist., Kaohsiung City 80346, Taiwan (R.O.C.)","吳O海","07-5211528","","有","有"
"79809490","19921201","20210814","福林工程股份有限公司","FURE-LIN ENGINEERING CO., LTD.","高雄市前金區巿中一路167號10樓","10 F., No. 167, Shizhong 1st Rd., Qianjin Dist., Kaohsiung City 80148, Taiwan (R.O.C.)","孫O惠","07-2157212-7","07-2172335","有","有"
"79810068","20101005","20241221","信原電機有限公司","HSIN YUAN ELECTRIC CO., LTD.","高雄市鹽埕區公園二路117之1號","No. 117-1, Gongyuan 2nd Rd., Yancheng Dist., Kaohsiung City 80343, Taiwan (R.O.C.)","黃O維","07-5211905","07-5216601","有","有"
"79810840","20020904","20221105","合大五金行","HER-DAH METALS CO.","高雄市鹽埕區公園二路87號1樓","1 F., No. 87, Gongyuan 2nd Rd., Yancheng Dist., Kaohsiung City 803003, Taiwan (R.O.C.)","鄭O興","07-5312783","07-5212930","有","有"
"79811159","19990601","20230324","川楠企業股份有限公司","CHUANG MAAN ENTERPRISE CO., LTD.","高雄市鹽埕區建國四路17號","No. 17, Jianguo 4th Rd., Yancheng Dist., Kaohsiung City 803006, Taiwan (R.O.C.)","王O安","07-5334112","07-5333635","有","有"
"79811313","19780919","20230119","堂益貿易股份有限公司","TANG YIH TRADING CO., LTD.","高雄市前金區大同二路145號4樓1號","4 F.-1, No. 145, Datong 2nd Rd., Qianjin Dist., Kaohsiung City 801706, Taiwan (R.O.C.)","陳O瑋","07-2114471","07-2715371","無","無"
"79811762","20210910","20210910","藝芯工作坊","Yi Xin Company","臺北市信義區文昌街316號12樓之7","12F.-7, NO. 316, WENCHANG ST., XINYI DIST., TAIPEI CITY 110007, TAIWAN (R.O.C.)","魏O良","0933024733","","無","無"
"79811968","20020115","20210811","森興百貨行","SEN HSING EMPORIUM CO.","高雄市鹽埕區新和里五福４路２２９巷１５號","No. 15, Ln. 229, Wufu 4th Rd., Xinhe Vil., Yancheng Dist., Kaohsiung City 80344, Taiwan (R.O.C.)","朱O美","07-5513584","","有","有"
"79812657","20170620","20221129","上騰實業股份有限公司","SHANG TANG INTERNATIONAL SERVICES & TRADING CO., LTD.","高雄市前金區仁德街276號","No. 276, Rende St., Qianjin Dist., Kaohsiung City 801005, Taiwan (R.O.C.)","林O慈李","07-2211177","07-2823005","有","有"
"79812679","20220304","20220304","阿義傳統豆漿店","A YI Traditional Soy Milk Shop","臺北市中山區松江路361號1樓","1 F., No. 361, Songjiang Rd., Zhongshan Dist., Taipei City 10482, Taiwan (R.O.C.)","林O儒","02-25091696","","有","有"
"79812853","20220811","20220811","杜比玩具商行","DOLBY.SHOP","臺北市中正區金門街35巷9號5樓","5 F., No. 9, Ln. 35, Jinmen St., Zhongzheng Dist., Taipei City 100033, Taiwan (R.O.C.)","單O宇","02-23687271","","有","有"
"79813255","20150109","20210814","福昶機電有限公司","FUCHANG MACH.&ELEC. CO., LTD.","高雄市大樹區竹寮里竹寮路205號","No. 205, Zhuliao Rd., Zhuliao Vil., Dashu Dist., Kaohsiung City 84045, Taiwan (R.O.C.)","謝O穎","07-6519216","07-6510216","有","有"
"79813261","19790209","20230108","林新實業股份有限公司","KINMAX INDUSTRIES INC.","高雄市前金區六合二路222號1樓","1 F., No. 222, Liuhe 2nd Rd., Qianjin Dist., Kaohsiung City 801001, Taiwan (R.O.C.)","張O琳","07-7872328","07-7872630","有","有"
"79813282","20210112","20210811","佳傑儀器行","GOOD-JIE COMPANY","臺北市文山區萬美街1段85號","No. 85, Sec. 1, Wanmei St., Wenshan Dist., Taipei City 11665, Taiwan (R.O.C.)","張O傑","0983752765","","有","有"
"79813924","20201211","20250308","第一包果飲食店","The First Baoguo Company","臺北市中山區松江路57號1樓","1 F., No. 57, Songjiang Rd., Zhongshan Dist., Taipei City 10455, Taiwan (R.O.C.)","張O豪","02-25062722","","有","有"
"79813987","20030508","20231130","台灣氯化工業股份有限公司","TAIWAN INDUSTRIAL CHLORIDE CO., LTD.","高雄市苓雅區中正一路151號1樓","1 F., No. 151, Zhongzheng 1st Rd., Lingya Dist., Kaohsiung City 802028, Taiwan (R.O.C.)","林O謙","07-3719123","07-371-8732","有","有"
"79815845","20201124","20210811","順品企業社","Shunping Enterprise Co.","臺北市內湖區星雲街14號","No. 14, Xingyun St., Neihu Dist., Taipei City 11462, Taiwan (R.O.C.)","游O祐","02-27922009","","有","有"
"79816561","20031020","20210815","昌緯冷凍機械股份有限公司","CHANG WEI C&H INTERNATIONAL CO., LTD.","高雄市鹽埕區富野路１４８號","No. 148, Fuye Rd., Yancheng Dist., Kaohsiung City 80342, Taiwan (R.O.C.)","許O煌","07-561-3724","07-561-9988","無","無"
"79817273","19721130","20210812","永齡國際貿易有限公司","YUNG YU TRADING CO., LTD.","高雄市前金區六合二路224號","No. 224, Liuhe 2nd Rd., Qianjin Dist., Kaohsiung City 80141, Taiwan (R.O.C.)","林O澄","07-2212916","07-2919210","有","有"
"79817674","19951128","20210812","高利特殊鋼股份有限公司","KAO LI SPECIAL STEEL CO., LTD.","高雄市岡山區成功路489號","No. 489, Chenggong Rd., Gangshan Dist., Kaohsiung City 82057, Taiwan (R.O.C.)","高O松","07-6242277","07-6231177","有","有"
"79818358","19781108","20210815","長重企業股份有限公司","LONG WEIGHT ENTERPRISE CO., LTD.","高雄市鹽埕區莒光街93號","No. 93, Juguang St., Yancheng Dist., Kaohsiung City 80344, Taiwan (R.O.C.)","莊O祥","07-2617451","","有","有"
"79819434","19980817","20210814","鴻曙有限公司","GREAT DAWN CO., LTD.","高雄市鳳山區文德里文學街18巷2弄6號","No. 6, Aly. 2, Ln. 18, Wenxue St., Wende Vil., Fengshan Dist., Kaohsiung City 83044, Taiwan (R.O.C.)","張O福","07-8019541","","有","有"
"79819650","20201023","20210812","御境企業社","Yu Ching Steak House CO.","臺北市松山區饒河街229號1樓","1 F., No. 229, Raohe St., Songshan Dist., Taipei City 10567, Taiwan (R.O.C.)","賴O詮","02-27479333","","有","有"
"79819764","20231124","20240910","美格文創生活工作坊","Megagreen Co.","臺北市大安區光復南路456巷23號6樓","6 F., No. 23, Ln. 456, Guangfu S. Rd., Da’an Dist., Taipei City 106067, Taiwan (R.O.C.)","劉O安","0800611789","","有","有"
"79820306","20210111","20220830","樂彩手感原創工作室","LeShine original studio","桃園市桃園區信光里大連三街67巷8號6樓","6 F., No. 8, Ln. 67, Dalian 3rd St., Xinguang Vil., Taoyuan Dist., Taoyuan City 330006, Taiwan (R.O.C.)","楊O嫣","0938381006","","無","無"
"79820431","19800408","20210814","廣金企業股份有限公司","KWANGJIN INTERNATIONAL CORPORATION","高雄市苓雅區泰豐街26號1樓","1 F., No. 26, Taifeng St., Lingya Dist., Kaohsiung City 80272, Taiwan (R.O.C.)","盧O錦","07-7819787","","有","有"
"79820811","19971223","20210814","世谷貿易有限公司","SHIEE KU TRADE CO., LTD.","屏東縣潮州鎮介壽路113號","No. 113, Jieshou Rd., Chaozhou Township, Pingtung County 92042, Taiwan (R.O.C.)","郭O英","08-7882251","08-7887722","有","有"
"79821190","19790417","20210812","建臨貿易有限公司","KIEN LIM TRADING CO., LTD.","臺北市中正區福州街56-1號","No. 56-1, Fuzhou St., Zhongzheng Dist., Taipei City 10077, Taiwan (R.O.C.)","楊O","02-23071456","","有","有"
"79821353","20210618","20210811","諭藝術企業社","Coffee by U Co.","臺北市信義區忠孝東路4段553巷42號1樓","1 F., No. 42, Ln. 553, Sec. 4, Zhongxiao E. Rd., Xinyi Dist., Taipei City 11072, Taiwan (R.O.C.)","廖O諭","02-27640068","","有","有"
"79821543","19821119","20210812","松聖塑膠企業股份有限公司","SONE SAINT PLASTIC ENTERPRISES CO., LTD.","高雄市仁武區仁心路193號","No. 193, Renxin Rd., Renwu Dist., Kaohsiung City 81460, Taiwan (R.O.C.)","陳O泉","07-3711379","07-3713291","有","有"
"79821656","20040102","20210814","台灣康益生醫有限公司","TAIWAN KANG YI BIOTHERAPEUTICS CO., LTD.","高雄市鳳山區協和里平等路一七七號六樓","6 F., No. 177, Pingdeng Rd., Xiehe Vil., Fengshan Dist., Kaohsiung City 83070, Taiwan (R.O.C.)","邱O堃","07-7456260","","無","無"
"79821776","20051202","20210815","憲弘五金有限公司","SHEN HONG VALVES PIPE FITTING CO., LTD.","高雄市鹽埕區七賢三路31號","No. 31, Qixian 3rd Rd., Yancheng Dist., Kaohsiung City 80341, Taiwan (R.O.C.)","張O阿珍","07-5312934","07-5615426","有","有"
"79821902","20210427","20230901","晶采企業社","Glitter Twinkle Co.","臺北市大安區忠孝東路4段221號8樓","8 F., No. 221, Sec. 4, Zhongxiao E. Rd., Da’an Dist., Taipei City 10690, Taiwan (R.O.C.)","石O銘","02-26313399","","有","有"
"79822281","19821109","20210814","珀瑪企業股份有限公司","TSF TAIWAN STAINLESS FITTING CO., LTD.","高雄市鹽埕區必信街94號","No. 94, Bixin St., Yancheng Dist., Kaohsiung City 80344, Taiwan (R.O.C.)","吳O祥","07-5310111","07-5334575","有","有"
"79823177","19790801","20220826","鎮嘉產業有限公司","SCEPTER INTERNATIONAL CORPORATION","高雄市三民區鼎泰街212號","No. 212, Dingtai St., Sanmin Dist., Kaohsiung City 807075, Taiwan (R.O.C.)","徐O良","07-3422785","07-3425714","有","有"
"79824247","20201016","20220922","燒餅糕設計開發工作室","Ben Shih Design Studio","臺北市大安區信義路4段296號15樓","15 F., No. 296, Sec. 4, Xinyi Rd., Da'an Dist., Taipei City 106427, Taiwan (R.O.C.)","石O斌","0965289223","","無","無"
"79824302","20230712","20230712","布朗崴吉他工作室","Bronzewing Guitar Studio","臺北市內湖區新明路371之1號","No. 371-1, Xinming Rd., Neihu Dist., Taipei City 114031, Taiwan (R.O.C.)","王O傑","0905133771","","有","有"
"79824350","19950714","20210811","正業企業行","GIANT SEAFOODS COMPANY","臺南市安平區育平里永華路2段819號6樓之5","6F.-5, No. 819, Sec. 2, Yonghua Rd., Yuping Vil., Anping Dist., Tainan City 70848, Taiwan (R.O.C.)","萬O男","07-5858235","07-5858135","有","有"
"79825055","20201105","20210811","鑫升億實業社","Porelite CO., Ltd","臺北市中山區復興南路1段36號3樓","3 F., No. 36, Sec. 1, Fuxing S. Rd., Zhongshan Dist., Taipei City 10492, Taiwan (R.O.C.)","高O婷","02-27723443","","有","有"
"79825175","19830914","20210812","朝泉科技有限公司","CHAO CHUAN TECHNOLOGY CO., LTD.","高雄市小港區東林路12之2號","No. 12-2, Donglin Rd., Xiaogang Dist., Kaohsiung City 81260, Taiwan (R.O.C.)","黃O福","07-8711533","07-8714253","有","有"
"79825323","20201014","20240712","晟紜企業社","chatcloud firm","臺北市大安區忠孝東路4段233號8樓之10","8F.-10, No. 233, Sec. 4, Zhongxiao E. Rd., Da’an Dist., Taipei City 10692, Taiwan (R.O.C.)","王O宇","0963397977","","無","無"
"79825739","19800606","20221021","雄富工業股份有限公司","HSIUNG HFU INDUSTRIAL CORP.","高雄市鼓山區昌盛路336號13樓","13 F., No. 336, Changsheng Rd., Gushan Dist., Kaohsiung City 804617, Taiwan (R.O.C.)","黃O德","07-3310158","07-3368916","有","有"
"79825999","19800403","20210812","榮方貿易股份有限公司","YONG FUN TRADING CO., LTD.","高雄市前金區七賢二路398號4樓之3","4F.-3, No. 398, Qixian 2nd Rd., Qianjin Dist., Kaohsiung City 80143, Taiwan (R.O.C.)","蔡O徽","07-2515188","07-2116229","有","有"
"79826006","19790918","20210812","石根企業有限公司","SHIH KEH ENTERPRISE CO., LTD.","高雄市鹽埕區大勇路111巷14號","No. 14, Ln. 111, Dayong Rd., Yancheng Dist., Kaohsiung City 80343, Taiwan (R.O.C.)","佘O原","07-5210705","","有","有"
"79826060","20230801","20230801","金旺商行","KING WANG VENTURE CO.","臺北市中山區建國北路2段116巷17號1樓","1 F., No. 17, Ln. 116, Sec. 2, Jianguo N. Rd., Zhongshan Dist., Taipei City 104071, Taiwan (R.O.C.)","呂O琳","2515-0788#171","","有","有"
"79826511","20201027","20240710","買力堅國際實業社","Buyforce International Co.","臺北市文山區辛亥路5段73巷7弄2之1號1樓","1 F., No. 2-1, Aly. 7, Ln. 73, Sec. 5, Xinhai Rd., Wenshan Dist., Taipei City 116077, Taiwan (R.O.C.)","方O","02-89351008","","有","有"
"79826863","19800804","20241022","甘盈企業有限公司","K. WIN CORPORATION","高雄市鳥松區本舘路437巷19號1樓","1F., No. 19, Ln. 437, Benguan Rd., Niaosong Dist.,  Kaohsiung City 833, Taiwan (R.O.C.)","","07-2691225","07-2695521","無","無"
"79826929","20201019","20210811","三方整合行銷工作室","Havesomefun Studio","臺北市信義區基隆路2段23號7樓之6","7F.-6, No. 23, Sec. 2, Keelung Rd., Xinyi Dist., Taipei City 11052, Taiwan (R.O.C.)","牟O","0983715847","","無","無"
"79827244","20040811","20210815","朝陽事務機器有限公司","CHAO YANG IMAGING CO., LTD.","高雄市三民區通化街45號","No. 45, Tonghua St., Sanmin Dist., Kaohsiung City 80744, Taiwan (R.O.C.)","洪O峰","07-3126677","07-3131228","有","有"
"79827589","20040826","20210814","萬旺企業有限公司","WAN WANG RUBBER HOSE CO., LTD.","高雄市鹽埕區公園二路165號1樓","1 F., No. 165, Gongyuan 2nd Rd., Yancheng Dist., Kaohsiung City 80343, Taiwan (R.O.C.)","丁O貴","07-5212818","07-5215919","有","有"
"79827841","19840727","20210813","全元化學有限公司","CHAIN CHEMICAL CO., LTD.","高雄市前鎮區金福路14號","No. 14, Jinfu Rd., Cianjhen Dist., Kaohsiung City 80668, Taiwan (R.O.C.)","蘇O造","07-8121801","","有","有"
"79827960","20250203","20250203","虎龍犬工作室","Horyuken Studio","臺北市信義區基隆路一段155號13樓之5","13 F.-5, No. 155, Sec. 1, Keelung Rd., Xinyi Dist., Taipei City 110058, Taiwan (R.O.C.)","施O吉","02-27510082#230","02-27510083","有","有"
"79828412","20201030","20230109","肥皂劇創藝工作室","Soap Opera Creative Soapery Studio","臺北市松山區八德路4段245巷32弄65號2樓","2 F., No. 65, Aly. 32, Ln. 245, Sec. 4, Bade Rd., Songshan Dist., Taipei City 105052, Taiwan (R.O.C.)","李O蓉","0909847011","","無","無"
"79829616","20200826","20221112","仲厚企業有限公司","Chung Ho Mechanical Co., Ltd.","高雄市苓雅區武營路469巷14號","No. 14, Ln. 469, Wuying Rd., Lingya Dist., Kaohsiung City 802024, Taiwan (R.O.C.)","孫O煌","07-7150538","07-7231539","有","有"
"79830070","20121211","20210815","海裕鋼索企業有限公司","HAI YUE WIREROPE CO., LTD.","高雄市鹽埕區必忠街56號","No. 56, Bizhong St., Yancheng Dist., Kaohsiung City 80342, Taiwan (R.O.C.)","林O玲","07-5614318","07-5614352","有","有"
"79830402","19821009","20230111","穗榮企業股份有限公司","SWEND ENTERPRISE CO., LTD.","臺南市東區東興路367號底層","No. 367, Dongxing Rd., East Dist., Tainan City 701019, Taiwan (R.O.C.)","王O枝","06-2379161-5","06-2751221","有","有"
"79830536","20140311","20210815","元山鋼索企業有限公司","YUANSHAN STEELROPE CO., LTD.","高雄市前鎮區公正路11之1號10樓","10 F., No. 11-1, Gongzheng Rd., Cianjhen Dist., Kaohsiung City 80645, Taiwan (R.O.C.)","許O華","0910-716251","","有","有"
"79831134","19810119","20230105","毅橋實業有限公司","HARBINGER BRIDGE INDUSTRIAL CO., LTD.","高雄市三民區大昌二路121之5號6樓之2","6 F.-2, No. 121-5, Dachang 2nd Rd., Sanmin Dist., Kaohsiung City 807557, Taiwan (R.O.C.)","鍾O真","07-3855091","07-3855197","有","有"
"79831211","19811201","20230926","惠統精機工廠股份有限公司","HUI TUNG WEIGHT SCALE MFG. CO., LTD.","高雄市鹽埕區七賢二路470號3樓","3 F., No. 470, Qixian 2nd Rd., Yancheng Dist., Kaohsiung City 803001, Taiwan (R.O.C.)","魏O祥","07-3715158","07-3715150","有","有"
"79831248","20150909","20210812","聯德電機五金行","LIAN DE ELECTRIC & MACHINERY FIRM","高雄市鹽埕區大勇路30之3號1樓","1 F., No. 30-3, Dayong Rd., Yancheng Dist., Kaohsiung City 80343, Taiwan (R.O.C.)","蘇O黼","07-5217930","07-5333786","有","有"
"79831280","20201023","20210811","數先知道工作室","APC Data Studio","臺北市內湖區內湖路2段486號2樓","2 F., No. 486, Sec. 2, Neihu Rd., Neihu Dist., Taipei City 11450, Taiwan (R.O.C.)","安O嘉","0978075056","","無","無"
"79831520","20220118","20220118","品甸企業社","PinDen co.","臺北市大同區寧夏路76號4樓","4 F., No. 76, Ningxia Rd., Datong Dist., Taipei City 10358, Taiwan (R.O.C.)","姜O兆","02-25535818","","有","有"
"79832160","19800717","20210812","金車金屬股份有限公司","KING CAR METAL CO., LTD.","臺南市南區興南街401號","No. 401, Xingnan St., South Dist., Tainan City 70257, Taiwan (R.O.C.)","林O義","06-5802227","","有","有"
"79832767","20201027","20230209","佳駿企業社","JIA JUN MACHINERY CONSULTING COMPANY","臺北市松山區市民大道6段57號8樓","8 F., No. 57, Sec. 6, Civic Blvd., Songshan Dist., Taipei City 105057, Taiwan (R.O.C.)","游O美","02-27566333","","有","有"
"79832817","20231002","20231002","開鑫企業社","SteelCraft Pioneers Store","臺北市萬華區環河南路3段107號1樓","1 F., No. 107, Sec. 3, Huanhe S. Rd., Wanhua Dist., Taipei City 108036, Taiwan (R.O.C.)","鄭O文","02-23392839","","有","有"
"79833230","19880229","20210812","榮裕參藥行有限公司","JUNG YUE GINSENG CO., LTD.","高雄市鹽埕區富野路60號","No. 60, Fuye Rd., Yancheng Dist., Kaohsiung City 80342, Taiwan (R.O.C.)","呂O榮","07-5311171","","有","有"
"79833359","19800508","20210812","佑晏企業股份有限公司","YOU YEN TRADING CO., LTD.","高雄市大寮區田單三街25號","No. 25, Tiandan 3rd St., Daliao Dist., Kaohsiung City 83162, Taiwan (R.O.C.)","陳O松","07-3113736","","有","有"
"79833463","20210217","20210816","口要緊工作室","Kou Yao Jin studio","臺北市信義區和平東路3段435巷27之1號1樓","1 F., No. 27-1, Ln. 435, Sec. 3, Heping E. Rd., Xinyi Dist., Taipei City 11057, Taiwan (R.O.C.)","李O瑾","0987055551","","有","有"
"79833479","19930301","20220712","旭德不銹鋼股份有限公司","SHIUH DER STAINLESS STEEL CO., LTD.","高雄市大寮區仁愛路268號","No. 268, Ren'ai Rd., Daliao Dist., Kaohsiung City 831119, Taiwan (R.O.C.)","謝O鈺","07-8717921","07-8717926","無","無"
"79833506","19811203","20210812","協銓企業有限公司","SHEI-CHAIN ENTERPRISE CORPORATION","高雄市前金區中正四路103號8樓之1","8F.-1, No. 103, Zhongzheng 4th Rd., Qianjin Dist., Kaohsiung City 80147, Taiwan (R.O.C.)","陳O煌","07-2010211","07-2516047","有","有"
"79833941","20210114","20210811","第二人生咖啡館","Second Life Coffee Co.","臺北市士林區德行東路164號","No. 164, Dexing E. Rd., Shilin Dist., Taipei City 11147, Taiwan (R.O.C.)","温O涵","0228328555","","有","有"
"79834667","20020606","20210814","秘可企業有限公司","MICOL TRADING CORPORATION","高雄市三民區凱旋一路107號","No. 107, Kaixuan 1st Rd., Sanmin Dist., Kaohsiung City 80760, Taiwan (R.O.C.)","劉O男","07-223-1110","07-222-4345","有","有"
"79835032","20210427","20250416","承創網路服務工作室","Branche Network, Co.","臺北市中正區許昌街42號8樓","8 F., No. 42, Xuchang St., Zhongzheng Dist., Taipei City 100008, Taiwan (R.O.C.)","張O琪","02-28324862","","有","有"
"79835188","19900918","20210814","華河有限公司","FLOWER RIVER CO., LTD.","高雄市燕巢區安招里安林二街25號","No. 25, Anlin 2nd St., Anzhao Vil., Yanchao Dist., Kaohsiung City 82443, Taiwan (R.O.C.)","王O仁","07-6167781","07-6167785","有","有"
"79835504","19800707","20230112","鋼發企業有限公司","KANG FA INDUSTRIAL CO., LTD.","高雄市新興區林森一路43巷31號2樓之6","2 F.-6, No. 31, Ln. 43, Linsen 1st Rd., Xinxing Dist., Kaohsiung City 800002, Taiwan (R.O.C.)","何O力","07-5515660","07-3311576","無","無"
"79835820","20201211","20210811","瓦虹貿易工作室","World to home CO.","臺北市中山區長春路59號4樓","4 F., No. 59, Changchun Rd., Zhongshan Dist., Taipei City 10447, Taiwan (R.O.C.)","蕭O月","0988667083","","無","無"
"79836026","20051020","20210812","川益鋼索有限公司","CHUAN I STEEL WIRE ROPE CO., LTD.","高雄市鹽埕區公園二路93之1號","No. 93-1, Gongyuan 2nd Rd., Yancheng Dist., Kaohsiung City 80343, Taiwan (R.O.C.)","邱O益","07-5314315","07-5617598","有","有"
"79836362","20240327","20241105","明水創造工作室","MINGSHUI CREATIVE STUDIO","新北市汐止區新台五路1段93號21樓之6","21 F.-6, No. 93, Sec. 1, Xintai 5th Rd., Xizhi Dist., New Taipei City 221416, Taiwan (R.O.C.)","劉O良","","","有","有"
"79836454","20201103","20221126","巴里藍自由潛水企業社","Balilan Freediving Co.","臺北市萬華區德昌街7巷15號","No. 15, Ln. 7, Dechang St., Wanhua Dist., Taipei City 108033, Taiwan (R.O.C.)","郭O岳","0926774470","","無","無"
"79836861","19800721","20210812","惠鼎兄弟貿易有限公司","FEDIN BROS. CO., LTD.","高雄市前金區大同二路143號7樓5室","Rm. 5, 7 F., No. 143, Datong 2nd Rd., Qianjin Dist., Kaohsiung City 80143, Taiwan (R.O.C.)","陳O勝","07-2612391","07-2816680","有","有"
"79837307","20220825","20220825","福爾摩山商行","conamicf co.","臺北市內湖區大湖山莊街121號","No. 121, Dahu Shanzhuang St., Neihu Dist., Taipei City 114018, Taiwan (R.O.C.)","曾O珊","0227650785","","有","有"
"79837361","20211022","20211022","和逸系統整合企業社","Heyi System Integration Enterprise Company","臺北市大安區忠孝東路4段221號10樓","10F., NO. 221, SEC. 4, ZHONGXIAO E. RD., DA-AN DIST., TAIPEI CITY 10690, TAIWAN (R.O.C.)","林O逸","02-2305-9797","","有","有"
"79837539","19840901","20240705","盛餘股份有限公司","SHENG YU STEEL CO., LTD.","高雄市小港區中林路11號","No. 11, Zhonglin Rd., Xiaogang Dist., Kaohsiung City 812039, Taiwan (R.O.C.)","樽O浩一","07-8719000","07-8719222","有","有"
"79838241","19840613","20220928","友良高科技紡織股份有限公司","U-LONG HIGH-TECH TEXTILE CO., LTD.","嘉義縣太保市嘉太工業區光復路10號","No. 10, Guangfu Rd., Jiatai Industrial Park, Taibao City, Chiayi County 612012, Taiwan (R.O.C.)","蕭O波","05-2372711-4","05-2375700","有","有"
"79838869","20020731","20210814","碧志企業有限公司","BI ZHI CO., LTD.","高雄市大寮區潮寮里田單三街21號","No. 21, Tiandan 3rd St., Chaoliao Vil., Daliao Dist., Kaohsiung City 83162, Taiwan (R.O.C.)","歐O珍","07-7873707","07-7871949","有","有"
"79839071","20060703","20240516","環宏工業股份有限公司","HWAN HORNG TECHNOLOGY CO., LTD.","高雄市小港區永春街18號","No. 18, Yongchun St., Xiaogang Dist., Kaohsiung City 812050, Taiwan (R.O.C.)","李O榕","07-8718888","07-8716762","有","有"
"79840817","20041004","20210812","上堤企業有限公司","SHANO TYI ENTERPRISE CO., LTD.","高雄市左營區重立路232巷3號","No. 3, Ln. 232, Chongli Rd., Zuoying Dist., Kaohsiung City 81364, Taiwan (R.O.C.)","郭O麟","07-7151232","07-7156675","有","有"
"79841169","20230726","20230726","喬斯佳車縫工作坊","Joss Jia Workshop","臺北市中山區新福里中原街137號","No. 137, Zhongyuan St., Xinfu Vil., Zhongshan Dist., Taipei City 104032, Taiwan (R.O.C.)","周O安","02-25975725","","有","有"
"79841479","19820226","20220620","聚亨企業股份有限公司","TYCOONS GROUP ENTERPRISE CO., LTD.","高雄市岡山區新樂街79之1號","No. 79-1, Xinle St., Gangshan Dist., Kaohsiung City 820011, Taiwan (R.O.C.)","黃O松","07-6212191-5","07-6210077","有","有"
"79841935","20201126","20210811","鼎智創意設計工作室","Titan Innova Design co.","臺北市中正區館前路20號5樓","5 F., No. 20, Guanqian Rd., Zhongzheng Dist., Taipei City 10047, Taiwan (R.O.C.)","周O鼎","0912525625","","有","有"
"79842218","20210727","20221110","美好的工作室","LOVELY ROOM STUDIO","臺北市松山區民生東路4段100號1樓","1 F., No. 100, Sec. 4, Minsheng E. Rd., Songshan Dist., Taipei City 105017, Taiwan (R.O.C.)","林O茹","0983-490495","","有","有"
"79842483","20241023","20241023","紅飯捲商店","honggimbap Store","臺北市中山區南京東路2段115巷3弄4之2號","No. 4-2, Aly. 3, Ln. 115, Sec. 2, Nanjing E. Rd., Zhongshan Dist., Taipei City 104074, Taiwan (R.O.C.)","王O澔","0933270409","","有","有"
"79842998","20090217","20230111","勇仁工業有限公司","YEONZEN INDUSTRY CO., LTD.","高雄市鼓山區中華一路932號","No. 932, Zhonghua 1st Rd., Gushan Dist., Kaohsiung City 804051, Taiwan (R.O.C.)","余O賢","07-552-7723","07-552-7705","有","有"
"79843027","20190121","20210813","章記企業有限公司","CHANGS BATH & KITCHEN Co., Ltd.","高雄市前金區中華三路166號","No. 166, Zhonghua 3rd Rd., Qianjin Dist., Kaohsiung City 80145, Taiwan (R.O.C.)","章O聰","07-2868111","","有","有"
"79843151","20020920","20210813","淳佳企業有限公司","CHUN JIA ENTERPRISE CO., LTD.","高雄市前金區八德二路111號","No. 111, Bade 2nd Rd., Qianjin Dist., Kaohsiung City 80141, Taiwan (R.O.C.)","楊O興","07-2614995","07-2614995","有","有"
"79843321","20241210","20241210","允品企業社","BOTSWANA DIAMOND Boutique","臺北市大安區和平東路2段177號9樓","9 F., No. 177, Sec. 2, Heping E. Rd., Da'an Dist., Taipei City 106628, Taiwan (R.O.C.)","王O驊","04-7263007","","有","有"
"79843785","19880330","20230318","正莊古董有限公司","CHENG CHUANG ANTIQUES CO., LTD.","高雄市前金區民生二路137號","No. 137, Minsheng 2nd Rd., Qianjin Dist., Kaohsiung City 801721, Taiwan (R.O.C.)","王O進","07-216-5959","07-216-5757","無","無"
"79844692","20201207","20250426","夢隼企業社","Dream Falcon Business Society Co.","新北市中和區連城路75巷6弄4號(1樓)","1 F., No. 4, Aly. 6, Ln. 75, Liancheng Rd., Zhonghe Dist., New Taipei City 235, Taiwan (R.O.C.)","許O展","0928-932666","02-89521777","無","無"
"79845171","20241015","20241015","協一機械五金行","SAYI MECHANICS STORE","高雄市鹽埕區必忠街３３號","No. 33, Bizhong St., Yancheng Dist., Kaohsiung City 803002, Taiwan (R.O.C.)","黃O彰","07-5312688","07-5332412","有","有"
"79845448","20201113","20210811","傘蜥蜴國際企業社","Frilled Dragon International Company","臺北市信義區四育里永吉路321巷30號5樓","5 F., No. 30, Ln. 321, Yongji Rd., Siyu Vil., Xinyi Dist., Taipei City 11068, Taiwan (R.O.C.)","黃O峻","0922021085","","無","無"
"79845475","19810926","20230629","信肯工業股份有限公司","SPEEDSTAR INDUSTRIES CO., LTD.","高雄市大寮區大發工業區華中路33號","No. 33, Huazhong Rd., Daliao Dist., Kaohsiung City 831703, Taiwan (R.O.C.)","葉O鏗","07-7873161","07-7871592","有","有"
"79845616","19871113","20230816","長維工業股份有限公司","EVERMORE ENGINEERING CORP.","高雄市大寮區大業街8之1號","No. 8-1, Daye St., Daliao Dist., Kaohsiung City 831134, Taiwan (R.O.C.)","吳O宗","07-7873132","07-7873060","有","有"
"79845778","19820504","20210814","禾懋企業股份有限公司","HOMAX INTERNATIONAL TECH-DEVELOPMENT CO., LTD.","南投縣南投市成功三路218號","No. 218, Chenggong 3rd Rd., Nantou City, Nantou County 54066, Taiwan (R.O.C.)","黃O俊","049-2256181","049-2256182","有","有"
"79845881","19811012","20221109","杏原貿易股份有限公司","HEN ONE TRADING CO., LTD.","高雄市三民區九如二路92號","No. 92, Jiuru 2nd Rd., Sanmin Dist., Kaohsiung City 807023, Taiwan (R.O.C.)","鄭O昇","07-3110704","07-3212025","有","有"
"79845968","20170519","20210812","瑞箐室內裝修有限公司","RUEY JING INTERIOR DECORATION CO.","高雄市前鎮區林森三路192巷6號","No. 6, Ln. 192, Linsen 3rd Rd., Cianjhen Dist., Kaohsiung City 80660, Taiwan (R.O.C.)","潘O里","07-3333376","07-3336623","有","有"
"79846185","20201211","20210811","阿蘿瑪餐食坊","AROMA BISTRO RESTAURANT","臺北市大安區延吉街131巷6號","No. 6, Ln. 131, Yanji St., Da’an Dist., Taipei City 10696, Taiwan (R.O.C.)","羅O連","02-25153342","","有","有"
"79846241","19810529","20210814","松敬木業有限公司","SONG JING WOOD CO., LTD.","高雄市前金區中正四路235號16樓之3","16F.-3, No. 235, Zhongzheng 4th Rd., Qianjin Dist., Kaohsiung City 80147, Taiwan (R.O.C.)","蕭O輝","07-2821194","07-2166003","有","有"
"79847065","19820223","20210813","冠霖國際有限公司","JUMBO FASTENERS CO., LTD.","高雄市三民區陽明路56巷3之1號","No. 3-1, Ln. 56, Yangming Rd., Sanmin Dist., Kaohsiung City 80768, Taiwan (R.O.C.)","謝O溱","07-3847691","07-3861420","有","有"
"79847157","20100810","20240322","昱榮科技裝潢有限公司","YUHZONG TECHNOLOGY CORP.","高雄市前金區自強二路154巷13號","No. 13, Ln. 154, Ziqiang 2nd Rd., Qianjin Dist., Kaohsiung City 80144, Taiwan (R.O.C.)","羅O嶸","07-2516198","07-2213528","有","有"
"79847213","20201117","20210811","興鑫實業行","SHING XIN IRON WORKS","臺北市大同區甘谷街26號5樓","5 F., No. 26, Gangu St., Datong Dist., Taipei City 10343, Taiwan (R.O.C.)","李O興","0920108189","","有","有"
"79848064","19920922","20221216","高詳實業股份有限公司","KAU CHIUNG TRADING CORPORATION","高雄市苓雅區中山二路432號3樓","3 F., No. 432, Zhongshan 2nd Rd., Lingya Dist., Kaohsiung City 802030, Taiwan (R.O.C.)","邱OO","07-2273455","07-2266110","有","有"
"79848091","20230131","20231107","爿爿花工作室","pan pan hua Studio","臺北市士林區中興街24號1樓","1 F., No. 24, Zhongxing St., Shilin Dist., Taipei City 111010, Taiwan (R.O.C.)","湯O雯","0910924225","","有","有"
"79848183","19810731","20240507","聖翰實業股份有限公司","J. PHANS CO., LTD.","桃園市大園區青峰里高鐵北路二段182號2樓","2F., No. 182, Sec. 2,  Gaotie N. Rd., Qingfeng Vil., Dayuan Dist.,  Taoyuan City 337051, Taiwan (R.O.C.)","蔡O廷","02-27124166","02-27150160","無","無"
"79848281","20210621","20250305","襤褸堂","neufneuf co.","臺北市中正區忠孝東路1段76號12樓之1","1 F., No. 34-1, Aly. 69, Ln. 280, Sec. 6, Minquan E. Rd., Neihu Dist., Taipei City 11483, Taiwan (R.O.C.)","王O","02-27940000","","有","有"
"79848374","20100824","20221209","啟盛交通股份有限公司","CHI SHEN TRANSPORTATION CO., LTD.","高雄市苓雅區新光路38號24樓之1","24 F.-1, No. 38, Xinguang Rd., Lingya Dist., Kaohsiung City 802626, Taiwan (R.O.C.)","蘇O玲","07-3521828","07-3519323","有","有"
"79848727","20080612","20210811","永逸實業行","EVERISING LIVING INTERNATIONAL COMPANY","高雄市大寮區後庄里民族路３４８號４樓","4 F., No. 348, Minzu Rd., Houzhuang Vil., Daliao Dist., Kaohsiung City 83146, Taiwan (R.O.C.)","余O畯","07-7033918","07-7033810","有","有"
"79850384","20020822","20210814","百星鋼鐵有限公司","BYSING STEEL CO., LTD.","高雄市三民區明賢街56之2號6樓","6 F., No. 56-2, Mingxian St., Sanmin Dist., Kaohsiung City 80794, Taiwan (R.O.C.)","周O順","07-3592483","07-3455377","有","有"
"79850568","19810914","20221105","達餘工業股份有限公司","TA EASE INDUSTRIAL CO., LTD.","高雄市鹽埕區新興街109號","No. 109, Xinxing St., Yancheng Dist., Kaohsiung City 803005, Taiwan (R.O.C.)","黃O彬","07-5513511","07-5610533","有","有"
"79850770","19931018","20210813","高瓏實業有限公司","KAO LONG INDUSTRIAL CO., LTD.","高雄市鳥松區鳥松里大埤路36-22號1樓","1 F., No. 36-22, Dapi Rd., Niaosong Vil., Niaosong Dist., Kaohsiung City 83341, Taiwan (R.O.C.)","陳O榮","07-7324171","07-7314505","有","有"
"79851285","20241204","20241204","肉肉媽企業社","Roromom CO.","臺北市內湖區金龍路7號2樓","2 F., No. 7, Jinlong Rd., Neihu Dist., Taipei City 114015, Taiwan (R.O.C.)","蔣O元","02-2793-1114","","有","有"
"79851807","19940105","20210812","善原企業有限公司","GIANT & PONY ENTERPRISE CO., LTD.","新北市中和區復興路二四九巷十三弄四號","No. 4, Aly. 13, Ln. 249, Fuxing Rd., Zhonghe Dist., New Taipei City 23561, Taiwan (R.O.C.)","葉O光","02-22452450","02-22452631","有","有"
"79851813","20201201","20210811","多安小吃店","Dogan Snack Bar","臺北市信義區忠孝東路5段236巷6號","No. 6, Ln. 236, Sec. 5, Zhongxiao E. Rd., Xinyi Dist., Taipei City 11060, Taiwan (R.O.C.)","葛O堯","02-87868828","","有","有"
"79851877","19811005","20230524","台灣落合有限公司","TAIWAN OCHIAI CO., LTD.","高雄市三民區泰康街168號","No. 168, Taikang St., Sanmin Dist., Kaohsiung City 807007, Taiwan (R.O.C.)","余O賢","07-3231699","","無","無"
"79852329","20231023","20231023","三禾商行","SAN HO CO.","臺北市萬華區環河南路3段345之1號5樓","5 F., No. 345-1, Sec. 3, Huanhe S. Rd., Wanhua Dist., Taipei City 108046, Taiwan (R.O.C.)","張O軒","02-23070881","","有","有"
"79852947","19830506","20250506","儀電科技有限公司","ETERNAL TECHNOLOGY CORP.","高雄市苓雅區苓雅一路40號1樓","1 F., No. 40, Lingya 1st Rd., Lingya Dist., Kaohsiung City 802037, Taiwan (R.O.C.)","凌O珍","07-7162485","07-7162488","有","有"
"79853636","20100826","20230302","季香企業股份有限公司","JSK VALVES CO., LTD.","高雄市新興區八德二路6號11樓之9","11 F.-9, No. 6, Bade 2nd Rd., Xinxing Dist., Kaohsiung City 800054, Taiwan (R.O.C.)","彭O禎","05-6937318","05-6939876","無","無"
"79854086","20220311","20220311","花郎運動館","Hwa-Rang Martial Arts Co.","臺北市中正區忠孝東路1段176號2樓之1","Rm. 1, 2 F., No. 176, Sec. 1, Zhongxiao E. Rd., Zhongzheng Dist., Taipei City 10050, Taiwan (R.O.C.)","林O璇","0919607015","","有","有"
"79854190","19940601","20250411","亨龍電機股份有限公司","HENG LONG ELECTRIC CO., LTD.","高雄市茄萣區莒光路三段288之2號","No. 288-2, Sec. 3, Juguang Rd., Qieding Dist., Kaohsiung City 852003, Taiwan (R.O.C.)","陳O男","07-6904567","07-6907689","有","有"
"79855249","19970731","20210814","隆穗企業有限公司","LUNG SWEI ENTERPRISE CO., LTD.","高雄市苓雅區苓中路6號1樓","1 F., No. 6, Lingzhong Rd., Lingya Dist., Kaohsiung City 80249, Taiwan (R.O.C.)","劉O容","07-2868687","07-2878787","有","有"
"79855260","19811204","20230131","派力士實業股份有限公司","PALACE INDUSTRY CO., LTD.","高雄市前鎮區民權二路8號26樓之1","26 F.-1, No. 8, Minquan 2nd Rd., Qianzhen Dist., Kaohsiung City 806616, Taiwan (R.O.C.)","張O光","07-3303810","07-3303763","有","有"
"79855493","20201204","20210811","愛生氣的韓媳婦企業社","Angry Korean wife company","臺北市士林區中山北路6段163號1樓","1 F., No. 163, Sec. 6, Zhongshan N. Rd., Shilin Dist., Taipei City 11155, Taiwan (R.O.C.)","戎O裕","0979898693","","有","有"
"79855557","19820213","20210812","維馨實業有限公司","RENOVATECH INTERNATIONAL CORPORATION","臺北市內湖區瑞光路550號2樓","2 F., No. 550, Ruiguang Rd., Neihu Dist., Taipei City 11492, Taiwan (R.O.C.)","張O馨","02-26593319","02-26593329","有","有"
"79855796","20121011","20240606","易騰五金行","ETERNICE TRADING COMPANY","高雄市鹽埕區必信街28號","No. 28, Bixin St., Yancheng Dist., Kaohsiung City 803004, Taiwan (R.O.C.)","侯O穎","07-5679189","","有","有"
"79855830","19880229","20210815","瑞翔鋼鐵企業股份有限公司","RUEY SHAING STEEL ENTERPRISE CO., LTD.","高雄市苓雅區苓雅一路33號6樓","6 F., No. 33, Lingya 1st Rd., Lingya Dist., Kaohsiung City 80251, Taiwan (R.O.C.)","黃O榮","02-28715225","02-28717293","無","無"
"79856824","20210709","20210811","戴比派特企業社","tabbypatter co.","臺北市內湖區成功路3段187巷35弄23號1樓","1 F., No. 23, Aly. 35, Ln. 187, Sec. 3, Chenggong Rd., Neihu Dist., Taipei City 11460, Taiwan (R.O.C.)","王O芬","0932159027","","有","有"
"79856887","20210706","20220608","霏比雅各企業社","Aqua Tea company","臺北市松山區光復北路11巷89號7樓","7 F., No. 89, Ln. 11, Guangfu N. Rd., Songshan Dist., Taipei City 105034, Taiwan (R.O.C.)","施O倫","02-25065711","","有","有"
"79856900","19820505","20250304","歷信企業股份有限公司","LIH SIHN ENTERPRISE CO., LTD.","高雄市鹽埕區光榮街81巷12號1樓","No. 210, Changyu St., Sanmin Dist., Kaohsiung City 80778, Taiwan (R.O.C.)","黃O正","07-3811298","07-3824977","有","有"
"79859792","20210122","20210811","奕秀茶坊","I-SHO TEA SHOP","臺北市中正區公園路22之2號1樓","1 F., No. 22-2, Gongyuan Rd., Zhongzheng Dist., Taipei City 10041, Taiwan (R.O.C.)","洪O豪","02-23709997","","無","無"
"79860030","20210423","20210811","本願商行","Origin Tofu Pudding Shop","臺北市信義區敦厚里松隆路78號1樓","1 F., No. 78, Songlong Rd., Dunhou Vil., Xinyi Dist., Taipei City 11070, Taiwan (R.O.C.)","林O彬","0982532802","","無","無"
"79860968","20201208","20230614","同活工作室","Bow & Sparrow Studio","臺北市內湖區陽光街345巷14號4樓","4 F., No. 14, Ln. 345, Yangguang St., Neihu Dist., Taipei City 114713, Taiwan (R.O.C.)","阮O伶","0958133586","","無","無"
"79862683","20210804","20230722","白黑生活館","Bei-O Life Shop","臺北市中山區南京東路3段89巷3弄10號1樓","1 F., No. 10, Aly. 3, Ln. 89, Sec. 3, Nanjing E. Rd., Zhongshan Dist., Taipei City 104107, Taiwan (R.O.C.)","涂O富","0923922676","","有","有"
"79862706","20210804","20230620","力誠國際事業社","Li-Cheng International  Co.","臺北市中山區南京東路3段109巷3號2樓","2 F., No. 3, Ln. 109, Sec. 3, Nanjing E. Rd., Zhongshan Dist., Taipei City 104107, Taiwan (R.O.C.)","林O青","0939810368","","有","有"
"79862810","20240517","20250108","覓知音工作室","Lookingbloom Studio","臺北市中山區建國北路3段92之1號7樓","7 F., No. 92-1, Sec. 3, Jianguo N. Rd., Zhongshan Dist., Taipei City 104069, Taiwan (R.O.C.)","蘇O綾","","","有","有"
"79864009","20231228","20231228","纖巧國際企業社","Fibher Life International Company","臺北市大安區和平東路2段203號10樓之5","10 F.-5, No. 203, Sec. 2, Heping E. Rd., Da’an Dist., Taipei City 106629, Taiwan (R.O.C.)","張O喬","0936376533","","有","有"
"79864417","20210510","20230503","薇波爐個人工作室","Weibolu Studio","臺北市南港區忠孝東路6段6號5樓之2","5 F.-2, No. 6, Sec. 6, Zhongxiao E. Rd., Nangang Dist., Taipei City 115025, Taiwan (R.O.C.)","夏O薇","02-23632129#215","","無","無"
"79865345","19950208","20210814","太照企業有限公司","SUNTEQ GLOBAL CO., LTD.","高雄市前鎮區佛東路88號1樓","1 F., No. 88, Fodong Rd., Cianjhen Dist., Kaohsiung City 80666, Taiwan (R.O.C.)","連O傑","07-8317663","07-8229727","有","有"
"79865794","19850508","20210815","錦鴻水產股份有限公司","JILN HORNG MARINE PRODUCTS CO., LTD.","高雄市前鎮區后平路80號2樓之2","2F.-2, No. 80, Houping Rd., Cianjhen Dist., Kaohsiung City 80666, Taiwan (R.O.C.)","許O琴","07-8125911","07-8125891","有","有"
"79866132","20000905","20210813","金永豐貿易股份有限公司","GOLD YUING FU TRADE CO., LTD.","嘉義市保安里四維路336號","No. 336, Siwei Rd., Bao’an Vil., West Dist., Chiayi City 60085, Taiwan (R.O.C.)","陳O棟","05-2332456","05-2333604","有","有"
"79866267","19820317","20210814","柏瑋貿易有限公司","STONE LEE ENTERPRISE CO., LTD.","高雄市小港區平和南路130號1樓","1 F., No. 130, Pinghe S. Rd., Xiaogang Dist., Kaohsiung City 81244, Taiwan (R.O.C.)","徐O霞","07-811-2885","07-811-2892","有","有"
"79866359","20220124","20240713","木子李多元坊","MooZilee Evergood Company","臺北市萬華區長沙街2段114號1樓","1 F., No. 114, Sec. 2, Changsha St., Wanhua Dist., Taipei City 108009, Taiwan (R.O.C.)","李O","0938930212","","無","無"
"79866702","19820408","20210813","樺螢實業有限公司","CHENPROMOTER INTERNATIONAL INC.","高雄市前金區中正四路235號15樓之3","15F.-3, No. 235, Zhongzheng 4th Rd., Qianjin Dist., Kaohsiung City 80147, Taiwan (R.O.C.)","陳O帆","07-2514146","07-2510546","有","有"
"79867596","19940707","20210813","有富食品有限公司","YEOU FUH FOODS CO., LTD.","高雄市前鎮區興漁三路1號","No. 1, Cianjhen Dist., Kaohsiung City 806, Taiwan (R.O.C.)","林O南","02-28218250","02-28218271","有","有"
"79867630","20200423","20210814","中楠機械工程有限公司","CHUNG-NAN Mechanical Engineering co.","高雄市小港區興業街6號","No. 6, Xingye St., Xiaogang Dist., Kaohsiung City 81262, Taiwan (R.O.C.)","陳O化","078713889#15","","有","有"
"79868005","20180831","20210811","厚德電料五金行","HOUTE ELECTRICAL STORE","高雄市鹽埕區大勇路４４之１號","No. 44-1, Dayong Rd., Yancheng Dist., Kaohsiung City 80343, Taiwan (R.O.C.)","李O德","07-5619232","07-5619231","有","有"
"79868482","20000717","20210812","久昌企業行","CHIU JANG ENTERPRISE CO.","高雄市苓雅區昇平街49號1樓","1 F., No. 49, Shengping St., Lingya Dist., Kaohsiung City 80244, Taiwan (R.O.C.)","黃O媚","07-3320091","07-3321455","有","有"
"79868531","19820909","20210814","久瀛股份有限公司","LONG WIN INDUSTRIAL CORPORATION","高雄市前鎮區明孝里草衙中街19號","No. 19, Caoya Central St., Mingxiao Vil., Cianjhen Dist., Kaohsiung City 80668, Taiwan (R.O.C.)","張O福","07-8131113","07-8121997","有","有"
"79868693","19860301","20250409","封固企業股份有限公司","FENG GUH ENTERPRISE CO., LTD.","高雄市新興區信守街111號1樓","1 F., No. 111, Xinshou St., Xinxing Dist., Kaohsiung City 80048, Taiwan (R.O.C.)","吳O婕","07-822-2918","07-812-3938","有","有"
"79869124","20210629","20210811","野成工作室","Field Studio","臺北市內湖區行忠路27號6樓","6 F., No. 27, Xingzhong Rd., Neihu Dist., Taipei City 11494, Taiwan (R.O.C.)","管O娟","0983936808","","有","有"
"79869406","20210422","20210811","旭晨康商行","Xu Chenkang Commercial firm","臺北市中山區長安東路2段72號","No. 72, Sec. 2, Chang’an E. Rd., Zhongshan Dist., Taipei City 10455, Taiwan (R.O.C.)","佘O陽","02-25065763","","有","有"
"79869882","19820813","20231003","必和股份有限公司","PISAW CO., LTD.","臺北市松山區南京東路3段346號10樓之7","10F.-7, No. 346, Sec. 3, Nanjing E. Rd., Songshan Dist., Taipei City 10595, Taiwan (R.O.C.)","蘇O藤","02-27813498","02-27714799","有","有"
"79870109","19870515","20210812","高旭有限公司","SANTA ENGINEERING AND TRADING CO., LTD.","高雄市鹽埕區港都里必信街110號1樓","1 F., No. 110, Bixin St., Gangdu Vil., Yancheng Dist., Kaohsiung City 80344, Taiwan (R.O.C.)","吳O賓","07-5611752","07-5313872","有","有"
"79870163","20201231","20230422","庫瑪數位工作室","CUMA Digital Studio","臺北市中正區中華路2段315巷23號","No. 23, Ln. 315, Sec. 2, Zhonghua Rd., Zhongzheng Dist., Taipei City 100063, Taiwan (R.O.C.)","林O恆","0911900963","","有","有"
"79870234","19820803","20221126","浚清企業股份有限公司","TAIWAN GLENO ENTERPRISE CO., LTD.","新北市新店區中正路四維巷8弄7號5樓","5 F., No. 7, Aly. 8, Siwei Ln., Zhongzheng Rd., Xindian Dist., New Taipei City 231021, Taiwan (R.O.C.)","傅O文","02-22191878","02-22181237","有","有"
"79870889","19930212","20230315","新洋鋼索有限公司","NEW-OCEAN MARINE FITTING CO., LTD.","高雄市鼓山區麗興里鼓元街11號","No. 11, Guyuan St., Lixing Vil., Gushan Dist., Kaohsiung City 804003, Taiwan (R.O.C.)","張O麟","07-5213728","07-5213735","有","有"
"79871331","19900208","20231216","豐擎企業有限公司","LEMA P. C. ENTERPRISE LTD.","臺北市大安區樂業街41巷1號5樓之1","5F.-1, No. 1, Ln. 41, Leye St., Da’an Dist., Taipei City 10675, Taiwan (R.O.C.)","張O耘","02-27328099","02-27326942","無","無"
"79871803","19980728","20210814","麗的樂器有限公司","LEADER MUSICAL INSTRUMENTS CO., LTD.","高雄市苓雅區廣東二街126號1樓","1 F., No. 126, Guangdong 2nd St., Lingya Dist., Kaohsiung City 80262, Taiwan (R.O.C.)","王O寧","07-7160351","","有","有"
"79872021","20210519","20220326","五秓小吃部","yongchenpohsun. HANG","臺北市中山區松江路22號1樓","1 F., No. 22, Songjiang Rd., Zhongshan Dist., Taipei City 10455, Taiwan (R.O.C.)","陳O勲","02-25816442","","有","有"
"79872090","19971125","20230111","永寅企業有限公司","YUNG IN ENTERPRISE CO., LTD.","高雄市鼓山區中華一路932號","No. 932, Zhonghua 1st Rd., Gushan Dist., Kaohsiung City 804051, Taiwan (R.O.C.)","余O賢","07-555-4587","07-555-4318","有","有"
"79872774","20221118","20221118","晶仁科技企業社","Jingren Technology Co.","臺北市大安區敦化南路1段190巷10號","No. 10, Ln. 190, Sec. 1, Dunhua S. Rd., Da’an Dist., Taipei City 106071, Taiwan (R.O.C.)","吳O中","02-87713559","","有","有"
"79873020","19951228","20210814","記信有限公司","JANCREW CO., LTD.","高雄市苓雅區成功二路100號","No. 100, Chenggong 2nd Rd., Lingya Dist., Kaohsiung City 80249, Taiwan (R.O.C.)","周O德","07-7879958","07-7879658","有","有"
"79873507","20070621","20241217","阡佑實業股份有限公司","CHUN YUANG ENTERPRISE CO., LTD.","高雄市鹽埕區大智路128號3樓","3 F., No. 128, Dazhi Rd., Yancheng Dist., Kaohsiung City 80343, Taiwan (R.O.C.)","柳O靜芬","07-5513829","07-5513848","有","有"
"79873823","19950601","20210813","神德國際企業有限公司","HSHEN DER INTERNATIONAL ENTERPRISES CO., LTD.","高雄市前鎮區瑞興街7巷48號","No. 48, Ln. 7, Ruixing St., Cianjhen Dist., Kaohsiung City 80646, Taiwan (R.O.C.)","陳O席","07-7231870","07-7229521","有","有"
"79873936","19960611","20230510","應利企業有限公司","ANDY MARINE SUPPLY CO., LTD.","高雄市前鎮區新福路19號","No. 19, Xinfu Rd., Qianzhen Dist., Kaohsiung City 806034, Taiwan (R.O.C.)","許O洲","07-3314302","07-3328817","有","有"
"79874029","20240104","20240104","鼎雋企業社","Xiujian Store","臺北市大安區延吉街140-1號1樓","1 F., No. 140-1, Yanji St., Da’an Dist., Taipei City 106062, Taiwan (R.O.C.)","陳O祐","0978058549","","有","有"
"79874294","20231205","20231205","沁沛商行","Qin pei Co.","臺北市中山區遼寧街65號1樓","1 F., No. 65, Liaoning St., Zhongshan Dist., Taipei City 104101, Taiwan (R.O.C.)","黃O婷","02-27735667","","有","有"
"79874935","19830225","20230428","商越金屬工業股份有限公司","SHANG IUE METAL INDUSTRY CORP.","高雄市大寮區潮寮里田單六街9號","No. 9, Tiandan 6th St., Chaoliao Vil., Daliao Dist., Kaohsiung City 831134, Taiwan (R.O.C.)","林O全","07-7217415","07-7617001","有","有"
"79875202","19861229","20230622","泰銘實業股份有限公司","THYE MING INDUSTRIAL CO., LTD.","高雄市大寮區過溪里莒光三街6號","No. 6, Juguang 3rd St., Guoxi Vil., Daliao Dist., Kaohsiung City 831136, Taiwan (R.O.C.)","陳O明","07-7872278","07-7873496","有","有"
"79875218","19870611","20210814","政呈企業有限公司","JENQ CHERNG ENTERPRISE CO., LTD.","高雄市梓官區梓平里梓官路64號","No. 64, Ziguan Rd., Ziping Vil., Ziguan Dist., Kaohsiung City 82641, Taiwan (R.O.C.)","蔡O穎","07-6102607","","有","有"
"79875414","20210303","20240815","磐玥國際企業社","Moonstone international Co.","臺北市中正區忠孝東路1段76號12樓之1","12 F.-1, No. 76, Sec. 1, Zhongxiao E. Rd., Zhongzheng Dist., Taipei City 100024, Taiwan (R.O.C.)","洪O得","02-22340094","","有","有"
"79875483","19830922","20210814","天之祥海洋股份有限公司","TIAN ZHI XIANG OCEANIC ENTERPRISE CO., LTD.","高雄市鹽埕區必忠街247號1樓","1 F., No. 247, Bizhong St., Yancheng Dist., Kaohsiung City 80342, Taiwan (R.O.C.)","蔡O燄","07-5516738","07-5212458","有","有"
"79875527","20210715","20220608","自然書寫音樂工作室","Nature Writing Music Studio","新北市樹林區佳園路1段129號7樓","7 F., No. 129, Sec. 1, Jiayuan Rd., Shulin Dist., New Taipei City 238037, Taiwan (R.O.C.)","江O潔","0961333068","","有","有"
"79875998","20220429","20220429","玲雅企業社","lingya.enterprise co.","臺北市信義區富陽街44巷18號3樓","3 F., No. 18, Ln. 44, Fuyang St., Xinyi Dist., Taipei City 11056, Taiwan (R.O.C.)","嚴O麟","0960711071","","有","有"
"79876032","20210202","20210811","輝璨企業社","Huei Tsann co.","臺北市南港區昆陽街150號1樓","1 F., No. 150, Kunyang St., Nangang Dist., Taipei City 11558, Taiwan (R.O.C.)","廖O哲","0921913069","","無","無"
"79876315","20221215","20221215","海寶食品工作室","HAIBAO FOOD Co.","臺北市大安區忠孝東路4段221號10樓","10 F., No. 221, Sec. 4, Zhongxiao E. Rd., Da’an Dist., Taipei City 106448, Taiwan (R.O.C.)","蘇O堯","02-87715958","","有","有"
"79876357","20210309","20210811","楨好美食坊","Jane Good Brunch Shop","臺北市文山區辛亥路5段5號1樓","1 F., No. 5, Sec. 5, Xinhai Rd., Wenshan Dist., Taipei City 11695, Taiwan (R.O.C.)","沈O楨","02-29315015","","無","無"
"79876878","19890420","20221026","台灣前川股份有限公司","MAYEKAWA (TAIWAN) CO., LTD.","臺北市士林區德行西路37號9樓","9 F., No. 37, Dexing W. Rd., Shilin Dist., Taipei City 111046, Taiwan (R.O.C.)","矢O訓弘","02-28320168","02-28320268","有","有"
"79876981","20210514","20210812","淨芯企業社","PureFilter Company","臺北市內湖區文德路210巷30弄6號3樓之7","3F.-7, No. 6, Aly. 30, Ln. 210, Wende Rd., Neihu Dist., Taipei City 11476, Taiwan (R.O.C.)","高O輝","0981459108","","有","有"
"79877314","20021004","20210813","大成黑板有限公司","TACHEN BLACKBOARD CO., LTD.","高雄市前金區八德二路210號4樓","4 F., No. 210, Bade 2nd Rd., Qianjin Dist., Kaohsiung City 80141, Taiwan (R.O.C.)","柯O仲","07-2888810","07-2888850","有","有"
"79877807","20210903","20210903","耐斯德企業社","Nextier sourcing enterprise company","臺北市內湖區民權東路6段123巷28號2樓之1","2F.-1, NO. 28, LN. 123, SEC. 6, MINQUAN E. RD., NEIHU DIST., TAIPEI CITY 114059, TAIWAN (R.O.C.)","林O湖","02-25455718","02-25149081","有","有"
"79878046","20211019","20221127","寅森實業商行","guting33653086 co.","新北市新店區中正路53號(1樓)","1 F., No. 53, Zhongzheng Rd., Xindian Dist., New Taipei City 231022, Taiwan (R.O.C.)","潘O蒞","02-33653086","","無","無"
"79878799","19830813","20210812","太威貿易有限公司","TAI WADER TRADING CO., LTD.","高雄市前金區文武二街86之27號4樓","4 F., No. 86-27, Wenwu 2nd St., Qianjin Dist., Kaohsiung City 80146, Taiwan (R.O.C.)","陳O誼","07-2614056","","有","有"
"79879241","19830827","20210812","慧芳精微成型科技股份有限公司","HUI FONG MICRO-FABRICATION TECHNOLOGIES CO., LTD.","高雄市大寮區富民街7號","No. 7, Fumin St., Daliao Dist., Kaohsiung City 83162, Taiwan (R.O.C.)","黃O築","07-7871460","07-7872019","有","有"
"79879262","20020829","20210811","信安豬肉舖","HSIN AN PORK CO.","高雄市鹽埕區大智零售市場９號","No. 9, Yancheng Dist., Kaohsiung City 803, Taiwan (R.O.C.)","周O欽","08-7321023","08-7325079","有","有"
"79879404","20070525","20230421","長益機電行","LONG YI ELECTRIC CO.","高雄市鹽埕區江西里建國４路８１號","No. 81, Jianguo 4th Rd., Jiangxi Vil., Yancheng Dist., Kaohsiung City 803006, Taiwan (R.O.C.)","陳O雲","07-5612847","07-5219111","有","有"
"79879474","19910429","20221209","正美服飾美容股份有限公司","MASTERPIECE CO., LTD.","高雄市鹽埕區大智路129之1號1樓","1 F., No. 129-1, Dazhi Rd., Yancheng Dist., Kaohsiung City 803008, Taiwan (R.O.C.)","謝O生","07-5317961","","有","有"
"79879615","20200902","20210811","豐榮鑫業行","Feng Rong Xin Store","高雄市前金區六合二路９１號１樓","1 F., No. 91, Liuhe 2nd Rd., Qianjin Dist., Kaohsiung City 80141, Taiwan (R.O.C.)","吳O鑫","0911882954","","無","無"
"79879973","20220801","20220801","乙旺商行","Yiiwang Firm","高雄市苓雅區林泉街９０號１樓","1 F., No. 90, Linquan St., Lingya Dist., Kaohsiung City 802042, Taiwan (R.O.C.)","鄭O君","07-7229499","","有","有"
"79879994","19831109","20210815","含和企業有限公司","THE ANCIENT MARINER CO., LTD.","高雄市苓雅區博仁里三鄰海邊路92路1樓","1 F., Haibian Rd., 3rd Neighborhood, Boren Vil., Lingya Dist., Kaohsiung City 80248, Taiwan (R.O.C.)","黃O明","07-2210515","07-2722921","有","有"
"79880330","19990614","20210815","少林寺興業有限公司","SHAO LIN SHYH ENTERPRISE CO., LTD.","高雄市鹽埕區五福四路278號","No. 278, Wufu 4th Rd., Yancheng Dist., Kaohsiung City 80344, Taiwan (R.O.C.)","鍾O熙","07-5332873","","無","無"
"79880562","19850517","20210814","台灣特浦股份有限公司","TOP SURGICAL TAIWAN CORPORATION","高雄市大寮區華中路40號","No. 40, Huazhong Rd., Daliao Dist., Kaohsiung City 83163, Taiwan (R.O.C.)","渡O裕二","07-7873655","07-7871692","有","有"
"79880726","20181115","20220421","巨鑫企業社","GSIN ENTERPRISE CO.","高雄市林園區龍潭路113巷19號","No. 19, Ln. 113, Longtan Rd., Linyuan Dist., Kaohsiung City 83242, Taiwan (R.O.C.)","許O榕","07-6451755","","有","有"
"79882409","19890504","20210814","怡進興業有限公司","YIEH CHING DEVELOPMENT CO., LTD.","高雄市鹽埕區公園二路97號","No. 97, Gongyuan 2nd Rd., Yancheng Dist., Kaohsiung City 80343, Taiwan (R.O.C.)","黃O妃","07-5311889","07-5311999","有","有"
"79882718","19880202","20240608","欣高石油氣股份有限公司","SHIN KAO GAS CO., LTD.","高雄市苓雅區民權一路12號","No. 12, Minquan 1st Rd., Lingya Dist., Kaohsiung City 802037, Taiwan (R.O.C.)","陳O東","07-5315701","07-5312932","有","有"
"79882885","19840209","20210812","申樺貿易有限公司","SHERFIELDS TRADING CO., LTD.","臺中市豐原區翁子里豐勢路二段448號","No. 448, Sec. 2, Fengshi Rd., Wengzi Vil., Fengyuan Dist., Taichung City 42081, Taiwan (R.O.C.)","曾O瓊","04-26822728","04-26822788","有","有"
"79882978","19840222","20231013","中員船舶有限公司","CHUNG YUAN SHIPSTORES CO., LTD.","高雄市前鎮區興化街121巷10號","No. 10, Ln. 121, Xinghua St., Qianzhen Dist., Kaohsiung City 806034, Taiwan (R.O.C.)","曾O亨","07-5514608","07-5212397","有","有"
"79883511","20170908","20210812","億鑫科技","YI SIN DIGITAL TECH. CO.","高雄市大社區萬金路６５巷２號一樓","1 F., No. 2, Ln. 65, Wanjin Rd., Dashe Dist., Kaohsiung City 81545, Taiwan (R.O.C.)","張O奇","","","有","有"
"79883646","19840316","20230207","倫飛電腦實業股份有限公司","TWINHEAD INTERNATIONAL CORP.","臺北市內湖區瑞光路550號9樓","9 F., No. 550, Ruiguang Rd., Neihu Dist., Taipei City 114063, Taiwan (R.O.C.)","高O仁","02-2627-8880","02-5555-0004","有","有"
"79883771","20041012","20210814","昶昇儀器類有限公司","CHANG SHENG INSTRUMENT CLASSIFY CO., LTD.","高雄市前金區榮安街98號","No. 98, Rong’an St., Qianjin Dist., Kaohsiung City 80144, Taiwan (R.O.C.)","鄭O峰","07-2013537","07-2013531","有","有"
"79884069","20160811","20210812","富溢鋼索行","JOBWELL WIRE & ROPE SUPPLY CO.","高雄市鹽埕區大義街57號1樓","1 F., No. 57, Dayi St., Yancheng Dist., Kaohsiung City 80343, Taiwan (R.O.C.)","蘇O仁","07-5218569","07-5329828","有","有"
"79885216","20021003","20210813","國凌五金有限公司","GWO LING METAL CO., LTD.","高雄市鹽埕區公園2路157之1號","No. 157-1, Gongyuan 2nd Rd., Yancheng Dist., Kaohsiung City 80343, Taiwan (R.O.C.)","林O魁","07-5313015","","有","有"
"79885567","20171227","20230207","力客雷商行","likermall co.","高雄市鳳山區福誠二街９７號１３樓","13 F., No. 97, Fucheng 2nd St., Fengshan Dist., Kaohsiung City 830640, Taiwan (R.O.C.)","李O婷","0988101275","","無","無"
"79885594","19880426","20210812","亞春機電股份有限公司","ASIA DIESEL ELECTRIC CORP.","高雄市苓雅區民權一路34號8樓之1","8F.-1, No. 34, Minquan 1st Rd., Lingya Dist., Kaohsiung City 80251, Taiwan (R.O.C.)","吳O森","07-3331191","07-3346808","有","有"
"79886290","19900219","20230624","連駿實業股份有限公司","LIEN CHUN INDUSTRIES INC.","高雄市永安區保安路6巷181號1樓","1 F., No. 181, Ln. 6, Bao’an Rd., Yong’an Dist., Kaohsiung City 828114, Taiwan (R.O.C.)","黃O燕","07-7871196","07-7872256","無","無"
"79887214","20171003","20250318","翰觀企業社","BOUNDLESS GLOBAL VISION CO.","高雄市新興區德智街５號５樓","5 F., No. 5, Dezhi St., Xinxing Dist., Kaohsiung City 80043, Taiwan (R.O.C.)","楊OO","0933600815","","有","有"
"79887489","19941103","20210814","平疆企業股份有限公司","PING JIANG ENTERPRISE CO., LTD.","高雄市三民區民族一路47號1樓","1 F., No. 47, Minzu 1st Rd., Sanmin Dist., Kaohsiung City 80755, Taiwan (R.O.C.)","黃O遇","07-2513389","07-2511233","有","有"
"79887827","20200612","20210811","絕配精品店","Jyue Pei boutique","高雄市鳳山區鳳甲一街125號1樓","1 F., No. 125, Fengjia 1st St., Fengshan Dist., Kaohsiung City 83094, Taiwan (R.O.C.)","靳O宸","07-7926780","","無","無"
"79888516","20171106","20210811","法優品國際行","Fayoupin International Company","高雄市鼓山區美明路８５號２樓","2 F., No. 85, Meiming Rd., Gushan Dist., Kaohsiung City 80457, Taiwan (R.O.C.)","林O融","07-5868767","","有","有"
"79888558","20221107","20221107","鮮道料理亭","Xiandao Co.","高雄市三民區褒揚街102之1號","No. 102-1, Baoyang St., Sanmin Dist., Kaohsiung City 807034, Taiwan (R.O.C.)","張O輔","0975638952","","有","有"
"79889070","20200820","20250321","聖龍企業社","SHENGLONG COMPANY","高雄市前鎮區瑞隆路２２５號１樓","1 F., No. 225, Ruilong Rd., Cianjhen Dist., Kaohsiung City 80645, Taiwan (R.O.C.)","洪O琳","07-7650683","","有","有"
"79889091","20171023","20210811","和昌汽車商行","He Chang Auto Co.","高雄市鳳山區文中街１５９號","No. 159, Wenzhong St., Fengshan Dist., Kaohsiung City 83052, Taiwan (R.O.C.)","郭O明","07-7761295","","有","有"
"79889584","20020910","20210816","小林鐘錶眼鏡股份有限公司高雄分公司","KOBAYASHI OPTICAL CO., LTD. KAOHSIUNG BRANCH","高雄市鹽埕區大勇路６５號１樓","1 F., No. 65, Dayong Rd., Yancheng Dist., Kaohsiung City 80343, Taiwan (R.O.C.)","鄧O仁","04-7612211","04-7619641","有","有"
"79890724","19920317","20210815","上舟全企業有限公司","SHANG CHOU CHUAN ENTERPRISE CO., LTD.","高雄市苓雅區海邊路46號4樓之5","4F.-5, No. 46, Haibian Rd., Lingya Dist., Kaohsiung City 80248, Taiwan (R.O.C.)","康O雄","07-2518377","07-2518337","有","有"
"79890891","20191203","20210811","逸稼設計","TOKYSTONE CO.","高雄市三民區博愛一路２９５號２樓","2 F., No. 295, Bo’ai 1st Rd., Sanmin Dist., Kaohsiung City 80743, Taiwan (R.O.C.)","張O予","0933910703","","有","有"
"79892618","20080822","20250416","威爾森通運股份有限公司高雄分公司","Wilhelmsen Port Services (Taiwan) INC. Kaohsiung Branch","高雄市鹽埕區五福四路178號9樓","9 F., No. 178, Wufu 4th Rd., Yancheng Dist., Kaohsiung City 80344, Taiwan (R.O.C.)","王O賢","02-77015260","07-5611974","有","有"
"79894117","19901206","20230207","世新貨櫃企業股份有限公司","NEW WORLD CONTAINER SERVICES CORP.","高雄市小港區東亞路2號","No. 2, Dongya Rd., Xiaogang Dist., Kaohsiung City 812002, Taiwan (R.O.C.)","姚O林","07-8111121","07-8210514","有","有"
"79894453","19930501","20240402","龍昱企業有限公司","LONG LI ENTERPRISE CO., LTD.","高雄市鹽埕區中山里新興街170號","No. 170, Xinxing St., Zhongshan Vil., Yancheng Dist., Kaohsiung City 80347, Taiwan (R.O.C.)","","07-5312151","07-5617825","無","無"
"79894778","20171211","20210812","花與陶工作室","Flower and pottery studio","高雄市苓雅區光華一路１３２號","No. 132, Guanghua 1st Rd., Lingya Dist., Kaohsiung City 80253, Taiwan (R.O.C.)","蔡O嫻文","07-7257888","","有","有"
"79895523","20181109","20210811","昇銳企業社","Sheng Ruey (Lin) CO., LTD.","高雄市岡山區華崗路１４０巷６號１樓","1 F., No. 6, Ln. 140, Huagang Rd., Gangshan Dist., Kaohsiung City 82056, Taiwan (R.O.C.)","林O佳","07-6232636","","有","有"
"79895869","19871006","20210814","金桔春有限公司","JIN JYE CHUEN CORPORATION","高雄市鹽埕區建國四路197號1樓","1 F., No. 197, Jianguo 4th Rd., Yancheng Dist., Kaohsiung City 80346, Taiwan (R.O.C.)","呂O鴻","07-5216161","","有","有"
"79896781","19861222","20211225","大釗企業股份有限公司","DAA JAU ENTERPRISE CO., LTD.","高雄市鹽埕區大勇路105號2樓","2 F., No. 105, Dayong Rd., Yancheng Dist., Kaohsiung City 80343, Taiwan (R.O.C.)","王O驊","07-5312477","07-5213633","有","有"
"79896889","19891230","20210813","弓海企業有限公司","KUNG HAI ENTERPRISE CORPORATION","高雄市仁武區工業二路8之1號","No. 8-1, Gongye 2nd Rd., Renwu Dist., Kaohsiung City 81469, Taiwan (R.O.C.)","陳O疇","07-2269896","07-2269897","有","有"
"79897297","20170922","20240309","泰和成企業行","UNI-SINCERITY ENTERPRISE CO.","高雄市三民區永年街121巷65號1樓","1 F., No. 65, Ln. 121, Yongnian St., Sanmin Dist., Kaohsiung City 807045, Taiwan (R.O.C.)","連O冠","0932839706","","有","有"
"79897711","19920107","20210814","科吉企業有限公司","SCIENPAK ENTERPRISE CO., LTD.","高雄市苓雅區建國一路99之1號","No. 99-1, Jianguo 1st Rd., Lingya Dist., Kaohsiung City 80284, Taiwan (R.O.C.)","葉O玲","07-7157205","07-7157208","有","有"
"79950068","20050413","20210813","蓮和國際有限公司","UNN NATIONAL CO., LTD.","桃園市平鎮區金星里興安路88巷36號","No. 36, Ln. 88, Xing’an Rd., Jinxing Vil., Pingzhen Dist., Taoyuan City 32456, Taiwan (R.O.C.)","張O民","03-4660588","","有","有"
"79950124","20020717","20210813","冠銓電子有限公司","E-UNO ELECTRONIC CO., LTD.","新北市樹林區大安路145巷3號(2樓)","2 F., No. 3, Ln. 145, Da’an Rd., Shulin Dist., New Taipei City 23847, Taiwan (R.O.C.)","賴O英","02-26816607","02-26819955","有","有"
"79950145","20020529","20210813","輝璜有限公司","HUEI HUAN CO., LTD.","新北市泰山區同興里仁愛路39巷7號7樓","7 F., No. 7, Ln. 39, Ren’ai Rd., Tongxing Vil., Taishan Dist., New Taipei City 24348, Taiwan (R.O.C.)","俞O中","02-2296-2123","","有","有"
"79950412","20021203","20210812","青葉國際有限公司","CHS INTERNATIONAL CO.","新北市八里區龍米路二段二三二巷七號","No. 7, Ln. 232, Sec. 2, Longmi Rd., Bali Dist., New Taipei City 24944, Taiwan (R.O.C.)","楊O文","02-26106389","","有","有"
"79950449","20020523","20220906","頂百欣五金有限公司","TMGROUP CO., LTD.","臺中市西區中興里公益路161號4樓之10","4 F.-10, No. 161, Gongyi Rd., Zhongxing Vil., West Dist., Taichung City 403516, Taiwan (R.O.C.)","謝O真","04-23016601","04-23016743","有","有"
"79950454","20020719","20230304","忠利敬業股份有限公司","JONG LIH INDUSTRIES CO., LTD.","臺中市外埔區大東里23鄰甲后路五段137號1樓","1 F., No. 137, Sec. 5, Jiahou Rd., 23th Neighborhood, Dadong Vil., Waipu Dist., Taichung City 438022, Taiwan (R.O.C.)","葉O頭","04-26872483","04-26869057","有","有"
"79950460","20020515","20230707","希樺股份有限公司","HSI HWA INTERNATIONAL CO., LTD.","新北市新莊區化成路63巷71號（1樓）","1F., No. 71, Ln. 63, Huacheng Rd., Xinzhuang Dist.,  New Taipei City 242039, Taiwan (R.O.C.)","武O弘","02-29996060","02-29994866","有","有"
"79950519","20020703","20210813","名泰化學材料有限公司","MING TAI CHEMICAL MATERIALS CO., LTD.","桃園市觀音區工業五路7號","No. 7, Gongye 5th Rd., Guanyin Dist., Taoyuan City 32853, Taiwan (R.O.C.)","王O衛","03-4831617","03-4831317","有","有"
"79950601","20020528","20230622","北美智權股份有限公司","NORTH AMERICA INTELLECTUAL PROPERTY CORPORATION","新北市永和區福和路389號5樓","5 F., No. 389, Fuhe Rd., Yonghe Dist., New Taipei City 234645, Taiwan (R.O.C.)","許O光","89237350","89237390","有","有"
"79950686","20080117","20210812","佳兒有限公司","JIA ER BABY PRODUCTS CO., LTD.","新北市中和區明穗里民享街９２巷２８之１號","No. 28-1, Ln. 92, Minxiang St., Mingsui Vil., Zhonghe Dist., New Taipei City 23543, Taiwan (R.O.C.)","樊O青","02-22645212","02-22646829","有","有"
"79950721","20020619","20210815","自然花國際企業有限公司","NATURE FLOWER TRADING CO., LTD.","新北市中和區中山路2段33號6樓之11","6F.-11, No. 33, Sec. 2, Zhongshan Rd., Zhonghe Dist., New Taipei City 23554, Taiwan (R.O.C.)","王O穲","02-22265054","02-22267240","有","有"
"79950742","20020626","20221112","茗基塑膠墊股份有限公司","TUBMATS CO., LTD.","臺中市太平區永豐路108巷12弄39號","No. 39, Aly. 12, Ln. 108, Yongfeng Rd., Taiping Dist., Taichung City 411032, Taiwan (R.O.C.)","楊O瑞菊","04-22792603","04-22782095","有","有"
"79950840","20020517","20241105","正智股份有限公司","BOSCE CORP.","臺中市西屯區文心路三段241號19樓之10","19F.-10, No. 241, Sec. 3, Wenxin Rd., Xitun Dist., Taichung City 40753, Taiwan (R.O.C.)","薛O和","04-22956535","04-24372341","有","有"
"79950882","20031111","20210815","采石國際有限公司","COLOR STONE TEC. CO., LTD.","高雄市新興區八德一路307號3樓","3 F., No. 307, Bade 1st Rd., Xinxing Dist., Kaohsiung City 80050, Taiwan (R.O.C.)","詹O玲","0988215092","","有","有"
"79950980","20030827","20210813","泰陽工業有限公司","TAIS YUNG INDUSTRIES CORP.","臺中市太平區宜欣里富宜路190巷2號","No. 2, Ln. 190, Fuyi Rd., Yixin Vil., Taiping Dist., Taichung City 41158, Taiwan (R.O.C.)","張O鳳","04-22770109","04-22770090","有","有"
"79951284","20020612","20230505","銳力有限公司","RUEI LIH CO., LTD.","臺南市北區文賢路520巷10號","No. 10, Ln. 520, Wenxian Rd., North Dist., Tainan City 704014, Taiwan (R.O.C.)","謝O洋","06-2595088","06-2582838","無","無"
"79951329","20030107","20230313","喬鼎生物科技股份有限公司","JORDAM BIO TECHNOLOGY CO., LTD.","臺中市北區立人里陝西二街21之11號2樓","2 F., No. 21-11, Shanxi 2nd St., Liren Vil., North Dist., Taichung City 404526, Taiwan (R.O.C.)","涂O宏","04-22911933","04-22914707","有","有"
"79951334","20021231","20210813","立榮揚有限公司","LI RONG YANG CO., LTD.","臺中市太平區太平十五街13巷3號","No. 3, Ln. 13, Taiping 15th St., Taiping Dist., Taichung City 41165, Taiwan (R.O.C.)","許O雪","04-22792331","04-22770760","有","有"
"79951405","20020516","20220413","新富科技有限公司","POWER RICH TECHNOLOGY CORP.","新北市新店區寶中路86號6樓","6 F., No. 86, Baozhong Rd., Xindian Dist., New Taipei City 23144, Taiwan (R.O.C.)","劉O泰","02-29105570","02-29100530","有","有"
"79951572","20020613","20210814","立晨貿易有限公司","LIE CHANGE TRADING CO., LTD.","桃園市中壢區永強街96號1樓","1 F., No. 96, Yongqiang St., Zhongli Dist., Taoyuan City 32072, Taiwan (R.O.C.)","李O真","03-4535058","03-4535099","有","有"
"79951593","20071008","20210813","光合興業有限公司","SAM LIGHT ENTERPRISE CO., LTD.","基隆市七堵區百六街113及115號","No. 115, Bai 6th St., Qidu Dist., Keelung City 20649, Taiwan (R.O.C.)","葉O敏","02-24526780","02-24510792","有","有"
"79951600","20041019","20210814","當代科技股份有限公司","DNDAI TECH INC.","苗栗縣頭份市後庄里21鄰公北二路85號5樓","5 F., No. 85, Gongbei 2nd Rd., 21th Neighborhood, Houzhuang Vil., Toufen City, Miaoli County 35146, Taiwan (R.O.C.)","陳O柔","03-5538955","03-5536554","有","有"
"79951714","20020521","20210815","開達科技有限公司","WISEKOM TECHNOLOGY LIMITED","新北市瑞芳區逢甲路37之1號","No. 37-1, Fengjia Rd., Ruifang Dist., New Taipei City 22443, Taiwan (R.O.C.)","呂O裕","02-2963-5863","02-2963-5758","有","有"
"79951778","20020704","20230513","卡洛銥企業股份有限公司","UNOGUN INDUSTRIAL CO., LTD.","臺中市神岡區豐洲里豐洲路198巷6號1樓","1 F., No. 6, Ln. 198, Fengzhou Rd., Fengzhou Vil., Shengang Dist., Taichung City 429005, Taiwan (R.O.C.)","李O華","04-25250555","04-25274838","有","有"
"79951828","20080410","20210814","思微軟體服務有限公司","SOFTCULE CORPORATION","臺北市信義區忠孝東路5段1之7號10樓","10 F., No. 1-7, Sec. 5, Zhongxiao E. Rd., Xinyi Dist., Taipei City 11071, Taiwan (R.O.C.)","簡O弘","02-55526199","02-87516341","有","有"
"79951860","20020515","20221122","吉貝兒國際有限公司","CHI BELL INTERNATIONAL CO., LTD.","臺南市安平區菩薩里延平街93號","No. 93, Yanping St., Pusa Vil., Anping Dist.,  Tainan City 708002, Taiwan (R.O.C.)","楊O兒","06-2283494","06-2267248","有","有"
"79952018","20120522","20210813","尚峰興業有限公司","SHAN FENG ENTERPRISE CO., LTD.","臺南市下營區後街里東興二街79號","No. 79, Dongxing 2nd St., Houjie Vil., Xiaying Dist., Tainan City 73542, Taiwan (R.O.C.)","陳O玲","06-6377068","06-6377069","有","有"
"79952024","20091225","20210814","維心國際有限公司","WE SHING INTERNATIONAL CO., LTD.","新北市樹林區西圳街2段135巷53號(1樓)","1 F., No. 53, Ln. 135, Sec. 2, Xizun St., Shulin Dist., New Taipei City 23853, Taiwan (R.O.C.)","林O娟","02-29028814","02-26689206","有","有"
"79952050","20020508","20210814","喬鼎國際有限公司","PRO JOINT INTERNATIONAL CO., LTD.","彰化縣鹿港鎮廖厝里廖厝巷79之11號","No. 79-11, Liaocuo Ln., Liaocuo Vil., Lukang Township, Changhua County 50565, Taiwan (R.O.C.)","吳O政","04-7716698","04-7720669","有","有"
"79952143","20030923","20210814","晶麗科技有限公司","JING LI TECHNOLOGY CO., LTD.","桃園市龜山區萬壽路一段611號4樓之3","4F.-3, No. 611, Sec. 1, Wanshou Rd., Guishan Dist., Taoyuan City 33350, Taiwan (R.O.C.)","詹O龍","02-22995268","02-22995271","有","有"
"79952328","20020527","20210813","坤宗企業有限公司","KUEN-TZONG ENTERPRISE CO., LTD.","嘉義市西區西平里博愛路2段428號1樓","1 F., No. 428, Sec. 2, Bo’ai Rd., Xiping Vil., West Dist., Chiayi City 60090, Taiwan (R.O.C.)","翁O禎","05-2839508","05-2839510","有","有"
"79952354","20060721","20210813","欣馳企業有限公司","FORMI CO., LTD.","桃園市龍潭區五福街106巷48弄1號","No. 1, Aly. 48, Ln. 106, Wufu St., Longtan Dist., Taoyuan City 32548, Taiwan (R.O.C.)","傅O枝","03-409-7917","03-480-2688","有","有"
"79952452","20030708","20250516","納米兀顏企業有限公司","NAMI COLOR ENTERPRISE CO., LTD.","新北市土城區永豐路195巷7弄6號(3樓)","3 F., No. 6, Aly. 7, Ln. 195, Yongfeng Rd., Tucheng Dist., New Taipei City 236004, Taiwan (R.O.C.)","沈O蓓","02-2263-7889","02-2261-5080","有","有"
"79952468","20040223","20210815","勝鈔環保科技股份有限公司","WIN POWER E & T CO., LTD.","南投縣草屯鎮博愛路1363巷49號","No. 49, Ln. 1363, Bo’ai Rd., Caotun Township, Nantou County 54254, Taiwan (R.O.C.)","林O嘉","04-92328488","04-92328278","有","有"
"79952501","20020807","20221111","亞諾瑪國際有限公司","ARNOMA INTERNATIONAL LIMITED","臺中市西屯區河南路二段二六二號十一樓之七","11 F.-7, No. 262, Sec. 2, Henan Rd., Xitun Dist., Taichung City 407349, Taiwan (R.O.C.)","王O滄","04-24512631","04-24512281","無","無"
"79952517","20020607","20210815","昱通電腦製品股份有限公司","WIN TONG ELECTRONICS CO., LTD.","新北市板橋區富山街53號1樓","1 F., No. 53, Fushan St., Banqiao Dist., New Taipei City 22070, Taiwan (R.O.C.)","李O興","02-2256-2298","02-8252-8534","有","有"
"79952523","20020523","20220223","歐斯陸企業有限公司","OIL SEAL ENTERPRISE CO., LTD.","彰化縣福興鄉鎮平村阿力街45-16號","No. 45-16, Ali St., Fuxing Township, Changhua County 50642, Taiwan (R.O.C.)","蘇O德","04-7707930","04-7700687","有","有"
"79952538","20020620","20250329","懋航實業有限公司","MAO YUAN SAING CO., LTD.","嘉義縣民雄鄉秀林村溪底寮32之3號","No. 32-3, Xidiliao, Minxiong Township, Chiayi County 62147, Taiwan (R.O.C.)","","06-2212038","","無","無"
"79952544","20020716","20230324","普威力股份有限公司","PRO-ARIES INDUSTRIES, INC.","臺中市沙鹿區興仁里沙田路48之16號","No. 48-16, Shatian Rd., Xingren Vil., Shalu Dist., Taichung City 433026, Taiwan (R.O.C.)","林O桐","04-26369809","04-26369810","有","有"
"79952592","20030829","20250306","百柏精品百貨有限公司","PALPO LUXURY MERCHANDISE CO., LTD","臺中市中區繼光里光復路32號1樓","1 F., No. 30-2, Guangfu Rd., Luchuan Vil., Central Dist., Taichung City 40045, Taiwan (R.O.C.)","邱O豪","04-22259383","","有","有"
"79952755","20020604","20210814","津綻石英科技股份有限公司","JENJAAN QUARTEK CORPORATION","新北市中和區員山路504號3樓之5","3F.-5, No. 504, Yuanshan Rd., Zhonghe Dist., New Taipei City 23545, Taiwan (R.O.C.)","盛O明","02-8221-4498","02-8221-4499","有","有"
"79952782","20030117","20230714","亞帝熱導科技股份有限公司","ATTIC THERMAL TECH CO., LTD.","新北市五股區五權三路49號","No. 49, Wuquan 3rd Rd., Wugu Dist., New Taipei City 248021, Taiwan (R.O.C.)","","02-2299-1988","02-2299-0772","無","無"
"79952827","20020520","20210815","博詳科技股份有限公司","POWERSHOW LIMITED","新北市三重區大仁街48巷22號1樓","1 F., No. 22, Ln. 48, Daren St., Sanchong Dist., New Taipei City 24145, Taiwan (R.O.C.)","沈O池","02-8988-2167","02-8988-3016","有","有"
"79952832","20020507","20250613","合水三崎股份有限公司","Aswater Sunchi Ltd.","臺中市西區民龍里臺灣大道二段309號12樓之2","12F.-2, No. 309, Sec. 2, Taiwan Blvd., Minlong Vil., West Dist., Taichung City 40360, Taiwan (R.O.C.)","潘O鴻","04-35028258","04-35028358","有","有"
"79952896","20020517","20231208","騏締科技股份有限公司","KINGDY TECHNOLOGY INCORPORATED","新北市中和區建一路186號18樓之4","18 F.-4, No. 186, Jian 1st Rd., Zhonghe Dist., New Taipei City 235603, Taiwan (R.O.C.)","陳O村","02-3234-6288","02-3234-3199","有","有"
"79952988","20040826","20210815","良宇工業有限公司","E-LIANG YU COMPANY LIMITED","苗栗縣頭份市蘆竹里2鄰蘆竹路87號","No. 87, Luzhu Rd., 2nd Neighborhood, Luzhu Vil., Toufen City, Miaoli County 35145, Taiwan (R.O.C.)","范O全","037-621535","037-633310","有","有"
"79953001","20031017","20230321","唐榮車輛科技股份有限公司","TANGENG ADVANCED VEHICLES CO., LTD.","臺北市中山區南京東路2段160號9樓","9 F., No. 160, Sec. 2, Nanjing E. Rd., Zhongshan Dist., Taipei City 104695, Taiwan (R.O.C.)","何O純","07-6955665","07-6955667","有","有"
"79953017","20020514","20230712","祐貿企業股份有限公司","YO JET PLASTIC MOLD CO., LTD.","臺南市安南區布袋里工明南一路50號1樓","1 F., No. 50, Gongming S. 1st Rd., Budai Vil., Annan Dist., Tainan City 709028, Taiwan (R.O.C.)","林O怡","06-2557469","06-2557473","有","有"
"79953038","20181203","20210812","悅新興業股份有限公司","YUEH SIN CO., LTD.","新北市三峽區中園街225之8號","No. 225-8, Zhongyuan St., Sanxia Dist., New Taipei City 23742, Taiwan (R.O.C.)","林O利","02-26780900","02-26780935","有","有"
"79953446","20021018","20230706","國裕地磚企業有限公司","SUPER DEER ENTERPRISE CO., LTD.","彰化縣福興鄉同安村員鹿路一段581巷48弄22號","No. 22, Aly. 48, Ln. 581, Sec. 1,  Yuanlu Rd., Tong'an Vil., Fuxing Township,  Changhua County 506011, Taiwan (R.O.C.)","","04-7772228","04-7771619","無","無"
"79953451","20030416","20231221","多娜商務有限公司","DONNA BUSINESS CENTER CO., LTD.","臺中市西區後龍里民族路279號1樓","1 F., No. 279, Minzu Rd., Houlong Vil., West Dist., Taichung City 403010, Taiwan (R.O.C.)","蕭O","04-22022233","04-22069633","有","有"
"79953473","20020517","20230518","祐康有限公司","YO KANG WU TRADING CO., LTD.","屏東縣潮州鎮三共里朝昇路45巷18號1樓","1 F., No. 18, Ln. 45, Chaosheng Rd., Sangong Vil., Chaozhou Township, Pingtung County 920008, Taiwan (R.O.C.)","潘O發","03-2127317","03-2127320","無","無"
"79953558","20020710","20221206","盛友有限公司","SEIYU CORP.","新北市汐止區新台五路1段178號3樓","3 F., No. 178, Sec. 1, Xintai 5th Rd., Xizhi Dist., New Taipei City 221038, Taiwan (R.O.C.)","盧O樺","02-26472311","02-2691-9877","有","有"
"79953608","20030804","20250416","京昀科技有限公司","JING YUN TECHNOLOGY CO., LTD.","臺中市東區振興路358巷50號1樓","1 F., No. 50, Ln. 358, Zhenxing Rd., East Dist., Taichung City 401015, Taiwan (R.O.C.)","阮O岳","04-2496-8170","04-2496-9513","有","有"
"79953620","20030520","20210812","聖璽貿易有限公司","SHENQHSI TRADING CO., LTD.","新北市汐止區禮門街一六號","No. 16, Limen St., Xizhi Dist., New Taipei City 22184, Taiwan (R.O.C.)","林O真","02-2968-2547","02-2960-6659","有","有"
"79953635","20150109","20230726","普易科技股份有限公司","PROEASY NETWORK SOLUTIONS CO., LTD.","新竹縣芎林鄉上山村10鄰文山路1066號","No. 1066, Wenshan Rd., 10th Neighborhood, Shangshan Vil., Qionglin Township,  Hsinchu County 307001, Taiwan (R.O.C.)","孟O玫","035970808#56603","03-5986018","無","無"
"79953678","20090923","20210813","鉅思國際企業有限公司","GREAT BEING INTERNATIONAL ENTERPRISE CO., LTD.","屏東縣屏東市崇蘭里古松西巷4弄74號1樓","1 F., No. 74, Aly. 4, Gusong W. Ln., Chonglan Vil., Pingtung City, Pingtung County 90070, Taiwan (R.O.C.)","陳O彰","07-6813788","07-6816811","有","有"
"79953706","20020613","20210815","逸聲國際有限公司","EASTERN CROSS TECHNOLOGY CORP.","雲林縣斗六市育英南街42號四樓之2","4F.-2, No. 42, Yuying S. St., Douliu City, Yunlin County 64046, Taiwan (R.O.C.)","陳O華","05-5371931","05-5371933","有","有"
"79953797","20170606","20230418","瑞興實業有限公司","RESHING CO., LTD.","臺中市大里區仁德里善化路17號1樓","1 F., No. 17, Shanhua Rd., Rende Vil., Dali Dist., Taichung City 412036, Taiwan (R.O.C.)","盧O福","04-25156077","04-25156076","有","有"
"79953831","20030404","20210814","信得技術顧問股份有限公司","CREDITABLE SERVICE TECHNOLOGY CONSULTANTS CO., LTD.","新北市中和區景新街347號7樓之1","7F.-1, No. 347, Jingxin St., Zhonghe Dist., New Taipei City 23582, Taiwan (R.O.C.)","許O瑜","02-29484805","02-29484809","有","有"
"79953895","20030402","20230805","鉅磐有限公司","GIANT PAN CO., LTD.","新北市板橋區民治街71巷50號2樓","2 F., No. 50, Ln. 71, Minzhi St., Banqiao Dist., New Taipei City 220024, Taiwan (R.O.C.)","謝O峰","02-8258-5588#9397","02-8258-5566","有","有"
"79953918","20020605","20210812","蓮捷國際有限公司","SINIMAX CO., LTD.","臺北市萬華區開封街2段40號8樓之2","8F.-2, No. 40, Sec. 2, Kaifeng St., Wanhua Dist., Taipei City 10841, Taiwan (R.O.C.)","陳O瑀","02-2388-9640","02-2388-9553","有","有"
"79953972","20020529","20210813","玉佃實業有限公司","YU DEAN INDUSTRIAL CO., LTD.","彰化縣鹿港鎮頭南里頭庄巷40號","No. 40, Touzhuang Ln., Tounan Vil., Lukang Township, Changhua County 50564, Taiwan (R.O.C.)","蔡O明","04-7710401","04-771-6212","有","有"
"79953987","20020529","20210813","麒悅企業股份有限公司","CHI YUEH ENTERPRISE LTD.","屏東縣萬巒鄉萬和村南進路1-68號一樓","1 F., No. 1-68, Nanjin Rd., Wanluan Township, Pingtung County 92341, Taiwan (R.O.C.)","許O賢","08-7811499","08-7815559","有","有"
"79953993","20080916","20240708","巧而美有限公司","CHIAO ER MEI CO., LTD.","桃園市八德區富榮街232之2號","No. 232-2, Furong St., Bade Dist., Taoyuan City 334023, Taiwan (R.O.C.)","林O清","03-3679901","03-2184662","有","有"
"79954199","20050117","20210813","川峰工業有限公司","CHUNTECH INDUSTRIAL CO., LTD.","臺中市潭子區潭秀里中山路三段13巷13號","No. 13, Ln. 13, Sec. 3, Zhongshan Rd., Tanxiu Vil., Tanzi Dist., Taichung City 42756, Taiwan (R.O.C.)","林O標","886-4-25353390","886-4-25350505","有","有"
"79954297","20231004","20231004","大津通運有限公司","DA JIN TRANSPORTATION CO., LTD.","臺中市龍井區龍津里中央路一段3巷170號2樓","2 F., No. 170, Ln. 3, Sec. 1, Zhongyang Rd., Longjin Vil., Longjing Dist., Taichung City 434024, Taiwan (R.O.C.)","柯O霞","04-26380171","","有","有"
"79954352","20020625","20210813","彰育企業有限公司","MIRROR KING ENTERPRISE CO., LTD.","彰化縣福興鄉同安村同安巷34-5號","No. 34-5, Tong’an Ln., Fuxing Township, Changhua County 50644, Taiwan (R.O.C.)","黃O宏","04-7741080","04-7741231","有","有"
"79954389","20020520","20230414","金篆有限公司","GOLDEN LIVING CO., LTD.","宜蘭縣壯圍鄉復興村紅葉路54號","No. 54, Hongye Rd., Fuxing Vil., Zhuangwei Township,  Yilan County 263032, Taiwan (R.O.C.)","陳O淑","02-29061169","02-29061119","有","有"
"79954402","20040810","20210813","得益寶股份有限公司","DO IT SMART CO., LTD.","新北市板橋區四川路2段239號15樓-4","Rm. 4, 15 F., No. 239, Sec. 2, Sichuan Rd., Banqiao Dist., New Taipei City 22061, Taiwan (R.O.C.)","陳O屹","02-89523848","","有","有"
"79954487","20050808","20231109","聖鑫興業股份有限公司","SHENG XIN ALUMINUM ENTERPRISES CO., LTD.","高雄市湖內區寧靖街25巷6弄15號","No. 15, Aly. 6, Ln. 25, Ningjing St., Hunei Dist., Kaohsiung City 829006, Taiwan (R.O.C.)","王O明","07-6241831","07-6241790","有","有"
"79954515","20020513","20230629","鑫碁工程科技股份有限公司","EAST FAST TECHNOLOGY CO., LTD.","臺中市南屯區田心里大墩四街321號地下一層","No. 321, Dadun 4th St., Tianxin Vil., Nantun Dist., Taichung City 408304, Taiwan (R.O.C.)","施O中","04-2208-7057","04-2208-7059","無","無"
"79954557","20140804","20210815","華森環境工程有限公司","HUA-SUN ENVIRONMENT ENGINEERING CO.","桃園市平鎮區平南里中豐路南勢二段460巷138號","No. 138, Ln. 460, Nanshi Sec. 2, Zhongfeng Rd., Pingnan Vil., Pingzhen Dist., Taoyuan City 32472, Taiwan (R.O.C.)","游O炎","03-3383857","","有","有"
"79954613","20200327","20210814","捷菲爾資產管理有限公司","J.F.R CO., LTD.","臺北市中正區羅斯福路3段125號10樓","10 F., No. 125, Sec. 3, Roosevelt Rd., Zhongzheng Dist., Taipei City 100, Taiwan (R.O.C.)","洪O鎂","02-23660085","02-23660317","有","有"
"79954705","20020604","20210814","雙承實業有限公司","SHUANG CHENG INDUSTRIAL CO., LTD.","桃園市中壢區復興路52號2樓","2 F., No. 52, Fuxing Rd., Zhongli Dist., Taoyuan City 32041, Taiwan (R.O.C.)","田O溱","03-4225769","03-4225829","有","有"
"79954780","20021211","20250618","荃立精密股份有限公司","IN POWER MINUTE CO., LTD.","新竹市香山區港南里西濱路二段740號2樓","2 F., No. 740, Sec. 2, Xibin Rd., Gangnan Vil., Xiangshan Dist., Hsinchu City 300069, Taiwan (R.O.C.)","李O興","03-5380878#201","03-5380782","有","有"
"79954830","20040302","20210815","凱羅科技工程股份有限公司","CAIRO CIRCUIT CO., LTD.","新北市新莊區福營路326號1樓","1 F., No. 326, Fuying Rd., Xinzhuang Dist., New Taipei City 24258, Taiwan (R.O.C.)","邱O明","02-29051419","02-29048318","有","有"
"79954867","20040609","20221117","翔鑫貿易有限公司","HSIANG HSIN TRADING CO., LTD.","臺南市北區西門路4段110巷11號2樓","2 F., No. 11, Ln. 110, Sec. 4, Ximen Rd., North Dist., Tainan City 704008, Taiwan (R.O.C.)","陳O玲","06-2828571","06-2834331","無","無"
"79954901","20210726","20220603","潤得投資股份有限公司","RUNDE INVESTMENT .CO., LTD","臺北市中正區館前路2號12樓","12 F., No. 2, Guanqian Rd., Zhongzheng Dist., Taipei City 100007, Taiwan (R.O.C.)","吳O隆","04-22351931","","有","有"
"79955129","20020529","20210814","城邑企業有限公司","HWANG SHEEN INTERNATIONAL CO., LTD.","臺北市大同區民族西路187巷29號1樓","1 F., No. 29, Ln. 187, Minzu W. Rd., Datong Dist., Taipei City 10369, Taiwan (R.O.C.)","陳O紋","02-22579252","02-22556750","有","有"
"79955134","20020625","20230506","佑昇雷射股份有限公司","ASIA POWER LASER MAKER CO., LTD.","臺中市西屯區港尾里同志巷37之17號","No. 37-17, Tongzhi Ln., Gangwei Vil., Xitun Dist., Taichung City 407012, Taiwan (R.O.C.)","潘O義","04-24263121","04-24263062","有","有"
"79955140","20080815","20240710","太引資訊系統股份有限公司","TYNE SYSTEMS CORPORATION","新竹市東區東光路55號4樓之1","4F.-1, No. 55, Dongguang Rd., East Dist., Hsinchu City 30069, Taiwan (R.O.C.)","周O怡","03-5726781#101","03-5737833","有","有"
"79955177","20050614","20210813","永茂印業有限公司","SEIMO PRINTED CO., LTD.","新北市三重區重新路5段627巷8號","No. 8, Ln. 627, Sec. 5, Chongxin Rd., Sanchong Dist., New Taipei City 24158, Taiwan (R.O.C.)","廖O雪","02-29950123","02-2995-0236","有","有"
"79955198","20020527","20221230","東森水處理股份有限公司","FAIRY WATER INDUSTRIAL CO., LTD.","高雄市苓雅區民主里大順三路303-1號","No. 303-1, Dashun 3rd Rd., Minzhu Vil., Lingya Dist., Kaohsiung City 802013, Taiwan (R.O.C.)","金O鴻","08-7774588","","有","有"
"79955232","20050128","20210812","晟波有限公司","CHN POR CO., LTD.","新北市蘆洲區民族路二八巷二號一樓","1 F., No. 2, Ln. 28, Minzu Rd., Luzhou Dist., New Taipei City 24741, Taiwan (R.O.C.)","林O波","02-22814619","02-29868529","有","有"
"79955280","20080422","20221105","饗賓餐旅事業股份有限公司","FEASTOGETHER GROUP CO., LTD.","桃園市大園區五青路150巷12號","No. 12, Ln. 150, Wuqing Rd., Dayuan Dist., Taoyuan City 337606, Taiwan (R.O.C.)","陳O昌","03-3810288","03-3810920","有","有"
"79955319","20020531","20240418","欣中實業有限公司","SINZHONG CO., LTD.","新北市中和區立業路63號5樓","5 F., No. 63, Liye Rd., Zhonghe Dist., New Taipei City 235028, Taiwan (R.O.C.)","林O州","886-2-8245-3616","886-2-8245-3618","有","有"
"79955330","20190625","20210814","友來得股份有限公司","Uliderol Co., Ltd.","桃園市蘆竹區中興一街75號","No. 75, Zhongxing 1st St., Luzhu Dist., Taoyuan City 33857, Taiwan (R.O.C.)","李O勝","03-3131700","03-3131279","有","有"
"79955373","20020517","20210813","重慶國際有限公司","AV KING CO., LTD.","臺中市豐原區西勢路377號1樓","1 F., No. 377, Xishi Rd., Fengyuan Dist., Taichung City 42061, Taiwan (R.O.C.)","蔡O松","04-25241588","04-25241588","有","有"
"79955423","20110624","20230203","迪生電腦有限公司","DISON COMPUTER CO., LTD.","桃園市中壢區舊明里長安街78號1樓","1 F., No. 78, Chang’an St., Jiuming Vil., Zhongli Dist., Taoyuan City 320061, Taiwan (R.O.C.)","方O廸","03-4010160","03-4923782","無","無"
"79955747","20091015","20230401","雅築有限公司","YEA JHU CO., LTD.","苗栗縣頭份市頭份里20鄰顯會路73巷10弄22號","No. 22, Aly. 10, Ln. 73, Xianhui Rd., 20th Neighborhood, Toufen Vil., Toufen City, Miaoli County 351018, Taiwan (R.O.C.)","劉O城","0933459742","","無","無"
"79955802","20050711","20210814","昇奕精密工業有限公司","SANE PRECISION INDUSTRY CO., LTD.","臺中市大里區瑞城里中興路一段26巷47號","No. 47, Ln. 26, Sec. 1, Zhongxing Rd., Ruicheng Vil., Dali Dist., Taichung City 41267, Taiwan (R.O.C.)","吳O娟","04-24938881","04-24923928","有","有"
"79955818","20080702","20230609","艾康資訊科技有限公司","ACOMDATA TECHNOLOGY INC.","桃園市蘆竹區經國路890號16樓","16 F., No. 890, Jingguo Rd., Luzhu Dist., Taoyuan City 338018, Taiwan (R.O.C.)","吳O耀","03-2126157","03-2124480","有","有"
"79955824","20020529","20210813","艾興貿易有限公司","GLORY ACTION CO., LTD.","臺南市歸仁區新厝里公園路240號","No. 240, Gongyuan Rd., Xincuo Vil., Guiren Dist., Tainan City 71146, Taiwan (R.O.C.)","陳O鴻","06-2390968","06-2390821","有","有"
"79955839","20120416","20210813","協一電子實業有限公司","SHELL ELECTRONIC TAIWAN LIMITED","桃園市龜山區萬壽路二段696號7樓","7 F., No. 696, Sec. 2, Wanshou Rd., Guishan Dist., Taoyuan City 33343, Taiwan (R.O.C.)","魏O煌","03-3288188","03-3288186","無","無"
"79955845","20020627","20210815","揚大國際有限公司","YOUNG TECH ADVANCED CO., LTD.","臺中市南屯區文山里寶山五街70號1樓","1 F., No. 70, Baoshan 5th St., Wenshan Vil., Nantun Dist., Taichung City 40859, Taiwan (R.O.C.)","廖O志","04-23867648","04-23868056","有","有"
"79955872","20030520","20210814","群智自動化機械有限公司","CHUN CHIN AUTOMATIC M/C., LTD.","桃園市中壢區龍興路167號8樓之3","8F.-3, No. 167, Longxing Rd., Zhongli Dist., Taoyuan City 32095, Taiwan (R.O.C.)","黃O楷","03-3710711","03-3616450","有","有"
"79955916","20020523","20210812","創進企業有限公司","INNOPRO GROUP CORPORATION","新北市新店區復興里建國路257號7樓之12","7F.-12, No. 257, Jianguo Rd., Fuxing Vil., Xindian Dist., New Taipei City 23142, Taiwan (R.O.C.)","許O和","02-89135078","02-89135079","有","有"
"79955943","20210623","20221018","金鼎興業有限公司","Goldteam Establishment, Ltd.","桃園市桃園區民生路99號 (1樓)","1 F., No. 99, Minsheng Rd., Taoyuan Dist., Taoyuan City 330002, Taiwan (R.O.C.)","許O勻","0956765678","","有","有"
"79955970","20091013","20210813","欣隆成工程有限公司","SHIN LONG CHERNG ENGINEERING CO., LTD.","新北市三峽區大智路57號15樓","15 F., No. 57, Dazhi Rd., Sanxia Dist., New Taipei City 23741, Taiwan (R.O.C.)","王O祿","02-86719811","02-86715701","有","有"
"79956014","20020626","20210813","泓源紡織股份有限公司","MAY JACQUARD TEXTILE MANUFACTURING CO., LTD.","桃園市蘆竹區吉林路１１１之１號１４樓","14 F., No. 111-1, Jilin Rd., Luzhu Dist., Taoyuan City 33850, Taiwan (R.O.C.)","游O忠","03-3240622","03-3240623","有","有"
"79956078","20020621","20210815","佳益機電工程有限公司","JIA YIH M&E CO., LTD.","臺北市中正區中華路1段59號9樓","9 F., No. 59, Sec. 1, Zhonghua Rd., Zhongzheng Dist., Taipei City 10042, Taiwan (R.O.C.)","林O鴻","02-2296-1899","02-2296-7599","有","有"
"79956160","20140805","20210815","昱程企業有限公司","YU-CHERNG ENTERPRISES CO., LTD.","高雄市彌陀區中正路91號1樓","1 F., No. 91, Zhongzheng Rd., Mituo Dist., Kaohsiung City 82743, Taiwan (R.O.C.)","宋O連","07-6192948","07-6179732","有","有"
"79956181","20071212","20210813","恆貿行實業有限公司","HENG MAO HARNG ENTERPRISE CO., LTD.","新北市蘆洲區信義路一一三巷一弄五號一樓","1 F., No. 5, Aly. 1, Ln. 113, Xinyi Rd., Luzhou Dist., New Taipei City 24747, Taiwan (R.O.C.)","賴O靖","02-22895461","02-22834051","有","有"
"79956210","20030613","20210815","鑫鼎欣業有限公司","SHIN DING SHIN YEH CO.,LTD","桃園市桃園區春日路872號10樓","10 F., No. 872, Chunri Rd., Taoyuan Dist., Taoyuan City 33050, Taiwan (R.O.C.)","馮O華","03-354-4712","03-354-4477","有","有"
"79956324","20030811","20220422","羅莎艾倫國際有限公司","ROSAALAIN CO., LTD.","新北市樹林區西圳街1段116巷8號","No. 8, Ln. 116, Sec. 1, Xizun St., Shulin Dist., New Taipei City 23851, Taiwan (R.O.C.)","鄭O新","02-89704662","02-89704073","有","有"
"79956345","20020717","20210813","宇鍾實業股份有限公司","YIE CHANG INDUSTRIAL CO., LTD.","臺中市太平區永平路二段279號","No. 279, Sec. 2, Yongping Rd., Taiping Dist., Taichung City 41144, Taiwan (R.O.C.)","林O盛","04-22777833","04-22756512","有","有"
"79956366","20190827","20210813","凱那有限公司","KAINA CO.","南投縣南投市建國路108號1樓","1 F., No. 108, Jianguo Rd., Nantou City, Nantou County 54064, Taiwan (R.O.C.)","簡O綺","049-2246180","無","有","有"
"79956372","20020531","20210813","朋原有限公司","PENG YUAN CO., LTD.","新北市汐止區福安街57巷1號4樓","4 F., No. 1, Ln. 57, Fu’an St., Xizhi Dist., New Taipei City 22164, Taiwan (R.O.C.)","陳O源","02-24586241","02-26474248","有","有"
"79956393","20020529","20210812","元氣源生化科技股份有限公司","VIGOR SOURCE (TAIWAN) CORP.","臺南市北區育德二路205巷15號1樓","1 F., No. 15, Ln. 205, Yude 2nd Rd., North Dist., Tainan City 70465, Taiwan (R.O.C.)","杜O焜","06-2817017","06-2821879","有","有"
"79956485","20020531","20230414","昇輝科技股份有限公司","AIR-SUPPLY TECHNOLOGY CO., LTD.","臺中市太平區宜欣路57巷21號1樓","1 F., No. 21, Ln. 57, Yixin Rd., Taiping Dist., Taichung City 411018, Taiwan (R.O.C.)","袁O惠","04-22780790","04-22775958","無","無"
"79956529","20020529","20210813","星月珠國際有限公司","SHING VEUH JU INTERNATIONAL CO., LTD.","臺中市南區工學里復興路一段438號1樓","1 F., No. 438, Sec. 1, Fuxing Rd., Gongxue Vil., South Dist., Taichung City 40256, Taiwan (R.O.C.)","賴O男","04-22610969","04-23766283","有","有"
"79956582","20020619","20210813","敬瑋貿易有限公司","JING WEI MACHINERY TRADING LTD.","臺中市南屯區文山里寶山一街60號1樓","1 F., No. 60, Baoshan 1st St., Wenshan Vil., Nantun Dist., Taichung City 40859, Taiwan (R.O.C.)","廖O璘","04-23891551","04-23811247","有","有"
"79956859","20020517","20230224","弘鎰國際有限公司","HONG YIR CO., LTD.","臺南市安南區海西里海前路101號","No. 101, Haiqian Rd., Haixi Vil., Annan Dist., Tainan City 709033, Taiwan (R.O.C.)","陳O貝","06-2550627","06-2560085","有","有"
"79956892","20020726","20210815","俊成木材股份有限公司","CHUN CHEN WOOD CO., LTD.","新北市林口區中正路57巷20號4樓","4 F., No. 20, Ln. 57, Zhongzheng Rd., Linkou Dist., New Taipei City 24449, Taiwan (R.O.C.)","吳O德","02-2601-3337","02-2601-3997","有","有"
"79956942","20050829","20241024","鈦能科技股份有限公司","TALON TECHNOLOGY CO., LTD.","桃園市觀音區崙坪里1鄰崙坪1之41號","No. 1-41, Lunping, 1st Neighborhood, Lunping Vil., Guanyin Dist.,  Taoyuan City 328006, Taiwan (R.O.C.)","許O吉","03-4917383","03-4917482","有","有"
"79956957","20181206","20210815","偉新塑膠有限公司","WEI XIN PLASTIC CO., LTD.","新北市新莊區新樹路244巷72號","No. 72, Ln. 244, Xinshu Rd., Xinzhuang Dist., New Taipei City 24262, Taiwan (R.O.C.)","王O蓁","02-22081899","02-22082802","有","有"
"79956990","20020521","20240218","先科有機有限公司","SENKO ORGANIC CO., LTD.","臺南市東區和平里東門路3段226巷20號2樓","2 F., No. 20, Ln. 226, Sec. 3, Dongmen Rd., Heping Vil., East Dist., Tainan City 701017, Taiwan (R.O.C.)","陳O鴻","06-2387795","06-2008185","有","有"
"79957034","20020605","20240326","瑪福企業有限公司","DESIGNTEC CO., LTD.","基隆市安樂區麥金路231之2號","No. 231-2, Maijin Rd., Anle Dist., Keelung City 20448, Taiwan (R.O.C.)","蔡O苓","03-3395430","03-3311401","無","無"
"79957040","20030509","20240727","磁震科技開發股份有限公司","COTECH INC.","臺中市梧棲區經一路21號","No. 21, Jing 1st Rd., Wuqi Dist., Taichung City 43541, Taiwan (R.O.C.)","謝O廷","04-26595211","04-26595198","有","有"
"79957098","20050222","20210813","傅軒有限公司","FWU HSUAN CO., LTD.","桃園市中壢區永光里三光路三六一號一樓","1 F., No. 361, Sanguang Rd., Yongguang Vil., Zhongli Dist., Taoyuan City 32055, Taiwan (R.O.C.)","傅O顯","03-4020957","03-4020959","有","有"
"79957153","20020528","20210814","睿益工業股份有限公司","MATRIX METAL CORP.","臺中市大甲區日南里工九路16號","No. 16, Gong 9th Rd., Rinan Vil., Dajia Dist., Taichung City 43769, Taiwan (R.O.C.)","郭O圓","04-26817542","04-26811263","有","有"
"79957196","20020606","20210815","堯堂實業有限公司","EMPIRE YAU CO., LTD.","臺北市內湖區內湖路1段66號3樓","3 F., No. 66, Sec. 1, Neihu Rd., Neihu Dist., Taipei City 11493, Taiwan (R.O.C.)","劉O瑋","02-87975138","02-87975038","有","有"
"79957273","20020523","20210812","麗集有限公司","DK NINE CORPORATION","高雄市小港區宏平路10號1樓","1 F., No. 10, Hongping Rd., Xiaogang Dist., Kaohsiung City 81268, Taiwan (R.O.C.)","陳O忠","04-25651789","04-25651436","有","有"
"79957338","20020520","20210814","超玄有限公司","CHAU SHYUAN CO., LTD.","臺中市南屯區大墩七街101巷20號1樓","1 F., No. 20, Ln. 101, Dadun 7th St., Nantun Dist., Taichung City 40864, Taiwan (R.O.C.)","王O源","04-24736833","04-24757752","有","有"
"79957386","20020709","20210813","台灣保利國際有限公司","TAIWAN POLLY INTERNATIONAL COMPANY LIMITED","臺中市大雅區橫山里中山五路13號","No. 13, Zhongshan 5th Rd., Hengshan Vil., Daya Dist., Taichung City 42877, Taiwan (R.O.C.)","郭O生","04-25671146","","有","有"
"79957512","20020529","20210814","高佛國際有限公司","GOOD & FAIR INTERNATIONAL CO., LTD.","臺中市西屯區成都路191號1樓","1 F., No. 191, Chengdu Rd., Xitun Dist., Taichung City 40751, Taiwan (R.O.C.)","許O妃","04-23174826","04-23141915","有","有"
"79957576","20030514","20221209","祥竑電子股份有限公司","HSIANG HUNG ELECTRONICS CO., LTD.","桃園市平鎮區湧安里工業十二路1之1號1樓","1 F., No. 1-1, Gongye 12th Rd., Yong’an Vil., Pingzhen Dist., Taoyuan City 324403, Taiwan (R.O.C.)","黃O祥","03-4193073","03-4193060","有","有"
"79957702","20020530","20250411","荷美堤股份有限公司","LOTUS MEDITEK CO., LTD.","臺南市東區虎尾里東門路3段293號3樓之5","3F.-5, No. 293, Sec. 3, Dongmen Rd., Huwei Vil., East Dist., Tainan City 70172, Taiwan (R.O.C.)","","06-2903269","06-2903297","無","無"
"79957718","20020619","20210814","芯科資訊股份有限公司","INFOSYNC INC.","新北市汐止區樟樹二路270號5樓","5 F., No. 270, Zhangshu 2nd Rd., Xizhi Dist., New Taipei City 22159, Taiwan (R.O.C.)","潘O傑","02-26498086","02-26499305","有","有"
"79957724","20020917","20210815","翔毅國際有限公司","SHIANG-I AUTO CO., LTD.","雲林縣土庫鎮南平里馬光路九三號一樓","1 F., No. 93, Maguang Rd., Nanping Vil., Tuku Township, Yunlin County 63351, Taiwan (R.O.C.)","李O芬","05-6312538","05-6313555","有","有"
"79957739","20030411","20230106","楠凱資訊有限公司","NANCAT INFORMATION CO., LTD.","花蓮縣花蓮市國風里林榮街122號","No. 122, Linrong St., Guofeng Vil., Hualien City, Hualien County 970011, Taiwan (R.O.C.)","高O銘","03-834-3037","03-832-6687","無","無"
"79957766","20020524","20210813","銓達科技有限公司","A-TRENDER CO., LTD.","桃園市楊梅區瑞梅街１７號１樓","1 F., No. 17, Ruimei St., Yangmei Dist., Taoyuan City 32665, Taiwan (R.O.C.)","孫O鈺","03-4818966","03-4817785","有","有"
"79957787","20020717","20210812","閔浤有限公司","MIIN HORNG CO., LTD.","新北市鶯歌區鶯桃路一二○巷五號","No. 5, Ln. 120, Yingtao Rd., Yingge Dist., New Taipei City 23943, Taiwan (R.O.C.)","馮O春","02-86775570","","有","有"
"79957864","20081126","20210813","芳松有限公司","FUN SONG LTD.","新北市板橋區大觀路二段187巷9號","No. 9, Ln. 187, Sec. 2, Daguan Rd., Banqiao Dist., New Taipei City 22058, Taiwan (R.O.C.)","呂O欽","02-22756255","02-22756278","有","有"
"79957891","20020910","20210813","昇璟科技有限公司","GARDEN MASTER CO., LTD.","彰化縣和美鎮嘉犁里鎮東路69號","No. 69, Zhendong Rd., Jiali Vil., Hemei Township, Changhua County 50849, Taiwan (R.O.C.)","吳O彥","04-7360175","04-7364108","有","有"
"79958049","20070412","20230610","龍馬床業家具有限公司","UNICORN MATTRESS CO., LTD.","新北市土城區明德路1段240巷26弄23號8樓","8 F., No. 23, Aly. 26, Ln. 240, Sec. 1, Mingde Rd., Tucheng Dist., New Taipei City 236009, Taiwan (R.O.C.)","薛O民","02-22736655","02-22610482","有","有"
"79958189","20020610","20211208","綺麗興業有限公司","CHIH LI DEVELOPMENT CO., LTD.","臺中市后里區墩北里大興路236號1樓","1 F., No. 236, Daxing Rd., Dunbei Vil., Houli Dist., Taichung City 42150, Taiwan (R.O.C.)","陳O樺","04-25579350","04-24072982","有","有"
"79958202","20020527","20210815","豐展貿易股份有限公司","FENG ZHAN TRADING CO., LTD.","新北市中和區景安里景新街二一○巷四三｜四號","No. 4, Ln. 210, Jingxin St., Jing’an Vil., Zhonghe Dist., New Taipei City 23571, Taiwan (R.O.C.)","黎O貴","29462533","89311810","有","有"
"79958343","20210104","20210812","科全企管顧問股份有限公司","KE CHIUAN Consulting Co., Ltd.","新北市三重區名源街52之1號","No. 52-1, Mingyuan St., Sanchong Dist., New Taipei City 24161, Taiwan (R.O.C.)","林O晴","02-2299-5888","","無","無"
"79958420","20040430","20231215","輪轉驅動有限公司","WDMS COMPANY LIMITED","新北市板橋區長安街331巷20號1樓","1 F., No. 20, Ln. 331, Chang’an St., Banqiao Dist., New Taipei City 220075, Taiwan (R.O.C.)","陳O峰","02-8953-7601","02-8953-7602","有","有"
"79958435","20210518","20210518","揚慶建設股份有限公司","YANG CING CONSTRUCTION CO., LTD.","高雄市新興區民族二路26號2樓","2 F., No. 26, Minzu 2nd Rd., Xinxing Dist., Kaohsiung City 80047, Taiwan (R.O.C.)","吳O芬","07-7801216","","有","有"
"79958462","20020830","20210815","麗晶生化科技有限公司","LEEJINN BIOCHEMICAL TECHNOLOGY CO., LTD.","臺中市后里區月眉里月湖東路398號2樓","2 F., No. 398, Yuehu E. Rd., Yuemei Vil., Houli Dist., Taichung City 42144, Taiwan (R.O.C.)","陳O凉","04-25572798","04-25573233","有","有"
"79958625","20031006","20210813","金坤塑膠有限公司","JIN KUN PLASTICS CO., LTD.","彰化縣鹿港鎮頂番里彰頂路22巷77號","No. 77, Ln. 22, Zhangding Rd., Dingfan Vil., Lukang Township, Changhua County 50567, Taiwan (R.O.C.)","謝O偉","04-771-1074","04-771-7949","有","有"
"79958717","20111109","20231206","成鈦企業有限公司","CTIME ENTERPRISE CO., LTD.","新北市五股區成泰路1段32巷62號8樓","8 F., No. 62, Ln. 32, Sec. 1, Chengtai Rd., Wugu Dist., New Taipei City 248023, Taiwan (R.O.C.)","林O玄","0958-262267","02-29096008","有","有"
"79958723","20031205","20230905","友盛家具有限公司","YU LIAN GLOBAL CO., LTD.","新北市樹林區武林街7號","No. 7, Wulin St., Shulin Dist., New Taipei City 23876, Taiwan (R.O.C.)","盧O豪","02-2906-9555","","有","有"
"79958821","20020621","20230111","泰安福大國際開發有限公司","MASTER.TM CO., LTD.","新北市新店區碧潭路2號","No. 2, Bitan Rd., Xindian Dist., New Taipei City 231069, Taiwan (R.O.C.)","王O安","02-89110580","02-22131518","有","有"
"79958842","20031002","20210815","全發包裝材料有限公司","CHUAN FA PACKING CO., LTD.","新竹縣新豐鄉松柏村明新街209號1樓","1 F., No. 209, Mingxin St., Xinfeng Township, Hsinchu County 30444, Taiwan (R.O.C.)","林O郎","03-557-6568","03-557-6556","有","有"
"79958934","20040205","20230111","承延科技有限公司","CHEN-YEN TECH CO., LTD.","新北市三峽區二鬮路136巷107號8樓","8 F., No. 107, Ln. 136, Erjiu Rd., Sanxia Dist., New Taipei City 237002, Taiwan (R.O.C.)","閆O合","02-26729826","","有","有"
"79958961","20141210","20211007","鴻陽太陽能系統有限公司","HOMERUN SOLAR SYSTEM TECHNOLOGY LTD.","臺中市北屯區大連路三段50號2樓","2 F., No. 50, Sec. 3, Dalian Rd., Beitun Dist., Taichung City 40649, Taiwan (R.O.C.)","鍾O陽","07-5367546","07-5367222","有","有"
"79959005","20020604","20231226","長毅機械工業有限公司","GENIUS MACHINERY CO., LTD.","臺中市龍井區麗水里三港路田仔內巷10之7號1樓","1 F., No. 10-7, Tianzainei Ln., Sangang Rd., Lishui Vil., Longjing Dist., Taichung City 434010, Taiwan (R.O.C.)","蔡O洲","04-26301621","04-26301716","有","有"
"79959103","20020611","20210814","青暘企業股份有限公司","CHING YUANG ENTERPRISE CO., LTD.","新北市土城區中華路2段210號(5樓)","5 F., No. 210, Sec. 2, Zhonghua Rd., Tucheng Dist., New Taipei City 23673, Taiwan (R.O.C.)","陳O玉色","02-22680546","02-22681907","有","有"
"79959130","20201130","20210813","啓亨工業有限公司","KEEP SMOOTH INDUSTRIAL CO., LTD.","新竹縣新豐鄉新豐村新和路104號","No. 104, Xinhe Rd., Xinfeng Township, Hsinchu County 30472, Taiwan (R.O.C.)","曾O明","03-5689720","03-5680615","有","有"
"79959173","20220118","20220209","海德信建設股份有限公司","A PLUS GROUP INC.","臺北市內湖區瑞光路513巷22弄5號8樓之3","8F.-3, NO. 5, ALY. 22, LN. 513, RUIGUANG RD., NEIHU DIST., TAIPEI CITY 11492, TAIWAN (R.O.C.)","吳O","02-2656-1667#608","","有","有"
"79959271","20020517","20210814","亞旭國際有限公司","SUN ASIA AERATION INTERNATIONAL COMPANY LIMITED","臺南市新營區中正路39巷135之10號1樓","1 F., No. 135-10, Ln. 39, Zhongzheng Rd., Xinying Dist., Tainan City 73041, Taiwan (R.O.C.)","邱O煒","06-633-0125","06-6330133","有","有"
"79959286","20020521","20210813","閎康科技股份有限公司","MATERIALS ANALYSIS TECHNOLOGY INC.","新竹縣竹北市竹仁里12鄰台元街26-2號","No. 26-2, Taiyuan St., 12th Neighborhood, Zhuren Vil., Zhubei City, Hsinchu County 30288, Taiwan (R.O.C.)","謝O芬","03-6116678#3733","03-5630777","有","有"
"79959315","20091217","20230328","石頭公園股份有限公司","STONEYEH ENTERPRISE CO., LTD.","臺中市外埔區廍子里廍子路108號1樓","1F., No. 108, Buzi Rd., Buzih Vil., Waipu Dist.,  Taichung City 438, Taiwan (R.O.C.)","葉O頭","04-26872483","04-26869057","有","有"
"79959321","20020531","20211201","日宏成實業有限公司","WIN SELL TRADING COMPANY","屏東縣屏東市大洲里大洲路35巷50號","No. 50, Ln. 35, Dazhou, Dazhou Vil., Pingtung City, Pingtung County 90089, Taiwan (R.O.C.)","林O如","08-7558392","08-7538675","有","有"
"79959336","20020606","20210813","英創時有限公司","INTRA DEVELOPMENT LIMITED","新北市中和區民享街86巷30弄6號4樓","4 F., No. 6, Aly. 30, Ln. 86, Minxiang St., Zhonghe Dist., New Taipei City 23545, Taiwan (R.O.C.)","邢O明","02-2223-7830","02-2221-8225","有","有"
"79959429","20110414","20210812","福爾摩沙生態有限公司","FORMOSA ECOLOGICAL COMPANY","新北市中和區民安街二五巷一三弄一二之三號","No. 12-3, Aly. 13, Ln. 25, Min’an St., Zhonghe Dist., New Taipei City 23552, Taiwan (R.O.C.)","張O仁","02-22162876","02-22162877","有","有"
"79959440","20020613","20210813","伯鑫科技有限公司","BOSIN TECHNOLOGY CO., LTD.","臺南市南區彰南里新義南路30號","No. 30, Xinyi S. Rd., Zhangnan Vil., South Dist., Tainan City 70254, Taiwan (R.O.C.)","吳O相","06-2651681","06-2651568","有","有"
"79959461","20021112","20210815","潤強科技有限公司","STE ENGINEERING INC.","新竹縣竹東鎮雞林里大明路300號","No. 300, Daming Rd., Jilin Vil., Zhudong Township, Hsinchu County 31042, Taiwan (R.O.C.)","賴O政","03-5120312","03-5121233","有","有"
"79959498","20020531","20230708","鼎威研發股份有限公司","DIGIWELL TECHNOLOGY INC.","新竹科學園區新竹市展業一路1號4樓","4 F., No. 1, Zhanye 1st Rd., East Dist., Hsinchu City 30078, Taiwan (R.O.C.)","謝O璋","03-5782910-2213","","有","有"
"79959531","20130305","20210813","弘曜實業有限公司","HOMING LIGHTING CO., LTD.","臺中市大里區永隆里爽文路923號1樓","1 F., No. 923, Shuangwen Rd., Yonglong Vil., Dali Dist., Taichung City 41283, Taiwan (R.O.C.)","朱O鈿","04-24069318","","有","有"
"79959547","20020527","20210816","滿祥五金有限公司","MAAN SHYANG HARDWARE COMPANY","高雄市大寮區大寮里大仁街30號","No. 30, Daren St., Daliao Vil., Daliao Dist., Kaohsiung City 83160, Taiwan (R.O.C.)","賴O宏","07-7884380","","有","有"
"79959602","20030226","20250320","奇邑科技股份有限公司","KIWI TECHNOLOGY INC.","臺北市南港區三重路66號12樓之2","12 F.-2, No. 66, Sanchong Rd., Nangang Dist., Taipei City 115602, Taiwan (R.O.C.)","李OO","03-6585198","03-6587158","有","有"
"79959737","20020524","20241010","龍貽實業有限公司","LUNG YI CO., LTD.","屏東縣屏東市仁愛里廣東路五九三巷四號一樓","1 F., No. 4, Ln. 593, Guangdong Rd., Ren’ai Vil., Pingtung City, Pingtung County 900032, Taiwan (R.O.C.)","","07-7512413","07-7619351","無","無"
"79959808","20020521","20210815","慶玹企業有限公司","KING SHYUAN ENTERPRISE CO., LTD.","臺南市下營區後街里中正北路109號","No. 109, Zhongzheng N. Rd., Houjie Vil., Xiaying Dist., Tainan City 73542, Taiwan (R.O.C.)","顏O玹","06-6890290","06-6898668","有","有"
"79959933","20141226","20241002","銓隆工業股份有限公司","CHANLONE INDUSTRIAL CO., LTD.","南投縣南投市平山里南崗三路8號","No. 8, Nangang 3rd Rd., Pingshan Vil., Nantou City, Nantou County 540029, Taiwan (R.O.C.)","林O輝","04-24962329","04-24962516","無","無"
"79959954","20020829","20230417","軒隆實業有限公司","HSUAN LUNG INDUSTRIAL CO., LTD","彰化縣鹿港鎮溝墘里鹿和路三段622巷3號","No. 3, Ln. 622, Sec. 3, Luhe Rd., Gouqian Vil., Lukang Township, Changhua County 505022, Taiwan (R.O.C.)","黃O菁","04-7716000","04-7713053","無","無"
"79959997","20071030","20240730","全陞營造工程有限公司","FUNKY JOSEPH'S LIVE ENTERPRISE CO., LTD.","新竹市北區境福里和平路224巷6號1樓","1 F., No. 6, Ln. 224, Heping Rd., Jingfu Vil., North Dist., Hsinchu City 300068, Taiwan (R.O.C.)","吳O全","03-5284877","","有","有"
"79960002","20020708","20210813","協辰電機有限公司","SPRING WATER PUMP CO., LTD.","臺中市大甲區新美里經國路307號","No. 307, Jingguo Rd., Xinmei Vil., Dajia Dist., Taichung City 43761, Taiwan (R.O.C.)","白O潭","037-852587","037-863538","有","有"
"79960045","20050801","20231006","君馨事業有限公司","GEN SHING INDUSTRIAL CO., LTD.","桃園市龜山區自由街3巷7號4樓","4 F., No. 7, Ln. 3, Ziyou St., Guishan Dist., Taoyuan City 33350, Taiwan (R.O.C.)","","02-82096674","","無","無"
"79960093","20030324","20210815","大大寬頻股份有限公司","DA DA BROADBAND LTD.","新北市土城區中華路2段209號6樓","6 F., No. 209, Sec. 2, Zhonghua Rd., Tucheng Dist., New Taipei City 23673, Taiwan (R.O.C.)","張O志","02-82538866","02-82625522","有","有"
"79960191","20021224","20230421","大成科技股份有限公司","TA CHEN TECHNOLOGY CO., LTD.","臺中市神岡區豐洲里神洲路262巷5號","No. 5, Ln. 262, Shenzhou Rd., Fengzhou Vil., Shengang Dist., Taichung City 429002, Taiwan (R.O.C.)","黃O坪","04-25283600","04-25223431","有","有"
"79960214","20040326","20241109","廣毅國際工程有限公司","KUANG-YI INTERNATIONAL ENGINEERING CO., LTD.","新竹市東區綠水里東光路55號10樓之1","10 F.-1, No. 55, Dongguang Rd., Lushui Vil., East Dist., Hsinchu City 300195, Taiwan (R.O.C.)","林O盛","03-5225778","03-5225323","有","有"
"79960235","20020531","20230325","立志國際股份有限公司","LEECHE INTERNATIONAL SPORTS CO., LTD.","臺中市外埔區甲后路五段128巷65弄50號1樓","1 F., No. 50, Aly. 65, Ln. 128, Sec. 5, Jiahou Rd., Waipu Dist., Taichung City 438020, Taiwan (R.O.C.)","楊O煌","04-26885093","04-26885097","有","有"
"79960306","20020917","20230626","詠利有限公司","VARNAHOME INC.","臺南市永康區中正二街171號3樓","3 F., No. 171, Zhongzheng 2nd St., Yongkang Dist., Tainan City 71047, Taiwan (R.O.C.)","雷O萱","06-2538529","06-2438590","有","有"
"79960376","20021113","20220924","森利國際景觀工程有限公司","SEM LEE INTERNATIONAL LANDSCAPE ENGINEERING CO., LTD.","新竹縣竹北市光明六路７號２樓","2 F., No. 7, Guangming 6th Rd., Zhubei City, Hsinchu County 302048, Taiwan (R.O.C.)","李O耆","03-5225559","","無","無"
"79960517","20060901","20210813","格瑪數位股份有限公司","REBIT DIGITAL COMPANY LTD.","宜蘭縣宜蘭市建軍里農權路三段88號","No. 88, Sec. 3, Nongquan Rd., Jianjun Vil., Yilan City, Yilan County 26059, Taiwan (R.O.C.)","陳O根","03-9320822","03-9320779","有","有"
"79960559","20020709","20221222","裕智有限公司","YU-CHIH HARDWARE CO., LTD.","新北市新莊區頭前路2巷20號","No. 20, Ln. 2, Touqian Rd., Xinzhuang Dist., New Taipei City 242041, Taiwan (R.O.C.)","王O怡","02-89914142","02-29935435","有","有"
"79960586","20030218","20210813","鼎綸科技股份有限公司","DIGILAND TECHNOLOGY CORPORATION","新北市板橋區銘傳街76巷4號","No. 4, Ln. 76, Mingchuan St., Banqiao Dist., New Taipei City 22046, Taiwan (R.O.C.)","王O綸","02-8252-3660","02-2259-6242","有","有"
"79960690","20020524","20210813","博威流體科技有限公司","POWAY HYDRAULIC INDUSTRIAL CO., LTD.","臺中市南區福順里福陽街14號","No. 14, Fuyang St., Fushun Vil., South Dist., Taichung City 40244, Taiwan (R.O.C.)","宋O裕","04-22629100","","有","有"
"79960707","20131212","20221207","穩盛農藝科技有限公司","WEN SENG AGRICULTURE AND FARMING ARTS & TECHNOLOGY COMPANY LIMITED","苗栗縣苑裡鎮水坡里43-1號","No. 43-1, Shuipo, Yuanli Township, Miaoli County 358002, Taiwan (R.O.C.)","陳O丞","037-865181","037-851767","有","有"
"79960729","20120410","20210813","杉舍企業有限公司","SENSER ENTERPRISE CO., LTD.","新北市樹林區中正路47號10樓","10 F., No. 47, Zhongzheng Rd., Shulin Dist., New Taipei City 23868, Taiwan (R.O.C.)","黃O媚","02-26833494","","有","有"
"79960734","20150127","20210814","遠創投資有限公司","YUAN VENTURE INVESTMENT CO., LTD.","臺南市東區忠孝里中華東路3段452巷8弄32號","No. 32, Aly. 8, Ln. 452, Sec. 3, Zhonghua E. Rd., Zhongxiao Vil., East Dist., Tainan City 70167, Taiwan (R.O.C.)","蔡O澤","06-2907555","06-2907370","有","有"
"79960740","20020618","20210813","利琦科技有限公司","RICH FULL TECHNOLOGY CO., LTD.","桃園市八德區大竹里和平路五二八巷二○二弄七二號","No. 72, Aly. 202, Ln. 528, Heping Rd., Dazhu Vil., Bade Dist., Taoyuan City 33463, Taiwan (R.O.C.)","何O慶","03-3774067","03-3754322","有","有"
"79960848","20020531","20210815","皓廷食品科技有限公司","HAO TING FOOD CO.","新北市板橋區萬板路5號2樓","2 F., No. 5, Wanban Rd., Banqiao Dist., New Taipei City 22041, Taiwan (R.O.C.)","黃O吾","02-22581364","02-22503811","有","有"
"79960869","20020920","20240514","香王實業股份有限公司","ODOR KING INDUSTRIES LTD.","臺中市西屯區協和里工業區34路16號","NO. 16,INDUSTRY CHU 34RD.,TAICHUNG CITY 407021,TAIWAN","黃O雲","04-23595313","04-2394676","有","有"
"79961038","20100514","20210813","友銘工程顧問有限公司","YU MING ENGINEERING CO.","臺北市中山區民族東路512巷13弄6號","No. 6, Aly. 13, Ln. 512, Minzu E. Rd., Zhongshan Dist., Taipei City 10474, Taiwan (R.O.C.)","杜O芳","02-25171586","02-25171573","有","有"
"79961092","20150616","20210814","帝益豪興業有限公司","TAI YI HAO INDUSTRIAL CO., LTD.","彰化縣和美鎮柑井里嘉鐵路315號","No. 315, Jiatie Rd., Ganjing Vil., Hemei Township, Changhua County 50848, Taiwan (R.O.C.)","盧O嬌","047-558512","","有","有"
"79961136","20130717","20210814","九月九酒業股份有限公司","MAO SHEI DISTILLERY CO., LTD.","臺南市安南區安順里開安五街32號","No. 32, Kai’an 5th St., Anshun Vil., Annan Dist., Tainan City 70945, Taiwan (R.O.C.)","鄭O輝","06-3555799","","有","有"
"79961213","20021120","20240619","台灣果啤有限公司","TAIWAN FRUIT BEER CO., LTD.","苗栗縣後龍鎮大山里12鄰下大山腳1之11號","No. 1-11, Xiada Shanjiau, 12th Neighborhood, Dashan Vil., Houlong Township, Miaoli County 356005, Taiwan (R.O.C.)","","037-722639","037-724545","無","無"
"79961403","20040107","20210812","瑞榮網訊有限公司","RELON NETWORK INFORMATION CO., LTD.","臺中市西區福龍街四八號三樓","3 F., No. 48, Fulong St., West Dist., Taichung City 40355, Taiwan (R.O.C.)","林O瑛","04-2202-5414","04-3608-9008","有","有"
"79961522","20050706","20240802","御品窗簾有限公司","YUE PIING CURTAIN CO., LTD.","彰化縣伸港鄉七嘉村崙頂街12號1樓","1 F., No. 12, Lunding St., Shengang Township, Changhua County 50955, Taiwan (R.O.C.)","柯O迪","04-23272449","04-23272449","有","有"
"79961591","20020603","20210813","德美樂企業股份有限公司","TER MEY LO ENTERPRISE CO., LTD.","彰化縣秀水鄉鶴鳴村彰鹿路402巷32號","No. 32, Ln. 402, Zhanglu Rd., Xiushui Township, Changhua County 50444, Taiwan (R.O.C.)","王O民","04-7688959","047-688958","有","有"
"79961699","20191223","20210815","隆和營造業有限公司","LONGHE CONSTRUCTION INDUSTRY CO., LTD.","臺北市信義區基隆路1段155號5樓之8","5F.-8, No. 155, Sec. 1, Keelung Rd., Xinyi Dist., Taipei City 11070, Taiwan (R.O.C.)","林O倫","0912-955131","","有","有"
"79961749","20020607","20210813","福岩屋食品有限公司","FU YAN WU FOODS CO., LTD.","臺中市清水區南社里民族路二段三九○巷一弄五號一樓","1 F., No. 5, Aly. 1, Ln. 390, Sec. 2, Minzu Rd., Nanshe Vil., Qingshui Dist., Taichung City 43652, Taiwan (R.O.C.)","李O章","04-2631058","","有","有"
"79961760","20051215","20230720","晉陞科技有限公司","FANCY COOLER SPECIALIST TECHNOLOGY COMPANY","新北市土城區慶祥街68號","No. 68, Qingxiang St., Tucheng Dist., New Taipei City 236042, Taiwan (R.O.C.)","鄒O國","02-26688650","02-26808260","無","無"
"79961804","20041102","20250410","泰承木業有限公司","TAYCHERNG WOOD CO., LTD.","高雄市林園區東林東路144號1樓","1 F., No. 135, Hexing St., Fengshan Dist., Kaohsiung City 83061, Taiwan (R.O.C.)","周O廷","07-7999607","07-7032003","有","有"
"79961810","20020530","20221130","磊葳科技股份有限公司","REZWAVE TECHNOLOGY INC.","新北市汐止區新台五路1段79號3樓之5","3 F.-5, No. 79, Sec. 1, Xintai 5th Rd., Xizhi Dist., New Taipei City 221432, Taiwan (R.O.C.)","吳O家","02-26989266","02-26989267","有","有"
"79961852","20100818","20210813","宜康食品有限公司","YI KANG FOOD CO., LTD.","桃園市楊梅區東流里甡甡路693巷11弄2號","No. 2, Aly. 11, Ln. 693, Shenshen Rd., Dongliu Vil., Yangmei Dist., Taoyuan City 32651, Taiwan (R.O.C.)","倪O正","03-4781668","03-4751371","有","有"
"79961868","20020604","20230525","佶德旺有限公司","JI DE WANG CO., LTD.","臺中市大雅區四德里中山十一路59號","No. 59, Zhongshan 11th Rd., Side Vil., Daya Dist., Taichung City 428016, Taiwan (R.O.C.)","陳O山","04-25681527","04-25681526","有","有"
"79961889","20031022","20220429","品泰科技股份有限公司","PING TAI TECHNOLOGY CO., LTD.","臺南市永康區鹽行里鹽和街263巷17號1樓","1 F., No. 17, Ln. 263, Yanhe St., Yanxing Vil., Yongkang Dist., Tainan City 71047, Taiwan (R.O.C.)","黃O祥","06-254-4967","06-254-5449","有","有"
"79961966","20180502","20230325","和敬工程股份有限公司","HO-JING ENGINEERING CO., LTD.","臺中市豐原區社皮里圓環西路23號3樓","3 F., No. 23, Yuanhuan W. Rd., Shepi Vil., Fengyuan Dist., Taichung City 420014, Taiwan (R.O.C.)","黃O哲","04-25229963","04-25240103","有","有"
"79962016","20020607","20210814","大山機械工程股份有限公司","DA-SHAN MECHANICAL ENGINEERING CO., LTD.","新北市五股區成泰路3段245巷11號9樓","9 F., No. 11, Ln. 245, Sec. 3, Chengtai Rd., Wugu Dist., New Taipei City 24841, Taiwan (R.O.C.)","許O富","02-8295-6006","02-2292-3658","有","有"
"79962070","20090112","20210813","元祥倉儲設備有限公司","YUARN SHIARNG WAREHOUSE EQUIPMENT INC.","新北市汐止區福德二路52號4樓","4 F., No. 52, Fude 2nd Rd., Xizhi Dist., New Taipei City 22151, Taiwan (R.O.C.)","連O翔","02-86484660","","有","有"
"79962135","20090617","20230414","成笙貿易有限公司","ERICAWATCH BOUTIQUE CO., LTD.","臺中市太平區新興里新福路1150號","No. 1150, Xinfu Rd., Xinxing Vil., Taiping Dist., Taichung City 411040, Taiwan (R.O.C.)","賴O廷","04-23581408","04-23581930","有","有"
"79962141","20030801","20210812","唐邑精密工業股份有限公司","EMINENCE PRECISION INDUSTRIAL CO., LTD.","臺南市仁德區新田里新田二街26號","No. 26, Xintian 2nd St., Xintian Vil., Rende Dist., Tainan City 71752, Taiwan (R.O.C.)","李O蓉","06-2795098","06-2796277","有","無"
"79962297","20020524","20230420","幼虎科技股份有限公司","YOO-HOO TECHNOLOGIES CO., LTD.","臺中市烏日區五光路301號1樓","1 F., No. 301, Wuguang Rd., Wuri Dist., Taichung City 414016, Taiwan (R.O.C.)","林O宏","04-23380698","04-23376650","有","有"
"79962395","20020529","20220513","民德科技股份有限公司","MIRADEED TECHNOLOGY CORP.","桃園市桃園區國豐三街172號(1樓)","1 F., No. 172, Guofeng 3rd St., Taoyuan Dist., Taoyuan City 33057, Taiwan (R.O.C.)","杜O強","","","有","有"
"79962450","20070917","20250424","新禾手藝紙品有限公司","ARTSEEDS ARTIFACTS LTD.","新北市中和區中山路2段146號地下一層","4 F.-7, No. 268, Liancheng Rd., Zhonghe Dist., New Taipei City 235038, Taiwan (R.O.C.)","吳O靜","02-82451516","02-82455218","無","無"
"79962536","20040116","20210815","海金實業有限公司","FLASH INNOVATION CO., LTD.","新竹縣竹北市斗崙里福興一路138號19樓","19 F., No. 138, Fuxing 1st Rd., Doulun Vil., Zhubei City, Hsinchu County 30285, Taiwan (R.O.C.)","蔡O琦","03-5688126","03-5688127","有","有"
"79962796","20020612","20230104","綠星電子股份有限公司","SILICONGEAR CORPORATION","新竹縣竹北市文興路321號1樓","1 F., No. 321, Wenxing Rd., Zhubei City, Hsinchu County 302050, Taiwan (R.O.C.)","朱O煌","03-6580011","03-6587733","有","有"
"79962825","20020606","20210813","德能資訊顧問股份有限公司","TAKE KNOWLEDGE CO., LTD.","臺北市中山區中山北路3段27號11樓之4","11F.-4, No. 27, Sec. 3, Zhongshan N. Rd., Zhongshan Dist., Taipei City 10461, Taiwan (R.O.C.)","王O志","02-25862539","02-25956097","有","有"
"79962851","20120719","20210814","金泉源麵食品有限公司","GOLDEN SPRING NOODLES FOOD CO., LTD.","臺南市安南區布袋里工明南一路19號","No. 19, Gongming S. 1st Rd., Budai Vil., Annan Dist., Tainan City 70968, Taiwan (R.O.C.)","王O男","06-2476789","06-2450123","有","有"
"79962888","20051013","20210814","振安科技有限公司","JENN AN TECHNOLOGY CORPORATION","新北市中和區員山路268巷9弄8號","No. 8, Aly. 9, Ln. 268, Yuanshan Rd., Zhonghe Dist., New Taipei City 23547, Taiwan (R.O.C.)","翁O真","26748145","26710916","有","有"
"79962894","20081013","20210813","百歐國際化工有限公司","BAIOU CHEMICAL CO., LTD.","新北市樹林區鎮前街171號(1樓)","1 F., No. 171, Zhenqian St., Shulin Dist., New Taipei City 23845, Taiwan (R.O.C.)","童O惠","02-86869538","02-86869722","有","有"
"79962938","20030214","20210814","喬茵食品有限公司","CHIAO-YIN FOOD CO., LTD.","新竹縣關西鎮崁下34之2號1樓","1 F., No. 34-2, Kanxia, Guanxi Township, Hsinchu County 30644, Taiwan (R.O.C.)","林O鳳","02-2671-0873","02-2671-0871","有","有"
"79962944","20020605","20210813","微盛機電有限公司","WELL SHENG MACHINERY CO., LTD.","新北市土城區自強街1號2樓","2 F., No. 1, Ziqiang St., Tucheng Dist., New Taipei City 23678, Taiwan (R.O.C.)","陳O木","02-22679660","02-22690766","有","有"
"79962992","20020524","20210815","精創國際有限公司","BEV INTERNATIONAL CORP.","臺中市外埔區水美里水美路仁美巷66號1樓","1 F., No. 66, Renmei Ln., Shuimei Rd., Shuimei Vil., Waipu Dist., Taichung City 43859, Taiwan (R.O.C.)","黃O信","0932569670","","有","有"
"79963009","20050719","20220315","振貽工業股份有限公司","GENYI CO., LTD.","臺中市太平區太平里合利街33巷16號","No. 16, Ln. 33, Heli St., Taiping Vil., Taiping Dist., Taichung City 41144, Taiwan (R.O.C.)","陳O民","04-22754793","04-22707240","有","有"
"79963042","20020619","20240802","發宇國際貿易股份有限公司","FINE YOUTH INTERNATIONAL TRADING CO., LTD.","高雄市三民區澄清路305號2樓","2 F., No. 305, Chengqing Rd., Sanmin Dist., Kaohsiung City 80770, Taiwan (R.O.C.)","林O雄","07-3850996","07-6463493","有","有"
"79963057","20020905","20210812","九揚貿易有限公司","JWANG TECH & TRADING INC.","新竹縣竹北市大眉里中華路明新巷2弄2號","No. 2, Aly. 2, Mingxin Ln., Zhonghua Rd., Damei Vil., Zhubei City, Hsinchu County 30267, Taiwan (R.O.C.)","王O林","03-5407386","03-5407386","有","有"
"79963107","20020606","20230908","佐明金屬科技股份有限公司","BRIGHT METAL TECH. CO., LTD.","臺南市永康區王行里環工路36之2號","No. 36-2, Huangong Rd., Wangxing Vil., Yongkang Dist., Tainan City 710001, Taiwan (R.O.C.)","温O佑","06-2328266","06-2328239","有","有"
"79963155","20100816","20210813","天香食品有限公司","TIEN-XIANG FOOD CO., LTD.","新北市板橋區大同街35巷10弄1號","No. 1, Aly. 10, Ln. 35, Datong St., Banqiao Dist., New Taipei City 22043, Taiwan (R.O.C.)","楊O賢","02-29958936","02-29954547","有","有"
"79963161","20020704","20210814","精磊實業有限公司","UNIQUE ENGINEERING CO., LTD.","臺中市東區旱溪西路547號1樓","1 F., No. 547, East Dist., Taichung City 401, Taiwan (R.O.C.)","鄭O榮","04-22591028","04-22584117","有","有"
"79963205","20020612","20210814","耐速泰實業有限公司","NINESUTAI INDUSTRIAL CO., LTD.","臺中市南屯區大業路286號1樓","1 F., No. 286, Daye Rd., Nantun Dist., Taichung City 40848, Taiwan (R.O.C.)","黃O華","04-23281517","04-23281518","有","有"
"79963232","20091210","20210825","優固有限公司","U-GU COMPANY LTD.","桃園市楊梅區高獅路148號","No. 148, Gaoshi Rd., Yangmei Dist., Taoyuan City 32668, Taiwan (R.O.C.)","邱O豐","02-29039141","02-29063867","有","有"
"79963303","20020530","20210813","豐晶科技股份有限公司","GAUSSTEK CORP.","桃園市桃園區中路里信陽街40巷5號1樓","1 F., No. 5, Ln. 40, Xinyang St., Zhonglu Vil., Taoyuan Dist., Taoyuan City 33058, Taiwan (R.O.C.)","張O俠","03-3781158","03-3027700","有","有"
"79963330","20140505","20250122","捷徑重型機車有限公司","MOTOAREA LIMITED AND CO., LTD.","臺中市西屯區廣福里中清路三段336號","No. 336, Sec. 3, Zhongqing Rd., Guangfu Vil., Xitun Dist., Taichung City 407012, Taiwan (R.O.C.)","","04-24527376","","無","無"
"79963351","20111109","20220607","壽生生物科技有限公司","SHOU SHENG BIOTECHNOLOGY CO., LTD.","臺中市后里區墩北里月湖路48巷5之1號","No. 5-1, Ln. 48, Yuehu Rd., Dunbei Vil., Houli Dist., Taichung City 421006, Taiwan (R.O.C.)","尤O棻","04-2558-6636","04-2558-6635","有","有"
"79963401","20020628","20221105","億虹電機有限公司","SPRING WATER TECHNIC INC.","臺中市大雅區員林里大林路167之1號","No. 167-1, Dalin Rd., Yuanlin Vil., Daya Dist., Taichung City 428001, Taiwan (R.O.C.)","王O芯","02-2691-3266","02-2691-3021","有","有"
"79963417","20181023","20210814","鴻碩自動化有限公司","HS Automation Co., Ltd.","新北市永和區環河東路2段24號(1樓)","1 F., No. 24, Sec. 2, Huanhe E. Rd., Yonghe Dist., New Taipei City 23448, Taiwan (R.O.C.)","許O麟","02-89284252","02-89284253","有","有"
"79963459","20020916","20210813","威世貿易有限公司","WISE CO., LTD.","臺南市南區新建路47號4樓之1","4F.-1, No. 47, Xinjian Rd., South Dist., Tainan City 70255, Taiwan (R.O.C.)","陳O憲","06-2260819","06-2260833","有","有"
"79963471","20020722","20231013","萬里工程技術顧問股份有限公司","WANN LII AIR CONDITION TECHNOLOGY CO., LTD.","臺中市大雅區神林南路115巷22號1樓","1 F., No. 22, Ln. 115, Shenlin S. Rd., Daya Dist., Taichung City 428010, Taiwan (R.O.C.)","王O宗","04-25607339","04-25607455","有","有"
"79963556","20040107","20241107","視展生醫材料有限公司","VISIONTEC CO., LTD.","新北市三重區三和路4段99號11樓之2","11F.-2, No. 99, Sec. 4, Sanhe Rd., Sanchong Dist., New Taipei City 24152, Taiwan (R.O.C.)","","02-22889556","02-22887189","無","無"
"79963612","20020705","20240706","豐澤園股份有限公司","FORTUNE LAND CO., LTD.","臺北市中山區松江路206號14樓","14 F., No. 206, Songjiang Rd., Zhongshan Dist., Taipei City 104486, Taiwan (R.O.C.)","傅O綺","02-87917768","02-87917117","有","有"
"79963628","20020524","20210812","台灣微奈米有限公司","MICRONANO INTERNATIONAL CO., LTD.","南投縣竹山鎮雲林里大勇路58號1樓","1 F., No. 58, Dayong Rd., Yunlin Vil., Zhushan Township, Nantou County 55757, Taiwan (R.O.C.)","鄭O龍","049-2660851","049-2655051","有","有"
"79963818","20020923","20210812","巨展工業有限公司","GIANT DEVELOPMENT INDUSTRIAL CO., LTD.","臺中市太平區太平里永成北路２１９巷７９號","No. 79, Ln. 219, Yongcheng N. Rd., Taiping Vil., Taiping Dist., Taichung City 41165, Taiwan (R.O.C.)","劉O福","04-22760811","04-22760792","有","有"
"79963866","20051117","20210814","竣佳企業有限公司","JUNGA TEK CO., LTD.","新北市中和區立德街148巷2號5樓","5 F., No. 2, Ln. 148, Lide St., Zhonghe Dist., New Taipei City 23512, Taiwan (R.O.C.)","黃O隆","02-82286879","02-82218969","有","有"
"79963943","20130909","20210815","宅急網股份有限公司","JGNET CO., LTD.","桃園市桃園區明德里中正路1221號2樓","2 F., No. 1221, Zhongzheng Rd., Mingde Vil., Taoyuan Dist., Taoyuan City 33045, Taiwan (R.O.C.)","謝O君","03-3557460","","有","有"
"79964078","20021119","20210813","高世國際股份有限公司","GAO SHI INTERNATIONAL CO., LTD.","新北市中和區華安街19巷33號1樓","1 F., No. 33, Ln. 19, Hua’an St., Zhonghe Dist., New Taipei City 23541, Taiwan (R.O.C.)","陳O對","02-86868739","02-86869058","有","有"
"79964083","20020607","20210813","太古機械有限公司","TG PACIFIC MACHINERY CO., LTD.","臺北市中山區松江路32之1號8樓","8 F., No. 32-1, Songjiang Rd., Zhongshan Dist., Taipei City 10455, Taiwan (R.O.C.)","李O立","02-24313178","03-3173000","有","有"
"79964128","20070327","20210814","宇成精密有限公司","YAO WUN CO., LTD.","新北市樹林區三俊街65巷18弄38號","No. 38, Aly. 18, Ln. 65, Sanjun St., Shulin Dist., New Taipei City 23864, Taiwan (R.O.C.)","張O文","02-22683570","02-22684079","有","有"
"79964160","20020530","20210815","晶華股份有限公司","ESENCES CORPORATION","新北市中和區板南路486號3樓","3 F., No. 486, Bannan Rd., Zhonghe Dist., New Taipei City 23557, Taiwan (R.O.C.)","劉O仁","02-22225968","02-22229802","有","有"
"79964197","20020610","20230415","亞特曼企業有限公司","SIGMATECH INSTRUMENTS CO., LTD.","彰化縣彰化市彰安里民族路二一九巷四七號","No. 47, Ln. 219, Minzu Rd., Zhang’an Vil., Changhua City, Changhua County 500008, Taiwan (R.O.C.)","李O金","04-727-4073","","無","無"
"79964226","20020605","20210814","佳實鑫企業有限公司","JIA SI SHENG ENTERPRISE CO., LTD.","新北市土城區學成路123號27樓","27 F., No. 123, Xuecheng Rd., Tucheng Dist., New Taipei City 23661, Taiwan (R.O.C.)","黃O枝","02-8262-3211","02-8262-3210","有","有"
"79964231","20021003","20230111","達誠科技有限公司","DA CHAN TECHNOLOGY CO., LTD.","新北市板橋區莊敬路143之1號","No. 143-1, Zhuangjing Rd., Banqiao Dist., New Taipei City 220004, Taiwan (R.O.C.)","王O雯","02-2909-0717","02-2296-2363","有","有"
"79964289","20060522","20210813","力華科技有限公司","LEE HWA TECHNOLOGY CO., LTD.","桃園市桃園區經國路9號13樓之2","13F.-2, No. 9, Jingguo Rd., Taoyuan Dist., Taoyuan City 33050, Taiwan (R.O.C.)","黃O鳳","03-3219330","03-3219331","有","有"
"79964302","20110617","20210814","宏洲輪胎有限公司","HUNGJHOU YOUNG ENTERPRISE CO., LTD.","花蓮縣吉安鄉中山路一段2號","No. 2, Sec. 1, Zhongshan Rd., Ji’an Township, Hualien County 97349, Taiwan (R.O.C.)","林O鸞","03-8536262","03-8528683","有","有"
"79964366","20020904","20210814","欣長茂室內裝修股份有限公司","SHIN-CHANG-MAU DEVELOPMENT CO., LTD.","嘉義縣民雄鄉西安村民溪路5巷22弄10號1樓","1 F., No. 10, Aly. 22, Ln. 5, Minxi Rd., Minxiong Township, Chiayi County 62141, Taiwan (R.O.C.)","許O凱","05-2060762","05-2060763","有","有"
"79964372","20041208","20240807","昱維實業有限公司","ZENTRO CO., LTD.","新北市新莊區中原路165號6樓","6 F., No. 165, Zhongyuan Rd., Xinzhuang Dist., New Taipei City 242034, Taiwan (R.O.C.)","蔡O涵","02-2610-6539","02-2610-6169","有","有"
"79964529","20230317","20230317","明耕鎖業有限公司","Ming Geng Lock Industry CO., LTD.","臺南市永康區北灣里文賢街323號","No. 323, Wenxian St., Beiwan Vil., Yongkang Dist., Tainan City 710052, Taiwan (R.O.C.)","蔡O晟","06-2720941","","有","有"
"79964632","20090408","20210814","春富螺絲工業有限公司","CHUN FU SCREW INDUSTRIAL CO., LTD.","彰化縣和美鎮雅溝里13鄰雅安路73巷32號","No. 32, Ln. 73, Ya’an Rd., 13th Neighborhood, Yagou Vil., Hemei Township, Changhua County 50853, Taiwan (R.O.C.)","戴O富","04-7565460","04-7565748","有","有"
"79964648","20080602","20210813","喬光工業有限公司","CIAO GUANG INDUSTRIAL CO., LTD.","南投縣南投市永豐里工業東路12之2號","No. 12-2, Gongye E. Rd., Yongfeng Vil., Nantou City, Nantou County 54066, Taiwan (R.O.C.)","林O光","049-2262480","049-2262481","有","有"
"79964788","20020725","20240817","智勝數位科技股份有限公司","ASIP TECHNOLOGIES, INC.","新竹市北區武陵里東大路二段198號2樓","2 F., No. 198, Sec. 2, Dongda Rd., Wuling Vil., North Dist., Hsinchu City 300014, Taiwan (R.O.C.)","","03-5633882-201","","無","無"
"79964984","20050909","20210813","宏真科技有限公司","HONGZEN TECHNOLOGY CO., LTD.","桃園市桃園區民光東路八三之四號三樓","3 F., No. 83-4, Minguang E. Rd., Taoyuan Dist., Taoyuan City 33052, Taiwan (R.O.C.)","林O桂玉","03-331-9830","03-331-9840","有","有"
"79965061","20240719","20240719","登旺營造工程有限公司","DENGWANG CO., LTD.","桃園市龜山區壽福街23號1樓","1 F., No. 23, Shoufu St., Guishan Dist., Taoyuan City 333030, Taiwan (R.O.C.)","徐O旺","","","有","有"
"79965105","20020826","20230531","捷勁電子有限公司","PECM TECHNOLOGY CO., LTD.","桃園市大園區埔心里埔心街3之1號","No. 3-1, Puxin St., Puxin Vil., Dayuan Dist., Taoyuan City 337004, Taiwan (R.O.C.)","許O誠","03-3810123","03-3810122","無","無"
"79965132","20020813","20210812","三川國際顧問有限公司","3'RIVERS INTERNATIONAL CONSULTANTS CO., LTD.","新北市板橋區中山路1段273號(2樓)","2 F., No. 273, Sec. 1, Zhongshan Rd., Banqiao Dist., New Taipei City 22065, Taiwan (R.O.C.)","李O麒","(02)7702-1818","(02)2592-4930","有","有"
"79965169","20020621","20221015","谷保科技企業有限公司","COBWEB TECHNOLOGIES CO., LTD.","高雄市鳳山區明和街55號1樓","1 F., No. 55, Minghe St., Fengshan Dist., Kaohsiung City 830008, Taiwan (R.O.C.)","盧O宏","07-7428897","07-7402789","無","無"
"79965230","20020617","20210813","照育有限公司","CARE HEARING CO., LTD.","臺南市東區龍山里東門路一段358號4樓","4 F., No. 358, Sec. 1, Dongmen Rd., Longshan Vil., East Dist., Tainan City 70142, Taiwan (R.O.C.)","劉O修","06-2355198","","有","有"
"79965273","20070409","20230414","汎芙國際美容有限公司","FANN FULL INTERNATIONAL CO., LTD.","新北市三重區重新路5段609巷6號8樓之2","8 F.-2, No. 6, Ln. 609, Sec. 5, Chongxin Rd., Sanchong Dist., New Taipei City 241403, Taiwan (R.O.C.)","林O玉","02-25621131","02-25620437","有","有"
"79965317","20020603","20210813","英卡威企業股份有限公司","ENCARWELL ENTERPRISE CORP.","基隆市信義區深溪路38巷6之7號4樓","4 F., No. 6-7, Ln. 38, Shenxi Rd., Xinyi Dist., Keelung City 20151, Taiwan (R.O.C.)","陳O仁","02-24660039","02-24669116","有","有"
"79965338","20070403","20210813","崇興有限公司","CHUNG SHING BUILDING CORP.","臺中市大雅區大楓里民生路三段422號1樓","1 F., No. 422, Sec. 3, Minsheng Rd., Dafeng Vil., Daya Dist., Taichung City 42844, Taiwan (R.O.C.)","張O豐","04-25663832","04-25693336","有","有"
"79965386","20021210","20230411","永智精密科技股份有限公司","INTELLIGENT PRECISION TECHNOLOGY CORP.","新竹縣新豐鄉松林村博學街158號2樓","2 F., No. 158, Boxue St., Xinfeng Township, Hsinchu County 304033, Taiwan (R.O.C.)","張O敏","03-5599108","03-5599110","有","有"
"79965421","20020527","20210815","德易國際有限公司","FORT WORTH INTERNATIONAL CO., LTD.","臺中市南屯區豐樂里豐功路47號1樓","1 F., No. 47, Fenggong Rd., Fengle Vil., Nantun Dist., Taichung City 40877, Taiwan (R.O.C.)","林O章","04-23804088","04-23804089","有","有"
"79965442","20061124","20221007","寶巽工業有限公司","BAO SHUN INDUSTRIAL LTD.","桃園市平鎮區復興里環南路186巷23弄59號(2樓)","2 F., No. 59, Aly. 23, Ln. 186, Huannan Rd., Fuxing Vil., Pingzhen Dist., Taoyuan City 324008, Taiwan (R.O.C.)","劉O賢","03-2820328","03-4987003","有","有"
"79965457","20190321","20210813","宏泰精密工業有限公司","HONG TAI PRECISION TECHNOLOGY CO., LTD.","新北市新莊區建國二路83號之2","No. 83-2, Jianguo 2nd Rd., Xinzhuang Dist., New Taipei City 24265, Taiwan (R.O.C.)","陳O福","02-22033989","02-22036186","有","有"
"79965463","20020619","20210813","高美貿易有限公司","GOURMETEK TRADING CO., LTD.","彰化縣員林市浮圳里浮圳巷八五弄四七號","No. 47, Aly. 85, Fuzun Ln., Fuzun Vil., Yuanlin City, Changhua County 51058, Taiwan (R.O.C.)","黃O峰","04-8363460","04-8358043","有","有"
"79965479","20050323","20210812","彩博創意材料有限公司","CHAI BO CREATIVE MATERIAL CO., LTD.","臺中市霧峰區萬豐里中正路108之9號","No. 108-9, Zhongzheng Rd., Wanfeng Vil., Wufeng Dist., Taichung City 41361, Taiwan (R.O.C.)","汪O玲","04-2331-2221","04-2332-8327","有","有"
"79965484","20020606","20210813","寬信國際室內裝修有限公司","KUNG SHIN ENGINEERING CO., LTD.","新北市土城區青雲路483巷10弄31號","No. 31, Aly. 10, Ln. 483, Qingyun Rd., Tucheng Dist., New Taipei City 23654, Taiwan (R.O.C.)","魏O琪","02-22642281","02-87718585","有","有"
"79965490","20030926","20220708","周益有限公司","JOU YI CO., LTD.","桃園市楊梅區高榮路147號","No. 147, Gaorong Rd., Yangmei Dist., Taoyuan City 326017, Taiwan (R.O.C.)","胡O翔","03-452-8076","03-452-8093","有","有"
"79965668","20020822","20210816","裕泰興業有限公司","TANK MARK CO., LTD.","臺南市安南區工明南三路162號","No. 162, Gongming S. 3rd Rd., Annan Dist., Tainan City 70968, Taiwan (R.O.C.)","鄭O堯","06-243-0826","06-243-0829","有","有"
"79965702","20020612","20250327","頂捷精密股份有限公司","DEENJE CORPORATION","","","","06-3840123","06-3840202","無","無"
"79965750","20020712","20220520","愷升有限公司","GENGHIS ZIPPER CO., LTD.","新北市三重區中正北路560巷100弄22號(1樓)","1 F., No. 22, Aly. 100, Ln. 560, Zhongzheng N. Rd., Sanchong Dist., New Taipei City 24157, Taiwan (R.O.C.)","孫O平","02-29084957","02-29084918","有","有"
"79965837","20020618","20210814","台灣富萊寶科技股份有限公司","FLYBO TECHNOLOGY CO., LTD.","桃園市中壢區信義里012鄰嘉興街57號","No. 57, Jiaxing St., 12th Neighborhood, Xinyi Vil., Zhongli Dist., Taoyuan City 32088, Taiwan (R.O.C.)","吳O哲","03-4522766","03-4521606","無","無"
"79965914","20020613","20241014","鈞頤企業有限公司","JIUNN YIN INDUSTRIES CO., LTD.","臺南市新化區𦰡拔里𦰡拔林38號1樓","1 F., No. 38, Xinhua Dist., Tainan City 712, Taiwan (R.O.C.)","黃O澤","06-2723551","06-2725476","無","無"
"79965978","20020530","20210813","昭智企業股份有限公司","JOWGY ENTERPRISE CO., LTD.","新北市五股區成泰路3段261巷13號","No. 13, Ln. 261, Sec. 3, Chengtai Rd., Wugu Dist., New Taipei City 24841, Taiwan (R.O.C.)","陳O盛","22910557","","有","有"
"79965999","20020610","20210813","弘謙實業有限公司","HORN CHAM ENTERPRISE CO., LTD.","桃園市觀音區忠富路富源段２９６巷５弄２號","No. 2, Aly. 5, Ln. 296, Sec. Fuyuan, Zhongfu Rd., Guanyin Dist., Taoyuan City 32845, Taiwan (R.O.C.)","李O鏡","03-4987010","03-4202525","有","有"
"79966028","20160803","20250418","憶發企業股份有限公司","E-FA STEEL ENTERPRISE CO., LTD.","彰化縣溪湖鎮彰水路一段2號","No. 2, Sec. 1, Zhangshui Rd., Xihu Township, Changhua County 514001, Taiwan (R.O.C.)","蔡O倫","04-8856130#12","04-8855616","有","有"
"79966097","20021216","20210812","極鼎科技股份有限公司","AFAYA TECHNOLOGY CORP.","新北市淡水區中正東路2段27之3號5樓","5 F., No. 27-3, Sec. 2, Zhongzheng E. Rd., Tamsui Dist., New Taipei City 25170, Taiwan (R.O.C.)","于OO","02-28085085","02-2808-5080","有","有"
"79966189","20030801","20210814","旭基科技股份有限公司","GENEAID BIOTECH LTD.","新北市汐止區新台五路1段112號16樓","16 F., No. 112, Sec. 1, Xintai 5th Rd., Xizhi Dist., New Taipei City 22102, Taiwan (R.O.C.)","涂O芳","02-26960999","02-26960599","有","有"
"79966343","20020531","20230728","菘騰國際有限公司","SUNG-TENG INDUSTRIAL CO., LTD.","彰化縣鹿港鎮溝墘里溝尾巷6號","No. 6, Gouwei Ln., Gouqian Vil., Lukang Township, Changhua County 505021, Taiwan (R.O.C.)","陳O","04-7715002","","無","無"
"79966420","20020529","20210814","上昇糧食有限公司","SHI KOOU SHANG SHENG FOOD CO., LTD.","嘉義縣溪口鄉坪頂村下坪18號","No. 18, Xiaping, Xikou Township, Chiayi County 62349, Taiwan (R.O.C.)","劉O欽","05-2691053","05-2763476","有","有"
"79966483","20150708","20210814","勤聿企業有限公司","CHIN YU XUAN ENTERPRISE CO., LTD.","彰化縣彰化市南興里中山路一段403號8樓","8 F., No. 403, Sec. 1, Zhongshan Rd., Nanxing Vil., Changhua City, Changhua County 50058, Taiwan (R.O.C.)","方O香","04-7630599","04-7618480","有","有"
"79966499","20080529","20210815","酋長文化村育樂有限公司","CHIEF CULTURE CO., LTD.","新北市新店區松林路43巷25號","No. 25, Ln. 43, Songlin Rd., Xindian Dist., New Taipei City 23160, Taiwan (R.O.C.)","傅O源","02-256616551","26617543","有","有"
"79966667","20020606","20210812","裕晟防火建材有限公司","RICHEN FIRE-RESISTANT MATERIN OF BUILDINGS CO., LTD.","臺中市潭子區東寶里大富路一段２巷２１弄３號１樓","1 F., No. 3, Aly. 21, Ln. 2, Sec. 1, Dafu Rd., Dongbao Vil., Tanzi Dist., Taichung City 42747, Taiwan (R.O.C.)","蕭O洲","04-25328257","04-22242298","有","有"
"79966821","20020909","20210813","中台貿股份有限公司","UNILIFT CO., LTD.","彰化縣和美鎮糖友二街27巷48號1樓","1 F., No. 48, Ln. 27, Tangyou 2nd St., Hemei Township, Changhua County 50856, Taiwan (R.O.C.)","柯O遠","","","有","有"
"79966863","20030618","20210814","愈騰電機有限公司","YU TENG ELECTRICAL MACHINERY CO., LTD.","臺南市安南區總頭里長溪路二段581巷63號一樓","1 F., No. 63, Ln. 581, Sec. 2, Changxi Rd., Zongtou Vil., Annan Dist., Tainan City 70967, Taiwan (R.O.C.)","周O慧","06-2562028","06-2458161","有","有"
"79966890","20031222","20210812","宏騰消防有限公司","HORNG TERNG SHIAU FARNG CO., LTD.","新北市三重區永吉里一鄰三和路四段一一八巷二四號二樓","2 F., No. 24, Ln. 118, Sec. 4, Sanhe Rd., 1st Neighborhood, Yongji Vil., Sanchong Dist., New Taipei City 24154, Taiwan (R.O.C.)","陳O勝","02-2287-4085","","有","有"
"79966961","20021018","20210812","維騰企業有限公司","WEI TEN CO., LTD.","高雄市湖內區忠孝街130巷146號","No. 146, Ln. 130, Zhongxiao St., Hunei Dist., Kaohsiung City 82945, Taiwan (R.O.C.)","洪O杰","07-693-1739","07-693-1749","有","有"
"79967075","20020808","20230303","藍琉璃整備股份有限公司","TIBEART CO., LTD.","臺中市西區公館里五權西三街127號13樓","13 F., No. 127, Wuquan W. 3rd St., Gongguan Vil., West Dist., Taichung City 403630, Taiwan (R.O.C.)","黃O霞","04-23787996","04-23727620","無","無"
"79967080","20020702","20210815","匡和股份有限公司","KH PACK CO., LTD.","桃園市新屋區社子里10鄰番婆坟5之1號","No. 5-1, Shezi, 10th Neighborhood, Shezi Vil., Xinwu Dist., Taoyuan City 32746, Taiwan (R.O.C.)","鄭O燦","03-4970637","","有","有"
"79967096","20020705","20211027","呈恆坤企業有限公司","MOLICHI COMPANY LTD.","臺南市七股區竹橋里竹港43之2號","No. 43-2, Zhugang, Zhuqiao Vil., Qigu Dist., Tainan City 72450, Taiwan (R.O.C.)","黃O俊","06-7893827","","有","有"
"79967167","20030103","20210814","宇豐服飾有限公司","TSENG WEI CHEN CO., LTD.","新北市永和區成功路一段80號11樓之2","11F.-2, No. 80, Sec. 1, Chenggong Rd., Yonghe Dist., New Taipei City 23452, Taiwan (R.O.C.)","曾O貞","02-89210599","","有","有"
"79967217","20100531","20221222","峻欣企業股份有限公司","JUNE SIN ENTERPRISE CO., LTD.","高雄市梓官區大舍東路聖公巷27之2號1樓","1 F., No. 27-2, Shenggong Ln., Dashe E. Rd., Ziguan Dist., Kaohsiung City 826003, Taiwan (R.O.C.)","郭O一","07-6333111","07-6333123","有","有"
"79967309","20020828","20230517","永陞豐企業有限公司","YONG SHENG FENG ENTERPRISE INC.","臺中市神岡區岸裡里大豐路五段295巷28弄2號","No. 2, Aly. 28, Ln. 295, Sec. 5, Dafeng Rd., Anli Vil., Shengang Dist., Taichung City 429006, Taiwan (R.O.C.)","劉O煌","04-25270161","04-25279546","有","有"
"79967336","20110415","20210815","伊荳整體健康美容有限公司","IDOE SPA CO., LTD.","高雄市三民區建中路27號3樓","3 F., No. 27, Jianzhong Rd., Sanmin Dist., Kaohsiung City 80778, Taiwan (R.O.C.)","張O玉鈴","07-3805229","07-3805229","有","有"
"79967413","20020604","20250325","永順發精密工業股份有限公司","YUNG SHUN FA PRECISION CO., LTD.","雲林縣斗六市溪洲里1鄰科加六路16號","No. 16, Kejia 6th Rd., 1st Neighborhood, Xizhou Vil., Douliu City, Yunlin County 640104, Taiwan (R.O.C.)","林O發","","","有","有"
"79967429","20020709","20210813","友村精密有限公司","YCY PRECISION CO., LTD.","新北市三重區大勇街2號地下一樓","1 F., No. 2, Dayong St., Sanchong Dist., New Taipei City 24156, Taiwan (R.O.C.)","尤O豪","02-82861077","02-82861078","有","有"
"79967477","20020808","20221231","量身訂作設計工程有限公司","SHOU IUE INDUSTRIAL CO., LTD.","新北市新店區北新路1段89號11樓之1","11 F.-1, No. 89, Sec. 1, Beixin Rd., Xindian Dist., New Taipei City 231002, Taiwan (R.O.C.)","李O濶","02-89111142","02-89111143","有","有"
"79967526","20020710","20250109","宏文濾材有限公司","D&K LUKESOUA CO., LTD.","彰化縣埔心鄉太平村太平路716巷臨56號","No. 56, Ln. 716, Taiping Rd., Taiping Vil., Puxin Township,  Changhua County 513003, Taiwan (R.O.C.)","林O仁","04-8374893","04-8285696","有","有"
"79967645","20021226","20210815","勤耘科技國際有限公司","WORK-SMART TECHNOLOGY CO., LTD.","臺北市中山區建國北路2段260號3樓","3 F., No. 260, Sec. 2, Jianguo N. Rd., Zhongshan Dist., Taipei City 10484, Taiwan (R.O.C.)","","02-26578171","02-26574589","無","無"
"79967666","20020717","20240905","大橋舟造船股份有限公司","TA CHIAO CHOU YACHT BUILDING CO., LTD.","花蓮縣新城鄉北埔村光復路195號1樓","1 F., No. 195, Guangfu Rd., Xincheng Township, Hualien County 97145, Taiwan (R.O.C.)","","02-2618-1466","02-2618-4371","無","無"
"79967693","20020620","20240708","鈺成國際有限公司","U-ZONE MATERIAL CO., LTD.","桃園市桃園區民生路641號","No. 641, Minsheng Rd., Taoyuan Dist., Taoyuan City 33043, Taiwan (R.O.C.)","何O任","03-3168595","03-3261700","有","有"
"79967770","20020822","20210815","大雄雙漁企業有限公司","DA HSIUNG SHUANG YU ENTERPRISE CO., LTD.","臺中市潭子區雅潭路三段1號1樓","1 F., No. 1, Sec. 3, Yatan Rd., Tanzi Dist., Taichung City 42756, Taiwan (R.O.C.)","湯O萍","04-25355476","04-25355481","有","有"
"79967785","20020605","20210813","尚鴻開發顧問有限公司","SHANG HUNG DEVELOPMENT CONSULTANT CO., LTD.","臺中市北屯區平陽里河北一街66巷33號1樓","1 F., No. 33, Ln. 66, Hebei 1st St., Pingyang Vil., Beitun Dist., Taichung City 40670, Taiwan (R.O.C.)","楊O華","04-22472348","04-22492148","有","有"
"79967856","20201207","20230803","里陽數位科技股份有限公司","Lyons Digital Technology Co., Ltd.","臺中市西屯區福康路119巷31號1樓","1 F., No. 31, Ln. 119, Fukang Rd., Xitun Dist., Taichung City 407002, Taiwan (R.O.C.)","葉O維","04-24617019","04-24614233","有","有"
"79967883","20060824","20210813","伸豐機械有限公司","CLEANING SYSTEM CO., LTD.","桃園市中壢區後寮里中山東2段526巷21號","No. 21, Ln. 526, Houliao, Houliao Vil., Zhongli Dist., Taoyuan City 320, Taiwan (R.O.C.)","黃O黛","03-4660577","03-4660576","有","有"
"79967976","20070413","20210813","和豈有限公司","MOONWU CO., LTD.","彰化縣芬園鄉進芬村彰南路三段348號1樓","1 F., No. 348, Sec. 3, Zhangnan Rd., Fenyuan Township, Changhua County 50241, Taiwan (R.O.C.)","林O慧","04-23264788","04-23262767","有","有"
"79967981","20050617","20210813","宇閎實業有限公司","URHOME CO., LTD.","彰化縣北斗鎮光復里復興路377巷32號1樓","1 F., No. 32, Ln. 377, Fuxing Rd., Guangfu Vil., Beidou Township, Changhua County 52147, Taiwan (R.O.C.)","顏O?境","04-8855172","04-8856825","有","有"
"79968047","20020619","20230309","新繼光實業有限公司","SIN CHI QUEN ENT. CO., LTD.","桃園市桃園區中德里國際路一段17號2樓","2 F., No. 17, Sec. 1, Guoji Rd., Zhongde Vil., Taoyuan Dist., Taoyuan City 330041, Taiwan (R.O.C.)","黃O益","03-3632783","03-3632783","無","無"
"79968145","20020814","20210814","頂尖無障礙科技股份有限公司","FREESPACE TECHNIC CO., LTD.","新竹市香山區埔前里牛埔東路568巷11號1樓","1 F., No. 11, Ln. 568, Niupu E. Rd., Puqian Vil., Xiangshan Dist., Hsinchu City 30091, Taiwan (R.O.C.)","黃O修","03-5383290","03-5387130","有","有"
"79968314","20030619","20210815","業信企業股份有限公司","YEH SHINN CO., LTD.","臺中市梧棲區大智路二段179號1樓","1 F., No. 179, Sec. 2, Dazhi Rd., Wuqi Dist., Taichung City 43543, Taiwan (R.O.C.)","王O名","04-2656-4848","04-2656-8253","有","有"
"79968428","20060105","20210815","巧勤股份有限公司","SMART & DILIGENT CO., LTD.","苗栗縣公館鄉五谷村1鄰22號","No. 22, Wugu, 1st Neighborhood, Gongguan Township, Miaoli County 36342, Taiwan (R.O.C.)","謝O明","037-230099","037-229217","有","有"
"79968460","20020820","20240813","鑫和紙器有限公司","SHIN HER PAPER PRODUCTS CO., LTD.","新北市五股區自強路64號5樓","5 F., No. 64, Ziqiang Rd., Wugu Dist., New Taipei City 24869, Taiwan (R.O.C.)","詹O和","02-22921732","02-22921294","有","有"
"79968573","20020617","20230408","昕展橡膠股份有限公司","SHIN JAN LATEX CO., LTD.","臺中市后里區墩西里中山路78號1樓","1 F., No. 78, Zhongshan Rd., Dunxi Vil., Houli Dist., Taichung City 421010, Taiwan (R.O.C.)","張O振","04-25563682","04-25560965","有","有"
"79968588","20020618","20230314","鎧裕國際有限公司","INTECH GLOBAL CORP.","臺南市安南區安和路一段478巷38弄15號","No. 15, Aly. 38, Ln. 478, Sec. 1, Anhe Rd., Annan Dist., Tainan City 709038, Taiwan (R.O.C.)","蘭O吉","06-2465581","06-2465525","無","無"
"79968601","20110509","20210813","力達變頻恆溫有限公司","LEADER INVERTER THERMOSTAT CO., LTD.","新北市樹林區中山路2段151巷41號","No. 41, Ln. 151, Sec. 2, Zhongshan Rd., Shulin Dist., New Taipei City 23850, Taiwan (R.O.C.)","劉O國","02-86861089","02-86868593","有","有"
"79968721","20020606","20240707","匯川貿易有限公司","YANG ZI JIANG TRADING CO., LTD.","臺南市東區東成街63號","No. 63, Dongcheng St., East Dist., Tainan City 701004, Taiwan (R.O.C.)","","06-5898081","06-5898087","無","無"
"79968779","20020828","20210813","海必勝國際有限公司","HAI BI SHENG INTERNATIONAL CO., LTD.","新北市中和區中山路2段391之3號9樓","9 F., No. 391-3, Sec. 2, Zhongshan Rd., Zhonghe Dist., New Taipei City 23558, Taiwan (R.O.C.)","黃O志","07-2579726","07-2519726","有","有"
"79968784","20030317","20210814","麻可可運動企業股份有限公司","MACACA company limited","彰化縣彰化市平和里中華西路166巷11號","No. 11, Ln. 166, Zhonghua W. Rd., Pinghe Vil., Changhua City, Changhua County 50055, Taiwan (R.O.C.)","曾O鈞","04-763-3041","04-761-6063","有","有"
"79968882","20051004","20210814","富凱自動包裝機械有限公司","FU-KAI AUTOMATIC PACKING MACHINERY CO., LTD.","臺南市永康區埔園里龍中街661號1樓","1 F., No. 661, Longzhong St., Puyuan Vil., Yongkang Dist., Tainan City 71076, Taiwan (R.O.C.)","潘O嘉","06-3013785","06-3013784","有","有"
"79968980","20021007","20210814","昱閥企業股份有限公司","E-FAR INDUSTRIAL CO., LTD.","桃園市八德區開隆街76巷12弄7號","No. 7, Aly. 12, Ln. 76, Kailong St., Bade Dist., Taoyuan City 33464, Taiwan (R.O.C.)","簡O煌","03-3668687","03-3615137","有","有"
"79969101","20020705","20210813","暢鋐企業有限公司","CHANG HOME ENTERPRISE CO., LTD.","高雄市梓官區赤東里赤崁東路70號1樓","1 F., No. 70, Chikan E. Rd., Chidong Vil., Ziguan Dist., Kaohsiung City 82644, Taiwan (R.O.C.)","林O長","07-6106634","07-619-2649","有","有"
"79969123","20020726","20210815","楊竹科技股份有限公司","YANG ZHU TECHNOLOGY CO., LTD.","新北市樹林區柑園街2段122巷7號7樓","7 F., No. 7, Ln. 122, Sec. 2, Ganyuan St., Shulin Dist., New Taipei City 23853, Taiwan (R.O.C.)","賴O足","02-26809966","26803300","有","有"
"79969334","20020612","20210814","千諭企業有限公司","RAC INTERNATIONAL CO., LTD.","苗栗縣苑裡鎮西平里3鄰西平19之6號","No. 19-6, Xiping, 3rd Neighborhood, Xiping Vil., Yuanli Township, Miaoli County 35851, Taiwan (R.O.C.)","陳O穗","037-868143","037-860781","有","有"
"79969340","20030708","20241029","昆宏興業有限公司","KWN HONG ENTERPRISE CO., LTD.","新北市永和區永利路7巷5號2樓","2 F., No. 5, Ln. 7, Yongli Rd., Yonghe Dist., New Taipei City 23450, Taiwan (R.O.C.)","","02-8285-2488","02-2285-0349","無","無"
"79969405","20131227","20210812","中華兩岸經貿股份有限公司","CHINA CROSS-STRAIT TRADE CO., LTD.","臺中市西屯區何成里大墩十八街195號3樓之2","3F.-2, No. 195, Dadun 18th St., Hecheng Vil., Xitun Dist., Taichung City 40758, Taiwan (R.O.C.)","唐O惠","04-23291119","04-23100366","無","無"
"79969480","20050223","20221129","再生發有限公司","TSAY SHENG FA LTD.","臺南市新市區永就里永就45之30號","No. 45-30, Yongjiu, Yongjiu Vil., Xinshi Dist.,  Tainan City 744004, Taiwan (R.O.C.)","吳O璋","06-5981969","","有","有"
"79969600","20220221","20220221","舷權企業有限公司","SIAN CYUAN ENTERPRISE LTD.","新北市新店區順安街4號1樓","1 F., NO. 4, SHUN-AN ST., XINDIAN DIST., NEW TAIPEI CITY 23143, TAIWAN (R.O.C.)","蔡O宏","02-29159351","","有","有"
"79969670","20040305","20210813","川銳工業有限公司","CHUAN RUEI INDUSTRIAL CO., LTD.","臺中市太平區德隆里光興路一一三號一樓","1 F., No. 113, Guangxing Rd., Delong Vil., Taiping Dist., Taichung City 41148, Taiwan (R.O.C.)","鄭O鳳","04-22711857","04-22712546","有","有"
"79969714","20021004","20210814","隆邑實業有限公司","LOONG YIH CO., LTD.","臺中市大肚區大肚里福利路133巷4號2樓","2 F., No. 4, Ln. 133, Fuli Rd., Dadu Vil., Dadu Dist., Taichung City 43242, Taiwan (R.O.C.)","黃O嵐","27406235","27513478","有","有"
"79969720","20021118","20230107","瀚新科技股份有限公司","HANSOR POLYMER TECHNOLOGY CORP.","新北市中和區連城路222巷11號(1、2樓)","2 F., No. 11, Ln. 222, Liancheng Rd., Zhonghe Dist., New Taipei City 235038, Taiwan (R.O.C.)","林O梧","02-22220101","02-22228080","有","有"
"79969806","20101223","20240905","千石有限公司","CHIAN SHIH CO., LTD.","桃園市觀音區樹林里永吉街143號1樓","1 F., No. 143, Yongji St., Shulin Vil., Guanyin Dist., Taoyuan City 32844, Taiwan (R.O.C.)","","03-4834188","03-4834189","無","無"
"79969812","20020617","20210814","京華蕾斯有限公司","CHING HUA LACE CO., LTD.","新北市新莊區五工三路78巷5號","No. 5, Ln. 78, Wugong 3rd Rd., Xinzhuang Dist., New Taipei City 24889, Taiwan (R.O.C.)","林O明","02-22996316","","有","有"
"79969931","20020607","20210814","歐旺食品有限公司","ALL WANT FOODS CO., LTD.","臺中市南屯區楓樹里楓和路712號1樓","1 F., No. 712, Fenghe Rd., Fengshu Vil., Nantun Dist., Taichung City 40870, Taiwan (R.O.C.)","廖O香","04-24792685","","有","有"
"79970043","20040305","20210815","原創科技有限公司","WANIGAN TECHNOLOGY CO., LTD.","基隆市暖暖區過港里過港路10巷184號6","No. 184, Ln. 10, Guogang Rd., Guogang Vil., Nuannuan Dist., Keelung City 20542, Taiwan (R.O.C.)","王O如","02-24592755","02-24584728","有","有"
"79970108","20040510","20210815","詠辰企業有限公司","YEON CHEN CO., LTD.","臺中市神岡區豐洲里豐洲路299之2號1樓","1 F., No. 299-2, Fengzhou Rd., Fengzhou Vil., Shengang Dist., Taichung City 42945, Taiwan (R.O.C.)","朱O玉","04-25224021","04-25223531","有","有"
"79970199","20020820","20230614","勝茂合投資股份有限公司","SHENG MOU HO CO., LTD.","臺南市東區小東里光明街66巷16號1樓","1 F., No. 16, Ln. 66, Guangming St., Xiaodong Vil., East Dist., Tainan City 701014, Taiwan (R.O.C.)","吳O儀","06-2978209","06-2978183","有","有"
"79970228","20020621","20210814","宇田香料貿易有限公司","YU TIAN FLAVOUR TRADE CO., LTD.","嘉義縣大林鎮西林里祥和路241巷1弄2號","No. 2, Aly. 1, Ln. 241, Xianghe Rd., Xilin Vil., Dalin Township, Chiayi County 62241, Taiwan (R.O.C.)","何O晉","05-2649415","05-2649283","有","有"
"79970233","20020926","20210812","雅山咖啡有限公司","ARTISAN COFFEE COMPANY LIMITED","臺北市內湖區安康路226巷21弄17號1樓","1 F., No. 17, Aly. 21, Ln. 226, Ankang Rd., Neihu Dist., Taipei City 11484, Taiwan (R.O.C.)","溫O源","03-3585880","","有","有"
"79970310","20020612","20240504","竹科半導體材料有限公司","SEMICONDUCTOR WAFER,INC.","新竹縣芎林鄉上山村三民路7號1樓","1 F., No. 7, Sanmin Rd., Qionglin Township, Hsinchu County 30745, Taiwan (R.O.C.)","","03-5927585","03-5927901","無","無"
"79970331","20020701","20210814","申旻製衣實業股份有限公司","SHENG MIN GARMENT INDUSTRIAL CO., LTD.","桃園市平鎮區建安里金陵路四段475號3樓","3 F., No. 475, Sec. 4, Jinling Rd., Jian’an Vil., Pingzhen Dist., Taoyuan City 32470, Taiwan (R.O.C.)","林O麗","03-4505668","03-4506860","有","有"
"79970368","20020718","20210813","東甫氣動有限公司","DANG FU CO., LTD.","新北市新莊區後港一路28巷4弄25號5樓","5 F., No. 25, Aly. 4, Ln. 28, Hougang 1st Rd., Xinzhuang Dist., New Taipei City 24259, Taiwan (R.O.C.)","吳O海","02-22560634","","有","有"
"79970402","20020610","20240816","嘉陞國際股份有限公司","BRIGHT SUN INTERNATIONAL CO., LTD.","新北市三重區興德路123之6號10樓","10 F., No. 123-6, Xingde Rd., Sanchong Dist., New Taipei City 24158, Taiwan (R.O.C.)","李O龍","02-85121996","02-85121981","有","有"
"79970487","20020625","20240614","曆弘企業有限公司","A LEAD TECH CO., LTD.","雲林縣崙背鄉羅厝村東興13號","No. 13, Dongxing, Lunbei Township, Yunlin County 63743, Taiwan (R.O.C.)","","02-26933279","02-26945129","無","無"
"79970515","20130223","20241107","華鉅科技股份有限公司","watchsoft corp.","新北市中和區中正路716號8樓之3","8 F.-3, No. 716, Zhongzheng Rd., Zhonghe Dist., New Taipei City 235603, Taiwan (R.O.C.)","陳O雲","02-22461558","02-22461557","有","有"
"79970542","20070628","20210813","餐飲行家企業有限公司","FOODGOOD CO., LTD.","臺中市南屯區文心南三路120巷41號","No. 41, Ln. 120, Wenxin S. 3rd Rd., Nantun Dist., Taichung City 40855, Taiwan (R.O.C.)","陳O成","04-23051525","04-23022177","有","有"
"79970579","20150428","20230111","台鏡企業有限公司","THAI JING CORP.","臺南市歸仁區大廟里和順路2段151巷39弄16號","No. 16, Aly. 39, Ln. 151, Sec. 2, Heshun Rd., Damiao Vil., Guiren Dist., Tainan City 711005, Taiwan (R.O.C.)","蔡O漢","06-2490877","06-2490757","有","有"
"79970607","20020617","20230512","鑫聯精密股份有限公司","HSIN-LIEN PRECISION CO., LTD.","臺南市西港區後營里後營321-15號","No. 321-15, Houying, Houying Vil., Xigang Dist.,  Tainan City 723021, Taiwan (R.O.C.)","謝O樺","886-5-5961878","886-5-5961855","有","有"
"79970613","20030122","20220915","昇陽貿易股份有限公司","SUN ALLERGY CONTROL COMPANY","臺中市南屯區五權西路二段1036號","No. 1036, Sec. 2, Wuquan W. Rd., Nantun Dist., Taichung City 408022, Taiwan (R.O.C.)","張O琪","04-23809000","04-23805233","有","有"
"79970634","20020618","20210813","誠允有限公司","SHARE WIN INDUSTRY CO., LTD.","彰化縣福興鄉元中村橫圳巷12-16號","No. 12-16, Hengzun Ln., Fuxing Township, Changhua County 50643, Taiwan (R.O.C.)","郭O美","04-7792128","04-7792899","有","有"
"79970819","20080611","20210813","法拉科技有限公司","FARAD TECHNOLOGY CO., LTD.","桃園市龜山區文化三路7號14樓","14 F., No. 7, Wenhua 3rd Rd., Guishan Dist., Taoyuan City 33381, Taiwan (R.O.C.)","葉O城","02-2600-6228","02-2600-6220","有","有"
"79970867","20150116","20230804","元富昌科技股份有限公司","YUAN FU CHANG TECHNOLOGY CO., LTD.","臺中市西屯區何明里太原路一段45號4樓","4 F., No. 45, Sec. 1, Taiyuan Rd., Heming Vil., Xitun Dist., Taichung City 407055, Taiwan (R.O.C.)","王O益","04-25159036","04-25206295","有","有"
"79970965","20020606","20210814","富成金屬科技股份有限公司","FULLCHAMP TECHNOLOGIES CO., LTD.","南投縣竹山鎮延平六路1號","No. 1, Yanping 6th Rd., Zhushan Township, Nantou County 55774, Taiwan (R.O.C.)","白O歷(OliverBrauner)","049-2633889","049-2633888","有","有"
"79971009","20020613","20230111","承錡貿易有限公司","GREAT DENNIS ENTERPRISE CO., LTD.","新北市三重區正義北路33巷16號2樓","2 F., No. 16, Ln. 33, Zhengyi N. Rd., Sanchong Dist., New Taipei City 241050, Taiwan (R.O.C.)","紀O南","02-29822393","02-89856779","有","有"
"79971036","20020719","20210813","伸豐五金企業有限公司","SHEN FOM HARDWARE ENTERPRISE CO., LTD.","新北市中和區中興街115巷1弄11號1樓","1 F., No. 11, Aly. 1, Ln. 115, Zhongxing St., Zhonghe Dist., New Taipei City 23560, Taiwan (R.O.C.)","龔O和","02-22479379","02-22738149","有","有"
"79971063","20081021","20210812","全佑精密有限公司","CHUAN YU PRECISE CO., LTD.","雲林縣林內鄉烏麻村永昌路六五︱一號","No. 1, Yongchang, Linnei Township, Yunlin County 64344, Taiwan (R.O.C.)","林O修","05-5890805","05-5890802","有","有"
"79971113","20060707","20240607","裕邦精機有限公司","YUH BAN PRECISION CO., LTD.","新北市新莊區化成路335號","No. 335, Huacheng Rd., Xinzhuang Dist., New Taipei City 24253, Taiwan (R.O.C.)","林O奇","02-85217760","02-85217977","有","有"
"79971134","20020606","20210814","新吉成國際通運有限公司","SHIN JYI CHERNG INTERNATIONAL FORWARDING CO., LTD.","臺中市西屯區廣福路150巷60號","No. 60, Ln. 150, Guangfu Rd., Xitun Dist., Taichung City 40760, Taiwan (R.O.C.)","黃O瑂","04-27083737","04-27083636","有","有"
"79971177","20050324","20250419","肯奇照明股份有限公司","KENG CHI LIGHTING CO., LTD.","高雄市燕巢區安林路37號2樓","2 F., No. 37, Anlin Rd., Yanchao Dist., Kaohsiung City 824003, Taiwan (R.O.C.)","范O成","07-6141660","07-6169924","有","有"
"79971182","20040310","20210813","鉅捷科技有限公司","GERMONIC TECHNOLOGY CORPORATION","新竹市東區東勢里東光路192號1樓","1 F., No. 192, Dongguang Rd., Dongshi Vil., East Dist., Hsinchu City 30069, Taiwan (R.O.C.)","李O峰","03-5711250","03-5711260","有","有"
"79971211","20050519","20210813","軍順食品有限公司","JIUN SHUN FOOD CO., LTD.","新北市三重區中正北路五三○巷一○號","No. 10, Ln. 530, Zhongzheng N. Rd., Sanchong Dist., New Taipei City 24157, Taiwan (R.O.C.)","吳O茂","02-2989-9831","02-2988-3322","有","有"
"79971248","20030123","20210815","永齡國際有限公司","EVER DYNASTY INTERNATIONAL CO., LTD.","臺中市西屯區市政北二路236號17樓之3","17F.-3, No. 236, Shizheng N. 2nd Rd., Xitun Dist., Taichung City 40756, Taiwan (R.O.C.)","黃O齡","04-22589449","04-22588199","有","有"
"79971280","20021002","20210814","宏遠國際事業有限公司","HONG YEN INTERNATIONAL CORPORATION","臺南市東區和平里東門路三段338巷23號7樓之1","7F.-1, No. 23, Ln. 338, Sec. 3, Dongmen Rd., Heping Vil., East Dist., Tainan City 70157, Taiwan (R.O.C.)","邱O銘","06-3369533","06-2674122","有","有"
"79971330","20021226","20210815","裕華陶瓷有限公司","YUH HWA POTTERY CO., LTD.","新北市鶯歌區中正三路156巷33弄2號","No. 2, Aly. 33, Ln. 156, Zhongzheng 3rd Rd., Yingge Dist., New Taipei City 23942, Taiwan (R.O.C.)","簡O彬","02-26797219","","有","有"
"79971367","20020718","20240625","辰星布業有限公司","CHEN SHING CLOTH CO., LTD.","彰化縣社頭鄉湳厎村員集路三段467巷189號","No. 189, Ln. 467, Sec. 3, Yuanji Rd., Shetou Township, Changhua County 511008, Taiwan (R.O.C.)","劉O秉","04-8710711","04-8734741","有","有"
"79971444","20150506","20240426","偉麟起重工程有限公司","WEI-LING CRANE ENGINEERING LTD.","新北市板橋區實踐路69號5樓","5 F., No. 69, Shijian Rd., Banqiao Dist., New Taipei City 220068, Taiwan (R.O.C.)","蕭O桐","03-3183792","","有","有"
"79971508","20020607","20210814","安成淨水實業有限公司","AN-CHIEN WATER SYSTEMS CO., LTD.","臺中市豐原區社皮里中正路524號1樓","1 F., No. 524, Zhongzheng Rd., Shepi Vil., Fengyuan Dist., Taichung City 42059, Taiwan (R.O.C.)","蔣O霞","04-25158952","04-25158950","無","無"
"79971514","20020722","20230527","亞聚捷科技股份有限公司","AGEJET TECHNOLOGY INC.","新北市新店區民權路39號5樓","5 F., No. 39, Minquan Rd., Xindian Dist., New Taipei City 231030, Taiwan (R.O.C.)","高O益","02-86674100","02-86674065","無","無"
"79971520","20020612","20210814","鑫成座墊股份有限公司","ROODINSEAT CORPORATION","臺中市東區自由路三段231號1樓","1 F., No. 231, Sec. 3, Ziyou Rd., East Dist., Taichung City 40141, Taiwan (R.O.C.)","張O傑","04-23958339","04-23957119","有","有"
"79971556","20140409","20210814","勤禾國際股份有限公司","DAYBYDAYSUPPLY CO., LTD.","桃園市龜山區大華里文東五街43號","No. 43, Wendong 5th St., Dahua Vil., Guishan Dist., Taoyuan City 33376, Taiwan (R.O.C.)","黃O江","02-22902050","03-3289323","有","有"
"79971583","20020605","20210814","湧鎮實業股份有限公司","HYDRAULIK POWER CO., LTD.","桃園市中壢區過嶺里松智二街122號3樓之3","3F.-3, No. 122, Songzhi 2nd St., Guoling Vil., Zhongli Dist., Taoyuan City 32050, Taiwan (R.O.C.)","邱O郎","03-4901423","03-4206631","有","有"
"79971697","20101028","20210814","騰騏實業有限公司","TENG CHI 2002 CO., LTD.","臺北市中山區松江路259巷25號1樓","1 F., No. 25, Ln. 259, Songjiang Rd., Zhongshan Dist., Taipei City 10483, Taiwan (R.O.C.)","劉O麟","02-28205583","02-28232607","無","無"
"79971704","20021002","20240627","維典技研股份有限公司","WISENT TECHNOLOGY INC.","新北市八里區中華路2段400號6樓","6 F., No. 400, Sec. 2, Zhonghua Rd., Bali Dist., New Taipei City 249604, Taiwan (R.O.C.)","蔡O昇","02-28982081","02-28982071","有","有"
"79971774","20100115","20210814","寶慶塑膠有限公司","IPLASTIC ENTERPRISE CO., LTD.","新北市林口區中正路525巷16號3樓","3 F., No. 16, Ln. 525, Zhongzheng Rd., Linkou Dist., New Taipei City 24445, Taiwan (R.O.C.)","蔡O雲笑","02-26016898","02-26016897","有","有"
"79971789","20020604","20231223","浩捍實業股份有限公司","EXUSTAR ENTERPRISE CO., LTD.","臺中市北區賴興里文心路四段200號8樓之5","8 F.-5, No. 200, Sec. 4, Wenxin Rd., Laixing Vil., North Dist., Taichung City 404536, Taiwan (R.O.C.)","趙O崧","04-26937999","04-26938777","有","有"
"79971818","20020618","20221129","東芯投資股份有限公司","EASTWIN TECHNOLOGY INC.","新北市中和區中山路3段110號8樓","8 F., No. 110, Sec. 3, Zhongshan Rd., Zhonghe Dist., New Taipei City 235601, Taiwan (R.O.C.)","張O益","(02)2915-3936","(02)2915-3559","有","有"
"79971922","20020814","20230509","阜信企業有限公司","FU HSIN ENTEPRISE CO., LTD.","臺南市學甲區新達里華宗路462號","No. 462, Huazong Rd., Xinda Vil., Xuejia Dist., Tainan City 726003, Taiwan (R.O.C.)","陳O彰","06-7830971","06-7824716","有","有"
"79972083","20020614","20230314","允詳貿易有限公司","YUAN SHUNG TRADE CO., LTD.","臺中市南區樹德里文心南路546之1號14樓之2","14 F.-2, No. 546-1, Wenxin S. Rd., Shude Vil., South Dist., Taichung City 402028, Taiwan (R.O.C.)","吳O欽","04-24718838","","有","有"
"79972112","20031008","20210813","詠麗生化科技股份有限公司","UNICARE BIOTECHNOLOGY CORPORATION","新北市五股區五工六路16號","No. 16, Wugong 6th Rd., Wugu Dist., New Taipei City 24891, Taiwan (R.O.C.)","趙O惠","02-22980799","02-22980766","有","有"
"79972176","20020718","20221007","海德門精機股份有限公司","HIDRAMAN CO., LTD.","新北市淡水區頂田寮路178號","No. 178, Dingtianliao Rd., Tamsui Dist., New Taipei City 251001, Taiwan (R.O.C.)","許O松","02-86315865","02-86316025","有","有"
"79972252","20020619","20210813","嘉晟汽車材料有限公司","JIA JENG AUTO PARTS CO., LTD.","新北市汐止區大同路3段247號1樓","1 F., No. 247, Sec. 3, Datong Rd., Xizhi Dist., New Taipei City 22178, Taiwan (R.O.C.)","石O玉","02-86485599","02-86489539","有","有"
"79972268","20091021","20250617","楷燁股份有限公司","KAIYE CO., LTD.","新北市樹林區東豐街87巷8號","No. 8, Ln. 87, Dongfeng St., Shulin Dist., New Taipei City 238034, Taiwan (R.O.C.)","謝O儀","02-22679980","02-22681978","有","有"
"79972295","20020718","20230215","上其精密工業股份有限公司","MAGICON INDUSTRIAL INC.","臺中市霧峰區北勢里丁台路734號1樓","1 F., No. 734, Dingtai Rd., Beishi Vil., Wufeng Dist., Taichung City 413003, Taiwan (R.O.C.)","張O雄","04-23391802","04-23399374","有","有"
"79972302","20021105","20240507","成運企業有限公司","ASPIRE FITNESS LTD.","臺中市大雅區員林里雅環路三段70巷19弄16號1樓","1 F., No. 16, Aly. 19, Ln. 70, Sec. 3, Yahuan Rd., Yuanlin Vil., Daya Dist., Taichung City 428011, Taiwan (R.O.C.)","","04-25620922","04-25620096","無","無"
"79972339","20020605","20240412","天鳳資本股份有限公司","TIAN FENG GENERAL ENTERPRISE CO., LTD.","臺中市南屯區大業里大墩路826號1樓","1 F., No. 826, Dadun Rd., Daye Vil., Nantun Dist., Taichung City 40848, Taiwan (R.O.C.)","蘇O𦮪","04-23108686","04-23108686","有","有"
"79972422","20050420","20210815","力翰企業有限公司","LI PHEN ENTERPRISE CO., LTD.","桃園市龍潭區高楊南路238巷92號","No. 92, Ln. 238, Gaoyang S. Rd., Longtan Dist., Taoyuan City 32544, Taiwan (R.O.C.)","黃O敏","03-4116956","03-4117037","有","有"
"79972485","20141023","20240627","伊縵妮國際美容有限公司","YI MIAN NI INTERNATIONAL BEAUTY CO., LTD.","臺中市清水區橋頭里民有路277號","No. 277, Minyou Rd., Qiaotou Vil., Qingshui Dist., Taichung City 436043, Taiwan (R.O.C.)","唐O月","04-26268007","04-26268005","有","有"
"79972507","20020610","20210812","振恩百貨有限公司","U-LI DAILY GOODS CO., LTD.","新北市五股區成泰路3段515號2樓","2 F., No. 515, Sec. 3, Chengtai Rd., Wugu Dist., New Taipei City 24841, Taiwan (R.O.C.)","陳O翔","","","有","有"
"79972529","20030623","20210815","弘全科技股份有限公司","HANG-CHEN TECHNOLOGY CORPORATION","南投縣草屯鎮中正里中山街259號1樓","1 F., No. 259, Zhongshan St., Zhongzheng Vil., Caotun Township, Nantou County 54242, Taiwan (R.O.C.)","洪O忠","049-231-0639","049-231-0640","有","有"
"79972577","20030917","20210812","甲庚實業股份有限公司","CHIA GENG ENTERPRISE CO., LTD.","臺南市安南區工明南二路92號","No. 92, Gongming S. 2nd Rd., Annan Dist., Tainan City 70968, Taiwan (R.O.C.)","黃O寳","06-247-2699","","有","有"
"79972730","20040318","20220415","進騰企業有限公司","GIN TANG ENTERPRISE CO., LTD.","桃園市蘆竹區長興里南崁路二段228巷128弄22號","No. 22, Aly. 128, Ln. 228, Sec. 2, Nankan Rd., Changxing Vil., Luzhu Dist., Taoyuan City 33855, Taiwan (R.O.C.)","葉O曄","03-2125170","03-2125171","有","有"
"79972751","20020812","20240320","茂多有限公司","UNIDOS CO., LTD.","新竹縣湖口鄉中山路2段292號","No. 292, Sec. 2, Zhongshan Rd., Hukou Township, Hsinchu County 30342, Taiwan (R.O.C.)","鄭O杰","03-5991155","03-5991156","有","有"
"79972773","20030227","20210813","聖偉工業有限公司","SEN WEI INTERNATIONAL CO.","臺中市太平區長億東三街55巷15號","No. 15, Ln. 55, Changyi E. 3rd St., Taiping Dist., Taichung City 41145, Taiwan (R.O.C.)","賴O美","04-22798607","04-22770484","有","有"
"79972788","20071009","20210812","元騰貿易有限公司","YUAN TUNG TRADING LTD.","新北市土城區千歲路39號(1樓)","1 F., No. 39, Qiansui Rd., Tucheng Dist., New Taipei City 23671, Taiwan (R.O.C.)","湯O誠","03-4703289","03-4095773","有","有"
"79972844","20020712","20210815","大芯行有限公司","DASHING HANG CO., LTD.","桃園市桃園區中寧里同德五街131巷4弄1-2號","No. 1-2, Aly. 4, Ln. 131, Tongde 5th St., Zhongning Vil., Taoyuan Dist., Taoyuan City 33046, Taiwan (R.O.C.)","郭O興","03-3567304","03-3567406","有","有"
"79972886","20050420","20210814","博世達企業有限公司","BOSSDA ENTERPRISES CO., LTD.","新北市中和區景平路288號15樓","15 F., No. 288, Jingping Rd., Zhonghe Dist., New Taipei City 23581, Taiwan (R.O.C.)","陳O淳","02-22675600","02-22680567","有","有"
"79972921","20050128","20230225","豐珈盈貿易有限公司","PROWATCH INTERNATIONAL CO., LTD.","臺中市北屯區松竹里崇德二路二段22號1樓","1 F., No. 22, Sec. 2, Chongde 2nd Rd., Songzhu Vil., Beitun Dist., Taichung City 406022, Taiwan (R.O.C.)","劉O丰","0966672971","04-22478591","無","無"
"79973105","20020617","20210812","啟和興業有限公司","CHI HER RICE CO., LTD.","臺中市龍井區忠和里工業路248號","No. 248, Gongye Rd., Zhonghe Vil., Longjing Dist., Taichung City 43445, Taiwan (R.O.C.)","陳O周","04-26390897","04-26393743","有","有"
"79973169","20101026","20210814","錠億設計工程有限公司","DIN YI DESIGN CORP.","新北市永和區永和路2段57號7樓","7 F., No. 57, Sec. 2, Yonghe Rd., Yonghe Dist., New Taipei City 23444, Taiwan (R.O.C.)","陳O男","02-28483264","02-28483265","有","有"
"79973175","20020919","20210814","元晴企業有限公司","YUAN CHING ENTERPRISE CO., LTD.","臺南市歸仁區南興里民生六街23號","No. 23, Minsheng 6th St., Nanxing Vil., Guiren Dist., Tainan City 71149, Taiwan (R.O.C.)","王O田","06-2706306","06-2706159","有","有"
"79973273","20020614","20210815","卓建精密工業股份有限公司","CHOU JIAN PRECISION INDUSTRIAL CO., LTD.","臺中市潭子區栗林里中山路三段493巷23弄30號","No. 30, Aly. 23, Ln. 493, Sec. 3, Zhongshan Rd., Lilin Vil., Tanzi Dist., Taichung City 42754, Taiwan (R.O.C.)","邱O華","04-25341288","04-25341269","有","有"
"79973301","20050907","20230301","科東企業有限公司","KINSTONE COMPREHENSIVE INC.","新北市八里區中山路2段333號2樓","2F., No. 333, Sec. 2, Zhongshan Rd., Bali Dist.,  New Taipei City 249, Taiwan (R.O.C.)","蔡O銘","02-27611107","02-27651988","無","無"
"79973323","20020726","20210813","宏祐開發設計股份有限公司","HEYDAYMASS INDUSTRY CO., LTD.","新北市淡水區新民街222巷13號4樓","4 F., No. 13, Ln. 222, Xinmin St., Tamsui Dist., New Taipei City 25153, Taiwan (R.O.C.)","陳O宏","02-26598002","02-29018729","有","有"
"79973338","20020815","20210815","明業科技股份有限公司","MING YEH TECHNICAL IND. CO., LTD.","桃園市龜山區新嶺里新嶺三街16號1樓","1 F., No. 16, Xinling 3rd St., Xinling Vil., Guishan Dist., Taoyuan City 33349, Taiwan (R.O.C.)","阮O欽","03-3975646","03-3285772","有","有"
"79973415","20020624","20241018","日昌精密有限公司","DAY METAL PRECISION CO., LTD.","桃園市楊梅區裕榮路158巷21號","No. 21, Ln. 158, Yurong Rd., Yangmei Dist., Taoyuan City 326017, Taiwan (R.O.C.)","邱O民","03-4702123","02-8261-0967","有","有"
"79973484","20230203","20230203","雅風廣告印刷有限公司","YAFENG ADVERTISING PRINTING CO., LTD.","臺中市大雅區雅環路三段大明一巷27號2樓","2 F., No. 27, Daming 1st Ln., Sec. 3, Yahuan Rd., Daya Dist., Taichung City 428011, Taiwan (R.O.C.)","李O茹","04-25674145","04-25674146","有","有"
"79973506","20140919","20230420","晉宇開發股份有限公司","JING YU DEVELOPMENT CO., LTD.","臺南市東區東門路二段297號7樓","7 F., No. 297, Sec. 2, Dongmen Rd., East Dist., Tainan City 701044, Taiwan (R.O.C.)","謝O燁","02-22188678","02-77051106","有","有"
"79973528","20020613","20240810","禾峰種子有限公司","BESGROW SEED CO., LTD.","臺南市南區喜東里明興路334號","No. 334, Mingxing Rd., Xidong Vil., South Dist., Tainan City 70261, Taiwan (R.O.C.)","鄭O輝","06-2623431","06-2624731","有","有"
"79973647","20030718","20210813","隆盛金屬壓鑄有限公司","LONGCHENG METALLURGY CO., LTD.","新北市蘆洲區中山二路262號","No. 262, Zhongshan 2nd Rd., Luzhou Dist., New Taipei City 24756, Taiwan (R.O.C.)","楊O秀卿","02-8285-7433","02-2288-0441","有","有"
"79973689","20020618","20230328","台研管理顧問股份有限公司","AIC DIGITAL EDUCATION INTERNATIONAL CO., LTD.","彰化縣彰化市福安里華山路37號10樓之1","10 F.-1, No. 37, Huashan Rd., Fu’an Vil., Changhua City, Changhua County 500007, Taiwan (R.O.C.)","施O清","04-2358-7571","04-2358-7573","有","有"
"79973891","20020823","20210813","聖鎰工程工業股份有限公司","SUM FULL CO., LTD.","高雄市大寮區和業六路30號","No. 30, Daliao Dist., Kaohsiung City 831, Taiwan (R.O.C.)","陳O正","07-7889389","07-7889390","有","有"
"79973908","20040625","20230111","霖內科技有限公司","SEMITECK SCIENCE CO., LTD.","新竹縣寶山鄉雙溪村四鄰寶新路一四七巷三六號八樓","8F., No. 36, Ln. 147, Baoxin Rd., 4th Neighborhood, Shuangxi Vil., Baoshan Township,  Hsinchu County 308, Taiwan (R.O.C.)","陳O燃","03-5243662","03-5357458","有","有"
"79974033","20020703","20210814","遠祥國際有限公司","FAR AHEAD DEVELOP CO., LTD.","臺北市內湖區瑞光路258巷56號2樓之1","2F.-1, No. 56, Ln. 258, Ruiguang Rd., Neihu Dist., Taipei City 11491, Taiwan (R.O.C.)","王O元","02-87971559","02-87975389","有","有"
"79974049","20080715","20210910","大潤通運有限公司","DARUN TRANSPORTATION CO., LTD.","臺中市梧棲區草湳里臨港路三段960號2樓","2 F., No. 960, Sec. 3, Lingang Rd., Caonan Vil., Wuqi Dist., Taichung City 43542, Taiwan (R.O.C.)","蕭O隆","04-26305873","","有","有"
"79974060","20020618","20220112","利亨泰有限公司","KUANG PO CO., LTD.","臺南市安平區怡平里慶平路191號2樓","2 F., No. 191, Qingping Rd., Yiping Vil., Anping Dist., Tainan City 70845, Taiwan (R.O.C.)","葉O妃","06-2112511","06-2260071","有","有"
"79974104","20110921","20210813","天富綠能股份有限公司","KAOHSIUNG PINGTUNG-SHINDE DEVELOPMENT CO., LTD.","高雄市苓雅區輔仁路155號16樓之1","16F.-1, No. 155, Furen Rd., Lingya Dist., Kaohsiung City 80288, Taiwan (R.O.C.)","蘇O華","07-9725559","07-9729228","有","有"
"79974110","20200630","20210813","吾翔騰有限公司","WU XIANG TENG CO., LTD","桃園市中壢區內厝里福嶺路二段71號1樓","1 F., No. 71, Sec. 2, Fuling Rd., Neicuo Vil., Zhongli Dist., Taoyuan City 32052, Taiwan (R.O.C.)","吳O榮","03-4986288","03-4985780","有","有"
"79974152","20200826","20210815","瑞益寢具有限公司","Ruiyi Lifestyle Limited company","桃園市中壢區龍德里龍勇路47號1樓","1 F., No. 47, Longyong Rd., Longde Vil., Zhongli Dist., Taoyuan City 32095, Taiwan (R.O.C.)","張O益","03-4725656","03-4723131","有","有"
"79974224","20020701","20210814","開鉅電腦輔助工程有限公司","CAX TECHNOLOGIES CO., LTD.","臺中市沙鹿區興安里興安路51巷68號1樓","1 F., No. 68, Ln. 51, Xing’an Rd., Xing’an Vil., Shalu Dist., Taichung City 43351, Taiwan (R.O.C.)","王O鈴","04-26362221","04-26357504","有","有"
"79974250","20020925","20210815","匯祥科技有限公司","HUI-SHIANG TECH CO., LTD.","臺南市東區忠孝里12鄰崇明九街40號4樓","4 F., No. 40, Chongming 9th St., 12th Neighborhood, Zhongxiao Vil., East Dist., Tainan City 70147, Taiwan (R.O.C.)","林O真","04-723-7221","04-722-8662","有","有"
"79974287","20020612","20210815","凌群國際股份有限公司","TURBOTEK INTERNATIONAL CO., LTD.","臺北市內湖區瑞光路583巷26號6樓之1","6F.-1, No. 26, Ln. 583, Ruiguang Rd., Neihu Dist., Taipei City 11492, Taiwan (R.O.C.)","盧O璋","02-26591218","02-26591303","有","有"
"79974385","20020702","20210814","芝聖生物科技有限公司","ETERNAL TOP CO., LTD.","臺中市霧峰區五福西路97之1號1樓","1 F., No. 97-1, Wufu W. Rd., Wufeng Dist., Taichung City 41355, Taiwan (R.O.C.)","鍾O瑞","04-23333822","04-23333285","有","有"
"79974414","20241104","20241104","錩隆有限公司","CHANG LUNG CO., LTD.","新北市泰山區民生路31巷4之1號","No. 4-1, Ln. 31, Minsheng Rd., Taishan Dist., New Taipei City 243085, Taiwan (R.O.C.)","王O凱","0222931823","","有","有"
"79974548","20080522","20210815","順晃科技有限公司","ZHEN LIANG TECHNOLOGY CORP.","新北市樹林區俊安街53巷8號","No. 8, Ln. 53, Jun’an St., Shulin Dist., New Taipei City 23865, Taiwan (R.O.C.)","謝O光","02-85113299","02-85113070","無","無"
"79974596","20210602","20210813","助鎰環保有限公司","JhuYi Environmental Protection Co., Ltd.","臺中市后里區大圳路618號","No. 618, Dazun Rd., Houli Dist., Taichung City 42154, Taiwan (R.O.C.)","吳O榮","0937438977","04-24631701","有","有"
"79974738","20021021","20210812","信錩絲棉企業有限公司","SHINN CHANG SILK&COTTON ENTERPRISE CO., LTD.","桃園市中壢區五權里三民路一段27巷3號","No. 3, Ln. 27, Sec. 1, Sanmin Rd., Wuquan Vil., Zhongli Dist., Taoyuan City 32051, Taiwan (R.O.C.)","劉O梅","03-4931542","03-4932357","有","有"
"79974786","20041005","20210813","駿柏國際有限公司","CHUN PO INTERNATIONAL CORP.","桃園市蘆竹區中福里興仁路63號2樓","2 F., No. 63, Xingren Rd., Zhongfu Vil., Luzhu Dist., Taoyuan City 33862, Taiwan (R.O.C.)","陳O霖","03-3232167","03-3232267","有","有"
"79974934","20060407","20210813","大邁印刷有限公司","DAMY PRINTING ENTERPRISE CO., LTD.","臺南市永康區甲頂里中央路23巷13號","No. 13, Ln. 23, Zhongyang Rd., Jiading Vil., Yongkang Dist., Tainan City 71045, Taiwan (R.O.C.)","王O仁","06-2510391","06-2510408","有","有"
"79975027","20110826","20250111","大毅蛋品有限公司","DA I EGG CO., LTD.","臺南市歸仁區西埔里大埔路2段8巷66號","No. 66, Ln. 8, Sec. 2, Dapu Rd., Xipu Vil., Guiren Dist., Tainan City 711001, Taiwan (R.O.C.)","黄O竒","06-2711896","06-2711906","有","有"
"79975053","20020627","20221221","永淞企業有限公司","YUNG SUNG CO., LTD.","高雄市左營區天祥二路61巷12弄21號1樓","1 F., No. 21, Aly. 12, Ln. 61, Tianxiang 2nd Rd., Zuoying Dist., Kaohsiung City 813026, Taiwan (R.O.C.)","吳O聆","07-5587388","","無","無"
"79975080","20100629","20210813","宗興機械有限公司","ZONG XING MACHINERY CO., LTD.","雲林縣斗六市明德北路1段80號1樓","1 F., No. 80, Sec. 1, Mingde N. Rd., Douliu City, Yunlin County 64056, Taiwan (R.O.C.)","王O通","05-5340158","05-5340098","有","有"
"79975119","20040601","20210813","美芙瀧有限公司","MEI FU LONG CO., LTD.","新北市新莊區幸福路811號2樓","2 F., No. 811, Xingfu Rd., Xinzhuang Dist., New Taipei City 24249, Taiwan (R.O.C.)","王O琢","02-89922627","02-89928966","有","有"
"79975194","20020613","20210813","宇富半導體材料科技股份有限公司","UF TECH CORPORATION","新竹市文華里經國路1段678號2樓之2","2F.-2, No. 678, Sec. 1, Jingguo Rd., Wenhua Vil., East Dist., Hsinchu City 30059, Taiwan (R.O.C.)","賀O綱","0921181092","","有","有"
"79975292","20020625","20221109","固特優企業有限公司","GOOD USE HARDWARE CO., LTD.","高雄市大社區保社里旗楠路99之2號","No. 99-2, Qinan Rd., Baoshe Vil., Dashe Dist., Kaohsiung City 815005, Taiwan (R.O.C.)","吳O珠","07-3535170","07-3527785","有","有"
"79975309","20151015","20230310","米亞科技有限公司","MILLIONASIA TECHNOLOGY LTD.","新北市板橋區南雅南路1段125號","No. 125, Sec. 1, Nanya S. Rd., Banqiao Dist., New Taipei City 220054, Taiwan (R.O.C.)","陳O蓉","02-29512548","02-29587693","有","有"
"79975321","20080326","20210813","智頡科技股份有限公司","WISDOMSMATE TECHNOLOGY CO., LTD.","新竹市民權路110號6樓","6 F., No. 110, Minquan Rd., East Dist., Hsinchu City 30043, Taiwan (R.O.C.)","曾O桂","03-5326262","03-5344873","有","有"
"79975357","20020805","20210814","愷威企業股份有限公司","KWAY TECH CO., LTD.","苗栗縣竹南鎮聖福里建國路288巷53弄9號","No. 9, Aly. 53, Ln. 288, Jianguo Rd., Shengfu Vil., Zhunan Township, Miaoli County 35045, Taiwan (R.O.C.)","温O凱","037-552257","037-481576","有","有"
"79975379","20020607","20210815","言昇國際事業有限公司","AFAR SPORTS LTD.","臺中市沙鹿區台灣大道6段926巷7弄40號1樓","1 F., No. 40, Aly. 7, Ln. 926, Shalu Dist., Taichung City 433, Taiwan (R.O.C.)","曾O峰","04-26337183","04-26322833","有","有"
"79975440","20020613","20210813","劉氏熱帶魚貿易有限公司","LIU TROPICAL-FISH CO., LTD.","臺南市仁德區仁義里中清路91號1樓","1 F., No. 91, Zhongqing Rd., Renyi Vil., Rende Dist., Tainan City 71753, Taiwan (R.O.C.)","劉O宗","06-2604016","06-2600481","有","有"
"79975455","20201007","20210812","元百億企業有限公司","YUAN BOR YIH ENTERPRISE CO., LTD.","彰化縣大村鄉村上村中山路2段139之19號","No. 139-19, Sec. 2, Zhongshan Rd., Dacun Township, Changhua County 51542, Taiwan (R.O.C.)","莊O芳","04-8529481","04-8533263","有","有"
"79975498","20150522","20210813","訊達鋼模實業有限公司","SHIUN DA STEEL MOULD INDUSTRIAL CO.,LTD.","臺南市永康區塩洲里塩行路219號1樓","1 F., No. 219, Yongkang Dist., Tainan City 710, Taiwan (R.O.C.)","劉O巍","06-2427794","06-2427795","有","有"
"79975547","20060918","20221006","金門行銷有限公司","JIN MEN SALES MARKETING CO., LTD.","新北市中和區民德路290巷10號","No. 10, Ln. 290, Minde Rd., Zhonghe Dist., New Taipei City 235001, Taiwan (R.O.C.)","蔡O玉","02-89510000","02-89517832","無","無"
"79975595","20020705","20230204","上緣實業有限公司","SUN YUAN DECORATIVE ARTICLE CO., LTD.","新北市新莊區新莊路713巷32號","No. 32, Ln. 713, Xinzhuang Rd., Xinzhuang Dist., New Taipei City 242002, Taiwan (R.O.C.)","鄭O安","02-29516590","02-29556491","無","無"
"79975624","20020611","20221028","願景國際事業股份有限公司","DREAMTEK INTERNATIONAL CORP.","新竹市香山區中華路5段664巷3號1樓","1 F., No. 3, Ln. 664, Sec. 5, Zhonghua Rd., Xiangshan Dist., Hsinchu City 300111, Taiwan (R.O.C.)","陳O治","03-5398718","03-5398719","有","有"
"79975645","20020610","20210814","佳銘科技股份有限公司","GEMMY-TEK TECHNOLOGY CO., LTD.","桃園市桃園區汴洲里塩庫街49號","No. 49, Bianzhou Vil., Taoyuan Dist., Taoyuan City 330, Taiwan (R.O.C.)","林O川","03-3565856","03-3565865","有","有"
"79975687","20140312","20210813","和興電子有限公司","HER-SING ELECTRONICS.CO., LTD.","臺南市新化區復興路176之1號","No. 176-1, Fuxing Rd., Xinhua Dist., Tainan City 71250, Taiwan (R.O.C.)","張O崇","06-5907615","06-5908982","有","有"
"79975764","20020919","20231215","丞滿商標實業有限公司","CHENG MONG TRADE MARK LABEL CO., LTD.","臺南市柳營區人和里橋南215之10號","No. 215-10, Qiaonan, Renhe Vil., Liuying Dist., Tainan City 736001, Taiwan (R.O.C.)","陳O鴻","07-6315097","","有","有"
"79975791","20070508","20211007","慶輝消防工程有限公司","QING HUI FIRE FIGHTING ENGINEERING CO., LTD.","新北市新店區安祥路109巷43號","NO. 43, LN. 109, ANXIANG RD., XINDIAN DIST., NEW TAIPEI CITY 231070, TAIWAN (R.O.C.)","洪O凱","02-8688-4988","02-8688-4989","有","有"
"79975862","20220428","20231127","超頻網絡科技股份有限公司","ePower Network Solution Co., Ltd.","新北市新莊區中正路649之7號9樓","9 F., No. 649-7, Zhongzheng Rd., Xinzhuang Dist., New Taipei City 242051, Taiwan (R.O.C.)","程O惠","02-29018381#202","02-29018315","有","有"
"79975899","20020620","20220115","飛思達有限公司","FLEXTAR CO., LTD.","新北市樹林區大雅路334號4樓","4 F., No. 334, Daya Rd., Shulin Dist., New Taipei City 23854, Taiwan (R.O.C.)","楊O梅","02-22044165","02-22055453","有","有"
"79975912","20120817","20221123","琮順有限公司","CONG SON CO., LTD.","新北市中和區中板路18巷1弄12號","No. 12, Aly. 1, Ln. 18, Zhongban Rd., Zhonghe Dist., New Taipei City 235015, Taiwan (R.O.C.)","陳O杰","02-22211888","02-22210443","有","有"
"79975949","20020625","20210814","丞德機械精業有限公司","CHEN DER MACHINE INDUSTRY CO., LTD.","臺中市大里區愛心路159巷8號","No. 8, Ln. 159, Aixin Rd., Dali Dist., Taichung City 41261, Taiwan (R.O.C.)","謝O德","04-24060961","04-24062641","有","有"
"79975981","20020627","20240529","炳玟企業有限公司","BEEN WEN ENTERPRISE CO., LTD.","澎湖縣馬公市東衛里東衛16號","No. 16, Dongwei, Magong City, Penghu County 880021, Taiwan (R.O.C.)","","06-9211027","06-9215683","無","無"
"79975997","20020704","20210812","全品科技有限公司","BOARD-TEK TECHNOLOGY CO., LTD.","新北市板橋區縣民大道三段121巷18號3樓","3 F., No. 18, Ln. 121, Sec. 3, Xianmin Blvd., Banqiao Dist., New Taipei City 22042, Taiwan (R.O.C.)","李O蓉","886-2-82583126","886-2-82583156","有","有"
"79976010","20200213","20210815","寶丞鋁業有限公司","BAO CHENG ALUMINUM CO., LTD.","高雄市路竹區民有路133號1樓","1 F., No. 133, Minyou Rd., Luzhu Dist., Kaohsiung City 82151, Taiwan (R.O.C.)","蔡O江","07-6075692","07-6075691","有","有"
"79976047","20020701","20210815","祥谷貿易有限公司","SHINY GOODS TRADING CO., LTD.","新北市蘆洲區三民路26巷30號8樓","8 F., No. 30, Ln. 26, Sanmin Rd., Luzhou Dist., New Taipei City 24749, Taiwan (R.O.C.)","王O修","02-82813858","02-82814548","有","有"
"79976068","20080821","20210815","南華工業有限公司","NAN HUA JENNY INDUSTRIAL CO., LTD.","新竹縣竹北市聯興一街188巷40號2樓","2 F., No. 40, Ln. 188, Lianxing 1st St., Zhubei City, Hsinchu County 30253, Taiwan (R.O.C.)","蔡O燕","03-5553623","03-5555364","有","有"
"79976095","20020705","20210812","宏益油脂有限公司","KUNG I YU CHIH CO., LTD.","嘉義縣六腳鄉蘇厝村8鄰蘇厝寮203號","No. 203, Sucuoliao, 8th Neighborhood, Liujiao Township, Chiayi County 61549, Taiwan (R.O.C.)","蘇O月","886-5-7835373","","有","有"
"79976172","20200602","20210814","力葉營造有限公司","LIH YEH CONSTRUCT CO., LTD.","臺中市沙鹿區錦上街61號1樓","1 F., No. 61, Jinshang St., Shalu Dist., Taichung City 43344, Taiwan (R.O.C.)","蕭O玲","04-26633361","04-26633351","無","無"
"79976187","20020812","20210812","國睿印刷科技股份有限公司","GUORUI PRINT CO., LTD.","新北市五股區五工二路113號(2樓)","2 F., No. 113, Wugong 2nd Rd., Wugu Dist., New Taipei City 24888, Taiwan (R.O.C.)","朱O清","02-22996887","02-22996533","有","有"
"79976237","20110503","20231202","麗邑實業股份有限公司","LI YEI ENTERPRISE CO., LTD.","臺北市大同區南京西路163號2樓之56","2 F.-56, No. 163, Nanjing W. Rd., Datong Dist., Taipei City 103008, Taiwan (R.O.C.)","葉O華","03-5191897","03-5191887","有","有"
"79976258","20020620","20210815","浩群科技有限公司","VASTERA TECHNOLOGY LTD.","新北市三重區重新路3段42號","No. 42, Sec. 3, Chongxin Rd., Sanchong Dist., New Taipei City 24143, Taiwan (R.O.C.)","蔡O琦","02-8522-7666","02-8522-7365","有","有"
"79976308","20030805","20230909","成宏企業有限公司","WAY SEN ENTERPRISE CO., LTD.","新北市泰山區楓樹街15巷3之1號5樓","5 F., No. 3-1, Ln. 15, Fengshu St., Taishan Dist., New Taipei City 24357, Taiwan (R.O.C.)","","02-26832792","02-26876792","無","無"
"79976383","20020621","20210815","偉舜國際貿易有限公司","WAY SHUN INTERNATIONAL TRADE CO., LTD.","彰化縣伸港鄉汴頭村汴頭路49之6號","No. 49-6, Biantou Rd., Shengang Township, Changhua County 50952, Taiwan (R.O.C.)","王O隆","04-7990488","04-7992521","無","無"
"79976481","20020725","20210815","一等機械有限公司","AEDM MACHINERY CO., LTD.","臺中市西屯區福聯里一鄰臺灣大道四段1422號","No. 1422, Sec. 4, Taiwan Blvd., 1st Neighborhood, Fulian Vil., Xitun Dist., Taichung City 40764, Taiwan (R.O.C.)","廖O禎","04-24652111","","有","有"
"79976497","20020730","20210812","晟崵國際貿易有限公司","SHENG YANG GLOBAL TRADE INC.","臺中市大里區國光里新生西路269號1樓","1 F., No. 269, Xinsheng W. Rd., Guoguang Vil., Dali Dist., Taichung City 41253, Taiwan (R.O.C.)","王O儇","04-24253673","04-24738259","有","有"
"79976573","20040818","20220924","明士股份有限公司","MIN SHIH CO., LTD.","彰化縣彰化市南瑤里中山路一段556巷19號1樓","1F., No. 19, Ln. 556, Sec. 1,  Zhongshan Rd., Nanyao Vil., Changhua City,  Changhua County 500, Taiwan (R.O.C.)","黃O文","04-7111492","04-7811586","有","有"
"79976588","20020826","20221127","立青國際企業有限公司","STELLA KUO INTERNATIONAL ENTERPRISE CO., LTD.","臺中市東區進化路207之1號2樓","2 F., No. 207-1, Jinhua Rd., East Dist., Taichung City 401007, Taiwan (R.O.C.)","郭O良","04-22205061","04-22227070","無","無"
"79976594","20020617","20210814","業安有限公司","TRANSLINE LIMITED","臺中市北區民權路559號9樓之3","9F.-3, No. 559, Minquan Rd., North Dist., Taichung City 40466, Taiwan (R.O.C.)","何O宏","04-2206-2611","04-2207-0072","有","有"
"79976665","20031114","20210815","飛泓興業有限公司","FEI HUNG ENTERPRISE CO., LTD.","臺中市西屯區環中路二段856之3號1樓","1 F., No. 856-3, Sec. 2, Huanzhong Rd., Xitun Dist., Taichung City 40760, Taiwan (R.O.C.)","廖O芃","04-27082669","04-27083985","有","有"
"79976715","20041124","20240926","領袖資訊股份有限公司","PROINFO TECHNOLOGY CO., LTD.","臺北市中正區徐州路18巷15號","No. 15, Ln. 18, Xuzhou Rd., Zhongzheng Dist., Taipei City 10052, Taiwan (R.O.C.)","蔡O婯","02-25072221","02-25074147","有","有"
"79976784","20020624","20230419","乙騰科技股份有限公司","RGBTECH TECHNOLOGY CORP.","臺北市信義區福德街300巷49弄4號1樓","1 F., No. 4, Aly. 49, Ln. 300, Fude St., Xinyi Dist., Taipei City 110042, Taiwan (R.O.C.)","陳O燦","02-23461585","02-27266519","有","有"
"79976927","20020621","20210813","東捷有限公司","TUNG JYE CO., LTD.","臺中市后里區墩北里四村路105巷1號3樓","3 F., No. 1, Ln. 105, Sicun Rd., Dunbei Vil., Houli Dist., Taichung City 42150, Taiwan (R.O.C.)","陳O金春","04-25565276","04-25581680","有","有"
"79976932","20160819","20230420","真工設計工程股份有限公司","Z-WORK DESIGN CO., LTD.","臺中市南屯區干城街243巷3弄16號1樓","1 F., No. 16, Aly. 3, Ln. 243, Gancheng St., Nantun Dist., Taichung City 408013, Taiwan (R.O.C.)","江O千","04-22519999","04-22513367","無","無"
"79976948","20020823","20210813","傳奕實業有限公司","APERIO CO., LTD.","臺中市北區忠明路473號1樓","1 F., No. 473, Zhongming Rd., North Dist., Taichung City 40466, Taiwan (R.O.C.)","邱O洲","04-22032036","","有","有"
"79976953","20020703","20210813","崇碩工業股份有限公司","CHUNG SHO INDUSTRIAL INC.","新北市汐止區大同路3段208號8樓","8 F., No. 208, Sec. 3, Datong Rd., Xizhi Dist., New Taipei City 22103, Taiwan (R.O.C.)","鄭O齡","02-86472321","02-86472319","有","有"
"79977088","20020627","20210814","林泰興業股份有限公司","LINTEX TEXTILE CO., LTD.","臺北市松山區南京東路4段171號4樓之3","4F.-3, No. 171, Sec. 4, Nanjing E. Rd., Songshan Dist., Taipei City 10579, Taiwan (R.O.C.)","林O偉","02-37653225","02-37652765","有","有"
"79977094","20020729","20221129","智勤科技股份有限公司","ZYFX TECHNOLOGIES INC.","新竹科學園區新竹縣寶山鄉工業東九路5-2號4樓","4 F., No. 5-2, Gongye E. 9th Rd., Baoshan Township, Hsinchu County 30075, Taiwan (R.O.C.)","李O欽","03-5679168","03-5679188","有","有"
"79977209","20040526","20210814","展高股份有限公司","GROW POWER TEXTILE CO., LTD.","新北市三峽區民生街1巷5之2號6樓","6 F., No. 5-2, Ln. 1, Minsheng St., Sanxia Dist., New Taipei City 23741, Taiwan (R.O.C.)","褚O菁","02-26715290","02-26721220","有","有"
"79977242","20110211","20210814","渥斯科有限公司","WORTHTEK CO., LTD.","臺中市大里區西湖里西湖路320巷5號1樓","1 F., No. 5, Ln. 320, Xihu Rd., Xihu Vil., Dali Dist., Taichung City 41263, Taiwan (R.O.C.)","陳O英","04-24922632","04-24927220","有","有"
"79977257","20020625","20210815","元貫企業有限公司","YUAN GUAN ENTERPRISE CO., LTD.","臺南市佳里區東寧里延平路351號7樓之1","7F.-1, No. 351, Yanping Rd., Dongning Vil., Jiali Dist., Tainan City 72241, Taiwan (R.O.C.)","黃O盛","","","有","有"
"79977334","20080310","20210813","富達資訊股份有限公司","FMAX TECHNOLOGY CO., LTD.","新竹市中華路4段411巷42號44號","No. 42, Ln. 411, Sec. 4, Zhonghua Rd., Xiangshan Dist., Hsinchu City 30094, Taiwan (R.O.C.)","范O坤","03-5403698","03-5403773","有","有"
"79977448","20051118","20250211","家翔國際有限公司","JIA SIANG INTERNATIONAL CO., LTD.","新北市土城區中央路4段60之1號","No. 60-1, Sec. 4, Zhongyang Rd., Tucheng Dist., New Taipei City 23676, Taiwan (R.O.C.)","王O宏","02-22682247","02-2268-0785","有","有"
"79977502","20021119","20210812","康泰儀器有限公司","CON TAI INSTRUMENT, INC.","臺中市潭子區潭陽里中山路2段283巷2號12樓之2","12F.-2, No. 2, Ln. 283, Sec. 2, Zhongshan Rd., Tanyang Vil., Tanzi Dist., Taichung City 42745, Taiwan (R.O.C.)","廖O宏","04-22959597","04-22959589","有","有"
"79977637","20020806","20231206","宗鑫科技有限公司","TZUNG HSIN TECHNOLOGY CO., LTD.","臺南市仁德區太子里中正路3段523巷60號1樓","1 F., No. 60, Ln. 523, Sec. 3, Zhongzheng Rd., Taizi Vil., Rende Dist., Tainan City 717017, Taiwan (R.O.C.)","黃O宗","06-2703539","06-2701793","無","無"
"79977664","20140919","20210812","郁品堂漢方食品有限公司","YUPINTON CHINESE FOOD SUPPLY PTE., LTD.","基隆市安樂區基金二路1巷178號1樓","1 F., No. 178, Ln. 1, Jijin 2nd Rd., Anle Dist., Keelung City 20446, Taiwan (R.O.C.)","陳O泰","02-24317610","02-24301620","有","有"
"79977708","20021003","20210815","大督實業有限公司","DU DAH CO., LTD.","臺中市大肚區頂街里華山路27號1樓","1 F., No. 27, Huashan Rd., Dingjie Vil., Dadu Dist., Taichung City 43242, Taiwan (R.O.C.)","彭O筠","27406235","27513478","有","有"
"79977762","20070515","20210813","延晉精工股份有限公司","YES GEM PRECISE INDUSTRY CO., LTD.","彰化縣花壇鄉崙雅村花秀路366號1樓","1 F., No. 366, Huaxiu Rd., Huatan Township, Changhua County 50342, Taiwan (R.O.C.)","陳O任","04-7881710","04-7881715","有","有"
"79977854","20050104","20210813","浩天國際實業有限公司","HAW TIAN COSMETIC ENTERPRISE CO., LTD.","臺南市永康區東橋里中正路279巷2弄57號","No. 57, Aly. 2, Ln. 279, Zhongzheng Rd., Dongqiao Vil., Yongkang Dist., Tainan City 71043, Taiwan (R.O.C.)","曲O傑","06-2037688","06-2037686","有","有"
"79977897","20061107","20221217","菩提樹生物科技股份有限公司","PU TI TREE BIOTECHNOLOGY Co., Ltd.","嘉義縣民雄鄉民雄工業區成功一街3號","No. 3, Chenggong 1st St., Minxiong Township, Chiayi County 621004, Taiwan (R.O.C.)","林O山","05-2218708","05-2205297","有","有"
"79978087","20061030","20240330","瞱成企業有限公司","YEA CHANCE ENTERPRISE CO., LTD.","臺南市東區裕信路157號1樓","1 F., No. 157, Yuxin Rd., East Dist., Tainan City 701023, Taiwan (R.O.C.)","謝O明","06-2424096","06-2424429","有","有"
"79978093","20021104","20210813","金永旺有限公司","JING YONG WAN CO., LTD.","苗栗縣苑裡鎮苑東里一三鄰公園巷二三號一樓","1 F., No. 23, Gongyuan Ln., 13th Neighborhood, Yuandong Vil., Yuanli Township, Miaoli County 35857, Taiwan (R.O.C.)","楊O櫻","037-791831","037-791409","有","有"
"79978116","20020625","20230110","艾新捷宇有限公司","LC GLOBAL CO., LTD.","臺中市北屯區崇德路３段１００２巷３８弄２０號１樓","1 F., No. 20, Aly. 38, Ln. 1002, Sec. 3, Chongde Rd., Beitun Dist., Taichung City 406034, Taiwan (R.O.C.)","陳O蘭","04-24632517","","無","無"
"79978164","20031021","20210814","岱鴻科技開發有限公司","DEVELOPMENT & HONESTY TECHNOLOGY CO., LTD.","桃園市八德區廣興路575巷95弄15號(1樓)","1 F., No. 15, Aly. 95, Ln. 575, Guangxing Rd., Bade Dist., Taoyuan City 33466, Taiwan (R.O.C.)","江O明","03-377-2519","03-371-2519","有","有"
"79978191","20020716","20210813","坤理生技事業有限公司","QUEEN BIOTECH CO., LTD.","桃園市龜山區南上路60號3樓","3 F., No. 60, Nanshang Rd., Guishan Dist., Taoyuan City 33392, Taiwan (R.O.C.)","呂O君","03-3226602","03-3226602","有","有"
"79978214","20020625","20210815","洪國貿易有限公司","HUNG GUO CHEN TRADING CO., LTD.","桃園市楊梅區新梅九街37號","No. 37, Xinmei 9th St., Yangmei Dist., Taoyuan City 32643, Taiwan (R.O.C.)","陳O馨","03-4881896","03-4883732","有","有"
"79978328","20020701","20230627","𨥭鑫閥業有限公司","GROTEC VALVE CO., LTD.","臺中市西區公益路161號11樓之4","11 F.-4, No. 161, Gongyi Rd., West Dist., Taichung City 403516, Taiwan (R.O.C.)","陳O麗","04-23022258","04-23019348","有","有"
"79978349","20020701","20210813","映森企業股份有限公司","E-SCENE ENTERPRISE CO., LTD.","新北市三重區中正北路540巷13號2樓","2 F., No. 13, Ln. 540, Zhongzheng N. Rd., Sanchong Dist., New Taipei City 24157, Taiwan (R.O.C.)","謝O謂","02-89832228","02-29806940","有","有"
"79978360","20050225","20210814","金鴻奈米科技有限公司","GIANT NANOTECHNOLOGY CO., LTD.","新北市三重區中正北路540巷5之1號","No. 5-1, Ln. 540, Zhongzheng N. Rd., Sanchong Dist., New Taipei City 24157, Taiwan (R.O.C.)","蔡O澄","0229808825","02-29805948","有","有"
"79978452","20160401","20210812","達陞精密工業股份有限公司","DA-SHEN PRECISION INDUSTRIAL CO., LTD.","新北市汐止區環河里南陽街280號","No. 280, Nanyang St., Huanhe Vil., Xizhi Dist., New Taipei City 22154, Taiwan (R.O.C.)","謝O慶","02-86931831","02-86931821","有","有"
"79978565","20031021","20250223","仙妮薇興業有限公司","SANIVI ENTERPRISE CO., LTD.","臺中市神岡區豐洲里１７鄰大洲路１９號","No. 19, Dazhou Rd., 17th Neighborhood, Fengzhou Vil., Shengang Dist., Taichung City 42941, Taiwan (R.O.C.)","郭O勳","04-25224086","04-25120071","有","有"
"79978609","20090619","20210814","亞訊科技有限公司","ASIANPRO TECHNOLOGY CO., LTD.","臺中市南屯區大同里東興路二段186號9樓之1","9F.-1, No. 186, Sec. 2, Dongxing Rd., Datong Vil., Nantun Dist., Taichung City 40878, Taiwan (R.O.C.)","廖O文","04-24731622","","有","有"
"79978615","20050708","20230107","上達昌興業有限公司","SHANG DA CHANG CO., LTD.","臺中市大里區西榮里東明路175巷102號6樓","6 F., No. 102, Ln. 175, Dongming Rd., Xirong Vil., Dali Dist., Taichung City 412012, Taiwan (R.O.C.)","張O程","04-24968990","04-24962831","無","無"
"79978782","20021002","20240322","𡘙師傅企業股份有限公司","TAI SHIH FU ENTERPRISE CO., LTD.","高雄市鳳山區大東二路56號1樓","1 F., No. 56, Dadong 2nd Rd., Fengshan Dist., Kaohsiung City 830021, Taiwan (R.O.C.)","林O勲","07-7457288","07-7410193","有","有"
"79978811","20040412","20210812","豪景企業有限公司","HAU-JIN CO., LTD.","新北市板橋區三民路2段95巷13之1號","No. 13-1, Ln. 95, Sec. 2, Sanmin Rd., Banqiao Dist., New Taipei City 22069, Taiwan (R.O.C.)","林O筠","02-22268822","02-32342121","有","有"
"79978880","20021122","20210814","中井科技有限公司","NAKAI TECHNOLOGY CO., LTD.","新北市淡水區紅樹林路252號11樓","11 F., No. 252, Hongshulin Rd., Tamsui Dist., New Taipei City 25170, Taiwan (R.O.C.)","陳O峯","02-28080567","02-28085043","有","有"
"79979071","20020703","20221028","英思達股份有限公司","INSTYLE FASHION CO., LTD.","桃園市大園區德興路32號5樓","5F., No. 32, Dexing Rd., Dayuan Dist.,  Taoyuan City 337, Taiwan (R.O.C.)","林O義","0921-086-156","","有","有"
"79979086","20071011","20210814","力美生化科技股份有限公司","LIMEI BIOCHEMICAL SCIENCE AND TECHNOLOGY,INC.","雲林縣西螺鎮福田里社口路68之47號","No. 68-47, Shekou, Futian Vil., Xiluo Township, Yunlin County 64865, Taiwan (R.O.C.)","陳O敏","05-5882296","05-5882298","有","有"
"79979115","20030226","20210812","峻聯發企業有限公司","JIUNN LIAN FA ENTERPRISE CO., LTD.","臺中市沙鹿區埔子里正德路137號1樓","1 F., No. 137, Zhengde Rd., Puzi Vil., Shalu Dist., Taichung City 43347, Taiwan (R.O.C.)","蔡O郎","04-26358466","04-26363363","有","有"
"79979184","20021007","20211123","暉盛科技股份有限公司","NANO ELECTRONICS AND MICRO SYSTEM TECHNOLOGIES, INC.","臺南市安南區科技五路100號","No. 100, Keji 5th Rd., Annan Dist., Tainan City 709035, Taiwan (R.O.C.)","宋O毅","06-2915500","06-3845808","有","有"
"79979305","20041213","20210815","柏旭工程有限公司","PO HSU ENGINEERING CO., LTD.","新竹縣關西鎮東安里中豐路1段110巷8號","No. 8, Ln. 110, Sec. 1, Zhongfeng Rd., Dong’an Vil., Guanxi Township, Hsinchu County 30648, Taiwan (R.O.C.)","李O恩","03-5875779","03-5876293","有","有"
"79979327","20110712","20210812","信合豐開發股份有限公司","SIN HE FON DEVELOPMENT CO., LTD.","臺北市大安區忠孝東路4段166號12樓","12 F., No. 166, Sec. 4, Zhongxiao E. Rd., Da’an Dist., Taipei City 10688, Taiwan (R.O.C.)","曾O澤","03-87732216","02-87732056","有","有"
"79979353","20020621","20230503","協剛模具股份有限公司","HSIEH KANG MACHINERY CO., LTD.","臺中市大肚區沙田路二段310巷2之1號","No. 2-1, Ln. 310, Sec. 2, Shatian Rd., Dadu Dist., Taichung City 432011, Taiwan (R.O.C.)","林O忠","04-26981410","04-26981408","有","有"
"79979375","20020923","20220820","力勝科技有限公司","LYCER TECHNOLOGIES INC.","彰化縣彰化市平和里平順二街31號一樓","1 F., No. 31, Pingshun 2nd St., Pinghe Vil., Changhua City, Changhua County 500043, Taiwan (R.O.C.)","謝O隆","04-7623575","04-7623787","有","有"
"79979522","20020701","20210812","欣強電子企業有限公司","TRIBST ELECTRONIC ENTERPRISE CO., LTD.","新北市土城區金城路3段36號3樓","3 F., No. 36, Sec. 3, Jincheng Rd., Tucheng Dist., New Taipei City 23643, Taiwan (R.O.C.)","洪O媚","02-22608625","02-22705746","有","有"
"79979537","20020723","20210815","西瑪實用工具有限公司","C-MART HARDWARE CO., LTD.","嘉義縣水上鄉水上村嘉朴路65號1樓","1 F., No. 65, Jiapu Rd., Shuishang Township, Chiayi County 60842, Taiwan (R.O.C.)","王O生","05-2680188","","有","有"
"79979564","20070403","20210814","欐坤實業有限公司","LIH KUEN ENTERPRISE CO., LTD.","桃園市觀音區中山路一段1171巷20號","No. 20, Ln. 1171, Sec. 1, Zhongshan Rd., Guanyin Dist., Taoyuan City 32852, Taiwan (R.O.C.)","柯O珠","02-22773080","02-29988134","有","有"
"79979760","20020715","20241022","和風國際有限公司","GENTLE WIND INTERNATIONAL  CORP.","臺中市西屯區長安路二段71巷9弄38號","No. 38, Aly. 9, Ln. 71, Sec. 2, Chang’an Rd., Xitun Dist., Taichung City 40752, Taiwan (R.O.C.)","蔣O威","04-22952732","04-22925583","有","有"
"79979804","20030408","20210815","遠弘企業有限公司","YUAN HUNG ENTERPRISE CO., LTD.","臺中市北區三民路三段一三三之三號","No. 133-3, Sec. 3, Sanmin Rd., North Dist., Taichung City 40446, Taiwan (R.O.C.)","王O蓮","0953-113346","","無","無"
"79979810","20030107","20210814","大同國際食品有限公司","DA TONG INTERNATIONAL FOODS CO., LTD.","臺中市西屯區工業區36路26號","No. 26, Gongyequ 36th Rd., Xitun Dist., Taichung City 40768, Taiwan (R.O.C.)","廖O娥","04-2359-5379","04-2358-1298","有","有"
"79979889","20021001","20210813","晟億科技有限公司","MODEST TECHNOLOGY CO., LTD.","臺中市西屯區協和里工業區十路4號","No. 4, Gongyequ 10th Rd., Xiehe Vil., Xitun Dist., Taichung City 40755, Taiwan (R.O.C.)","陳O乾","04-36091088","04-23501839","有","有"
"79980078","20040817","20220331","麻豆起重工程有限公司","MA DAO HEAVY ENGINEERING CO., LTD.","臺南市麻豆區興農里中興街249號1樓","1 F., No. 249, Zhongxing St., Xingnong Vil., Madou Dist., Tainan City 72143, Taiwan (R.O.C.)","吳O強","06-5723639","06-5720138","有","有"
"79980083","20020625","20210815","精乘科技股份有限公司","WELL GREEN TECHNOLOGY CO., LTD.","桃園市平鎮區雙連里民族路雙連二段118巷51弄20號","No. 20, Aly. 51, Ln. 118, Shuanglian Sec. 2, Minzu Rd., Shuanglian Vil., Pingzhen Dist., Taoyuan City 32451, Taiwan (R.O.C.)","羅O華","03-4206428","03-4206418","有","有"
"79980106","20230419","20230419","鼎浩國際股份有限公司","howerden CO., LTD.","臺中市北區忠明路432號9樓之2","9 F.-2, No. 432, Zhongming Rd., North Dist., Taichung City 404027, Taiwan (R.O.C.)","馬O翔","0422026646","","有","有"
"79980210","20021004","20210813","金旺鋁業有限公司","JIN WANG ALUMINIUM CO., LTD.","彰化縣彰化市台鳳里一德南路220號1樓","1 F., No. 220, Yide S. Rd., Taifeng Vil., Changhua City, Changhua County 50079, Taiwan (R.O.C.)","張O萍","04-7324667","04-7387069","有","有"
"79980289","20020627","20210813","奇伯樂企業有限公司","KEYPRO, INC.","臺中市神岡區豐洲里東洲路23巷11弄7號3樓","3 F., No. 7, Aly. 11, Ln. 23, Dongzhou Rd., Fengzhou Vil., Shengang Dist., Taichung City 42942, Taiwan (R.O.C.)","黃O博","04-25282413","","有","有"
"79980339","20031119","20210815","萬來基礎機械有限公司","WAN LAI FOUNDATION MECHANICAL CO., LTD.","新北市三峽區溪東路233巷1之2號","No. 1-2, Ln. 233, Xidong Rd., Sanxia Dist., New Taipei City 23743, Taiwan (R.O.C.)","呂O霖","02-2912-0026","02-2910-9136","有","有"
"79980350","20170316","20210813","中統裡襯有限公司","FUSEGOOD INDUSTRIES LTD.","彰化縣伸港鄉溪底村彰新路七段35號","No. 35, Sec. 7, Zhangxin Rd., Shengang Township, Changhua County 50954, Taiwan (R.O.C.)","姚O鐘","04-7561261","04-7567771","有","有"
"79980416","20020702","20210813","尚鍀實業有限公司","SHANG DEH ENTERPRISE CO., LTD.","新北市中和區立人街14巷3號(1樓)","1 F., No. 3, Ln. 14, Liren St., Zhonghe Dist., New Taipei City 23583, Taiwan (R.O.C.)","陳O榮","02-29495958","","有","有"
"79980458","20020625","20230318","聚星國際股份有限公司","GENIUS STAR CO., LTD.","臺中市西屯區何南里大容東街188號1樓","1 F., No. 188, Darong E. St., Henan Vil., Xitun Dist., Taichung City 407058, Taiwan (R.O.C.)","藍O坤","04-23105779","04-23105782","有","有"
"79980529","20020628","20210814","樹茂國際工業有限公司","SHUMAO PLASTIC&TOOL INDUSTRY CO., LTD.","新北市蘆洲區中山一路97巷9號1樓","1 F., No. 9, Ln. 97, Zhongshan 1st Rd., Luzhou Dist., New Taipei City 24753, Taiwan (R.O.C.)","李O娟","02-89929137#37","02-89929127","有","有"
"79980540","20020715","20230111","精隆有限公司","LOTIS INC.","臺南市歸仁區中山路一段五六二號二樓","2F., No. 562, Sec. 1,  Zhongshan Rd., Guiren Dist.,  Tainan City 711, Taiwan (R.O.C.)","林O發","06-3307531","06-2393678","有","有"
"79980555","20020722","20240813","鼎珍食品工業股份有限公司","TING JEAN FOODS INDUSTRY CO., LTD.","彰化縣員林市三多里長泰街14號1樓","1 F., No. 14, Changtai St., Sanduo Vil., Yuanlin City, Changhua County 51050, Taiwan (R.O.C.)","蘇O麗","02-29076777","02-29082959","有","有"
"79980680","20020627","20221229","立徠有限公司","LEE LAY CO., LTD.","臺南市安平區國平里健康路3段180-10號","No. 180-10, Sec. 3, Jiankang Rd., Guoping Vil., Anping Dist., Tainan City 708013, Taiwan (R.O.C.)","蔡O和","06-2668876","06-2669676","有","有"
"79980746","20020715","20210815","佳群科技有限公司","CHIA CHUN TECHNOLOGY CO., LTD.","新北市新莊區五權一路3號8樓之7","8F.-7, No. 3, Wuquan 1st Rd., Xinzhuang Dist., New Taipei City 24892, Taiwan (R.O.C.)","楊O鳳","02-29022718","02-29013264","有","有"
"79980871","20020618","20210815","福摩莎纖維股份有限公司","FORMOSA FIBER CO., LTD.","桃園市龜山區新嶺里紅寶七街5號1樓","1 F., No. 5, Hongbao 7th St., Xinling Vil., Guishan Dist., Taoyuan City 33349, Taiwan (R.O.C.)","王O賀","03-317-1300","03-317-1330","有","有"
"79980957","20031031","20230531","奇佳餐飲管理顧問有限公司","CHI CHIA RESTAURANT MANAGEMENT CONSULTANT CO., LTD.","臺中市南屯區三厝里大墩十一街597號1樓","1 F., No. 597, Dadun 11th St., Sancuo Vil., Nantun Dist., Taichung City 408021, Taiwan (R.O.C.)","蕭O美","04-2329-5588","04-2278-3625","有","有"
"79980979","20020621","20210930","銳德利企業有限公司","RIDER LI ENTERPRISE CORP.","臺南市東區東智里崇德三十一街96號","No. 96, Chongde 31st St., Dongzhi Vil., East Dist., Tainan City 70176, Taiwan (R.O.C.)","陳O安","06-3353921","06-2882232","有","有"
"79980984","20020712","20210813","及迪斯國際有限公司","GTS LC INTERNATIONAL CO., LTD.","臺中市南屯區東興路二段186號8樓之3","8F.-3, No. 186, Sec. 2, Dongxing Rd., Nantun Dist., Taichung City 40878, Taiwan (R.O.C.)","盧O剛","04-24726272","04-24726267","有","有"
"79981034","20020626","20230706","活力旺食品企業有限公司","HWO LI WANG FOODS ENTERPRISE CO., LTD.","臺南市歸仁區南保里中山七街66號","No. 66, Zhongshan 7th St., Nanbao Vil., Guiren Dist., Tainan City 711012, Taiwan (R.O.C.)","陳O憲","06-2309000","06-2394065","有","有"
"79981055","20050621","20240208","昶鉅工業有限公司","CHANG JYU CO.","新北市三重區成功路28號12樓之3","12 F.-3, No. 28, Chenggong Rd., Sanchong Dist., New Taipei City 241531, Taiwan (R.O.C.)","張O德","02-82922127","02-82922130","有","有"
"79981082","20020719","20210814","韻升科技有限公司","YOUR-SOUND TECHNOLOGY CO., LTD.","新北市中和區忠孝街53巷6號","No. 6, Ln. 53, Zhongxiao St., Zhonghe Dist., New Taipei City 23568, Taiwan (R.O.C.)","黃O雲","02-29403037","8668-6908","有","有"
"79981169","20090318","20241205","得邦有限公司","DE BANG CO., LTD.","臺中市西區土庫里五權西六街22之2號2樓","2 F., No. 22-2, Wuquan W. 6th St., Tuku Vil., West Dist., Taichung City 403025, Taiwan (R.O.C.)","林O雄","0425665825","","有","有"
"79981301","20020715","20250114","海技股份有限公司","HI-JI CO., LTD.","新北市新莊區五權二路22號5樓之3","5 F.-3, No. 22, Wuquan 2nd Rd., Xinzhuang Dist., New Taipei City 248022, Taiwan (R.O.C.)","吳O耀","03-3840458","03-3840511","有","有"
"79981457","20020626","20210813","總茂科技股份有限公司","AUMOS TECHNOLOGIES INC.","新竹市北區育英里四維路89巷2之1號5樓之2","5F.-2, No. 2-1, Ln. 89, Siwei Rd., Yuying Vil., North Dist., Hsinchu City 30046, Taiwan (R.O.C.)","吳O材","03-5790567","03-5775909","有","有"
"79981463","20021206","20210813","機穎機械有限公司","JI YING MACHINES CO., LTD.","高雄市岡山區光潭路116巷64號1樓","1 F., No. 64, Ln. 116, Guangtan Rd., Gangshan Dist., Kaohsiung City 82053, Taiwan (R.O.C.)","詹O恭","07-6245885","07-6245887","有","有"
"79981506","20021003","20210813","善圓國際有限公司","SHAN YUAN INTERNATIONAL DEVELOPMENT CO., LTD.","臺北市萬華區和平西路3段300之8號1樓","1 F., No. 300-8, Sec. 3, Heping W. Rd., Wanhua Dist., Taipei City 10857, Taiwan (R.O.C.)","王O芬","02-2308-9357","02-2308-6536","有","有"
"79981626","20030627","20230914","君鑑股份有限公司","Kingarchit CO., LTD.","臺中市南屯區大墩二街186號1樓","1 F., No. 186, Dadun 2nd St., Nantun Dist., Taichung City 408029, Taiwan (R.O.C.)","嚴O揚","04-23291100","04-23291235","有","有"
"79981631","20020625","20210812","神碁生技股份有限公司","MIRACLE BIO-TECH CO., LTD.","桃園市桃園區明德里中埔六街190巷9號2樓","2 F., No. 9, Ln. 190, Zhongpu 6th St., Mingde Vil., Taoyuan Dist., Taoyuan City 33045, Taiwan (R.O.C.)","甄O平","03-3021823","02-3023712","有","有"
"79981935","20020918","20210815","相楹傢俱有限公司","SHIANG YNG ENTERPRISE CO., LTD.","新北市板橋區瑞安街57號4樓","4 F., No. 57, Rui’an St., Banqiao Dist., New Taipei City 22052, Taiwan (R.O.C.)","吳O叡","02-89700079","02-89700766","有","有"
"79981962","20020708","20230321","鴻威生化科技有限公司","HUNG WEI BIOTECHNOLOGY CO., LTD.","高雄市鼓山區文信路227號4樓","4 F., No. 227, Wenxin Rd., Gushan Dist., Kaohsiung City 804060, Taiwan (R.O.C.)","黃O玲","07-3487921","07-3485199","無","無"
"79981983","20210128","20210815","豪欣包裝企業有限公司","HAO SIN PACKING ENTERPRISE CO., LTD.","臺南市永康區永康里15鄰永二街13號1樓","1 F., No. 13, Yong 2nd St., 15th Neighborhood, Yongkang Vil., Yongkang Dist., Tainan City 71065, Taiwan (R.O.C.)","林O森","06-2011890","06-2324868","有","有"
"79982081","20110223","20210813","喬隆液壓有限公司","QIAO LONG HYDRAULIC CO., LTD.","臺中市潭子區聚興里豐興路1段350巷2號","No. 2, Ln. 350, Sec. 1, Fengxing Rd., Juxing Vil., Tanzi Dist., Taichung City 42743, Taiwan (R.O.C.)","蘇O清","04-25369593","04-25372240","有","有"
"79982110","20051219","20250402","德源興業有限公司","LI DI ENTERPRISE CO., LTD.","高雄市燕巢區鳳旗路21號之8","No. 21-8, Fengqi Rd., Yanchao Dist., Kaohsiung City 824005, Taiwan (R.O.C.)","","07-6978870","07-6978885","無","無"
"79982131","20020618","20240319","麒為貿易有限公司","CHEI WEI TRADE COMPANY","臺中市西屯區港尾里中康街172號7樓之2","7 F.-2, No. 172, Zhongkang St., Gangwei Vil., Xitun Dist., Taichung City 407013, Taiwan (R.O.C.)","李O木","04-24250986","04-24257816","有","有"
"79982174","20030916","20210813","沛鑫科技有限公司","PASSION TECHNOLOGY CO., LTD.","桃園市中壢區龍興路701巷8號1樓","1 F., No. 8, Ln. 701, Longxing Rd., Zhongli Dist., Taoyuan City 32091, Taiwan (R.O.C.)","呂O英","03-436-6986","03-466-4906","有","有"
"79982218","20020704","20210813","碧文科技有限公司","POWER LAB TECHNOLOGY INC.","桃園市桃園區同安里新埔六街101號7樓","7 F., No. 101, Xinpu 6th St., Tong’an Vil., Taoyuan Dist., Taoyuan City 33044, Taiwan (R.O.C.)","黃O琴","03-3753612","","有","有"
"79982272","20191112","20210812","立杰汽車有限公司","Lejet car Ltd.","新北市板橋區長江路二段２１７巷２弄４號","No. 4, Aly. 2, Ln. 217, Sec. 2, Changjiang Rd., Banqiao Dist., New Taipei City 22046, Taiwan (R.O.C.)","童O吉","02-29667010","02-29667020","有","有"
"79982337","20020828","20210815","優仕美生物科技股份有限公司","USERMATE BIOTECHNOLOGY CO., LTD.","新北市八里區訊塘埔路34之18號1樓","1 F., No. 34-18, Xuntangpu, Bali Dist., New Taipei City 24906, Taiwan (R.O.C.)","朱O華","02-2288-9660","02-2848-8052","無","無"
"79982499","20050803","20230920","米吉米國際企業有限公司","MI CHI MI INTERNATIONAL ENTERPRISE CO., LTD.","桃園市桃園區龍安里2鄰國強十二街6巷19號","No. 19, Ln. 6, Guoqiang 12th St., 2nd Neighborhood, Long’an Vil., Taoyuan Dist., Taoyuan City 33057, Taiwan (R.O.C.)","陳O惠娟","03-3882363","03-3633086","有","有"
"79982527","20020625","20210813","建加企業有限公司","KEN GROW CO., LTD.","新北市永和區信義路97之2號","No. 97-2, Xinyi Rd., Yonghe Dist., New Taipei City 23442, Taiwan (R.O.C.)","郭O榮","02-22319386","02-22312028","有","有"
"79982553","20020620","20210814","禾薇有限公司","H-H FASTENER COMPANY","臺北市中正區重慶南路1段63號10樓之3","10F.-3, No. 63, Sec. 1, Chongqing S. Rd., Zhongzheng Dist., Taipei City 10045, Taiwan (R.O.C.)","蔡O輝","02-23709262","02-23709413","有","有"
"79982625","20041027","20210812","品保科技試驗儀器有限公司","PINBAO TESTING INSTRUMENTS CO., LTD.","臺中市神岡區溪洲里溪洲路382巷3號","No. 3, Ln. 382, Xizhou Rd., Xizhou Vil., Shengang Dist., Taichung City 42948, Taiwan (R.O.C.)","高O郎","04-25628787","04-25628645","有","有"
"79982651","20020805","20210814","德爾富生化科技有限公司","TWELVE BIOCHE TECH CO., LTD.","嘉義市西區磚磘里玉康路403號","No. 403, Yukang Rd., West Dist., Chiayi City 60089, Taiwan (R.O.C.)","黃O勇","","","有","有"
"79982701","20020708","20230208","煒立實業股份有限公司","SOLWELL ENTERPRISE CO., LTD.","新北市汐止區大同路3段196之12號4樓","4 F., No. 196-12, Sec. 3, Datong Rd., Xizhi Dist., New Taipei City 221412, Taiwan (R.O.C.)","施O和","02-86472277","02-86473668","有","有"
"79982771","20020920","20210814","萬鴻機械有限公司","WAN HONG MACHINERY CO., LTD.","臺中市太平區中興里永平路二段380號","No. 380, Sec. 2, Yongping Rd., Zhongxing Vil., Taiping Dist., Taichung City 41144, Taiwan (R.O.C.)","許O榮","04-2279-0911","04-2279-5981","有","有"
"79982786","20020724","20230221","恩典科技有限公司","ANANDA TECHNOLOGY CO., LTD.","新北市板橋區翠華街6巷84之2號","No. 84-2, Ln. 6, Cuihua St., Banqiao Dist., New Taipei City 220086, Taiwan (R.O.C.)","陳O悌","02-29642421","","無","無"
"79982857","20021011","20210813","崧杰股份有限公司","PLUSH MATE CO., LTD.","桃園市桃園區鎮撫街55號","No. 55, Zhenfu St., Taoyuan Dist., Taoyuan City 33048, Taiwan (R.O.C.)","張O益","03-3341826","03-3346491","有","有"
"79982890","20030226","20210813","東烽企業有限公司","TONG FENG ENTERPRISE CO., LTD.","桃園市八德區友聯街29巷7號","No. 7, Ln. 29, Youlian St., Bade Dist., Taoyuan City 33449, Taiwan (R.O.C.)","徐O權","02-2983-3273","02-2985-2561","有","有"
"79983032","20020702","20210813","欣綺有限公司","HSIN CHYI CO., LTD.","臺中市梧棲區中央路二段372之2號","No. 372-2, Sec. 2, Zhongyang Rd., Wuqi Dist., Taichung City 43544, Taiwan (R.O.C.)","洪O明","04-26561955","04-26577622","有","有"
"79983130","20020912","20210814","立琨有限公司","LI KUN CO., LTD.","桃園市平鎮區新貴里中豐路1段60巷2號","No. 2, Ln. 60, Sec. 1, Zhongfeng Rd., Xingui Vil., Pingzhen Dist., Taoyuan City 32457, Taiwan (R.O.C.)","楊O媛","03-4588218","03-4684187","有","有"
"79983342","20061017","20220118","鉦昌實業股份有限公司","CJCP TECHNOLOGY, INC.","新北市樹林區柑園街1段33巷35號","No. 35, Ln. 33, Sec. 1, Ganyuan St., Shulin Dist., New Taipei City 23854, Taiwan (R.O.C.)","紀O凱","02-22633828","02-22633856","有","有"
"79983357","20040510","20250221","委德國際股份有限公司","VENTEK LTD.","新北市板橋區四川路1段87巷5號","No. 5, Ln. 87, Sec. 1, Sichuan Rd., Banqiao Dist., New Taipei City 220066, Taiwan (R.O.C.)","禇O炘","02-85227558-9","02-85227518","有","有"
"79983440","20091229","20210814","韋勝實業有限公司","WEI SHENG PARTS MANUFACTURING CO., LTD.","桃園市楊梅區上田里和平路236巷56號","No. 56, Ln. 236, Heping Rd., Shangtian Vil., Yangmei Dist., Taoyuan City 32647, Taiwan (R.O.C.)","陳O良","02-22059267","02-22040856","有","有"
"79983455","20081120","20221028","集富明實業股份有限公司","JI FU MING ENTERPRISE CO., LTD.","桃園市新屋區成功路66號","No. 66, Chenggong Rd., Xinwu Dist., Taoyuan City 327006, Taiwan (R.O.C.)","廖O琦","03-4206350","03-4905238","有","有"
"79983498","20020708","20230131","科毅光電股份有限公司","CORETECH OPTICAL CO., LTD.","新竹縣竹北市新泰路35號7樓之6","7 F.-6, No. 35, Xintai Rd., Zhubei City, Hsinchu County 302006, Taiwan (R.O.C.)","吳O花","03-6560003","03-6560203","有","有"
"79983526","20021127","20210814","貿旭空調工程有限公司","MAO SHIUH AIR CONDITION ENGINEERING CO., LTD.","桃園市龜山區南上里民生北路一段502號1樓","1 F., No. 502, Sec. 1, Minsheng N. Rd., Nanshang Vil., Guishan Dist., Taoyuan City 33393, Taiwan (R.O.C.)","郭O本","03-3227366","","有","有"
"79983574","20020705","20220714","裕源國際企業股份有限公司","YU YEAN INTERNATIONAL CORP.","彰化縣和美鎮和東里仁安路243號1樓","1 F., No. 243, Ren’an Rd., Hedong Vil., Hemei Township, Changhua County 50862, Taiwan (R.O.C.)","謝O憲","04-7563666","04-7564088","有","有"
"79983949","20020715","20240904","見智科技股份有限公司","J-TEK INCORPORATION","新竹市東區光復路一段576巷17號","No. 17, Ln. 576, Sec. 1, Guangfu Rd., East Dist., Hsinchu City 300047, Taiwan (R.O.C.)","陸O斌","03-5738255","03-5716228","有","有"
"79983997","20030124","20210815","智富機械有限公司","CHIH FU MECHANICS CO., LTD.","高雄市岡山區石潭東一街7號1樓","1 F., No. 7, Shitan E. 1st St., Gangshan Dist., Kaohsiung City 82053, Taiwan (R.O.C.)","廖O富","07-6232498","07-6232979","有","有"
"79984193","20020717","20241213","帝騰國際有限公司","TITAN PRECISE TECH CORP.","新竹市西大路七三六巷一二弄一號","No. 1, Aly. 12, Ln. 736, Xida Rd., North Dist., Hsinchu City 300019, Taiwan (R.O.C.)","","03-5351379","03-5313011","無","無"
"79984314","20120913","20230105","北耕企業有限公司","AQUAJEAK CO., LTD.","高雄市鳥松區東山路橫一巷19號","No. 19, Side 1st Ln., Dongshan Rd., Niaosong Dist., Kaohsiung City 833166, Taiwan (R.O.C.)","吳O文","07-7355653","07-7355693","有","有"
"79984383","20020920","20230111","子傑有限公司","GI GIE CO., LTD.","新北市新莊區化成路29巷46號1樓","1 F., No. 46, Ln. 29, Huacheng Rd., Xinzhuang Dist., New Taipei City 242039, Taiwan (R.O.C.)","林O傑","02-2996-6611","02-8993-2517","有","有"
"79984428","20021009","20210814","尖端有限公司","ASIA APEX TECHNOLOGY (AAT) LIMITED COMPANY","桃園市大園區大園里中華路54號1樓","1 F., No. 54, Zhonghua Rd., Dayuan Vil., Dayuan Dist., Taoyuan City 33756, Taiwan (R.O.C.)","郭O穎","06-5976770","06-5976177","有","有"
"79984449","20090422","20230304","高禾事業股份有限公司","GAO HE ENTERPRISE CO., LTD.","臺中市北屯區松和里昌平路二段10巷72弄89號","No. 89, Aly. 72, Ln. 10, Sec. 2, Changping Rd., Songhe Vil., Beitun Dist., Taichung City 406029, Taiwan (R.O.C.)","劉O宏","04-22465226","04-22465253","有","有"
"79984644","20020702","20210815","珊瑚礁國際貿易有限公司","CORAL REEF INTERNATIONAL TRADING CO., LTD.","臺中市大肚區頂街里自由路484號6樓之7","6F.-7, No. 484, Ziyou Rd., Dingjie Vil., Dadu Dist., Taichung City 43252, Taiwan (R.O.C.)","吳O修","04-26994345","","有","有"
"79984671","20020925","20231222","立盈國際有限公司","DALIANG INTERNATIONAL CO., LTD.","彰化縣花壇鄉花壇村平和街139巷2號1樓","1F., No. 2, Ln. 139, Pinghe St., Huatan Vil., Huatan Township,  Changhua County 503011, Taiwan (R.O.C.)","","04-26913618","04-26913667","無","無"
"79984736","20150514","20210812","育威有限公司","LONG DRAGON CO., LTD","新北市新莊區中港里幸福路710巷1弄20號10樓","10 F., No. 20, Aly. 1, Ln. 710, Xingfu Rd., Zhonggang Vil., Xinzhuang Dist., New Taipei City 24248, Taiwan (R.O.C.)","安O梅","886-2-29925743","886-2-29941998","有","有"
"79984742","20090224","20210815","崇宇科技股份有限公司","MICROLEAD TECHNOLOGY CO., LTD.","新北市汐止區新台五路1段79號13樓之10","13F.-10, No. 79, Sec. 1, Xintai 5th Rd., Xizhi Dist., New Taipei City 22101, Taiwan (R.O.C.)","黃O斐","66160672","86983229","有","有"
"79984784","20090213","20210812","立勝傑實業有限公司","ALUMIFORCE CO., LTD.","彰化縣員林市三橋里11鄰建國路136巷53號","No. 53, Ln. 136, Jianguo Rd., 11th Neighborhood, Sanqiao Vil., Yuanlin City, Changhua County 51043, Taiwan (R.O.C.)","呂O棋","04-8537573","04-8531550","有","有"
"79984807","20030606","20220922","廣驛工業有限公司","KUANG-I INDUSTRIAL CO., LTD.","彰化縣線西鄉溝內村彰濱東三路1號","No. 1, Zhangbin E. 3rd Rd., Gounei Vil., Xianxi Township,  Changhua County 507001, Taiwan (R.O.C.)","劉O清","04-791-0222","04-791-0221","有","有"
"79984911","20020723","20221217","耀晟國際有限公司","FOXCONN INTERNATIONAL CO., LTD.","新北市樹林區北園里西圳街2段42巷26號","No. 26, Ln. 42, Sec. 2, Xizun St., Beiyuan Vil., Shulin Dist., New Taipei City 238013, Taiwan (R.O.C.)","王O芳","02-26805800","02-26686685","無","無"
"79984975","20090417","20210815","鎰鼎股份有限公司","YEEH DING CORP.","新竹市海山里1鄰中華路5段545號2樓","2 F., No. 545, Sec. 5, Zhonghua Rd., 1st Neighborhood, Haishan Vil., Xiangshan Dist., Hsinchu City 30094, Taiwan (R.O.C.)","莊O瑾","03-5378971","03-5182968","有","有"
"79985101","20020710","20210813","可好科技開發有限公司","ENCORE TECH. DEVELOPMENT CO., LTD.","新北市樹林區東順街９０巷８號","No. 8, Ln. 90, Dongshun St., Shulin Dist., New Taipei City 23850, Taiwan (R.O.C.)","魏O琴","02-86863294","02-86866556","有","有"
"79985171","20081126","20210813","合申精密工業有限公司","HER SHEN PRECISION INDUSTRIAL CO., LTD.","新北市土城區慶祥街122號","No. 122, Qingxiang St., Tucheng Dist., New Taipei City 23677, Taiwan (R.O.C.)","陳O祥","02-22675398","02-22675396","有","有"
"79985236","20131111","20210813","翊銓企業有限公司","YI CHANG COMPANY","新北市樹林區樹新路50巷5弄14號4樓","4 F., No. 14, Aly. 5, Ln. 50, Shuxin Rd., Shulin Dist., New Taipei City 23847, Taiwan (R.O.C.)","傅O揆","02-26755852","02-26870273","有","有"
"79985257","20150318","20210812","弼承企業有限公司","BCHENG ENTERPRISE CO., LTD.","臺北市南港區研究院路2段70巷37弄2號2樓","2 F., No. 2, Aly. 37, Ln. 70, Sec. 2, Academia Rd., Nangang Dist., Taipei City 11574, Taiwan (R.O.C.)","謝O翃","03-3676003","03-3710563","有","有"
"79985313","20090608","20230513","宣達興業有限公司","XUAN-DA INDUSTRIAL CO., LTD.","臺北市大安區忠孝東路4段148號7樓","7 F., No. 148, Sec. 4, Zhongxiao E. Rd., Da’an Dist., Taipei City 106429, Taiwan (R.O.C.)","蔡O均","02-22977577","02-22976222","無","無"
"79985334","20030218","20210814","領航科貿有限公司","NAVIGATE TECHNOLOGY CO., LTD.","臺南市歸仁區六甲里六甲八街149巷36號","No. 36, Ln. 149, Liujia 8th St., Liujia Vil., Guiren Dist., Tainan City 71149, Taiwan (R.O.C.)","吳O春","06-330-5325","06-230-3670","有","有"
"79985432","20020712","20240903","建威國際股份有限公司","CHAMP WAY CO., LTD.","新北市中和區連城路258號17樓之8","17F.-8, No. 258, Liancheng Rd., Zhonghe Dist., New Taipei City 23553, Taiwan (R.O.C.)","","02-82271768","02-82271758","無","無"
"79985475","20020701","20210813","高潔有限公司","TAKEI CO.","臺中市東勢區東新里東蘭路20之60號1樓","1 F., No. 20-60, Donglan Rd., Dongxin Vil., Dongshi Dist., Taichung City 42341, Taiwan (R.O.C.)","徐O英","04-25671131","04-25672603","有","有"
"79985496","20020704","20210813","拓肯興業股份有限公司","TOKENPRODUCTS INC.","臺中市大雅區西寶里昌平路四段282北六巷15號","No. 15, Ln. 6, Sec. 4, Changping Rd., Xibao Vil., Daya Dist., Taichung City 42850, Taiwan (R.O.C.)","張O意","04-25681212","04-25681616","有","有"
"79985545","20040318","20230120","志岱企業股份有限公司","GREENTEK PACK&PRINT CORP.","臺中市西屯區寧夏路195之8號","No. 195-8, Ningxia Rd., Xitun Dist., Taichung City 407333, Taiwan (R.O.C.)","林O宏","04-2470-2088","04-2470-2099","有","有"
"79985550","20020725","20210814","源寶順有限公司","JUPOSON CO., LTD.","彰化縣大村鄉過溝村櫻花路113號","No. 113, Yinghua Rd., Dacun Township, Changhua County 51542, Taiwan (R.O.C.)","蔡O彬","04-8539281","","有","有"
"79985572","20020716","20221211","合豐囍有限公司","SHII JIOOU CO., LTD.","宜蘭縣蘇澳鎮蘇西里中山路一段226-1號1樓","1 F., No. 226-1, Sec. 1, Zhongshan Rd., Suxi Vil., Su’ao Township, Yilan County 270004, Taiwan (R.O.C.)","廖O瑋","03-9951111","03-9972972","無","無"
"79985637","20020712","20210815","雅居拉有限公司","AGLOW ENTERPRISE CO., LTD.","臺中市龍井區福田里茄投路212號1樓","1 F., No. 212, Jiatou Rd., Futian Vil., Longjing Dist., Taichung City 43451, Taiwan (R.O.C.)","陳O惠","04-26307108","04-26303470","有","有"
"79985670","20020702","20240424","凌山企業有限公司","LING SHAN ENTERPRISE CO., LTD.","雲林縣虎尾鎮立仁里北平路250號10樓","10 F., No. 250, Beiping Rd., Liren Vil., Huwei Township, Yunlin County 63245, Taiwan (R.O.C.)","林O全","05-6339969","05-6339819","有","有"
"79985735","20020724","20210813","展誠紡織科技股份有限公司","JANN CHENG Textile Technology CO., LTD.","彰化縣和美鎮月眉里月北路222巷38號","No. 38, Ln. 222, Yuebei Rd., Yuemei Vil., Hemei Township, Changhua County 50844, Taiwan (R.O.C.)","蔡O民","04-7558496","","有","有"
"79985741","20030507","20210813","金鴻嘉興業有限公司","JIN HONG JIA CORP.","彰化縣社頭鄉仁雅村民權路五五號","No. 55, Minquan Rd., Shetou Township, Changhua County 51143, Taiwan (R.O.C.)","金O雀","","","有","有"
"79985860","20050419","20210815","全永欣股份有限公司","CHUAN YUON HSIN CO.","臺中市烏日區溪壩里環中路八段860巷21號1樓","1 F., No. 21, Ln. 860, Sec. 8, Huanzhong Rd., Wuri Dist., Taichung City 41468, Taiwan (R.O.C.)","曾O祥","04-24074299","04-24074290","有","有"
"79985952","20020911","20210814","源創國際整合股份有限公司","ORIGINVISION INTERNATIONAL CO., LTD.","臺北市大安區仁愛路4段300巷35弄7號","No. 7, Aly. 35, Ln. 300, Sec. 4, Ren’ai Rd., Da’an Dist., Taipei City 10693, Taiwan (R.O.C.)","陳O兆","02-27081810","02-27081812","有","有"
"79986045","20030821","20210812","萌葳有限公司","TAIWAN ANTIAGING CORPORATION","臺中市西屯區市政路386號6樓之3","6F.-3, No. 386, Shizheng Rd., Xitun Dist., Taichung City 40757, Taiwan (R.O.C.)","郝O華","04-22512998","04-22512997","無","無"
"79986072","20050321","20210815","宏昇精密股份有限公司","HUNGSAN INDUSTRY CO., LTD.","新北市新莊區新樹路244巷19號","No. 19, Ln. 244, Xinshu Rd., Xinzhuang Dist., New Taipei City 24262, Taiwan (R.O.C.)","傅O鳳","02-22082356","02-22044987","有","有"
"79986087","20030807","20210813","宣華國際股份有限公司","FRESHAIR INTERNATIONAL INC.","新北市板橋區民生路2段192號9樓","9 F., No. 192, Sec. 2, Minsheng Rd., Banqiao Dist., New Taipei City 22041, Taiwan (R.O.C.)","廖O坤","02-2253-7770","02-2251-3104","有","有"
"79986164","20031201","20210814","威訊數位科技有限公司","VISION DIGITAL TECHNOLOGY CO., LTD.","臺北市信義區松仁路253巷3弄17號1樓","1 F., No. 17, Aly. 3, Ln. 253, Songren Rd., Xinyi Dist., Taipei City 11046, Taiwan (R.O.C.)","周O光","02-27293000","02-87806655","有","有"
"79986208","20200514","20240124","富偉達電子有限公司","fuweida electron Limited Company","臺南市南區光明里新興路529號1樓","1 F., No. 529, Xinxing Rd., Guangming Vil., South Dist., Tainan City 702028, Taiwan (R.O.C.)","林O賢","06-2619138","","有","有"
"79986256","20140417","20210813","百晟科技有限公司","BCT_CONTROL CO., LTD.","臺南市安平區海頭里安北路129號","No. 129, Anbei Rd., Haitou Vil., Anping Dist., Tainan City 70841, Taiwan (R.O.C.)","陳O仲","06-2280773","06-2200527","有","有"
"79986278","20210512","20210815","賀捷科技事業有限公司","Hejie Technology&Marketing CO., LTD.","雲林縣斗六市忠孝里中華路215巷8號1樓","1 F., No. 8, Ln. 215, Zhonghua Rd., Zhongxiao Vil., Douliu City, Yunlin County 64045, Taiwan (R.O.C.)","陳O琪","04-22655856","","有","有"
"79986283","20020820","20210815","得琳實業股份有限公司","DAILY TRADING COMPANY","臺南市南區新孝路172巷51號","No. 51, Ln. 172, Xinxiao Rd., South Dist., Tainan City 70252, Taiwan (R.O.C.)","廖O榮","06-2640415","06-2652808","有","有"
"79986306","20030811","20230111","祐得精密股份有限公司","UL DER PRECISION CO., LTD.","新北市五股區中興路1段12之1號5樓","5 F., No. 12-1, Sec. 1, Zhongxing Rd., Wugu Dist., New Taipei City 248312, Taiwan (R.O.C.)","蕭O宗","02-89769456","02-89769459","有","有"
"79986328","20081009","20210815","京徽企業有限公司","KIN HUI ENTERPRISE CO., LTD.","臺中市西屯區上安里至善路72號12樓之2","12F.-2, No. 72, Zhishan Rd., Shang’an Vil., Xitun Dist., Taichung City 40745, Taiwan (R.O.C.)","張O昌","04-24525488","04-27012775","有","有"
"79986360","20040610","20220416","玳瑞企業有限公司","DIY REY INDUSTRIAL CO., LTD.","新北市樹林區三德街19號","No. 19, Sande St., Shulin Dist., New Taipei City 23867, Taiwan (R.O.C.)","殷O若","02-82001110","02-82098218","有","有"
"79986376","20030605","20221026","柏霖動機實業股份有限公司","BERLIN DYNAMIC INDUSTRY CO., LTD.","臺中市西屯區西平南巷9之8號","No. 9-8, Xiping S. Ln., Xitun Dist., Taichung City 407001, Taiwan (R.O.C.)","何O禎","04-24017185","04-24019634","有","有"
"79986431","20160819","20210814","國泰真空熱處理股份有限公司","GUO-TAI HEAT TREATMENT COMPANY","新北市三重區中興北街175巷14號","No. 14, Ln. 175, Zhongxing N. St., Sanchong Dist., New Taipei City 24158, Taiwan (R.O.C.)","蘇O儒","02-85111222","02-85111555","有","有"
"79986468","20101015","20210814","陽田生物科技股份有限公司","YANTEN BIOTECHNOLOGY CO., LTD","嘉義縣民雄鄉興南村工業三路9-2號","No. 9-2, Gongye 3rd Rd., Minxiong Township, Chiayi County 62156, Taiwan (R.O.C.)","陳O霞","05-2213338","05-2213329","有","有"
"79986523","20170223","20210813","璿宇企業有限公司","SYUAN YUN ENTERPRISE CO., LTD.","臺中市大肚區頂街里大德七街6號2樓","2 F., No. 6, Dade 7th St., Dingjie Vil., Dadu Dist., Taichung City 43251, Taiwan (R.O.C.)","徐O慧","04-26994059","","有","有"
"79986559","20020716","20210813","潤捷科技股份有限公司","RUENN JYE TECHNOLOGY CORPORATION","新北市板橋區莊敬路56號4樓之1","4F.-1, No. 56, Zhuangjing Rd., Banqiao Dist., New Taipei City 22042, Taiwan (R.O.C.)","古O珠","03-5551181","03-5551298","有","有"
"79986798","20020710","20210814","亞特實業有限公司","A.K.S. INTERNATIONAL CO., LTD.","新北市蘆洲區長興路351號","No. 351, Changxing Rd., Luzhou Dist., New Taipei City 24755, Taiwan (R.O.C.)","孫O霖","02-2289-8386","02-2282-6394","有","有"
"79986827","20050505","20210813","協順有限公司","SHYE SHUN CO., LTD.","新北市板橋區新生街20巷3號3樓","3 F., No. 3, Ln. 20, Xinsheng St., Banqiao Dist., New Taipei City 22052, Taiwan (R.O.C.)","曾O賢","02-89659602","02-89659603","有","有"
"79986994","20051121","20210813","富仕鎂工業有限公司","FU SU MEI INDUSTRIAL CO., LTD.","臺中市太平區中興里太平路778巷31號","No. 31, Ln. 778, Taiping Rd., Zhongxing Vil., Taiping Dist., Taichung City 41144, Taiwan (R.O.C.)","黎O麗","04-2275-4018","04-2277-5382","有","有"
"79987017","20020702","20220319","有情愿室內裝修工程有限公司","RUEN CHENG ENTERPRISE CO., LTD.","新北市新店區中興路2段85號1樓","1 F., No. 85, Sec. 2, Zhongxing Rd., Xindian Dist., New Taipei City 23146, Taiwan (R.O.C.)","高O政","03-3587921","03-3585257","有","有"
"79987038","20200408","20231208","永珈國際開發有限公司","Yongjia International Development Co., Ltd.","臺中市西屯區永安里西屯路三段84之4號1樓","1 F., No. 84-4, Sec. 3, Xitun Rd., Yong’an Vil., Xitun Dist., Taichung City 407009, Taiwan (R.O.C.)","劉O堃","04-24529701","","有","有"
"79987109","20200325","20210814","克利達科技股份有限公司","KLD Technology Co., Ltd.","桃園市平鎮區平安路6巷2號1樓","1 F., No. 2, Ln. 6, Ping’an Rd., Pingzhen Dist., Taoyuan City 32445, Taiwan (R.O.C.)","黃O穎","03-2813108","","有","有"
"79987142","20020705","20210813","正大建材有限公司","CHENG TA BUILDING MATERIALS CO., LTD.","宜蘭縣三星鄉大洲村上將路2段43號","No. 43, Sec. 2, Shangjiang Rd., Sanxing Township, Yilan County 26645, Taiwan (R.O.C.)","呂O珠","03-9540489","03-9575293","有","有"
"79987261","20030605","20210813","信亮企業有限公司","XIN LAN ENTERPRISE CO., LTD.","臺中市清水區東山里神清路98之12號","No. 98-12, Shenqing Rd., Dongshan Vil., Qingshui Dist., Taichung City 43641, Taiwan (R.O.C.)","蔡O慧","04-23588949","04-23583398","有","有"
"79987277","20020625","20221229","德堡福斯股份有限公司","DEUTSCHEBURG AUTO CO., LTD.","臺中市大雅區橫山里永和路六甲巷11-4號1樓","1 F., No. 11-4, Liujia Ln., Yonghe Rd., Hengshan Vil., Daya Dist., Taichung City 428014, Taiwan (R.O.C.)","王O杰","04-2316-3088","04-2316-3033","無","無"
"79987425","20030402","20210815","鑫暄有限公司","FINGA'S BASE CAMP. CO.","臺中市西屯區長安路一段162號1樓","1 F., No. 162, Sec. 1, Chang’an Rd., Xitun Dist., Taichung City 40743, Taiwan (R.O.C.)","劉O玲","","","有","有"
"79987430","20170718","20210814","淨笙企業有限公司","JING SHENG WATER ENTERPRISE CO., LTD.","桃園市中壢區復華里復華八街27號","No. 27, Fuhua 8th St., Fuhua Vil., Zhongli Dist., Taoyuan City 32064, Taiwan (R.O.C.)","錢O強","03-4523779","03-4523769","有","有"
"79987446","20070608","20210812","陞泰有限公司","SAN TY CO., LTD.","新北市八里區福德新村9號","No. 9, Fudexincun, Bali Dist., New Taipei City 24941, Taiwan (R.O.C.)","郭O慧","02-26106010","02-26104095","有","有"
"79987683","20021017","20210815","寶龍科技股份有限公司","AEBOS TECHNOLOGY CO., LTD.","嘉義市西區湖內里16鄰民生南路916巷79號","No. 79, Ln. 916, Minsheng S. Rd., 16th Neighborhood, Hunei Vil., West Dist., Chiayi City 60053, Taiwan (R.O.C.)","劉O炘","05-2688206","05-2688207","有","有"
"79987706","20020712","20231226","峰瑞科技有限公司","FENG JUI TECHNOLOGY CO., LTD.","桃園市中壢區忠義里東園路2號(1樓)","1 F., No. 2, Dongyuan Rd., Zhongyi Vil., Zhongli Dist., Taoyuan City 320023, Taiwan (R.O.C.)","林O旭","03-4358068","03-4358069","有","有"
"79987754","20111214","20210814","宏星儀器有限公司","HONG SING INSTRUMENT CO., LTD.","臺中市北區賴旺里中清路一段840號1樓","1 F., No. 840, Sec. 1, Zhongqing Rd., Laiwang Vil., North Dist., Taichung City 40462, Taiwan (R.O.C.)","蔡O宏","04-22986707","04-22986710","有","有"
"79987902","20060721","20210813","至鵬企業有限公司","JYH PERNG CO., LTD.","臺中市大里區環中東路六段206、208號1樓","1 F., No. 208, Sec. 6, Huanzhong E. Rd., Dali Dist., Taichung City 41252, Taiwan (R.O.C.)","張O英","04-24836256","04-24838153","有","有"
"79987918","20070720","20210815","鴻皓國際有限公司","FOR HOPE INTERNATIONAL CO., LTD.","桃園市蘆竹區坑口里海山路一段394巷57號","No. 57, Ln. 394, Sec. 1, Haishan Rd., Kengkou Vil., Luzhu Dist., Taoyuan City 33856, Taiwan (R.O.C.)","李O瑜","03-3543470","03-3542921","有","有"
"79987924","20150121","20210815","久鐶企業股份有限公司","HUAN ENT. CO., LTD.","臺中市太平區太平里永豐路273-1號2樓","2 F., No. 273-1, Yongfeng Rd., Taiping Vil., Taiping Dist., Taichung City 41143, Taiwan (R.O.C.)","王O","04-22785700","04-23514663","有","有"
"79988022","20020702","20210815","吉潤企業有限公司","JIH RANG ENTERPRISE CO., LTD.","臺中市神岡區豐洲里神洲路19號","No. 19, Shenzhou Rd., Fengzhou Vil., Shengang Dist., Taichung City 42949, Taiwan (R.O.C.)","鄭O吉","04-25250602","04-25250603","有","有"
"79988070","20021003","20210813","耕暉企業有限公司","GENG HUEI CO., LTD.","臺中市西屯區中工二路52號1樓","1 F., No. 52, Zhonggong 2nd Rd., Xitun Dist., Taichung City 40766, Taiwan (R.O.C.)","張O錩","04-761-2211","04-761-9641","有","有"
"79988114","20030731","20210813","吉喬有限公司","J C MEDICAL INSTRUMENT CO., LTD.","臺中市豐原區圳寮里圳寮路90號","No. 90, Zunliao Rd., Zunliao Vil., Fengyuan Dist., Taichung City 42044, Taiwan (R.O.C.)","魏O德","04-2316-8147","04-2316-9406","有","有"
"79988120","20020627","20210813","昌柏實業有限公司","SPRINGWAY ENTERPRISE CO., LTD.","臺中市南屯區東興路二段98號6樓","6 F., No. 98, Sec. 2, Dongxing Rd., Nantun Dist., Taichung City 40857, Taiwan (R.O.C.)","謝O貴","04-2472-2859","04-2471-0710","無","無"
"79988178","20140225","20210813","普羅事達工程有限公司","P.L.STA ENGINEERING CO., LTD.","屏東縣新園鄉鹽埔村塩洲路363號1樓","1 F., No. 363, Xinyuan Township, Pingtung County 932, Taiwan (R.O.C.)","陳O陵","08-8322759","08-8332544","有","有"
"79988228","20020805","20210813","華建食品企業有限公司","HWA CHIEN FOOD ENTERPRISE CO., LTD.","新北市五股區五工三路107號3樓","3 F., No. 107, Wugong 3rd Rd., Wugu Dist., New Taipei City 24889, Taiwan (R.O.C.)","張O田","02-22901345","02-89901918","有","有"
"79988402","20070711","20210813","詠勝一閥業有限公司","YUNG SHENG YI VALVES INDUSTRIES CO., LTD.","臺中市潭子區福仁里中山路二段19號1樓","1 F., No. 19, Sec. 2, Zhongshan Rd., Furen Vil., Tanzi Dist., Taichung City 42755, Taiwan (R.O.C.)","張O昌","04-25323795","04-25342193","有","有"
"79988487","20020717","20210813","金富玩具實業有限公司","CHIN FU TOY INDUSTRIAL CO., LTD.","嘉義縣民雄鄉秀林村東義6號之9","No. 6-9, Dongyi, Minxiong Township, Chiayi County 62147, Taiwan (R.O.C.)","許O樂","05-2111900","05-2110978","有","有"
"79988515","20121106","20210814","良彰企業有限公司","LIANG CHANG ENTERPRISE CO., LTD.","彰化縣秀水鄉鶴鳴村永豐巷45號","No. 45, Yongfeng Ln., Xiushui Township, Changhua County 50444, Taiwan (R.O.C.)","黃O豪","04-7684626","04-7611722","有","有"
"79988521","20021211","20210813","育揚企業有限公司","YU YANG PRODUCTS ENTERPRISE CO., LTD.","臺南市安南區慶安路119號1樓","1 F., No. 119, Qing’an Rd., Annan Dist., Tainan City 70944, Taiwan (R.O.C.)","翁O榮","06-5934110","06-5935713","有","有"
"79988584","20020703","20230502","高豐海產股份有限公司","HI-RICH SEAFOOD ENTERPRISE CO., LTD.","臺北市信義區基隆路2段135號6樓","6 F., No. 135, Sec. 2, Keelung Rd., Xinyi Dist., Taipei City 110005, Taiwan (R.O.C.)","林O成","02-22901180","02-22901070","有","有"
"79988629","20020826","20210813","龍達國際有限公司","LONG DA FOOD INTERNATIONAL CO.","臺中市東區旱溪西路一段一七七巷一六號一樓","1 F., No. 16, Ln. 177, Sec. 1, Hanxi W. Rd., East Dist., Taichung City 40148, Taiwan (R.O.C.)","陳O達","886-4-22128682","886-4-22138675","有","有"
"79988640","20060728","20210813","柏飛特有限公司","PROFIT MACHINERY CO., LTD.","新北市新莊區新樹路260之5號1樓","1 F., No. 260-5, Xinshu Rd., Xinzhuang Dist., New Taipei City 24262, Taiwan (R.O.C.)","陳O和","02-29017840","","有","有"
"79988655","20140603","20210813","優美環境管理有限公司","YUMAY MATERIALS CO., LTD.","桃園市八德區瑞祥里介壽路二段一二三三巷一二五號一樓","1 F., No. 125, Ln. 1233, Sec. 2, Jieshou Rd., Ruixiang Vil., Bade Dist., Taoyuan City 33448, Taiwan (R.O.C.)","張O惠","03-3652266","03-3658918","有","有"
"79988803","20140424","20230511","元山鋼企業有限公司","WONSAN STEEL ENTERPRISES LTD.","高雄市岡山區光潭路16之6號","No. 16-6, Guangtan Rd., Gangshan Dist., Kaohsiung City 820101, Taiwan (R.O.C.)","高O定","07-6255748","07-6256296","有","有"
"79988873","20040927","20210813","友立亞實業有限公司","YULILA ENTERPRISE LTD.","臺中市豐原區南陽里永康路211巷80號1樓","1 F., No. 80, Ln. 211, Yongkang Rd., Nanyang Vil., Fengyuan Dist., Taichung City 42055, Taiwan (R.O.C.)","賴O立","04-25208777","","有","有"
"79988938","20020703","20230708","自由系統股份有限公司","FREEDOM SYSTEMS INC.","臺北市南港區園區街3之2號4樓之1","4F.-1, No. 3-2, Yuanqu St., Nangang Dist.,  Taipei City 115603, Taiwan (R.O.C.)","陳O儀","02-26550668","02-81924450","有","有"
"79989063","20050921","20210812","安舶生物科技有限公司","AN-POINT BIOTECH CO., LTD.","新竹市民富街129號","No. 129, Minfu St., North Dist., Hsinchu City 30045, Taiwan (R.O.C.)","許O德","03-5386865","03-5403571","有","有"
"79989079","20031208","20210813","志燁股份有限公司","CHEERTECH TECHNOLOGY CO., LTD.","新北市板橋區文化路2段500號7樓","7 F., No. 500, Sec. 2, Wenhua Rd., Banqiao Dist., New Taipei City 22044, Taiwan (R.O.C.)","朱O翔","02-2252-7278","02-2252-6952","有","有"
"79989113","20020822","20210812","名港科技股份有限公司","MING-KONG TECH. CORP.","新北市土城區延壽路75巷23弄9號4樓","4 F., No. 9, Aly. 23, Ln. 75, Yanshou Rd., Tucheng Dist., New Taipei City 23646, Taiwan (R.O.C.)","蘇O星","","","有","有"
"79989198","20111219","20220917","圓華油品股份有限公司","YUAN-HUA CHEMICAL CO., LTD.","臺中市烏日區溪埧里環中路八段860巷101號1樓","1 F., No. 101, Ln. 860, Sec. 8, Huanzhong Rd., Xiju Vil., Wuri Dist., Taichung City 414023, Taiwan (R.O.C.)","葉O珠","04-23355559","","有","有"
"79989227","20030411","20210813","東來順科技企業有限公司","DONG LAI SHUN TECHNOLOGY ENTERPRISE CO., LTD.","新北市樹林區中正路253巷3號","No. 3, Ln. 253, Zhongzheng Rd., Shulin Dist., New Taipei City 23868, Taiwan (R.O.C.)","沈O暘","02-8675-1648","02-8675-1648","有","有"
"79989330","20081216","20210813","良有企業有限公司","LIANG YOUU CO., LTD.","高雄市岡山區成功路460巷26號","No. 26, Ln. 460, Chenggong Rd., Gangshan Dist., Kaohsiung City 82057, Taiwan (R.O.C.)","任O靜","07-6221399","07-6221190","有","有"
"79989351","20020719","20210812","生煇貿易有限公司","CHENG HAUI TRADE CO., LTD.","高雄市前鎮區保泰路355號14樓之2","14F.-2, No. 355, Baotai Rd., Cianjhen Dist., Kaohsiung City 80643, Taiwan (R.O.C.)","賴O真","07-7222256","07-7163159","有","有"
"79989417","20021230","20210813","優泥企業有限公司","UNIGOLD BUILDING MATERIALS CO., LTD.","苗栗縣西湖鄉二湖村斧頭坑12-5號","No. 12-5, Futoukeng, Xihu Township, Miaoli County 36842, Taiwan (R.O.C.)","張O媛","886-3792-3406","886-3792-3410","有","有"
"79989423","20020702","20210812","和生種子股份有限公司","HO SHENG SEEDS CO., LTD.","臺南市永康區國光八街41巷24號","No. 24, Ln. 41, Guoguang 8th St., Yongkang Dist., Tainan City 71063, Taiwan (R.O.C.)","董O源","06-2726366","06-2721386","有","有"
"79989444","20020717","20230420","夏晨股份有限公司","ASSCENT INCORPORATION","新北市土城區亞洲路11巷1弄2號","No. 2, Aly. 1, Ln. 11, Yazhou Rd., Tucheng Dist., New Taipei City 236042, Taiwan (R.O.C.)","陳O才","02-22696621","02-22696625","有","有"
"79989486","20020725","20221127","金色萊茵有限公司","GOLDEN RHINE CO., LTD","新北市汐止區新台五路1段79號18樓之10","18 F.-10, No. 79, Sec. 1, Xintai 5th Rd., Xizhi Dist., New Taipei City 221432, Taiwan (R.O.C.)","林O成","02-86926953","02-86926667","無","無"
"79989492","20020722","20210815","順正興實業股份有限公司","SHUENN JENQ SHING CO., LTD.","彰化縣田中鎮北路里福安路270巷68號","No. 68, Ln. 270, Fu’an Rd., Beilu Vil., Tianzhong Township, Changhua County 52041, Taiwan (R.O.C.)","劉O春","04-8761896","04-8761618","有","有"
"79989535","20090603","20230516","三美生化科技有限公司","SANMEI BIOCHEMISTRY TECHNOLOGY CO., LTD.","臺中市西區昇平里昇平街50巷10號1樓","1 F., No. 10, Ln. 50, Shengping St., Shengping Vil., West Dist., Taichung City 403012, Taiwan (R.O.C.)","呂O真","04-23021299","04-23021309","有","有"
"79989562","20020709","20221128","世展國際有限公司","SHYH JAAN INTERNATIONAL, CO.","臺北市大同區重慶北路2段67號8樓之3","8 F.-3, No. 67, Sec. 2, Chongqing N. Rd., Datong Dist., Taipei City 103619, Taiwan (R.O.C.)","陳O賢","02-25502020","03-4606562","無","無"
"79989710","20020820","20221230","翰鴻蕾絲有限公司","HAN HUNG SALE(S) CO., LTD.","臺南市東區關聖里富農街2段108巷41號1樓","1 F., No. 41, Ln. 108, Sec. 2, Funong St., Guansheng Vil., East Dist., Tainan City 701009, Taiwan (R.O.C.)","許O欽","06-2581422","06-2504230","無","無"
"79989726","20030718","20230111","增明開發企業有限公司","TSENG MING DEVELOPMENT ENTERPRISE CO., LTD.","桃園市八德區大發里和成路52號1樓","1 F., No. 52, Hecheng Rd., Dafa Vil., Bade Dist., Taoyuan City 334031, Taiwan (R.O.C.)","游O晴","03-3710235","03-3638539","有","有"
"79989731","20100615","20210815","音翰精密電子有限公司","ENHANCE PRECISION ELECTRONICS CO., LTD.","臺中市東區東英里旱溪街430號1樓","1 F., No. 430, Hanxi St., Dongying Vil., East Dist., Taichung City 40153, Taiwan (R.O.C.)","李O紅","04-22116221","04-22111109","有","有"
"79989789","20020729","20230228","惠華企業有限公司","HUI WA ENTERPRISE CO., LTD.","臺中市北屯區松竹里崇德路二段三０九號一樓","1 F., No. 309, Sec. 2, Chongde Rd., Songzhu Vil., Beitun Dist., Taichung City 406503, Taiwan (R.O.C.)","羅O仁","04-22451345","04-22420319","無","無"
"79989818","20050818","20210815","世紘精密工業有限公司","SHYH HORNG PRECISION IND. CO., LTD.","新竹市香山區美山里中華路五段320巷22號","No. 22, Ln. 320, Sec. 5, Zhonghua Rd., Meishan Vil., Xiangshan Dist., Hsinchu City 30092, Taiwan (R.O.C.)","林O慧","03-5402270","03-5388027","有","有"
"79989893","20020724","20240927","玖將企業有限公司","CHAO MENG SHOES MATERIAL COMPANY LIMITED","臺中市烏日區榮泉里中山路三段751號","No. 751, Sec. 3, Zhongshan Rd., Rongquan Vil., Wuri Dist., Taichung City 414010, Taiwan (R.O.C.)","王O君","04-23384135","04-23384201","有","有"
"79989900","20050712","20210814","豪真企業有限公司","HAOZHEN ENTERPRISE CO., LTD.","臺南市永康區埔園里竹園二街103號","No. 103, Zhuyuan 2nd St., Puyuan Vil., Yongkang Dist., Tainan City 71060, Taiwan (R.O.C.)","鄭O林","06-2040265","","有","有"
"79989958","20020709","20240508","元百利企業有限公司","TREND CODE, INC.","桃園市龍潭區大平里民有一街231之1號14樓","14F., No. 231-1, Minyou 1st St., Daping Vil., Longtan Dist.,  Taoyuan City 325007, Taiwan (R.O.C.)","管O元","02-8692-1868","02-8692-1879","有","有"
"79990006","20040806","20210815","營鎮企業有限公司","YING JHEN ENTERPRISE CO., LTD.","雲林縣斗六市鎮西里中堅西路282號1樓","1 F., No. 282, Zhongjian W. Rd., Zhenxi Vil., Douliu City, Yunlin County 64072, Taiwan (R.O.C.)","雷O星","05-6551743","05-6551735","有","有"
"79990012","20020806","20220222","漢哲貿易有限公司","HANZA TRADING COMPANY","桃園市新屋區後湖里中山西路一段170巷16號(2樓)","2 F., No. 16, Ln. 170, Sec. 1, Zhongshan W. Rd., Houhu Vil., Xinwu Dist., Taoyuan City 32747, Taiwan (R.O.C.)","羅O娟","0952209339","03-4870613","有","有"
"79990033","20020806","20210815","翔泰豐企業有限公司","JASON & JOSH CORP.","新北市五股區五權五路9號（3樓）","3 F., No. 9, Wuquan 5th Rd., Wugu Dist., New Taipei City 24888, Taiwan (R.O.C.)","林O芳","03-3463399","03-3465858","有","有"
"79990049","20020809","20210814","盛新國際有限公司","SHENG SHEAN INTERNATIONAL CO., LTD.","新北市中和區連城路249巷30弄2之2號","NO.2-2, ALLEY 30, LANE 249, LIANCHENG RD., ZHONGHE DIST., NEW TAIPEI CITY  235, TAIWAN (R.O.C.)","張O盛","02-82452556","02-82452557","有","有"
"79990104","20130607","20210813","揚智貿易實業有限公司","SUPWAY INTL. CO., LTD","桃園市八德區大福里思源街126號一樓","1 F., No. 126, Siyuan St., Dafu Vil., Bade Dist., Taoyuan City 33441, Taiwan (R.O.C.)","蕭O智","03-4632222","03-4555559","無","無"
"79990152","20020725","20220818","邏速科技股份有限公司","LOGISPEED TECHNOLOGY CORP.","新竹市東區寺前里竹蓮街174號","No. 174, Zhulian St., Siqian Vil., East Dist., Hsinchu City 300032, Taiwan (R.O.C.)","邱O緯","03-5637899","03-5637359","無","無"
"79990202","20030912","20240613","佳品包材設計有限公司","JIA-PIN PACKAGE DESIGN CO., LTD.","新竹縣竹北市鹿場里成功八路112號10樓","10F., No. 112, Chenggong 8th Rd., Luchang Vil., Zhubei City,  Hsinchu County 302050, Taiwan (R.O.C.)","羅O雄","03-536-2726","03-536-2718","有","有"
"79990250","20041105","20220507","慶錩儀器有限公司","CHING CHANG INSTRUMENTS CO., LTD.","臺中市大雅區橫山里永和路11之1號","No. 11-1, Yonghe Rd., Hengshan Vil., Daya Dist., Taichung City 42877, Taiwan (R.O.C.)","陳O昌","04-25687629","04-25692590","有","有"
"79990287","20020712","20240127","春宇國際有限公司","MARINE TOWN INC.","新北市板橋區民生路1段33號18樓之1","18 F.-1, No. 33, Sec. 1, Minsheng Rd., Banqiao Dist., New Taipei City 220363, Taiwan (R.O.C.)","童O忠","02-29579880","02-29579835","有","有"
"79990343","20130325","20210814","彥祥企業有限公司","YEN NSIANG ENTERPRISE CO. LTD","桃園市中壢區成章三街131巷4號","No. 4, Ln. 131, Chengzhang 3rd St., Zhongli Dist., Taoyuan City 32065, Taiwan (R.O.C.)","林O明","03-4331923","03-4615908","有","有"
"79990391","20120629","20210812","三普光學有限公司","SIMPLE VISION SCIENCE CO., LTD.","新北市永和區中正路60巷4號1樓","1 F., No. 4, Ln. 60, Zhongzheng Rd., Yonghe Dist., New Taipei City 23455, Taiwan (R.O.C.)","謝O岐","02-29455225","","有","有"
"79990408","20020710","20210814","德軒國際有限公司","DER HSUAN INTERNATIONAL CO., LTD.","高雄市仁武區考潭里仁心路博愛巷6弄35號1樓","1 F., No. 35, Aly. 6, Bo’ai Ln., Renxin Rd., Kaotan Vil., Renwu Dist., Kaohsiung City 81460, Taiwan (R.O.C.)","鄭O仁","07-3746460","07-3740121","有","有"
"79990462","20020712","20230429","怡恆種苗有限公司","I HENG SEED CO., LTD.","臺南市北區西門路4段110巷26號","No. 26, Ln. 110, Sec. 4, Ximen Rd., North Dist., Tainan City 704008, Taiwan (R.O.C.)","莊O源","06-2523727","06-2522838","無","無"
"79990532","20020926","20210814","豐閣行銷設計有限公司","VOG - IMAGE POLICE INC.","臺中市西區忠誠里臺灣大道二段573號11樓","11 F., No. 573, Sec. 2, Taiwan Blvd., Zhongcheng Vil., West Dist., Taichung City 40360, Taiwan (R.O.C.)","何O文","04-23266499","04-23266466","有","有"
"79990630","20020719","20210815","台灣佧登國際有限公司","TAIWAN KATENG INTERNATIONAL CO., LTD.","高雄市小港區桂田街189號2樓","2 F., No. 189, Guitian St., Xiaogang Dist., Kaohsiung City 81274, Taiwan (R.O.C.)","陳O祥","07-7870258","","有","有"
"79990717","20020719","20210812","錩鴻國際開發股份有限公司","CHANG HONG INTERNATIONAL DEVELOPMENT CO., LTD.","高雄市燕巢區安林二街48號","No. 48, Anlin 2nd St., Yanchao Dist., Kaohsiung City 82443, Taiwan (R.O.C.)","蔡O芳","07-6160141","07-6160043","有","有"
"79990857","20020719","20210812","金日昇機械股份有限公司","LIGHTWAVE BIKES INTERNATIONAL INC.","彰化縣和美鎮嘉寶里厚北路32巷46號","No. 46, Ln. 32, Houbei Rd., Jiabao Vil., Hemei Township, Changhua County 50843, Taiwan (R.O.C.)","周O鍾","04-26935668","04-26933882","有","有"
"79990890","20140509","20210814","府潔實業有限公司","F.JIE. INDUSTRIAL CO., LTD.","臺南市安平區湖內一街20號","No. 20, Hunei 1st St., Anping Dist., Tainan City 70850, Taiwan (R.O.C.)","王O惠","06-2567555","06-2567788","有","有"
"79990961","20040429","20210814","冠亞國際科技股份有限公司","TOPASIA INTERNATIONAL TECHNOLOGY INC.","新北市八里區觀海大道229號3樓","3 F., No. 229, Guanhai Blvd., Bali Dist., New Taipei City 24944, Taiwan (R.O.C.)","顏O寶","02-22885658","02-22885656","有","有"
"79990977","20020710","20230401","舜堂萊嘉股份有限公司","SHUNG TANG LAI JIA LIQUOR CO., LTD.","臺中市外埔區廍子路107之5號","No. 107-5, Buzi Rd., Waipu Dist.,  Taichung City 438, Taiwan (R.O.C.)","楊O潤","04-2683-8111","04-2683-8112","有","有"
"79991125","20020724","20210814","並日實業有限公司","DEPENDABLE INDUSTRIES CO., LTD.","臺中市西屯區協和南巷3之3號3樓","3 F., No. 3-3, Xiehe S. Ln., Xitun Dist., Taichung City 40765, Taiwan (R.O.C.)","陳O興","04-25568239","04-25268163","有","有"
"79991130","20110117","20240411","國城科技有限公司","KUO CHENG TECHNOLOGY CO., LTD.","臺中市北區民權路462巷4之1號","No. 4-1, Ln. 462, Minquan Rd., North Dist., Taichung City 404025, Taiwan (R.O.C.)","林O豐","04-22087622","04-22087633","有","有"
"79991146","20061002","20210815","致群室內裝修設計工程有限公司","ZHQUN DESIGN CONSTRUCTION., CO., LTD.","新北市新莊區新北大道4段213號22樓","22 F., No. 213, Sec. 4, New Taipei Blvd., Xinzhuang Dist., New Taipei City 24250, Taiwan (R.O.C.)","沈O鈴","02-88611920","02-88611930","有","有"
"79991223","20020726","20210812","皇家洋行股份有限公司","ROYAL B&N CO., LTD.","新北市板橋區光武街121號4樓","4 F., No. 121, Guangwu St., Banqiao Dist., New Taipei City 22047, Taiwan (R.O.C.)","蔡O男","02-82597268","02-22545016","有","有"
"79991342","20050322","20210814","佳碩企業有限公司","CHIA CHUO ENTERPRISE COMPANY LIMITED","臺中市北屯區水景里旱溪東路3段18號2樓","2 F., No. 18, Sec. 3, Hanxi E. Rd., Shuijing Vil., Beitun Dist., Taichung City 40641, Taiwan (R.O.C.)","胡O花","04-22033149","04-22017721","有","有"
"79991390","20020723","20210814","維海國際股份有限公司","YMD INTERNATIONAL CO., LTD.","新北市蘆洲區和平路213巷1號","No. 1, Ln. 213, Heping Rd., Luzhou Dist., New Taipei City 24755, Taiwan (R.O.C.)","鍾O鍊","02-26934911","02-26934913","有","有"
"79991407","20020705","20210813","欣泰豐有限公司","AMPLUS INT'L CO., LTD.","臺北市信義區忠孝東路5段1-5號2樓","2 F., No. 1-5, Sec. 5, Zhongxiao E. Rd., Xinyi Dist., Taipei City 11071, Taiwan (R.O.C.)","王O舒","02-2731-6280","02-2731-0779","有","有"
"79991568","20030220","20230815","九華交通工業股份有限公司","BAROSSA MOTOR INDUSTRY COMPANY LIMITED","臺南市官田區二鎮里工業南路28號","No. 28, Gongye S. Rd., Erzhen Vil., Guantian Dist., Tainan City 72046, Taiwan (R.O.C.)","","06-653-5670","06-653-5778","無","無"
"79991589","20020712","20210813","源晟機械工業有限公司","YUAN CHENG MACHINERY CO., LTD.","彰化縣員林市溝皂里中山路一段242巷22、24號","No. 24, Ln. 242, Sec. 1, Zhongshan Rd., Gouzao Vil., Yuanlin City, Changhua County 51064, Taiwan (R.O.C.)","吳O川","04-8330923","04-8328396","有","有"
"79991639","20040826","20250605","傑普勛實業有限公司","PEGASUS METAL CO., LTD.","彰化縣彰化市下廍里永康街156號1樓","1 F., No. 156, Yongkang St., Changhua City, Changhua County 500029, Taiwan (R.O.C.)","李O珠","04-7366207","04-7366208","有","有"
"79991737","20031013","20210812","錩鴻科技有限公司","WEISTRONIC MANUFACTURING CO., LTD.","新北市新莊區化成路431巷62號2樓","2 F., No. 62, Ln. 431, Huacheng Rd., Xinzhuang Dist., New Taipei City 24253, Taiwan (R.O.C.)","張O華","02-8227-1619","02-8227-1620","有","有"
"79991928","20021016","20210813","固耐有限公司","GUH NAY LIMITED","新北市萬里區野柳里港東路三三四號","No. 334, Gangdong, Yeliu Vil., Wanli Dist., New Taipei City 20744, Taiwan (R.O.C.)","林O道","02-24921058","02-24921058","有","有"
"79992010","20020822","20220425","馥茂實業有限公司","FOUR MARK ENGINEERING CO., LTD.","新北市三重區力行路1段178巷2號5樓","1 F., No. 1, Aly. 7, Ln. 14, Changming St., Xinzhuang Dist., New Taipei City 24251, Taiwan (R.O.C.)","蔡O珊","02-27677764","02-27677838","有","有"
"79992102","20020716","20210815","安力齊貿易有限公司","EN.RICHMENT TRADING CO., LTD.","臺南市安平區建平里建平十二街110號1樓","1 F., No. 110, Jianping 12th St., Jianping Vil., Anping Dist., Tainan City 70847, Taiwan (R.O.C.)","李O田","","","有","有"
"79992193","20060530","20210814","富特力實業有限公司","FULLTEL CORPORATION","臺中市西屯區福安里福安三街20之1號1樓","1 F., No. 20-1, Fu’an 3rd St., Fu’an Vil., Xitun Dist., Taichung City 40766, Taiwan (R.O.C.)","張O玲","04-23506882","04-23506345","有","有"
"79992200","20020923","20210814","日盛塑膠有限公司","RYH SHENG PLASTICS COMPANY LIMITED","臺中市豐原區東湳里三豐路二段396巷22弄356號1樓","1 F., No. 356, Aly. 22, Ln. 396, Sec. 2, Sanfeng Rd., Dongnan Vil., Fengyuan Dist., Taichung City 42073, Taiwan (R.O.C.)","黃O永","04-25236721","04-25236700","有","有"
"79992222","20020723","20230629","馭通網股份有限公司","E-PASSING NETWORK COMPANY LIMITED","桃園市桃園區同德里中正路1071號14樓之5","14 F.-5, No. 1071, Zhongzheng Rd., Tongde Vil., Taoyuan Dist., Taoyuan City 330010, Taiwan (R.O.C.)","","02-23777679","02-27386068","無","無"
"79992264","20020715","20210813","力禾科技股份有限公司","SCOPE TECHNOLOGY CO., LTD.","新北市新店區中正路四維巷1弄4號2樓","2 F., No. 4, Aly. 1, Siwei Ln., Zhongzheng Rd., Xindian Dist., New Taipei City 23148, Taiwan (R.O.C.)","周O凌","02-22190805","02-22190815","有","有"
"79992291","20020712","20250527","翔葳國際有限公司","SHYANG UEI INTERNATIONAL CO., LTD.","臺南市南區北安路3段145巷31弄8號","No. 8, Aly. 31, Ln. 145, Sec. 3, Bei'an Rd., South Dist.,  Tainan City , Taiwan (R.O.C.)","","06-2264714","","無","無"
"79992320","20090813","20210815","日陽海運股份有限公司","ZI-YANG MARINE CORP.","高雄市鳳山區南正一路129號2樓","2 F., No. 129, Nanzheng 1st Rd., Fengshan Dist., Kaohsiung City 83092, Taiwan (R.O.C.)","陳O韻倫","07-8153990","","無","無"
"79992341","20020704","20210813","詰富電子廠股份有限公司","HYLEX ELECTRONICS CO., LTD.","臺中市西屯區大河里大河街26號","No. 26, Dahe St., Dahe Vil., Xitun Dist., Taichung City 40753, Taiwan (R.O.C.)","陳O狄","04-23110606","04-23110505","有","有"
"79992399","20020704","20210812","優得精密工業有限公司","U-DER INDUSTRY CO., LTD.","彰化縣花壇鄉三春村中春路三０一巷一０號","No. 10, Ln. 301, Zhongchun Rd., Huatan Township, Changhua County 50345, Taiwan (R.O.C.)","廖O華","04-787-5016","","有","有"
"79992406","20131129","20210813","旭阡企業有限公司","SIYU CHIYAN ENTERPRISE CO., LTD","桃園市桃園區民有三街602號","No. 602, Minyou 3rd St., Taoyuan Dist., Taoyuan City 33050, Taiwan (R.O.C.)","李O珠","03-3137756","03-3139193","有","有"
"79992428","20030428","20210815","里斯企業有限公司","KRIS ENTERPRISE CO., LTD.","南投縣草屯鎮新庄里芬草路二段172之5號1樓","1 F., No. 172-5, Sec. 2, Fencao Rd., Xinzhuang Vil., Caotun Township, Nantou County 54253, Taiwan (R.O.C.)","黃O琪","02-2705-5261","02-2784-4052","有","有"
"79992449","20140718","20210813","定暘自動控制工程有限公司","DING YANG AUTOMATIC CO., LTD.","桃園市龍潭區東龍路366巷16號1樓","1 F., No. 16, Ln. 366, Donglong Rd., Longtan Dist., Taoyuan City 32541, Taiwan (R.O.C.)","邱O貞","03-4681830","","有","有"
"79992476","20020725","20250603","富邦國際實業有限公司","FULL-BON INTERNATIONAL INDUSTRIAL CO., LTD.","新北市新莊區豐年街124巷33號2樓","2 F., No. 33, Ln. 124, Fengnian St., Xinzhuang Dist., New Taipei City 242010, Taiwan (R.O.C.)","蕭O誠","29895588","29898159","有","有"
"79992623","20050329","20230306","倍將科技股份有限公司","BEST JUMP TECHNOLOGY CO., LTD.","桃園市中壢區新街里環北路398號17樓之3","17 F.-3, No. 398, Huanbei Rd., Xinjie Vil., Zhongli Dist., Taoyuan City 320675, Taiwan (R.O.C.)","曾O文","02-23463899","02-23463855","無","無"
"79992665","20171225","20210814","格揚音響有限公司","Ge Yang Audio Co., Ltd.","臺中市烏日區溪埧里太明路成豐巷335號","No. 335, Chengfeng Ln., Taiming Rd., Xiju Vil., Wuri Dist., Taichung City 41468, Taiwan (R.O.C.)","王O隆","04-23358549","","有","有"
"79992715","20090630","20210813","保立新系統科技股份有限公司","PARKING LOT SYSTEM TECHNOLOGY CO., LTD.","臺北市信義區基隆路2段149之49號11樓之4","11F.-4, No. 149-49, Sec. 2, Keelung Rd., Xinyi Dist., Taipei City 11054, Taiwan (R.O.C.)","廖O君","02-29550172","02-26800787","有","有"
"79992721","20030213","20210814","安達利有限公司","AN TA LI CO., LTD.","臺中市外埔區大東里甲后路五段130巷16弄17號","No. 17, Aly. 16, Ln. 130, Sec. 5, Jiahou Rd., Dadong Vil., Waipu Dist., Taichung City 43860, Taiwan (R.O.C.)","梁O玲","04-2686-2899","04-2688-2708","有","有"
"79992736","20030516","20210813","亞奇京牙科器材有限公司","YAJIJING DENTISTRY IMPLEMENT CO., LTD.","新北市中和區中正路880號10樓","10 F., No. 880, Zhongzheng Rd., Zhonghe Dist., New Taipei City 23586, Taiwan (R.O.C.)","張O春","02-3234-5501","02-3234-6227","有","有"
"79992779","20040914","20210813","升吉實業股份有限公司","SEN-I CO., LTD.","新北市三峽區中園街106之5號","No. 106-5, Zhongyuan St., Sanxia Dist., New Taipei City 23742, Taiwan (R.O.C.)","鄭OO","02-86844913","02-86864301","有","有"
"79992877","20130701","20220126","新公環境科技股份有限公司","XIN GONG ENVIRONMENTAL TECHNOLOGY CO. LTD.","桃園市大溪區南興里員東路522號","No. 522, Yuandong Rd., Nanxing Vil., Daxi Dist., Taoyuan City 33551, Taiwan (R.O.C.)","邱O旗","03-3891000","03-3891222","有","有"
"79992882","20020724","20230317","科羅沙有限公司","CROISSANT CO., LTD.","新北市永和區保生路1號10樓","10 F., No. 1, Baosheng Rd., Yonghe Dist., New Taipei City 234635, Taiwan (R.O.C.)","林O志","02-29241488","02-29256251","有","有"
"79992969","20120912","20210813","阡興實業有限公司","CIAN SING INDUSTRIAL CORPORATION","高雄市楠梓區德民路128號1樓","1 F., No. 128, Demin Rd., Nanzi Dist., Kaohsiung City 81154, Taiwan (R.O.C.)","黃O文","07-3605133","07-3605132","有","有"
"79992975","20020820","20230210","鑫器企業有限公司","XIN QI ENTERPRISE CO., LTD.","苗栗縣苗栗市嘉盛里為公路709巷3號","No. 3, Ln. 709, Weigong Rd., Jiasheng Vil., Miaoli City, Miaoli County 360014, Taiwan (R.O.C.)","王O宏","04-22812069","04-22804906","有","有"
"79993171","20020704","20210814","滿馨鮮貿易有限公司","FRESH KINGDOM TRADING CO., LTD.","南投縣埔里鎮泰安里樹人三街276號","No. 276, Shuren 3rd St., Tai’an Vil., Puli Township, Nantou County 54552, Taiwan (R.O.C.)","黃O珠","049-2990111","049-2990108","有","有"
"79993186","20040405","20240730","瑞爾實業有限公司","RIEL ENTERPRISE CO., LTD.","臺南市善化區光文里光華路3號1樓","1 F., No. 3, Guanghua Rd., Guangwen Vil., Shanhua Dist., Tainan City 74154, Taiwan (R.O.C.)","","09-17991921","","無","無"
"79993329","20030715","20210814","鼎佳科技有限公司","TOPIC TECHNOLOGY CO., LTD.","臺南市歸仁區七甲里南丁路五九一巷三七弄二號","No. 2, Aly. 37, Ln. 591, Nanding Rd., Qijia Vil., Guiren Dist., Tainan City 71143, Taiwan (R.O.C.)","詹O儀","06-273-6420","06-273-6813","有","有"
"79993361","20071214","20210815","精合傳播事業有限公司","JINHO DISSEMINATION CO., LTD.","新北市中和區立德街26巷18弄10號","No. 10, Aly. 18, Ln. 26, Lide St., Zhonghe Dist., New Taipei City 23584, Taiwan (R.O.C.)","李O均","02-25854800","02-25856456","有","有"
"79993432","20031001","20210814","新連明條碼科技有限公司","SHIN LAN MING BAR-CODE TECHNOLOGY CO., LTD.","彰化縣大村鄉大村村大智路二段41號","No. 41, Sec. 2, Dazhi Rd., Dacun Township, Changhua County 51547, Taiwan (R.O.C.)","張O玲","04-8531483","04-8531490","有","有"
"79993496","20021108","20210813","荃翔企業有限公司","CHIUAN SHIANG ENTERPRISE CO., LTD.","臺南市歸仁區南興里中山路3段226號1樓","1 F., No. 226, Sec. 3, Zhongshan Rd., Nanxing Vil., Guiren Dist., Tainan City 71152, Taiwan (R.O.C.)","何O能","06-3388705","06-3388706","有","有"
"79993502","20160810","20240830","芭迪活動事業有限公司","BUDDY ACTIVITIES SERVICE CO., LTD.","屏東縣內埔鄉和興村學人路736號1樓","1F., No. 736, Xueren Rd., Hexing Vil., Neipu Township,  Pingtung County 912008, Taiwan (R.O.C.)","","08-7775998","08-7775986","無","無"
"79993539","20020729","20210815","福慶機械工業股份有限公司","LONGER MACHINE INDUSTRIAL CO., LTD.","臺中市大里區仁化工十二路108號","No. 108, Renhuagong 12th Rd., Dali Dist., Taichung City 41278, Taiwan (R.O.C.)","周O龍","04-24960606","04-24962209","有","有"
"79993550","20130902","20210813","大耀寶股份有限公司","SMTRUCKS BODY PARTS CO., LTD","桃園市楊梅區民有路1段202號","No. 202, Sec. 1, Minyou Rd., Yangmei Dist., Taoyuan City 32648, Taiwan (R.O.C.)","王O","03-4758086","03-4758086","有","有"
"79993572","20040611","20210814","家惠國際有限公司","GROWTH PACIFIC INTERNATIONAL INC.","桃園市桃園區三元里民有六街16號15樓之12","15F.-12, No. 16, Minyou 6th St., Sanyuan Vil., Taoyuan Dist., Taoyuan City 33052, Taiwan (R.O.C.)","黎O美","03-3273111","","有","有"
"79993637","20020910","20240816","聯紘科技封裝材料有限公司","UNIT TOP TECHNOLOGY PACKING CO., LTD.","桃園市中壢區自強里立德西街56巷7號5樓","5F., NO. 7, LN. 56, LIDE W. ST., ZIQIANG VIL., ZHONGLI DIST., TAOYUAN CITY 32072, TAIWAN (R.O.C.)","吳O文","03-4266096","03-4266068","有","有"
"79993670","20020816","20221028","橫浜精密化學股份有限公司","EVER CLEAN FINE CHEMICAL CO., LTD.","臺中市西屯區工業區三十五路28之2號","No. 28-2, Gongyequ 35th Rd., Xitun Dist., Taichung City 407021, Taiwan (R.O.C.)","本O秀夫","25361877","25361899","有","有"
"79993708","20020710","20210813","京豪科技有限公司","TECHSTAR ELECTRONICS CORP.","新北市三重區忠孝路3段40巷16弄8號2樓","2 F., No. 8, Aly. 16, Ln. 40, Sec. 3, Zhongxiao Rd., Sanchong Dist., New Taipei City 24161, Taiwan (R.O.C.)","王O梅","02-29840696","02-29868034","有","有"
"79993783","20020801","20210815","台灣京石精密股份有限公司","TAIWAN KYOSEKI TECHNOLOGY CO., LTD.","新竹縣竹北市隘口里復興二路229號5樓之2","5F.-2, No. 229, Fuxing 2nd Rd., Aikou Vil., Zhubei City, Hsinchu County 30271, Taiwan (R.O.C.)","土O善夫","03-6576580","03-6576575","有","有"
"79993799","20030218","20210814","泉宏釣具有限公司","CHUAN HUNG FISHING TACKLE CO., LTD.","臺北市中山區復興北路48號3樓","3 F., No. 48, Fuxing N. Rd., Zhongshan Dist., Taipei City 10488, Taiwan (R.O.C.)","黃O光","02-2673-7165","02-2673-8820","有","有"
"79993849","20190219","20210815","速易達國際開發有限公司","New Life Goat Milk International Development Co., Ltd.","高雄市路竹區東安路36巷1078號","No. 1078, Ln. 36, Dong’an Rd., Luzhu Dist., Kaohsiung City 82147, Taiwan (R.O.C.)","靳O琳","07-6118758","07-6113906","有","有"
"79993910","20020718","20210814","研華實業有限公司","VICTORY EYEWEAR CO., LTD.","臺南市永康區忠孝路382號","No. 382, Zhongxiao Rd., Yongkang Dist., Tainan City 71074, Taiwan (R.O.C.)","蔡O儒","06-2337000","06-2324200","有","有"
"79993989","20030811","20210815","翌金科技股份有限公司","EZE CORP.","新竹縣竹北市中興里嘉豐十路7巷3號1樓","1 F., No. 3, Ln. 7, Jiafeng 10th Rd., Zhongxing Vil., Zhubei City, Hsinchu County 30273, Taiwan (R.O.C.)","張O鵬","03-471-7707","03-471-0778","有","有"
"79994002","20020812","20210814","高笠機械有限公司","GAO-LI MACHINERY CO., LTD.","臺中市烏日區中山路三段1113號1樓","1 F., No. 1113, Sec. 3, Zhongshan Rd., Wuri Dist., Taichung City 41452, Taiwan (R.O.C.)","廖O宗","04-23369106","04-23374403","有","有"
"79994024","20021223","20221213","凱力美有限公司","CARRY MAID CO., LTD.","南投縣名間鄉南田路123號1樓","1 F., No. 123, Nantian Rd., Mingjian Township, Nantou County 551011, Taiwan (R.O.C.)","王O璋","04-25341176","04-25348671","有","有"
"79994039","20020729","20210815","久鼎科技有限公司","TANAKA TECH CO., LTD.","新北市土城區中山路1號2樓","2 F., No. 1, Zhongshan Rd., Tucheng Dist., New Taipei City 23680, Taiwan (R.O.C.)","陳O玉","02-22766812","02-29922570","有","有"
"79994093","20020812","20210814","茗樟生物科技有限公司","MING CHANG BIO-TECH CO., LTD.","南投縣名間鄉南雅村南雅街1號","No. 1, Nanya St., Mingjian Township, Nantou County 55141, Taiwan (R.O.C.)","洪O傑","049-2730937","049-2732018","有","有"
"79994191","20101108","20220224","淞浤有限公司","SONG HONG MACHINERY HARDWARE CO., LTD.","臺中市大雅區秀山里上山一路58號","No. 58, Shangshan 1st Rd., Xiushan Vil., Daya Dist., Taichung City 42878, Taiwan (R.O.C.)","簡O志","04-24790641","04-24792149","有","有"
"79994214","20031023","20220610","敦群數位科技股份有限公司","VANGENE DIGITAL INC.","新北市新莊區中德路21號6樓","6 F., No. 21, Zhongde Rd., Xinzhuang Dist., New Taipei City 242020, Taiwan (R.O.C.)","蔡O芯","02-25318839","02-77566172","有","有"
"79994283","20020722","20210812","秉承有限公司","BIN CHEN INCORPORATION","新北市板橋區中山路二段五三九巷十八弄二號二樓","2 F., No. 2, Aly. 18, Ln. 539, Sec. 2, Zhongshan Rd., Banqiao Dist., New Taipei City 22068, Taiwan (R.O.C.)","張O謙","02-29621774","02-29581894","有","有"
"79994376","20020730","20210815","達康電子科技有限公司","PACONN TECHNOLOGY CORP.","新北市三重區正義北路216巷12號1樓","1 F., No. 12, Ln. 216, Zhengyi N. Rd., Sanchong Dist., New Taipei City 24147, Taiwan (R.O.C.)","陳O麗","02-89816955","02-89828092","有","有"
"79994410","20020801","20240413","元生養生股份有限公司","YUAN SHENG YEANG SHENG CO., LTD.","高雄市岡山區岡山路610巷30號1樓","1 F., No. 30, Ln. 610, Gangshan Rd., Gangshan Dist., Kaohsiung City 820118, Taiwan (R.O.C.)","許O發","07-6232960","07-6114093","有","有"
"79994452","20050613","20210814","優勢系統科技有限公司","YOURSOURCE SYSTEM TECHNOLOGY CO., LTD.","新北市新店區建國路128巷2號4樓","4 F., No. 2, Ln. 128, Jianguo Rd., Xindian Dist., New Taipei City 23142, Taiwan (R.O.C.)","王O永","02-89116566","02-25012160","有","有"
"79994489","20070820","20210814","達特富科技股份有限公司","DR.FOOT TECHNOLOGY CO., LTD.","宜蘭縣五結鄉中興村中里路18號","No. 18, Zhongli Rd., Wujie Township, Yilan County 26843, Taiwan (R.O.C.)","林O政","03-9500551","03-9500335","有","有"
"79994713","20171229","20210812","明冠內衣企業有限公司","MING CROWN UNDERWEAR CO., LTD.","臺中市北屯區仁和里山西北一街87巷8號4樓","4 F., No. 8, Ln. 87, Shanxi N. 1st St., Renhe Vil., Beitun Dist., Taichung City 40672, Taiwan (R.O.C.)","巫O莉","04-22980709","","有","有"
"79994761","20020715","20210814","創晨企業有限公司","CHUANG CHERN ENTERPRISE CO. LTD","臺中市霧峰區坑口里中正路646巷2弄13號1樓","1 F., No. 13, Aly. 2, Ln. 646, Zhongzheng Rd., Kengkou Vil., Wufeng Dist., Taichung City 41364, Taiwan (R.O.C.)","李O春","04-2333-0766","04-2333-0183","有","有"
"79994798","20020808","20210815","峻瑩企業有限公司","JIUN YNG ENTERPRISE LIMITED","臺中市大里區祥興里大智路565巷23之10號","No. 23-10, Ln. 565, Dazhi Rd., Xiangxing Vil., Dali Dist., Taichung City 41243, Taiwan (R.O.C.)","張O亷","04-24268801","04-24268803","有","有"
"79994848","20150814","20230307","興鑫科技有限公司","SIN-SIN TECHNOLOGY LTD.","新北市三重區新興路37號1樓","1 F., No. 37, Xinxing Rd., Sanchong Dist., New Taipei City 241009, Taiwan (R.O.C.)","劉O初","02-29770270","02-29776881","有","有"
"79995023","20181029","20210814","御承實業股份有限公司","YU CHEN Energy Technology CO., LTD","基隆市安樂區樂利二街62巷608號9樓","9 F., No. 608, Ln. 62, Leli 2nd St., Anle Dist., Keelung City 20448, Taiwan (R.O.C.)","呂O麟","02-24310944","","有","無"
"79995038","20020718","20230418","豐陞興業有限公司","FENG SHENG FOOTWEAR CO., LTD.","彰化縣大村鄉南勢村南勢巷四之三二號","No. 4-32, Nanshi Ln., Nanshi Vil., Dacun Township,  Changhua County 515009, Taiwan (R.O.C.)","林O信","04-8293856","04-8293936","無","無"
"79995065","20020723","20210814","浩創有限公司","HAO CHUANG CO., LTD.","新竹市育英里四維路21巷67號1樓","1 F., No. 67, Ln. 21, Siwei Rd., Yuying Vil., North Dist., Hsinchu City 30046, Taiwan (R.O.C.)","葉O芬","03-5210166","03-5221733","有","有"
"79995086","20020717","20230325","昱禾風企業有限公司","BREEZE LEADER ENTERPRISE CO., LTD.","基隆市安樂區基金一路379巷8號","No. 8, Ln. 379, Jijin 1st Rd., Anle Dist., Keelung City 204008, Taiwan (R.O.C.)","張O爽","02-26486900","02-26486900","無","無"
"79995142","20020722","20210815","大瑋木業有限公司","DA WEI WOODS CO., LTD.","臺中市神岡區神清路352之3號1樓","1 F., No. 352-3, Shenqing Rd., Shengang Dist., Taichung City 42954, Taiwan (R.O.C.)","林O仙","04-25601669","04-25600014","有","有"
"79995229","20031107","20210813","勝瑞有限公司","YAO YUAN PENG'S LTD.","桃園市新屋區望間里11鄰60號","No. 60, 11th Neighborhood, Wangjian Vil., Xinwu Dist., Taoyuan City 327, Taiwan (R.O.C.)","彭O河","03-4644307","03-4965719","有","有"
"79995261","20021007","20250307","台灣真弓通商股份有限公司","TAIWAN MAYUMI CO., LTD.","臺北市內湖區內湖路1段91巷35弄40號1樓","1 F., No. 40, Aly. 35, Ln. 91, Sec. 1, Neihu Rd., Neihu Dist., Taipei City 114001, Taiwan (R.O.C.)","黃O杰","02-26574452","02-26578582","有","有"
"79995564","20020722","20210813","宏繹科技股份有限公司","HOME I TECHNOLOGY CO., LTD.","彰化縣花壇鄉南口村花壇街417號1樓","1 F., No. 417, Huatan St., Huatan Township, Changhua County 50352, Taiwan (R.O.C.)","顧O木","04-7868583","","有","有"
"79995608","20020726","20210815","峻鋐實業股份有限公司","AWESOME FURNITURE CO., LTD.","彰化縣福興鄉麥厝村沿海路1段250巷108號","No. 108, Ln. 250, Sec. 1, Yanhai Rd., Fuxing Township, Changhua County 50645, Taiwan (R.O.C.)","林O裕","04-7702526","04-7703498","有","有"
"79995620","20040830","20220607","安鴻金屬有限公司","AN HONG METAL CO., LTD.","南投縣南投市平山里自強一路21號","No. 21, Ziqiang 1st Rd., Nantou City, Nantou County 540027, Taiwan (R.O.C.)","謝O萬","049-2253088","049-2258287","有","有"
"79995683","20020806","20210814","緯盛股份有限公司","UNI-IN-LINE ENTERPRISE CO.,LTD.","桃園市蘆竹區興福街71號","No. 71, Xingfu St., Luzhu Dist., Taoyuan City 33862, Taiwan (R.O.C.)","李O長","03-3541092","03-3542387","有","有"
"79995733","20040419","20240711","雅世科技有限公司","YA SHIH TECHNOLOGY CO., LTD.","桃園市龍潭區金龍路60巷180弄22號(1樓)","1 F., No. 22, Aly. 180, Ln. 60, Jinlong Rd., Longtan Dist., Taoyuan City 32557, Taiwan (R.O.C.)","","02-82862371","02-22889683","無","無"
"79995852","20040909","20240223","尚順食品有限公司","SHANG SHUEAN FOOD CO., LTD.","臺中市大甲區文武里育英路13巷7號1樓","1 F., No. 7, Ln. 13, Yuying Rd., Wenwu Vil., Dajia Dist., Taichung City 437009, Taiwan (R.O.C.)","李O君","04-26871833","04-2687-1813","有","有"
"79995966","20070523","20210813","股祥科技股份有限公司","KUSHON TECHNOLOGY CO., LTD.","新竹市香山區埔前路291號","No. 291, Puqian Rd., Xiangshan Dist., Hsinchu City 30091, Taiwan (R.O.C.)","陳O梅","03-5306742","03-5308986","有","有"
"79996022","20021113","20241010","承漢科技股份有限公司","CHERNG HANN TECHNOLOGY CO., LTD.","桃園市中壢區仁美里中山東路三段115巷43號(一樓)","1 F., No. 43, Ln. 115, Sec. 3, Zhongshan E. Rd., Renmei Vil., Zhongli Dist., Taoyuan City 320039, Taiwan (R.O.C.)","","03-4378242","03-4368762","無","無"
"79996043","20110920","20220322","迪虹企業有限公司","DIABASE ENTERPRISE LTD.","新竹縣竹北市新社里新工三路55號一樓","1 F., No. 55, Xingong 3rd Rd., Xinshe Vil., Zhubei City, Hsinchu County 30244, Taiwan (R.O.C.)","陳O文","03-5533335","03-6563199","有","有"
"79996135","20020718","20210813","連恩企業有限公司","LANE N ENTERPRISE CO., LTD.","宜蘭縣宜蘭市北津里大坡路一段121巷33號14樓之3","14F.-3, No. 33, Ln. 121, Sec. 1, Dapo Rd., Beijin Vil., Yilan City, Yilan County 26054, Taiwan (R.O.C.)","賴O茹","03-928-3924","03-928-5943","有","有"
"79996156","20060622","20240913","全統工程企業有限公司","CHUAN TUNG ENGINEERING TRADING CO., LTD.","高雄市仁武區仁雄路9之2號1樓","1 F., No. 9-2, Renxiong Rd., Renwu Dist., Kaohsiung City 814018, Taiwan (R.O.C.)","鄭O發","07-3732892","07-3736561","有","有"
"79996206","20031016","20210814","雪景電影股份有限公司","WINNING E-BUSINESS CO., LTD.","臺北市中正區仁愛路2段71號8樓之3","8F.-3, No. 71, Sec. 2, Ren’ai Rd., Zhongzheng Dist., Taipei City 10062, Taiwan (R.O.C.)","許O達","02-23916442","02-23910518","無","無"
"79996212","20041206","20240419","智遠工程有限公司","WISE GREAT ENGINEERING CO., LTD.","新北市土城區中央路4段279巷8號8樓之1","8 F.-1, No. 8, Ln. 279, Sec. 4, Zhongyang Rd., Tucheng Dist., New Taipei City 236683, Taiwan (R.O.C.)","邱O綺","02-22669841","02-86762025","有","有"
"79996228","20020717","20221222","思衛科技股份有限公司","JETEK TECHNOLOGY CORP.","新竹市東區水源街93號5樓之3","5 F.-3, No. 93, Shuiyuan St., East Dist., Hsinchu City 300042, Taiwan (R.O.C.)","秦O騏","03-5526638","03-5526637","有","有"
"79996347","20150826","20210813","創田企業有限公司","CHUANG-TIAN TECHNOLOGY ENGINEERING CO., LTD.","高雄市大樹區檨腳里中興南路2巷44之7號","No. 44-7, Ln. 2, Zhongxing S. Rd., Shejiao Vil., Dashu Dist., Kaohsiung City 84047, Taiwan (R.O.C.)","蘇O上","07-6513077","07-7101313","有","有"
"79996368","20110826","20210813","弘原金屬有限公司","HUNG YUAN METALWORK CO., LTD.","新北市三峽區大利路22號","No. 22, Dali Rd., Sanxia Dist., New Taipei City 23742, Taiwan (R.O.C.)","曾O川","02-86723973","02-86743171","有","有"
"79996402","20020801","20210813","益傳重機械有限公司","ETRAN MACHINERY CO., LTD.","新北市林口區民富街99號14樓","14 F., No. 99, Minfu St., Linkou Dist., New Taipei City 24462, Taiwan (R.O.C.)","邱O隆","02-29561367","02-29555940","有","有"
"79996439","20020802","20240227","品威國際貿易有限公司","GOC INTERNATIONAL TRADING CO., LTD.","臺北市北投區中央南路2段36之3號2樓","2 F., No. 36-3, Sec. 2, Zhongyang S. Rd., Beitou Dist., Taipei City 112030, Taiwan (R.O.C.)","楊O堂","02-28982760","","有","有"
"79996493","20060215","20210812","騰揚工業有限公司","TON YUANG INDUSTRIAL CO., LTD.","彰化縣和美鎮嘉寶里福北路410巷139號","No. 139, Ln. 410, Fubei Rd., Jiabao Vil., Hemei Township, Changhua County 50843, Taiwan (R.O.C.)","林O樺","04-7361149","04-7362357","有","有"
"79996613","20020729","20230217","力弘科技股份有限公司","LEADERTEK CO., LTD.","臺中市南屯區豐樂里黎明路一段830號","No. 830, Sec. 1, Liming Rd., Fengle Vil., Nantun Dist., Taichung City 408004, Taiwan (R.O.C.)","賈O強","04-23805563","04-23809615","有","有"
"79996661","20101220","20250206","全德鑫生技有限公司","CHUN WANG BIOTECH CO., LTD.","苗栗縣頭份市民生里11鄰新立東街2巷33號1樓","1 F., No. 33, Ln. 2, Xinli E. St., 11th Neighborhood, Minsheng Vil., Toufen City, Miaoli County 35154, Taiwan (R.O.C.)","王O煌","0968739558","04-22451040","無","無"
"79996682","20080918","20210814","豐禾資訊科技企業有限公司","FENG HOU IT CO., LTD.","臺中市北屯區三和里東山路一段138巷45號1樓","1 F., No. 45, Ln. 138, Sec. 1, Dongshan Rd., Sanhe Vil., Beitun Dist., Taichung City 40647, Taiwan (R.O.C.)","洪O騰","04-22929353","04-22979139","有","有"
"79996727","20020807","20210813","吉穎電機有限公司","JI YIEN ELECTRONIC CO., LTD.","屏東縣竹田鄉鳳明村大同農場17-8號","No. 17-8, Datong Farm, Zhutian Township, Pingtung County 91141, Taiwan (R.O.C.)","王O慧","08-7891718","08-7801431","有","有"
"79996748","20060320","20210813","裕新自動化有限公司","YU XIN AUTOMATION CO., LTD.","彰化縣員林市員集路二段132號","No. 132, Sec. 2, Yuanji Rd., Yuanlin City, Changhua County 51063, Taiwan (R.O.C.)","張O齡","04-8368047","","有","有"
"79996867","20021028","20210813","寰拓科技股份有限公司","HTC TECHNOLOGY CO., LTD.","新北市新店區寶中路88號4樓","4 F., No. 88, Baozhong Rd., Xindian Dist., New Taipei City 23144, Taiwan (R.O.C.)","劉O江","886-2-29123666","886-2-29118735","有","有"
"79996959","20210421","20221110","展輝金屬有限公司","ZHANHUI METAL CO., LTD.","新北市三重區中正北路193巷11弄27號(1樓)","1 F., No. 27, Aly. 11, Ln. 193, Zhongzheng N. Rd., Sanchong Dist., New Taipei City 241026, Taiwan (R.O.C.)","楊O富","02-8285-7273","","有","有"
"79997009","20031128","20210813","東碩機械企業有限公司","DONG - SUO MECHANICAL ENTERPRISE CO., LTD.","新北市板橋區民權路202巷17弄45號","No. 45, Aly. 17, Ln. 202, Minquan Rd., Banqiao Dist., New Taipei City 22050, Taiwan (R.O.C.)","蔡O祐","02-29696178","02-22710695","有","有"
"79997084","20240423","20241116","台灣方舟工業有限公司","Taiwan Ark Industrial LTD.","新北市樹林區大安路544號5樓","5 F., No. 544, Da’an Rd., Shulin Dist., New Taipei City 238009, Taiwan (R.O.C.)","張O靜","02-26750378","","有","有"
"79997134","20170109","20220425","詮豐食品股份有限公司","QUAN FONG FARM CO., LTD.","高雄市田寮區新興里公館路19號","No. 19, Gongguan, Xinxing Vil., Tianliao Dist., Kaohsiung City 82343, Taiwan (R.O.C.)","吳O貴","07-6381281","07-6381103","有","有"
"79997211","20020731","20210814","崇曜國際實業有限公司","BEST VIEW CO., LTD.","臺南市東區光明街66巷11號1樓","1 F., No. 11, Ln. 66, Guangming St., East Dist., Tainan City 70154, Taiwan (R.O.C.)","陶O哲","06-2002889","06-2004003","有","有"
"79997269","20020719","20230326","寶達科技有限公司","FOREVER PROSPERITY TECHOLOGY CO., LTD.","新北市永和區中興街10巷5弄2之1號3樓","3 F., No. 2-1, Aly. 5, Ln. 10, Zhongxing St., Yonghe Dist., New Taipei City 234016, Taiwan (R.O.C.)","洪O詒","02-29430736","02-29409274","無","無"
"79997303","20130320","20210813","翔凱有限公司","XIANG KAI CO., LTD.","新北市土城區金城路3段60巷7號12樓","12 F., No. 7, Ln. 60, Sec. 3, Jincheng Rd., Tucheng Dist., New Taipei City 23643, Taiwan (R.O.C.)","許O庭","02-22749040","02-22749041","有","有"
"79997330","20020717","20210814","喬唯國際企業股份有限公司","JOYWELL MOTOR CORPORATION","臺中市南區福順里忠明南路787號12樓之2","12F.-2, No. 787, Zhongming S. Rd., Fushun Vil., South Dist., Taichung City 40255, Taiwan (R.O.C.)","李O蓉","04-35008377","04-35008378","有","有"
"79997346","20020808","20210813","司本技研股份有限公司","SIPPON TECH CO., LTD.","新竹市潛園里西大路469巷9-1號3樓","3 F., No. 9-1, Ln. 469, Xida Rd., Qianyuan Vil., North Dist., Hsinchu City 30049, Taiwan (R.O.C.)","賴O祺","03-5348882","03-5423917","有","有"
"79997367","20031119","20210815","上揚貿易有限公司","MAGIC GARDEN TRADE CO., LTD.","新北市永和區中山路1段26號3樓之5","3F.-5, No. 26, Sec. 1, Zhongshan Rd., Yonghe Dist., New Taipei City 23444, Taiwan (R.O.C.)","李O屏","02-2225-2890","02-2225-2140","有","有"
"79997394","20031105","20210924","喜客咖啡股份有限公司","Seeker coffee Co., Ltd.","新北市中和區板南路469號、469號2樓","2 F., No. 469, Bannan Rd., Zhonghe Dist., New Taipei City 23557, Taiwan (R.O.C.)","許O民","02-89521778","02-89517990","有","有"
"79997438","20020724","20210815","良宜自動化有限公司","LIANG YI AUTOMATION CO., LTD.","彰化縣員林市大明里員集路1段臨382號","No. 382, Sec. 1, Yuanji Rd., Daming Vil., Yuanlin City, Changhua County 51062, Taiwan (R.O.C.)","蕭O如","04-8361972","04-8361960","有","有"
"79997444","20020717","20230330","金緻木業有限公司","KING CHIH WOODEN CO., LTD.","新北市三峽區國光街111號","No. 111, Guoguang St., Sanxia Dist., New Taipei City 237018, Taiwan (R.O.C.)","陳O源","02-26745729","","無","無"
"79997459","20040708","20210815","恩特達有限公司","ENTETA INTERNATIONAL CO., LTD.","新北市新莊區自立街170號2樓","2 F., No. 170, Zili St., Xinzhuang Dist., New Taipei City 24254, Taiwan (R.O.C.)","魏O亮","02-22064036","02-22012374","有","有"
"79997486","20020717","20210812","台灣昌偉科技有限公司","TAIWAN CHARMWIN TECHNOLOGIES LIMITED","新北市汐止區大同路2段171號3樓之3","3F.-3, No. 171, Sec. 2, Datong Rd., Xizhi Dist., New Taipei City 22183, Taiwan (R.O.C.)","魏O海","02-86926686","","有","有"
"79997508","20030114","20230805","鑣鑫企業有限公司","PIAO HSIN CO., LTD.","高雄市燕巢區新生南路106號","No. 106, Xinsheng S. Rd., Yanchao Dist., Kaohsiung City 824009, Taiwan (R.O.C.)","侯O嚴","886-7-6168907","886-7-616-8814","有","有"
"79997541","20020712","20210814","滙科企業有限公司","HWEI KEH ENTERPRISE CO., LTD.","臺中市北屯區軍功里環中東路一段1580之12號","No. 1580-12, Sec. 1, Huanzhong E. Rd., Jungong Vil., Beitun Dist., Taichung City 40642, Taiwan (R.O.C.)","賴O欽","","","有","有"
"79997583","20020724","20210812","金洋光電科技股份有限公司","ACUMEN OPTOELECTRONICS CORP.","新北市樹林區柑園街2段122巷3號4樓","4 F., No. 3, Ln. 122, Sec. 2, Ganyuan St., Shulin Dist., New Taipei City 23853, Taiwan (R.O.C.)","陳O洋","02-26689212","02-26689204","有","有"
"79997612","20080506","20210814","國豐商行有限公司","GUO FENG RICH CO., LTD.","新北市三重區捷運路37巷20號","No. 20, Ln. 37, Jieyun Rd., Sanchong Dist., New Taipei City 24161, Taiwan (R.O.C.)","吳O全","02-29831715","02-29813250","有","有"
"79997710","20030709","20210813","尹鑽科技有限公司","EN DIAMOND TECHNOLOGY CO., LTD.","苗栗縣苑裡鎮苑港里2鄰苑港10-88號","No. 10-88, Yuangang, 2nd Neighborhood, Yuangang Vil., Yuanli Township, Miaoli County 35852, Taiwan (R.O.C.)","蔡O良","037-852-392","037-851-665","有","有"
"79997731","20030103","20210814","鐵樂瘋國際租賃有限公司","HENG SHENG MANAGE CONSULTANT CO., LTD.","新北市樹林區大安路534號3樓","3 F., No. 534, Da’an Rd., Shulin Dist., New Taipei City 23849, Taiwan (R.O.C.)","呂O榮","","","有","有"
"79997747","20030225","20210815","大榮生物科技股份有限公司","DALONG BIOTECHNOLOGY CO., LTD.","臺中市太平區鵬儀路296巷16弄10號","No. 10, Aly. 16, Ln. 296, Pengyi Rd., Taiping Dist., Taichung City 41146, Taiwan (R.O.C.)","游O華","04-2277-8892","04-2276-6220","有","有"
"79997893","20190223","20210813","嘉玟有限公司","Jiayu Pan Co., Ltd.","新北市永和區保安路5號","No. 5, Bao’an Rd., Yonghe Dist., New Taipei City 23442, Taiwan (R.O.C.)","潘O榮","02-28816501","02-29747646","有","有"
"79997916","20020730","20210815","英璨國際貿易有限公司","POPOGO INTERNATIONAL TRADING CO., LTD.","臺南市北區開元里北園街124巷10弄72號1樓","1 F., No. 72, Aly. 10, Ln. 124, Beiyuan St., Kaiyuan Vil., North Dist., Tainan City 70463, Taiwan (R.O.C.)","方O茂","06-2366097","06-2340507","有","有"
"79997937","20050421","20210813","豐羿國際有限公司","JIN-LIEN--FONG INTERNATIONAL CO., LTD.","臺中市北區錦中街5號1樓","1 F., No. 5, Jinzhong St., North Dist., Taichung City 40445, Taiwan (R.O.C.)","熊O勍","04-22383583","04-22381072","有","有"
"79997958","20030103","20210814","昇揚諮詢顧問有限公司","SUNTECH INTERNATIONAL CONSULTANTS CO., LTD.","臺南市北區海安路三段135巷123弄32號","No. 32, Aly. 123, Ln. 135, Sec. 3, Hai’an Rd., North Dist., Tainan City 70458, Taiwan (R.O.C.)","楊O毅","06-2588576","06-3586921","有","有"
"79997985","20020809","20241212","信義興製材有限公司","SIN YEE SHIN WORKSHOP CO., LTD.","屏東縣新園鄉五房村龍洲路45號","No. 45, Longzhou Rd., Xinyuan Township, Pingtung County 93241, Taiwan (R.O.C.)","龔O清","07-8690865","07-8690852","有","有"
"79998008","20110831","20210812","聯兆國際科技股份有限公司","LIAN JAOH INTERNATIONAL TECHNOLOGY CO., LTD.","高雄市左營區新莊一路31號","No. 31, Xinzhuang 1st Rd., Zuoying Dist., Kaohsiung City 81356, Taiwan (R.O.C.)","劉O慧","07-3590089","07-3591039","有","有"
"79998020","20020722","20230320","力成開發股份有限公司","APA INTERNATIONAL CO., LTD.","新北市板橋區文化路2段182巷3弄70號16樓","16 F., No. 70, Aly. 3, Ln. 182, Sec. 2, Wenhua Rd., Banqiao Dist., New Taipei City 220477, Taiwan (R.O.C.)","黃O麟","02-8252-2748","02-8252-2747","無","無"
"79998083","20020719","20210812","飛翔科技有限公司","F-LINE TECHNOLOGY CO., LTD.","基隆市中山區西定路83號","No. 83, Xiding Rd., Zhongshan Dist., Keelung City 20349, Taiwan (R.O.C.)","黃O宗","02-86476858","02-86476556","有","有"
"79998099","20130902","20210813","金特利清潔科技有限公司","GENTLI  GREEN  CLEANING  EQUIPMENT CO.  LTD.","臺中市南區光輝一街81號1樓","1 F., No. 81, Guanghui 1st St., South Dist., Taichung City 40244, Taiwan (R.O.C.)","洪O欽","04-23752882","04-23751882","有","有"
"79998149","20190429","20210815","揚泰瀝青股份有限公司","YANG TAI ASPHALT CO., LTD.","臺中市梧棲區港埠路一段229號","No. 229, Sec. 1, Gangbu Rd., Wuqi Dist., Taichung City 43546, Taiwan (R.O.C.)","李O培","04-26151221","04-26151700","有","有"
"79998324","20020828","20230718","竹灃股份有限公司","CHIEF FORCE INTERNATIONAL CORPORATION","新竹市東區復中里民生路196號4樓之2","4 F.-2, No. 196, Minsheng Rd., Fuzhong Vil., East Dist., Hsinchu City 300194, Taiwan (R.O.C.)","戴O芬","03-5355269","03-5439119","有","有"
"79998339","20021021","20210813","柏諺有限公司","BO YAN CO., LTD.","臺中市東區振興里振興路75號","No. 75, Zhenxing Rd., Zhenxing Vil., East Dist., Taichung City 40152, Taiwan (R.O.C.)","江O宣","04-22803998","04-22834358","有","有"
"79998393","20051028","20210813","永達環保實業有限公司","YEONG DAR ENVIRONMENTAL PROTECTION ENTERPRISE CO., LTD.","臺南市安南區新順里安豐六街10巷71弄26號1樓","1 F., No. 26, Aly. 71, Ln. 10, Anfeng 6th St., Xinshun Vil., Annan Dist., Tainan City 70945, Taiwan (R.O.C.)","李O明","06-2559764","06-2556626","有","有"
"79998422","20090630","20210815","益然國際股份有限公司","EY.RAN. INTERNATIONAL CO., LTD.","新北市土城區裕生路21巷6弄33號5樓","5 F., No. 33, Aly. 6, Ln. 21, Yusheng Rd., Tucheng Dist., New Taipei City 23660, Taiwan (R.O.C.)","蔡O元","02-29581228","02-29580846","有","有"
"79998443","20020730","20230919","益世科細胞科技股份有限公司","ESCO Bioengineering CO., LTD.","臺中市南屯區工業區二十路36號1樓","1 F., No. 36, 20th Road, Taichung Industrial Park,, Taichung City 408019, Taiwan (R.O.C.)","張O明","04-23507130","04-23507791","有","有"
"79998513","20031201","20210815","矽通微電子股份有限公司","CTONE TSOC CO., LTD.","臺中市沙鹿區自立路198巷105號","No. 105, Ln. 198, Zili Rd., Shalu Dist., Taichung City 43347, Taiwan (R.O.C.)","廖O棋","04-2253-7828","","有","有"
"79998555","20020725","20230111","鴻聯開發有限公司","QUALINK INTERNATIONAL CO.,LTD.","新北市泰山區義學里公園路31巷1號4樓","4 F., No. 1, Ln. 31, Gongyuan Rd., Yixue Vil., Taishan Dist., New Taipei City 243086, Taiwan (R.O.C.)","沈O芬","02-22972491","","無","無"
"79998561","20070426","20230706","環龍科技有限公司","FOYSE INDUSTRIAL LTD.","臺中市龍井區新庄里新庄街一段臨204號1樓","1 F., No. 204, Sec. 1, Xinzhuang St., Xinzhuang Vil., Longjing Dist., Taichung City 434019, Taiwan (R.O.C.)","黃O雯","04-26313432","","無","無"
"79998582","20020816","20210814","重燁實業有限公司","CHUNGYEH ENTERPRISE CO., LTD.","臺南市仁德區保安里二一鄰文賢一街一巷二號","No. 2, Ln. 1, Wenxian 1st St., 21th Neighborhood, Bao’an Vil., Rende Dist., Tainan City 71755, Taiwan (R.O.C.)","洪O生","06-2666585","06-2668085","有","有"
"79998648","20040304","20210814","固得力企業有限公司","GOODLY CHEMICAL INDUSTRIES CO., LTD.","桃園市桃園區中埔五街26號6樓","6 F., No. 26, Zhongpu 5th St., Taoyuan Dist., Taoyuan City 33045, Taiwan (R.O.C.)","錢O月","03-3259687","","有","有"
"79998859","20020808","20240327","全控自動化有限公司","OMNITUDE AUTOMATION CO., LTD.","澎湖縣馬公市朝陽里光復路148巷3號3樓","3 F., No. 3, Ln. 148, Guangfu Rd., Chaoyang Vil., Magong City, Penghu County 880006, Taiwan (R.O.C.)","汪O桔","04-7522719","04-7522724","有","有"
"79998865","20020729","20230714","碩鴻貿易股份有限公司","SHYR HURNG TRADE CO., LTD.","臺中市南屯區文山里精科一路3號2樓","2 F., No. 3, Jingke 1st Rd., Wenshan Vil., Nantun Dist., Taichung City 408018, Taiwan (R.O.C.)","王O鴻","04-23503788","04-23502566","有","有"
"79998892","20020802","20230113","耀明電子有限公司","NEW MULTICOM TRONIC COMPANY","臺南市永康區東橋里東橋一路376號1樓","1 F., No. 376, Dongqiao 1st Rd., Dongqiao Vil., Yongkang Dist., Tainan City 710043, Taiwan (R.O.C.)","江O謙","06-2036526","06-2024740","有","有"
"79998942","20040323","20250223","兆翔不銹鋼股份有限公司","CHAO HSIANG STAINLESS STEEL CO., LTD.","桃園市桃園區忠義里大業路1段8號1樓之2","1 F.-2, No. 8, Sec. 1, Daye Rd., Zhongyi Vil., Taoyuan Dist., Taoyuan City 330018, Taiwan (R.O.C.)","蕭O倫","03-3810631","03-3812345","有","有"
"79998990","20130916","20210814","薪協錩有限公司","SHIN SHIE CHANG CO., LTD","臺中市神岡區庄後里中車路54號","No. 54, Zhongche Rd., Zhuanghou Vil., Shengang Dist., Taichung City 42952, Taiwan (R.O.C.)","王O雀","04-25623760","04-25616118","有","有"
"79999029","20020722","20230621","金伯克有限公司","KEENPACK ENTERPRISE CO., LTD.","新北市板橋區國慶路133號4樓","4 F., No. 133, Guoqing Rd., Banqiao Dist., New Taipei City 220063, Taiwan (R.O.C.)","","02-82262836","02-82262838","無","無"
"79999175","20070511","20210815","賀伯拉斯實業有限公司","HE-BO-LA-SIH CO., LTD.","雲林縣虎尾鎮東仁里正義路55號1樓","1 F., No. 55, Zhengyi Rd., Dongren Vil., Huwei Township, Yunlin County 63244, Taiwan (R.O.C.)","林O裕","05-6327829","05-6336857","有","有"
"79999225","20050609","20211026","可達雅企業有限公司","KEE TAH YEA CO., LTD.","臺中市梧棲區福德里忠義路152巷39號1樓","1 F., No. 39, Ln. 152, Zhongyi Rd., Fude Vil., Wuqi Dist., Taichung City 43550, Taiwan (R.O.C.)","陳O汝","04-26201287","04-26201755","有","有"
"79999251","20080515","20210813","廣能機械廠有限公司","KUANG NENG MACHINE FACTORY CO., LTD.","臺中市太平區新坪里14鄰新平路三段387巷7弄12號1樓","1 F., No. 12, Aly. 7, Ln. 387, Sec. 3, Xinping Rd., 14th Neighborhood, Xinping Vil., Taiping Dist., Taichung City 41155, Taiwan (R.O.C.)","楊O明","04-23915075","04-23913334","無","無"
"79999301","20021018","20210813","泰順國際有限公司","TAI-SHUN INTERNATIONAL CO., LTD.","臺中市太平區永豐路131巷16號1樓","1 F., No. 16, Ln. 131, Yongfeng Rd., Taiping Dist., Taichung City 41143, Taiwan (R.O.C.)","黃O惠","04-22778977","04-22703985","有","有"
"79999359","20020812","20220926","桎沅貿易有限公司","RICO PARTS INC.","臺南市東區崇明里中華東路3段399巷21弄8號1樓","1 F., No. 8, Aly. 21, Ln. 399, Sec. 3, Zhonghua E. Rd., Chongming Vil., East Dist., Tainan City 701027, Taiwan (R.O.C.)","柯O淇","06-2672168","06-2673795","無","無"
"79999392","20020725","20230504","聯霸國際股份有限公司","LANBAH INTERNATIONAL CO., LTD.","嘉義縣朴子市大葛里祥和三路西段157號1樓","1 F., No. 157, Sec. W., Xianghe 3rd Rd., Dage Vil., Puzi City, Chiayi County 613016, Taiwan (R.O.C.)","陳O憲","05-2715852","05-2715853","有","有"
"79999409","20031027","20230102","庭軒國際有限公司","YHL INTERNATIONAL CO., LTD.","臺中市沙鹿區興安里沙田路101號","No. 101, Shatian Rd., Xing’an Vil., Shalu Dist., Taichung City 433103, Taiwan (R.O.C.)","林O華","04-26368508","04-26368509","無","無"
"79999415","20020805","20240103","仕曜實業股份有限公司","SURVEX CORPORATION","臺中市北區崇德路一段631號7樓之1","7 F.-1, No. 631, Sec. 1, Chongde Rd., North Dist., Taichung City 404511, Taiwan (R.O.C.)","陳O良","04-22380098","04-22381066","有","有"
"79999442","20111011","20210813","軒煒企業股份有限公司","HSUEN WEI ENTERPRISE CO., LTD.","桃園市觀音區樹林里經建四路5號","No. 5, Jingjian 4th Rd., Shulin Vil., Guanyin Dist., Taoyuan City 32853, Taiwan (R.O.C.)","邱O評","03-4833027","03-4833054","有","有"
"79999490","20020726","20210812","澎達精密工業有限公司","PANTHER PRECISION TOOLS SDN., BHD. CO., LTD.","臺北市大安區樂業街41巷22號","No. 22, Ln. 41, Leye St., Da’an Dist., Taipei City 10675, Taiwan (R.O.C.)","姚O雲","02-26948069","02-86933449","有","有"
"79999512","20021101","20210814","沐星科技有限公司","ASIA CONTACT PROBES CO.,  LTD.","新北市鶯歌區建國路367巷20號","No. 20, Ln. 367, Jianguo Rd., Yingge Dist., New Taipei City 23943, Taiwan (R.O.C.)","呂O宗","02-26705993","02-26773312","有","有"
"79999581","20020830","20221222","文賀實業股份有限公司","WEN HO INDUSTRIAL CO., LTD.","臺北市內湖區瑞光路258巷55號4樓","4 F., No. 55, Ln. 258, Ruiguang Rd., Neihu Dist., Taipei City 114062, Taiwan (R.O.C.)","李O傑","04-8528984","04-8532968","有","有"
"79999647","20030515","20210815","緹爾斯國際股份有限公司","TIERCE INTERNATIONAL CO., LTD.","臺北市信義區松山路476號3樓","3 F., No. 476, Songshan Rd., Xinyi Dist., Taipei City 11076, Taiwan (R.O.C.)","呂O雄","02-87864310","02-87864312","有","有"
"79999652","20040830","20230330","益光機械木型有限公司","YIH GUANG MACHINE PATTERN MAKER CO., LTD.","臺南市安南區新順里新順里安通路二段1號1樓","1 F., No. 1, Sec. 2, Antong Rd., Xinshun Vil., Annan Dist., Tainan City 709005, Taiwan (R.O.C.)","吳O憲","06-3563276","06-3563279","無","無"
"79999689","20020722","20250104","發光輝國際企業有限公司","HKH STAR INTERNATIONAL ENTERPRISE CO., LTD.","臺北市信義區信義路4段413號11樓","11 F., No. 413, Sec. 4, Xinyi Rd., Xinyi Dist., Taipei City 110602, Taiwan (R.O.C.)","","02-2758-0751","02-2758-0882","無","無"
"79999724","20060518","20210815","得意中華食品有限公司","D.E. CHUNG HUA FOODS CO., LTD.","高雄市岡山區本洲工業區本工一路25號","No. 25, Bengong 1st Rd., Gangshan Dist., Kaohsiung City 82059, Taiwan (R.O.C.)","陳O卿","07-6229100","07-6227812","有","有"
"79999772","20190730","20240626","勁虹機電工程有限公司","power iris Electrical and Mechanical Engineering Co., Ltd.","臺中市大里區永隆里永隆路589號2樓","2 F., No. 589, Yonglong Rd., Yonglong Vil., Dali Dist., Taichung City 412018, Taiwan (R.O.C.)","邱O芳","04-22800888","","有","有"
"79999956","20060922","20231027","見晨電子有限公司","JIAN-CHEN ELECTRONIC CORP.","新竹縣湖口鄉和興村和興路117號","No. 117, Hexing Rd., Hexing Vil., Hukou Township,  Hsinchu County 303101, Taiwan (R.O.C.)","劉O鴛","03-5997170","03-5991752","有","有"
