"統一編號","原始登記日期","核發日期","廠商中文名稱","廠商英文名稱","中文營業地址","英文營業地址","代表人","電話號碼","傳真號碼","進口資格","出口資格"
"45000547","20180305","20240722","華侖生技股份有限公司","VIOLIN BIOTECH CO., LTD.","臺北市北投區北投路二段9號9樓之1","9 F.-1, No. 9, Sec. 2, Beitou Rd., Beitou Dist., Taipei City 112028, Taiwan (R.O.C.)","蔡O滿","02-28937197","02-28937196","有","有"
"45000618","20160714","20210813","恩凱崴有限公司","COMMUNIWAY CO., LTD.","臺北市信義區光復南路495號2樓之1","2F.-1, No. 495, Guangfu S. Rd., Xinyi Dist., Taipei City 11074, Taiwan (R.O.C.)","胡O璇","02-29325868","02-29325868","有","有"
"45000856","19930819","20210813","世雅實業有限公司","SI YA INDUSTRIAL CO., LTD.","桃園市中壢區環北路409號","No. 409, Huanbei Rd., Zhongli Dist., Taoyuan City 32070, Taiwan (R.O.C.)","呂O仁","03-4528101-3","","有","有"
"45001010","20220106","20240709","樂雲智能股份有限公司","Leyun Inc.","臺北市內湖區瑞光路408號8樓之2","8F.-2, NO. 408, RUIGUANG RD., NEIHU DIST., TAIPEI CITY 11492, TAIWAN (R.O.C.)","張O儒","02-77220055","","有","有"
"45001356","20161111","20231123","優創國際開發股份有限公司","UNITED CREATION INTERNATIONAL DEVELOPMENT CO., LTD.","宜蘭縣宜蘭市小東路13之10號5樓","5 F., No. 13-10, Xiaodong Rd., Yilan City, Yilan County 260002, Taiwan (R.O.C.)","蔣O宇","02-2715-7563","02-2715-7506","有","有"
"45001671","19950619","20250219","億大工業有限公司","Y. T. YI TA INDUSTRIAL CO., LTD.","桃園市新屋區社子里1鄰1之12號","No. 1-12, Shezi, 1st Neighborhood, Shezi Vil., Xinwu Dist., Taoyuan City 32746, Taiwan (R.O.C.)","","03-4772919","03-4772389","無","無"
"45001898","20160718","20210815","皇剛國際股份有限公司","SUPERCLAMP ENTERPRISE CO., LTD.","臺北市松山區三民路166巷9號2樓","2 F., No. 9, Ln. 166, Sanmin Rd., Songshan Dist., Taipei City 10592, Taiwan (R.O.C.)","邱O俊愷","02-27670739","","有","有"
"45002117","20160718","20240814","普斯特科技有限公司","PROSTRANT TECHNOLOGY CO., LTD.","新北市永和區中和路499號2樓","2 F., No. 499, Zhonghe Rd., Yonghe Dist., New Taipei City 234617, Taiwan (R.O.C.)","李O銘","02-29231783","02-29231801","有","有"
"45002637","19840813","20210813","友麗工業有限公司","UNIQUE PRETTY IND. CO., LTD.","新北市樹林區武林街7號","No. 7, Wulin St., Shulin Dist., New Taipei City 23876, Taiwan (R.O.C.)","陳O田","02-26822131","02-26818738","有","有"
"45002643","20160727","20241122","創伊有限公司","ZENITH WORLD TRADING LTD.","臺北市中山區建國北路2段33號7樓之4","7 F.-4, No. 33, Sec. 2, Jianguo N. Rd., Zhongshan Dist., Taipei City 104482, Taiwan (R.O.C.)","周O英","02-25162375","02-2516-7069","有","有"
"45002778","20160722","20230711","永昇國際股份有限公司","VINCENITY INTERNATIONAL CO., LTD.","新北市三重區重新路1段84號（3樓）","3F., No. 84, Sec. 1, Chongxin Rd., Sanchong Dist.,  New Taipei City 241001, Taiwan (R.O.C.)","陳O昇","03-2115877","03-3281848","有","有"
"45002828","20160715","20220712","小心股份有限公司","Little Sweetheart Corporation","臺北市信義區光復南路495號8樓之5","8 F.-5, No. 495, Guangfu S. Rd., Xinyi Dist., Taipei City 110007, Taiwan (R.O.C.)","陳O鈞","02-27588089","","有","有"
"45002849","20160825","20241211","集鷹國際股份有限公司","FLYING UNICORN INVESTMENT LIMITED","臺北市大安區敦化南路2段1號6樓","6 F., No. 1, Sec. 2, Dunhua S. Rd., Da'an Dist., Taipei City 106045, Taiwan (R.O.C.)","李O哲","02-24685834","02-8712-2670","有","有"
"45002897","20160719","20210814","祥品生物科技有限公司","SHINEPIN BIOTECH CO., LTD.","臺北市大安區通化街267巷5之1號","No. 5-1, Ln. 267, Tonghua St., Da’an Dist., Taipei City 10677, Taiwan (R.O.C.)","孫O震","02-27369291","02-27368904","有","有"
"45002910","20140612","20200909","國家中山科學研究院","NATIONAL CHUNG SHAN INSTITUTE OF SCIENCE AND TECHNOLOGY","桃園市龍潭區中正路佳安段４８１號","NO.481,CHIA AN SEC., CHUNG CHENG RD., LONGTAN DIST., TAOYUAN CITY 325, TAIWAN (R.O.C.)","張O誠","03-4712201","03-4711494","有","有"
"45003116","19981001","20210811","大統彩色照相製版社","TA TOONG PHOTOGRAPH CO.","桃園市中壢區新明里中新路３０號１樓","1 F., No. 30, Zhongxin Rd., Xinming Vil., Zhongli Dist., Taoyuan City 32046, Taiwan (R.O.C.)","張O穎","","","有","有"
"45003256","20230325","20230325","馬可達國際物流有限公司","Macada International Logistics CO., LTD.","臺北市大同區南京西路163號2樓之91","2 F.-91, No. 163, Nanjing W. Rd., Datong Dist., Taipei City 103008, Taiwan (R.O.C.)","柯O蘭","02-2785-6758","","有","有"
"45003538","20160719","20220730","波達利企業有限公司","WIDE PROFIT CO., LTD.","桃園市中壢區青雲路100號八樓之3","8 F.-3, No. 100, Qingyun Rd., Zhongli Dist., Taoyuan City 320016, Taiwan (R.O.C.)","吳O華","03-2871338","","有","有"
"45003609","20020530","20210814","九和氣體有限公司","CHIU HO GAS CO., LTD.","桃園市中壢區仁義里普義路192巷11號1樓","1 F., No. 11, Ln. 192, Puyi Rd., Renyi Vil., Zhongli Dist., Taoyuan City 32084, Taiwan (R.O.C.)","賴O鎮","","","有","有"
"45003848","20170531","20210814","興昌億有限公司","STRONGYI INTERNATIONAL CO., LTD.","臺北市士林區通河東街2段10巷5弄3號1樓","1 F., No. 3, Aly. 5, Ln. 10, Sec. 2, Tonghe E. St., Shilin Dist., Taipei City 11169, Taiwan (R.O.C.)","詹O杭","02-28311939","02-28311938","有","有"
"45003919","20180718","20230517","秋璐行銷顧問有限公司","CLX business development Co., Ltd.","新北市三重區正義北路154號6樓","6 F., No. 154, Zhengyi N. Rd., Sanchong Dist., New Taipei City 241659, Taiwan (R.O.C.)","鄭O崇","02-27212778#21","02-27719186","有","有"
"45003925","20160720","20221106","翔恩特殊材料有限公司","SEAN MATERIAL CO., LTD.","臺北市中山區雙城街19巷8號3樓之2","3 F.-2, No. 8, Ln. 19, Shuangcheng St., Zhongshan Dist., Taipei City 104039, Taiwan (R.O.C.)","宋O義","02-25991662","","無","無"
"45004086","20160805","20230527","台灣創速股份有限公司","TAIWAN ACCELERATOR INC.","臺北市中正區許昌街42號8樓","8 F., No. 42, Xuchang St., Zhongzheng Dist., Taipei City 100008, Taiwan (R.O.C.)","余O文","02-25585055","02-25581711","有","有"
"45004781","20160715","20250319","台灣帝碧物流有限公司","D.B. GROUP LOGISTICS (TAIWAN) LTD.","臺北市中山區南京東路2段100號10樓","10 F., No. 100, Sec. 2, Nanjing E. Rd., Zhongshan Dist., Taipei City 10457, Taiwan (R.O.C.)","DOBORTOLINICOLA","02-25212323","02-25210323","有","有"
"45005141","19970822","20210815","鶴齡電子企業有限公司","HALO ELECTRONIC ENTERPRISES CO., LTD.","臺北市中山區中山北路1段121巷27號2樓","2 F., No. 27, Ln. 121, Sec. 1, Zhongshan N. Rd., Zhongshan Dist., Taipei City 10446, Taiwan (R.O.C.)","蔡O明","03-3554659","03-3557695","有","有"
"45005445","20160721","20210813","町影科技股份有限公司","DIING, INC.","臺北市大安區敦化南路2段200巷18號11樓","11 F., No. 18, Ln. 200, Sec. 2, Dunhua S. Rd., Da’an Dist., Taipei City 10669, Taiwan (R.O.C.)","古O芳","0922095409","","有","有"
"45005493","20160810","20250527","三環創新科技股份有限公司","TRISPHERE INNOVATIVE TECHNOLOGY LTD.","臺北市大同區甘谷街26號5樓","5 F., No. 26, Gangu St., Datong Dist., Taipei City 103012, Taiwan (R.O.C.)","姚O基","02-2659-9119","02-2659-9118","有","有"
"45005542","20160715","20210813","台灣清真食品有限公司","TAIWAN HALAL FOOD CO., LTD.","新竹縣竹北市隘口里復興二路229號4樓之1","4F.-1, No. 229, Fuxing 2nd Rd., Aikou Vil., Zhubei City, Hsinchu County 30271, Taiwan (R.O.C.)","沙O","03-6673823","03-6673923","有","有"
"45005677","20160812","20250320","米力國際物流有限公司","MILLI LOGISTICS CO., LTD.","臺北市中山區民權東路2段46號7樓","7 F., No. 46, Sec. 2, Minquan E. Rd., Zhongshan Dist., Taipei City 10469, Taiwan (R.O.C.)","","02-25678731","02-25677831","無","無"
"45005753","20170110","20210815","台灣威仕運動事業股份有限公司","TAIWAN WELLNESS INNOVATION CO., LTD.","新北市汐止區新台五路1段93號27樓之6","27F.-6, No. 93, Sec. 1, Xintai 5th Rd., Xizhi Dist., New Taipei City 22175, Taiwan (R.O.C.)","奧O辰平","02-26973989","","有","有"
"45006015","20160726","20210814","洞見管理顧問有限公司","FUTURE VISION MANAGEMENT CONSULTING CO., LTD.","新北市汐止區新台五路1段99號19樓","19 F., No. 99, Sec. 1, Xintai 5th Rd., Xizhi Dist., New Taipei City 22175, Taiwan (R.O.C.)","吳O玥","03-3469223","","有","有"
"45006351","20200204","20250426","金湛媒體科技股份有限公司","Golden Best Media Technology co.,Ltd.","臺北市信義區忠孝東路5段484號2樓","13F.-2, No. 482, Sec. 5, Zhongxiao E. Rd., Xinyi Dist., Taipei City 11083, Taiwan (R.O.C.)","林O甫","02-23461515","","有","有"
"45006845","20160720","20230712","廣德國際有限公司","KONGTAK INTERNATIONAL COMPANY LIMITED","新北市中和區中正路916號5樓","5 F., No. 916, Zhongzheng Rd., Zhonghe Dist., New Taipei City 235015, Taiwan (R.O.C.)","葉O","02-22289328","02-22289938","有","有"
"45006900","20021009","20250221","全佳科技股份有限公司","ALLWARE TECHNOLOGY CORP.","桃園市中壢區新興里金山街9號(2樓)","2 F., No. 9, Jinshan St., Xinxing Vil., Zhongli Dist., Taoyuan City 320058, Taiwan (R.O.C.)","李O昶","03-4963568","03-4963497","有","有"
"45007008","20160719","20240730","捷司科技有限公司","JUSYSTEK CO., LTD.","臺北市內湖區民權東路6段11巷37號2樓","2 F., No. 37, Ln. 11, Sec. 6, Minquan E. Rd., Neihu Dist., Taipei City 11494, Taiwan (R.O.C.)","","02-25160356","","無","無"
"45007062","19860423","20230218","鼎特實業股份有限公司","DING TEH INDUSTRIAL CO., LTD.","桃園市中壢區中央里中山路88號16樓","16 F., No. 88, Zhongshan Rd., Zhongyang Vil., Zhongli Dist., Taoyuan City 320676, Taiwan (R.O.C.)","陳O為","03-4907566","03-4905178","無","無"
"45007318","20160818","20210813","台灣商務通國際有限公司","TAIWAN COMMERCE ONE LIMITED","臺北市中山區松江路122號11樓","11 F., No. 122, Songjiang Rd., Zhongshan Dist., Taipei City 10457, Taiwan (R.O.C.)","袁O蘭（YUENSOLAN）","02-25210710#575","25210720","有","有"
"45007990","20070706","20210815","佩文企業有限公司","PEI WEN ELECTRICAL CO., LTD.","桃園市平鎮區廣達里廣達街87巷40號","No. 40, Ln. 87, Guangda St., Guangda Vil., Pingzhen Dist., Taoyuan City 32446, Taiwan (R.O.C.)","鄭O翼","03-4925292","03-4929816","有","有"
"45008007","20070802","20210814","鋐億實業有限公司","HONG YI ENVIRONMENTAL CO., LTD.","桃園市楊梅區四維里四維路141號2樓","2 F., No. 141, Siwei Rd., Siwei Vil., Yangmei Dist., Taoyuan City 32644, Taiwan (R.O.C.)","羅O明","03-4820909","03-4819625","有","有"
"45008061","20180115","20210813","金緻股份有限公司","JZ FUN CO., LTD","臺北市松山區八德路2段346巷3弄6號、6之1號","No. 6, Aly. 3, Ln. 346, Sec. 2, Bade Rd., Songshan Dist., Taipei City 10556, Taiwan (R.O.C.)","顏OO","02-27150488","02-27164188","有","有"
"45008175","20170117","20210815","大鼎工程顧問股份有限公司","COPOWER ENGINEERING CONSULTANTS INC.","臺北市中山區吉林路393巷22號2樓","2 F., No. 22, Ln. 393, Jilin Rd., Zhongshan Dist., Taipei City 10470, Taiwan (R.O.C.)","王O輝","02-2592-6882","","有","有"
"45008490","20210416","20240412","大苑藝術會展有限公司","Formosa Art Fair Co., Ltd.","臺北市中山區長春路172號8樓之8","8 F.-8, No. 172, Changchun Rd., Zhongshan Dist., Taipei City 104482, Taiwan (R.O.C.)","張O孔","02-25780259#9","02-25780219","有","有"
"45008750","20160721","20210813","墨縷有限公司","ZHI ZHI CO., LTD.","臺北市南港區研究院路2段190號2樓","2 F., No. 190, Sec. 2, Academia Rd., Nangang Dist., Taipei City 11572, Taiwan (R.O.C.)","王O梅","0937080407","","有","有"
"45008983","20160718","20250104","優納比網路股份有限公司","UNABIZ NETWORK CO., LTD.","","","","","","無","無"
"45009033","20160721","20221028","好棒股份有限公司","HAU BANG CO., LTD.","臺北市大同區承德路2段75巷11號2樓","2 F., No. 11, Ln. 75, Sec. 2, Chengde Rd., Datong Dist., Taipei City 103017, Taiwan (R.O.C.)","張O如","","","有","有"
"45009174","19900110","20210815","伯明工業有限公司","BO MIN INDUSTRY CO., LTD.","桃園市觀音區廣福里大福路88巷39號","No. 39, Ln. 88, Dafu Rd., Guangfu Vil., Guanyin Dist., Taoyuan City 328, Taiwan (R.O.C.)","楊O棋","03-4981405","03-4984952","有","有"
"45009408","19920428","20210903","恒青機電有限公司","HENG CHING ENGINEERING CO., LTD.","桃園市中壢區南園路6號","No. 6, Nanyuan Rd., Zhongli Dist., Taoyuan City 32063, Taiwan (R.O.C.)","簡O海","03-4623766","03-4623767","有","有"
"45009548","20160721","20210813","全麥有限公司","CHIUAN MAI CO., LTD.","臺北市松山區南京東路4段25號2樓之1","2F.-1, No. 25, Sec. 4, Nanjing E. Rd., Songshan Dist., Taipei City 10550, Taiwan (R.O.C.)","陳O佑","0922-154249","","有","有"
"45009673","20160718","20210814","大醫國際健康管理顧問有限公司","DMU MEDICAL CONSULTING CO., LTD.","臺北市大安區和平東路2段18巷13弄2號4樓","4 F., No. 2, Aly. 13, Ln. 18, Sec. 2, Heping E. Rd., Da’an Dist., Taipei City 10662, Taiwan (R.O.C.)","楊O榮","02-25210710#575","25210720","有","有"
"45009701","20160809","20221115","鍵科有限公司","KEYPAD TECHNOLOGY COMPANY LIMITED","桃園市蘆竹區大興路20巷21弄13號","No. 13, Aly. 21, Ln. 20, Daxing Rd., Luzhu Dist., Taoyuan City 338024, Taiwan (R.O.C.)","張O旂","0939719948","","有","有"
"45009884","20210927","20221117","吉富工坊有限公司","JIFU WORKSHOP CO., LTD.","臺北市北投區致遠一路2段42號","No. 42, Sec. 2, Zhiyuan 1st Rd., Beitou Dist., Taipei City 112049, Taiwan (R.O.C.)","林O成","0954083221","","有","有"
"45010019","19841015","20210815","台灣昌其股份有限公司","TAIWAN CHUNKY G.P. FARM CO., LTD.","桃園市楊梅區民安路二巷110號","No. 110, Ln. 2, Min’an Rd., Yangmei Dist., Taoyuan City 32663, Taiwan (R.O.C.)","戴O桂","034-723800","","有","有"
"45010138","20160722","20240131","寶島陽光再生能源股份有限公司","FORMOSA SOLAR RENEWABLE POWER CO., LTD.","臺北市大安區仁愛路3段136號10樓","10 F., No. 136, Sec. 3, Ren’ai Rd., Da’an Dist., Taipei City 106465, Taiwan (R.O.C.)","郭O基","","","有","有"
"45010658","20161107","20211006","雅朔佑航股份有限公司","ARSnav Inc.","新北市中和區中山路2段386號4樓","4 F., No. 386, Sec. 2, Zhongshan Rd., Zhonghe Dist., New Taipei City 23557, Taiwan (R.O.C.)","童O達","02-89193306","02-89193306","有","有"
"45010876","19830407","20230205","新恆股份有限公司","SHIN HERNG GEAR MANUFACTURING CO., LTD.","桃園市八德區廣福路773號","No. 773, Guangfu Rd., Bade Dist., Taoyuan City 334020, Taiwan (R.O.C.)","許O國","03-3672199","03-3672152","有","有"
"45011024","20160725","20210813","奧羅拉運動科技有限公司","AURORA SPORT TECHNOLOGY CO., LTD.","臺北市中正區重慶南路3段161號9樓之1","9F.-1, No. 161, Sec. 3, Chongqing S. Rd., Zhongzheng Dist., Taipei City 10083, Taiwan (R.O.C.)","黃O碧鳳","02-27675787","02-27615863","有","有"
"45011495","20180607","20250325","愛客旅國際旅行社股份有限公司","JIE ZHI CO., LTD.","臺北市大安區仁愛路4段33號11樓之1","11 F.-1, No. 33, Sec. 4, Ren'ai Rd., Da'an Dist., Taipei City 106073, Taiwan (R.O.C.)","葉O瑋","02-26595725","","有","有"
"45011690","19980929","20210813","煒大機械工程有限公司","WEI TA MECHANICAL ENTERPRISE CO., LTD.","桃園市平鎮區義興里育英路2號","No. 2, Yuying Rd., Yixing Vil., Pingzhen Dist., Taoyuan City 32446, Taiwan (R.O.C.)","徐O緝","03-4931559","03-4938561","有","有"
"45011782","19830702","20210814","千如電機工業股份有限公司","ABC TAIWAN ELECTRONICS CORP.","桃園市楊梅區水美里楊湖路1段422號","No. 422, Sec. 1, Yanghu Rd., Shuimei Vil., Yangmei Dist., Taoyuan City 32662, Taiwan (R.O.C.)","徐O恩","03-4788088","03-4755503","有","有"
"45011853","20160808","20220413","榮佑科技股份有限公司","DIAMOND INNOTECH CO., LTD.","臺北市信義區祥雲街13號之1地下","No. 13-1, Xiangyun St., Xinyi Dist., Taipei City 11091, Taiwan (R.O.C.)","彭O光","02-27009728","02-27009728","有","有"
"45012213","20160901","20210815","創世紀餐飲管理顧問有限公司","GENESIS FOOD & BEVERAGE CONSULTING CO., LTD.","新北市新莊區新北大道3段3號6樓","6 F., No. 3, Sec. 3, New Taipei Blvd., Xinzhuang Dist., New Taipei City 24250, Taiwan (R.O.C.)","吳O賢","02-77092600","","有","有"
"45012522","20170829","20210814","貝拉國際時尚股份有限公司","BELLA IN STYLE INTL. CO., LTD.","臺北市中正區紹興北街35號2樓之1","2F.-1, No. 35, Shaoxing N. St., Zhongzheng Dist., Taipei City 10049, Taiwan (R.O.C.)","蔡O晨","02-23221636","02-23222875","有","有"
"45012564","20160719","20221110","另一家有限公司","ANOTHER STUDIO CO., LTD.","臺北市松山區市民大道6段139號6樓之25","6 F.-25, No. 139, Sec. 6, Civic Blvd., Songshan Dist., Taipei City 105057, Taiwan (R.O.C.)","沈O","02-25953645","","無","無"
"45012831","20160906","20220907","向鈊企業有限公司","TRUST TOP ENTERPRISE CO., LTD.","新北市新店區民權路132號6樓","6 F., No. 132, Minquan Rd., Xindian Dist., New Taipei City 231023, Taiwan (R.O.C.)","陳O惠","02-25167279","02-25167220","有","有"
"45013043","20060127","20230420","金錨企業有限公司","KING MAO ENT. CO., LTD.","桃園市中壢區九和一街18號12樓之5","12 F.-5, No. 18, Jiuhe 1st St., Zhongli Dist., Taoyuan City 320685, Taiwan (R.O.C.)","范O羅惠美","03-4333488","03-4333499","無","無"
"45013281","20010717","20240424","啟峰消防企業有限公司","CHII FENG CO., LTD.","桃園市中壢區興和里新生路二段309巷7號","No. 7, Ln. 309, Sec. 2, Xinsheng Rd., Xinghe Vil., Zhongli Dist., Taoyuan City 32056, Taiwan (R.O.C.)","管O承","03-4525661","03-4521083","有","有"
"45013310","19880210","20210814","鑫逸實業有限公司","KUAN TI TSUN ENTERPRISE CO., LTD.","桃園市平鎮區平德路269號","No. 269, Pingde Rd., Pingzhen Dist., Taoyuan City 32452, Taiwan (R.O.C.)","郭O熾","03-4936151","03-4936145","有","有"
"45013395","20190716","20210815","諾瓦網絡科技股份有限公司","FiNO MARTECH CORP.","臺北市大安區忠孝東路4段162號9樓之1","9F.-1, No. 162, Sec. 4, Zhongxiao E. Rd., Da’an Dist., Taipei City 10688, Taiwan (R.O.C.)","陳O婷","02-27712220","","有","有"
"45013472","20160720","20210814","安卡司有限公司","ANKAS SPECIAL PURPOSE VEHICLES CO., LTD.","臺北市信義區信義路5段109號地下1樓","1 F., No. 109, Sec. 5, Xinyi Rd., Xinyi Dist., Taipei City 11075, Taiwan (R.O.C.)","張O安","0931-064922","","無","無"
"45013536","19920317","20210813","有信工業股份有限公司","YEOU SHINN DER INDUSTRIAL CO., LTD.","桃園市中壢區忠福里中福路二段2號","No. 2, Sec. 2, Zhongfu Rd., Zhongfu Vil., Zhongli Dist., Taoyuan City 32057, Taiwan (R.O.C.)","吳O志","03-4521857","","有","有"
"45013819","20160721","20210813","瑀航航空顧問有限公司","STARTING AVIATION CO., LTD.","臺北市內湖區內湖路1段405號","No. 405, Sec. 1, Neihu Rd., Neihu Dist., Taipei City 11444, Taiwan (R.O.C.)","丁O","02-27994966","","有","有"
"45013971","20161018","20210813","新興國際窗膜有限公司","SUN HING INNOVATION CO.","臺北市士林區劍潭路53號1樓","1 F., No. 53, Jiantan Rd., Shilin Dist., Taipei City 11167, Taiwan (R.O.C.)","王O志","02-28828989","","有","有"
"45014084","20160808","20210813","匯恆有限公司","FORT'E SPORTS CO., LTD.","臺北市內湖區基湖路35巷16號2樓之1","2F.-1, No. 16, Ln. 35, Jihu Rd., Neihu Dist., Taipei City 11492, Taiwan (R.O.C.)","陳O邦","02-26599222","02-26591407","有","有"
"45014535","20170331","20230614","鼎越能源股份有限公司","TOP SOLAR CO., LTD.","臺北市大安區建國南路2段320號2樓","2 F., No. 320, Sec. 2, Jianguo S. Rd., Da’an Dist., Taipei City 106026, Taiwan (R.O.C.)","黃O岑","02-23627777","","有","有"
"45014697","20171025","20210813","僑御企業有限公司","QIAO YU TECHNOLOGY CO., LTD.","臺北市大同區錦西街87巷8號3樓","3 F., No. 8, Ln. 87, Jinxi St., Datong Dist., Taipei City 10358, Taiwan (R.O.C.)","徐O峯","02-25575200","","有","有"
"45015393","20170109","20210814","聚祥有限公司","JU  SIAN  LTD.","臺北市中山區南京東路1段96號11樓","11 F., No. 96, Sec. 1, Nanjing E. Rd., Zhongshan Dist., Taipei City 10454, Taiwan (R.O.C.)","顏O嬌","02-25678800","","有","有"
"45015464","20160803","20230504","台灣山田養蜂場股份有限公司","YAMADA BEE TAIWAN INC.","臺北市中山區南京東路1段86號5樓","5 F., No. 86, Sec. 1, Nanjing E. Rd., Zhongshan Dist., Taipei City 10454, Taiwan (R.O.C.)","山O英生","02-25219277#227","02-25219278","有","有"
"45015669","20160726","20210813","晟暉投資有限公司","SHENG HUI CO., LTD.","臺北市信義區松山路119巷25號","No. 25, Ln. 119, Songshan Rd., Xinyi Dist., Taipei City 11088, Taiwan (R.O.C.)","許O宇","02-27485800","02-27485700","有","有"
"45015767","20160728","20230316","恩睿科技股份有限公司","ENRACK TECHNOLOGY INC.","臺北市南港區南港路1段209號10樓","10 F., No. 209, Sec. 1, Nangang Rd., Nangang Dist., Taipei City 115018, Taiwan (R.O.C.)","蔡O河","03-3289289#5807","03-3962222","有","有"
"45015859","20160721","20250620","大萬國際股份有限公司","BIG DOUBLE WON INTERNATIONAL CO., LTD.","臺北市信義區莊敬路404巷4號3樓","3F., No. 4, Ln. 404, Zhuangjing Rd., Xinyi Dist.,  Taipei City 110017, Taiwan (R.O.C.)","","02-27133450","02-26919588","無","無"
"45015957","20031001","20210811","協利青菓行","XIE LI CO.","桃園市中壢區五福里８鄰志欣路５５號","No. 55, Zhixin Rd., 8th Neighborhood, Wufu Vil., Zhongli Dist., Taoyuan City 32048, Taiwan (R.O.C.)","劉O陽","03-4930492","","有","有"
"45015979","20170505","20231027","佳盛電子有限公司","SAILWIND ELECTRONICS, INC.","臺北市文山區久康街24巷12號9樓","9 F., No. 12, Ln. 24, Jiukang St., Wenshan Dist., Taipei City 11649, Taiwan (R.O.C.)","","02-29378241","03-6675093","無","無"
"45016604","20160720","20231003","天羽國際有限公司","SKY FEATHER INTERNATIONAL LTD.","桃園市大園區竹圍里航翔路107號2樓W2036A室","Rm. W2036A, 2 F., No. 107, Hangxiang Rd., Zhuwei Vil., Dayuan Dist.,  Taoyuan City 337409, Taiwan (R.O.C.)","蘇O祿","0936258751","","無","無"
"45016858","20240327","20240327","微逗國際股份有限公司","Weido CO., LTD.","臺北市中山區南京東路2段20號11樓之4","11 F.-4, No. 20, Sec. 2, Nanjing E. Rd., Zhongshan Dist., Taipei City 104084, Taiwan (R.O.C.)","葉O輝","","","有","有"
"45016891","19951026","20210812","宏星製藥廠股份有限公司","HONG SHING PHARMACEUTICAL CO., LTD.","桃園市中壢區南園路1之1號","No. 1-1, Nanyuan Rd., Zhongli Dist., Taoyuan City 32063, Taiwan (R.O.C.)","温O宏","03-4521818","03-4624588","有","有"
"45017940","20160720","20210812","裕邦五金有限公司","ALCHEMIST HARDWARE CO., LTD.","臺北市內湖區堤頂大道1段327號3樓","3 F., No. 327, Sec. 1, Tiding Blvd., Neihu Dist., Taipei City 11494, Taiwan (R.O.C.)","洪O瑄","02-27915578","","有","有"
"45018053","20011025","20210815","慎億實業有限公司","SHEEN YEE ENTERPRISE CO., LTD.","桃園市中壢區元化路二段41號","No. 41, Sec. 2, Yuanhua Rd., Zhongli Dist., Taoyuan City 32086, Taiwan (R.O.C.)","陳O霖","03-4257181-3","03-4224629","有","有"
"45018075","20240205","20240205","偉同企業有限公司","Wei tung enterprise CO., LTD.","臺北市南港區研究院路2段12巷57弄68號1樓","1 F., No. 68, Aly. 57, Ln. 12, Sec. 2, Academia Rd., Nangang Dist., Taipei City 115014, Taiwan (R.O.C.)","周O桂","02-26482188","02-26919419","有","有"
"45018336","20160727","20210815","振弘國際股份有限公司","ZHEN-HONG INTERNATIONAL ENTERPRISE CO., LTD.","新北市中和區中正路932號6樓","6 F., No. 932, Zhongzheng Rd., Zhonghe Dist., New Taipei City 23586, Taiwan (R.O.C.)","李O昇","02-25234577","02-25423650","有","有"
"45018455","20170124","20240621","回饋網股份有限公司","SHOPBACK CO., LTD.","臺北市松山區南京東路4段1號8樓","8 F., No. 1, Sec. 4, Nanjing E. Rd., Songshan Dist., Taipei City 105609, Taiwan (R.O.C.)","COanOianYi","02-7751-6515","","有","有"
"45018531","19800313","20210825","名佳利金屬工業股份有限公司","MINCHALI METAL INDUSTRY CO., LTD.","桃園市中壢區中壢工業區北園路11號","No. 11, Beiyuan Rd., Zhongli Dist., Taoyuan City 32063, Taiwan (R.O.C.)","銓O科技股份有限公司","03-4526141-5","03-4529112","有","有"
"45018639","20160801","20240501","群康國際有限公司","QUN KANG INTERNATIONAL LIMITED","臺北市大同區昌吉街99巷4號1樓","1 F., No. 4, Ln. 99, Changji St., Datong Dist., Taipei City 10375, Taiwan (R.O.C.)","","0935558695","","無","無"
"45018835","19820322","20230330","銘盛工業股份有限公司","MING-SENG INDUSTRY CO., LTD.","桃園市中壢區中正里榮民路439號","No. 439, Rongmin Rd., Zhongzheng Vil., Zhongli Dist., Taoyuan City 320040, Taiwan (R.O.C.)","黃O彰","03-4551445","","有","有"
"45019074","20160721","20220714","內秋應智能科技股份有限公司","NATURINT LTD.","臺北市內湖區瑞光路318號4樓","4 F., No. 318, Ruiguang Rd., Neihu Dist., Taipei City 11492, Taiwan (R.O.C.)","陳O禎","","","有","有"
"45019341","20160819","20230331","天石諮詢有限公司","SKYROCK CONSULTING LTD.","臺北市士林區劍潭路37號1樓","1 F., No. 37, Jiantan Rd., Shilin Dist., Taipei City 111081, Taiwan (R.O.C.)","唐O傑THOMASSIMONGEORGE","0931324118","","無","無"
"45019362","20160729","20210814","豐禾貿易有限公司","FULLHER TRADING CO., LTD.","臺北市中山區松江路77巷2號8樓","8 F., No. 2, Ln. 77, Songjiang Rd., Zhongshan Dist., Taipei City 10486, Taiwan (R.O.C.)","陳O綝","0935829567","","有","有"
"45019406","19930217","20230102","巨豐煙火製造股份有限公司","CHU FENG TOY FIREWORKS MFG. CORP.","桃園市中壢區新中北路201號","No. 201, Xinzhong N. Rd., Zhongli Dist., Taoyuan City 320047, Taiwan (R.O.C.)","黃O海","037-754415","037-755671","無","無"
"45019428","20140205","20210813","東頤電機有限公司","DUNG YI MACHINERY CORP.","桃園市中壢區環西路79號","No. 79, Huanxi Rd., Zhongli Dist., Taoyuan City 32049, Taiwan (R.O.C.)","陳O杏","03-4912669","03-4920861","有","有"
"45019686","19800425","20210812","後大實業股份有限公司","HOMETOWN INDUSTRIAL CO., LTD.","新竹縣湖口鄉鳳凰村光復南路一○號","No. 10, Guangfu S. Rd., Hukou Township, Hsinchu County 30351, Taiwan (R.O.C.)","葉O生","03-5983324-5","03-5981902","有","有"
"45020419","19800620","20210815","瑞龍真珠股份有限公司","ZUEY LUNG PEARL CO., LTD.","桃園市中壢區水尾里新生路780號","No. 780, Xinsheng Rd., Shuiwei Vil., Zhongli Dist., Taoyuan City 32058, Taiwan (R.O.C.)","李O陽","03-4526438","02-23944431","有","有"
"45020430","19840705","20230606","和駿工業股份有限公司","DIVINE PILL INDUSTRIAL CO., LTD.","臺北市內湖區康寧路3段189巷73弄7號","No. 7, Aly. 73, Ln. 189, Sec. 3, Kangning Rd., Neihu Dist., Taipei City 114042, Taiwan (R.O.C.)","吳O耀","","","有","有"
"45021254","20180613","20240911","福詠發有限公司","FU YUNG FA CO., LTD.","臺北市中山區林森北路359號1樓","1 F., No. 359, Linsen N. Rd., Zhongshan Dist., Taipei City 104613, Taiwan (R.O.C.)","王O俞","02-77216680","02-25812005","有","有"
"45021424","20170301","20210813","聚聚科技有限公司","POLY POLY GAMES CO., LTD.","臺北市大安區信義路4段45號10樓之1","10F.-1, No. 45, Sec. 4, Xinyi Rd., Da’an Dist., Taipei City 10684, Taiwan (R.O.C.)","李O忻","02-2708-3307","","有","有"
"45021819","20110916","20210811","上湖工業社","SHANG HU INDUSTRIAL CO.","桃園市楊梅區上湖里楊湖路4段782號　","No. 782, Sec. 4, Yanghu Rd., Shanghu Vil., Yangmei Dist., Taoyuan City 32650, Taiwan (R.O.C.)","張O誠","03-4727419","03-4725312","有","有"
"45022280","19970514","20210811","駿豐壓克力工藝有限公司","JUAN FONG ACRYLIC HANDICRAFT CO., LTD.","桃園市平鎮區義興里育達路85巷8弄35號1樓","1 F., No. 35, Aly. 8, Ln. 85, Yuda Rd., Yixing Vil., Pingzhen Dist., Taoyuan City 32446, Taiwan (R.O.C.)","林O蘭","03-4641908","03-4641575","無","無"
"45022465","19891116","20210811","中壢通德有限公司","CHUNG LI TUNG TEH CO., LTD.","桃園市中壢區民族路二段180號","No. 180, Sec. 2, Minzu Rd., Zhongli Dist., Taoyuan City 32048, Taiwan (R.O.C.)","范O昌","03-4911111","03-4915605","有","有"
"45022795","19820816","20210815","合隆科技股份有限公司","VANSKEE ENTERPRISE COMPANY LTD.","桃園市中壢區振興里德泉街390巷156弄17號","No. 17, Aly. 156, Ln. 390, Dequan St., Zhenxing Vil., Zhongli Dist., Taoyuan City 32096, Taiwan (R.O.C.)","黃O宏","03-4191077","03-4697136","有","有"
"45023008","20160720","20230926","通寶半導體設計股份有限公司","QBIT SEMICONDUCTOR LTD.","臺北市內湖區基湖路39號2樓","2 F., No. 39, Jihu Rd., Neihu Dist., Taipei City 114700, Taiwan (R.O.C.)","沈O榮","02-26622660","","有","有"
"45023112","20060414","20220723","奇秀自動控制有限公司","CHI HSIU AUTO. CONTROL CO.","桃園市中壢區新街里延平路175號1樓","1 F., No. 175, Yanping Rd., Xinjie Vil., Zhongli Dist., Taoyuan City 32043, Taiwan (R.O.C.)","林O絹","03-4529842","03-4612692","有","有"
"45024822","20170717","20241015","幫推股份有限公司","VENTI VENTI CONSULTING CO., LTD.","臺北市大同區南京西路406號4樓","4 F., No. 406, Nanjing W. Rd., Datong Dist., Taipei City 103001, Taiwan (R.O.C.)","王O凱","02-3112206","","有","有"
"45024870","19800707","20220609","臺益工業股份有限公司","TAI YEH CHEMICAL INDUSTRY CO., LTD.","桃園市觀音區保障里9鄰68之1號","No. 68-1, 9th Neighborhood, Baozhang Vil., Guanyin Dist., Taoyuan City 328, Taiwan (R.O.C.)","陳O娥","03-4830878","03-4839308","有","有"
"45025110","20170126","20210813","森紳有限公司","SHENSHEN CREATIVE CO., LTD.","臺北市萬華區萬大路277巷26號","No. 26, Ln. 277, Wanda Rd., Wanhua Dist., Taipei City 10878, Taiwan (R.O.C.)","楊O","0933878159","","有","有"
"45025147","20160722","20210813","波卡拉有限公司","PHOCARA CO., LTD.","臺北市大安區仁愛路4段345巷5弄5號1樓","1 F., No. 5, Aly. 5, Ln. 345, Sec. 4, Ren’ai Rd., Da’an Dist., Taipei City 10692, Taiwan (R.O.C.)","楊O玲","02-27310551","02-27310552","有","有"
"45025478","20160721","20250218","九六國際汽車有限公司","CHION MING INTERNATIONAL CO., LTD.","臺北市中山區濱江街199巷2號","No. 2, Ln. 199, Binjiang St., Zhongshan Dist., Taipei City 104058, Taiwan (R.O.C.)","","02-25095598","02-29775389","無","無"
"45025884","20160801","20240817","達禾開發有限公司","DAHE BIOECO TECH CO., LTD.","臺北市大安區安和路2段39號2樓","2 F., No. 39, Sec. 2, Anhe Rd., Da’an Dist., Taipei City 10680, Taiwan (R.O.C.)","","02-87512010","02-87511910","無","無"
"45025961","20160922","20210813","和諧滙聚股份有限公司","MUSDM CO., LTD.","臺北市松山區八德路3段12巷70弄12號","No. 12, Aly. 70, Ln. 12, Sec. 3, Bade Rd., Songshan Dist., Taipei City 10558, Taiwan (R.O.C.)","李O杰","02-27328576","","有","有"
"45026309","20161201","20250214","融通投資有限公司","RUTILE INVESTMENT CO., LTD.","臺北市信義區虎林街239號","No. 239, Hulin St., Xinyi Dist., Taipei City 110032, Taiwan (R.O.C.)","","02-27232721#10","02-2723-2722","無","無"
"45026504","20160726","20241010","更多國際整合行銷有限公司","MUCHMORE INTERNATIONAL INTEGREATED MARKETING CO., LTD.","臺北市信義區忠孝東路5段68號29樓","29 F., No. 68, Sec. 5, Zhongxiao E. Rd., Xinyi Dist., Taipei City 110419, Taiwan (R.O.C.)","李O明","02-27673166","02-27457838","有","有"
"45026785","20000113","20210813","銘烽企業有限公司","MING FENG KNOBS CO., LTD.","新北市樹林區俊英街116巷41弄5號","No. 5, Aly. 41, Ln. 116, Junying St., Shulin Dist., New Taipei City 23863, Taiwan (R.O.C.)","李O香","26891935","26891936","有","有"
"45026835","19840801","20230419","聯體興業股份有限公司","LIN SHEN ZIPPER CO., LTD.","桃園市龍潭區烏林里工五路74巷2號 (2樓)","2 F., No. 2, Ln. 74, Gong 5th Rd., Wulin Vil., Longtan Dist., Taoyuan City 325019, Taiwan (R.O.C.)","吳O明","03-4609611","03-4600291","有","有"
"45026878","20160725","20210813","大進光電科技有限公司","DA JINN OPTICAL TECHNOLOGY CO., LTD.","臺北市中山區錦州街46號12樓之3","12F.-3, No. 46, Jinzhou St., Zhongshan Dist., Taipei City 10451, Taiwan (R.O.C.)","鄒O財","0931-959133","","有","有"
"45027089","20160725","20210814","大順數位光電有限公司","DA SHUN DIGITAL OPTICAL LTD.","臺北市中山區錦州街46號12樓之3","12F.-3, No. 46, Jinzhou St., Zhongshan Dist., Taipei City 10451, Taiwan (R.O.C.)","陳O軍","02-28830699","","有","有"
"45027454","20160808","20210813","香爵有限公司","DUC INC.","臺北市大同區赤峰街41巷1之6號2樓","2 F., No. 1-6, Ln. 41, Chifeng St., Datong Dist., Taipei City 10353, Taiwan (R.O.C.)","殷O","02-25555896","02-25553564","有","有"
"45027861","20160922","20210816","達和環保服務股份有限公司樹林分公司","ONYX TA-HO ENVIRONMENTAL SERVICES CO., LTD. SHULIN BRANCH OFFICE","新北市樹林區佳園路3段48號","No. 48, Sec. 3, Jiayuan Rd., Shulin Dist., New Taipei City 23854, Taiwan (R.O.C.)","蘇O宏","02-25860177","02-25866700","有","有"
"45027911","20160926","20210816","達和環保服務股份有限公司新店分公司","ONYX TA-HO ENVIRONMENTAL SERVICES CO., LTD. XINDIAN BRANCH OFFICE","新北市新店區中興路2段188號3樓","3 F., No. 188, Sec. 2, Zhongxing Rd., Xindian Dist., New Taipei City 23146, Taiwan (R.O.C.)","蘇O宏","02-25860177","02-25866700","有","有"
"45027927","20181116","20230511","梵瑪股份有限公司","VaMarssa Co., LTD.","臺北市松山區南京東路5段343號2樓","2 F., No. 343, Sec. 5, Nanjing E. Rd., Songshan Dist., Taipei City 105609, Taiwan (R.O.C.)","杜O鑫","02-27455150","02-27455130","無","無"
"45028144","20160726","20230510","艾峻有限公司","AICHUN CORPORATION","臺北市大安區敦化南路1段205號2樓之5","2 F.-5, No. 205, Sec. 1, Dunhua S. Rd., Da’an Dist., Taipei City 106446, Taiwan (R.O.C.)","吳O臻","02-23027213","02-29722321","有","有"
"45028186","20130403","20210811","源弘電機行","SOUREC HONG ELECTRICAL HANG","桃園市中壢區新明里新明路十四號","No. 14, Xinming Rd., Xinming Vil., Zhongli Dist., Taoyuan City 32044, Taiwan (R.O.C.)","邱O欣","03-4613208","03-4630824","有","有"
"45028215","20160801","20210813","富吉國際企業管理顧問有限公司","FUJI INTERNATIONAL CONSULTING CORPORATION","臺北市松山區敦化北路167號17樓","17 F., No. 167, Dunhua N. Rd., Songshan Dist., Taipei City 10549, Taiwan (R.O.C.)","藤O太","","","有","有"
"45028236","20160729","20230117","臺灣適多博股份有限公司","TAIWAN STOBA ELECTRODES CORP.","臺南市南區彰南里中華西路1段99號","No. 99, Sec. 1, Zhonghua W. Rd., Zhangnan Vil., South Dist., Tainan City 702026, Taiwan (R.O.C.)","李O飛","02-27566627","","有","有"
"45028355","20160801","20241221","益威國際企業有限公司","DIGITAL FUSION INTERNATIONAL INC.","桃園市八德區天祥街4號","No. 4, Tianxiang St., Bade Dist., Taoyuan City 334001, Taiwan (R.O.C.)","張O畦","02-27881210","02-27859513","有","有"
"45028469","20160817","20210813","品方科技有限公司","PRISM TECHNOLOGY CO., LTD.","臺北市內湖區金豐街70號2樓","2 F., No. 70, Jinfeng St., Neihu Dist., Taipei City 11469, Taiwan (R.O.C.)","趙O煙","02-27154668","02-27154684","無","無"
"45028566","20160801","20230111","全能國際開發有限公司","ALMIGHTY INTERNATIONAL DEVELOPMENT CO., LTD.","新北市新店區民生路145巷19號","No. 19, Ln. 145, Minsheng Rd., Xindian Dist., New Taipei City 231014, Taiwan (R.O.C.)","吳O明","","","有","有"
"45029214","20230224","20230801","大社會股份有限公司","Great Society, LTD.","臺北市中正區忠孝西路1段6號10樓","10 F., No. 6, Sec. 1, Zhongxiao W. Rd., Zhongzheng Dist., Taipei City 100405, Taiwan (R.O.C.)","張O慧","02-23582379","","有","有"
"45029312","20160722","20220525","丞鎰汽車有限公司","CHENG YI AUTOMOBILE CO., LTD.","臺北市北投區裕民六路90巷31弄6號2樓","2 F., No. 6, Aly. 31, Ln. 90, Yumin 6th Rd., Beitou Dist., Taipei City 11282, Taiwan (R.O.C.)","張O中","02-28963980","02-28927873","有","有"
"45029657","20180601","20210814","將賀有限公司","Genhe Co., Ltd.","臺北市文山區萬寧街157號11樓","11 F., No. 157, Wanning St., Wenshan Dist., Taipei City 11654, Taiwan (R.O.C.)","林O瑩","02-22393267","","有","有"
"45029930","20160825","20210814","宜威仕國際有限公司","EVIT INTERNATIONAL LTD.","臺北市中山區林森北路159巷8號2樓","2 F., No. 8, Ln. 159, Linsen N. Rd., Zhongshan Dist., Taipei City 10454, Taiwan (R.O.C.)","張O惠","02-23255298","","有","有"
"45030015","20160825","20210815","沅冠有限公司","YUAN CROWN INTERNATIONAL CO., LTD.","新北市永和區永平路246號(1樓)","1 F., No. 246, Yongping Rd., Yonghe Dist., New Taipei City 23443, Taiwan (R.O.C.)","林O佑","0961113289","","有","有"
"45030134","20160727","20230505","伊峰有限公司","EPHONEKING LTD.","臺北市中山區敬業一路128巷22號9樓","9 F., No. 22, Ln. 128, Jingye 1st Rd., Zhongshan Dist., Taipei City 104051, Taiwan (R.O.C.)","簡O純","02-77027590","0277027099#5202","無","無"
"45030227","20160725","20220916","白輻設影像有限公司","WHITELIGHT MOTION CO., LTD.","臺北市大安區延吉街70巷2弄1之2號","No. 1-2, Aly. 2, Ln. 70, Yanji St., Da'an Dist., Taipei City 106077, Taiwan (R.O.C.)","洪O堂","02-87713654","02-25778509","有","有"
"45030520","20160726","20250619","科科農場股份有限公司","KKFARM CO., LTD.","臺北市大安區仁愛路4段122巷56號1樓","1 F., No. 56, Ln. 122, Sec. 4, Ren'ai Rd., Da'an Dist., Taipei City 106064, Taiwan (R.O.C.)","林O羣","02-26553099#2200","","有","有"
"45030535","19920727","20250327","普田企業有限公司","PROFULL INC.","桃園市中壢區新明里中央西路2段30號14樓","14 F., No. 30, Sec. 2, Zhongyang W. Rd., Xinming Vil., Zhongli Dist., Taoyuan City 320676, Taiwan (R.O.C.)","黃O渟","03-4915000","03-4915099","有","有"
"45030697","20200408","20240815","觀霖股份有限公司","Guan linm CORP.","桃園市八德區大華里介壽路2段269之1號 (1樓)","1 F., No. 269-1, Sec. 2, Jieshou Rd., Dahua Vil., Bade Dist., Taoyuan City 334006, Taiwan (R.O.C.)","王O元","0223143855","","有","有"
"45030768","20160726","20240403","銳友科技有限公司","Real-ID Corporation","臺北市內湖區陽光街321巷56號2樓","2 F., No. 56, Ln. 321, Yangguang St., Neihu Dist., Taipei City 114714, Taiwan (R.O.C.)","林O生","02-26550495","25210720","有","有"
"45030866","19910518","20221015","泰毓電子股份有限公司","TELEWIND ELECTRONICS CO., LTD.","桃園市中壢區民族路六段260號","No. 260, Sec. 6, Minzu Rd., Zhongli Dist., Taoyuan City 320010, Taiwan (R.O.C.)","AOHRAFZAHERFARIDHENEIN","03-4907356","","有","有"
"45031008","20160725","20231222","易活國際有限公司","EVIVA TECHNOLOGY COMPANY LIMITED","臺北市松山區南京東路5段188號6樓之5","6 F.-5, No. 188, Sec. 5, Nanjing E. Rd., Songshan Dist., Taipei City 105411, Taiwan (R.O.C.)","蘇O瓊","02-27089158","","有","有"
"45031099","19840107","20210815","永勝天線工業有限公司","YUN-SEN ANTENNA INDUSTRIAL CORPORATION","桃園市八德區霄裡里龍南路403號1樓","1 F., No. 403, Longnan Rd., Xiaoli Vil., Bade Dist., Taoyuan City 33453, Taiwan (R.O.C.)","鍾O婕","03-4609815","03-4604928","有","有"
"45031231","20170510","20240524","藍橙企業有限公司","BLUE ORANGE CO., LTD.","宜蘭縣頭城鎮復興路40巷148號6樓","6 F., No. 148, Ln. 40, Fuxing Rd., Toucheng Township, Yilan County 261001, Taiwan (R.O.C.)","藍O達","02-77458788","","有","有"
"45031302","20161230","20231031","鴻富創新科技股份有限公司","Energy Plus CORP.","新北市三重區重新路4段97號3樓之1","3F.-1, No. 97, Sec. 4, Chongxin Rd., Sanchong Dist., New Taipei City 24161, Taiwan (R.O.C.)","黃O覞","02-29742193","","有","有"
"45032392","20160725","20210814","鼎立開發實業有限公司","DIN LEE DEVELOP CO., LTD.","臺北市松山區南京東路4段197號9樓之1","9F.-1, No. 197, Sec. 4, Nanjing E. Rd., Songshan Dist., Taipei City 10579, Taiwan (R.O.C.)","孫O瀅","02-25117393","","有","有"
"45032724","20161017","20221221","米凱樂股份有限公司","MIKKELLER TAIPEI LTD.","臺北市大同區南京西路241號","No. 241, Nanjing W. Rd., Datong Dist., Taipei City 103002, Taiwan (R.O.C.)","段O傑","02-25586978","02-86926037","有","有"
"45032800","20160803","20211113","帝凱貿易有限公司","DI KAI TRADING CO., LTD.","臺北市中山區林森北路50號9樓之5","Rm. 5, 9 F., No. 50, Linsen N. Rd., Zhongshan Dist., Taipei City 10441, Taiwan (R.O.C.)","羅O湧","02-25210841","02-33228721","有","有"
"45033266","20250611","20250611","水水文創股份有限公司","Suisui Chuang CO., LTD.","臺北市萬華區武昌街2段30號1樓","1 F., No. 30, Sec. 2, Wuchang St., Wanhua Dist., Taipei City 108002, Taiwan (R.O.C.)","張O青","02-23956990","","有","有"
"45033272","20160810","20210813","樂擎有限公司","LARGE MOBILE CORPORATION","臺北市中山區中山北路2段93巷8號8樓之18","8F.-18, No. 8, Ln. 93, Sec. 2, Zhongshan N. Rd., Zhongshan Dist., Taipei City 10451, Taiwan (R.O.C.)","周O弘","02-25415718","","有","有"
"45033630","20170911","20230719","積質國際有限公司","MATRIXORIGIN CO.","臺北市南港區重陽路423巷1弄5號1樓","1 F., No. 5, Aly. 1, Ln. 423, Chongyang Rd., Nangang Dist., Taipei City 115010, Taiwan (R.O.C.)","賴O州","0930671167","","有","有"
"45033977","20080925","20210813","泉信企業股份有限公司","CHAIN SHIL CO., LTD.","桃園市中壢區三民里中正路696號2樓","2 F., No. 696, Zhongzheng Rd., Sanmin Vil., Zhongli Dist., Taoyuan City 32047, Taiwan (R.O.C.)","林O連","03-4943278","03-4927005","有","有"
"45033982","19960424","20230926","弘泰歐化廚具股份有限公司","HORNG TAY EUROPEAN KITCHEN CO., LTD.","桃園市中壢區內定里內定七街188號","No. 188, Neiding 7th St., Neiding Vil., Zhongli Dist., Taoyuan City 320020, Taiwan (R.O.C.)","邱O南","03-3814531","03-3813544","有","有"
"45033998","20160726","20210814","耀德科技股份有限公司","ALLTER TECHNOLOGY CO., LTD.","臺北市松山區民生東路4段54號8樓之5","8F.-5, No. 54, Sec. 4, Minsheng E. Rd., Songshan Dist., Taipei City 10574, Taiwan (R.O.C.)","李O","0918260766","","有","有"
"45034103","20160728","20250101","上格國際開發有限公司","AEGIS ARMS LTD.","臺北市北投區大同街150號1樓","1 F., No. 150, Datong St., Beitou Dist., Taipei City 112009, Taiwan (R.O.C.)","吳O謙","02-28975759","02-28959926","有","有"
"45034379","20160805","20230330","儒億興業有限公司","RU YI TRADING CO., LTD.","新北市板橋區信義路213巷15號","No. 15, Ln. 213, Xinyi Rd., Banqiao Dist., New Taipei City 220059, Taiwan (R.O.C.)","楊O宇","02-23643236","","有","有"
"45034482","20160727","20210812","地球之家社會企業股份有限公司","EARTH FAMILY SOCIAL ENTERPRISE CO., LTD.","臺北市大同區重慶北路3段167號","No. 167, Sec. 3, Chongqing N. Rd., Datong Dist., Taipei City 10369, Taiwan (R.O.C.)","翁O敏","","","有","有"
"45034498","20160816","20230429","長蔭科技有限公司","EVERBLESS TECHNOLOGY CO., LTD.","臺北市信義區忠孝東路5段236巷10弄2號4樓","4 F., No. 2, Aly. 10, Ln. 236, Sec. 5, Zhongxiao E. Rd., Xinyi Dist., Taipei City 110068, Taiwan (R.O.C.)","党O安","0952957229","","無","無"
"45034574","20160726","20241009","騛旭國際有限公司","FLYHSU INTERNATIONAL CO., LTD.","臺北市中山區南京東路3段65號9樓","9 F., No. 65, Sec. 3, Nanjing E. Rd., Zhongshan Dist., Taipei City 104107, Taiwan (R.O.C.)","李O霆","02-29992579#202","02-29992584","有","有"
"45034954","19881114","20221231","合義電化股份有限公司","HO-YIH ELECTRONIC CO., LTD.","桃園市平鎮區鎮興里興隆路234號","No. 234, Xinglong Rd., Zhenxing Vil., Pingzhen Dist., Taoyuan City 324020, Taiwan (R.O.C.)","郭O麟","03-4696101-2","03-4690690","有","有"
"45034997","20210120","20220318","聚易國際有限公司","CHiZY International Limited","新北市汐止區新台五路1段79號10樓之4","10F.-4, No. 79, Sec. 1, Xintai 5th Rd., Xizhi Dist., New Taipei City 22101, Taiwan (R.O.C.)","曹O堉","0981083616","","有","有"
"45035031","20180119","20231004","華群知識產權股份有限公司","Watching I.P. Holding Inc.","新北市板橋區四川路2段16巷10號","No. 10, Ln. 16, Sec. 2, Sichuan Rd., Banqiao Dist., New Taipei City 220620, Taiwan (R.O.C.)","周O安","02-77468668","","有","有"
"45035089","20160727","20230628","可立斯貿易股份有限公司","CHRIS GLOBAL TRADING CO., LTD.","臺北市大同區西寧北路83之6號","No. 83-6, Xining N. Rd., Datong Dist., Taipei City 103601, Taiwan (R.O.C.)","","02-25581583","","無","無"
"45035172","20180702","20210815","墨禾開發有限公司","MOOH CO., LTD","新北市新店區建國路268號4樓","4 F., No. 268, Jianguo Rd., Xindian Dist., New Taipei City 23142, Taiwan (R.O.C.)","簡O恩","02-29318928","02-29318968","有","有"
"45036355","20160803","20221221","百倉鴻業有限公司","NUMEROUS STOREHOUSE CO., LTD.","臺北市中山區德惠街77號","No. 77, Dehui St., Zhongshan Dist., Taipei City 104034, Taiwan (R.O.C.)","蕭O福","02-25867797","","無","無"
"45036405","19810422","20210813","豪軒工業股份有限公司","HOW SANE INTERNATIONAL INDUSTRIES CO., LTD.","桃園市新屋區中山東路二段130巷12號","No. 12, Ln. 130, Sec. 2, Zhongshan E. Rd., Xinwu Dist., Taoyuan City 32741, Taiwan (R.O.C.)","羅O瑜","03-4774117","03-4779747","有","有"
"45036448","20080619","20231122","呈泰紙業股份有限公司","CHENGE TAI PAPER CO., LTD.","桃園市新屋區九斗里中山東路2段130巷12之3號","No. 12-3, Ln. 130, Sec. 2, Zhongshan E. Rd., Jiudou Vil., Xinwu Dist., Taoyuan City 327008, Taiwan (R.O.C.)","呂O豪","03-4775100","03-4776143","有","有"
"45037143","20160804","20210812","優思網股份有限公司","YOSHINET LTD.","臺北市大安區建國南路1段291巷2號6樓","6 F., No. 2, Ln. 291, Sec. 1, Jianguo S. Rd., Da’an Dist., Taipei City 10657, Taiwan (R.O.C.)","王O思","02-27071595","","有","有"
"45037164","20161018","20210815","悅婕林國際企業有限公司","YEIJEILIN INTERNATIONAL ENTERPRISE CO., LTD.","嘉義市西區民生南路463巷16弄39號1樓","1 F., No. 39, Aly. 16, Ln. 463, Minsheng S. Rd., West Dist., Chiayi City 60052, Taiwan (R.O.C.)","林O婕","0916-725164","","有","有"
"45037586","20200205","20230713","泰陽光電股份有限公司","TaiYang Solar Power Co., Ltd.","臺北市大安區敦化南路2段99號12樓","12 F., No. 99, Sec. 2, Dunhua S. Rd., Da’an Dist., Taipei City 106420, Taiwan (R.O.C.)","陳O光","02-27057966","02-27007698","有","有"
"45037679","20070409","20210813","資強有限公司","TZY CHYANG. CO., LTD.","桃園市平鎮區新富里中豐路287號","No. 287, Zhongfeng Rd., Xinfu Vil., Pingzhen Dist., Taoyuan City 32456, Taiwan (R.O.C.)","李O榮","03-4583305","03-4576880","有","有"
"45037684","20170303","20210813","木蘭少女有限公司","MULAN THE MUSICAL LIMITED LIABILITY COMPANY","臺北市大安區大安路1段176巷12號4樓","4 F., No. 12, Ln. 176, Sec. 1, Da’an Rd., Da’an Dist., Taipei City 10684, Taiwan (R.O.C.)","王O文","02-2755-6825","","有","有"
"45037761","20220215","20231212","呈鈺顧問股份有限公司","Jadeit Consulting Co., Ltd.","臺北市大安區敦化南路1段205號2樓之5","2F.-5, NO. 205, SEC. 1, DUNHUA S. RD., DA-AN DIST., TAIPEI CITY 10690, TAIWAN (R.O.C.)","楊O霖","02-27171917","","有","有"
"45037930","19970519","20230414","壯亞實業有限公司","JUANG IA INDUSTRIAL CO.","桃園市中壢區仁義里福州二街522號11樓之1","11 F.-1, No. 522, Fuzhou 2nd St., Renyi Vil., Zhongli Dist., Taoyuan City 320676, Taiwan (R.O.C.)","曾O當","03-4528011","","有","有"
"45038298","19810414","20221224","憶華科技股份有限公司","EFA CORPORATION","桃園市中壢區新明里新明路60號","No. 60, Xinming Rd., Xinming Vil., Zhongli Dist., Taoyuan City 320004, Taiwan (R.O.C.)","廖O宏","03-4526667","03-4514538","無","無"
"45039183","20160803","20210814","傳成科技有限公司","ONIT TECHNOLOGY INC.","臺北市大同區重慶北路3段122號2樓","2 F., No. 122, Sec. 3, Chongqing N. Rd., Datong Dist., Taipei City 10374, Taiwan (R.O.C.)","張O德","02-25854577","","有","有"
"45039199","19810806","20210813","溱濠機械有限公司","TAI WIY MACHINERY CO., LTD.","桃園市平鎮區平鎮工業區工業十路10號","No. 10, Gongye 10th Rd., Pingzhen Dist., Taoyuan City 32459, Taiwan (R.O.C.)","李O喆","03-4695168","03-4695170","有","有"
"45039254","19980508","20220326","清溪金屬企業股份有限公司","CHING SHI METAL ENTERPRISE CO., LTD.","桃園市觀音區廣興里中山路一段991巷27號","No. 27, Ln. 991, Sec. 1, Zhongshan Rd., Guangxing Vil., Guanyin Dist., Taoyuan City 32852, Taiwan (R.O.C.)","簡O溪","03-4732894","03-4732893","有","有"
"45039347","20161011","20210815","方方投資有限公司","Fun Funding Co., Ltd.","臺北市松山區南京東路3段337號5樓","5 F., No. 337, Sec. 3, Nanjing E. Rd., Songshan Dist., Taipei City 10550, Taiwan (R.O.C.)","余O霖","02-87731616","02-27720238","有","有"
"45039445","19960521","20210813","東彥實業有限公司","TONN-YEH INDUSTRIAL CO., LTD.","桃園市平鎮區廣達里廣達街83號","No. 83, Guangda St., Guangda Vil., Pingzhen Dist., Taoyuan City 32446, Taiwan (R.O.C.)","謝O治","03-4925391","03-4925393","有","有"
"45039775","20170330","20220629","玄賦數位整合股份有限公司","SMARTFORCE DIGITAL INTEGRATION CORP.","臺北市信義區忠孝東路5段412號17樓之2","17 F.-2, No. 412, Sec. 5, Zhongxiao E. Rd., Xinyi Dist., Taipei City 110025, Taiwan (R.O.C.)","江O緯","02-77099959","","有","有"
"45040409","20000519","20210812","新松仁碾米工廠","HSIN SUNG JEN COMPANY","桃園市楊梅區高山里梅高路２０６號１樓","1 F., No. 206, Meigao Rd., Gaoshan Vil., Yangmei Dist., Taoyuan City 32667, Taiwan (R.O.C.)","許O松妹","03-4758539","","有","有"
"45040463","20160920","20241018","品特商業股份有限公司","PINTER COMMERCE LTD.","臺北市大同區歸綏街67號1樓","1 F., No. 67, Guisui St., Datong Dist., Taipei City 103023, Taiwan (R.O.C.)","藍O榮","02-25583750","02-28853760","有","有"
"45040870","20160831","20221221","光點吉樹有限公司","HYTREE CO., LTD.","新北市中和區宜安路92巷13號","No. 13, Ln. 92, Yi’an Rd., Zhonghe Dist., New Taipei City 235071, Taiwan (R.O.C.)","方O琴","","","有","有"
"45040935","20171127","20230401","禾新數位有限公司","Hiero7 Co.","臺北市內湖區瑞光路423號6樓","6 F., No. 423, Ruiguang Rd., Neihu Dist., Taipei City 114690, Taiwan (R.O.C.)","邱O均(HIEWYICKKUEN)","02-87518671","02-23112267","有","有"
"45041224","20160907","20240607","美加健康事業股份有限公司","MEGA BIOMEDICAL INC.","臺中市西區忠明南路303號14樓之1","14 F.-1, No. 303, Zhongming S. Rd., West Dist., Taichung City 403519, Taiwan (R.O.C.)","簡O瑜","04-37065366#26","","有","有"
"45041245","20180205","20250618","億田環球科技有限公司","EXTEND GLOBAL TECHNOLOGY CO., LTD.","臺北市中正區忠孝西路1段39號8樓","8 F., No. 39, Sec. 1, Zhongxiao W. Rd., Zhongzheng Dist., Taipei City 100009, Taiwan (R.O.C.)","沈O鳳(SIM,CHOON-HONG)","02-25559191","02-55549191","有","有"
"45042384","20160804","20230120","台灣普祿達電子有限公司","PRETECH ELECTRONICS TAIWAN LTD.","桃園市桃園區中正路1088號12樓","12 F., No. 1088, Zhongzheng Rd., Taoyuan Dist., Taoyuan City 330010, Taiwan (R.O.C.)","楊O仰","03-3320258","","無","無"
"45042531","20160421","20210813","竣家實業股份有限公司","GUNCHIA CO., LTD.","桃園市蘆竹區新生路201巷57號","No. 57, Ln. 201, Xinsheng Rd., Luzhu Dist., Taoyuan City 33843, Taiwan (R.O.C.)","莊O樹","03-3138905","03-3138907","無","無"
"45042928","20200220","20230414","晟星科技有限公司","Cheng Sheng Hi-Tech Co., Ltd.","新竹市北區光華里大雅路15號1樓","1 F., No. 15, Daya Rd., Guanghua Vil., North Dist., Hsinchu City 300062, Taiwan (R.O.C.)","廖O棋","0912458522","","有","有"
"45042949","20190830","20210814","辰寰工程有限公司","Chen Huan Engineering Co., Ltd.","新竹縣竹東鎮榮華里41鄰中和路9號2樓","2 F., No. 9, Zhonghe Rd., 41th Neighborhood, Ronghua Vil., Zhudong Township, Hsinchu County 31048, Taiwan (R.O.C.)","王O銘","03-5366772","","有","有"
"45043807","20160329","20230111","競研軸業有限公司","JING YAN BEARING CO., LTD.","桃園市八德區大千里大勇街一段74巷13號","No. 13, Ln. 74, Sec. 1, Dayong St., Daqian Vil., Bade Dist., Taoyuan City 334628, Taiwan (R.O.C.)","楊O芬","03-3645533","03-3643939","有","有"
"45044051","20170911","20210813","台灣味大有限公司","TAIWAN FLAVOR BIG LIMITED COMPANY","嘉義縣竹崎鄉和平村坑仔坪78-2號","No. 78-2, Kengzaiping, Zhuqi Township, Chiayi County 60447, Taiwan (R.O.C.)","陳O印","05-2893778","","有","有"
"45044290","20160517","20240105","普登帝軟體有限公司","PRUDENT SOFTWARE CO., LTD.","新竹市東區慈雲路118號14樓之1","14F.-1, No. 118, Ciyun Rd., East Dist., Hsinchu City 30072, Taiwan (R.O.C.)","","0935161087","","無","無"
"45044550","20020726","20210815","德安信記企業有限公司","DER AN SHINGI ENTERPRISE CO., LTD.","桃園市中壢區中央西路二段137號","No. 137, Sec. 2, Zhongyang W. Rd., Zhongli Dist., Taoyuan City 32046, Taiwan (R.O.C.)","張O玲","03-4937690","03-4927989","有","有"
"45044622","20160406","20241016","浰升企業有限公司","EVER RULE TRADING CO., LTD.","桃園市蘆竹區南崁里福安街3之2號","No. 3-2, Fu’an St., Nankan Vil., Luzhu Dist., Taoyuan City 33858, Taiwan (R.O.C.)","虞O霓","03-3127424","03-3129730","有","有"
"45044828","20160330","20250523","銳璟有限公司","RAEMCO COMPANY LIMITED","彰化縣鹿港鎮鹿工南二路8號","No. 8, Lugong S. 2nd Rd., Lukang Township, Changhua County 505029, Taiwan (R.O.C.)","洪O台","04-7810588","04-7810688","有","有"
"45044833","20240621","20240621","喬義實業有限公司","QIAO YI INDUSTRIAL CO., LTD.","彰化縣社頭鄉廣興村大圳巷4-1號","No. 4-1, Dazun Ln., Shetou Township, Changhua County 511009, Taiwan (R.O.C.)","張O豪","0921710701","","有","有"
"45044854","20160406","20230706","雄奕科技有限公司","XIONG ZHI TECHNOLOGY CO., LTD.","新竹市北區文雅里經國路二段160號4樓之25","4 F.-25, No. 160, Sec. 2, Jingguo Rd., Wenya Vil., North Dist., Hsinchu City 300016, Taiwan (R.O.C.)","蔡O雄","0955264086","","無","無"
"45045185","19840503","20210813","鈺新金屬廠有限公司","ALPS PARTS MFG. CORP.","桃園市新屋區永安里12鄰永三街20號","No. 20, Yong 3rd St., 12th Neighborhood, Yong’an Vil., Xinwu Dist., Taoyuan City 32748, Taiwan (R.O.C.)","徐O忠","03-4861135","03-4862061","有","有"
"45045571","20220601","20220601","祥興工業有限公司","Xiang Xing lndustry Limited Company","桃園市中壢區光明里白馬莊101之2號4樓","4 F., No. 101-2, Baima Vil., Guangming Vil., Zhongli Dist., Taoyuan City 320066, Taiwan (R.O.C.)","吳O瑩","03-4733992","03-4735200","有","有"
"45045657","20210406","20210814","黑金精品咖啡烘焙有限公司","BLACK GOLD SPECIALTY COFFEE ROASTING CO., LTD.","彰化縣鹿港鎮海埔里海明街301巷2號1樓","1 F., No. 2, Ln. 301, Haiming St., Haipu Vil., Lukang Township, Changhua County 50562, Taiwan (R.O.C.)","游O龍","04-7780168","04-7780119","有","有"
"45045684","20160415","20221113","杜瑞特有限公司","DURANTE LIMITED","桃園市龜山區大華里興華一街272巷2號6樓","6 F., No. 2, Ln. 272, Xinghua 1st St., Dahua Vil., Guishan Dist., Taoyuan City 333004, Taiwan (R.O.C.)","孫O旋","0906677000","","無","無"
"45045848","19900301","20220705","東忠窯股份有限公司","TC KILNS COMPANY LIMITED","桃園市平鎮區復旦里育達路二段108巷29號1樓","1 F., No. 29, Ln. 108, Sec. 2, Yuda Rd., Fudan Vil., Pingzhen Dist., Taoyuan City 324008, Taiwan (R.O.C.)","葉O秀美","03-4920901","","有","有"
"45046157","20160412","20210813","恆好純蜜股份有限公司","HONEY BEE TEST INC.","花蓮縣花蓮市民心里6鄰華西街77-2號","No. 77-2, Huaxi, 6th Neighborhood, Minxin Vil., Hualien City, Hualien County 97064, Taiwan (R.O.C.)","李O傑","03-8236123","03-8239033","有","有"
"45046240","20160520","20210815","蘆霖貿易有限公司","Lw Ling Trading Co.","新竹市新民里新民街5號2樓","2 F., No. 5, Xinmin St., Xinmin Vil., North Dist., Hsinchu City 30045, Taiwan (R.O.C.)","王O庠","03-5266119","","有","有"
"45046781","20170606","20210814","泰易實業有限公司","THAI-YI CO., LTD.","新竹縣竹北市嘉豐六路二段43號1樓","1 F., No. 43, Sec. 2, Jiafeng 6th Rd., Zhubei City, Hsinchu County 30272, Taiwan (R.O.C.)","黃O麟","0922-688068","","有","有"
"45047037","20160329","20210813","元煦科技有限公司","SOLIS TECHNOLOGY CO., LTD.","新竹縣新豐鄉新興路345號1樓","1 F., No. 345, Xinxing Rd., Xinfeng Township, Hsinchu County 30442, Taiwan (R.O.C.)","陳O如","","","有","有"
"45047070","19930511","20230426","藝之華企業股份有限公司","ART & TOP CORP.","桃園市桃園區正光二街168號8樓","8 F., No. 168, Zhengguang 2nd St., Taoyuan Dist., Taoyuan City 330059, Taiwan (R.O.C.)","沈O奇","03-4629525-6","03-4620827","有","有"
"45047297","20180306","20240402","比佐設計有限公司","Pictoris Design Co., Ltd","臺北市大同區太原路97巷24號4樓","4 F., No. 24, Ln. 97, Taiyuan Rd., Datong Dist., Taipei City 103014, Taiwan (R.O.C.)","楊O宇","0933050834","","有","有"
"45047418","20190118","20210814","進力螺絲工業有限公司","JINN LI SCREW INDUSTRIAL CO., LTD.","桃園市蘆竹區內厝里長安路二段39巷31號1樓","1 F., No. 31, Ln. 39, Sec. 2, Chang’an Rd., Neicuo Vil., Luzhu Dist., Taoyuan City 33852, Taiwan (R.O.C.)","施O章","03-3222180","03-3524580","有","有"
"45048388","19930909","20230323","廣東製藥股份有限公司","KWANG DONG PHARMACEUTICAL CO., LTD.","桃園市楊梅區高上里8鄰高獅路813巷16號","No. 16, Ln. 813, Gaoshi Rd., 8th Neighborhood, Gaoshang Vil., Yangmei Dist., Taoyuan City 326024, Taiwan (R.O.C.)","黎O龍","03-4964588","03-4964599","有","有"
"45048845","20230407","20230407","科隆橡膠製造有限公司","Karon Rubber LTD.","新竹市香山區中華路四段434巷23號1樓","1 F., No. 23, Ln. 434, Sec. 4, Zhonghua Rd., Xiangshan Dist., Hsinchu City 300075, Taiwan (R.O.C.)","范O炎","03-3-5301388","","無","無"
"45048850","20180808","20220419","翔騰國際開發有限公司","Xiangteng International Development Co., Ltd.","高雄市楠梓區朝明路114之3巷1號3樓","3 F., No. 1, Ln. 114---3, Chaoming Rd., Nanzi Dist., Kaohsiung City 81160, Taiwan (R.O.C.)","黎O誠","05-2235606","05-2235606","無","無"
"45049226","19820203","20220322","中吉飼料藥品股份有限公司","JOHN-GIST PHARMA. AND FEED CO., LTD.","臺南市永康區王行里環工路59號","No. 59, Huangong Rd., Wangxing Vil., Yongkang Dist., Tainan City 71041, Taiwan (R.O.C.)","徐O杰","03-4643015","","有","有"
"45049443","20170810","20210815","勝宥勝國際貿易有限公司","SHENG YO SHENG INTERNATIONAL TRADING CO., LTD.","桃園市新屋區中正路198巷50弄2號(1樓)","1 F., No. 2, Aly. 50, Ln. 198, Zhongzheng Rd., Xinwu Dist., Taoyuan City 32750, Taiwan (R.O.C.)","余O任","03-3709596","","有","有"
"45049577","20210128","20230516","忠僕旅館管理顧問股份有限公司","Hotel Pu Co., Ltd.","宜蘭縣頭城鎮城南里青雲路三段126號1樓、2樓、3樓、4樓、5樓、6樓","1,2F., No. 126, Sec. 3,  Qingyun Rd., Chengnan Vil., Toucheng Township,  Yilan County 261, Taiwan (R.O.C.)","吳O興","03-9789787","03-9789663","有","有"
"45049611","20160401","20210815","關鍵禾芯科技股份有限公司","KEYCORE TECHNOLOGY CORP.","新竹縣竹北市光明六路87之5號六樓","6 F., No. 87-5, Guangming 6th Rd., Zhubei City, Hsinchu County 30268, Taiwan (R.O.C.)","曾O修","03-5554288","","有","有"
"45049719","20160406","20230527","鶴明科技有限公司","HEMING TECHNOLOGY CO., LTD.","桃園市桃園區寶慶路162號3樓","3 F., No. 162, Baoqing Rd., Taoyuan Dist., Taoyuan City 330061, Taiwan (R.O.C.)","李O玉","03-3023010","03-3020012","有","有"
"45049886","19811116","20210815","石梅化學工業股份有限公司","SUMEI CHEMICAL CO., LTD.","桃園市觀音區富林里6鄰文林路889巷66號","No. 66, Ln. 889, Wenlin Rd., 6th Neighborhood, Fulin Vil., Guanyin Dist., Taoyuan City 32849, Taiwan (R.O.C.)","郭O光","03-4839311","03-3839317","有","有"
"45050089","19860416","20210813","信太工業有限公司","SHINN TAY RUBBER CO., LTD.","桃園市龍潭區烏林里工五路58號","No. 58, Gong 5th Rd., Wulin Vil., Longtan Dist., Taoyuan City 32559, Taiwan (R.O.C.)","劉O寶","03-4707157","03-4932501","有","有"
"45050736","20160420","20230706","伊諾司生技股份有限公司","AI Nose Corporation","新北市新莊區新北大道4段61號14樓","14 F., No. 61, Sec. 4, New Taipei Blvd., Xinzhuang Dist., New Taipei City 242032, Taiwan (R.O.C.)","李O鵑","02-85228115","037-583335","有","有"
"45050911","20160406","20230330","金贊精密有限公司","JIN ZAN CO., LTD.","彰化縣溪湖鎮忠覺里崙子腳路忠覺巷7-8號","No. 7-8, Zhongjue Ln., Lunzijiao Rd., Zhongjue Vil., Xihu Township, Changhua County 514008, Taiwan (R.O.C.)","楊O安","04-8611017","04-8853063","有","有"
"45051355","20240229","20240229","鴻允工程有限公司","HONG YUN ENGINEERING CO., LTD.","屏東縣里港鄉鐵店村永豐路二段76之7號3樓","3 F., No. 76-7, Sec. 2, Yongfeng Rd., Ligang Township, Pingtung County 905001, Taiwan (R.O.C.)","柯O彥","06-2727178","06-2058658","有","有"
"45051622","19880227","20210814","煜豐機械工業有限公司","YUH PHENG MACHINERY CO., LTD.","桃園市平鎮區新安里東光路15號","No. 15, Dongguang Rd., Xin’an Vil., Pingzhen Dist., Taoyuan City 32465, Taiwan (R.O.C.)","劉O堯","034-503095","034-659501","有","有"
"45052381","20160510","20210814","名門鉸鏈有限公司","MAINDOOR, FLOOR HINGE, CO., LTD.","桃園市蘆竹區長興里南崁路二段228巷266弄38號","No. 38, Aly. 266, Ln. 228, Sec. 2, Nankan Rd., Changxing Vil., Luzhu Dist., Taoyuan City 33855, Taiwan (R.O.C.)","莊O喬","03-3223821","03-3223169","有","有"
"45052713","20170630","20210815","菘云實業有限公司","SUNGYUN  INDUSTRIAL CO., LTD.","桃園市大溪區一德里康莊路377巷4號1樓","1 F., No. 4, Ln. 377, Kangzhuang Rd., Yide Vil., Daxi Dist., Taoyuan City 33557, Taiwan (R.O.C.)","黃O云","03-3872958","03-3882339","有","有"
"45052994","20200908","20210813","沅垣營造事業有限公司","Yuan Yuan Construction Industry Ltd.","基隆市七堵區南興路91號2樓","2 F., No. 91, Nanxing Rd., Qidu Dist., Keelung City 20644, Taiwan (R.O.C.)","李O川","02-24552338","","有","有"
"45053017","20160331","20210813","台灣羅森實業有限公司","TAIWAN SKYTECH INDUSTRIAL CO., LTD.","基隆市七堵區實踐路138-1號2樓","2 F., No. 138-1, Shijian Rd., Qidu Dist., Keelung City 20652, Taiwan (R.O.C.)","趙O凱","02-24514158","","有","有"
"45054135","19920427","20220921","方彬興業股份有限公司","FON PIN TIMBER CO., LTD.","桃園市楊梅區梅高路320號","No. 320, Meigao Rd., Yangmei Dist., Taoyuan City 326024, Taiwan (R.O.C.)","林O財","03-4780181","03-4780081","有","有"
"45054607","20160615","20210814","富豪企業股份有限公司","FU HAO ENTERPRISE CO., LTD.","彰化縣彰化市新興里自強路47巷13號","No. 13, Ln. 47, Ziqiang Rd., Xinxing Vil., Changhua City, Changhua County 50053, Taiwan (R.O.C.)","曾O成","04-7910496","04-7911295","有","有"
"45054753","19911029","20210814","亮前企業有限公司","KUANG I DUSTER CO., LTD.","桃園市平鎮區新貴里中豐路629號","No. 629, Zhongfeng Rd., Xingui Vil., Pingzhen Dist., Taoyuan City 32456, Taiwan (R.O.C.)","卓O妹","03-4574921","","有","有"
"45055177","20160406","20210814","東潤網科技有限公司","DONLOON ENTERPRISE CO., LTD.","高雄市鳳山區頂新一街47號6樓","6 F., No. 47, Dingxin 1st St., Fengshan Dist., Kaohsiung City 83093, Taiwan (R.O.C.)","白O如","0909137515","07-7236150","有","有"
"45055198","20160407","20231208","立洋實業有限公司","STAND OCEAN INDUSTRIAL CO., LTD.","新北市中和區忠孝街26巷16號","No. 16, Ln. 26, Zhongxiao St., Zhonghe Dist., New Taipei City 23568, Taiwan (R.O.C.)","","03-3676927","02-86687859","無","無"
"45055578","20180629","20210814","元棋有限公司","YUAN CHI RESOURCE CO., LTD.","彰化縣彰化市興北里三民路237巷29-4號1樓","1 F., No. 29-4, Ln. 237, Sanmin Rd., Xingbei Vil., Changhua City, Changhua County 50043, Taiwan (R.O.C.)","曾O橙","0921-266331","04-8343391","有","有"
"45055654","20160406","20230118","旭忠能源股份有限公司","SUNRISE PV ONE CO., LTD.","臺北市大安區敦化南路2段333號10樓","10 F., No. 333, Sec. 2, Dunhua S. Rd., Da’an Dist., Taipei City 106033, Taiwan (R.O.C.)","葉O嘉","03-5772233#2204","","有","有"
"45055937","19930611","20210815","利紬實業股份有限公司","LIH CHOW INDUSTRIAL CO., LTD.","桃園市楊梅區中山里環東路262號","No. 262, Huandong Rd., Zhongshan Vil., Yangmei Dist., Taoyuan City 32665, Taiwan (R.O.C.)","黃O佑","03-4781352","03-4786548","有","有"
"45056372","20150203","20210813","鋒慶電機企業股份有限公司","FENG TUNE ELECTRIC CO., LTD.","桃園市平鎮區關爺西路56之1號","No. 56-1, Guanye W. Rd., Pingzhen Dist., Taoyuan City 32457, Taiwan (R.O.C.)","梁O理妹","03-4582889","03-4582098","有","有"
"45056387","20201021","20210814","禾利投資企業有限公司","HELI INVESTMENT ENTERPRISE CO., LTD.","宜蘭縣五結鄉成興村利工二路73號","No. 73, Ligong 2nd Rd., Wujie Township, Yilan County 26841, Taiwan (R.O.C.)","蕭O丹","03-9908319#1701","","有","有"
"45056416","20010719","20240119","裕豐企業社","YU FENE ENTERPRISE CO.","桃園市八德區白鷺里東泰街489之1號","No. 489-1, Dongtai St., Bailu Vil., Bade Dist., Taoyuan City 334020, Taiwan (R.O.C.)","林O汝","03-363384","02-22215079","有","有"
"45056751","20160408","20210814","捷宇國際有限公司","ASPIRE AND ASCEND LLC.","桃園市中壢區中山路118號5樓之2","5F.-2, No. 118, Zhongshan Rd., Zhongli Dist., Taoyuan City 32041, Taiwan (R.O.C.)","顏O宏","03-3600661","","有","有"
"45057132","20160603","20210814","大松企業有限公司","DA SONG BIOMASS CO., LTD.","雲林縣斗六市鎮西里鎮西路24號","No. 24, Zhenxi Rd., Zhenxi Vil., Douliu City, Yunlin County 64041, Taiwan (R.O.C.)","廖O芸","05-5850128","05-5850452","有","有"
"45057822","20160523","20210815","勁騰精密科技有限公司","KINTEN PRECISION TECHNOLOGY CO., LTD.","臺中市南區永興里高工路265巷46弄5號1樓","1 F., No. 5, Aly. 46, Ln. 265, Gaogong Rd., Yongxing Vil., South Dist., Taichung City 40241, Taiwan (R.O.C.)","阮O芳","04-7270296","04-270297","有","有"
"45057920","20171120","20210814","聯勤科技股份有限公司","Lian-Chin Technology Co., Ltd.","新竹縣竹北市泰和里中山路10巷32-2號1樓","1 F., No. 32-2, Ln. 10, Zhongshan Rd., Taihe Vil., Zhubei City, Hsinchu County 30281, Taiwan (R.O.C.)","林O戴","03-5555128","03-5557830","有","有"
"45058224","20190103","20210814","鴻穩科技工程有限公司","HONGWUN ENGINEERING CO., LTD.","彰化縣彰化市阿夷里建國東路386巷2號1樓","1 F., No. 2, Ln. 386, Jianguo E. Rd., Ayi Vil., Changhua City, Changhua County 50085, Taiwan (R.O.C.)","黃O柱","04-7285481","04-7285313","有","有"
"45058343","19971118","20210815","億鴻工業股份有限公司","PROCESS ADVANCE TECHNOLOGY  LTD.","桃園市中壢區月眉里11鄰月桃路808號","No. 808, Yuetao Rd., 11th Neighborhood, Yuemei Vil., Zhongli Dist., Taoyuan City 32053, Taiwan (R.O.C.)","李O仲","03-4983070","03-4984700","有","有"
"45059201","20160719","20230204","芩訢紡織科技有限公司","QIN XIN TEXTILE TECHNOLOGY CO., LTD.","臺中市南屯區三厝里河南路四段488之2號13樓","13 F., No. 488-2, Sec. 4, Henan Rd., Sancuo Vil., Nantun Dist., Taichung City 40874, Taiwan (R.O.C.)","許O分","04-23800326","04-23815616","有","有"
"45059321","20030129","20230318","實得實業股份有限公司","KING WASH INDUSTRIAL CO., LTD.","桃園市中壢區湧光里民權路二段147號","No. 147, Sec. 2, Minquan Rd., Yongguang Vil., Zhongli Dist., Taoyuan City 320015, Taiwan (R.O.C.)","賴O必","03-492-3519","03-493-7655","無","無"
"45059716","20200306","20210815","郁航投資有限公司","POLARIS VENTURES CO., LTD.","新竹縣竹北市東平里隘口六街101號14樓","14 F., No. 101, Aikou 6th St., Dongping Vil., Zhubei City, Hsinchu County 30274, Taiwan (R.O.C.)","陳O雯","0919999037","","有","有"
"45060474","20180724","20250224","長鎰織帶有限公司","Chang Yi Weaving Co., Ltd.","彰化縣和美鎮好修里西鄉路122巷29號","No. 29, Ln. 122, Xixiang Rd., Haoxiu Vil., Hemei Township, Changhua County 508004, Taiwan (R.O.C.)","黄O偉","04-7987900","04-7989932","有","有"
"45060973","20180208","20210813","乘騏工業有限公司","CHENG CHI PARTS INDUSTRY CO., LTD.","彰化縣溪湖鎮頂庄里崙子腳路17-9號","No. 17-9, Lunzijiao Rd., Dingzhuang Vil., Xihu Township, Changhua County 51448, Taiwan (R.O.C.)","王O涵","04-8818639","","有","有"
"45061071","20031020","20210811","誠興汽車材料行","CHENG SING RISE TRADE CO.","桃園市桃園區自強里經國路７２５號１樓","1 F., No. 725, Jingguo Rd., Ziqiang Vil., Taoyuan Dist., Taoyuan City 33044, Taiwan (R.O.C.)","王O蓉","03-346-7083","03-326-6641","有","有"
"45061142","20160412","20210813","世翱精工實業有限公司","AWT INDUSTRIAL CO., LTD.","彰化縣溪湖鎮中山里大溪路1段732號","No. 732, Sec. 1, Daxi Rd., Zhongshan Vil., Xihu Township, Changhua County 51453, Taiwan (R.O.C.)","胡O苹","04-8822777","04-8825021","無","無"
"45061255","20160412","20230913","榮鼎實業股份有限公司","SONNARKRAFT CORP.","桃園市蘆竹區瓦窯里榮安路6巷58號（二樓）","2F., No. 58, Ln. 6, Rong'an Rd., Wayao Vil., Luzhu Dist.,  Taoyuan City , Taiwan (R.O.C.)","蕭O菁","03-2126669","03-2126670","有","有"
"45061868","20160406","20240829","朋穎興業有限公司","PENG INNOVATION CORP.","桃園市中壢區龍川街96號1樓","1 F., No. 96, Longchuan St., Zhongli Dist., Taoyuan City 320050, Taiwan (R.O.C.)","劉O凱","03-4560628","","無","無"
"45061945","20160412","20230706","昱昇有限公司","YUE SEN CO., LTD.","彰化縣彰化市彰安里仁愛路80號1樓","1 F., No. 80, Ren’ai Rd., Zhang’an Vil., Changhua City, Changhua County 500025, Taiwan (R.O.C.)","李O益","04-7281338","04-7237326","有","有"
"45062655","19940423","20210814","迎旭企業有限公司","SUNNY EAST ENTERPRISE CO., LTD.","桃園市中壢區金華里六和路55號18樓之2","18F.-2, No. 55, Liuhe Rd., Jinhua Vil., Zhongli Dist., Taoyuan City 32085, Taiwan (R.O.C.)","戴O煥","03-4912376","","有","有"
"45062769","20190502","20211006","浚豐開發有限公司","Jun Feng Development Co., Ltd.","南投縣南投市平和里芳美路441號一樓","1 F., No. 441, Fangmei Rd., Pinghe Vil., Nantou City, Nantou County 54052, Taiwan (R.O.C.)","陳O雄","0926855755","","有","有"
"45062846","20190508","20210815","美麗康生技股份有限公司","MLK BIOSCIENCE CO., LTD.","桃園市桃園區大興西路二段6號16樓之1","16F.-1, No. 6, Sec. 2, Daxing W. Rd., Taoyuan Dist., Taoyuan City 33046, Taiwan (R.O.C.)","王O婷","03-3012233","","有","有"
"45062923","19981001","20240326","弘帆工業有限公司","KAWASHIMA MACHINERY IND. CO., LTD.","桃園市楊梅區梅獅路二段578巷16弄10號","No. 10, Aly. 16, Ln. 578, Sec. 2, Meishi Rd., Yangmei Dist., Taoyuan City 32658, Taiwan (R.O.C.)","廖O誠","03-4523563","03-4523795","有","有"
"45063129","20160406","20210813","納達微科技有限公司","SEMIPRECISE LIMITED COMPANY","新竹縣竹北市隘口里復興二路229號2樓之7","2F.-7, No. 229, Fuxing 2nd Rd., Aikou Vil., Zhubei City, Hsinchu County 30271, Taiwan (R.O.C.)","周O","0928-414-530","","有","有"
"45063606","20161129","20250207","智居科技有限公司","INTELLEGENCE UBIQUITOUS CO., LTD.","桃園市桃園區春日路136號3樓","3 F., No. 136, Chunri Rd., Taoyuan Dist., Taoyuan City 330017, Taiwan (R.O.C.)","徐O基","03-3356546","03-3356546","有","有"
"45063970","20160407","20210815","麻茶元有限公司","MATCHAMOTO LIMITED","桃園市桃園區南埔里溫州街1巷12之1號","No. 12-1, Ln. 1, Wenzhou St., Nanpu Vil., Taoyuan Dist., Taoyuan City 33059, Taiwan (R.O.C.)","柳O源","03-3522214","","有","有"
"45064078","19960124","20210813","世聚工業有限公司","SHIH HUI MACHINERY CO., LTD.","桃園市楊梅區員本里民富路3段248號","No. 248, Sec. 3, Minfu Rd., Yuanben Vil., Yangmei Dist., Taoyuan City 32663, Taiwan (R.O.C.)","潘O敏","03-4727366","03-4727636","有","有"
"45064247","20160428","20210927","翔譽國際貿易股份有限公司","MEGA XIANG INTERNATIONAL TRADE CO., LTD.","新竹市北區武陵路175巷1號9樓之4","9F.-4, NO. 1, LN. 175, WULING RD., NORTH DIST., HSINCHU CITY 300080, TAIWAN (R.O.C.)","滕O森","03-5312691","03-5277575","有","有"
"45064289","20040721","20210813","朝健五金有限公司","CHAO JIEN SCREW HARDWARE CO., LTD.","桃園市中壢區普義里延平路12號","No. 12, Yanping Rd., Puyi Vil., Zhongli Dist., Taoyuan City 32085, Taiwan (R.O.C.)","賴O君","03-452-7467","03-452-4361","有","有"
"45064372","20241001","20241001","信太投資股份有限公司","Shin Tai Investment CO., LTD.","新竹縣竹東鎮員山路118巷6號","No. 6, Ln. 118, Yuanshan Rd., Zhudong Township, Hsinchu County 310021, Taiwan (R.O.C.)","蔡O時","03-578-8621 #682","","有","有"
"45064513","19950915","20210815","佑璣機電實業有限公司","YEU GEE ELECTRIC MACHINERY INDUSTRIAL CO., LTD.","桃園市中壢區中山東路三段347巷66號","No. 66, Ln. 347, Sec. 3, Zhongshan E. Rd., Zhongli Dist., Taoyuan City 32078, Taiwan (R.O.C.)","鍾O宗","03-4561916","03-4366815","有","有"
"45065105","19930202","20210814","芃威工業有限公司","PONG WAY INDUSTRIAL CO., LTD.","新北市新莊區思源路81號","No. 81, Siyuan Rd., Xinzhuang Dist., New Taipei City 24251, Taiwan (R.O.C.)","楊O坤","02-29947478","","有","有"
"45065457","20220923","20220923","無缺國際有限公司","WU QUE INTERNATIONAL LTD.","屏東縣屏東市溝美里大連路62之35號1樓","1 F., No. 62-35, Dalian Rd., Goumei Vil., Pingtung City, Pingtung County 900026, Taiwan (R.O.C.)","吳O山","0939090775","08-7385962","有","有"
"45065702","20160406","20231026","佳通國際貿易有限公司","ORO CASA INTERNATIONAL CO., LTD.","桃園市平鎮區平南里大連街25號","No. 25, Dalian St., Pingnan Vil., Pingzhen Dist., Taoyuan City 324018, Taiwan (R.O.C.)","李O蘭","03-4620788","","有","有"
"45065822","19921113","20230407","泰亦膠業股份有限公司","TAY YAH RUBBER INDUSTRY CO.,LTD","桃園市中壢區環北路602號","No. 602, Huanbei Rd., Zhongli Dist., Taoyuan City 320029, Taiwan (R.O.C.)","葉O庭","03-4529941","","有","有"
"45065956","20170825","20210814","明揚食品有限公司","MING YANG FOOD CO., LTD.","桃園市八德區大勇里東勇北路476號（1樓）","1 F., No. 476, Dongyong N. Rd., Dayong Vil., Bade Dist., Taoyuan City 33458, Taiwan (R.O.C.)","林O生","03-3772606","03-3772616","有","有"
"45066006","20160407","20210814","廣澍材料有限公司","SHU GUANG MATERIAL CO., LTD.","彰化縣秀水鄉安溪村彰水路一段680-9號1樓","1 F., No. 680-9, Sec. 1, Zhangshui Rd., Xiushui Township, Changhua County 50447, Taiwan (R.O.C.)","蔡O真","0963-096372","","有","有"
"45066809","20160502","20210814","華采美容實業有限公司","BEAUTY HUA MINE INDUSTRIAL CO., LTD.","基隆市安樂區武隆街59巷73號","No. 73, Ln. 59, Wulong St., Anle Dist., Keelung City 20446, Taiwan (R.O.C.)","周O","02-24323096","","有","有"
"45066913","20170623","20220928","藍芯有限公司","SAPPHIRE CORE CO., LTD","桃園市桃園區大興西路二段63號四樓","4 F., No. 63, Sec. 2, Daxing W. Rd., Taoyuan Dist., Taoyuan City 330012, Taiwan (R.O.C.)","陳O羚","03-3029158","","無","無"
"45067201","20170105","20210814","展弘興業有限公司","ZHANHONG AIRFLOW ENTERPRISE CO., LTD.","新竹縣新豐鄉員山村忠信街176巷2弄30號","No. 30, Aly. 2, Ln. 176, Zhongxin St., Xinfeng Township, Hsinchu County 30443, Taiwan (R.O.C.)","龍O綸","03-5577193","","有","有"
"45067309","20180112","20240626","天驕雅緻股份有限公司","Emma Idea limited","桃園市八德區大義里義勇街31號","No. 31, Yiyong St., Dayi Vil., Bade Dist., Taoyuan City 33442, Taiwan (R.O.C.)","","0953288592","","無","無"
"45067568","20160413","20210814","華泰創新科技股份有限公司","HUA TAI INNOVATE TECHNOLOGY CO., LTD.","彰化縣彰化市平和里線東路一段353-2號1樓","1 F., No. 353-2, Sec. 1, Xiandong Rd., Pinghe Vil., Changhua City, Changhua County 50070, Taiwan (R.O.C.)","王O廷","04-7620427","04-7637848","有","有"
"45067624","20160411","20220925","新活力企業股份有限公司","NEW POWER FAMILY ENTERPRISE CO., LTD.","桃園市楊梅區裕新里15鄰裕成南路366號1樓","1 F., No. 366, Yucheng S. Rd., 15th Neighborhood, Yuxin Vil., Yangmei Dist., Taoyuan City 326028, Taiwan (R.O.C.)","葉O斌","0982924419","","無","無"
"45067883","20000609","20210811","源泰行","YUAN TAI FOODSTUFF CO.","桃園市平鎮區新安里龍南路５２６號１樓","1 F., No. 526, Longnan Rd., Xin’an Vil., Pingzhen Dist., Taoyuan City 32467, Taiwan (R.O.C.)","吳O榮","03-4502807","","有","有"
"45068166","20160428","20210815","日積先進材料有限公司","NNK MATERIAL CO., LTD.","桃園市龍潭區高原里渴望路185號之1","No. 185-1, Kewang Rd., Gaoyuan Vil., Longtan Dist., Taoyuan City 32556, Taiwan (R.O.C.)","王O蕙","0908132585","","有","有"
"45068200","20160414","20210813","台灣業凱電子科技有限公司","YEKAI ELECTRONIC TECHNOLOGY CO., LTD.","桃園市楊梅區水美里新梅五街20巷186弄15號","No. 15, Aly. 186, Ln. 20, Xinmei 5th St., Shuimei Vil., Yangmei Dist., Taoyuan City 32643, Taiwan (R.O.C.)","范O科","03-4822121","","有","有"
"45068519","20210318","20210814","洄瀾薯道有限公司","SINCE1938 COMPANY","花蓮縣花蓮市民族里中華路11號1樓","1 F., No. 11, Zhonghua Rd., Minzu Vil., Hualien City, Hualien County 97044, Taiwan (R.O.C.)","劉O祺","03-8359495","03-8339077","有","有"
"45068530","20241113","20241113","豊承五金有限公司","LICHENG DEVELOPMENT TRADING CO., LTD.","嘉義市西區國華里3鄰北榮街76號1樓","1 F., No. 76, Beirong St., 3rd Neighborhood, Guohua Vil., West Dist., Chiayi City 600002, Taiwan (R.O.C.)","傅O菱","0987233360","","有","有"
"45068546","20160412","20230307","呈星有限公司","CSG MOBILE LTD.","桃園市龜山區幸福里幸福三街57號5樓","5 F., No. 57, Xingfu 3rd St., Xingfu Vil., Guishan Dist., Taoyuan City 333021, Taiwan (R.O.C.)","林O庭","0980083078","","有","有"
"45068659","20160420","20240316","錡樂有限公司","KHILOK LTD.","桃園市桃園區中山里國際路一段1124巷12弄4號","No. 4, Aly. 12, Ln. 1124, Sec. 1, Guoji Rd., Zhongshan Vil., Taoyuan Dist., Taoyuan City 330052, Taiwan (R.O.C.)","","03-2288215","","無","無"
"45068948","20160412","20210815","信道科技股份有限公司","CSPTEK LTD. CO.","桃園市中壢區興仁里興仁路二段67巷28號2樓","2 F., No. 28, Ln. 67, Sec. 2, Xingren Rd., Xingren Vil., Zhongli Dist., Taoyuan City 32074, Taiwan (R.O.C.)","黃O珊","0912926397","","有","有"
"45069171","20160418","20210814","旺均螺絲有限公司","WANG JIM SCREW CO., LTD.","新竹縣竹北市中華路107號(1樓)","1 F., No. 107, Zhonghua Rd., Zhubei City, Hsinchu County 30269, Taiwan (R.O.C.)","楊O櫻","03-5537222","03-5558831","有","有"
"45069480","20160831","20210814","福泰開發事業有限公司","FUTAI DEVELOPMENT ENTERPRISE CO., LTD.","彰化縣員林市萬年里萬年路一段308號1樓","1 F., No. 308, Sec. 1, Wannian Rd., Wannian Vil., Yuanlin City, Changhua County 51056, Taiwan (R.O.C.)","許O葦","04-8348097","","有","有"
"45069708","20160414","20241031","靖淇國際有限公司","CJQ INTERNATIONAL CO., LTD.","新竹縣竹北市縣政二路南段130號15樓","15 F., No. 130, Sec. S., Xianzheng 2nd Rd., Zhubei City, Hsinchu County 30285, Taiwan (R.O.C.)","林O鄉","","","有","有"
"45069714","20220114","20220114","百聚得實業有限公司","Baijude Industrial Co., Ltd.","桃園市桃園區汴洲里春日路1655號","No. 1655, Chunri Rd., Bianzhou Vil., Taoyuan Dist., Taoyuan City 33051, Taiwan (R.O.C.)","王O男","03-3163777","","有","有"
"45070607","19921209","20210813","敏尚企業有限公司","MINSUN TECHNOLOGY CO., LTD.","新北市樹林區俊興街210巷15號","No. 15, Ln. 210, Junxing St., Shulin Dist., New Taipei City 23866, Taiwan (R.O.C.)","盧O暢","02-26894051","26880109","有","有"
"45071227","20160412","20231215","顏實力有限公司","VIMP CO., LTD.","新竹市東區新光里明湖路175巷1-1號","No. 1-1, Ln. 175, Minghu Rd., Xinguang Vil., East Dist., Hsinchu City 300035, Taiwan (R.O.C.)","顏O真","0939392380","","有","有"
"45071253","20170621","20210813","鼎信國際管理顧問股份有限公司","DINGSHIN S.K.P. INTERNATIONAL CO., LTD.","桃園市龍潭區三和里6鄰秀峰一街11巷3號","No. 3, Ln. 11, Xiufeng 1st St., 6th Neighborhood, Sanhe Vil., Longtan Dist., Taoyuan City 32556, Taiwan (R.O.C.)","謝O傑","0939188138","","有","有"
"45071269","20160414","20210813","錞尚木業有限公司","CHUN SHANG WOOD CO., LTD.","新竹市北區育英里四維路130號5樓之3","5F.-3, No. 130, Siwei Rd., Yuying Vil., North Dist., Hsinchu City 30046, Taiwan (R.O.C.)","魏O慶","0932167329","03-5266779","有","有"
"45071417","20170921","20210813","專成照明有限公司","ZHUAN CHENG LIGHTING CO., LTD.","新竹市東區鐵道路二段10號1樓","1 F., No. 10, Sec. 2, Tiedao Rd., East Dist., Hsinchu City 30059, Taiwan (R.O.C.)","邵O宥","03-5735309","03-5735306","有","有"
"45071486","20220127","20220128","共力有限公司","Green Steel Products Co.,Ltd.","桃園市中壢區忠義里南園路 2之14號","No. 2-14, Nanyuan Rd., Zhongyi Vil., Zhongli Dist., Taoyuan City 32063, Taiwan (R.O.C.)","林O鵬","03-4529631","03-4525732","有","有"
"45071970","20160412","20240106","四界企業有限公司","FULL WORLD CO., LTD.","桃園市蘆竹區營福里六福路120號8樓之2","8 F.-2, No. 120, Liufu Rd., Yingfu Vil., Luzhu Dist., Taoyuan City 338107, Taiwan (R.O.C.)","","03-2120855","","無","無"
"45071991","19930909","20241012","奎龍實業股份有限公司","TAIWAN SUNLON INDUSTRIAL CO., LTD.","桃園市中壢區忠福里南園路1號","No. 1, Nanyuan Rd., Zhongfu Vil., Zhongli Dist., Taoyuan City 320023, Taiwan (R.O.C.)","高O洲","","","有","有"
"45072324","20221129","20221129","順昌加工廠有限公司","SHUN CHANG PROCESSING PLANT CO., LTD.","彰化縣永靖鄉永興村永興路一段119巷1號","No. 1, Ln. 119, Sec. 1, Yongxing Rd., Yongjing Township, Changhua County 512001, Taiwan (R.O.C.)","蕭O汯","04-8230702","","有","有"
"45072400","20230810","20230810","柏登有限公司","Broaden Marketing Consultants CO., LTD.","南投縣草屯鎮新厝里新富二街133號1樓","1 F., No. 133, Xinfu 2nd St., Caotun Township, Nantou County 542003, Taiwan (R.O.C.)","李O瑩","0932-178764","","有","有"
"45072507","20190424","20210814","豪宏興業有限公司","HAO HOME ENTERPRISE CO., LTD.","雲林縣斗六市忠孝里1鄰中華路317號1樓","1 F., No. 317, Zhonghua Rd., 1st Neighborhood, Zhongxiao Vil., Douliu City, Yunlin County 64045, Taiwan (R.O.C.)","張O德","05-5334545","","有","有"
"45072703","20160413","20210814","晶鈦鑫股份有限公司","TIPRO CO., LTD.","彰化縣伸港鄉全興村西全路166巷85號","No. 85, Ln. 166, Xiquan Rd., Shengang Township, Changhua County 50951, Taiwan (R.O.C.)","趙O興","04-7987686","04-7985786","有","有"
"45072865","20210623","20210813","超控科技有限公司","ULTRA CONTROL TECHNOLOGY CO., LTD.","彰化縣員林市大饒里香山路32號1樓","1 F., No. 32, Xiangshan Rd., Darao Vil., Yuanlin City, Changhua County 51063, Taiwan (R.O.C.)","黃O明","0911758122","","有","有"
"45072984","19830302","20250501","台灣富樂股份有限公司","H.B. FULLER TAIWAN CO., LTD.","新北市林口區中山路250號3樓","3 F., No. 250, Zhongshan Rd., Linkou Dist., New Taipei City 24446, Taiwan (R.O.C.)","KOungJuOh","02-26033385","02-26033382","有","有"
"45073082","20000410","20230606","壢台實業社","ZII TAI ENTERPRISE CO.","桃園市平鎮區北華里德育路2段17號1樓","1 F., No. 17, Sec. 2, Deyu Rd., Beihua Vil., Pingzhen Dist., Taoyuan City 324002, Taiwan (R.O.C.)","林O李","03-4588288","03-4575701","無","無"
"45073105","20240531","20240531","聚亨環保有限公司","Juheng Environmental Protection CO., LTD.","桃園市中壢區仁祥里華勛街163巷16號1樓","1 F., No. 16, Ln. 163, Huaxun St., Renxiang Vil., Zhongli Dist., Taoyuan City 320035, Taiwan (R.O.C.)","戴O明","03-4385199","03-4385196","有","有"
"45073273","20000713","20211215","方志實業有限公司","FANG ZHI ENTERPRISE CO., LTD.","桃園市中壢區金華里六和路55號9樓之1","9F.-1, No. 55, Liuhe Rd., Jinhua Vil., Zhongli Dist., Taoyuan City 32085, Taiwan (R.O.C.)","徐O昌","03-4965009","","有","有"
"45073528","20160421","20230725","晟馥科技有限公司","JASSAN TECHNOLOGY CO., LTD.","苗栗縣苑裡鎮社苓里社苓63之1號","No. 63-1, Sheling, Sheling Vil., Yuanli Township,  Miaoli County 358008, Taiwan (R.O.C.)","林O菁","04-25588388","04-25588387","有","有"
"45073604","19851114","20210813","載坤針織股份有限公司","TZAY KUEN KNITTING CO., LTD.","桃園市中壢區延平路500號6樓","6 F., No. 500, Yanping Rd., Zhongli Dist., Taoyuan City 32041, Taiwan (R.O.C.)","余O開","03-4225061","03-4225323","有","有"
"45073652","20160415","20210814","碁諾管理顧問有限公司","GINO MANAGEMENT CONSULTING COMPANY LIMITED","新竹縣竹北市竹義里中正東路512號1樓","1 F., No. 512, Zhongzheng E. Rd., Zhuyi Vil., Zhubei City, Hsinchu County 30252, Taiwan (R.O.C.)","何O昌","0975-803856","","有","有"
"45074126","20241128","20241128","祐旭食品有限公司","YU SHIU FOOD CO., LTD.","新北市五股區中興路2段32巷2弄2號之1","No. 2-1, Aly. 2, Ln. 32, Sec. 2, Zhongxing Rd., Wugu Dist., New Taipei City 248012, Taiwan (R.O.C.)","李O倫","02-82286067","02-82286075","有","有"
"45074224","20170418","20230304","台灣沛睿德股份有限公司","PETREAT BIOTECH CO., LTD.","桃園市桃園區中正路1249號12樓之2","12 F.-2, No. 1249, Zhongzheng Rd., Taoyuan Dist., Taoyuan City 330010, Taiwan (R.O.C.)","林O蓉","03-3566678","","有","有"
"45074293","20160527","20230621","優必闊科技股份有限公司","UBIIK INC.","臺北市大同區承德路1段17號19樓","19 F., No. 17, Sec. 1, Chengde Rd., Datong Dist., Taipei City 103613, Taiwan (R.O.C.)","彭O豪","03-6684886","03-6682113","有","有"
"45074483","20160412","20240904","櫻軒庄國際企業有限公司","YING XUAN ZHUANG INTERNATIONAL CO., LTD.","桃園市楊梅區仁美里永平路179號","No. 179, Yongping Rd., Renmei Vil., Yangmei Dist., Taoyuan City 326015, Taiwan (R.O.C.)","黃O敏","03-4363858","","有","有"
"45074527","20160428","20230217","靜威貿易有限公司","JING WEI MEDICINE WHOLESALE TRADE CO., LTD.","臺東縣臺東市中興路四段2巷72號","No. 72, Ln. 2, Sec. 4, Zhongxing Rd., Taitung City, Taitung County 950026, Taiwan (R.O.C.)","陳O豪","089-227645","089-342315","有","有"
"45074532","20181016","20221014","松楊科技工程有限公司","Song yang Industrial Co., Ltd.","新北市蘆洲區成功路141號","No. 141, Chenggong Rd., Luzhou Dist., New Taipei City 247015, Taiwan (R.O.C.)","蘇O傑","0965-092355","02-22880340","有","有"
"45074630","20190523","20220812","德京有限公司","DE JING ENTERPRISE CO., LTD.","屏東縣內埔鄉豐田村建富路1號","No. 1, Jianfu Rd., Neipu Township, Pingtung County 91252, Taiwan (R.O.C.)","潘O風","08-7693688","08-7791885","有","有"
"45074717","20161017","20210815","松聖企業有限公司","ATENBO ENTERPRISE CO., LTD.","桃園市中壢區永福里東園路22號2樓","2 F., No. 22, Dongyuan Rd., Yongfu Vil., Zhongli Dist., Taoyuan City 32063, Taiwan (R.O.C.)","巫O松","03-4536359","03-4555907","有","有"
"45074890","20170705","20210813","凡創有限公司","VANACHIEVE COMPANY LIMITED","新竹縣竹東鎮二重里光明路126巷5弄16號13樓","13 F., No. 16, Aly. 5, Ln. 126, Guangming Rd., Erchong Vil., Zhudong Township, Hsinchu County 31066, Taiwan (R.O.C.)","温O城","03-5830741","","有","有"
"45075032","20231116","20231116","勝堯工程有限公司","syicc CO., LTD.","屏東縣萬丹鄉水泉村泉興路1120號","No. 1120, Wandan Township, Pingtung County 913, Taiwan (R.O.C.)","李O眞","","","有","有"
"45075048","20160728","20241106","澐洲科技有限公司","CLOUD IDEA TECHNOLOGY CO., LTD.","基隆市信義區東峰街101號3樓","3 F., No. 101, Dongfeng St., Xinyi Dist., Keelung City 201006, Taiwan (R.O.C.)","劉O英","0927879670","","有","有"
"45075173","20160425","20211005","捷奕企業股份有限公司","JELITECH CO., LTD.","苗栗縣頭份市蟠桃里信三街122號6樓","6 F., No. 122, Xin 3rd St., Pantao Vil., Toufen City, Miaoli County 35157, Taiwan (R.O.C.)","陳O明","037-585173","037-585171","有","有"
"45075363","20160714","20210814","冬山河船旅有限公司","DONGSHAN RIVER CRUISE LIMITED COMPANY","宜蘭縣宜蘭市思源里女中路3段475號1樓","1 F., No. 475, Sec. 3, Nuzhong Rd., Siyuan Vil., Yilan City, Yilan County 26059, Taiwan (R.O.C.)","方O雄","03-9362520","","有","有"
"45075498","20191220","20210815","勝益機械有限公司","SHENG YI MACHINERY CO., LTD.","嘉義縣水上鄉國姓村三界埔104-100號1樓","1 F., No. 104-100, Sanjiepu, Shuishang Township, Chiayi County 60858, Taiwan (R.O.C.)","楊O宇","05-2397670","","有","有"
"45075687","20160420","20221127","工匠奈米有限公司","NAMI TECH CO., LTD.","桃園市桃園區天祥五街11號7樓之5","7 F.-5, No. 11, Tianxiang 5th St., Taoyuan Dist., Taoyuan City 330007, Taiwan (R.O.C.)","章O澎","03-4970496","","無","無"
"45075791","20160428","20210814","亞士亞軸承有限公司","HCH BEARING CO.","桃園市蘆竹區富竹里南竹路4段35號(1樓)","1 F., No. 35, Sec. 4, Nanzhu Rd., Fuzhu Vil., Luzhu Dist., Taoyuan City 33847, Taiwan (R.O.C.)","林O勝","03-3136055","03-3138466","有","有"
"45075856","20160505","20230418","台灣昭和股份有限公司","TAIWAN SHOWA CO., LTD.","臺中市大雅區中清東路19號","No. 19, Zhongqing E. Rd., Daya Dist., Taichung City 428011, Taiwan (R.O.C.)","陳O仁","04-22959266","04-22959138","有","有"
"45075912","20160913","20210812","錡羿國際有限公司","KEI YI INTERNATIONAL LIMITED","桃園市大園區西埔里永安路1311巷13號(1樓)","1 F., No. 13, Ln. 1311, Xipu Vil., Dayuan Dist., Taoyuan City 337, Taiwan (R.O.C.)","白O琪","03-3022766","03-3023677","有","有"
"45076095","20160420","20230303","伊紳樂施國際股份有限公司","ERSS INTERNATIONAL CO., LTD.","桃園市大園區潮音北路185號 (1樓)","1 F., No. 185, Chaoyin N. Rd., Dayuan Dist., Taoyuan City 337012, Taiwan (R.O.C.)","施O凱","03-3866385","03-3866385","有","有"
"45076150","20160414","20210815","聯泰科技有限公司","LIEN TAI TECHNOLOGY CO., LTD.","彰化縣員林市三信里浮圳路2段492號","No. 492, Sec. 2, Fuzun Rd., Sanxin Vil., Yuanlin City, Changhua County 51055, Taiwan (R.O.C.)","林O義","04-8383977","","有","有"
"45076291","20200211","20240314","擬模數位創意股份有限公司","NEMOR Co. Ltd.","臺北市中山區中山北路3段26號8樓","8 F., No. 26, Sec. 3, Zhongshan N. Rd., Zhongshan Dist., Taipei City 104027, Taiwan (R.O.C.)","","02-29333121","","無","無"
"45076449","20160803","20230524","健晟堆高機有限公司","JIAN CHENG MACHINE CO., LTD.","屏東縣屏東市維新里昆明街69號1樓","1 F., No. 69, Kunming St., Weixin Vil., Pingtung City, Pingtung County 900009, Taiwan (R.O.C.)","林O宏","0918129179","","有","有"
"45076588","20160421","20210814","今葉資訊有限公司","LEAVES INFORMATION CO., LTD.","桃園市楊梅區瑞溪里瑞溪路一段332號1樓","1 F., No. 332, Sec. 1, Ruixi Rd., Ruixi Vil., Yangmei Dist., Taoyuan City 32660, Taiwan (R.O.C.)","葉O進","03-4827880","","有","有"
"45076882","20220905","20220905","星兆投資有限公司","STARK INVESTMENT COMPANY","新竹市東區親仁里6鄰東大路一段127號13樓","13 F., No. 127, Sec. 1, Dongda Rd., 6th Neighborhood, Qinren Vil., East Dist., Hsinchu City 300026, Taiwan (R.O.C.)","許O修","03-6563996","","有","有"
"45077123","20180410","20210814","陸益客服資訊有限公司","Lu Yi Customer Service Information Co., Ltd.","屏東縣屏東市潭墘里機場北路516號7樓","7 F., No. 516, Jichang N. Rd., Tanqian Vil., Pingtung City, Pingtung County 90068, Taiwan (R.O.C.)","陳O旭","08-7324060","08-7510048","有","有"
"45077138","20160420","20210814","頂益科技有限公司","TOPGAIN TECHNOLOGY CO., LTD.","新竹市東區武功里新源街108號4樓之1","4F.-1, No. 108, Xinyuan St., Wugong Vil., East Dist., Hsinchu City 30070, Taiwan (R.O.C.)","陳O耀","03-5722777","03-5710088","有","有"
"45077165","20171102","20230926","兆馳有限公司","Zhao-Chi Company Limited","新北市板橋區江寧路3段55巷4號4樓","4 F., No. 4, Ln. 55, Sec. 3, Jiangning Rd., Banqiao Dist., New Taipei City 220025, Taiwan (R.O.C.)","巫O洪","02-22517776","","有","有"
"45077215","20190308","20210813","碇藍興業有限公司","Blue Venture Ltd.","彰化縣溪湖鎮大突里大同十二街16號","No. 16, Datong 12th St., Datu Vil., Xihu Township, Changhua County 51450, Taiwan (R.O.C.)","江O輝","0911982520","","有","有"
"45077236","20160503","20221012","伊麗絲事業有限公司","ALIIYES ENTERPRISE CO., LTD.","高雄市左營區立莊路35巷5號1樓","1 F., No. 5, Ln. 35, Lizhuang Rd., Zuoying Dist., Kaohsiung City 813016, Taiwan (R.O.C.)","王O逸","0956080051","","無","無"
"45077257","20160418","20210814","昕達貿國際有限公司","HXIN DA MAO INTERNATIONAL CO., LTD.","宜蘭縣五結鄉大吉三路208巷9號1樓","1 F., No. 9, Ln. 208, Daji 3rd Rd., Wujie Township, Yilan County 26842, Taiwan (R.O.C.)","何O達","03-9547899","03-9547469","有","無"
"45077411","20160419","20210814","崴普國際有限公司","WEI PU INTERNATIONAL CO., LTD.","臺中市西屯區上安里臺灣大道三段592號26樓之3","26F.-3, No. 592, Sec. 3, Taiwan Blvd., Shang’an Vil., Xitun Dist., Taichung City 40757, Taiwan (R.O.C.)","古O男","037-851771","","有","有"
"45077480","20170510","20221126","法樂公爵有限公司","FALE FRANCE BAKERY CO., LTD.","新竹縣竹北市文化里文喜街33號","No. 33, Wenxi St., Wenhua Vil., Zhubei City, Hsinchu County 302010, Taiwan (R.O.C.)","李O怡","0982161437","","有","有"
"45078039","20180419","20230304","加一食品有限公司","PLUS ONE FOODS CO., LTD.","桃園市平鎮區民族路雙連二段118巷49弄47號二樓","2 F., No. 47, Aly. 49, Ln. 118, Shuanglian Sec. 2, Minzu Rd., Pingzhen Dist., Taoyuan City 324011, Taiwan (R.O.C.)","黃O華","03-4205022","03-4205025","有","有"
"45078116","20170306","20230217","群揚光電力股份有限公司","CHUN YANG ELECTRIC POEWER CO., LTD.","新竹市東區新光里高峰路110巷7-3號1樓","1 F., No. 7-3, Ln. 110, Gaofeng Rd., Xinguang Vil., East Dist., Hsinchu City 30064, Taiwan (R.O.C.)","楊O翔","03-5300550","","有","有"
"45078360","20180619","20231005","光晨能源科技股份有限公司","GUANG CHEN Energy Technology Co., Ltd.","桃園市大園區溪海里柴梳崙路338號2樓","2 F., No. 338, Chaishulun Rd., Xihai Vil., Dayuan Dist., Taoyuan City 337010, Taiwan (R.O.C.)","郭O德","02-27587662","02-27589622","有","有"
"45078565","20160418","20210813","欣禾貿易有限公司","WITCOPIA TRADING CO., LTD.","彰化縣彰化市延平里大埔路465號","No. 465, Dapu Rd., Yanping Vil., Changhua City, Changhua County 50050, Taiwan (R.O.C.)","劉O任","04-7112362","","有","有"
"45078777","20160421","20210812","中崎機電有限公司","JUNG CHYI ELECTROMECHANICAL CO., LTD.","桃園市中壢區新興里天祥3街23號(1樓)","1 F., No. 23, Xinxing Vil., Zhongli Dist., Taoyuan City 320, Taiwan (R.O.C.)","黃O振","03-4278543","03-4272291","有","有"
"45078973","20161116","20210815","安立雅科技有限公司","ANNYA TECHNOLOGY LTD.","嘉義市義教里義教街706巷16-1號","No. 16-1, Ln. 706, Yijiao St., Yijiao Vil., East Dist., Chiayi City 60073, Taiwan (R.O.C.)","李O招","0975813866","","有","有"
"45079115","20160420","20221124","華昇有限公司","FLORASUN CORP.","新竹市東區光復路一段385巷7號2樓","2 F., No. 7, Ln. 385, Sec. 1, Guangfu Rd., East Dist., Hsinchu City 300049, Taiwan (R.O.C.)","鄒O德","","","有","有"
"45079142","20170315","20230105","廣藍科技有限公司","WILD BLUE CO., LTD.","新竹縣竹北市斗崙里縣政八街56號4樓","4 F., No. 56, Xianzheng 8th St., Doulun Vil., Zhubei City, Hsinchu County 302048, Taiwan (R.O.C.)","廖O雄","03-6572806","03-6572830","有","有"
"45079179","20160418","20210813","台卷木建材有限公司","JUAN WOOD BUILDING MATERIALS CO., LTD.","彰化縣鹿港鎮海埔里工業東三路6號","No. 6, Gongye E. 3rd Rd., Haipu Vil., Lukang Township, Changhua County 50544, Taiwan (R.O.C.)","黃O哲","04-7812018","04-7812122","有","有"
"45079229","20160427","20221015","瑞峰半導體股份有限公司","RAYTEK SEMICONDUCTOR, INC.","新竹縣湖口鄉新竹工業區光復北路12號5樓","5 F., No. 12, Guangfu N. Rd., Hukou Township, Hsinchu County 303036, Taiwan (R.O.C.)","戴O瑞","03-5971111","03-5971997","有","有"
"45079240","20160422","20210814","愛慕股份有限公司","AMOUR GARDEN CO., LTD.","基隆市安樂區安一路369號底層","No. 369, An 1st Rd., Anle Dist., Keelung City 20443, Taiwan (R.O.C.)","毛O萱","02-25164545","02-25164228","有","有"
"45079348","20160615","20210814","兆源精機有限公司","ZHAO YUAN PRECISION MACHINERY CO., LTD.","桃園市楊梅區新江路218巷29弄9號1樓","1 F., No. 9, Aly. 29, Ln. 218, Xinjiang Rd., Yangmei Dist., Taoyuan City 32652, Taiwan (R.O.C.)","宋O慶","03-4335398","03-4336621","有","有"
"45079473","20160602","20210813","湛龍精密科技股份有限公司","ARTS DRAGON PRECISION IND. CO., LTD.","桃園市桃園區南豐二街66號","No. 66, Nanfeng 2nd St., Taoyuan Dist., Taoyuan City 33064, Taiwan (R.O.C.)","高O麟","03-3670622","","有","有"
"45079516","20240809","20240809","昌發節能爐窯有限公司","Chang-Fa Fuel Saving Stove Company Limited","彰化縣鹿港鎮洋厝里洋厝巷31號","No. 31, Yangcuo Ln., Yangcuo Vil., Lukang Township, Changhua County 505019, Taiwan (R.O.C.)","黃O言","","","有","有"
"45079543","20190904","20210813","盈泰銲業有限公司","Ying Tai ARC CO., Ltd","宜蘭縣宜蘭市凱旋里東津路17之12號1樓","1 F., No. 17-12, Dongjin Rd., Kaixuan Vil., Yilan City, Yilan County 26069, Taiwan (R.O.C.)","邱O隆","+886926819943","03-9572898","有","有"
"45079558","20170914","20241109","冠寶開發有限公司","GUANBAO DEVELOPMENT CO., LTD","桃園市桃園區寶慶里同德七街18號(1樓)","1 F., No. 18, Tongde 7th St., Baoqing Vil., Taoyuan Dist., Taoyuan City 33046, Taiwan (R.O.C.)","葉O芳","03-3168798","","有","有"
"45079683","20191126","20210814","艾森農場有限公司","AZENFARM CO., LTD","嘉義縣大林鎮明和里甘蔗崙96號1樓","1 F., No. 96, Ganzhelun, Minghe Vil., Dalin Township, Chiayi County 62243, Taiwan (R.O.C.)","邱O議","05-5869570","","有","有"
"45079972","20160505","20230621","文云實業有限公司","WUN YUN INDUSTRIAL CO., LTD.","桃園市楊梅區迎旭二街59號","No. 59, Yingxu 2nd St., Yangmei Dist., Taoyuan City 326016, Taiwan (R.O.C.)","田O","02-26024450","02-26024420","有","有"
"45080083","20160429","20230509","富伯生醫科技股份有限公司","REHABOTICS MEDICAL TECHNOLOGY CORP.","新竹縣竹北市台元街38號2樓之2","2 F.-2, No. 38, Taiyuan St., Zhubei City, Hsinchu County 302082, Taiwan (R.O.C.)","黃O嘉","03-5600660","","有","有"
"45080648","20170316","20210813","捷叡生物科技有限公司","JIERUEI BIOTECHNOLOGY CO., LTD.","桃園市龜山區萬壽路一段609號3樓之4","3F.-4, No. 609, Sec. 1, Wanshou Rd., Guishan Dist., Taoyuan City 33350, Taiwan (R.O.C.)","簡O琦","02-82090029","","有","有"
"45082694","19961122","20220901","育富電子股份有限公司","YUFO-ELECTRONICS CO., LTD.","桃園市桃園區同安里六鄰新埔六街101號24樓","24 F., No. 101, Xinpu 6th St., 6th Neighborhood, Tong’an Vil., Taoyuan Dist., Taoyuan City 330007, Taiwan (R.O.C.)","劉O幹","03-3460289","03-3465316","有","有"
"45082759","19920312","20210813","新漢家飾股份有限公司","SIN-HAN FURNITURE CO., LTD.","桃園市平鎮區中豐路山頂段156號2樓之1","2F.-1, No. 156, Sec. Shanding, Zhongfeng Rd., Pingzhen Dist., Taoyuan City 32472, Taiwan (R.O.C.)","許O漢","03-4698839","03-4698838","有","有"
"45082977","19830411","20210815","伍享工業股份有限公司","WUU SHIANG INDUSTRIAL CO., LTD.","桃園市中壢區忠福里4鄰北園路23號","No. 23, Beiyuan Rd., 4th Neighborhood, Zhongfu Vil., Zhongli Dist., Taoyuan City 32063, Taiwan (R.O.C.)","簡O華","03-4523141","","有","有"
"45083552","20010327","20210814","元鉎企業有限公司","YUAN SHEN ENTERPRISE CO., LTD.","桃園市平鎮區鎮興里陸橋南路159巷15號","No. 15, Ln. 159, Luqiao S. Rd., Zhenxing Vil., Pingzhen Dist., Taoyuan City 32454, Taiwan (R.O.C.)","賴O標","03-4824858","03-4824271","有","有"
"45083595","19960410","20210813","通國實業有限公司","TUNG KUO INDUSTRIAL CO., LTD.","桃園市中壢區五權里民族路2段182號","No. 182, Sec. 2, Minzu Rd., Wuquan Vil., Zhongli Dist., Taoyuan City 32048, Taiwan (R.O.C.)","范O修","034-913733","034-928180","有","無"
"45083954","20180823","20230222","昇銘科技有限公司","Sheng Ming Technology Co., Ltd","桃園市楊梅區永寧里環南路222號","No. 222, Huannan Rd., Yongning Vil., Yangmei Dist., Taoyuan City 326027, Taiwan (R.O.C.)","劉O敏","03-4316008","03-5899500","有","有"
"45084010","19891111","20221123","億馨針織股份有限公司","PROKNIT KNITTING CO., LTD.","桃園市蘆竹區內厝里長興路一段223號","No. 223, Sec. 1, Changxing Rd., Neicuo Vil., Luzhu Dist., Taoyuan City 338020, Taiwan (R.O.C.)","洪O榮","03-322-2501","","有","有"
"45084525","20060127","20241026","禾浦科技整合有限公司","FULL SHINY AUTOMATION ENTERPRISE CO., LTD.","桃園市中壢區忠孝里忠孝路290號2樓","2 F., No. 290, Zhongxiao Rd., Zhongxiao Vil., Zhongli Dist., Taoyuan City 320062, Taiwan (R.O.C.)","","03-4558704","03-4552018","無","無"
"45084692","19901117","20210814","捷峯企業有限公司","JET FONDY INDUSTRIAL LTD.","桃園市龍潭區聖德里湧光路一段169巷89號","No. 89, Ln. 169, Sec. 1, Yongguang Rd., Shengde Vil., Longtan Dist., Taoyuan City 32542, Taiwan (R.O.C.)","楊O奕","03-4892873","03-4892874","有","有"
"45085398","19921003","20240221","溫誠工業股份有限公司","WEN CHENG LEAD WIRE CO., LTD.","桃園市新屋區頭洲里青田路376巷80號","No. 80, Ln. 376, Qingtian Rd., Touzhou Vil., Xinwu Dist., Taoyuan City 32741, Taiwan (R.O.C.)","鄧O遠","03-4903147","","有","有"
"45086137","19850430","20210813","扶德有限公司","TAIWAN FULL DARE CO., LTD.","桃園市中壢區興平里環北路176號1樓","1 F., No. 176, Huanbei Rd., Xingping Vil., Zhongli Dist., Taoyuan City 32055, Taiwan (R.O.C.)","周O","03-4258819","","有","有"
"45086586","20160425","20210814","鈞印實業有限公司","TJYY CO., LTD.","南投縣名間鄉中正村庄仔巷5之9號1樓","1 F., No. 5-9, Zhuangzai Ln., Mingjian Township, Nantou County 55143, Taiwan (R.O.C.)","陳O銘","0923275418","","有","有"
"45087591","19890410","20250320","騰信工業股份有限公司","TOSIN INDUSTRIAL CORP.","桃園市平鎮區中豐路南勢二段460巷117號","No. 117, Ln. 460, Nanshi Sec. 2, Zhongfeng Rd., Pingzhen Dist., Taoyuan City 32472, Taiwan (R.O.C.)","賴O芳","03-4391592","03-4391009","有","有"
"45087614","20080115","20230510","台安度量衡器有限公司","TAIAN SCALES CO., LTD.","桃園市中壢區新街里延平路218號一樓","1 F., No. 218, Yanping Rd., Xinjie Vil., Zhongli Dist., Taoyuan City 320045, Taiwan (R.O.C.)","林O妤","03-4528735","03-4528789","有","有"
"45087810","19970702","20210814","新明農機股份有限公司","HSIN MING AGRICULTURE MACHINERY CO., LTD.","桃園市中壢區新明里中明路95號1樓","1 F., No. 95, Zhongming Rd., Xinming Vil., Zhongli Dist., Taoyuan City 32046, Taiwan (R.O.C.)","陳O煇","03-4013752","","無","無"
"45088037","20160421","20231123","三順動力有限公司","THIRD-POWER CO., LTD.","宜蘭縣冬山鄉大興村德興六路60號","No. 60, Dexing 6th Rd., Daxing Vil., Dongshan Township,  Yilan County 269031, Taiwan (R.O.C.)","郭O連","03-9605354","","有","有"
"45088297","20161223","20210813","道勤科技企業有限公司","DAO QIN TECHONOLOGY CO., LTD.","臺東縣池上鄉福原村15鄰忠孝路359號1樓","1 F., No. 359, Zhongxiao Rd., 15th Neighborhood, Chishang Township, Taitung County 95861, Taiwan (R.O.C.)","彭O業","089-863283","089-863290","有","有"
"45088493","20160617","20230221","鉅勝貿易股份有限公司","CHISEN COMPANY LIMITED","基隆市中正區中正路185號","No. 185, Zhongzheng Rd., Zhongzheng Dist., Keelung City 202004, Taiwan (R.O.C.)","林O緯","0925350356","02-24245550","無","無"
"45089492","20000901","20230907","上大家具有限公司","EASY SON CO., LTD.","桃園市觀音區上大里上福路120巷39之1號","No. 39-1, Ln. 120, Shangfu Rd., Shangda Vil., Guanyin Dist., Taoyuan City 328014, Taiwan (R.O.C.)","魏O逸","03-4904505","03-4905131","有","有"
"45089628","19971117","20250311","六如股份有限公司","LIOW RUH CORP.","桃園市中壢區仁美里14鄰仁慈路160巷20號","No. 20, Ln. 160, Renci Rd., 14th Neighborhood, Renmei Vil., Zhongli Dist., Taoyuan City 320039, Taiwan (R.O.C.)","古O緞","03-4560661","03-4662098","無","無"
"45089991","20160527","20210815","建營企業股份有限公司","CHIEH YING CHI YEH CO., LTD.","桃園市中壢區東興里新興路52號1樓","1 F., No. 52, Xinxing Rd., Dongxing Vil., Zhongli Dist., Taoyuan City 32096, Taiwan (R.O.C.)","鄭O妹","03-4683595","03-4573394","有","有"
"45090110","20191202","20210813","億祐實業有限公司","YI YO COMPANY LIMITED","雲林縣臺西鄉五榔村五榔27-2號1樓","1 F., No. 27-2, Wulang, Taixi Township, Yunlin County 63655, Taiwan (R.O.C.)","吳O榮","05-6982339","05-6982578","有","有"
"45090287","20160427","20231121","寶力精密科技股份有限公司","POLYLUSTER CO., LTD.","臺南市東區關聖里裕農三街148號3樓","3 F., No. 148, Yunong 3rd St., Guansheng Vil., East Dist., Tainan City 701046, Taiwan (R.O.C.)","陳O錫","03-5560969","","有","有"
"45090483","20160419","20230407","日森家居有限公司","HIMORI HOME FURNISHINGS CO., LTD.","桃園市中壢區中央西路一段1號4樓","4 F., No. 1, Sec. 1, Zhongyang W. Rd., Zhongli Dist., Taoyuan City 320002, Taiwan (R.O.C.)","陳O豪","03-3698895","","有","有"
"45090717","20160427","20210813","健核國際企業有限公司","FITBOX MANAGEMENT CONSULTING CO., LTD.","新竹縣竹北市斗崙里光明六路259號","No. 259, Guangming 6th Rd., Doulun Vil., Zhubei City, Hsinchu County 30268, Taiwan (R.O.C.)","曾O荃","03-5399228","03-5389833","有","有"
"45090723","20160503","20210815","金澄興業有限公司","GOLD CHENG ENTERPRISE LIMITED","新竹市北區中華路三段9號7樓之2","7F.-2, No. 9, Sec. 3, Zhonghua Rd., North Dist., Hsinchu City 30060, Taiwan (R.O.C.)","黃O哲","03-5282832","03-5259265","有","有"
"45090863","20160421","20230205","海德豐有限公司","HAIDEFONG LTD.","臺北市大安區忠孝東路4段183號14樓之3","14 F.-3, No. 183, Sec. 4, Zhongxiao E. Rd., Da’an Dist., Taipei City 106076, Taiwan (R.O.C.)","吳O鵬","02-26903838","","有","有"
"45090884","20191209","20210814","東群金屬有限公司","Kingbo Metal Co., Ltd.","桃園市桃園區寶慶里同德五街274號3樓","3 F., No. 274, Tongde 5th St., Baoqing Vil., Taoyuan Dist., Taoyuan City 33046, Taiwan (R.O.C.)","劉O恩","0932126192","03-4080030","有","有"
"45091119","20160505","20210815","寶聚新能源科技有限公司","PLENTIES NEW ENERGY CO., LTD.","桃園市新屋區清華里新華路一段154號","No. 154, Sec. 1, Xinhua Rd., Qinghua Vil., Xinwu Dist., Taoyuan City 32742, Taiwan (R.O.C.)","蕭O杰","03-4972831","","有","有"
"45091151","20230913","20230913","宏新科自動控制有限公司","HONGSINKE AUTOMATIC CO., LTD.","彰化縣芳苑鄉三合村工區一路45巷96號1樓","1 F., No. 96, Ln. 45, Gongqu 1st Rd., Fangyuan Township, Changhua County 528011, Taiwan (R.O.C.)","黃O泰","04-8955886","","有","有"
"45091259","20200708","20210813","太禾磁磚建材有限公司","Taihe Tile Building Material Co., Ltd.","彰化縣彰化市延平里延平路457號1樓","1 F., No. 457, Yanping Rd., Yanping Vil., Changhua City, Changhua County 50073, Taiwan (R.O.C.)","李O玲","04-7114665","","有","有"
"45091265","20160429","20210814","秋月國際企業有限公司","QIU YUE INTERNATIONAL ENTERPRISE LTD.","桃園市中壢區月眉路二段72巷71號","No. 71, Ln. 72, Sec. 2, Yuemei Rd., Zhongli Dist., Taoyuan City 32053, Taiwan (R.O.C.)","張O潭","03-4985691","","有","有"
"45091363","20170119","20210813","築間工程顧問有限公司","ZHU-JIAN ENGINEERING CONSULTANTS CO., LTD.","苗栗縣三義鄉廣盛村廣聲新城4巷1號","No. 1, Ln. 4, Guangsheng Xincheng, Sanyi Township, Miaoli County 36744, Taiwan (R.O.C.)","許O尚","04-23293698","04-23269928","有","有"
"45091379","20180328","20210815","慕梯實業有限公司","MUTI INTERNATIONAL INC.","桃園市蘆竹區南崁路一段87號9樓","9 F., No. 87, Sec. 1, Nankan Rd., Luzhu Dist., Taoyuan City 33859, Taiwan (R.O.C.)","莊O基","02-87922365#105","02-27903647","有","有"
"45091407","20231030","20231030","節流貿易有限公司","Chitose Trading CO., LTD.","彰化縣芬園鄉社口村民族路97巷26弄11號1樓","1 F., No. 11, Aly. 26, Ln. 97, Minzu Rd., Fenyuan Township, Changhua County 502001, Taiwan (R.O.C.)","洪O妤","0913-311085","","有","有"
"45091434","20160426","20221203","英禾斯國際有限公司","ENHANCE TECH. INT'L CO., LTD.","桃園市龜山區山德里山鶯路98號2樓","2 F., No. 98, Shanying Rd., Shande Vil., Guishan Dist., Taoyuan City 333035, Taiwan (R.O.C.)","黃O育","03-3493156","03-3298170","有","有"
"45091440","20160425","20231018","密絲美有限公司","MISS BEAUTY CO., LTD.","桃園市平鎮區北安里德育路95巷5號1樓","1 F., No. 5, Ln. 95, Deyu Rd., Bei’an Vil., Pingzhen Dist., Taoyuan City 324001, Taiwan (R.O.C.)","","03-4229438","03-4229438","無","無"
"45091618","20160621","20210813","醍筠股份有限公司","TI YUN CO., LTD.","桃園市楊梅區瑞溪里梅獅路二段166巷33號9樓","9 F., No. 33, Ln. 166, Sec. 2, Meishi Rd., Ruixi Vil., Yangmei Dist., Taoyuan City 32668, Taiwan (R.O.C.)","陳O治","03-4315486","","有","有"
"45091976","20160620","20220305","翊仝有限公司","HONSHENZHONG HERB CO., LTD.","臺中市北屯區廍子里仁友巷12弄16號","No. 16, Aly. 12, Renyou Ln., Beitun Dist., Taichung City 40663, Taiwan (R.O.C.)","陳O菁","04-24361256","","有","有"
"45091981","20160801","20220716","螞蟻餐飲有限公司","FADO BAKERY LIMITED COMPANY","新竹市北區和平路99號","No. 99, Heping Rd., North Dist., Hsinchu City 300068, Taiwan (R.O.C.)","張O菱","03-6573711","03-6573712","有","有"
"45091997","20160503","20210812","兆陽智慧科技股份有限公司","ISUN INTELLIGENT TECHNOLOGY INCOPORATED","桃園市蘆竹區長興里長榮路165號","No. 165, Changrong Rd., Changxing Vil., Luzhu Dist., Taoyuan City 33859, Taiwan (R.O.C.)","蔡O潔","03-3128977","03-3129826","有","有"
"45092052","20160524","20210814","問瓦堂實業有限公司","ORZ INDUSTRIAL CORPORATION LIMITED","臺北市信義區和平東路3段341巷50號2樓","2 F., No. 50, Ln. 341, Sec. 3, Heping E. Rd., Xinyi Dist., Taipei City 11057, Taiwan (R.O.C.)","王O婉","02-26785431","","有","有"
"45092145","20160601","20210813","富資整有限公司","FORCE REQUIREMENT INFORMATION CO., LTD.","基隆市七堵區實踐路288號2樓","2 F., No. 288, Shijian Rd., Qidu Dist., Keelung City 20652, Taiwan (R.O.C.)","沈O仁","02-24518085","02-26917925","有","有"
"45092172","20160720","20220818","德盛有限公司","D.S RESCUE CO., LTD.","桃園市龜山區大崗里新興街314號1樓","1 F., No. 314, Xinxing St., Dagang Vil., Guishan Dist., Taoyuan City 33379, Taiwan (R.O.C.)","林O德","0955-039261","","有","有"
"45092237","20200609","20221209","福祐生技股份有限公司","FUYO BIOTECH CO.,LTD.","雲林縣麥寮鄉興華村忠興61-205號","No. 61-205, Zhongxing, Xinghua Vil., Mailiao Township,  Yunlin County 638102, Taiwan (R.O.C.)","蕭O湧","05-5882168","05-5871049","有","有"
"45092270","20160704","20210812","伍益五金有限公司","WU YI HARDWARE CO., LTD.","雲林縣斗六市林頭里大學路二段101號","No. 101, Sec. 2, University Road, Lintou Vil., Douliu City, Yunlin County 64063, Taiwan (R.O.C.)","蔡O士","05-5338255","05-5362660","有","有"
"45092314","20160428","20210814","崢峰生技有限公司","ZHENG FENG BIOTECH CO., LTD.","雲林縣莿桐鄉埔子村17鄰榮村2-1號","No. 2-1, Rongcun, 17th Neighborhood, Citong Township, Yunlin County 64747, Taiwan (R.O.C.)","魏O德","05-5847716","","有","有"
"45092406","20160422","20230420","立基建設有限公司","GOTYOU LTD.","新竹縣湖口鄉信義村20鄰達生五路457號1樓","1F., No. 457, Dasheng 5th Rd., 20th Neighborhood, Xinyi Vil., Hukou Township,  Hsinchu County 303124, Taiwan (R.O.C.)","林O軍","03-5597007","03-5597011","有","有"
"45092460","20230720","20230720","遇見你有限公司","Encounter Company Limited","基隆市中正區港通里義一路87號9樓之2","9 F.-2, No. 87, Yi 1st Rd., Gangtong Vil., Zhongzheng Dist., Keelung City 202001, Taiwan (R.O.C.)","鐘O榮","0936148649","","有","有"
"45092601","20160502","20210815","希其國際有限公司","HLS INTERNATIONAL CORPORATION","苗栗縣竹南鎮大埔五街345號1樓","1 F., No. 345, Dapu 5th St., Zhunan Township, Miaoli County 35053, Taiwan (R.O.C.)","朴O鉉","037-587886","037-587995","有","有"
"45092617","20190826","20210814","旺正國際管理顧問有限公司","WIN RIGHT INTERNATIONAL MANAGEMENT CONSULTANTS LTD.","嘉義市東區興安里興安街203巷21弄6號一樓","1 F., No. 6, Aly. 21, Ln. 203, Xing’an St., Xing’an Vil., East Dist., Chiayi City 60064, Taiwan (R.O.C.)","吳O旭","05-2750128","","有","有"
"45092790","20160427","20231014","凱捷興業有限公司","KJ LINK CO., LTD.","桃園市桃園區中正里文中一路100號8樓","8 F., No. 100, Wenzhong 1st Rd., Zhongzheng Vil., Taoyuan Dist., Taoyuan City 330059, Taiwan (R.O.C.)","江O恭","03-3766685","03-3766675","有","有"
"45092932","20220304","20220304","金新科技有限公司","NEW GOLDEN STAR TECHNOLOGY LTD.","桃園市中壢區三民里民權路三段75巷218-1號1樓","1 F., NO. 218-1, LN. 75, SEC. 3, MINQUAN RD., ZHONGLI DIST., TAOYUAN CITY 32055, TAIWAN (R.O.C.)","劉O宏","02-22062999","","有","有"
"45092996","20160502","20230914","允成機電科技股份有限公司","ARTIST ELECTROMECHANICAL TECHNOLOGY CO., LTD.","桃園市中壢區三民里民權路三段75巷410號","No. 410, Ln. 75, Sec. 3, Minquan Rd., Sanmin Vil., Zhongli Dist., Taoyuan City 320009, Taiwan (R.O.C.)","邱O平","03-3618662","","有","有"
"45093019","20080708","20221230","義洲有限公司","YEI JOU CORPORATION","桃園市中壢區五權里正平街22號","No. 22, Zhengping St., Wuquan Vil., Zhongli Dist., Taoyuan City 320008, Taiwan (R.O.C.)","黃O基","03-4929441","03-4939746","無","無"
"45093088","20230918","20230918","客家本色美食有限公司","Natural Hakka Yuanlin Restaurant CO., LTD.","彰化縣員林市建國路288號","No. 288, Jianguo Rd., Yuanlin City, Changhua County 510020, Taiwan (R.O.C.)","陳O易","04-8382252","","有","有"
"45093159","20190508","20221105","燿安電機企業有限公司","YAO AN MACHINERY ENTERPRISE CO., LTD.","桃園市中壢區忠義里中華路1段835巷20弄24號","No. 24, Aly. 20, Ln. 835, Sec. 1, Zhonghua Rd., Zhongyi Vil., Zhongli Dist., Taoyuan City 320085, Taiwan (R.O.C.)","劉O榕","03-4521998","03-4525943","有","有"
"45093186","20210512","20211201","欣聯亞企業有限公司","PAN EVAASIA ENTERPRISE, LTD.","桃園市蘆竹區長壽里中山路45號11樓之2","11F.-2, No. 45, Zhongshan Rd., Changshou Vil., Luzhu Dist., Taoyuan City 33850, Taiwan (R.O.C.)","蕭O娟","03-4550398","","有","有"
"45093361","20211210","20241207","穩達物流有限公司","WELLDONE LOGISTICS CO., LTD.","桃園市觀音區觀泉路66號","No. 66, Guanquan Rd., Guanyin Dist., Taoyuan City 328451, Taiwan (R.O.C.)","曾O湘","0800365358","03-4737660","有","有"
"45093637","20180524","20250211","炘睿生醫股份有限公司","MANDALA CELL MEDICAL INC.","臺北市大安區仁愛路4段33號11樓之1","11 F.-1, No. 33, Sec. 4, Ren'ai Rd., Da'an Dist., Taipei City 106073, Taiwan (R.O.C.)","賴O宏","0919-061897","","有","有"
"45093860","19931231","20210814","銘福彩色印刷廠有限公司","MING FWU CHROMOLITHOGRAPH PLANT CO., LTD.","桃園市平鎮區北勢里和平路21號","No. 21, Heping Rd., Beishi Vil., Pingzhen Dist., Taoyuan City 32442, Taiwan (R.O.C.)","楊O宗","03-4587863","","有","有"
"45093904","20191118","20240410","順芯科技有限公司","SHUNXIN TECHNOLOGY CO., LTD","新竹市北區文雅里竹光路79號10樓","10 F., No. 79, Zhuguang Rd., Wenya Vil., North Dist., Hsinchu City 300015, Taiwan (R.O.C.)","楊O舜","03-5456722","","有","有"
"45093910","19930508","20220425","和亞實業有限公司","HO ASIA ENTERPRISE CO., LTD.","桃園市平鎮區中豐路1段287之1號","No. 287-1, Sec. 1, Zhongfeng Rd., Pingzhen Dist., Taoyuan City 32456, Taiwan (R.O.C.)","黃O光","03-4581138","03-4572154","有","有"
"45094039","20160629","20210813","寬廣興業有限公司","KUAN GUANG INDUSTRIAL CO., LTD.","南投縣南投市嘉和里嘉和一路60號1樓","1 F., No. 60, Jiahe 1st Rd., Jiahe Vil., Nantou City, Nantou County 54048, Taiwan (R.O.C.)","吳O諠","049-2240389","","無","無"
"45094328","20160504","20220315","安第科技有限公司","ANN-DY TECHNONLOGY CO., LTD.","新北市新店區安忠路57巷26弄23之1號11樓","11 F., No. 23-1, Aly. 26, Ln. 57, Anzhong Rd., Xindian Dist., New Taipei City 23154, Taiwan (R.O.C.)","陳O瓔","02-22116333","","有","有"
"45094376","20160428","20231024","雲峰科技有限公司","PEAKSOFT TECHNOLOGY LIMITED COMPANY","新竹市北區中雅里1鄰凌雲街30號5樓之5","5F.-5, No. 30, Lingyun St., 1st Neighborhood, Zhongya Vil., North Dist., Hsinchu City 30056, Taiwan (R.O.C.)","","0922617605","03-5277575","無","無"
"45094381","20190829","20230324","巨昌貿易有限公司","JU CHANG VEGETABLE CO., LTD.","雲林縣西螺鎮頂湳里頂南30-29號","No. 30-29, Dingnan, Dingnan Vil., Xiluo Township,  Yunlin County 648106, Taiwan (R.O.C.)","林O似","0917865719","","有","有"
"45094805","20160503","20230106","買幫有限公司","BUYER HELPER CO., LTD.","新竹市香山區牛埔里東華路7號14樓之16","14 F.-16, No. 7, Donghua Rd., Niupu Vil., Xiangshan Dist., Hsinchu City 300061, Taiwan (R.O.C.)","曾O祥","","","無","無"
"45094827","20160425","20231201","台灣禾毅生物科技股份有限公司","TAIWAN HOLY BIOTECHNOLOGY CO., LTD.","新竹市東區下竹里11鄰南大路222號2樓","2 F., No. 222, Nanda Rd., 11th Neighborhood, Xiazhu Vil., East Dist., Hsinchu City 30061, Taiwan (R.O.C.)","","03-5780499","03-5783499","無","無"
"45094832","20180420","20210813","天錫科技有限公司","TIANXI TECHNOLOGY CO., LTD.","宜蘭縣羅東鎮東安里陽明路188號1樓","1 F., No. 188, Yangming Rd., Dong’an Vil., Luodong Township, Yilan County 26550, Taiwan (R.O.C.)","許O禧","03-2853712","03-2853716","有","有"
"45094973","19960722","20210813","華士電腦有限公司","HWAS TECHNOLOGY CO., LTD.","桃園市平鎮區新德街251號7樓","7 F., No. 251, Xinde St., Pingzhen Dist., Taoyuan City 32443, Taiwan (R.O.C.)","陳O匡","","","有","有"
"45095229","20230317","20230317","廣宇食品企業股份有限公司","Guangcos Company Limited","花蓮縣花蓮市國魂里中山路475-9號1樓","1 F., No. 475-9, Zhongshan Rd., Guohun Vil., Hualien City, Hualien County 970013, Taiwan (R.O.C.)","王O如","03-8350016","","有","有"
"45095332","20170627","20230512","品粵匯有限公司","PIN YUE HUI CO., LTD.","彰化縣彰化市平和里金馬路三段888號","No. 888, Sec. 3,  Jinma Rd., Pinghe Vil., Changhua City,  Changhua County 500, Taiwan (R.O.C.)","姚O文","04-7516111","","無","無"
"45095522","20160614","20211207","嵐揚有限公司","AWINA CORPORATION","新竹縣竹北市新國里華興三街39號5樓之3","5F.-3, No. 39, Huaxing 3rd St., Xinguo Vil., Zhubei City, Hsinchu County 30243, Taiwan (R.O.C.)","曾O曜","03-5797976","03-5797975","有","有"
"45095591","20160622","20250413","宏鎂實業有限公司","WANG XIN MAGNESIUM INDUSTRY CO., LTD.","彰化縣彰化市磚磘里水源路臨426號","No. 426, Shuiyuan Rd., Changhua City, Changhua County 500030, Taiwan (R.O.C.)","卓O賢","04-7617898","04-7627203","有","有"
"45095776","20170328","20230505","宥睿生技有限公司","YU RUI BIOTECHNOLOGY CO., LTD.","宜蘭縣宜蘭市進士里進士路二段119號1樓","1 F., No. 119, Sec. 2, Jinshi Rd., Jinshi Vil., Yilan City, Yilan County 260007, Taiwan (R.O.C.)","林O哲","03-9251235","","有","有"
"45095945","20190517","20210814","兆農科技有限公司","TRILLIONAIRE TECHNOLOGY CO., LTD.","臺北市中山區復興北路2號2樓之9","2F.-9, No. 2, Fuxing N. Rd., Zhongshan Dist., Taipei City 10492, Taiwan (R.O.C.)","張O原","0932789316","","有","有"
"45096058","20160512","20210815","瑞特醫醫材有限公司","RIGHT CARE HEALTHLIFE CO., LTD.","桃園市大溪區復興路69、71號","No. 71, Fuxing Rd., Daxi Dist., Taoyuan City 33556, Taiwan (R.O.C.)","邱O筑","03-3873261","","有","有"
"45096156","19860505","20210813","力儂企業股份有限公司","LI NUNG ENTERPRISE CO., LTD.","臺北市萬華區中華路2段430號1樓","1 F., No. 430, Sec. 2, Zhonghua Rd., Wanhua Dist., Taipei City 10881, Taiwan (R.O.C.)","張O秀鑾","02-2558-2368","02-2555-2422","有","有"
"45096254","20160614","20210814","二三國際有限公司","TWENTY-THREE DESIGN INC.","臺北市信義區松智路31巷11號","No. 11, Ln. 31, Songzhi Rd., Xinyi Dist., Taipei City 11047, Taiwan (R.O.C.)","鄒O嘉","03-3585785","03-3585785","有","有"
"45096297","20210602","20210815","泓盈國際股份有限公司","Whole Win Global Limited","新竹市東區東山里東山街23巷9號2樓","2 F., No. 9, Ln. 23, Dongshan St., Dongshan Vil., East Dist., Hsinchu City 30068, Taiwan (R.O.C.)","陳O融","0975189765","","無","無"
"45096466","20160516","20210815","大永科技有限公司","GoodEverTech CO., LTD.","基隆市安樂區武崙里基金一路135巷44號1樓","1 F., No. 44, Ln. 135, Jijin 1st Rd., Wulun Vil., Anle Dist., Keelung City 20445, Taiwan (R.O.C.)","楊O芝","","","有","有"
"45096521","20160531","20210814","莉莉吻鑽有限公司","LILY WINTIME LTD.","桃園市中壢區中山東路3段429巷87弄36號","No. 36, Aly. 87, Ln. 429, Sec. 3, Zhongshan E. Rd., Zhongli Dist., Taoyuan City 32078, Taiwan (R.O.C.)","李O蓮","0932152148","","有","有"
"45096536","19990605","20230714","土瑩股份有限公司","TUU-YNG CO., LTD.","桃園市平鎮區湧安里工業南路９７號","No. 97, Gongye S. Rd., Yong’an Vil., Pingzhen Dist., Taoyuan City 324019, Taiwan (R.O.C.)","黃O炯","03-4695079","03-4693278","無","無"
"45096705","20160426","20230619","木發工藝科技有限公司","MU FA CRAFT TECHNOLOGY CO., LTD.","彰化縣福興鄉頂粘村頂粘街409號","No. 409, Dingnian St., Dingnian Vil., Fuxing Township,  Changhua County 506013, Taiwan (R.O.C.)","粘O秋","04-7802626","04-7703403","無","無"
"45096796","20240103","20240103","凱強水電有限公司","kai-ciang water & electricity LTD.","雲林縣莿桐鄉五華村建治路10之2號1樓","1 F., No. 10-2, Jianzhi, Citong Township, Yunlin County 647007, Taiwan (R.O.C.)","莊O婷","","","有","有"
"45096873","20160509","20231216","基賢科技工程有限公司","GROUP YIN TECHNOLOGY ENGINEERING CO., LTD.","新竹市東區中華路一段138號一樓","1 F., No. 138, Sec. 1, Zhonghua Rd., East Dist., Hsinchu City 300002, Taiwan (R.O.C.)","孫O賢","03-5317322","03-5317320","有","有"
"45096986","20160428","20230630","若享國際有限公司","SISKIN HEALTH CARE CO., LTD.","桃園市龍潭區龍潭里34鄰南龍路1巷7號3樓","3 F., No. 7, Ln. 1, Nanlong Rd., 34th Neighborhood, Longtan Vil., Longtan Dist., Taoyuan City 325027, Taiwan (R.O.C.)","王O庭","0966135200","","有","有"
"45097021","20160517","20210814","辰霖有限公司","CHIN LIN CO., LTD.","彰化縣彰化市石牌里維新路82巷20號1樓","1 F., No. 20, Ln. 82, Weixin Rd., Shipai Vil., Changhua City, Changhua County 50080, Taiwan (R.O.C.)","許O韻","0939-399952","","有","有"
"45097042","20160426","20240808","鈦程實業有限公司","GX CORPORATION","桃園市桃園區新埔六街95號4樓","4 F., No. 95, Xinpu 6th St., Taoyuan Dist., Taoyuan City 33044, Taiwan (R.O.C.)","","03-3161167","03-3175115","無","無"
"45097198","19850912","20210813","音元電子實業有限公司","IN-YUAN ELECTRONICS CO., LTD.","桃園市中壢區信義里新興北街34號","No. 34, Xinxing N. St., Xinyi Vil., Zhongli Dist., Taoyuan City 32087, Taiwan (R.O.C.)","許O鵬","034-4587201","","有","有"
"45097303","20161128","20240816","精準腺粒體基因技術應用有限公司","MITAGC CO., LTD.","桃園市平鎮區新英里新富五街104號4樓","4 F., No. 104, Xinfu 5th St., Xinying Vil., Pingzhen Dist., Taoyuan City 32474, Taiwan (R.O.C.)","張O美","0935975417","","有","有"
"45097438","20160825","20210815","昊爾科技有限公司","HOUR TECHNOLOGY CO., LTD.","高雄市苓雅區三多四路63號7樓之8","7F.-8, No. 63, Sanduo 4th Rd., Lingya Dist., Kaohsiung City 80247, Taiwan (R.O.C.)","顏O益","07-2696509","02-33229790","有","有"
"45097471","20160513","20230714","話世紀通訊有限公司","CENTURY MOBIL CO., LTD.","彰化縣彰化市永福里中山路二段587號","No. 587, Sec. 2,  Zhongshan Rd., Yongfu Vil., Changhua City,  Changhua County 500, Taiwan (R.O.C.)","","04-7274550","","無","無"
"45097768","20160427","20210813","馬韓管理顧問有限公司","MAHAN CO., LTD.","嘉義市東區太平里博東路5號1樓","1 F., No. 5, Bodong Rd., Taiping Vil., East Dist., Chiayi City 60074, Taiwan (R.O.C.)","蔡O諭","05-2110526","","有","有"
"45097774","20231004","20240302","皇族建設有限公司","Royal Family CO., LTD.","花蓮縣花蓮市國風里建林街130號1樓","1 F., No. 130, Jianlin St., Guofeng Vil., Hualien City, Hualien County 970013, Taiwan (R.O.C.)","邱O德","02-28217823","02-28217823","有","有"
"45097824","19870604","20210815","信孚壓鑄企業股份有限公司","TRUST DIE CASTING ENTERPRISE CO., LTD.","臺北市大安區安和路2段211號2樓之1","2F.-1, No. 211, Sec. 2, Anhe Rd., Da’an Dist., Taipei City 10679, Taiwan (R.O.C.)","陳O輝","02-24310105","02-24321930","有","有"
"45098154","20160518","20210814","喆認國際有限公司","ZE REN INTERNATIONAL CO., LTD.","桃園市桃園區瑞慶里寶慶路432號2樓","2 F., No. 432, Baoqing Rd., Ruiqing Vil., Taoyuan Dist., Taoyuan City 33046, Taiwan (R.O.C.)","趙O君","03-2150851","","有","有"
"45098160","20160624","20240322","名真國際股份有限公司","MELANIE INTERNATIONAL CO., LTD.","桃園市觀音區樹林里福壽街291號2樓","2 F., No. 291, Fushou St., Shulin Vil., Guanyin Dist., Taoyuan City 32844, Taiwan (R.O.C.)","張O境","0921167696","","無","無"
"45098204","20160510","20250520","祥登通風設備有限公司","SHINEDEN VENTILATION CO., LTD.","彰化縣永靖鄉福興村永福路二段110號1樓","1 F., No. 110, Sec. 2, Yongfu Rd., Yongjing Township, Changhua County 51244, Taiwan (R.O.C.)","陳O吉","04-8226647","","有","有"
"45098274","20160503","20230514","澈毅國際實業有限公司","YINLING INTERNATIONIONAL LTD.","桃園市中壢區吉林路105巷32號2樓","2 F., No. 32, Ln. 105, Jilin Rd., Zhongli Dist., Taoyuan City 320022, Taiwan (R.O.C.)","黃O葉","03-4356185","","無","無"
"45098289","20160509","20210813","駿漢科技有限公司","JUN HAN TECHNOLOGY CO., LTD.","桃園市桃園區中寧里大興西路二段69巷126號14樓","14 F., No. 126, Ln. 69, Sec. 2, Daxing W. Rd., Zhongning Vil., Taoyuan Dist., Taoyuan City 33046, Taiwan (R.O.C.)","游O欣","03-3460398","","有","有"
"45098350","20160427","20210813","佶昌企業有限公司","BIGEATER LUCKY TEAM CO., LTD.","嘉義縣竹崎鄉灣橋村16鄰211-9號","No. 211-9, Wan Bridge, 16th Neighborhood, Zhuqi Township, Chiayi County 60491, Taiwan (R.O.C.)","林O詠","05-2241958","","有","有"
"45098416","20160623","20210814","冠騰食品有限公司","CROWN-SOAR CO., LTD.","屏東縣九如鄉洽興村德安路52號","No. 52, De’an Rd., Jiuru Township, Pingtung County 90444, Taiwan (R.O.C.)","鍾O安","07-7839499","","有","有"
"45098632","20160502","20240521","嘉歆科技有限公司","JIA XIN TECHNOLOGY CO., LTD.","臺南市安平區育平里永華路2段819號3樓之13","3 F.-13, No. 819, Sec. 2, Yonghua Rd., Yuping Vil., Anping Dist., Tainan City 708012, Taiwan (R.O.C.)","洪O豪","03-6578388","","有","有"
"45098719","20160426","20210814","克龍發國際企業有限公司","UNICLOVER INTERNATIONAL CO., LTD.","南投縣名間鄉中山村4鄰水尾巷2之2號1樓","1 F., No. 2-2, Shuiwei Ln., 4th Neighborhood, Mingjian Township, Nantou County 55146, Taiwan (R.O.C.)","林O昌","049-2738263","049-2738288","有","有"
"45098725","20160429","20250612","雄宏國際有限公司","HSIUNG HONG INTERNATIONAL CORPORATION","臺中市北區大德街158巷6號1樓","1 F., No. 6, Ln. 158, Dade St., North Dist., Taichung City 404019, Taiwan (R.O.C.)","張O傑","","","有","有"
"45098909","20200430","20210813","佳道股份有限公司","PLUSWAY COMPANY LIMITED","彰化縣彰化市磚磘里水尾一路399之1號1樓","1 F., No. 399-1, Shuiwei 1st Rd., Changhua City, Changhua County 50070, Taiwan (R.O.C.)","黄O聰","04-7633559","","有","有"
"45098915","20160425","20210814","皇偉模具有限公司","HUANG WEI MOLD CO., LTD.","嘉義市西區保福里國安三街25號7樓之1","7F.-1, No. 25, Guo’an 3rd St., Baofu Vil., West Dist., Chiayi City 60085, Taiwan (R.O.C.)","蕭O緯","0937-774583","049-2351393","有","有"
"45099148","20201027","20210815","伊格賦投資有限公司","YI GE FU INVESTMENT LIMITED","新竹市東區世界街100號11樓","11 F., No. 100, Shijie St., East Dist., Hsinchu City 30042, Taiwan (R.O.C.)","朱O龍","0912090633","","有","有"
"45099180","20170816","20230425","吉好康有限公司","JIHAOKANG LIMITED COMPANY","新北市鶯歌區二甲路324號(2樓)","2 F., No. 324, Erjia Rd., Yingge Dist., New Taipei City 239003, Taiwan (R.O.C.)","謝O如","03-3651893","","有","有"
"45099225","20160520","20210814","皇駒國際汽車有限公司","HUANG JU INTERNATIONAL AUTOMOBILE CO., LTD.","桃園市桃園區中山路724號","No. 724, Zhongshan Rd., Taoyuan Dist., Taoyuan City 33058, Taiwan (R.O.C.)","蔡O宇","03-3798858","","無","無"
"45099301","20160427","20210813","沁豐國際有限公司","APARM MEDICAL INSTRUMENTS INC.","桃園市平鎮區廣德街32號2樓","2 F., No. 32, Guangde St., Pingzhen Dist., Taoyuan City 32448, Taiwan (R.O.C.)","王O奎","03-4936963","03-4936008","有","有"
"45099344","20160506","20240619","雙田國際有限公司","FUTADA INTERNATIONAL CO., LTD.","新竹縣芎林鄉五和街232之1號","No. 232-1, Wuhe St., Qionglin Township, Hsinchu County 307005, Taiwan (R.O.C.)","葉O宗","03-6682257","","有","有"
"45099463","20160516","20230530","海仕水產冷凍加工有限公司","HAI SHI CO., LTD.","屏東縣佳冬鄉塭豐村豐漁路41巷130-6號","No. 130-6, Ln. 41, Fengyu Rd., Wenfeng Vil., Jiadong Township,  Pingtung County 931006, Taiwan (R.O.C.)","陳O宏","07-3119188","","有","有"
"45099626","19850821","20230722","松鈞工業股份有限公司","SUN JUN ELECTRONICS INC.","桃園市龍潭區梅龍路66號","No. 66, Meilong Rd., Longtan Dist., Taoyuan City 325002, Taiwan (R.O.C.)","許O銘","03-4093668","03-4093666","有","有"
"45099956","20200603","20240327","春發成實業有限公司","PIN-PU FARM CORP.","屏東縣鹽埔鄉新埔路１０６０巷８號","No. 8, Ln. 1060, Xinpu Rd., Yanpu Township, Pingtung County 907104, Taiwan (R.O.C.)","李O春","08-7338787","","有","有"
"45099999","20160908","20230713","鑫能電動車股份有限公司","TRI-GOLD ELECTRIC VEHICLE CO., LTD.","新竹縣湖口鄉中正村中興街17號1樓","1F., No. 17, Zhongxing St., Zhongzheng Vil., Hukou Township,  Hsinchu County , Taiwan (R.O.C.)","杜O賢","03-5688820","03-5688817","無","無"
"45100216","20200415","20230420","挺益調養餐股份有限公司","Ting-Yi Nutrition Meal Co., Ltd.","嘉義市西區福安里中興路408巷10號1樓","1 F., No. 10, Ln. 408, Zhongxing Rd., Fu’an Vil., West Dist., Chiayi City 600071, Taiwan (R.O.C.)","楊O岑","0933426819","","有","有"
"45100243","20160630","20210815","宇和實業有限公司","UNIVERSAL MATERIALS AND SUPPLIES CO., LTD.","雲林縣斗六市鎮東里文德街81號1樓","1 F., No. 81, Wende St., Zhendong Vil., Douliu City, Yunlin County 64046, Taiwan (R.O.C.)","蘇O榮","05-5354392","05-5354391","有","有"
"45100258","20160720","20230603","駿德生物科技有限公司","JYUN DER BIOTECHNOLOGY CO., LTD.","彰化縣埔心鄉東門村明德街28號","No. 28, Mingde St., Dongmen Vil., Puxin Township,  Changhua County 513011, Taiwan (R.O.C.)","張O臻","04-8822438","","無","無"
"45100264","20170810","20250122","集力能源科技股份有限公司","GREAT TALENT TECHNOLOGIES IN ENERGY CORPORATION","新竹市東區仙宮里寶山路452巷2弄15號5樓","5 F., No. 15, Aly. 2, Ln. 452, Baoshan Rd., Xiangong Vil., East Dist., Hsinchu City 30064, Taiwan (R.O.C.)","顏O良","03-5630629","03-5630629","有","有"
"45100285","20160603","20221123","方鼎科技有限公司","FANG DING TECHNOLOGY CO., LTD.","新竹市北區金竹里金竹路102巷25號","No. 25, Ln. 102, Jinzhu Rd., Jinzhu Vil., North Dist., Hsinchu City 300082, Taiwan (R.O.C.)","李O美","03-2841955","","有","有"
"45100320","20220217","20220217","樂浪星晴國際股份有限公司","CONFLUX YACHT INTERNATIONAL CO., LTD.","臺北市中山區敬業一路128巷39號2樓之2","2F.-2, NO. 39, LN. 128, JINGYE 1ST RD., ZHONGSHAN DIST., TAIPEI CITY 10462, TAIWAN (R.O.C.)","張O豪","03-3527702","","有","有"
"45100341","20200722","20210815","宸和管理顧問有限公司","Chen-Huo Management Limited Co.","桃園市桃園區中山東路32之20號3樓之2","3F.-2, No. 32-20, Zhongshan E. Rd., Taoyuan Dist., Taoyuan City 33048, Taiwan (R.O.C.)","王O瑋","03-3370061","","有","有"
"45100412","20160719","20210815","泰紘興業有限公司","GREENATIC CO., LTD.","屏東縣屏東市中正路401巷43弄1號","No. 1, Aly. 43, Ln. 401, Zhongzheng Rd., Pingtung City, Pingtung County 90067, Taiwan (R.O.C.)","林O亮","07-3352679","07-3367169","有","有"
"45100433","20161005","20231005","視網魔玻璃有限公司","TAIWAN-AOYU-HARDWARE CO.","基隆市中正區砂子里觀海街2號4樓","4 F., No. 2, Guanhai St., Shazi Vil., Zhongzheng Dist., Keelung City 20249, Taiwan (R.O.C.)","葉O男","0938919779","938919779","有","有"
"45100449","20160624","20210815","興瑞景有限公司","XING RUI JING CO., LTD.","雲林縣西螺鎮漢光里吉興街330巷12號3樓","3 F., No. 12, Ln. 330, Jixing St., Hanguang Vil., Xiluo Township, Yunlin County 64852, Taiwan (R.O.C.)","程O印","0919110331","","有","有"
"45100454","20170120","20210814","百世福國際有限公司","BBS INTERNATIONAL TRADING INC.","新竹縣北埔鄉水磜村水磜子6之1號","No. 6-1, Beipu Township, Hsinchu County 314, Taiwan (R.O.C.)","彭O遠","03-5801116","03-5802688","有","有"
"45100476","20160509","20210813","馬塔克國際貿易有限公司","MATARK INTERNATIONAL TRADING CO., LTD.","彰化縣福興鄉同安村員鹿路一段377巷74弄13號1樓","1 F., No. 13, Aly. 74, Ln. 377, Sec. 1, Yuanlu Rd., Fuxing Township, Changhua County 50644, Taiwan (R.O.C.)","許O鵬","0923372255","","有","有"
"45100519","20160429","20210814","宋記興業有限公司","SUHNG INTERNATIONAL LTD.","桃園市楊梅區金溪里三民路二段121巷32號","No. 32, Ln. 121, Sec. 2, Sanmin Rd., Jinxi Vil., Yangmei Dist., Taoyuan City 32660, Taiwan (R.O.C.)","宋O勇","02-27590415","","有","有"
"45100530","20160429","20250327","兆農貿易有限公司","KATHERINE AGRICULTURAL TRADE CO., LTD.","臺中市西屯區市政北二路236號27樓之１","27 F.-1, No. 236, Shizheng N. 2nd Rd., Xitun Dist., Taichung City 407607, Taiwan (R.O.C.)","蔡O如","05-7832028","","有","有"
"45100551","20160505","20231027","華揚智動化股份有限公司","WA TECH ENGINEERING CO., LTD.","桃園市楊梅區瑞坪里梅獅路2段578巷16弄20號","No. 20, Aly. 16, Ln. 578, Sec. 2, Meishi Rd., Ruiping Vil., Yangmei Dist., Taoyuan City 326014, Taiwan (R.O.C.)","楊O恆","22996942","22996943","有","有"
"45100617","20160505","20210814","璨洋光電科技有限公司","BOCEAN OPTOELECTRONIC INC.","桃園市大園區田心里長興街24巷16號1樓","1 F., No. 16, Ln. 24, Changxing St., Tianxin Vil., Dayuan Dist., Taoyuan City 33750, Taiwan (R.O.C.)","許O春","0916151163","03-4259625","有","有"
"45100644","20180409","20230714","木扎根森活有限公司","WooDragon Co., Ltd.","彰化縣花壇鄉中庄村中橋街431巷12號","No. 12, Ln. 431, Zhongqiao St., Zhongzhuang Vil., Huatan Township,  Changhua County 503010, Taiwan (R.O.C.)","許O龍","0988180803","","有","有"
"45100659","20171026","20231120","禾康興實業有限公司","HO KANG XING INDUSTRIAL CO., LTD.","彰化縣彰化市磚磘里彰草路394巷68號","No. 68, Ln. 394, Zhangcao Rd., Changhua City, Changhua County 50067, Taiwan (R.O.C.)","洪O恩","0937571993","04-7518909","有","有"
"45100721","20160506","20230516","依噸多層電路有限公司","FOUNTAIN-TECH INTERNATIONAL CO., LTD.","新北市新莊區福美街128巷43號1樓","1 F., No. 43, Ln. 128, Fumei St., Xinzhuang Dist., New Taipei City 242045, Taiwan (R.O.C.)","劉O源","03-4570959","","有","有"
"45100807","20160428","20230913","托彼亞有限公司","TOPIA CO., LTD","基隆市安樂區基金一路210巷1弄4號4樓","4 F., No. 4, Aly. 1, Ln. 210, Jijin 1st Rd., Anle Dist., Keelung City 20445, Taiwan (R.O.C.)","林O芬","02-24333125","02-24333126","有","有"
"45100840","20160511","20210814","得展漁業有限公司","DECHAN FISHERY CO., LTD.","屏東縣東港鎮興東里中正路一段100巷80弄40號","No. 40, Aly. 80, Ln. 100, Sec. 1, Zhongzheng Rd., Xingdong Vil., Donggang Township, Pingtung County 92842, Taiwan (R.O.C.)","陳O均","08-8351386","","有","有"
"45100898","20160429","20230219","富懋食品股份有限公司","FOODMALL CO., LTD.","桃園市觀音區樹林里安和街233號1樓","1 F., No. 233, Anhe St., Shulin Vil., Guanyin Dist., Taoyuan City 328004, Taiwan (R.O.C.)","黃O鐘","03-3274936","03-3272914","無","無"
"45100927","20160503","20230217","沸活量國際實業有限公司","FVC INTERNATIONAL LIMITED COMPANY","桃園市龍潭區九龍里大昌路2段161之2號","No. 161-2, Sec. 2, Dachang Rd., Jiulong Vil., Longtan Dist., Taoyuan City 325028, Taiwan (R.O.C.)","邱O瑋","03-4792003","03-4795474","有","有"
"45100980","20160511","20240423","普比亞實業有限公司","PUBIA ENTERPRISE CO., LTD.","宜蘭縣羅東鎮復興路三段75巷52號","No. 52, Ln. 75, Sec. 3,  Fuxing Rd., Luodong Township,  Yilan County 265013, Taiwan (R.O.C.)","林O昌","03-9507677","039508728","有","有"
"45101030","20160913","20210814","威瑪智能科技有限公司","WAYMAX INTELLIGENCE TECHNOLOGY CO., LTD.","桃園市龜山區南上里民生北路一段396號","No. 396, Sec. 1, Minsheng N. Rd., Nanshang Vil., Guishan Dist., Taoyuan City 33393, Taiwan (R.O.C.)","曾O涵","03-3526396","03-3525968","有","有"
"45101046","20160502","20210814","愛兒悅有限公司","AMAN NINO LTD.","新竹市北區古賢里東大路三段222號","No. 222, Sec. 3, Dongda Rd., Guxian Vil., North Dist., Hsinchu City 30057, Taiwan (R.O.C.)","林O滿美","","","有","有"
"45101067","20200910","20230921","宏浩實業有限公司","Hong Haos Industrial Co., Ltd.","桃園市桃園區莊敬里莊敬路一段342號六樓之1","6 F.-1, No. 342, Sec. 1, Zhuangjing Rd., Zhuangjing Vil., Taoyuan Dist., Taoyuan City 330008, Taiwan (R.O.C.)","張O霖","03-4770369","","有","有"
"45101073","20160512","20241015","綠通科技有限公司","GREEN-ONELINK TECHNOLOGY COMPANY LTD.","新竹縣竹東鎮五豐里長春路三段364號","No. 364, Sec. 3, Changchun Rd., Wufeng Vil., Zhudong Township, Hsinchu County 31048, Taiwan (R.O.C.)","","03-5959678","","無","無"
"45101138","20160628","20220127","米分十方股份有限公司","HEALTH DIRAY CO., LTD.","新竹市北區古賢里東大路三段71號","No. 71, Sec. 3, Dongda Rd., Guxian Vil., North Dist., Hsinchu City 30057, Taiwan (R.O.C.)","黃O明","03-5258621","","有","有"
"45101159","20160429","20240313","穩鑽興業有限公司","KING SCREW INDUSTRIAL CO., LTD.","新竹市北區中興里北大路201號5樓之5","5 F.-5, No. 201, Beida Rd., Zhongxing Vil., North Dist., Hsinchu City 300191, Taiwan (R.O.C.)","翁O鉅","03-5555751","03-5551721","有","有"
"45101171","20211108","20241217","瑋豐材料科技股份有限公司","WELL FORM MATERIAL TECHNOLOGY  Co., LTD","新竹縣竹北市新庄里中正西路2081號","No. 2081, Zhongzheng W. Rd., Xinzhuang Vil., Zhubei City, Hsinchu County 302043, Taiwan (R.O.C.)","黃O禎","03-6218662","","有","有"
"45101215","20160510","20210814","華瓷館有限公司","PORCELAIN LUXE CO., LTD.","新竹縣竹北市鹿場里莊敬南路166號","No. 166, Zhuangjing S. Rd., Luchang Vil., Zhubei City, Hsinchu County 30264, Taiwan (R.O.C.)","呂O誠","0920170301","03326 8787","有","有"
"45101263","20160505","20230303","嵩瑞有限公司","SONG RUEI CO., LTD.","桃園市桃園區汴洲里經國路888號12樓之14","12 F.-14, No. 888, Jingguo Rd., Bianzhou Vil., Taoyuan Dist., Taoyuan City 330063, Taiwan (R.O.C.)","趙O卿","03-3580058","03-3580016","有","有"
"45101279","20200114","20220409","旭悅科技有限公司","SYUYUE TECHNOLOGY CO., LTD.","桃園市中壢區普強里幸福街211號（1樓）","1 F., No. 211, Xingfu St., Puqiang Vil., Zhongli Dist., Taoyuan City 32089, Taiwan (R.O.C.)","李O生","0928610177","","有","有"
"45101307","20160511","20230222","超越智能科技股份有限公司","RCM FULLY AUTOMATION CO., LTD.","臺北市信義區基隆路1段143號2樓","2 F., No. 143, Sec. 1, Keelung Rd., Xinyi Dist., Taipei City 110058, Taiwan (R.O.C.)","林O達","02-27662818","02-27662928","有","有"
"45101340","20160504","20210813","弘陞實業有限公司","GRAND PROMOTE INDUSTRIAL CO., LTD.","苗栗縣竹南鎮新南里維新路369號","No. 369, Weixin Rd., Xinnan Vil., Zhunan Township, Miaoli County 35056, Taiwan (R.O.C.)","彭O蘭","037-477532","037-470750","有","有"
"45101427","20160506","20220209","創鑫工業股份有限公司","TRIPLE GOLDEN CREATION INDUSTRY CORPORATION","宜蘭縣冬山鄉三興路235巷67號1樓","1 F., No. 67, Ln. 235, Sanxing Rd., Dongshan Township, Yilan County 26950, Taiwan (R.O.C.)","葉O倫","03-9547899","03-9547469","有","有"
"45101524","20160504","20210815","佰儒科技股份有限公司","AIDIALINK CORP.","新竹市東區軍功里建新路60之3號十五樓之3","15F.-3, No. 60-3, Jianxin Rd., Jungong Vil., East Dist., Hsinchu City 30071, Taiwan (R.O.C.)","郝O","03-6669890","","有","有"
"45101550","20171121","20210815","三諾國際有限公司","SAN NUO INTERNATIONAL CO., LTD.","彰化縣田尾鄉饒平村建平路一段177號1樓","1 F., No. 177, Sec. 1, Jianping Rd., Tianwei Township, Changhua County 52242, Taiwan (R.O.C.)","孫O喬","04-8832600","04-8835349","有","有"
"45101685","20160511","20220702","台灣正昇國際有限公司","TAIWAN ZHENG SHENG INTERNATIONAL LIMITED","嘉義市西區車店里建成街217號一樓","1 F., No. 217, Jiancheng St., Chedian Vil., West Dist., Chiayi City 600024, Taiwan (R.O.C.)","鄧O成","02-27233003","02-27231812","有","有"
"45101720","20250526","20250526","法老王整合行銷有限公司","PHARAOH KING CO., LTD.","花蓮縣花蓮市中福路42號1樓","1 F., No. 42, Zhongfu Rd., Hualien City, Hualien County 970002, Taiwan (R.O.C.)","林O臻","","","有","有"
"45101756","20170727","20210813","開立達有限公司","KAI LI DA LIMITED","南投縣南投市平山里平山一路二街65之5號1樓","1 F., No. 65-5, 2nd St., Pingshan 1st Rd., Pingshan Vil., Nantou City, Nantou County 54064, Taiwan (R.O.C.)","黃O良","07-3759538","07-3758317","有","有"
"45101778","20160511","20241217","台灣電扇科技有限公司","TAIWAN FAN TECHNOLOGY CO., LTD.","彰化縣員林市南興里南潭路1巷20弄21號","No. 21, Aly. 20, Ln. 1, Nantan Rd., Nanxing Vil., Yuanlin City, Changhua County 51053, Taiwan (R.O.C.)","陳O全","04-8242345","04-8237799","有","有"
"45101812","20160504","20231220","安橋聖科技有限公司","ENCHOSE TECHNOLOGY CO., LTD.","彰化縣彰化市福山里福東街66巷37弄19號","No. 19, Aly. 37, Ln. 66, Fudong St., Fushan Vil., Changhua City, Changhua County 50076, Taiwan (R.O.C.)","李O棋","04-7389867","","有","有"
"45101833","20170518","20210812","台灣銓發進出口貿易有限公司","TAIWAN QUANFA IMPORT AND EXPORT TRADE CO.,LTD","基隆市信義區深美街86巷43號","No. 43, Ln. 86, Shenmei St., Xinyi Dist., Keelung City 20150, Taiwan (R.O.C.)","林O賢","02-24620370","02-24378134","無","無"
"45101849","20160525","20230219","宇中興業有限公司","YUJS CO., LTD.","嘉義縣太保市過溝里嘉太工業區中興路17號1樓","1 F., No. 17, Zhongxing Rd., Jiatai Industrial Park, Guogou Vil., Taibao City, Chiayi County 612012, Taiwan (R.O.C.)","王O銘","05-2685987","","有","有"
"45101860","20160506","20240312","艾瑞光國際有限公司","IRINGO INTERNATIONAL CO., LTD.","桃園市中壢區月眉里環保路283號15樓","15 F., No. 283, Huanbao Rd., Yuemei Vil., Zhongli Dist., Taoyuan City 320065, Taiwan (R.O.C.)","莊O昇","03-3763178","03-3763179","有","有"
"45102002","20240722","20240722","車勢文化事業有限公司","Carture TW CO., LTD.","新北市林口區麗園一街11巷1號2樓之2","2 F.-2, No. 1, Ln. 11, Liyuan 1st St., Linkou Dist., New Taipei City 244007, Taiwan (R.O.C.)","鄭O","","","有","有"
"45102045","20221102","20221102","興虎林有限公司","HSING-HU-LIN CO., LTD.","南投縣南投市平山里竹林路一街17號1樓","1 F., No. 17, 1st St., Zhulin Rd., Pingshan Vil., Nantou City, Nantou County 540026, Taiwan (R.O.C.)","謝O泰","049-2261601","","有","有"
"45102050","20160620","20220721","洛帝格國際貿易有限公司","GERMAN BAKERY SYSTEMS CO., LTD.","桃園市觀音區富源里中觀路1段43號","No. 43, Sec. 1, Zhongguan Rd., Fuyuan Vil., Guanyin Dist., Taoyuan City 328005, Taiwan (R.O.C.)","魏O華","03-3111479","","有","有"
"45102087","20210709","20241126","中盛盈股份有限公司","ODD GLOBAL CORP.","新北市汐止區新台五路1段106號18樓","18 F., No. 106, Sec. 1, Xintai 5th Rd., Xizhi Dist., New Taipei City 221411, Taiwan (R.O.C.)","方O慶","02-26972557","02-26972537","有","有"
"45102100","20160504","20210813","漢強系統科技有限公司","HAN QIANG TECHNOLOGY CO., LTD.","苗栗縣頭份市頭份里日新街39號1樓","1 F., No. 39, Rixin St., Toufen Vil., Toufen City, Miaoli County 35143, Taiwan (R.O.C.)","陳O棟","0955-120308","","有","有"
"45102116","20231005","20231005","傑成鋼鐵有限公司","Jie Cheng steel LTD.","新竹縣竹東鎮榮華里興農街157號12樓","12 F., No. 157, Xingnong St., Ronghua Vil., Zhudong Township, Hsinchu County 310001, Taiwan (R.O.C.)","彭O傑","0989213631","03-5927951","有","有"
"45102137","20160526","20210815","辰泰材料科技股份有限公司","CHEN THAI MATERIAL TECHNOLOGY CO., LTD.","桃園市中壢區文化里安東路16號","No. 16, Andong Rd., Wenhua Vil., Zhongli Dist., Taoyuan City 32063, Taiwan (R.O.C.)","陳O名","03-4515990","03-4515900","有","有"
"45102306","20181217","20221112","睿瀚科技有限公司","Rehan Technology Co., Ltd.","桃園市蘆竹區南崁路一段83號3樓之2","3 F.-2, No. 83, Sec. 1, Nankan Rd., Luzhu Dist., Taoyuan City 338207, Taiwan (R.O.C.)","劉O倫","03-3131696","03-3131651","有","有"
"45102312","20160604","20210813","承星實業有限公司","CHENG HING INDUSTRIAL CO., LTD.","桃園市觀音區大潭里濱海路大潭段318號","No. 318, Sec. Datan, Binhai Rd., Datan Vil., Guanyin Dist., Taoyuan City 32841, Taiwan (R.O.C.)","王O樹","02-22928284","","有","有"
"45102410","20200722","20230913","積準光電股份有限公司","PREtch Materials Co.,Ltd.","新竹縣竹北市隘口里隘口二路230號1樓","1 F., No. 230, Aikou 2nd Rd., Aikou Vil., Zhubei City, Hsinchu County 302053, Taiwan (R.O.C.)","李O遠","03-5830596","03-5830597","有","有"
"45102447","20160603","20210813","新泓精密工業股份有限公司","SHIN HUNG PRECISION INDUSTRIAL CO., LTD.","桃園市龜山區文化里復興二路46之1號","No. 46-1, Fuxing 2nd Rd., Wenhua Vil., Guishan Dist., Taoyuan City 33377, Taiwan (R.O.C.)","董O蘭","03-3973488","03-3973541","有","有"
"45102468","20180419","20230218","品尚智產國際有限公司","Pin Shang Intellectual Property International Co., Ltd.","宜蘭縣宜蘭市神農里和睦路1-33號一樓","1 F., No. 1-33, Hemu Rd., Shennong Vil., Yilan City, Yilan County 260003, Taiwan (R.O.C.)","陳O儀","02-22673943","03-9875108","有","有"
"45102571","20180524","20240402","普羅森科技股份有限公司","PHROZEN TECH CO., LTD.","新竹市香山區中埔里牛埔路287號3樓","3 F., No. 287, Niupu Rd., Zhongpu Vil., Xiangshan Dist., Hsinchu City 300059, Taiwan (R.O.C.)","吳O任","03-6210505","03-5396591","有","有"
"45102690","20171205","20210812","叡松生物科技有限公司","RuiSong Biological Technology Co., Ltd.","桃園市龍潭區北龍路333號","No. 333, Beilong Rd., Longtan Dist., Taoyuan City 32552, Taiwan (R.O.C.)","高O蓉","03-4707022","02-25171980","無","無"
"45102734","20160531","20230914","成彥科技有限公司","TRAININGSYS LTD.","新竹縣新豐鄉民安街21號","No. 21, Min’an St., Xinfeng Township, Hsinchu County 304110, Taiwan (R.O.C.)","蘇O皓","0911400521","","無","無"
"45102777","20161213","20231006","福源康生技有限公司","FUYUANKANG HERBAL BIOTECH CO., LTD.","桃園市平鎮區南勢里南華街2巷7號","No. 7, Ln. 2, Nanhua St., Nanshi Vil., Pingzhen Dist., Taoyuan City 324037, Taiwan (R.O.C.)","邱O君","03-4397657","03-4397607","有","有"
"45102832","20200619","20210815","橙鈉有限公司","7RF WIRELESS TAIWAN COMPANY LIMITED","桃園市大溪區一心里文化路129巷25弄33號5樓","5 F., No. 33, Aly. 25, Ln. 129, Wenhua Rd., Yixin Vil., Daxi Dist., Taoyuan City 33555, Taiwan (R.O.C.)","蔡O任","0936585500","","有","有"
"45102875","20250417","20250417","立淂兒企劃行銷有限公司","Leader Marketing & Planning CO., LTD.","嘉義市東區頂庄里義教街614號1樓","1 F., No. 614, Yijiao St., Dingzhuang Vil., East Dist., Chiayi City 600062, Taiwan (R.O.C.)","陳O宇","05 2278928","","有","有"
"45102903","20160513","20210815","吉晟有限公司","CHI CHENG FOOD ENTERPRISE CO., LTD.","屏東縣新園鄉田洋村仙隆路245-6號","No. 245-6, Xianlong Rd., Xinyuan Township, Pingtung County 93246, Taiwan (R.O.C.)","李O雄","08-8686522","08-8686134","有","有"
"45102951","20170414","20250108","智見科技股份有限公司","Printage , Inc.","新竹市東區光復路1段371號5樓之1","Rm. 1, 5 F., No. 371, Sec. 1, Guangfu Rd., East Dist., Hsinchu City 30074, Taiwan (R.O.C.)","蔡O盛","036660127","","有","有"
"45102973","20191018","20221223","環球百順生醫科技股份有限公司","GwoBest Biomedical Co, Ltd.","新竹縣竹北市高鐵二路30號","No. 30, Gaotie 2nd Rd., Zhubei City, Hsinchu County 302052, Taiwan (R.O.C.)","陳O穠","03-6585959","03-6579922","有","有"
"45103038","20210319","20210827","永家實業有限公司","YONG JIA CO., LTD","桃園市龜山區楓樹三街96號3樓","3 F., No. 96, Fengshu 3rd St., Guishan Dist., Taoyuan City 33372, Taiwan (R.O.C.)","洪O圻","03-450-552","03-450-0063","有","有"
"45103059","20180625","20210815","速龍有限公司","SO - LONG CO., LTD.","桃園市蘆竹區長興里厚生路90號4樓之3","4F.-3, No. 90, Housheng Rd., Changxing Vil., Luzhu Dist., Taoyuan City 33855, Taiwan (R.O.C.)","徐O蓉","033114459","","有","有"
"45103121","20160627","20210813","澄泰興業有限公司","CHIN TAI TECH CO., LTD.","桃園市蘆竹區新生路456之8號(1樓)","1 F., No. 456-8, Xinsheng Rd., Luzhu Dist., Taoyuan City 33843, Taiwan (R.O.C.)","黃O榮","03-3227733","03-3220838","有","有"
"45103157","20170412","20210813","鈺達機械有限公司","YU DA MACHINERY CO., LTD.","彰化縣二林鎮趙甲里安殿巷13-5號","No. 13-5, Andian Ln., Zhaojia Vil., Erlin Township, Changhua County 52666, Taiwan (R.O.C.)","朱O堅","0923-293633","","有","有"
"45103229","20161223","20240927","瀧騰澤藝景有限公司","FOUR SEASONS GARDEN CO., LTD.","桃園市桃園區中正路927號7樓","7 F., No. 927, Zhongzheng Rd., Taoyuan Dist., Taoyuan City 330012, Taiwan (R.O.C.)","蔡O谷","03-3264567","03-3265000","有","有"
"45103277","20220707","20240820","亦信智慧生活有限公司","DIAMOND SUCCESS CO., LTD.","臺南市安平區建平里怡平路140巷39號1樓","1 F., No. 39, Ln. 140, Yiping Rd., Jianping Vil., Anping Dist., Tainan City 708007, Taiwan (R.O.C.)","","0989608188","","無","無"
"45103282","20191227","20220120","名順物流有限公司","MING SHUN logistics limited","桃園市中壢區松平路228巷6號(1樓)","1 F., No. 6, Ln. 228, Songping Rd., Zhongli Dist., Taoyuan City 32050, Taiwan (R.O.C.)","羅O逸","03-4751818","","有","有"
"45103298","20160509","20210815","安庭貿易有限公司","AND TEAM TRADING COMPANY LIMITED","彰化縣員林市林厝里湶洲巷9弄5號","No. 5, Aly. 9, Lincuo Vil., Yuanlin City, Changhua County 510, Taiwan (R.O.C.)","張O芬","04-8390138","","有","有"
"45103311","20170524","20210813","慧泓貿易有限公司","HUII HUNG TRADING CO., LTD.","桃園市龜山區山德里忠孝街56巷36號2樓","2 F., No. 36, Ln. 56, Zhongxiao St., Shande Vil., Guishan Dist., Taoyuan City 33342, Taiwan (R.O.C.)","陳O珍","03-3564572","03-3579781","有","有"
"45103348","20160527","20240520","㵢杰股份有限公司","SWIROC CORP.","新竹科學園區新竹市展業一路8號三樓","3 F., No. 8, Zhanye 1st Rd., East Dist., Hsinchu City 300091, Taiwan (R.O.C.)","胡O卿","","","有","有"
"45103369","20161014","20210814","北迴十二月有限公司","NORTH DECEMBER TRADING CO., LTD.","雲林縣斗六市公誠里長春路39號1樓","1 F., No. 39, Changchun Rd., Gongcheng Vil., Douliu City, Yunlin County 64048, Taiwan (R.O.C.)","蔡O棻","0909330100","","有","有"
"45103375","20160523","20230906","鴻懿工業有限公司","INTERPLUS CO., LTD.","桃園市中壢區中正里榮安13街58巷120號","No. 120, Ln. 58, Rong’an 13th St., Zhongzheng Vil., Zhongli Dist., Taoyuan City 32071, Taiwan (R.O.C.)","王O如","0926287128","02-29678069","有","有"
"45103446","20170922","20230909","富鴻系統科技股份有限公司","FUHUNG SYSTEM TECHNOLOGY CO., LTD.","屏東縣長治鄉香楊村合興路208巷30號","No. 30, Ln. 208, Hexing Rd., Xiangyang Vil., Changzhi Township,  Pingtung County 908123, Taiwan (R.O.C.)","陳O到","03-3819998","03-3566277","有","有"
"45103451","20181221","20230215","宜蘭安永樂活股份有限公司","Yilan Anyong Lohas Co., Ltd.","宜蘭縣蘇澳鎮中山路二段415號","No. 415, Sec. 2, Zhongshan Rd., Su’ao Township, Yilan County 270013, Taiwan (R.O.C.)","翁O珠","02-77103166","02-27975500","有","有"
"45103467","20170925","20210813","日陽起重工程有限公司","SUNRISE CRANE CO., LTD.","桃園市桃園區中原里宏昌七街98號4樓之8","4F.-8, No. 98, Hongchang 7th St., Zhongyuan Vil., Taoyuan Dist., Taoyuan City 33077, Taiwan (R.O.C.)","陳O經","03-3819092","03-3819091","有","有"
"45103488","20160510","20210813","聖鋼股份有限公司","SHENG GANG CORP. LTD.","雲林縣西螺鎮新豐里6鄰福來路52號","No. 52, Fulai Rd., 6th Neighborhood, Xinfeng Vil., Xiluo Township, Yunlin County 64867, Taiwan (R.O.C.)","王O瑋","05-5870607","05-5870737","有","有"
"45103522","20190522","20230929","聖晞管理顧問有限公司","Shengyi Management Consulting Co., Ltd.","桃園市桃園區文化里民權路6號11樓之2","11 F.-2, No. 6, Minquan Rd., Wenhua Vil., Taoyuan Dist., Taoyuan City 330001, Taiwan (R.O.C.)","","03-4686528","03-4686530","無","無"
"45103585","20240923","20240923","台灣應急整合服務股份有限公司","Taiwan Paramedicine Service CO., LTD.","桃園市龜山區文明路97號 (1樓)","1 F., No. 97, Wenming Rd., Guishan Dist., Taoyuan City 333011, Taiwan (R.O.C.)","姜O佑","","","有","有"
"45103712","20200515","20220805","永碩開發有限公司","GREEN FIELD DEVELOPMENT CORP.","新竹縣竹北市復興一街251號16樓之2","16 F.-2, No. 251, Fuxing 1st St., Zhubei City, Hsinchu County 302052, Taiwan (R.O.C.)","林O群","03-6670612","03-6670613","有","有"
"45103781","20170602","20210813","睿智教育股份有限公司","CODEPRO INC.","新北市林口區公園路231號之3(一樓)","1 F., No. 231-3, Gongyuan Rd., Linkou Dist., New Taipei City 24441, Taiwan (R.O.C.)","王O儀","02-23513666","","有","有"
"45103895","20160511","20210814","映達生技股份有限公司","ILLUMINATI BIOTECH CO., LTD.","桃園市桃園區龍祥里龍泉六街2巷156號","No. 156, Ln. 2, Longquan 6th St., Longxiang Vil., Taoyuan Dist., Taoyuan City 33057, Taiwan (R.O.C.)","吳O輝","0972-715-657","","有","有"
"45103924","20160601","20210813","翼鳴科技有限公司","YMTEK CO., LTD.","彰化縣田中鎮三民里斗中路二段230巷174號1樓","1 F., No. 174, Ln. 230, Sec. 2, Douzhong Rd., Sanmin Vil., Tianzhong Township, Changhua County 52046, Taiwan (R.O.C.)","錢O鈞","0937790365","","無","無"
"45103945","20160509","20250429","思謀研器有限公司","STUDIO SMOLL CO., LTD.","新竹縣竹北市東平里嘉政八街８６號1樓","1 F., No. 86, Jiazheng 8th St., Dongping Vil., Zhubei City, Hsinchu County 302053, Taiwan (R.O.C.)","蔡O宇","0922-632133","","有","有"
"45103966","20160523","20210813","首澄企業有限公司","SO CHENG ENTERPRLSE CO., LTD.","彰化縣鹿港鎮洋厝里鹿草路3段660巷220弄20號1樓","1 F., No. 20, Aly. 220, Ln. 660, Sec. 3, Lucao Rd., Yangcuo Vil., Lukang Township, Changhua County 50566, Taiwan (R.O.C.)","陳O睿","04-7712684","04-7714788","有","有"
"45104037","20161111","20240313","青淨光能科技股份有限公司","PHOCOM TECHNOLOGY CO., LTD.","臺北市信義區忠孝東路5段1之1號9樓","9 F., No. 1-1, Sec. 5, Zhongxiao E. Rd., Xinyi Dist., Taipei City 110410, Taiwan (R.O.C.)","李O澫","0952091081","","有","有"
"45104108","20180727","20210814","熯崴精密有限公司","HAN WEI PRECISION Co., LTD","桃園市桃園區寶山里大德一街63號6樓","6 F., No. 63, Dade 1st St., Baoshan Vil., Taoyuan Dist., Taoyuan City 33050, Taiwan (R.O.C.)","林O民","0936158501","","有","有"
"45104120","20160629","20230508","百晉水產有限公司","BAI JIN FISHERIES LTD.","屏東縣東港鎮延平路159號1樓","1 F., No. 159, Yanping Rd., Donggang Township, Pingtung County 928002, Taiwan (R.O.C.)","黃O雯","08-8311350","","無","無"
"45104212","20160526","20230507","旌望貿易有限公司","JIM WANG TRADING CO., LTD.","彰化縣秀水鄉義興村三塊巷33號1樓","1F., No. 33, Sankuai Ln., Yixing Vil., Xiushui Township,  Changhua County 504002, Taiwan (R.O.C.)","施O坤","04-8334433","048334435","無","無"
"45104347","20161004","20231207","聚睿電子股份有限公司","GEAR RADIO ELECTRONICS CORP.","新竹市東區光明里光復路二段101號創新育成中心R117-S室","Rm. R117-S, No. 101, Sec. 2,  Guangfu Rd., Guangming Vil., East Dist.,  Hsinchu City 300044, Taiwan (R.O.C.)","羅O洲","0928133703","","有","有"
"45104368","20160614","20241218","上田電能有限公司","SHANG TIAN ENERGY SERVICE CO., LTD.","臺中市神岡區神洲里大洲路248號","No. 248, Dazhou Rd., Shenzhou Vil., Shengang Dist., Taichung City 42941, Taiwan (R.O.C.)","劉O元","04-25289750","","有","有"
"45104542","20160517","20210813","瑞將生技有限公司","RUEI JIANG BIOTECHNOLOGY CO., LTD.","彰化縣埤頭鄉芙朝村中埔路95號1樓","1 F., No. 95, Zhongpu Rd., Pitou Township, Changhua County 52345, Taiwan (R.O.C.)","劉O輝","04-8928730","","有","有"
"45104607","20160923","20220621","聞茂精密股份有限公司","WINMAXX INDUSTRIAL CORP.","臺南市安南區城西街2段181巷50弄168號1樓","1 F., No. 168, Aly. 50, Ln. 181, Sec. 2, Chengxi St., Annan Dist., Tainan City 709016, Taiwan (R.O.C.)","伍O言","04-22372668","04-22372068","有","有"
"45104640","20190625","20210815","冠翔精密有限公司","GUAN-XIANG PRECISION CO., LTD.","桃園市中壢區文化里吉林二路31巷16號4樓","4 F., No. 16, Ln. 31, Jilin 2nd Rd., Wenhua Vil., Zhongli Dist., Taoyuan City 32062, Taiwan (R.O.C.)","徐O翔","03-4621875","03-4621875","有","有"
"45104661","20170105","20210813","締兒沛有限公司","DEAR PET CO., LTD.","桃園市桃園區新埔里經國路36號","No. 36, Jingguo Rd., Xinpu Vil., Taoyuan Dist., Taoyuan City 33050, Taiwan (R.O.C.)","傅O偉","03-3267771","","有","有"
"45104748","20170620","20230804","奧特普有限公司","OCTOPUT CO., LTD.","彰化縣員林市和平里莒光路752號4樓","4 F., No. 752, Juguang Rd., Heping Vil., Yuanlin City, Changhua County 510012, Taiwan (R.O.C.)","","04-8360708","04-8360268","無","無"
"45104753","20170105","20210815","富利勝水族寵物有限公司","FUTURA -AQUARIUM PET CO., LTD.","桃園市中壢區林森里環中東路二段770號","No. 770, Sec. 2, Huanzhong E. Rd., Linsen Vil., Zhongli Dist., Taoyuan City 32096, Taiwan (R.O.C.)","林O國","03-4584185","","有","有"
"45104769","20160517","20210815","環鈦資源有限公司","HUAN TAI RECYCLE CO., LTD.","苗栗縣公館鄉五谷村1鄰21-6號","No. 21-6, Wugu, 1st Neighborhood, Gongguan Township, Miaoli County 36342, Taiwan (R.O.C.)","伍O皓菖","0927268729","","有","有"
"45104851","20160602","20210813","橙岳生技有限公司","ORANGE MOUNTAIN CO., LTD.","桃園市桃園區永安里力行路7號11樓之1","11F.-1, No. 7, Lixing Rd., Yong’an Vil., Taoyuan Dist., Taoyuan City 33054, Taiwan (R.O.C.)","鄧O齡","0912-016894","","有","有"
"45104873","20160512","20240203","奕宗企業有限公司","YI CHUNG ENTERPRISE CO., LTD.","彰化縣大村鄉南勢村南勢巷9之17號2樓","2 F., No. 9-17, Nanshi Ln., Dacun Township, Changhua County 51543, Taiwan (R.O.C.)","吳O毅","04-8533185","04-8531722","有","有"
"45104894","20160706","20230503","喜緣愛德華王子島國際股份有限公司","JOY PEI INTERNATIONAL CO., LTD.","新竹市北區水田里經國路二段56號2樓之1","2 F.-1, No. 56, Sec. 2, Jingguo Rd., Shuitian Vil., North Dist., Hsinchu City 300016, Taiwan (R.O.C.)","曾O州","03-5355906","03-5355803","有","有"
"45104901","20160523","20250219","台灣綠德養生食品有限公司","TAIWAN LEADER HEALTHY FOODS CO., LTD.","桃園市八德區大發里富榮街269巷24號1樓","1 F., No. 24, Ln. 269, Furong St., Dafa Vil., Bade Dist., Taoyuan City 334023, Taiwan (R.O.C.)","","03-3665355","03-3665357","無","無"
"45104923","20161123","20210814","環測環工有限公司","ENVIRONMENT ENGINEERING CORP. LTD.","高雄市鳳山區南京路88號","No. 88, Nanjing Rd., Fengshan Dist., Kaohsiung City 83073, Taiwan (R.O.C.)","張O政賢","04-762-8837","04-762-0832","有","有"
"45104938","20160602","20240111","金倫有限公司","GOLDEN ROENTGEN LIMITED COMPANY","桃園市蘆竹區中山里福祿一街216號2樓","2 F., No. 216, Fulu 1st St., Zhongshan Vil., Luzhu Dist., Taoyuan City 338031, Taiwan (R.O.C.)","官O同","0952-650732","","有","有"
"45104971","20160513","20210813","雷斯岦企業有限公司","LESS IS MORE ENTERPRISE COMPANY LIMITED","桃園市桃園區中平路166之1號3樓","3 F., No. 166-1, Zhongping Rd., Taoyuan Dist., Taoyuan City 33060, Taiwan (R.O.C.)","林O鈴","03-2289871","03-2289871","有","有"
"45105107","20160518","20210813","美日國際通有限公司","MEI RI INTERNATIONAL CORPORATION","新竹縣竹北市東興里自強北路62號2樓","2 F., No. 62, Ziqiang N. Rd., Dongxing Vil., Zhubei City, Hsinchu County 30264, Taiwan (R.O.C.)","陳O傑","0918753742","","有","有"
"45105134","20160513","20210815","聚祿實業有限公司","G-ROAD LIMITED COMPANY","屏東縣屏東市民生路57巷26號1樓","1 F., No. 26, Ln. 57, Minsheng Rd., Pingtung City, Pingtung County 900, Taiwan (R.O.C.)","郭O琴","0953940199","","有","有"
"45105161","20160614","20210813","有居系統櫃設計有限公司","YOU JU SYSTEM CABINET DESIGN CO., LTD.","桃園市中壢區永光里環北路7號1樓","1 F., No. 7, Huanbei Rd., Yongguang Vil., Zhongli Dist., Taoyuan City 32055, Taiwan (R.O.C.)","潘O岑","03-4918833","03-4925116","有","有"
"45105253","20160516","20210814","育達電機工程股份有限公司","YU DAR ELECTRIC ENGINEERING CO., LTD.","桃園市龜山區海萍路16巷12號2樓","2 F., No. 12, Ln. 16, Haiping Rd., Guishan Dist., Taoyuan City 33348, Taiwan (R.O.C.)","洪O邦","03-329-9922","03-359-0934","有","有"
"45105275","20180810","20240306","優活創意科技股份有限公司","ADWELL TECHNOLOGY, INC.","桃園市八德區建興街130巷6弄1號","No. 1, Aly. 6, Ln. 130, Jianxing St., Bade Dist., Taoyuan City 33454, Taiwan (R.O.C.)","陳O輝","02-87582324","","有","有"
"45105401","20160622","20221005","泉鑫科技股份有限公司","INVESTEK, INC.","桃園市桃園區中正路1071號17樓之6","17 F.-6, No. 1071, Zhongzheng Rd., Taoyuan Dist., Taoyuan City 330010, Taiwan (R.O.C.)","徐O明","03-3565800","03-3569700","有","有"
"45105486","20160519","20230706","華庭材料科技股份有限公司","POLYCORE TAIWAN CO., LTD.","臺北市中山區建國北路2段66號7樓","7 F., No. 66, Sec. 2, Jianguo N. Rd., Zhongshan Dist., Taipei City 104075, Taiwan (R.O.C.)","陳O經","05-780899","","有","有"
"45105583","20190801","20210815","祥鱻魚業有限公司","Hsiang Hsien Fish Co., Ltd.","嘉義縣東石鄉掌潭村1鄰掌潭6-1號1樓","1 F., No. 6-1, Zhangtan, 1st Neighborhood, Dongshi Township, Chiayi County 61451, Taiwan (R.O.C.)","林O毅","05-3623789","","有","有"
"45105599","20160603","20210815","山花國際科技有限公司","SHANG-HUA INTERNATIONAL TECHNOLOGY LTD.","桃園市桃園區永安里永安路374號1樓","1 F., No. 374, Yong’an Rd., Yong’an Vil., Taoyuan Dist., Taoyuan City 33059, Taiwan (R.O.C.)","高O山","03-3359696","03-3327928","有","有"
"45105628","20240306","20240306","興運科技有限公司","Simtec Company Limited","彰化縣溪湖鎮大竹里德學東街5號","No. 5, Dexue E. St., Dazhu Vil., Xihu Township, Changhua County 514002, Taiwan (R.O.C.)","陳O川","","","有","有"
"45105681","20160721","20220326","霈昇科技有限公司","PASSION-TEK COMPANY LIMITED","苗栗縣銅鑼鄉銅鑼村民治路11號2樓","2 F., No. 11, Minzhi Rd., Tongluo Township, Miaoli County 36645, Taiwan (R.O.C.)","吳O隆","037-544012","037-540798","有","有"
"45105845","20160615","20250221","仙童科技股份有限公司","FAIRICHILD TECHNOLOGY CO., LTD.","桃園市平鎮區新勢里中豐路110號6樓之2","6 F.-2, No. 110, Zhongfeng Rd., Xinshi Vil., Pingzhen Dist., Taoyuan City 324001, Taiwan (R.O.C.)","郭O秀","0911901009","","有","有"
"45105937","20170516","20220602","耕程科技有限公司","GENG CHENG TECHNOLOGY CO., LTD.","彰化縣社頭鄉松竹村清水岩路207號一樓","1 F., No. 207, Qingshuiyan Rd., Shetou Township, Changhua County 511003, Taiwan (R.O.C.)","陳O維","04-8721120","04-8721120","有","有"
"45105970","20160526","20210813","德星貿易有限公司","DE. SHING TRADING CO., LTD.","嘉義市東區文雅里大雅路一段858巷7-32號1樓","1 F., No. 7-32, Ln. 858, Sec. 1, Daya Rd., Wenya Vil., East Dist., Chiayi City 60076, Taiwan (R.O.C.)","謝O儒","0929300229","05-2813796","有","有"
"45106014","20160516","20210813","銳凱科技股份有限公司","REEKAI TECHNOLOGY CO., LTD.","桃園市蘆竹區南崁里經國路900號5樓","5 F., No. 900, Jingguo Rd., Nankan Vil., Luzhu Dist., Taoyuan City 33858, Taiwan (R.O.C.)","饒O凱","03-3179558#118","","有","有"
"45106035","20160517","20230706","倍創科技股份有限公司","BEST MODULES CORP.","新竹市東區龍山里光復路一段576巷17號","No. 17, Ln. 576, Sec. 1, Guangfu Rd., Longshan Vil., East Dist., Hsinchu City 300047, Taiwan (R.O.C.)","吳O勇","03-5631999","03-5631175","有","有"
"45106056","20170217","20220531","正揚汽車有限公司","CHENG YANG AUTOMOBILE CO., LTD.","彰化縣彰化市台鳳里一心南街221號1樓","1 F., No. 221, Yixin S. St., Taifeng Vil., Changhua City, Changhua County 500056, Taiwan (R.O.C.)","賴O霏","0932-587317","","有","有"
"45106062","20181129","20210812","創屹股份有限公司","Creative Intelligence CO., LTD","南投縣埔里鎮泰安里民族路93號","No. 93, Minzu Rd., Tai’an Vil., Puli Township, Nantou County 54553, Taiwan (R.O.C.)","黃O勝","0912356618","049-2424552","有","有"
"45106160","20210616","20210814","曜耀有限公司","SHOU YE SHAO KAO LTD.","桃園市桃園區北門里民生路511號1樓","1 F., No. 511, Minsheng Rd., Beimen Vil., Taoyuan Dist., Taoyuan City 33043, Taiwan (R.O.C.)","林O佑","03-3380809","","有","有"
"45106176","20200326","20221105","邦職人股份有限公司","Bonpro Construction Co., Ltd.","桃園市桃園區坤成街105巷18號","No. 18, Ln. 105, Kuncheng St., Taoyuan Dist., Taoyuan City 330062, Taiwan (R.O.C.)","林O傑","02-25516969","02-25311368","有","有"
"45106197","20200720","20210813","四季耕讀農園有限公司","FOUR SEASONS PUREFOOD COMPANY LIMITED","花蓮縣壽豐鄉豐坪路二段21巷10號3樓","3 F., No. 10, Ln. 21, Sec. 2, Fengping Rd., Shoufeng Township, Hualien County 97451, Taiwan (R.O.C.)","李O豪","03-8655266","","有","有"
"45106210","20190719","20241026","連力股份有限公司","LianLi AutoVision Co., Ltd.","新竹市東區綠水里東光路55號5樓之4","5 F.-4, No. 55, Dongguang Rd., Lushui Vil., East Dist., Hsinchu City 300195, Taiwan (R.O.C.)","陳O雲","03-5619689","03-5619689","有","有"
"45106268","20170317","20250423","百原實業有限公司","PAI YUAN INDUSTRIAL CO., LTD.","雲林縣麥寮鄉麥豐村興化寮23-23號","No. 23-23, Xinghualiao, Mailiao Township, Yunlin County 63856, Taiwan (R.O.C.)","張O興","0952040203","","有","有"
"45106350","20160720","20240224","日潤興業有限公司","RAY JOHN CO., LTD.","臺北市內湖區內湖路1段360巷8號8樓","8 F., No. 8, Ln. 360, Sec. 1, Neihu Rd., Neihu Dist., Taipei City 114686, Taiwan (R.O.C.)","彭O勒","08-7228650","","有","有"
"45106372","20190614","20210814","百士威有限公司","BEST WAY Co., Ltd.","新竹縣竹北市鹿場里自強南路436號1樓","1 F., No. 436, Ziqiang S. Rd., Luchang Vil., Zhubei City, Hsinchu County 30264, Taiwan (R.O.C.)","陳O安","03-6682545","03-6682545","有","有"
"45106387","20160523","20241015","弘熙有限公司","ORION PAX LTD.","桃園市大溪區仁善里介壽路236號","No. 236, Jieshou Rd., Renshan Vil., Daxi Dist., Taoyuan City 33543, Taiwan (R.O.C.)","魏O文","02-27135386","","有","有"
"45106458","20160520","20210813","智育電子有限公司","SAGESSE ELECTRONIC CO., LTD.","桃園市桃園區樹仁三街110巷11號1樓","1 F., No. 11, Ln. 110, Shuren 3rd St., Taoyuan Dist., Taoyuan City 33068, Taiwan (R.O.C.)","賴O聖","03-3772790","","有","有"
"45106464","20160604","20210813","均冠國際有限公司","CKF INTERNATIONAL CO., LTD.","彰化縣埔心鄉舊館村興霖路535號1樓","1 F., No. 535, Xinglin Rd., Puxin Township, Changhua County 51341, Taiwan (R.O.C.)","陳O甫","04-8283395","04-8283393","有","有"
"45106491","20171011","20210814","隆泰國際有限公司","LONGTIDE INTERNATIONAL CO., LTD.","桃園市大園區田心里華興路二段176巷19號","No. 19, Ln. 176, Sec. 2, Huaxing Rd., Tianxin Vil., Dayuan Dist., Taoyuan City 33751, Taiwan (R.O.C.)","劉O秀藝","03-3864646","","有","有"
"45106534","20160517","20230213","蛇眼科技有限公司","SNAKE EYES TECHNOLOGY CO., LTD.","新竹縣寶山鄉大崎村大雅路二段112號1樓","1F., No. 112, Sec. 2,  Daya Rd., Daqi Vil., Baoshan Township,  Hsinchu County 308001, Taiwan (R.O.C.)","張O凱","03-5799119","","無","無"
"45106605","20160607","20210813","迪貿科技股份有限公司","DI MAOS TECHNOLOGY CO., LTD.","屏東縣屏東市清溪里和生路三段768號","No. 768, Sec. 3, Hesheng Rd., Qingxi Vil., Pingtung City, Pingtung County 90093, Taiwan (R.O.C.)","蔡O宏","08-7556467","08-7522119","有","有"
"45106627","20161205","20210815","龍陞興業有限公司","SNT LEATHER CO., LTD.","雲林縣北港鎮溝皂里1鄰溝皂路80-35號","No. 80-35, Gouzao, 1st Neighborhood, Gouzao Vil., Beigang Township, Yunlin County 65148, Taiwan (R.O.C.)","林O君","05-7922668","05-7922680","無","無"
"45106669","20161103","20210814","郁峰教育事業有限公司","SUMMIT EDUCATION CONSULTING GROUP CO., LTD.","新竹縣竹北市東平里隘口六街101號14樓","14 F., No. 101, Aikou 6th St., Dongping Vil., Zhubei City, Hsinchu County 30274, Taiwan (R.O.C.)","陳O雯","0919-999037","","有","有"
"45106703","20160523","20241018","阡宏貿易有限公司","ULTRA MAGNUS LTD.","桃園市大溪區仁善里介壽路236號","No. 236, Jieshou Rd., Renshan Vil., Daxi Dist., Taoyuan City 33543, Taiwan (R.O.C.)","魏O文","02-27135386","","有","有"
"45106719","20160603","20220815","久富生技有限公司","JIUFU BIOTECH CO., LTD.","桃園市新屋區中山東路二段865號","No. 865, Section 2, Zhongshan East Road, Touzhouli, Xinwu District, Taoyuan City","廖O誌","0981122677","03-4517014","有","有"
"45106788","20160516","20231111","晶將科技股份有限公司","AIR IMAGE TECHNOLOGY INC.","宜蘭縣宜蘭市西門里舊城西路107號一樓","1 F., No. 107, Jiucheng W. Rd., Ximen Vil., Yilan City, Yilan County 26045, Taiwan (R.O.C.)","","03-9357861","03-9357871","無","無"
"45106838","20170911","20230111","傑理有限公司","T-BONE INTERNATIONAL COMPANY","彰化縣秀水鄉中山路133巷12弄5號1樓","1 F., No. 5, Aly. 12, Ln. 133, Zhongshan Rd., Xiushui Township, Changhua County 504005, Taiwan (R.O.C.)","鄭O富","047-697733","","有","有"
"45106865","20181203","20250113","壹邦應用材料有限公司","Ebond application material Co., Ltd.","桃園市中壢區永順三街50號(1樓)","1 F., No. 50, Yongshun 3rd St., Zhongli Dist., Taoyuan City 320014, Taiwan (R.O.C.)","黃O榮","03-2716616","","有","有"
"45106892","20160607","20210813","臻琪企業有限公司","JHUNGI ENTERPRISE CO., LTD.","彰化縣伸港鄉溪底村工西一路2-7號","No. 2-7, Gongxi 1st Rd., Shengang Township, Changhua County 50971, Taiwan (R.O.C.)","林O卿","04-7977433","04-7977435","有","有"
"45106915","20160607","20240503","金慶元科技有限公司","GOLD CHING YUAN TECHNOLOGY CO., LTD.","嘉義市西區磚󼍕里12鄰大統路192號1樓","1 F., No. 192, Datong Rd., 12th Neighborhood, West Dist., Chiayi City 600072, Taiwan (R.O.C.)","黃O峰","05-2364057","05-2364057","無","無"
"45106963","20160809","20210815","創醫工程有限公司","NOVELTREND LIMITED","臺中市西區民龍里西屯路一段167巷17號","No. 17, Ln. 167, Sec. 1, Xitun Rd., Minlong Vil., West Dist., Taichung City 40354, Taiwan (R.O.C.)","譚O光","0972946983","","有","有"
"45106984","20180927","20210813","鳴展金屬有限公司","MIN-Z METAL CO., LTD.","新竹縣竹北市北興里勝利十一路260號8樓之2","8F.-2, No. 260, Shengli 11th Rd., Beixing Vil., Zhubei City, Hsinchu County 30286, Taiwan (R.O.C.)","莊O珍","03-6670155","03-6670155","有","有"
"45107082","20190517","20210813","有復有限公司","YOU FU CHEMICALS CO., LTD.","桃園市中壢區自強六路9巷18弄18號","No. 18, Aly. 18, Ln. 9, Ziqiang 6th Rd., Zhongli Dist., Taoyuan City 32064, Taiwan (R.O.C.)","張O福","03-4528531","03-4515093","有","有"
"45107153","20160602","20210815","速立達貿易有限公司","SOLE-LEADER CORPORATION","彰化縣彰化市西勢里自強南路337巷20弄7號","No. 7, Aly. 20, Ln. 337, Ziqiang S. Rd., Xishi Vil., Changhua City, Changhua County 50054, Taiwan (R.O.C.)","尤O文","04-7521005","04-7521013","有","有"
"45107180","20160524","20210813","日美興業有限公司","DAY BEAUTY CO., LTD.","桃園市桃園區永安北路398號9樓之2","9F.-2, No. 398, Yong’an N. Rd., Taoyuan Dist., Taoyuan City 33076, Taiwan (R.O.C.)","李O漢","0930565041","","有","有"
"45107267","20180905","20210814","盛益海味有限公司","Cheng-Yi Dry Seafood Company Limited","彰化縣埔鹽鄉好修村中正三路69號","No. 69, Zhongzheng 3rd Rd., Puyan Township, Changhua County 51647, Taiwan (R.O.C.)","林O縉","04-8538011","04-8532701","有","有"
"45107273","20200325","20211014","天德力國際實業有限公司","TIAN DE LI INTERNATIONAL ENTERPRISE CO., LTD.","彰化縣花壇鄉灣雅村秀水巷12號","No. 12, Xiushui Ln., Huatan Township, Changhua County 50346, Taiwan (R.O.C.)","陳O豪","04-7869157","","有","有"
"45107323","20210517","20211221","盤古有限公司","Pangkok Environment Co., Ltd","苗栗縣頭份市合興里復興街57巷13號","No. 13, Ln. 57, Fuxing St., Hexing Vil., Toufen City, Miaoli County 35155, Taiwan (R.O.C.)","黃O丕","037-596593","","有","有"
"45107338","20160823","20230324","約諮國際貿易有限公司","YUE ZI INTERNATIONAL TRADING CO., LTD.","苗栗縣苗栗市清華里國華路73號6樓","6 F., No. 73, Guohua Rd., Qinghua Vil., Miaoli City, Miaoli County 360001, Taiwan (R.O.C.)","謝O禓","03-3312650","03-3333461","無","無"
"45107359","20190819","20210813","振暘國際有限公司","Jiyang international co., LTD","桃園市龜山區萬壽路一段422巷27弄16號","No. 16, Aly. 27, Ln. 422, Sec. 1, Wanshou Rd., Guishan Dist., Taoyuan City 33350, Taiwan (R.O.C.)","林O全","02-82092299","","有","有"
"45107365","20170612","20240903","鴻宇環境顧問股份有限公司","HONG YU ENVIRONMENTAL CONSULTANTS LTD.","宜蘭縣羅東鎮陽明路160巷11號1樓","1 F., No. 11, Ln. 160, Yangming Rd., Luodong Township, Yilan County 265010, Taiwan (R.O.C.)","呂O宇","03-9561386","03-2166938","有","有"
"45107392","20160601","20210813","同澤科技有限公司","TONG ZE TECHNOLOGY CO., LTD.","桃園市平鎮區平鎮里南平路二段596巷14弄1號","No. 1, Aly. 14, Ln. 596, Sec. 2, Nanping Rd., Pingzhen Vil., Pingzhen Dist., Taoyuan City 32454, Taiwan (R.O.C.)","王O瑋","03-4686528","","無","無"
"45107421","20160713","20210815","亞宙有限公司","YAZHOU CO., LTD.","桃園市中壢區洽溪里永能路23巷2號","No. 2, Ln. 23, Yongneng Rd., Qiaxi Vil., Zhongli Dist., Taoyuan City 32054, Taiwan (R.O.C.)","彭O樺","03-3135220","03-3135221","有","有"
"45107463","20160603","20210812","全弘企業有限公司","CHANGHONG SPECIAL ENTERPRISE CO., LTD.","桃園市楊梅區青山里21鄰青山六街1巷5號12樓之4","12F.-4, No. 5, Ln. 1, Qingshan 6th St., 21th Neighborhood, Qingshan Vil., Yangmei Dist., Taoyuan City 32657, Taiwan (R.O.C.)","劉O弘","0932340031","037-475855","有","有"
"45107581","20170726","20230721","麵家族食品有限公司","MEN KAZOKU FOODS CORPORATION","彰化縣鹿港鎮海埔里18鄰鹿工北二路8-3號","No. 8-3, Lugong N. 2nd Rd., 18th Neighborhood, Haipu Vil., Lukang Township, Changhua County 505029, Taiwan (R.O.C.)","黃O洋","04-7780228","","無","無"
"45107597","20160526","20210813","貿國國際有限公司","KUOJUNG INTERNATIONAL INC.","彰化縣線西鄉塭仔村塭仔路39-3號","No. 39-3, Wenzai Rd., Xianxi Township, Changhua County 50744, Taiwan (R.O.C.)","黃O榮","04-7711627","","有","有"
"45107626","20160601","20221216","羿鐸科技股份有限公司","EIDOS TECHNOLOGY CORP.","新竹縣竹北市博愛街513號5樓之5","5 F.-5, No. 513, Bo’ai St., Zhubei City, Hsinchu County 302045, Taiwan (R.O.C.)","朴O憓","03-5752577","","有","有"
"45107631","20221123","20221123","垣運管理顧問股份有限公司","YUAN YUN MANAGEMENT CONSULTING CO., LTD.","彰化縣員林市新生里至善街118號1樓","1 F., No. 118, Zhishan St., Xinsheng Vil., Yuanlin City, Changhua County 510008, Taiwan (R.O.C.)","張O士","04-8383995","","有","有"
"45107652","20160523","20210813","台灣優利康電氣有限公司","TAIWAN YOLICO ELECTRIC CO., LTD.","新北市新莊區新泰路438巷5號(1樓)","1 F., No. 5, Ln. 438, Xintai Rd., Xinzhuang Dist., New Taipei City 24242, Taiwan (R.O.C.)","葉O傑","","","有","有"
"45107674","20160526","20210813","大餘工坊股份有限公司","BIG FISH WORKSHOP CO., LTD.","桃園市桃園區成功路二段105之1號9樓","9 F., No. 105-1, Sec. 2, Chenggong Rd., Taoyuan Dist., Taoyuan City 33047, Taiwan (R.O.C.)","簡O賢","03-3369195","","有","有"
"45107689","20160603","20210813","富唯有限公司","FU WEI ELECTRONICS CO., LTD.","桃園市蘆竹區山鼻里南山路三段59號1樓","1 F., No. 59, Sec. 3, Nanshan Rd., Shanbi Vil., Luzhu Dist., Taoyuan City 33851, Taiwan (R.O.C.)","徐O昌","03-3937127","03-3937873","有","有"
"45107772","20160926","20240604","多肉市集有限公司","FLESHY MARKET LTD.","桃園市桃園區同安里大興西路一段191巷10弄8號(1樓)","1 F., No. 8, Aly. 10, Ln. 191, Sec. 1, Daxing W. Rd., Tong’an Vil., Taoyuan Dist., Taoyuan City 330007, Taiwan (R.O.C.)","詹O村","03-3798600","03-3358089","有","有"
"45107793","20160603","20220505","日葳有限公司","RI WEI CO., LTD.","臺中市太平區新興路35巷71號1樓","1 F., No. 71, Ln. 35, Xinxing Rd., Taiping Dist., Taichung City 41157, Taiwan (R.O.C.)","王O瑜","049-2510900","049-2510425","有","有"
"45107822","20160523","20210813","達爾新技有限公司","DELIR TECH CO., LTD.","雲林縣虎尾鎮堀頭里堀頭87之3號1樓","1 F., No. 87-3, Kutou, Juetou Vil., Huwei Township, Yunlin County 63254, Taiwan (R.O.C.)","徐O潔","0931541525","","有","有"
"45107864","20160602","20210813","潔中有限公司","ALL GREAT CO., LTD.","桃園市八德區永福街一段100號","No. 100, Sec. 1, Yongfu St., Bade Dist., Taoyuan City 33465, Taiwan (R.O.C.)","林O興","03-3647997","","有","有"
"45107908","20160602","20231222","善麗生技育種有限公司","SUNNY BREEDING FARM CO., LTD.","苗栗縣苑裡鎮南勢里13鄰158之4號","No. 158-4, Nanshi, 13th Neighborhood, Yuanli Township, Miaoli County 358010, Taiwan (R.O.C.)","","037-744231","037-741501","無","無"
"45107920","20160601","20230315","放樂斯企業有限公司","FUNIVERSITY ENTERPRISE CO., LTD.","臺中市沙鹿區龍山路38號","No. 38, Longshan Rd., Shalu Dist., Taichung City 433003, Taiwan (R.O.C.)","林O政","0955965801","","有","有"
"45107983","20160714","20210813","松之林景觀有限公司","PINE PLANTATION LTD.","桃園市中壢區環中東路772之1號3樓","3 F., No. 772-1, Huanzhong E. Rd., Zhongli Dist., Taoyuan City 32083, Taiwan (R.O.C.)","邱O婷","03-2721688","03-2721806","有","有"
"45108060","20200716","20221110","常穎科技有限公司","CHANG WIN TECHNOLOGY CO., LTD.","高雄市前鎮區新衙路286之5號4樓之2","4 F.-2, No. 286-5, Xinya Rd., Qianzhen Dist., Kaohsiung City 806604, Taiwan (R.O.C.)","陳O賢","07-8411598","","有","有"
"45108097","20200219","20230102","永赫咖啡有限公司","YONGHE COFFEE CO., LTD.","新竹市東區千甲路5號一樓","1 F., No. 5, Qianjia Rd., East Dist., Hsinchu City 300053, Taiwan (R.O.C.)","王O忠","03-5738866","03-5710786","無","無"
"45108147","20160530","20240315","永耀環保科技有限公司","EVERLASTING ENVIRONMENTAL TECHNOLOGY CO., LTD.","桃園市蘆竹區中山路58號10樓","10 F., No. 58, Zhongshan Rd., Luzhu Dist., Taoyuan City 33850, Taiwan (R.O.C.)","","03-2122518","","無","無"
"45108168","20160602","20210813","育洋有限公司","BAHI LTD. CO.","彰化縣芬園鄉同安村中山路844號","No. 844, Zhongshan Rd., Fenyuan Township, Changhua County 50245, Taiwan (R.O.C.)","蔡O洋","049-2511696","049-2512113","有","有"
"45108224","20170620","20211014","咖利多科技股份有限公司","KALIDUO TECHNOLOGY LTD.","桃園市桃園區龍祥里中山路1290巷1號(2樓)","2 F., No. 1, Ln. 1290, Zhongshan Rd., Longxiang Vil., Taoyuan Dist., Taoyuan City 33057, Taiwan (R.O.C.)","羅O祥","0989564657","","無","無"
"45108272","20161103","20210813","亞鼎管理顧問有限公司","ATLAS ESTATE MANAGEMENT CO., LTD.","新竹縣竹北市東平里隘口六街99號14樓","14 F., No. 99, Aikou 6th St., Dongping Vil., Zhubei City, Hsinchu County 30274, Taiwan (R.O.C.)","陳O雯","0919-999037","","有","有"
"45108287","20160614","20221124","昱竑國際實業有限公司","Brusat Co., Ltd.","南投縣南投市康壽里公所街26號1樓","1 F., No. 26, Gongsuo St., Kangshou Vil., Nantou City, Nantou County 540018, Taiwan (R.O.C.)","林O宏","049-2227638","049-2227628","有","有"
"45108358","20160614","20210813","絜靜精微有限公司","CRYSTAL MACHINE CO., LTD.","桃園市龍潭區新龍路207之1號","No. 207-1, Xinlong Rd., Longtan Dist., Taoyuan City 32571, Taiwan (R.O.C.)","黃O鋒","03-4890685","","有","有"
"45108364","20160527","20250113","申易富田有限公司","SHEN YI FU TIAN INVESTMENT CO., LTD.","新竹縣竹東鎮鷄林里沿河街251號","No. 251, Yanhe St., Zhudong Township, Hsinchu County 310002, Taiwan (R.O.C.)","羅O縈","03-5966046","03-5961678","有","有"
"45108370","20160614","20240426","勤媄生醫股份有限公司","QIN-MEI BIOTECH INC.","新北市新莊區中原東路192之1號9樓","9 F., No. 192-1, Zhongyuan E. Rd., Xinzhuang Dist., New Taipei City 242045, Taiwan (R.O.C.)","何OO","09-39910927","","有","有"
"45108391","20160930","20210814","炳杰科技有限公司","BING JIE TECHNOLOGY CO., LTD","桃園市桃園區大有路487號7樓之2","7F.-2, No. 487, Dayou Rd., Taoyuan Dist., Taoyuan City 33052, Taiwan (R.O.C.)","陳O明","03-3465508","03-3465513","有","有"
"45108673","20160525","20231215","銳盟科技有限公司","RAYMOND TECHNOLOGY CO., LTD.","新竹縣湖口鄉中山路一段132號4樓之27","4F.-27, No. 132, Sec. 1, Zhongshan Rd., Hukou Township, Hsinchu County 30345, Taiwan (R.O.C.)","","0919321876","","無","無"
"45108717","20160530","20231012","森森國際有限公司","XIEN DAN INTERNATIONAL CO., LTD.","臺北市中正區忠孝西路1段72號7樓之9","7 F.-9, No. 72, Sec. 1, Zhongxiao W. Rd., Zhongzheng Dist., Taipei City 100007, Taiwan (R.O.C.)","李O宸","0955678990","24972579","有","有"
"45108744","20160607","20221111","框框外數位媒體行銷有限公司","AAMD INTERNATIONAL LTD.","桃園市桃園區文中路491號5樓","5 F., No. 491, Wenzhong Rd., Taoyuan Dist., Taoyuan City 330059, Taiwan (R.O.C.)","温O霖","(03)378-1557","","有","有"
"45108809","20160623","20210813","耀迎科技有限公司","YAOIN THECHNOLOGY CO., LTD.","桃園市龜山區迴龍里宏慶街67號5樓","5 F., No. 67, Hongqing St., Huilong Vil., Guishan Dist., Taoyuan City 33351, Taiwan (R.O.C.)","鄧O耀","02-82000698","02-26867231","無","無"
"45108913","20160523","20210813","美麗媽國際教育有限公司","MALI MA EDUCATION INTERNATIONAL INC.","彰化縣員林市南平里新生路528巷16號4樓","4 F., No. 16, Ln. 528, Xinsheng Rd., Nanping Vil., Yuanlin City, Changhua County 51052, Taiwan (R.O.C.)","吳O展","0910-509825","","有","有"
"45108955","20160829","20250307","雄正有限公司","XIONG POSITIVE LTD.","屏東縣里港鄉潮厝村潮厝路82之5號1樓","1 F., No. 82-5, Chaocuo Rd., Ligang Township, Pingtung County 90542, Taiwan (R.O.C.)","陳O安","08-7756279","08-7759569","有","有"
"45108982","20161007","20250529","謙豐科技有限公司","Modest Advancement Technology Ltd.","新竹市北區中華路三段9號8樓之5","8F.-5, No. 9, Sec. 3, Zhonghua Rd., North Dist., Hsinchu City 30060, Taiwan (R.O.C.)","張O豪","0987633933","","有","有"
"45109011","20170721","20230315","泰瑞兒有限公司","TAIREA INTERNATIONAL CO., LTD.","臺北市大安區信義路3段150號8樓之1","8 F.-1, No. 150, Sec. 3, Xinyi Rd., Da’an Dist., Taipei City 106028, Taiwan (R.O.C.)","龔O傑","03-9530268","03-9541910","有","有"
"45109053","20250519","20250519","吉隆食品廠股份有限公司","GEELONG FOOD FACTORY CO.,LTD.","彰化縣社頭鄉社頭村員集路二段612巷33號","No. 33, Ln. 612, Sec. 2, Yuanji Rd., Shetou Township, Changhua County 511001, Taiwan (R.O.C.)","蕭O發","","","有","有"
"45109096","20160601","20210813","豐耀國際企業有限公司","AUTO WAX ARTISAN CORP.","桃園市中壢區芝芭里高鐵南路二段366號10樓","10 F., No. 366, Sec. 2, Gaotie S. Rd., Zhiba Vil., Zhongli Dist., Taoyuan City 32050, Taiwan (R.O.C.)","許O智","0916268122","03-4631730","有","有"
"45109188","20160701","20210813","新鑑科技有限公司","SIN JIAN TECHNOLOGY CO., LTD.","新竹市東區錦華里東大路一段132號4樓之1","4F.-1, No. 132, Sec. 1, Dongda Rd., Jinhua Vil., East Dist., Hsinchu City 30042, Taiwan (R.O.C.)","陳O晨","035312768","","有","有"
"45109194","20200121","20210813","資頡電腦科技有限公司","InfiniTek CO., LTD.","新竹縣竹北市東平里隘口六街101號14樓","14 F., No. 101, Aikou 6th St., Dongping Vil., Zhubei City, Hsinchu County 30274, Taiwan (R.O.C.)","陳O雯","0919999037","","有","有"
"45109201","20180905","20221203","茂新科技股份有限公司","Nanoink Technology Co., Ltd.","桃園市平鎮區廣平街18巷10號","No. 10, Ln. 18, Guangping St., Pingzhen Dist., Taoyuan City 324007, Taiwan (R.O.C.)","劉O婕","03-4933867","03-4933867","無","無"
"45109259","20160707","20210813","奧本家居有限公司","URBAN HOUSE COMPANY LIMITED","桃園市八德區大順里榮興南路松柏林1之18號3室","No. 1-18, Rongxing S. Rd., Dashun Vil., Bade Dist., Taoyuan City 33459, Taiwan (R.O.C.)","鍾O章","0932362940","","有","有"
"45109286","20160524","20210815","信光科技有限公司","SEMI LIGHT TECH CO., LTD.","新竹市香山區大庄里宮口街33巷5弄23號4樓","4 F., No. 23, Aly. 5, Ln. 33, Gongkou St., Dazhuang Vil., Xiangshan Dist., Hsinchu City 30092, Taiwan (R.O.C.)","李O柱LEEKIJU","03-5308215","03-5308216","有","有"
"45109336","20160907","20210813","悅讀企業有限公司","YUEDU CO., LTD.","南投縣草屯鎮稻香路7-49號1樓","1 F., No. 7-49, Daoxiang Rd., Caotun Township, Nantou County 54252, Taiwan (R.O.C.)","洪O哲","049-2304683","049-2338854","有","有"
"45109342","20160525","20250308","晨碩國際有限公司","ION SQUARE INTERNATIONAL COMPANY, LTD.","新竹市東區新莊里新莊街185巷19號1樓","1 F., No. 19, Ln. 185, Xinzhuang St., Xinzhuang Vil., East Dist., Hsinchu City 30073, Taiwan (R.O.C.)","","035316162","","無","無"
"45109407","20170531","20210814","禾豐硬體工程有限公司","HE FENG HARDWARE ENGINEERING CO., LTD.","桃園市中壢區龍岡路二段431號3樓","3 F., No. 431, Sec. 2, Longgang Rd., Zhongli Dist., Taoyuan City 32097, Taiwan (R.O.C.)","蘇O凱","03-4612781","03-4612780","有","有"
"45109461","20160627","20250429","肯山貿易有限公司","KENYASUN COMPANY LIMITED","","","","08-7522468","","無","無"
"45109482","20160623","20230309","鮪發漁業有限公司","WEI FA FISHERY CO., LTD.","屏東縣東港鎮鎮海里2鄰鎮海路7-15號1樓","1 F., No. 7-15, Zhenhai Rd., 2nd Neighborhood, Zhenhai Vil., Donggang Township, Pingtung County 928003, Taiwan (R.O.C.)","許O禎","08-8331795","","有","有"
"45109547","20170612","20210815","立建豐貿易股份有限公司","LI JIAN FENG TRADING CO., LTD.","雲林縣斗六市林頭里大學路二段101號","No. 101, Sec. 2, University Road, Lintou Vil., Douliu City, Yunlin County 64063, Taiwan (R.O.C.)","蔡O士","05-5339812","","有","有"
"45109568","20200930","20240813","女媧文化事業有限公司","Luna Cultural Enterprise Co., Ltd.","桃園市桃園區同安里中正路1092號25樓","25 F., No. 1092, Zhongzheng Rd., Tong’an Vil., Taoyuan Dist., Taoyuan City 330010, Taiwan (R.O.C.)","黃O盈","0988603380","","有","有"
"45109602","20160719","20211009","豐鐿漁業股份有限公司","FONG YI FISHERY CO., LTD.","屏東縣東港鎮東新里興東路307-67號1樓","1 F., No. 307-67, Xingdong Rd., Dongxin Vil., Donggang Township, Pingtung County 92841, Taiwan (R.O.C.)","許O忠","08-8353190","","有","有"
"45109618","20160526","20210813","喬泰綠能科技有限公司","JOTEC GREENPOWER, LTD.","桃園市桃園區中泰里國際路一段1009號1樓","1 F., No. 1009, Sec. 1, Guoji Rd., Zhongtai Vil., Taoyuan Dist., Taoyuan City 33072, Taiwan (R.O.C.)","謝O珠","03-2170909","","有","有"
"45109639","20230731","20230731","明洋創意實業有限公司","Mingyang Creative Industry CO., LTD.","苗栗縣苑裡鎮客庄里11鄰公民街３號五樓","5 F., No. 3, Gongmin St., 11th Neighborhood, Kezhuang Vil., Yuanli Township, Miaoli County 358004, Taiwan (R.O.C.)","詹O縉","0975000328","","有","有"
"45109693","20160607","20210815","布里斯文工程有限公司","BELIEFSWEN ENGINEERING AND CONSTRUCTION CO., LTD.","嘉義縣布袋鎮新民里329號1樓","1 F., No. 329, Xinmin Vil., Budai Township, Chiayi County 625, Taiwan (R.O.C.)","蔡O泰","0921556929","","有","有"
"45109758","20160527","20230222","日祿國際貿易有限公司","RI LU INTERNATIONAL TRADING CO., LTD.","嘉義縣東石鄉鰲鼓村1之12號1樓","1 F., No. 1-12, Aogu, Dongshi Township, Chiayi County 614003, Taiwan (R.O.C.)","蔡O甫","05-3602226","","無","無"
"45109820","20160531","20240620","世烽科技有限公司","SHIH FENG TECHNOLOGY CO., LTD.","桃園市龜山區萬壽路一段71號1樓","1 F., No. 71, Sec. 1, Wanshou Rd., Guishan Dist., Taoyuan City 33351, Taiwan (R.O.C.)","朱O君","02-82003235","02-82003282","有","有"
"45109883","20211015","20241231","核康電磁科技有限公司","HOKANG S.M. CO., LTD.","新竹市香山區中華路6段411-3號1樓","1 F., No. 411-3, Sec. 6, Zhonghua Rd., Xiangshan Dist., Hsinchu City 300112, Taiwan (R.O.C.)","林O毅","03-5389281","03-5384581","有","有"
"45109899","20160617","20210814","艾柏皮革有限公司","APPLEPIG LEATHER CO., LTD.","彰化縣彰化市牛埔里彰南路三段180巷1號1樓","1 F., No. 1, Ln. 180, Sec. 3, Zhangnan Rd., Niupu Vil., Changhua City, Changhua County 50082, Taiwan (R.O.C.)","林O价","04-7387572","","有","有"
"45109954","20160725","20240521","奈微拉科技有限公司","NOVARETEK CO., LTD.","新竹縣竹北市高鐵七路65號九樓之九","9 F.-9, No. 65, Gaotie 7th Rd., Zhubei City, Hsinchu County 302058, Taiwan (R.O.C.)","陳O杰","0968096390","","有","有"
"45109981","20160719","20230321","芸鑫國際有限公司","CHUN-MEI INTERNATIONAL DEVELOPMENT CO., LTD.","桃園市桃園區中山路620號","No. 620, Zhongshan Rd., Taoyuan Dist., Taoyuan City 330036, Taiwan (R.O.C.)","陳O芬","02-26008833","","有","有"
"45109997","20200220","20210813","極限資訊科技有限公司","Continuum Technologies CO., LTD.","新竹縣竹北市東平里隘口六街99號14樓","14 F., No. 99, Aikou 6th St., Dongping Vil., Zhubei City, Hsinchu County 30274, Taiwan (R.O.C.)","陳O雯","0919999037","","有","有"
"45110039","20171128","20210815","凡山科技有限公司","fan shan technology co., ltd.","苗栗縣竹南鎮中港里新生路106巷21號1樓","1 F., No. 21, Ln. 106, Xinsheng Rd., Zhonggang Vil., Zhunan Township, Miaoli County 35042, Taiwan (R.O.C.)","高O靜","0989165625","","有","有"
"45110072","20160615","20230106","恆陽健康生技醫藥有限公司","SOLARIS BIOPHARMA CO., LTD.","桃園市中壢區中建里延平路500號9樓之5","9 F.-5, No. 500, Yanping Rd., Zhongjian Vil., Zhongli Dist., Taoyuan City 320061, Taiwan (R.O.C.)","劉O梅","03-4227411","03-4223242","有","有"
"45110093","20210730","20210813","北辰國際有限公司","Northern Stars Interaction CO., LTD.","宜蘭縣冬山鄉太和村太和路164號2樓","2 F., No. 164, Taihe Rd., Dongshan Township, Yilan County 26947, Taiwan (R.O.C.)","游O本","039680-195","","有","有"
"45110137","20160601","20211215","安多科技股份有限公司","HANDLETEK CO., LTD.","新竹市東區高峰里高翠路173巷5弄5號2樓","2 F., No. 5, Aly. 5, Ln. 173, Gaocui Rd., Gaofeng Vil., East Dist., Hsinchu City 30064, Taiwan (R.O.C.)","馮O珍","03-5772667","03-5772676","有","有"
"45110164","20160526","20241122","智感雲端科技股份有限公司","VITALSIGNS TECHNOLOGY CO., LTD.","新竹縣竹北市竹北里台元二街12號6樓之1","6 F.-1, No. 12, Taiyuan 2nd St., Zhubei Vil., Zhubei City, Hsinchu County 302082, Taiwan (R.O.C.)","莊O良","03-6682091","03-6682092","有","有"
"45110185","20160615","20230111","呂發有限公司","MUCH MATCH CO., LTD.","雲林縣斗六市虎溪里興農路171號","No. 171, Xingnong Rd., Huxi Vil., Douliu City, Yunlin County 640111, Taiwan (R.O.C.)","黎O綸","09-35037699","","有","有"
"45110354","20160616","20210813","吉憶生技有限公司","GE BIOTECH CO., LTD.","宜蘭縣宜蘭市擺厘里3鄰嵐峰路一段286號1樓","1 F., No. 286, Sec. 1, Lanfeng Rd., 3rd Neighborhood, Baili Vil., Yilan City, Yilan County 26066, Taiwan (R.O.C.)","鄭O沅","0979102108","","有","有"
"45110360","20180521","20220728","杏州醫藥股份有限公司","SINEWY CHOICE PHARMACEUTICALS CO., LTD","桃園市龜山區復興一路361號5樓","5 F., No. 361, Fuxing 1st Rd., Guishan Dist., Taoyuan City 333005, Taiwan (R.O.C.)","陳O如","03-3970761","03-3285892","有","有"
"45110376","20211029","20211029","超頻者資訊有限公司","Overclocker Information Co., Ltd.","嘉義市西區劉厝里自強街23-2號1樓","1F., NO. 23-2, ZIQIANG ST., LIUCUO VIL., WEST DIST., CHIAYI CITY 60060, TAIWAN (R.O.C.)","尤O傑","0900002002","","有","有"
"45110397","20160704","20210813","蒂固有限公司","DEGOOD CO., LTD.","苗栗縣竹南鎮照南里18鄰自由街78-2號","No. 78-2, Ziyou St., 18th Neighborhood, Zhaonan Vil., Zhunan Township, Miaoli County 35051, Taiwan (R.O.C.)","連O安","02-29216592","","有","有"
"45110452","20160615","20241012","全康科技股份有限公司","RICHHEALTH TECHNOLOGY CORPORATION","新竹市東區光明里光復路二段１０１號","No. 101, Sec. 2, Guangfu Rd., Guangming Vil., East Dist., Hsinchu City 300044, Taiwan (R.O.C.)","","03-5601122","03-5601133","無","無"
"45110468","20161017","20230111","翔利鑽石工具有限公司","XIANG LI DIAMOND TOOLS CO., LTD.","花蓮縣花蓮市民德里民權五街89號1樓","1 F., No. 89, Minquan 5th St., Minde Vil., Hualien City, Hualien County 970019, Taiwan (R.O.C.)","李O男","0935010318","038422376","有","有"
"45110495","20190305","20210815","鑄鍠企業有限公司","Zhu Huang Chemical and Service Co., Ltd.","高雄市鳳山區文衡路261號11樓","11 F., No. 261, Wenheng Rd., Fengshan Dist., Kaohsiung City 83052, Taiwan (R.O.C.)","劉O國","03-3818061","03-3818061","有","有"
"45110544","20170317","20210813","掛遍天下有限公司","GLOBAL HANGER CO., LTD.","彰化縣線西鄉頂犁村和線路851號2樓","2 F., No. 851, Hexian Rd., Xianxi Township, Changhua County 50743, Taiwan (R.O.C.)","何O珠","04-7581107","04-7580889","有","有"
"45110565","20160901","20210813","旭智精密有限公司","CHRECO PRECISION CO., LTD.","桃園市龜山區大坑里南上路400巷18號","No. 18, Ln. 400, Nanshang Rd., Dakeng Vil., Guishan Dist., Taoyuan City 33392, Taiwan (R.O.C.)","邱O彬","03-2121515","03－2121010","有","有"
"45110571","20160603","20240829","蝸牛科技有限公司","SNAIL TECHNOLOGY CO., LTD.","桃園市桃園區中山北路231巷14弄13之1號(2樓)","2 F., No. 13-1, Aly. 14, Ln. 231, Zhongshan N. Rd., Taoyuan Dist., Taoyuan City 330036, Taiwan (R.O.C.)","章O華","03-5737131","","有","有"
"45110621","20161221","20250603","英伍企業股份有限公司","Inwood information technology co. Ltd.","臺北市萬華區武昌街2段122之1號4樓","4 F., No. 122-1, Sec. 2, Wuchang St., Wanhua Dist., Taipei City 108003, Taiwan (R.O.C.)","黃O傑","03-9603331","","有","有"
"45110642","20220525","20221105","恆福科技有限公司","HANFORD TECHNOLOGY CO LTD","基隆市七堵區自治街23之2號3樓","3 F., No. 23-2, Zizhi St., Qidu Dist., Keelung City 20644, Taiwan (R.O.C.)","郭O珠","0966793826","","有","有"
"45110679","20200917","20210813","阜鼎科技有限公司","Fu Ting Technology Co., Ltd.","桃園市桃園區莊敬里莊二街39號1樓之1","1F.-1, No. 39, Zhuang 2nd St., Zhuangjing Vil., Taoyuan Dist., Taoyuan City 33044, Taiwan (R.O.C.)","傅OO","0978-255318","","有","有"
"45110690","20160527","20210812","至善企業股份有限公司","ZHIH SHAN ENTERPRISES CO., LTD.","桃園市中壢區正光街141號","No. 141, Zhengguang St., Zhongli Dist., Taoyuan City 32048, Taiwan (R.O.C.)","黃O羚","0988223048","","有","有"
"45110740","20160603","20210813","柏燈實業有限公司","BODEN TEK CO., LTD.","新竹市東區建功一路47巷22號2樓","2 F., No. 22, Ln. 47, Jiangong 1st Rd., East Dist., Hsinchu City 30071, Taiwan (R.O.C.)","林O樑","03-5713178","03-5713179","有","有"
"45110805","20160613","20210813","原典科技有限公司","YUANDAN TECHNOLOGY CO., LTD.","新竹縣竹北市竹北里縣政二路239號13樓","13 F., No. 239, Xianzheng 2nd Rd., Zhubei Vil., Zhubei City, Hsinchu County 30268, Taiwan (R.O.C.)","卓O華","03-5518816","","有","有"
"45110880","20180830","20230105","琦玄有限公司","Chi Hsuan Ltd.","宜蘭縣礁溪鄉德陽路111巷26號3樓","3 F., No. 26, Ln. 111, Deyang Rd., Jiaoxi Township, Yilan County 262008, Taiwan (R.O.C.)","賴O湟","0987941965","039895679","有","有"
"45110896","20160704","20240523","騰定科技有限公司","TENG DING CHI LING CO., LTD.","桃園市桃園區春日路188號","No. 188, Chunri Rd., Taoyuan Dist., Taoyuan City 330017, Taiwan (R.O.C.)","","09-60621681","","無","無"
"45110903","20160629","20230607","升聯億貿易有限公司","SHENG-LIEN-YI TRADING CO., LTD.","桃園市桃園區林森路103巷31弄12號","No. 12, Aly. 31, Ln. 103, Linsen Rd., Taoyuan Dist., Taoyuan City 330024, Taiwan (R.O.C.)","陳O珠","0932136889","","無","無"
"45110925","20240429","20240429","菁美有限公司","CHING MEI CO., LTD.","花蓮縣吉安鄉宜昌村吉祥四街20號1樓","1 F., No. 20, Jixiang 4th St., Ji’an Township, Hualien County 973049, Taiwan (R.O.C.)","吳O弘","0970-019019","","有","有"
"45110930","20180622","20240102","柏斯林實業有限公司","Berslin. CO., LTD.","彰化縣和美鎮源埤里嘉佃路710巷臨172號","No. 172, Ln. 710, Jiadian Rd., Yuanpi Vil., Hemei Township, Changhua County 508016, Taiwan (R.O.C.)","陳O志","04-7560169","","有","有"
"45110973","20160602","20250527","沛昊國際企業有限公司","PLAPPY INTERNATIONAL CO., LTD.","新竹縣竹北市鹿場里自強七街33號五樓","5 F., No. 33, Ziqiang 7th St., Luchang Vil., Zhubei City, Hsinchu County 302044, Taiwan (R.O.C.)","張O齡","02-55996183","","有","有"
"45110988","20221103","20240424","誠躍科技有限公司","TRUSTTEK TECHNOLOGY CO., LTD.","桃園市桃園區正光二街158號9樓之1","9 F.-1, No. 158, Zhengguang 2nd St., Taoyuan Dist., Taoyuan City 330059, Taiwan (R.O.C.)","王O峯","03-3561260","03-3561112","有","有"
"45110994","20160603","20210813","億立可有限公司","I LI KO CO., LTD.","宜蘭縣冬山鄉鹿埔村松樹路501號1樓","1 F., No. 501, Songshu Rd., Dongshan Township, Yilan County 26943, Taiwan (R.O.C.)","游O億","03-9311225","","有","有"
"45111044","20160628","20230204","宏德電子股份有限公司","HONGDE ELECTRONICS CO., LTD.","屏東縣內埔鄉隘寮村2鄰清涼路一段324號","No. 324, Sec. 1,  Qingliang Rd., 2nd Neighborhood, Ailiau Vil., Neipu Township,  Pingtung County 912012, Taiwan (R.O.C.)","林O宏","","","有","有"
"45111059","20181115","20240621","太洋股份有限公司","Thaiyang Company Limited","彰化縣伸港鄉曾家村曾家路190-2號","No. 190-2, Zengjia Rd., Shengang Township, Changhua County 50956, Taiwan (R.O.C.)","吳O喭","04-7998760","","有","有"
"45111065","20160616","20240326","宇丞電子股份有限公司","YEU CHENG ELECTRONICS CO., LTD.","桃園市中壢區青埔路二段111號8樓","8F., No. 111, Sec. 2,  Qingpu Rd., Zhongli Dist.,  Taoyuan City , Taiwan (R.O.C.)","龍O賓","03-3937535","03-3934850","有","有"
"45111092","20161129","20230919","首創國際資訊股份有限公司","VIPT Taiwan CO., LTD.","臺北市信義區信義路5段91巷12弄1號2樓之6","2F.-6, No. 1, Aly. 12, Ln. 91, Sec. 5, Xinyi Rd., Xinyi Dist., Taipei City 11075, Taiwan (R.O.C.)","","03-4260680","","無","無"
"45111207","20160607","20250208","嘉志興真空設備有限公司","D & H TECHNOLOGY LTD.","新竹縣新豐鄉松柏村坪頂一街66巷5號1樓","1F., No. 5, Ln. 66, Pingding 1st St., Songbo Vil., Xinfeng Township,  Hsinchu County , Taiwan (R.O.C.)","何O岩","03-5599933","","有","有"
"45111213","20210414","20221018","設思科技股份有限公司","SAAS TECH CO., LTD.","臺北市大安區安和路2段92號地下","No. 92, Sec. 2, Anhe Rd., Da'an Dist., Taipei City 106423, Taiwan (R.O.C.)","吳OO","02-27032393","03-2870112","有","有"
"45111327","20170830","20210815","安適森股份有限公司","N43 co., LTD.","桃園市桃園區三民里中山東路167號4樓","4 F., No. 167, Zhongshan E. Rd., Sanmin Vil., Taoyuan Dist., Taoyuan City 33048, Taiwan (R.O.C.)","沈O君","03-3394191","","有","有"
"45111380","20160706","20230112","鑫鈺興有限公司","SIN YU XING CO., LTD.","苗栗縣頭份市仁愛里12鄰銀河路10號1樓","1 F., No. 10, Yinhe Rd., 12th Neighborhood, Ren’ai Vil., Toufen City, Miaoli County 351027, Taiwan (R.O.C.)","黃O賢","0935102276","","無","無"
"45111403","20160601","20250108","天利實業有限公司","TIAN,LI CO., LTD.","彰化縣彰化市竹和路200巷71之2號1樓","1 F., No. 71-2, Ln. 200, Zhuhe Rd., Changhua City, Changhua County 50081, Taiwan (R.O.C.)","","04-7231344","04-7277719","無","無"
"45111543","20160913","20210813","瑞安科技有限公司","RA TEK CO., LTD.","新竹縣竹北市勝利一路107號3樓","3 F., No. 107, Shengli 1st Rd., Zhubei City, Hsinchu County 30264, Taiwan (R.O.C.)","王O如","03-5507384","","有","有"
"45111558","20190723","20210813","捷芃餐飲設備有限公司","JPON FOODSERVICE EQUIPMENT CO., LTD.","基隆市安樂區外寮里武嶺街89-1號","No. 89-1, Wuling St., Wailiao Vil., Anle Dist., Keelung City 20444, Taiwan (R.O.C.)","古O帆","0937052543","02-24316125","有","有"
"45111585","20160603","20210814","飛速妥貿易有限公司","FESTOR TRADING CORPORATION","彰化縣社頭鄉東興村5鄰忠孝一路161-2號1樓","1 F., No. 161-2, Zhongxiao 1st Rd., 5th Neighborhood, Shetou Township, Changhua County 51145, Taiwan (R.O.C.)","蕭O菊","04-8736136","04-8725209","有","有"
"45111614","20161229","20250607","永悅二有限公司","YONG YUE ER CO., LTD.","新竹市北區南寮里延平路三段647號2樓","2 F., No. 647, Sec. 3, Yanping Rd., Nanliao Vil., North Dist., Hsinchu City 300056, Taiwan (R.O.C.)","徐O萍","03-5367539","03-5362799","有","有"
"45111924","20160907","20221028","雲馬科技股份有限公司","YUN MA TECHNOLOGY CO., LTD.","彰化縣埤頭鄉崙腳村興工路65號","No. 65, Xinggong Rd., Lunjiau Vil., Pitou Township,  Changhua County 523056, Taiwan (R.O.C.)","楊O周","04-8929632","","有","有"
"45112016","20160613","20210813","輝鍠科技有限公司","HUEI HUANG TECHNOLOGY CO., LTD.","雲林縣北港鎮東陽里益安路29號1樓","1 F., No. 29, Yi’an Rd., Dongyang Vil., Beigang Township, Yunlin County 65143, Taiwan (R.O.C.)","鄭O雯","05-7826110","05-7827070","有","有"
"45112043","20200427","20210813","宇全有限公司","Alluniverse co., Ltd.","桃園市中壢區龍慈里龍川四街29巷2號","No. 2, Ln. 29, Longchuan 4th St., Longci Vil., Zhongli Dist., Taoyuan City 32090, Taiwan (R.O.C.)","蔡O宏","0958587923","","有","有"
"45112085","20160606","20210815","台灣昕東超精密有限公司","TAIWAN SINTO CO., LTD.","桃園市中壢區新街里環北路398號17樓之6","17F.-6, No. 398, Huanbei Rd., Xinjie Vil., Zhongli Dist., Taoyuan City 32070, Taiwan (R.O.C.)","李O翔","03-4275863","03-4266881","有","有"
"45112162","20231115","20231115","大武海研生態有限公司","Dawu Ocean Research Ecology CO., LTD.","臺中市梧棲區大仁路二段277巷32號","No. 32, Ln. 277, Sec. 2, Daren Rd., Wuqi Dist., Taichung City 435614, Taiwan (R.O.C.)","鄭O虹","04-26570871","04-26570873","有","有"
"45112199","20181001","20210813","雄耀貿易有限公司","Syongyao Trading Co., Ltd.","嘉義市東區華南里14鄰蘭井街19號3樓","3 F., No. 19, Lanjing St., 14th Neighborhood, Huanan Vil., East Dist., Chiayi City 60047, Taiwan (R.O.C.)","何O雄","07-5851203","","有","有"
"45112206","20170510","20210813","汎達國際開發有限公司","FANDA INTERNATIONAL DEVELOPMENT CO., LTD.","高雄市大樹區瓦厝街6之98號","No. 6-98, Wacuo St., Dashu Dist., Kaohsiung City 84045, Taiwan (R.O.C.)","許O堉","07-3741517","07-3757648","有","有"
"45112297","20230314","20230314","正方型有限公司","CHENG FANG HSING LTD.","臺北市中山區南京東路3段208號4樓","4 F., No. 208, Sec. 3, Nanjing E. Rd., Zhongshan Dist., Taipei City 104505, Taiwan (R.O.C.)","黃O如","0982-880659","","有","有"
"45112304","20160729","20210813","立翔昇實業有限公司","LI SIANG SHENG INDUSTRIAL CO., LTD.","彰化縣花壇鄉花壇村光明路93號2樓","2 F., No. 93, Guangming Rd., Huatan Township, Changhua County 50341, Taiwan (R.O.C.)","周O珠","0933468587","","有","有"
"45112310","20211118","20211118","崇鑫科技工程有限公司","Chongxin Technology Engineering Co., Ltd.","新北市汐止區仁愛路113巷19號2樓","2 F., No. 19, Ln. 113, Ren’ai Rd., Xizhi Dist., New Taipei City 22164, Taiwan (R.O.C.)","余O駿","0913738268","","有","有"
"45112326","20160615","20230216","雲天科研股份有限公司","SILENT LAB., INC.","新竹縣竹北市斗崙里27鄰縣政十街6號2樓之3","2 F.-3, No. 6, Xianzheng 10th St., 27th Neighborhood, Doulun Vil., Zhubei City, Hsinchu County 302048, Taiwan (R.O.C.)","莊O穎","03-5583881","","無","無"
"45112331","20160623","20240803","飛絲縵國際有限公司","FAESIA INTERNATIONAL BEAUTY CO., LTD.","新竹市東區復中里中央路267號1樓","1 F., No. 267, Zhongyang Rd., Fuzhong Vil., East Dist., Hsinchu City 30041, Taiwan (R.O.C.)","宋O紋","03-5355928","","有","有"
"45112389","20161122","20220222","壯元投資股份有限公司","MASTER INVESTMENT CORPORATION","桃園市桃園區寶山里大德一街96號10樓","10 F., No. 96, Dade 1st St., Baoshan Vil., Taoyuan Dist., Taoyuan City 33050, Taiwan (R.O.C.)","王O嬋","03-3267126","03-3267127","有","有"
"45112395","20160614","20211117","橙旭科技有限公司","PROGRAM SCIENTIFIC LTD.","新竹縣竹北市惟馨街95號10樓之2","10F.-2, No. 95, Weixin St., Zhubei City, Hsinchu County 30281, Taiwan (R.O.C.)","陳O瑛","03-5558599","","有","有"
"45112450","20190425","20221124","光湶有限公司","Guang Quan biotechnology co., ltd.","臺中市霧峰區北柳里霧工五路9號","No. 9, Wugong 5th Rd., Beiliu Vil., Wufeng Dist., Taichung City 413012, Taiwan (R.O.C.)","蔡O穎","0988032454","","有","有"
"45112557","20161228","20221231","貝仕特能源科技股份有限公司","BEST ENERGY TECHNOLOGY CO.","桃園市龍潭區工七路66號","No. 66, Gong 7th Rd., Longtan Dist., Taoyuan City 325019, Taiwan (R.O.C.)","張O仁","03-4995377","03-4995800","有","有"
"45112579","20160606","20230111","汎宏實業有限公司","FUNMOR INTERNATIONAL CO., LTD.","苗栗縣頭份市信義里中山路115巷7號1樓","1 F., No. 7, Ln. 115, Zhongshan Rd., Xinyi Vil., Toufen City, Miaoli County 351027, Taiwan (R.O.C.)","林O成","037-680837","","有","有"
"45112640","20160628","20210814","民嘉科技有限公司","CIVIL COMFORT TECHNOLOGY CO., LTD.","新竹市東區光復里東明街233巷8號","No. 8, Ln. 233, Dongming St., Guangfu Vil., East Dist., Hsinchu City 30069, Taiwan (R.O.C.)","黃O晴","03-5166329","","有","有"
"45112661","20160603","20210815","益鴻水產有限公司","YI HUNG AQUATIC PRODUCTS CO., LTD.","屏東縣屏東市崇蘭里古松西巷385之55號1樓","1 F., No. 385-55, Gusong W. Ln., Chonglan Vil., Pingtung City, Pingtung County 90071, Taiwan (R.O.C.)","謝O潣","0960558282","08-7751371","無","無"
"45112732","20180419","20240328","灶昇開發有限公司","ZaoSheng Development Co., Ltd","桃園市桃園區中平路98號14樓之1","14 F.-1, No. 98, Zhongping Rd., Taoyuan Dist., Taoyuan City 330795, Taiwan (R.O.C.)","","02-29182166","","無","無"
"45112748","20160614","20210813","恆星運動有限公司","JUSTFUN MOVEMENT CO., LTD.","桃園市桃園區中山里中平路102號地下一層","No. 102, Zhongping Rd., Zhongshan Vil., Taoyuan Dist., Taoyuan City 33060, Taiwan (R.O.C.)","陳O莆","0981077666","","有","有"
"45112819","20160718","20230225","紳岱科技股份有限公司","BAN HON INDUSTRY CO., LTD.","彰化縣鹿港鎮海埔里工業西一路58號","No. 58, Gongye W. 1st Rd., Haipu Vil., Lukang Township, Changhua County 505004, Taiwan (R.O.C.)","陳O龍","04-7810738","","有","有"
"45112846","20211020","20211020","森統科技有限公司","SEN TONG TECHNOLOGY CO., LTD.","新北市汐止區大同路3段212號8樓之1","8F.-1, NO. 212, SEC. 3, DATONG RD., XIZHI DIST., NEW TAIPEI CITY 221, TAIWAN (R.O.C.)","甘O巽","02-86471115","02-86471125","有","有"
"45112851","20160607","20210814","大通國際開發有限公司","Datong International Development Co., Ltd.","桃園市桃園區汴洲里健行路110之5號4樓","4 F., No. 110-5, Jianxing Rd., Bianzhou Vil., Taoyuan Dist., Taoyuan City 33051, Taiwan (R.O.C.)","張O義","03-2122932","","有","有"
"45112873","20180503","20221203","天福天匯有限公司","TEN FU TEN HUI HOLDING INC.","高雄市三民區水源路16號9樓","9 F., No. 16, Shuiyuan Rd., Sanmin Dist., Kaohsiung City 807030, Taiwan (R.O.C.)","黃O哲","07-2361907","07-2361909","有","有"
"45112901","20160704","20210813","創新聯合科技股份有限公司","READ TAG TECHNOLOGY CORP.","桃園市中壢區中山路88號12樓之10","12F.-10, No. 88, Zhongshan Rd., Zhongli Dist., Taoyuan City 32041, Taiwan (R.O.C.)","吳O儒","03-4225920","03-4225921","有","有"
"45112938","20210929","20210929","華軒事業有限公司","HUA SHIAN ENTERPRISE CO., LTD.","桃園市八德區瑞祥里介壽路二段1193巷14號1樓","1F., NO. 14, LN. 1193, SEC. 2, JIESHOU RD., RUIXIANG VIL., BADE DIST., TAOYUAN CITY 334008, TAIWAN (R.O.C.)","齊O慶","03-3742263","03-3643676","有","有"
"45112959","20160607","20230707","尚宇材料股份有限公司","WINGS GLOBAL TECHNOLOGY INC.","新竹市公道五路二段120號7樓之3","7F.-3, No. 120, Sec. 2, Gongdao 5th Rd., East Dist., Hsinchu City 300046, Taiwan (R.O.C.)","楊O傑","03-6577998","03-6578979","有","有"
"45112965","20160707","20221007","富秝優國際有限公司","AGRORICH INTERNATIONAL LIMITED","桃園市大園區三民路二段440號","No. 440, Sec. 2, Sanmin Rd., Dayuan Dist., Taoyuan City 337005, Taiwan (R.O.C.)","徐O芬","0983941143","","有","有"
"45112986","20160623","20250517","寬豪股份有限公司","KUANNHAO CO., LTD.","彰化縣大村鄉村上村中山路二段3之22號","No. 3-22, Sec. 2,  Zhongshan Rd., Cunshang Vil., Dacun Township,  Changhua County , Taiwan (R.O.C.)","呂O雯","04-8521277","04-8537939","有","有"
"45113009","20160615","20210815","瑞普國際事業有限公司","NATPURE LTD.","新竹縣湖口鄉中正村中正路一段145號","No. 145, Sec. 1, Zhongzheng Rd., Hukou Township, Hsinchu County 30342, Taiwan (R.O.C.)","周O儀","","","有","有"
"45113015","20180504","20230419","台定國際有限公司","TAI DING INT'L TECHNICAL CO., LTD.","臺北市中山區民生東路2段147巷3之1號地下室","B1 , B, No. 3-1, Ln. 147, Sec. 2, Minsheng E. Rd., Zhongshan Dist.,  Taipei City 104073, Taiwan (R.O.C.)","何O惠","03-3474179","","有","有"
"45113036","20171103","20210813","驛騰國際有限公司","E-Teng international co., ltd.","基隆市仁愛區孝二路75號4樓","4 F., No. 75, Xiao 2nd Rd., Ren’ai Dist., Keelung City 20042, Taiwan (R.O.C.)","陳O縈","02-24275057","","有","有"
"45113084","20170328","20210813","裏物文化有限公司","LE-BUT CULTURE CO., LTD.","新竹縣竹北市隘口五街31號1樓","1 F., No. 31, Aikou 5th St., Zhubei City, Hsinchu County 30274, Taiwan (R.O.C.)","陳O興","03-5999123","","有","有"
"45113155","20160620","20210814","笙新工程有限公司","SHENGSIN ENGINEERING CO., LTD.","苗栗縣竹南鎮龍山里龍好街23巷38弄11-2號","No. 11-2, Aly. 38, Ln. 23, Longhao St., Longshan Vil., Zhunan Township, Miaoli County 35055, Taiwan (R.O.C.)","陳O陽","03-5556615","","有","有"
"45113205","20160608","20220416","妙銘生技有限公司","MIAO MING BIOTECH CO., LTD.","苗栗縣苗栗市新英里天祥92號1樓","1 F., No. 92, Tianxiang, Xinying Vil., Miaoli City, Miaoli County 36063, Taiwan (R.O.C.)","江O銘","037-680015","","有","有"
"45113227","20160727","20210813","台灣三井光電有限公司","TAIWAN MITSUI OPTP TECHNOLOGY, LTD.","彰化縣田中鎮西路里17鄰大社路1段95號","No. 95, Sec. 1, Dashe Rd., 17th Neighborhood, Xilu Vil., Tianzhong Township, Changhua County 52041, Taiwan (R.O.C.)","范O鞠","04-8746101","04-8760562","有","有"
"45113248","20160707","20210813","昶宥國際股份有限公司","ZAYO INTERNATIONAL CO., LTD.","彰化縣員林市新生里至賢街78巷11號1樓","1 F., No. 11, Ln. 78, Zhixian St., Xinsheng Vil., Yuanlin City, Changhua County 51064, Taiwan (R.O.C.)","張O傑","09-36258845","04-8332487","有","有"
"45113253","20231017","20231017","員一有限公司","Ronda Company Limited","新北市中和區連城路258號10樓","10 F., No. 258, Liancheng Rd., Zhonghe Dist., New Taipei City 235038, Taiwan (R.O.C.)","潘O","02-82262782","","有","有"
"45113423","20160608","20210813","宜佑昌有限公司","YI YOU-CHANG ENTERPRISES CO., LTD.","桃園市桃園區中正路1224巷1之6號","No. 1-6, Ln. 1224, Zhongzheng Rd., Taoyuan Dist., Taoyuan City 33045, Taiwan (R.O.C.)","李O豪","03-3122559","03-3122559","有","有"
"45113444","20160606","20241015","高廣實業有限公司","KAO KUNN ENTERPRISE CO., LTD.","彰化縣花壇鄉橋頭村學士街86巷3號","No. 3, Ln. 86, Xueshi St., Qiaotou Vil., Huatan Township,  Changhua County 503003, Taiwan (R.O.C.)","胡O淳","04-7869998","04-7861462","有","有"
"45113471","20160707","20210814","金詮實業有限公司","KINSEN CO., LTD.","新北市中和區員山路143巷27弄4號3樓","3 F., No. 4, Aly. 27, Ln. 143, Yuanshan Rd., Zhonghe Dist., New Taipei City 23552, Taiwan (R.O.C.)","鄭O蕙","02-22252602","02-22253861","有","有"
"45113535","20160815","20220305","盛基有限公司","SUNGEAR SOLUTION CORP.","新竹市香山區香村里墩豐路49號1樓","1 F., No. 49, Dunfeng Rd., Xiangcun Vil., Xiangshan Dist., Hsinchu City 30093, Taiwan (R.O.C.)","蕭O鳩","03-5304075","","有","有"
"45113599","20160624","20210813","巧茵山農場股份有限公司","CHIAO YIN SHAN FARM COMPANY LIMITED","屏東縣枋寮鄉太源村中山路三段123號","No. 123, Sec. 3, Zhongshan Rd., Fangliao Township, Pingtung County 94048, Taiwan (R.O.C.)","歐O正","08-8663688","08-8663799","有","有"
"45113676","20160606","20211004","富士中央有限公司","FUJI CENTRAL CO., LTD.","桃園市大園區田心里華興路一段31巷22號(1樓)","1F., NO. 22, LN. 31, SEC. 1, HUAXING RD., TIANXIN VIL., DAYUAN DIST., TAOYUAN CITY 337009, TAIWAN (R.O.C.)","曾O美","03-3867061","","有","有"
"45113752","20231212","20231212","茶和津企業有限公司","CHAHEJIN ENTERPRISE CO., LTD.","彰化縣彰化市中央里民族路523號1樓、525號1樓至2樓","No. 525, 1 F., No. 523, Minzu Rd., Zhongyang Vil., Changhua City, Changhua County , Taiwan (R.O.C.)","蔡O瑋","04-7229580","","有","有"
"45113795","20160607","20220713","亞鑫展業有限公司","49 COSMETIC CO., LTD.","彰化縣員林市中正里博愛路101號7樓之3","7 F.-3, No. 101, Bo'ai Rd., Zhongzheng Vil., Yuanlin City, Changhua County 510014, Taiwan (R.O.C.)","劉O鑫","04-23284928","","有","有"
"45113802","20161124","20210813","稀品有限公司","FINDRARITY CO., LTD.","新竹縣竹北市斗崙里福興路1089號六樓","6 F., No. 1089, Fuxing Rd., Doulun Vil., Zhubei City, Hsinchu County 30285, Taiwan (R.O.C.)","黃O婷","0911302498","","有","有"
"45113839","20160606","20210814","台灣美肌股份有限公司","SKINS BEAUTY INC.","新北市林口區忠孝路298號17樓","17 F., No. 298, Zhongxiao Rd., Linkou Dist., New Taipei City 24447, Taiwan (R.O.C.)","吳O慧","0935-746018","","有","有"
"45113845","20171026","20210813","達拉魯奇有限公司","Talaluki Co., Ltd.","臺東縣東河鄉都蘭村都蘭路225-18號1樓","1 F., No. 225-18, Dulan, Donghe Township, Taitung County 95941, Taiwan (R.O.C.)","范O明","0955-349537","089-320921","有","有"
"45113850","20190611","20210815","承信模具開發有限公司","CHENG HSIN MOLD DEVELOPMENT CO., LTD.","彰化縣花壇鄉金墩村金墩街130號1樓","1 F., No. 130, Jindun St., Huatan Township, Changhua County 50343, Taiwan (R.O.C.)","陳O鴻","047-623449","047-632098","有","有"
"45113922","20160629","20220728","阿特拉斯國際有限公司","ALEXATLAS INTERNATIONAL CO., LTD.","桃園市龜山區中興里萬壽路2段1227號6樓之3","6 F.-3, No. 1227, Sec. 2, Wanshou Rd., Zhongxing Vil., Guishan Dist., Taoyuan City 333019, Taiwan (R.O.C.)","張O遠","03-3367210","03-3370538","有","有"
"45113937","20160620","20250417","欣振車業股份有限公司","ZHUO,JU CO., LTD.","桃園市觀音區成功路一段502號","No. 502, Sec. 1, Chenggong Rd., Guanyin Dist., Taoyuan City 328453, Taiwan (R.O.C.)","王O宇","0955193658","","有","有"
"45113943","20160606","20230111","鼎茂茶業有限公司","TING MAO TEA BUSINESS LTD.","南投縣名間鄉松竹村名松路二段173號1樓","1F., No. 173, Sec. 2,  Mingsong Rd., Songzhu Vil., Mingjian Township,  Nantou County 551004, Taiwan (R.O.C.)","沈O存","049-2582737","0492580737","有","有"
"45114008","20160606","20210814","台灣六琉堂國際貿易有限公司","TAIWAN LIU LIU TANG INTERNATIONAL TRADING CO., LTD.","雲林縣斗南鎮新光里光聖路44巷30號1樓","1 F., No. 30, Ln. 44, Guangsheng Rd., Xinguang Vil., Dounan Township, Yunlin County 63051, Taiwan (R.O.C.)","陳O宏","05-5899722","05-5899702","有","有"
"45114056","20160620","20210813","歐寶國際餐飲有限公司","OBAO INTERNATIONAL CATERING CO., LTD.","彰化縣福興鄉橋頭村復興路112巷32號","No. 32, Ln. 112, Fuxing Rd., Qiaotou Vil., Fuxing Township, Changhua County 50661, Taiwan (R.O.C.)","施O崴","04-7788686","","無","無"
"45114083","20160628","20250115","勝穩國際股份有限公司","SUN WING INDUSTRY MATERIAL CORPORATION","新竹縣新豐鄉松柏村康樂路一段３８８號1樓","1F., No. 388, Sec. 1,  Kangle Rd., Songbo Vil., Xinfeng Township,  Hsinchu County 304113, Taiwan (R.O.C.)","王O堉","03-6682899","","有","有"
"45114176","20171019","20210813","佑信機電整合有限公司","Yu Sing Mechatronic Co., Ltd.","彰化縣秀水鄉義興村義雅巷33號","No. 33, Yiya Ln., Xiushui Township, Changhua County 50442, Taiwan (R.O.C.)","施O德","04-7510066","04-7625452","有","有"
"45114204","20160617","20230107","兆頤科技國際有限公司","MEGACHEM ADVANCE RESEARCH MATERIALS CO., LTD.","新竹縣竹北市鹿場里13鄰復興五街31號10樓之1","10F.-1, No. 31, Fuxing 5th St., 13th Neighborhood, Luchang Vil., Zhubei City,  Hsinchu County , Taiwan (R.O.C.)","陳O良","03-6109659","03-6588805","有","有"
"45114210","20160608","20210814","台灣艾米克有限公司","TAIWAN AMEK CO., LTD.","彰化縣社頭鄉廣興村中興路53號1樓","1 F., No. 53, Zhongxing Rd., Shetou Township, Changhua County 51155, Taiwan (R.O.C.)","蕭O昇","06-2702551","06-2702552","有","有"
"45114226","20190829","20250228","長楹食品股份有限公司","CHANG YING FOOD INC","新北市萬里區成功新邨6號","No. 6, Chenggong New Vil., Wanli Dist.,  New Taipei City 207, Taiwan (R.O.C.)","童O瑩","02-24923599","","有","有"
"45114247","20160614","20210814","紘泰科技股份有限公司","RAYTREX IC-TESTING TECHNOLOGIES CO., LTD.","新竹市東區東勢里東光路192號5樓之1","5F.-1, No. 192, Dongguang Rd., Dongshi Vil., East Dist., Hsinchu City 30069, Taiwan (R.O.C.)","謝O明","03-5718588","","有","有"
"45114295","20170725","20210814","迪比思科技有限公司","TI PI SZU TECHNOLOGY CO., LTD.","桃園市龜山區福源里大同路356巷64弄36號","No. 36, Aly. 64, Ln. 356, Datong Rd., Fuyuan Vil., Guishan Dist., Taoyuan City 33352, Taiwan (R.O.C.)","王O萍","0953382598","","有","有"
"45114387","20200831","20221228","勁德美好汽車有限公司","JING DE MOTOR CO., LTD.","桃園市桃園區新埔里民生路731號1樓","1 F., No. 731, Minsheng Rd., Xinpu Vil., Taoyuan Dist., Taoyuan City 330006, Taiwan (R.O.C.)","賴O琪","03-3582832","","有","有"
"45114400","20161025","20210813","埕聯開發有限公司","CHAIN LINK BUSINESS SERVICE CO.","新竹縣湖口鄉湖口村長富路二段5巷30號1樓","1 F., No. 30, Ln. 5, Sec. 2, Changfu Rd., Hukou Township, Hsinchu County 30348, Taiwan (R.O.C.)","王O婷","09-16904321","","無","無"
"45114443","20180925","20210813","竣銨環保有限公司","Chun An Environment Inc.","桃園市新屋區新屋里新興街52號2樓","2 F., No. 52, Xinxing St., Xinwu Vil., Xinwu Dist., Taoyuan City 32748, Taiwan (R.O.C.)","姜O有","03-4900322","無","有","有"
"45114529","20180205","20210812","海浜幕張欣業有限公司","HBM Xin Industry Co., Ltd.","彰化縣溪湖鎮光平里西環路583號1樓","1 F., No. 583, Xihuan Rd., Guangping Vil., Xihu Township, Changhua County 51442, Taiwan (R.O.C.)","楊O仁","04-8818480","04-8818455","有","有"
"45114582","20160707","20210815","鎰豐隆國際有限公司","YI FENG LONG CO., LTD.","桃園市桃園區同安里同安街455巷1弄6之4號5樓","5 F., No. 6-4, Aly. 1, Ln. 455, Tong’an St., Tong’an Vil., Taoyuan Dist., Taoyuan City 33071, Taiwan (R.O.C.)","吳O文","0910617052","","有","有"
"45114605","20160718","20210815","祐烽有限公司","YOOUFENG CO., LTD.","新竹縣竹東鎮仁愛里東林路69號1樓","1 F., No. 69, Donglin Rd., Ren’ai Vil., Zhudong Township, Hsinchu County 31047, Taiwan (R.O.C.)","王O綺","03-5999123","","有","有"
"45114632","20160615","20231129","祈鉑國際有限公司","PROGEARS INTERNATIONAL CORPORATION (PIC)","桃園市中壢區慈惠三街157巷10號8樓之1","8F.-1, No. 10, Ln. 157, Cihui 3rd St., Zhongli Dist., Taoyuan City 32085, Taiwan (R.O.C.)","","03-4227530","","無","無"
"45114703","20160720","20210814","光繁科技企業有限公司","GUANG FARN TECHNOLOGY CO., LTD.","桃園市楊梅區三湖里楊湖路3段442巷108弄6號(1樓)","1 F., No. 6, Aly. 108, Ln. 442, Sec. 3, Yanghu Rd., Sanhu Vil., Yangmei Dist., Taoyuan City 32650, Taiwan (R.O.C.)","江O幸","03-4947736","","有","有"
"45114751","20160620","20210814","橙橡有限公司","CHENG SYANG CO., LTD.","彰化縣彰化市南興里南興街121巷25弄34號1樓","1 F., No. 34, Aly. 25, Ln. 121, Nanxing St., Nanxing Vil., Changhua City, Changhua County 50072, Taiwan (R.O.C.)","謝O銘","04-7635586","04-7629748","無","無"
"45114838","20180702","20240110","勝威特企業有限公司","Sheng Wei Te Enterprise Co., Ltd.","臺中市西屯區潮洋里環中路二段1577號8樓之3","8 F.-3, No. 1577, Sec. 2, Huanzhong Rd., Chaoyang Vil., Xitun Dist., Taichung City 407003, Taiwan (R.O.C.)","周O宏","0963056665","04-24528399","有","有"
"45114859","20160729","20210813","易昌工業有限公司","YI CHANG POWER LTD.","桃園市平鎮區山峰里中豐路山頂段415巷41號","No. 41, Ln. 415, Sec. Shanding, Zhongfeng Rd., Shanfeng Vil., Pingzhen Dist., Taoyuan City 32462, Taiwan (R.O.C.)","姜O伶","03-2188906","0933992009","有","有"
"45114892","20170526","20220104","永旭資產開發有限公司","YUNG SHIU DEVELOPMENT CO., LTD.","嘉義市西區北湖里北社尾路221號1樓","1 F., No. 221, Beishewei Rd., Beihu Vil., West Dist., Chiayi City 60086, Taiwan (R.O.C.)","劉O中","0920-999050","","有","有"
"45114915","20160701","20240126","達特康國際有限公司","DATKANG INTERNATIONAL CO., LTD.","桃園市中壢區龍德里龍興路415巷5號","No. 5, Ln. 415, Longxing Rd., Longde Vil., Zhongli Dist., Taoyuan City 320064, Taiwan (R.O.C.)","徐O輔","03-4929979","03-4950808","有","有"
"45114990","20160623","20220928","傑陽數位國際有限公司","J&Y DIGIT INTERNATIONAL LTD.","桃園市中壢區過嶺里12鄰民族路五段467號1樓","1F., No. 467, Sec. 5,  Minzu Rd., 12th Neighborhood, Guoling Vil., Zhongli Dist.,  Taoyuan City , Taiwan (R.O.C.)","康O傑,黃憶陽","03-4901145","","無","無"
"45115007","20220927","20220927","宇浚國際股份有限公司","UKING GLOBAL CO., LTD.","臺南市南區明亮里3鄰新都路520巷11號","No. 11, Ln. 520, Xindu Rd., 3rd Neighborhood, Mingliang Vil., South Dist., Tainan City 702004, Taiwan (R.O.C.)","許O浚","03-3815583","","有","有"
"45115040","20170215","20230819","瀚翔淨水企業有限公司","WIND CITY ENTERPRISE CO., LTD.","新竹縣竹北市竹仁里中山路401號1樓","1 F., No. 401, Zhongshan Rd., Zhuren Vil., Zhubei City, Hsinchu County 302081, Taiwan (R.O.C.)","","03-5539696","03-5530320","無","無"
"45115055","20160810","20211130","珈樂實業有限公司","KA LOK INDUSTRIAL CO., LTD.","桃園市八德區高明里永興街83號","No. 83, Yongxing St., Gaoming Vil., Bade Dist., Taoyuan City 33456, Taiwan (R.O.C.)","王O青","03-3683708","03-3683708","有","有"
"45115077","20160617","20250215","美麗至上股份有限公司","Akmelions CO., LTD.","臺北市中山區南京東路2段72號11樓","11 F., No. 72, Sec. 2, Nanjing E. Rd., Zhongshan Dist., Taipei City 104091, Taiwan (R.O.C.)","葉O忠","0912425320","","有","有"
"45115082","20160614","20230427","晶神醫創股份有限公司","A-NEURON ELECTRONIC CORP.","新竹縣竹北市高鐵一路38號5樓","5 F., No. 38, Gaotie 1st Rd., Zhubei City, Hsinchu County 302052, Taiwan (R.O.C.)","吳O雨","03-621-5233","","有","有"
"45115105","20160623","20220820","大江傢俱有限公司","DAJIANG FURNITURE CO., LTD.","桃園市中壢區內定里中園路二段756號","No. 756, Sec. 2, Zhongyuan Rd., Neiding Vil., Zhongli Dist., Taoyuan City 320021, Taiwan (R.O.C.)","史O娟","09-88596827","","有","有"
"45115175","20160815","20250620","統和農場股份有限公司","TUNG HO AGRICULTURE CO., LTD.","桃園市新屋區後庄里後庄五路827號","No. 827, Houzhuang 5th Rd., Houzhuang Vil., Xinwu Dist., Taoyuan City 327005, Taiwan (R.O.C.)","陳O美","03-4766181","","有","有"
"45115317","20160706","20210815","樂琪達有限公司","JM-Q STAR CO., LTD.","苗栗縣頭份市後庄里八德一路305巷5弄20號1樓","1 F., No. 20, Aly. 5, Ln. 305, Bade 1st Rd., Houzhuang Vil., Toufen City, Miaoli County 35155, Taiwan (R.O.C.)","朱O榮","0919776959","","無","無"
"45115392","20160629","20210813","志訊科技有限公司","ZHI XUN TECHNOLOGY CO., LTD.","雲林縣斗六市北平路38號1樓","1 F., No. 38, Beiping Rd., Douliu City, Yunlin County 64052, Taiwan (R.O.C.)","許O芳","","","有","有"
"45115442","20160615","20210813","錦勳寢具有限公司","JIN SYUN BEDDING LTD.","彰化縣埔鹽鄉埔南村埔菜路58號","No. 58, Pucai Rd., Puyan Township, Changhua County 51642, Taiwan (R.O.C.)","魏O吉","0928667515","","有","有"
"45115490","20160613","20210815","韓尚國際有限公司","HAN SHANG INTERNATIONAL LTD.","彰化縣員林市三愛里大同路2段97巷1號","No. 1, Ln. 97, Sec. 2, Datong Rd., San’ai Vil., Yuanlin City, Changhua County 51050, Taiwan (R.O.C.)","辛O瑗","0918332857","","有","有"
"45115506","20160701","20210813","麥克斯有限公司","MAXI PERFORMANCE COMPANY LIMITED","彰化縣鹿港鎮順興里5鄰介壽路三段158號","No. 158, Sec. 3, Jieshou Rd., 5th Neighborhood, Shunxing Vil., Lukang Township, Changhua County 50546, Taiwan (R.O.C.)","施O𡊋","04-7767697","","有","有"
"45115554","20190812","20240723","三泰塑膠有限公司","SAN TAI PLASTIC CO., LTD","臺中市太平區新坪里樹孝路483號1樓","1F., No. 483, Shuxiao Rd., Xinping Vil., Taiping Dist.,  Taichung City 411641, Taiwan (R.O.C.)","陳O勲","0928-653518","","有","有"
"45115631","20160615","20210813","睿洋電子有限公司","CLEAN OCEAN ELECTRONICS CO., LTD.","基隆市信義區正信路227巷21弄45號6樓","6 F., No. 45, Aly. 21, Ln. 227, Zhengxin Rd., Xinyi Dist., Keelung City 20146, Taiwan (R.O.C.)","杜O毅","0975096225","","有","有"
"45115647","20160713","20230601","冠諺實業有限公司","GUAN YAN DEVELOPING INDUSTRY CO., LTD.","彰化縣福興鄉大崙村大崙街29-3號","No. 29-3, Dalun St., Dalun Vil., Fuxing Township,  Changhua County 506008, Taiwan (R.O.C.)","王O權","04-7116178","","無","無"
"45115652","20160622","20220521","怡口國際有限公司","ECOWELL INC.","臺北市中山區民權西路20號9樓之5","9F.-5, No. 20, Minquan W. Rd., Zhongshan Dist., Taipei City 10449, Taiwan (R.O.C.)","許O泉","02-25786060","25786161","有","有"
"45115858","20170511","20210815","添美釀造有限公司","TIAN MEI BREWING CO., LTD.","桃園市桃園區中正路1383號16樓之1","16F.-1, No. 1383, Zhongzheng Rd., Taoyuan Dist., Taoyuan City 33071, Taiwan (R.O.C.)","田O婷","02-28970985","","有","有"
"45115941","20160622","20210814","大韓貿易有限公司","DAR HANG TRADING CO., LTD.","桃園市中壢區中台路56號1樓","1 F., No. 56, Zhongtai Rd., Zhongli Dist., Taoyuan City 32043, Taiwan (R.O.C.)","張O興","09-37888904","","無","無"
"45116006","20160616","20210815","峻鈺企業有限公司","JUN RICHE CO., LTD.","苗栗縣頭份市興隆里興隆路359巷75號","No. 75, Ln. 359, Xinglong Rd., Xinglong Vil., Toufen City, Miaoli County 35162, Taiwan (R.O.C.)","賴O儒","037-695579","037-695617","有","有"
"45116054","20161108","20250228","勞謙堂股份有限公司","ENERSTRO TECHNOLOGY CORPORATION","雲林縣斗六市虎溪里雲科路三段37號","No. 37, Sec. 3, Yunke Rd., Huxi Vil., Douliu City, Yunlin County 64064, Taiwan (R.O.C.)","林O儒","0963-234937","","有","有"
"45116147","20191223","20210813","京辰精密機械有限公司","JC PRECISION MACHINERY CO., LTD.","嘉義縣民雄鄉鎮北村虎尾寮3號1樓","1 F., No. 3, Huweiliao, Minxiong Township, Chiayi County 62143, Taiwan (R.O.C.)","呂O綸","05-2063313","05-2063318","有","有"
"45116272","20160630","20250315","台灣杰斯特半導體設備技術股份有限公司","GST TAIWAN LTD.","新竹市東區光復路二段295號7樓之1","7 F.-1, No. 295, Sec. 2, Guangfu Rd., East Dist., Hsinchu City 300195, Taiwan (R.O.C.)","NOKWONCHUL","03-5601669","03-5601609","有","有"
"45116322","20180112","20231219","菊島海洋小客車租賃有限公司","Formosa Limousine Service Company","桃園市桃園區泰山里中山路425巷6號6樓之8","6 F.-8, No. 6, Ln. 425, Zhongshan Rd., Taishan Vil., Taoyuan Dist., Taoyuan City 330046, Taiwan (R.O.C.)","蔡O貴","03-3737778","03-3837778","有","有"
"45116337","20160620","20210815","翼囍行銷開發有限公司","EXCEEDER MARKETING DEVELOPMENT CO., LTD.","彰化縣員林市惠來里惠明街211巷7弄4號1樓","1 F., No. 4, Aly. 7, Ln. 211, Huiming St., Huilai Vil., Yuanlin City, Changhua County 510, Taiwan (R.O.C.)","蔡O廷","","","有","有"
"45116364","20160720","20230801","弘尊實業有限公司","HON-ZUN INDUSTRIAL CORPORATION LIMITED","新竹市北區仁德里北大路307號9樓之3","9 F.-3, No. 307, Beida Rd., Rende Vil., North Dist., Hsinchu City 300076, Taiwan (R.O.C.)","莊O竹","03-5690510","03-5694157","有","有"
"45116483","20170906","20210813","仁浤維漁業有限公司","REN HORNG WAY FISHERY CO., LTD.","屏東縣東港鎮興東里新興二街43巷4號1樓","1 F., No. 4, Ln. 43, Xinxing 2nd St., Xingdong Vil., Donggang Township, Pingtung County 92842, Taiwan (R.O.C.)","張O仁","07-3360286","","無","無"
"45116499","20160620","20210815","喬莉涵企業有限公司","JOLIHI CO., LTD.","新竹縣竹北市文興路171號19樓","19 F., No. 171, Wenxing Rd., Zhubei City, Hsinchu County 30264, Taiwan (R.O.C.)","詹O翰","0922769990","","有","有"
"45116619","20160622","20210813","立大傳動工業有限公司","LIDA TECHNOLOGY CO., LTD.","桃園市平鎮區高雙里復旦路3段111巷2-1號","No. 2-1, Ln. 111, Sec. 3, Fudan Rd., Gaoshuang Vil., Pingzhen Dist., Taoyuan City 32449, Taiwan (R.O.C.)","劉O弘","03-4013199","","有","有"
"45116625","20210408","20250613","欣美鞋材有限公司","SHIN MEI FOOTWEAR  MATERIAL CO, LTD","彰化縣溪湖鎮東溪里榕樹路33號","No. 33, Rongshu Rd., Dongxi Vil., Xihu Township, Changhua County 51449, Taiwan (R.O.C.)","","04-8822461","04-8851781","有","有"
"45116630","20160616","20210814","自然圓有限公司","NATURAL CIRCLE LIMITED COMPANY","新竹市東區光復里忠孝路27巷6號","No. 6, Ln. 27, Zhongxiao Rd., Guangfu Vil., East Dist., Hsinchu City 30069, Taiwan (R.O.C.)","黃O珍","0988-231368","03-5733509","有","有"
"45116646","20160617","20221229","德萊國際數位媒體有限公司","GARDEN DA ENTERPRISE CO., LTD.","彰化縣彰化市興北里三民路117號9樓之1","9 F.-1, No. 117, Sanmin Rd., Xingbei Vil., Changhua City, Changhua County 500003, Taiwan (R.O.C.)","王O驊","04-7985149","","有","有"
"45116667","20161128","20220426","佳禾水產實業有限公司","JIAHE FISHERIES INDUSTRY CO., LTD.","新竹縣寶山鄉雙新村明湖路55號1樓","1 F., No. 55, Minghu Rd., Baoshan Township, Hsinchu County 30842, Taiwan (R.O.C.)","鍾O傑","03-5200660","03-5292699","有","有"
"45116759","19980219","20221003","偉祥木業有限公司","WAI HSING WOOD PRODUCTS CO., LTD.","屏東縣鹽埔鄉鹽北村福樹巷29號","No. 29, Fushu Ln., Yanbei Vil., Yanpu Township,  Pingtung County , Taiwan (R.O.C.)","鄭O正","08-7957101","","有","有"
"45116884","20200415","20230714","日騰木材有限公司","Ri Teng Wood Ltd. Co.","桃園市大園區高鐵北路三段50巷19號","No. 19, Ln. 50, Sec. 3, Gaotie N. Rd., Dayuan Dist., Taoyuan City 337003, Taiwan (R.O.C.)","林O斈","03-3812379","03-3810396","有","有"
"45116907","20160622","20221110","唯通實業有限公司","WEI-TEK CORPORATION","基隆市信義區孝忠里教忠街119巷13號","No. 13, Ln. 119, Jiaozhong St., Xiaozhong Vil., Xinyi Dist., Keelung City 201010, Taiwan (R.O.C.)","黃O煌","02-24683585","02-24651786","無","無"
"45116940","20160628","20211030","士紳股份有限公司","PSGREEN CO., LTD.","臺中市烏日區九德里中華路415號1樓","1 F., No. 415, Zhonghua Rd., Jiude Vil., Wuri Dist., Taichung City 41448, Taiwan (R.O.C.)","苗O玉","03-5878321","","有","有"
"45117080","20180302","20210812","東金國際科技有限公司","DOTRUST(TAIWAN)TECHNOLOGY CO., LTD.","新竹縣竹北市光明六路東一段245號15樓","15 F., No. 245, Dong Sec. 1, Guangming 6th Rd., Zhubei City, Hsinchu County 30264, Taiwan (R.O.C.)","李O斌","03-4950802","","有","有"
"45117119","20170621","20220728","豪科電子有限公司","GALLAN ELECTRONIC CO., LTD.","新竹市東區關東里光復路1段268巷9弄4號1樓","1 F., No. 4, Aly. 9, Ln. 268, Sec. 1, Guangfu Rd., Guandong Vil., East Dist., Hsinchu City 30074, Taiwan (R.O.C.)","李O樺","03-5528826","03-5528873","有","有"
"45117125","20161028","20220108","華夏企業有限公司","HUA HSIA CO., LTD.","桃園市龜山區文昌五街82號2樓","2 F., No. 82, Wenchang 5th St., Guishan Dist., Taoyuan City 33377, Taiwan (R.O.C.)","張O剛","03-3285359","","有","有"
"45117151","20160624","20240116","駿衛科技有限公司","GW PROTECTION TECHNOLOGY CO., LTD.","桃園市中壢區延平路500號12樓之1","12 F.-1, No. 500, Yanping Rd., Zhongli Dist., Taoyuan City 320061, Taiwan (R.O.C.)","謝O騰","0935146748","","有","有"
"45117173","20160705","20210814","朋鼎有限公司","FOCUS FOREVER CO., LTD.","臺中市南區樹德里德富路30號13樓之1","13F.-1, No. 30, Defu Rd., Shude Vil., South Dist., Taichung City 40256, Taiwan (R.O.C.)","王O欣","04-22652316","04-22654447","有","有"
"45117188","20210311","20250228","仟妍國際有限公司","Charm Yeon intl. co., Ltd.","宜蘭縣五結鄉福興村禮運路42號7樓","7F., No. 42, Liyun Rd., Fuxing Vil., Wujie Township,  Yilan County , Taiwan (R.O.C.)","郭O珍","0963032871","","有","有"
"45117271","20160628","20231004","研耘科技股份有限公司","OPEN STONE CO., LTD.","桃園市中壢區金華里慈華三街153號12樓","12 F., No. 153, Jinhua St., Jinhua Vil., Zhongli Dist., Taoyuan City 320026, Taiwan (R.O.C.)","陳O弘","03-4638893","","有","有"
"45117357","20160712","20250430","駟宥國際有限公司","MR. MARBLER CO., LTD.","臺中市西區民龍里臺灣大道二段186號24樓之3","6 F.-1, No. 335, Hanxiang Rd., Xidun Vil., Xitun Dist., Taichung City 407110, Taiwan (R.O.C.)","許O弘","","","有","有"
"45117384","20190621","20211217","迪米國際有限公司","DIMI Technology Co., Ltd","桃園市中壢區元化路222號6樓","6 F., No. 222, Yuanhua Rd., Zhongli Dist., Taoyuan City 32043, Taiwan (R.O.C.)","林O傑","03-4225166","03-4256163","有","有"
"45117390","20160630","20210814","元平閣實業有限公司","Y.P.G ENTERPRISE CORPORATION LIMITED","嘉義縣水上鄉塗溝村下塗溝48-15號1樓","1 F., No. 48-15, Xiatugou, Shuishang Township, Chiayi County 60845, Taiwan (R.O.C.)","葉O鳳","06-6323315","06-6333350","有","有"
"45117429","20160901","20210813","昱頂科技有限公司","UDINVISION CO., LTD.","屏東縣萬丹鄉水泉村泉興路1070巷11號1樓","1 F., No. 11, Ln. 1070, Quanxing Rd., Wandan Township, Pingtung County 91342, Taiwan (R.O.C.)","李O宗","08-776-1132","","有","有"
"45117440","20161116","20210813","台灣意得光電有限公司","TAIWAN ITEST OPTOELECTRONIC CO., LTD.","桃園市楊梅區金龍里文化街189巷64號4樓","4 F., No. 64, Ln. 189, Wenhua St., Jinlong Vil., Yangmei Dist., Taoyuan City 32644, Taiwan (R.O.C.)","洪O富","03-4820470","03-4820471","有","有"
"45117477","20170614","20250529","誠海有限公司","HONESTOCEAN INC.","桃園市龜山區福源里福源街72巷1號4樓","4 F., No. 1, Ln. 72, Fuyuan St., Fuyuan Vil., Guishan Dist., Taoyuan City 333024, Taiwan (R.O.C.)","許O鴻","02-86853312","","有","有"
"45117552","20160629","20240116","森豪有限公司","SEN HAO CO., LTD.","桃園市八德區大勇里忠勇街424巷118號(1樓)","1 F., No. 118, Ln. 424, Zhongyong St., Dayong Vil., Bade Dist., Taoyuan City 334030, Taiwan (R.O.C.)","蕭O萍","03-377-1381","","有","有"
"45117595","20160627","20241212","立盈貿易有限公司","LIZ YING TRADING CO., LTD.","桃園市八德區和平路166之2號","No. 166-2, Heping Rd., Bade Dist., Taoyuan City 334025, Taiwan (R.O.C.)","","03-3559916","03-3559815","無","無"
"45117624","20170908","20210812","維博國際企業有限公司","WEBEST INTERNATIONAL CONSULTING CO., LTD.","新竹市北區大同里世界街112巷12號","No. 12, Ln. 112, Shijie St., Datong Vil., North Dist., Hsinchu City 30042, Taiwan (R.O.C.)","彭O玉","03-5251089","03-5241788","有","有"
"45117645","20230915","20230915","燕鳯餐飲有限公司","Yan Fong Food & Beverage CO., LTD.","彰化縣彰化市長樂里長安街142號","No. 142, Chang’an St., Changle Vil., Changhua City, Changhua County 500001, Taiwan (R.O.C.)","陳O鳯","04-7229517","","有","有"
"45117722","20161024","20210812","新鎰實業有限公司","NEW-E INDUSTRIAL CO., LTD","桃園市桃園區南門里復興路362巷37之1號2樓","2 F., No. 37-1, Ln. 362, Fuxing Rd., Nanmen Vil., Taoyuan Dist., Taoyuan City 33066, Taiwan (R.O.C.)","巫O結","03-3133371","03-3133185","有","有"
"45117743","20210816","20210816","長揆實業股份有限公司","Griffon Development Company Limited","桃園市桃園區新埔八街31號2樓","2F., NO. 31, XINPU 8TH ST., TAOYUAN DIST., TAOYUAN CITY 330051, TAIWAN (R.O.C.)","廖O珉","03-3466789","03-3178356","有","有"
"45117785","20160707","20210815","方成未來股份有限公司","FNC FUTURE CO., LTD.","新竹縣竹北市成功五街63號3樓之1","3F.-1, No. 63, Chenggong 5th St., Zhubei City, Hsinchu County 30264, Taiwan (R.O.C.)","賴O成","03-5503285","","有","有"
"45117814","20161228","20241010","展曜綠能科技有限公司","SUNSHOW GREEN ENERGY TECHNOLOGY CO., LTD.","桃園市中壢區中榮里中正路257號3樓","3 F., No. 257, Zhongzheng Rd., Zhongrong Vil., Zhongli Dist., Taoyuan City 320002, Taiwan (R.O.C.)","陳O龍","03-2522122#168","03-4228504","有","有"
"45117856","20160628","20240815","榜樣悅達科技有限公司","BESECURITY TAIWAN CO., LTD.","基隆市安樂區樂利二街62巷212號12樓","12 F., No. 212, Ln. 62, Leli 2nd St., Anle Dist., Keelung City 20448, Taiwan (R.O.C.)","江O榮","","","有","有"
"45117933","20160628","20231205","弘禾茂企業有限公司","HHMOUNT ENTERPRISE CO., LTD.","屏東縣屏東市崇蘭里崇朝一路62號1樓","1 F., No. 62, Chongchao 1st Rd., Chonglan Vil., Pingtung City, Pingtung County 900071, Taiwan (R.O.C.)","方O淳","08-7657245","08-7324436","有","有"
"45117954","20171109","20231019","合晟高空企業有限公司","HO CHENG Height work Co., Ltd.","桃園市楊梅區秀才里秀才路770號1樓","1 F., No. 770, Xiucai Rd., Xiucai Vil., Yangmei Dist., Taoyuan City 32651, Taiwan (R.O.C.)","林O聰","03-4851933","03-4852339","有","有"
"45117997","20200108","20210814","宏創精控有限公司","Hongchuang Precision Control Co., Ltd.","屏東縣屏東市大連路58-43號","No. 58-43, Dalian Rd., Pingtung City, Pingtung County 90059, Taiwan (R.O.C.)","吳O宏","08-7625085","08-7625095","有","有"
"45118004","20160628","20210815","三和農業資材有限公司","SANHO AGRICULTURAL SUPPLIES, LTD.","南投縣中寮鄉永福村永平路441-15號1樓","1 F., No. 441-15, Yongping Rd., Zhongliao Township, Nantou County 54154, Taiwan (R.O.C.)","詹O彰","0929713744","","有","有"
"45118010","20160701","20230610","詠豐車業科技有限公司","WIN-FENG AUTOMOBILE TECHNOLOGY CO., LTD.","新竹市東區溪埔路125號","No. 125, Xipu Rd., East Dist., Hsinchu City 300001, Taiwan (R.O.C.)","葉O勝","03-5358068","03-5351068","有","有"
"45118047","20161019","20210813","樺芯企業有限公司","HUA SHIN METAL CO., LTD.","彰化縣鹿港鎮頂厝里頂厝巷181號","No. 181, Dingcuo Ln., Dingcuo Vil., Lukang Township, Changhua County 50547, Taiwan (R.O.C.)","許O豪","04-7774331","","有","有"
"45118068","20160802","20210815","正暘農產股份有限公司","CHENGYANG AGRICULTURAL PRODUCTS CO., LTD.","雲林縣西螺鎮漢光里中山路285號","No. 285, Zhongshan Rd., Hanguang Vil., Xiluo Township, Yunlin County 64848, Taiwan (R.O.C.)","李O頴","05-5864805","05-5878196","有","有"
"45118124","20180117","20241102","達振電子有限公司","DA CHEN ELECTRONICS CORPORATION","桃園市八德區興仁里豐德路342號5樓","5 F., No. 342, Fengde Rd., Xingren Vil., Bade Dist., Taoyuan City 33449, Taiwan (R.O.C.)","沈O晞","03-3785500","03-3782000","有","有"
"45118166","20160816","20220426","盈詮科技股份有限公司","FANNO TECHNOLOGIES CO., LTD.","嘉義市東區後湖里保忠一街105號","No. 105, Baozhong 1st St., Houhu Vil., East Dist., Chiayi City 60079, Taiwan (R.O.C.)","方O凱","05-2765858","05-2760800","有","有"
"45118187","20241125","20241125","級生國際股份有限公司","GEASEN INTERNATIONAL CO., LTD.","桃園市桃園區明德里中正路1221號14樓","14 F., No. 1221, Zhongzheng Rd., Mingde Vil., Taoyuan Dist., Taoyuan City 330010, Taiwan (R.O.C.)","楊O蓮","03-3460366#25","03-3460322","有","有"
"45118222","20160713","20210813","楹楹科技有限公司","YING YING TECHNOLOGY CO., LTD.","屏東縣屏東市清溪里和生路二段241號1樓","1 F., No. 241, Sec. 2, Hesheng Rd., Qingxi Vil., Pingtung City, Pingtung County 90093, Taiwan (R.O.C.)","陳O鳳","08-7536287","08-7551689","有","有"
"45118285","20160622","20230525","鴻晶新科技股份有限公司","KING SUN NEW TECH  CO., LTD.","新竹縣竹北市嘉豐十一路一段100號4樓之1","4 F.-1, No. 100, Sec. 1, Jiafeng 11th Rd., Zhubei City, Hsinchu County 302052, Taiwan (R.O.C.)","劉O嫣","03-5539889","03-5539919","有","有"
"45118308","20160824","20220511","金元盛實業有限公司","JINGOLD STAR INDUSTRIAL CO., LTD.","桃園市龍潭區成功路269號","No. 269, Chenggong Rd., Longtan Dist., Taoyuan City 32555, Taiwan (R.O.C.)","楊O澤","0952394143","","有","有"
"45118341","20160921","20221221","富宇實業有限公司","CAREPEX INDUSTRIAL COMPANY LIMITED","新北市土城區水源街35巷4號3樓","3 F., No. 4, Ln. 35, Shuiyuan St., Tucheng Dist., New Taipei City 236033, Taiwan (R.O.C.)","黃O德","03-3175016","","有","有"
"45118428","20170324","20210815","富鼎工商有限公司","RICH FULL COMMERCE LIMITED","雲林縣崙背鄉西榮村民權路220號","No. 220, Minquan Rd., Lunbei Township, Yunlin County 63741, Taiwan (R.O.C.)","李O豪","05-6967252","05-6964875","有","有"
"45118530","20161011","20210815","得益生物科技股份有限公司","OmniPro biotech CO., LTD.","嘉義縣民雄鄉北斗村新生街10號","No. 10, Xinsheng St., Minxiong Township, Chiayi County 62158, Taiwan (R.O.C.)","黃O宏","05-2205800","05-2203585","有","有"
"45118567","20190725","20220326","冠泰密封有限公司","Gun Top Rubber Co.Ltd","彰化縣福興鄉員鹿路一段581巷48弄22號","No. 22, Aly. 48, Ln. 581, Sec. 1, Yuanlu Rd., Fuxing Township, Changhua County 50644, Taiwan (R.O.C.)","許O文","04-7781007","04-7781017","有","有"
"45118601","20200504","20210813","勁雷有限公司","Gungnir DMT Co.","新竹縣寶山鄉雙新村1鄰湳坑一街31號","No. 31, Nankeng 1st St., 1st Neighborhood, Baoshan Township, Hsinchu County 30841, Taiwan (R.O.C.)","謝O薇","03-5790608","","無","無"
"45118617","20170214","20210813","福展貿易有限公司","FU GIANT TRADING CO., LTD.","嘉義縣新港鄉溪北村18鄰溪北97號1樓","1 F., No. 97, Xibei, 18th Neighborhood, Xingang Township, Chiayi County 61641, Taiwan (R.O.C.)","蔡O佑","05-3771910","05-3770500","有","有"
"45118779","20180213","20250219","友翔興業有限公司","You Shawn Enterprise Co., Ltd.","桃園市蘆竹區新興街125巷16弄2號","No. 2, Aly. 16, Ln. 125, Xinxing St., Luzhu Dist., Taoyuan City 338014, Taiwan (R.O.C.)","賴O翔","03-3670609","","有","有"
"45118829","20160711","20230709","上上昇生醫科技有限公司","3S BIOMED. TECHNOLOGY CO., LTD.","屏東縣潮州鎮永春里光春路153號1樓","1F., No. 153, Guangchun Rd., Yongchun Vil., Chaozhou Township,  Pingtung County 920002, Taiwan (R.O.C.)","劉O明","03-6662665","","無","無"
"45118898","20170707","20240607","千崧一有限公司","AQUARIUS MODULE DISPLAY CORPORATION","新竹市東區柴橋里志平路111號9樓之6","9F.-6, No. 111, Zhiping Rd., Chaiqiao Vil., East Dist., Hsinchu City 30067, Taiwan (R.O.C.)","","03-5203871","","無","無"
"45118948","20160711","20210813","台灣久陽貿易有限公司","TGL TRADE CO., LTD.","桃園市八德區桃德路155巷58號1樓","1 F., No. 58, Ln. 155, Taode Rd., Bade Dist., Taoyuan City 33450, Taiwan (R.O.C.)","潘OO","03-3566290","","有","有"
"45119051","20160705","20210813","新和旺業有限公司","XINHER CO., LTD.","宜蘭縣羅東鎮南豪里中正南路99號1樓","1 F., No. 99, Zhongzheng S. Rd., Nanhao Vil., Luodong Township, Yilan County 26546, Taiwan (R.O.C.)","朱O誠","03-9554091","","有","有"
"45119094","20180926","20230420","鉅鎰實業有限公司","GE ENTERPRISE CO., LTD.","桃園市桃園區大德三街68號(1樓)","1 F., No. 68, Dade 3rd St., Taoyuan Dist., Taoyuan City 330062, Taiwan (R.O.C.)","楊O欽","03-3363456","03-3369768","有","有"
"45119123","20161215","20210815","禾瑞實業股份有限公司","HE RURI INDUSTRY CO., LTD.","高雄市左營區曾子路157號","No. 157, Zengzi Rd., Zuoying Dist., Kaohsiung City 81367, Taiwan (R.O.C.)","許O榕","07-350-7923","07-345-7632","無","無"
"45119221","20160711","20210813","東晟有限公司","EAST CHENG CO., LTD.","桃園市楊梅區永寧里環南路171巷23號","No. 23, Ln. 171, Huannan Rd., Yongning Vil., Yangmei Dist., Taoyuan City 32664, Taiwan (R.O.C.)","黃O仁","03-4781546","","有","有"
"45119284","20161018","20240919","長鴻醫材科技股份有限公司","CHANG HONG MEDICAL TECHNOLOGY INC.","彰化縣秀水鄉福安村復新街16巷18號","No. 18, Ln. 16, Fuxin St., Xiushui Township, Changhua County 50448, Taiwan (R.O.C.)","鄭O英","04-7695688","","有","有"
"45119307","20160719","20210814","樂弟食品有限公司","RIVERDI CO., LTD.","花蓮縣吉安鄉南海七街231號","No. 231, Nanhai 7th St., Ji’an Township, Hualien County 97355, Taiwan (R.O.C.)","梁O智","038-831232","038-422185","有","有"
"45119340","20160712","20210813","蓮嚮科技有限公司","IMAGEXYZ TECHNOLOGY CORPORATION LTD.","新竹市香山區五福路二段707號研發大樓5樓","5 F., No. 707, Sec. 2, Wufu Rd., Xiangshan Dist., Hsinchu City 30012, Taiwan (R.O.C.)","李O眞","0927227660","","有","有"
"45119377","20220531","20250124","鍇鑫科技有限公司","KAIXIN Technology Co., Ltd.","基隆市中山區中和路164巷37號4樓","4 F., No. 37, Ln. 164, Zhonghe Rd., Zhongshan Dist., Keelung City 203008, Taiwan (R.O.C.)","","02-24968688","02-2496-8688","無","無"
"45119453","20160704","20210813","易速科技有限公司","ESSUES TECHNOLOGIES COMPANY LIMITED.","新竹縣竹北市東平里六家五路二段130號13樓","13 F., No. 130, Sec. 2, Liujia 5th Rd., Dongping Vil., Zhubei City, Hsinchu County 30274, Taiwan (R.O.C.)","張O哲","03-5508134","","有","有"
"45119502","20201123","20210813","京硯企業有限公司","JING YAN Furniture Co., Ltd.","桃園市桃園區青溪里鎮一街112號1樓","1 F., No. 112, Zhen 1st St., Qingxi Vil., Taoyuan Dist., Taoyuan City 33048, Taiwan (R.O.C.)","馬O榮","03-3198191","03-3198152","有","有"
"45119524","20160712","20210813","駿璞科技有限公司","GEMPROVE TECHNOLOGY CORPORATION","新竹縣湖口鄉八德路一段590號2樓","2 F., No. 590, Sec. 1, Bade Rd., Hukou Township, Hsinchu County 30348, Taiwan (R.O.C.)","黃O典","03-5695768","03-2166729","有","有"
"45119566","20170215","20210815","成億水產漁業有限公司","CHENG YI FISHERIES COMPANY LIMITED","屏東縣新園鄉仙吉村店口路44號","No. 44, Diankou Rd., Xinyuan Township, Pingtung County 93245, Taiwan (R.O.C.)","陳O偉","08-8660168","08-8660035","有","有"
"45119593","20160812","20220629","鋆鼎國際有限公司","WORTHY SKY LIMITED","高雄市三民區九如二路597號20樓之4","20F.-4, No. 597, Jiuru 2nd Rd., Sanmin Dist., Kaohsiung City 80745, Taiwan (R.O.C.)","郭O霖","07-3123088","","有","有"
"45119616","20160629","20210813","睿信企業有限公司","RISHIN ENTERPRISE CO., LTD.","苗栗縣後龍鎮十班坑155-25號","No. 155-25, Shibankeng, Houlong Township, Miaoli County 35666, Taiwan (R.O.C.)","曾O宏","037-729266","037-728319","有","有"
"45119637","20160704","20230630","大登鈺有限公司","OTOTAMA CO., LTD.","桃園市中壢區過嶺路2段192巷20弄33號 (1樓)","1F., No. 33, Aly. 20, Ln. 192, Sec. 2, Guoling Rd., Zhongli Dist.,  Taoyuan City 320, Taiwan (R.O.C.)","陳O仙","03-4981900","03-4207747","無","無"
"45119658","20160705","20210813","曜盛塑膠有限公司","YAO SHENG PLASTIC CO., LTD.","雲林縣虎尾鎮興南里興南路637號1樓","1 F., No. 637, Xingnan, Xingnan Vil., Huwei Township, Yunlin County 63253, Taiwan (R.O.C.)","林O玲","05-6323315","","有","有"
"45119708","20240423","20240423","葳仕登有限公司","WEI EQUATION CO., LTD.","臺北市松山區南京東路5段336號3樓之6","3 F.-6, No. 336, Sec. 5, Nanjing E. Rd., Songshan Dist., Taipei City 105054, Taiwan (R.O.C.)","白O亨","02-27484763","","有","有"
"45119735","20160629","20221124","富凱綜合貿易有限公司","LIFE CARE TRADING CO., LTD.","桃園市中壢區中央里8鄰中山路132號6樓","6 F., No. 132, Zhongshan Rd., 8th Neighborhood, Zhongyang Vil., Zhongli Dist., Taoyuan City 320676, Taiwan (R.O.C.)","金O逸","0928873567","03-4367580","無","無"
"45119783","20250310","20250310","昇隆科技有限公司","PROSPERTECH CO., LTD.","桃園市八德區瑞豐里豐德路222號1樓","1 F., No. 222, Fengde Rd., Ruifeng Vil., Bade Dist., Taoyuan City 334611, Taiwan (R.O.C.)","王O梅","","","有","有"
"45119799","20231002","20231002","億和泰家具企業有限公司","YI HER TAY FURNITURE INDUSTY CO., LTD.","桃園市八德區東勇街400巷75號1樓","1 F., No. 75, Ln. 400, Dongyong St., Bade Dist., Taoyuan City 334030, Taiwan (R.O.C.)","楊O遠","03-3637737","03-2184902","有","有"
"45119849","20160628","20210813","世大國際興業有限公司","GREAT WORLD TECHNOLOGY CO., LTD.","桃園市平鎮區復興里廣德街90號7樓之1","7F.-1, No. 90, Guangde St., Fuxing Vil., Pingzhen Dist., Taoyuan City 32448, Taiwan (R.O.C.)","陳O美","03-4914141","","有","有"
"45119931","20160721","20221012","敘壹有限公司","N-ONE CO., LTD.","桃園市中壢區中央里元化路165巷31號9樓","9 F., No. 31, Ln. 165, Yuanhua Rd., Zhongyang Vil., Zhongli Dist., Taoyuan City 320675, Taiwan (R.O.C.)","鍾O志","03-4276608","03-4221878","有","有"
"45119989","20160629","20240116","騰成醫療資訊科技股份有限公司","MANIFOLD HEALTH TECH TAIWAN, INC.","臺北市大同區南京西路41號6樓之10","6 F.-10, No. 41, Nanjing W. Rd., Datong Dist., Taipei City 103622, Taiwan (R.O.C.)","","03-5506260","03-5506256","無","無"
"45119995","20160707","20230706","富威工業股份有限公司","RICH POWER PROCESSING INDUSTRIAL DESIGN, INC.","南投縣草屯鎮草溪路101之3號","No. 101-3, Caoxi Rd., Caotun Township, Nantou County 542008, Taiwan (R.O.C.)","范O雯","0989-246-868","","有","有"
"45120064","20161026","20220728","瀚源生醫股份有限公司","HELIOS BIOELECTRONICS INC.","新竹科學園區新竹縣竹北市生醫五路66號8樓之2","8 F.-2, No. 66, Shengyi 5th Rd., Zhubei City, Hsinchu County 302041, Taiwan (R.O.C.)","詹O康","03-6586176","","有","有"
"45120070","20171215","20230111","豐滿生技有限公司","Fong Man Bio-Tech Co., Ltd.","南投縣名間鄉松山村豐柏路77號1樓","1F., No. 77, Fengbo Rd., Songshan Vil., Mingjian Township,  Nantou County 551004, Taiwan (R.O.C.)","謝O裕","049-2583929","049-2580699","有","有"
"45120091","20220922","20220927","億林建設實業有限公司","YILIN CONSTRUVT CO. LTD","苗栗縣頭份市合興里信義路504巷13弄2衖2號1樓","No. 34-1, 2nd Neighborhood, Xinglong Vil., Toufen City, Miaoli County , Taiwan (R.O.C.)","張O烜","0911319966","","有","有"
"45120108","20161007","20230214","台晟金屬有限公司","TAI CHENG METAL CO., LTD.","桃園市中壢區新街里延平路353巷49號1樓","1 F., No. 49, Ln. 353, Yanping Rd., Xinjie Vil., Zhongli Dist., Taoyuan City 320003, Taiwan (R.O.C.)","邱O仁","03-4373411","03-4373413","有","有"
"45120212","20160706","20210815","易達實業有限公司","YI DA DEVELOPMENT INDUSTRIAL CO., LTD.","彰化縣田尾鄉正義村光復路三段167巷38號1樓","1 F., No. 38, Ln. 167, Sec. 3, Guangfu Rd., Tianwei Township, Changhua County 52241, Taiwan (R.O.C.)","江O儒","04-8232188","04-8655758","有","有"
"45120249","20171031","20210815","寶妮有限公司","Boni Limited","桃園市八德區瑞泰里介壽路二段626號1樓","1 F., No. 626, Sec. 2, Jieshou Rd., Ruitai Vil., Bade Dist., Taoyuan City 33459, Taiwan (R.O.C.)","林O村","03-3731999","03-3732570","有","有"
"45120281","20180315","20240723","品臻苑有限公司","infinitas Beauty corporation","桃園市大溪區仁武里長興街二段152號","No. 152, Sec. 2, Changxing St., Renwu Vil., Daxi Dist., Taoyuan City 335010, Taiwan (R.O.C.)","林O臻","03-4560681","03-4560581","有","有"
"45120297","20160729","20210815","主上數位行銷科技股份有限公司","SMART GROUP INTEGRATION CO., LTD.","桃園市蘆竹區南崁里經國路896號7樓","7 F., No. 896, Jingguo Rd., Nankan Vil., Luzhu Dist., Taoyuan City 33858, Taiwan (R.O.C.)","柯O宇","03-3588000","","有","有"
"45120304","20160719","20220628","諾祥國際有限公司","NOR SHIN CO., LTD.","屏東縣屏東市瑞光路一段79號","No. 79, Sec. 1, Ruiguang Rd., Pingtung City, Pingtung County 900021, Taiwan (R.O.C.)","田O琦","08-8325250","","有","有"
"45120374","20170712","20230112","岳翔企業有限公司","CHING GUANG KE JI TECHNOLOGY CO., LTD.","苗栗縣苑裡鎮苑港里4鄰苑港42之3號","No. 42-3, Yuangang, 4th Neighborhood, Yuangang Vil., Yuanli Township,  Miaoli County 358001, Taiwan (R.O.C.)","鄭O典","0985107207","","有","有"
"45120395","20160701","20230502","強焊科技有限公司","CHIANG HAN TECHNOLOGY CO., LTD.","新竹市香山區南港里南港街32巷49號","No. 49, Ln. 32, Nangang St., Nangang Vil., Xiangshan Dist., Hsinchu City 300104, Taiwan (R.O.C.)","許O仁","03-5386370","03-5305653","有","有"
"45120418","20160726","20230225","美易購有限公司","USEGO EXPRESS CO., LTD.","屏東縣屏東市中正里瑞光路3段285號1樓","1 F., No. 285, Sec. 3, Ruiguang Rd., Zhongzheng Vil., Pingtung City, Pingtung County 900023, Taiwan (R.O.C.)","郭O矗","08-7324193","","無","無"
"45120466","20160712","20250109","強森國際科技有限公司","STRONG WORLD TECH CO., LTD.","桃園市中壢區三民一路90號","No. 90, Sanmin 1st Rd., Zhongli Dist., Taoyuan City 320, Taiwan (R.O.C.)","劉O達","03-4944888","03-4940878","有","有"
"45120640","20160725","20210815","海神能源科技股份有限公司","POSEIDON ENERGY TECH CO., LTD.","臺南市北區和緯路三段257號","No. 257, Sec. 3, Hewei Rd., North Dist., Tainan City 70451, Taiwan (R.O.C.)","陳O佑","02-29718368","03-5372832","有","有"
"45120796","20160706","20220113","海渥國際貿易有限公司","HAI WO INTERNATIONAL TRADE CO., LTD.","高雄市三民區澄平街178號","No. 178, Chengping St., Sanmin Dist., Kaohsiung City 80770, Taiwan (R.O.C.)","簡O彰","0965278768","","有","有"
"45120867","20170810","20210813","瑞弘科技有限公司","RUI HONG ENGINEERING APPLICATION TECHNOLOGY CO., LTD.","桃園市大溪區瑞興里大鶯路795巷46弄13號1樓","1 F., No. 13, Aly. 46, Ln. 795, Daying Rd., Ruixing Vil., Daxi Dist., Taoyuan City 33553, Taiwan (R.O.C.)","王O雪","03-3808820","03-3809101","有","有"
"45120888","20210803","20210813","均茂有限公司","JYUN-MAO LIMITED CO.","桃園市大溪區福安里復興路一段622之1號","No. 622-1, Sec. 1, Fuxing Rd., Fu’an Vil., Daxi Dist., Taoyuan City 33559, Taiwan (R.O.C.)","鄭O龍","03-3888563","03-3889364","有","有"
"45120992","20200527","20250408","茶悅杉林有限公司","CHA YUE SUN LIN CO.,LTD.","南投縣竹山鎮延和里集山路三段778號","No. 778, Sec. 3, Jishan Rd., Yanhe Vil., Zhushan Township, Nantou County 557013, Taiwan (R.O.C.)","蔣O靜","0492656005","0492656105","有","有"
"45121057","20160713","20220907","瑞達生技股份有限公司","RITTA BIOTECH CO., LTD.","臺中市西屯區市政北二路236號14樓之1","14 F.-1, No. 236, Shizheng N. 2nd Rd., Xitun Dist., Taichung City 407607, Taiwan (R.O.C.)","方O群","04-24630965","04-24631088","有","有"
"45121084","20200529","20221224","安祈貿易企業有限公司","ANNCHi.H Trading Co., Ltd.","臺中市西屯區惠中路一段88號26樓","26 F., No. 88, Sec. 1, Huizhong Rd., Xitun Dist., Taichung City 407025, Taiwan (R.O.C.)","謝O翰","02-24331807","","有","有"
"45121161","20170724","20221108","奕綸有限公司","YII LOON CO., LTD.","新竹縣新豐鄉建興路二段421巷2號(2樓)","2 F., No. 2, Ln. 421, Sec. 2, Jianxing Rd., Xinfeng Township, Hsinchu County 304121, Taiwan (R.O.C.)","蔡O甄","03-5592359","03-5592729","有","有"
"45121205","20160714","20250508","宏澤精密股份有限公司","IIWON TECH CO., LTD.","新竹縣湖口鄉鳳山村明科街11號","No. 11, Mingke St., Fengshan Vil., Hukou Township,  Hsinchu County 303114, Taiwan (R.O.C.)","王O杰","03-5457706","","有","有"
"45121232","20160721","20210814","幾何學國際有限公司","GEOMETRY GARMENT INTERNATIONAL CO., LTD.","新竹市東區軍功里建功一路58號2樓","2 F., No. 58, Jiangong 1st Rd., Jungong Vil., East Dist., Hsinchu City 30071, Taiwan (R.O.C.)","廖O玫","0926000489","","有","有"
"45121248","20230119","20230119","偉朋有限公司","Vesper Cigar Bar CO.","桃園市桃園區新埔里同安街176號1樓","1 F., No. 176, Tong’an St., Xinpu Vil., Taoyuan Dist., Taoyuan City 330007, Taiwan (R.O.C.)","賴O學","033587646","","有","有"
"45121253","20210604","20221020","皇記生物科技股份有限公司","Huang Ji Biotech Co., Ltd.","桃園市龜山區迴龍里宏慶街34巷26號5樓","5 F., No. 26, Ln. 34, Hongqing St., Huilong Vil., Guishan Dist., Taoyuan City 333027, Taiwan (R.O.C.)","林O仁","0909386666","","有","有"
"45121275","20180419","20210813","志鑽有限公司","Diamond King Co., Ltd.","桃園市桃園區中埔二街180號9樓","9 F., No. 180, Zhongpu 2nd St., Taoyuan Dist., Taoyuan City 33046, Taiwan (R.O.C.)","葉O惠","0912550536","","有","有"
"45121471","20160825","20230916","名祥實業有限公司","COLORFUL VIEW CO., LTD.","桃園市龜山區南上里民生北路1段40之2號6樓之4","6 F.-4, No. 40-2, Sec. 1, Minsheng N. Rd., Nanshang Vil., Guishan Dist., Taoyuan City 333016, Taiwan (R.O.C.)","范O銓","03-2223668","03-2223669","有","有"
"45121612","20160705","20210815","沅寬科技股份有限公司","SPRINGMAX TECHNOLOGY CORP.","桃園市蘆竹區中山路130之1號10樓","10 F., No. 130-1, Zhongshan Rd., Luzhu Dist., Taoyuan City 33850, Taiwan (R.O.C.)","王O盛","02-28921555","02-28921559","有","有"
"45121628","20200526","20211004","全大企業股份有限公司","CHUAN TA ENTERPRISR CO.,LTD","桃園市龍潭區烏林里中豐路461巷176號4樓","4F., NO. 176, LN. 461, ZHONGFENG RD., WULIN VIL., LONGTAN DIST., TAOYUAN CITY 325, TAIWAN (R.O.C.)","曾O全","03-4701188","","有","有"
"45121676","20190814","20210814","宏澄氟素科技股份有限公司","HUNG-CHENG FLUORINE TECHNOLOGY CO., LTD.","桃園市新屋區永慶一路576號","No. 576, Yongqing 1st Rd., Xinwu Dist., Taoyuan City 32744, Taiwan (R.O.C.)","邱O珍","03-4799131","03-4798484","有","有"
"45121697","20170802","20231229","旋翼科技有限公司","ROTOR TECHNOLOGY CO., LTD.","彰化縣溪湖鎮湖西里17鄰大公三街21號","No. 21, Dagong 3rd St., 17th Neighborhood, Huxi Vil., Xihu Township, Changhua County 514010, Taiwan (R.O.C.)","黃O瑋","04-7228867","04-7228867","有","有"
"45121704","20170814","20210815","月明中有限公司","YUE MING ZHONG CO., LTD.","桃園市中壢區健行里中北路二段208巷37號4樓","4 F., No. 37, Ln. 208, Sec. 2, Zhongbei Rd., Jianxing Vil., Zhongli Dist., Taoyuan City 32087, Taiwan (R.O.C.)","郭O偉","03-2871504","03-2871949","有","有"
"45121802","20160707","20221220","邵博士顧問有限公司","DR SHAO MD REGULATORY CONSULTANTS CO., LTD.","新北市淡水區中正東路2段27號5樓","5 F., No. 27, Sec. 2, Zhongzheng E. Rd., Tamsui Dist., New Taipei City 251401, Taiwan (R.O.C.)","邵O遠","02-77030558","02-88098993","有","有"
"45121824","20160816","20221108","群瑞精密股份有限公司","NEXTSCOPE CO., LTD.","桃園市中壢區福祥路298之1號","No. 298-1, Fuxiang Rd., Zhongli Dist., Taoyuan City 320012, Taiwan (R.O.C.)","劉O鑫","03-4313082","03-4313092","有","有"
"45121839","20230425","20240308","好室興業有限公司","good room industrial CO., LTD.","新北市新莊區五權一路1號8樓之1","8 F.-1, No. 1, Wuquan 1st Rd., Xinzhuang Dist., New Taipei City 248022, Taiwan (R.O.C.)","李O貴","04-22541961","","無","無"
"45121866","20190524","20210815","潔漾有限公司","Giang Co., Ltd.","桃園市八德區大宏里桃德路114巷37號(1樓)","1 F., No. 37, Ln. 114, Taode Rd., Dahong Vil., Bade Dist., Taoyuan City 33450, Taiwan (R.O.C.)","彭O緯","03-3110959","03-3112051","無","無"
"45121964","20160711","20210813","樂邦安控有限公司","LUBN TAIWAN CO., LTD.","嘉義市西區自強里新民路762號12樓之2","12F.-2, No. 762, Xinmin Rd., Ziqiang Vil., West Dist., Chiayi City 60054, Taiwan (R.O.C.)","李O宛","","","有","有"
"45121991","20000224","20221003","黎明紙器有限公司","LEE MING PAPERS  CO., LTD.","南投縣南投市自立三路20號","No. 20, Zili 3rd Rd., Nantou City, Nantou County 540029, Taiwan (R.O.C.)","顧O芳","049-2259517","049-2259557","有","有"
"45122062","20160707","20210814","禾豐洋行有限公司","RICH GAINS TRADING & DISTRIBUTION CO., LTD.","基隆市信義區孝忠里教忠街196號","No. 196, Jiaozhong St., Xiaozhong Vil., Xinyi Dist., Keelung City 20151, Taiwan (R.O.C.)","黃O炫","02-24655878","","有","有"
"45122078","20160705","20250211","擴益媒體科技有限公司","EXPAND MEDIA ADVANTAGE TEAM CO., LTD.","高雄市橋頭區橋新環路693號1樓","1 F., No. 693, Qiaoxinhuan Rd., Qiaotou Dist., Kaohsiung City 82546, Taiwan (R.O.C.)","賴O傑","07-7409537","","有","有"
"45122083","20161017","20210813","硯宇科技有限公司","YAN YU TECHNOLOGY CORPORATION","雲林縣虎尾鎮平和里成德街141號1樓","1 F., No. 141, Chengde St., Pinghe Vil., Huwei Township, Yunlin County 63251, Taiwan (R.O.C.)","許O鈺","05-6363956","","有","有"
"45122112","20180205","20230913","吳江思庫特精密電子有限公司","WUJIANG SCREWTECH INDUSTRY CO., LTD.","桃園市蘆竹區內厝里安中街20巷1號","No. 1, Ln. 20, Anzhong St., Neicuo Vil., Luzhu Dist., Taoyuan City 33868, Taiwan (R.O.C.)","彭O妍","03-3210037","03-3111425","有","有"
"45122204","20160711","20210813","金長億國際貿易股份有限公司","CHIN CHANG YI CO., LTD.","南投縣竹山鎮延祥里瑞竹巷364號","No. 364, Ruizhu Ln., Yanxiang Vil., Zhushan Township, Nantou County 55776, Taiwan (R.O.C.)","黃O文","049-2655452","","有","有"
"45122366","20160719","20210813","屏東百禾農產有限公司","PING TUNG PIONEER GRAIN CO., LTD.","屏東縣潮州鎮三星里三光路13號2樓","2 F., No. 13, Sanguang Rd., Sanxing Vil., Chaozhou Township, Pingtung County 92048, Taiwan (R.O.C.)","林O仁","08-7836338","","有","有"
"45122372","20181204","20210813","至億科技有限公司","ZHI YE TECHNOLOGY CO., LTD.","苗栗縣頭份市田寮里21鄰蘆竹路363號之一2樓","12 F., No. 363, Luzhu Rd., 21th Neighborhood, Tianliao Vil., Toufen City, Miaoli County 35145, Taiwan (R.O.C.)","葉O兆","037-622903#103","037-624798","有","有"
"45122416","20170210","20210813","捷興汽車材料有限公司","JIE XING AUTOMOTIVE MATERIALS CO., LTD.","桃園市平鎮區福壽路16號13樓","13 F., No. 16, Fushou Rd., Pingzhen Dist., Taoyuan City 32462, Taiwan (R.O.C.)","韓O傑","03-4191026","03-4195266","有","有"
"45122422","20160705","20211110","翔嶸企業有限公司","INTERSOAR MACHINERY CO., LTD.","臺北市士林區大南路343號2樓之1","2F.-1, NO. 343, DANAN RD., SHILIN DIST., TAIPEI CITY 11161, TAIWAN (R.O.C.)","楊O郎","0919532010","","無","無"
"45122485","20160707","20210815","利亞科技有限公司","LEAH TECHNOLOGY CO., LTD.","新竹市東區埔頂里慈雲路137號25樓之1","25F.-1, No. 137, Ciyun Rd., Puding Vil., East Dist., Hsinchu City 30072, Taiwan (R.O.C.)","張O雯","0915560102","","有","有"
"45122534","20241011","20241011","上博電通股份有限公司","Sunbow Telecom CO., LTD.","基隆市七堵區六堵二街83號","No. 83, Liudu 2nd St., Qidu Dist., Keelung City 206007, Taiwan (R.O.C.)","游O秀美","","","有","有"
"45122555","20160713","20220304","飛象科技有限公司","FLYING CHANG CO., LTD.","高雄市前鎮區南天街129號11樓","11 F., No. 129, Nantian St., Qianzhen Dist., Kaohsiung City 80660, Taiwan (R.O.C.)","黃O豊","05-5377327","05-5377328","有","有"
"45122582","20161216","20230113","裘力有限公司","TAIWAN JOLLY MEDICAL CO., LTD.","南投縣草屯鎮敦和里碧山路642巷15號","No. 15, Ln. 642, Bishan Rd., Dunhe Vil., Caotun Township, Nantou County 54258, Taiwan (R.O.C.)","林O譁","0966528995","","有","有"
"45122669","20210225","20210815","誠食館有限公司","Cigar lover LIMITED COMPANY","新竹縣竹北市北崙里縣政九路135巷36號","No. 36, Ln. 135, Xianzheng 9th Rd., Beilun Vil., Zhubei City, Hsinchu County 30251, Taiwan (R.O.C.)","徐O治","03-6572111","","有","有"
"45122725","20160713","20210813","首利有限公司","FIRST ADVANTAGE CORPORATION","新竹市三民里民權路96巷6號1樓","1 F., No. 6, Ln. 96, Minquan Rd., Sanmin Vil., East Dist., Hsinchu City 30043, Taiwan (R.O.C.)","郭O蘭","03-5248456","03-5248456","有","有"
"45122746","20201130","20210813","岑希生技有限公司","Kami and Cosmo Biotech Medical Company","新竹市香山區虎山里延平路2段431巷56弄34號2樓","2 F., No. 34, Aly. 56, Ln. 431, Sec. 2, Yanping Rd., Hushan Vil., Xiangshan Dist., Hsinchu City 30090, Taiwan (R.O.C.)","楊O瑞","03-5330449","02-66021903","有","有"
"45122773","20160712","20210814","金鼎冶礦國際事業有限公司","JIN DING MINING INTERNATIONAL BUSINESS CO., LTD.","苗栗縣苗栗市水源里20鄰25之1號","No. 25-1, Shuiyuan, 20th Neighborhood, Shuiyuan Vil., Miaoli City, Miaoli County 36058, Taiwan (R.O.C.)","林O均","0973765223","","無","無"
"45122823","20160719","20221210","鈺拓科技有限公司","YU TUO TECHNOLOGIES CO., LTD.","新北市新莊區中正路708之2號3樓","3 F., No. 708-2, Zhongzheng Rd., Xinzhuang Dist., New Taipei City 242050, Taiwan (R.O.C.)","李O蒂","02-2907-6308","","有","有"
"45122892","20161128","20230111","佰研有限公司","BAIYAN TRADING CO., LTD.","彰化縣員林市民生里南昌東路30號2樓","2 F., No. 30, Nanchang E. Rd., Minsheng Vil., Yuanlin City, Changhua County 510021, Taiwan (R.O.C.)","張O妙","04-8363106","","有","有"
"45122942","20160706","20241123","順昱興有限公司","SHUN YU HSING CO., LTD.","彰化縣鹿港鎮洋厝里鹿草路3段325巷1號","No. 1, Ln. 325, Sec. 3, Lucao Rd., Yangcuo Vil., Lukang Township, Changhua County 50566, Taiwan (R.O.C.)","","04-7516611","04-7512155","無","無"
"45123029","20160707","20210814","博百升國際有限公司","BPS International Co., Ltd.","新竹市東區食品路339號","No. 339, Shipin Rd., East Dist., Hsinchu City 30062, Taiwan (R.O.C.)","呂O州","02-25625196","","有","有"
"45123077","20160728","20210813","廷旺有限公司","DING WANG CO., LTD.","彰化縣二林鎮北平里仁愛路403號1樓","1 F., No. 403, Ren’ai Rd., Beiping Vil., Erlin Township, Changhua County 52662, Taiwan (R.O.C.)","林O妤","04-8934766","04-8935978","有","有"
"45123098","20180316","20230111","偽鯨雨電影特效有限公司","WHALE RAIN SFX LTD.","新北市瑞芳區粗坑口路100之3號","No. 100-3, Cukengkou Rd., Ruifang Dist., New Taipei City 224009, Taiwan (R.O.C.)","陳O忠","02-24512138","","有","有"
"45123132","20170821","20210813","華燿精密有限公司","HUAYAO PRECISION CO., LTD.","彰化縣二林鎮東興里育英街176號1樓","1 F., No. 176, Yuying St., Dongxing Vil., Erlin Township, Changhua County 52653, Taiwan (R.O.C.)","陳O發","04-8901591","","有","有"
"45123246","20160721","20230107","來瑩國際貿易股份有限公司","LAIWIN INTERNATIONAL TRADING CO., LTD.","桃園市龜山區民生北路一段2巷8弄2號","No. 2, Aly. 8, Ln. 2, Sec. 1, Minsheng N. Rd., Guishan Dist., Taoyuan City 333016, Taiwan (R.O.C.)","洪O興","03-3176988","","無","無"
"45123251","20250417","20250417","謙年有限公司","Quintillion INC.","雲林縣斗六市仁愛里永樂街141號1樓","1F., No. 141, Yongle St., Douliu City, Yunlin County 640006, Taiwan","李O展","05-5338982","","有","有"
"45123344","20170411","20210813","亞勝開發有限公司","A-WINS DEVELOPMENT CO. LTD.","彰化縣溪湖鎮大竹里東環路100號","No. 100, Donghuan Rd., Dazhu Vil., Xihu Township, Changhua County 51441, Taiwan (R.O.C.)","陳O偉","04-8819585","","有","有"
"45123392","20170411","20210814","八寶寮企業有限公司","BA BAU LIAU ENTERPRISE CO., LTD.","嘉義縣中埔鄉東興村凍子腳52號1樓","1 F., No. 52, Dongzijiao, Zhongpu Township, Chiayi County 60657, Taiwan (R.O.C.)","邱O田","06-6822855","06-6822855","有","有"
"45123549","20160715","20230829","高碩貿易有限公司","GAO SHUO TRADING CO., LTD.","宜蘭縣羅東鎮站前南路183巷3號1樓","1 F., No. 3, Ln. 183, Zhanqian S. Rd., Luodong Township, Yilan County 265006, Taiwan (R.O.C.)","","02-82827926","","無","無"
"45123554","20160714","20230601","威旭貿易有限公司","WINIT TRADING CO., LTD.","雲林縣虎尾鎮公安里林森路1段238號1樓","1 F., No. 238, Sec. 1, Linsen Rd., Gong’an Vil., Huwei Township, Yunlin County 632003, Taiwan (R.O.C.)","李O佑","05-6330077","","無","無"
"45123560","20160718","20210813","浩準企業有限公司","ACCULTIMA TECHNOLOGY INC.","嘉義市東區中庄里海埔新村52號1樓","1 F., No. 52, Haipuxincun, Zhongzhuang Vil., East Dist., Chiayi City 60081, Taiwan (R.O.C.)","林O君","0932981060","05-2290728","有","有"
"45123581","20160801","20230202","艾培斯生技有限公司","I-APEX BIO-TECH. CO., LTD.","南投縣魚池鄉中明村文正巷2-1號","No. 2-1, Wenzheng Ln., Zhongming Vil., Yuchi Township,  Nantou County 555003, Taiwan (R.O.C.)","葉O鈴","049-2898113","","無","無"
"45123604","20160726","20230523","裕豐汽車有限公司","YU FUNG MOTOR CO., LTD.","新竹市北區金竹里湳雅街219巷37號1樓","1 F., No. 37, Ln. 219, Nanya St., Jinzhu Vil., North Dist., Hsinchu City 300062, Taiwan (R.O.C.)","謝O玲","03-5331200","","無","無"
"45123647","20160714","20240510","昶鎰鮪漁業有限公司","CHANG YI WEI FISHERY CO., LTD.","屏東縣新園鄉五房村五房路971-6號1樓","1F., No. 971-6, Wufang Rd., Wufang Vil., Xinyuan Township,  Pingtung County 932019, Taiwan (R.O.C.)","洪O益","08-8338008","","有","有"
"45123689","20160803","20210813","歐提系統家具有限公司","OTIS SYSTEM FURNITURE CO., LTD.","新竹市東區建中一路20號","No. 20, Jianzhong 1st Rd., East Dist., Hsinchu City 30070, Taiwan (R.O.C.)","賴O村","0939074512","","有","有"
"45123724","20160720","20230414","牡丹生物科技股份有限公司","PEONY BIOTECH CORP.","桃園市中壢區復華里長興街150巷18號11樓","11 F., No. 18, Ln. 150, Changxing St., Fuhua Vil., Zhongli Dist., Taoyuan City 320028, Taiwan (R.O.C.)","蕭O香","03-4553912","","有","有"
"45123800","20210428","20210815","誠泰食品有限公司","CHENG TAI SAUCE FOOD COMPANY LIMITED","雲林縣西螺鎮福田里社口68-56號","No. 68-56, Shekou, Futian Vil., Xiluo Township, Yunlin County 64865, Taiwan (R.O.C.)","林O皓","05-5881998","","有","有"
"45123837","20161122","20210814","可町科技有限公司","CODIN TECH LIMITED CO.","彰化縣員林市大埔里三潭巷16-5號1樓","1 F., No. 16-5, Santan Ln., Dapu Vil., Yuanlin City, Changhua County 51065, Taiwan (R.O.C.)","楊O美","04-8528080","","有","有"
"45123858","20210127","20210813","真理健康有限公司","Truth Health Corporation","新竹縣竹北市光明六路89號","No. 89, Guangming 6th Rd., Zhubei City, Hsinchu County 30268, Taiwan (R.O.C.)","蔣O榮","03-5585352","","有","有"
"45123885","20160718","20210813","睿元工業有限公司","RUY YUANG INDUSTRIAL CO., LTD.","新竹市香山區虎山里延平路二段738巷18號2樓","2 F., No. 18, Ln. 738, Sec. 2, Yanping Rd., Hushan Vil., Xiangshan Dist., Hsinchu City 30090, Taiwan (R.O.C.)","廖O貞","0988257841","","有","有"
"45123920","20171208","20210813","海強科技有限公司","Seastrong Technology Co., Ltd.","新竹縣竹東鎮三重里中興路一段115-1號2樓","2 F., No. 115-1, Sec. 1, Zhongxing Rd., Sanchong Vil., Zhudong Township, Hsinchu County 31053, Taiwan (R.O.C.)","林O廷","03-5823999","03-5833466","有","有"
"45123956","20161103","20210815","宏立醫療器材有限公司","HONG LI MEDICAL EQUIPMENT CO., LTD.","彰化縣社頭鄉廣興村仁愛二路306巷7號1樓","1 F., No. 7, Ln. 306, Ren’ai 2nd Rd., Shetou Township, Changhua County 51155, Taiwan (R.O.C.)","張O吉","04-8738236","","有","有"
"45123962","20160718","20230325","森寶貿易有限公司","SENBAO TRADING CO., LTD.","彰化縣埔心鄉瓦北村源泉路二段137號","No. 137, Sec. 2,  Yuanquan Rd., Wabei Vil., Puxin Township,  Changhua County 513004, Taiwan (R.O.C.)","許O瑜","04-8296633","","有","有"
"45124049","20201124","20210813","艾斯隆有限公司","S-ZONE MOTORCYCLE RIDING GEARS LTD.","新竹市東區東園里中華路一段418號","No. 418, Sec. 1, Zhonghua Rd., Dongyuan Vil., East Dist., Hsinchu City 30060, Taiwan (R.O.C.)","鄭O","0911899214","","有","有"
"45124097","20200603","20221206","聯晟國際運通有限公司","Lian Cheng International Express Co., Ltd.","彰化縣彰化市香山里彰南路三段2巷6弄20號1樓","1 F., No. 20, Aly. 6, Ln. 2, Sec. 3, Zhangnan Rd., Xiangshan Vil., Changhua City, Changhua County 500048, Taiwan (R.O.C.)","廖O智","04-7689606","","有","有"
"45124174","20170518","20210814","君王資訊科技有限公司","JUN WANG CLOTHES ENTERPRISE CO., LTD.","嘉義市西區竹村里竹子脚20之52號","No. 20-52, Zhucun Vil., West Dist., Chiayi City 600, Taiwan (R.O.C.)","黃O晨","05-2381626","","有","有"
"45124266","20221206","20230222","鴻天開發有限公司","Hongtian Development CO., LTD.","新竹市北區海濱里海濱路125號1樓","1 F., No. 125, Haibin Rd., Haibin Vil., North Dist., Hsinchu City 300055, Taiwan (R.O.C.)","王O憲","03-5361007","","無","無"
"45124287","20160721","20220922","格藍德工業股份有限公司","GRINDER ENGINEERING COMPANY LIMITED","新竹縣湖口鄉中正六街10號1樓","1 F., No. 10, Zhongzheng 6th St., Hukou Township, Hsinchu County 303124, Taiwan (R.O.C.)","興O投資有限公司","","","有","有"
"45124293","20191008","20210813","品海企業有限公司","pin hai enterprise co., ltd.","雲林縣林內鄉重興村重興路41號1樓","1 F., No. 41, Chongxing, Linnei Township, Yunlin County 64344, Taiwan (R.O.C.)","李O定","05-5892186","05-5894607","有","有"
"45124322","20160728","20230418","達特祿國際有限公司","DRLOOK CO., LTD.","苗栗縣竹南鎮崎頂里仁愛路2201巷3弄17號1樓","1 F., No. 17, Aly. 3, Ln. 2201, Ren’ai Rd., Qiding Vil., Zhunan Township, Miaoli County 350022, Taiwan (R.O.C.)","羅O頤","037-582368","","無","無"
"45124343","20160712","20221221","宏展肉品有限公司","HONG JHAN MEAT CO., LTD.","南投縣草屯鎮碧興路一段96號1樓","1 F., No. 96, Sec. 1, Bixing Rd., Caotun Township, Nantou County 542008, Taiwan (R.O.C.)","陳O源","049-231-3596","049-2313306","有","有"
"45124385","20160714","20230111","陸地龍國際企業股份有限公司","KML BIO-TECHNOLOGY CO., LTD.","新北市三重區文化北路65號","No. 65, Wenhua N. Rd., Sanchong Dist., New Taipei City 241058, Taiwan (R.O.C.)","朱O璋","02-87807098","02-87808075","有","有"
"45124505","20191005","20210815","大展輪胎有限公司","DA JAN TIRE CO., LTD.","彰化縣永靖鄉瑚璉村8鄰多福路41號1樓","1 F., No. 41, Duofu Rd., 8th Neighborhood, Yongjing Township, Changhua County 51245, Taiwan (R.O.C.)","張O惠","04-8244092","04-7778180","有","有"
"45124569","20160923","20210813","晶傑國際有限公司","JJTOP INTERNATIONAL CO., LTD.","新竹市北區港北里港北六街26號1樓","1 F., No. 26, Gangbei 6th St., Gangbei Vil., North Dist., Hsinchu City 30058, Taiwan (R.O.C.)","吳O祥","0971086831","03-5366667","有","有"
"45124625","20220406","20220406","好時丰農企業有限公司","Demeter Agricultural Enterprise Co., LTD.","屏東縣內埔鄉和平路9號","No. 9, Heping Rd., Neipu Township, Pingtung County 91250, Taiwan (R.O.C.)","黃O倫","08-7798560","","有","有"
"45124688","20240117","20240730","喜樂家有限公司","CELES-TECH CO., LTD.","新竹縣竹北市竹北里台元一街8號六樓之6","6 F.-6, No. 8, Taiyuan 1st St., Zhubei Vil., Zhubei City, Hsinchu County 302082, Taiwan (R.O.C.)","陳O竹","","","有","有"
"45124723","20160919","20240627","三達生活文創股份有限公司","SANDA LIFE CULTURAL AND CREATIVE CO., LTD.","苗栗縣竹南鎮竹南里12鄰民權街49-2號1至3樓","3 F., No. 49-2, Minquan St., 12th Neighborhood, Zhunan Vil., Zhunan Township, Miaoli County 35041, Taiwan (R.O.C.)","","037-674567","037-674567","無","無"
"45124842","20160718","20210813","德欣機械有限公司","TEH HSIN MACHINERY CO., LTD.","雲林縣古坑鄉廣濟路120號","No. 120, Guangji Rd., Gukeng Township, Yunlin County 64643, Taiwan (R.O.C.)","賴O正","05-5512856","05-5516561","有","有"
"45124857","20160714","20210814","上誼有限公司","BETTER UP CO., LTD.","雲林縣西螺鎮正興里光復西路82之1號2樓","2 F., No. 82-1, Guangfu W. Rd., Zhengxing Vil., Xiluo Township, Yunlin County 64851, Taiwan (R.O.C.)","楊O如","09-10475355","","有","有"
"45125011","20160721","20210815","沅甡貿易有限公司","DABAOBAO TRADE CO., LTD.","臺北市士林區中山北路6段148號1樓","1 F., No. 148, Sec. 6, Zhongshan N. Rd., Shilin Dist., Taipei City 11155, Taiwan (R.O.C.)","林O君","03-9653789","","有","有"
"45125048","20160721","20230720","萬宙貿易有限公司","UNI MILLENNIUM CORPORATION LIMITED","雲林縣虎尾鎮惠來里7鄰惠來117之8號1樓","1F., No. 117-8, Huilai, 7th Neighborhood, Huilai Vil., Huwei Township,  Yunlin County 632109, Taiwan (R.O.C.)","周O昌","0932557503","05-6225572","無","無"
"45125053","20161213","20210815","嘉億生技股份有限公司","ACORTY BIOTECHNOLOGY CO., LTD.","嘉義市西區溫州一街103號一樓","1 F., No. 103, Wenzhou 1st St., West Dist., Chiayi City 60061, Taiwan (R.O.C.)","王O云","05-2757668","05-2757779","有","有"
"45125130","20160720","20241025","良偉有限公司","LEON WELL INC.","臺北市中正區仁愛路2段25號5樓","5 F., No. 25, Sec. 2, Ren'ai Rd., Zhongzheng Dist., Taipei City 100026, Taiwan (R.O.C.)","高O茹","036683597","","有","有"
"45125194","20160831","20230627","見誠建材有限公司","CHIEN CHENG MATERIALS CO., LTD.","屏東縣九如鄉洽興村豐平路3之1號1樓","1F., No. 3-1, Fengping Rd., Qiaxing Vil., Jiuru Township,  Pingtung County 904009, Taiwan (R.O.C.)","蔡O雄","08-7759200","08-7759201","有","有"
"45125244","20160824","20230314","青田農業股份有限公司","CHING TIAN AGRICULTURE CO., LTD.","屏東縣九如鄉九明村衛武街59號","No. 59, Weiwu St., Jiuming Vil., Jiuru Township,  Pingtung County 904011, Taiwan (R.O.C.)","薛O睿","0956181216","07-2411825","有","有"
"45125265","20160818","20240808","台灣三維微結構技術股份有限公司","ABOUT MICROSTRUCTURE INC.","新竹市北區水田里東大路二段1號8樓之3","8F.-3, No. 1, Sec. 2, Dongda Rd., Shuitian Vil., North Dist., Hsinchu City 30054, Taiwan (R.O.C.)","","0928137827","","無","無"
"45125342","20160804","20210814","倖光國際有限公司","KOKO INTERNATIONAL CO., LTD.","彰化縣花壇鄉文德村溪南街216號1樓","1 F., No. 216, Xinan St., Huatan Township, Changhua County 50349, Taiwan (R.O.C.)","黃O祐","0988-118537","","有","有"
"45125413","20160727","20230111","邱氏沉香有限公司","Chiu-shin egglewood limited company","彰化縣員林市南平里南平街55號3樓","3 F., No. 55, Nanping St., Nanping Vil., Yuanlin City, Changhua County 510008, Taiwan (R.O.C.)","邱O瑋","04-8342447","04-8377670","無","無"
"45125504","20160722","20220928","孫金生物科技實業有限公司","iSun Technology LTD.","新竹市東區綠水里博愛街22巷11號4樓","4 F., No. 11, Ln. 22, Bo'ai St., Lushui Vil., East Dist., Hsinchu City 300040, Taiwan (R.O.C.)","林O勇","0937001688","03-5319110","有","有"
"45125531","20160810","20210813","力驊生物科技有限公司","LE HWA BIOTECH CO., LTD.","彰化縣溪州鄉尾厝村中通路215號1樓","1 F., No. 215, Zhongtong Rd., Xizhou Township, Changhua County 52441, Taiwan (R.O.C.)","湯O炥","04-8898253","","有","無"
"45125618","20161229","20240411","台灣以勒機械有限公司","TAIWAN YILE MACHINERY LTD","彰化縣永靖鄉永南村永西路150巷2號1樓","1 F., No. 2, Ln. 150, Yongxi Rd., Yongjing Township, Changhua County 51244, Taiwan (R.O.C.)","","04-8873808","04-8874811","無","無"
"45125672","20160809","20210815","萬嘉豐國際股份有限公司","1 + 4 INTERNATIONAL CORP.","新竹市康樂里東大路三段536號1樓","1 F., No. 536, Sec. 3, Dongda Rd., Kangle Vil., North Dist., Hsinchu City 30057, Taiwan (R.O.C.)","彭O豐","0903-366866","","無","無"
"45125687","20160804","20210813","金鴻海養殖器材有限公司","JIN HON HAI AQUATIC SUPPLIES CO., LTD.","屏東縣林邊鄉仁愛路76之5號1樓","1 F., No. 76-5, Ren’ai Rd., Linbian Township, Pingtung County 92741, Taiwan (R.O.C.)","柯O秋","07-6419262","","有","有"
"45125693","20191210","20231227","鍍鼎材料科技有限公司","DU DING TECHNOLOGY CO., LTD.","新竹市北區金華里光華二街11巷3-27號","No. 3-27, Ln. 11, Guanghua 2nd St., Jinhua Vil., North Dist., Hsinchu City 300080, Taiwan (R.O.C.)","張O輝","0958082839","","有","有"
"45125700","20160805","20210813","首美科技股份有限公司","SOULMACH TECHNOLOGIES CO., LTD","宜蘭縣員山鄉逸仙村大安路46號1樓","1 F., No. 46, Da’an Rd., Yuanshan Township, Yilan County 26444, Taiwan (R.O.C.)","簡O華","03-9231769","03-9231759","有","有"
"45125743","20160803","20230701","松雅堂茶業有限公司","SONG YA TANG TEA CO., LTD.","南投縣名間鄉松山村名松路二段447號1樓","1F., No. 447, Sec. 2,  Mingsong Rd., Songshan Vil., Mingjian Township,  Nantou County 551004, Taiwan (R.O.C.)","","049-2582476","049-2580476","無","無"
"45125791","20180903","20250321","台鋼資源股份有限公司","Taiwan Steel Resources Co., Ltd.","彰化縣伸港鄉彰濱西五路18號","No. 18, Zhangbin W. 5th Rd., Shengang Township, Changhua County 509, Taiwan (R.O.C.)","林O翔","04-7910502","04-7910511","有","有"
"45125808","20231020","20231020","香格船帆石育樂有限公司","Shangri sail stone Education CO., LTD.","屏東縣恆春鎮船帆路860巷99號","No. 99, Ln. 860, Chuanfan Rd., Hengchun Township, Pingtung County 946004, Taiwan (R.O.C.)","張O輔","08-8851969","08-8851028","有","有"
"45125820","20160721","20220708","阿皂屋科技股份有限公司","BUBBLE CARE INNOVATION CO., LTD.","臺中市西區民龍里文化街156號地下層之1、2","No. 156, Wenhua St., Minlong Vil., West Dist., Taichung City 403009, Taiwan (R.O.C.)","林O素蕙","0937-228136","04-23398908","有","有"
"45126047","20180123","20220802","四方動力車業有限公司","SIH FANG DONG LI MOTORCYCLE CO., LTD.","新竹市聖軍路132號12樓之1","12F.-1, No. 132, Shengjun Rd., North Dist., Hsinchu City 30058, Taiwan (R.O.C.)","彭O亷","0933266277","0423163535","有","有"
"45126068","20160725","20210814","象牌床業有限公司","TAIWAN ELEPHANT MATTRESS CO., LTD.","彰化縣埔鹽鄉永樂村永樂路350號","No. 350, Yongle Rd., Puyan Township, Changhua County 51645, Taiwan (R.O.C.)","林O宇","04-8653477","04-8659767","有","有"
"45126089","20170609","20210814","多思科技有限公司","MULTI-D TECHNOLOGY CO., LTD.","苗栗縣竹南鎮維新路265號1樓","1 F., No. 265, Weixin Rd., Zhunan Township, Miaoli County 35056, Taiwan (R.O.C.)","譚O茵","037-582795","035-167190","有","有"
"45126145","20220816","20220816","學服有限公司","XUE FU LTD.","新竹縣湖口鄉信義村成功路419之6號1樓","1 F., No. 419-6, Chenggong Rd., Hukou Township, Hsinchu County 303119, Taiwan (R.O.C.)","劉O廷","0921787243","","有","有"
"45126172","20160823","20211005","安晴電子商務有限公司","ANQUEEN CO., LTD.","苗栗縣苗栗市文聖里3鄰橫車路332巷152弄9號1樓","1 F., No. 9, Aly. 152, Ln. 332, Hengche Rd., 3rd Neighborhood, Wensheng Vil., Miaoli City, Miaoli County 36045, Taiwan (R.O.C.)","謝O光","037-366033","","有","有"
"45126200","20170619","20210813","立珵電動車有限公司","LI CHENG ELECTRIC VEHICLE CO., LTD.","苗栗縣三義鄉勝興村16鄰二十份407號","No. 407, Ershifen, 16th Neighborhood, Sanyi Township, Miaoli County 36742, Taiwan (R.O.C.)","劉O玄","037-874620","","有","有"
"45126264","20160822","20210813","德誼先進材料有限公司","SERVIND TAIWAN CO., LTD.","桃園市大園區橫峰里橫湳路181號","No. 181, Hengnan Rd., Hengfeng Vil., Dayuan Dist., Taoyuan City 33743, Taiwan (R.O.C.)","徐O國","03-3858962","","有","有"
"45126270","20240612","20240612","威碩機電有限公司","WEI SHUO MECHATRONIC CO., LTD.","基隆市安樂區武嶺街307號1樓之1","1 F.-1, No. 307, Wuling St., Anle Dist., Keelung City 204007, Taiwan (R.O.C.)","蔡O芷","02-24346910","02-24335620","有","有"
"45126285","20160913","20230726","木查喀顧問有限公司","MUCHAKA CONSULTANTS CO., LTD.","新竹縣竹北市中興里嘉豐六路1段93號2樓","2 F., No. 93, Sec. 1, Jiafeng 6th Rd., Zhongxing Vil., Zhubei City, Hsinchu County 302052, Taiwan (R.O.C.)","樊O志","","","有","有"
"45126341","20180323","20210815","和宸物聯網有限公司","HE CHEN IoT CO., LTD.","南投縣集集鎮和平里初中一街339號1樓","1 F., No. 339, Chuzhong 1st St., Heping Vil., Jiji Township, Nantou County 55241, Taiwan (R.O.C.)","陳O達","0933522479","049-2240582","有","有"
"45126362","20211103","20211103","強霖電子有限公司","Chiangleen Electronic Ltd.","新竹市北區四維路130號9樓之8","9F.-8, NO. 130, SIWEI RD., NORTH DIST., HSINCHU CITY 30046, TAIWAN (R.O.C.)","賴O民","0922905118","03-5283211","有","有"
"45126546","20170615","20210812","鴻昇科技有限公司","XIN HONG SHENG TECHNOLOGY CO., LTD.","雲林縣元長鄉客厝村客厝路4號1樓","1 F., No. 4, Kecuo, Yuanzhang Township, Yunlin County 65543, Taiwan (R.O.C.)","高O雲","06-2820741","","有","有"
"45126551","20160720","20220413","蕃薯藤社會企業有限公司","ICSA SOCIAL ENTERPRISE LTD.","新竹縣竹東鎮二重里明星路214之2號五樓","5 F., No. 214-2, Mingxing Rd., Erchong Vil., Zhudong Township, Hsinchu County 31055, Taiwan (R.O.C.)","陳O然","0955-132535","","有","有"
"45126567","20160811","20210814","麥斯皮件有限公司","MAX SUITCASE CO., LTD.","南投縣埔里鎮中正路154之8號","No. 154-8, Zhongzheng Rd., Puli Township, Nantou County 54550, Taiwan (R.O.C.)","鄭O明","049-2987492","049-2991220","有","有"
"45126665","20160729","20210813","草木人生物科技有限公司","CAOMUREN BIOTECH CO., LTD.","苗栗縣通霄鎮通西里29鄰信義路35號","No. 35, Xinyi Rd., 29th Neighborhood, Tongxi Vil., Tongxiao Township, Miaoli County 35741, Taiwan (R.O.C.)","吳O","037-764533","","有","有"
"45126671","20160725","20210813","翊富自動科技有限公司","YIFU AUTOMATION TECHNOLOGY CO., LTD.","宜蘭縣冬山鄉清溝村永安路258巷10號1樓","1 F., No. 10, Ln. 258, Yong’an Rd., Dongshan Township, Yilan County 26945, Taiwan (R.O.C.)","陳O語","0939-820422","03-9610061","有","有"
"45126686","20160721","20250121","悅通系統有限公司","Apotech system CO., LTD.","桃園市楊梅區中山北路一 段199巷83號","No. 83, Ln. 199, Sec. 1, Zhongshan N. Rd., Yangmei Dist., Taoyuan City 326021, Taiwan (R.O.C.)","官O昌","","","有","有"
"45126709","20160726","20230111","台灣英澤國際貿易有限公司","TAIWAN YINGZE INTERNATIONAL TRADE CO., LTD.","臺中市中區綠川里綠川西街135號12樓之1","12 F.-1, No. 135, Luchuan W. St., Luchuan Vil., Central Dist., Taichung City 400630, Taiwan (R.O.C.)","邱O堯","03-9546812","","有","有"
"45126757","20171121","20210813","川東實業有限公司","SENTOU INDUSTRY CO., LTD.","苗栗縣苑裡鎮山柑里山柑100之5號","No. 100-5, Shangan, Shangan Vil., Yuanli Township, Miaoli County 35873, Taiwan (R.O.C.)","李O諭","0908819168","04-25611615","有","有"
"45126813","20170418","20230111","權健國際貿易有限公司","CHUAN JIEN INTERNATIONAL TRADE CO., LTD","臺中市北區新北里尊賢街7號14樓","14 F., No. 7, Zunxian St., Xinbei Vil., North Dist., Taichung City 404009, Taiwan (R.O.C.)","吳O華","048-397618","","無","無"
"45126855","20170322","20210814","唯修科技有限公司","WEIXIU MAINTAIN TECHNOLOGY CORPORATION","新竹市北區武陵里鐵道路二段435號","No. 435, Sec. 2, Tiedao Rd., Wuling Vil., North Dist., Hsinchu City 30054, Taiwan (R.O.C.)","張O忠","03-5316873","03-5317976","有","有"
"45126877","20170118","20210812","妍妍國際有限公司","YONG HAI TECHNOLOGY CO., LTD.","嘉義縣朴子市大葛里21鄰大槺榔152-101號1樓","1 F., No. 152-101, 21th Neighborhood, Dage Vil., Puzi City, Chiayi County 613, Taiwan (R.O.C.)","涂O蓁","05-3801138","05-3800318","有","有"
"45126882","20160725","20210815","精化科技股份有限公司","Genchem Technology Co., Ltd.","臺中市沙鹿區興仁里沙田路86號","No. 86, Shatian Rd., Xingren Vil., Shalu Dist., Taichung City 43353, Taiwan (R.O.C.)","賴O宇","03-5506161","","有","有"
"45126932","20160902","20250603","侑酆貿易有限公司","YOU-FONG FOODS TRADING CO., LTD.","屏東縣內埔鄉豐田村延平路５２巷６１號２樓","２F., No. 61, Ln. 502, Yanping Rd., Fengtian Vil., Neipu Township,  Pingtung County , Taiwan (R.O.C.)","張O炫","08-7789366","","有","有"
"45126953","20210615","20210813","百連香國際有限公司","BAI LIAN XIANG International Co., Ltd.","南投縣名間鄉松柏村名松路二段298巷7號1樓","1 F., No. 7, Ln. 298, Sec. 2, Mingsong Rd., Mingjian Township, Nantou County 55144, Taiwan (R.O.C.)","連O民","049-22582283","","有","有"
"45127025","20190103","20210813","定裕股份有限公司","Dingyu SOLAR CO., LTD.","新竹縣竹北市復興二路193號3樓之1","3F.-1, No. 193, Fuxing 2nd Rd., Zhubei City, Hsinchu County 30271, Taiwan (R.O.C.)","游O澤","03-5181686","03-5181196","有","有"
"45127088","20220401","20220401","法濃國際有限公司","Faron International Co., Ltd.","屏東縣潮州鎮三德路25號3樓之7","3F.-7, NO. 25, SANDE RD., CHAOZHOU TOWNSHIP, PINGTUNG COUNTY 92048, TAIWAN (R.O.C.)","許O銘","07-3230598","","有","有"
"45127144","20170306","20240310","新天恩堂食品有限公司","NEW TEN IN TANG FOOD CO., LTD.","嘉義市西區北湖里北港路528號1樓","1 F., No. 528, Beigang Rd., Beihu Vil., West Dist., Chiayi City 60096, Taiwan (R.O.C.)","","05-2309808","05-2309808","無","無"
"45127171","20160727","20240126","新飛國際股份有限公司","HSIN-FEI INTERNATIONAL CO., LTD.","新竹市東區公園里東大路一段16號2樓","2 F., No. 16, Sec. 1, Dongda Rd., Gongyuan Vil., East Dist., Hsinchu City 300040, Taiwan (R.O.C.)","高O士","0963-509093","","有","有"
"45127192","20160725","20230527","湛雲國際股份有限公司","ZEN YUN GLOBAL INC.","新竹縣竹北市隘口里高鐵七路65號3樓之8","3 F.-8, No. 65, Gaotie 7th Rd., Aikou Vil., Zhubei City, Hsinchu County 302058, Taiwan (R.O.C.)","周O禮","03-5752776","","有","有"
"45127209","20191125","20210814","普羅克企業有限公司","PROK CO., LTD.","桃園市龜山區大同里大同路406號3樓","3 F., No. 406, Datong Rd., Datong Vil., Guishan Dist., Taoyuan City 33352, Taiwan (R.O.C.)","李O賢","03-3290056","03-3290152","有","有"
"45127215","20200806","20230819","嘉欣企業有限公司","TOPMIC CO., LTD.","新竹縣新豐鄉後湖村十一股18-2號","No. 18-2, Shiyigu, Xinfeng Township, Hsinchu County 304123, Taiwan (R.O.C.)","范O圓","03-5686468","03-5686856","有","有"
"45127263","20171205","20210812","豪升有限公司","HAOSHENG-HC CO., LTD.","新竹縣湖口鄉鳳山村勝利路二段191號","No. 191, Sec. 2, Shengli Rd., Hukou Township, Hsinchu County 30350, Taiwan (R.O.C.)","劉O維","03-5973308","03-5973602","有","有"
"45127279","20160810","20241031","陽宏材料科技有限公司","YANGHONG MATERIALS TECHNOLOGY CO., LTD.","桃園市平鎮區平興里崇義三街26號(1樓)","1 F., No. 26, Chongyi 3rd St., Pingxing Vil., Pingzhen Dist., Taoyuan City 324013, Taiwan (R.O.C.)","陳O坤","03-5308925","","有","有"
"45127290","20211018","20220111","雷神工業有限公司","NASER Industrial CO.,Ltd","新竹市香山區樹下里樹下街198巷51號(1樓)","5F., NO. 707, SEC. 2, WUFU RD., XIANGSHAN DIST., HSINCHU CITY 30012, TAIWAN (R.O.C.)","林O文","0933953995","","有","有"
"45127355","20160819","20220630","詠德科技電子有限公司","YONG DE TECHNOLOGY CO., LTD.","新北市板橋區松柏街1巷4號4樓","4 F., No. 4, Ln. 1, Songbo St., Banqiao Dist., New Taipei City 220017, Taiwan (R.O.C.)","蕭O瑋","0923622627","04-26394476","有","有"
"45127361","20160910","20210814","國迪有限公司","GODI COMPANY LTD.","新竹縣竹北市縣政二十路84號","No. 84, Xianzheng 20th Rd., Zhubei City, Hsinchu County 30269, Taiwan (R.O.C.)","何O曲","03-5516056","03-5516700","有","有"
"45127405","20160726","20230120","福升堂貿易有限公司","BLESSED WORLD TRADING CO., LTD.","彰化縣員林市三信里中山路2段363號","No. 363, Sec. 2, Zhongshan Rd., Sanxin Vil., Yuanlin City, Changhua County 510009, Taiwan (R.O.C.)","羅O誠","04-8337295","04-8394225","無","無"
"45127469","20170216","20210814","蓓雅國際有限公司","BACKYARD INTERNATIONAL CO., LTD.","新竹縣竹北市竹北里博愛街507號","No. 507, Bo’ai St., Zhubei Vil., Zhubei City, Hsinchu County 30265, Taiwan (R.O.C.)","陳O宗","03-5512027","","無","無"
"45127496","20160727","20210814","高鋒實業有限公司","FORMOSA TOPEAK ENTERPRISE CO., LTD.","彰化縣彰化市東芳里永芳路399巷18之2號1樓","1 F., No. 18-2, Ln. 399, Yongfang Rd., Dongfang Vil., Changhua City, Changhua County 50086, Taiwan (R.O.C.)","蕭O靜","04-7519711","","有","有"
"45127502","20201204","20220719","鑫準生技股份有限公司","NANOKEMY CO., LTD.","嘉義市東區興安里大業街176巷14弄45號1樓","1 F., No. 45, Aly. 14, Ln. 176, Daye St., Xing’an Vil., East Dist., Chiayi City 600, Taiwan (R.O.C.)","黃O豪","0920-372915","","有","有"
"45127518","20160801","20241115","為昇科科技股份有限公司","CUBTEK INC.","新竹縣竹北市台元街38號6樓之7","6 F.-7, No. 38, Taiyuan St., Zhubei City, Hsinchu County 302082, Taiwan (R.O.C.)","黃O媛","","","有","有"
"45127550","20170413","20230205","東北角海洋食品科技股份有限公司","GREEN FUTURE BIOTECHNOLOGY COMPANY LIMITED","宜蘭縣宜蘭市文化里神農路一段41號4樓","4F., No. 41, Sec. 1,  Shennong Rd., Wenhua Vil., Yilan City,  Yilan County 260, Taiwan (R.O.C.)","黃O章","","","無","無"
"45127566","20160726","20210814","瑞達起重工程有限公司","RUEI DA CRANE ENGINEERING CO., LTD.","新竹縣新豐鄉山崎村新興路327號","No. 327, Xinxing Rd., Xinfeng Township, Hsinchu County 30442, Taiwan (R.O.C.)","張O維","03-5594701","","有","有"
"45127593","20180308","20221028","垣廷有限公司","Yuan Ting Co., LTD.","苗栗縣頭屋鄉獅潭村15鄰億興街26號","No. 26, Yixing St., 15th Neighborhood, Shitan Vil., Touwu Township,  Miaoli County 362003, Taiwan (R.O.C.)","鄧O瀧","","","有","有"
"45127600","20160728","20210815","宥溏有限公司","YUU-TANG COMPANY LIMITED","臺北市大安區忠孝東路4段295號3樓","3 F., No. 295, Sec. 4, Zhongxiao E. Rd., Da’an Dist., Taipei City 10696, Taiwan (R.O.C.)","陳O穗","02-24329822","","有","有"
"45127622","20170313","20210815","穎達貿易有限公司","FINE & BRIGHT TRADING LTD","南投縣南投市內興里光明南路45號2樓","2 F., No. 45, Guangming S. Rd., Neixing Vil., Nantou City, Nantou County 54041, Taiwan (R.O.C.)","曾O宜","049-2315449","049-2335449","有","有"
"45127637","20230901","20230901","鈺峰園科技有限公司","TriplE Technologies INC.","新竹縣竹東鎮中山里10鄰東寧路二段43號1樓","1 F., No. 43, Sec. 2, Dongning Rd., 10th Neighborhood, Zhongshan Vil., Zhudong Township, Hsinchu County 310006, Taiwan (R.O.C.)","彭O騏","0919257222","","有","有"
"45127714","20190729","20210814","鋐達重機械有限公司","Yuda Heavy Machinery Co., Ltd.","雲林縣麥寮鄉橋頭村橋頭259-2號1樓","1 F., No. 259-2, Qiaotou, Mailiao Township, Yunlin County 63864, Taiwan (R.O.C.)","許O崇","0932598733","","有","有"
"45127735","20230612","20230612","旭晨綠能開發股份有限公司","RISING-SUN GREENERGY CO., LTD.","苗栗縣頭份市東庄里19鄰昌隆一街1號1樓","1 F., No. 1, Changlong 1st St., 19th Neighborhood, Dongzhuang Vil., Toufen City, Miaoli County 351441, Taiwan (R.O.C.)","林O柔","037-466775","037-466005","有","有"
"45127762","20160728","20210814","儀銳實業有限公司","OCTOPUS TECHNOLOGY, LTD.","新竹縣竹北市竹北里台元二街6號8樓之一","8F.-1, No. 6, Taiyuan 2nd St., Zhubei Vil., Zhubei City, Hsinchu County 30288, Taiwan (R.O.C.)","陳O賢","03-6683396","03-6683397","有","有"
"45127860","20170324","20240103","雅緻莊園國際有限公司","ELEGANT VILLA INTERNATIONAL CO., LTD.","新北市中和區興南路1段73巷8號","No. 8, Ln. 73, Sec. 1, Xingnan Rd., Zhonghe Dist., New Taipei City 235049, Taiwan (R.O.C.)","曾O迪","03-6573667","","無","無"
"45127881","20191127","20221203","丞砡有限公司","CHENG YU JEWELRY & JADE CO., LTD.","花蓮縣新城鄉嘉新村嘉南路57之1號一樓","1F., No. 57-1, Jianan Rd., Jiaxin Vil., Xincheng Township,  Hualien County 971024, Taiwan (R.O.C.)","陳O福","03-8232063","03-8235321","有","有"
"45127897","20200316","20231102","敏雄技術工業有限公司","MING YONG INNOVATION INC.","新竹縣芎林鄉上山村光復街167號一樓","1 F., No. 167, Guangfu St., Qionglin Township, Hsinchu County 30745, Taiwan (R.O.C.)","彭O玲","03-5923568","","有","有"
"45127926","20190808","20230513","米佳佳國際貿易有限公司","MIKAKA international trading Co., Ltd.","臺中市北屯區三光里九龍街78巷9號13樓","13 F., No. 9, Ln. 78, Jiulong St., Sanguang Vil., Beitun Dist., Taichung City 406009, Taiwan (R.O.C.)","董O威","02-24563312","","無","無"
"45127947","20210603","20210813","宥群企業有限公司","You-Cyun Enterprise Co. Ltd","彰化縣田尾鄉正義村光復路三段435巷29號1樓","1 F., No. 29, Ln. 435, Sec. 3, Guangfu Rd., Tianwei Township, Changhua County 52250, Taiwan (R.O.C.)","王O章","04-8837490","","有","有"
"45128039","20160728","20210813","益琮股份有限公司","TSR CO., LTD.","彰化縣花壇鄉永春村001鄰福德巷28弄9-1號2樓","2 F., No. 9-1, Aly. 28, Fude Ln., Yongchun Vil., 1st Neighborhood, Huatan Township, Changhua County 50345, Taiwan (R.O.C.)","陳O忠","04-7863546","04-7877058","有","有"
"45128050","20160926","20210813","金永山實業有限公司","GOLDEN WIREMASTER CO., LTD.","彰化縣埤頭鄉中和村彰水路一段426號3樓","3 F., No. 426, Sec. 1, Zhangshui Rd., Pitou Township, Changhua County 52342, Taiwan (R.O.C.)","鄭O講","","","有","有"
"45128072","20170929","20230214","安心環球有限公司","ANSIN GLOBAL CO., LTD","彰化縣員林市三愛里建國路229巷25號1樓","1 F., No. 25, Ln. 229, Jianguo Rd., San’ai Vil., Yuanlin City, Changhua County 510020, Taiwan (R.O.C.)","蕭O玲","04-8737323","","無","無"
"45128116","20160727","20250320","敦捷光電股份有限公司","FOCALTECH SMART SENSORS CO., LTD.","新竹縣竹北市中興里高鐵二路32號8樓之1、之2","8 F.-1, No. 32, Gaotie 2nd Rd., Zhongxing Vil., Zhubei City, Hsinchu County 302052, Taiwan (R.O.C.)","","03-6672758","","無","無"
"45128137","20160805","20210814","海八珍有限公司","HAI BA ZHEN CO., LTD.","新竹市東區食品路27號9樓之12","9F.-12, No. 27, Shipin Rd., East Dist., Hsinchu City 30062, Taiwan (R.O.C.)","廖O偉","0921-082661","03-5160208","有","有"
"45128158","20170425","20220609","渴飛股份有限公司","COFFREEDOM CO., LTD.","桃園市龍潭區高平里高楊南路384號","No. 384, Gaoyang S. Rd., Gaoping Vil., Longtan Dist., Taoyuan City 325004, Taiwan (R.O.C.)","賴O杰","037-586771","","有","有"
"45128235","20160801","20210815","聯竣實業有限公司","LIAN JUN INDUSTRIAL CO., LTD.","彰化縣芳苑鄉漢寶村芳漢路漢二段231巷臨48號","No. 48, Ln. 231, Han Sec. 2, Fanghan Rd., Fangyuan Township, Changhua County 52863, Taiwan (R.O.C.)","凃O宏","04-7767341","04-7768664","有","有"
"45128397","20171011","20210813","億山重機械有限公司","E-SHAN HEAVY MACHINERY CO., LTD.","嘉義市西區磚磘里玉康路403號1樓","1 F., No. 403, Yukang Rd., West Dist., Chiayi City 60089, Taiwan (R.O.C.)","葉O村","05-2354884","05-2362141","有","有"
"45128426","20170504","20230509","依納爵科技管理顧問股份有限公司","IGNATIUS ASSET MANAGEMENT LTD.","臺北市中山區民生東路2段143號8樓","8 F., No. 143, Sec. 2, Minsheng E. Rd., Zhongshan Dist., Taipei City 104473, Taiwan (R.O.C.)","蘇O瑩","02-27053608","02-27053607","有","有"
"45128468","20160729","20221206","世界第一有限公司","WORLD PREMIER LTD.","嘉義市西區美源里杭州三街25號1樓","1 F., No. 25, Hangzhou 3rd St., Meiyuan Vil., West Dist., Chiayi City 600030, Taiwan (R.O.C.)","施O元","05-2837707","","有","有"
"45128489","20160922","20210814","禾聖農產有限公司","HE SHENG FARM COMMODITIES CO., LTD.","新北市泰山區楓樹街31號(1樓)","1 F., No. 31, Fengshu St., Taishan Dist., New Taipei City 24357, Taiwan (R.O.C.)","陳O鑫","05-5872583","04-23272959","有","有"
"45128559","20230808","20230808","宸彬有限公司","CHENBING CHEMICAL CO., LTD.","彰化縣彰化市東芳里永芳路612號1樓","1 F., No. 612, Yongfang Rd., Dongfang Vil., Changhua City, Changhua County 500046, Taiwan (R.O.C.)","郭O謹","0906510505","","有","有"
"45128565","20161110","20230919","炳碩生醫股份有限公司","POINT ROBOTICS MEDTECH INC.","新竹科學園區新竹縣竹北市生醫路二段130號5樓","5 F., No. 130, Sec. 2, Shengyi Rd., Zhubei City, Hsinchu County 302058, Taiwan (R.O.C.)","莊O誠","03-6670246","","有","有"
"45128571","20160811","20241026","藍傑有限公司","BLUE ACE CORPORATION","基隆市中正區和一路２２４號","No. 224, He 1st Rd., Zhongzheng Dist., Keelung City 202009, Taiwan (R.O.C.)","陳O彰","02-24637146","","有","有"
"45128621","20160920","20231005","碩利科技有限公司","5-SOLIDTEK CO., LTD.","苗栗縣竹南鎮開元路759巷12弄28號","No. 28, Aly. 12, Ln. 759, Kaiyuan Rd., Zhunan Township, Miaoli County 35046, Taiwan (R.O.C.)","","037-552816","037-551108","無","無"
"45128657","20160816","20230219","騏宏新能源科技有限公司","CHITRON ELECTRIC PROPULSION TECHNOLOGY LIMITED CORPORATION","桃園市中壢區中建里延平路500號10樓之2","10 F.-2, No. 500, Yanping Rd., Zhongjian Vil., Zhongli Dist., Taoyuan City 320061, Taiwan (R.O.C.)","潘O川","03-5601576","03-5601575","無","無"
"45128713","20160830","20210813","協金貿易有限公司","ASSIST GOLD TRADING CO., LTD.","彰化縣二水鄉倡和村員集路一段410號","No. 410, Sec. 1, Yuanji Rd., Ershui Township, Changhua County 53041, Taiwan (R.O.C.)","王O陣","049-2258856","","有","有"
"45128740","20210927","20230105","鴻梅文創志業股份有限公司","Grand Vision Co., Ltd.","新竹市北區大同里中央路75號","No. 75, Zhongyang Rd., Datong Vil., North Dist., Hsinchu City 300005, Taiwan (R.O.C.)","陳O順","03-52520753","035250756","有","有"
"45128827","20160808","20210813","迦康實業股份有限公司","HEALTHCARE PLUS CO., LTD.","新竹縣竹北市中興里嘉豐十一路一段100號12樓之3","12F.-3, No. 100, Sec. 1, Jiafeng 11th Rd., Zhongxing Vil., Zhubei City, Hsinchu County 30273, Taiwan (R.O.C.)","魏O來","03-6579167","03-6589437","有","有"
"45128853","20160805","20210814","禾蛋蛋品股份有限公司","OK EGGS CO., LTD.","嘉義縣大林鎮中坑里沙崙234之88號","No. 234-88, Shalun, Zhongkeng Vil., Dalin Township, Chiayi County 62248, Taiwan (R.O.C.)","胡O鑫","05-2956353","","有","有"
"45128880","20160815","20250520","富邑科技有限公司","FU-E TECHNOLOGY CO., LTD.","新竹縣竹東鎮北興路三段523號","No. 523, Sec. 3, Beixing Rd., Zhudong Township, Hsinchu County 31048, Taiwan (R.O.C.)","陳O明","03-5959300","03-5959400","有","有"
"45128994","20160906","20210815","光振五金有限公司","LIGHT VIBRATION HARDWARE CO., LTD.","彰化縣和美鎮糖友里菊東路111號1樓","1 F., No. 111, Judong Rd., Tangyou Vil., Hemei Township, Changhua County 50856, Taiwan (R.O.C.)","吳O源","04-7368436","","有","有"
"45129023","20160815","20210814","新晨微科技有限公司","SUNRISE WELL TECHNOLOGY CO., LTD.","新竹市北區水田里中正路182號2樓之5","2F.-5, No. 182, Zhongzheng Rd., Shuitian Vil., North Dist., Hsinchu City 30051, Taiwan (R.O.C.)","黃O詔","03-6579833","","有","有"
"45129059","20161117","20210814","偉思國際有限公司","GLUCK-WIN INTERNATIONAL LIMITED COMPANY","雲林縣斗六市鎮西里永昌西街253巷6號1樓","1 F., No. 6, Ln. 253, Yongchang W. St., Zhenxi Vil., Douliu City, Yunlin County 64041, Taiwan (R.O.C.)","詹O憲","05-5345861","","無","無"
"45129071","20200528","20230620","竹山日香食品股份有限公司","ZHUSHAN   JIH   HSIANG   FOOD   CO.,LTD","南投縣竹山鎮延平里延平路14號","No. 14, Yanping Rd., Yanping Vil., Zhushan Township, Nantou County 557012, Taiwan (R.O.C.)","吳O充","049-2647924","049-2643610","有","有"
"45129086","20220608","20221222","昱呈精密有限公司","YU CHENG PRECISION INDUSTRY CO.,LTD.","彰化縣鹿港鎮頂番里彰頂路35巷5號、7號","No. 5, Ln. 35, Zhangding Rd., Dingfan Vil., Lukang Township, Changhua County 505021, Taiwan (R.O.C.)","張O揚","04-7712256","04-7715676","有","有"
"45129092","20180514","20210815","舒優特國際有限公司","SHU YOU TE International Co., Ltd.","嘉義縣新港鄉古民村古民1-62號1樓","1 F., No. 1-62, Gumin, Xingang Township, Chiayi County 61641, Taiwan (R.O.C.)","洪O山","05-3746500","05-3746500","有","有"
"45129115","20161005","20220806","識芯科技有限公司","MetaSoft TECHNOLOGY CO., LTD.","臺北市中山區松江路111號地下1樓","1 F., No. 111, Songjiang Rd., Zhongshan Dist., Taipei City 104495, Taiwan (R.O.C.)","賴O本","0918968031","","有","有"
"45129121","20161004","20250205","全貿工業有限公司","CHUAN MAO INDUSTRIAL CO., LTD.","彰化縣員林市萬年里大饒路546號","No. 546, Darao Rd., Wannian Vil., Yuanlin City, Changhua County 510036, Taiwan (R.O.C.)","鄧O鴻","04-8723755","04-8736110","有","有"
"45129136","20170315","20230616","泰揚機械工業有限公司","TAII YANG MACHINERY INDUSTRIAL CO., LTD.","嘉義縣太保市麻寮里19鄰麻太路98巷58號一樓","1 F., No. 58, Ln. 98, Matai Rd., 19th Neighborhood, Maliao Vil., Taibao City, Chiayi County 612012, Taiwan (R.O.C.)","林O彥","037-550333","037-550505","有","有"
"45129179","20180104","20210813","台灣創新帆布有限公司","TAIWAN INNOVATION CANVAS CO., LTD.","基隆市中山區中和路85巷21號11樓之1","11F.-1, No. 21, Ln. 85, Zhonghe Rd., Zhongshan Dist., Keelung City 20347, Taiwan (R.O.C.)","黃O涵","03-4825795","","有","有"
"45129213","20190723","20220730","文献有限公司","Wide Shore Co., LTD.","彰化縣員林市新生里新義街103號一樓","1 F., No. 103, Xinyi St., Xinsheng Vil., Yuanlin City, Changhua County 510018, Taiwan (R.O.C.)","劉O惠","04-8357222","","有","無"
"45129234","20190325","20210813","源助食品有限公司","Yuan Ju Food CO., LTD.","新竹市北區延平路一段317巷43號1樓","1 F., No. 43, Ln. 317, Sec. 1, Yanping Rd., North Dist., Hsinchu City 30048, Taiwan (R.O.C.)","曾O源","03-5303059","03-5382328","無","無"
"45129261","20160930","20230926","喜仕達科技有限公司","XI SHI DA (XSD) TECHNOLOGY CO., LTD.","花蓮縣花蓮市民政里中興路225號1樓","1 F., No. 225, Zhongxing Rd., Minzheng Vil., Hualien City, Hualien County 970022, Taiwan (R.O.C.)","","03822079","038239508","無","無"
"45129277","20161102","20221108","杉智能源有限公司","SANCHI ENERGY CO., LTD.","嘉義縣梅山鄉中山路86號","No. 86, Zhongshan Rd., Meishan Township, Chiayi County 60341, Taiwan (R.O.C.)","吳O貿","05-2750312","","有","有"
"45129282","20161122","20210813","冠穎有限公司","KUANYING HARDWARE CO., LTD.","雲林縣斗六市保庄里保源六街27之2號1樓","1 F., No. 27-2, Baoyuan 6th St., Baozhuang Vil., Douliu City, Yunlin County 64058, Taiwan (R.O.C.)","陳O娟","0928366587","","有","有"
"45129332","20180712","20210814","愛司有限公司","Ace NT Limited","新北市林口區忠孝路376巷8號12樓","12 F., No. 8, Ln. 376, Zhongxiao Rd., Linkou Dist., New Taipei City 24447, Taiwan (R.O.C.)","黃O樺","03-5517079","03-553-2153","有","有"
"45129353","20160329","20210813","阿爾多實業有限公司","ALDOPO CO.","高雄市仁武區仁山街23巷15號1樓","1 F., No. 15, Ln. 23, Renshan St., Renwu Dist., Kaohsiung City 81463, Taiwan (R.O.C.)","鄭O駿","0929430412","","無","無"
"45129425","20160725","20221103","直行科技股份有限公司","DECLO TECHNOLOGY CO., LTD.","高雄市苓雅區海邊路65號5樓之1","5 F.-1, No. 65, Haibian Rd., Lingya Dist., Kaohsiung City 802605, Taiwan (R.O.C.)","郭O庭","07-2815035","07-2818916","無","無"
"45129467","20160706","20240129","克睿士科技股份有限公司","KEREX INFORMATION & TECHNOLOGIES CO., LTD.","高雄市左營區崇實路188巷16號1樓","1 F., No. 16, Ln. 188, Chongshi Rd., Zuoying Dist., Kaohsiung City 81348, Taiwan (R.O.C.)","許O瑋","07-5330389","07-5330377","有","有"
"45129522","20190104","20210812","茂森運動行銷有限公司","MAO-SEN SPORTS MARKETING CO., LTD.","高雄市苓雅區四維四路2號9樓之5","9F.-5, No. 2, Siwei 4th Rd., Lingya Dist., Kaohsiung City 80247, Taiwan (R.O.C.)","李O儒","07-5362793","07-5362765","無","無"
"45129537","20160406","20230317","采玥企業有限公司","TSAI YUEH ENTERPRISE CO., LTD.","高雄市仁武區大智路55號","No. 55, Dazhi Rd., Renwu Dist., Kaohsiung City 814027, Taiwan (R.O.C.)","黃O典","07-3721119","07-3759562","無","無"
"45129558","20170525","20230111","亞利安那實業有限公司","ARIANA ENTERPRISES CO.","高雄市左營區重平路3號12樓","12 F., No. 3, Chongping Rd., Zuoying Dist., Kaohsiung City 813541, Taiwan (R.O.C.)","韓O世KHANRASHID","0927-736-672","","有","有"
"45129608","20220621","20220621","維攀微科技有限公司","WPM TECHNOLOGY CO., LTD.","新北市新莊區新泰路305巷62號4樓之1","4 F.-1, No. 62, Ln. 305, Xintai Rd., Xinzhuang Dist., New Taipei City 242005, Taiwan (R.O.C.)","柯O隆","03-3168995","","有","有"
"45129614","20170118","20210814","沃雅生技股份有限公司","WOYA BIO-TECHNOLOGY CO., LTD.","高雄市前鎮區新衙路286號6樓之3","6F.-3, No. 286, Xinya Rd., Cianjhen Dist., Kaohsiung City 80673, Taiwan (R.O.C.)","林O吉","07-8213238","07-8210881","有","有"
"45129683","20161122","20221228","春木國際有限公司","SPRINGTREE BOUTIQUE INTERNATIONAL TRADING CO., LTD.","高雄市鼓山區明華路253號13樓","13 F., No. 253, Minghua Rd., Gushan Dist., Kaohsiung City 804605, Taiwan (R.O.C.)","楊O欽","07-5536688","07-3353557","無","無"
"45129797","20160401","20221212","橡果國際文教有限公司","ACORN INTERNATIONAL CONSULTING LTD.","高雄市鳳山區新康街156號7樓","7 F., No. 156, Xinkang St., Fengshan Dist., Kaohsiung City 830514, Taiwan (R.O.C.)","鍾O珈","0988-207661","","無","無"
"45129852","20160414","20210815","台灣健康美學有限公司","TAIWAN HEALTH AESTHETICS LTD.","高雄市左營區太原街80巷25號","No. 25, Ln. 80, Taiyuan St., Zuoying Dist., Kaohsiung City 81366, Taiwan (R.O.C.)","李O騰","07-3710807","","有","有"
"45129902","20160420","20210814","清普興業有限公司","QING PU INDUSTRIAL CO., LTD.","高雄市楠梓區德豐街165號6樓","6 F., No. 165, Defeng St., Nanzi Dist., Kaohsiung City 81153, Taiwan (R.O.C.)","孫O棟","0921030879","07-3745387","有","有"
"45129924","20160418","20240216","沛科半導體科技有限公司","PECO (TAIWAN) CO., LTD.","桃園市桃園區同安里同德六街89號12樓之3","12 F.-3, No. 89, Tongde 6th St., Tong’an Vil., Taoyuan Dist., Taoyuan City 330010, Taiwan (R.O.C.)","李O伊LEEHYANGEI","03-3460281#14","","有","有"
"45129972","20160427","20210812","橙茂企業有限公司","CHENG MAO TILE ENTERPRISE CO., LTD.","高雄市仁武區仁心路236之1號","No. 236-1, Renxin Rd., Renwu Dist., Kaohsiung City 81460, Taiwan (R.O.C.)","徐O欽","07-2510151","07-2510087","有","有"
"45129987","20160408","20210813","濠米食品有限公司","HAOMI FOODS CO., LTD.","高雄市前鎮區二聖二路61號1樓","1 F., No. 61, Ersheng 2nd Rd., Cianjhen Dist., Kaohsiung City 80654, Taiwan (R.O.C.)","韓O玲","07-7837030","","無","無"
"45130041","20160418","20240525","駿傑石材有限公司","TRENDEX STONE CO., LTD.","高雄市三民區泰順街20號22樓","22 F., No. 20, Taishun St., Sanmin Dist., Kaohsiung City 807026, Taiwan (R.O.C.)","邱O飛","07-7337697","07-7337698","有","有"
"45130160","20160623","20241116","捷展科技有限公司","JIE ZHAN TECHNOLOGY CO., LTD.","高雄市三民區中和街187號5樓","5 F., No. 187, Zhonghe St., Sanmin Dist., Kaohsiung City 80747, Taiwan (R.O.C.)","白O鳳","07-3731112","07-3731477","有","有"
"45130252","20161215","20210815","固而優技術股份有限公司","GFU EES TECHNOLOGY CO., LTD.","高雄市鳳山區同明街98巷2號1樓","1 F., No. 2, Ln. 98, Tongming St., Fengshan Dist., Kaohsiung City 83073, Taiwan (R.O.C.)","蕭O祥","07-7534279","07-2221358","有","有"
"45130268","20160519","20250322","麗纓宸有限公司","GOLDEN CASTLE INTERNATIONAL ENTERPRISE CO., LTD.","高雄市仁武區鳳仁路22之30號","No. 22-30, Fengren Rd., Renwu Dist., Kaohsiung City 81459, Taiwan (R.O.C.)","林O紳","07-2265166","","有","有"
"45130302","20230828","20250604","奇可餐飲股份有限公司","CHIC FOOD AND BEVERAGE CO., LTD.","高雄市新興區五福二路166號1樓及2樓","1 F., No. 166, Wufu 2nd Rd., Xinxing Dist., Kaohsiung City 800003, Taiwan (R.O.C.)","呂O慧","072152349","","有","有"
"45130318","20160407","20220331","丞松漁業股份有限公司","CHEN SONG FISHERY CO., LTD.","高雄市前鎮區漁港東二路3號","No. 3, Yugang E. 2nd Rd., Cianjhen Dist., Kaohsiung City 80672, Taiwan (R.O.C.)","陳O曽","07-8113159","07-8113196","有","有"
"45130324","20160408","20210814","新世紀材料科技有限公司","NEW CENTURY MATERIAL TECHNOLOGY CO., LTD.","高雄市苓雅區四維四路172之7號9樓之1","9 F.-1, NO. 172-7, SIWEI 4TH RD., LINGYA DIST., KAOHSIUNG CITY 80247, TAIWAN (R.O.C.)","楊O濱","07-2695569","07-2695633","有","有"
"45130422","20160425","20210812","群虹國際有限公司","ANWELL INTERNATIONAL CO., LTD.","高雄市三民區建國一路402巷13號6樓之1","6F.-1, No. 13, Ln. 402, Jianguo 1st Rd., Sanmin Dist., Kaohsiung City 80760, Taiwan (R.O.C.)","王O安","07-2255256","","有","有"
"45130605","20220425","20220921","成秉和建設開發有限公司","Cheng Binghe Construction Development. Co., Ltd.","高雄市左營區自由四路483之2號","No. 483-2, Ziyou 4th Rd., Zuoying Dist., Kaohsiung City 813031, Taiwan (R.O.C.)","蔡O豪","049-2736161","","無","無"
"45130627","20160411","20221111","貝康健康事業股份有限公司","BK MEDICAL CO., LTD.","高雄市苓雅區自強三路3號28樓之8","28 F.-8, No. 3, Ziqiang 3rd Rd., Lingya Dist., Kaohsiung City 802751, Taiwan (R.O.C.)","王O隆","07-5668878","07-5666578","有","有"
"45130725","20160415","20210815","海信機械有限公司","HAI HSIN MACHINERY CO., LTD.","高雄市岡山區竹圍北街50巷34號1樓","1 F., No. 34, Ln. 50, Zhuwei N. St., Gangshan Dist., Kaohsiung City 82061, Taiwan (R.O.C.)","黃O菁禪","07-6216433","07-6242563","有","有"
"45130746","20160415","20210815","比佛麗麗有限公司","BEVERLILY CO., LTD.","高雄市前金區成功一路319號4樓","4 F., No. 319, Chenggong 1st Rd., Qianjin Dist., Kaohsiung City 80147, Taiwan (R.O.C.)","郭O男","07-3956000","07-3956800","有","有"
"45130892","20160413","20210815","文興行有限公司","WENXINGHUNG LTD.","高雄市鹽埕區公園二路117號2樓","2 F., No. 117, Gongyuan 2nd Rd., Yancheng Dist., Kaohsiung City 80343, Taiwan (R.O.C.)","林O洵","07-5330047","","有","有"
"45130915","20160415","20210814","三吉美實業有限公司","Miyomi . Industrial Co., Ltd.","高雄市前金區自強二路87巷37號4樓","4 F., No. 37, Ln. 87, Ziqiang 2nd Rd., Qianjin Dist., Kaohsiung City 80144, Taiwan (R.O.C.)","謝O婷","07-2411169","07-2411196","有","有"
"45130936","20160415","20231228","旌騏國際有限公司","RICH BANNER INTERNATIONAL CO., LTD.","高雄市楠梓區瑞仁路52號","No. 52, Ruiren Rd., Nanzi Dist., Kaohsiung City 81157, Taiwan (R.O.C.)","","0917-020-160","","無","無"
"45130942","20160414","20210815","立立果石科技股份有限公司","SOLID DECORATION TECHNOLOGY CO., LTD.","高雄市仁武區仁孝路215號","No. 215, Renxiao Rd., Renwu Dist., Kaohsiung City 81456, Taiwan (R.O.C.)","王O群","07-3744042","07-3740742","無","無"
"45130990","20240207","20250527","陽鐘企業有限公司","Positive bell CO., LTD.","高雄市三民區灣中街285號1樓","1 F., No. 285, Wanzhong St., Sanmin Dist., Kaohsiung City 807062, Taiwan (R.O.C.)","洪O哲","07-3335525","","有","有"
"45131077","20160415","20210814","金財神科技有限公司","JIN CAI SHEN TECHNOLOGY CO., LTD.","高雄市三民區建武路112號1樓","1 F., No. 112, Jianwu Rd., Sanmin Dist., Kaohsiung City 80781, Taiwan (R.O.C.)","羅O翔","0929092000","08-7261438","有","有"
"45131267","20160425","20250418","曼菲國際有限公司","MENPHY INTERNATIONAL CO., LTD.","高雄市苓雅區正大路110巷2號","No. 50, Ln. 286, Qianfeng Rd., Gangshan Dist., Kaohsiung City 82059, Taiwan (R.O.C.)","陳O遠","0932-724697","","無","無"
"45131317","20170830","20221229","創之有限公司","ECING CO., LTD.","高雄市前鎮區民壽街31號","No. 31, Minshou St., Qianzhen Dist., Kaohsiung City 806025, Taiwan (R.O.C.)","吳O鋒","","","無","無"
"45131344","20180226","20210814","八坂國際有限公司","Yasaka International Ltd.","高雄市前鎮區鄭和路53號23樓","23 F., No. 53, Zhenghe Rd., Cianjhen Dist., Kaohsiung City 80661, Taiwan (R.O.C.)","王O裁","07-3155118","07-3155119","無","無"
"45131371","20240122","20240122","振吉昌工程有限公司","JEN JYI CHANG CO., LTD.","高雄市林園區仁愛路63號1樓","1 F., No. 63, Ren’ai Rd., Linyuan Dist., Kaohsiung City 832009, Taiwan (R.O.C.)","林O錩","07-6466101","","有","有"
"45131442","20160502","20250327","優美精工有限公司","GRACE OFIS LTD.","高雄市楠梓區常德路239巷2號5樓","5 F., No. 2, Ln. 239, Changde Rd., Nanzi Dist., Kaohsiung City 811031, Taiwan (R.O.C.)","","07-3519807","07-3550822","無","無"
"45131457","20160505","20220614","驀翊室內裝修設計有限公司","MOOOI DESIGN CO., LTD.","高雄市小港區港信路72號15樓","15 F., No. 72, Gangxin Rd., Xiaogang Dist., Kaohsiung City 812005, Taiwan (R.O.C.)","吳O竹","","07-8123941","有","有"
"45131463","20160621","20210813","長潤水產食品有限公司","CHANG RUEN SEAFOOD INTERNATIONAL CO., LTD.","高雄市三民區光武路94號2樓","2 F., No. 94, Guangwu Rd., Sanmin Dist., Kaohsiung City 80765, Taiwan (R.O.C.)","歐O花","0932886204","","有","有"
"45131554","20160728","20210816","超雄企業股份有限公司台北分公司","SUPER HERO INTERNATIONAL CO., LTD. TAIPEI BRANCH.","新北市八里區廈竹圍23號","No. 23, Xiazhuwei, Bali Dist., New Taipei City 24941, Taiwan (R.O.C.)","吳O駒","02-26102255","02-26102275","有","有"
"45131560","20171117","20210813","珍品石材有限公司","Treasures Stone Co., Ltd.","高雄市前鎮區瑞北路28號2樓","2 F., No. 28, Ruibei Rd., Cianjhen Dist., Kaohsiung City 80646, Taiwan (R.O.C.)","許O欣","07-7166852","07-7166854","有","有"
"45131581","20200121","20220923","竺城興業有限公司","JU CHEN INTERNATIONAL CO., LTD","高雄市鳳山區自治街67號1樓","1 F., No. 67, Zizhi St., Fengshan Dist., Kaohsiung City 830032, Taiwan (R.O.C.)","林O潔","07-3238998","","有","有"
"45131689","20160422","20221221","滋養水產國際有限公司","ZI-YANG SEAFOODS INTERNATIONAL CO., LTD.","高雄市三民區同盟三路272號10樓之1","10 F.-1, No. 272, Tongmeng 3rd Rd., Sanmin Dist., Kaohsiung City 807320, Taiwan (R.O.C.)","何O慧","0925879135","","無","無"
"45131724","20180309","20230614","廣佳電子股份有限公司","QUAN CHIA ELECTRONICS CO., LTD.","高雄市岡山區岡山北路193巷55號","No. 55, Ln. 193, Gangshan N. Rd., Gangshan Dist., Kaohsiung City 820115, Taiwan (R.O.C.)","顏O昭","07-6248911#631","07-6248933","有","有"
"45131920","20200416","20240525","力璽租賃服務股份有限公司","Lixi Rental Service Co., Ltd.","高雄市苓雅區光華一路206號10樓之10","10 F.-10, No. 206, Guanghua 1st Rd., Lingya Dist., Kaohsiung City 802466, Taiwan (R.O.C.)","林O勛","07-5522143","07-5522144","有","有"
"45131956","20240425","20240425","可嘉精密有限公司","COOL JIA PRECISION CO., LTD.","高雄市鳳山區中山東路290巷4號1樓","1 F., No. 4, Ln. 290, Zhongshan E. Rd., Fengshan Dist., Kaohsiung City 830073, Taiwan (R.O.C.)","石O生","07-3758852","07-3753682","有","有"
"45131999","20160503","20241010","元農農業生技有限公司","YUANNONG GLOBALIZATION CO., LTD.","高雄市苓雅區四維四路176號2樓之1","2 F.-1, No. 176, Siwei 4th Rd., Lingya Dist., Kaohsiung City 802754, Taiwan (R.O.C.)","","07-2610155","","無","無"
"45132028","20160426","20210814","台裕科電子科技有限公司","TAIYUKE ELECTRONIC TECH CORP.","嘉義市東區興仁里軍輝路71巷33號一樓","1 F., No. 33, Ln. 71, Junhui Rd., Xingren Vil., East Dist., Chiayi City 60065, Taiwan (R.O.C.)","楊O瑋","05-2392796","07-5597135","有","有"
"45132054","20240226","20240226","京展能源有限公司","JING ZHAN ENERGY LTD.","高雄市鳳山區鳳仁路110巷3之1號","No. 3-1, Ln. 110, Fengren Rd., Fengshan Dist., Kaohsiung City 830012, Taiwan (R.O.C.)","孟O德","","","有","有"
"45132076","20160426","20210813","和驛國際有限公司","INDUSTRY BUILDING HARDWARE CO., LTD.","高雄市岡山區大德三路92巷15號","No. 15, Ln. 92, Dade 3rd Rd., Gangshan Dist., Kaohsiung City 82051, Taiwan (R.O.C.)","蔡O卿","07-6283366","07-6281776","有","有"
"45132081","20160429","20210813","高全宏企業有限公司","K.C.H ENTERPRISE CO., LTD.","高雄市楠梓區興楠路33號2樓","2 F., No. 33, Xingnan Rd., Nanzi Dist., Kaohsiung City 81163, Taiwan (R.O.C.)","姚O良","07-3528583","","有","有"
"45132174","20160520","20210812","巨大國際工業有限公司","HUGE GRAND INTERNATIONAL INDUSTRIAL CO., LTD.","高雄市大寮區上寮路124之18號1樓","1 F., No. 124-18, Shangliao Rd., Daliao Dist., Kaohsiung City 83160, Taiwan (R.O.C.)","陳O德","07-3983937","07-3810270","無","無"
"45132195","20160804","20241102","台印貿易有限公司","TAI-IN ELECTRON CO., LTD.","高雄市三民區熱河二街6巷16號","No. 16, Ln. 6, Rehe 2nd St., Sanmin Dist., Kaohsiung City 80744, Taiwan (R.O.C.)","","0955113508","","無","無"
"45132287","20160428","20210814","阿可仕木業有限公司","AQUES CO., LTD.","高雄市左營區高鐵路142號1樓","1 F., No. 142, Gaotie Rd., Zuoying Dist., Kaohsiung City 81365, Taiwan (R.O.C.)","李O可","07-5826055","","有","有"
"45132316","20160804","20240104","塏立國際企業有限公司","KAILEY FOODS INTERNATIONAL TRADING CO., LTD.","高雄市鳥松區美德二街20號","No. 20, Meide 2nd St., Niaosong Dist., Kaohsiung City 833167, Taiwan (R.O.C.)","黃O中","07-3700799","07-3701789","有","有"
"45132358","20160506","20230216","澄品鑽石有限公司","CHAMPION DIAMOND CO., LTD.","高雄市左營區華夏路258號1樓","1 F., No. 258, Huaxia Rd., Zuoying Dist., Kaohsiung City 813015, Taiwan (R.O.C.)","蘇O進","07-5523300","07-5523375","有","有"
"45132435","20160504","20210814","邦興有限公司","BANG SING CO., LTD.","高雄市前鎮區崗山南街358巷1號5樓","5 F., No. 1, Ln. 358, Gangshan S. St., Cianjhen Dist., Kaohsiung City 80643, Taiwan (R.O.C.)","李O宏","0955154053","","有","有"
"45132456","20210805","20210814","辰豪有限公司","FABULA CO., LTD.","高雄市三民區吉林街106號","No. 106, Jilin St., Sanmin Dist., Kaohsiung City 80754, Taiwan (R.O.C.)","楊O儒","07-3222903","","有","有"
"45132553","20160505","20210814","季軒有限公司","FINE SEASONS CO., LTD.","高雄市苓雅區中華四路3、5號","No. 5, Zhonghua 4th Rd., Lingya Dist., Kaohsiung City 80245, Taiwan (R.O.C.)","劉O珠","07-5545079","07-5540279","有","有"
"45132580","20160531","20210813","仁富汽車有限公司","RUN FOUR USED CAR CO., LTD.","高雄市三民區大順二路899號","No. 899, Dashun 2nd Rd., Sanmin Dist., Kaohsiung City 80787, Taiwan (R.O.C.)","林O唐","07-3871968","","有","有"
"45132688","20160504","20210812","台方國際投資開發有限公司","TAI-FUNG CAPITAL LLC","高雄市苓雅區輔仁路155號13樓之1","13F.-1, No. 155, Furen Rd., Lingya Dist., Kaohsiung City 80288, Taiwan (R.O.C.)","許O樹","","","無","無"
"45132744","20160517","20210813","媚力泊生技有限公司","MENIPPE BIO-TECH CO., LTD.","高雄市仁武區仁雄路451號4樓","4 F., No. 451, Renxiong Rd., Renwu Dist., Kaohsiung City 81455, Taiwan (R.O.C.)","王O雄","07-3713188","07-3719928","有","有"
"45132765","20231108","20231108","五鮮級餐飲文化有限公司","5Star Catering CO., LTD.","高雄市前鎮區實業路160號","No. 160, Shiye Rd., Qianzhen Dist., Kaohsiung City 806040, Taiwan (R.O.C.)","李O志","07-8419555","","有","有"
"45132815","20200923","20230608","真環科技股份有限公司","trueECO Technology INC.","高雄市燕巢區安招路447號","No. 447, Anzhao Rd., Yanchao Dist., Kaohsiung City 824008, Taiwan (R.O.C.)","邱O杰","07-6166900","","有","有"
"45132907","20160428","20210814","凌可易科技實業有限公司","LINKEASE TECHNOLOGY COMPANY LIMITED","高雄市三民區建國一路402巷17號7樓之1","7F.-1, No. 17, Ln. 402, Jianguo 1st Rd., Sanmin Dist., Kaohsiung City 80760, Taiwan (R.O.C.)","陳O君","07-5371171#708","07-537-1175","有","有"
"45132929","20190221","20221206","優植美科技股份有限公司","YesMax Technology Co., LTD.","高雄市前金區旺盛街162號2樓","2 F., No. 162, Wangsheng St., Qianjin Dist., Kaohsiung City 801009, Taiwan (R.O.C.)","蔡O峰","07-2351337","07-2351338","有","有"
"45132934","20161019","20210814","龍興鋼鐵有限公司","LONG-HSING STEEL CORP.","高雄市鳳山區頂明路166號","No. 166, Dingming Rd., Fengshan Dist., Kaohsiung City 83093, Taiwan (R.O.C.)","鄭O正","07-7922766","07-7922560","有","有"
"45132955","20160518","20210814","彩成國際有限公司","CSI MOTORSPORT CO., LTD.","高雄市三民區大豐二路680巷14號1樓","1 F., No. 14, Ln. 680, Dafeng 2nd Rd., Sanmin Dist., Kaohsiung City 80777, Taiwan (R.O.C.)","吳O誠","07-3803533","","有","有"
"45132998","20160511","20210813","全友企業有限公司","CHIAN YO FOOD CO., LTD.","高雄市燕巢區鳳雄里鳳東路312巷8號","No. 8, Ln. 312, Fengdong Rd., Fengxiong Vil., Yanchao Dist., Kaohsiung City 82445, Taiwan (R.O.C.)","姚O傑","07-6155339","","有","有"
"45133005","20171108","20210814","高科醫材有限公司","KAO TECH MD CO., LTD.","高雄市前金區中華三路77號4樓之3","4F.-3, No. 77, Zhonghua 3rd Rd., Qianjin Dist., Kaohsiung City 80145, Taiwan (R.O.C.)","倪O人","07-2151129","07-2151239","有","有"
"45133032","20160503","20220922","國智生化股份有限公司","BNKC BIOCHEMICAL TECHNOLOGY CO., LTD.","高雄市鳳山區鎮北北巷18之1號1樓","1 F., No. 18-1, Zhenbei N. Ln., Fengshan Dist., Kaohsiung City 830001, Taiwan (R.O.C.)","王O杰","07-7335368","07-7335370","有","有"
"45133069","20160510","20210813","宇聯軟藝有限公司","UNI SOFTWARE ART LTD.","高雄市鳳山區新富路405巷17之1號","No. 17-1, Ln. 405, Xinfu Rd., Fengshan Dist., Kaohsiung City 83075, Taiwan (R.O.C.)","蘇O彰","0988218580","","有","有"
"45133096","20160518","20230120","嘉宣國際有限公司","JAY SHAN INTERNATIONAL CO., LTD.","高雄市仁武區八德西路1108號","No. 1108, Bade W. Rd., Renwu Dist., Kaohsiung City 814034, Taiwan (R.O.C.)","蕭O廷","07-3718063","","無","無"
"45133119","20180810","20210814","鉅翼正熙科技物業有限公司","GE Crown Safety Co., Ltd.","高雄市鳳山區南福街172號2樓","2 F., No. 172, Nanfu St., Fengshan Dist., Kaohsiung City 83075, Taiwan (R.O.C.)","安O琇","07-7675346","07-7675436","有","有"
"45133130","20160511","20210814","飛式有限公司","MAXMUI CO., LTD.","高雄市左營區富民路420號4樓","4 F., No. 420, Fumin Rd., Zuoying Dist., Kaohsiung City 81366, Taiwan (R.O.C.)","張O鵬","07-550-7313","","有","有"
"45133173","20160503","20221004","富玥生技股份有限公司","FUYUE BIO-TECHNOLOGY CO., LTD.","高雄市岡山區岡山北路2巷42號","No. 42, Ln. 2, Gangshan N. Rd., Gangshan Dist., Kaohsiung City 820115, Taiwan (R.O.C.)","吳O賓","07-6213010","07-6212580","有","有"
"45133188","20160504","20210815","祥鴻國際企業有限公司","SHIANG HUNG HUMAN RESOURCES CO., LTD.","高雄市前鎮區一心二路128號9樓之1","9F.-1, No. 128, Yixin 2nd Rd., Cianjhen Dist., Kaohsiung City 80655, Taiwan (R.O.C.)","李O祥","07-3313813","07-3313813","有","有"
"45133223","20160502","20210815","麥田有限公司","THE MESSAGE LIMITED","高雄市前鎮區新生路812號9樓","9 F., No. 812, Xinsheng Rd., Cianjhen Dist., Kaohsiung City 80672, Taiwan (R.O.C.)","李O榮","07-2815916","","有","有"
"45133309","20190315","20240816","金龍泉企業有限公司","JIN LONG-QUAN CO., LTD.","高雄市湖內區中山路2段2巷17弄12之3號","No. 12-3, Aly. 17, Ln. 2, Sec. 2, Zhongshan Rd., Hunei Dist., Kaohsiung City 829004, Taiwan (R.O.C.)","李O得","06-5958689","06-5955339","有","有"
"45133379","20171108","20210930","侑深貿易實業有限公司","YOYOYAO TRADING CO., LTD.","高雄市燕巢區中民路393巷56號","No. 56, Ln. 393, Zhongmin Rd., Yanchao Dist., Kaohsiung City 82441, Taiwan (R.O.C.)","姚O攸","0988398570","","有","有"
"45133407","20160509","20210814","峻岳貿易有限公司","ILEAD MERCHANDISE TRADING CO., LTD.","高雄市三民區開原街36號","No. 36, Kaiyuan St., Sanmin Dist., Kaohsiung City 80742, Taiwan (R.O.C.)","陳O斐","07-3111137","07-3238130","有","有"
"45133413","20211209","20220425","二一好伴國際行銷有限公司","21 AMIGO INTERNATIONAL MARKETING CO., LTD.","高雄市前鎮區桂林街58巷10號","No. 10, Ln. 58, Guilin St., Qianzhen Dist., Kaohsiung City 80655, Taiwan (R.O.C.)","黃O珊","07-3415060","","有","有"
"45133429","20161214","20210813","華榮鑫工程有限公司","HUA RONG SIN ENGINEERING CO., LTD.","高雄市鳳山區工協街13號10樓","10 F., No. 13, Gongxie St., Fengshan Dist., Kaohsiung City 83050, Taiwan (R.O.C.)","徐O駿","07-7022998","","有","有"
"45133504","20160517","20210813","和光軸承實業有限公司","HOKWANG BEARING CO., LTD.","高雄市三民區建國一路491號1樓","1 F., No. 491, Jianguo 1st Rd., Sanmin Dist., Kaohsiung City 80760, Taiwan (R.O.C.)","翁O青","07-2256581","07-2256583","有","有"
"45133589","20160504","20210814","富慈企業有限公司","LIFE SPACE CO., LTD.","高雄市三民區通化街30巷22之1號1樓","1 F., No. 22-1, Ln. 30, Tonghua St., Sanmin Dist., Kaohsiung City 80751, Taiwan (R.O.C.)","程O銘","07-8314199","07-28413799","有","有"
"45133618","20171031","20220122","魯笠將創意有限公司","Ru Li Jiang Creative Company Ltd.","高雄市仁武區永新二街96巷56弄3號3樓","3 F., No. 3, Aly. 56, Ln. 96, Yongxin 2nd St., Renwu Dist., Kaohsiung City 81457, Taiwan (R.O.C.)","林O賢","07-3734368","886-73758142","有","有"
"45133700","20170613","20210813","美斯樂生物科技有限公司","MISSLER BIOTECHNOLOGY CO., LTD.","高雄市鳥松區神農路558號1樓","1 F., No. 558, Shennong Rd., Niaosong Dist., Kaohsiung City 83345, Taiwan (R.O.C.)","林O輝","07-7331696","07-7332085","有","有"
"45133743","20220929","20220929","鐳鋌科技有限公司","Raytim Technology CO., LTD.","高雄市旗山區中南街7之36號1樓","1 F., No. 7-36, Zhongnan St., Qishan Dist., Kaohsiung City 842045, Taiwan (R.O.C.)","郭O山","0920391288","","有","有"
"45133770","20240401","20240401","順億實業有限公司","shunyi CO., LTD.","高雄市仁武區鳳仁路369巷28弄82號","No. 82, Aly. 28, Ln. 369, Fengren Rd., Renwu Dist., Kaohsiung City 814040, Taiwan (R.O.C.)","葉O治","07-3752968","","有","有"
"45133814","20180223","20210813","諾林國際實業有限公司","Norin International Industrial Co., Ltd.","高雄市左營區重信路226號1樓","1 F., No. 226, Chongxin Rd., Zuoying Dist., Kaohsiung City 81368, Taiwan (R.O.C.)","吳O鴻","07-3592963","","有","有"
"45133841","20160510","20210812","秉科科技材料股份有限公司","BING CORE TECHNOLOGY AND MATERIALS COMPANY LIMITED","高雄市大社區萬金路97號1樓","1 F., No. 97, Wanjin Rd., Dashe Dist., Kaohsiung City 81545, Taiwan (R.O.C.)","曹O華","07-3529317","07-3529317","有","有"
"45133862","20190401","20210814","同益有限公司","TO YI co., ltd.","高雄市路竹區大仁路468巷5之2號1樓","1 F., No. 5-2, Ln. 468, Daren Rd., Luzhu Dist., Kaohsiung City 82143, Taiwan (R.O.C.)","曹O昌","0952892785","","無","無"
"45133906","20200805","20210813","美迪可科技有限公司","MEDICALAI SOLUTIONS CO., LTD.","新北市汐止區新台五路1段97號22樓之7","22F.-7, No. 97, Sec. 1, Xintai 5th Rd., Xizhi Dist., New Taipei City 22175, Taiwan (R.O.C.)","郭O碧","02-26976688#15","02-26976680","無","無"
"45133949","20160614","20231102","臻力有限公司","ZENLY CO., LTD.","高雄市鼓山區明華路317號17樓之2","17 F.-2, No. 317, Minghua Rd., Gushan Dist., Kaohsiung City 804605, Taiwan (R.O.C.)","蔡O芩","07-3701177","","無","無"
"45133960","20160620","20210813","傲洋船舶管理顧問股份有限公司","PROUD OCEAN SHIPPING MANAGEMENT CONSULTANT CO., LTD.","高雄市苓雅區苓安路26號2樓","2 F., No. 26, Ling’an Rd., Lingya Dist., Kaohsiung City 80249, Taiwan (R.O.C.)","張O亮","07-2693908","","有","有"
"45134047","20230411","20230411","絜紘科技有限公司","JieHoum Technology CO., LTD.","高雄市仁武區永昌三街72巷47號1樓","1 F., No. 47, Ln. 72, Yongchang 3rd St., Renwu Dist., Kaohsiung City 814034, Taiwan (R.O.C.)","戴O豐","0982130003","","有","有"
"45134052","20170620","20210814","帝閣企業有限公司","DI GU ENTERPRISE  CO.,LTD.","高雄市大寮區中興路中興五巷28號1樓","1 F., No. 28, Zhongxing 5th Ln., Zhongxing Rd., Daliao Dist., Kaohsiung City 83148, Taiwan (R.O.C.)","劉O仁","07-7825755","07-3899481","有","有"
"45134139","20161018","20250214","達星企業有限公司","DAR XING ENTERPRISE CO., LTD.","高雄市仁武區八德東路125號4樓","4 F., No. 125, Bade E. Rd., Renwu Dist., Kaohsiung City 81462, Taiwan (R.O.C.)","盧O明","07-3732234","07-3732241","有","有"
"45134145","20160506","20230414","柏赫國際有限公司","BOCH INTERNATIONAL CO., LTD.","高雄市新興區民享街88號","No. 88, Minxiang St., Xinxing Dist., Kaohsiung City 800004, Taiwan (R.O.C.)","楊O智","07-3100950","","有","有"
"45134150","20240327","20240327","甜蜜密食品有限公司","Honey Secret Food CO., LTD.","高雄市新興區文橫二路127巷48號","No. 48, Ln. 127, Wenheng 2nd Rd., Xinxing Dist., Kaohsiung City 800004, Taiwan (R.O.C.)","張O龍","0900111922","","有","有"
"45134187","20160512","20241022","匯智通訊有限公司","TRADEWISE COMMUNICATIONS, LTD.","臺中市南屯區田心里大墩四街321號地下一層","No. 321, Dadun 4th St., Tianxin Vil., Nantun Dist., Taichung City 40867, Taiwan (R.O.C.)","","0988-339293","06-2660077","無","無"
"45134237","20161018","20240917","宸通貿易有限公司","CHEN TONG TRADE CO., LTD.","高雄市苓雅區興中二路61巷22號2樓","2 F., No. 22, Ln. 61, Xingzhong 2nd Rd., Lingya Dist., Kaohsiung City 80247, Taiwan (R.O.C.)","","07-8115305","07-8115306","無","無"
"45134243","20200306","20240424","信宏建材國際貿易股份有限公司","JAMES & LOUIS TILE CO., ltd.","高雄市三民區同盟二路9號","No. 9, Tongmeng 2nd Rd., Sanmin Dist., Kaohsiung City 807025, Taiwan (R.O.C.)","謝O宏","06-2982662","06-2982672","有","有"
"45134264","20160511","20210813","巧尊實業有限公司","CHOZUN FABRIC ENTERPRISE CO., LTD.","高雄市茄萣區茄萣路2段176號","No. 176, Sec. 2, Jiading Rd., Qieding Dist., Kaohsiung City 85244, Taiwan (R.O.C.)","郭O珍","07-6904240","07-6904259","有","有"
"45134270","20160510","20240704","海景國際企業有限公司","HAI JING INTERNATIONAL ENTERPRISE CO., LTD.","高雄市楠梓區德祥路33號12樓","12 F., No. 33, Dexiang Rd., Nanzi Dist., Kaohsiung City 811230, Taiwan (R.O.C.)","","07-2167617","07-2167216","無","無"
"45134291","20240430","20240430","欣樂誠機電有限公司","SLC Electromechanical LTD.","高雄市三民區九如一路805號4樓之1","4 F.-1, No. 805, Jiuru 1st Rd., Sanmin Dist., Kaohsiung City 807403, Taiwan (R.O.C.)","邱O能","04-25631347","04-25631341","有","有"
"45134308","20160518","20230701","建茂國際企業有限公司","WISDOM WOOD INTERNATIONAL LTD.","臺中市北屯區太安中街51巷2號1樓","1 F., No. 2, Ln. 51, Tai’an Central St., Beitun Dist., Taichung City 406051, Taiwan (R.O.C.)","陳O信","04-26152108","04-26152308","有","有"
"45134314","20180327","20230111","鬥市國際有限公司","DOZ INTERNATIONAL LTD.","高雄市苓雅區仁愛三街308之11號12樓之1","12 F.-1, No. 308-11, Ren’ai 3rd St., Lingya Dist., Kaohsiung City 802707, Taiwan (R.O.C.)","楊O彤","07-5314656","07-5311783","有","有"
"45134335","20160811","20210815","絨紫生技股份有限公司","PURPLE BIOTECHNOLOGY INTERNATIONAL CO., LTD.","屏東縣長治鄉德和村農科路43號","No. 43, Nongke Rd., Changzhi Township, Pingtung County 90846, Taiwan (R.O.C.)","何O祥","07-3476497","07-3509660","有","有"
"45134356","20160520","20230630","華能光學科技有限公司","HUANENG OPTICAL TECHNOLOGY CO., LTD.","高雄市鳳山區生明里光華東路183號1樓","1 F., No. 183, Guanghua E. Rd., Shengming Vil., Fengshan Dist., Kaohsiung City 830020, Taiwan (R.O.C.)","","0933301436","","無","無"
"45134412","20160513","20230617","雄暉國際貿易有限公司","HH LINK INTERNATIONAL TRADE CO., LTD.","高雄市前鎮區明鳳三路16號2樓","2 F., No. 16, Mingfeng 3rd Rd., Qianzhen Dist., Kaohsiung City 806035, Taiwan (R.O.C.)","顏O裕","07-7935266","07-7935066","無","無"
"45134428","20200424","20210814","十分好睡國際有限公司","Googsleep international co., LTD.","高雄市楠梓區軍校路1023之1號","No. 1023-1, Junxiao Rd., Nanzi Dist., Kaohsiung City 81149, Taiwan (R.O.C.)","徐O德","073605868","","有","有"
"45134433","20200220","20221231","油急便有限公司","YOUJIBIAN CO., LTD.","高雄市前鎮區草衙二路449巷13弄4號1樓","1 F., No. 4, Aly. 13, Ln. 449, Caoya 2nd Rd., Qianzhen Dist., Kaohsiung City 806039, Taiwan (R.O.C.)","吳O吉","07-8119028","","有","有"
"45134460","20170620","20230414","躍皇生技有限公司","YUE HWANG PHARMA CO., LTD.","新北市中和區立德街125號6樓","6 F., No. 125, Lide St., Zhonghe Dist., New Taipei City 235602, Taiwan (R.O.C.)","張O雄","07-7539990","07-7539993","有","有"
"45134503","20210511","20210511","杏林管理顧問有限公司","Xinglin Management Consulting Co., Ltd.","高雄市苓雅區建國一路197巷6號1樓","1 F., No. 6, Ln. 197, Jianguo 1st Rd., Lingya Dist., Kaohsiung City 80284, Taiwan (R.O.C.)","張O瑞","07-9766178","","有","有"
"45134530","20160511","20210813","華恩無塵科技有限公司","HUAEN TECHNOLOGY CO., LTD.","高雄市仁武區京中四街78號1樓","1 F., No. 78, Jingzhong 4th St., Renwu Dist., Kaohsiung City 81464, Taiwan (R.O.C.)","吳O恩","07-3725445","07-3788912","有","有"
"45134546","20160519","20210813","正弘工業有限公司","ZHENG HONG INDUSTRIAL CO., LTD.","高雄市小港區華盛街76巷37號1樓","1 F., No. 37, Ln. 76, Huasheng St., Xiaogang Dist., Kaohsiung City 81255, Taiwan (R.O.C.)","陳O霖","","","有","有"
"45134617","20160510","20230105","茂倉貿易有限公司","MORE CHARM TRADING CO.","高雄市前鎮區新生路804號3樓","3 F., No. 804, Xinsheng Rd., Qianzhen Dist., Kaohsiung City 806042, Taiwan (R.O.C.)","陳O明","07-2375169","07-2365170","無","無"
"45134715","20160531","20210815","鉅穎企業有限公司","GREATWIN CO., LTD.","高雄市仁武區新生路9之1號","No. 9-1, Xinsheng Rd., Renwu Dist., Kaohsiung City 81458, Taiwan (R.O.C.)","陳O仁","07-7332510","07-7322513","有","有"
"45134784","20160523","20230111","杉青貿易有限公司","SHAN QING CO., LTD.","雲林縣虎尾鎮文科路1342號2樓","2 F., No. 1342, Wenke Rd., Huwei Township, Yunlin County 632102, Taiwan (R.O.C.)","蔡O君","05-5880633","05-5880733","有","有"
"45134813","20180111","20230715","薪承科技有限公司","ASTREA TECHNOLOGY CO., LTD.","高雄市苓雅區新光路38號12樓之2","12 F.-2, No. 38, Xinguang Rd., Lingya Dist., Kaohsiung City 802626, Taiwan (R.O.C.)","林O峻","07-3350581","","有","有"
"45134877","20160517","20211016","捷特生活有限公司","J & T LIVING CO., LTD.","高雄市苓雅區中正二路56巷25號","No. 25, Ln. 56, Zhongzheng 2nd Rd., Lingya Dist., Kaohsiung City 80271, Taiwan (R.O.C.)","王O捷","07-3392146","","有","有"
"45134882","20190325","20221006","新鵬物聯網有限公司","Sin Peng Commerce Co., Ltd.","高雄市仁武區德榮街63號","No. 63, Derong St., Renwu Dist., Kaohsiung City 814031, Taiwan (R.O.C.)","周O莉","07-3749867","","有","有"
"45134898","20230209","20230209","晉宇國際有限公司","JinYu International CO., LTD.","臺南市永康區六合里中華二路340巷15弄10號(2樓)","2 F., No. 10, Aly. 15, Ln. 340, Zhonghua 2nd Rd., Liuhe Vil., Yongkang Dist., Tainan City 710039, Taiwan (R.O.C.)","鄭O卿","06-2090083","","有","有"
"45134969","20250408","20250408","森瀚有限公司","Senhan International CO., LTD.","高雄市仁武區八德一路90巷6號","No. 6, Ln. 90, Bade 1st Rd., Renwu Dist., Kaohsiung City 814036, Taiwan (R.O.C.)","黃O珺","","","有","有"
"45135067","20240508","20240508","杳桓有限公司","YAOHUAN CO., LTD.","臺北市松山區南京東路4段1號11樓","11 F., No. 1, Sec. 4, Nanjing E. Rd., Songshan Dist., Taipei City 105609, Taiwan (R.O.C.)","黃O憲","","","有","有"
"45135192","20160516","20241115","德厚貿易有限公司","DE HOU TRADING CO., LTD.","高雄市三民區北平二街5巷29號1樓","1 F., No. 29, Ln. 5, Beiping 2nd St., Sanmin Dist., Kaohsiung City 80743, Taiwan (R.O.C.)","蔡O樺","07-8126862","","有","有"
"45135215","20160627","20210814","天下技術服務有限公司","TIEN CHA TECHNICAL SERVICES LTD.","高雄市大寮區華中南路619號1樓","1 F., No. 619, Huazhong S. Rd., Daliao Dist., Kaohsiung City 83164, Taiwan (R.O.C.)","王O娜","07-7873469","","有","有"
"45135263","20160523","20210814","名基科技有限公司","SOLOTHURN TECHNOLOGY COMPANY","高雄市三民區大昌二路67號3樓之1","3F.-1, No. 67, Dachang 2nd Rd., Sanmin Dist., Kaohsiung City 80765, Taiwan (R.O.C.)","周O榮","07-3855168","07-3855598","有","有"
"45135340","20160527","20210814","金鹿酥油有限公司","JIN LU SU YOU CO., LTD.","高雄市鳥松區本舘路46巷1號6樓","6 F., No. 1, Ln. 46, Niaosong Dist., Kaohsiung City 833, Taiwan (R.O.C.)","馬O梅","07-777-6784","","有","有"
"45135382","20181114","20210814","東研幹細胞生技有限公司","Eastern Research STEM CELL Biotechnology Co., Ltd.","高雄市梓官區大舍東路300巷28號","No. 28, Ln. 300, Dashe E. Rd., Ziguan Dist., Kaohsiung City 82648, Taiwan (R.O.C.)","何O泰","07-6108775","","有","有"
"45135398","20200715","20250430","臻藏品有限公司","Pan&Lin Furniture Co., Ltd.","高雄市仁武區南勢巷12之7號1樓","1 F., No. 12-7, Nanshi Ln., Renwu Dist., Kaohsiung City 814019, Taiwan (R.O.C.)","林O慧","07-7333098","","有","有"
"45135427","20161125","20210815","駱駝時尚科技股份有限公司","CAMEL INTERNATIONAL CO., LTD.","高雄市前鎮區鄭和路61號2樓","2 F., No. 61, Zhenghe Rd., Cianjhen Dist., Kaohsiung City 80661, Taiwan (R.O.C.)","石O安","0920-793330","","有","有"
"45135432","20160520","20210813","鴻達新技有限公司","HONGDA ADVANCED TECHNOLOGY CO., LTD.","高雄市大寮區萬丹路389號2樓","2 F., No. 389, Wandan Rd., Daliao Dist., Kaohsiung City 83167, Taiwan (R.O.C.)","洪O宏","07-7816927","07-7821883","有","有"
"45135469","20160517","20211120","馥朵貿易有限公司","FU-DUO TRADING CO., LTD.","高雄市新興區玉竹一街24號2樓","2 F., No. 24, Yuzhu 1st St., Xinxing Dist., Kaohsiung City 80054, Taiwan (R.O.C.)","許O梅","07-2695090","","有","有"
"45135622","20200907","20210815","康富美國際企業有限公司","KANG FU MEI INTERNATIONAL CO., LTD.","高雄市鳳山區新富路253號4樓","4 F., No. 253, Xinfu Rd., Fengshan Dist., Kaohsiung City 83080, Taiwan (R.O.C.)","周O媛","07-2612900","","有","有"
"45135637","20160519","20210814","串奇企業有限公司","CHUAN QI LMVC CO., LTD.","高雄市三民區華德街90號1樓","1 F., No. 90, Huade St., Sanmin Dist., Kaohsiung City 80767, Taiwan (R.O.C.)","楊O民","0975183808","","有","有"
"45135670","20160527","20210815","配鈕國際有限公司","BILLIONE INTERNATIONAL LIMITED COMPANY","高雄市新興區信守街168號5樓之7","5F.-7, No. 168, Xinshou St., Xinxing Dist., Kaohsiung City 80048, Taiwan (R.O.C.)","陸O芳","0918927065","","有","有"
"45135735","20160526","20240801","誼幫生技股份有限公司","YI-PON BIOLOGICAL TECHNOLOGY CO., LTD.","高雄市左營區新莊一路133號19樓之4","19 F.-4, No. 133, Xinzhuang 1st Rd., Zuoying Dist., Kaohsiung City 813713, Taiwan (R.O.C.)","王O之","07-8032989","","有","有"
"45135762","20160519","20210813","港一企業有限公司","KAO-PORT ONE CO., LTD.","高雄市前鎮區國光路159號","No. 159, Guoguang Rd., Cianjhen Dist., Kaohsiung City 80666, Taiwan (R.O.C.)","黃O榮","07-8125055","07-8156468","有","有"
"45135799","20160527","20210813","翔海貿易有限公司","SIANG HAI TRADING CO., LTD.","高雄市鳳山區光遠路372巷1弄2號","No. 2, Aly. 1, Ln. 372, Guangyuan Rd., Fengshan Dist., Kaohsiung City 83057, Taiwan (R.O.C.)","鄭O翔","07-7409905","07-7409915","有","有"
"45135806","20160526","20210813","駿暘科技有限公司","CHUN YOUNG TECH CO., LTD.","高雄市前鎮區瑞北路120巷25號","No. 25, Ln. 120, Ruibei Rd., Cianjhen Dist., Kaohsiung City 80647, Taiwan (R.O.C.)","駱O宇","07-7269203","","有","有"
"45135833","20160520","20210815","金豪貿易有限公司","SUPERDUPER TRADE CO., LTD.","高雄市新興區中正四路25號9樓","9 F., No. 25, Zhongzheng 4th Rd., Xinxing Dist., Kaohsiung City 80049, Taiwan (R.O.C.)","陳O玲","07-2112801","07-2412419","有","有"
"45135876","20160525","20240502","尊宸國際有限公司","TZUEN CHEN INTERNATIONAL CO., LTD.","高雄市前鎮區和平二路238之1號","No. 238-1, Heping 2nd Rd., Qianzhen Dist., Kaohsiung City 806009, Taiwan (R.O.C.)","鄒O惠華","07-2810658","","有","有"
"45135926","20160527","20220113","瑞䳟漁業股份有限公司","RUI MING FISHERY CO., LTD.","高雄市前鎮區和豐街98號","No. 98, Hefeng St., Cianjhen Dist., Kaohsiung City 80668, Taiwan (R.O.C.)","楊O益","07-8139867","07-8155369","有","有"
"45135974","20160601","20210812","宗揚國際有限公司","TSUNG YANG INTERNATIONAL CO., LTD.","高雄市岡山區公園西路2段96巷117號1樓","1 F., No. 117, Ln. 96, Sec. 2, Gongyuan W. Rd., Gangshan Dist., Kaohsiung City 82052, Taiwan (R.O.C.)","蔡O家","0920136775","","有","有"
"45135989","20160523","20231226","格優思有限公司","GOLDAS COMPANY","高雄市鼓山區中華一路350號4樓之2","4 F.-2, No. 350, Jhonghua 1st Rd., Gushan Dist., Kaohsiung City 804051, Taiwan (R.O.C.)","江O男","07-5555619","","有","有"
"45136024","20160527","20210815","太邑科技開發有限公司","TAIYI TECHNOLOGY EXPLOIT CO., LTD.","高雄市苓雅區福壽街206號2樓之1","2F.-1, No. 206, Fushou St., Lingya Dist., Kaohsiung City 80282, Taiwan (R.O.C.)","陳O東","07-7239223","","有","有"
"45136137","20160524","20210812","悅慈科技企業有限公司","YUE TSZ TECH. ENTERPRISE CO., LTD.","高雄市林園區金潭路17巷1之2號1樓","1 F., No. 1-2, Ln. 17, Jintan Rd., Linyuan Dist., Kaohsiung City 83241, Taiwan (R.O.C.)","陳O欽","0936361166","","無","無"
"45136164","20220921","20220921","巨力光能科技有限公司","Juli Solar Technology CO., LTD.","高雄市鼓山區明誠四路2號6樓","6 F., No. 2, Mingcheng 4th Rd., Gushan Dist., Kaohsiung City 804314, Taiwan (R.O.C.)","陳O輝","07-5535200","07-5361436","有","有"
"45136170","20160624","20230120","鴻宇企業有限公司","LE PATIO CAF'E CO., LTD.","高雄市前鎮區衙慶三街51號1樓","1 F., No. 51, Yaqing 3rd St., Qianzhen Dist., Kaohsiung City 806032, Taiwan (R.O.C.)","高O鴻","07-5550509","","無","無"
"45136283","20160526","20210813","豪翼寵物有限公司","HAO YI PETS CO., LTD.","高雄市大寮區義和路121之23號1樓","1 F., No. 121-23, Yihe Rd., Daliao Dist., Kaohsiung City 83142, Taiwan (R.O.C.)","楊O華","07-7886658","07-7886958","有","有"
"45136328","20160607","20210814","勤豐興業有限公司","INDUSTRIOUS FENG INTERNATIONAL TRADING CO., LTD.","屏東縣高樹鄉新南村社北路17-9號1樓","1 F., No. 17-9, Shebei Rd., Gaoshu Township, Pingtung County 90643, Taiwan (R.O.C.)","胡O源","08-7967651","08-7962667","有","有"
"45136360","20181123","20210813","月池股份有限公司","MOON POND STUDIOS CO., LTD.","高雄市前鎮區崗山中街128號","No. 128, Gangshan Central St., Cianjhen Dist., Kaohsiung City 80643, Taiwan (R.O.C.)","邱O順","07-7616177","","有","有"
"45136404","20180222","20221117","德銘晉有限公司","Te Ming Chin Co., Ltd.","高雄市岡山區拕子三街52號","No. 52, Tuozi 3rd St., Gangshan Dist.,  Kaohsiung City 820, Taiwan (R.O.C.)","劉O良","07-6282276","07-6282275","有","有"
"45136452","20160607","20220928","江泰企業有限公司","JT METAL CO., LTD.","高雄市左營區明誠二路491號9樓","9 F., No. 491, Mingcheng 2nd Rd., Zuoying Dist., Kaohsiung City 813304, Taiwan (R.O.C.)","林O輝","07-5885053","","有","有"
"45136474","20160707","20210813","新佳橡膠科技有限公司","SIN JIA RUBBER TECHNOLOGY CO., LTD.","高雄市左營區海景街411號9樓之2","9F.-2, No. 411, Haijing St., Zuoying Dist., Kaohsiung City 81342, Taiwan (R.O.C.)","李OO","","","無","無"
"45136565","20160620","20210814","福集科技有限公司","FORTUNE DIGIT LTD.","高雄市前金區民生二路71號7樓之1","7F.-1, No. 71, Minsheng 2nd Rd., Qianjin Dist., Kaohsiung City 80144, Taiwan (R.O.C.)","吳O惠","07-2316767","","有","有"
"45136571","20170210","20210814","弘翔興業有限公司","HONG SOAR DEVELOPMENT CO., LTD.","高雄市鳳山區中山東路380巷86弄7號1樓","1 F., No. 7, Aly. 86, Ln. 380, Zhongshan E. Rd., Fengshan Dist., Kaohsiung City 83042, Taiwan (R.O.C.)","黃O禎","07-7820650","07-7820350","有","有"
"45136636","20220725","20220725","大巨有限公司","DA JU CO., LTD.","高雄市岡山區正氣路199巷12號","No. 12, Ln. 199, Zhengqi Rd., Gangshan Dist., Kaohsiung City 820115, Taiwan (R.O.C.)","李O泰","07-6241608","","有","有"
"45136642","20160531","20210816","璞捷科技有限公司","PURJET TECHNOLOGY CO., LTD.","高雄市燕巢區安招路1066之10號","No. 1066-10, Anzhao Rd., Yanchao Dist., Kaohsiung City 82448, Taiwan (R.O.C.)","林O雄","07-6165015","07-6160622","有","有"
"45136657","20160704","20241217","加伊實業有限公司","CHONG BECAM CO., LTD.","高雄市新興區民生一路56號18樓之6","18 F.-6, No. 56, Minsheng 1st Rd., Xinxing Dist., Kaohsiung City 800408, Taiwan (R.O.C.)","呂O祖","0912056277","07-374556","有","有"
"45136740","20180517","20240206","丸鐵運動股份有限公司","Vertex Sports Company","高雄市鳳山區新康街187號12樓","12 F., No. 187, Xinkang St., Fengshan Dist., Kaohsiung City 830541, Taiwan (R.O.C.)","李O倉","07-2818160","","有","有"
"45136761","20160826","20241105","得得國際股份有限公司","DELICA INTERNATIONAL CO., LTD.","","","","","","無","無"
"45136827","20160602","20210814","淞禾有限公司","SUN HARVEST CO., LTD.","高雄市左營區實踐路29號","No. 29, Shijian Rd., Zuoying Dist., Kaohsiung City 81346, Taiwan (R.O.C.)","張O雯","07-5810078","","有","有"
"45136869","20160601","20221227","旭德物聯科技股份有限公司","SHIUDER INTERNET OF THINGS TECHNOLOGY CO., LTD.","高雄市大社區三民路337號","No. 337, Sanmin Rd., Dashe Dist., Kaohsiung City 815009, Taiwan (R.O.C.)","戴O德","0935442225","07-5360075","無","無"
"45136880","20161021","20231019","笙揚國際物流企業有限公司","SOON YOUNG INTERNATIONAL LOGISTICS CO., LTD.","高雄市鳳山區光華東路167巷23號","No. 23, Ln. 167, Guanghua E. Rd., Fengshan Dist., Kaohsiung City 83060, Taiwan (R.O.C.)","張O云","07-7475795","","有","有"
"45136946","20160601","20230708","安柏國際有限公司","ANBWO INTERNATIONAL CO., LTD.","高雄市三民區力行路141號1樓","1F., No. 141, Lixing Rd., Sanmin Dist.,  Kaohsiung City 807005, Taiwan (R.O.C.)","陳O廷","07-3161999","07-3211469","無","無"
"45136973","20160616","20220106","慧吉有限公司","HUEY JYI CO., LTD.","高雄市美濃區吉東里吉山12之2號2樓","2 F., No. 12-2, Jishan, Jidong Vil., Meinong Dist., Kaohsiung City 84347, Taiwan (R.O.C.)","林O貴","07-5810137","07-5810150","有","有"
"45137115","20160603","20240919","艾斯霸科技有限公司","ICBOX TECHNOLOGY CO., LTD.","高雄市前鎮區中山二路91號7樓之7、之8","7 F.-7, No. 91, Zhongshan 2nd Rd., Qianzhen Dist., Kaohsiung City 806612, Taiwan (R.O.C.)","蔡O勇","0961122516","","有","有"
"45137142","20160713","20210814","蓁緻生物科技有限公司","T&R BIOTECH CO., LTD.","高雄市苓雅區福安路35巷2號14樓","14 F., No. 2, Ln. 35, Fu’an Rd., Lingya Dist., Kaohsiung City 80283, Taiwan (R.O.C.)","吳O澤","07-7883788","07-7886259","有","有"
"45137179","20160601","20210812","富康國際行銷股份有限公司","FOCUSON INTERNATIONAL MARKETING CO., LTD.","高雄市仁武區仁勇路51號1樓","1 F., No. 51, Renyong Rd., Renwu Dist., Kaohsiung City 81458, Taiwan (R.O.C.)","吳O峻","07-7338093","","有","有"
"45137261","20160530","20210814","億龍水產股份有限公司","YIH LONG MARINE PRODUCTS CO., LTD.","高雄市前鎮區漁港東二路3號2樓","2 F., No. 3, Yugang E. 2nd Rd., Cianjhen Dist., Kaohsiung City 80672, Taiwan (R.O.C.)","陳O月凰","07-8223880","07-8211230","有","有"
"45137305","20160601","20250417","愛而發國際事業有限公司","DEAR HI INTERNATIONAL CO., LTD.","臺中市北屯區文心路三段447號22樓之2","22 F.-2, No. 447, Sec. 3, Wenxin Rd., Beitun Dist., Taichung City 406505, Taiwan (R.O.C.)","","07-5521094","","無","無"
"45137396","20190522","20210814","藤昇國際有限公司","TEN-SHEN BIO-TECH INTERNATIONAL CO., LTD.","高雄市大寮區濃公路183號","No. 183, Nonggong Rd., Daliao Dist., Kaohsiung City 83163, Taiwan (R.O.C.)","賴O章","07-7873112#9","07-7872012","有","有"
"45137446","20160531","20210814","永旭立有限公司","EVERSUNRISE INTERNATIONAL LIMITED","高雄市三民區民孝路63號16樓","16 F., No. 63, Minxiao Rd., Sanmin Dist., Kaohsiung City 80768, Taiwan (R.O.C.)","王O香","07-3956716","07-2135150","有","有"
"45137473","20160614","20210813","茯瑞斯有限公司","FRESH NANO CO., LTD.","高雄市左營區博愛三路687號","No. 687, Bo’ai 3rd Rd., Zuoying Dist., Kaohsiung City 81365, Taiwan (R.O.C.)","王O華","0922119515","07-3430756","無","無"
"45137537","20160601","20210812","志隆五金有限公司","ZHI LONG CO., LTD.","高雄市林園區鳳林路3段1113之1號","No. 1113-1, Sec. 3, Fenglin Rd., Linyuan Dist., Kaohsiung City 83246, Taiwan (R.O.C.)","陳O志","07-5375771","07-5375776","有","有"
"45137591","20160624","20240320","展鴻興國際貿易有限公司","ZHAN HONG XING INTERNATIONAL TRADING CO., LTD.","高雄市楠梓區楠梓路329巷4號5樓","5 F., No. 4, Ln. 329, Nanzi Rd., Nanzi Dist., Kaohsiung City 81164, Taiwan (R.O.C.)","朱O綺","07-3758458","","有","有"
"45137620","20250415","20250415","禧豪家精密有限公司","JUBILEE HAO HOME REFIND DENSE LTD.","屏東縣里港鄉中和村中南7號","No. 7, Zhongnan, Ligang Township, Pingtung County 905004, Taiwan (R.O.C.)","王O朗","","","有","有"
"45137635","20180827","20221206","樂方股份有限公司","FUNMULA CO., LIMITED","高雄市鼓山區中華一路828號13樓","13 F., No. 828, Zhonghua 1st Rd., Gushan Dist., Kaohsiung City 804051, Taiwan (R.O.C.)","焉O葳","07-5222995","","有","有"
"45137683","20160602","20210812","房榛國際有限公司","JANE'S VINO ENTERPRISE CO., LTD.","高雄市三民區明仁路12之1號","No. 12-1, Mingren Rd., Sanmin Dist., Kaohsiung City 80794, Taiwan (R.O.C.)","房O蓁","07-3502158","","有","有"
"45137699","20171228","20210814","三一三有限公司","313 Co., Ltd.","高雄市大社區中山路355巷26號1樓","1 F., No. 26, Ln. 355, Zhongshan Rd., Dashe Dist., Kaohsiung City 81547, Taiwan (R.O.C.)","孫O平","07-3716535","","有","有"
"45137706","20160607","20230609","翎鏵國際有限公司","FOREVER DRAGON CO., LTD.","高雄市楠梓區後昌路837巷53號","No. 53, Ln. 837, Houchang Rd., Nanzi Dist., Kaohsiung City 811002, Taiwan (R.O.C.)","","07-3011234","","無","無"
"45137712","20160622","20210813","百利國際開發有限公司","BELIEVE INTERNATIONAL DEVELOPMENT CO., LTD.","高雄市鳥松區本舘路120號","No. 120, Niaosong Dist., Kaohsiung City 833, Taiwan (R.O.C.)","籃O妙","07-3700618","","有","有"
"45137749","20210804","20210813","太和科技實業有限公司","TAI HARMONIOUS TECHNOLOGY CO., LTD.","高雄市左營區重立路232巷17弄15號1樓","1 F., No. 15, Aly. 17, Ln. 232, Chongli Rd., Zuoying Dist., Kaohsiung City 81364, Taiwan (R.O.C.)","劉O和","0928010152","","有","有"
"45137776","20191009","20220425","稟麗有限公司","BEGH ZE CO., LTD","桃園市龜山區嶺頂里振興路13號","No. 13, Zhenxing Rd., Lingding Vil., Guishan Dist., Taoyuan City 33353, Taiwan (R.O.C.)","朱O毅","03-3594913","03-3594911","有","有"
"45137804","20160601","20210812","樂施達有限公司","LUXTEK CO., LTD.","高雄市鼓山區神農路91號","No. 91, Shennong Rd., Gushan Dist., Kaohsiung City 80454, Taiwan (R.O.C.)","嚴O國","07-5868980","07-5868982","有","有"
"45137852","20160627","20221202","鉅鑠有限公司","JU SHUO CO., LTD.","高雄市大寮區田單四街2號","No. 2, Tiandan 4th St., Daliao Dist., Kaohsiung City 831134, Taiwan (R.O.C.)","林O華","07-7886759","07-7880723","有","有"
"45137895","20191203","20210813","瑞靖企業有限公司","Sophie & Chole Enterprise Co., Ltd.","高雄市苓雅區四維二路118之1號11樓","11 F., No. 118-1, Siwei 2nd Rd., Lingya Dist., Kaohsiung City 80266, Taiwan (R.O.C.)","巫O裕","07-8026602#53","","有","有"
"45137902","20250317","20250317","玉登企業有限公司","YuDeng Enterprise CO., LTD.","高雄市大寮區農場路195號","No. 195, Nongchang Rd., Daliao Dist., Kaohsiung City  , Taiwan (R.O.C.)","楊O源","07-7872007","","有","有"
"45137939","20160719","20240723","進莉陞實業有限公司","KING LISON ENTERPRISE CO., LTD.","高雄市楠梓區惠心街27號2樓","2 F., No. 27, Huixin St., Nanzi Dist., Kaohsiung City 811027, Taiwan (R.O.C.)","","07-3011758","","無","無"
"45138058","20160628","20230111","酷優科技有限公司","QUBERTECH LTD.","高雄市仁武區鳳仁路287之7號","No. 287-7, Fengren Rd., Renwu Dist., Kaohsiung City 814013, Taiwan (R.O.C.)","于O","0963281755","","有","有"
"45138114","20160608","20230208","昌譽食品有限公司","CHANGYU FOOD CO., LTD.","高雄市小港區大業北路360號12樓之3","12 F.-3, No. 360, Daye N. Rd., Xiaogang Dist., Kaohsiung City 812008, Taiwan (R.O.C.)","李O商","0926035227","","有","有"
"45138135","20160722","20230223","宣昌國際貿易股份有限公司","SEAFOOD RICH INTERNATIONAL CO., LTD.","高雄市鼓山區青海路227號2樓","2 F., No. 227, Qinghai Rd., Gushan Dist., Kaohsiung City 804052, Taiwan (R.O.C.)","張O賓","07-3737553","07-3739793","無","無"
"45138228","20220823","20240504","昕至展科技有限公司","Xin Zhi Zhan Technology co., LTD.","高雄市苓雅區四維四路199號12樓","12 F., No. 199, Siwei 4th Rd., Lingya Dist., Kaohsiung City 802754, Taiwan (R.O.C.)","","07-2695300","","無","無"
"45138347","20170811","20210815","創八多媒體有限公司","CREATIVE8 MULTIMEDIA CO., LTD.","高雄市三民區九如一路58號9樓之1","9F.-1, No. 58, Jiuru 1st Rd., Sanmin Dist., Kaohsiung City 80766, Taiwan (R.O.C.)","周O弘","07-3350558","07-3350551","有","有"
"45138395","20190726","20210813","傑出水產有限公司","CHIEH CHU MARINE CO., LTD.","高雄市前鎮區漁港北三路22號3樓","3 F., No. 22, Yugang N. 3rd Rd., Cianjhen Dist., Kaohsiung City 80672, Taiwan (R.O.C.)","蔡O霖","07-8115145","07-8311272","有","有"
"45138557","20170314","20210815","安潔生技股份有限公司","AN JIE BIOTECH CO., LTD.","高雄市大寮區大寮路686巷30弄7號","No. 7, Aly. 30, Ln. 686, Daliao Rd., Daliao Dist., Kaohsiung City 83161, Taiwan (R.O.C.)","陳O霖","07-7886608","07-7886612","有","有"
"45138607","20160704","20210814","滄澤高科技有限公司","CANG ZE HIGH TECHNOLOGY CO., LTD.","高雄市苓雅區四維四路190號6樓之2","6F.-2, No. 190, Siwei 4th Rd., Lingya Dist., Kaohsiung City 80247, Taiwan (R.O.C.)","黃O澤","07-5315999","07-3312038","有","有"
"45138613","20160706","20221130","弘群興業有限公司","WONG GROUP SOCIETE GENERALE CO., LTD.","高雄市大寮區鳳林三路105巷24弄110號1樓","1 F., No. 110, Aly. 24, Ln. 105, Fenglin 3rd Rd., Daliao Dist., Kaohsiung City 831658, Taiwan (R.O.C.)","謝O孟秋","07-7873854","","有","有"
"45138711","20171026","20210814","頤珍人力開發國際有限公司","YI ZHEN HUMAN DEVELOPMENT INTERNATIONAL CO.","高雄市鼓山區大順一路439號6樓之1","6F.-1, No. 439, Dashun 1st Rd., Gushan Dist., Kaohsiung City 80452, Taiwan (R.O.C.)","王O涵","07-5520596#71","07-5520576","無","無"
"45138803","20190104","20221105","野棧咖啡有限公司","AGENT CAFE CO., LTD.","高雄市梓官區通安路293號1樓","1 F., No. 293, Tong'an Rd., Ziguan Dist., Kaohsiung City 826006, Taiwan (R.O.C.)","羅O國","0985-390958","","有","有"
"45138938","20160620","20210815","希格瑪貿易有限公司","CIGMA TRADING CO., LTD.","高雄市仁武區赤東五街46號1樓","1 F., No. 46, Chidong 5th St., Renwu Dist., Kaohsiung City 81456, Taiwan (R.O.C.)","黃O壬","07-3744773","","有","有"
"45139021","20240516","20240516","成宜科技股份有限公司","C.E. TECHNOLOGY CO., LTD.","高雄市岡山區嘉新東路22巷39號1樓","1 F., No. 39, Ln. 22, Jiaxin E. Rd., Gangshan Dist., Kaohsiung City 820103, Taiwan (R.O.C.)","黃O德","07-6230683","07-6230682","有","有"
"45139036","20160615","20210814","樂美康國際有限公司","SEVEN TRACK INTERNATIONAL CO., LTD.","高雄市苓雅區建國一路140巷25弄29號1樓","1 F., No. 29, Aly. 25, Ln. 140, Jianguo 1st Rd., Lingya Dist., Kaohsiung City 80288, Taiwan (R.O.C.)","吳O涵","0909777636","","無","無"
"45139232","20171213","20240705","緯爾國際有限公司","W.wear International Co., Ltd.","高雄市鼓山區美術東六街228號3樓","3 F., No. 228, Meishu E. 6th St., Gushan Dist., Kaohsiung City 804112, Taiwan (R.O.C.)","高O珠","07-5317987","07-5316449","無","無"
"45139280","20161214","20210813","燁綸文化創意股份有限公司","ARTLAND CULTURAL AND CREATIVE CO., LTD.","高雄市前鎮區瑞隆路199號1樓","1 F., No. 199, Ruilong Rd., Cianjhen Dist., Kaohsiung City 80645, Taiwan (R.O.C.)","呂O儒","","","有","有"
"45139388","20161013","20230711","承運輪胎有限公司","CHENGYUN TIRE CO., LTD.","高雄市阿蓮區中正路131巷9弄21號1樓","1 F., No. 21, Aly. 9, Ln. 131, Zhongzheng Rd., Alian Dist., Kaohsiung City 822004, Taiwan (R.O.C.)","劉O梧","0927-907-977","","有","有"
"45139394","20160720","20210814","凱丹國際有限公司","KNDY INTERNATIONAL COMPANY LIMITED","高雄市梓官區大宅街155號1樓","1 F., No. 155, Dazhai St., Ziguan Dist., Kaohsiung City 82641, Taiwan (R.O.C.)","黃O河","07-6178868","","有","有"
"45139401","20180420","20230606","種電工程有限公司","Solar Farm Investment CO., LTD.","高雄市苓雅區林富街9號7樓","7 F., No. 9, Linfu St., Lingya Dist., Kaohsiung City 802583, Taiwan (R.O.C.)","洪O雲","07-3302658","","有","有"
"45139423","20160718","20210814","成燁企業股份有限公司","SAMCHA ENTERPRISE CO., LTD.","高雄市彌陀區產業路21號1樓","1 F., No. 21, Chanye Rd., Mituo Dist., Kaohsiung City 82744, Taiwan (R.O.C.)","張O豪","07-6973088","","有","有"
"45139438","20160712","20230323","旺寶企業股份有限公司","WAN BAO ENTERPRISE CO., LTD.","高雄市鳥松區文前路文北巷2弄6號3樓","3 F., No. 6, Aly. 2, Wenbei Ln., Wenqian Rd., Niaosong Dist., Kaohsiung City 833173, Taiwan (R.O.C.)","張O菁","07-7355892","07-7338361","有","有"
"45139471","20160627","20210813","錕崙工程有限公司","GOOD LUCK ENGINEERING CO., LTD.","高雄市左營區民族一路1101巷8號1樓","1 F., No. 8, Ln. 1101, Minzu 1st Rd., Zuoying Dist., Kaohsiung City 81368, Taiwan (R.O.C.)","莊O州","07-3592180","","有","有"
"45139514","20210302","20210815","鑫輪國際貿易有限公司","HMH-XINLUN International Trading Co., Ltd.","高雄市苓雅區成功一路232號20樓之1","20F.-1, No. 232, Chenggong 1st Rd., Lingya Dist., Kaohsiung City 80249, Taiwan (R.O.C.)","蕭O修","07-7031886","07-7036665","有","有"
"45139562","20180814","20230510","游游農產品有限公司","YUYUFARM CO., LTD.","高雄市鳳山區頂明路320號","No. 320, Dingming Rd., Fengshan Dist., Kaohsiung City 830070, Taiwan (R.O.C.)","游O蓉","07-3458885","07-3458817","有","有"
"45139612","20160617","20210815","熊快樂國際音響有限公司","VERY MUSIC INTERNATIONAL CORPORATION LTD.","高雄市前鎮區英德街879號1樓","1 F., No. 879, Yingde St., Cianjhen Dist., Kaohsiung City 80656, Taiwan (R.O.C.)","賴O巧","07-5379858","07-5375588","有","有"
"45139654","20161215","20210815","威易開發有限公司","WE EASY DEVELOPMENT CO., LTD.","高雄市新興區中正三路55號28樓","28 F., No. 55, Zhongzheng 3rd Rd., Xinxing Dist., Kaohsiung City 80054, Taiwan (R.O.C.)","劉O德","07-9526599","","有","有"
"45139697","20160715","20210813","湧泉泵浦有限公司","YONG QUAN PUMP CO., LTD.","高雄市鳥松區福德路78號1樓","1 F., No. 78, Fude Rd., Niaosong Dist., Kaohsiung City 83343, Taiwan (R.O.C.)","陳O進","07-3502476","07-3502852","有","有"
"45139731","20160622","20221008","聯晟漁業股份有限公司","LIAN CHENG FISHERY CO., LTD.","高雄市前鎮區漁港東二路3號","No. 3, Yugang E. 2nd Rd., Qianzhen Dist., Kaohsiung City 806617, Taiwan (R.O.C.)","劉O取","07-8117919","","有","有"
"45139802","20160624","20220727","台灣曼恩能源有限公司","MAN Energy Solutions Taiwan Ltd.","高雄市前鎮區民權二路6號15樓之1","15 F.-1, No. 6, Minquan 2nd Rd., Qianzhen Dist., Kaohsiung City 806615, Taiwan (R.O.C.)","亞O格林(AdamGreen)","07-5372225","07-5372226","有","有"
"45139943","20190826","20240813","老汕頭泉成文創事業有限公司","Chuan Cheng Gourment Co., Ltd.","高雄市前鎮區凱興街123號","No. 123, Kaixing St., Qianzhen Dist., Kaohsiung City 806022, Taiwan (R.O.C.)","張O麟","07-3461587","07-3461833","有","有"
"45139970","20160711","20210815","時代沉香有限公司","KALIMANTAN AGILAWOOD INTERNATIONAL CO., LTD.","高雄市鳳山區代德二街100號1樓","1 F., No. 100, Fengshan Dist., Kaohsiung City 830, Taiwan (R.O.C.)","陳O坤","0930054102","","有","有"
"45139985","20160721","20210813","木華有限公司","MU HUAH CO., LTD.","高雄市左營區保靖街13號2樓","2 F., No. 13, Baojing St., Zuoying Dist., Kaohsiung City 81358, Taiwan (R.O.C.)","蔡O秀","07-9508696","07-9508686","有","有"
"45140006","20240703","20240703","鈺瑄文創事業有限公司","YUXUAN CULTURAL INNOVATION LTD.","高雄市鳳山區北明街135號5樓","5th Floor, No. 135, Beiming Street, Fengshan District, Kaohsiung City","藍O吟","","","有","有"
"45140028","20160629","20210814","丞宏電力股份有限公司","T.GREAT POWER CO., LTD.","高雄市鼓山區龍德路459號5樓","5 F., No. 459, Longde Rd., Gushan Dist., Kaohsiung City 80452, Taiwan (R.O.C.)","陳O玲","07-5526311","07-5226431","有","有"
"45140049","20160621","20210813","萬祥貿易有限公司","WAN HSIANG TRADE CO., LTD.","高雄市鳳山區南進五街69號1樓","1 F., No. 69, Nanjin 5th St., Fengshan Dist., Kaohsiung City 83088, Taiwan (R.O.C.)","蔡O弦","07-8153221","078153224","有","有"
"45140168","20160706","20241130","市圓股份有限公司","FARAD CO., LTD.","高雄市苓雅區中正二路93號12樓之2","12 F.-2, No. 93, Zhongzheng 2nd Rd., Lingya Dist., Kaohsiung City 802411, Taiwan (R.O.C.)","王O珠","07-2231386","07-2231368","有","有"
"45140189","20160624","20210813","竑碩五金有限公司","HONG SHUO HARDWARE CO., LTD.","高雄市鳳山區鳳捷路35巷8號","No. 8, Ln. 35, Fengjie Rd., Fengshan Dist., Kaohsiung City 83042, Taiwan (R.O.C.)","許O美","07-6222416","07-6227402","有","有"
"45140245","20160712","20210815","華騰食品有限公司","HUATENG FOOD CO., LTD.","高雄市路竹區中正路215巷94號1樓","1 F., No. 94, Ln. 215, Zhongzheng Rd., Luzhu Dist., Kaohsiung City 82146, Taiwan (R.O.C.)","李O恩","07-6965831","07-6965836","有","有"
"45140293","20170619","20210814","永州機車租賃有限公司","YONGZHOU ZULIN COMPANY","高雄市鳳山區光遠路78號","No. 78, Guangyuan Rd., Fengshan Dist., Kaohsiung City 83064, Taiwan (R.O.C.)","陳O鴻","07-740-9973","07-740-9873","有","有"
"45140300","20160627","20230829","元泰昱科技有限公司","YUAN TAI YU TECHNOLOGY CO., LTD.","高雄市小港區青山街123巷48號12樓","12 F., No. 48, Ln. 123, Qingshan St., Xiaogang Dist., Kaohsiung City 81268, Taiwan (R.O.C.)","朱O宏","07-3112775","07-3112779","有","有"
"45140316","20160622","20210815","台灣鳴川股份有限公司","TAIWAN NARUKAWA CO., LTD.","高雄市新興區忠孝一路233號3樓之2","3F.-2, No. 233, Zhongxiao 1st Rd., Xinxing Dist., Kaohsiung City 80055, Taiwan (R.O.C.)","鳴O穣(MinoruNarukawa)","07-2350462","","有","有"
"45140343","20160621","20210814","冠鋐汽車有限公司","GUAN HONG MOTOR CO., LTD.","高雄市大寮區巷尾路159號1樓","1 F., No. 159, Xiangwei Rd., Daliao Dist., Kaohsiung City 83151, Taiwan (R.O.C.)","陳O宏","07-7822232","07-7880723","有","有"
"45140408","20160720","20230111","台灣林達貿易有限公司","TAIWAN LINDA TRADING CO., LTD.","高雄市苓雅區成功一路232號11樓之3","11 F.-3, No. 232, Chenggong 1st Rd., Lingya Dist., Kaohsiung City 802619, Taiwan (R.O.C.)","張O華","07-3306985","","有","有"
"45140478","20170726","20210813","宜崧工程有限公司","E-SONG ENGINEERING CO., LTD.","高雄市仁武區仁和南街85之2號1樓","1 F., No. 85-2, Renhe S. St., Renwu Dist., Kaohsiung City 81452, Taiwan (R.O.C.)","陳O君","07-5888058#17","07-5889787","有","有"
"45140499","20160713","20240703","允伸五金有限公司","YUN SHEN HARDWARE CO., LTD.","高雄市阿蓮區中正路23巷8號1樓","1 F., No. 8, Ln. 23, Zhongzheng Rd., Alian Dist., Kaohsiung City 822004, Taiwan (R.O.C.)","","07-6310379","07-6319468","無","無"
"45140532","20160715","20230510","藍耀科技有限公司","LAN YAO & TECHNOLOGY CO., LTD.","臺南市東區崇文里崇德十九街51號","No. 51, Chongde 19th St., Chongwen Vil., East Dist., Tainan City 701033, Taiwan (R.O.C.)","鐘O隆","0921016120","","有","有"
"45140548","20160624","20210814","三合新企業有限公司","SAN HO XIN CO., LTD.","高雄市三民區有光路117號1樓","1 F., No. 117, Youguang Rd., Sanmin Dist., Kaohsiung City 80764, Taiwan (R.O.C.)","陳O昌","07-3839992","","有","有"
"45140569","20190314","20210814","喬立德國際有限公司","QIAO LIDE INTERNATIONAI LIMITED","高雄市鼓山區美術東四路458號8樓之6","8F.-6, No. 458, Meishu E. 4th Rd., Gushan Dist., Kaohsiung City 80457, Taiwan (R.O.C.)","曾O貞","07-5557368","075545516","有","有"
"45140575","20160706","20230510","震嘉國際實業有限公司","ZHAN JIA INTERNATIONAL INDUSTRIAL CO., LTD.","高雄市左營區先鋒路367號1樓","1 F., No. 367, Xianfeng Rd., Zuoying Dist., Kaohsiung City 813008, Taiwan (R.O.C.)","林O容","07-5521881","","無","無"
"45140596","20160728","20230719","菲迪生物科技股份有限公司","FACIAL BIOTECH INC.","臺南市東區崇善路941號","No. 941, Chongshan Rd., East Dist., Tainan City 701018, Taiwan (R.O.C.)","王O智","06-2890281","06-2890291","有","有"
"45140646","20160623","20210814","一馬貿易有限公司","ONE HORSE TRADING CO.,LTD.","高雄市小港區高坪三十七路392號1樓","1 F., No. 392, Gaoping 37th Rd., Xiaogang Dist., Kaohsiung City 81278, Taiwan (R.O.C.)","陳O琦","07-8112078","","無","無"
"45140786","20160705","20230617","帝勳建設股份有限公司","QI YO CO., LTD.","高雄市仁武區中正路445號2樓","2 F., No. 445, Zhongzheng Rd., Renwu Dist., Kaohsiung City 814012, Taiwan (R.O.C.)","劉O玲","07-7326896","07-3744456","有","有"
"45140809","20210317","20210814","東鴻科技有限公司","Donghong Technology Co., Ltd.","高雄市小港區鳳林路2巷31號1樓","1 F., No. 31, Ln. 2, Fenglin Rd., Xiaogang Dist., Kaohsiung City 81261, Taiwan (R.O.C.)","洪O樺","0954018618","","有","有"
"45140815","20190826","20210813","儷橙企業有限公司","LI CHENG CAUSE CO., LTD.","高雄市岡山區為隨西路91號","No. 91, Weisui W. Rd., Gangshan Dist., Kaohsiung City 82066, Taiwan (R.O.C.)","潘O廷","07-6221073","07-6221526","有","有"
"45140879","20240413","20240413","辰婕國際有限公司","CHEN JIE BEAUTY LTD.","高雄市仁武區中華路415號1樓","1 F., No. 415, Zhonghua Rd., Renwu Dist., Kaohsiung City 814015, Taiwan (R.O.C.)","鄭O安","07-3723011","","有","有"
"45140913","20160719","20230609","麗薇娜生技企業有限公司","LIWINA BIOTECH CO., LTD.","高雄市前鎮區新光路7號35樓之2","35 F.-2, No. 7, Xinguang Rd., Qianzhen Dist., Kaohsiung City 806613, Taiwan (R.O.C.)","翁O鴻","07-2515828","","有","有"
"45140929","20170210","20210814","創啟實業有限公司","ALPHAMEGA INDUSTRIAL CO., LTD.","高雄市三民區康德街3巷8號","No. 8, Ln. 3, Kangde St., Sanmin Dist., Kaohsiung City 80782, Taiwan (R.O.C.)","莊O榮","07-9555800","07-9502288","有","有"
"45141011","20160706","20210815","馹崧特用材料有限公司","RIH SONG SPECIALTY MATERIAL CO., LTD.","高雄市大樹區九曲路5巷23號","No. 23, Ln. 5, Jiuqu Rd., Dashu Dist., Kaohsiung City 84042, Taiwan (R.O.C.)","李O億","07-7888873","07-7885262","有","有"
"45141053","20160815","20230131","萬翔材料科技股份有限公司","SHINE MATERIALS TECHNOLOGY CO., LTD.","高雄市前鎮區新衙路288之6號7樓之2","7 F.-2, No. 288-6, Xinya Rd., Qianzhen Dist., Kaohsiung City 806604, Taiwan (R.O.C.)","溫O忠","07-8416686","07-8416676","有","有"
"45141173","20170320","20230130","沅川國際股份有限公司","YENCHUAN INTERNATIONAL CO., LTD.","高雄市前鎮區保泰路１８１號","No. 181, Baotai Rd., Qianzhen Dist., Kaohsiung City 80643, Taiwan (R.O.C.)","陳O詳","07-3813377","","有","有"
"45141188","20160628","20210813","全億水產有限公司","PINGTUNG CLOWNFISH CO.","高雄市林園區中厝路40之4號1樓","1 F., No. 40-4, Zhongcuo Rd., Linyuan Dist., Kaohsiung City 83241, Taiwan (R.O.C.)","魏O君","07-7217936","","有","有"
"45141194","20160707","20210815","協奏曲科技股份有限公司","CONCERTO TECH CO., LTD.","高雄市左營區文川路148號10樓之1","10F.-1, No. 148, Wenchuan Rd., Zuoying Dist., Kaohsiung City 81361, Taiwan (R.O.C.)","黃O德","07-3459338","07-3424840","有","有"
"45141217","20160704","20250429","詮閎國際貿易有限公司","CHUAN HONG INTERNATIONAL TRADING CO., LTD.","高雄市岡山區岡山路21號5樓","1 F., No. 39, Foxi St., Cianjhen Dist., Kaohsiung City 80666, Taiwan (R.O.C.)","賴O紘","07-8417868","","有","有"
"45141265","20160804","20210814","巨冠國際有限公司","GREAT CAR CO., LTD.","高雄市大寮區義隆街96巷3號","No. 3, Ln. 96, Yilong St., Daliao Dist., Kaohsiung City 83159, Taiwan (R.O.C.)","李O秋","07-9585600","","有","有"
"45141271","20160705","20250424","台灣東方宇威股份有限公司","TAIWAN ORIENTAL INCHAWAY CO., LTD.","高雄市前金區中正四路151號12樓之1","12F.-1, No. 151, Zhongzheng 4th Rd., Qianjin Dist., Kaohsiung City 80147, Taiwan (R.O.C.)","","07-5869692","07-5869672","無","無"
"45141292","20171124","20210812","元翔高空有限公司","YUAN HSIANG KAO KONG CO., LTD.","高雄市楠梓區常興街75號7樓","7 F., No. 75, Changxing St., Nanzi Dist., Kaohsiung City 81163, Taiwan (R.O.C.)","徐O倫","0938302586","","有","有"
"45141309","20160711","20210813","龍程科技有限公司","LONG CHEN TECHNOLOGY CO., LTD.","高雄市三民區民族一路702之7號4樓","4 F., No. 702-7, Minzu 1st Rd., Sanmin Dist., Kaohsiung City 80793, Taiwan (R.O.C.)","李O慧","07-3501557","07-3501557","有","有"
"45141390","20160725","20210814","正鴻船務代理有限公司","OCEAN PRIDE SHIPPING AGENCIES CO., LTD.","高雄市前金區市中一路234巷23號4樓","4 F., No. 23, Ln. 234, Shizhong 1st Rd., Qianjin Dist., Kaohsiung City 80148, Taiwan (R.O.C.)","蕭O光","07-2916968","","有","有"
"45141434","20160919","20210814","軒禾生物科技有限公司","HSUAN-HO BIO TECH MARKETING CO., LTD.","高雄市仁武區文學路2段353號","No. 353, Sec. 2, Wenxue Rd., Renwu Dist., Kaohsiung City 81450, Taiwan (R.O.C.)","戴O哲","07-5500619","07-5500620","有","有"
"45141455","20160630","20210814","浩奇國際有限公司","HAO CHI DINNERWARE INTERNATIONAL CO., LTD.","高雄市三民區明誠一路228號2樓","2 F., No. 228, Mingcheng 1st Rd., Sanmin Dist., Kaohsiung City 80786, Taiwan (R.O.C.)","黃O平","07-3959916","07-3959918","有","有"
"45141510","20181221","20230504","良面企業有限公司","LIANG MIEN ENTERPRICE CO., LTD.","高雄市鼓山區美術館路285號3樓","3 F., No. 285, Meishuguan Rd., Gushan Dist., Kaohsiung City 804406, Taiwan (R.O.C.)","梁O豪","07-5310161","","無","無"
"45141526","20230411","20230411","法昱有限公司","Fa-Yu LTD.","高雄市新興區文橫二路147號","No. 147, Wenheng 2nd Rd., Xinxing Dist., Kaohsiung City 800004, Taiwan (R.O.C.)","李O芬","07-5866222","","有","有"
"45141531","20170410","20210814","昶毅科技有限公司","CHANG YI (CY) TECHNOLOGY CO., LTD.","高雄市楠梓區藍田路1031巷1號1樓","1 F., No. 1, Ln. 1031, Lantian Rd., Nanzi Dist., Kaohsiung City 81148, Taiwan (R.O.C.)","陳O聖","07-6100618","07-6100090","有","有"
"45141595","20160720","20210815","品麒國際開發股份有限公司","PIN CHEER INT'L DEVELOPMENT CO., LTD.","高雄市前鎮區沱江街143號23樓","23 F., No. 143, Tuojiang St., Cianjhen Dist., Kaohsiung City 80661, Taiwan (R.O.C.)","劉O和","07-3311156","","無","無"
"45141639","20160808","20210815","海迪國際企業有限公司","HYDY INTERNATIONAL ENTERPRISE CO., LTD.","高雄市鼓山區文信路247號7樓","7 F., No. 247, Wenxin Rd., Gushan Dist., Kaohsiung City 80465, Taiwan (R.O.C.)","劉O羽","0976967777","","無","無"
"45141666","20160706","20250220","絜依實業有限公司","JOYSYNC TECHNOLOGY CO., LTD.","高雄市鳳山區北昌二街19號13樓","13 F., No. 19, Beichang 2nd St., Fengshan Dist., Kaohsiung City 830710, Taiwan (R.O.C.)","許O正","0915666553","","有","有"
"45141693","20220331","20240704","咁擔飲食文化有限公司","GAN DAN CO., LTD.","高雄市大寮區鳳屏一路109巷53號","No. 53, Ln. 109, Fengping 1st Rd., Daliao Dist., Kaohsiung City 831118, Taiwan (R.O.C.)","蕭O珊","07-7020046","","有","有"
"45141764","20160810","20230629","羅曾科技股份有限公司","L&T SCIENCE TECHNOLOGY CO., LTD.","高雄市三民區十全二路83號1樓","1 F., No. 83, Shiquan 2nd Rd., Sanmin Dist., Kaohsiung City 807007, Taiwan (R.O.C.)","曾O家","07-3212999","07-3218699","無","無"
"45141785","20160705","20210813","力誠化工有限公司","L CHEM CO., LTD.","高雄市鼓山區明華路251號10樓","10 F., No. 251, Minghua Rd., Gushan Dist., Kaohsiung City 80453, Taiwan (R.O.C.)","柳O添","0953257970","","有","有"
"45141814","20241231","20241231","英宏電動車有限公司","YING HORNG ELECTRIC BIKE CO., LTD.","高雄市鳳山區鳳仁路82號","No. 82, Fengren Rd., Fengshan Dist., Kaohsiung City 830023, Taiwan (R.O.C.)","李O慶","07-7905831","","有","有"
"45141906","20180619","20210813","喬立廣告有限公司","JOE LI ADVERTISEMENT CO., LTD.","高雄市左營區孟子路610號10樓","10 F., No. 610, Mengzi Rd., Zuoying Dist., Kaohsiung City 81365, Taiwan (R.O.C.)","張O玲","07-3961828","07-3960083","有","有"
"45141928","20160706","20210815","禾捷科技有限公司","HOJAY TECHNOLOGY CO., LTD.","高雄市鳳山區新康街356巷38號1樓","1 F., No. 38, Ln. 356, Xinkang St., Fengshan Dist., Kaohsiung City 83081, Taiwan (R.O.C.)","張O隆","07-7673435","","有","有"
"45141933","20160719","20240524","英德睿有限公司","ENDUROHR CO., LTD.","高雄市苓雅區興中一路82之3號1樓","1 F., No. 82-3, Xingzhong 1st Rd., Lingya Dist., Kaohsiung City 80243, Taiwan (R.O.C.)","周O翔","07-2220168","07-2266717","有","有"
"45141949","20160705","20210813","崇鼎有限公司","CHONG DING BUILDING MATERIAL CO., LTD.","高雄市左營區自由二路93號4樓之1","4F.-1, No. 93, Ziyou 2nd Rd., Zuoying Dist., Kaohsiung City 81357, Taiwan (R.O.C.)","林O弟","07-3813103","07-3813882","有","有"
"45142052","20160705","20210815","翌通國際股份有限公司","RAY TONE BUSINESS CONSULTING CO., LTD.","高雄市前鎮區中山二路198號10樓","10 F., No. 198, Zhongshan 2nd Rd., Cianjhen Dist., Kaohsiung City 80660, Taiwan (R.O.C.)","李O如","07-3380448","07-3380449","無","無"
"45142200","20160721","20210815","台灣希樂氏有限公司","CELLUX TAIWAN CO., LTD.","高雄市左營區新庄仔路497號1樓","1 F., No. 497, Xinzhuangzai Rd., Zuoying Dist., Kaohsiung City 81363, Taiwan (R.O.C.)","高O正","(07)350-4545","","有","有"
"45142428","20160720","20210813","耀晟石材有限公司","YAO CHENG STONE CO., LTD.","高雄市前鎮區林森四路172號3樓之1","3F.-1, No. 172, Linsen 4th Rd., Cianjhen Dist., Kaohsiung City 80661, Taiwan (R.O.C.)","范O銘","05-2061158","05-2060058","有","有"
"45142476","20160707","20240529","佳廣國際貿易有限公司","CHIA GUANG INTERNATIONAL CO., LTD.","高雄市苓雅區建華街265號1樓","1 F., No. 265, Jianhua St., Lingya Dist., Kaohsiung City 802017, Taiwan (R.O.C.)","李O廷","07-7212053","","有","有"
"45142497","20160718","20210814","豪欣精密有限公司","HAO HSIN PRECISION CO., LTD.","高雄市岡山區富貴西街41號1樓","1 F., No. 41, Fugui W. St., Gangshan Dist., Kaohsiung City 82055, Taiwan (R.O.C.)","郭O基","07-6217210","07-6227544","有","有"
"45142503","20180528","20210815","天蔚科技有限公司","Sky Way Technology Co., Ltd.","高雄市楠梓區海專路249號14樓","14 F., No. 249, Haizhuan Rd., Nanzi Dist., Kaohsiung City 81157, Taiwan (R.O.C.)","柯O伃","07-3603335","07-3645653","有","有"
"45142525","20161019","20221005","鴻博生技實業有限公司","HONG BO BIOTECHNOLOGY INDUSTRIAL CO., LTD.","高雄市前鎮區擴建路1之32號8樓","8 F., No. 1-32, Kuojian Rd., Qianzhen Dist., Kaohsiung City 806620, Taiwan (R.O.C.)","阮O婷","07-5850677","","有","有"
"45142567","20160712","20230511","鴻暉國際科技股份有限公司","GREAT GLOW TECHNOLOGY CO., LTD.","高雄市左營區富民路291號5樓","5 F., No. 291, Fumin Rd., Zuoying Dist., Kaohsiung City 813018, Taiwan (R.O.C.)","潘O玉","07-5508206","","有","有"
"45142594","20160729","20241008","韓格思國際有限公司","HANGERS THINKING CO., LTD.","高雄市苓雅區中華四路2號13樓","13 F., No. 2, Zhonghua 4th Rd., Lingya Dist., Kaohsiung City 802031, Taiwan (R.O.C.)","","0968180182","","無","無"
"45142623","20160711","20230420","華志國際有限公司","HUA CHIH INTERNATIONAL CO., LTD.","高雄市內門區南屏路194號1樓","1 F., No. 194, Nanping Rd., Neimen Dist., Kaohsiung City 845051, Taiwan (R.O.C.)","林O吉","07-6672760","07-6674833","有","有"
"45142644","20160719","20210813","上兆國際有限公司","SHANG ZHAO INTERNATIONAL CO., LTD.","高雄市鼓山區明華路251號10樓","10 F., No. 251, Minghua Rd., Gushan Dist., Kaohsiung City 80453, Taiwan (R.O.C.)","翁O碧","0937677888","07-5535225","有","有"
"45142671","20180116","20210815","高翊紙器有限公司","HIGH EXPANSION PAPER CO.","高雄市左營區重孝路32巷6號10樓","10 F., No. 6, Ln. 32, Chongxiao Rd., Zuoying Dist., Kaohsiung City 81368, Taiwan (R.O.C.)","鄭O彥","07-7332114","","有","有"
"45142686","20200121","20250218","恒陽國際股份有限公司","Heng Yang Energy Co., Ltd.","高雄市新興區民生一路56號18樓之6","18 F.-6, No. 56, Minsheng 1st Rd., Xinxing Dist., Kaohsiung City 800408, Taiwan (R.O.C.)","李O勤","07-3238998","","有","有"
"45142709","20160921","20210814","泰順興有限公司","TAI SHUEN SHING CO., LTD.","高雄市三民區大裕路187之1號2樓","2 F., No. 187-1, Dayu Rd., Sanmin Dist., Kaohsiung City 80780, Taiwan (R.O.C.)","王O達","07-3943355","","有","有"
"45142715","20170904","20210814","久慶國際船業股份有限公司","JIOU CING INTERNATIONAL SHIPBUILDING CO., LTD.","高雄市茄萣區大勇路1號","No. 1, Dayong Rd., Qieding Dist., Kaohsiung City 852, Taiwan (R.O.C.)","賴O均","07-6989615","07-6989872","有","有"
"45142742","20231101","20231101","奇克斯娛樂有限公司","Tricks Entertainment Co., Ltd.","高雄市三民區鼎山街576號3樓","3 F., No. 576, Dingshan St., Sanmin Dist., Kaohsiung City 807646, Taiwan (R.O.C.)","林O豫","07-3928056","","無","無"
"45142807","20160722","20210813","苓雅國際有限公司","ISSYLINK CO., LTD.","高雄市左營區重忠路23號14樓之3","14F.-3, No. 23, Chongzhong Rd., Zuoying Dist., Kaohsiung City 81361, Taiwan (R.O.C.)","陳O洸","07-3352679","07-3367169","無","無"
"45142877","20160725","20221217","肯信國際開發股份有限公司","CANXIN INTERNATIONAL DEVELOPMENT CO., LTD.","高雄市左營區環山路78號2樓","2 F., No. 78, Huanshan Rd., Zuoying Dist., Kaohsiung City 813014, Taiwan (R.O.C.)","郭O庭","07-5888676","07-5885916","有","有"
"45142911","20210824","20210824","鑫佲谷有限公司","XIN MIN GU CO., LTD.","高雄市鳳山區文衡路152巷3號","No. 3, Ln. 152, Wenheng Rd., Fengshan Dist., Kaohsiung City 83052, Taiwan (R.O.C.)","謝O融","0935407554","","有","有"
"45142927","20180822","20210812","宇蒼國際企業有限公司","Yu Cang international corp., ltd.","高雄市鳥松區松埔北巷3之3號","No. 3-3, Songpu N. Ln., Niaosong Dist., Kaohsiung City 83350, Taiwan (R.O.C.)","林O宇","07-7322833","07-7322855","有","有"
"45142932","20160718","20210813","佛公海洋有限公司","FUGANG OCEAN CO., LTD.","高雄市前鎮區漁港中二路36號","No. 36, Yugang Central 2nd Rd., Cianjhen Dist., Kaohsiung City 80672, Taiwan (R.O.C.)","林O贊","07-8128187","07-8128518","有","有"
"45143019","20180802","20250312","威福科技股份有限公司","WELL FULL TECHNOLOGY CO., LTD.","高雄市左營區文平街３６號2樓","2 F., No. 36, Wenping St., Zuoying Dist., Kaohsiung City 813030, Taiwan (R.O.C.)","","07-9766772","","無","無"
"45143073","20180420","20210815","好旺國際有限公司","HW INTERNATIONAL Co., Ltd.","高雄市鳳山區文龍東路53號","No. 53, Wenlong E. Rd., Fengshan Dist., Kaohsiung City 83052, Taiwan (R.O.C.)","楊O欣","07-7409000","","無","無"
"45143263","20160801","20230414","雅穎企業有限公司","YA YING TECHNOLOGY CO., LTD.","高雄市小港區桂誠街142號11樓","11 F., No. 142, Guicheng St., Xiaogang Dist., Kaohsiung City 812033, Taiwan (R.O.C.)","侯O文","07-7933381","","無","無"
"45143307","20160715","20221210","鼎勝船務代理股份有限公司","DIN SHEN SHIPPING AGENCY CO., LTD.","高雄市前金區河東路165號3樓之6","3 F.-6, No. 165, Hedong Rd., Qianjin Dist., Kaohsiung City 801702, Taiwan (R.O.C.)","蔡O源","07-2813053","07-2816353","有","有"
"45143340","20160720","20210815","和崧有限公司","UNICAST METALS CO., LTD.","高雄市鼓山區明誠四路226號16樓","16 F., No. 226, Mingcheng 4th Rd., Gushan Dist., Kaohsiung City 80457, Taiwan (R.O.C.)","盧O樑","07-5557976","07-5557693","有","有"
"45143377","20220210","20221020","大桔企業有限公司","Da-Ju Enterprise Co., Ltd.","高雄市仁武區後安里後庄巷161號1樓","1 F., No. 161, Houzhuang Ln., Hou’an Vil., Renwu Dist., Kaohsiung City 814009, Taiwan (R.O.C.)","李O永","07-3950079","","無","無"
"45143427","20160722","20210814","鎰盛精工有限公司","EASON PRECISION CO., LTD.","高雄市前金區中正四路151號12樓之2","12F.-2, No. 151, Zhongzheng 4th Rd., Qianjin Dist., Kaohsiung City 80147, Taiwan (R.O.C.)","蘇O宸","0926311038","","有","有"
"45143448","20160719","20230108","勝全半導體有限公司","SUN FULL SEMICONDUCTOR LIMITED CO., LTD.","高雄市鼓山區裕誠路1029號12樓","12 F., No. 1029, Yucheng Rd., Gushan Dist., Kaohsiung City 804723, Taiwan (R.O.C.)","張O凱","07-5597081","07-5597080","有","有"
"45143453","20170327","20210814","品信食品有限公司","PINXIN FOODS CO., LTD.","高雄市新興區中山橫路58號","No. 58, Zhongshanheng Rd., Xinxing Dist., Kaohsiung City 80055, Taiwan (R.O.C.)","洪O軒","07-2858636","07-2858676","無","無"
"45143518","20170417","20210813","慶利傢俱有限公司","CHING LI FURNITURE CO., LTD.","高雄市左營區果峰街3巷1號1樓","1 F., No. 1, Ln. 3, Guofeng St., Zuoying Dist., Kaohsiung City 81350, Taiwan (R.O.C.)","杜O玲","07-3101597","","有","有"
"45143524","20190214","20220817","南碁股份有限公司","Saigo Corporation","高雄市三民區十全二路318之6號16樓","16 F., No. 318-6, Shiquan 2nd Rd., Sanmin Dist., Kaohsiung City 807337, Taiwan (R.O.C.)","徐O棟","03-3558155","03-3551618","有","有"
"45143572","20160715","20210813","睿峰新能源科技有限公司","RUIFENG NEW ENERGY CO., LTD.","高雄市鳳山區過智街96號1樓","1 F., No. 96, Guozhi St., Fengshan Dist., Kaohsiung City 83093, Taiwan (R.O.C.)","陳O助","0910715772","","有","有"
"45143593","20160824","20210814","原艾國際有限公司","YUAN AI (TRULOVE) INTERNATIONAL LTD.","高雄市鳳山區誠義路1號4樓","4 F., No. 1, Chengyi Rd., Fengshan Dist., Kaohsiung City 83082, Taiwan (R.O.C.)","黃O勳","07-7533885","07-7533885","有","有"
"45143670","20160719","20220819","高勝漁業有限公司","KAO SHENG FISHERY CO., LTD.","高雄市前鎮區漁港東二路3號1樓","1 F., No. 3, Yugang E. 2nd Rd., Cianjhen Dist., Kaohsiung City 80672, Taiwan (R.O.C.)","呂O宏","07-3350008","07-3357129","有","有"
"45143685","20160715","20241115","精漢生物科技股份有限公司","CHING HAN BIOLOGICAL TECHNOLOGY CO., LTD.","高雄市燕巢區安林路9號","No. 9, Anlin Rd., Yanchao Dist., Kaohsiung City 82443, Taiwan (R.O.C.)","吳O蓮","0989354577","","有","有"
"45143756","20170207","20230421","錩原實業有限公司","CHANG WON ENTERPRISE CO., LTD.","高雄市小港區高坪十五路310號1樓","1 F., No. 310, Gaoping 15th Rd., Xiaogang Dist., Kaohsiung City 812041, Taiwan (R.O.C.)","李O亭","07-890-2227","","有","有"
"45143778","20191227","20221007","崧象有限公司","SONGSIANG CO., LTD.","高雄市前鎮區凱旋四路430號1樓","1 F., No. 430, Kaixuan 4th Rd., Qianzhen Dist., Kaohsiung City 806027, Taiwan (R.O.C.)","葉O志","07-8415082","07-8415087","有","有"
"45143947","20160720","20210815","雄展有限公司","OISHI CO., LTD.","高雄市前金區河南二路166號18樓之3","18F.-3, No. 166, Henan 2nd Rd., Qianjin Dist., Kaohsiung City 80143, Taiwan (R.O.C.)","大O利行","07-3410124","","有","有"
"45143968","20160722","20210814","棗健康有限公司","JUJUBE HEALTH FOOD LIMITED COMPANY","高雄市左營區裕誠路249號3樓","3 F., No. 249, Yucheng Rd., Zuoying Dist., Kaohsiung City 81359, Taiwan (R.O.C.)","陳O成","07-5319777","07-5319710","有","有"
"45144050","20160803","20230327","千源國際貿易有限公司","SPRING WELL PLASTIC CO., LTD.","高雄市苓雅區自強三路52號6樓之9","6 F.-9, No. 52, Ziqiang 3rd Rd., Lingya Dist., Kaohsiung City 802751, Taiwan (R.O.C.)","黃O洲","07-269-6362","","無","無"
"45144072","20170712","20210813","大椽數位科技有限公司","DA CHUAN DIGITAL TECHNOLOGY COMPANY LIMITED","高雄市苓雅區仁義街155巷1號1樓","1 F., No. 1, Ln. 155, Renyi St., Lingya Dist., Kaohsiung City 80245, Taiwan (R.O.C.)","陳O慧","0920713665","07-3333311","有","有"
"45144093","20160720","20220430","賀航漁業有限公司","HER HARNG FISHERY CO., LTD.","高雄市前鎮區漁港東二路3號1樓","1 F., No. 3, Yugang E. 2nd Rd., Cianjhen Dist., Kaohsiung City 80672, Taiwan (R.O.C.)","呂O宏","07-3350008","07-3357129","有","有"
"45144116","20211215","20240330","祐榮海事工程有限公司","Yourong Marine Engineering Co., Ltd.","高雄市前鎮區明鳳20街58號1樓","1F., NO. 58, MINGFENG 20TH ST., QIANZHEN DIST., KAOHSIUNG CITY 80665, TAIWAN (R.O.C.)","李O勳","07-8020256","","有","有"
"45144158","20170103","20210813","億興木器有限公司","YI HSING WOODEN CO., LTD.","高雄市梓官區赤崁北路141之39號","No. 141-39, Chikan N. Rd., Ziguan Dist., Kaohsiung City 82644, Taiwan (R.O.C.)","黃O益","07-6109199","","有","有"
"45144489","20180613","20230727","杏聯生醫股份有限公司","Xing Lian Biomedical CO., Ltd.","高雄市苓雅區光華一路232號3樓","3 F., No. 232, Guanghua 1st Rd., Lingya Dist., Kaohsiung City 802040, Taiwan (R.O.C.)","侯O玉","07-8210087","","有","有"
"45144501","20160822","20210813","益菖軟管科技有限公司","EE CHANNG HOSE TECHNOLOGY CO., LTD.","高雄市鹽埕區公園二路97號","No. 97, Gongyuan 2nd Rd., Yancheng Dist., Kaohsiung City 80343, Taiwan (R.O.C.)","蔡O輝","07-5615636","07-53111999","有","有"
"45144517","20160728","20230318","新威動物科技股份有限公司","UMIX TECH CO., LTD.","南投縣埔里鎮同聲里隆生路83-15號","No. 83-15, Longsheng Rd., Tongsheng Vil., Puli Township, Nantou County 545015, Taiwan (R.O.C.)","林O成","(08)762-2298","08-7623238","無","無"
"45144523","20170316","20230410","四方圓藝術有限公司","FOUR PARTNERS CO., LTD.","高雄市仁武區永新四街383號","No. 383, Yongxin 4th St., Renwu Dist., Kaohsiung City 81457, Taiwan (R.O.C.)","郭O文","06-3036412","06-3036412","有","有"
"45144538","20160728","20210815","康源行健股份有限公司","HEALTH TO WEALTH CO., LTD.","高雄市前金區五福三路79號8樓之1","8F.-1, No. 79, Wufu 3rd Rd., Qianjin Dist., Kaohsiung City 80148, Taiwan (R.O.C.)","史O兆","07-2818699","","有","有"
"45144565","20160817","20230725","井揚實業有限公司","KING SPIN SCREWS CO., LTD.","高雄市阿蓮區埤尾路188巷11號","No. 11, Ln. 188, Piwei Rd., Alian Dist., Kaohsiung City 822005, Taiwan (R.O.C.)","陳O溢","07-6333269","07-6332739","有","有"
"45144571","20160824","20210815","杰達國際有限公司","JEDI INTERNATIONAL CO., LTD.","高雄市左營區至聖路200號5樓","5 F., No. 200, Zhisheng Rd., Zuoying Dist., Kaohsiung City 81357, Taiwan (R.O.C.)","賴O駿","07-2711577","","有","有"
"45144663","20160728","20231214","水綻股份有限公司","DREAM SURFING CO., LTD.","高雄市鼓山區明華路317號17樓之2","17 F.-2, No. 317, Minghua Rd., Gushan Dist., Kaohsiung City 804605, Taiwan (R.O.C.)","李O珠","0905419836","","有","有"
"45144679","20160727","20221217","先進醫資股份有限公司","ADVMEDS CO., LTD.","高雄市苓雅區自強三路3號35樓之8、之9","35 F.-8, No. 3, Ziqiang 3rd Rd., Lingya Dist., Kaohsiung City 802751, Taiwan (R.O.C.)","黃O聖","07-5666229","07-5666713","有","有"
"45144684","20181113","20210814","國鼎冷氣空調有限公司","KOA DING CO., LTD.","高雄市左營區重立路411號","No. 411, Chongli Rd., Zuoying Dist., Kaohsiung City 81364, Taiwan (R.O.C.)","曾O芬","07-3106088","07-3106166","有","有"
"45144777","20161021","20210813","豆桑設計有限公司","DOLLSUM CO., LTD.","高雄市左營區和光街56巷38號","No. 38, Ln. 56, Heguang St., Zuoying Dist., Kaohsiung City 81345, Taiwan (R.O.C.)","劉O文","07-3633887","07-3633891","有","有"
"45144798","20160824","20221028","皮莫迪兒貿易有限公司","PRIMORDIAL & CO., LTD.","高雄市苓雅區民權一路7巷9號1樓","1 F., No. 9, Ln. 7, Minquan 1st Rd., Lingya Dist., Kaohsiung City 802037, Taiwan (R.O.C.)","戴O","0966550852","","無","無"
"45144805","20160803","20221213","欣威電子科技有限公司","THIN WAY ELECTRONIC SCIENCE TECHNOLOGY CORP., LTD.","高雄市前鎮區擴建路1之33號2樓","2 F., No. 1-33, Kuojian Rd., Qianzhen Dist., Kaohsiung City 806620, Taiwan (R.O.C.)","龔O多喜","07-8110811","07-8110355","有","有"
"45144832","20160727","20211224","晶鈺貿易實業股份有限公司","DUAMOND SHINING TRADING CO., LTD.","高雄市仁武區八德東路595號1樓","1 F., No. 595, Bade E. Rd., Renwu Dist., Kaohsiung City 81462, Taiwan (R.O.C.)","李O毅","07-5229237","07-5229337","有","有"
"45144880","20170425","20210814","奧美特思有限公司","ALL MECHATRONICS CO., LTD.","高雄市仁武區鳳仁路100號","No. 100, Fengren Rd., Renwu Dist., Kaohsiung City 81462, Taiwan (R.O.C.)","吳O燕","07-3727229","","有","有"
"45144919","20210716","20210815","侑峰醫療器材有限公司","YO FONG MEDICAL EQUIPMENT ENTERPRISE LTD.","高雄市前鎮區南寧街69號","No. 69, Nanning St., Cianjhen Dist., Kaohsiung City 80656, Taiwan (R.O.C.)","李O在","0970085903","","有","有"
"45145023","20190610","20250409","塩埕股份有限公司","YEN CHENG CO F&B CO., LTD.","高雄市左營區立大路15號","No. 15, Lida Rd., Zuoying Dist., Kaohsiung City 813016, Taiwan (R.O.C.)","蔣O蓁","07-5515023","","有","有"
"45145065","20160729","20210815","信和科技有限公司","ZAMER ASIA LTD.","高雄市燕巢區四林路126之2號","No. 126-2, Silin Rd., Yanchao Dist., Kaohsiung City 82446, Taiwan (R.O.C.)","卓O","07-6141119","","有","有"
"45145115","20160810","20210815","立宗有限公司","LEONIDS FASTENER CORPORATION","高雄市左營區新榮街89號6樓","6 F., No. 89, Xinrong St., Zuoying Dist., Kaohsiung City 81355, Taiwan (R.O.C.)","吳O中","07-5867506","","有","有"
"45145136","20160802","20210812","原石科技有限公司","ATOMROCK CO., LTD.","高雄市前鎮區三多三路155號10樓之2","10F.-2, No. 155, Sanduo 3rd Rd., Cianjhen Dist., Kaohsiung City 80655, Taiwan (R.O.C.)","曾O維","07-3344269","","有","有"
"45145163","20160805","20210813","季節化妝品有限公司","R MONTHS COSMETICS LTD.","高雄市路竹區中興路59巷16弄35號1樓","1 F., No. 35, Aly. 16, Ln. 59, Zhongxing Rd., Luzhu Dist., Kaohsiung City 82141, Taiwan (R.O.C.)","王O賢","0972636868","","有","有"
"45145179","20160920","20210813","勝營實業有限公司","SHERWIN PRIME SUPPLY CO., LTD.","高雄市三民區復興一路163號10樓之2","10F.-2, No. 163, Fuxing 1st Rd., Sanmin Dist., Kaohsiung City 80753, Taiwan (R.O.C.)","蕭O菁","07-2369617","","有","有"
"45145190","20160729","20210814","傑能動力工業股份有限公司","JIE NENG POWER INDUSTRY CO., LTD.","高雄市苓雅區四維三路6號13樓之1","13F.-1, No. 6, Siwei 3rd Rd., Lingya Dist., Kaohsiung City 80250, Taiwan (R.O.C.)","莊O華","07-3343058","07-3325672","有","有"
"45145213","20231110","20231110","成昊企業有限公司","CHANGE HOW CO., LTD.","臺中市太平區永成里長億六街126巷9弄5號1樓","1 F., No. 5, Aly. 9, Ln. 126, Changyi 6th St., Yongcheng Vil., Taiping Dist., Taichung City 411036, Taiwan (R.O.C.)","莊O宇","04-22711339","04-22711323","有","有"
"45145229","20180306","20210813","宏云精密工業有限公司","HUNG YUN PRECISION INDUSTRY CO., LTD.","臺中市沙鹿區鹿寮里三條圳二街197號1樓","1 F., No. 197, Santiaozun 2nd St., Luliao Vil., Shalu Dist., Taichung City 43351, Taiwan (R.O.C.)","林O婷","04-26355271","04-26355275","有","有"
"45145234","20160330","20230202","晴莀貿易有限公司","SUNCHEN TRADING CO. LTD","臺中市西區五權西四街112號","No. 112, Wuquan W. 4th St., West Dist., Taichung City 403025, Taiwan (R.O.C.)","楊O菁","04-22589801","","有","有"
"45145240","20160510","20240208","瓏典創意室內裝修有限公司","LONG CAI INTERIOR DESIGN CO., LTD.","臺中市南屯區惠中里文心路一段378號22樓之1","22 F.-1, No. 378, Sec. 1, Wenxin Rd., Huizhong Vil., Nantun Dist., Taichung City 408384, Taiwan (R.O.C.)","廖O憲","0921332252","","有","有"
"45145282","20240221","20240502","宇潤科技股份有限公司","Yurun Technology CO., LTD.","臺中市西區忠明里美村路一段36號5樓之2","5 F.-2, No. 36, Sec. 1, Meicun Rd., Zhongming Vil., West Dist., Taichung City 403015, Taiwan (R.O.C.)","陳O宏","","","有","有"
"45145311","20160407","20221029","尚朋企業有限公司","THUMBON ENTERPRISES CO., LTD.","臺中市西屯區福林里福雅路63號1樓","1 F., No. 63, Fuya Rd., Fulin Vil., Xitun Dist., Taichung City 407003, Taiwan (R.O.C.)","藍O朋","04-23800372","","無","無"
"45145332","20160329","20230106","彩雲翻譯有限公司","VERTO TRANSLATION LIMITED","臺中市大里區光明路5號2樓","2 F., No. 5, Guangming Rd., Dali Dist., Taichung City 412032, Taiwan (R.O.C.)","朱O雲","0982569636","","無","無"
"45145348","20190626","20210815","龍鉅精工股份有限公司","Longitude Global Tech Co., Ltd.","臺中市梧棲區自立路349號","No. 349, Zili Rd., Wuqi Dist., Taichung City 43546, Taiwan (R.O.C.)","李O雄","","","有","有"
"45145403","20241029","20241029","睿申有限公司","RUI SHEN LTD.","臺中市龍井區龍泉里中社一街142號1樓","1 F., No. 142, Zhongshe 1st St., Longquan Vil., Longjing Dist., Taichung City 434025, Taiwan (R.O.C.)","林O葉","0988-303800","","有","有"
"45145446","20160331","20210814","華泰大投資有限公司","HUA TAI DA INVESTMENT CO., LTD.","臺中市西區大忠南街50號3樓之2","3F.-2, No. 50, Dazhong S. St., West Dist., Taichung City 40359, Taiwan (R.O.C.)","先O芳","0935725331","","有","有"
"45145558","20160505","20230113","宮鼎有限公司","KT RACING CO., LTD.","臺中市潭子區嘉豐路42號","No. 42, Jiafeng Rd., Tanzi Dist., Taichung City 427001, Taiwan (R.O.C.)","張O楨","04-25364499","","無","無"
"45145591","20160418","20250604","歐克諾斯國際股份有限公司","OKEANOS INTERNATIONAL INC.","臺中市龍井區龍泉里沙田路五段425號1樓","1 F., No. 425, Sec. 5, Shatian Rd., Longquan Vil., Longjing Dist., Taichung City 434028, Taiwan (R.O.C.)","卓O秀","04-26352708","04-26357600","無","無"
"45145683","20160407","20210815","訪寶得有限公司","FUNBRID CO., LTD.","臺中市西區公德里精誠路265號","No. 265, Jingcheng Rd., Gongde Vil., West Dist., Taichung City 40359, Taiwan (R.O.C.)","西O真志","04-24735350","","有","有"
"45145699","20160330","20210815","沐樂實業有限公司","ALL BEST PRODUCT CO., LTD.","臺中市西區忠誠里華美西街一段199號1樓","1 F., No. 199, Sec. 1, Huamei W. St., Zhongcheng Vil., West Dist., Taichung City 40353, Taiwan (R.O.C.)","陳O森","04-23160891","04-23160991","有","有"
"45145760","20160519","20230720","秒賣數位行銷有限公司","SOLDOUTSOON DIGITAL MARKETING CO., LTD.","臺北市內湖區瑞光路168號9樓","9 F., No. 168, Ruiguang Rd., Neihu Dist., Taipei City 114062, Taiwan (R.O.C.)","陳O甫","04-23306566","","有","有"
"45145831","20180720","20210813","丞鈗有限公司","cheng yun auto parts co., ltd.","臺中市霧峰區北柳里四德路376巷5之1號1樓","1 F., No. 5-1, Ln. 376, Side Rd., Beiliu Vil., Wufeng Dist., Taichung City 41353, Taiwan (R.O.C.)","施O宜","04-23399996","04-23322997","有","有"
"45145874","20160408","20220223","利盈有限公司","LEE SURPLUS LTD.","臺中市神岡區溪洲里神洲路866巷13號1樓","1 F., No. 13, Ln. 866, Shenzhou Rd., Xizhou Vil., Shengang Dist., Taichung City 42948, Taiwan (R.O.C.)","吳O笑","04-25604619","","有","有"
"45145918","20200217","20210814","竟成有限公司","JING-CHAN ANDY CO., LTD.","臺中市北屯區和平里和福路136號五樓之2","5F.-2, No. 136, Hefu Rd., Heping Vil., Beitun Dist., Taichung City 40642, Taiwan (R.O.C.)","張O睿","0922585968","","有","有"
"45146016","20160412","20210813","福興農機有限公司","FU-HSING AGRICULTURAL MACHINERY CO., LTD.","臺中市清水區下湳里中山路507巷15號","No. 15, Ln. 507, Zhongshan Rd., Xianan Vil., Qingshui Dist., Taichung City 43642, Taiwan (R.O.C.)","李O隆","04-26233169","","有","有"
"45146022","20160516","20230414","鉅為國際股份有限公司","TRUEACT INTERNATIONAL CO., LTD.","臺中市西屯區潮洋里朝富路213號21樓之7","21 F.-7, No. 213, Chaofu Rd., Chaoyang Vil., Xitun Dist., Taichung City 407609, Taiwan (R.O.C.)","趙O鉅","04-22542006","","有","有"
"45146043","20160411","20210813","馬星有限公司","MA XING COMPANY LIMITED","臺中市豐原區朴子里朴子街376巷1號1樓","1 F., No. 1, Ln. 376, Puzi St., Puzi Vil., Fengyuan Dist., Taichung City 42072, Taiwan (R.O.C.)","张O","04-25367015","04-25200662","有","有"
"45146120","20230414","20241015","伊卡斯股份有限公司","Ecas LTD.","臺中市潭子區潭陽里福潭路450巷20弄10號1樓","1 F., No. 10, Aly. 20, Ln. 450, Futan Rd., Tanyang Vil., Tanzi Dist., Taichung City 427019, Taiwan (R.O.C.)","蔡O海珠","0921918243","","有","有"
"45146199","20160406","20210815","荷憩有限公司","LOTO NOURISHING LLC.","臺中市西區土庫里存中街9之2號4樓","4 F., No. 9-2, Cunzhong St., Tuku Vil., West Dist., Taichung City 40349, Taiwan (R.O.C.)","范O明","04-23752919","04-23751222","有","有"
"45146310","20160406","20210812","遠程科技顧問有限公司","YUANCHENG TEC CONSULTANT CO., LTD.","臺中市北屯區同榮路239巷21號","No. 21, Ln. 239, Tongrong Rd., Beitun Dist., Taichung City 40683, Taiwan (R.O.C.)","馬O","0935-106088","","有","有"
"45146368","20170525","20210815","佳綠有限公司","COSMO SOHO CO.,LTD.","臺中市南屯區惠中里文心路一段324號11樓之1","11F.-1, No. 324, Sec. 1, Wenxin Rd., Huizhong Vil., Nantun Dist., Taichung City 40866, Taiwan (R.O.C.)","陳O仁","04-23831286","","有","有"
"45146374","20181024","20250328","萌特生技事業股份有限公司","MONTAR INTERNATIONAL CO., Ltd.","臺中市東區東英里精武東路100號","No. 100, Jingwu E. Rd., Dongying Vil., East Dist., Taichung City 401020, Taiwan (R.O.C.)","張O媗","04-22390530","04-22396530","有","有"
"45146389","20160616","20221028","世豊股份有限公司","SHIH FONG CO., LTD.","臺中市龍井區龍津里蚵寮路155號1樓","1 F., No. 155, Keliao Rd., Longjin Vil., Longjing Dist., Taichung City 434010, Taiwan (R.O.C.)","郭O祺","0931495127","","有","有"
"45146395","20160419","20210815","丸田有限公司","MARUTA HIGH-TECHNOLOGIES CO., LTD.","臺中市神岡區庄後里六張路2之18號1樓","1 F., No. 2-18, Liuzhang Rd., Zhuanghou Vil., Shengang Dist., Taichung City 42952, Taiwan (R.O.C.)","王O榮","04-23176985","","有","有"
"45146418","20160412","20230324","佳昂國際貿易股份有限公司","JIA AUNG MARBLE CO., LTD.","臺中市太平區永成里長億六街207號1樓","1 F., No. 207, Changyi 6th St., Yongcheng Vil., Taiping Dist., Taichung City 411036, Taiwan (R.O.C.)","徐O凱","0922703399","04-25390933","有","有"
"45146424","20180518","20210815","源達機電科技有限公司","KIMAX TECHNOLOGY LTD.","臺中市西屯區工業區一路2巷3號9樓之2","9F.-2, No. 3, Ln. 2, Gongyequ 1st Rd., Xitun Dist., Taichung City 40767, Taiwan (R.O.C.)","夏O桓","04-23507533#17","04-23507531","有","有"
"45146536","20160418","20210814","相榮有限公司","XIANGRONG INNOVATION COMPANY LIMITED","臺中市神岡區岸裡里中山路238巷10之12號","No. 10-12, Ln. 238, Zhongshan Rd., Anli Vil., Shengang Dist., Taichung City 42947, Taiwan (R.O.C.)","邱O金珠","04-25229686","04-25282154","有","有"
"45146629","20170727","20230408","綠得設計事業股份有限公司","GREENLEDER CO., LTD.","臺中市豐原區圓環北路二段263號","No. 263, Sec. 2, Yuanhuan N. Rd., Fengyuan Dist., Taichung City 420009, Taiwan (R.O.C.)","郭O玲","04-25230999","04-25290693","有","有"
"45146634","20180115","20210814","鑫勝鑫有限公司","SINUPSIN CO., LTD.","臺北市中山區南京東路2段150號10樓","10 F., No. 150, Sec. 2, Nanjing E. Rd., Zhongshan Dist., Taipei City 10489, Taiwan (R.O.C.)","羅O蒂","04-24734280","04-24738236","有","有"
"45146698","20160406","20210815","豪逸家有限公司","STRONG BOND CO., LTD.","臺中市西區東昇里公館路168號2樓","2 F., No. 168, Gongguan Rd., Dongsheng Vil., West Dist., Taichung City 40344, Taiwan (R.O.C.)","林O燁","04-23716229","04-23716230","無","無"
"45146705","20160415","20210813","寶佳美雲端企業有限公司","PAOCHIAMEI CO., LTD.","臺中市南屯區文山里寶山三街57號一樓","1 F., No. 57, Baoshan 3rd St., Wenshan Vil., Nantun Dist., Taichung City 40859, Taiwan (R.O.C.)","陳O君","04-22602189","04-22603378","有","有"
"45146748","20160428","20250522","泰浦樂國際有限公司","TOPPUROR INTERNATIONAL COMPANY LTD.","臺中市西屯區何安里臺灣大道二段910號11樓之7","11 F.-7, No. 910, Sec. 2, Taiwan Blvd., He’an Vil., Xitun Dist., Taichung City 407600, Taiwan (R.O.C.)","王O亮","04-25662645","04-25673461","有","有"
"45146846","20210709","20240321","承沛興業股份有限公司","Cheng Pei Enterprise Co., Ltd","臺中市北屯區松順一街182號2樓","2 F., No. 182, Songshun 1st St., Beitun Dist., Taichung City 406022, Taiwan (R.O.C.)","張O緹","04-22430518","04-22438986","有","有"
"45146986","20160415","20210813","森梓有限公司","YUT-GO CO., LTD.","臺中市豐原區豐勢路一段12號11樓","11 F., No. 12, Sec. 1, Fengshi Rd., Fengyuan Dist., Taichung City 42080, Taiwan (R.O.C.)","廖O俊","04-25892680","04-25893191","無","無"
"45147036","20160426","20210812","國際享馨美學有限公司","INTERNATIONAL SIANG SIN AESTHETICS LTD.","臺中市北區大湖里大誠街117號","No. 117, Dacheng St., Dahu Vil., North Dist., Taichung City 40444, Taiwan (R.O.C.)","李O龍","0926557919","","有","有"
"45147063","20230420","20230420","大謙空間設計有限公司","Daqian Space Design CO., LTD.","臺中市西區臺灣大道二段239號13樓","13 F., No. 239, Sec. 2, Taiwan Blvd., West Dist., Taichung City 403018, Taiwan (R.O.C.)","楊O傑","0966833888","","有","有"
"45147107","20230522","20250306","鈦鈗精工有限公司","TYSK. CO., LTD.","臺中市東區東信里十甲東路146號1樓","No. 22, Dongmen Rd., Dongmen Vil., East Dist., Taichung City 401012, Taiwan (R.O.C.)","邱O華","04-22130560","04-22154635","有","有"
"45147129","20160412","20210812","青力企業有限公司","GREEN FORCE GLOBAL CO., LTD.","臺中市北區錦南街7號9樓","9 F., No. 7, Jinnan St., North Dist., Taichung City 40455, Taiwan (R.O.C.)","盧O宏","04-22279279","04-22270679","無","無"
"45147182","20160719","20221229","翔智有限公司","DUESENSI COMPANY LIMITED","臺中市東區東門里天乙街37巷20號","No. 20, Ln. 37, Tianyi St., Dongmen Vil., East Dist., Taichung City 401013, Taiwan (R.O.C.)","王O翔","04-22916857#12","04-22916867","無","無"
"45147205","20190130","20210815","申浚昇科技股份有限公司","Shen Jun Polytron Technologies Inc.","新北市新莊區新泰路213巷54號","No. 54, Ln. 213, Xintai Rd., Xinzhuang Dist., New Taipei City 24242, Taiwan (R.O.C.)","黃O紘","03-5830937","","有","有"
"45147248","20170308","20220322","喬月有限公司","CIAO YUE LIMITED","臺中市太平區樹德九街148號1樓","1 F., No. 148, Shude 9th St., Taiping Dist., Taichung City 41171, Taiwan (R.O.C.)","呂O娟","04-23729303","04-23721592","有","有"
"45147253","20180926","20240221","博司生活文創有限公司","COMMONGOOD CO., LTD.","臺中市北區新興里太平路75巷1之3號","No. 1-3, Ln. 75, Taiping Rd., Xinxing Vil., North Dist., Taichung City 404008, Taiwan (R.O.C.)","林O侒","04-22263002","04-22256166","有","有"
"45147319","20161107","20210814","佳科國際股份有限公司","BEST TECHNIC INTERNATIONAL CORPORATION","臺中市沙鹿區埔子里正英八街61號1樓","1 F., No. 61, Zhengying 8th St., Puzi Vil., Shalu Dist., Taichung City 43347, Taiwan (R.O.C.)","郭O春","","","有","有"
"45147330","20160418","20230207","昱程國際貿易有限公司","YU CHANGE INTERNATIONAL CO., LTD.","臺中市沙鹿區福興里福至路100巷66弄8號","No. 8, Aly. 66, Ln. 100, Fuzhi Rd., Fuxing Vil., Shalu Dist., Taichung City 433026, Taiwan (R.O.C.)","陳O均","0975-322558","","無","無"
"45147346","20160428","20221008","理本實業有限公司","RATIONALITY INDUSTRIAL CO., LTD.","臺中市霧峰區吉峰里峰生巷7弄7號1樓","1 F., No. 7, Aly. 7, Fengsheng Ln., Jifeng Vil., Wufeng Dist., Taichung City 413002, Taiwan (R.O.C.)","紀O豪","0963260789","04-22246217","無","無"
"45147351","20160421","20210815","金鈺順食品有限公司","JIN YU SHUEN FOODS CO., LTD.","臺中市豐原區葫蘆里市前街19號1樓","1 F., No. 19, Shiqian St., Hulu Vil., Fengyuan Dist., Taichung City 42056, Taiwan (R.O.C.)","張O斐","04-25276155","04-25276115","有","有"
"45147367","20161031","20230111","宏宜企業有限公司","HONG-YI MEMBRANE CO., LTD.","臺中市西屯區大墩二十街118號5樓之1","5 F.-1, No. 118, Dadun 20th St., Xitun Dist., Taichung City 407514, Taiwan (R.O.C.)","趙O婕","04-22256776","04-23105332","無","無"
"45147394","20170619","20210814","宸煒貿易有限公司","OUTDOOR WARM HOUSE CO., LTD.","臺中市北區文莊里中清路1段79號6樓","6 F., No. 79, Sec. 1, Zhongqing Rd., Wenzhuang Vil., North Dist., Taichung City 40458, Taiwan (R.O.C.)","張O裕","04-22029068","04-22024373","有","有"
"45147492","20161117","20230422","利瑋精密科技有限公司","LIH WOEI PRECISION TECHNOLOGY CO., LTD.","臺中市豐原區朴子里豐勢路2段819巷78之2號","No. 78-2, Ln. 819, Sec. 2, Fengshi Rd., Puzi Vil., Fengyuan Dist., Taichung City 420081, Taiwan (R.O.C.)","張O金","04-25284431","04-25289411","有","有"
"45147628","20160421","20221130","佳紳國際有限公司","J SONN INTERNATIONAL CO., LTD.","臺中市南區和平里忠明南路760號5樓","5 F., No. 760, Zhongming S. Rd., Heping Vil., South Dist., Taichung City 402256, Taiwan (R.O.C.)","簡O成","04-22610328","04-22610329","無","無"
"45147704","20190712","20210815","夢之繪有限公司","MOEART CO., LTD.","臺中市北區健行里忠明路424號20樓之1","20F.-1, No. 424, Zhongming Rd., Jianxing Vil., North Dist., Taichung City 40466, Taiwan (R.O.C.)","廖O珮","0963451306","","有","有"
"45147726","20160412","20250102","冠詮精密機械有限公司","CROWN CHIUN PRECISION MACHINERY CO., LTD.","南投縣草屯鎮北投里北投路文教巷75弄17號","No. 17, Aly. 75, Wenjiao Ln., Beitou Rd., Beitou Vil., Caotun Township, Nantou County 542013, Taiwan (R.O.C.)","牛O帆","049-2302045","049-2305782","有","有"
"45147802","20180606","20210815","南牒有限公司","Nander Co., Ltd.","南投縣南投市新興路291巷36號1樓","1 F., No. 36, Ln. 291, Xinxing Rd., Nantou City, Nantou County 54042, Taiwan (R.O.C.)","賴O傑","0910603322","","有","有"
"45147839","20160414","20230510","得萊貿易股份有限公司","WELL MADE CYCLE TRADING LIMITED","臺中市北屯區崇德路二段130號11樓","11 F., No. 130, Sec. 2, Chongde Rd., Beitun Dist., Taichung City 406503, Taiwan (R.O.C.)","黃O豪","04-22368708","04-22368180","有","有"
"45147866","20160414","20210813","水生活國際股份有限公司","H2OLIFE INTERNATIONAL CO., LTD.","臺中市西屯區文心路三段241號21樓之2","21F.-2, No. 241, Sec. 3, Wenxin Rd., Xitun Dist., Taichung City 40753, Taiwan (R.O.C.)","黃O杰","0900605316","04-25324751","有","有"
"45147922","20160418","20240119","老地方國際有限公司","PETFUN PET INTERNATIONAL CO.","臺中市北屯區平德里天津路三段45號1樓","1 F., No. 45, Sec. 3, Tianjin Rd., Pingde Vil., Beitun Dist., Taichung City 40666, Taiwan (R.O.C.)","王O驊","04-25680196","","有","有"
"45147943","20160419","20230318","奕誠機械股份有限公司","YI CHENG MACHINERY LTD.","臺中市神岡區岸裡里大洲路322號1樓","1 F., No. 322, Dazhou Rd., Anli Vil., Shengang Dist., Taichung City 429001, Taiwan (R.O.C.)","羅O裕","04-25202897","","有","有"
"45148197","20160913","20210814","力磐國際股份有限公司","FORCE FOUNDATION INTERNATIONAL CO., LTD.","臺中市南屯區大興里永春東路233號1樓","1 F., No. 233, Yongchun E. Rd., Daxing Vil., Nantun Dist., Taichung City 40855, Taiwan (R.O.C.)","張O彤","04-24738835","04-24736183","有","有"
"45148210","20250527","20250527","江南小客車租賃有限公司","JiangNan Minibus Leasing CO., LTD.","臺中市烏日區烏日里新興路324號","No. 324, Xinxing Rd., Wuri Vil., Wuri Dist., Taichung City 414012, Taiwan (R.O.C.)","王O珞","04-23366110","","有","有"
"45148274","20160425","20230708","楷亭企業有限公司","KAITINGS INDUSTRIAL CORP.","臺中市東區樂成里東英二街56之1號1樓","1F., No. 56-1, Dongying 2nd St., Lecheng Vil., East Dist.,  Taichung City 401016, Taiwan (R.O.C.)","付OO","04-22155531","","有","有"
"45148393","20210217","20210815","冠昌工業有限公司","Guanchang Industrial boiler Co., Ltd.","臺中市大肚區頂街里大明五街93巷13號1樓","1 F., No. 13, Ln. 93, Daming 5th St., Dingjie Vil., Dadu Dist., Taichung City 43251, Taiwan (R.O.C.)","温O瑞","04-26984705","","有","有"
"45148400","20180622","20250603","超極生技股份有限公司","UltraE Co., Ltd.","臺中市大里區工業九路118號3樓","3 F., No. 118, Gongye 9th Rd., Dali Dist., Taichung City 412037, Taiwan (R.O.C.)","鍾O訓","04-24075415","04-24077240","有","有"
"45148529","20160422","20210813","飛創力有限公司","APP POWER CO., LTD.","臺中市北區文武街5巷12之2號3樓","3 F., No. 12-2, Ln. 5, Wenwu St., North Dist., Taichung City 40442, Taiwan (R.O.C.)","吳O章","0953328977","","有","有"
"45148534","20160524","20210814","一葉生技有限公司","YI YEH CO., LTD.","臺中市南區樹德里德富路146巷10號1樓","1 F., No. 10, Ln. 146, Defu Rd., Shude Vil., South Dist., Taichung City 40256, Taiwan (R.O.C.)","張O龍","0937634808","","有","有"
"45148555","20190426","20210813","陽晰科技有限公司","YOSI TECHNOLOGY. CO., LTD.","臺中市大甲區武曲里大安港路208號1樓","1 F., No. 208, Da’angang Rd., Wuqu Vil., Dajia Dist., Taichung City 43743, Taiwan (R.O.C.)","洪O澤","04-26889037","","有","有"
"45148577","20170303","20210814","宏昌壓克力企業有限公司","HONGCHANG ACRYLIC ENTERPRISE CO., LTD","臺中市北屯區北屯路427之3號1樓","1 F., No. 427-3, Beitun Rd., Beitun Dist., Taichung City 40654, Taiwan (R.O.C.)","張O軒","04-22472045","04-22473283","有","有"
"45148605","20160523","20210814","程邦實業有限公司","SUCCESSFUL CITY INDUSTRIAL CO., LTD.","臺中市豐原區東陽路130巷26號1樓","1 F., No. 26, Ln. 130, Dongyang Rd., Fengyuan Dist., Taichung City 42075, Taiwan (R.O.C.)","莊O珺","04-25201611","","無","無"
"45148627","20170206","20210813","志杰貿易有限公司","PARAGON MOTOR CO., LTD.","臺中市大里區日新路255號1樓","1 F., No. 255, Rixin Rd., Dali Dist., Taichung City 41251, Taiwan (R.O.C.)","陳O仁","04-22789558","04-22758066","有","有"
"45148648","20190808","20210815","宏甫顧問有限公司","TIFAR Consulting Company Limited","臺中市北區育德里篤行路371之2號2樓","2 F., No. 371-2, Duxing Rd., Yude Vil., North Dist., Taichung City 40461, Taiwan (R.O.C.)","蕭O裕","","","有","有"
"45148653","20160505","20210814","易宥企業有限公司","YI YOU WOOD ENTERPRISE CO., LTD.","臺中市梧棲區大庄里文昌路636巷2弄1號1樓","1 F., No. 1, Aly. 2, Ln. 636, Wenchang Rd., Dazhuang Vil., Wuqi Dist., Taichung City 43545, Taiwan (R.O.C.)","歐O招","04-26519155","","有","有"
"45148823","20170321","20211113","富凱外燴興業有限公司","FU KAI CATERING ENTERPRISE CO., LTD.","臺中市豐原區朴子里豐勢路二段535巷122弄23號","No. 23, Aly. 122, Ln. 535, Sec. 2, Fengshi Rd., Puzi Vil., Fengyuan Dist., Taichung City 42081, Taiwan (R.O.C.)","蔡O潔","04-25150781","","有","有"
"45148865","20200430","20240410","優捷國際企業有限公司","YOJETYOJET INTERNATIONAL CO., LTD.","臺中市清水區西寧里五權東路17巷76號1樓","1 F., No. 76, Ln. 17, Wuquan E. Rd., Xining Vil., Qingshui Dist., Taichung City 436044, Taiwan (R.O.C.)","張O瑩","04-26396093","","有","有"
"45148871","20160418","20210813","鈦電實業有限公司","ICMOMO TECHNOLOGY CO., LTD.","臺中市大雅區上楓里楓林街510號","No. 510, Fenglin St., Shangfeng Vil., Daya Dist., Taichung City 42872, Taiwan (R.O.C.)","張O欣","04-25675516","04-25675517","有","有"
"45148892","20190419","20210815","富鵬國際有限公司","Fuong International Ltd","臺中市中區中華里中華西街70號2樓","2 F., No. 70, Zhonghua W. St., Zhonghua Vil., Central Dist., Taichung City 40042, Taiwan (R.O.C.)","陳O月","04-22130623","04-22131841","有","有"
"45149029","20161104","20241114","吉彩緁有限公司","GU CAI JIE CO., LTD.","臺中市新社區興義街151號","No. 151, Xingyi St., Xinshe Dist., Taichung City 42646, Taiwan (R.O.C.)","余O燕","04-22768606","","有","有"
"45149034","20160520","20230718","先創機械有限公司","XIAN CHUANG MACHINERY CO., LTD.","臺中市潭子區潭陽里福潭路446號","No. 446, Futan Rd., Tanyang Vil., Tanzi Dist., Taichung City 427019, Taiwan (R.O.C.)","洪O閔","04-25350060","04-25350061","有","有"
"45149082","20160512","20240917","帝菲斯國際有限公司","Difeisi International Ltd.","臺中市大甲區中山路二段200號1樓","1 F., No. 200, Sec. 2, Zhongshan Rd., Dajia Dist., Taichung City 437105, Taiwan (R.O.C.)","甘O宸","04-26816856","04-26816856","有","有"
"45149175","20190107","20210813","波阿斯國際企業有限公司","BOAZ PHARMACEUTICAL MACHINERY CO., LTD.","臺中市西屯區港尾里中康二街14號1樓","1 F., No. 14, Zhongkang 2nd St., Gangwei Vil., Xitun Dist., Taichung City 40761, Taiwan (R.O.C.)","陳O萍","0952002158","","有","有"
"45149180","20220504","20220504","存鴻有限公司","Deposit Hung CO., LTD.","臺中市大里區新里里２７鄰永明街２６號","NO. 26, YONGMING ST., DALI DIST., TAICHUNG CITY 412020, TAIWAN (R.O.C.)","林O亮","04-24069412","04-24071628","有","有"
"45149251","20190410","20210815","榮暉技研有限公司","ECLATECH CO., LTD.","臺中市豐原區北陽里同安街189號1樓","1 F., No. 189, Tong’an St., Beiyang Vil., Fengyuan Dist., Taichung City 42045, Taiwan (R.O.C.)","吳O鎵","0913455522","","有","有"
"45149267","20160530","20210813","八九生活科技有限公司","LIFE INSIGHT TECHNOLOGY CO., LTD.","臺中市西區忠明里中美街369號1樓","1 F., No. 369, Zhongmei St., Zhongming Vil., West Dist., Taichung City 40349, Taiwan (R.O.C.)","李O憲","04-23267985","04-23239133","有","有"
"45149317","20160421","20210813","阿密巴精密工業有限公司","AMOEBA PRECISION INDUSTRY CO., LTD.","臺中市烏日區環河路一段862巷110弄21之15號","No. 21-15, Aly. 110, Ln. 862, Sec. 1, Huanhe Rd., Wuri Dist., Taichung City 41470, Taiwan (R.O.C.)","徐O勳","04-23363835","04-23362151","有","有"
"45149323","20160518","20210814","翔運興有限公司","SIANG YUN SING CO., LTD.","臺中市北屯區大連北街66巷18號1樓","1 F., No. 18, Ln. 66, Dalian N. St., Beitun Dist., Taichung City 40667, Taiwan (R.O.C.)","佟O","04-22915120","","有","有"
"45149344","20160428","20210813","主堤室內裝修有限公司","GREAT TEAM INTERIOR DECORATION CO., LTD.","臺中市太平區新光里新福路896號1樓","1 F., No. 896, Xinfu Rd., Xinguang Vil., Taiping Dist., Taichung City 41175, Taiwan (R.O.C.)","郭O伶","04-22421889","04-22421890","有","有"
"45149365","20160427","20210813","吉元甫有限公司","GOOD-GUP CO., LTD.","臺中市太平區成功東路141號1樓","1 F., No. 141, Chenggong E. Rd., Taiping Dist., Taichung City 41166, Taiwan (R.O.C.)","季O華","04-23357789","04-23359897","有","有"
"45149386","20240624","20240624","橙昕創藝文保有限公司","Cheng Xin Art and Conservation CO., LTD.","臺中市豐原區豐原里隆豐街6號1樓","1 F., No. 6, Longfeng St., Fengyuan Vil., Fengyuan Dist., Taichung City 420020, Taiwan (R.O.C.)","黃O如","0975609665","","有","有"
"45149409","20160617","20210812","立晟貿易實業有限公司","LI CHENG WHOLESALER TRADING CO., LTD.","臺中市大里區新里里德芳路二段137巷3號6樓","6 F., No. 3, Ln. 137, Sec. 2, Defang Rd., Xinli Vil., Dali Dist., Taichung City 41262, Taiwan (R.O.C.)","黃O瑋","04-23382111","04-23387166","有","有"
"45149421","20180420","20231222","茂仲實業有限公司","Mao Chung Enterprise co., LTD.","新北市蘆洲區光華路72號2樓","2 F., No. 72, Guanghua Rd., Luzhou Dist., New Taipei City 247028, Taiwan (R.O.C.)","","02-22880071","","無","無"
"45149442","20160419","20210814","宇森禾國際企業有限公司","YU SEN HE CO., LTD.","臺中市豐原區中陽里愛國街76號","No. 76, Aiguo St., Zhongyang Vil., Fengyuan Dist., Taichung City 42045, Taiwan (R.O.C.)","王O慧","04-25619368","04-25619379","有","有"
"45149457","20160426","20210814","凱律農業資材有限公司","KAI LIUH INTERNATIONAL TRADE CO., LTD.","南投縣草屯鎮南埔里中正路254之92號1樓","1 F., No. 254-92, Zhongzheng Rd., Nanpu Vil., Caotun Township, Nantou County 54243, Taiwan (R.O.C.)","周O中","0910424047","","有","有"
"45149668","20160422","20210815","特宇科技有限公司","STI TECHNOLOGY CO., LTD.","彰化縣田中鎮新庄里中山街158巷14弄1號1樓","1 F., No. 1, Aly. 14, Ln. 158, Zhongshan St., Xinzhuang Vil., Tianzhong Township, Changhua County 52048, Taiwan (R.O.C.)","董O懷","0934-186099","04-7220029","有","有"
"45149702","20160715","20250328","矗東機械股份有限公司","CHU DONG MACHINERY CO., LTD.","臺中市西屯區市政北六路236號4樓之1","4F.-1, No. 236, Shizheng N. 6th Rd., Xitun Dist., Taichung City 40756, Taiwan (R.O.C.)","陳O民","04-22581233","","有","有"
"45149724","20160929","20230427","舒活綠色材料股份有限公司","SENHUSI CO., LTD.","桃園市八德區大福里天祥街102巷26號6樓","6 F., No. 26, Ln. 102, Tianxiang St., Dafu Vil., Bade Dist., Taoyuan City 33441, Taiwan (R.O.C.)","張O瓏","0971716798","03-3670628","有","有"
"45149787","20191126","20250612","法蘭德生技股份有限公司","FRIENDS BIOTEC CO., LTD.","臺中市梧棲區大智路一段832巷51號1樓","1 F., No. 51, Ln. 832, Sec. 1, Dazhi Rd., Wuqi Dist., Taichung City 435061, Taiwan (R.O.C.)","李O德","0932523945","","有","有"
"45149800","20160509","20241225","台灣威博精密科技有限公司","WEPAC PRECISION TECHNOLOGY CO., LTD.","臺中市大里區環中東路六段476號2樓","2 F., No. 476, Sec. 6, Huanzhong E. Rd., Dali Dist., Taichung City 412006, Taiwan (R.O.C.)","","04-24838873","","無","無"
"45149816","20160425","20230822","有種生活有限公司","GUTTY GROUP LIMITED","臺中市清水區槺榔里大勇路138號13樓之2","13 F.-2, No. 138, Dayong Rd., Qingshui Dist., Taichung City 436608, Taiwan (R.O.C.)","韓O貞","0968-125452","","有","有"
"45149864","20160722","20210911","勝琪國際有限公司","SHENG CI International Co., Ltd.","臺中市大雅區中山北路151巷2號","No. 2, Ln. 151, Zhongshan N. Rd., Daya Dist., Taichung City 42843, Taiwan (R.O.C.)","羅O莉","04- 2462- 8135","","有","有"
"45149870","20191217","20221124","睿達創意行銷有限公司","RISING STAR CREATIVE MARKETING CO., LTD.","臺中市太平區新城里樹孝路67巷10號1樓","1 F., No. 10, Ln. 67, Shuxiao Rd., Xincheng Vil., Taiping Dist., Taichung City 411042, Taiwan (R.O.C.)","温O緣","04-23920850","","無","無"
"45149908","20160525","20230503","金浤國際股份有限公司","K HONG-INTERNATIONAL CO., LTD.","臺中市太平區永平南路40巷5號5樓之17","5 F.-17, No. 5, Ln. 40, Yongping S. Rd., Taiping Dist., Taichung City 411034, Taiwan (R.O.C.)","張O駿","0919839180","","無","無"
"45149962","20190709","20250522","程序智庫科技有限公司","Coded Think Tank Technology Co., Ltd.","臺中市北屯區平安里崇德路二段130號14樓","14 F., No. 130, Sec. 2, Chongde Rd., Ping’an Vil., Beitun Dist., Taichung City 406503, Taiwan (R.O.C.)","許O勝","04-23584727","04-23584727","有","有"
"45149978","20190923","20220419","台灣卡特興業有限公司","Taiwan Cutter Industrial Co., Ltd.","臺中市豐原區東陽里東陽路249巷2號1樓","1 F., No. 2, Ln. 249, Dongyang Rd., Dongyang Vil., Fengyuan Dist., Taichung City 42075, Taiwan (R.O.C.)","陳O勳","04-25220158","04-25228078","有","有"
"45150524","19930705","20210814","觀鑫木業有限公司","GUAN XIN WOOD INDUSTRIAL CO., LTD.","桃園市楊梅區上田里高平路205巷50號","No. 50, Ln. 205, Gaoping Rd., Shangtian Vil., Yangmei Dist., Taoyuan City 32647, Taiwan (R.O.C.)","劉O成","03-4781778","03-4785435","有","有"
"45151571","20030324","20220730","漢珍企業股份有限公司","HEN JEN INDUSTRIAL CO., LTD.","桃園市中壢區五權里三民路一段159號 (一樓)","1 F., No. 159, Sec. 1, Sanmin Rd., Wuquan Vil., Zhongli Dist., Taoyuan City 320011, Taiwan (R.O.C.)","劉O鎮","03-491-5391","03-491-5555","有","有"
"45151609","19930904","20241220","均輝國際工程股份有限公司","JUN HUI INDUSTRIAL CORP.","桃園市中壢區仁美里中山東路三段135號 (2樓)","2 F., No. 135, Sec. 3, Zhongshan E. Rd., Renmei Vil., Zhongli Dist., Taoyuan City 320039, Taiwan (R.O.C.)","沈O棋","03-4563101","06-4565868","有","有"
"45151946","20160422","20240202","丰強國際貿易有限公司","MELIO INTERNATIONAL TRADING COMPANY LIMITED","臺北市信義區基隆路2段23號5樓之1","5 F.-1, No. 23, Sec. 2, Keelung Rd., Xinyi Dist., Taipei City 110007, Taiwan (R.O.C.)","楊O蓁","0911-356138","","有","有"
"45152065","20000603","20230119","格敦企業股份有限公司","GD-TSENG ENTERPRISE CO., LTD.","桃園市中壢區忠福里南園二路373號1樓","1 F., No. 373, Nanyuan 2nd Rd., Zhongfu Vil., Zhongli Dist., Taoyuan City 320017, Taiwan (R.O.C.)","曾O榮","03-4631555","03-4334147","有","有"
"45152213","19921222","20230816","炳傑企業股份有限公司","ETRANS TECHNOLOGY CO., LTD.","桃園市中壢區篤行里華美一路21號","No. 21, Huamei 1st Rd., Duxing Vil., Zhongli Dist., Taoyuan City 32077, Taiwan (R.O.C.)","","03-4331308","03-4535346","無","無"
"45153178","19880201","20210813","玟締科技有限公司","WINDIRS TECHNOLOGY CO., LTD.","桃園市蘆竹區南崁路二段66-10號6樓","6 F., No. 66-10, Sec. 2, Nankan Rd., Luzhu Dist., Taoyuan City 33855, Taiwan (R.O.C.)","黃O華","03-3525806","03-3227099","有","有"
"45153310","19960417","20210815","統伊機械股份有限公司","UNIFY MACHINE INDUSTRIAL CO., LTD.","桃園市中壢區忠義里忠義路76號","No. 76, Zhongyi Rd., Zhongyi Vil., Zhongli Dist., Taoyuan City 32069, Taiwan (R.O.C.)","吳O結","03-4512221","03-4515917","有","有"
"45153331","20180817","20230816","有國興業有限公司","Yuoguo Industrial Co., Ltd.","新竹縣關西鎮東光里中豐新路30號","No. 30, Zhongfengxin Rd., Dongguang Vil., Guanxi Township, Hsinchu County 30643, Taiwan (R.O.C.)","黃O瑞","03-5475594","03-5171848","有","有"
"45153698","20000626","20230304","超音速實業有限公司","PEI LING CO., LTD.","桃園市中壢區興仁路二段光宇新村42號","No. 42, Sec. 2, Zhongli Dist.,  Taoyuan City 320, Taiwan (R.O.C.)","邱O盛","03-4553635","03-4630020","無","無"
"45154063","19840516","20210812","滙華投資股份有限公司","FINE FLOCK INDUSTRIAL CO., LTD.","臺北市大安區仁愛路4段117號12樓之1","12F.-1, No. 117, Sec. 4, Ren’ai Rd., Da’an Dist., Taipei City 10689, Taiwan (R.O.C.)","許O仰","02-27713320","02-27713029","有","有"
"45154107","20050323","20210813","九鋒實業有限公司","JIO FONG ENTERPRISE CO., LTD.","桃園市中壢區中原里信義路四四號","No. 44, Xinyi Rd., Zhongyuan Vil., Zhongli Dist., Taoyuan City 32067, Taiwan (R.O.C.)","黃O桂","03-4550555","03-4551937","有","有"
"45154970","19940323","20210812","東鋒金屬有限公司","TUNG FONG METALS CORPORATION","高雄市左營區文學路324號12樓之1","12F.-1, No. 324, Wenxue Rd., Zuoying Dist., Kaohsiung City 81361, Taiwan (R.O.C.)","羅O霞","07-5877031","07-5820502","有","有"
"45155106","19911102","20210813","青技精密工業股份有限公司","CHING JIH MOLDING CO., LTD.","桃園市平鎮區東勢里太平西路207巷35號","No. 35, Ln. 207, Taiping W. Rd., Dongshi Vil., Pingzhen Dist., Taoyuan City 32466, Taiwan (R.O.C.)","林O昌","03-4505571","","有","有"
"45155252","19980930","20240403","榕珵時代有限公司","MING YI SHIPING CO., LTD.","桃園市蘆竹區蘆興里南竹路二段256號(1樓)","1 F., No. 256, Sec. 2, Nanzhu Rd., Luxing Vil., Luzhu Dist., Taoyuan City 338006, Taiwan (R.O.C.)","許O溱","03-4256591","03-4256593","有","有"
"45157168","20050729","20210811","建和青菓行","JIAN-HO FRESH-FRUIT COMPANY","桃園市中壢區五福里８鄰五族街２８號１樓","1 F., No. 28, Wuzu St., 8th Neighborhood, Wufu Vil., Zhongli Dist., Taoyuan City 32048, Taiwan (R.O.C.)","陳O娥","03-4925566","03-4257278","有","有"
"45157575","20140625","20210812","名揚化工原料有限公司","MINYUNG CHEMICAL MATERIAL CO., LTD.","桃園市中壢區興平里新生路363號","No. 363, Xinsheng Rd., Xingping Vil., Zhongli Dist., Taoyuan City 32058, Taiwan (R.O.C.)","巫O朋","03-4259605","03-4261979","有","有"
"45158119","19940909","20221212","華碩興業有限公司","HUA SHUO ENTERPRISE CO., LTD.","桃園市中壢區仁義里育樂路61號1樓","1 F., No. 61, Yule Rd., Renyi Vil., Zhongli Dist., Taoyuan City 320021, Taiwan (R.O.C.)","黃O祺","03-4523728","03-4611368","無","無"
"45158217","19991126","20210814","振光精密工業有限公司","ZHEN GUANG PRECISION INDUSTRY CO., LTD.","桃園市中壢區忠義里中華路一段879巷4號","No. 4, Ln. 879, Sec. 1, Zhonghua Rd., Zhongyi Vil., Zhongli Dist., Taoyuan City 32068, Taiwan (R.O.C.)","謝O源","03-4517928","03-4517929","有","有"
"45159068","19981012","20221110","桃碩企業有限公司","TAO SHYR CO., LTD.","桃園市平鎮區復旦路三段97巷6號1樓","1 F., No. 6, Ln. 97, Sec. 3, Fudan Rd., Pingzhen Dist., Taoyuan City 324009, Taiwan (R.O.C.)","簡O娟","03-4917282","03-4910598","無","無"
"45160261","20160427","20210814","也事達國際有限公司","YESTAR INTERNATIONAL CO., LTD.","臺中市潭子區頭張東路107號1樓","1 F., No. 107, Touzhang E. Rd., Tanzi Dist., Taichung City 42745, Taiwan (R.O.C.)","莊O男","04-25361568","","有","有"
"45161249","19940831","20250122","佑社興業股份有限公司","JU SIN ENTERPRISE CO., LTD.","桃園市楊梅區裕成路158巷2弄23號","No. 23, Aly. 2, Ln. 158, Yucheng Rd., Yangmei Dist., Taoyuan City 326022, Taiwan (R.O.C.)","陳O豐","03-4735947","03-4735880","有","有"
"45161281","20190515","20210812","大峰石行","Da Full Stone co.","桃園市平鎮區東勢里金陵路五段128號1樓","1 F., No. 128, Sec. 5, Jinling Rd., Dongshi Vil., Pingzhen Dist., Taoyuan City 32464, Taiwan (R.O.C.)","林O娥","03-4505775","03-4509755","有","有"
"45161851","19900228","20210814","評記實業股份有限公司","PIN-CHIEF CORPORATION","桃園市新屋區東興路一段58號","No. 58, Sec. 1, Dongxing Rd., Xinwu Dist., Taoyuan City 32743, Taiwan (R.O.C.)","姜O雲","03-4773812","03-4773824","有","有"
"45162351","19880319","20210813","楊盛工業股份有限公司","TZOONGHER INDUSTRY CO., LTD.","桃園市中壢區和平里成章二街588號","No. 588, Chengzhang 2nd St., Heping Vil., Zhongli Dist., Taoyuan City 32065, Taiwan (R.O.C.)","楊O彥","03-4529130","03-4612592","有","有"
"45162459","20020121","20220503","長楓實業有限公司","CHANG FON INDUSTRY CO., LTD.","桃園市中壢區福壽一街11號","No. 11, Fushou 1st St., Zhongli Dist., Taoyuan City 32059, Taiwan (R.O.C.)","黃O","03-4522806","03-4511641","有","有"
"45162818","19990222","20210814","歷昶五金有限公司","LI-CHIAN HARDWARE COMPANY","桃園市中壢區舊明里廣明路135號","No. 135, Guangming Rd., Jiuming Vil., Zhongli Dist., Taoyuan City 32045, Taiwan (R.O.C.)","張O銀","03-4927766","03-4933545","有","有"
"45163099","19930702","20210815","惠業機械股份有限公司","HUI-YEH MACHINERY CO., LTD.","桃園市平鎮區復旦路三段111巷7號","No. 7, Ln. 111, Sec. 3, Fudan Rd., Pingzhen Dist., Taoyuan City 32449, Taiwan (R.O.C.)","葉O敦","03-4915175","03-4916210","有","有"
"45163295","19850417","20230707","新復興微波通訊股份有限公司","NEW ERA ELECTRONICS CO., LTD.","桃園市新屋區望間里10鄰15間45號","No. 45, Shiwujian, 10th Neighborhood, Wangjian Vil., Xinwu Dist., Taoyuan City 327006, Taiwan (R.O.C.)","張O輝","03-4722191","03-4723759","有","有"
"45163464","20190118","20231220","鑫綸科技有限公司","DREAMING HIGH CO., LTD.","臺中市西區臺灣大道二段489號12樓之1","12 F.-1, No. 489, Sec. 2, Taiwan Blvd., West Dist., Taichung City 403506, Taiwan (R.O.C.)","張O安","04-25227269","04-25227817","有","有"
"45163534","20140117","20210814","仙奇製衣企業有限公司","SUNRICH GARMENTS ENTERPRISE CO., LTD.","桃園市平鎮區延平路3段104巷1弄3號2樓","2 F., No. 3, Aly. 1, Ln. 104, Sec. 3, Yanping Rd., Pingzhen Dist., Taoyuan City 32453, Taiwan (R.O.C.)","張O恭","03-7994192","03-7994178","有","有"
"45164631","20170426","20240514","毛夥伴有限公司","FURRY PALS CO., LTD.","桃園市龍潭區工七路62號","No. 62, Gong 7th Rd., Longtan Dist., Taoyuan City 32559, Taiwan (R.O.C.)","賴O蓮","02-23889075","","有","有"
"45165316","19890408","20210813","元椿機械工業股份有限公司","YUAN CHUEN MACHINERY CO., LTD.","桃園市平鎮區興隆路二三○號","No. 230, Xinglong Rd., Pingzhen Dist., Taoyuan City 32460, Taiwan (R.O.C.)","李O祿","03-4594027","03-457-5198","有","有"
"45165863","20010827","20230326","弼聖實業股份有限公司","BIH-SHENG INDUSTRIAL CORP.","桃園市中壢區中央里中山路2巷27號","No. 27, Ln. 2, Zhongshan Rd., Zhongyang Vil., Zhongli Dist., Taoyuan City 320003, Taiwan (R.O.C.)","李O民","03-4255108-10","03-4258692","有","有"
"45166407","20031020","20210811","明興青果行","MING SHIN FRUIT CO.","桃園市中壢區五福里５鄰志成路６７號１樓","1 F., No. 67, Zhicheng Rd., 5th Neighborhood, Wufu Vil., Zhongli Dist., Taoyuan City 32048, Taiwan (R.O.C.)","廖O信","03-493-7646","02-2536-8795","有","有"
"45167150","20080930","20220305","茂暘企業社","SHENG U CO.","桃園市大園區青峰里領航北路4段118之1號5樓","5 F., No. 118-1, Sec. 4, Linghang N. Rd., Dayuan Dist., Taoyuan City 33743, Taiwan (R.O.C.)","傅O文","07-6815331","07-6819250","有","有"
"45167481","19970728","20240606","揚尚企業有限公司","YOUNG-SHANG ELECTRONIC CO., LTD.","桃園市中壢區光明里民權路257號一樓","1 F., No. 257, Minquan Rd., Guangming Vil., Zhongli Dist., Taoyuan City 32055, Taiwan (R.O.C.)","","03-4253830","","無","無"
"45167742","20041027","20210812","明達鑄造材料行","MINDA SAND CASTTING MATERIAL CO.","桃園市桃園區龍安里國強一街４８６號１樓","1 F., No. 486, Guoqiang 1st St., Long’an Vil., Taoyuan Dist., Taoyuan City 33057, Taiwan (R.O.C.)","余O治","03-3795252","03-3793232","有","有"
"45167932","19920805","20210813","偉加興水電企業有限公司","WEI CHIA HSIN CO., LTD.","臺中市北屯區東山路一段35之8號1樓","1 F., No. 35-8, Sec. 1, Dongshan Rd., Beitun Dist., Taichung City 40645, Taiwan (R.O.C.)","林O雄","03-4575336","03-4593468","有","有"
"45185312","20160503","20221221","雍囍有限公司","JANTASIA CO., LTD.","臺中市西區吉龍里美村路一段596巷6號2樓","2 F., No. 6, Ln. 596, Sec. 1, Meicun Rd., Jilong Vil., West Dist., Taichung City 403011, Taiwan (R.O.C.)","趙O均","04-23786779","","無","無"
"45185354","19870722","20220603","合同精機股份有限公司","HER TORNG PRECISION MACHINERY CO., LTD.","新北市淡水區民權路71號15樓","15 F., No. 71, Minquan Rd., Tamsui Dist., New Taipei City 251033, Taiwan (R.O.C.)","陳O祥","03-3868516-8","03-3869316","有","有"
"45185404","20160624","20240626","帝國鋼鐵有限公司","TEIKOKU STEEL CO., LTD.","臺中市西屯區西屯路2段256巷6號3樓之5","3 F.-5, No. 6, Ln. 256, Sec. 2, Xitun Rd., Xitun Dist., Taichung City 407428, Taiwan (R.O.C.)","","0933302650","","無","無"
"45185410","20190708","20210814","寶島原豆有限公司","Formosa Green Coffee Company","臺中市南屯區豐樂里文心南三路970號1樓","1 F., No. 970, Wenxin S. 3rd Rd., Fengle Vil., Nantun Dist., Taichung City 40876, Taiwan (R.O.C.)","李O齡","04-23815113","04-23819272","有","有"
"45185609","20160425","20250214","台灣艾克檢測有限公司","ACT TESTING INC.","臺中市神岡區社南里中山路667巷52號","No. 52, Ln. 667, Zhongshan Rd., Shenan Vil., Shengang Dist., Taichung City 429010, Taiwan (R.O.C.)","博O翰","04-25691456","","有","有"
"45185636","20190124","20230421","雍德志泰有限公司","HRC CO., LTD.","臺中市西區忠明南路237號9樓之2","9 F.-2, No. 237, Zhongming S. Rd., West Dist., Taichung City 403021, Taiwan (R.O.C.)","陳O吉","0986998080","","無","無"
"45185707","20160426","20230303","邦加蓮安有限公司","PANGALENGAN INTERNATIONAL CO., LTD.","臺中市豐原區北陽里中陽路558號1樓","1 F., No. 558, Zhongyang Rd., Beiyang Vil., Fengyuan Dist., Taichung City 420076, Taiwan (R.O.C.)","張O榛","04-25266147","","無","無"
"45185777","20190715","20250605","承益典藏有限公司","Cheng Yi Boutique Limited","臺中市北屯區后庄里松竹路三段700號","No. 700, Sec. 3, Songzhu Rd., Houzhuang Vil., Beitun Dist., Taichung City 406048, Taiwan (R.O.C.)","柳O賢","0972187957","","無","無"
"45186001","20230707","20230707","美醍國際有限公司","MEI TI INTERNATIONAL LTD.","臺中市大里區國光里永興路130號1樓","No. 130, Yongxing Rd., Guoguang Vil., Dali Dist., Taichung City 412014, Taiwan (R.O.C.)","蔡O玲","0928934193","","有","有"
"45186121","20160601","20230612","希歐國際有限公司","CI YEN MEN INTERNATIONAL CO., LTD.","臺中市北區建德里富強街19號1樓","1 F., No. 19, Fuqiang St., Jiande Vil., North Dist., Taichung City 404004, Taiwan (R.O.C.)","鄭O瑋","0422393979","0422393979","無","無"
"45186207","20160428","20210813","松興國際有限公司","SONG HSING INTERNATIONAL CO., LTD.","臺中市大甲區孟春里經國路2063號1樓","1 F., No. 2063, Jingguo Rd., Mengchun Vil., Dajia Dist., Taichung City 43768, Taiwan (R.O.C.)","林O田","04-26819696","04-26811881","有","有"
"45186473","20161216","20230407","首特精密股份有限公司","SURETEK INCORPORATION","臺中市北屯區文心路三段447號17樓","17 F., No. 447, Sec. 3, Wenxin Rd., Beitun Dist., Taichung City 406505, Taiwan (R.O.C.)","張O漳","04-22979313#114","","有","有"
"45186543","20160628","20230221","齊安興業有限公司","CHEER AN CO., LTD.","臺中市潭子區潭秀里中山路三段151號1樓","1 F., No. 151, Sec. 3, Zhongshan Rd., Tanxiu Vil., Tanzi Dist., Taichung City 427018, Taiwan (R.O.C.)","廖O香","0910-585538","","有","有"
"45186749","20170717","20210814","礽恩國際餐飲有限公司","RENG EN FOOD & BEVERAGE CO., LTD.","臺中市西區自立街117之1號3樓","3 F., No. 117-1, Zili St., West Dist., Taichung City 40357, Taiwan (R.O.C.)","許O宏","04-23756513","04-23229538","有","有"
"45187114","20010725","20250108","馨寶顯機械有限公司","HSIN PO HSIEN MACHINERY CO., LTD.","桃園市中壢區內定里吉林北路10之17號","No. 10-17, Jilin N. Rd., Neiding Vil., Zhongli Dist., Taoyuan City 320030, Taiwan (R.O.C.)","呂O珍","03-3818422","03-3815249","有","有"
"45187199","20170119","20210813","弘鼎國際人力資源有限公司","HOLD PROJECT MANPOWER SERVICE CO., LTD.","臺中市南屯區春社里忠勇路10之68號","No. 10-68, Zhongyong Rd., Chunshe Vil., Nantun Dist., Taichung City 40859, Taiwan (R.O.C.)","蕭O儀","04-22200147","","有","有"
"45187374","20160726","20210815","利達寶華有限公司","LDBH, LTD.","臺中市后里區墩西里四村路31號","No. 31, Sicun Rd., Dunxi Vil., Houli Dist., Taichung City 42150, Taiwan (R.O.C.)","張O茂","03-3636389","03-3633079","無","無"
"45187445","20160428","20230414","國際幹細胞股份有限公司","INTERNATIONAL STEM CELL CORPORATION","臺中市清水區楊厝里和睦路二段600號","No. 600, Sec. 2, Hemu Rd., Yangcuo Vil., Qingshui Dist., Taichung City 436043, Taiwan (R.O.C.)","王O源","04-26203686","04-26203676","有","有"
"45187472","20160825","20210815","鑽鑫服飾國際有限公司","PAF GARMENT INTERNATION LTD.","臺中市烏日區仁德街52之1號1樓","1 F., No. 52-1, Rende St., Wuri Dist., Taichung City 41474, Taiwan (R.O.C.)","吳O儀","04-22207553","","有","有"
"45187711","19890119","20230519","榮坤電子工業股份有限公司","JUNG KUN ELECTRONICS INDUSTRY CO., LTD.","桃園市平鎮區金星里42鄰南京路12巷82號","No. 82, Ln. 12, Nanjing Rd., 42th Neighborhood, Jinxing Vil., Pingzhen Dist., Taoyuan City 324016, Taiwan (R.O.C.)","劉O銀","03-4397074","03-4397009","有","有"
"45187780","20160502","20250223","森沐創意整合工坊有限公司","GREEN CONCRETE CRAFTS CO., LTD.","臺中市大甲區長壽路50之12號1樓","1 F., No. 50-12, Changshou Rd., Dajia Dist., Taichung City 437101, Taiwan (R.O.C.)","黃O蓉","0905532879","","有","有"
"45188009","20160701","20211228","嘉登科技有限公司","JIA DENG TECHNOLOGY CO., LTD.","臺中市西屯區何安里臺灣大道二段910號11樓之5","11F.-5, No. 910, Sec. 2, Taiwan Blvd., He’an Vil., Xitun Dist., Taichung City 40706, Taiwan (R.O.C.)","吳O璋","0913812777","04-22569807","有","有"
"45188182","20010613","20230531","廣泰印刷廠","GUANTAI PRINTING FACTORY","桃園市平鎮區北華里振中街８４號一樓","1 F., No. 84, Zhenzhong St., Beihua Vil., Pingzhen Dist., Taoyuan City 324002, Taiwan (R.O.C.)","吳O石妹","03-4587119","03-4587035","有","有"
"45188211","20210416","20210815","少伯創意機器人有限公司","Shaobo Creative Robotics Company Limited","臺中市西屯區國安一路89號","No. 89, Guo’an 1st Rd., Xitun Dist., Taichung City 40763, Taiwan (R.O.C.)","莊O華","0983-335673","","有","有"
"45188388","19870513","20210813","千麗企業股份有限公司","DZEN LIES CO., LTD.","桃園市中壢區永強街21號","No. 21, Yongqiang St., Zhongli Dist., Taoyuan City 32072, Taiwan (R.O.C.)","涂O伶","03-3626600","03-3626320","有","有"
"45188612","20160428","20240926","卡夢複合材料有限公司","CARBON FIBER COMPOSITES CO.","臺中市南屯區三厝里永春東七路732號1樓","1 F., No. 732, Yongchun E. 7th Rd., Sancuo Vil., Nantun Dist., Taichung City 40874, Taiwan (R.O.C.)","胡O文","04-23860507","","無","無"
"45188731","20171116","20210815","曙光國際投資控股有限公司","FIRST SHINY INTERNATIONAL INVESTMENT HOLDINGS LIMITED","臺北市中山區樂群二路189號7樓之2","7F.-2, No. 189, Lequn 2nd Rd., Zhongshan Dist., Taipei City 10462, Taiwan (R.O.C.)","吳O綱","0936-229881","","有","有"
"45188850","20160502","20210815","智揚機械有限公司","ZHL-GU CNC MACHINERY CO., LTD.","臺中市西屯區廣福里西林巷29之12號","No. 29-12, Xilin Ln., Guangfu Vil., Xitun Dist., Taichung City 40762, Taiwan (R.O.C.)","蔡O憲","04-25341656","04-25341687","有","有"
"45188887","20200107","20230111","寶網頻迅有限公司","BALWANG FREQUENCY EXPRESS CO., LTD.","苗栗縣銅鑼鄉中平村6鄰中平32-20號1樓","1F., No. 32-20, Zhongping, 6th Neighborhood, Zhongping Vil., Tongluo Township,  Miaoli County 366002, Taiwan (R.O.C.)","黃O","0968368181","","有","有"
"45189133","20181106","20210815","龍新機械工業有限公司","BOXWAY MACHINERY CO., LTD.","臺中市豐原區西湳里三豐路二段279巷62號1樓","1 F., No. 62, Ln. 279, Sec. 2, Sanfeng Rd., Xinan Vil., Fengyuan Dist., Taichung City 42073, Taiwan (R.O.C.)","張O恭","04-25157800","04-25241034","有","有"
"45189176","20160803","20210813","承鴻國際整合行銷有限公司","CHENHUNG INTERNATIONAL INTERGRATED MARKETING CO., LTD.","臺中市神岡區三角里16鄰三社路302號","No. 302, Sanshe Rd., 16th Neighborhood, Sanjiao Vil., Shengang Dist., Taichung City 42944, Taiwan (R.O.C.)","龔O茹","04-25619666","04-25618181","有","有"
"45189458","20001129","20240926","西越有限公司","HSI YUEH ELECTRONICS CO., LTD.","桃園市平鎮區湧安里工業南路七號","No. 7, Gongye S. Rd., Yong’an Vil., Pingzhen Dist., Taoyuan City 324019, Taiwan (R.O.C.)","","03-4692628","03-4693087","無","無"
"45189513","19841107","20230209","寶陽資訊工業股份有限公司","COTRONIC MANUFACTURING CO., LTD.","桃園市桃園區中山里中平路102號6樓之1","6 F.-1, No. 102, Zhongping Rd., Zhongshan Vil., Taoyuan Dist., Taoyuan City 330791, Taiwan (R.O.C.)","唐O清","03-2702089","03-2701599","有","有"
"45189598","20160429","20250613","祥瑞安全工程有限公司","META SPRING INDUSTRY COMPANY LTD.","臺中市南區南和里工學三街15巷9號1樓","1 F., No. 9, Ln. 15, Gongxue 3rd St., Nanhe Vil., South Dist., Taichung City 40245, Taiwan (R.O.C.)","陳O珣","04-26990383","04-26990155","有","有"
"45190188","20160503","20210813","郡彩有限公司","NEW GOLDEN CITY CO., LTD.","臺中市南屯區田心里惠文路249巷8號1樓","1 F., No. 8, Ln. 249, Huiwen Rd., Tianxin Vil., Nantun Dist., Taichung City 40869, Taiwan (R.O.C.)","許O鳳","0932-564850","04-23229950","有","有"
"45190201","20160502","20250411","禾豊國際事業有限公司","HEFENG INTERNATIONAL MANAGEMENT BUSINESS COMPANY LIMITED","臺中市太平區東平里東平路430號3樓之9","3 F.-9, No. 430, Dongping Rd., Dongping Vil., Taiping Dist., Taichung City 411001, Taiwan (R.O.C.)","陸O瑋","0920-125110","0920125110","有","有"
"45190259","20170603","20241106","台灣三益創價生技有限公司","TAIWAN SAN YI VALUE CREATING BIOTECHNOLOGY CO., LTD.","臺北市大同區南京西路163號2樓之93","2 F.-93, No. 163, Nanjing W. Rd., Datong Dist., Taipei City 103008, Taiwan (R.O.C.)","吳O建","07-5576399","","有","有"
"45190309","20160428","20210815","雙富工業股份有限公司","SHUANG FU INDUSTRY CO., LTD.","臺中市太平區太平里新仁路一段44巷3號","No. 3, Ln. 44, Sec. 1, Xinren Rd., Taiping Vil., Taiping Dist., Taichung City 41143, Taiwan (R.O.C.)","洪O珠","04-22768999","","有","有"
"45190379","19940817","20230621","慶生電子股份有限公司","KINTECH ELECTRONICS CO., LTD.","桃園市中壢區松江北路24號","No. 24, Songjiang N. Rd., Zhongli Dist., Taoyuan City 320030, Taiwan (R.O.C.)","王O榮","03-4529556","03-4510791","有","有"
"45190574","20190515","20240703","彼思吉網路行銷顧問有限公司","Peter's Social Network Service Co.","臺中市西屯區福林路480號1樓","1 F., No. 480, Fulin Rd., Xitun Dist., Taichung City 407678, Taiwan (R.O.C.)","彭O劭","04-24616002","04-24616202","有","有"
"45190639","20160624","20220127","稻禾國際事業有限公司","INARI INTERNATIONAL CORPORATION","臺中市南屯區永春東路132號","No. 132, Yongchun E. Rd., Nantun Dist., Taichung City 40855, Taiwan (R.O.C.)","賴O平","04-23803038","","有","有"
"45190722","20231215","20231215","飛翔創意行銷有限公司","WORLD INNOVATION MARKETING CO., LTD.","臺中市西屯區何源里文心路三段420之2號","No. 420-2, Sec. 3, Wenxin Rd., Heyuan Vil., Xitun Dist., Taichung City 407041, Taiwan (R.O.C.)","黃O祥","","","有","有"
"45190997","20160429","20221124","惜家餐飲有限公司","HSI-CHIA FOOD AND BEVERAGE COMPANY LIMITED","臺中市太平區東平路430號十一樓之9","11 F.-9, No. 430, Dongping Rd., Taiping Dist., Taichung City 411001, Taiwan (R.O.C.)","歐O","0960979779","","無","無"
"45191004","20160428","20230402","鼎冠精密有限公司","D-GUAN PRECISION CO., LTD.","臺中市神岡區中山路29號1樓","1 F., No. 29, Zhongshan Rd., Shengang Dist., Taichung City 429010, Taiwan (R.O.C.)","許O傑","04-25631592","0425631593","無","無"
"45191124","20181214","20241214","伊貝之生物科技有限公司","YI PEI CHIH BIOTECHNOLOGY CO., LTD.","臺中市大里區國中路159號2樓","2 F., No. 159, Guozhong Rd., Dali Dist., Taichung City 412023, Taiwan (R.O.C.)","鄧O安","04-24181491","04-23254540","有","有"
"45191243","20190702","20230428","龍軒文教股份有限公司","LONG XUAN EDUCATION CO., LTD.","臺北市中山區長春路328號8樓之1","8 F.-1, No. 328, Changchun Rd., Zhongshan Dist., Taipei City 104508, Taiwan (R.O.C.)","林O翰","","","有","有"
"45191270","20230512","20230512","千賀有限公司","Senga CO., LTD.","臺中市北屯區松強里松竹路2段198號4樓","4 F., No. 198, Sec. 2, Songzhu Rd., Songqiang Vil., Beitun Dist., Taichung City 406506, Taiwan (R.O.C.)","廖O昌","04-22453674","05-2384038","有","有"
"45191314","20191023","20241219","有勝毛寵股份有限公司","FAWA Co., Ltd.","臺中市北區梅亭街254之6號7樓","7 F., No. 254-6, Meiting St., North Dist., Taichung City 404014, Taiwan (R.O.C.)","陳O勻","04-22383878","04-22380378","有","有"
"45191362","20170126","20210828","福鑫製袋有限公司","FU XIN BAG PRODOUCTS CO., LTD.","臺中市大雅區橫山里振興五路63號","No. 63, Zhenxing 5th Rd., Hengshan Vil., Daya Dist., Taichung City 42877, Taiwan (R.O.C.)","鄭O旗","04-25682487","04-25682482","有","有"
"45191503","20160429","20210813","鑫浩商貿有限公司","XIN HAO LOGISTICS CO., LTD.","南投縣南投市光輝里省府路121號1樓","1 F., No. 121, Shengfu Rd., Guanghui Vil., Nantou City, Nantou County 54045, Taiwan (R.O.C.)","洪O榕","0932-550157","","無","無"
"45191546","20171120","20210814","真善美創新投資有限公司","TEB Innovation Investment Co., Ltd.","臺中市南區福順里忠明南路787號7樓","7 F., No. 787, Zhongming S. Rd., Fushun Vil., South Dist., Taichung City 40255, Taiwan (R.O.C.)","楊O貴","04-22658495","04-22653619","有","有"
"45191594","20160503","20210813","新捷航空科技有限公司","NEWJET AIR TECHNOLOGIES CO., LTD.","臺中市南屯區向心里文心南一路33號1樓","1 F., No. 33, Wenxin S. 1st Rd., Xiangxin Vil., Nantun Dist., Taichung City 40855, Taiwan (R.O.C.)","黃O鈞","04-24715303","","有","有"
"45191686","20160607","20230111","勝銓起重機械有限公司","SHENG QUEN CO., LTD.","臺中市大甲區忠孝街223號1樓","1 F., No. 223, Zhongxiao St., Dajia Dist., Taichung City 437008, Taiwan (R.O.C.)","翁O銓","04-26814394","04-26818867","有","有"
"45191877","20160526","20230426","台灣蓋科閥業股份有限公司","TAIWAN GEKO VALVE CORPORATION","臺中市后里區墩東里復興街36巷10號","No. 10, Ln. 36, Fuxing St., Dundong Vil., Houli Dist., Taichung City 421013, Taiwan (R.O.C.)","黃O德","04-25565626","04-25569580","有","有"
"45192051","20230912","20250225","宇柏澄資訊有限公司","YO BO CHENG INFORMATION LTD.","臺中市大里區金城里萬壽街56號1樓","1 F., No. 56, Wanshou St., Jincheng Vil., Dali Dist., Taichung City 412031, Taiwan (R.O.C.)","王O樺","0986801858","","有","有"
"45192144","20170608","20210814","高功國際網路行銷有限公司","FIT HEALTH INTERNATIONAL CO.","新北市新莊區中港路531巷82號6樓","6 F., No. 82, Ln. 531, Zhonggang Rd., Xinzhuang Dist., New Taipei City 24248, Taiwan (R.O.C.)","王O璿","02-22760418","","有","有"
"45192334","20200303","20220104","喬鼎有限公司","JDSI CO., LTD.","臺中市豐原區東湳里角潭路二段117號","No. 117, Sec. 2, Jiaotan Rd., Dongnan Vil., Fengyuan Dist., Taichung City 42072, Taiwan (R.O.C.)","趙O明","04-26357710","04-25247043","有","有"
"45192524","20170608","20210813","長春粘膠事業有限公司","CHANG CHUN ADHESIVE INDUSTY CO., LTD.","臺中市霧峰區五福里五福路460號","No. 460, Wufu Rd., Wufu Vil., Wufeng Dist., Taichung City 41355, Taiwan (R.O.C.)","余O龍","04-22759676","04-22759247","有","有"
"45192566","20170525","20210814","台芝生技股份有限公司","TAIZHI BIOTECH CO., LTD.","臺中市北屯區平德里天津路三段152號1樓","1 F., No. 152, Sec. 3, Tianjin Rd., Pingde Vil., Beitun Dist., Taichung City 40666, Taiwan (R.O.C.)","劉O琪","04-22383333","04-22362333","有","有"
"45192812","20160524","20210815","馥隆貿易有限公司","FULL DRAGON TRADING CO., LTD.","彰化縣永靖鄉永興村永崙路140號","No. 140, Yonglun Rd., Yongjing Township, Changhua County 51241, Taiwan (R.O.C.)","魏O雲","04-22622227","04-22628222","有","有"
"45192974","20160509","20210813","苙翔有限公司","LI XIANG INVENTIVE CO., LTD.","臺中市西區臺灣大道二段285號20樓","20 F., No. 285, Sec. 2, Taiwan Blvd., West Dist., Taichung City 40308, Taiwan (R.O.C.)","黃O婷","0937-652173","","有","有"
"45192995","20160510","20210814","新高易電業有限公司","SHINKAOI ELECTRIC CO., LTD.","臺中市潭子區家福里得才街27巷3號1樓","1 F., No. 3, Ln. 27, Decai St., Jiafu Vil., Tanzi Dist., Taichung City 42752, Taiwan (R.O.C.)","施O玲","0424637519#11","","有","有"
"45193045","20160505","20230511","西堤爾輪業有限公司","CTR WHEELS CO., LTD.","臺中市西屯區工業區一路58巷11弄72號1樓","1 F., No. 72, Aly. 11, Ln. 58, Gongyequ 1st Rd., Xitun Dist., Taichung City 407018, Taiwan (R.O.C.)","陳O寧","04-26360515","04-26351670","無","無"
"45193452","20160502","20210814","蕭整合有限公司","HZH Corp.","臺中市大甲區五福街268號1樓","1 F., No. 268, Wufu St., Dajia Dist., Taichung City 43748, Taiwan (R.O.C.)","蕭O琳","0927620801","","有","有"
"45193474","20160602","20220319","統駿塑膠有限公司","TJ AIRSOFT CO., LTD.","臺中市豐原區翁子里豐勢路二段757號","No. 757, Sec. 2, Fengshi Rd., Wengzi Vil., Fengyuan Dist., Taichung City 42081, Taiwan (R.O.C.)","梁O瑜","04-25155897","","有","有"
"45193609","20161011","20240628","統冠汽車有限公司","ONECAR CO., LTD.","臺中市大里區中新里德芳南路78號3樓之1","3F.-1, No. 78, Defang S. Rd., Zhongxin Vil., Dali Dist., Taichung City 41284, Taiwan (R.O.C.)","","04-23318555","","無","無"
"45193615","20160704","20230614","旬樂國際有限公司","SUNLIGHT GARDEN INTERNATIONAL LTD.","臺中市沙鹿區福興里福幼街206巷23號1樓","1 F., No. 23, Ln. 206, Fuyou St., Fuxing Vil., Shalu Dist., Taichung City 433002, Taiwan (R.O.C.)","林O勳","04-24223805","","有","有"
"45193679","20160506","20210813","浤景有限公司","HENGINE NUTRACEUTICALS INC.","臺中市西屯區福中里中工二路192號3樓","3 F., No. 192, Zhonggong 2nd Rd., Fuzhong Vil., Xitun Dist., Taichung City 40766, Taiwan (R.O.C.)","朱O力","04-23585228#19","04-23583229","有","有"
"45193930","20221209","20221209","煜展環保有限公司","Yuzhan Environmental Protection CO., LTD.","臺中市西屯區華美西街二段461號2樓","2 F., No. 461, Sec. 2, Huamei W. St., Xitun Dist., Taichung City 407047, Taiwan (R.O.C.)","林O祺","0988228060","","有","有"
"45194369","20160627","20241219","真山水園林工具有限公司","ZHEN SHAN SHUI GARDEN TOOLS CO., LTD.","臺中市神岡區社南里三社路405號1樓","1 F., No. 405, Sanshe Rd., Shenan Vil., Shengang Dist., Taichung City 429004, Taiwan (R.O.C.)","何O平","04-25614233","","有","有"
"45194396","20160622","20210815","順穗國際有限公司","SHUN SUEI GUO JI CO., LTD.","臺中市清水區南社里南社路351之2號","No. 351-2, Nanshe Rd., Nanshe Vil., Qingshui Dist., Taichung City 43649, Taiwan (R.O.C.)","陳O文","04-26262828","04-26262727","有","有"
"45194403","20160604","20210814","上沅精密有限公司","SHANG YUAN JING MI CO., LTD.","臺中市沙鹿區三鹿里自強路780巷80弄22號1樓","1 F., No. 22, Aly. 80, Ln. 780, Ziqiang Rd., Sanlu Vil., Shalu Dist., Taichung City 43347, Taiwan (R.O.C.)","王O婷","0915-615166","","有","有"
"45194564","20160712","20210815","匯達有限公司","HUIDA AUTOMATIC CO., LTD.","臺中市西屯區何德里寧夏西二街11號1樓","1 F., No. 11, Ningxia W. 2nd St., Hede Vil., Xitun Dist., Taichung City 40750, Taiwan (R.O.C.)","葉O祥","04-23131688","04-22175480","有","有"
"45194620","20220125","20240105","鈞湛有限公司","JUN ZHAN Co., Ltd.","臺中市梧棲區中正里文化路二段280號","No. 280, Sec. 2, Wenhua Rd., Zhongzheng Vil., Wuqi Dist., Taichung City 43548, Taiwan (R.O.C.)","蔡O洋","04-26581853","","無","無"
"45194945","20160526","20240227","源成國際藝術有限公司","YCIA CO., LTD.","臺中市南屯區永春東路1116之1號12樓之6","12 F.-6, No. 1116-1, Yongchun E. Rd., Nantun Dist., Taichung City 408437, Taiwan (R.O.C.)","林O川","04-23826237","04-23826237","有","有"
"45194972","20160517","20221129","福華興業有限公司","FU HUA SING YE CO., LTD.","臺中市大甲區龍泉里臨江路83巷9號1樓","1 F., No. 9, Ln. 83, Linjiang Rd., Longquan Vil., Dajia Dist., Taichung City 437102, Taiwan (R.O.C.)","賴O勇","04-26812890","04-26818197","有","有"
"45195016","20161123","20230504","冠瀅有限公司","GUAN YING CAR TRADE CO., LTD.","臺中市北屯區和平里軍功東街91號1樓","1 F., No. 91, Jungong E. St., Heping Vil., Beitun Dist., Taichung City 406001, Taiwan (R.O.C.)","吳O豪","04-25292218","","無","無"
"45195058","20160531","20210814","明昌國際實業有限公司","CPACK SUNLIGHT INTERNATIONAL INDUSTRIAL CO., LTD.","臺中市龍井區新興路120號2樓","2 F., No. 120, Xinxing Rd., Longjing Dist., Taichung City 43441, Taiwan (R.O.C.)","吳O平","04-26332830","04-26315512","有","有"
"45195114","20160512","20210813","喜諾股份有限公司","HERO Door & Window Control CO., LTD.","臺中市南屯區向心里文心南二路426號1樓","1 F., No. 426, Wenxin S. 2nd Rd., Xiangxin Vil., Nantun Dist., Taichung City 40876, Taiwan (R.O.C.)","游O賢","04-23840088","04-23840055","有","有"
"45195199","20160512","20230304","米原科技股份有限公司","MEEYUAN TECHNOLOGY CO., LTD.","臺中市西屯區大河里長安路1段83號4樓","4 F., No. 83, Sec. 1, Chang’an Rd., Dahe Vil., Xitun Dist., Taichung City 407040, Taiwan (R.O.C.)","朱O忠","04-23176985","","有","有"
"45195276","20240409","20240419","文羚生技有限公司","Wenlin Biotechnology CO., LTD.","臺中市西屯區何南里東興路三段381號4樓之3","4 F.-3, No. 381, Sec. 3, Dongxing Rd., Henan Vil., Xitun Dist., Taichung City 407497, Taiwan (R.O.C.)","賴O賓","04-22365331","","有","有"
"45195347","20051123","20210813","巨成股份有限公司","JCY CHENG CO., LTD.","桃園市觀音區中山路二段993號","No. 993, Sec. 2, Zhongshan Rd., Guanyin Dist., Taoyuan City 32850, Taiwan (R.O.C.)","徐O清","03-4981993","03-4986733","有","有"
"45195607","20160616","20210813","丹神生技有限公司","DASHEN BIOTECH CO., LTD.","臺中市東區東英路46號1樓","1 F., No. 46, Dongying Rd., East Dist., Taichung City 40149, Taiwan (R.O.C.)","羅O祥","04-22150962","04-22129390","有","有"
"45195705","20180522","20210815","百檠實業有限公司","BAI QING ENTERPRISE CO., LTD.","臺中市西屯區福林里福康路68號六樓","6 F., No. 68, Fukang Rd., Fulin Vil., Xitun Dist., Taichung City 40763, Taiwan (R.O.C.)","吳O宜","0939257225","04-24617559","有","有"
"45195944","20171206","20210815","益睿有限公司","E Risk Co., Limited","臺中市西區台灣大道二段285號20樓","20 F., No. 285, West Dist., Taichung City 403, Taiwan (R.O.C.)","劉O代","04-24831500","04-23210101","有","有"
"45195971","20160509","20241120","欣品佳貿易企業有限公司","XIN PIN JIA CO., LTD.","臺中市西區安龍里民權路185號7樓之13","7 F.-13, No. 185, Minquan Rd., Anlong Vil., West Dist., Taichung City 403251, Taiwan (R.O.C.)","劉O芬","0937715627","","有","有"
"45196036","19850912","20230426","摩托羅拉系統股份有限公司","MOTOROLA SOLUTIONS TAIWAN, LTD.","臺北市中山區民生東路3段2號5樓之1","5 F.-1, No. 2, Sec. 3, Minsheng E. Rd., Zhongshan Dist., Taipei City 104511, Taiwan (R.O.C.)","史O真","02-77031200","02-27255366","有","有"
"45196129","20190624","20240426","岳佳有限公司","Gretex Co., Ltd.","臺中市大雅區橫山里永和路113之8之1號","No. 113-8-1, Yonghe Rd., Hengshan Vil., Daya Dist., Taichung City 428014, Taiwan (R.O.C.)","高O明","04-25667289","04-25680528","有","有"
"45196155","19851003","20210815","必堅實業股份有限公司","BIG GET INDUSTRIAL CO., LTD.","桃園市中壢區新興里自忠3街15號","No. 15, Zizhong 3rd St., Xinxing Vil., Zhongli Dist., Taoyuan City 32097, Taiwan (R.O.C.)","謝O雲","03-4581315","","有","有"
"45196205","20160506","20210815","瑞能貿易有限公司","NENERGY TRADING CORPORATION","嘉義縣民雄鄉北斗村北勢子444號","No. 444, Beishizi, Minxiong Township, Chiayi County 62146, Taiwan (R.O.C.)","廖O禕","0935-080-666","","有","有"
"45196296","20170418","20230307","寶峰工業股份有限公司","BOW FONG INDUSTRIAL CO., LTD.","臺中市大里區仁化里工業十一路161號","No. 161, Gongye 11th Rd., Renhua Vil., Dali Dist., Taichung City 412038, Taiwan (R.O.C.)","陳O全","04-24913710","","有","有"
"45196471","20170117","20220222","灝瀚貿易有限公司","FREEKISS COMPANY LIMITED","臺中市南屯區大同里東興路二段243號4樓","4 F., No. 243, Sec. 2, Dongxing Rd., Datong Vil., Nantun Dist., Taichung City 40864, Taiwan (R.O.C.)","洪O瑜","0971542562","","有","有"
"45196726","20180316","20210812","怡全資訊有限公司","Yiquan Information Limited company","臺中市北屯區舊社里僑孝街20巷16號5樓","5 F., No. 16, Ln. 20, Qiaoxiao St., Jiushe Vil., Beitun Dist., Taichung City 40654, Taiwan (R.O.C.)","賴O儀","04-22950217","","有","有"
"45196774","20170920","20210814","台灣領先行銷國際有限公司","VENTURE LIGHTING TAIWAN LTD.","臺中市南屯區南屯路二段772號1樓","1 F., No. 772, Sec. 2, Nantun Rd., Nantun Dist., Taichung City 40868, Taiwan (R.O.C.)","柯O伶","04-23862100","04-23852016","有","有"
"45196818","20051209","20210815","日錩企業有限公司","RYH CHONG CO., LTD.","桃園市中壢區正義里嘉興二街20號","No. 20, Jiaxing 2nd St., Zhengyi Vil., Zhongli Dist., Taoyuan City 32088, Taiwan (R.O.C.)","胡O陞","03-4650977","03-4650973","有","有"
"45196850","20230831","20230831","優寶嘉有限公司","Victory Organic CO., LTD.","彰化縣鹿港鎮鹿工南一路21號","No. 21, Lugong S. 1st Rd., Lukang Township, Changhua County 505029, Taiwan (R.O.C.)","陳O榮","0937741385","","有","有"
"45197008","20170717","20230203","芙樂康股份有限公司","FOLKUNG CO., LTD.","臺中市北區明新里太原路一段532號八樓之1","8 F.-1, No. 532, Sec. 1, Taiyuan Rd., Mingxin Vil., North Dist., Taichung City 404318, Taiwan (R.O.C.)","江O緯","04-22055959","04-22050303","有","有"
"45197014","20040701","20210814","翔貿興業有限公司","HSIANG-MALL ENTERPRISE CO., LTD.","桃園市中壢區忠義里南園路2之5號","No. 2-5, Nanyuan Rd., Zhongyi Vil., Zhongli Dist., Taoyuan City 32063, Taiwan (R.O.C.)","莊O金","03-4523167","03-4611188","有","有"
"45197176","20220829","20250321","立富實業股份有限公司","LI FU INDUSTRY CO., LTD.","嘉義縣大林鎮大美里大埔美園區二路21號","No. 21, Dapumeiyuanqu 2nd Rd., Damei Vil., Dalin Township, Chiayi County 622011, Taiwan (R.O.C.)","林O洋","05-2956699","","有","有"
"45197350","20160601","20210813","飛悅國際實業有限公司","FAIR INTERNATIONAL CO., LTD.","臺中市西區忠誠里大隆路38號1樓","1 F., No. 38, Dalong Rd., Zhongcheng Vil., West Dist., Taichung City 40352, Taiwan (R.O.C.)","李O榮","04-23100618","04-23100634","有","有"
"45197372","20170512","20211109","嘻遊聚實業有限公司","HIDE&SEEK CO., LTD.","臺中市西屯區永安里國安一路168號3樓之3","3F.-3, NO. 168, GUO-AN 1ST RD., YONG-AN VIL., XITUN DIST., TAICHUNG CITY 407001, TAIWAN (R.O.C.)","林O汝","04-24629995","04-23109174","無","無"
"45197534","19860226","20210813","中位印製廠股份有限公司","CHUNG WEI LABEL PRINTING CO., LTD.","桃園市平鎮區復旦路三段111巷9號","No. 9, Ln. 111, Sec. 3, Fudan Rd., Pingzhen Dist., Taoyuan City 32449, Taiwan (R.O.C.)","張O生","03-4912315","","有","有"
"45197561","20240902","20250517","美德安科技有限公司","Madean Technology LTD.","臺中市太平區新城里新明街59巷82號1樓","1 F., No. 82, Ln. 59, Xinming St., Xincheng Vil., Taiping Dist., Taichung City 411042, Taiwan (R.O.C.)","林O微","","","有","有"
"45197632","20090622","20220305","正翁鋼鐵有限公司","CHENG UENG STEEL CO., LTD.","桃園市中壢區內定里內定二街636巷65號","No. 65, Ln. 636, Neiding 2nd St., Neiding Vil., Zhongli Dist., Taoyuan City 32060, Taiwan (R.O.C.)","鄭O平","03-4519468","03-4519478","有","有"
"45197892","20160509","20210814","悅比有限公司","EFBE CO., LTD.","臺中市北屯區新平里中平路1099號1樓","1 F., No. 1099, Zhongping Rd., Xinping Vil., Beitun Dist., Taichung City 40678, Taiwan (R.O.C.)","馬O思MarcusSchroder","","","有","有"
"45197942","19860915","20230112","石鴻企業股份有限公司","SHRY HURNG DEVELOPMENT X'MAS FLORAL COMPANY LTD.","桃園市大園區橫峰里中山南路1段176號","No. 176, Sec. 1, Zhongshan S. Rd., Hengfeng Vil., Dayuan Dist., Taoyuan City 337002, Taiwan (R.O.C.)","徐O雲","03-3862608","03-3861966","有","有"
"45198273","19930607","20210814","峯全自動化工業股份有限公司","FORTRAN AUTOMATION INDUSTRIAL CO., LTD.","桃園市平鎮區平鎮里平德路271號","No. 271, Pingde Rd., Pingzhen Vil., Pingzhen Dist., Taoyuan City 32452, Taiwan (R.O.C.)","莊O鑒","03-4921935","03-4921192","有","有"
"45198365","20160623","20211216","頜仲國際股份有限公司","H.C.I.W. CO., LTD.","新竹縣竹北市文信路371號3樓","3 F., No. 371, Wenxin Rd., Zhubei City, Hsinchu County 30264, Taiwan (R.O.C.)","凃O菊","05-2789963","","有","有"
"45198457","20170221","20250507","儷采實業有限公司","LI TSAI ENTERPRISE CO., LTD","臺中市西區吉龍里五權一街5號1樓","1 F., No. 5, Wuquan 1st St., Jilong Vil., West Dist., Taichung City 403030, Taiwan (R.O.C.)","李O吉","04-22360852","04-22360652","有","有"
"45200307","20190122","20230630","宜興商行","YI XING FIRM, LTD TEA CO.","南投縣仁愛鄉南豐村中正路97之1號","No. 97-1, Zhongzheng Rd., Nanfeng Vil., Ren’ai Township,  Nantou County , Taiwan (R.O.C.)","許O明","04-22870235","04-22870235","無","無"
"45202473","20060901","20211116","東鋼機械廠","DONG GANG MACHINE FACTORY","彰化縣員林市大峰里大峰巷１７弄８８號","No. 88, Aly. 17, Dafeng Ln., Dafeng Vil., Yuanlin City, Changhua County 51059, Taiwan (R.O.C.)","張O琪","04-8528839","04-8527698","有","有"
"45202522","20230613","20230613","多元通訊行","Multi-Angle Communication Co.","臺中市南屯區三和里公益路二段５１９號１樓","1 F., No. 519, Sec. 2, Gongyi Rd., Sanhe Vil., Nantun Dist., Taichung City 408401, Taiwan (R.O.C.)","林O民","04-22554588","04-22544083","有","有"
"45202924","20170704","20210811","明承企業社","HONG FU CALIPER BRAKE CO.","臺中市大里區瑞城里塗城路３６８巷３５號１樓","1 F., No. 35, Ln. 368, Tucheng Rd., Ruicheng Vil., Dali Dist., Taichung City 41275, Taiwan (R.O.C.)","鄭O鄰","04-24954170","","有","有"
"45207104","20190103","20210812","東城精品寢飾生活館","DUNG CHENG BEDDING COMPANY","臺中市沙鹿區鹿寮里福星路６號１樓","1 F., No. 6, Fuxing Rd., Luliao Vil., Shalu Dist., Taichung City 43344, Taiwan (R.O.C.)","王O順","04-26624113","04-26631632","有","有"
"45208011","20180612","20210811","龍銀企業社","LUNG YIN ENTERPRISE CO.","雲林縣虎尾鎮中溪里中興218之1號1樓","1 F., No. 218-1, Zhongxing, Zhongxi Vil., Huwei Township, Yunlin County 63250, Taiwan (R.O.C.)","林O和","05-6623778","05-6627260","有","有"
"45209412","20110215","20210811","有佶商行","YOUR JI COMPANY","臺中市北區光大里篤行路124之4號3樓之16","3F.-16, No. 124-4, Duxing Rd., Guangda Vil., North Dist., Taichung City 40443, Taiwan (R.O.C.)","薛O鴻","04-22016595","04-7755770","有","有"
"45210327","20080716","20210812","迎家實業商行","WIN JIA ENTERPRISE COMPANY","臺中市豐原區田心里豐南街１０９巷８號","No. 8, Ln. 109, Fengnan St., Tianxin Vil., Fengyuan Dist., Taichung City 42052, Taiwan (R.O.C.)","洪O蓁","04-25123772","04-25293096","有","有"
"45214914","20180410","20210811","傳世茶香商行","INHERIT TEA TRADING COMPANY","南投縣名間鄉松山村松山街４０號一樓","1 F., No. 40, Songshan St., Mingjian Township, Nantou County 55144, Taiwan (R.O.C.)","林O貴","049-2581494","049-2583533","有","有"
"45214983","20200812","20210812","喵喵屋工作室","CATHOUSE BOOKS COMPANY","彰化縣福興鄉同安村同安巷４２之１３號","No. 42-13, Tong’an Ln., Fuxing Township, Changhua County 50644, Taiwan (R.O.C.)","陳O瑀","04-7747612","","有","有"
"45215126","20130717","20221216","元愷企業社","YUAN KAE CO.","彰化縣彰化市平和里中華西路250巷26號","No. 26, Ln. 250, Zhonghua W. Rd., Pinghe Vil., Changhua City, Changhua County 500015, Taiwan (R.O.C.)","陳O秀","0911111826","","無","無"
"45216737","20110615","20210811","原昌茶業","YUAN CHANG TEA FACTORY","南投縣鹿谷鄉彰雅村凍頂巷２９之２號一樓","1 F., No. 29-2, Dongding Ln., Lugu Township, Nantou County 55841, Taiwan (R.O.C.)","林O玫","0912357258","0492752248","有","有"
"45219170","20070125","20130408","保證責任雲林縣崙東合作農場","GUARANTEE LIABILITY YUN-LIN COUNTY LUEN TONG COOPERATIVE FARM","雲林縣口湖鄉崙東村民生路１之８８號","NO.1-88, MINSHENG RD., LUEN TONG VILLAGE, KOUHU TOWNSHIP, YUNLIN COUNTY 653, TAIWAN (R.O.C.)","王O豪","05-7991122","05-7992959","有","有"
"45219523","20060615","20210811","大佑機械廠","DIYO MACHINERY IND. LTD.","臺中市大里區大里里瓦磘路２８之１號","No. 28-1, Dali Vil., Dali Dist., Taichung City 412, Taiwan (R.O.C.)","陳O平","04-24064957","04-24065272","有","有"
"45220161","20230216","20230216","鴻達企業社","Life Home Company","彰化縣大村鄉黃厝村山腳路臨57之118號","No. 57-118, Shanjiao Rd., Dacun Township, Changhua County 515006, Taiwan (R.O.C.)","曹O凰","04-8531791","04-8531806","有","有"
"45220520","20060608","20210812","冠丞玻璃行","GUAN CHENG GLASS COMPANY","臺中市太平區建興里正誠街14巷13號1樓","1 F., No. 13, Ln. 14, Zhengcheng St., Jianxing Vil., Taiping Dist., Taichung City 41166, Taiwan (R.O.C.)","賴O丞","04-22765663","","有","有"
"45222359","20060629","20221118","慈恩商行","O-KIND COMPANY","臺中市中區光復里光復路合作大樓5之42號","No. 5-42, Hezuo Bldg., Guangfu Rd., Guangfu Vil., Central Dist., Taichung City 400004, Taiwan (R.O.C.)","洪O鄉","04-22250418","","有","有"
"45222392","20230417","20230417","明星內衣商行","MING XING BRA Co.","臺中市北屯區大德里平德路４３號１樓","1 F., No. 43, Pingde Rd., Dade Vil., Beitun Dist., Taichung City 406039, Taiwan (R.O.C.)","黃O揚","0986876517","","有","有"
"45222724","20110221","20210811","焊將科技企業社","HAN JON TECHNOLOGY CO.","苗栗縣苗栗市維新里1鄰維祥街20巷3號1樓","1 F., No. 3, Ln. 20, Weixiang St., 1st Neighborhood, Weixin Vil., Miaoli City, Miaoli County 36051, Taiwan (R.O.C.)","王O雄","037-581988","037-581990","有","有"
"45223569","20060615","20241119","凱農企業社","VIGOR & SUCCESS ENTERPRISE COMPANY","臺中市烏日區東園里溪南路一段９８８巷３８６弄１０２號１樓","1 F., No. 102, Aly. 386, Ln. 988, Sec. 1, Xinan Rd., Dongyuan Vil., Wuri Dist., Taichung City 414018, Taiwan (R.O.C.)","洪O惠","04-23353399","04-23355386","有","有"
"45223857","20211102","20211102","鑫盛汽車百貨","XIN SHENG AUTOMOBILE DEPARTMENT STORE","苗栗縣頭份市田寮里民族路733號","No. 733, Minzu Rd., Tianliao Vil., Toufen City, Miaoli County 35155, Taiwan (R.O.C.)","魏O良","037-629709","","有","有"
"45225047","20150611","20210811","金城吊車堆高機","JIN CHEN CRANE AND FORKLIFT CO.","苗栗縣公館鄉玉谷村1鄰玉谷10之5號","No. 10-5, Yugu, 1st Neighborhood, Gongguan Township, Miaoli County 36342, Taiwan (R.O.C.)","劉O泉","037-222662","037-223386","有","有"
"45225898","20241216","20241216","喜真企業社","XI ZHENG Company","苗栗縣苗栗市維祥里１１鄰光華街仁愛巷９號１樓","1 F., No. 9, Ren'ai Ln., Guanghua St., 11th Neighborhood, Weixiang Vil., Miaoli City, Miaoli County 360011, Taiwan (R.O.C.)","徐O娟","037-323729","037-356311","有","有"
"45227116","20180529","20210811","堡順實業社","BOXOON INDUSTRIAL CO.","彰化縣花壇鄉岩竹村虎山街112號","No. 112, Hushan St., Huatan Township, Changhua County 50351, Taiwan (R.O.C.)","游O萍","04-7875947","04-7869126","有","有"
"45231081","20060627","20220112","迪新企業社","DYI HSING ENTERPRISE CO.","臺中市潭子區潭陽里興華二路６０號１樓","1 F., No. 60, Xinghua 2nd Rd., Tanyang Vil., Tanzi Dist., Taichung City 42757, Taiwan (R.O.C.)","張O欣","04-25663016","","有","有"
"45231625","20130912","20210811","詠盛商行","YEON SANE STORE","彰化縣彰化市文化里三民路３９４號1樓","1 F., No. 394, Sanmin Rd., Wenhua Vil., Changhua City, Changhua County 50043, Taiwan (R.O.C.)","蘇O郎","04-7278741","04-7283658","有","有"
"45232589","20150216","20230408","淳悟修宗教文物製造廠","CHUN WU XIU RELIGIOUS ARTIFACTS FACTORY","南投縣草屯鎮石川里石川路26之20號","No. 26-20, Shichuan Rd., Shichuan Vil., Caotun Township, Nantou County 542014, Taiwan (R.O.C.)","洪O仁","049-2302414","","有","有"
"45234566","20080716","20210811","知藝商行","KNOW SKILL CO.","臺中市南屯區文心里文心路一段222號","No. 222, Sec. 1, Wenxin Rd., Wenxin Vil., Nantun Dist., Taichung City 40865, Taiwan (R.O.C.)","張O新","04-24755453","04-24755453","有","有"
"45236608","20140903","20211211","尚麟行","SUNNY FENCE ENTERPRISE COMPANY","臺中市大雅區六寶里中清路五段７９巷５號１樓","1 F., No. 5, Ln. 79, Sec. 5, Zhongqing Rd., Liubao Vil., Daya Dist., Taichung City 42880, Taiwan (R.O.C.)","張O裕","04-25651760","04-25651756","有","有"
"45238373","20230830","20240812","裕展食品原料行","YU ZHAN TEA CO.","彰化縣和美鎮和北里信義路臨247號","No. 247, Xinyi Rd., Hemei Township, Changhua County 508020, Taiwan (R.O.C.)","盧O文","04-7567396","","有","有"
"45238459","20160913","20210812","日美銀飾店","NN JEWELRY DESIGN CO.","臺中市南屯區三義里河南路四段３６２之２號１樓","1 F., No. 362-2, Sec. 4, Henan Rd., Sanyi Vil., Nantun Dist., Taichung City 40874, Taiwan (R.O.C.)","曾O瑛","04-22585718","04-22585718","有","有"
"45239393","20221214","20221214","正合紙袋廠","ZHENH HE PAPER BAG PLANT Factory","雲林縣莿桐鄉埔子村榮村4之8號1樓","1 F., No. 4-8, Rong Vil., Citong Township, Yunlin County 647006, Taiwan (R.O.C.)","劉O花","05-5324971","","有","有"
"45250045","20100318","20210811","元亨機械企業社","YUANN HENG MACHINERY ENTERPRISE CO.","臺中市東勢區慶福里東關路四段１１８０巷２號１樓","1 F., No. 2, Ln. 1180, Sec. 4, Dongguan Rd., Qingfu Vil., Dongshi Dist., Taichung City 42351, Taiwan (R.O.C.)","張O銘","04-25871334","04-25770972","有","有"
"45250235","20080123","20210811","艾笛斯樂器社","AIDIS FLUTE & MUSICAL INSTRUMENTS CO.","臺中市后里區墩南里南村路５０４號﹝限一樓﹞","1 F., No. 504, Nancun Rd., Dunnan Vil., Houli Dist., Taichung City 42147, Taiwan (R.O.C.)","張O鈴","04-25566700","","有","有"
"45252310","20190313","20210811","久福工程行","JIUFU ENGINEERING CO.","南投縣名間鄉埔中村名松路一段540之1號1樓","1 F., No. 540-1, Sec. 1, Mingsong Rd., Mingjian Township, Nantou County 55144, Taiwan (R.O.C.)","蔡O泰","049-2583116","049-2235523","有","有"
"45254345","20130704","20210812","六禾企業社","SIX WO FIRM","臺中市豐原區北湳里圓環北路２段１４１號１１樓之２","11F.-2, No. 141, Sec. 2, Yuanhuan N. Rd., Beinan Vil., Fengyuan Dist., Taichung City 42049, Taiwan (R.O.C.)","王O銘","04-25249355","04-25232830","有","有"
"45257321","20131204","20220506","愷棣企業社","KD-EVENT ENTERPRISE CO.","臺中市西屯區西安里西屯路二段297之8巷7號1樓","1 F., No. 7, Ln. 297---8, Sec. 2, Xitun Rd., Xi’an Vil., Xitun Dist., Taichung City 40747, Taiwan (R.O.C.)","廖O原","0938-815966","","有","有"
"45257477","20061123","20210812","高鼎企業社","GAO DING INDUSTRIAL CO.","臺中市西屯區港尾里中清路二段１２５０巷１４７號１樓","1 F., No. 147, Ln. 1250, Sec. 2, Zhongqing Rd., Gangwei Vil., Xitun Dist., Taichung City 40761, Taiwan (R.O.C.)","張O華","04-24255995","","有","有"
"45257820","20080716","20210811","互茂商行","HU MAO SHANG HANG CO.","臺中市西區忠明里中興街２８５巷１３弄１５號地下１樓","1 F., No. 15, Aly. 13, Ln. 285, Zhongxing St., Zhongming Vil., West Dist., Taichung City 40360, Taiwan (R.O.C.)","曾O本","04-23297790","","有","有"
"45258927","20060919","20210812","歐士達名店","O-STAR FASHION STORE","臺中市西區土庫里五權西路一段213號1樓","1 F., No. 213, Sec. 1, Wuquan W. Rd., Tuku Vil., West Dist., Taichung City 40347, Taiwan (R.O.C.)","白O彤","04-22552955","04-22552755","有","有"
"45259778","20100323","20250430","臺中市霧峰區農會酒莊","WU FENG FARMERS' ASSOCIATION WINERY","臺中市霧峰區中正路３４５號","NO.345, ZHONGZHENG RD., WUFENG DIST., TAICHUNG CITY  413, TAIWAN (R.O.C.)","黃O南","04-23399191","04-23321875","有","有"
"45262176","20200416","20210811","佶凌家企業社","Jilingjia CO.","臺中市東區東勢里玉皇街25號2樓之2","2F.-2, No. 25, Yuhuang St., Dongshi Vil., East Dist., Taichung City 40142, Taiwan (R.O.C.)","許O官","04-23607650","","有","有"
"45264723","20100115","20170218","保證責任雲林縣西莊合作農場","XI ZHUANG COOPERATION FARM","雲林縣元長鄉西莊村西庄路１０９之８６號","NO.109-86, XIZHUANG RD., YUANCHANG TOWNSHIP, YUNLIN COUNTY 655, TAIWAN (R.O.C.)","洪O文","05-7887865","05-7887128","有","有"
"45265103","20181023","20210811","丞品企業社","CHENG PIN PLASTIC CO.","彰化縣溪湖鎮番婆里草埔路臨151號","No. 151, Caopu Rd., Fanpo Vil., Xihu Township, Changhua County 51447, Taiwan (R.O.C.)","劉O丞","04-8812191","04-8852905","有","有"
"45268501","20200814","20210812","咖啡地圖精品店","Coffee map shop","臺中市龍井區東海里藝術南街８號１樓","1 F., No. 8, Yishu S. St., Donghai Vil., Longjing Dist., Taichung City 43446, Taiwan (R.O.C.)","蕭O平","04-26528282","","有","有"
"45268565","20210712","20210812","大展企業社","Big show co.","彰化縣二林鎮香田里竹田一巷４號１樓","1 F., No. 4, Zhutian 1st Ln., Xiangtian Vil., Erlin Township, Changhua County 52642, Taiwan (R.O.C.)","黃O富","04-8961644","","有","有"
"45274172","20211008","20211008","立翔實業社","LII HSIANG INDUSTRY CO.","彰化縣和美鎮和北里信陵路８０號１樓","1 F., No. 80, Xinling Rd., Hebei Vil., Hemei Township, Changhua County 50862, Taiwan (R.O.C.)","陳O霞","04-7584399","","有","有"
"45275708","20171201","20210812","力隆企業社","Lilongwe scissors company","彰化縣彰化市大竹里安溪東路５１巷４１弄２號","No. 2, Aly. 41, Ln. 51, Anxi E. Rd., Dazhu Vil., Changhua City, Changhua County 50078, Taiwan (R.O.C.)","吳O玲","04-7370140","","有","有"
"45276501","20070628","20210811","建國農產行","JIANN GWO FARM STORE","屏東縣長治鄉新潭村仁義巷58-1號1樓","1 F., No. 58-1, Renyi Ln., Changzhi Township, Pingtung County 90845, Taiwan (R.O.C.)","莊O國","0966356865","08-7385720","有","有"
"45280723","20160414","20230114","驊泰鑿井工程行","PINYING PEACEFUL WELL-DRILLING ENGINEERING CO.","南投縣埔里鎮枇杷里中正路１８４－２號","No. 184-2, Zhongzheng Rd., Pipa Vil., Puli Township, Nantou County 545020, Taiwan (R.O.C.)","吳O盛","049-2980769","049-2984313","無","無"
"45281758","20150915","20150915","大城鄉農會","DA CHENG FARMERS' ASSOCIATION","彰化縣大城鄉東城村南平路２５６號","NO.256, NANPING RD., DACHENG TOWNSHIP, CHANGHUA COUNTY 52774, TAIWAN (R.O.C.)","莊O讚","04-8944565","04-8944568","有","有"
"45282139","20170217","20220510","立暐企業社","SHIN LI WEI CORPORATION","南投縣南投市龍泉里大同街44號1樓","1 F., No. 44, Datong St., Longquan Vil., Nantou City, Nantou County 54048, Taiwan (R.O.C.)","黃O揮","04-22119033","04-22124938","有","有"
"45285157","20060825","20210811","鴻侑企業社","SUN POLYMAR CO.","臺中市外埔區大東里甲東路27號","No. 27, Jiadong Rd., Dadong Vil., Waipu Dist., Taichung City 43859, Taiwan (R.O.C.)","陳O惠","04-26805221","04-26804440","有","有"
"45289652","20130503","20210812","詠隆工業社","WING LUNG INDUSTRIAL CO.","臺中市神岡區豐洲里豐洲路332巷20-1號","No. 20-1, Ln. 332, Fengzhou Rd., Fengzhou Vil., Shengang Dist., Taichung City 42945, Taiwan (R.O.C.)","張O森","04-25298761","04-25298984","有","有"
"45290692","20090924","20210811","傳加企業社","ZHUAN JIA COMPANY","臺中市豐原區大湳里大勇街４９號１樓","1 F., No. 49, Dayong St., Danan Vil., Fengyuan Dist., Taichung City 42042, Taiwan (R.O.C.)","鍾O亭","04-25267776","","有","有"
"45293608","20081021","20210812","鑫貿企業社","NEWMAO ENTERPRISE CO.","臺中市太平區新吉里新明街60巷2號1樓","1 F., No. 2, Ln. 60, Xinming St., Xinji Vil., Taiping Dist., Taichung City 41168, Taiwan (R.O.C.)","陳O宏","04-22773716","04-22771538","有","有"
"45294000","20100915","20210811","壹世代企業社","E-GENERATION CO.","臺中市東區東英里東英路370號1樓","1 F., No. 370, Dongying Rd., Dongying Vil., East Dist., Taichung City 40153, Taiwan (R.O.C.)","歐O吉","04-22130508","04-22130508","有","有"
"45294780","20060830","20210811","富華商行","FU-FA RECORDS CO.","臺中市西屯區上安里青海路二段３０１號１樓","1 F., No. 301, Sec. 2, Qinghai Rd., Shang’an Vil., Xitun Dist., Taichung City 40745, Taiwan (R.O.C.)","張O華","0932-511645","04-22209170","有","有"
"45298076","20210709","20210812","長騰機械五金行","Changteng Machinery Hardware Store","苗栗縣頭份市自強里自強路72之1號1樓","1 F., No. 72-1, Ziqiang Rd., Ziqiang Vil., Toufen City, Miaoli County 35153, Taiwan (R.O.C.)","蔡O心","03-7660495","","有","有"
"45299482","20250519","20250519","松益傢俱行","Song Yick Furniture Co.","彰化縣鹿港鎮頂厝里頂厝巷７之６號","No. 7-6, Dingcuo Ln., Dingcuo Vil., Lukang Township, Changhua County 505015, Taiwan (R.O.C.)","施O慧","04-7779541","04-7754441","有","有"
"45302135","20111202","20210812","思柏易購精品店","SBO TOY CO.","臺中市東區東勢里精武路171號1樓","1 F., No. 171, Jingwu Rd., Dongshi Vil., East Dist., Taichung City 40142, Taiwan (R.O.C.)","許O羚","04-2215-5924","","有","有"
"45302830","20220926","20220926","王者娛樂休閒館","Tiger Sports Company","臺中市南屯區惠中里惠文路４９７號","No. 497, Huiwen Rd., Huizhong Vil., Nantun Dist., Taichung City 408030, Taiwan (R.O.C.)","游O清","04-23809991","","有","有"
"45302888","20090604","20210811","惠豐食品商行","HUI FENG FOOD CO.","彰化縣田尾鄉田尾村光復路2段752號1樓","1 F., No. 752, Sec. 2, Guangfu Rd., Tianwei Township, Changhua County 52242, Taiwan (R.O.C.)","邱O芸","04-8831070","04-8830884","有","有"
"45304703","20060913","20230119","嶺陽園藝行","LIING YANG YUAN YIH HONG","彰化縣北斗鎮文昌里復興路２２８巷５８弄２１號（限辦公室使用）","No. 21, Aly. 58, Ln. 228, Fuxing Rd., Wenchang Vil., Beidou Township, Changhua County 521055, Taiwan (R.O.C.)","許O棋","0934269858","04-8833581","無","無"
"45309117","20080506","20210811","山發行","SHIH SAN CO.","彰化縣鹿港鎮山崙里福崙街102號","No. 102, Fulun St., Shanlun Vil., Lukang Township, Changhua County 50541, Taiwan (R.O.C.)","黃O雅","04-7712528","04-7714486","有","有"
"45311802","20061016","20210811","高德商行","ATIB ENTERPRISE CORPORATION","臺中市潭子區潭秀里中山路２段４０８號２樓","2 F., No. 408, Sec. 2, Zhongshan Rd., Tanxiu Vil., Tanzi Dist., Taichung City 42745, Taiwan (R.O.C.)","江O富","04-25322059","04-25347337","有","有"
"45312577","20180820","20211020","魚悅水族坊","YUYUE FISHERY SHOP","新竹市香山區頂埔里經國路三段７８巷７號一樓","1F., NO. 7, LN. 78, SEC. 3, JINGGUO RD., DINGPU VIL., XIANGSHAN DIST., HSINCHU CITY 300075, TAIWAN (R.O.C.)","吳O夫","03-5726651","","有","有"
"45312669","20130902","20230628","凱味香食品行","KAI WEI XIANG CO.","苗栗縣頭份市蘆竹里2鄰永貞路一段115號","No. 115, Sec. 1, Yongzhen Rd., 2nd Neighborhood, Luzhu Vil., Toufen City, Miaoli County 351015, Taiwan (R.O.C.)","郭O玉","037-696728","696608","有","有"
"45313631","20180312","20240914","瑞淇工業社","Lui Chi Industry Company","彰化縣伸港鄉大同村福安路30-8號","No. 30-8, Fu'an Rd., Datong Vil., Shengang Township,  Changhua County 509003, Taiwan (R.O.C.)","許O淇","04-7565075","04-7553161","有","有"
"45314385","20060929","20220329","郡達企業社","JUN DAE ENTERPRISE CO.","臺中市北屯區廍子里太祥一街22之1號2樓","2 F., NO. 22-1, TAIXIANG 1ST ST., BEITUN DIST., TAICHUNG CITY 406056, TAIWAN (R.O.C.)","林O德","04-25395581","04-25395582","有","有"
"45315722","20160819","20210812","聯勁工程行","UNITED JIN ENGINEERING HANG","苗栗縣苗栗市嘉盛里14鄰為公路559巷18號1樓","1 F., No. 18, Ln. 559, Weigong Rd., 14th Neighborhood, Jiasheng Vil., Miaoli City, Miaoli County 36054, Taiwan (R.O.C.)","謝O鏮","0937-734577","","有","有"
"45317952","20061011","20210812","金廣行","JIN GOANG TRADE CO.","彰化縣鹿港鎮埔崙里鹿草路1段527-1號","No. 527-1, Sec. 1, Lucao Rd., Pulun Vil., Lukang Township, Changhua County 50544, Taiwan (R.O.C.)","蔡O錕","04-7788551","04-7747056","有","有"
"45318360","20110325","20210811","百水精品傢俱","BAI SHUEI CAFE CO.","臺中市西屯區何成里文心路二段５６６之１１號１樓","1 F., No. 566-11, Sec. 2, Wenxin Rd., Hecheng Vil., Xitun Dist., Taichung City 40758, Taiwan (R.O.C.)","林O昌","04-23265951","","有","有"
"45319683","20190717","20210811","福榮銅器佛具","Fulong Buddhism Article Company","臺中市西屯區廣福里廣福路３５２巷８弄１７號１樓","1 F., No. 17, Aly. 8, Ln. 352, Guangfu Rd., Guangfu Vil., Xitun Dist., Taichung City 40760, Taiwan (R.O.C.)","蔡O賓","04-25688093","04-25691429","有","有"
"45324449","20061023","20210811","展天下武術器材行","ZHAN TIAN XIA MARTIAL ART EQUIPMENT STORE","臺中市南屯區大業里大進街５２７號","No. 527, Dajin St., Daye Vil., Nantun Dist., Taichung City 40848, Taiwan (R.O.C.)","陳O璋","04-22331332","04-22331332","有","有"
"45328260","20210922","20210922","銓勇機械企業社","Quan Yong Co.","臺中市大里區夏田里頂厝路111巷8號一樓","1F., NO. 8, LN. 111, DINGCUO RD., XIATIAN VIL., DALI DIST., TAICHUNG CITY 412, TAIWAN (R.O.C.)","廖O勇","0933171266","","有","有"
"45330441","20070920","20210812","同宸興企業社","TUNG CHENG SHING ENTERPRISE COMPAMY","臺中市清水區靈泉里新興路１４８號（限一樓）","1 F., No. 148, Xinxing Rd., Lingquan Vil., Qingshui Dist., Taichung City 43654, Taiwan (R.O.C.)","陳O建","04-26380606","04-26390260","有","有"
"45331878","20070427","20221101","森鴻汽車材料行","SEN HONG AUTOPARTS CO.","臺中市南區長榮里有恆街８１號１樓","１F., No. 81, Youheng St., Changrong Vil., South Dist.,  Taichung City 402, Taiwan (R.O.C.)","廖O森","04-22287562","04-22294271","有","有"
"45332644","20061026","20210812","勇信企業社","YUNG SINK INTERNATIONAL CO.","臺中市東區東信里東英路２５０號１樓","1 F., No. 250, Dongying Rd., Dongxin Vil., East Dist., Taichung City 40149, Taiwan (R.O.C.)","吳O標","04-22132105","04-22830741","有","有"
"45337015","20140605","20210811","鈓星企業社","CHUAN-SHING ENTERPRISES CO.","臺中市大里區長榮里新生西路１１６巷１２號４樓","4 F., No. 12, Ln. 116, Xinsheng W. Rd., Changrong Vil., Dali Dist., Taichung City 41253, Taiwan (R.O.C.)","葉O人","04-24852657","04-23358383","有","有"
"45337818","20191227","20210811","翊宏木業社","Yi Hong Wood Industry Co.","臺中市神岡區新庄里溪頭路２１０號","No. 210, Xitou Rd., Xinzhuang Vil., Shengang Dist., Taichung City 42953, Taiwan (R.O.C.)","高O婕","04-25620899","04-25620969","無","無"
"45338529","20081204","20210811","沐芯企業社","FUSIONY TRADE CO.","雲林縣斗六市中和里民生路二八號一樓","1 F., No. 28, Minsheng Rd., Zhonghe Vil., Douliu City, Yunlin County 64050, Taiwan (R.O.C.)","籃O岑","05-5373746","05-5373746","有","有"
"45338859","20061108","20210811","大富企業行","TA FUH ENTERPRISE HANG","臺中市神岡區三角里大富路２８７之２號１樓","1 F., No. 287-2, Dafu Rd., Sanjiao Vil., Shengang Dist., Taichung City 42944, Taiwan (R.O.C.)","楊O達","04-25626807","","無","無"
"45339246","20180814","20230225","信貿輪胎行","XIN-MAO TIRE CO.","雲林縣西螺鎮漢光里平和路83號1樓","1 F., No. 83, Pinghe Rd., Hanguang Vil., Xiluo Township, Yunlin County 648002, Taiwan (R.O.C.)","王O傑","05-5868826","","有","有"
"45340095","20210602","20230104","竹野內豐洋行","JHU YE NEI FONG COMPANY","臺中市南屯區三和里公益路二段５２９號１樓、２樓","1,2F., No. 529, Sec. 2, Gongyi Rd., Sanhe Vil., Nantun Dist., Taichung City 408441, Taiwan (R.O.C.)","羅O葳","0935680422","","有","有"
"45340779","20061122","20210811","景堡木工機械廠","CHIN BAO WOODWORK MECHANICAL FACTORY","臺中市神岡區社口里文昌街３２０巷４２號","No. 42, Ln. 320, Wenchang St., Shekou Vil., Shengang Dist., Taichung City 42943, Taiwan (R.O.C.)","林O信","04-25626533","","有","有"
"45342447","20061107","20230414","采園農業科技社","CAI YUAN GARDENING HUSBANDY MATERIALS BUSINESS CO.","臺中市大雅區雅楓里神林南路１９７巷５７弄１２號１樓","1 F., No. 12, Aly. 57, Ln. 197, Shenlin S. Rd., Yafeng Vil., Daya Dist., Taichung City 428010, Taiwan (R.O.C.)","陳O沛","04-25685778","","有","有"
"45342489","20080610","20210811","裕鴻農產行","YUH HUNG FARM PRODUCE CO.","南投縣埔里鎮合成里西安路三段259號2樓","2 F., No. 259, Sec. 3, Xi’an Rd., Hecheng Vil., Puli Township, Nantou County 54559, Taiwan (R.O.C.)","蔡O鴻","049-2931104","049-2930323","有","有"
"45346746","20211018","20211018","保證責任雲林縣養蜂生產合作社","YANG FENG PRODUCTION COOPERATION FARM","雲林縣土庫鎮新興路８４－１號","No. 84-1, Sinsing rd., Tuku Township, Yunlin County  633101, Taiwan (R.O.C.)","陳O明","05-6627840","05-6627833","有","有"
"45348152","20250213","20250213","陽程企業社","Yang Chen enterprise Company","臺中市北屯區東光里北屯路２９８巷６之６弄１２２號１樓","1 F., No. 122, Aly. 6-6, Ln. 298, Beitun Rd., Dongguang Vil., Beitun Dist., Taichung City 406501, Taiwan (R.O.C.)","劉O亮","04-23398730","04-23396703","有","有"
"45348738","20080709","20210811","巧物木坊","CHIAO WU COMPANY","臺中市西區忠明里美村路一段１０２巷２５號１樓","1 F., No. 25, Ln. 102, Sec. 1, Meicun Rd., Zhongming Vil., West Dist., Taichung City 40351, Taiwan (R.O.C.)","陳O富","04-23217377","04-23193198","有","有"
"45349666","20111206","20210811","立誠通信行","LICHEN COMMUNICATION & ENGINEERING COMPANY","雲林縣斗六市公正里內環路四六八號一樓","1 F., No. 468, Neihuan Rd., Gongzheng Vil., Douliu City, Yunlin County 64043, Taiwan (R.O.C.)","李O誠","05-5379237","05-5345147","有","有"
"45352057","20071011","20111111","有限責任台中市青果生產合作社","TAICHUNG FRUIT PRODUCTIVE COOPERATION","臺中市東勢區豐勢路２０３號","NO.203, FONGSHIH RD., DONGSHI DIST., TAICHUNG CITY  423, TAIWAN (R.O.C.)","廖O榮","04-25872123","04-25887810","有","有"
"45352063","20211103","20240920","彩紛奇資訊工作室","martinweb Information Studio","臺中市龍井區新東里新興路12號１樓","1 F., No. 12, Xinxing Rd., Xindong Vil., Longjing Dist., Taichung City 434007, Taiwan (R.O.C.)","王O蘭","04-26334986","","有","有"
"45352182","20061207","20221019","桂田舍","GUEY TYAN FERMENTATION COMPANY","南投縣魚池鄉新城村通文巷8之11號1樓","1F., No. 8-11, Tongwen Ln., Xincheng Vil., Yuchi Township,  Nantou County , Taiwan (R.O.C.)","夏O箴","049-2896922","","有","有"
"45353008","20130610","20230222","祥毅金屬企業社","HSIANG YI METAL ENTERPRISE CO.","臺中市南屯區中和里中和巷22之1號1樓","1 F., No. 22-1, Zhonghe Ln., Zhonghe Vil., Nantun Dist., Taichung City 408001, Taiwan (R.O.C.)","林O成","0931-628616","","無","無"
"45353268","20070321","20230306","樂雅皇室貿易商行","ROYAL T-BARN GOURMET COMPANY","臺中市東區東英里十甲路３６１號１樓","1 F., No. 361, Shijia Rd., Dongying Vil., East Dist., Taichung City 401021, Taiwan (R.O.C.)","吳O華","04-22139525","","無","無"
"45353838","20200108","20200108","保證責任雲林縣東勢農漁牧生產合作社","Agriculture, Fishery, and Animal Husbandry Cooperative of Dongshih, Yunlin","雲林縣東勢鄉復興村復國街9號","NO. 9, FUGUO ST., DONGSHI TOWNSHIP, YUNLIN COUNTY 635, TAIWAN (R.O.C.)","張O庸","0910-546965","","有","有"
"45355370","20080102","20210812","茂騰興業社","MAO TENG CO.","彰化縣福興鄉頂粘村頂粘街６６之３號（限辦公室使用）","No. 66-3, Dingnian St., Fuxing Township, Changhua County 50646, Taiwan (R.O.C.)","粘O淵","04-7706168","04-7707640","無","無"
"45355688","20220718","20220718","易聖企業社","Easy Sun Enterprise Co.","臺中市太平區新城里樹孝路337巷2弄1號14樓","14 F., No. 1, Aly. 2, Ln. 337, Shuxiao Rd., Xincheng Vil., Taiping Dist., Taichung City 411642, Taiwan (R.O.C.)","江O縈","0975-099747","","有","有"
"45358720","20221005","20221005","冠鴻輪胎行","Guanhong Tire Co.","彰化縣竹塘鄉竹元村中央路2段147號","No. 147, Sec. 2, Zhongyang Rd., Zhutang Township, Changhua County 525003, Taiwan (R.O.C.)","張O華","04-8976993","","有","有"
"45359988","20070124","20210811","宏瑞機械廠","HOUNG JWAY MACHINERY FACTORY","苗栗縣苑裡鎮苑港里２鄰苑港１０之６１號","No. 10-61, Yuangang, 2nd Neighborhood, Yuangang Vil., Yuanli Township, Miaoli County 35852, Taiwan (R.O.C.)","許O寧","037-856318","037-853529","無","無"
"45360916","20091002","20210811","士豐堂鳥世界行","SHI FONG TANG CO.","臺中市龍井區台中港路２１號","No. 21, Longjing Dist., Taichung City 434, Taiwan (R.O.C.)","陳O華","04-26310799","","有","有"
"45361801","20100715","20220105","福茂企業社","FOR MORE CO.","雲林縣元長鄉西莊村西庄113之1號","No. 113-1, Xizhuang, Yuanzhang Township, Yunlin County 65544, Taiwan (R.O.C.)","黃O龍","05-7888568","05-7888569","有","有"
"45362061","20120508","20231130","加輝洋行","PLUS HUI CO.","臺中市西屯區港尾里環中路二段46號3樓","3 F., No. 46, Sec. 2, Huanzhong Rd., Gangwei Vil., Xitun Dist., Taichung City 407012, Taiwan (R.O.C.)","許O芳","04-23110020","04-23110030","有","有"
"45362436","20121029","20210811","聯慶木器行","LIAN CHING FURNITURE COMPANY","彰化縣鹿港鎮東崎里鹿東路2段527巷81號","No. 81, Ln. 527, Sec. 2, Ludong Rd., Dongqi Vil., Lukang Township, Changhua County 50550, Taiwan (R.O.C.)","謝O峯","04-7760201","04-7765076","有","有"
"45363343","20120302","20210812","園德藝術工程行","YUAN-DE ENTERPRISE COMPANY","彰化縣大村鄉大村村茄苳路１段１７８巷２９號（限辦公室使用）","No. 29, Ln. 178, Sec. 1, Jiadong Rd., Dacun Township, Changhua County 51547, Taiwan (R.O.C.)","林O如","04-8522452","04-8534975","有","有"
"45365145","20061221","20210811","建盈林業行","CHIEN-YING FORESTRY COMPANY","南投縣埔里鎮北安里和平東路538號一樓","1 F., No. 538, Heping E. Rd., Bei’an Vil., Puli Township, Nantou County 54554, Taiwan (R.O.C.)","曾O皇","049-2420468","049-2991220","有","有"
"45366003","20070523","20210811","普羅力得甲蟲館","BUGSTALK BEETLES STORE","臺中市豐原區西安里中興路２１２號﹝限一樓﹞","1 F., No. 212, Zhongxing Rd., Xi’an Vil., Fengyuan Dist., Taichung City 42053, Taiwan (R.O.C.)","張O宗","04-25291544","","有","有"
"45367299","20100305","20230707","翊勝起重行","JIN DE CRANE CO.","苗栗縣通霄鎮平安里１３鄰中正路３０７號１樓","１F., No. 307, Zhongzheng Rd., 13th Neighborhood, Ping'an Vil., Tongxiao Township,  Miaoli County 357003, Taiwan (R.O.C.)","蔡O德","0911122891","","無","無"
"45370415","20120328","20210811","同記塑膠企業社","TORNG JIH PLASTIC IND. CO.","彰化縣和美鎮柑井里彰美路4段272號","No. 272, Sec. 4, Zhangmei Rd., Ganjing Vil., Hemei Township, Changhua County 50848, Taiwan (R.O.C.)","許O芳","04-7552564","04-7566046","有","有"
"45371505","20250117","20250117","台灣美術文化交流協會","Fine Arts Cultural Exchanges Association of Taiwan","臺中市清水區西寧路１１５號","NO. 115, Zhongxing N. St., Qingshui Dist., Taichung City 436, Taiwan (R.O.C.)","楊O玲","0960502696","","有","有"
"45372672","20180108","20230609","鉦富行","ZHENG FU HANG","彰化縣埔鹽鄉太平村番金路56之7號1樓","1F., No. 56-7, Fanjin Rd., Taiping Vil., Puyan Township,  Changhua County 516017, Taiwan (R.O.C.)","童O眞","04-8821129","","有","有"
"45372770","20100406","20210811","鴻宇機械應用科技社","HUNG YEW MACHINE APPLICATION TOOLS CO.","臺中市北屯區仁愛里大連北街１２２巷８號１樓","1 F., No. 8, Ln. 122, Dalian N. St., Ren’ai Vil., Beitun Dist., Taichung City 40667, Taiwan (R.O.C.)","李O彬","04-22917073","04-22917073","有","有"
"45373497","20210119","20210812","鉅繒企業社","CHIUZEN ENTERPRISE CO.","臺中市后里區厚里里甲后路一段７５０巷１０號﹝限一樓﹞","1 F., No. 10, Ln. 750, Sec. 1, Jiahou Rd., Houli Vil., Houli Dist., Taichung City 42144, Taiwan (R.O.C.)","張O村","0921789700","04-25564700","有","有"
"45374215","20100719","20210812","鄭記農產品行","Cheng-Chi Agricultural Product CO.","臺中市清水區高南里高美路477之4號","No. 477-4, Gaomei Rd., Gaonan Vil., Qingshui Dist., Taichung City 43645, Taiwan (R.O.C.)","鄭O書","04-26110060","04-26110061","有","有"
"45374593","20110609","20221124","仁德工業社","REN DER INDUSTRIAL CO.","彰化縣社頭鄉美雅村民生路３３４號","No. 334, Minsheng Rd., Meiya Vil., Shetou Township,  Changhua County , Taiwan (R.O.C.)","蕭O階","04-8735393","","有","有"
"45375565","20180920","20240127","虹忠實業社","HONG ZHONG CLOTH ENTERPRISE CO.","臺中市沙鹿區鹿寮里中山路金星二巷１６之２號","No. 16-2, Jinxing 2nd Ln., Zhongshan Rd., Luliao Vil., Shalu Dist., Taichung City 43341, Taiwan (R.O.C.)","陳O丞","04-26624522","04-26632786","有","有"
"45376585","20091216","20210811","富鈞模具工業社","FU JUN MOLD INDUSTRY CO.","臺中市霧峰區六股里中正路３９３巷７號１樓","1 F., No. 7, Ln. 393, Zhongzheng Rd., Liugu Vil., Wufeng Dist., Taichung City 41359, Taiwan (R.O.C.)","鄒O松","04-24078961","04-24073696","有","有"
"45376945","20111005","20210811","聖浲企業社","SHENG FENG COMPANY","臺中市烏日區烏日里民族街３５號１樓","1 F., No. 35, Minzu St., Wuri Vil., Wuri Dist., Taichung City 41449, Taiwan (R.O.C.)","籃O蕙","04-23357471","04-23357472","無","無"
"45379387","20221011","20230810","朝鮮味韓國料理","Chaoxianwei Co.","南投縣南投市崇文里中山街35號","No. 35, Zhongshan St., Chongwen Vil., Nantou City, Nantou County 540018, Taiwan (R.O.C.)","鄧O輝","049-2222200","","有","有"
"45379577","20151120","20210811","深港浮木洋行","SHENKANG & SON CO.","南投縣草屯鎮碧洲里草溪路101之4號","No. 101-4, Caoxi Rd., Bizhou Vil., Caotun Township, Nantou County 54260, Taiwan (R.O.C.)","白O毓","049-2317877","","有","有"
"45379648","20070105","20210812","佑昇貿易商行","YOE SHENG TRADING CO.","彰化縣大村鄉加錫村加錫二巷２３之２５號","No. 23-25, Jiaxi 2nd Ln., Dacun Township, Changhua County 51544, Taiwan (R.O.C.)","王O娟","04-8528605","04-8528613","有","有"
"45380363","20240927","20240927","東恩行","Dongenxing Store","苗栗縣苑裡鎮新復里9鄰新復125-3號","No. 125-3, Xinfu, 9th Neighborhood, Yuanli Township, Miaoli County 358003, Taiwan (R.O.C.)","曾O婷","037-868063","","有","有"
"45382593","20180105","20230114","御茶屋茶飲商行","YU-CHA-WU COMPANY","南投縣埔里鎮枇杷里青田街８號一樓","1 F., No. 8, Qingtian St., Pipa Vil., Puli Township, Nantou County 545009, Taiwan (R.O.C.)","陳O妤","049-2896602","","有","有"
"45383431","20220420","20220420","益眾工業社","YI JUNG Industrial Corp.","雲林縣斗南鎮西岐里延平路二段90號1樓","1 F., No. 90, Sec. 2, Yanping Rd., Xiqi Vil., Dounan Township, Yunlin County 63044, Taiwan (R.O.C.)","沈O廷","05-5973376","05-5950601","有","有"
"45391782","20110325","20110325","保證責任雲林縣四湖合作農場","FOUR LAKES COOPERATIVE FARM","雲林縣四湖鄉箔東村１７鄰箔子寮路２之６號","NO.2-6, BOZILIAO RD., SIHU TOWNSHIP, YUNLIN COUNTY 65445, TAIWAN (R.O.C.)","吳O寶","05-7724999","05-7724643","有","有"
"45392353","20141006","20210812","艾迪雅實業社","ADEYA CO.","臺中市大雅區上楓里楓林街１８１巷２弄１２號１樓","1 F., No. 12, Aly. 2, Ln. 181, Fenglin St., Shangfeng Vil., Daya Dist., Taichung City 42872, Taiwan (R.O.C.)","蔡O豐","04-25607595","","有","有"
"45392781","20110518","20110520","保證責任雲林縣大埔果菜運銷合作社","DA PU FRUIT TRANSPORTATION COOPERATION","雲林縣古坑鄉中華路１４號","NO.14, ZHONGHUA RD., GUKENG TOWNSHIP, YUNLIN COUNTY 64646, TAIWAN (R.O.C.)","江O美瑤","05-5821939","","有","有"
"45394943","20120906","20210812","藍海企業社","LAN HAI COMPANY","臺中市沙鹿區鹿寮里福德路62號1樓","1 F., No. 62, Fude Rd., Luliao Vil., Shalu Dist., Taichung City 43341, Taiwan (R.O.C.)","陳O宗","04-26626581","04-26626953","有","有"
"45396822","20090409","20210811","玖田茶莊","JEON TYAN TEA BRONY CO.","南投縣名間鄉中正村小崎巷３９－３８號二樓","2 F., No. 39-38, Xiaoqi Ln., Mingjian Township, Nantou County 55141, Taiwan (R.O.C.)","許O菁","049-2220160","049-2247540","有","有"
"45397548","20220812","20220812","茶米麴茶飲站","CHA MI CHIU TEA SHOP","南投縣埔里鎮北門里中山路2段283號1樓","1 F., No. 283, Sec. 2, Zhongshan Rd., Beimen Vil., Puli Township, Nantou County 545016, Taiwan (R.O.C.)","李O嫚","049-2993156","","有","有"
"45398119","20070206","20221018","長德電腦刺繡社","A & E EMBROIDERY CO.","苗栗縣苗栗市嘉盛里8鄰嘉盛街56巷135號1樓","1 F., No. 135, Ln. 56, Jiasheng St., 8th Neighborhood, Jiasheng Vil., Miaoli City, Miaoli County 360001, Taiwan (R.O.C.)","宋O軒","037-260788","037-263067","有","有"
"45402042","20100406","20100406","保證責任雲林縣斗南畜產生產合作社","DOUNAN TOWN ANIMAL INDUSTRY COOPERATIVE SOCIETY","雲林縣斗南鎮將軍３之１０號","NO.3-10, JIANGJUN, DOUNAN TOWNSHIP, YUNLIN COUNTY 630, TAIWAN (R.O.C.)","吳O田","05-5967766","05-5967722","有","有"
"45403035","20110615","20210812","兆賢企業社","ZHO XIAN COMPANY","臺中市大肚區蔗廍里中蔗路21號1樓","1 F., No. 21, Zhongzhe Rd., Dadu Dist., Taichung City 43248, Taiwan (R.O.C.)","林O斌","04-26916539","04-26916540","有","有"
"45403154","20070316","20210811","晟崵企業社","CHERNG YANG WOOD ENTERPRISE COMPANY","臺中市北屯區后庄里中清路二段８２８號１樓","1 F., No. 828, Sec. 2, Zhongqing Rd., Houzhuang Vil., Beitun Dist., Taichung City 40676, Taiwan (R.O.C.)","廖O南","04-25673315","04-25605124","有","有"
"45403318","20070607","20230522","牛記行","NU-A-GE HANG","臺中市霧峰區本堂里樹仁路１５４－３號","No. 154-3, Shuren Rd., Bentang Vil., Wufeng Dist., Taichung City 413015, Taiwan (R.O.C.)","甯O中","04-23305649","04-23399674","無","無"
"45404914","20080123","20170606","保證責任彰化縣青信果菜生產合作社","TREEGO PRODUCE COOPERATIVE","彰化縣溪州鄉登山路１段２９８號","NO.298, SEC. 1, DENGSHAN RD., XIZHOU TOWNSHIP, CHANGHUA COUNTY 52447, TAIWAN (R.O.C.)","邱O奉","04-8806158","04-8806505","有","有"
"45405441","20101130","20210812","旭田汽車商行","XUTIAN BUSINESS HOUSE","彰化縣溪湖鎮大庭里崙子腳路５４號１樓（限辦公室使用）","1 F., No. 54, Lunzijiao Rd., Dating Vil., Xihu Township, Changhua County 51448, Taiwan (R.O.C.)","胡O媚","048525767","04-8526655","有","有"
"45408094","20100421","20210811","詮鎰企業社","CHUAN YIH SILK ENTERPRISE CO.","彰化縣田中鎮三安里大安路１段臨228號","No. 228, Sec. 1, Da’an Rd., San’an Vil., Tianzhong Township, Changhua County 52049, Taiwan (R.O.C.)","許O惠","04-8754041","","有","有"
"45409024","20161123","20210811","益豪工程行","YI HAO ENGINEERING CO.","臺中市大里區金城里上興街２段５４巷１６號１樓","1 F., No. 16, Ln. 54, Sec. 2, Shangxing St., Jincheng Vil., Dali Dist., Taichung City 41275, Taiwan (R.O.C.)","廖O傳","04-24936046","","有","有"
"45410459","20070320","20210812","聖松企業社","SEN SONG ENTERPRISE CO.","彰化縣和美鎮山犁里愛恆路３０號１樓","1 F., No. 30, Aiheng Rd., Shanli Vil., Hemei Township, Changhua County 50846, Taiwan (R.O.C.)","鄭O東","04-7575463","04-7579572","有","有"
"45412077","20081030","20210811","賀冠企業社","HEH GUAN CO.","臺中市北屯區舊社里旱溪西路三段３０７巷５６號１樓","1 F., No. 56, Ln. 307, Sec. 3, Hanxi W. Rd., Jiushe Vil., Beitun Dist., Taichung City 40647, Taiwan (R.O.C.)","黃O港","04-24367936","04-24367936","有","有"
"45414173","20170623","20210812","玩美銘版企業社","WANMEI NAMEPLATE PRINTING  COMPANY","臺中市霧峰區南柳里柳豐路２６６號","No. 266, Liufeng Rd., Nanliu Vil., Wufeng Dist., Taichung City 41354, Taiwan (R.O.C.)","陳O秦","04-23300899","04-23300969","無","無"
"45418868","20210111","20210812","文紡企業行","WEN FANG RECYCLE ENTERPRISE CO., LTD.","彰化縣彰化市莿桐里彰鹿路107巷4號7樓","7 F., No. 4, Ln. 107, Zhanglu Rd., Citong Vil., Changhua City, Changhua County 50083, Taiwan (R.O.C.)","蔡O文","0936358670","","有","有"
"45419830","20130702","20210811","誠泰醬油食品商行","CHENG TAI SOY SAUCE COMPANY","雲林縣西螺鎮大園里大橋南路66號","No. 66, Daqiao S. Rd., Dayuan Vil., Xiluo Township, Yunlin County 64841, Taiwan (R.O.C.)","林O榕","05-5881998","05-5879878","有","有"
"45420148","20181121","20210812","宏友企業社","Hongyou saws company","彰化縣永靖鄉港西村福德巷１８１之４號１樓","1 F., No. 181-4, Fude Ln., Yongjing Township, Changhua County 51244, Taiwan (R.O.C.)","許O宏","04-8391393","04-8330585","有","有"
"45421054","20140923","20210811","高速空力技研企業社","KOSOKU CAR AIR FORCE COMPANY","臺中市大里區樹王里文心南路１１３０號","No. 1130, Wenxin S. Rd., Shuwang Vil., Dali Dist., Taichung City 41258, Taiwan (R.O.C.)","吳O興","04-24180155","04-24180200","有","有"
"45427233","20080922","20210811","佳德生物科技國際商行","CHIA DER BIOTECHNOLOGY INTERNATIONAL COMPANY","臺中市南區和平里復興路二段71巷77弄51號12樓","12 F., No. 51, Aly. 77, Ln. 71, Sec. 2, Fuxing Rd., Heping Vil., South Dist., Taichung City 40245, Taiwan (R.O.C.)","阮O葉","04-23354209","04-23353861","有","有"
"45427424","20070508","20221223","立欣企業社","KING-GLAD ENTERPRISE CO.","臺中市后里區舊社里舊社路２４－５號﹝限１樓﹞","1 F., No. 24-5, Jiushe Rd., Jiushe Vil., Houli Dist., Taichung City 421008, Taiwan (R.O.C.)","陳O官","04-25578839","04-25578839","無","無"
"45429345","20150115","20210812","勝倢企業社","CH CJ BUSINESS COMPANY","彰化縣彰化市新華里彰新路１段２６巷１１６號１樓（限辦公室使用）","1 F., No. 116, Ln. 26, Sec. 1, Zhangxin Rd., Xinhua Vil., Changhua City, Changhua County 50053, Taiwan (R.O.C.)","曾O倢","0933-558646","047-247446","有","有"
"45430504","20200824","20200824","社團法人臺灣動物緊急救援推廣協會","ANIMAL RESCUE TEAM TAIWAN","臺中市東區自強南街６巷１１之３號","NO. 11-3, LN. 6, ZIQIANG S. ST., EAST DIST., TAICHUNG CITY 401, TAIWAN (R.O.C.)","倪OO","04-23602371","04-23609747","有","有"
"45430764","20120704","20210811","沃沅企業社","WO YUAN ENTERPRISE CO.","彰化縣福興鄉萬豐村彰水路臨72之1號1樓","1 F., No. 72-1, Zhangshui Rd., Fuxing Township, Changhua County 50662, Taiwan (R.O.C.)","梁O濠","04-7691824","","有","有"
"45431399","20151023","20210811","迪緯企業社","DI WE STORE","彰化縣鹿港鎮頂番里鹿和路4段155巷52號1樓","1 F., No. 52, Ln. 155, Sec. 4, Luhe Rd., Dingfan Vil., Lukang Township, Changhua County 50543, Taiwan (R.O.C.)","劉O玲","04-7718852","04-7639615","有","有"
"45432480","20130402","20210811","柏特企業社","BOPTER CO.","臺中市后里區墩東里文明路６９巷２１號﹝限１樓﹞","1 F., No. 21, Ln. 69, Wenming Rd., Dundong Vil., Houli Dist., Taichung City 42149, Taiwan (R.O.C.)","李O祥","04-25587524","04-25587434","有","有"
"45432524","20170123","20210811","高勝企業社","ENORMITY SUCCESS COMPANY","臺中市大甲區頂店里雁門路２５０巷９號１樓","1 F., No. 9, Ln. 250, Yanmen Rd., Dingdian Vil., Dajia Dist., Taichung City 43754, Taiwan (R.O.C.)","郭O瓏","04-26886067","04-26889790","有","有"
"45432931","20151112","20151112","保證責任雲林縣下寮合作農場","SIA LIAO COOPERATIVE FARM","雲林縣元長鄉下寮村興工路２２號","NO.22, XINGGONG RD., YUANCHANG TOWNSHIP, YUNLIN COUNTY 655, TAIWAN (R.O.C.)","楊O幃","05-7861923","05-7861949","有","有"
"45434213","20070412","20210811","瑪如企業社","MARU HANG","臺中市清水區南寧里光華路１２８巷１１號１樓","1 F., No. 11, Ln. 128, Guanghua Rd., Nanning Vil., Qingshui Dist., Taichung City 43655, Taiwan (R.O.C.)","顏O文","0933178270","04-22080770","有","有"
"45435043","20080610","20210812","天昀企業社","DENTMIT TECHNOLOGY, INC.","苗栗縣竹南鎮大埔里大埔１２７–４號","No. 127-4, Dapu, Dapu Vil., Zhunan Township, Miaoli County 35059, Taiwan (R.O.C.)","連O烈","037-581198","037-580371","有","有"
"45436063","20070612","20210812","益德企業社","I TE COMPANY LTD.","彰化縣和美鎮好修里西川路１３８巷４５號","No. 45, Ln. 138, Xichuan Rd., Haoxiu Vil., Hemei Township, Changhua County 50844, Taiwan (R.O.C.)","林O有","047-540881","047-540891","有","有"
"45436697","20140505","20210812","泰欣企業社","TAYSHIN RECYCLE ENTERPRISE CO.","雲林縣北港鎮水埔里水埔65之6號1樓","1 F., No. 65-6, Shuipu, Shuipu Vil., Beigang Township, Yunlin County 65150, Taiwan (R.O.C.)","李O銘","05-5951551","","無","無"
"45437561","20090317","20210812","恆立企業社","HAN LI ENTERPRISE CO.","彰化縣溪湖鎮湖東里大溪路青宅巷２２號（限辦公室使用）","No. 22, Qingzhai Ln., Daxi Rd., Hudong Vil., Xihu Township, Changhua County 51452, Taiwan (R.O.C.)","洪O原","04-8820833","04-8822234","有","有"
"45438175","20141114","20210812","富士林工業社","FU SU LIN INDUSTRY CO.","彰化縣秀水鄉安東村彰水路1段233巷6號1樓","1 F., No. 6, Ln. 233, Sec. 1, Zhangshui Rd., Xiushui Township, Changhua County 50445, Taiwan (R.O.C.)","吳O琪","04-7698858","","有","有"
"45438750","20070418","20210811","統宇企業社","TOONG YEU ENTERPRISE CO.","臺中市豐原區田心里育英路56巷6號7樓之3","7F.-3, No. 6, Ln. 56, Yuying Rd., Tianxin Vil., Fengyuan Dist., Taichung City 42050, Taiwan (R.O.C.)","張O珠","04-22386969","04-22331068","有","有"
"45439646","20181107","20210812","粘土的家手藝材料鋪","Mom Liao clay artist studio","臺中市西屯區逢甲里弘孝路２１５號１樓","1 F., No. 215, Hongxiao Rd., Fengjia Vil., Xitun Dist., Taichung City 40749, Taiwan (R.O.C.)","廖O杏","0933456108","","有","有"
"45440587","20140408","20210811","小雅畫廊","XIAOYA GALLERY","臺中市西屯區何德里成都路５６號１樓","1 F., No. 56, Chengdu Rd., Hede Vil., Xitun Dist., Taichung City 40751, Taiwan (R.O.C.)","許O鳳","04-23131238","04-23130160","有","有"
"45441235","20101012","20210811","安立家飾布坊","ANY STYLE DECORATIN. COMPANY","臺中市南屯區三義里河南路4段150之3號1樓","1 F., No. 150-3, Sec. 4, Henan Rd., Sanyi Vil., Nantun Dist., Taichung City 40874, Taiwan (R.O.C.)","侯O貞","04-23168777","04-23166660","無","無"
"45441559","20160503","20210811","貝克里麵包專門店","BAKERY BREAD SHOP","苗栗縣頭份市自強里12鄰信東路132號","No. 132, Xindong Rd., 12th Neighborhood, Ziqiang Vil., Toufen City, Miaoli County 35149, Taiwan (R.O.C.)","江O山","037-674567","037-674567","有","有"
"45441615","20080717","20210811","健煌塑膠企業社","CHIEN HWANG PLASTIC ENTERPRISE CO.","彰化縣埔鹽鄉埔鹽村中華路297號","No. 297, Zhonghua Rd., Puyan Township, Changhua County 51641, Taiwan (R.O.C.)","陳O貴","","","有","有"
"45442950","20130903","20210811","喬伊企業社","JOY HAPPY CO.","南投縣草屯鎮敦和里仁愛街213巷69號一樓","1 F., No. 69, Ln. 213, Ren’ai St., Dunhe Vil., Caotun Township, Nantou County 54256, Taiwan (R.O.C.)","陳O婷","049-2312985","","有","有"
"45443851","20070430","20210811","十方商行","SHIH FANG SHANG HANG COMPANY","雲林縣古坑鄉華山村華山110之6號","No. 110-6, Huashan, Gukeng Township, Yunlin County 64646, Taiwan (R.O.C.)","李O蓁","05-5901750","","有","有"
"45447982","20100729","20210812","繁華企業社","DOWNTOWN BUSINESS COMMUNITY","南投縣草屯鎮富寮里富頂路一段３６０巷４９號﹝現場不得堆棧﹞","No. 49, Ln. 360, Sec. 1, Fuding Rd., Fuliao Vil., Caotun Township, Nantou County 54244, Taiwan (R.O.C.)","許O偉","049-2561138","049-2553414","有","有"
"45449004","20070911","20210811","允聯商行","YUN LIAN SHANG HANG","彰化縣二林鎮振興里國中路１００號","No. 100, Guozhong Rd., Zhenxing Vil., Erlin Township, Changhua County 52657, Taiwan (R.O.C.)","蘇O羽","0919058405","","無","無"
"45449187","20160106","20210812","晶銓工業社","GREAT LAKE MACHINERY CO.","彰化縣埤頭鄉大湖村公館路２１１巷１０９號","No. 109, Ln. 211, Gongguan Rd., Pitou Township, Changhua County 52342, Taiwan (R.O.C.)","徐O德","04-8929643","","有","有"
"45449779","20071205","20210811","青蛙媽媽寢飾精品店","FROG MON BEDROOM DECORATED GIFT SHOP","臺中市西屯區上石里西屯路二段上石南二巷２之１號１樓","1 F., No. 2-1, Shangshi S. 2nd Ln., Sec. 2, Xitun Rd., Shangshi Vil., Xitun Dist., Taichung City 40747, Taiwan (R.O.C.)","林O紳","04-27052879","04-27052879","有","有"
"45452507","20131023","20210812","宏家實業社","GRANDHOME CO.","彰化縣鹿港鎮東石里鹿西路538號","No. 538, Luxi Rd., Dongshi Vil., Lukang Township, Changhua County 50549, Taiwan (R.O.C.)","陳O明","04-7779702","04-7779405","有","有"
"45454527","20241025","20241025","鑫億企業社","Xinyi Enterprise Society Co.","雲林縣元長鄉鹿北村明鹿路七七號","No. 77, Minglu, Yuanchang Township, Yunlin County 655026, Taiwan (R.O.C.)","廖O福","","","有","有"
"45454569","20080414","20210811","晉欣企業社","JING HSIN ENTERPRISE COMPANY","臺中市大里區東湖里長春路６６號１樓","1 F., No. 66, Changchun Rd., Donghu Vil., Dali Dist., Taichung City 41268, Taiwan (R.O.C.)","賴O蓮","04-24950014","","有","有"
"45457051","20240424","20240424","宏碩消防工程行","HONG SHUO Co.","臺中市北屯區和平里東山路一段５０３巷３８弄２１號１樓","1 F., No. 21, Aly. 38, Ln. 503, Sec. 1, Dongshan Rd., Heping Vil., Beitun Dist., Taichung City 406020, Taiwan (R.O.C.)","張O群","04-26399859","","有","有"
"45457355","20070521","20210812","成龍貿易行","CHENG LONG TRADING CO.","雲林縣口湖鄉下崙村福安路165巷6號","No. 6, Ln. 165, Fu’an Rd., Kouhu Township, Yunlin County 65345, Taiwan (R.O.C.)","王O宗","05-7993933","05-7991332","有","有"
"45457550","20070529","20230629","威銓企業社","JIN WEI CHUAN COMPANY","臺中市太平區光隆里正光街201巷16之14號","No. 16-14, Ln. 201, Zhengguang St., Guanglong Vil., Taiping Dist., Taichung City 411033, Taiwan (R.O.C.)","陳O蓁","04-22756593","04-22756384","有","有"
"45458967","20070530","20220805","廣洲企業社","TAI ZHOU QI YE CO.","臺中市豐原區東湳里三豐路二段242號1樓","1 F., No. 242, Sec. 2, Sanfeng Rd., Dongnan Vil., Fengyuan Dist., Taichung City 420079, Taiwan (R.O.C.)","王O閔","04-25675911","04-25675922","有","有"
"45461549","20170210","20210811","貿揚工業社","MAU YUN  INDUSTRIAL CO.","臺中市太平區太平里永豐路２８巷７號１樓","1 F., No. 7, Ln. 28, Yongfeng Rd., Taiping Vil., Taiping Dist., Taichung City 41161, Taiwan (R.O.C.)","陳O棟","04-22771367","04-22799440","有","有"
"45463357","20140416","20210811","穎川企業社","YING CHUAN ENTERPRISE CO.","苗栗縣公館鄉石墻村14鄰石墻309-1號","No. 309-1, Shiqiang, 14th Neighborhood, Gongguan Township, Miaoli County 36341, Taiwan (R.O.C.)","陳O源","037-229731","037-236826","有","有"
"45464601","20101124","20210812","躍昌工程行","YUE CHANG ENGINEERING COMPANY","南投縣草屯鎮南埔里中正路257-19號一樓","1 F., No. 257-19, Zhongzheng Rd., Nanpu Vil., Caotun Township, Nantou County 54243, Taiwan (R.O.C.)","蘇O吉","0422612200","0422612020","有","有"
"45467109","20091126","20210812","佶儷企業社","CHI LI HARDWARE CO.","臺中市南屯區永定里黎明路二段71巷26號6樓","6 F., No. 26, Ln. 71, Sec. 2, Liming Rd., Yongding Vil., Nantun Dist., Taichung City 40873, Taiwan (R.O.C.)","邱O芳","04-23813465","","有","有"
"45470414","20080610","20210811","昱碩企業社","YU SHUO CI YE CO.","南投縣南投市嘉興里彰南路1段411巷30號1樓","1 F., No. 30, Ln. 411, Sec. 1, Zhangnan Rd., Jiaxing Vil., Nantou City, Nantou County 54056, Taiwan (R.O.C.)","劉O慧","04-24822611","","有","有"
"45471785","20170524","20210812","有成電器專業維修行","YEOU CHERNG ELECTRICE APPLIANCES CO.","彰化縣芳苑鄉王功村功湖路王功段４０９號１樓","1 F., No. 409, Sec. Wanggong, Gonghu Rd., Fangyuan Township, Changhua County 52860, Taiwan (R.O.C.)","吳O賜","0970019750","","有","有"
"45471954","20080321","20210812","凱源企業社","KAI UAN COMPANY","臺中市神岡區社口里社口街３３６巷１６號","No. 16, Ln. 336, Shekou St., Shekou Vil., Shengang Dist., Taichung City 42943, Taiwan (R.O.C.)","鄭O芳","04-25395571","04-25395825","有","有"
"45474360","20080205","20210812","臺懋企業社","TAI MAUO CO.","臺中市龍井區新東里新興路１巷１－１號","No. 1-1, Ln. 1, Xinxing Rd., Xindong Vil., Longjing Dist., Taichung City 43442, Taiwan (R.O.C.)","劉O南","04-26319970","","無","無"
"45474973","20070614","20210811","鼎新企業社","RISEN GOLD ENTERPRISE CO.","臺中市大里區長榮里新芳路１０７之１號１樓","1 F., No. 107-1, Xinfang Rd., Changrong Vil., Dali Dist., Taichung City 41284, Taiwan (R.O.C.)","杜O杰","04-24824301","04-24824867","有","有"
"45475699","20170508","20210811","永澄企業社","YONG CHENG BIKE STUDIO","苗栗縣苑裡鎮西勢里９鄰西勢６６之５號１樓","1 F., No. 66-5, Xishi, 9th Neighborhood, Xishi Vil., Yuanli Township, Miaoli County 35858, Taiwan (R.O.C.)","陳O睿","037-865077","","有","有"
"45476135","20250617","20250617","泰佑企業社","Taiyou Enterprise Co.","臺中市潭子區潭秀里潭富路一段121號1樓","1 F., No. 121, Sec. 1, Tanfu Rd., Tanxiu Vil., Tanzi Dist., Taichung City 427014, Taiwan (R.O.C.)","林O佑","0927-338026","","有","有"
"45477562","20250227","20250227","駿琳輪胎行","Jun Lin Lun Tai Shop","臺中市太平區德隆里德安街４２巷４１號１樓","1 F., No. 41, Ln. 42, De'an St., Delong Vil., Taiping Dist., Taichung City 411007, Taiwan (R.O.C.)","林O良","0424069645","","有","有"
"45479077","20070627","20221111","莉波利斯貿易商行","LIPPOLIS (TAIWAN) CO.","臺中市潭子區頭家里頭張路２段８４巷１６號６樓之２","6 F.-2, No. 16, Ln. 84, Sec. 2, Touzhang Rd., Toujia Vil., Tanzi Dist., Taichung City 427310, Taiwan (R.O.C.)","林O倢","04-25336116","04-25352802","無","無"
"45479436","20180320","20210811","奇將工坊","JI JIANG WORK STORE","苗栗縣三義鄉勝興村22鄰水美118-1號","No. 118-1, Shuimei, 22th Neighborhood, Sanyi Township, Miaoli County 36744, Taiwan (R.O.C.)","李O宸","037-877551","037-870121","有","有"
"45480644","20120118","20210812","泰易企業社","TAY-YI ENTERPRISE CO.","雲林縣莿桐鄉甘厝村甘厝路1之10號1樓","1 F., No. 1-10, Gancuo, Citong Township, Yunlin County 64742, Taiwan (R.O.C.)","林O德","05-5840189","05-5848058","有","有"
"45481221","20071030","20210811","續威電信器材企業社","SHIU WEI COMMUNICATION COMPANY","彰化縣田中鎮北路里員集路2段臨710號2樓","2 F., No. 710, Sec. 2, Yuanji Rd., Beilu Vil., Tianzhong Township, Changhua County 52047, Taiwan (R.O.C.)","蕭O源","04-8742442","04-8748358","無","無"
"45483179","20071109","20221115","東園企業社","EAST GARDEN ENTERPRISE COMPANY","臺中市烏日區溪壩里溪南路１段６１１號２樓","2 F., No. 611, Sec. 1, Xinan Rd., Wuri Dist., Taichung City 414020, Taiwan (R.O.C.)","莊O道","04-24075309","04-24078652","無","無"
"45484923","20131218","20220531","華峰機械廠","HWA FENG MACHINE WORKS","臺中市大甲區江南里南北二路１２１巷６號","No. 6, Ln. 121, Nanbei 2nd Rd., Jiangnan Vil., Dajia Dist., Taichung City 437015, Taiwan (R.O.C.)","許O尉","04-26762627","04-26760908","有","有"
"45487230","20101014","20210812","大海水族社","DA HAI AQUARIUM STORE","雲林縣土庫鎮西平里民生路一三八號","No. 138, Minsheng Rd., Xiping Vil., Tuku Township, Yunlin County 63359, Taiwan (R.O.C.)","林O崇","0988160619","05-6652519","有","有"
"45487750","20151002","20240105","亞宸保修廠","ASIA CHEN WARRANTY FACTORY","南投縣草屯鎮碧洲里碧興路一段503之2號","No. 503-2, Sec. 1, Bixing Rd., Bizhou Vil., Caotun Township, Nantou County 542010, Taiwan (R.O.C.)","張O誠","0915-650100","","有","有"
"45488619","20150729","20210811","豐群行","FCFROW FIRM","臺中市大里區東昇里內新街頂庄巷５５弄１６號﹝限一樓﹞","1 F., No. 16, Aly. 55, Dingzhuang Ln., Neixin St., Dongsheng Vil., Dali Dist., Taichung City 41252, Taiwan (R.O.C.)","江O良","04-24874009","04-24865185","有","有"
"45489011","20110826","20210811","富成鐵材行","FU CHENG IRON CO.","臺中市烏日區溪埧里溪南路１段６８２巷３６弄１６號１樓","1 F., No. 16, Aly. 36, Ln. 682, Sec. 1, Xinan Rd., Xiju Vil., Wuri Dist., Taichung City 41464, Taiwan (R.O.C.)","葉O美","04-23355986","04-23355981","有","有"
"45491234","20170831","20210811","柏林商行","HANTAI CO.","臺中市大里區新里里德芳一街５７號１樓","1 F., No. 57, Defang 1st St., Xinli Vil., Dali Dist., Taichung City 41262, Taiwan (R.O.C.)","許O榮","04-24853656","","有","有"
"45491375","20140509","20210811","益群商行","YEA CHIN TRADE CO.","臺中市大里區長榮里益民路二段８１巷１５號１樓","1 F., No. 15, Ln. 81, Sec. 2, Yimin Rd., Changrong Vil., Dali Dist., Taichung City 41256, Taiwan (R.O.C.)","楊O煌","04-22853689","","有","有"
"45492326","20070911","20210812","九正企業商行","NINE RIGHT ENTERPRISE STORE","臺中市西屯區逢甲里西屯路上石北六巷1號1樓","1 F., No. 1, Shangshi N. 6th Ln., Sec. 2, Xitun Rd., Fengjia Vil., Xitun Dist., Taichung City 40749, Taiwan (R.O.C.)","張O蘭","04-24639482","04-27072110","有","有"
"45492347","20070713","20210812","英盟企業社","IN-MOTION ENTERPRISE CO.","雲林縣西螺鎮廣福里光明西路二號一樓","1 F., No. 2, Guangming W. Rd., Guangfu Vil., Xiluo Township, Yunlin County 64855, Taiwan (R.O.C.)","廖O英","0971-074917","","有","有"
"45493768","20111011","20210811","富瑩齒輪工業社","FU YING GEAR INDUSTRIAL CO.","彰化縣秀水鄉安東村彰水路２段６６２巷５３號","No. 53, Ln. 662, Sec. 2, Zhangshui Rd., Xiushui Township, Changhua County 50448, Taiwan (R.O.C.)","鄭O紅","04-7699433","04-7275080","有","有"
"45494942","20181015","20210811","鎮宥工業社","ZHEN YO INDUSTRIAL CO.","臺中市大安區福興里福東路８號","No. 8, Fudong Rd., Fuxing Vil., Da’an Dist., Taichung City 43952, Taiwan (R.O.C.)","呂O如","04-26713351","04-26712325","有","有"
"45495196","20150410","20210811","達文西設計工作室","DA VINCI DESIGN STUDIO","南投縣南投市內興里中興一路７號一樓","1 F., No. 7, Zhongxing 1st Rd., Neixing Vil., Nantou City, Nantou County 54041, Taiwan (R.O.C.)","曾O琳","0933420321","","無","無"
"45496147","20230131","20230131","次零空間數位服務坊","Sub-Zero Studio","苗栗縣苗栗市高苗里６鄰日新街４９號３樓之６","3 F.-6, No. 49, Rixin St., 6th Neighborhood, Gaomiao Vil., Miaoli City, Miaoli County 360009, Taiwan (R.O.C.)","蘇O秋香","037-983570","","有","有"
"45497954","20091215","20210811","承新企業社","NEW WORLD ENTERPRISE AGENCY CO.","臺中市烏日區南里里溪南路三段９２８巷１０８號１樓","1 F., No. 108, Ln. 928, Sec. 3, Xinan Rd., Nanli Vil., Wuri Dist., Taichung City 41469, Taiwan (R.O.C.)","劉O佐","04-23354753","04-23354751","有","有"
"45500634","20081006","20210811","磐碩數位創意經紀工作室","PIXEL DIGITAL DESIGN MARKETING STUDIO","新北市三峽區學成路335號3樓之3","3F.-3, No. 335, Xuecheng Rd., Sanxia Dist., New Taipei City 23741, Taiwan (R.O.C.)","莊O雄","02-86719403","02-86710128","有","有"
"45502099","20151127","20210812","吉利來輪胎行","JILI LAI TIRE CO.","彰化縣伸港鄉溪底村興工路138號","No. 138, Xinggong Rd., Shengang Township, Changhua County 50954, Taiwan (R.O.C.)","楊O中","04-7982239","04-7977690","有","有"
"45502106","20100208","20210811","信富企業社","SYIN FU ENTERPRISE CO.","臺中市南屯區文心里嶺東路３８２號１樓","1 F., No. 382, Lingdong Rd., Wenxin Vil., Nantun Dist., Taichung City 40852, Taiwan (R.O.C.)","陳O珍","04-24729361","0424757563","有","無"
"45503652","20070914","20241010","游文富藝術工作室","YU WEN FU ART STUDIO","南投縣竹山鎮延山里鹿山路５２６號一樓","1 F., No. 526, Lushan Rd., Yanshan Vil., Zhushan Township, Nantou County 55776, Taiwan (R.O.C.)","游O","04-92648571","04-92648571","有","有"
"45505878","20121123","20210811","美之園","MEZIYUN NURSERY","彰化縣田尾鄉打簾村民生路1段422號","No. 422, Sec. 1, Minsheng Rd., Tianwei Township, Changhua County 52250, Taiwan (R.O.C.)","賴O禮","04-8223432","","有","有"
"45506428","20100126","20210925","茂奕商行","MAO YIH CO.","苗栗縣後龍鎮大庄里5鄰新港三路1953號1樓","1 F., No. 1953, Xingang 3rd Rd., 5th Neighborhood, Dazhuang Vil., Houlong Township, Miaoli County 356, Taiwan (R.O.C.)","陳O希","","","有","有"
"45506454","20160427","20210811","傑達實業社","JETSTAR INDUSTRY STORE","臺中市潭子區東寶里雅豐街91號1樓","1 F., No. 91, Yafeng St., Dongbao Vil., Tanzi Dist., Taichung City 42758, Taiwan (R.O.C.)","陳O柱","04-25319088","04-25348466","無","無"
"45509065","20170907","20210812","喬美企業社","CHOUME ENTERPRISE CO.","臺中市大里區樹王里萬安路６１巷１２弄２號１樓","1 F., No. 2, Aly. 12, Ln. 61, Wan’an Rd., Shuwang Vil., Dali Dist., Taichung City 41258, Taiwan (R.O.C.)","周O維","04-23300856","04-23300857","有","有"
"45510801","20080326","20210811","豐繹貿易社","FENGYI TWIND TRADING COMPANY","臺中市北區崇德里北興街１７２號７樓","7 F., No. 172, Beixing St., Chongde Vil., North Dist., Taichung City 40465, Taiwan (R.O.C.)","劉O繹","04-22439249","04-22439226","有","有"
"45511626","20200716","20210812","瑞祥企業社","Rui Xiang Hardware Co.","彰化縣鹿港鎮溝墘里溝墘巷259弄24號","No. 24, Aly. 259, Gouqian Vil., Lukang Township, Changhua County 505, Taiwan (R.O.C.)","謝O和","04-7719764","04-7714792","有","有"
"45511914","20150824","20210812","鼎義企業社","DING YI CASTING CO.","臺中市北屯區松強里松竹路二段３００巷７弄２２號１樓","1 F., No. 22, Aly. 7, Ln. 300, Sec. 2, Songzhu Rd., Songqiang Vil., Beitun Dist., Taichung City 40673, Taiwan (R.O.C.)","李O萬","0963-430103","","有","有"
"45512435","20181128","20211204","奇力克工程行","CILIK BUILDING MATERIALS CO.","臺中市北區中達里英才路184號1樓","1 F., No. 184, Yingcai Rd., Zhongda Vil., North Dist., Taichung City 40442, Taiwan (R.O.C.)","施O洋","04-23201379","04-23201378","有","有"
"45512977","20200313","20210811","新友企業社","XINXINYOU FIRM","彰化縣彰化市莿桐里彰水路３３巷３４弄２２之６號１樓","1 F., No. 22-6, Aly. 34, Ln. 33, Zhangshui Rd., Citong Vil., Changhua City, Changhua County 50091, Taiwan (R.O.C.)","黃O森","04-7615205","","有","有"
"45513244","20090810","20210812","榮讚工程實業社","RONGZAN CO.","雲林縣麥寮鄉麥豐村泰順路一九五號","No. 195, Taishun Rd., Mailiao Township, Yunlin County 63846, Taiwan (R.O.C.)","劉O賓","05-6939455","05-6936757","有","有"
"45514399","20221021","20221021","建辰紡織實業廠","JIAN CHEN TEXTILE FACTORY","彰化縣伸港鄉什股村什股路191-20號","No. 191-20, Shigu Rd., Shengang Township, Changhua County 509006, Taiwan (R.O.C.)","林O明","04-7982856","","有","有"
"45514790","20090717","20240601","大惠建材行","DA HUEI BUILDING MATERIAL COMPANY","新北市汐止區新昌里新台五路2段85巷9號3樓","3 F., No. 9, Ln. 85, Sec. 2, Xintai 5th Rd., Xinchang Vil., Xizhi Dist., New Taipei City 22165, Taiwan (R.O.C.)","林O瑜","02-85315104","02-85315103","有","有"
"45515539","20180518","20231208","大允企業社","DAWINONE INTERNATIONAL CO.","彰化縣和美鎮地潭里晉北路451號","No. 451, Jinbei Rd., Ditan Vil., Hemei Township, Changhua County 508003, Taiwan (R.O.C.)","黃O君","04-24529014","04-24521475","有","有"
"45515735","20071031","20210811","明鼎益興業社","MING DING YI CO.","雲林縣西螺鎮大新里大新七九號一樓","1 F., No. 79, Daxin, Daxin Vil., Xiluo Township, Yunlin County 64880, Taiwan (R.O.C.)","廖O益","0938320980","05-5876615","有","有"
"45515828","20150427","20220702","鴻利企業社","HOME LEE CUTTING DIE COMPANY","臺中市大里區大明里東興路62巷27號1樓","1 F., No. 27, Ln. 62, Dongxing Rd., Daming Vil., Dali Dist., Taichung City 41266, Taiwan (R.O.C.)","江O賢","04-24790262","04-24790845","有","有"
"45516045","20070827","20230117","倍魯強商行","JOHNBLUE FIRM","雲林縣虎尾鎮平和里成和街三Ｏ號一樓","1 F., No. 30, Chenghe St., Pinghe Vil., Huwei Township, Yunlin County 632105, Taiwan (R.O.C.)","林O旻","05-6312431","","無","無"
"45519319","20070910","20220421","松和企業社","SONG HUOH CO.","雲林縣斗南鎮新崙里溝心２４-１號1樓","1 F., No. 24-1, Gouxin, Xinlun Vil., Dounan Township, Yunlin County 63049, Taiwan (R.O.C.)","沈O隆","05-5976442","","有","有"
"45519654","20190107","20190108","虛空聖殿","Vacant Temple","雲林縣古坑鄉永昌村光興路８５號","NO.85, GUANGXING RD., GUKENG TOWNSHIP, YUNLIN COUNTY 64648, TAIWAN (R.O.C.)","方O盟","05-5823359","05-5826265","有","有"
"45521933","20160706","20210812","和易工業社","HER YI MACHINERY COMPANY","彰化縣埔鹽鄉廍子村彰水路2段210-12號","No. 210-12, Sec. 2, Zhangshui Rd., Puyan Township, Changhua County 51641, Taiwan (R.O.C.)","蔡O娥","04-8658280","04-8656928","有","有"
"45523165","20100706","20210811","虹茂企業社","HONG MAO CI YE SHE CO.","彰化縣彰化市彰安里中正路２段５０３巷１８號１樓","1 F., No. 18, Ln. 503, Sec. 2, Zhongzheng Rd., Zhang’an Vil., Changhua City, Changhua County 50048, Taiwan (R.O.C.)","吳O龍","04-7288382","04-7288382","有","有"
"45523398","20211027","20211027","泓集企業社","HONG JI CO.","彰化縣福興鄉福南村下寮巷15-7號","No. 15-7, Xialiao Ln., Fuxing Township, Changhua County 50662, Taiwan (R.O.C.)","許O娟","04-7704435","04-7704436","有","有"
"45528984","20141227","20210811","榮富工業社","RUNG FU CO.","彰化縣福興鄉頂粘村東勢巷7-10號","No. 7-10, Dongshi Ln., Fuxing Township, Changhua County 50662, Taiwan (R.O.C.)","黃O榮","04-7706215","04-7705776","有","有"
"45529251","20220804","20240112","九五環衛工程企業社","JOE WORK ENVIRO ENGINEERING CO.","臺中市北屯區平安里文心路四段696號12樓之2","12 F.-2, No. 696, Sec. 4, Wenxin Rd., Ping’an Vil., Beitun Dist., Taichung City 406503, Taiwan (R.O.C.)","黃O好","0912-223875","","有","有"
"45529371","20161115","20210811","龍宏農產食品加工廠","LONG HOME AGRICULTURAL PRODUCTS REPROCESSED COMPANY","雲林縣林內鄉烏麻村永昌1之60號","No. 1-60, Yongchang, Linnei Township, Yunlin County 64344, Taiwan (R.O.C.)","鄭O漢","05-5898539","05-5899990","有","有"
"45530047","20200812","20210811","宏岳實業社","Hongyue Chemical Enterprise Co.","臺中市大里區西湖里草堤路233巷9號","No. 9, Ln. 233, Caoti Rd., Xihu Vil., Dali Dist., Taichung City 41263, Taiwan (R.O.C.)","仝O宏","04-23385225","04-23381103","有","有"
"45530412","20240327","20240327","順侒裝潢工程行","SHUN AN Company","臺中市大甲區西岐里順帆路71號1樓","1 F., No. 71, Shunfan Rd., Xiqi Vil., Dajia Dist., Taichung City 437107, Taiwan (R.O.C.)","陳O明","04-26822162","","有","有"
"45531382","20190612","20210811","源盛企業社","YUAN CHENG CI YE CO.","臺中市沙鹿區三鹿里國昌三街11號1樓","1 F., No. 11, Guochang 3rd St., Sanlu Vil., Shalu Dist., Taichung City 43347, Taiwan (R.O.C.)","張O盛","04-26520350","04-26520360","有","有"
"45531926","20191122","20210812","丞昌貿易行","CHENG CHANG PAPER PRODUCTS TRADING COMPANY","臺中市大雅區文雅里中和三路５５號一樓","1 F., No. 55, Zhonghe 3rd Rd., Wenya Vil., Daya Dist., Taichung City 42842, Taiwan (R.O.C.)","賴O浩","04-24792005","04-24793450","有","有"
"45534923","20120224","20210811","普鉅工程行","PU GREAT PROJECT CO.","臺中市烏日區螺潭里溪南路二段１５５巷４２號１樓","1 F., No. 42, Ln. 155, Sec. 2, Xinan Rd., Luotan Vil., Wuri Dist., Taichung City 41466, Taiwan (R.O.C.)","張O洽","04-23357353","","有","有"
"45535660","20201027","20210811","昌益實業社","CHAGN-YI INDUSTRY COMPANY","臺中市大里區東昇里東昇路３９０巷１６號","No. 16, Ln. 390, Dongsheng Rd., Dongsheng Vil., Dali Dist., Taichung City 41252, Taiwan (R.O.C.)","林O字","04-24830536","","有","有"
"45536176","20080314","20210811","隆富五金企業社","LUNG FUH HARDWARES ENTERPRISE COMPANY","彰化縣彰化市延和里埔內街193號","No. 193, Punei St., Yanhe Vil., Changhua City, Changhua County 50064, Taiwan (R.O.C.)","王O閑","04-7620519","04-7620513","有","有"
"45537870","20131028","20210812","北潞創意企業社","BEI LU CREATIVE COMPANY","臺中市清水區南寧里鎮南路１４１號","No. 141, Zhennan St., Nanning Vil., Qingshui Dist., Taichung City 43655, Taiwan (R.O.C.)","林O勳","04-26226305","04-26631616","有","有"
"45537983","20140820","20210811","寶源企業社","BAO YUAN CHEMICAL CO.","臺中市北屯區舊社里北屯路439之17巷2弄5號8樓之2","8F.-2, No. 5, Aly. 2, Ln. 439---17, Beitun Rd., Jiushe Vil., Beitun Dist., Taichung City 40654, Taiwan (R.O.C.)","李O蓬","04-22428033","04-22490838","有","有"
"45540333","20071101","20220913","興運企業行","WINMAX ENTERPRISE CO.","臺中市梧棲區大村里３９鄰文心街９９號１樓","1 F., No. 99, Wenxin St., 39th Neighborhood, Dacun Vil., Wuqi Dist., Taichung City 435056, Taiwan (R.O.C.)","蔡O培珍","04-26569920","04-26563995","有","有"
"45540360","20071218","20210811","寶林佛具社","POLIN BUDDHISTWARE ENTERPRISE CO.","臺中市烏日區榮泉里成功西路７１號","No. 71, Chenggong W. Rd., Rongquan Vil., Wuri Dist., Taichung City 41450, Taiwan (R.O.C.)","王O惠","04-23377750","04-23364975","有","有"
"45540713","20130605","20210811","百果食品加工廠","BAI GUO FOOD PROCESSING FACTORY","南投縣埔里鎮水頭里東潤路67之4號","No. 67-4, Dongrun Rd., Shuitou Vil., Puli Township, Nantou County 54557, Taiwan (R.O.C.)","陳O文","0492926138","0492925303","無","無"
"45541446","20080118","20210811","新美企業社","SMC HELMETS CO.","臺中市大里區新里里永隆一街２５３巷１０號１樓","1 F., No. 10, Ln. 253, Yonglong 1st St., Xinli Vil., Dali Dist., Taichung City 41257, Taiwan (R.O.C.)","陳O中","04-25222443","04-25222480","有","有"
"45542162","20180331","20230824","百視達光學實業社","BLOCKBUSTER OPTICAL ENTERPRISE COMPANY","苗栗縣竹南鎮大埔里科專六路296號1樓","1 F., No. 296, Kezhuan 6th Rd., Dapu Vil., Zhunan Township, Miaoli County 350012, Taiwan (R.O.C.)","黃O泓","0908817638","","有","有"
"45542830","20100915","20210812","奈米彩印科技企業社","NANOCOLOR TECHNOLOGY CO.","臺中市烏日區九德里明德街４９巷３號１樓","1 F., No. 3, Ln. 49, Mingde St., Jiude Vil., Wuri Dist., Taichung City 41447, Taiwan (R.O.C.)","賴O薇","04-22651889","04-22659189","有","有"
"45543628","20120224","20210811","聯凱商行","LANK CO.","臺中市東區東信里樂業路３６０號２樓","2 F., No. 360, Leye Rd., Dongxin Vil., East Dist., Taichung City 40153, Taiwan (R.O.C.)","曾O河","04-27069837","04-24511162","有","有"
"45544605","20071019","20230119","家哲企業社","JIA JHE CO.","彰化縣北斗鎮文昌里中興街２８０巷３號１樓","1 F., No. 3, Ln. 280, Zhongxing St., Wenchang Vil., Beidou Township, Changhua County 521051, Taiwan (R.O.C.)","蕭O哲","0923-325348","","無","無"
"45544746","20201022","20210812","祥湛汽車行","Xiangzhan Motors COMPANY","臺中市西屯區逢福里福上巷１８８之３號１樓","1 F., No. 188-3, Fushang Ln., Fengfu Vil., Xitun Dist., Taichung City 40743, Taiwan (R.O.C.)","簡O薇","04-22626286","","有","有"
"45545219","20071106","20210812","龍源菸酒專賣店","DRAGON WINES & SPIRITS CO.","雲林縣崙背鄉西榮村中山路四二四號一樓","1 F., No. 424, Zhongshan Rd., Lunbei Township, Yunlin County 63741, Taiwan (R.O.C.)","李O仕","05-6963106","05-6963106","有","有"
"45545251","20120905","20210812","維貿企業社","WINMARK ELECTRONICS CO.","臺中市龍井區竹坑里中華路一段221巷30弄13之4號","No. 13-4, Aly. 30, Ln. 221, Sec. 1, Zhonghua Rd., Zhukeng Vil., Longjing Dist., Taichung City 43450, Taiwan (R.O.C.)","林O三","04-26350822","","有","有"
"45546110","20071025","20210812","京馳企業社","JING CHIH CO.","彰化縣溪州鄉尾厝村公所路２０號１樓","1 F., No. 20, Gongsuo Rd., Xizhou Township, Changhua County 52441, Taiwan (R.O.C.)","林O鳳","04-8890424","","有","有"
"45546174","20190502","20230116","卓也小屋手工坊","Zhuo Ye Cottage Workshop","苗栗縣三義鄉廣盛村重河２２之２號１、２樓","２F., No. 22-2, Chonghe, Guangsheng Vil., Sanyi Township,  Miaoli County 367002, Taiwan (R.O.C.)","卓O榜","037879198","","無","無"
"45553821","20090722","20210811","瑪麟企業社","MA-LING COMPANY","新竹市北區中雅里延平路一段159巷20號一樓","1 F., No. 20, Ln. 159, Sec. 1, Yanping Rd., Zhongya Vil., North Dist., Hsinchu City 30056, Taiwan (R.O.C.)","李O樺","03-5241539","03-5224435","有","有"
"45556257","20110118","20210811","石探紀企業社","STONEXP MINERAL ENTERPRISE CO.","高雄市旗津區中洲巷４０號","No. 40, Zhongzhou Ln., Qijin Dist., Kaohsiung City 80545, Taiwan (R.O.C.)","莊O軒","07-5713336","","有","有"
"45556616","20180402","20210811","聖利工業社","SHENG LI GONG YE SHE FIRM","臺中市東區東橋里建智街９１號１樓","1 F., No. 91, Jianzhi St., Dongqiao Vil., East Dist., Taichung City 40146, Taiwan (R.O.C.)","王O鋒","04-22808473","04-22808473","有","有"
"45557050","20111012","20221126","貝綺名店","BEI QIMING SHOP","臺中市西區忠誠街５７號１樓","1 F., No. 57, Zhongcheng St., West Dist., Taichung City 403013, Taiwan (R.O.C.)","鄭O華","04-23026111","04-23262357","無","無"
"45558945","20250521","20250521","鼎典商行","Dingdian Company","雲林縣斗六市長安里雲科路二段101號","No. 101, Sec. 2, Yunke Rd., Chang’an Vil., Douliu City, Yunlin County 640104, Taiwan (R.O.C.)","莊O評","05-5339784","","有","有"
"45560750","20200423","20210811","寬平商行","Kuan Ping Shang shing co.","臺中市北區賴旺里北平路二段２５之５號１樓","1 F., No. 25-5, Sec. 2, Beiping Rd., Laiwang Vil., North Dist., Taichung City 40448, Taiwan (R.O.C.)","黃O寬","04-22912366","04-22991403","有","有"
"45560787","20091216","20221119","信鈞電訊行","SINGIN CO.","雲林縣斗六市十三里十三北路23之10號1樓","1 F., No. 23-10, Shisan N. Rd., Shisan Vil., Douliu City, Yunlin County 640106, Taiwan (R.O.C.)","陳O惠","055374567","055341785","無","無"
"45561239","20200407","20230302","財昕飲料店","Hsin ping shang hang","臺中市北屯區東光里東山路一段６５號１樓","1 F., No. 65, Sec. 1, Dongshan Rd., Dongguang Vil., Beitun Dist., Taichung City 406011, Taiwan (R.O.C.)","徐O勛","04-24375318","04-22991403","有","有"
"45562477","20120303","20210811","藤野商行","TENG YES INTERNATIONAL CO.","臺中市大雅區忠義里月祥路５０２巷１２號１樓","1 F., No. 12, Ln. 502, Yuexiang Rd., Zhongyi Vil., Daya Dist., Taichung City 42879, Taiwan (R.O.C.)","馬O儉","04-26154861","04-26152453","有","有"
"45563145","20101123","20210812","宏田碾米工廠二廠","HONG TIEN RICE-HUSKING FACTORY 2 FACTORY","雲林縣莿桐鄉義和村三和路一一六之八號","No. 116-8, Sanhe, Citong Township, Yunlin County 64747, Taiwan (R.O.C.)","蔡O平","05-5847859","","有","有"
"45563270","20210428","20240426","雅瑜茶行","YA YU TEA SHOP","臺中市豐原區北陽里南陽路324號1樓","1 F., No. 324, Nanyang Rd., Beiyang Vil., Fengyuan Dist., Taichung City 420087, Taiwan (R.O.C.)","何O毅","04-25158833","","有","有"
"45563546","20120905","20210812","金怡正企業行","KING YI CHEN ENTERPRISE FIRM","臺中市大肚區磺溪里文昌二街95巷11號","No. 11, Ln. 95, Wenchang 2nd St., Huangxi Vil., Dadu Dist., Taichung City 43243, Taiwan (R.O.C.)","陳O志","04-26993596","","有","有"
"45567487","20071206","20210811","陽捷企業社","YOUNG JIE CO.","臺中市潭子區東寶里大富路一段２巷３６號１樓","1 F., No. 36, Ln. 2, Sec. 1, Dafu Rd., Dongbao Vil., Tanzi Dist., Taichung City 42747, Taiwan (R.O.C.)","劉O明","04-25350641","04-25355632","有","有"
"45567509","20080430","20210812","榮品工業社","RUNG PIN PLASTIC CO.","臺中市龍井區忠和里工業路１８８巷３０號１樓","1 F., No. 30, Ln. 188, Gongye Rd., Zhonghe Vil., Longjing Dist., Taichung City 43445, Taiwan (R.O.C.)","林O祥","04-26393968","04-26306731","無","無"
"45567634","20071218","20210812","益鑫貿易商行","INSIN TRADER CO.","臺中市西屯區何源里內江街１０６號３樓","3 F., No. 106, Neijiang St., Heyuan Vil., Xitun Dist., Taichung City 40751, Taiwan (R.O.C.)","鄧O操","047-376339","","有","有"
"45568578","20100804","20210812","雙企鵝企業社","PENGUIN DOUBLE COMPANY","彰化縣花壇鄉長沙村學府路１７３號","No. 173, Xuefu Rd., Huatan Township, Changhua County 50348, Taiwan (R.O.C.)","林O忠","04-7870355","04-7877501","有","有"
"45568985","20080624","20080624","保證責任雲林縣土庫果菜生產合作社","GUARANTEE DUTY YUN-LIN HSIEN TU-KU FRUIT VEGETABLES PRODUCERS COOPERATIVE","雲林縣土庫鎮民權路８８號","NO.88, MINCYUAN RD., TUKU TOWNSHIP, YUNLIN COUNTY 633, TAIWAN (R.O.C.)","王O斌","05-6655650","05-6655650","有","有"
"45570743","20160413","20230518","紳義工程行","JIIN SEN FIRM","臺中市大里區仁德里仁愛路８１號１樓","1 F., No. 81, Ren’ai Rd., Rende Vil., Dali Dist., Taichung City 412036, Taiwan (R.O.C.)","林O伶","04-24968800","04-24968800","有","有"
"45571258","20230428","20240113","興旺汽車材料行","Xingwang Auto Material Co.","臺中市大雅區橫山里振興路２４０巷１６號１樓","1 F., No. 16, Ln. 240, Zhenxing Rd., Hengshan Vil., Daya Dist., Taichung City 428014, Taiwan (R.O.C.)","林O興","04-24635546","","有","有"
"45572741","20080205","20210811","長美傢俱行","CHANGE MEI FURNITURE HANG","彰化縣埔心鄉埤腳村菜寮路１６２巷９８號","No. 98, Ln. 162, Cailiao Rd., Puxin Township, Changhua County 51341, Taiwan (R.O.C.)","周O娥","04-8824288","04-8856883","有","有"
"45573087","20210324","20210812","紅星國際百貨商行","RST airsoft International Co.","臺中市西屯區福林里福科路６６３號１樓","1 F., No. 663, Fuke Rd., Fulin Vil., Xitun Dist., Taichung City 40764, Taiwan (R.O.C.)","賴O偉","04-23507219","","有","有"
"45573586","20231002","20231002","上銓企業社","shang quan Store","臺中市太平區坪林里大興路７７８號１樓","1 F., No. 778, Daxing Rd., Pinglin Vil., Taiping Dist., Taichung City 411012, Taiwan (R.O.C.)","陳O欉","0912-373-444","","有","有"
"45574918","20071227","20250318","詠浩企業社","FUSHAN TNHH CO.","臺中市東勢區詒福里新盛十二街７７巷１１號１樓","1 F., No. 11, Ln. 77, Xinsheng 12th St., Yifu Vil., Dongshi Dist., Taichung City 42350, Taiwan (R.O.C.)","傅O鴻","04-24061052","","有","有"
"45575022","20111104","20210811","旺昇汽車商行","WANSHENG CAR TRADING COMPANY","彰化縣彰化市莿桐里彰鹿路12之2號","No. 12-2, Zhanglu Rd., Citong Vil., Changhua City, Changhua County 50086, Taiwan (R.O.C.)","許O娟","04-7526940","","有","有"
"45575509","20120522","20250522","展顏興業社","HO SHENG ENGINEERING ENTERPRISE CO.","雲林縣水林鄉土厝村王厝寮6-1號","No. 6-1, Wangcuoliao, Tucuo Vil., Shuilin Township,  Yunlin County , Taiwan (R.O.C.)","王O合","05-7851889","05-7833942","有","有"
"45578920","20100331","20210812","家宥富商業社","JOYFOUR ENTERPRISE CO.","臺中市烏日區烏日里中山路二段１４號","No. 14, Sec. 2, Zhongshan Rd., Wuri Vil., Wuri Dist., Taichung City 41441, Taiwan (R.O.C.)","陳O成","04-23370076","04-23382909","有","有"
"45579358","20211214","20211214","鄧國權茶園企業社","Deng Guoquan Tea Garden COMPANY","苗栗縣頭份市流東里老崎4號","No. 4, Laoqi, Liudong Vil., Toufen City, Miaoli County 35163, Taiwan (R.O.C.)","鄧O權","037-601028","","無","無"
"45580989","20171024","20210811","金珠企業社","JIN ZHU CO.","彰化縣彰化市大竹里安溪東路5巷25號1樓","1 F., No. 25, Ln. 5, Anxi E. Rd., Dazhu Vil., Changhua City, Changhua County 50078, Taiwan (R.O.C.)","張O珠","04-7381684","04-7370093","無","無"
"45586626","20080408","20210811","芑翔工作坊","CHI HSIANG WOOD ART CO.","苗栗縣三義鄉勝興村水美３１５之１３號１樓","1 F., No. 315-13, Shuimei, Sanyi Township, Miaoli County 36744, Taiwan (R.O.C.)","王O琪","037-877789","037-874285","有","有"
"45586800","20211213","20211213","力準強精密廠","Strong force Precision co.","雲林縣林內鄉林中村新興３０巷４號1樓","1 F., No. 4, Ln. 30, Xinxing, Linnei Township, Yunlin County 64345, Taiwan (R.O.C.)","黃O明","0921-045316","","有","有"
"45587245","20161219","20210812","群翔企業社","CHIN-XIANG WORKS","彰化縣和美鎮南佃里彰草路3段317巷61弄51號","No. 51, Aly. 61, Ln. 317, Sec. 3, Zhangcao Rd., Nandian Vil., Hemei Township, Changhua County 50841, Taiwan (R.O.C.)","許O娜","04-7633835","04-7620706","有","有"
"45588722","20211124","20211124","丞揚企業社","CHENG YANG ENTERPRISE CO.","彰化縣秀水鄉陝西村湳抵巷9號","No. 9, Nandi Ln., Xiushui Township, Changhua County 50443, Taiwan (R.O.C.)","林O宏","04-7693264","","有","有"
"45589898","20130710","20210811","東山農業資材行","DONG SHAN AGRICULTURE CO.","苗栗縣三灣鄉三灣村１２鄰中正路157號１樓","1 F., No. 157, Zhongzheng Rd., 12th Neighborhood, Sanwan Township, Miaoli County 35241, Taiwan (R.O.C.)","謝O祐","037-834052","037-834052","有","有"
"45589980","20121026","20210811","益照工業社","YI ZHAO PLASTIC COMPANY","彰化縣秀水鄉鶴鳴村仁義巷１６號","No. 16, Renyi Ln., Xiushui Township, Changhua County 50444, Taiwan (R.O.C.)","廖O照","04-7682882","04-7682815","有","有"
"45590733","20100915","20210811","新鴻企業社","CIN HOME ENTERPRISE CO.","臺中市神岡區社南里中山路８５１巷５１弄７號","No. 7, Aly. 51, Ln. 851, Zhongshan Rd., Shenan Vil., Shengang Dist., Taichung City 42943, Taiwan (R.O.C.)","黃O瑜","04-2562-7539","04-25628279","有","有"
"45590874","20080117","20221213","億華企業社","HOPE HUA INDUSTRIAL CO.","彰化縣和美鎮嘉犁里東坡路28號","No. 28, Dongpo Rd., Jiali Vil., Hemei Township, Changhua County 508016, Taiwan (R.O.C.)","張O華","04-7366001","04-7363850","有","有"
"45592269","20140623","20210811","冠益農特產行","GUAN YI FARM STORE","南投縣竹山鎮山崇里集山路二段409號","No. 409, Sec. 2, Jishan Rd., Shanchong Vil., Zhushan Township, Nantou County 55782, Taiwan (R.O.C.)","尤O惠","049-2624907","049-2624907","無","無"
"45592303","20240927","20240927","經總企業社","Manager Co.","南投縣名間鄉新街村華山街67號1樓","1 F., No. 67, Huashan St., Mingjian Township, Nantou County 551008, Taiwan (R.O.C.)","黃O瑤","0492240005","","有","有"
"45596687","20090507","20210811","鼎超企業社","BING SHEN ENTERPRISE CO.","苗栗縣竹南鎮中美里澎湖厝２２號１樓","1 F., No. 22, Penghucuo, Zhongmei Vil., Zhunan Township, Miaoli County 35050, Taiwan (R.O.C.)","顏O申","037-464330","037-472947","無","無"
"45597052","20101108","20210811","元富自動控制行","YUAN FU AUTO.CONTROLLED CO.","臺中市太平區宜欣里宜欣五街１８號１樓","1 F., No. 18, Yixin 5th St., Yixin Vil., Taiping Dist., Taichung City 41158, Taiwan (R.O.C.)","吳O誠","04-22772011","04-22771909","有","有"
"45598453","20220526","20220526","工方商行","GONG FANG INTERNATIONAL CO.","臺中市大雅區六寶里清陽路62之5號","No. 62-5, Qingyang Rd., Liubao Vil., Daya Dist., Taichung City 42848, Taiwan (R.O.C.)","余O臻","04-25660811","","有","有"
"45601302","20160617","20230801","安果科技有限公司","ANGLE TECHNOLOGY CO., LTD.","臺中市南區永興里工學二街151巷39號1樓","1 F., No. 39, Ln. 151, Gongxue 2nd St., Yongxing Vil., South Dist., Taichung City 402268, Taiwan (R.O.C.)","吳O瑛","","04-23273577","無","無"
"45601936","20080305","20210812","統豪企業社","TUNG HAO TECHNIQUE CO.","臺中市神岡區神岡里神清路五十四巷３號２樓","2 F., No. 3, Ln. 54, Shenqing Rd., Shengang Vil., Shengang Dist., Taichung City 42951, Taiwan (R.O.C.)","陳O琮","04-25615492","","有","有"
"45602415","20080709","20210812","裕晶企業社","U JING COMPANY","南投縣名間鄉田仔村田仔巷號51-4號一樓","1 F., No. 51-4, Tianzai Ln., Mingjian Township, Nantou County 55147, Taiwan (R.O.C.)","黃O靜","049-2270716","049-2271476","有","有"
"45603028","20130319","20210811","淙達企業社","CHON DA ENTERPRISE CO.","高雄市仁武區永和三街58號1樓","1 F., No. 58, Yonghe 3rd St., Renwu Dist., Kaohsiung City 81454, Taiwan (R.O.C.)","林O宏","0922-208511","04-23361856","有","有"
"45604238","20211026","20240930","赤壺堂種苗行","Chiyutang Seedling Shop","彰化縣和美鎮新庄里彰新路２段３７巷３弄３號","NO. 3, ALY. 3, LN. 37, SEC. 2, ZHANGXIN RD., XINZHUANG VIL., HEMEI TOWNSHIP, CHANGHUA COUNTY 508012, TAIWAN (R.O.C.)","謝O孝","0922288168","","有","有"
"45604363","20141124","20210812","益菖堆高機企業社","YI CHANG FORKLIFT TRUCK COMPANY","臺中市石岡區萬興里豐勢路６０２－１號１樓","1 F., No. 602-1, Fengshi Rd., Wanxing Vil., Shigang Dist., Taichung City 42273, Taiwan (R.O.C.)","陳O潔","04-26224001","04-26224002","有","有"
"45608115","20080222","20210811","錦記行","JIIN JIH CO.","苗栗縣後龍鎮北龍里中華路51之1號","No. 51-1, Zhonghua Rd., Beilong Vil., Houlong Township, Miaoli County 35641, Taiwan (R.O.C.)","朱O萍","037-722037","037-730385","有","有"
"45608614","20220225","20250611","歐吉企業社","OUJI Printing Co.","臺中市沙鹿區三鹿里自立路40號1樓","1 F., No. 40, Zili Rd., Sanlu Vil., Shalu Dist., Taichung City 433013, Taiwan (R.O.C.)","陳O陞","04-24796784","04-24795742","有","有"
"45609276","20080411","20210812","富翊企業社","FUU YI ENTERPRISE CO.","苗栗縣頭份市土牛里８鄰中正路５３８號","No. 538, Zhongzheng Rd., 8th Neighborhood, Tuniu Vil., Toufen City, Miaoli County 35151, Taiwan (R.O.C.)","孫O雄","037-591155","037-597080","有","有"
"45609563","20180109","20210812","尚春企業社","SHANG CHWUN CO.","彰化縣和美鎮和西里鹿和路６段４２９巷２０號（限辦公室使用）","No. 20, Ln. 429, Sec. 6, Luhe Rd., Hexi Vil., Hemei Township, Changhua County 50862, Taiwan (R.O.C.)","賴O隆","04-7995111","04-7995113","有","有"
"45610219","20160322","20210811","明山工業社","MIN-SHAN MACHINERY INDUSTRY CO.","臺中市烏日區五光里五光路３５巷３９號８樓","8 F., No. 39, Ln. 35, Wuguang Rd., Wuguang Vil., Wuri Dist., Taichung City 41470, Taiwan (R.O.C.)","李O媚","04-23351999","04-23353922","有","有"
"45611890","20241018","20241018","廣銓行","Kuang Chuan Co.","臺中市清水區下湳里中山路498-8號","No. 498-8, Zhongshan Rd., Xianan Vil., Qingshui Dist., Taichung City 436032, Taiwan (R.O.C.)","蔡O洲","","","有","有"
"45612737","20240327","20240327","富林工業社","Fu-Lin Industry Co.","彰化縣鹿港鎮東石里北興街1-4號1樓","1 F., No. 1-4, Beixing St., Dongshi Vil., Lukang Township, Changhua County 505031, Taiwan (R.O.C.)","楊O林","0989-441554","","有","有"
"45612770","20091013","20210812","烽進精品五金百貨行","FOONG JIN HARDWARE STORE","臺中市潭子區潭陽里潭子街一段５０號一樓","1 F., No. 50, Sec. 1, Tanzi St., Tanyang Vil., Tanzi Dist., Taichung City 42751, Taiwan (R.O.C.)","何O玲","04-25376895","04-25376895","有","有"
"45613118","20120326","20210812","榮昌企業社","RONG CHANG TEACHING AID ENTERPRISE CO.","彰化縣福興鄉番婆村番婆街４８之１８號（限辦公室使用）","No. 48-18, Fanpo St., Fuxing Township, Changhua County 50648, Taiwan (R.O.C.)","王OO","04-7773180","04-7773180","有","有"
"45613291","20090216","20240419","綠奇蹟企業社","GREEN MAGIC ENTERPRISE CO.","臺中市后里區廣福里內東路廣益巷2之5號1樓","1 F., No. 2-5, Guangyi Ln., Neidong Rd., Guangfu Vil., Houli Dist., Taichung City 421003, Taiwan (R.O.C.)","林O清","04-24621328","04-23590426","有","有"
"45614897","20080320","20240823","永宸行","YONE CHENG HANG","彰化縣員林市三義里莒光路161巷64號1樓","1 F., No. 64, Ln. 161, Juguang Rd., Sanyi Vil., Yuanlin City, Changhua County 510007, Taiwan (R.O.C.)","游O華","04-8892713","04-8892713","有","有"
"45615050","20110329","20110329","保證責任雲林縣斗南合作農場","DOU NAN COOPERATION FARM","雲林縣斗南鎮林子里連芳路５５號","NO.55, LIANFANG RD, DOUNAN TOWNSHIP, YUNLIN COUNTY 630, TAIWAN (R.O.C.)","吳O蓁","05-5972456","05-5971842","有","有"
"45615143","20200422","20210811","甲賀冷飲店","Kota Cold Shop","臺中市西區公舘里南屯路一段３６之２號１樓","1 F., No. 36-2, Sec. 1, Nantun Rd., West Dist., Taichung City 40346, Taiwan (R.O.C.)","張O雪","04-23752118","","有","有"
"45615381","20090925","20210811","宏洋科技企業社","HONE YANG TECHNOLOGY BUSINESS CO.","臺中市豐原區南陽里南陽路１６７之５號１樓","1 F., No. 167-5, Nanyang Rd., Nanyang Vil., Fengyuan Dist., Taichung City 42083, Taiwan (R.O.C.)","張O蘭","04-25256210","04-25256209","有","有"
"45615468","20170804","20210812","幼荃教育用品社","YOU QUAIN EDUCATION SUPPLIES CO.","彰化縣福興鄉福南村振興巷２之２號","No. 2-2, Zhenxing Ln., Fuxing Township, Changhua County 50642, Taiwan (R.O.C.)","吳O智","04-7786877","","有","有"
"45615657","20201116","20210811","合鎂金屬精密企業社","HER MEI METAL PRECISION COMPANY","彰化縣彰化市西勢里公益街262號","No. 262, Gongyi St., Xishi Vil., Changhua City, Changhua County 50054, Taiwan (R.O.C.)","呂O萱","04-7569679","","有","有"
"45615994","20190610","20190610","保證責任雲林縣義庄合作農場","YI CHUANG COOPERATION FARM","雲林縣二崙鄉義庄村新庄路178號","No. 178, Xinzhuang Rd., Erlun Township, Yunlin County 649, Taiwan (R.O.C.)","廖O義","05-5992588","05-5992589","有","有"
"45617493","20151103","20210811","幸福百貨行","K.STYLE GOGO CO.","雲林縣虎尾鎮新興里中正路二六號","No. 26, Zhongzheng Rd., Xinxing Vil., Huwei Township, Yunlin County 63242, Taiwan (R.O.C.)","謝O楣","05-6332076","","有","有"
"45617846","20181122","20210811","承展企業社","CHENG ZHAN CO.","臺中市北屯區舊社里僑孝街１３８巷１２號１樓","1 F., No. 12, Ln. 138, Qiaoxiao St., Jiushe Vil., Beitun Dist., Taichung City 40654, Taiwan (R.O.C.)","林O軒","04-25675647","04-25675842","無","無"
"45617923","20210316","20211124","鑫安企業社","XIN AN AN ENTERPRISE CO.","臺中市大安區中庄里中山南路304巷5號一樓","1 F., No. 5, Ln. 304, Zhongshan S. Rd., Zhongzhuang Vil., Da’an Dist., Taichung City 43952, Taiwan (R.O.C.)","王O鑫","04-26714858","04-26714885","有","有"
"45618232","20210324","20240702","鎮陞實業社","Jhen-shen Co.","雲林縣莿桐鄉埔尾村油車70之1號","No. 70-1, Youche, Puwei Vil., Citong Township,  Yunlin County 647006, Taiwan (R.O.C.)","林O鳳","0922290157","","有","有"
"45618606","20131121","20230719","聖妮卡企業行","SENECA FIRM","臺中市東區東橋里大振街１１１之１號１樓","1 F., No. 111-1, Dazhen St., Dongqiao Vil., East Dist., Taichung City 401011, Taiwan (R.O.C.)","蕭O聆","0982-208666","","無","無"
"45624305","20210824","20210824","朝陽機械企業社","ZHAO YUNG MACHINERY COMPANY","臺中市大安區南庄里南安路２３８巷６６號１樓","1F., NO. 66, LN. 238, NAN-AN RD., NANZHUANG VIL., DA-AN DIST., TAICHUNG CITY 439011, TAIWAN (R.O.C.)","紀O証","04-26886009","04-26886011","有","有"
"45627056","20171229","20210812","九天民俗技藝工作室","Chio-Tian Folk Drums & Arts Troupe Studio","臺中市大雅區忠義里清泉路９９號","No. 99, Qingquan Rd., Zhongyi Vil., Daya Dist., Taichung City 42879, Taiwan (R.O.C.)","許O榮","04-25653150#15","04-25653073","有","有"
"45627302","20160914","20210811","泥鼠行","NMOUSE CO.","臺中市大里區東興里大明路１４１巷３號６樓","6 F., No. 3, Ln. 141, Daming Rd., Dongxing Vil., Dali Dist., Taichung City 41245, Taiwan (R.O.C.)","蕭O民","04-24820910","","有","有"
"45627529","20150511","20150511","台中市漢妮之家公益發展協會","HONEY-HOME TAIWAN TAICHUNG ASSOCIATION","臺中市西屯區中工二路２９４號","NO.294, ZHONGGONG 2ND RD., XITUN DIST., TAICHUNG CITY 40766, TAIWAN (R.O.C.)","黃O珠","04-23598836","","有","有"
"45628196","20080401","20230926","振稚商行","ZHENG ZHI TRADE & COMMERCIAL CO.","臺中市北屯區松竹路一段2-20號","No. 2-20, Sec. 1, Songzhu Rd., Beitun Dist., Taichung City 406020, Taiwan (R.O.C.)","謝O輝","04-22137898","04-22137903","有","有"
"45628457","20201110","20221126","匠心手工皮雕坊","JiangXin LeatherCraft & Supplies Co.","彰化縣彰化市東興里公園路1段320號1樓","1 F., No. 320, Sec. 1, Gongyuan Rd., Dongxing Vil., Changhua City, Changhua County 500054, Taiwan (R.O.C.)","李O玲","04-7202381","04-7202383","有","有"
"45628858","20080327","20230331","恆磐企業社","HERNG PARN ENTERPRISE CO.","臺中市豐原區翁子里師範街六十一巷２２號１樓","1 F., No. 22, Ln. 61, Shifan St., Wengzi Vil., Fengyuan Dist., Taichung City 420081, Taiwan (R.O.C.)","林O寺","04-25286658","04-25250771","有","有"
"45629575","20080410","20220521","德美國際商行","DEMAI INTERNATIONAL CO.","臺中市清水區秀水里五權路251巷3號1樓","1 F., No. 3, Ln. 251, Wuquan Rd., Xiushui Vil., Qingshui Dist., Taichung City 43648, Taiwan (R.O.C.)","朱O倫","04-24621199","04-24621767","有","有"
"45630778","20090511","20240709","冠奕實業社","GUAN YI MACHINERY TRADE CO.","苗栗縣頭份市濫坑里6鄰尖豐路1389號","No. 1389, Jianfeng Rd., 6th Neighborhood, Lankeng Vil., Toufen City, Miaoli County 35161, Taiwan (R.O.C.)","黃O枝","037-825379","037-612397","有","有"
"45631571","20090409","20240118","星玥服飾店","SING YUE FINERY STORE","嘉義市西區國華里中山路３３２號二樓","2 F., No. 332, Zhongshan Rd., Guohua Vil., West Dist., Chiayi City 600006, Taiwan (R.O.C.)","楊O鴻","04-23100765","","有","有"
"45632516","20080416","20210811","兆峰五金企業社","JHAO FONG METAL COMPANY","彰化縣福興鄉番婆村番婆街38-22號","No. 38-22, Fanpo St., Fuxing Township, Changhua County 50648, Taiwan (R.O.C.)","黃O貴","04-7840662","04-7768652","無","無"
"45633992","20210312","20210811","威力盟活動設計企劃","WILLUNION STUDIO","苗栗縣南庄鄉東村9鄰中正路74號1樓","1 F., No. 74, Zhongzheng Rd., 9th Neighborhood, Nanzhuang Township, Miaoli County 35341, Taiwan (R.O.C.)","黃O福妹","0987004140","","有","有"
"45635302","20090828","20210812","笙帆工業社","JINU CHANG INDUSTRY CO.","臺中市霧峰區四德里新埔路７０之１號","No. 70-1, Xinpu Rd., Side Vil., Wufeng Dist., Taichung City 41356, Taiwan (R.O.C.)","王O火","04-23391642","0423333762","有","有"
"45636718","20230504","20240402","涵雅茶莊","Han Ya Fine Taiwan Tea Shop","臺中市豐原區社皮里社興三街９號１樓","No. 9, Shexing 3rd St., Fengyuan Dist., Taichung City 420019, Taiwan (R.O.C.)","林O孜","04-25203806","","有","有"
"45637126","20090415","20210812","銓錸企業社","CYUAN LAI ENTERPRISE CO.","彰化縣芳苑鄉永興村芳漢路永興段３４６號１樓","1 F., No. 346, Sec. Yongxing, Fanghan Rd., Fangyuan Township, Changhua County 52861, Taiwan (R.O.C.)","林O柔","0930861337","","有","有"
"45637580","20080410","20230719","禾嘉翔實業社","HEJIA SIANG INDUSTRIAL CO.","臺中市大雅區三和里龍善一街１４２巷１５號１樓","1 F., No. 15, Ln. 142, Longshan 1st St., Sanhe Vil., Daya Dist., Taichung City 428006, Taiwan (R.O.C.)","張O城","04-25676191","04-25676191","無","無"
"45638223","20170526","20210811","南方之鷹資訊社","SOUTH OF EAGLE CO.","臺中市北屯區大德里中清路二段３３２號３樓","3 F., No. 332, Sec. 2, Zhongqing Rd., Dade Vil., Beitun Dist., Taichung City 40676, Taiwan (R.O.C.)","陳O家","04-22966042","04-22951546","有","有"
"45639362","20140819","20210811","宏榮企業社","HUNG RUNG CO.","彰化縣福興鄉麥厝村麥厝街臨76-5號","No. 76-5, Maicuo St., Fuxing Township, Changhua County 50645, Taiwan (R.O.C.)","莊O郎","04-7702882","","有","有"
"45640213","20081229","20250519","榕泰茶業","RONG TAI TEA CO.","南投縣鹿谷鄉秀峰村鳳鵬巷135號一樓","1 F., No. 135, Fengpeng Ln., Lugu Township, Nantou County 55855, Taiwan (R.O.C.)","陳O誠","049-2671936","","有","有"
"45640939","20180424","20210812","禾成實業社","HER CHENG WATER FILTER CO.","臺中市梧棲區南簡里港埠路二段３２０之２２號","No. 320-22, Sec. 2, Gangbu Rd., Nanjian Vil., Wuqi Dist., Taichung City 43542, Taiwan (R.O.C.)","曾O成","04-26576550","04-26576550","有","有"
"45641732","20080725","20210812","華裔洋行","HUA-YI FASHION COMPANY","臺中市西區忠誠里精明一街７０號１樓","1 F., No. 70, Jingming 1st St., Zhongcheng Vil., West Dist., Taichung City 40352, Taiwan (R.O.C.)","李O華","04-23282881","04-23286421","有","有"
"45642063","20151123","20210811","亮金金飾品行","BRIGHT JIN JIN COMPANY","臺中市太平區光明里大興十一街９３號１樓","1 F., No. 93, Daxing 11th St., Guangming Vil., Taiping Dist., Taichung City 41153, Taiwan (R.O.C.)","吳O娟","04-22343776","","無","無"
"45642649","20080422","20210811","育辰貿易行","YUH CHERN MAO YI CO.","苗栗縣頭份市東庄里中央路３６巷８號１樓","1 F., No. 8, Ln. 36, Zhongyang Rd., Dongzhuang Vil., Toufen City, Miaoli County 35157, Taiwan (R.O.C.)","黎O珠","037-682972","037-668972","有","有"
"45644626","20130409","20210812","台灣三頓國際生技企業","SHAN DUN INTERNATIONAL FOOD COMPANY","彰化縣芳苑鄉三合村斗苑路三合段１７２號","No. 172, Sec. Sanhe, Douyuan Rd., Fangyuan Township, Changhua County 52865, Taiwan (R.O.C.)","顏O華","04-8963553","04-8938351","有","有"
"45645054","20080422","20210811","上弘實業社","SHANG HEUNG INDUSTRY CO.","彰化縣大村鄉南勢村南勢巷３號１樓（限辦公室使用）","1 F., No. 3, Nanshi Ln., Dacun Township, Changhua County 51543, Taiwan (R.O.C.)","賴O德","04-8538269","04-8536626","有","無"
"45645081","20080424","20210811","鈺文實業社","TREASURE ARTICLE INDUSTRY CO.","臺中市太平區坪林里中山路一段４０２巷９號１樓","1 F., No. 9, Ln. 402, Sec. 1, Zhongshan Rd., Pinglin Vil., Taiping Dist., Taichung City 41151, Taiwan (R.O.C.)","陳O蓮","04-2391-2135","04-2393-5730","有","有"
"45645110","20201028","20210812","中鈦興業社","JHUNG TAI INDUSTRIAL CO.","臺中市大雅區雅楓里神林南路１１５巷８號１樓","1 F., No. 8, Ln. 115, Shenlin S. Rd., Yafeng Vil., Daya Dist., Taichung City 42859, Taiwan (R.O.C.)","梁O甘","04-25623319","04-25612245","無","無"
"45645293","20171122","20210812","億豐食品工廠","YIH-FENG FOOD CO.","彰化縣溪湖鎮中山里成功路田寮巷95號","No. 95, Tianliao Ln., Chenggong Rd., Zhongshan Vil., Xihu Township, Changhua County 51453, Taiwan (R.O.C.)","李O鈴","04-8850371","","有","有"
"45647102","20160726","20210812","茗順茗茶","TAIWAN MINGSHUN TEA CO.","南投縣名間鄉松山村松山街９２號一樓","1 F., No. 92, Songshan St., Mingjian Township, Nantou County 55144, Taiwan (R.O.C.)","黃O卿","049-2582631","049-2580851","有","有"
"45650035","20121023","20250326","凱西雪茄館","KC.CIGAR CO.","臺中市西區中興里向上路一段118之2號4樓","4 F., No. 118-2, Sec. 1, Xiangshang Rd., Zhongxing Vil., West Dist., Taichung City 403008, Taiwan (R.O.C.)","陳O燕","04-23263373","04-23263373","有","有"
"45650056","20140224","20210812","東森機器廠","DONGSEN MACHINE CO.","臺中市神岡區社南里福民路１１５巷５９－１號１樓","1 F., No. 59-1, Ln. 115, Fumin Rd., Shenan Vil., Shengang Dist., Taichung City 42948, Taiwan (R.O.C.)","謝O仲","04-25616358","","有","有"
"45651105","20130204","20230114","祥林園藝","SYOU RINN GORDENING CO.","南投縣仁愛鄉南豐村中正路141號","No. 141, Zhongzheng Rd., Nanfeng Vil., Ren’ai Township,  Nantou County 546017, Taiwan (R.O.C.)","江O珈","09-21904207","","無","無"
"45655637","20130618","20210811","妙成企業社","MIAW CHERNG ENTERPRISE CO.","彰化縣二林鎮西庄里西庄巷37號","No. 37, Xizhuang Ln., Xizhuang Vil., Erlin Township, Changhua County 52657, Taiwan (R.O.C.)","張O勝","04-8685723","","有","有"
"45657092","20120405","20210811","呈佳企業社","YCUG CYUAN SHENG COMPANY","彰化縣員林市大饒里萬年路1段89巷12號1樓","1 F., No. 12, Ln. 89, Sec. 1, Wannian Rd., Darao Vil., Yuanlin City, Changhua County 51056, Taiwan (R.O.C.)","賴O蝦","04-8231248","04-8244371","有","有"
"45658563","20101124","20221111","東京道日式精品玩具店","TOKYOWAY STORE","新竹市北區光華里光華街52巷11號四樓","4 F., No. 11, Ln. 52, Guanghua St., Guanghua Vil., North Dist., Hsinchu City 300009, Taiwan (R.O.C.)","范O豪","04-22152230","04-22152290","無","無"
"45658769","20150427","20210812","巧舒企業社","QIAO SHU ENTERPRISE CO.","臺中市豐原區北陽里北陽路386號1樓","1 F., No. 386, Beiyang Rd., Beiyang Vil., Fengyuan Dist., Taichung City 42084, Taiwan (R.O.C.)","林O美麗","04-25228521","04-25276037","有","有"
"45659280","20101214","20210811","品正企業社","PING-JHENG ENTERPRISE CO.","雲林縣斗六市溪洲里中南路155巷16號一樓","1 F., No. 16, Ln. 155, Zhongnan Rd., Xizhou Vil., Douliu City, Yunlin County 64070, Taiwan (R.O.C.)","陳O雯","05-5515182","05-5517283","有","有"
"45660110","20080519","20210811","亞方貿易實業","YA FUN TRADING COMPANY","苗栗縣苗栗市勝利里榮興１–２號１樓","1 F., No. 1-2, Rongxing, Shengli Vil., Miaoli City, Miaoli County 36060, Taiwan (R.O.C.)","蘇O榮","037-220232","037-225932","有","有"
"45661188","20190704","20210811","彰濱工程行","CHANG BIN INDUSTRY CO.","彰化縣鹿港鎮詔安里牛埔巷２６號（限辦公室使用）","No. 26, Niupu Ln., Zhao’an Vil., Lukang Township, Changhua County 50545, Taiwan (R.O.C.)","施O霖","04-7750895","04-7841877","有","有"
"45661259","20210308","20210811","慶鴻製模工業社","CHING HUNG MOLD ENTERPRISE CO.","臺中市太平區太平里合利街３３巷３號１樓","1 F., No. 3, Ln. 33, Heli St., Taiping Vil., Taiping Dist., Taichung City 41144, Taiwan (R.O.C.)","楊O全","04-22795906","","有","有"
"45663469","20240722","20240722","長發行檳榔","longterm development Workshop","臺中市太平區成功里東平路３０５號","No. 305, Dongping Rd., Chenggong Vil., Taiping Dist., Taichung City 411001, Taiwan (R.O.C.)","陳O雯","0928363285","","有","有"
"45665889","20100825","20210811","鉑霖企業社","BALLIN ENTERPRISE CO.","雲林縣斗六市公誠里鎮北路一九七號一樓","1 F., No. 197, Zhenbei Rd., Gongcheng Vil., Douliu City, Yunlin County 64052, Taiwan (R.O.C.)","張O茹","0229314557","0281926957","有","有"
"45666091","20170206","20210812","鴻盛環保企業社","HONG SHENG EP CO.","苗栗縣頭份市合興里９鄰信義路５０４巷２８號１樓","1 F., No. 28, Ln. 504, Xinyi Rd., 9th Neighborhood, Hexing Vil., Toufen City, Miaoli County 35146, Taiwan (R.O.C.)","吳O雄","037-695647","","有","有"
"45666212","20091125","20210812","順豐泰食品行","SHUN FENG TAI FOOD COMPANY","臺中市北屯區松竹里松順一街80號1樓","1 F., No. 80, Songshun 1st St., Songzhu Vil., Beitun Dist., Taichung City 40652, Taiwan (R.O.C.)","邱O鳴","04-23780686","04-23785911","有","有"
"45667839","20211110","20211110","真豪工業社","JHEN HAO FACTORY","臺中市大肚區沙田路一段８５４巷２０７號１樓","1F., NO. 207, LN. 854, SEC. 1, SHATIAN RD., DADU DIST., TAICHUNG CITY 43244, TAIWAN (R.O.C.)","謝O祐","04-22710316","","有","有"
"45669301","20101109","20221020","玖紘企業社","JIU HUNG ENTERPRISE CO.","彰化縣和美鎮竹營里孝友路９９號１樓","1 F., No. 99, Xiaoyou Rd., Zhuying Vil., Hemei Township, Changhua County 508018, Taiwan (R.O.C.)","林O湘","04-7570877","04-7571050","無","無"
"45671735","20220328","20220329","方愫馨草屯手工𫃎糬","Fan Su Hsin Hand made Mochi Co.","南投縣草屯鎮中山里中山街193號","No. 193, Zhongshan St., Zhongshan Vil., Caotun Township, Nantou County 54242, Taiwan (R.O.C.)","吳O玉","049-2391703","","有","有"
"45673109","20080725","20210811","鼎碩建材工程行","DING-SHUO BUILDING MATERIAL & ENGINEERING CO.","臺中市龍井區新庄里中沙路新庄仔巷３１－１號１樓","1 F., No. 31-1, Xinzhuangzai Ln., Zhongsha Rd., Xinzhuang Vil., Longjing Dist., Taichung City 43441, Taiwan (R.O.C.)","陳O忠","04-26328552","04-22546357","有","有"
"45674439","20160520","20210812","八薏企業社","EIGHT YI ENTERPRISE COMPANY","臺中市南區樹德里復興北路390號1樓","1 F., No. 390, Fuxing N. Rd., Shude Vil., South Dist., Taichung City 40256, Taiwan (R.O.C.)","劉O汝","04-22635890","04-22638518","有","有"
"45675269","20090918","20210812","華港貿易事業","HUA GAANG TRADING CO.","彰化縣伸港鄉曾家村曾家路１１６之１號（限辦公室使用）","No. 116-1, Zengjia Rd., Shengang Township, Changhua County 50956, Taiwan (R.O.C.)","曾O","04-7980888","04-7989388","有","有"
"45677392","20220718","20220718","森鈺流行精品企業社","Senyu fashion Company","桃園市中壢區仁德里崁頂路1025巷138號","No. 138, Ln. 1025, Kanding Rd., Rende Vil., Zhongli Dist., Taoyuan City 320035, Taiwan (R.O.C.)","蕭O元","0913308096","","有","有"
"45677772","20080620","20230313","睿晟企業社","U MAT INDUSTRIAL CO.","臺中市霧峰區吉峰里錦州路３１２巷２４號１樓","1 F., No. 24, Ln. 312, Jinzhou Rd., Jifeng Vil., Wufeng Dist., Taichung City 413010, Taiwan (R.O.C.)","張O瑋","049-2512006","049-2512030","無","無"
"45678300","20181102","20231013","茅鄉炭坊","MAO SHIANG TAN FANG CO.","苗栗縣三義鄉雙湖村21鄰大坑42號","No. 42, Dakeng, 21th Neighborhood, Sanyi Township, Miaoli County 367001, Taiwan (R.O.C.)","羅O方","03-7875202","03-7875202","有","有"
"45679429","20181222","20210811","隆鋼重車材料行","LONG GANG CO.","臺中市大甲區義和里文曲路５６６巷１６號１樓","1 F., No. 16, Ln. 566, Wenqu Rd., Yihe Vil., Dajia Dist., Taichung City 43750, Taiwan (R.O.C.)","張O玲","04-26762336","04-26762670","有","有"
"45680609","20081118","20210811","新沅精機廠","NEW FOUNT PRECISION MACHINERY FACTORY","臺中市南區南和里工學路１５６巷２０號１樓","1 F., No. 20, Ln. 156, Gongxue Rd., Nanhe Vil., South Dist., Taichung City 40245, Taiwan (R.O.C.)","張O智","04-23383322","04-22423540","有","有"
"45681902","20200330","20221201","可可鬆餅屋","CO CO WAFFLE HOUSE","彰化縣員林市和平里中正路577、579、581號1樓","1 F., No. 581, Zhongzheng Rd., Heping Vil., Yuanlin City, Changhua County 510001, Taiwan (R.O.C.)","陳O筆","04-8369689","04-8360179","有","有"
"45683541","20080701","20210811","美好生活健康科技企業社","SPRING LIFE TECH. ENTERPRISE CO.","臺中市大肚區瑞井里遊園路１段１５０巷１７８號１Ｆ","No. 178, Ln. 150, Sec. 1, Youyuan Rd., Ruijing Vil., Dadu Dist., Taichung City 43249, Taiwan (R.O.C.)","陳O良","0923-873865","","有","有"
"45684823","20191001","20191001","南投縣鹿谷鄉農會茶葉加工廠","Nantou County Lugu Farmers Association","南投縣鹿谷鄉彰雅村中正路一段２３１之２號１樓","1F., NO. 231-2, SEC.1, ZONGZHENG RD., LUGU TOWNSHIP, NANTOU COUNTY 55844, TAIWAN (R.O.C.)","林O能","049-2751962","049-2750500","有","有"
"45685674","20191023","20210812","宏億海產行","HONG YI SEAFOOD FIRM","彰化縣福興鄉頂粘村頂粘街２９２號","No. 292, Dingnian St., Fuxing Township, Changhua County 50646, Taiwan (R.O.C.)","蔡O芬","0916128858","","無","無"
"45686673","20220610","20220610","昇威行","Sheng Wei Hang","彰化縣埔鹽鄉瓦磘村光明路２段３號","No. 3, Sec. 2, Guangming Rd., Puyan Township, Changhua County 516019, Taiwan (R.O.C.)","施O芳","04-8651748","","有","有"
"45686955","20150728","20210811","旭觀行","ASAHI WATCH COMPANY","彰化縣和美鎮竹營里孝慈路３０巷７號（限辦公室使用）","No. 7, Ln. 30, Xiaoci Rd., Zhuying Vil., Hemei Township, Changhua County 50855, Taiwan (R.O.C.)","林O明","04-7569251","04-7558781","無","無"
"45687743","20080708","20210812","弘昌壓送車材料行","HONG CHANG AUTO MATERIAL ENTERPRISE CO.","臺中市大里區樹王里福德路３０８號１樓","1 F., No. 308, Fude Rd., Shuwang Vil., Dali Dist., Taichung City 41258, Taiwan (R.O.C.)","王O子","04-24070805","04-24076065","有","有"
"45688686","20100621","20230211","宏侑企業社","UPERFECT ENTERPRISE CO.","臺中市烏日區螺潭里溪南路二段３４７巷５８弄８６號１樓","1 F., No. 86, Aly. 58, Ln. 347, Sec. 2, Xinan Rd., Luotan Vil., Wuri Dist., Taichung City 414022, Taiwan (R.O.C.)","宋O英","04-23359405","04-23359450","有","有"
"45690156","20100818","20210812","萬發實業社","WAN FA ENTERPRISE CO.","臺中市潭子區甘蔗里中山路二段２８３巷５０號一樓","1 F., No. 50, Ln. 283, Sec. 2, Zhongshan Rd., Ganzhe Vil., Tanzi Dist., Taichung City 42745, Taiwan (R.O.C.)","陳O周","04-25364146","04-25360939","有","有"
"45690607","20131022","20210811","世訊企業社","SHIH HSUN WIRE & CABLE & MOLDING & ASSEMBLY CO.","雲林縣斗南鎮明昌里隆昌街26巷7號1樓","1 F., No. 7, Ln. 26, Longchang St., Mingchang Vil., Dounan Township, Yunlin County 63043, Taiwan (R.O.C.)","高O德","05-5961506","05-5966101","有","有"
"45691985","20080710","20210812","東永裕實業社","LEATHER4YOU ENTERPRISE COMPANY","臺中市西屯區逢甲里河南路二段３５４號３樓","3 F., No. 354, Sec. 2, Henan Rd., Fengjia Vil., Xitun Dist., Taichung City 40744, Taiwan (R.O.C.)","張O銀","04-24516916","04-24512276","有","有"
"45693549","20240731","20240731","漢峰五金建材行","HANFON HARDWARE AND FURNITURE Store","臺中市烏日區螺潭里太明路成豐巷400號","No. 400, Chengfeng Ln., Taiming Rd., Luotan Vil., Wuri Dist., Taichung City 414023, Taiwan (R.O.C.)","楊O哲","","","有","有"
"45693647","20100422","20210812","利豐企業社","LI FENG STEEL CO.","彰化縣大村鄉過溝村員大路11-11號","No. 11-11, Yuanda Rd., Dacun Township, Changhua County 51547, Taiwan (R.O.C.)","蔡O慶","04-8833677","04-8835680","有","有"
"45694786","20140325","20210812","米魯奇企業坊","MI LU CHI ENTERPRISE CO.","臺中市西屯區永安里西屯路三段８０之９號１樓","1 F., No. 80-9, Sec. 3, Xitun Rd., Yong’an Vil., Xitun Dist., Taichung City 40765, Taiwan (R.O.C.)","劉O言","04-27059055","","有","有"
"45695482","20080717","20230119","合豐實業社","HO FOU ENTERPRISE CO.","彰化縣埔鹽鄉豐澤村埔打路２巷９號（限辦公室使用）","No. 9, 2nd Ln., Puda Rd., Fengze Vil., Puyan Township,  Changhua County 516014, Taiwan (R.O.C.)","李O英","048-814905","","無","無"
"45695808","20181101","20210811","鑫岩企業社","GOLDEN ONYX COMPANY","臺中市沙鹿區埔子里正英路１１－１０號１樓﹝限一樓﹞","1 F., No. 11-10, Zhengying Rd., Puzi Vil., Shalu Dist., Taichung City 43347, Taiwan (R.O.C.)","林O玲","04-26331618","","有","有"
"45695899","20080811","20210811","長鴻行","ZHANG HONG CHANG CO.","臺中市大里區瑞城里向學一路１６８巷７號１樓","1 F., No. 7, Ln. 168, Xiangxue 1st Rd., Ruicheng Vil., Dali Dist., Taichung City 41275, Taiwan (R.O.C.)","陳O龍","0935-776124","04-22128796","有","有"
"45697236","20130124","20210812","坤鑫精密企業社","KUN XIN PRECISION ENTERPRISE CO.","彰化縣和美鎮鐵山里秀東路４１巷２０之５號","No. 20-5, Ln. 41, Xiudong Rd., Tieshan Vil., Hemei Township, Changhua County 50848, Taiwan (R.O.C.)","李O軒","04-7562196","04-7562197","有","有"
"45697405","20180131","20210811","金竹商行","JIN JWU Enterprise Co., Ltd.","臺中市梧棲區南簡里大仁路１段４６５巷９４號﹝限一樓﹞","1 F., No. 94, Ln. 465, Sec. 1, Daren Rd., Nanjian Vil., Wuqi Dist., Taichung City 43544, Taiwan (R.O.C.)","黃O進","0980153826","","有","有"
"45698397","20141222","20210930","祥展實業社","SHINE GROWING METAL CO.","彰化縣線西鄉頂犁村崁頂路613-1號","No. 613-1, Kanding Rd., Xianxi Township, Changhua County 50744, Taiwan (R.O.C.)","黃O惟","04-7587848","","有","有"
"45698690","20080815","20210811","東生農產加工廠","EAST SHENG FARM-PRODUCTS WORK FACTORY","雲林縣二崙鄉崙西村中山路三六九號","No. 369, Zhongshan Rd., Erlun Township, Yunlin County 64941, Taiwan (R.O.C.)","廖O珠","05-5981466","05-5983466","有","有"
"45699683","20170619","20210811","鉅堡國際商行","GEABOU INTERNATIONAL COMPANY","彰化縣北斗鎮文昌里中興街２７４號１樓","1 F., No. 274, Zhongxing St., Wenchang Vil., Beidou Township, Changhua County 52147, Taiwan (R.O.C.)","楊O芳","04-8872106","","有","有"
"45704742","20110831","20210811","弘達實業社","SHIN HONG DA ENTERPRISE CO.","臺中市太平區新光里新光路臨６３－２號","No. 63-2, Xinguang Rd., Xinguang Vil., Taiping Dist., Taichung City 41157, Taiwan (R.O.C.)","黃O庭","04-24521533","04-24521532","有","有"
"45705448","20130923","20210811","太陽系分析基礎開發工作室","THE ANALYTICAL BASED DEVELOPMENT CENTER","臺中市龍井區東海里遠東街１３３巷１２號１樓","1 F., No. 12, Ln. 133, Yuandong St., Donghai Vil., Longjing Dist., Taichung City 43449, Taiwan (R.O.C.)","林O益","0986-868060","","無","無"
"45707430","20160921","20210907","天使白寵物美容沙龍館","ANGEL WHITE HOUSE PET GROOMING SALON","臺中市潭子區頭家東里中山路一段74號一樓","1 F., No. 74, Sec. 1, Zhongshan Rd., Tanzi Dist., Taichung City 42745, Taiwan (R.O.C.)","洪O翔","04-22375009","","有","有"
"45709205","20100804","20221119","觀盤國際企業社","VIEW TRAY ART STONE TEAPOT CO.","臺中市北區賴明里中清路一段６３６號十九樓之３","19 F.-3, No. 636, Sec. 1, Zhongqing Rd., Laiming Vil., North Dist., Taichung City 404521, Taiwan (R.O.C.)","楊O騏","04-22926979","","無","無"
"45712617","20100907","20210812","銘旺實業社","NING WON ENTERPRISE COMPANY","臺中市大雅區大楓里民豐街１１２號１樓","1 F., No. 112, Minfeng St., Dafeng Vil., Daya Dist., Taichung City 42845, Taiwan (R.O.C.)","張O旺","04-25601187","04-25605967","有","有"
"45713257","20080827","20210812","久川養菌場","JIU CHUAN MUSHROOM CO.","臺中市大里區新仁里立仁路４５號１樓","1 F., No. 45, Liren Rd., Xinren Vil., Dali Dist., Taichung City 41250, Taiwan (R.O.C.)","葉O欣","04-23318999","04-23390997","無","無"
"45713833","20090227","20221020","昌聖企業社","CHUAN SHEN ENTERPRISE COMPANY","雲林縣斗六市十三里十三北路十三號一樓","1 F., No. 13, Shisan N. Rd., Shisan Vil., Douliu City, Yunlin County 640106, Taiwan (R.O.C.)","蕭O娟","05-5511472","05-5516728","有","有"
"45714164","20090212","20210812","進元商行","JIN WAN ENTERPRISE CO.","臺中市大里區仁化里工業一路７２號一樓","1 F., No. 72, Gongye 1st Rd., Renhua Vil., Dali Dist., Taichung City 41280, Taiwan (R.O.C.)","孫O鳳玉","04-24910526","04-24070395","有","有"
"45714306","20131213","20210812","洗樂樂企業社","WASHES LE LE ENTERPRISE CO.","臺中市北屯區和平里和祥路一段５５號","No. 55, Sec. 1, Hexiang Rd., Heping Vil., Beitun Dist., Taichung City 40663, Taiwan (R.O.C.)","林O昱","04-22372896","04-22613056","有","有"
"45715311","20081031","20230428","得源企業社","TOP-ROOT CO.","臺中市太平區新高里立德街１６號１樓","1 F., No. 16, Lide St., Xingao Vil., Taiping Dist., Taichung City 411031, Taiwan (R.O.C.)","梁O鈍","04-23131023","","有","有"
"45715902","20090715","20230214","仟易機電工程行","SENOKU ELECTRIC & MACHINERY ENGINEERING COMPANY","苗栗縣苑裡鎮苑東里19鄰興隆路78-2號","No. 78-2, Xinglong, 19th Neighborhood, Yuandong Vil., Yuanli Township, Miaoli County 358002, Taiwan (R.O.C.)","陳O裕","037-863282","","有","有"
"45716938","20151105","20210811","新程企業社","SHIN CHENG MACHINERY COMPANY","臺中市豐原區民生里中興路22巷13號6樓","6 F., No. 13, Ln. 22, Zhongxing Rd., Minsheng Vil., Fengyuan Dist., Taichung City 42053, Taiwan (R.O.C.)","吳O龍","04-25631951","04-25631943","有","有"
"45717649","20080909","20240905","上允冷凍水產行","SHEN YUN SEAFOOD CO.","臺中市大肚區福山里沙田路１段３４６號１樓","1 F., No. 346, Sec. 1, Shatian Rd., Fushan Vil., Dadu Dist., Taichung City 43245, Taiwan (R.O.C.)","孫O新","04-26932775","04-26931048","有","有"
"45717676","20151014","20210812","素麥軒食品行","VEGETAYIAN MAI XUAN FOOD CO.","臺中市西屯區何安里四川一街５８號","No. 58, Sichuan 1st St., He’an Vil., Xitun Dist., Taichung City 40745, Taiwan (R.O.C.)","黃O勤","04-23133597","04-23146939","有","有"
"45717768","20180112","20210812","峰浡廚與櫃設計工坊","Feng Bo Cabinet Design Workshop","臺中市西區公正里大墩十一街８號６樓之２","6F.-2, No. 8, Dadun 11th St., Gongzheng Vil., West Dist., Taichung City 40356, Taiwan (R.O.C.)","吳O蓉","04-25651991","04-25651993","有","有"
"45719148","20080829","20210811","楠山服飾商行","NAN SHAN FEATHER CO.","臺中市南區長春里正義街４７號１樓","1 F., No. 47, Zhengyi St., Changchun Vil., South Dist., Taichung City 40247, Taiwan (R.O.C.)","徐O荃","04-22220522","04-22220522","有","有"
"45720335","20190417","20220728","禾眾商行","Chin shiu ping trading company","臺中市石岡區萬興里萬墩街６６巷４９號１樓","1 F., No. 49, Ln. 66, Wandun St., Wanxing Vil., Shigang Dist., Taichung City 42274, Taiwan (R.O.C.)","謝O馨","04-25818597","04-25821292","有","有"
"45721221","20160728","20210811","森十八休閒農場","FOREST 18 LEISURE FARM CO.","南投縣名間鄉田仔村田仔巷１６－８號","No. 16-8, Tianzai Ln., Mingjian Township, Nantou County 55147, Taiwan (R.O.C.)","陳O萍","049-2273797","049-2273800","有","有"
"45722024","20250411","20250411","小狀元企業社","XIAO ZHUANG YUAN Store","臺中市沙鹿區竹林里賢仁街137號1樓","1 F., No. 137, Xianren St., Zhulin Vil., Shalu Dist., Taichung City 433022, Taiwan (R.O.C.)","陳O輔","","","有","有"
"45722137","20190418","20210812","金昱順工業社","JIN YUSHUN CO., Ltd.","臺中市外埔區大東里大馬路３７９號","No. 379, Dama Rd., Dadong Vil., Waipu Dist., Taichung City 43856, Taiwan (R.O.C.)","陳O鴻","04-26833399","","有","有"
"45722559","20241216","20241216","宏鑫切削五金行","Hongxin Cutting Hardware Company","臺中市東區東門里東光園路１５５號１樓","1 F., No. 155, Dongguangyuan Rd., Dongmen Vil., East Dist., Taichung City 401010, Taiwan (R.O.C.)","林O辰","","","有","有"
"45724156","20081007","20210811","克滿企業行","CALL GOOD ENTERPRISE COMPANY","臺中市大雅區大楓里雅楓街１０９號２樓","2 F., No. 109, Yafeng St., Dafeng Vil., Daya Dist., Taichung City 42872, Taiwan (R.O.C.)","吳O照","04-25623267","","有","有"
"45724825","20130809","20240718","欣發企業社","XIN-FA ENTERPRISE CO","臺中市潭子區栗林里中山路三段172號1樓","1 F., No. 172, Sec. 3, Zhongshan Rd., Lilin Vil., Tanzi Dist., Taichung City 427014, Taiwan (R.O.C.)","尤O村","04-25321563","04-25317085","有","有"
"45725182","20150923","20210811","益成輪胎行","YICHENG TIRE STUDIO","臺中市外埔區大東里甲東路３８號","No. 38, Jiadong Rd., Dadong Vil., Waipu Dist., Taichung City 43859, Taiwan (R.O.C.)","陳O瑲","04-26838928","04-26838521","有","有"
"45728420","20101216","20210812","鴻錩實業社","HORN CHARN ENTERPRISE CO.","彰化縣和美鎮面前里和光路２５０號１樓","1 F., No. 250, Heguang Rd., Mianqian Vil., Hemei Township, Changhua County 50853, Taiwan (R.O.C.)","謝O勝","04-7566936","04-7558188","有","有"
"45729639","20201223","20210811","天下第一菇農產行","King of Mushroom CO.","臺中市新社區協成里興隆街４２號一樓","1 F., No. 42, Xinglong St., Xiecheng Vil., Xinshe Dist., Taichung City 42646, Taiwan (R.O.C.)","陳O立","0919042857","","有","有"
"45731213","20220613","20220613","宏翊自行車行","HONG-I BICYCLE CO.","雲林縣斗六市鎮東里文化路一五一號一樓","1 F., No. 151, Wenhua Rd., Zhendong Vil., Douliu City, Yunlin County 640007, Taiwan (R.O.C.)","戴O惠","05-5326179","05-5326179","有","有"
"45732064","20180427","20230512","捷特企業社","Jeter company","臺中市大里區瑞城里成功路３９８號一樓","1 F., No. 398, Chenggong Rd., Ruicheng Vil., Dali Dist., Taichung City 412029, Taiwan (R.O.C.)","陳O悅","04-23354324","04-23359197","無","無"
"45734859","20081003","20221221","成宜商行","COLBEST TRADE COMPANY","臺中市大雅區上楓里樹德街８０號1樓","1 F., No. 80, Shude St., Shangfeng Vil., Daya Dist., Taichung City 428009, Taiwan (R.O.C.)","蔡O玲","04-24626949","","無","無"
"45736168","20151210","20210811","德總企業社","DE ZONG ENTERPRISE CO.","臺中市北屯區平安里柳陽西街8號3樓","3 F., No. 8, Liuyang W. St., Ping’an Vil., Beitun Dist., Taichung City 40650, Taiwan (R.O.C.)","吳O智","0973808056","04-22366179","有","有"
"45742773","20200207","20210811","育紳工業社","SH Yu Shen Industrial company","臺中市東勢區詒福里詒福街６６巷９５號","No. 95, Ln. 66, Yifu St., Yifu Vil., Dongshi Dist., Taichung City 42350, Taiwan (R.O.C.)","田O俊","04-25328833","","有","有"
"45743745","20150209","20240223","坤原工程行","KUN Y. CO.","南投縣南投市福興里吉利路435巷28號1樓","1 F., No. 28, Ln. 435, Jili Rd., Fuxing Vil., Nantou City, Nantou County 540031, Taiwan (R.O.C.)","呂O展","0932594689","049-2352179","無","無"
"45744441","20081021","20221201","聯鷹企業社","UNITED.EAGLE ENTERPRISE COMPANY","彰化縣秀水鄉陝西村湳抵巷１６號","No. 16, Nandi Ln., Xiaxi Vil., Xiushui Township,  Changhua County 504003, Taiwan (R.O.C.)","林O毅","04-7638660","","有","無"
"45745390","20191118","20210811","台孱企業社","Da Fens CO.","彰化縣埔心鄉太平村武平西街16巷12號","No. 12, Ln. 16, Wuping W. St., Puxin Township, Changhua County 51346, Taiwan (R.O.C.)","謝O釵","04-8818920","","有","有"
"45746243","20190902","20210811","順盈飲料店","Shun Ying Beverage Shop","臺中市北屯區平德里北平路三段160號1樓","1 F., No. 160, Sec. 3, Beiping Rd., Pingde Vil., Beitun Dist., Taichung City 40666, Taiwan (R.O.C.)","黃O寬","04-22349230","04-22991403","無","無"
"45746551","20090904","20250501","坦伯頓淨水企業社","TAN BAL DUER CO.","彰化縣彰化市國聖里國聖路232號","No. 232, Guosheng Rd., Guosheng Vil., Changhua City, Changhua County 500028, Taiwan (R.O.C.)","陳O潔","04-7376605","04-7382141","有","有"
"45747405","20121112","20221221","宏維貿易行","HSW TEXTILE COMPANY","彰化縣彰化市五權里自強南路１８號１樓","1 F., No. 18, Ziqiang S. Rd., Wuquan Vil., Changhua City, Changhua County 500022, Taiwan (R.O.C.)","王O來","04-7236865","04-7246744","無","無"
"45748397","20110114","20210811","晴天設計工坊","HAREBARE DESIGN HOUSE","苗栗縣苗栗市玉清里１４鄰育英街５３巷南苑２４－２號","No. 24-2, Ln. 53, Yuying St., 14th Neighborhood, Yuqing Vil., Miaoli City, Miaoli County 36056, Taiwan (R.O.C.)","劉O枝","037-230689","037-230689","有","有"
"45748946","20220221","20220221","順煌企業社","SHUN-HUANG INDUSTRY Co.","臺中市大安區龜壳里中山南路６２１號１樓","1 F., NO. 621, ZHONGSHAN S. RD., DA-AN DIST., TAICHUNG CITY 43963, TAIWAN (R.O.C.)","李O璋","04-26713526","","有","有"
"45749109","20150826","20210812","視野企業社","SI YE CO.","彰化縣福興鄉廈粘村廈粘街６５號１樓（限辦公室使用）","1 F., No. 65, Xianian St., Fuxing Township, Changhua County 50645, Taiwan (R.O.C.)","粘O義","04-7700780","04-7700790","有","有"
"45751224","20091023","20230528","震億企業社","JENN YI ENTERPRISE CO.","臺中市沙鹿區西勢里中清路６４之１號","No. 64-1, Zhongqing Rd., Xishi Vil., Shalu Dist.,  Taichung City , Taiwan (R.O.C.)","蔡O霖","04-26151707","","無","無"
"45751337","20090625","20240724","申利企業社","SHENN LI ENTERPRISE CO.","臺中市大甲區中山里水源路２１９巷１３號４樓","4 F., No. 13, Ln. 219, Shuiyuan Rd., Zhongshan Vil., Dajia Dist., Taichung City 437001, Taiwan (R.O.C.)","管O紜","04-26883593","","有","有"
"45751511","20140605","20210811","利豐農產行","LI FENG FARM PRODUCE COMPANY","雲林縣古坑鄉永昌村光昌路三ＯＯ號","No. 300, Guangchang Rd., Gukeng Township, Yunlin County 64648, Taiwan (R.O.C.)","張O吉","05-5826703","","有","有"
"45752005","20190729","20210812","奇勝工業社","CHI SHENG TOOLS INDUSTRY CO.","彰化縣員林市大埔里員大路２段４６巷３２弄１１號１樓","1 F., No. 11, Aly. 32, Ln. 46, Sec. 2, Yuanda Rd., Dapu Vil., Yuanlin City, Changhua County 51065, Taiwan (R.O.C.)","賴O如","04-8314393","","有","有"
"45752167","20190515","20210812","菇菇熊生活館","GU GU BEAR CO.","臺中市新社區協成里協中街１６９－２號一樓","1 F., No. 169-2, Xiezhong St., Xiecheng Vil., Xinshe Dist., Taichung City 42646, Taiwan (R.O.C.)","黃O珍","0982008650","","有","有"
"45752292","20150708","20230723","無盡璽生活藝術企業社","AKAYA SEAL CO.","高雄市新興區民族二路97號11樓","11 F., No. 97, Minzu 2nd Rd., Xinxing Dist., Kaohsiung City 800304, Taiwan (R.O.C.)","許O綺","0911554594","","有","有"
"45752856","20090313","20210812","天泉食品商行","TEN CHENG FOODS STORE","雲林縣元長鄉西莊村西庄路二三之一號一樓","1 F., No. 23-1, Xizhuang, Yuanzhang Township, Yunlin County 65544, Taiwan (R.O.C.)","洪O素菊","05-7882471","05-7882412","有","有"
"45753118","20081125","20210811","裕福工程行","YU FU ENGINEERING CO.","臺中市北屯區仁和里四平路２３８巷５號１樓","1 F., No. 5, Ln. 238, Siping Rd., Renhe Vil., Beitun Dist., Taichung City 40679, Taiwan (R.O.C.)","謝O宇","04-22440824","04-22443811","有","有"
"45753258","20210104","20220820","興勝科技企業社","HAPPY WIN TECHNOLOGY ENTERPRISE COMPANY","臺中市西區公舘里永安市場內２３號１樓","1 F., No. 23, Yong’an Market, West Dist., Taichung City 40346, Taiwan (R.O.C.)","李O樹","0921-909352","","有","有"
"45753270","20090520","20210811","永展開發企業社","FOREVER EXPAND INDUSTRIAL CO.","彰化縣員林市振興里山腳路２段４６０巷２９７號１樓","1 F., No. 297, Ln. 460, Sec. 2, Shanjiao Rd., Zhenxing Vil., Yuanlin City, Changhua County 51060, Taiwan (R.O.C.)","游O瓊","0936319795","","有","有"
"45753519","20150728","20221103","星月天空農藝行","SKY OF STAR MOON AGRONOMIC STORE","南投縣南投市福山里猴探井街146巷200號一樓","1 F., No. 200, Ln. 146, Houtanjing St., Fushan Vil., Nantou City, Nantou County 540032, Taiwan (R.O.C.)","張O昌","049-2292999","","有","有"
"45753834","20090521","20210811","親泉農產企業社","KISSWATER FARMING ENTERPRISE CO.","臺中市豐原區北陽里南陽路綠山巷１５０弄２號２樓","2 F., No. 2, Aly. 150, Lushan Ln., Nanyang Rd., Beiyang Vil., Fengyuan Dist., Taichung City 42075, Taiwan (R.O.C.)","張O真","04-25255738","04-25256291","無","無"
"45754448","20140127","20210812","虹荃科技企業社","SUPER RAINBOW BUSINESS SHOP","臺中市西區藍興里仁福街23巷5號4樓","4 F., No. 5, Ln. 23, Renfu St., Lanxing Vil., West Dist., Taichung City 40343, Taiwan (R.O.C.)","傅O進","04-23716443","04-23714042","有","有"
"45756121","20110519","20210811","祥鶴實業社","SHONG HER CO.","臺中市大雅區大楓里前村路４４巷１０號１樓","1 F., No. 10, Ln. 44, Qiancun Rd., Dafeng Vil., Daya Dist., Taichung City 42846, Taiwan (R.O.C.)","張O申","04-25660325","04-25694371","有","有"
"45757938","20081127","20210811","愛騎企業社","IRON HORSE BMX COMPANY","臺中市太平區新福里中山路四段96巷23號一樓","1 F., No. 23, Ln. 96, Sec. 4, Zhongshan Rd., Xinfu Vil., Taiping Dist., Taichung City 41162, Taiwan (R.O.C.)","王O榮","04-23275383","","有","有"
"45757944","20150923","20230107","和佳企業社","HO CHIA COMPANY","臺中市豐原區豐田里田心路二段４３７－３號","No. 437-3, Sec. 2, Tianxin Rd., Fengtian Vil., Fengyuan Dist., Taichung City 420082, Taiwan (R.O.C.)","魏O銘","0910435121","25295719","無","無"
"45758583","20190717","20210811","嘉程精密實業社","CHIA CHENG PRECISION INDUSTRIAL CO.","臺中市大里區東興里東明路３２０巷２號一樓","1 F., No. 2, Ln. 320, Dongming Rd., Dongxing Vil., Dali Dist., Taichung City 41253, Taiwan (R.O.C.)","洪O倚","04-25312375","04-25312375","有","有"
"45761807","20090518","20210811","慶豐屠宰場","QING FENG SLAUGHTER HOUSE","雲林縣元長鄉西莊村12鄰西庄109-17號","No. 109-17, Xizhuang, 12th Neighborhood, Yuanzhang Township, Yunlin County 65544, Taiwan (R.O.C.)","吳O敏","05-7886185","05-7886875","無","無"
"45763538","20090731","20210812","松村水產行","SUNG TSUN SHUI CHAN HANG","雲林縣口湖鄉下崙村福安路165巷8之2號","No. 8-2, Ln. 165, Fu’an Rd., Kouhu Township, Yunlin County 65345, Taiwan (R.O.C.)","陳O宗","05-7991618","05-7993691","有","有"
"45764023","20090811","20221018","米那服飾","MINA DRESS CO.","雲林縣斗六市鎮南里南興街21號1樓","1 F., No. 21, Nanxing St., Zhennan Vil., Douliu City, Yunlin County 640002, Taiwan (R.O.C.)","李O庭","05-5332603","","有","有"
"45764086","20100531","20230408","聖元食品廠","GOLDEN YUAN FOOD FACTORY","雲林縣褒忠鄉中民村中正路289號","No. 289, Zhongzheng Rd., Zhongmin Vil., Baozhong Township,  Yunlin County 634001, Taiwan (R.O.C.)","黃O玲","05-6972477","05-6974727","有","有"
"45764213","20090812","20220823","三十二瓦企業社","THIRTY-TWO WATT ENTERPRISE COMPANY","雲林縣斗六市鎮西里建成路1巷16號","No. 16, Ln. 1, Jiancheng Rd., Zhenxi Vil., Douliu City, Yunlin County 64041, Taiwan (R.O.C.)","吳O毅","05-5375425","","有","有"
"45764327","20210722","20210812","領航不動產企業社","LINGHUNG CO.","雲林縣麥寮鄉橋頭村仁德路425之11號","No. 425-11, Rende Rd., Mailiao Township, Yunlin County 63865, Taiwan (R.O.C.)","呂O芬","0931538551","","有","有"
"45764570","20231025","20231025","乙展農產行","Yizhan Agricultural Products Store","雲林縣元長鄉子茂村三民路17號","No. 17, Sanmin, Yuanchang Township, Yunlin County 655024, Taiwan (R.O.C.)","李O蓁","0970108291","","有","有"
"45765064","20090908","20210812","泰洋茶葉企業社","TAI YANG TEA ENTERPRISE CO.","雲林縣林內鄉坪頂村22號","No. 22, Pingding, Linnei Township, Yunlin County 64346, Taiwan (R.O.C.)","程O娟","05-5891666","05-5891666","有","有"
"45765108","20110510","20230104","充穎紡織廠","CHONG YING TEXTILE PLANT","雲林縣虎尾鎮下溪里大庄36之5號","No. 36-5, Dazhuang, Xiaxi Vil., Huwei Township, Yunlin County 632105, Taiwan (R.O.C.)","周O宗佑","05-6221471","","有","有"
"45766113","20091023","20210812","松青食品商行","SONG GING SHI PIN TRADING CO.","雲林縣斗南鎮阿丹里崙子81之1號","No. 81-1, Lunzi, Adan Vil., Dounan Township, Yunlin County 63046, Taiwan (R.O.C.)","張O琳","0952-882360","","有","有"
"45767289","20101026","20210812","長青農產行","CHANG QING FARMING CO.","雲林縣西螺鎮中興里西興南路29之5號","No. 29-5, Xixing S. Rd., Zhongxing Vil., Xiluo Township, Yunlin County 64848, Taiwan (R.O.C.)","廖O慧","05-5879168","05-5883168","有","有"
"45767318","20190116","20210812","尚洋服飾店","SHANG YANG FASHION STORE","雲林縣斗六市鎮西里雲林路2段229號1樓","1 F., No. 229, Sec. 2, Yunlin Rd., Zhenxi Vil., Douliu City, Yunlin County 64041, Taiwan (R.O.C.)","黃O卿","05-5335068","05-5352840","有","有"
"45767470","20121226","20210812","笠靖生物科技企業社","THE LI JING BIOTECHNOLOGY ENTERPRISE CO.","雲林縣斗六市長安里萬年路456巷24號1樓","1 F., No. 24, Ln. 456, Wannian Rd., Chang’an Vil., Douliu City, Yunlin County 64059, Taiwan (R.O.C.)","李O逢","05-5513370","05-5378189","有","有"
"45767534","20091126","20210811","鮮之菇農場","XIAN ZHI GU FARMING CO.","雲林縣西螺鎮詔安里詔安25之10號3樓","3 F., No. 25-10, Zhao’an, Zhao’an Vil., Xiluo Township, Yunlin County 64861, Taiwan (R.O.C.)","劉O娥","05-5879443","05-5878507","有","有"
"45768739","20170629","20210811","展聯工程行","CHAN LIEN KUNG CHENG HANG","雲林縣崙背鄉豐榮村5鄰100號","No. 100, Fengrong, 5th Neighborhood, Lunbei Township, Yunlin County 63747, Taiwan (R.O.C.)","李O生","05-6916245","05-6916309","有","有"
"45768793","20110218","20210812","金農碾米工廠","JIN NONG RICE FACTORY","雲林縣西螺鎮福田里社口路68之20號","No. 68-20, Shekou, Futian Vil., Xiluo Township, Yunlin County 64865, Taiwan (R.O.C.)","陳O志","05-5875735","05-5862022","有","有"
"45770545","20180306","20210812","台光企業社","TAI KWANG TOWELS CO.","雲林縣虎尾鎮頂溪里頂竹圍37號1樓","1 F., No. 37, Dingzhuwei, Dingxi Vil., Huwei Township, Yunlin County 63247, Taiwan (R.O.C.)","李O卿","05-6222180","","有","有"
"45772488","20240111","20240111","正喆行動通訊館","ZHENG ZHE Shop","雲林縣斗六市光興里民生路62號1樓","1 F., No. 62, Minsheng Rd., Guangxing Vil., Douliu City, Yunlin County 640010, Taiwan (R.O.C.)","曾O梅","05-5373039","","有","有"
"45772641","20150722","20210811","盛鑫五金商行","SHENGXIN HARDWARE FIRM","雲林縣斗南鎮明昌里延平路二段450號","No. 450, Sec. 2, Yanping Rd., Mingchang Vil., Dounan Township, Yunlin County 63043, Taiwan (R.O.C.)","林O延","05-5950377","05-5950396","有","有"
"45773022","20240521","20240521","天祥金紙行","Tianxiang paper Company","雲林縣四湖鄉施湖村中山西路189之1號","No. 189-1, Zhongshan W. Rd., Sihu Township, Yunlin County 654011, Taiwan (R.O.C.)","吳O瑋","05-7993992","","有","有"
"45773487","20150813","20210811","純昌汽車材料行","CHUN CHUNG AUTO MATERIAL CO.","雲林縣麥寮鄉施厝村興安路1號","No. 1, Xing’an Rd., Mailiao Township, Yunlin County 63853, Taiwan (R.O.C.)","許O昌","05-6911838","","無","無"
"45774009","20140605","20220316","康比服飾行","COBIE CO.","新北市新店區北新路1段86號29樓之6","29F.-6, No. 86, Sec. 1, Beixin Rd., Xindian Dist., New Taipei City 23147, Taiwan (R.O.C.)","鍾O濡","05-6333936","","有","有"
"45774747","20250505","20250505","建邦企業社","JianBang Co.","雲林縣臺西鄉蚊港村蚊港路136之2號","No. 136-2, Wengang, Vil Township, Yunlin County 636102, Taiwan (R.O.C.)","許O滉","056932665","056932573","有","有"
"45774802","20100803","20210812","佛心茶葉商行","FO HSIN TEA FIRM","雲林縣二崙鄉港後村港後路98號1樓","1 F., No. 98, Ganghou Rd., Erlun Township, Yunlin County 64945, Taiwan (R.O.C.)","陳O德","05-5990992","05-5990997","有","有"
"45775099","20100810","20210811","崧圃企業社","SONG  PUO  FIRM.","雲林縣二崙鄉楊賢村楊賢路94號","No. 94, Yangxian Rd., Erlun Township, Yunlin County 64942, Taiwan (R.O.C.)","楊O偉","0933-422299","05-5991926","無","無"
"45776365","20081231","20210811","侑晨企業社","YI-CHIA ENTERPRISE CO.","彰化縣溪湖鎮東寮里彰水路４段４３９巷６６弄１號１樓","1 F., No. 1, Aly. 66, Ln. 439, Sec. 4, Zhangshui Rd., Dongliao Vil., Xihu Township, Changhua County 51444, Taiwan (R.O.C.)","巫O興","048-851339","048-855893","有","有"
"45780403","20110513","20210811","良品企業社","PRETTYHOME ENTERPRISE CO.","臺中市烏日區榮泉里中山路三段６０４號一樓","1 F., No. 604, Sec. 3, Zhongshan Rd., Rongquan Vil., Wuri Dist., Taichung City 41453, Taiwan (R.O.C.)","楊O鵬","04-23360966","04-23360603","有","有"
"45781971","20171016","20210811","安鴻五金商行","ANN HONG HARDWARE CO.","臺中市潭子區嘉仁里嘉豐路２３６號","No. 236, Jiafeng Rd., Jiaren Vil., Tanzi Dist., Taichung City 42741, Taiwan (R.O.C.)","林O文","04-25364111","","有","有"
"45783176","20090108","20230303","順陽螺絲企業社","SHUN-YANG SCREWS ENTERPRISE CO.","彰化縣和美鎮中圍里彰新路3段636巷46弄42號","No. 42, Aly. 46, Ln. 636, Sec. 3, Zhangxin Rd., Zhongwei Vil., Hemei Township, Changhua County 508006, Taiwan (R.O.C.)","楊O傑","04-7588200","04-22569838","有","有"
"45783669","20230406","20230406","祐宇企業社","You Youyu Co.","臺中市豐原區北陽里豐東路１９４號一樓","1 F., No. 194, Fengdong Rd., Beiyang Vil., Fengyuan Dist., Taichung City 420008, Taiwan (R.O.C.)","魏O謙","04-25228707","","有","有"
"45784793","20240704","20240704","精鋒工業社","JING FENG INDUSTRIAL Co.","彰化縣溪湖鎮大突里二溪路大突巷臨88-8號","No. 88-8, Datu Vil., Xihu Township, Changhua County 514, Taiwan (R.O.C.)","周O章","04-8812921","","有","有"
"45784941","20150602","20230225","廣潔環境維護社","GUANG JIE ENVIRONMENTAL PROTECTION CORPORATION","臺中市清水區南社里南社路３０１巷８５之１號一樓﹝限一樓﹞","1 F., No. 85-1, Ln. 301, Nanshe Rd., Nanshe Vil., Qingshui Dist., Taichung City 436039, Taiwan (R.O.C.)","黃O煌","04-24631307","","有","有"
"45785982","20081212","20210811","皇磬企業社","HUANG-QING ENTERPRISE CO.","臺中市南區崇倫里建國南路1段249號1樓","1 F., No. 249, Sec. 1, Jianguo S. Rd., Chonglun Vil., South Dist., Taichung City 40242, Taiwan (R.O.C.)","張O群","04-22620913","","有","有"
"45786758","20130822","20240726","政信實業社","C-TRUST ENTERPRISE CO.","南投縣竹山鎮山崇里集山路2段1號","No. 1, Sec. 2, Jishan Rd., Shanchong Vil., Zhushan Township, Nantou County 55782, Taiwan (R.O.C.)","許O僑","049-2623535","049-2623857","有","有"
"45787412","20190429","20210812","健高企業社","Jiangao Enterprise Company","臺中市大里區長榮里中興路二段２４９巷１１之３號１樓","1 F., No. 11-3, Ln. 249, Sec. 2, Zhongxing Rd., Changrong Vil., Dali Dist., Taichung City 41254, Taiwan (R.O.C.)","劉O月","04-24863368","04-24866279","有","有"
"45790036","20081229","20210812","上程資訊","TAIWAN FAIREY CO.","南投縣名間鄉中正村彰南路９６－１４號一樓﹝現場不得堆棧﹞","1 F., No. 96-14, Zhangnan Rd., Mingjian Township, Nantou County 55141, Taiwan (R.O.C.)","林O生","049-2732551","049-2731703","有","有"
"45790752","20081223","20240308","小松皮包企業社","SIAO SONG BAG COMPANY","臺中市外埔區大同里甲后路三段９９９巷２５號","No. 25, Ln. 999, Sec. 3, Jiahou Rd., Datong Vil., Waipu Dist., Taichung City 43858, Taiwan (R.O.C.)","鍾O萱","04-26835448","04-26838607","有","有"
"45791083","20140523","20210812","家成工業社","CHIA CHENG LATHE CO.","彰化縣彰化市三村里聖安路511號","No. 511, Sheng’an Rd., Sancun Vil., Changhua City, Changhua County 50077, Taiwan (R.O.C.)","林O成","04-7324985","047324901","有","有"
"45792013","20241209","20241209","伊雅服飾店","yiya Shop","臺中市西屯區逢福里福星路５８７號１樓","1 F., No. 587, Fuxing Rd., Fengfu Vil., Xitun Dist., Taichung City 407037, Taiwan (R.O.C.)","李O寧","","","有","有"
"45792267","20091123","20221217","震鴻商行","JONG HONG COMMERCIAL FIRM","南投縣南投市軍功里中興路３３９號一樓","1 F., No. 339, Zhongxing Rd., Jungong Vil., Nantou City, Nantou County 540008, Taiwan (R.O.C.)","陳O幀","04-92339013","","無","無"
"45794820","20110131","20210812","吟冠企業社","INKAN CO.","苗栗縣竹南鎮港墘里4鄰港仔墘37號","No. 37, Gangzaiqian, 4th Neighborhood, Gangqian Vil., Zhunan Township, Miaoli County 35043, Taiwan (R.O.C.)","吳O庭","037-466618","","有","有"
"45799091","20100416","20210811","精銘企業社","BORY COMPANY","苗栗縣竹南鎮正南里環市路１段１３８巷２弄５號７樓","7 F., No. 5, Aly. 2, Ln. 138, Sec. 1, Huanshi Rd., Zhengnan Vil., Zhunan Township, Miaoli County 35046, Taiwan (R.O.C.)","楊O晏","037-484802","037-550831","有","有"
"45800371","20110628","20210812","東懋企業社","DONG MAW MACHINERY CO.","彰化縣埔心鄉油車村二抱路２段２２０號","No. 220, Sec. 2, Erbao Rd., Puxin Township, Changhua County 51344, Taiwan (R.O.C.)","林O震","04-8324770","04-8321500","有","有"
"45801596","20200811","20210811","現代手作坊","XIAN DAI SHOU ZUO FANG","彰化縣彰化市彰安里中正路2段517號","No. 517, Sec. 2, Zhongzheng Rd., Zhang’an Vil., Changhua City, Changhua County 50048, Taiwan (R.O.C.)","張O森","0939940472","","有","有"
"45803840","20090424","20210812","翔順企業社","XIANG-FA ENTERPRISE CO.","彰化縣鹿港鎮詔安里吳厝巷3號","No. 3, Wucuo Ln., Zhao’an Vil., Lukang Township, Changhua County 50545, Taiwan (R.O.C.)","許O婷","04-7785550","04-7765052","無","無"
"45804088","20090505","20210811","上笙企業行","SAN SHEN ENTERPRISE CO","彰化縣福興鄉元中村橫圳巷4-45號","No. 4-45, Hengzun Ln., Fuxing Township, Changhua County 50643, Taiwan (R.O.C.)","張O瑄","04-7792324","","有","有"
"45804313","20151202","20210811","尚品紙具實業社","SONPING CHOPSTICKS BAGS CO.","彰化縣鹿港鎮頭南里頭庄巷４０之２號１樓","1 F., No. 40-2, Touzhuang Ln., Tounan Vil., Lukang Township, Changhua County 50564, Taiwan (R.O.C.)","蘇O穎","04-7719575","","有","有"
"45804691","20100427","20230429","臺模企業社","TAI MO COMPANY","彰化縣和美鎮竹園里彰新路4段141巷188號1樓","1 F., No. 188, Ln. 141, Sec. 4, Zhangxin Rd., Zhuyuan Vil., Hemei Township, Changhua County 508006, Taiwan (R.O.C.)","陳O花","04-7354681","04-7354584","無","無"
"45804974","20170630","20210812","大彧企業社","DA YU HARDWARE ENTERPRISE CO.","彰化縣鹿港鎮埔崙里進德街14號1樓","1 F., No. 14, Jinde St., Pulun Vil., Lukang Township, Changhua County 50544, Taiwan (R.O.C.)","莊O免足","04-7776631","","有","有"
"45806044","20100325","20210811","錦蕊企業行","CHIN-JUI ENTERPRISE CO.","彰化縣埤頭鄉平原村郵政街152號1樓","1 F., No. 152, Youzheng St., Pitou Township, Changhua County 52341, Taiwan (R.O.C.)","李O法","04-8926235","04-8928838","有","有"
"45806972","20130312","20210812","欣峰實業社","GLADPEAK CO.","彰化縣永靖鄉竹子村竹後巷32號","No. 32, Zhuhou Ln., Yongjing Township, Changhua County 51242, Taiwan (R.O.C.)","邱O鈺","04-8235397","04-8242727","有","有"
"45807509","20091012","20210811","逸騏實業社","YI CHI IRONWARE CO.","彰化縣彰化市南興里雲長路90-2號1樓","1 F., No. 90-2, Yunchang Rd., Nanxing Vil., Changhua City, Changhua County 50058, Taiwan (R.O.C.)","廖O源","04-7289893","04-7358318","有","有"
"45808346","20190425","20221004","博士倫琉璃工坊","Bausch & Lomb Glass Workshop","彰化縣秀水鄉安東村枋林巷72-13號","No. 72-13, Fanglin Ln., Andong Vil., Xiushui Township,  Changhua County 504005, Taiwan (R.O.C.)","林O濱","04-7222331","047252810","無","無"
"45808367","20111226","20210811","全勝汽車修配廠","CHIUAN SHENG MOTOR FACTORY","彰化縣溪湖鎮北勢里北大路西三巷８號","No. 8, W. 3rd Ln., Beida Rd., Beishi Vil., Xihu Township, Changhua County 51446, Taiwan (R.O.C.)","楊O評","04-8613305","04-8613505","有","有"
"45808747","20180827","20250313","金億興企業社","JIN YI SIN CO.","彰化縣埔鹽鄉埔鹽村中華路３１３之１０號","No. 313-10, Zhonghua Rd., Puyan Township, Changhua County 51641, Taiwan (R.O.C.)","陳O貞","04-8654966","","有","有"
"45809582","20220408","20220408","新進企業社","DOMO.COM CO.","彰化縣和美鎮鎮平里彰草路2段413號4樓","4 F., No. 413, Sec. 2, Zhangcao Rd., Zhenping Vil., Hemei Township, Changhua County 50841, Taiwan (R.O.C.)","王O育","04-7620493","","有","有"
"45809680","20111213","20210812","玖益企業社","JEOY COMPANY","彰化縣秀水鄉福安村民華巷52弄1號","No. 1, Aly. 52, Minhua Ln., Xiushui Township, Changhua County 50448, Taiwan (R.O.C.)","陳O霞","04-7683993","04-7683688","有","有"
"45809817","20091006","20210812","冠宏光電科技行","KUAN HUNG LED LIGHTING CO.","彰化縣花壇鄉金墩村金城街42巷2號","No. 2, Ln. 42, Jincheng St., Huatan Township, Changhua County 50343, Taiwan (R.O.C.)","林O宏","04-7868203","04-7868203","有","有"
"45809963","20220122","20220122","捷韻輪胎行","JAY WING TRIES STORE","彰化縣彰化市崙平里中央路226號1樓","1 F., No. 226, Zhongyang Rd., Lunping Vil., Changhua City, Changhua County 50056, Taiwan (R.O.C.)","梁O銨","04-7526855","04-7637326","有","有"
"45810722","20120704","20210812","複裕商行","FUYU SOLUTION CO.","彰化縣永靖鄉瑚璉村新興路１９４號１樓","1 F., No. 194, Xinxing Rd., Yongjing Township, Changhua County 51245, Taiwan (R.O.C.)","李O庭","04-8221056","","有","有"
"45811124","20171110","20210811","福德生技實業","Fu Te BIOTECH COMPANY","彰化縣和美鎮犁盛里十茂路341號","No. 341, Shimao Rd., Lisheng Vil., Hemei Township, Changhua County 50852, Taiwan (R.O.C.)","葉O傑","04-7638808","04-7626691","有","有"
"45811671","20230831","20230831","員林花工房","yuanlin flower Shop","彰化縣員林市和平里中正路５３５號１樓","1F., No. 535, Zhongzheng Rd., Yuanlin City, Changhua County 510001 , Taiwan (R.O.C.)","黃O湄","04-8380781","","有","有"
"45811905","20110712","20210811","上和企業社","SHANG HER FACTORY CO.","彰化縣埔心鄉瓦北村明聖路４段１８９號","No. 189, Sec. 4, Mingsheng Rd., Puxin Township, Changhua County 51345, Taiwan (R.O.C.)","張O綸","04-8291458","04-8296576","有","有"
"45812221","20091217","20230119","青祥企業行","CHING SIANG ENTERPRISE COMPANY","彰化縣埤頭鄉合興村斗苑西路３４２號","No. 342, Douyuan W. Rd., Hexing Vil., Pitou Township,  Changhua County 523033, Taiwan (R.O.C.)","謝O玲","04-8921111","04-8923377","無","無"
"45812518","20240904","20240904","友達企業社","CHUNG AND CHOU COMPANY","彰化縣花壇鄉南口村中山路２段３８２號","No. 382, Sec. 2, Zhongshan Rd., Huatan Township, Changhua County 503009, Taiwan (R.O.C.)","莊O鋕","","","有","有"
"45812616","20231229","20231229","彬豪汽車材料行","bin hao Co.","彰化縣員林市源潭里源潭路３號","No. 3, Yuantan Rd., Yuantan Vil., Yuanlin City, Changhua County 510038, Taiwan (R.O.C.)","張O彬","0988115900","","有","有"
"45813241","20100205","20210812","金格國際貿易行","KING KOIL INTERNATIONAL TRADE CO.","彰化縣員林市鎮興里山腳路３段８１巷３９５號","No. 395, Ln. 81, Sec. 3, Shanjiao Rd., Zhenxing Vil., Yuanlin City, Changhua County 51060, Taiwan (R.O.C.)","沈O妙","04-8310505","04-8310903","有","有"
"45813663","20110901","20210812","泰茂企業社","TAY MAO FACTORY CO.","彰化縣永靖鄉五汴村五汴巷１６０號","No. 160, Wubian Ln., Yongjing Township, Changhua County 51241, Taiwan (R.O.C.)","陳O芸","04-8245761","04-8245762","有","有"
"45814001","20250508","20250508","鑫全興商行","Xinquanxing Trading Company","彰化縣福興鄉頂粘村頂粘街２３２號","No. 232, Dingnian St., Fuxing Township, Changhua County 506013, Taiwan (R.O.C.)","粘O豪","0908617802","","有","有"
"45814332","20150527","20210812","禹成企業社","YUE CHENG PLASTICS ENTERPRISE CO.","彰化縣大村鄉福興村山腳路臨78之9號","No. 78-9, Shanjiao Rd., Dacun Township, Changhua County 51546, Taiwan (R.O.C.)","盧O傑","04-8534655","04-8539796","無","無"
"45814375","20100318","20210812","禾美園藝","HO MEI GARDEN HUSBANDRY","彰化縣溪州鄉溪厝村溪埔巷６８弄１號１樓","1 F., No. 1, Aly. 68, Xipu Ln., Xicuo Vil., Xizhou Township, Changhua County 52445, Taiwan (R.O.C.)","林O玲","0910538260","","無","無"
"45814852","20120306","20210812","光大食品企業社","ENORMOUS FOODS ENTERPRISE CO.","彰化縣秀水鄉福安村民意街317號","No. 317, Minyi St., Xiushui Township, Changhua County 50448, Taiwan (R.O.C.)","林O煜","04-7698135","","有","有"
"45815557","20140303","20230717","百歐國際洋行","BIO INTERNATIONAL CO., LTD.","彰化縣員林市民生里永吉街44號1樓","1 F., No. 44, Yongji St., Minsheng Vil., Yuanlin City, Changhua County 510005, Taiwan (R.O.C.)","黃O珠","04-8535527","","無","無"
"45815753","20120409","20210812","鈞鼎科技貿易行","JYUN DING TECHNOLOGY TRADING COMPANY","彰化縣彰化市忠權里彰美路１段１４９巷２弄７號９樓","9 F., No. 7, Aly. 2, Ln. 149, Sec. 1, Zhangmei Rd., Zhongquan Vil., Changhua City, Changhua County 50062, Taiwan (R.O.C.)","莊O鈞","04-7201911","04-7230951","有","有"
"45816562","20160128","20210811","嘉碩科技企業社","JIASHUO TECHNOLOGY COMPANY.","彰化縣二水鄉上豐村山腳路２段３４號","No. 34, Sec. 2, Shanjiao Rd., Ershui Township, Changhua County 53044, Taiwan (R.O.C.)","蔡O君","0933561169","04-","有","有"
"45816850","20100421","20220801","沛宏行","PEI HOME CO.","彰化縣秀水鄉安溪村平安六街45巷20號1樓","1 F., No. 20, Ln. 45, Ping'an 6th St., Xiushui Township, Changhua County 504009, Taiwan (R.O.C.)","陳O瑜","04-7369322","04-7369734","無","無"
"45817014","20131122","20230119","億邦企業社","YII BANG CO.","彰化縣線西鄉寓埔村沿海路1段656號","No. 656, Sec. 1, Yanhai Rd., Yupu Vil., Xianxi Township,  Changhua County 507003, Taiwan (R.O.C.)","顏O邦","04-7589186","04-7589185","無","無"
"45817268","20200806","20210811","德興機械工程","DE XING MACHINERY ENGINEERING CO.","彰化縣和美鎮仁愛里和靖路101號","No. 101, Hejing Rd., Ren’ai Vil., Hemei Township, Changhua County 50846, Taiwan (R.O.C.)","黃O雄","","","有","有"
"45817627","20130129","20210812","日珍齋企業社","Q-ZHEN-ZHAI CO.","彰化縣彰化市民生里三民路２６３號２樓","2 F., No. 263, Sanmin Rd., Minsheng Vil., Changhua City, Changhua County 50043, Taiwan (R.O.C.)","張O","04-7228938","","有","有"
"45818506","20111221","20210812","青雲農業企業社","CHING YUN AGRICULTURE CO.","彰化縣溪湖鎮湖東里英山街7號1樓","1 F., No. 7, Yingshan St., Hudong Vil., Xihu Township, Changhua County 51449, Taiwan (R.O.C.)","蔡O青","048-852700","048-857108","有","有"
"45818647","20130729","20240402","勇機企業社","MICRON-TECH CO.","臺中市豐原區西勢里西安街69巷30號1樓","1 F., No. 30, Ln. 69, Xi’an St., Xishi Vil., Fengyuan Dist., Taichung City 420001, Taiwan (R.O.C.)","張O峰","04-25265956","","有","有"
"45819202","20110309","20210812","埔里筊白筍農場","PULI ZIZANIA LATIFOLIA TURCZ FARM","南投縣埔里鎮泰安里民族路８８－１號一樓﹝現場不得堆棧﹞","1 F., No. 88-1, Minzu Rd., Tai’an Vil., Puli Township, Nantou County 54553, Taiwan (R.O.C.)","徐O琪","049-2913754","","有","有"
"45821066","20090302","20210811","天禾企業商洋行","TEAM-TOP ENTERPRISE CO.","彰化縣花壇鄉崙雅村彰花路25號1樓","1 F., No. 25, Zhanghua Rd., Huatan Township, Changhua County 50342, Taiwan (R.O.C.)","吳O緯","04-7881577","04-7881599","有","有"
"45821713","20090117","20210811","立穎企業社","LEA YING ENTERPRISE CO.","彰化縣和美鎮和東里孝文路４９號１樓（限辦公室使用）","1 F., No. 49, Xiaowen Rd., Hedong Vil., Hemei Township, Changhua County 50855, Taiwan (R.O.C.)","張O豪","04-7550051","04-7553953","有","有"
"45822699","20100521","20210812","紅妍企業社","HO-YEN COMPANY","彰化縣田中鎮員集路2段622號1樓","1 F., No. 622, Sec. 2, Yuanji Rd., Tianzhong Township, Changhua County 52047, Taiwan (R.O.C.)","董O媜","04-8796592","04-8796592","有","有"
"45822712","20090204","20210812","穀霖企業社","GU LIN ENTERPRISE COMPANY","彰化縣花壇鄉金墩村金墩街６５號","No. 65, Jindun St., Huatan Township, Changhua County 50343, Taiwan (R.O.C.)","蔡O華","04-7874092","04-7868694","有","有"
"45823249","20201105","20230414","尚興企業社","Shang Xing Weaving company","彰化縣芳苑鄉建平村文明路１２號","No. 12, Wenming Ln., Jianping Vil., Fangyuan Township, Changhua County 528008, Taiwan (R.O.C.)","陳O中","04-8862818","04-8861069","有","有"
"45823705","20190816","20210811","奧斯卡商行","Aosika shanghang co.","臺中市沙鹿區北勢里北勢東路736之10號一樓","1 F., No. 736-10, Beishi E. Rd., Beishi Vil., Shalu Dist., Taichung City 43342, Taiwan (R.O.C.)","吳O彬","04-26316321","04-26319321","有","有"
"45823901","20111011","20210812","依芙蘿蘭精品名店","YVES LAURENT SHOP","臺中市西屯區何南里大隆路７６號１樓","1 F., No. 76, Dalong Rd., Henan Vil., Xitun Dist., Taichung City 40759, Taiwan (R.O.C.)","詹O甄","04-23206330","04-23206330","有","有"
"45824556","20200423","20210812","代福溫洲大餛飩店","Daifu Wenzhou Big Wonton store co.","臺中市西區双龍里模範街１９之５號１樓","1 F., No. 19-5, Mofan St., West Dist., Taichung City 40350, Taiwan (R.O.C.)","陳O雄","04-23053732","","有","有"
"45826203","20191001","20210811","武聖茶坊","Wusheng Tea House","臺中市潭子區甘蔗里勝利路２８０號一樓","1 F., No. 280, Shengli Rd., Ganzhe Vil., Tanzi Dist., Taichung City 42750, Taiwan (R.O.C.)","李O信","04-25356299","","有","有"
"45826301","20090422","20210811","兄弟體育用品社","SHIONG DIH SPORTING GOODS CO.","彰化縣二林鎮後厝里斗苑路４段５０３號１樓","1 F., No. 503, Sec. 4, Douyuan Rd., Houcuo Vil., Erlin Township, Changhua County 52653, Taiwan (R.O.C.)","張O雄","04-8961487","04-8961125","有","有"
"45827744","20120418","20210812","生億企業社","PRODUCE HUNDRED MILLION CO.","臺中市西屯區福和里福安十街４１號１樓","1 F., No. 41, Fu’an 10th St., Fuhe Vil., Xitun Dist., Taichung City 40766, Taiwan (R.O.C.)","林O毅","04-23583823","","有","有"
"45827759","20120424","20210812","旺緯企業社","WANG WEFT CO.","臺中市西屯區福和里福安十街４１號１樓","1 F., No. 41, Fu’an 10th St., Fuhe Vil., Xitun Dist., Taichung City 40766, Taiwan (R.O.C.)","林O叡","04-23583823","","有","有"
"45827913","20090625","20210811","吉品商行","JI PIN SHANG HANG","苗栗縣三義鄉廣盛村廣聲新城館前巷６號１樓","1 F., No. 6, Guangsheng Xincheng, Sanyi Township, Miaoli County 36744, Taiwan (R.O.C.)","胡O","037-877671","037-877672","有","有"
"45830543","20090216","20240529","芽博士農產行","JIN HUI FARM CO.","雲林縣西螺鎮光華里東南路108號1樓","1 F., No. 108, Dongnan Rd., Guanghua Vil., Xiluo Township, Yunlin County 64849, Taiwan (R.O.C.)","蔡O昕","0921499891","","有","有"
"45831281","20210722","20210811","東耀企業社","Crazy_Idea co.","彰化縣彰化市南瑤里天祥路３８巷２９號１樓","1 F., No. 29, Ln. 38, Tianxiang Rd., Nanyao Vil., Changhua City, Changhua County 50058, Taiwan (R.O.C.)","蘇O榤","0908877959","04-7627056","有","有"
"45832612","20121217","20210812","詠兆商行","EI-CHOU SHANG HANG","臺中市北屯區仁和里崇德十路二段310巷182號1樓","1 F., No. 182, Ln. 310, Sec. 2, Chongde 10th Rd., Renhe Vil., Beitun Dist., Taichung City 40680, Taiwan (R.O.C.)","長O川慶子","04-22422601","04-22422601","有","有"
"45832937","20090606","20230610","圳億園藝行","GEAN GARDENING COMPANY","臺中市潭子區圓通南路263號1樓","1 F., No. 263, Yuantong S. Rd., Tanzi Dist., Taichung City 427017, Taiwan (R.O.C.)","廖O莉","04-25570883","04-25584163","有","有"
"45833099","20100924","20210811","晟鑫企業社","CHENG HSIN MODEL CO.","臺中市北屯區仁美里豐樂路5巷35號2樓","2 F., No. 35, Ln. 5, Fengle Rd., Renmei Vil., Beitun Dist., Taichung City 40673, Taiwan (R.O.C.)","林O雪滿","04-24228430","04-24228728","無","無"
"45833730","20090619","20221229","祐革企業社","YOGA LEATHER CO.","臺中市南區工學里文心南十路208號6樓之1","6 F.-1, No. 208, Wenxin S. 10th Rd., Gongxue Vil., South Dist., Taichung City 402024, Taiwan (R.O.C.)","施O宸","04-22610480","","無","無"
"45833751","20091027","20210812","克里斯時裝設計美學工作室","CHRIS BOUTIQUE CO.","臺中市西屯區惠來里青海路二段１７６號９樓之３","9F.-3, No. 176, Sec. 2, Qinghai Rd., Huilai Vil., Xitun Dist., Taichung City 40745, Taiwan (R.O.C.)","林O文","04-23754759","04-23754759","有","有"
"45834111","20110304","20220705","布雷克商行","BREAKBRAKE17 CO.","臺北市信義區基隆路1段155號13樓之5","13 F.-5, No. 155, Sec. 1, Keelung Rd., Xinyi Dist., Taipei City 110058, Taiwan (R.O.C.)","林O程","02-27170027","02-27170127","無","無"
"45834301","20140811","20210811","野球運動用品實業社","YEH CHIU MOTION ARTICLES COMPANY","臺中市大里區永隆里大明路５７６號一樓","1 F., No. 576, Daming Rd., Yonglong Vil., Dali Dist., Taichung City 41283, Taiwan (R.O.C.)","丁O瑛","04-24361891","04-24371512","有","有"
"45834695","20100615","20210812","耕源商行","KENG YUAN TRADE INTERNATIONAL CO.","臺中市北屯區松和里昌平路二段12巷3號1樓","1 F., No. 3, Ln. 12, Sec. 2, Changping Rd., Songhe Vil., Beitun Dist., Taichung City 406, Taiwan (R.O.C.)","劉O銘","04-22418611","04-22478342","有","有"
"45834920","20200415","20210812","寬信商行","Kuan hsin shang hang","臺中市北屯區松和里昌平路二段2之32號1樓","1 F., No. 2-32, Sec. 2, Changping Rd., Songhe Vil., Beitun Dist., Taichung City 40668, Taiwan (R.O.C.)","黃O寬","04-22475313","04-22991403","有","有"
"45835110","20180629","20210812","大振汽車材料行","Ta Zen Enterprises Co., Ltd.","臺中市南屯區豐樂里文心南一路91號1樓","1 F., No. 91, Wenxin S. 1st Rd., Fengle Vil., Nantun Dist., Taichung City 40876, Taiwan (R.O.C.)","劉O偉","04-23871002","04-23812515","有","有"
"45835596","20191108","20210811","一鑫鐵件工程行","YIXIN IRON CO.","臺中市東區東南里東光路196號1樓","1 F., No. 196, Dongguang Rd., Dongnan Vil., East Dist., Taichung City 40151, Taiwan (R.O.C.)","吳OO","04-22348675","","有","有"
"45836048","20120423","20210811","遠毅企業社","YUAN I CO.","臺中市西屯區福和里福安十街41號1樓","1 F., No. 41, Fu’an 10th St., Fuhe Vil., Xitun Dist., Taichung City 40766, Taiwan (R.O.C.)","姚O貞","0987-301252","","無","無"
"45836194","20090813","20210811","瑜禎商號","YU JANE ENTERPRISE COMPANY","臺中市西屯區協和里工業區二路5號","No. 5, Gongyequ 2nd Rd., Xiehe Vil., Xitun Dist., Taichung City 40767, Taiwan (R.O.C.)","黃O蓉","02-29642700","02-29642657","有","有"
"45836595","20210928","20210928","暐柏工作室","Weber WORKSHOP","台中市北屯區北屯路５０巷５１號","No. 51, Ln. 50, Beitun Rd., Beitun Dist., Taichung City 40646, Taiwan (R.O.C.)","陳O月","22377283","","有","有"
"45836785","20091021","20210812","元賀商行","NEW LOOK WENJU COMMERCIAL FIRM","臺中市西區大忠里忠明南路420號2樓之1","2F.-1, No. 420, Zhongming S. Rd., Dazhong Vil., West Dist., Taichung City 40347, Taiwan (R.O.C.)","劉O琴","02-23730600","02-23730326","有","有"
"45838030","20211210","20240911","人元通訊行","RENYUAN COMMUNICATIONS CO.","臺中市南屯區南屯里黎明路一段1179號1樓","1 F., No. 1179, Sec. 1, Liming Rd., Nantun Vil., Nantun Dist., Taichung City 40841, Taiwan (R.O.C.)","林O瑲","(04)23822177","","有","有"
"45839066","20160721","20210811","御晶寶石企業社","ROYAL CRYSTAL GEMSTONE BUSINESS CO.","臺中市中區光復里市府路155號1樓","1 F., No. 155, Shifu Rd., Guangfu Vil., Central Dist., Taichung City 40045, Taiwan (R.O.C.)","余O勳","04-22065772","","無","無"
"45839143","20091118","20230201","密斯朵寵物館","BABY FROG CO.","臺中市西屯區上石里西屯路二段上石南二巷６號２樓","2 F., No. 6, Shangshi S. 2nd Ln., Sec. 2, Xitun Rd., Shangshi Vil., Xitun Dist., Taichung City 407042, Taiwan (R.O.C.)","林O紳","04-27015907","","有","有"
"45840465","20200214","20210811","弘吉飲料店","Hong Ji Beverage shop","臺中市北屯區四民里后庄路1126號1樓","1 F., No. 1126, Houzhuang Rd., Simin Vil., Beitun Dist., Taichung City 40679, Taiwan (R.O.C.)","黃O寬","04-24227390","","無","無"
"45841936","20200110","20210811","甄叔迦行","JANSOGA CO.","臺中市西區民生里建國路６５巷５號２樓","2 F., No. 5, Ln. 65, Jianguo Rd., Minsheng Vil., West Dist., Taichung City 40341, Taiwan (R.O.C.)","林O怡","0921401819","","有","有"
"45842098","20200723","20210812","更威行","QUEEN WAY CO.","臺中市西屯區上德里弘孝路45巷31號5樓","5 F., No. 31, Ln. 45, Hongxiao Rd., Shangde Vil., Xitun Dist., Taichung City 40757, Taiwan (R.O.C.)","謝O穎","04-24526349","","無","無"
"45842512","20170210","20210811","翔賀食品機械行","SHIANG HE FOOD MACHINERY CO.","臺中市西屯區西平里西安街277巷27之5號1樓","1 F., No. 27-5, Ln. 277, Xi’an St., Xiping Vil., Xitun Dist., Taichung City 40741, Taiwan (R.O.C.)","吳O原","04-27012929","04-27018785","有","有"
"45842885","20140626","20210812","晨竹企業社","CHENGHU COMPANY","臺中市梧棲區頂寮里四維西路２８號","No. 28, Siwei W. Rd., Dingliao Vil., Wuqi Dist., Taichung City 43542, Taiwan (R.O.C.)","王O林","04-26566699","","有","有"
"45843049","20091103","20210812","好康生物科技社","HAO KANG BIOTECHNOLOGY CO.","臺中市南區工學里文心南１０路１８１號１樓","1 F., No. 181, Wenxin S. 10th Rd., Gongxue Vil., South Dist., Taichung City 40256, Taiwan (R.O.C.)","邱O灯","04-22628306","04-22616787","有","有"
"45843857","20190517","20210811","有觀藝術美學工作室","ABOUT ART AESTHETICS STUDIO","臺中市西區公舘里懷寧街１０８之１號１樓","1 F., No. 108-1, Huaining St., West Dist., Taichung City 40343, Taiwan (R.O.C.)","劉O櫻","04-23760288","04-23762533","有","有"
"45844814","20091123","20210811","洲益商行","ZHOU YI SHANG HANG CO.","臺中市南屯區大同里大進街67號1樓","1 F., No. 67, Dajin St., Datong Vil., Nantun Dist., Taichung City 40864, Taiwan (R.O.C.)","洪O凱","04-24717723","","有","有"
"45845383","20190314","20210811","山大王視覺藝術坊","STW Art Workshop","臺中市南屯區南屯里萬和路二段31-27號1樓","1 F., No. 31-27, Sec. 2, Wanhe Rd., Nantun Vil., Nantun Dist., Taichung City 40863, Taiwan (R.O.C.)","李O儀","04-23817776","04-23818622","有","有"
"45845449","20100107","20230201","裕鴻汽車配件行","YU HUNG AUTO PARTS CO.","臺中市南區崇倫里忠明南路730巷56-1號1樓","1 F., No. 56-1, Ln. 730, Zhongming S. Rd., Chonglun Vil., South Dist., Taichung City 402020, Taiwan (R.O.C.)","蔡O珠","04-22632330","","有","有"
"45845686","20101005","20241129","大觀空間設計工作室","DAGUAN SPACE DESIGN STUDIO","臺中市南屯區黎明里懷德街63巷20號1樓","1 F., No. 20, Ln. 63, Huaide St., Liming Vil., Nantun Dist., Taichung City 408013, Taiwan (R.O.C.)","張OO","04-22555671","04-22545281","有","有"
"45847559","20230525","20250321","維豐工程行","Weifang ENGINEERING Company","臺中市西屯區林厝里福雅路482巷38號1樓","1 F., No. 38, Ln. 482, Fuya Rd., Lincuo Vil., Xitun Dist., Taichung City 407008, Taiwan (R.O.C.)","朱O明","04-24637060","","有","有"
"45848918","20101221","20230108","中台國際貿易企業社","J.S.T.F. CHINA-TAIWAN INTERNATIONAL TRADE COMPANY","臺北市信義區松隆路125號5樓之11","5 F.-11, No. 125, Songlong Rd., Xinyi Dist., Taipei City 110059, Taiwan (R.O.C.)","徐O宜","02-27530156","02-27530156","無","無"
"45852089","20180327","20210811","通陞汽車材料行","TS AUTO PARTS CO.","臺中市南區長榮里有恆街98巷6號1樓","1 F., No. 6, Ln. 98, Youheng St., Changrong Vil., South Dist., Taichung City 40251, Taiwan (R.O.C.)","賴O秀枝","04-22208878","04-22200284","有","有"
"45853989","20140624","20210812","兆瑩服飾精品店","JOINDRE BOUTIQUE","臺中市南屯區豐樂里文心南五路一段３２１之１號","No. 321-1, Sec. 1, Wenxin S. 5th Rd., Fengle Vil., Nantun Dist., Taichung City 40855, Taiwan (R.O.C.)","袁O暉","0424719763","0424719736","有","有"
"45854586","20191205","20240131","加樂世創意展演企業行","GALAXY YANG CO.","臺中市西區美村路一段632號3樓","3 F., No. 632, Sec. 1, Meicun Rd., West Dist., Taichung City 403029, Taiwan (R.O.C.)","楊O良","0936-303933","","有","有"
"45854609","20210317","20221221","大瑪企業社","DAMAR COMPANY","臺中市西屯區何安里青海路一段51號1樓","1 F., No. 51, Sec. 1, Qinghai Rd., He’an Vil., Xitun Dist., Taichung City 407053, Taiwan (R.O.C.)","簡O庭","0978-873701","","有","有"
"45855895","20121109","20220811","綠探險潛水用品社","GREEN ADVENTURES SCUBA EVERYTHING CO.","臺中市西屯區逢甲里寶慶街50巷6之2號12樓之3","12 F.-3, No. 6-2, Ln. 50, Baoqing St., Fengjia Vil., Xitun Dist., Taichung City 407414, Taiwan (R.O.C.)","甘O虎","0972-065479","04-26575516","無","無"
"45856590","20110411","20221123","諭竑行","YU HUNG CO.","臺中市北屯區平昌里昌平路一段93之10號2樓","2 F., No. 93-10, Sec. 1, Changping Rd., Pingchang Vil., Beitun Dist., Taichung City 406021, Taiwan (R.O.C.)","李O賢","04-22478393","04-22476138","有","有"
"45858062","20110509","20210812","寶輩商店","BABYSHOPPING COMPANY","臺中市北區立人里北平四街51號","No. 51, Beiping 4th St., Liren Vil., North Dist., Taichung City 40460, Taiwan (R.O.C.)","蔡O豐","04-26222056","","有","有"
"45858345","20210602","20210812","金羽翔鳳洋行","Jin Yu Xiang Feng COMPANY","臺中市西屯區何成里大恩街8號","No. 8, Da’en St., Hecheng Vil., Xitun Dist., Taichung City 40758, Taiwan (R.O.C.)","陳O文","0935680422","","有","有"
"45858387","20230504","20230505","連展機電工程行","Lianzhan Electrical and Mechanical Engineering CO.","臺中市西屯區潮洋里朝馬六街２５號１樓","1 F., No. 25, Chaoma 6th St., Chaoyang Vil., Xitun Dist., Taichung City 407027, Taiwan (R.O.C.)","曾O蓮","(04)22522051","(04)22522053","有","有"
"45858393","20100618","20210812","加利利國際興業社","CALILY INTERNATIONAL CO.","臺中市南屯區大興里永春東路112號1樓","1 F., No. 112, Yongchun E. Rd., Daxing Vil., Nantun Dist., Taichung City 40855, Taiwan (R.O.C.)","李O芳","04-24712069","04-24716600","有","有"
"45858485","20180628","20210811","電男藝術工作室","FVA STUDIO","臺中市南區仁和路２０９之３號４樓","4 F., No. 209-3, Renhe Rd., South Dist., Taichung City 40254, Taiwan (R.O.C.)","林O榮","04-22807732","","有","有"
"45858540","20100727","20210811","詮德企業社","CHUAN DE COMPANY","臺中市大里區西榮里德芳路一段８２巷８１號１樓","1 F., No. 81, Ln. 82, Sec. 1, Defang Rd., Xirong Vil., Dali Dist., Taichung City 41246, Taiwan (R.O.C.)","陳O利","0981-232523","","有","有"
"45859111","20100617","20230207","賓騰國際企業社","TOUCH EASY ENTERPRISE CO.","臺中市西區公舘里三民西路116巷16號2樓","2F., No. 16, Ln. 116, Sanmin W. Rd., Gongguan Vil., West Dist.,  Taichung City 403028, Taiwan (R.O.C.)","李O凱","0423751677","","無","無"
"45861432","20101014","20240724","泓富食品行","HOM-FU FOOD COMPANY","臺中市南屯區南屯里永春東路1122號","No. 1122, Yongchun E. Rd., Nantun Vil., Nantun Dist., Taichung City 408010, Taiwan (R.O.C.)","陳O縉","04-23103090","04-23103087","有","有"
"45861593","20141030","20230119","格瑞企業社","GREY CO.","臺中市西屯區何源里重慶路322號14樓之3","14 F.-3, No. 322, Chongqing Rd., Heyuan Vil., Xitun Dist., Taichung City 407395, Taiwan (R.O.C.)","林O安","0930926681","","無","無"
"45861622","20100727","20210811","達鼎企業商行","MAGEAR ENTERPRISE CO.","臺中市北區六合里臺灣大道一段６５２號２樓","2 F., No. 652, Sec. 1, Taiwan Blvd., Liuhe Vil., North Dist., Taichung City 40443, Taiwan (R.O.C.)","宋O如","04-22216863","04-22262226","有","有"
"45862191","20201008","20210812","維佳斯精品店","VEGAS VOGUE DESIGN CO.","臺中市西屯區逢福里逢甲路19巷17之5號1樓","1 F., No. 17-5, Ln. 19, Fengjia Rd., Fengfu Vil., Xitun Dist., Taichung City 40742, Taiwan (R.O.C.)","侯O菁","0923-328011","","有","有"
"45862235","20200428","20210812","苙媞企業社","XINJIER COMPANY","臺中市大肚區自強里中沙路１６４巷３弄１０５－１號","No. 105-1, Aly. 3, Ln. 164, Zhongsha Rd., Ziqiang Vil., Dadu Dist., Taichung City 43250, Taiwan (R.O.C.)","吳O雲","04-24617287","04-24617236","有","有"
"45865394","20180302","20210811","大鳥摩哆實業社","ootori racing industry clubs","臺中市烏日區榮泉里環河路五段２７２號４樓之２","4F.-2, No. 272, Sec. 5, Huanhe Rd., Rongquan Vil., Wuri Dist., Taichung City 41454, Taiwan (R.O.C.)","李O叡","04-23596300","04-23596062","有","有"
"45865438","20130913","20210812","上維行","SHANG WET HANG","臺中市南屯區同心里大英西一街18號1樓","1 F., No. 18, Daying W. 1st St., Tongxin Vil., Nantun Dist., Taichung City 40878, Taiwan (R.O.C.)","林O萍","04-24758383","","有","有"
"45865535","20231027","20231027","修易五金商行","Xiu Yi Hardware Shop","臺中市西屯區廣福里中清路三段４２３號","No. 423, Sec. 3, Zhongqing Rd., Guangfu Vil., Xitun Dist., Taichung City 407012, Taiwan (R.O.C.)","張O邦","0912110551","","有","有"
"45866387","20100930","20241207","拓展國際貿易社","TAKUTEN INTERNATIONAL TRADE CO.","臺中市大雅區雅楓里民生路3段３６巷２０弄９號","No. 9, Aly. 20, Ln. 36, Sec. 3, Minsheng Rd., Yafeng Vil., Daya Dist., Taichung City 428013, Taiwan (R.O.C.)","宋O豪","04-24635211","04-24635236","有","有"
"45866957","20180822","20210811","大鼻子樂器店","BIG NOSE GUITAR HOUSE","臺中市南屯區惠中里文心路一段416號1樓","1 F., No. 416, Sec. 1, Wenxin Rd., Huizhong Vil., Nantun Dist., Taichung City 40862, Taiwan (R.O.C.)","陳O瑋","04-23261099","","有","有"
"45867105","20230621","20230621","自由心苑工作室","Free Heart Garden Workshop","臺中市西區吉龍里五權七街１２３號３樓之１","3 F.-1, No. 123, Wuquan 7th St., Jilong Vil., West Dist., Taichung City 403619, Taiwan (R.O.C.)","顏O如","0952696359","","有","有"
"45867457","20150205","20210811","百禾源資訊坊","BUYERYES INFORMATION COMPANY","臺中市西屯區何成里大容東街６６號４樓","4 F., No. 66, Darong E. St., Hecheng Vil., Xitun Dist., Taichung City 40758, Taiwan (R.O.C.)","謝O潤","0935724978","04-22217049","有","有"
"45867702","20170814","20230922","瑋寶商行","WEIPO CO.","臺中市北屯區后庄里敦化路一段658號4樓","4 F., No. 658, Sec. 1, Dunhua Rd., Houzhuang Vil., Beitun Dist., Taichung City 406037, Taiwan (R.O.C.)","廖O瑋","04-24251677","","有","有"
"45868006","20210421","20241218","上宏織品家飾行","SUN-HOME TEXTILES  HANG","臺中市西屯區長安路二段72號1樓","1 F., No. 72, Sec. 2, Chang'an Rd., Xitun Dist., Taichung City 407048, Taiwan (R.O.C.)","陳O尹","04-22988986","04-22988996","有","有"
"45869188","20160719","20210811","峰田創意行銷社","FONG TIAN COMPANY","臺中市南區南門里忠明南路1216號3樓","3 F., No. 1216, Zhongming S. Rd., Nanmen Vil., South Dist., Taichung City 40249, Taiwan (R.O.C.)","蔡O蕎","04-24820216","04-24821195","有","有"
"45869384","20220225","20220225","泰佛聖殿飾品店","taifoshengdian shop","臺中市西區忠誠里精誠路21號之2,1樓","1 F., No. 21-2, Jingcheng Rd., Zhongcheng Vil., West Dist., Taichung City 40352, Taiwan (R.O.C.)","莊O恩","04-23272250","","有","有"
"45869461","20110511","20210812","禾瑞堂商號","HE RUEI TANG ENTERPRISE CO.","臺中市大里區大明里東興路４９巷２號５樓","5 F., No. 2, Ln. 49, Dongxing Rd., Daming Vil., Dali Dist., Taichung City 41266, Taiwan (R.O.C.)","李O枝","04-23501632","04-24822305","有","有"
"45869477","20120419","20210811","品思工作室","DPMIND LEARNING CENTRES STUDIO","臺中市西區土庫里五權西路一段２１１號１２樓之５","12F.-5, No. 211, Sec. 1, Wuquan W. Rd., Tuku Vil., West Dist., Taichung City 40347, Taiwan (R.O.C.)","陳O璧","04-23723307","04-23723407","有","有"
"45869574","20101115","20210811","厚達企業商行","HAYDEN ENTERPRISE CO.","臺中市中區光復里臺灣大道一段３１８號１樓","1 F., No. 318, Sec. 1, Taiwan Blvd., Guangfu Vil., Central Dist., Taichung City 40044, Taiwan (R.O.C.)","李O萍","04-22216863","04-22262226","有","有"
"45871023","20101227","20210811","凱駿科技商行","KUOCHUN GUANG TECHNOLOGY CO.","臺中市西屯區何源里成都路216號4樓之3","4F.-3, No. 216, Chengdu Rd., Heyuan Vil., Xitun Dist., Taichung City 40751, Taiwan (R.O.C.)","郭O勇","07010755531","","有","有"
"45871810","20140813","20210812","山鼎企業社","SHAN DIING COMPANY","臺中市西屯區西安里光明路52-25號3樓之1","3F.-1, No. 52-25, Guangming Rd., Xi’an Vil., Xitun Dist., Taichung City 40757, Taiwan (R.O.C.)","陳O宏","0933271006","24625799","有","有"
"45871966","20110217","20210811","駿歐行","G-O CO.","臺中市北區賴厝里漢口路四段68號11樓之1","11F.-1, No. 68, Sec. 4, Hankou Rd., Laicuo Vil., North Dist., Taichung City 40448, Taiwan (R.O.C.)","歐O文淑","04-23600918","","有","有"
"45872389","20110125","20210812","大晴商行","JARDIN DE BONBONMISHA CO.","臺中市西區土庫里五權西五街20巷6號1樓","1 F., No. 6, Ln. 20, Wuquan W. 5th St., Tuku Vil., West Dist., Taichung City 40348, Taiwan (R.O.C.)","陳O晴","04-24874720","","有","有"
"45873508","20141225","20210812","東鍵企業社","DUNG JIAN ENTERPRISE HANG","臺中市西區中興里向上北路175號3樓之3","3F.-3, No. 175, Xiangshang N. Rd., Zhongxing Vil., West Dist., Taichung City 40351, Taiwan (R.O.C.)","謝O政","04-23367918","04-23361890","有","有"
"45873676","20110114","20210811","永朋企業社","YONG PONG COMPANY","臺中市大里區新里里爽文路476號1樓","1 F., No. 476, Shuangwen Rd., Xinli Vil., Dali Dist., Taichung City 41283, Taiwan (R.O.C.)","廖O琪","04-24070981","04-24071592","有","有"
"45873726","20151222","20210811","鋒煬企業社","FULL YOUNG ENTERPRISE CO.","臺中市后里區墩東里文明路31巷6弄28號1樓","1 F., No. 28, Aly. 6, Ln. 31, Wenming Rd., Dundong Vil., Houli Dist., Taichung City 42149, Taiwan (R.O.C.)","張O偉","037-743899","037-743010","有","有"
"45873922","20110211","20221129","九紘企業社","JOHON FITNESS CO.","臺中市外埔區大同里甲后路三段９９２巷１號","No. 1, Ln. 992, Sec. 3, Jiahou Rd., Datong Vil., Waipu Dist., Taichung City 438023, Taiwan (R.O.C.)","林O輝","04-26805699","04-26805699","有","有"
"45874062","20140103","20210811","同偕中藥房","EVERISE STORE","臺中市清水區國姓里中央北路10-62號","No. 10-62, Zhongyang N. Rd., Guoxing Vil., Qingshui Dist., Taichung City 43644, Taiwan (R.O.C.)","王O榮","04-26267926","04-26267906","有","有"
"45874507","20180601","20230430","山中山音樂工作室","VTMM Co.","臺中市南屯區大業里大墩十一街170號8樓","8 F., No. 170, Dadun 11th St., Daye Vil., Nantun Dist., Taichung City 408031, Taiwan (R.O.C.)","杜O哲","0938511343","","無","無"
"45876006","20220906","20220906","金順利科技有限公司","CHIN SHUN LI TECHNOLGY CO., LTD","臺中市清水區西社里鎮新南路160號","No. 160, Zhenxin S. Rd., Xishe Vil., Qingshui Dist., Taichung City 436108, Taiwan (R.O.C.)","林O森","04-26262356","04-26265189","有","有"
"45876060","20180205","20250305","菘明有限公司","SUNG MING CO., LTD.","臺中市西屯區工業區一路6巷12號2樓","9 F., No. 27, Aly. 4, Ln. 160, Sec. 2, Songzhu Rd., Beitun Dist., Taichung City 406506, Taiwan (R.O.C.)","陳O賓","04-36095206","04-25365610","有","有"
"45876322","20160512","20210815","德僑企業有限公司","STREBEN INDUSTRIAL CO., LTD.","臺中市豐原區中興里大明路236巷29號10樓","10 F., No. 29, Ln. 236, Daming Rd., Zhongxing Vil., Fengyuan Dist., Taichung City 42047, Taiwan (R.O.C.)","王O方","04-25611921","04-25611920","有","有"
"45876364","20160531","20210814","天玄商業顧問有限公司","TX BUSINESS CONSULTANTS LIMITED","臺中市南區福平里復興路二段137之1號4樓","4 F., No. 137-1, Sec. 2, Fuxing Rd., Fuping Vil., South Dist., Taichung City 40252, Taiwan (R.O.C.)","陳O樂","04-22602602","04-22602603","有","有"
"45876420","20160527","20210815","貴群峰威有限公司","ROSSOFRAME CO., LTD.","臺中市南屯區大墩四街399號1樓","1 F., No. 399, Dadun 4th St., Nantun Dist., Taichung City 40867, Taiwan (R.O.C.)","李O威","04-23893992","","有","有"
"45876532","20160519","20230716","康澤貿易有限公司","KONQUER INTERNATIONAL TRADING CO., LTD.","臺中市西區安龍里梅川西路一段63號1樓","1 F., No. 63, Sec. 1, Meichuan W. Rd., Anlong Vil., West Dist., Taichung City 403010, Taiwan (R.O.C.)","黃O倫","0919-085929","","無","無"
"45876596","20160530","20210813","元鈜興業有限公司","YENHONG DEVELOP CO., LTD.","臺中市西區後龍里民權路312巷2號7樓之1","7F.-1, No. 2, Ln. 312, Minquan Rd., Houlong Vil., West Dist., Taichung City 40341, Taiwan (R.O.C.)","林O森","04-22303018","","有","有"
"45876651","20161128","20210814","全成鑫鞋業有限公司","CHUAN CHENG HSIN INTERNATIONAL CO., LTD.","臺中市神岡區神岡里中正南街100號1樓","1 F., No. 100, Zhongzheng S. St., Shengang Vil., Shengang Dist., Taichung City 42955, Taiwan (R.O.C.)","陳O敬","04-25629655","","有","有"
"45876667","20171130","20240629","鉤端生物科技有限公司","Lepto Biotech Pte Ltd.","臺北市士林區美崙街45號1樓","1 F., No. 45, Meilun St., Shilin Dist., Taipei City 111043, Taiwan (R.O.C.)","謝O珊","0978476206","","有","有"
"45876792","20160613","20211103","世荺貿易有限公司","CHEN HAN INTERNATIONAL LTD.","臺中市南屯區大業里大業路185號","No. 185, Daye Rd., Daye Vil., Nantun Dist., Taichung City 40848, Taiwan (R.O.C.)","陳O翰","0986117070","","有","有"
"45876842","20160524","20230111","晉衍有限公司","LINE UP GUO JI KAI FA CO., LTD.","臺中市大里區新里里爽文路426號1樓","1 F., No. 426, Shuangwen Rd., Xinli Vil., Dali Dist., Taichung City 412021, Taiwan (R.O.C.)","賴O󻼴","04-24066317","04-24076809","有","有"
"45876857","20210806","20210815","享樂觀光產業有限公司","MODEO MANAGEMENT COMPANY LIMITED","臺中市中區光復路169之1號","No. 169-1, Guangfu Rd., Central Dist., Taichung City 40045, Taiwan (R.O.C.)","LOMYUET","04-22291689","04-22298689","有","有"
"45876929","20200514","20210815","金豐昱投資有限公司","Golden harvest investment company","臺中市南屯區永春東一路707之1號1樓","1 F., No. 707-1, Yongchun E. 1st Rd., Nantun Dist., Taichung City 40877, Taiwan (R.O.C.)","申O尹","04-23553779","","有","有"
"45877027","20200316","20250312","提攜艾森斯股份有限公司","TC ESSENCE CO., LTD.","臺中市西區忠明南路237號9樓之1","9 F.-1, No. 237, Zhongming S. Rd., Gongyi Vil., West Dist., Taichung City 403021, Taiwan (R.O.C.)","趙O凡","04-37077039","","有","有"
"45877080","20160718","20210815","鈦田科技有限公司","TITANIUM TECHNOLOGY CO., LTD.","臺中市北區崇德里太原路三段86號4樓之2","4F.-2, No. 86, Sec. 3, Taiyuan Rd., Chongde Vil., North Dist., Taichung City 40465, Taiwan (R.O.C.)","李O陞","04-22341003","","有","有"
"45877096","20180717","20220920","泓德能源科技股份有限公司","HD Renewable Energy Co., Ltd.","臺北市士林區德行西路35號5樓","5 F., No. 35, Dexing W. Rd., Shilin Dist., Taipei City 111046, Taiwan (R.O.C.)","謝O一","04-22558858","04-22555319","有","有"
"45877146","20180919","20220715","樂覓活動企劃有限公司","Miracle Wedding Consulting Co., Ltd.","臺中市北區五常街261巷6號1樓","1 F., No. 6, Ln. 261, Wuchang St., North Dist., Taichung City 40447, Taiwan (R.O.C.)","戴O蘊","(04)2225-2885","","有","有"
"45877188","20160919","20230118","崇隆工貿有限公司","CHONG LONG INDUSTRY TRADING COMPANY LTD.","臺中市北區天祥街228之10號1樓","1 F., No. 228-10, Tianxiang St., North Dist., Taichung City 404418, Taiwan (R.O.C.)","賴O坡","04-22361150","04-22368607","有","有"
"45877271","20161117","20210813","上億科技開發有限公司","SYT TECHNOLOGY CO., LTD.","臺中市大里區中新里新生路171巷50號1樓","1 F., No. 50, Ln. 171, Xinsheng Rd., Zhongxin Vil., Dali Dist., Taichung City 41270, Taiwan (R.O.C.)","楊O威","0905087285","04-24830382","有","有"
"45877292","20180619","20210814","喆米餐飲有限公司","Foison Catering Co., Ltd.","臺中市西區土庫里五權一街63之2號2樓","2 F., No. 63-2, Wuquan 1st St., Tuku Vil., West Dist., Taichung City 40348, Taiwan (R.O.C.)","林O珍","04-23711798","04-23754112","有","有"
"45877309","20191211","20210814","安藝資訊股份有限公司","AN-E Information Ltd.","臺中市北區賴村里學士路257號10樓","10 F., No. 257, Xueshi Rd., Laicun Vil., North Dist., Taichung City 40454, Taiwan (R.O.C.)","賴O安","04-23059666#26","","有","有"
"45877321","20171016","20221030","雙源宏有限公司","DOUBLE FOUNTAINS CO., LTD","臺中市新社區永源里水井街181巷30號","No. 30, Ln. 181, Shuijing St., Yongyuan Vil., Xinshe Dist., Taichung City 426018, Taiwan (R.O.C.)","詹O杰","04-25816896","04-25811855","無","無"
"45877336","20160929","20220407","昂星企業有限公司","I CLIMB SAFETY CO., LTD.","臺中市清水區秀水里五權南路157號1樓","1 F., No. 157, Wuquan S. Rd., Xiushui Vil., Qingshui Dist., Taichung City 43648, Taiwan (R.O.C.)","蕭O文","04-26395225","","有","有"
"45877357","20160616","20210813","明濟企業有限公司","MING JE ENETERPRISE CO., LTD.","臺中市霧峰區吉峰里吉峰西路19巷3號1樓","1 F., No. 3, Ln. 19, Jifeng W. Rd., Jifeng Vil., Wufeng Dist., Taichung City 41349, Taiwan (R.O.C.)","游O謙","0930853701","","有","有"
"45877384","20160518","20220126","清植國際有限公司","YEONG LONG INTERNATIONAL CO., LTD.","高雄市鳥松區松埔路65號1樓","1 F., No. 65, Songpu Rd., Niaosong Dist., Kaohsiung City 83350, Taiwan (R.O.C.)","楊O瑞","0953-168695","","無","無"
"45877477","20160614","20210814","澳斯漢璽國際股份有限公司","AUSSIE HARVEST INTERNATIONAL PTE. LTD.","臺中市石岡區萬安里仁愛街11號","No. 11, Ren’ai St., Wan’an Vil., Shigang Dist., Taichung City 42261, Taiwan (R.O.C.)","陳O芳","0926234018","","有","有"
"45877498","20160705","20230817","重星戰略企劃有限公司","We's Star Ltd.","臺中市大雅區大雅路28號1樓","1 F., No. 28, Daya Rd., Daya Dist., Taichung City 42857, Taiwan (R.O.C.)","林O倫","0921653120","","有","有"
"45877526","20160530","20210814","盛沛生醫有限公司","Sunpeace Biomedicine Co., Ltd","臺中市西區和龍里臺灣大道二段101號11樓","11 F., No. 101, Sec. 2, Taiwan Blvd., Helong Vil., West Dist., Taichung City 40354, Taiwan (R.O.C.)","李O哲","04-22012800","04-22010089","有","有"
"45877547","20200806","20250419","獅子王國際有限公司","LIONSKING TECHNOLOGY LIMITED","臺中市烏日區九德里長春街583巷46號1樓","1 F., No. 46, Ln. 583, Changchun St., Jiude Vil., Wuri Dist., Taichung City 414006, Taiwan (R.O.C.)","李O娟","04-22651965#210","04-22651995","有","有"
"45877568","20160520","20210813","電舒通實業有限公司","DANSTON ENTERPRISE CO., LTD.","臺中市大雅區永和路文雅巷4號1樓","1 F., No. 4, Wenya Ln., Yonghe Rd., Daya Dist., Taichung City 42877, Taiwan (R.O.C.)","陳O春綢","04-22622348","04-22622349","有","有"
"45877589","20160621","20210815","台灣百特進出口貿易有限公司","TAIWAN BAITE IMPORT AND EXPORT TRADE CO., LTD.","新北市汐止區樟樹一路151巷4號","No. 4, Ln. 151, Zhangshu 1st Rd., Xizhi Dist., New Taipei City 22147, Taiwan (R.O.C.)","余O貴美","0913-757573","","無","無"
"45877595","20180207","20220903","瑋思創意有限公司","CCP Metal Print Studio Ltd.","臺中市西區土庫里30鄰存中街9之2號4樓","4 F., No. 9-2, Cunzhong St., 30th Neighborhood, Tuku Vil., West Dist., Taichung City 403011, Taiwan (R.O.C.)","趙O瑋","04-23752919","04-23751222","有","有"
"45877618","20180111","20230717","宇泰億科技有限公司","UTY TECHNOLOGIES INT'L CORP.","臺中市外埔區中山里中山路456巷29號1樓","1 F., No. 29, Ln. 456, Zhongshan Rd., Zhongshan Vil., Waipu Dist., Taichung City 438020, Taiwan (R.O.C.)","陳O","03-5506360","03-6582871","無","無"
"45877645","20161124","20210814","日桓國際貿易有限公司","RI HUAN INTERNATIONAL TRADING COMPANY","臺中市豐原區豐田里豐原大道三段239巷58號1樓","1 F., No. 58, Ln. 239, Sec. 3, Fengyuan Blvd., Fengtian Vil., Fengyuan Dist., Taichung City 42055, Taiwan (R.O.C.)","謝O彣","04-22585520","04-22585519","無","無"
"45877666","20180427","20230204","皓偉國際有限公司","Hao Wei SA Co., Ltd.","臺中市沙鹿區居仁里臺灣大道七段990號1樓","1 F., No. 990, Sec. 7, Taiwan Blvd., Juren Vil., Shalu Dist., Taichung City 433015, Taiwan (R.O.C.)","洪O龍","0984-200841","","有","有"
"45877693","20160530","20230314","愛瑞克國際興業股份有限公司","AI RUI KE CO., LTD.","臺中市霧峰區甲寅里自強路56號","No. 56, Ziqiang Rd., Jiayin Vil., Wufeng Dist., Taichung City 413006, Taiwan (R.O.C.)","洪O送","04-23390798","04-23308690","有","有"
"45877743","20160929","20210815","軒韜實業有限公司","SAN TOWER INDUSTRIAL CO., LTD.","臺中市梧棲區福德里忠孝街5號2樓","2 F., No. 5, Zhongxiao St., Fude Vil., Wuqi Dist., Taichung City 43550, Taiwan (R.O.C.)","許O雯","0966716781","04-26301575","有","有"
"45877770","20160525","20230111","馬那瓜有限公司","LA BONNE MERE CO., LTD.","臺中市北屯區平安里文心路四段750號地下室之一、752號地下室","No. 752, Rm. 1, -1, No. 750, Sec. 4,  Wenxin Rd., Ping'an Vil., Beitun Dist.,  Taichung City 406505, Taiwan (R.O.C.)","伯O司","0930180927","","有","有"
"45877785","20160621","20210813","凱聖電機有限公司","KAY SAINT CO., LTD.","臺中市大肚區大東里自由路123號1樓","1 F., No. 123, Ziyou Rd., Dadong Vil., Dadu Dist., Taichung City 43252, Taiwan (R.O.C.)","周O進","04-26999567","","有","有"
"45877835","20170331","20240601","祺聖科技有限公司","GREEN STANDARD TECHNOLOGY CO., LTD.","臺中市豐原區西湳里豐洲路123巷4號","No. 4, Ln. 123, Fengzhou Rd., Xinan Vil., Fengyuan Dist., Taichung City 42044, Taiwan (R.O.C.)","","04-25633297","04-25623295","無","無"
"45877899","20160614","20210814","蓁旺國際有限公司","CHENG WANG INTERNATIONAL CO., LTD.","臺中市北屯區和祥五街121號","No. 121, Hexiang 5th St., Beitun Dist., Taichung City 40663, Taiwan (R.O.C.)","洪O祥","04-24363708","04-24362914","有","有"
"45877997","20160606","20210813","昕立精密有限公司","SYNIC PRECISION CO., LTD.","臺中市霧峰區北勢里中投西路二段48號1樓","1 F., No. 48, Sec. 2, Zhongtou W. Rd., Beishi Vil., Wufeng Dist., Taichung City 41355, Taiwan (R.O.C.)","洪O恩","","","有","有"
"45878052","20160601","20250426","韓果兒國際貿易有限公司","SEJUN INTERNATIONAL LTD.","新北市新店區安興路127之13號8樓","8 F., No. 127-13, Anxing Rd., Xindian Dist., New Taipei City 231066, Taiwan (R.O.C.)","李O婕","0922459350","","有","有"
"45878095","20160815","20230310","臺灣良品購股份有限公司","TAIWAN EXCELLENT PRODUCT SHOPPING CO., LTD.","臺中市西屯區逢甲里寶慶街20號1樓","1 F., No. 20, Baoqing St., Fengjia Vil., Xitun Dist., Taichung City 407038, Taiwan (R.O.C.)","楊O濬","04-23828848","04-23821687","無","無"
"45878145","20170421","20210814","達暉興業有限公司","DA-HUI MEDICAL GROUP CO., LTD.","高雄市楠梓區楠梓路482號1樓","1 F., No. 482, Nanzi Rd., Nanzi Dist., Kaohsiung City 81164, Taiwan (R.O.C.)","郭O川","07-3556366","07-3555506","有","有"
"45878166","20160606","20230629","茂聖貿易有限公司","MOSEN TRADING CO., LTD.","臺中市南區崇倫里崇倫街52之1號","No. 52-1, Chonglun St., Chonglun Vil., South Dist., Taichung City 402028, Taiwan (R.O.C.)","林O堂","04-23781089","","無","無"
"45878200","20190903","20210814","巨若企業有限公司","Juruo Enterprise Co., Ltd.","臺中市清水區清水里中山路37巷32號1樓","1 F., No. 32, Ln. 37, Zhongshan Rd., Qingshui Vil., Qingshui Dist., Taichung City 43653, Taiwan (R.O.C.)","楊O昂","04-26633998","","有","有"
"45878264","20200106","20231118","泓泰鑫貿易有限公司","Hongtai Xin Trade Co., Ltd.","臺中市潭子區甘蔗里興華一路372巷12號","No. 12, Ln. 372, Xinghua 1st Rd., Ganzhe Vil., Tanzi Dist., Taichung City 42757, Taiwan (R.O.C.)","","02-29598090","","無","無"
"45878320","20160523","20210814","盛廣國際有限公司","SHENG KONG INTERNATIONAL CO., LTD.","高雄市大寮區民政街7號1樓","1 F., No. 7, Minzheng St., Daliao Dist., Kaohsiung City 83143, Taiwan (R.O.C.)","許O菀","0975-952457","","有","有"
"45878362","20240916","20240916","國頂科技有限公司","KING DOM ENVIRONMENTAL TECHNOLOGY LTD.","臺中市西區民龍里臺灣大道二段186號24樓之2","24 F.-2, No. 186, Sec. 2, Taiwan Blvd., Minlong Vil., West Dist., Taichung City 403404, Taiwan (R.O.C.)","江O峰","","","有","有"
"45878378","20231011","20240924","全球通國際開發股份有限公司","Milton international development CO., LTD.","臺中市西屯區福安里臺灣大道四段16巷340弄22號1樓","1 F., No. 22, Aly. 340, Ln. 16, Sec. 4, Taiwan Blvd., Fu’an Vil., Xitun Dist., Taichung City 407003, Taiwan (R.O.C.)","周O榛","04-22255577","","有","有"
"45878383","20160603","20230628","彌斯拉生物科技有限公司","MISLLA BIOTECHNOLOGY CO., LTD.","臺中市大雅區三和里建興路155號4樓之2","4 F.-2, No. 155, Jianxing Rd., Sanhe Vil., Daya Dist., Taichung City 428005, Taiwan (R.O.C.)","陳O琦","04-25653069","04-25653079","無","無"
"45878428","20170728","20220827","弘豫科技有限公司","HOUNGYU TECHNOLOGY CO., LTD.","臺中市南區工學里德富路219號4樓之1","4F.-1, No. 219, Defu Rd., Gongxue Vil., South Dist., Taichung City 40256, Taiwan (R.O.C.)","陳O美","04-23292359","04-23292429","有","有"
"45878476","20160711","20210815","瑞仁文化國際有限公司","RUEI REN WEN HUA INTERNATIONAL CO., LTD.","臺中市西屯區何南里大墩二十街118號5樓之1","5F.-1, No. 118, Dadun 20th St., Henan Vil., Xitun Dist., Taichung City 40758, Taiwan (R.O.C.)","莊O雰","","","有","有"
"45878481","20220610","20230426","寬宇實業有限公司","KUANYU INDUSTRY CO., LTD.","臺中市后里區中和里公安路181之1號1樓","1 F., No. 181-1, Gong’an Rd., Zhonghe Vil., Houli Dist., Taichung City 421011, Taiwan (R.O.C.)","王O洲","04-25585178","04-25581693","有","有"
"45878519","20160602","20210814","達斯高有限公司","TADSCO CO., LTD.","臺中市東區樂成里東英二街30巷21號1樓","1 F., No. 21, Ln. 30, Dongying 2nd St., Lecheng Vil., East Dist., Taichung City 40149, Taiwan (R.O.C.)","蔡O貞","0910051773","","有","有"
"45878525","20170518","20220303","晉毅國際有限公司","HERMES & CHIRON INTERNATIONAL CO., LTD.","臺中市潭子區甘蔗里勝利路181號6樓","6 F., No. 181, Shengli Rd., Ganzhe Vil., Tanzi Dist., Taichung City 42750, Taiwan (R.O.C.)","陳O毅","09-38255883","","有","有"
"45878530","20160608","20230111","承邑廣告事業有限公司","I-MA CARE ENTERPRISE CO., LTD.","臺中市南屯區南屯里五權西路二段666號6樓之4","6 F.-4, No. 666, Sec. 2, Wuquan W. Rd., Nantun Vil., Nantun Dist., Taichung City 408282, Taiwan (R.O.C.)","王O霖","04-23159845","","有","有"
"45878551","20160719","20210814","裕發實業有限公司","Y&F HOUSEWARES CO., LTD.","臺中市大肚區中和里興和路72號1樓","1 F., No. 72, Xinghe Rd., Zhonghe Vil., Dadu Dist., Taichung City 43245, Taiwan (R.O.C.)","林O儀","04-26937013","","有","有"
"45878594","20161006","20210813","甲丞實業有限公司","JEA CHENG CHEMICAL INDUSTRY CO., LTD.","臺中市太平區永平里永平路一段105號1樓","1 F., No. 105, Sec. 1, Yongping Rd., Yongping Vil., Taiping Dist., Taichung City 41159, Taiwan (R.O.C.)","徐O森","04-23780359","04-22701403","有","有"
"45878601","20160526","20220929","台冠橡膠製品有限公司","T&G POLYMERIC PRODUCTS CO.,LTD","臺中市北屯區平德里梅川東路四段25號6樓之1","6 F.-1, No. 25, Sec. 4, Meichuan E. Rd., Pingde Vil., Beitun Dist., Taichung City 406026, Taiwan (R.O.C.)","曾O霖","04-23360570","04-23363390","有","有"
"45878638","20160926","20230908","法僑有限公司","ARTEX WEAR CO., LTD.","臺中市南屯區惠中里公益路二段185號14樓之1","14 F.-1, No. 185, Sec. 2, Gongyi Rd., Huizhong Vil., Nantun Dist., Taichung City 408031, Taiwan (R.O.C.)","林O毓","1111111111","","有","有"
"45878659","20160907","20210813","原生油壓機械有限公司","YUAN SHENG HYDRAULICS INDUSTRIAL CO., LTD","臺中市烏日區北里里太明路成豐巷50之36號1樓","1 F., No. 50-36, Chengfeng Ln., Taiming Rd., Beili Vil., Wuri Dist., Taichung City 41468, Taiwan (R.O.C.)","江O麗","04-23605630","04-23605605","有","有"
"45878742","20190320","20221117","蕎生藥品生技有限公司","CHIAO SHENG BIOTECHNOLOGY CO., LTD.","臺中市太平區新高里環中東路三段240號1樓","1 F., No. 240, Sec. 3, Huanzhong E. Rd., Xingao Vil., Taiping Dist., Taichung City 411, Taiwan (R.O.C.)","江O珊","04-22426889","","有","有"
"45878807","20160527","20210812","廣和水產食品有限公司","GUANG HE SEAFOOD CO., LTD.","臺中市北屯區廍子里太順路178號1、2樓","2 F., No. 178, Taishun Rd., Beitun Dist., Taichung City 40661, Taiwan (R.O.C.)","葉O利","04-24372315","04-24379305","有","有"
"45878813","20160601","20210814","炫達科技有限公司","HSUAN TA TECHNOLOGY CO., LTD.","新竹縣湖口鄉中正村中正路二段176號2樓","2 F., No. 176, Sec. 2, Zhongzheng Rd., Hukou Township, Hsinchu County 30343, Taiwan (R.O.C.)","陳O逸","04-25390138","0425393819","有","有"
"45878855","20160527","20210813","台灣多格漫商貿股份有限公司","TAIWAN DOGGYMAN TRADING CO., LTD.","臺中市西屯區朝富路213號23樓之7","23F.-7, No. 213, Chaofu Rd., Xitun Dist., Taichung City 40757, Taiwan (R.O.C.)","林O昌","04-22512289","04-22516111","有","有"
"45878877","20170329","20210813","鑽泰有限公司","DR.SAFE CO., LTD.","臺中市大甲區日南里東二街25號","No. 25, E. 2nd St., Rinan Vil., Dajia Dist., Taichung City 43770, Taiwan (R.O.C.)","許O和","04-26821239","04-26821259","有","有"
"45878882","20191220","20210813","海友資訊股份有限公司","Haiyou Packaging Co., Ltd.","臺中市潭子區東寶里大德一路56號1樓","1 F., No. 56, Dade 1st Rd., Dongbao Vil., Tanzi Dist., Taichung City 42747, Taiwan (R.O.C.)","黃O成","04-25318585","","有","有"
"45878905","20180403","20210814","中崗岩實業有限公司","CHUNG KANG YEN CO., LTD.","臺中市北區建成里東光三街30號2樓","2 F., No. 30, Dongguang 3rd St., Jiancheng Vil., North Dist., Taichung City 40451, Taiwan (R.O.C.)","劉O甫","04-22339697","04-22339297","有","有"
"45878927","20160617","20221231","殷滐國際有限公司","APPO INTERNATIONAL CO., LTD.","臺中市南屯區文心南二路221號9樓","9 F., No. 221, Wenxin S. 2nd Rd., Nantun Dist., Taichung City 408418, Taiwan (R.O.C.)","古O羽","","04-23273577","無","無"
"45878953","20160601","20210814","飾城傢飾藝術有限公司","DECO CITY DECORATION ART CO., LTD.","臺中市北屯區建和路二段166號","No. 166, Sec. 2, Jianhe Rd., Beitun Dist., Taichung City 40642, Taiwan (R.O.C.)","吳O恆","04-24377572","","有","有"
"45879019","20161020","20210815","杰瑪健康管理顧問股份有限公司","GEMMA HEALTH MANAGEMENT CONSULTANTS CO., LTD.","臺中市北屯區仁和里四平路238巷21號地下一樓之8","1F.-8, No. 21, Ln. 238, Siping Rd., Renhe Vil., Beitun Dist., Taichung City 40679, Taiwan (R.O.C.)","陳O凱","04-24719696","04-23233958","有","有"
"45879030","20160621","20210813","宇晴國際貿易有限公司","I AND I INTERNATIONAL CO., LTD.","臺中市太平區宜欣里溪洲路130巷3弄6號","No. 6, Aly. 3, Ln. 130, Xizhou Rd., Yixin Vil., Taiping Dist., Taichung City 41163, Taiwan (R.O.C.)","王O云","0911310292","04-22753287","有","有"
"45879046","20160601","20210813","巍薪實業有限公司","IAN & LUCAS BROTHER INDUSTRIES CO., LTD.","臺中市東區十甲里11鄰旱溪東路一段535號4樓","4 F., No. 535, Sec. 1, Hanxi E. Rd., 11th Neighborhood, Shijia Vil., East Dist., Taichung City 40153, Taiwan (R.O.C.)","許O鐘","0926569216","","有","有"
"45879051","20160530","20210814","叡蒙貿易有限公司","RAYMOND TRADING CO., LTD.","臺中市東區力行路18號1樓","1 F., No. 18, Lixing Rd., East Dist., Taichung City 40142, Taiwan (R.O.C.)","李O如","0930050937","04-23601439","無","無"
"45879186","20170919","20210814","龐怡泰洋行有限公司","PANG YI TAI MATHSON LIMITED LIABILITY COMPANY","臺中市大里區西榮路203號1樓","1 F., No. 203, Xirong Rd., Dali Dist., Taichung City 41253, Taiwan (R.O.C.)","龎O","0975917209","","有","有"
"45879192","20171027","20241030","成澔有限公司","BROTHER TEA CO., LTD.","臺中市神岡區三民路603巷70號1樓","1 F., No. 70, Ln. 603, Sanmin Rd., Shengang Dist., Taichung City 429014, Taiwan (R.O.C.)","白O睿","0923582502","04-25091499","有","有"
"45879242","20220426","20230324","盛華人力顧問股份有限公司","SHENG HUA HUMAN CONSULTING ENTERPRISE CO., LTD.","臺中市西屯區市政北七路186號25樓","25 F., No. 186, Shizheng N. 7th Rd., Xitun Dist., Taichung City 407612, Taiwan (R.O.C.)","林O庸","04-37073280","04-23209878","有","有"
"45879382","20160616","20230314","德凡特未來股份有限公司","PVD PLUS CO., LTD.","臺中市西區忠明南路237號9樓之1","9 F.-1, No. 237, Zhongming S. Rd., West Dist., Taichung City 403021, Taiwan (R.O.C.)","趙O凡","0989864561","","有","有"
"45879469","20160608","20241018","美創電通科技股份有限公司","CREATRONS COMMUNICATIONS TECHNOLOGIES CO., LTD.","臺中市西屯區大鵬里長安路二段153之2號6樓之1","6 F.-1, No. 153-2, Sec. 2, Chang’an Rd., Dapeng Vil., Xitun Dist., Taichung City 407353, Taiwan (R.O.C.)","徐O程","","","無","無"
"45879475","20180806","20231202","榮承實業股份有限公司","Generation Investment Co., LTD","臺中市西屯區臺灣大道四段1140號3樓之2","3F.-2, No. 1140, Sec. 4, Taiwan Blvd., Xitun Dist., Taichung City 40764, Taiwan (R.O.C.)","羅O延","04-22238127","","有","有"
"45879480","20160914","20230620","康儀科技股份有限公司","CONING TECHNOLOGY LIMITED COMPANY","臺中市西屯區工業區七路15號","No. 15, Gongyequ 7th Rd., Xitun Dist., Taichung City 407019, Taiwan (R.O.C.)","鄒O裕","04-23581600","04-23587069","有","有"
"45879496","20180112","20231121","凱麗詩國際有限公司","KAI LISI INTERNATIONAL CO., LTD.","臺中市西屯區至善里逢甲路225巷9號2樓","2 F., No. 9, Ln. 225, Fengjia Rd., Zhishan Vil., Xitun Dist., Taichung City 40744, Taiwan (R.O.C.)","","0912-610337","","無","無"
"45879539","20161201","20210813","藝景林園藝有限公司","E-JING LIN LANDSCAPE CO., LTD","臺中市東勢區茂興里石城街198巷140號1樓","1 F., No. 140, Ln. 198, Shicheng St., Maoxing Vil., Dongshi Dist., Taichung City 42349, Taiwan (R.O.C.)","劉O琦","0973186848","","有","有"
"45879572","20160527","20210815","宮黛科技股份有限公司","GUNGDAI TECHNOLOGY CO., LTD.","臺中市西區公民里五權路2之106號17樓","17 F., No. 2-106, Wuquan Rd., Gongmin Vil., West Dist., Taichung City 40355, Taiwan (R.O.C.)","林O宇","04-23730909","04-23768928","有","有"
"45879587","20160908","20210815","時刻科技股份有限公司","SEEKRTECH CO., LTD.","臺中市西區民龍里臺灣大道二段218號28樓","28 F., No. 218, Sec. 2, Taiwan Blvd., Minlong Vil., West Dist., Taichung City 40354, Taiwan (R.O.C.)","畢O康","04-23015160","","有","有"
"45879616","20180611","20241205","科達事業發展有限公司","KeDa Business Development Co.,Ltd.","臺中市北區進化路577之8號3樓","3 F., No. 577-8, Jinhua Rd., North Dist., Taichung City 404005, Taiwan (R.O.C.)","張O騰","04-23912795","04-23912795","有","有"
"45879622","20170224","20210815","廣泰昇貿易有限公司","QUASCENT TRADING CO., LTD.","臺中市沙鹿區中清路六段161之51號1樓","1 F., No. 161-51, Sec. 6, Zhongqing Rd., Shalu Dist., Taichung City 43346, Taiwan (R.O.C.)","陳O輝","04-26151227","04-26150005","有","有"
"45879643","20160627","20230501","瑞澤行銷整合有限公司","RUEIZE INTERNATIONAL HEALTH COMPANY LIMITED","臺中市南屯區同心里大墩六街193號11樓之6","11 F.-6, No. 193, Dadun 6th St., Tongxin Vil., Nantun Dist., Taichung City 408310, Taiwan (R.O.C.)","蔡O君","0930619800","","無","無"
"45879720","20210105","20230306","酷快訂有限公司","Q-STUDIO CO., LTD","臺中市龍井區龍泉里龍社路17巷25號","No. 25, Ln. 17, Longshe Rd., Longquan Vil., Longjing Dist., Taichung City 434006, Taiwan (R.O.C.)","黃O儀","0921808902","","有","有"
"45879741","20160629","20210814","凱禾工業有限公司","KA HE INDUSTRIAL CO., LTD.","臺中市大雅區員林里大林路172號","No. 172, Dalin Rd., Yuanlin Vil., Daya Dist., Taichung City 42847, Taiwan (R.O.C.)","陳O源","04-25650083","04-25650081","有","有"
"45879762","20160601","20230720","松容有限公司","MATSUYOU CO., LTD.","臺中市太平區永成北路128巷50弄26號1樓","1 F., No. 26, Aly. 50, Ln. 128, Yongcheng N. Rd., Taiping Dist., Taichung City 411025, Taiwan (R.O.C.)","林O豪","04-22731870","","有","有"
"45879799","20161107","20210815","司百加國際貿易股份有限公司","CENTURYPLUS INTERNATIONAL CO., LTD.","臺中市南屯區文心南三路362號","No. 362, Wenxin S. 3rd Rd., Nantun Dist., Taichung City 40855, Taiwan (R.O.C.)","游O堂","04-24720285","","無","無"
"45879812","20160531","20210813","弼得龍有限公司","BTLONG CO., LTD.","臺中市北區錦洲里進化路560號1樓","1 F., No. 560, Jinhua Rd., Jinzhou Vil., North Dist., Taichung City 40450, Taiwan (R.O.C.)","李O哲","04-22309952","","有","有"
"45879897","20170324","20210815","來跨買國際貿易有限公司","LETSCOMEBUY INT'L TRADING CO., LTD.","臺中市太平區長安十一街51巷41號","No. 41, Ln. 51, Chang’an 11th St., Taiping Dist., Taichung City 41168, Taiwan (R.O.C.)","賴O良","04-23930238","","有","有"
"45879926","20160722","20210815","誠恩國際有限公司","GENEPLAS INTERNATIONAL LTD.","臺中市潭子區家興里中山路一段1巷8號1樓","1 F., No. 8, Ln. 1, Sec. 1, Zhongshan Rd., Jiaxing Vil., Tanzi Dist., Taichung City 42755, Taiwan (R.O.C.)","彭O楠","04-23394423","","有","有"
"45879989","20160530","20231025","萬綠農產有限公司","W GREEN AGRITECH CO., LTD.","雲林縣西螺鎮新豐里新吉街58-5號1樓","1 F., No. 58-5, Xinji St., Xinfeng Vil., Xiluo Township, Yunlin County 648106, Taiwan (R.O.C.)","","05-5871198","05-5871198","無","無"
"45880162","20170112","20210814","欣新農生物科技有限公司","XIN XIN NONG BIOTECHNOLOGY CO., LTD.","臺中市大雅區橫山里永和路108之5號1樓","1 F., No. 108-5, Yonghe Rd., Hengshan Vil., Daya Dist., Taichung City 42877, Taiwan (R.O.C.)","王O池","04-26985267","04-26999316","有","有"
"45880233","20221116","20221116","荷野生物科技有限公司","HOYA biotechnology LTD.","臺中市大里區仁化路701巷10號","No. 10, Ln. 701, Renhua Rd., Dali Dist., Taichung City 412035, Taiwan (R.O.C.)","龔O蓉","04-24964161","","有","有"
"45880249","20170620","20210814","祥伸網路行銷有限公司","SIANG SHEN NETWORK MARKETING CO., LTD.","臺中市西屯區福恩里工業區一路96之16號8樓之1","8F.-1, No. 96-16, Gongyequ 1st Rd., Fu’en Vil., Xitun Dist., Taichung City 40767, Taiwan (R.O.C.)","劉O妡","04-23595920","04-23595920","有","有"
"45880281","20160602","20210815","優豐科技有限公司","ULTRASPIN TECHNOLOGY CO., LTD.","臺中市北區雙十路二段42號12樓之2","12F.-2, No. 42, Sec. 2, Shuangshi Rd., North Dist., Taichung City 40455, Taiwan (R.O.C.)","黃O賢","04-7383291","04-7383695","無","無"
"45880368","20160930","20210814","豐悅科技有限公司","FONG YUEN TECHNOLOGY CO., LTD.","臺中市大里區祥興里吉善路15號","No. 15, Jishan Rd., Xiangxing Vil., Dali Dist., Taichung City 41243, Taiwan (R.O.C.)","柳O成","04-22639125","","有","有"
"45880418","20160616","20250204","洋誠國際貿易有限公司","OCEAN BABY INTERNATIONAL CO., LTD.","臺中市南屯區大業路591號1樓","1 F., No. 591, Daye Rd., Nantun Dist., Taichung City 408302, Taiwan (R.O.C.)","車O治","04-23826878","04-23826278","有","有"
"45880445","20160603","20230310","義昌全球有限公司","RELIANCE LINK CO., LTD.","臺中市南屯區惠中里大墩路501號6樓","6 F., No. 501, Dadun Rd., Huizhong Vil., Nantun Dist., Taichung City 408031, Taiwan (R.O.C.)","劉O冶","04-23201818","04-23207373","無","無"
"45880521","20160614","20230317","鼎玖貿易股份有限公司","GOLD WINE TRADE CO., LTD.","臺中市西屯區上安里臺灣大道三段540號11樓之6","11 F.-6, No. 540, Sec. 3, Taiwan Blvd., Shang’an Vil., Xitun Dist., Taichung City 407603, Taiwan (R.O.C.)","陳O維","04-27088787","04-27087799","有","有"
"45880542","20160607","20210815","矽寶國際企業股份有限公司","SHI BOW INTERNATIONAL ENTERPRISE CO., LTD.","臺中市梧棲區草湳里臨港路三段596號1樓","1 F., No. 596, Sec. 3, Lingang Rd., Caonan Vil., Wuqi Dist., Taichung City 43547, Taiwan (R.O.C.)","胡O萍","04-26392111","04-26304016","有","有"
"45880613","20160603","20210814","日昇國際綠能股份有限公司","RI SHENG INTERNATIONAL RENEWABLE LTD.","彰化縣埔鹽鄉南港村埔港路1-11號","No. 1-11, Pugang Rd., Puyan Township, Changhua County 51649, Taiwan (R.O.C.)","林O憶","04-22121096","","有","有"
"45880640","20161121","20230205","富元國際生技股份有限公司","FULL YOUNG INTERNATIONAL BIOTECHNOLOGY CO., LTD.","臺中市西屯區福順路142號1樓","1 F., No. 142, Fushun Rd., Xitun Dist., Taichung City 407004, Taiwan (R.O.C.)","廖O碩","04-23550088","","有","有"
"45880655","20160606","20210815","七色水晶框有限公司","CRYSTALFRAME CO.,LTD","臺中市太平區新興里新興二街130號4樓之1","4F.-1, No. 130, Xinxing 2nd St., Xinxing Vil., Taiping Dist., Taichung City 41180, Taiwan (R.O.C.)","徐O為","04-23960203","","有","有"
"45880780","20160603","20210815","隆泰貿易有限公司","LONG TAI TEXTILE TRADING CO., LTD.","臺中市南屯區豐樂里永春東一路409之1號1樓","1 F., No. 409-1, Yongchun E. 1st Rd., Fengle Vil., Nantun Dist., Taichung City 40877, Taiwan (R.O.C.)","宋O騰","04-23866026","04-23866026","有","有"
"45880830","20161111","20240528","金寶貴金屬股份有限公司","KING’S PRECIOUS METALS CO., LTD.","臺北市中正區重慶南路1段43號6樓","6 F., No. 43, Sec. 1, Chongqing S. Rd., Zhongzheng Dist., Taipei City 10045, Taiwan (R.O.C.)","","0968189533","","無","無"
"45880846","20160621","20210813","居易室內裝修設計工程有限公司","GE INTERIOR DESIGN LTD.","臺中市西屯區福林里西屯路三段159之11巷9弄7號3樓之2","3F.-2, No. 7, Aly. 9, Ln. 159---11, Sec. 3, Xitun Rd., Fulin Vil., Xitun Dist., Taichung City 40763, Taiwan (R.O.C.)","段O愫","04-24522601","04-24522641","有","有"
"45880867","20180926","20221215","台灣西恩西生技股份有限公司","Taiwan C&C Biotech Co., Ltd.","臺中市東區干城里進德路41號2樓","2 F., No. 41, Jinde Rd., Gancheng Vil., East Dist., Taichung City 401004, Taiwan (R.O.C.)","林O伃","04-22114205","04-22121223","無","無"
"45880901","20200803","20210815","敬天尊祖國際顧問有限公司","MANDATE OF HEAVEN CO., LTD.","臺中市太平區興隆路一段180號","No. 180, Sec. 1, Xinglong Rd., Taiping Dist., Taichung City 41164, Taiwan (R.O.C.)","李O銘","04-22776281","","有","有"
"45880917","20181127","20240524","達莉事業股份有限公司","DALI Property Enterprise Co.,Ltd","臺中市西屯區朝富路213號17樓之3","17 F.-3, No. 213, Chaofu Rd., Xitun Dist., Taichung City 407609, Taiwan (R.O.C.)","簡O任","04-22528528","04-22528228","有","有"
"45880944","20240604","20250204","傑諾森有限公司","Ganorson CO., LTD.","臺中市西屯區環中路二段856之2號1樓","1 F., No. 856-2, Sec. 2, Huanzhong Rd., Xitun Dist., Taichung City 407011, Taiwan (R.O.C.)","蔡O鈞","","","有","有"
"45880971","20200714","20241022","元心建材興業有限公司","YES BM ENTERPRISE CO.","臺中市北屯區松竹路三段660號","No. 660, Sec. 3, Songzhu Rd., Beitun Dist., Taichung City 406043, Taiwan (R.O.C.)","賴O穎","04-23129955","04-23120033","有","有"
"45881107","20160628","20210815","醫安生醫科技股份有限公司","MEDICURE BIOMEDICAL TECHNOLOGY LTD.","臺中市西區公正里精誠路260號2樓","2 F., No. 260, Jingcheng Rd., Gongzheng Vil., West Dist., Taichung City 40356, Taiwan (R.O.C.)","洪O吉","","","有","有"
"45881113","20160624","20230221","百百同國際股份有限公司","BUY BUY TONG INTERNATIONAL CO., LTD.","臺中市北屯區水景里東山路一段191之2號3樓","3 F., No. 191-2, Sec. 1, Dongshan Rd., Shuijing Vil., Beitun Dist., Taichung City 406011, Taiwan (R.O.C.)","周O諭","04-24362835","","無","無"
"45881155","20160604","20230425","領航海運股份有限公司","LIGHTHOUSE MARINE CORP.","臺中市梧棲區頂寮里臨港路四段796號9樓","9 F., No. 796, Sec. 4, Lingang Rd., Dingliao Vil., Wuqi Dist., Taichung City 435058, Taiwan (R.O.C.)","胡O","0958588949","04-26581609","有","有"
"45881275","20160608","20210815","聖達電機有限公司","SAN DA ELECTRIC CO., LTD.","臺中市龍井區龍泉里13鄰沙田路五段98巷58號1樓","1 F., No. 58, Ln. 98, Sec. 5, Shatian Rd., 13th Neighborhood, Longquan Vil., Longjing Dist., Taichung City 43452, Taiwan (R.O.C.)","林O凱","04-26355047","04-26351701","有","有"
"45881325","20160713","20230310","合一國際股份有限公司","HOPE E INTERNATIONAL CO., LTD.","臺中市西區臺灣大道二段489號15樓之2","15 F.-2, No. 489, Sec. 2, Taiwan Blvd., West Dist., Taichung City 403506, Taiwan (R.O.C.)","林O杰","04-37031877","04-34032423","有","有"
"45881373","20200727","20231206","未來電商科技有限公司","Next E-commerce Technology Co., LTD.","臺中市東勢區新盛里新盛街237號1樓","1 F., No. 237, Xinsheng St., Xinsheng Vil., Dongshi Dist., Taichung City 42350, Taiwan (R.O.C.)","","0928715471","","無","無"
"45881388","20240301","20240301","臣睿企業有限公司","CHENRUEI ENTERPRISE CO., LTD.","臺中市沙鹿區北英路107號1樓","1 F., No. 107, Beiying Rd., Shalu Dist., Taichung City 433002, Taiwan (R.O.C.)","蔡O伶","04-26317383","04-26317486","有","有"
"45881394","20170914","20210815","樂樺國際有限公司","LEHUA INTERNATIONAL CO., LTD.","臺中市南屯區惠中里向上路二段165號15樓","15 F., No. 165, Sec. 2, Xiangshang Rd., Huizhong Vil., Nantun Dist., Taichung City 40867, Taiwan (R.O.C.)","鄭O荍","0917214555","","有","有"
"45881401","20160606","20210815","名人精密機械有限公司","CELEBRITY PRECISION MACHINERY CO., LTD.","臺中市龍井區工業路177巷7號","No. 7, Ln. 177, Gongye Rd., Longjing Dist., Taichung City 43445, Taiwan (R.O.C.)","陳O穎","0931523235","","有","有"
"45881423","20170316","20240203","易合屋有限公司","FLEXIHOUSE LIMITED","彰化縣彰化市公園路一段424號","No. 424, Sec. 1, Gongyuan Rd., Changhua City, Changhua County 500054, Taiwan (R.O.C.)","王O嵐","07-3542548","07-3542549","有","有"
"45881459","20050825","20240201","百翔金屬科技股份有限公司","DA FU WENG INTERNATIONAL CO., LTD.","臺中市潭子區福仁里大新路80巷21弄2號1樓","1 F., No. 2, Aly. 21, Ln. 80, Daxin Rd., Furen Vil., Tanzi Dist., Taichung City 427004, Taiwan (R.O.C.)","","04-23056255","","無","無"
"45881628","20180905","20210814","羽穎科技有限公司","Yuwin Design Co., Ltd.","臺中市沙鹿區興安里斗潭路341巷50號3樓","3 F., No. 50, Ln. 341, Doutan Rd., Xing’an Vil., Shalu Dist., Taichung City 43345, Taiwan (R.O.C.)","紀O欣","04-26351299","","有","有"
"45881649","20160908","20210813","兆峰興業有限公司","CORALSTAR POLYMER CO., LTD.","臺中市北區建德里國強街136巷10號","No. 10, Ln. 136, Guoqiang St., Jiande Vil., North Dist., Taichung City 40463, Taiwan (R.O.C.)","鄭O華","0422339561","","有","有"
"45881681","20180413","20250329","龍振國際有限公司","Long jenn International Co., Ltd.","臺中市北屯區水湳里文心路四段83號地下室1層","B1 , B, No. 83, Sec. 4,  Wenxin Rd., Shuinan Vil., Beitun Dist.,  Taichung City 406505, Taiwan (R.O.C.)","","0925363391","","無","無"
"45881752","20160713","20230414","神品生醫科技股份有限公司","SHENPIN BIOMEDICAL TECHNOLOGY CO., LTD.","臺中市西屯區府會園道179號3樓","3 F., No. 179, Fuhuiyuan Blvd., Xitun Dist., Taichung City 407549, Taiwan (R.O.C.)","李O諭","0908-270000","","有","有"
"45881818","20160621","20220705","米翔科技有限公司","MEEFLY TECHNOLOGY CO., LTD.","臺中市西屯區大河里長安路一段83號3樓","3 F., No. 83, Sec. 1, Chang'an Rd., Dahe Vil., Xitun Dist., Taichung City 407040, Taiwan (R.O.C.)","朱O忠","04-23152500#194","","有","有"
"45881866","20180319","20250101","台灣儷潼國際生物科技有限公司","LI TONG  Biotechnology International CO., LTD.","臺中市西區公益里忠明南路237號9樓之4","9F.-4, No. 237, Zhongming S. Rd., Gongyi Vil., West Dist., Taichung City 40361, Taiwan (R.O.C.)","","04-35080200","04-22652483","無","無"
"45881922","20190201","20210815","笑愛餐飲有限公司","SMILE LOVE CO., LTD.","臺中市西區公平里公益路194之1號1樓","1 F., No. 194-1, Gongyi Rd., Gongping Vil., West Dist., Taichung City 40352, Taiwan (R.O.C.)","鍾O憲","04-23250588","04-23250588","有","有"
"45881970","20181030","20230307","義達數位科技有限公司","YiDa Digital Technology CO., LTD.","臺中市北區太平北街6號1樓","1 F., No. 6, Taiping N. St., North Dist., Taichung City 404008, Taiwan (R.O.C.)","施O修","04-22062356","04-22062359","有","有"
"45882014","20160615","20250516","夏威國際開發有限公司","SIAWEI INTERNATIONAL DEVELOPMENT COMPANY LIMITED","臺中市西屯區何厝里漢口路一段37號3樓","3 F., No. 37, Sec. 1, Hankou Rd., Hecuo Vil., Xitun Dist., Taichung City 407056, Taiwan (R.O.C.)","謝O澄","0924111104","","有","有"
"45882020","20160613","20211113","禾盛品業有限公司","JUASYS OPTOTECH. INC.","臺中市豐原區東陽里東陽路福德巷7弄8之6號1樓","1 F., No. 8-6, Aly. 7, Fude Ln., Dongyang Rd., Dongyang Vil., Fengyuan Dist., Taichung City 42075, Taiwan (R.O.C.)","游O逸","04-23177783","","無","無"
"45882062","20221214","20221214","手創科技股份有限公司","Handtech Co.,Ltd","臺中市西屯區惠來里市政北一路1號5樓","5 F., No. 1, Shizheng N. 1st Rd., Huilai Vil., Xitun Dist., Taichung City 407025, Taiwan (R.O.C.)","林O德","0933430457","","有","有"
"45882078","20240830","20240830","均苑有限公司","Tunenturn LTD.","臺中市南屯區楓樹里楓樹西街263號1樓","1 F., No. 263, Fengshu W. St., Fengshu Vil., Nantun Dist., Taichung City 408002, Taiwan (R.O.C.)","許O庭","","","有","有"
"45882106","20170221","20240716","楷元生物科技股份有限公司","HERBEPHARMAILY CO., LTD.","臺中市南區學府路79號16樓之1","16F.-1, No. 79, Xuefu Rd., South Dist., Taichung City 40248, Taiwan (R.O.C.)","","0937355752","","無","無"
"45882128","20220412","20240504","艾康科技事業有限公司","Aikang Technology Co., Ltd.","臺中市西區公益路127號1樓","1 F., No. 127, Gongyi Rd., West Dist., Taichung City 40360, Taiwan (R.O.C.)","沈O逸","04-23010559","","有","有"
"45882154","20161129","20230209","心月事業有限公司","HEART MOON CO., LTD.","臺中市北區明德里太原路一段392之1號1樓","1 F., No. 392-1, Sec. 1, Taiyuan Rd., Mingde Vil., North Dist., Taichung City 404028, Taiwan (R.O.C.)","高O峻","0988-022244","","無","無"
"45882160","20160615","20210813","禾晨貿易有限公司","ASIA WOODRIVER TRADING COMPANY LIMITED","臺中市豐原區南村里豐原大道五段1號3樓","3 F., No. 1, Sec. 5, Fengyuan Blvd., Nancun Vil., Fengyuan Dist., Taichung City 42084, Taiwan (R.O.C.)","吳O珍","0936264776","","有","有"
"45882204","20190725","20230111","大匠高耐竹有限公司","Milvus Bamboo Co., Ltd.","臺中市烏日區螺潭里太明路成豐巷400號","No. 400, Chengfeng Ln., Taiming Rd., Luotan Vil., Wuri Dist., Taichung City 414023, Taiwan (R.O.C.)","劉O群","049-2635206","","有","有"
"45882252","20160616","20210813","承光有限公司","GLOREX INDUSTRIAL COMPANY LIMITED","臺中市潭子區家興里榮興街21巷11號13樓","13 F., No. 11, Ln. 21, Rongxing St., Jiaxing Vil., Tanzi Dist., Taichung City 42755, Taiwan (R.O.C.)","游O杰","04-22453016","","有","有"
"45882295","20160623","20210814","汯辰科技有限公司","HONG CHEN TECHNOLOGY CO., LTD.","臺中市太平區太平三街142號1樓","1 F., No. 142, Taiping 3rd St., Taiping Dist., Taichung City 41145, Taiwan (R.O.C.)","彭O砡","0935169627","04-22733033","有","有"
"45882302","20160616","20230617","橄欖山企業有限公司","OLIVE MOUNTAIN ENTERPRISE CO., LTD.","臺中市龍井區竹師路一段42號","No. 42, Sec. 1, Zhushi Rd., Longjing Dist., Taichung City 434023, Taiwan (R.O.C.)","","0911680288","","無","無"
"45882372","20160623","20230117","翔將國際股份有限公司","SHINEJOINT INTERNATIONAL CO., LTD.","臺中市潭子區潭陽里潭興路二段480巷58號1樓","1 F., No. 58, Ln. 480, Sec. 2, Tanxing Rd., Tanyang Vil., Tanzi Dist., Taichung City 427019, Taiwan (R.O.C.)","曾O羼","04-25343069","04-25342692","有","有"
"45882400","20160622","20210813","東田有限公司","DONG TYAN CO., LTD.","臺中市大肚區文昌路二段506巷145弄97號","No. 97, Aly. 145, Ln. 506, Sec. 2, Wenchang Rd., Dadu Dist., Taichung City 43243, Taiwan (R.O.C.)","陳O任","04-26982121","04-26982140","有","有"
"45882422","20200320","20241023","歐庫實業有限公司","OU KU ART DOOR Industrial Co., Ltd.","臺中市神岡區社口里文政街12巷13號1樓","1 F., No. 13, Ln. 12, Wenzheng St., Shekou Vil., Shengang Dist., Taichung City 429003, Taiwan (R.O.C.)","林O霈","04-25651100","04-25650202","有","有"
"45882458","20160705","20220625","和昇日用品有限公司","SOTH DAILY NECESSITIES LTD.","臺中市南屯區田心里南屯路二段420號10樓之6","10F.-6, No. 420, Sec. 2, Nantun Rd., Tianxin Vil., Nantun Dist., Taichung City 40863, Taiwan (R.O.C.)","吳O怡","04-24968091","04-24967881","有","有"
"45882464","20160704","20230708","模範日用品有限公司","MOFAN DAILY NECESSITIES LTD.","臺中市大里區東興里國光路二段500號5樓之1","5F.-1, No. 500, Sec. 2,  Guoguang Rd., Dongxing Vil., Dali Dist.,  Taichung City 412019, Taiwan (R.O.C.)","吳O遙","04-24910917","04-24910847","有","有"
"45882470","20250509","20250509","具福管理顧問有限公司","Tophaengbog Consultants CO., LTD.","臺中市太平區宜佳里宜昌路270號1樓","1 F., No. 270, Yichang Rd., Yijia Vil., Taiping Dist., Taichung City 411035, Taiwan (R.O.C.)","蔡O雪","04-22782718","","有","有"
"45882540","20170329","20210813","仟鈦有限公司","CT BRAKES COMPANY LTD.","臺中市烏日區溪南路一段460巷305號1樓","1 F., No. 305, Ln. 460, Sec. 1, Xinan Rd., Wuri Dist., Taichung City 41462, Taiwan (R.O.C.)","沈O茹","04-23353024","04-23354027","有","有"
"45882555","20160624","20230215","崴達貿易有限公司","MKSPORTS INC","臺中市潭子區興華一路241巷13弄2號","No. 2, Aly. 13, Ln. 241, Xinghua 1st Rd., Tanzi Dist., Taichung City 427017, Taiwan (R.O.C.)","劉O達","04-25343598","","有","有"
"45882561","20180302","20210814","優陞國際貿易有限公司","Y.S.CHU International Co., LTD","臺中市南屯區三和里大富街219之1號","No. 219-1, Dafu St., Sanhe Vil., Nantun Dist., Taichung City 40867, Taiwan (R.O.C.)","朱O樺","04-22555122","04-22517485","有","有"
"45882577","20201218","20240507","愛迪爾資訊股份有限公司","IDEAL INTERNET INFORMATION CO., LTD.","臺中市南屯區大墩十街300號7樓之5","7 F.-5, No. 300, Dadun 10th St., Nantun Dist., Taichung City 408030, Taiwan (R.O.C.)","陳O彥","04-2254-0137","","有","有"
"45882632","20160620","20210815","涔諺國際貿易股份有限公司","CEN YEN INTERNATIONAL TRADING CO., LTD.","臺中市大雅區雅楓街99巷3弄20號1樓","1 F., No. 20, Aly. 3, Ln. 99, Yafeng St., Daya Dist., Taichung City 42872, Taiwan (R.O.C.)","張O威","04-25694680","04-25694680","有","有"
"45882669","20160720","20210813","悠希達企業有限公司","YOSHIDA LIFE INTERNATIONAL CO., LTD.","臺中市南屯區大墩七街88號9樓之2","9F.-2, No. 88, Dadun 7th St., Nantun Dist., Taichung City 40864, Taiwan (R.O.C.)","林O君","04-22852638","04-22858991","有","有"
"45882680","20160617","20230111","亞洲匯通國際有限公司","ASIA HUITONG INTERNATIONAL CO., LTD.","臺中市神岡區大社里大漢街1巷53號6樓","6 F., No. 53, Ln. 1, Dahan St., Dashe Vil., Shengang Dist., Taichung City 429001, Taiwan (R.O.C.)","蔡O瑜","04-23360570","0423363390","無","無"
"45882725","20191203","20230223","誠謚國際企業股份有限公司","CHENG YI WAREHOUSE INTERNATIONAL CO., LTD.","臺中市梧棲區下寮里中興路503號1樓","1 F., No. 503, Zhongxing Rd., Xialiao Vil., Wuqi Dist., Taichung City 435510, Taiwan (R.O.C.)","趙O標","04-26576666","04-26562113","有","有"
"45882730","20160616","20230316","雅活創作股份有限公司","ALIVE PROMOTIONS CO., LTD.","臺中市大里區長榮里大里路38巷10號1樓","1 F., No. 10, Ln. 38, Dali Rd., Changrong Vil., Dali Dist., Taichung City 412015, Taiwan (R.O.C.)","林O弘","04-23805526","04-23804841","無","無"
"45882773","20160704","20210814","台同體育有限公司","TAITUN BADMINTON EQUIPMENT CO., LTD.","臺中市西區大忠南街69號3樓之2","3F.-2, No. 69, Dazhong S. St., West Dist., Taichung City 40347, Taiwan (R.O.C.)","韋O彬","04-22435978","04-22423421","有","有"
"45882817","20160620","20210815","百威國際汽車有限公司","BAI WEI INTERNATIONAL AUTOMOBILE CO., LTD.","臺中市西屯區協和里安和路2-65號","No. 2-65, Anhe Rd., Xiehe Vil., Xitun Dist., Taichung City 40765, Taiwan (R.O.C.)","胡O林","04-23550878","04-23550878","有","有"
"45882886","20160616","20210813","柏圖空間美學有限公司","ICON HOME LIVING DESIGN CO., LTD.","臺中市西屯區惠來里惠中路二段68號","No. 68, Sec. 2, Huizhong Rd., Huilai Vil., Xitun Dist., Taichung City 40756, Taiwan (R.O.C.)","孟O瀚","0913668770","","有","有"
"45882892","20160701","20210814","東燦有限公司","VNS-VISION CO., LTD.","臺中市大雅區員林里大林路272巷18號","No. 18, Ln. 272, Dalin Rd., Yuanlin Vil., Daya Dist., Taichung City 42847, Taiwan (R.O.C.)","陳O建","04-25666817","04-25666827","有","有"
"45882921","20160801","20210813","新宇水族有限公司","SIN YU AQUARIUM CO., LTD.","臺中市大雅區三和里龍善街155號1樓","1 F., No. 155, Longshan St., Sanhe Vil., Daya Dist., Taichung City 42863, Taiwan (R.O.C.)","陳O志","04-25688660","","有","有"
"45882957","20160829","20211203","鑫潮國際股份有限公司","NEW WAVE CO., LTD.","臺中市西屯區潮洋里朝富路213號13樓之5","13F.-5, No. 213, Chaofu Rd., Chaoyang Vil., Xitun Dist., Taichung City 40757, Taiwan (R.O.C.)","杜O家","04-37077288","","有","有"
"45882963","20160725","20221029","歐繆思股份有限公司","OMUSES INTERNATIONAL TRADING CO., LTD.","臺中市北區漢口路三段196號1樓","1 F., No. 196, Sec. 3, Hankou Rd., North Dist., Taichung City 404033, Taiwan (R.O.C.)","郭O伶","04-22987778","04-22988060","有","有"
"45882984","20160620","20210812","浩成企業有限公司","HAO CHENG MACHINE TOOLS CO., LTD.","臺中市豐原區大湳里大湳街24號1樓","1 F., No. 24, Danan St., Danan Vil., Fengyuan Dist., Taichung City 42042, Taiwan (R.O.C.)","簡O娟","04-25268898","","有","有"
"45883007","20200422","20250313","台灣安衛環實業股份有限公司","Taiwan Safety Health Environment Industrial Co., Ltd.","新北市新莊區新樹路172號之4","No. 172-4, Xinshu Rd., Xinzhuang Dist., New Taipei City 242073, Taiwan (R.O.C.)","周O諠","04-23215575","","有","有"
"45883013","20160617","20210813","利鑫進出口有限公司","MSM IMPORT & EXPORT CO., LTD.","臺中市南屯區同心里文心路一段186號11樓之9","11F.-9, No. 186, Sec. 1, Wenxin Rd., Tongxin Vil., Nantun Dist., Taichung City 40878, Taiwan (R.O.C.)","孟O斯(SEBASTIANGONZALOMENDEZSIQUES)","04-24716774","","有","有"
"45883029","20160902","20210814","樺太有限公司","HUATAIN CO., LTD.","臺中市南屯區三和里黎明路二段359號3樓","3 F., No. 359, Sec. 2, Liming Rd., Sanhe Vil., Nantun Dist., Taichung City 40873, Taiwan (R.O.C.)","蔡O全","04-22542607","","有","有"
"45883040","20160616","20210815","鈦盟貿易有限公司","TECH MASTER TRADING CO., LTD.","臺中市西屯區永安里國安一路206巷15號11樓之2","11F.-2, No. 15, Ln. 206, Guo’an 1st Rd., Yong’an Vil., Xitun Dist., Taichung City 40763, Taiwan (R.O.C.)","賴O梅","04-24631381","","有","有"
"45883082","20241224","20241224","杰甫企業有限公司","MECH STAR TOOLS CO., LTD.","臺中市太平區新民路65巷10號1樓","1 F., No. 10, Ln. 65, Xinmin Rd., Taiping Dist., Taichung City 411015, Taiwan (R.O.C.)","邱O賢","","","有","有"
"45883148","20171107","20221007","它好好國際有限公司","TA HAO HAO INTERNATIONAL CO., LTD.","臺中市北區三民路三段217號10樓之7","10 F.-7, No. 217, Sec. 3, Sanmin Rd., North Dist., Taichung City 404010, Taiwan (R.O.C.)","黃O倫","0913762982","0492582774","有","有"
"45883169","20160616","20210815","和嘉泰貿易有限公司","HO CHIA TAI INTERNATIONAL CO., LTD.","臺中市西區平和里中華路一段25號2樓","2 F., No. 25, Sec. 1, Zhonghua Rd., Pinghe Vil., West Dist., Taichung City 40345, Taiwan (R.O.C.)","李O寧","04-24221911","04-24220155","有","有"
"45883196","20160801","20240307","優妮生技有限公司","YUNI BIOTECH CO., LTD.","臺中市北屯區平安里崇德路二段128號8樓之2","8 F.-2, No. 128, Sec. 2, Chongde Rd., Ping’an Vil., Beitun Dist., Taichung City 406503, Taiwan (R.O.C.)","王O翔","04-22350857","","有","有"
"45883203","20160624","20210815","預言家數位有限公司","PROPHET DIGITS LTD.","臺中市北區賴村里學士路257號14樓","14 F., No. 257, Xueshi Rd., Laicun Vil., North Dist., Taichung City 40454, Taiwan (R.O.C.)","顏O回","04-26316183","","有","有"
"45883225","20160701","20210813","仟利有限公司","CHAIN LI CO., LTD.","臺中市烏日區溪南路一段460巷452弄8號1樓","1 F., No. 8, Aly. 452, Ln. 460, Sec. 1, Xinan Rd., Wuri Dist., Taichung City 41462, Taiwan (R.O.C.)","沈O文","04-23357421","04-23354027","有","有"
"45883294","20160718","20230219","億興自動控制有限公司","YISHIN AUTOMATION CO., LTD.","臺中市南區福興里南平路253號1樓","1 F., No. 253, Nanping Rd., Fuxing Vil., South Dist., Taichung City 402015, Taiwan (R.O.C.)","羅O順","04-22633222","04-22639222","無","無"
"45883338","20210504","20210814","誠維貿易有限公司","SEII Trading Co.,Ltd.","臺中市太平區成功東路42巷11弄1號1樓","1 F., No. 1, Aly. 11, Ln. 42, Chenggong E. Rd., Taiping Dist., Taichung City 41166, Taiwan (R.O.C.)","何O松","0988326126","","有","有"
"45883365","20201103","20210815","上佑妮事業有限公司","Shang Yu Ni-LIMITED COMPANY","臺中市北屯區北京里進化北路39巷23號","No. 23, Ln. 39, Jinhua N. Rd., Beijing Vil., Beitun Dist., Taichung City 40646, Taiwan (R.O.C.)","巫O翰","04-22426699","","有","有"
"45883386","20160627","20210812","康葳國際生醫有限公司","CONWAY INTERNATIONAL BIOMEDICAL LTD.","臺中市北屯區平安里崇德路二段130號6樓","6 F., No. 130, Sec. 2, Chongde Rd., Ping’an Vil., Beitun Dist., Taichung City 40653, Taiwan (R.O.C.)","邱O微","04-22436775","","有","有"
"45883392","20160622","20230831","艾肯強實業有限公司","AKJ INDUSTRIAL CO., LTD.","臺中市西屯區福安里安和路133號7樓之1","7F.-1, No. 133, Anhe Rd., Fu’an Vil., Xitun Dist., Taichung City 40765, Taiwan (R.O.C.)","","0928822920","04-25224592","無","無"
"45883436","20161214","20230111","諮藝有限公司","JIN YUAN PRECISION INDUSTRY CO., LTD.","臺中市豐原區南陽里永康路211巷62號1樓","1 F., No. 62, Ln. 211, Yongkang Rd., Nanyang Vil., Fengyuan Dist., Taichung City 420015, Taiwan (R.O.C.)","蔡O華","04-25608408","04-25608078","有","有"
"45883631","20170116","20220216","奧冪國際實業有限公司","OMII INTERNATIONAL CO., LTD.","臺中市西區中興里公益路132號11樓","11 F., No. 132, Gongyi Rd., Zhongxing Vil., West Dist., Taichung City 40360, Taiwan (R.O.C.)","張O惠","0921-001081","","有","有"
"45883745","20160620","20230107","環瑋健康科技國際企業股份有限公司","VANTLY FITNESS INTERNATIONAL ENTERPRISE CO., LTD.","臺中市大甲區日南里幼獅路41號","No. 41, Youshi Rd., Rinan Vil., Dajia Dist., Taichung City 437101, Taiwan (R.O.C.)","邱O然","04-26811511","","有","有"
"45883843","20160628","20210813","凱業通有限公司","KAI YEH TONG COMPANY LIMITED","臺中市大雅區振興路200號","No. 200, Zhenxing Rd., Daya Dist., Taichung City 42877, Taiwan (R.O.C.)","顏O億","04-25653648","04-22569763","有","有"
"45883885","20160818","20240826","富萊國際有限公司","FORTITUDE INTERNATIONAL CO., LTD.","臺中市霧峰區育德路26巷20號2樓","2 F., No. 20, Ln. 26, Yude Rd., Wufeng Dist., Taichung City 413004, Taiwan (R.O.C.)","林O卿","0932-619305","","有","有"
"45883962","20190926","20250528","鴻耀科技股份有限公司","HONGYA SCIENCE & TECHNOLOGY CO., LTD.","新北市永和區永和路2段166號10樓之7","10 F.-7, No. 166, Sec. 2, Yonghe Rd., Yonghe Dist., New Taipei City 234016, Taiwan (R.O.C.)","趙O樺","02-26685817","","有","有"
"45884028","20161115","20210815","昶勝水產有限公司","C.S. SEAFOOD CO., LTD.","臺中市西屯區大河里大河街57號","No. 57, Dahe St., Dahe Vil., Xitun Dist., Taichung City 40753, Taiwan (R.O.C.)","王O騏","04-23159799","04-23159997","有","有"
"45884054","20161108","20230722","合順科技有限公司","HE SHUN TECHNOLOGY CO., LTD.","臺中市潭子區大豐里雅豐街226巷26弄43號","No. 43, Aly. 26, Ln. 226, Yafeng St., Dafeng Vil., Tanzi Dist., Taichung City 427018, Taiwan (R.O.C.)","童O慶","04-25345802","","有","有"
"45884110","20160623","20210813","相樣創藝有限公司","GOOD STYLE CREATIVE CO., LTD.","臺中市南區永興里工學一街197巷19弄28號","No. 28, Aly. 19, Ln. 197, Gongxue 1st St., Yongxing Vil., South Dist., Taichung City 40245, Taiwan (R.O.C.)","張O恩","04-23261699","04-23261699","有","有"
"45884152","20170825","20210814","昇榮國際貿易有限公司","NEWERA STAR INTERNATIONAL CO., LTD.","臺中市太平區宜欣里富平路37巷31號","No. 31, Ln. 37, Fuping Rd., Yixin Vil., Taiping Dist., Taichung City 41163, Taiwan (R.O.C.)","吳O松","04-22786559","04-22772093","有","有"
"45884189","20160831","20210813","砡佳有限公司","YUGA WHOLESALE CO., LTD.","臺中市清水區橋頭里五權路16號1樓","1 F., No. 16, Wuquan Rd., Qiaotou Vil., Qingshui Dist., Taichung City 43646, Taiwan (R.O.C.)","蕭O余","04-26276616","","有","有"
"45884316","20160728","20210813","豐釀有限公司","FENG NIANG CO., LTD.","臺中市西屯區大河里大河一巷3弄20號","No. 20, Aly. 3, Dahe 1st Ln., Dahe Vil., Xitun Dist., Taichung City 40753, Taiwan (R.O.C.)","李O臻","04-36090251","","有","有"
"45884337","20170928","20240608","購樂有限公司","GOLE CO., LTD.","臺中市西屯區何福里大信街18號1樓","1 F., No. 18, Daxin St., Hefu Vil., Xitun Dist., Taichung City 407053, Taiwan (R.O.C.)","李O翰","0928-180320","","有","有"
"45884420","20191002","20230104","長禾鑫企業有限公司","CHARNG HO SHIN ENTERPRISE CO., LTD.","臺中市東區東信里東義街6巷3號1樓","1 F., No. 3, Ln. 6, Dongyi St., Dongxin Vil., East Dist., Taichung City 401017, Taiwan (R.O.C.)","陳O宏","04-23956808","04-23956833","無","無"
"45884511","20160705","20221026","德生智權有限公司","X-EXTREME CO., LTD.","臺中市西區民龍里臺灣大道二段239號13樓","13 F., No. 239, Sec. 2, Taiwan Blvd., Minlong Vil., West Dist., Taichung City 403018, Taiwan (R.O.C.)","陳O麒","0905-074760","","無","無"
"45884527","20191202","20231227","源昇整合方案智財股份有限公司","PATENTaiwan Projects International Co.","臺中市西屯區何源里河南路一段170號5樓之3","5 F.-3, No. 170, Sec. 1, Henan Rd., Heyuan Vil., Xitun Dist., Taichung City 407347, Taiwan (R.O.C.)","廖O陽","04-25606367","","有","有"
"45884575","20190611","20230114","萬美德有限公司","Onemed Co., Ltd.","臺中市北屯區舊社里敦富一街189號3樓之3","3 F.-3, No. 189, Dunfu 1st St., Jiushe Vil., Beitun Dist., Taichung City 406015, Taiwan (R.O.C.)","葉O榮","04-22425001","04-2242-5003","有","有"
"45884603","20171214","20210813","奕坊有限公司","Yi Fang Co., Ltd.","臺中市北區梅川西路三段39巷18號11樓之7","11F.-7, No. 18, Ln. 39, Sec. 3, Meichuan W. Rd., North Dist., Taichung City 40462, Taiwan (R.O.C.)","董O憲","04-22971001","04-22972001","有","有"
"45884619","20180301","20241030","真允科技有限公司","JHEN YUN TECHNOLOGY CO., LTD.","臺中市龍井區竹坑里茄投路一段1巷15號","No. 15, Ln. 1, Sec. 1, Jiatou Rd., Zhukeng Vil., Longjing Dist., Taichung City 434023, Taiwan (R.O.C.)","王O蓉","04-26396035","04-22175986","有","有"
"45884646","20161004","20210813","義苑國際有限公司","EFESTO INTERNATIONAL LTD.","臺中市沙鹿區興安里興安路51號1樓","1 F., No. 51, Xing’an Rd., Xing’an Vil., Shalu Dist., Taichung City 43351, Taiwan (R.O.C.)","石O真","","","有","有"
"45884723","20160629","20210813","耀証企業有限公司","BRILLIANT GENE INTERNATIONAL CORP.","臺中市西屯區潮洋里朝馬七街32號4樓之1","4F.-1, No. 32, Chaoma 7th St., Chaoyang Vil., Xitun Dist., Taichung City 40757, Taiwan (R.O.C.)","張O怡","0935992721","","有","有"
"45884759","20160718","20210814","明丹有限公司","VIGOR SPRINGHEAD CO., LTD.","臺中市東區東英里十甲東路469號1樓","1 F., No. 469, Shijia E. Rd., Dongying Vil., East Dist., Taichung City 40153, Taiwan (R.O.C.)","陳O萊","04-23119458","","有","有"
"45884765","20160629","20240920","苓韵工作室有限公司","LING YUN WORKSHOP CO., LTD.","臺中市北區立人里福壽街12之6號1樓","1 F., No. 12-6, Fushou St., Liren Vil., North Dist., Taichung City 40460, Taiwan (R.O.C.)","","0903-508537","","無","無"
"45884786","20160628","20241204","松林國際貿易股份有限公司","SONGLIN INTERNATIONAL TRADE CO., LTD.","臺中市北屯區文心路四段826號1樓","1 F., No. 826, Sec. 4, Wenxin Rd., Beitun Dist., Taichung City 406019, Taiwan (R.O.C.)","林O柏","04-22062850","","有","有"
"45884792","20211129","20211129","台灣布魯克有限公司","BROOKE ENTERPRISE LIMITED","臺中市西區後龍里梅川西路一段107號3樓之1","3F.-1, NO. 107, SEC. 1, MEICHUAN W. RD., HOULONG VIL., WEST DIST., TAICHUNG CITY 40355, TAIWAN (R.O.C.)","楊O輝","0919726069","","有","有"
"45884809","20210825","20210825","日易科技股份有限公司","DayEasy Technology Co., Ltd.","臺中市北區明新里中清路一段447號16樓之2","16F.-2, NO. 447, SEC. 1, ZHONGQING RD., MINGXIN VIL., NORTH DIST., TAICHUNG CITY 40460, TAIWAN (R.O.C.)","劉O易","04-22991080","","有","有"
"45884815","20160704","20210813","凱錡科技有限公司","CATCH SCIENTIFIC CO., LTD.","臺中市西區民龍里臺灣大道二段285號20樓","20 F., No. 285, Sec. 2, Taiwan Blvd., Minlong Vil., West Dist., Taichung City 40308, Taiwan (R.O.C.)","黃O瑜","04-23217972","04-23210101","有","有"
"45884913","20171002","20210815","藝識流國際顧問股份有限公司","Art spirit of love international consulting Inc.","臺北市中山區堤頂大道2段356號","No. 356, Sec. 2, Tiding Blvd., Zhongshan Dist., Taipei City 10462, Taiwan (R.O.C.)","王O婕","0909195272","","無","無"
"45884961","20160922","20210815","宇驛醫藥有限公司","YUI-DIETARY CO., LTD.","臺中市南區樹德里德富路30號13樓之1","13F.-1, No. 30, Defu Rd., Shude Vil., South Dist., Taichung City 40256, Taiwan (R.O.C.)","曾O琳","04-22652316","04-22654447","有","有"
"45884982","20200929","20240814","台灣鼎漢股份有限公司","Taiwan TopDinghan Trading Co., Ltd.","臺中市北區崇德路一段80巷15號","No. 15, Ln. 80, Sec. 1, Chongde Rd., North Dist., Taichung City 404016, Taiwan (R.O.C.)","王O凱","04-23758628","","有","有"
"45885053","20170913","20240514","法雅傢飾設計有限公司","FAYA FURNITURE DESIGN CO., LTD.","臺中市豐原區豐田里市政路27號1樓","1 F., No. 27, Shizheng Rd., Fengtian Vil., Fengyuan Dist., Taichung City 420082, Taiwan (R.O.C.)","趙O琳","04-23365709","04-23369201","有","有"
"45885119","20170313","20231024","威騰國際車業有限公司","WEITENG AUTO CO., LTD.","臺中市南區文心南路852號","No. 852, Wenxin S. Rd., South Dist., Taichung City 402028, Taiwan (R.O.C.)","唐O萱","04-23893865","04-23890287","無","無"
"45885146","20181122","20210814","佳富實業有限公司","Chia ful Industrial Co., Ltd.","臺中市北屯區東光里北屯路294號","No. 294, Beitun Rd., Dongguang Vil., Beitun Dist., Taichung City 40654, Taiwan (R.O.C.)","陳O穎","04-24065762","04-24065762","有","有"
"45885194","20170929","20230117","品芊實業有限公司","PIN CIAN Enterprise Co., LTD.","臺中市西區公館里柳川西路二段7號1樓","1 F., No. 7, Sec. 2, Liuchuan W. Rd., Gongguan Vil., West Dist., Taichung City 403025, Taiwan (R.O.C.)","黃O瑜","04-23722082","04-23720388","有","有"
"45885201","20160629","20230105","榆興人力資源有限公司","YU XING MANPOWER CO., LTD.","臺中市潭子區得福街162巷2號6樓之3","6 F.-3, No. 2, Ln. 162, Defu St., Tanzi Dist., Taichung City 427006, Taiwan (R.O.C.)","黃O榆","04-25336511","04-25338113","無","無"
"45885223","20160701","20210813","鉅紳貿易有限公司","JYU SHEN MOTOR TRADING CO., LTD.","臺中市太平區宜昌路465巷56號1樓","1 F., No. 56, Ln. 465, Yichang Rd., Taiping Dist., Taichung City 41169, Taiwan (R.O.C.)","黃O軍","0932125006","","有","有"
"45885238","20161024","20210812","畢愛璧創意有限公司","BIB CREATIVE CO., LTD.","彰化縣秀水鄉曾厝村大厝巷12-1號","No. 12-1, Dacuo Ln., Xiushui Township, Changhua County 50441, Taiwan (R.O.C.)","市O智也","0966228172","","有","有"
"45885271","20181227","20210813","詮新實業有限公司","CHIUAN HSIN INDUSTRY CO., LTD.","臺中市潭子區潭北里8鄰潭陽路178巷二弄3號1樓","1 F., No. 3, Aly. 2, Ln. 178, Tanyang Rd., 8th Neighborhood, Tanbei Vil., Tanzi Dist., Taichung City 42751, Taiwan (R.O.C.)","林O宏","04-25368310","04-25384810","有","有"
"45885336","20250616","20250616","廣原行國際實業有限公司","Guang Yuan Hang International CO., LTD.","臺中市東區東英里十全街50巷16號1樓","1 F., No. 16, Ln. 50, Shiquan St., East Dist., Taichung City 401021, Taiwan (R.O.C.)","嚴O達","0976363713","","有","有"
"45885357","20160718","20250402","蕾佳娜生物科技有限公司","REGINA & JAMES INC.","臺中市西屯區協和里工業區三十一路16號","No. 16, Gongyequ 31st Rd., Xiehe Vil., Xitun Dist., Taichung City 407021, Taiwan (R.O.C.)","莊O諭","04-23592843","","有","有"
"45885407","20160818","20230112","津久國際股份有限公司","G.F.M. INTERNATIONAL CORP.","臺中市北區明德里太原北路130號3樓之2","3 F.-2, No. 130, Taiyuan N. Rd., Mingde Vil., North Dist., Taichung City 404516, Taiwan (R.O.C.)","呂O彥","04-22981617","04-22970268","無","無"
"45885477","20230529","20230529","祥鑽有限公司","SHYANG JUANN CO., LTD.","臺中市潭子區頭家東里中興北路一二九號一樓","1 F., No. 129, Zhongxing N. Rd., Tanzi Dist., Taichung City 427005, Taiwan (R.O.C.)","吳O祥","0425361816","","有","有"
"45885482","20160922","20210815","威驊有限公司","WEI.HEALTH CO., LTD.","臺中市南區樹德里復興北路361號4樓之2","4F.-2, No. 361, Fuxing N. Rd., Shude Vil., South Dist., Taichung City 40256, Taiwan (R.O.C.)","邱O義","04-22654571","","有","有"
"45885504","20180226","20240911","鑫品置業股份有限公司","TOM & RESORT PLAZA CO., LTD.","臺中市西屯區惠來里市政北二路18之1號4樓之1","4 F.-1, No. 18-1, Shizheng N. 2nd Rd., Huilai Vil., Xitun Dist., Taichung City 407025, Taiwan (R.O.C.)","李O閔","04-23203037","","有","有"
"45885552","20240527","20240527","如翊餐具有限公司","Lucky Tableware LTD.","臺中市北區文心路四段212之2、212之3號1、2樓","2 F., No. 212-3, Sec. 4, Wenxin Rd., North Dist., Taichung City 404538, Taiwan (R.O.C.)","黃O玶","04-22931212","","有","有"
"45885595","20160719","20230517","承弘有限公司","HOU MOLD CO., LTD.","臺中市豐原區西湳里三豐路二段215號1樓","1 F., No. 215, Sec. 2, Sanfeng Rd., Xinan Vil., Fengyuan Dist., Taichung City 420073, Taiwan (R.O.C.)","莊O文","0912-731686","","有","有"
"45885624","20171127","20250124","格亞有限公司","Dazzleslim Company Ltd.","臺中市北屯區舊社里南興一路136號2樓","2 F., No. 136, Nanxing 1st Rd., Jiushe Vil., Beitun Dist., Taichung City 406015, Taiwan (R.O.C.)","林O蔓","04-22029188","","有","有"
"45885743","20170505","20231103","萬豐國際室內裝修實業股份有限公司","WanFeng International Interior Decoration Industrial CO., LTD.","臺中市南區福田二街340號","No. 340, Futian 2nd St., South Dist., Taichung City 402025, Taiwan (R.O.C.)","趙O潁","04-23201256","04-23201278","有","有"
"45885791","20160914","20221207","勝勳有限公司","SX FORTUNA CO., LTD.","臺北市信義區信義路5段57號3樓","3 F., No. 57, Sec. 5, Xinyi Rd., Xinyi Dist., Taipei City 110027, Taiwan (R.O.C.)","劉O閔","","","有","有"
"45885841","20160704","20210815","傑發貿易有限公司","JET FAR TRADING INC.","臺中市西屯區潮洋里朝富路213號28樓之5","28F.-5, No. 213, Chaofu Rd., Chaoyang Vil., Xitun Dist., Taichung City 40757, Taiwan (R.O.C.)","郭O正","04-22589329","04-22586706","有","有"
"45885856","20160701","20210813","又呈科技國際有限公司","YUCS CHENG TECHNOLOGY INTERNATIONAL CO., LTD.","臺中市大肚區頂街里大明四街75號1樓","1 F., No. 75, Daming 4th St., Dingjie Vil., Dadu Dist., Taichung City 43251, Taiwan (R.O.C.)","陳O興","04-26994172","","有","有"
"45885883","20160704","20210815","彤妡國際有限公司","TUNGSTAR INTERNATIONAL CO., LTD.","臺中市西屯區上安路11巷12號2樓","2 F., No. 12, Ln. 11, Shang’an Rd., Xitun Dist., Taichung City 40744, Taiwan (R.O.C.)","陳O仰","04-24522682","04-23280335","有","有"
"45885976","20180119","20230104","和嘉興精密股份有限公司","OGC TORQUE CO., LTD.","臺中市大里區仁美路95巷26號","No. 26, Ln. 95, Renmei Rd., Dali Dist., Taichung City 412038, Taiwan (R.O.C.)","郭O進","04-24936791","04-24936782","有","有"
"45885981","20180116","20230104","佳銘精密工業有限公司","Chia Min Precision Industrial Co., Ltd","臺中市大里區西湖路321號","No. 321, Xihu Rd., Dali Dist., Taichung City 412027, Taiwan (R.O.C.)","郭O進","04-24962632","04-24960501","有","有"
"45886004","20160715","20230804","拾趣文創有限公司","TUKULIFE CO., LTD.","臺中市西區五權五街151號5樓之6","5 F.-6, No. 151, Wuquan 5th St., West Dist., Taichung City 403029, Taiwan (R.O.C.)","","04-23755281","","無","無"
"45886026","20161024","20210815","達特民有限公司","DR.MIN CO., LTD","臺中市西屯區西安里青海路二段316號2樓","2 F., No. 316, Sec. 2, Qinghai Rd., Xi’an Vil., Xitun Dist., Taichung City 40745, Taiwan (R.O.C.)","林O民","0972509272","","無","無"
"45886052","20160704","20230106","元錦生物科技股份有限公司","ORIGEM BIOTECHNOLOGY INC.","臺中市豐原區水源路258巷15號2樓","2 F., No. 15, Ln. 258, Shuiyuan Rd., Fengyuan Dist., Taichung City 420074, Taiwan (R.O.C.)","陳O湖","0425152249","","有","有"
"45886089","20160713","20210813","茶之助貿易商事有限公司","CHANOSUKE TRADING CO., LTD.","臺中市西區民生里自由路一段106號5樓之2","5F.-2, No. 106, Sec. 1, Ziyou Rd., Minsheng Vil., West Dist., Taichung City 40342, Taiwan (R.O.C.)","張O凱","04-22212285","","有","有"
"45886124","20160713","20210813","心遠電子有限公司","HSIN TECHNOLOGY CO., LTD.","臺中市西屯區永安里永安一巷45弄10號1樓","1 F., No. 10, Aly. 45, Yong’an 1st Ln., Yong’an Vil., Xitun Dist., Taichung City 40762, Taiwan (R.O.C.)","陳O新","0911-794448","","有","有"
"45886150","20200306","20220922","全球通國際租賃股份有限公司","Autolease International Leasing Co., Ltd.","臺中市西區土庫里五權西路一段237號1樓","1 F., No. 237, Sec. 1, Wuquan W. Rd., Tuku Vil., West Dist., Taichung City 403021, Taiwan (R.O.C.)","朱O鵬","04-22960168","","有","有"
"45886200","20170522","20230428","慧穩科技股份有限公司","AIWIN TECHNOLOGY CO., LTD.","臺中市西屯區市政路500號7樓之6","7 F.-6, No. 500, Shizheng Rd., Xitun Dist., Taichung City 407621, Taiwan (R.O.C.)","林O呈","04-23912238","04-23912238","有","有"
"45886243","20160705","20230613","銣佳科技有限公司","R PLUS TECHNOLOGY CO., LTD.","臺中市北屯區松竹里松竹北二街47號1樓","1 F., No. 47, Songzhu N. 2nd St., Songzhu Vil., Beitun Dist., Taichung City 406033, Taiwan (R.O.C.)","葉O傑","04-22731133","04-22732233","有","有"
"45886270","20160729","20210813","歐娳寶國際開發有限公司","OLYIBO DEVELOPMENT CO., LTD.","臺中市大安區龜売里龜売路68號1樓","1 F., No. 68, Da’an Dist., Taichung City 439, Taiwan (R.O.C.)","卓O賓","04-26714666","","有","有"
"45886314","20160805","20210812","益安鞋材有限公司","YI-AN SHOE MATERIAL CO., LTD.","臺中市大里區塗城里光正路60巷25號1樓","1 F., No. 25, Ln. 60, Guangzheng Rd., Tucheng Vil., Dali Dist., Taichung City 41278, Taiwan (R.O.C.)","黃O邁","04-24929109","042-4929108","有","有"
"45886406","20181022","20230618","金田鋁器有限公司","JIN TIAN ALUMINUM CASTING CO., LTD.","臺中市龍井區竹坑里中華路一段55號","No. 55, Sec. 1, Zhonghua Rd., Zhukeng Vil., Longjing Dist., Taichung City 434021, Taiwan (R.O.C.)","柯O美","04-26357266","04-26351576","有","有"
"45886449","20170712","20210814","鼎元企業有限公司","DING YUAN ELECTRIC FAN CO., LTD.","臺中市大肚區中和里南榮路468巷16號1樓","1 F., No. 16, Ln. 468, Nanrong Rd., Zhonghe Vil., Dadu Dist., Taichung City 43245, Taiwan (R.O.C.)","林O毅","04-26932815","","有","有"
"45886476","20230314","20230314","茂豐鑽石企業有限公司","MAO FENG DIAMOND IN ENTERPRISE CO., LTD","臺中市大雅區上楓里民族街93號1樓","1 F., No. 93, Minzu St., Shangfeng Vil., Daya Dist., Taichung City 428009, Taiwan (R.O.C.)","李O梅","04-25602705","04-25602897","有","有"
"45886546","20160725","20230111","三英有限公司","VICTOR SAN YING CO., LTD.","新北市新莊區中正路853之5號（1樓）","1F., No. 853-5, Zhongzheng Rd., Xinzhuang Dist.,  New Taipei City 242061, Taiwan (R.O.C.)","黃O震","04-23108283","","有","有"
"45886551","20160712","20210814","萊明雷射科技有限公司","LAIMI LASER TECHNOLOGY LTD.","臺中市西屯區上德里弘孝路19號12樓之1","12F.-1, No. 19, Hongxiao Rd., Shangde Vil., Xitun Dist., Taichung City 40757, Taiwan (R.O.C.)","陳O聰","04-27061412","04-27061412","有","有"
"45886665","20231130","20231130","大霸奈隆有限公司","ReFor Taiwan Limited","臺中市烏日區九德里明德街61號","No. 61, Mingde St., Jiude Vil., Wuri Dist., Taichung City 414006, Taiwan (R.O.C.)","林O葳","0952680918","","有","有"
"45886721","20240304","20240615","泰一國際貿易有限公司","Taiyi Intraco LTD.","臺中市南屯區惠中里大墩十街262號20樓之2","20 F.-2, No. 262, Dadun 10th St., Huizhong Vil., Nantun Dist., Taichung City 408367, Taiwan (R.O.C.)","蕭O明","","","有","有"
"45886882","20221116","20221116","致動有限公司","Zi Dong Limited Company","臺中市南區福平里三民西路247號二樓","2 F., No. 247, Sanmin W. Rd., Fuping Vil., South Dist., Taichung City 402027, Taiwan (R.O.C.)","陳O史","0423761601","","有","有"
"45886953","20161011","20220106","星裕成有限公司","STARMILESTONE TECH CO.","臺中市南屯區文山里精科七路2號","No. 2, Jingke 7th Rd., Wenshan Vil., Nantun Dist., Taichung City 40852, Taiwan (R.O.C.)","桂O璟","04-23580355","04-23580336","有","有"
"45886996","20161018","20250410","鈞泰工業有限公司","GU-TEK INTERNATIONAL INDUSTRIAL CORP. LTD.,","臺中市西屯區大鵬里文心路三段241號21樓之2","21F.-2, No. 241, Sec. 3, Wenxin Rd., Dapeng Vil., Xitun Dist., Taichung City 40753, Taiwan (R.O.C.)","","04-25574381","","無","無"
"45887025","20160707","20210814","信誠塑膠工業有限公司","RELIANCE PLASTICS INDUSTRY CO., LTD.","臺中市沙鹿區興安里興安路51巷12號1樓","1 F., No. 12, Ln. 51, Xing’an Rd., Xing’an Vil., Shalu Dist., Taichung City 43351, Taiwan (R.O.C.)","王O陵","04-26302950","04-26302970","有","有"
"45887067","20160707","20230322","舒利渼股份有限公司","SUREMED INCORPORATION","臺中市北屯區文心路三段447號17樓","17 F., No. 447, Sec. 3, Wenxin Rd., Beitun Dist., Taichung City 406505, Taiwan (R.O.C.)","陳O中","04-22979313#114","04-22975083","有","有"
"45887101","20160802","20210813","青松戶外國際有限公司","BLUE PINE OUTDOOR INTERNATIONAL CO., LTD.","臺中市南區福平里美村路二段71號12樓之2","12F.-2, No. 71, Sec. 2, Meicun Rd., Fuping Vil., South Dist., Taichung City 40244, Taiwan (R.O.C.)","林O松","04-22656369","04-22656967","有","有"
"45887117","20160801","20250204","浩克國際股份有限公司","MERGED HULK CO., LTD.","臺中市北區太原路二段183之3號","No. 183-3, Sec. 2, Taiyuan Rd., North Dist., Taichung City 404032, Taiwan (R.O.C.)","馬O平","02-27588893","","無","無"
"45887263","20160719","20221110","佳博斯國際貿易有限公司","JOB BOSS INTERNATIONAL TRADE CO., LTD.","臺中市南屯區大業里大墩路764號3樓之1","3 F.-1, No. 764, Dadun Rd., Daye Vil., Nantun Dist., Taichung City 408317, Taiwan (R.O.C.)","盧O銘","04-22629999","04-22627575","有","有"
"45887313","20160818","20230225","瓏京電子商務有限公司","WOOD N CO., LTD.","臺中市北屯區水景里松竹五路185號12樓之2","12F.-2, No. 185, Songzhu 5th Rd., Shuijing Vil., Beitun Dist.,  Taichung City 406, Taiwan (R.O.C.)","郭O妏","04-24362771","","無","無"
"45887355","20160914","20210813","漢思特國際有限公司","HAMSTER CRAFT CO., LTD.","臺中市北區健行里忠明路424號20樓之1","20F.-1, No. 424, Zhongming Rd., Jianxing Vil., North Dist., Taichung City 40466, Taiwan (R.O.C.)","戴O超","0988551388","04-22026803","有","有"
"45887405","20160713","20230111","嘉億新材料有限公司","BILLIONS NEW MATERIAL CO., LTD.","臺中市大里區新里里德芳路二段57之5號","No. 57-5, Sec. 2, Defang Rd., Xinli Vil., Dali Dist., Taichung City 412020, Taiwan (R.O.C.)","張O銓","04-24811267","","有","有"
"45887432","20230726","20230726","研大國際有限公司","IANDA INTERNATIONAL LTD.","臺中市大肚區頂街里沙田路三段31號","No. 31, Sec. 3, Shatian Rd., Dingjie Vil., Dadu Dist., Taichung City 432013, Taiwan (R.O.C.)","陳O雄","04-26998996","","有","有"
"45887448","20160818","20210813","大群五金有限公司","DA CYUN HARDWARE CO., LTD.","臺中市西區公德里精誠十八街3號1樓","1 F., No. 3, Jingcheng 18th St., Gongde Vil., West Dist., Taichung City 40359, Taiwan (R.O.C.)","賴O村","0921-991737","","有","有"
"45887502","20231117","20231117","天璽管理顧問有限公司","tianshiguan ligu wen CO., LTD.","臺中市南區永和里高工路388之9號","No. 388-9, Gaogong Rd., Yonghe Vil., South Dist., Taichung City 402023, Taiwan (R.O.C.)","蔡O旻","","","有","有"
"45887518","20190128","20220730","昇泉生物科技股份有限公司","SHENG QUAN BIOTECHNOLOGY CO., LTD.","新竹市東區光明里光復路二段101號（創新育成中心）","No. 101, Sec. 2, Guangfu Rd., Guangming Vil., East Dist., Hsinchu City 300044, Taiwan (R.O.C.)","陳O志","04-24060448","04-8873655","有","有"
"45887600","20181214","20210813","尼克盟科技有限公司","Nickmeng Technology Co., Ltd.","臺中市北區錦村里自強街26巷7號","No. 7, Ln. 26, Ziqiang St., Jincun Vil., North Dist., Taichung City 40450, Taiwan (R.O.C.)","蔡O真","04-25359298","04-25355538","有","有"
"45887637","20160817","20241231","永固環保科技有限公司","YUNG KU ENVIRONMENTAL TECHNOLOGY CO., LTD.","臺中市南屯區三厝里三和街166號5樓之7","5 F.-7, No. 166, Sanhe St., Sancuo Vil., Nantun Dist., Taichung City 408006, Taiwan (R.O.C.)","黃O雯","04-23365656","04-23365656","有","有"
"45887664","20160718","20230111","駿甫企業有限公司","JYUN FU LTD.","臺中市梧棲區南簡里大智路一段698號3樓","3 F., No. 698, Sec. 1, Dazhi Rd., Nanjian Vil., Wuqi Dist., Taichung City 435061, Taiwan (R.O.C.)","溫O明","04-26576111","04-26573355","有","有"
"45887783","20160711","20230323","冠慶科技印刷有限公司","GUAN CHING TECHNICAL PRINTING CO., LTD.","嘉義市西區福全里友和路73號一樓","1 F., No. 73, Youhe Rd., Fuquan Vil., West Dist., Chiayi City 600071, Taiwan (R.O.C.)","范O榞","0919096085","","無","無"
"45887989","20161019","20210814","鑫岳戶外休閒有限公司","SHIN YUEH OUTDOOR GEAR CO. LTD.","臺中市南屯區向上南路一段163之7號1樓","1 F., No. 163-7, Sec. 1, Xiangshang S. Rd., Nantun Dist., Taichung City 40864, Taiwan (R.O.C.)","汪O南","04-24724589","04-24721536","有","有"
"45888002","20180816","20231227","崇錡科技有限公司","CHUNG JI technology Co., Ltd.","臺中市大里區西湖里中山路427號","No. 427, Zhongshan Rd., Xihu Vil., Dali Dist., Taichung City 412026, Taiwan (R.O.C.)","林O隆","04-24964922","04-24964927","有","有"
"45888045","20160719","20250503","順寶實業有限公司","SHUNBAO ENTERPRISE CO., LTD.","臺中市大肚區沙田路一段512巷98號","No. 98, Ln. 512, Sec. 1, Shatian Rd., Fushan Vil., Dadu Dist., Taichung City 43246, Taiwan (R.O.C.)","陳O宇","0968-672777","","有","有"
"45888087","20221123","20240420","森綠有限公司","MORI GREEN CO., LTD.","臺中市北區太平路19巷3弄22號1樓","1 F., No. 22, Aly. 3, Ln. 19, Taiping Rd., North Dist., Taichung City 404008, Taiwan (R.O.C.)","王O慧","04-23597758","","有","有"
"45888093","20160805","20210813","尚璽文承有限公司","SHINESHI-WENCHENG CO., LTD.","臺中市北區賴村里中清路一段372號3樓","3 F., No. 372, Sec. 1, Zhongqing Rd., Laicun Vil., North Dist., Taichung City 40462, Taiwan (R.O.C.)","王O媛","0966578996","096657899","有","有"
"45888116","20160811","20220425","美星壓克力有限公司","MEI SING ACRYLIC CO., LTD.","臺中市北屯區北屯路298巷6之6弄178號1樓","1 F., No. 6-178, Aly. 6, Ln. 298, Beitun Rd., Beitun Dist., Taichung City 40654, Taiwan (R.O.C.)","石O祐","04-22771531","04-22771533","有","有"
"45888170","20160714","20241030","永勝雲端有限公司","NEO ONE DIGITALS LTD.","臺中市西區中興里中興街183號4樓之1","4 F.-1, No. 183, Zhongxing St., Zhongxing Vil., West Dist., Taichung City 403022, Taiwan (R.O.C.)","","04-23210690","04-23210790","無","無"
"45888278","20160713","20231125","峰順科技股份有限公司","FENG SHUN TECHNOLOGY CO., LTD.","臺中市南屯區寶山里五權西路三段1巷87之2號","No. 87-2, Ln. 1, Sec. 3, Wuquan W. Rd., Baoshan Vil., Nantun Dist., Taichung City 408022, Taiwan (R.O.C.)","柯O峰","04-23804027","","有","有"
"45888349","20160722","20230206","瑋拓設計整合有限公司","MITOWITO CO., LTD.","臺中市西區吉龍里五權八街113號6樓之3","6 F.-3, No. 113, Wuquan 8th St., Jilong Vil., West Dist., Taichung City 403030, Taiwan (R.O.C.)","陳O士","0423892968","","有","有"
"45888447","20160714","20220721","楷龍有限公司","BEST KLONG CO., LTD.","臺中市烏日區溪埧里溪南路一段360號1樓","1 F., No. 360, Sec. 1, Xinan Rd., Xiju Vil., Wuri Dist., Taichung City 414019, Taiwan (R.O.C.)","黃O龍","04-23350710","","有","有"
"45888468","20240327","20240327","齊瑞室內裝修企業有限公司","CHI RUEI INTERIOR DESIGN ENTERPRISE CO., LTD.","臺中市北屯區松竹里崇德五路132號","No. 132, Chongde 5th Rd., Songzhu Vil., Beitun Dist., Taichung City 406022, Taiwan (R.O.C.)","廖O惠","","","有","有"
"45888495","20181001","20210813","承億輪胎有限公司","Chengyi Tire Co., Ltd.","臺中市大雅區四德里中山路136號1樓","1 F., No. 136, Zhongshan Rd., Side Vil., Daya Dist., Taichung City 42841, Taiwan (R.O.C.)","張O明","04-25683003","04-25668513","有","有"
"45888517","20160727","20210813","世紀春科技實業有限公司","CENTURIAL SPRING TECH. ENTERPRISE CO., LTD.","臺中市大里區永隆里永隆二街190號1樓","1 F., No. 190, Yonglong 2nd St., Yonglong Vil., Dali Dist., Taichung City 41257, Taiwan (R.O.C.)","楊O如","04-24070358","","有","有"
"45888571","20160719","20230606","亞新貿易有限公司","CUTTING EDGE LUBE TECH TRADE CO., LTD.","臺中市霧峰區豐正路538巷16號1樓","1 F., No. 16, Ln. 538, Fengzheng Rd., Wufeng Dist., Taichung City 413001, Taiwan (R.O.C.)","黃O書","04-23336377","","有","有"
"45888592","20170816","20240412","唐宙國際有限公司","HOLYRIDGE OUTDOOR GEAR LAB LTD.","新北市新莊區雙鳳路90巷4弄8號","No. 8, Aly. 4, Ln. 90, Shuangfeng Rd., Xinzhuang Dist., New Taipei City 24256, Taiwan (R.O.C.)","","","","無","無"
"45888609","20160823","20210813","鉅特科技有限公司","GREATTECH TECHNOLOGY LTD.","臺中市北屯區東光里旱溪西路三段158號1樓","1 F., No. 158, Sec. 3, Hanxi W. Rd., Dongguang Vil., Beitun Dist., Taichung City 40647, Taiwan (R.O.C.)","林O見","04-24351680","04-24351669","有","有"
"45888690","20160722","20210814","威德精密科技有限公司","WEI DE PRECISION TECHNOLOGY CO., LTD.","臺中市大里區仁德里四育街28號","No. 28, Siyu St., Rende Vil., Dali Dist., Taichung City 41279, Taiwan (R.O.C.)","江O德","09-23799344","04-23205789","有","有"
"45888734","20181116","20210813","寶饌食品有限公司","BAO ZHUAN FOODS CO.,LTD.","臺中市大里區大元里國中路176巷10號","No. 10, Ln. 176, Guozhong Rd., Dayuan Vil., Dali Dist., Taichung City 41262, Taiwan (R.O.C.)","陳O融","04-24071847","","有","有"
"45888740","20160831","20210812","碩威有限公司","SOWEI CO., LTD.","臺中市西屯區文心路二段566之1號3樓之1","3F.-1, No. 566-1, Sec. 2, Wenxin Rd., Xitun Dist., Taichung City 40758, Taiwan (R.O.C.)","陳O鑫","02-22988882","02-22989082","有","有"
"45888777","20190805","20210813","沅鼎實業有限公司","YUTING FOOD INGREDIENTS CO., LTD.","臺中市南區樹德里復興北路511號地下室2樓","2 F., No. 511, Fuxing N. Rd., Shude Vil., South Dist., Taichung City 40242, Taiwan (R.O.C.)","張O維","04-27061708","","有","有"
"45888798","20160719","20210815","川玥實業有限公司","THE PALAZZO WINERY CO., LTD.","臺中市西屯區上石路113號1樓","1 F., No. 113, Shangshi Rd., Xitun Dist., Taichung City 40745, Taiwan (R.O.C.)","施O宏","04-22546778","04-22547778","有","有"
"45888811","20160801","20250215","多秝貿易事業有限公司","DOLLY TRADE GLOBAL CO.","臺中市南屯區田心里五權西路二段518之1號1樓","1 F., No. 518-1, Sec. 2, Wuquan W. Rd., Tianxin Vil., Nantun Dist., Taichung City 408007, Taiwan (R.O.C.)","江O于","0972-932046","","有","無"
"45888832","20160923","20240321","上洋全球有限公司","TOP OCEAN GLOBAL INTERNATIONAL CO., LTD.","高雄市左營區華夏路1339號15樓之3","15 F.-3, No. 1339, Huaxia Rd., Zuoying Dist., Kaohsiung City 813514, Taiwan (R.O.C.)","許OO","04-27084888","","無","無"
"45888853","20240723","20250613","劻拓工程顧問有限公司","SUSTAINOVATION VENTURES CO., LTD.","臺中市西屯區潮洋里朝富路213號15樓之6","15 F.-6, No. 213, Chaofu Rd., Chaoyang Vil., Xitun Dist., Taichung City 407609, Taiwan (R.O.C.)","盧O明","04-22510011","","有","有"
"45888869","20160919","20230218","瑞益工程有限公司","RUIYI ENGINEERING CO., LTD.","新竹縣竹北市大義里鳳岡路二段650巷26號2樓","2F., No. 26, Ln. 650, Sec. 2,  Fenggang Rd., Dayi Vil., Zhubei City,  Hsinchu County 302, Taiwan (R.O.C.)","林O村","03-5561645","03-5562842","無","無"
"45888875","20170728","20210815","御石有限公司","TEIKOKU CO., LTD.","臺中市南屯區永順路726號1樓","1 F., No. 726, Yongshun Rd., Nantun Dist., Taichung City 40877, Taiwan (R.O.C.)","沈O賦","0922360502","0424613272","有","有"
"45888919","20160801","20221115","雅月有限公司","Vinology LTD.","臺北市中正區忠孝東路1段152號12樓之5","12 F.-5, No. 152, Sec. 1, Zhongxiao E. Rd., Zhongzheng Dist., Taipei City 100024, Taiwan (R.O.C.)","蘇O利","02-89537161","02-89537163","有","有"
"45889017","20170307","20240927","珍玉有限公司","Z&Y SOLUTION CO., LTD.","臺中市霧峰區吉峰里吉峰路150之12號1樓","1 F., No. 150-12, Jifeng Rd., Jifeng Vil., Wufeng Dist., Taichung City 41348, Taiwan (R.O.C.)","賴O薇","04-23324465","","有","有"
"45889121","20160720","20221028","阿士哥海產有限公司","ASGO SEAFOOD CO., LTD.","臺中市西屯區協和里安和路53號1樓","1 F., No. 53, Anhe Rd., Xiehe Vil., Xitun Dist., Taichung City 407022, Taiwan (R.O.C.)","莊O琴","04-23504551","","有","有"
"45889277","20160811","20210812","歐斯德有限公司","OXYTEK CORP.","臺中市西區民龍里臺灣大道二段239號9樓之2","9F.-2, No. 239, Sec. 2, Taiwan Blvd., Minlong Vil., West Dist., Taichung City 40350, Taiwan (R.O.C.)","黃O家","04-23218700","","有","有"
"45889305","20160720","20231020","晟堃資本股份有限公司","CHENG KUN CAPITAL CO., LTD.","臺中市西區民龍里臺灣大道二段307號6樓之1","6 F.-1, No. 307, Sec. 2, Taiwan Blvd., Minlong Vil., West Dist., Taichung City 403505, Taiwan (R.O.C.)","郭O甫","04-23302225","","有","有"
"45889327","20220902","20220902","中韻國際文化展演有限公司","Just Arts International Cultural Performance Ltd.","臺中市北區華中街15號","No. 15, Huazhong St., North Dist., Taichung City 404025, Taiwan (R.O.C.)","黃O玉","04-22070976","","有","有"
"45889396","20160719","20250226","百富自動化控制有限公司","PROFLOW AUTOCON LTD.","臺北市南港區昆陽街140巷15號1樓","1 F., No. 15, Ln. 140, Kunyang St., Nangang Dist., Taipei City 115011, Taiwan (R.O.C.)","陳O光","0935150352","","有","有"
"45889430","20230315","20230315","業璽開發有限公司","David & Judy CO., LTD.","臺中市大里區新里里大里路424號1樓","1 F., No. 424, Dali Rd., Xinli Vil., Dali Dist., Taichung City 412022, Taiwan (R.O.C.)","張O任","0424068627","","有","有"
"45889451","20180105","20220701","立鋐科技有限公司","Li Zhi Technology Co., Ltd.","臺中市東區十甲里旱溪東路一段415號1樓","1F., No. 415, Sec. 1, Hanxi E. Rd., East Dist., Taichung City 郵遞區號 , Taiwan (R.O.C.)","張O苑","04-22152226","","有","有"
"45889473","20160722","20210813","宇程紡織有限公司","PHENOM TEXTILE CO., LTD.","臺中市沙鹿區鹿峰里中山路643-18號1樓","1 F., No. 643-18, Zhongshan Rd., Lufeng Vil., Shalu Dist., Taichung City 43344, Taiwan (R.O.C.)","蕭O程","0426223550","","有","有"
"45889500","20180321","20230211","鈞竑科技股份有限公司","Jiun-Hung Technology Co., Ltd.","臺中市北屯區舊社里北屯路453之6號","No. 453-6, Beitun Rd., Jiushe Vil., Beitun Dist., Taichung City 406015, Taiwan (R.O.C.)","李O庸","04-22446633","04-22447386","有","有"
"45889537","20160819","20230511","伸運國際貿易事業有限公司","SENSEWIIN INTERNATIONAL LIMITED","臺中市龍井區南寮里中沙路南寮巷2弄30號1樓","1 F., No. 30, Aly. 2, Nanliao Ln., Zhongsha Rd., Nanliao Vil., Longjing Dist., Taichung City 434006, Taiwan (R.O.C.)","傅O芝","04-26524086","04-26331452","有","有"
"45889635","20170818","20210814","裕豪食品有限公司","YUMMY MEAT CO., LTD.","臺中市西屯區大河里大河街82號","No. 82, Dahe St., Dahe Vil., Xitun Dist., Taichung City 40753, Taiwan (R.O.C.)","辛O豪","04-24360066","","有","有"
"45889754","20220221","20230510","威泰企業有限公司","Welltai enterprise co., LTD.","臺中市北屯區東光里北屯路286號5樓之8","5 F.-8, No. 286, Beitun Rd., Dongguang Vil., Beitun Dist., Taichung City 406501, Taiwan (R.O.C.)","何O翰","04-24630030","","有","有"
"45889760","20160824","20210815","美夢魔法貿易有限公司","UM POUCO DE MAGIA LIMITED","臺中市南區樹德里復興北路793號","No. 793, Fuxing N. Rd., Shude Vil., South Dist., Taichung City 40242, Taiwan (R.O.C.)","黃O梅","0981865863","","無","無"
"45889781","20160720","20240529","五暘企業有限公司","WIN YANG TEXTILE CO., LTD.","臺中市清水區武鹿里中清路九段538巷35號1樓","1 F., No. 35, Ln. 538, Sec. 9, Zhongqing Rd., Wulu Vil., Qingshui Dist., Taichung City 436038, Taiwan (R.O.C.)","","04-26268996","04-26268096","無","無"
"45889804","20181012","20231007","得梨思有限公司","Delys International Co., Ltd.","臺中市南屯區東興路二段127號1樓、2樓","1 F., 2F., No. 127, Sec. 2, Dongxing Rd., Nantun Dist., Taichung City 408026, Taiwan (R.O.C.)","蔡O蓉","0938262692","","有","有"
"45889826","20160720","20230331","台灣森麒麟股份有限公司","SENTURY TW. CO., LTD.","臺中市西屯區福林里玉門路166號2樓","2 F., No. 166, Yumen Rd., Fulin Vil., Xitun Dist., Taichung City 407006, Taiwan (R.O.C.)","顏O偉","04-23505582","04-23597037","有","有"
"45889852","20160720","20230707","庭富國際有限公司","T FOODIES INTERNATIONAL CO., LTD.","臺中市北屯區東山路一段192巷56弄18號1樓","1F., No. 18, Aly. 56, Ln. 192, Sec. 1,  Dongshan Rd., Beitun Dist.,  Taichung City 406013, Taiwan (R.O.C.)","徐O禎","04-24366659","","有","有"
"45889924","20240322","20240322","董敬業企業股份有限公司","Dong Jingye Enterprise CO., LTD.","臺中市外埔區鐵山里長生路563號1樓","1 F., No. 563, Changsheng Rd., Tieshan Vil., Waipu Dist., Taichung City 438024, Taiwan (R.O.C.)","董O維","04-26868573","","有","有"
"45889993","20170215","20230707","化境數位整合行銷有限公司","NAN SHI XUAN CO., LTD","高雄市前鎮區林森四路217巷42號1樓","1F., No. 42, Ln. 217, Linsen 4th Rd., Qianzhen Dist.,  Kaohsiung City , Taiwan (R.O.C.)","張O翔","07-2810001","07-2810001","有","有"
"45890014","20180123","20221021","寰裕實業有限公司","QANYU INDUSTRIAL MFG. CO., LTD.","臺中市清水區楊厝里楊厝一街46巷22號1樓","1 F., No. 22, Ln. 46, Yangcuo 1st St., Yangcuo Vil., Qingshui Dist., Taichung City 436043, Taiwan (R.O.C.)","邱O展","04-26230262","04-26235035","有","有"
"45890020","20180504","20240904","可翼國際有限公司","Canwing international Limited Company","臺中市北屯區新平里中平路898號","No. 898, Zhongping Rd., Xinping Vil., Beitun Dist., Taichung City 406028, Taiwan (R.O.C.)","","04-22372127","04-22372423","無","無"
"45890160","20160726","20231004","祥宸企業股份有限公司","SHIANG CHEN FASTENERS CO., LTD.","臺中市烏日區前竹里仁義街16號2樓","2 F., No. 16, Renyi St., Qianzhu Vil., Wuri Dist., Taichung City 414001, Taiwan (R.O.C.)","","0919280713","","無","無"
"45890181","20160805","20210814","漢將健康科技有限公司","RACE-FITNESS LTD.","臺中市西區民生北路88號1樓","1 F., No. 88, Minsheng N. Rd., West Dist., Taichung City 40341, Taiwan (R.O.C.)","謝O龍","0915-498899","04-23102068","有","有"
"45890197","20160726","20210815","佳倡國際有限公司","JIA CHANG LEATHER INTERNATIONAL CO., LTD.","彰化縣埔心鄉太平村平和路1巷150號","No. 150, Ln. 1, Pinghe Rd., Puxin Township, Changhua County 51346, Taiwan (R.O.C.)","張O靜","04-25683910","","有","有"
"45890231","20160729","20240729","蔦谷田植萃生技有限公司","TSUTATANIDA BEAUTY CO.,LTD.","臺中市西屯區福中里福中九街10巷12號2樓","2 F., No. 12, Ln. 10, Fuzhong 9th St., Fuzhong Vil., Xitun Dist., Taichung City 40766, Taiwan (R.O.C.)","江O芸","04-23588256","","有","有"
"45890268","20220623","20220623","雄豐針織有限公司","SYONG FONG Industrical Co., Ltd","臺中市外埔區大同里外埔路801號","No. 801, Waipu Rd., Datong Vil., Waipu Dist., Taichung City 438017, Taiwan (R.O.C.)","王O豐","04-26888678","","有","有"
"45890274","20220822","20220822","熊午吉行銷整合有限公司","Xiong Wuji Marketing Integration Co., Ltd.","臺中市西區模範街31巷30號2樓","2 F., No. 30, Ln. 31, Mofan St., West Dist., Taichung City 403005, Taiwan (R.O.C.)","許O群","0912769255","","有","有"
"45890289","20160808","20241205","達欣興業有限公司","DAXIN FOOTWEAR CO., LTD.","臺中市豐原區西湳里仁洲街9號2樓","2 F., No. 9, Renzhou St., Xinan Vil., Fengyuan Dist., Taichung City 420009, Taiwan (R.O.C.)","彭O珍","04-25121191","","有","有"
"45890350","20170123","20210813","凱豐國際有限公司","KAI FUNG INTERNATIONAL CO., LTD.","臺中市梧棲區文化里民生街22之22號1樓","1 F., No. 22-22, Minsheng St., Wenhua Vil., Wuqi Dist., Taichung City 43546, Taiwan (R.O.C.)","何O柔","0988539460","","有","有"
"45890372","20160728","20230322","瀧宸科技股份有限公司","LONGTERM TECHNOLOGY CO., LTD.","臺中市神岡區圳前里三民路152巷1之2號1樓","1 F., No. 1-2, Ln. 152, Sanmin Rd., Zunqian Vil., Shengang Dist., Taichung City 429011, Taiwan (R.O.C.)","魏O廷","04-25622322","","有","有"
"45890393","20160726","20210813","土木香有限公司","INULA CO., LTD.","臺中市西屯區大祥街10號","No. 10, Daxiang St., Xitun Dist., Taichung City 40758, Taiwan (R.O.C.)","陳O良","04-23100040","","有","有"
"45890458","20160727","20231017","小林通用材料有限公司","A LIN MATERIALS CO., LTD.","臺中市北屯區文心路四段83號19樓","19 F., No. 83, Sec. 4, Wenxin Rd., Beitun Dist., Taichung City 40667, Taiwan (R.O.C.)","","0963-249396","","無","無"
"45890470","20170802","20210815","奕智有限公司","SUNG-DE TECHNOLOGY CO., LTD.","臺中市大肚區成功里文昌路三段2巷193弄41號","No. 41, Aly. 193, Ln. 2, Sec. 3, Wenchang Rd., Chenggong Vil., Dadu Dist., Taichung City 43243, Taiwan (R.O.C.)","王O德","04-26993978","06-26995877","有","有"
"45890534","20170801","20210813","熊大間企業有限公司","BBH. ICE & CAFE CO., LTD.","臺中市太平區育才路442號1樓","1 F., No. 442, Yucai Rd., Taiping Dist., Taichung City 41155, Taiwan (R.O.C.)","杜O涵","04-23918128","04-23918128","有","有"
"45890540","20220315","20220315","毅錡國際數位股份有限公司","EZAI TECHNOLOGY CO., LTD.","臺中市西屯區潮洋里市政北二路238號30樓之3","30F.-3, NO. 238, SHIZHENG N. 2ND RD., CHAOYANG VIL., XITUN DIST., TAICHUNG CITY 40756, TAIWAN (R.O.C.)","詹O凱","04-22556677","04-22556688","無","無"
"45890577","20170413","20230607","捷行股份有限公司","CHEN BROS MERCHANDISE CO.","臺中市西屯區協和里工業區30路8號","No. 8, Gongyequ 30th Rd., Xiehe Vil., Xitun Dist., Taichung City 407021, Taiwan (R.O.C.)","陳O傳","04-23590989","04-23594647","有","有"
"45890611","20161205","20240829","立炘精密材料股份有限公司","REXINTEK CO., LTD.","臺中市大里區光正路262號3樓","3 F., No. 262, Guangzheng Rd., Dali Dist., Taichung City 412037, Taiwan (R.O.C.)","曾O彬","0935103232","","有","有"
"45890627","20170206","20210813","鼎立弘有限公司","DLH TEAMGREAT CO., LTD.","臺中市南屯區大同里東興路二段186號8樓之5","8F.-5, No. 186, Sec. 2, Dongxing Rd., Datong Vil., Nantun Dist., Taichung City 40878, Taiwan (R.O.C.)","潘O鵬","04-24711985","04-24712541","有","有"
"45890680","20160816","20210813","威朋企業有限公司","TEAM JACK ENTERPRISE CO., LTD.","臺中市北屯區水景里軍福十八路311號4樓之7","4F.-7, No. 311, Junfu 18th Rd., Shuijing Vil., Beitun Dist., Taichung City 40644, Taiwan (R.O.C.)","傅O樑","0932620755","","有","有"
"45890788","20231215","20231215","正大五金企業有限公司","Jheng Da Hardware Enterprise LTD.","苗栗縣竹南鎮竹南里和平街81號6樓之1","6 F.-1, No. 81, Heping St., Zhunan Vil., Zhunan Township, Miaoli County 350001, Taiwan (R.O.C.)","劉O琪","037-676276","","有","有"
"45890801","20160826","20221019","景富貿易有限公司","JING RICH TRADING CO., LTD.","臺中市東勢區新豐街40號1樓","1 F., No. 40, Xinfeng St., Dongshi Dist., Taichung City 423001, Taiwan (R.O.C.)","吳O慧","0936-583393","047-981896","有","有"
"45890817","20160929","20240131","睿亞光電股份有限公司","REAL OPTRONICS CORPORATION","桃園市中壢區松江南路11號","No. 11, Songjiang S. Rd., Zhongli Dist., Taoyuan City 320030, Taiwan (R.O.C.)","柯O民","03-4617089","03-4617095","有","有"
"45890865","20210602","20210813","智堃工業有限公司","Wisland industry Co., Ltd.","臺中市清水區下湳里中山路537號","No. 537, Zhongshan Rd., Xianan Vil., Qingshui Dist., Taichung City 43643, Taiwan (R.O.C.)","嚴O盛","04-26222191","04-26222192","有","有"
"45890892","20190315","20210813","乾掄有限公司","QIAN-LUN ENTERPRISE CO., LTD.","臺中市大雅區文雅里中山北路551號1樓","1 F., No. 551, Zhongshan N. Rd., Wenya Vil., Daya Dist., Taichung City 42843, Taiwan (R.O.C.)","陳O元","04-25603763","04-25603793","有","有"
"45890921","20180528","20230907","廣穎國際企業有限公司","Before The Rains International Enterprises Limited","臺南市安南區安順里總安街1段110巷86弄7號1樓","1 F., No. 7, Aly. 86, Ln. 110, Sec. 1, Zong’an St., Anshun Vil., Annan Dist., Tainan City 709036, Taiwan (R.O.C.)","許O蕎","06-3563849","","無","無"
"45891013","20170904","20250515","傳承織品有限公司","GENUS HOME-FASHION INC.","","","","02-27594725","02-27267110","無","無"
"45891055","20190419","20220906","愛樂客國際生活事業有限公司","Ay Leh Keh international Life Career Co., LTD.","臺南市北區和緯路2段2號5樓之3","5 F.-3, No. 2, Sec. 2, Hewei Rd., North Dist., Tainan City 704008, Taiwan (R.O.C.)","賴O琴","0934003333","","有","有"
"45891127","20160415","20231209","群融生物科技股份有限公司","Green Feel Biotechnology Co., Ltd.","臺南市北區元寶里開元路485巷41弄6號3樓之9","3 F.-9, No. 6, Aly. 41, Ln. 485, Kaiyuan Rd., Yuanbao Vil., North Dist., Tainan City 704002, Taiwan (R.O.C.)","","0939630923","","無","無"
"45891169","20160427","20210814","嘉泰生技有限公司","CHIA TAI BIOTECHNOLOGY CO., LTD.","臺南市南區金華里賢南街78號1樓","1 F., No. 78, Xiannan St., Jinhua Vil., South Dist., Tainan City 70249, Taiwan (R.O.C.)","黃O明珠","06-2925866","","有","有"
"45891219","20170220","20210815","蕙翔有限公司","HUEY SHANG ENTERPRISE CO., LTD.","臺南市佳里區東寧里信義一街418巷53號1樓","1 F., No. 53, Ln. 418, Xinyi 1st St., Dongning Vil., Jiali Dist., Tainan City 72249, Taiwan (R.O.C.)","林O均","0910253303","06-7224952","有","有"
"45891225","20170220","20210814","和蕙有限公司","HO HUEY ENTERPRISE CO., LTD.","臺南市佳里區東寧里信義一街418巷53號1樓","1 F., No. 53, Ln. 418, Xinyi 1st St., Dongning Vil., Jiali Dist., Tainan City 72249, Taiwan (R.O.C.)","林O均","0910253303","06-7224952","有","有"
"45891246","20190314","20230701","翔展精密工業有限公司","SiangChan Precision Industrial Co., LTD.","高雄市茄萣區莒光路3段288之12號","No. 288-12, Sec. 3, Juguang Rd., Qieding Dist., Kaohsiung City 852003, Taiwan (R.O.C.)","吳O豪","07-6907600#103","07-6907611","有","有"
"45891317","20160425","20210814","裕智企業有限公司","TANGS INTERNATIONAL CO., LTD.","臺南市東區裕聖里14鄰裕信三街128號1樓","1 F., No. 128, Yuxin 3rd St., 14th Neighborhood, Yusheng Vil., East Dist., Tainan City 70163, Taiwan (R.O.C.)","凃O智","06-3317520","06-3311563","有","有"
"45891371","20160415","20240111","富沂有限公司","DAWN HOLDING (TAIWAN) CO., LTD.","臺中市太平區中興里永義路156號","No. 156, Yongyi Rd., Zhongxing Vil., Taiping Dist., Taichung City 411001, Taiwan (R.O.C.)","王O湘","04-23960083","04-23960083","有","有"
"45891386","20170418","20230112","圓融金屬粉末股份有限公司","CIRCLE METAL POWDER CO., LTD.","臺南市安南區媽祖宮里科技五路21號3樓","3 F., No. 21, Keji 5th Rd., Annan Dist., Tainan City 709015, Taiwan (R.O.C.)","黃O棟","06-3841321#371","06-3842653","有","有"
"45891442","20160420","20210815","興佳實業有限公司","HSING JIA ENTERPRISE LTD.","臺南市安南區溪東里郡安路五段41號1樓","1 F., No. 41, Sec. 5, Jun’an Rd., Xidong Vil., Annan Dist., Tainan City 70957, Taiwan (R.O.C.)","楊O賢","06-3960525","","有","有"
"45891506","20190222","20210814","易鋒科技有限公司","Yee Fong Technology Co., Ltd.","臺南市南區喜東里明興路六八一巷二二號1樓","1 F., No. 22, Ln. 681, Mingxing Rd., Xidong Vil., South Dist., Tainan City 70261, Taiwan (R.O.C.)","李O梅","06-2668406","06-2958777","有","有"
"45891512","20160420","20220323","彩旺企業有限公司","SAIN WANGE ENTERPRISE CO., LTD.","臺南市中西區民權路1段254號1樓","1 F., No. 254, Sec. 1, Minquan Rd., West Central Dist., Tainan City 70044, Taiwan (R.O.C.)","吳O緹","06-2211475","","有","有"
"45891604","20161208","20210814","權能國際科技有限公司","FULLY SOLUTIONS INTERNATIONAL TECHNOLOGY CO., LTD.","臺南市東區東門路一段298號5樓之13","5F.-13, No. 298, Sec. 1, Dongmen Rd., East Dist., Tainan City 70142, Taiwan (R.O.C.)","王O明","0956303306","","有","有"
"45891772","20160429","20210814","金富成生物科技股份有限公司","KING-FORTUNE BIOTECH CORP.","臺南市東區裕豐街122號1樓","1 F., No. 122, Yufeng St., East Dist., Tainan City 70148, Taiwan (R.O.C.)","邱O堃","06-2582987","06-2581918","無","無"
"45891843","20160607","20210814","永恆欣企業有限公司","YONG HENG XING ENTERPRISE CO., LTD.","臺南市永康區勝華街３７巷３７弄４５號1樓","1 F., No. 45, Aly. 37, Ln. 37, Shenghua St., Yongkang Dist., Tainan City 71084, Taiwan (R.O.C.)","陳O琴","0919-245685","","有","有"
"45891858","20241009","20241009","兆飛鴻有限公司","ZHAO FEI HONG CO., LTD.","臺南市安平區億載里永華十一街63號3樓","3 F., No. 63, Yonghua 11th St., Yizai Vil., Anping Dist., Tainan City 708003, Taiwan (R.O.C.)","杜O兆","06-2957818","06-2953709","有","有"
"45891941","20160823","20210814","博仕媞生醫科技有限公司","BOSITY BIOMEDICAL TECHNOLOGY CO., LTD.","臺南市北區大豐里武聖路160巷1號3樓","3 F., No. 1, Ln. 160, Wusheng Rd., Dafeng Vil., North Dist., Tainan City 70454, Taiwan (R.O.C.)","黃O倫","06-2595166","06-2590566","有","有"
"45891978","20160726","20230510","銘理揚科技股份有限公司","MERRY YOUNG CO., LTD.","臺南市仁德區仁德里文華路3段428巷132號","No. 132, Ln. 428, Sec. 3, Wenhua Rd., Rende Vil., Rende Dist.,  Tainan City 717, Taiwan (R.O.C.)","陳O佑","0936389088","","有","有"
"45892012","20160428","20210815","南台有限公司","NAN TAI CO., LTD.","臺南市北區成功里北成路87號1樓","1 F., No. 87, Beicheng Rd., Chenggong Vil., North Dist., Tainan City 70460, Taiwan (R.O.C.)","蔡O昌","0913-103-128","","無","無"
"45892028","20160617","20250101","奧德修斯太空股份有限公司","ODYSSEUS SPACE INC.","臺北市大安區忠孝東路4段126之16號","No. 126-16, Sec. 4, Zhongxiao E. Rd., Da'an Dist., Taipei City 106071, Taiwan (R.O.C.)","","06-2008281","","無","無"
"45892033","20230926","20231124","立華揚精密股份有限公司","LHY PRECISION CO., LTD.","臺南市關廟區埤頭里關新路2段38號","No. 38, Sec. 2, Guanxin Rd., Pitou Vil., Guanmiao Dist., Tainan City 718001, Taiwan (R.O.C.)","林O華","06-5959515","06-5959259","有","有"
"45892049","20160905","20210815","一特諾動力儲能股份有限公司","ETERNAL ECOPOWER CORP., LTD.","臺南市南區金華里健康路二段339號","No. 339, Sec. 2, Jiankang Rd., Jinhua Vil., South Dist., Tainan City 70249, Taiwan (R.O.C.)","吳O德","06-5990060","06-5990899","有","有"
"45892147","20160606","20250415","耆樂股份有限公司","CALEBASIA CO., LTD.","臺南市北區永祥里大武街542巷21號2樓","2 F., No. 21, Ln. 542, Dawu St., Yongxiang Vil., North Dist., Tainan City 704021, Taiwan (R.O.C.)","林O偉","06-2004189","06-2084141","有","有"
"45892168","20160428","20210814","律華貿易有限公司","POLYNICE TRADE CO., LTD.","臺南市中西區府前路一段36號1樓","1 F., No. 36, Sec. 1, Fuqian Rd., West Central Dist., Tainan City 70046, Taiwan (R.O.C.)","呂O叡","06-5782558","06-5783001","有","有"
"45892202","20160606","20240912","元良五金有限公司","YUAN LIANG HARDWARE CO., LTD.","臺南市南區彰南里新義南路5-1號","No. 5-1, Xinyi S. Rd., Zhangnan Vil., South Dist., Tainan City 702014, Taiwan (R.O.C.)","甘O瑋","06-2983732","06-2983508","有","有"
"45892224","20160428","20210814","聚高科技有限公司","CHU KAO CO., LTD.","臺南市永康區塩行里中正一街48號","No. 48, Zhongzheng 1st St., Yongkang Dist., Tainan City 71066, Taiwan (R.O.C.)","周O傑","0938413261","","有","有"
"45892239","20160604","20250123","右偉企業有限公司","YU WEI CLOUD ENTERPRISE CO., LTD.","臺南市安南區大安里安通路5段479號1樓","1 F., No. 479, Sec. 5, Antong Rd., Da’an Vil., Annan Dist., Tainan City 709011, Taiwan (R.O.C.)","廖O昇","06-2566030","06-2566101","有","有"
"45892272","20160510","20211016","興誠實業有限公司","KOUSEI ZITUGYOU CO., LTD.","高雄市苓雅區英明路256號3樓","3 F., No. 256, Yingming Rd., Lingya Dist., Kaohsiung City 80265, Taiwan (R.O.C.)","洪O誠","0988754995","","無","無"
"45892287","20160630","20210814","科農生物科技有限公司","SCIENFARM BIOLOGICAL TECHNOLOGY CO., LTD.","臺南市永康區復興里復興路277巷228號","No. 228, Ln. 277, Fuxing Rd., Fuxing Vil., Yongkang Dist., Tainan City 71051, Taiwan (R.O.C.)","林O豐","06-5755092","","無","無"
"45892293","20160616","20210814","凱立開發實業有限公司","KARRIE DEVELOPMENT CO., LTD.","臺南市永康區鹽行里中正二街215號","No. 215, Zhongzheng 2nd St., Yanxing Vil., Yongkang Dist., Tainan City 71047, Taiwan (R.O.C.)","洪O聰","06-3965858","06-3965558","有","有"
"45892316","20220317","20220317","大騰塑料有限公司","DA TENG PLASTIC CO., LTD.","臺南市北區實踐街39巷31弄1號1樓","1 F., No. 1, Aly. 31, Ln. 39, Shijian St., North Dist., Tainan City 70461, Taiwan (R.O.C.)","黃O騰","06-2575312","06-2575313","有","有"
"45892322","20160427","20210814","顏瑜燕開發有限公司","YEN YU-YEN DEVELOPING CO., LTD.","臺南市永康區埔園里中山路278號1樓","1 F., No. 278, Zhongshan Rd., Puyuan Vil., Yongkang Dist., Tainan City 71090, Taiwan (R.O.C.)","劉O和","0921405007","","無","無"
"45892343","20160503","20210813","大鑫機械有限公司","DAXIN MACHINERY CO., LTD.","臺南市白河區河東里糞箕湖83之2號1樓","1 F., No. 83-2, Fenjihu, Hedong Vil., Baihe Dist., Tainan City 73252, Taiwan (R.O.C.)","薛O榮","0926762258","","有","有"
"45892385","20160505","20250125","奇儷有限公司","KIRI INTERNATIONAL TRADE CO., LTD.","臺南市中西區開山路287號","No. 287, Kaishan Rd., West Central Dist., Tainan City 70047, Taiwan (R.O.C.)","","0988807702","06-2130783","無","無"
"45892391","20160506","20210814","禾宇特生技有限公司","HOLMES BEST BIOTECHNOLOGY CO., LTD.","臺南市新營區中營里東山中路13號1樓","1 F., No. 13, Dongshan Central Rd., Zhongying Vil., Xinying Dist., Tainan City 73048, Taiwan (R.O.C.)","江O德","06-6351769","06-6351729","有","有"
"45892420","20160602","20210813","科妍有限公司","KEYAN TRADE CO.,  LTD.","臺南市新化區太平里忠孝路68號1樓","1 F., No. 68, Zhongxiao Rd., Taiping Vil., Xinhua Dist., Tainan City 71251, Taiwan (R.O.C.)","陳O美","06-2688666","06-2688099","無","無"
"45892456","20181012","20231019","昱峯有限公司","Spectre Co., Ltd.","臺南市七股區十份里十份93號1樓","1 F., No. 93, Shifen, Shifen Vil., Qigu Dist., Tainan City 72453, Taiwan (R.O.C.)","","0912100268","","無","無"
"45892580","20200925","20210930","宸明科技股份有限公司","mtech corporation Ltd.","臺南市東區德高里仁和路145之2號1樓","1 F., No. 145-2, Renhe Rd., Degao Vil., East Dist., Tainan City 70174, Taiwan (R.O.C.)","郭O銘","062090644","","有","有"
"45892619","20240605","20240605","青年食品實業有限公司","YOUTH FOOD INDUSTRY CO., LTD.","臺南市佳里區六安里青年街169號之1","No. 169-1, Qingnian St., Liu’an Vil., Jiali Dist., Tainan City 722008, Taiwan (R.O.C.)","李O榮","0928019018","","有","有"
"45892717","20170706","20210813","鉅礌石業有限公司","CHU LEI STONE CO., LTD.","臺南市仁德區民安路二段382巷51弄9號1樓","1 F., No. 9, Aly. 51, Ln. 382, Sec. 2, Min’an Rd., Rende Dist., Tainan City 71758, Taiwan (R.O.C.)","莊O瑄","06-2667200","06-2667199","有","有"
"45892765","20160510","20210814","澄驛新能源有限公司","SOLARBRO CO., LTD.","臺南市南區新昌里五妃街362號2樓","2 F., No. 362, Wufei St., Xinchang Vil., South Dist., Tainan City 70248, Taiwan (R.O.C.)","李O辰","06-2237037","06-2217202","有","有"
"45892771","20170307","20210814","益生堂凡吉力事業有限公司","YSTANG FUNJILI CO., LTD.","臺南市安平區石門里安平路644號1樓","1 F., No. 644, Anping Rd., Shimen Vil., Anping Dist., Tainan City 70850, Taiwan (R.O.C.)","楊O翰","06-2209336","","有","有"
"45892786","20160526","20240408","大兆先進有限公司","DZP PILING CO., LTD.","臺南市永康區西灣里永大路2段556巷29號","No. 29, Ln. 556, Sec. 2, Yongda Rd., Xiwan Vil., Yongkang Dist., Tainan City 710047, Taiwan (R.O.C.)","劉O光","06-2667777","06-2662788","有","有"
"45892842","20170209","20210814","南嶸科技股份有限公司","NAN RONG MECHANICAL CO., LTD.","臺南市西港區慶安里中州21之6號","No. 21-6, Zhongzhou, Qing’an Vil., Xigang Dist., Tainan City 72351, Taiwan (R.O.C.)","蕭O斌","06-7954655","06-7952774","有","有"
"45892940","20160826","20210814","崇渼精密有限公司","CHONG MEI PRECISION CO., LTD.","臺南市安南區佃東里安新一路169號","No. 169, Diandong Vil., Annan Dist., Tainan City 709, Taiwan (R.O.C.)","黃O夫","06-2511481","06-2513446","有","有"
"45893053","20160520","20210815","荃合科技有限公司","Cyuan He Technology CO., LTD.","臺南市善化區東關里裕德路68巷36號1樓","1 F., No. 36, Ln. 68, Yude Rd., Dongguan Vil., Shanhua Dist., Tainan City 74181, Taiwan (R.O.C.)","謝O山","06-5976933","","有","有"
"45893194","20160512","20210815","業佳科技企業有限公司","YE JIA TECHNOLOGY ENTERPRISES CO., LTD.","臺南市歸仁區歸仁里中山路一段236號之1  2樓","12 F., No. 236, Sec. 1, Zhongshan Rd., Guiren Vil., Guiren Dist., Tainan City 71142, Taiwan (R.O.C.)","鄭O名","","","有","有"
"45893363","20170327","20231124","元利同企業有限公司","YUAN LI TONG ENTERPRISE CO., LTD.","臺南市安南區安和路4段94巷43弄41號1樓","1 F., No. 41, Aly. 43, Ln. 94, Sec. 4, Anhe Rd., Annan Dist., Tainan City 709029, Taiwan (R.O.C.)","賴O穎","06-3557878","06-3561893","有","有"
"45893379","20160520","20210815","意化科技有限公司","CREATIVE CULTURAL TECHNOLOGY LIMITED","臺南市東區富裕里裕農路12號1樓","1 F., No. 12, Yunong Rd., Fuyu Vil., East Dist., Tainan City 70151, Taiwan (R.O.C.)","陳O昌","06-2678303","06-2678337","有","有"
"45893384","20160624","20210814","安祐有限公司","AN YOU DEVELOPMENT CO., LTD.","臺南市南區再興里新城街70號","No. 70, Xincheng St., Zaixing Vil., South Dist., Tainan City 70247, Taiwan (R.O.C.)","蘇O雅","06-2642117","06-2634141","有","有"
"45893407","20160520","20210814","晟月科技有限公司","CASTLE MOON TECHNOLOGY LIMITED","臺南市安平區國平里健康二街78號1樓","1 F., No. 78, Jiankang 2nd St., Guoping Vil., Anping Dist., Tainan City 70846, Taiwan (R.O.C.)","陳O如","06-2678303","06-2678337","有","有"
"45893429","20160531","20230108","思拓科電子科技有限公司","STROKE ELECTRONIC TECHNOLOGY CO., LTD.","臺南市北區興北里北門路2段141巷166號1樓","1 F., No. 166, Ln. 141, Sec. 2, Beimen Rd., Xingbei Vil., North Dist., Tainan City 704009, Taiwan (R.O.C.)","陳O長","06-2810331","06-2501355","無","無"
"45893434","20160526","20230608","永利織品有限公司","YONG LI FABRIC LIMITED CO., LTD.","臺南市南區南都里中華南路2段315巷5弄7號5樓","5 F., No. 7, Aly. 5, Ln. 315, Sec. 2, Zhonghua S. Rd., Nandu Vil., South Dist., Tainan City 702008, Taiwan (R.O.C.)","李O宸","06-2620108","06-2964573","有","有"
"45893455","20170515","20210815","舒健美國際開發有限公司","DAILIX INTERNATIONAL SERVICE LTD.","臺南市永康區復華三街68號6樓之6","6F.-6, No. 68, Fuhua 3rd St., Yongkang Dist., Tainan City 71085, Taiwan (R.O.C.)","鄭O軒","06-2331527","","有","有"
"45893461","20160520","20211103","台灣斯藝堂有限公司","TAIWAN SIH-YI TANG CO., LTD.","臺南市安南區安新五路101號","No. 101, Annan Dist., Tainan City 709, Taiwan (R.O.C.)","蘇O綺","0916906850","06-2412904","有","有"
"45893482","20221018","20221018","大泳能源股份有限公司","DA YONG ENERGY CO., LTD.","臺南市安平區國平路599號6樓之17","6 F.-17, No. 599, Guoping Rd., Anping Dist., Tainan City 708005, Taiwan (R.O.C.)","李O慧","0906100709","","有","有"
"45893547","20170724","20210815","昇昌明企業有限公司","SHENG CHANG MING ENTERPRISE CO., LTD.","臺南市安南區州北里北安路四段607號一樓","1 F., No. 607, Sec. 4, Bei’an Rd., Zhoubei Vil., Annan Dist., Tainan City 70959, Taiwan (R.O.C.)","林O晨","06-5935319","06-5935329","有","有"
"45893618","20200416","20240120","駿鴻開發有限公司","Jyunhong Development Co., Ltd.","高雄市鳥松區夢裡西巷15之15號","No. 15-15, Mengli W. Ln., Niaosong Dist., Kaohsiung City 833162, Taiwan (R.O.C.)","吳O遠","06-2479095","06-2474855","有","有"
"45893666","20160602","20230727","慈沐科技有限公司","CIH MU TECH CO., LTD.","臺南市永康區蔦松里正北三路113巷8號1樓","1 F., No. 8, Ln. 113, Zhengbei 3rd Rd., Niaosong Vil., Yongkang Dist., Tainan City 71042, Taiwan (R.O.C.)","黃O祺","06-2423473","06-2423475","有","有"
"45893693","20180914","20211204","麗可國際有限公司","Li-Ke International Engineering Co., Ltd.","臺南市中西區大涼里府前一街109巷12號","No. 12, Ln. 109, Fuqian 1st St., Daliang Vil., West Central Dist., Tainan City 70062, Taiwan (R.O.C.)","陳O印","0918521529","","有","有"
"45893722","20160525","20210815","金寶兒有限公司","KIM BABY CO., LTD.","臺南市善化區小新里小新營316號","No. 316, Xiaoxinying, Xiaoxin Vil., Shanhua Dist., Tainan City 74170, Taiwan (R.O.C.)","李O儀","0927-311701","","有","有"
"45893808","20160725","20210815","凱勝實業有限公司","SHENG JIE KAI CO., LTD.","臺南市東山區東河里吉貝耍180之2號","No. 180-2, Jibeishua, Donghe Vil., Dongshan Dist., Tainan City 73350, Taiwan (R.O.C.)","楊O傑","0916355419","","有","有"
"45893835","20180906","20220818","利碩數位行銷股份有限公司","RESOURCE DIGITAL CO., LTD.","臺南市仁德區仁德里文華路3段428巷130弄5號","No. 5, Aly. 130, Ln. 428, Wenhua Rd., Rende Vil., Rende Dist., Tainan City 717, Taiwan (R.O.C.)","顏O宇","06-2496789","06-2490856","有","有"
"45893841","20160524","20240109","香凱堤國際有限公司","SIANGKAITI INTERNATIONAL, LTD.","臺南市中西區藥王里20鄰和真街52號12樓","12 F., No. 52, Hezhen St., 20th Neighborhood, Yaowang Vil., West Central Dist., Tainan City 700026, Taiwan (R.O.C.)","劉O宸","06-2267299","06-2266537","無","無"
"45893862","20200602","20240911","硬幫幫科技有限公司","Information Helpers Group Technology co., Ltd.","臺中市北區崇德路一段631號17樓之2","17 F.-2, No. 631, Sec. 1, Chongde Rd., North Dist., Taichung City 404511, Taiwan (R.O.C.)","李O財","0910-784964","","有","無"
"45893883","20181113","20230617","金宏輕金屬股份有限公司","Jinhong Light Metal Co., Ltd.","臺南市仁德區中洲里中洲路1326巷52號1樓","1F., No. 52, Ln. 1326, Zhongzhou Rd., Zhongzhou Vil., Rende Dist.,  Tainan City 717, Taiwan (R.O.C.)","趙O强","06-2668886","06-2668898","有","有"
"45893912","20160526","20220525","淇聚一堂股份有限公司","GELATEAM CORPORATION","臺南市中西區赤嵌里忠義路2段138號1樓","1 F., No. 138, Sec. 2, Zhongyi Rd., Chiqian Vil., West Central Dist., Tainan City 70050, Taiwan (R.O.C.)","王O廉","06-2206338","","有","有"
"45893949","20200206","20230908","暉春有限公司","SUNNY SPRING MOLD CO., LTD.","臺南市西港區劉厝里蚶西港8之18號1樓","1 F., No. 8-18, Hanxigang, Liucuo Vil., Xigang Dist., Tainan City 72350, Taiwan (R.O.C.)","","06-7952640","06-7954157","無","無"
"45894010","20200715","20230321","佳承智慧科技股份有限公司","ARKLAB SMART HOME CO., LTD.","臺南市永康區埔園里龍埔街299號1樓","1 F., No. 299, Longpu St., Puyuan Vil., Yongkang Dist., Tainan City 710048, Taiwan (R.O.C.)","林O良","02-22583812","02-25151160","有","有"
"45894139","20160525","20210814","明擎自動化有限公司","MEANING AUTOMATION CO., LTD.","臺南市永康區東橋里中山南路３４７巷４９號1樓","1 F., No. 49, Ln. 347, Zhongshan S. Rd., Dongqiao Vil., Yongkang Dist., Tainan City 71078, Taiwan (R.O.C.)","魯O輝","06-2316101","","有","有"
"45894150","20160622","20210814","聖鴻國際塑膠開發有限公司","SHENG HONG INTERNATIONAL PLASTIC DEVELOPMENT CO., LTD.","臺南市永康區尚頂里中正南路３４９巷７０號一樓","1 F., No. 70, Ln. 349, Zhongzheng S. Rd., Shangding Vil., Yongkang Dist., Tainan City 71067, Taiwan (R.O.C.)","鍾O桃","06-2530009","06-2530032","有","有"
"45894172","20190508","20230706","和玄有限公司","HO HSUAN TECHNOLOGY CO., LTD.","臺南市永康區中正二街336巷81號","No. 81, Ln. 336, Zhongzheng 2nd St., Yongkang Dist., Tainan City 710007, Taiwan (R.O.C.)","萬O寬","06-2432427","06-2432440","有","有"
"45894187","20160620","20210814","觀頤有限公司","GUAN-YI COSMETICS CO., LTD.","臺南市南區佛壇里灣裡路６４０巷１１號1樓","1 F., No. 11, Ln. 640, Wanli Rd., Fotan Vil., South Dist., Tainan City 70258, Taiwan (R.O.C.)","馬O儀","06-2626716","","有","有"
"45894216","20160531","20210815","穩売自販有限公司","WINMAI VENDING CO., LTD.","臺南市北區文元里中華北路二段53巷39弄1號3樓","3 F., No. 1, Aly. 39, Ln. 53, Sec. 2, Zhonghua N. Rd., Wenyuan Vil., North Dist., Tainan City 70460, Taiwan (R.O.C.)","楊O鑒","06-2800919","06-2801915","有","有"
"45894222","20160620","20230218","巨煬股份有限公司","GIVEYOUNG INTERNATIONAL CO., LTD.","臺南市永康區中華里小東路689-78號","No. 689-78, Xiaodong Rd., Zhonghua Vil., Yongkang Dist., Tainan City 710012, Taiwan (R.O.C.)","吳O璋","0986817381","","無","無"
"45894258","20160804","20220426","奕為有限公司","EW CO., LTD.","臺南市永康區中華路144-1號地下一層","No. 144-1, Zhonghua Rd., Yongkang Dist., Tainan City 71069, Taiwan (R.O.C.)","曾O德","06-2817833","06-2817833","有","有"
"45894285","20160530","20210814","金佳機械有限公司","GOLDPLUS MACHINERY COMPANY LIMITED","臺南市歸仁區中正南路二段70號1樓","1 F., No. 70, Sec. 2, Zhongzheng S. Rd., Guiren Dist., Tainan City 71150, Taiwan (R.O.C.)","蘇O賢","06-3032265","06-3032286","有","有"
"45894383","20160601","20210812","浩業股份有限公司","HOW YEH CO., LTD.","臺南市安定區嘉同里六塊寮30之29號1樓","1 F., No. 30-29, Liukuailiao, Anding Dist., Tainan City 74556, Taiwan (R.O.C.)","胡O華","06-5930079","06-5930048","有","有"
"45894433","20160630","20240307","田鼎食品有限公司","TIAN DING General Goods Trading CO., LTD","臺南市關廟區關新路1段845號1樓","1 F., No. 845, Sec. 1, Guanxin Rd., Guanmiao Dist., Tainan City 718001, Taiwan (R.O.C.)","張O華","06-2537101","06-2543600","有","有"
"45894460","20201126","20231118","嘉龍實業有限公司","Jialong Industrial Co., Ltd.","臺北市大安區信義路4段170號3樓","3 F., No. 170, Sec. 4, Xinyi Rd., Da’an Dist., Taipei City 106643, Taiwan (R.O.C.)","郭O晸","0929-083212","","有","有"
"45894476","20160604","20210814","伊恩寶貝國際有限公司","IANBABY INTERNATIONAL CO., LTD.","臺南市北區中華北路一段631號1樓","1 F., No. 631, Sec. 1, Zhonghua N. Rd., North Dist., Tainan City 70455, Taiwan (R.O.C.)","黃O婷","06-2503097","","有","有"
"45894546","20170622","20210815","天廈科技有限公司","IWI TECHNOLOGY CO., LTD.","臺南市安平區建平七街457號1樓","1 F., No. 457, Jianping 7th St., Anping Dist., Tainan City 70846, Taiwan (R.O.C.)","梁O名","07-2258277","","有","有"
"45894659","20160602","20230112","謙崴股份有限公司","CIAN WEI CO., LTD.","臺南市北區正覺里正覺街102巷40弄58號1樓","1 F., No. 58, Aly. 40, Ln. 102, Zhengjue St., Zhengjue Vil., North Dist., Tainan City 704005, Taiwan (R.O.C.)","謝O峰","04-25229008","","有","有"
"45894686","20190129","20230908","瑀展實業有限公司","MOXI MOXI CO., LTD.","臺南市安平區民權路4段441巷2弄2號2樓","2 F., No. 2, Aly. 2, Ln. 441, Sec. 4, Minquan Rd., Anping Dist., Tainan City 708009, Taiwan (R.O.C.)","張O瑀","06-2211147","","有","有"
"45894692","20210625","20210814","立烽國際有限公司","LIFONG INTL Semi-TSS LTD.","桃園市中壢區青峰路1段49號3樓","3 F., No. 49, Zhongli Dist., Taoyuan City 320, Taiwan (R.O.C.)","黃O芸","03-2873338","03-2871717","有","有"
"45894709","20160531","20210814","宣洋科技股份有限公司","FIRSTECH CORP.","新竹縣竹北市縣政二十一街59號5樓","5 F., No. 59, Xianzheng 21st St., Zhubei City, Hsinchu County 30269, Taiwan (R.O.C.)","蕭O川","03-6568526","","有","有"
"45894763","20160606","20211026","富聯塑膠股份有限公司","FU LIAN PLASTICS CO., LTD.","臺南市官田區渡拔里拔子林83之44號","No. 83-44, Bazilin, Guantian Dist., Tainan City 72044, Taiwan (R.O.C.)","夏O辰","0952098600","065794216","有","有"
"45894807","20160608","20231107","馨茂國際有限公司","SYNCMOS INTERNATIONAL LTD.","臺南市永康區東灣里民族路147號2樓","2 F., No. 147, Minzu Rd., Dongwan Vil., Yongkang Dist., Tainan City 710037, Taiwan (R.O.C.)","陳O豪","06-2513212","06-2513212","有","有"
"45894813","20160620","20210815","邁杰國際科技股份有限公司","MAGUS INTERNATIONAL TECHNOLOGY CO., LTD.","臺北市中山區長春路219號8樓","8 F., No. 219, Changchun Rd., Zhongshan Dist., Taipei City 10479, Taiwan (R.O.C.)","趙O傑","02-25048527","","有","有"
"45894834","20240528","20240528","和散那淨化有限公司","HOSANNA Purification CO., LTD.","臺南市東區東門路2段251號1樓","1 F., No. 251, Sec. 2, Dongmen Rd., East Dist., Tainan City 701044, Taiwan (R.O.C.)","林O男","062371160","","有","有"
"45894861","20161017","20210611","宗新包裝機械有限公司","TSUNG SIN PACKING MACHINERY CO., LTD.","臺南市東區裕聖里裕孝路516號1樓","1 F., No. 516, Yuxiao Rd., Yusheng Vil., East Dist., Tainan City 70162, Taiwan (R.O.C.)","吳O霖","0956132555","","有","有"
"45894882","20160621","20231103","立盈企業有限公司","TOPSHOW ENTERPRISE LTD.","臺南市南區西門路1段579號2樓","2 F., No. 579, Sec. 1, Ximen Rd., South Dist., Tainan City 702005, Taiwan (R.O.C.)","陳O美","06-2502688","","有","有"
"45894905","20170426","20210814","慶驊度量衡器有限公司","JENG-HENG SCALE AND WEIGHING SYSTEM LTD.","臺南市永康區復興路26巷31-3號1樓","1 F., No. 31-3, Ln. 26, Fuxing Rd., Yongkang Dist., Tainan City 71051, Taiwan (R.O.C.)","張O哲","06-2058115","","有","有"
"45894911","20160816","20231125","鴻成喬國際有限公司","GEORGES HC CO., LTD.","臺南市仁德區北保東路47號1樓","1 F., No. 47, Beibao E. Rd., Rende Dist., Tainan City 717008, Taiwan (R.O.C.)","","0958710332","","無","無"
"45894980","20180919","20250114","榮星精密科技有限公司","Shining Star precision technology CO., LTD.","臺南市永康區中華路619巷41-2號","No. 41-2, Ln. 619, Zhonghua Rd., Yongkang Dist., Tainan City 710009, Taiwan (R.O.C.)","黃O美","06-2335595","","有","有"
"45894996","20161128","20230214","景欣股份有限公司","JING-XIN SOLAR LTD.","臺南市安南區安和路4段36巷173號","No. 173, Ln. 36, Sec. 4, Anhe Rd., Annan Dist., Tainan City 709029, Taiwan (R.O.C.)","廖O伶","06-3566355","06-3567355","有","有"
"45895051","20160620","20250214","大大汽車股份有限公司","LARGE LARGE AUTOMOBILE LTD.","臺南市東區中華東路3段452巷8弄32號","No. 32, Aly. 8, Ln. 452, Sec. 3, Zhonghua E. Rd., East Dist., Tainan City 701027, Taiwan (R.O.C.)","蔡O澤","06-2907555","06-2907370","有","有"
"45895067","20160802","20210814","喜之妍國際有限公司","SIZYAN INTERNATIONAL CO., LTD.","臺南市南區光明里新興路539號6樓之3","6F.-3, No. 539, Xinxing Rd., Guangming Vil., South Dist., Tainan City 70268, Taiwan (R.O.C.)","鄭O惠","0978108587","","有","有"
"45895123","20160624","20240724","紘碩貿易有限公司","HIRO SHUO TRADING CO., LTD.","臺南市柳營區神農里果毅後254之5號1樓","1 F., No. 254-5, Guoyihou, Shennong Vil., Liuying Dist., Tainan City 736003, Taiwan (R.O.C.)","郭O妤","06-6225732","","有","有"
"45895165","20181008","20210815","正揚貿通有限公司","Cubee Games Co., Ltd.","臺南市安平區建平八街551號24樓之12","24F.-12, No. 551, Jianping 8th St., Anping Dist., Tainan City 70848, Taiwan (R.O.C.)","蘇O嫻","06-3841188#219","06-3841199","有","有"
"45895171","20230630","20230630","芊富科技有限公司","Chain-Fortune Technology Limited Company","臺南市新化區豐榮里民治路33巷38號5樓之2","5 F.-2, No. 38, Ln. 33, Minzhi Rd., Fengrong Vil., Xinhua Dist., Tainan City 712006, Taiwan (R.O.C.)","吳O軒","06-5985375","06-5989635","無","無"
"45895209","20160614","20210814","正驊國際有限公司","ZHENGHUA INT'L CO., LTD.","臺南市永康區網寮里永春街36巷12號2樓","2 F., No. 12, Ln. 36, Yongchun St., Wangliao Vil., Yongkang Dist., Tainan City 71065, Taiwan (R.O.C.)","陳O元","06-2011420","06-2039232","有","有"
"45895215","20160620","20250226","捷尼餐飲有限公司","TAI HOO INTL TRADING CO., LTD.","高雄市前金區光復二街169號1樓","1 F., No. 169, Guangfu 2nd St., Qianjin Dist., Kaohsiung City 80148, Taiwan (R.O.C.)","","0989328277","","無","無"
"45895242","20160615","20210814","紘愷國際有限公司","EFS STONE INTL. LTD.","臺南市永康區中山南路166-8號","No. 166-8, Zhongshan S. Rd., Yongkang Dist., Tainan City 71079, Taiwan (R.O.C.)","巫O雯","06-2037921","","有","有"
"45895257","20190212","20210815","佳德車業有限公司","JIA-DE VEHICLE INDUSTRY CO., LTD.","臺南市新營區民榮里太子路88號","No. 88, Taizi Rd., Minrong Vil., Xinying Dist., Tainan City 73052, Taiwan (R.O.C.)","呂O益","06-6569529","","有","有"
"45895313","20170704","20210815","益得自動化有限公司","YI DE AUTOMATION CO., LTD.","臺南市南區喜樹路56巷25號1樓","1 F., No. 25, Ln. 56, Xishu Rd., South Dist., Tainan City 70259, Taiwan (R.O.C.)","陳O壬","06-2430501","06-2626757","有","有"
"45895398","20160616","20211220","森鼎設計室內裝修工程有限公司","SUNDAY TRADING CO., LTD.","臺南市東區前鋒路72號7樓之1","7 F.-1, NO. 72, QIANFENG RD., EAST DIST., TAINAN CITY 70145, TAIWAN (R.O.C.)","李O丞","06-2528800","","有","有"
"45895405","20160623","20210815","壹二茶業有限公司","ONE 2 TEA HOUSE LTD.","臺南市中西區府前路一段122巷159號1樓","1 F., No. 159, Ln. 122, Sec. 1, Fuqian Rd., West Central Dist., Tainan City 70046, Taiwan (R.O.C.)","劉O廷","06-2233319","","有","有"
"45895432","20220920","20230107","創俋印刷企業有限公司","ChuangYu Digital Printing CO., LTD.","新北市板橋區光環路2段72號","No. 72, Sec. 2, Guanghuan Rd., Banqiao Dist., New Taipei City 220749, Taiwan (R.O.C.)","王O棟","06-3843766#107","","有","有"
"45895469","20160714","20210813","汶紳美業有限公司","VINCENT'S BEAUTY IND. CO., LTD.","臺南市中西區兌悅里成功路515號7樓","7 F., No. 515, Chenggong Rd., West Central Dist., Tainan City 70057, Taiwan (R.O.C.)","詹O穎","0985850360","","有","有"
"45895518","20160629","20210814","得俞實業有限公司","DERIVE INDUSTRIAL CO., LTD.","臺南市安平區育平九街372巷33弄24號1樓","1 F., No. 24, Aly. 33, Ln. 372, Yuping 9th St., Anping Dist., Tainan City 70842, Taiwan (R.O.C.)","蘇O雯","06-2936767","06-2938841","有","有"
"45895550","20160620","20220311","阿森斯企業有限公司","ASSENS CO., LTD.","新北市瑞芳區中山路27巷8號(1樓)","1 F., No. 8, Ln. 27, Zhongshan Rd., Ruifang Dist., New Taipei City 22441, Taiwan (R.O.C.)","郭O豪","06-2238803","","有","有"
"45895566","20160628","20210813","琳彥國際有限公司","LINKING YES INTERNATIONAL LTD.","臺南市關廟區香洋里中央路67號1樓","1 F., No. 67, Zhongyang Rd., Xiangyang Vil., Guanmiao Dist., Tainan City 71845, Taiwan (R.O.C.)","林O華","06-5959886","06-5959286","有","有"
"45895691","20160620","20221008","美申企業有限公司","THE ESCALATE. CO., LTD.","臺南市永康區王行路866巷29弄67號1樓","1 F., No. 67, Aly. 29, Ln. 866, Wangxing Rd., Yongkang Dist., Tainan City 710002, Taiwan (R.O.C.)","林O穎","02-24320756","","有","有"
"45895762","20190808","20210814","嘉奕石業有限公司","JIA E STONE CO., LTD.","臺南市永康區勝利里勝華街37巷56號八樓之6","8F.-6, No. 56, Ln. 37, Shenghua St., Shengli Vil., Yongkang Dist., Tainan City 71084, Taiwan (R.O.C.)","潘O敏","07-6167389","07-6142752","有","有"
"45895783","20160722","20221117","仕堃國際股份有限公司","SOLIDCAMTAIWAN CO., LTD.","臺南市安南區工業二路31號","No. 31, Gongye 2nd Rd., Annan Dist., Tainan City 709410, Taiwan (R.O.C.)","許O蓉","06-3841169","06-3841177","有","有"
"45895947","20160624","20211022","宜合國際貿易有限公司","PARTS CARE SERVICE CO., LTD.","臺南市東區崇學里崇學路18號5樓","5 F., No. 18, Chongxue Rd., Chongxue Vil., East Dist., Tainan City 70156, Taiwan (R.O.C.)","余O婷","06-2565047","","有","有"
"45896018","20220106","20230818","久湧實業有限公司","Jiu Yong Industrial Co., Ltd.","臺南市東區崇明里大同路2段433號1樓","1 F., No. 433, Sec. 2, Datong Rd., Chongming Vil., East Dist., Tainan City 701012, Taiwan (R.O.C.)","李O玟","06-2609111","","有","有"
"45896045","20160711","20230111","五祺國際貿易有限公司","WUQI INTERNATIONAL CO., LTD.","臺南市中西區淺草里金華路3段230號3樓之1","3 F.-1, No. 230, Sec. 3, Jinhua Rd., Qiancao Vil., West Central Dist., Tainan City 700002, Taiwan (R.O.C.)","黃O舜","0925686166","","無","無"
"45896087","20160718","20210814","瑞真國際股份有限公司","VINOTECH INTERNATIONAL CO., LTD.","臺南市北區西門路四段507巷11號1樓","1 F., No. 11, Ln. 507, Sec. 4, Ximen Rd., North Dist., Tainan City 70460, Taiwan (R.O.C.)","蘇O大","06-2812773","06-2819063","有","有"
"45896116","20160630","20241231","佐運企業有限公司","Flowave Water Industry Co., Ltd.","高雄市鳳山區建國路1段401巷1之1號","No. 1-1, Ln. 401, Sec. 1, Jianguo Rd., Fengshan Dist., Kaohsiung City 83046, Taiwan (R.O.C.)","","07-7450995","07-7450945","無","無"
"45896122","20170703","20210814","優肯光電有限公司","MY LUMENS TECH CO., LTD.","臺南市東區自強里中華東路二段185巷32號10樓之1","10F.-1, No. 32, Ln. 185, Sec. 2, Zhonghua E. Rd., Ziqiang Vil., East Dist., Tainan City 70155, Taiwan (R.O.C.)","郭O騰","03-2289846","","有","有"
"45896191","20160705","20230111","凱基國際企業有限公司","BLUEQANDY COMPANY","臺南市新市區新和里中正路92巷2號1F","1 F., No. 2, Ln. 92, Zhongzheng Rd., Xinhe Vil., Xinshi Dist., Tainan City 744009, Taiwan (R.O.C.)","藍O耀","06-5013081","06-2289947","有","有"
"45896256","20160628","20230708","吉利雨傘企業有限公司","LUCKY UMBRELLA CORPORATION","臺南市中西區健康路1段210號","No. 210, Sec. 1, Jiankang Rd., West Central Dist., Tainan City 700022, Taiwan (R.O.C.)","","0929314558","","無","無"
"45896283","20171024","20210814","順程科技實業有限公司","SHUN CHENG TECHNOLOGY INDUSTRIAL CO., LTD.","臺南市永康區二王里永二街447巷68弄106號3樓","3 F., No. 106, Aly. 68, Ln. 447, Yong 2nd St., Erwang Vil., Yongkang Dist., Tainan City 71088, Taiwan (R.O.C.)","何O信","0983660120","","有","有"
"45896333","20160627","20230926","豐寶貿易有限公司","Full Treasure CO., LTD.","臺南市東區龍山里德光街15巷27號3樓","3 F., No. 27, Ln. 15, Deguang St., Longshan Vil., East Dist., Tainan City 701037, Taiwan (R.O.C.)","李O瑋","06-5986616","","有","無"
"45896360","20160711","20210814","台灣牙技股份有限公司","FORMOSA DENTECH CO., LTD.","臺南市中西區正德街37巷2號2樓","2 F., No. 2, Ln. 37, Zhengde St., West Central Dist., Tainan City 70054, Taiwan (R.O.C.)","李O隆","06-2985559","","有","有"
"45896376","20170217","20210815","德鑫紙器有限公司","DEXIN BOX CO., LTD.","臺南市東區崇德里崇明十四街75號1樓","1 F., No. 75, Chongming 14th St., Chongde Vil., East Dist., Tainan City 70168, Taiwan (R.O.C.)","蘇O全","0987791710","","有","有"
"45896404","20160628","20210815","庭袖有限公司","T-SPECIAL INTERNATIONAL CO., LTD.","臺南市新營區隋唐街35號1樓","1 F., No. 35, Suitang St., Xinying Dist., Tainan City 73066, Taiwan (R.O.C.)","林O陸","0919638650","07-2853192","有","有"
"45896426","20160627","20230107","莆井企業有限公司","PU JNG ENTERPRISES LTD.","臺南市永康區西勢里西勢路199巷56號","No. 56, Ln. 199, Xishi Rd., Xishi Vil., Yongkang Dist., Tainan City 710019, Taiwan (R.O.C.)","陳O進","","","有","有"
"45896431","20160809","20210814","奇果實業有限公司","TOP WELL CO., LTD.","臺南市東區東光里東平路111號6樓之3","6F.-3, No. 111, Dongping Rd., Dongguang Vil., East Dist., Tainan City 70160, Taiwan (R.O.C.)","余O果","0921616586","","有","有"
"45896452","20160726","20210909","燁銓實業有限公司","YE CHIUAN INDUSTRY CO., LTD.","高雄市岡山區忠誠街42巷6號","No. 6, Ln. 42, Zhongcheng St., Gangshan Dist., Kaohsiung City 82065, Taiwan (R.O.C.)","羅O宸","07-7317700","07-7319090","有","有"
"45896489","20160706","20230721","美立達國際企業有限公司","GCC PACKAGING GROUP CO., LTD.","臺南市安平區文平里永華二街13號1樓","1 F., No. 13, Yonghua 2nd St., Wenping Vil., Anping Dist., Tainan City 708008, Taiwan (R.O.C.)","邱O婕","06-2931286","06-2931287","有","有"
"45896501","20160729","20211123","展搏國際有限公司","GENTECH INTERNATIONAL CORPORATION","臺南市永康區塩行里中正五街156號","No. 156, Zhongzheng 5th St., Yongkang Dist., Tainan City 71066, Taiwan (R.O.C.)","林O鋥","06-2432881","06-2432883","有","有"
"45896523","20160713","20230505","有戲數位股份有限公司","YOUUXI DIGITAL CO., LTD.","屏東縣屏東市崇蘭里崇朝一路136號2樓","2 F., No. 136, Chongchao 1st Rd., Chonglan Vil., Pingtung City, Pingtung County 900071, Taiwan (R.O.C.)","林O蓉","0928183318","","有","有"
"45896559","20160701","20230831","台日精密鋼板材料科技股份有限公司","TAIWAN NIPPON PRECISION STRIP MATERIAL CO., LTD.","臺南市永康區三民里民東路35號","No. 35, Mindong Rd., Sanmin Vil., Yongkang Dist., Tainan City 710002, Taiwan (R.O.C.)","鄭O勇","06-2438768","","有","有"
"45896586","20160818","20210813","崑全企業有限公司","KUN-CYUA CO., LTD.","臺南市柳營區果毅里果毅後33之8號","No. 33-8, Guoyihou, Guoyi Vil., Liuying Dist., Tainan City 73658, Taiwan (R.O.C.)","張O榮","06-6233997","06-6230193","有","有"
"45896684","20190814","20210814","群笙得興企業有限公司","Anyware Corporation LTD.","臺南市中西區府前一街109巷6號6樓","6 F., No. 6, Ln. 109, Fuqian 1st St., West Central Dist., Tainan City 70062, Taiwan (R.O.C.)","林O","0934460718","","有","有"
"45896713","20161212","20230519","新農林檜木精品有限公司","MAR DI SON HINOKI BOUTIQUE CO., LTD.","臺南市麻豆區麻口里麻佳路二段2號","No. 2, Sec. 2, Majia Rd., Makou Vil., Madou Dist., Tainan City 721013, Taiwan (R.O.C.)","楊O娟","06-5702303","06-5702302","有","有"
"45896729","20160705","20240828","宏昌威興業有限公司","HECHWAY CO., LTD.","臺南市新化區竹林里中山路384號1樓","1 F., No. 384, Zhongshan Rd., Zhulin Vil., Xinhua Dist., Tainan City 71243, Taiwan (R.O.C.)","","0987990532","","無","無"
"45896777","20230214","20230214","華益科技實業有限公司","HUAYI INDUSTRIAL CO., LTD.","臺中市北屯區熱河路三段86號2樓","2 F., No. 86, Sec. 3, Rehe Rd., Beitun Dist., Taichung City 406018, Taiwan (R.O.C.)","徐O佑","04-25331212","","有","有"
"45896782","20161017","20210813","聖茗茶業有限公司","SHENG MING TEA CO., LTD.","臺南市柳營區大農里工五路2號","No. 2, Gong 5th Rd., Danong Vil., Liuying Dist., Tainan City 73667, Taiwan (R.O.C.)","郭O麟","06-6231231","06-6231238","有","有"
"45896967","20160722","20210814","宜洲塑膠有限公司","YI ZHOU PLASTIC ENTERPRISE CO., LTD.","臺南市永康區尚頂里塩信街146巷40號","No. 40, Ln. 146, Shangding Vil., Yongkang Dist., Tainan City 710, Taiwan (R.O.C.)","陳O昌","06-2424567","","有","有"
"45896988","20210930","20221228","燒究有限公司","SHOJO CO., LTD.","臺南市東區圍下里育樂街250號1樓","1 F., No. 250, Yule St., Weixia Vil., East Dist., Tainan City 701005, Taiwan (R.O.C.)","洪O宏","05-5325700","","有","有"
"45897136","20190319","20230302","景和生物科技有限公司","GENUINE BIO-MEDICINE TRADING CO., LTD.","臺南市安平區平安里民權路4段329號1樓","1 F., No. 329, Sec. 4, Minquan Rd., Ping’an Vil., Anping Dist., Tainan City 708009, Taiwan (R.O.C.)","吳O庭","06-2508153","06-2509435","有","有"
"45897213","20161018","20241108","世耘國際實業有限公司","SHI YUN BIO-TECH INTERNATIONAL INDUSTRY CORPORATION LTD.","高雄市前鎮區中山二路91號17樓之8","17 F.-8, No. 91, Zhongshan 2nd Rd., Qianzhen Dist., Kaohsiung City 806612, Taiwan (R.O.C.)","羅O杰","06-2523270","06-2527817","無","無"
"45897229","20160727","20210813","創樂設計有限公司","TRYLOVE DESIGN LIMITED COMPANY","臺南市仁德區二行里行大二街17號1樓","1 F., No. 17, Xingda 2nd St., Erxing Vil., Rende Dist., Tainan City 71744, Taiwan (R.O.C.)","林O典","06-2669240","06-2666922","有","有"
"45897261","20211018","20220324","京園食品有限公司","JING YUAN SHI PIN CO., LTD.","臺南市麻豆區埤頭里麻學路一段207號1樓","1 F., No. 207, Sec. 1, Maxue Rd., Pitou Vil., Madou Dist., Tainan City 72152, Taiwan (R.O.C.)","蘇O成","06-5706689","06-5705058","有","有"
"45897277","20160718","20210815","老貳漁舖有限公司","ROYAL FISH SHOP CO., LTD.","臺南市官田區新生街46巷5號","No. 5, Ln. 46, Xinsheng St., Guantian Dist., Tainan City 72041, Taiwan (R.O.C.)","黃O嬌","0979862458","","無","無"
"45897380","20160712","20211015","泰炘興業有限公司","TAICIN SY CO., LTD.","臺南市北區大港里中華北路一段366號1樓","1 F., No. 366, Sec. 1, Zhonghua N. Rd., Dagang Vil., North Dist., Tainan City 70459, Taiwan (R.O.C.)","黄O村","06-2290977","06-2289947","有","有"
"45897467","20160715","20210814","信諾國際貿易有限公司","SINCERENESS LUB TRADING CO., LTD.","臺南市安平區平通里慶平路539號17樓之16","17F.-16, No. 539, Qingping Rd., Pingtong Vil., Anping Dist., Tainan City 70842, Taiwan (R.O.C.)","李O治","0931889901","","有","有"
"45897473","20160712","20221024","珈惠企業有限公司","GRANDER WELL ENTERPRISE CO., LTD.","臺南市永康區六合路68巷10號1樓","1 F., No. 10, Ln. 68, Liuhe Rd., Yongkang Dist., Tainan City 710017, Taiwan (R.O.C.)","楊O惠","06-2714570","06-2739625","無","無"
"45897570","20190305","20210814","晉龍有限公司","CHIN LUNG SEMICONDUCTOR Co., Ltd.","新竹縣竹北市東平里六家一路一段207號5樓","5 F., No. 207, Sec. 1, Liujia 1st Rd., Dongping Vil., Zhubei City, Hsinchu County 30272, Taiwan (R.O.C.)","簡O奇","03-5558856","","有","有"
"45897635","20160722","20240522","勁格貝爾運動科技股份有限公司","JINGLETEK CO., LTD.","臺南市東區東智里崇德二十六街32號1樓","1 F., No. 32, Chongde 26th St., Dongzhi Vil., East Dist., Tainan City 701030, Taiwan (R.O.C.)","林O倫","06-2676309","","有","有"
"45897656","20160811","20230902","金昶貿易有限公司","GIM CHANG TRADE CO., LTD.","臺南市安平區建平一街189巷32號1樓","1 F., No. 32, Ln. 189, Jianping 1st St., Anping Dist., Tainan City 708011, Taiwan (R.O.C.)","","06-2936849","","無","無"
"45897712","20160728","20210814","康金企業有限公司","KANG JIN GOURMET CO., LTD.","臺南市中西區西賢里西賢六街7號1樓","1 F., No. 7, Xixian 6th St., Xixian Vil., West Central Dist., Tainan City 70061, Taiwan (R.O.C.)","許O瑋","0912-765831","","有","有"
"45897749","20240206","20240206","華敬日用品有限公司","HUA JING Household Commodity CO., LTD.","臺南市南區新興里新興路212號1樓","1 F., No. 212, Xinxing Rd., Xinxing Vil., South Dist., Tainan City 702034, Taiwan (R.O.C.)","施O惠","","","有","有"
"45897804","20160729","20241121","達鑫能源科技有限公司","DOSH SOLAR ENERGY CO., LTD.","臺南市仁德區後壁里德南路52號2樓","2 F., No. 52, Denan Rd., Houbi Vil., Rende Dist., Tainan City 717023, Taiwan (R.O.C.)","石O鳴","06-2797150","","有","有"
"45897810","20170901","20240104","雨嵐生技實業有限公司","SWEET YULAN CO., LTD.","臺南市安南區安中路1段560巷5號1樓","1 F., No. 5, Ln. 560, Sec. 1, Anzhong Rd., Annan Dist., Tainan City 709024, Taiwan (R.O.C.)","","06-2459911","06-2459900","無","無"
"45897826","20160802","20241214","富翔生物機電股份有限公司","FORMOSA ENERGY SYSTEM CO., LTD.","臺南市柳營區果毅里果毅後3號之26一樓","1 F., No. 3-26, Guoyihou, Guoyi Vil., Liuying Dist., Tainan City 736003, Taiwan (R.O.C.)","吳O霖","06-6235105","","有","有"
"45897874","20160721","20210814","立友興國際貿易有限公司","LI YOU XING INTERNATIONAL TRADING CO., LTD.","臺南市東區崇學路142巷10弄24號4樓","4 F., No. 24, Aly. 10, Ln. 142, Chongxue Rd., East Dist., Tainan City 70156, Taiwan (R.O.C.)","王O肖英","06-2608022","","無","無"
"45897918","20160926","20210814","三口品進出口有限公司","S CO PING CO., LTD.","臺南市永康區埔園里龍中街697號1樓","1 F., No. 697, Longzhong St., Puyuan Vil., Yongkang Dist., Tainan City 71076, Taiwan (R.O.C.)","李O陞","06-2026222","06-2016647","有","有"
"45897924","20160801","20240905","禎達行銷顧問有限公司","JHEN DA BIOTECH CO., LTD.","臺南市永康區忠義街46號4樓","4 F., No. 46, Zhongyi St., Yongkang Dist., Tainan City 71052, Taiwan (R.O.C.)","李O腕","0911882856","06-2660077","有","有"
"45898000","20210329","20210814","速涼意有限公司","Quick Billion International Co., Ltd.","臺南市中西區西湖里頂美三街121巷93弄13號1樓","1 F., No. 13, Aly. 93, Ln. 121, Dingmei 3rd St., Xihu Vil., West Central Dist., Tainan City 70063, Taiwan (R.O.C.)","吳O璁","06-3125038","","有","有"
"45898183","20161017","20210814","粼光創意影像有限公司","BLINK IMAGE CORPORATION","臺北市大安區忠孝東路4段222號9樓","9 F., No. 222, Sec. 4, Zhongxiao E. Rd., Da’an Dist., Taipei City 10692, Taiwan (R.O.C.)","曾O斌","0986881712","","有","有"
"45898260","20161017","20210814","朋龍農業生物科技有限公司","PONG LONG AGRICULTURE BIO-TECH CO., LTD.","臺南市新化區北勢里北勢155號","No. 155, Beishi, Beishi Vil., Xinhua Dist., Tainan City 71247, Taiwan (R.O.C.)","詹O雄","06-5980343","","有","有"
"45898276","20161125","20210814","華澍國際有限公司","HUA SHU ARTICLE INTERNATIONAL CO., LTD.","臺南市東區泉南里長榮路一段127號4樓","4 F., No. 127, Sec. 1, Changrong Rd., Quannan Vil., East Dist., Tainan City 70143, Taiwan (R.O.C.)","楊O琪","06-2080255","","有","有"
"45898368","20171219","20221109","文連科技有限公司","Winlan Technology Co., Ltd.","臺南市北區北門里長榮路5段400號2樓","2 F., No. 400, Sec. 5, Changrong Rd., Beimen Vil., North Dist., Tainan City 704007, Taiwan (R.O.C.)","陳O鵬","06-2011396","06-2116930","有","有"
"45898389","20160818","20230111","楷特崴科技有限公司","CATTERFLY CO., LTD.","臺南市北區文元里文賢三街33號1樓","1 F., No. 33, Wenxian 3rd St., Wenyuan Vil., North Dist., Tainan City 704031, Taiwan (R.O.C.)","孫O涓","06-2503082","06-2503083","有","有"
"45898402","20190322","20230113","大暘管理顧問有限公司","Da Yang Management Consulting Co., Ltd.","臺南市新化區協興里太平街129號1樓","1 F., No. 129, Taiping St., Xiexing Vil., Xinhua Dist., Tainan City 712004, Taiwan (R.O.C.)","黃O綺","06-5982032","06-5987936","有","有"
"45898418","20200414","20230414","森森共欣股份有限公司","Sensen Gongxin Co., Ltd.","臺南市將軍區保源里苓保83之12號1樓","1F., No. 83-12, Lingbao, Baoyuan Vil., Jiangjun Dist.,  Tainan City 725033, Taiwan (R.O.C.)","林O樺","067945373","","無","無"
"45898493","20160907","20220308","渥爾生醫科技股份有限公司","WOW BIOMEDICAL TECHNOLOGY CORP.","嘉義市東區林森里忠孝路366號4樓","4 F., No. 366, Zhongxiao Rd., Linsen Vil., East Dist., Chiayi City 60081, Taiwan (R.O.C.)","簡O智","05-2763797","05-2757394","有","有"
"45898607","20171115","20241119","新和工業有限公司","Sinher Machinery Co., Ltd.","臺南市永康區埔園里埔園街49號1樓","1 F., No. 49, Puyuan St., Puyuan Vil., Yongkang Dist., Tainan City 710050, Taiwan (R.O.C.)","黃O琪","0933757059","06-2328968","有","有"
"45898613","20160822","20240127","進鴻興業有限公司","JIN HONG TRADIND CO.","臺南市北區和緯路5段234巷5弄43號1樓","1 F., No. 43, Aly. 5, Ln. 234, Sec. 5, Hewei Rd., North Dist., Tainan City 704035, Taiwan (R.O.C.)","朱O岑","0955588061","","有","有"
"45898655","20170516","20210813","博德科技股份有限公司","BO-DE TECHNOLOGY CO., LTD.","臺南市麻豆區中興里10鄰興國路41號之9","No. 41-9, Xingguo Rd., 10th Neighborhood, Zhongxing Vil., Madou Dist., Tainan City 72148, Taiwan (R.O.C.)","莊O發","02-86921382#263","","有","有"
"45898682","20160902","20231019","定向科技有限公司","DIRECTION OF ARRIVAL POSITIONING CO., LTD.","臺南市新營區大宏里新東街34巷13號1樓","1 F., No. 13, Ln. 34, Xindong St., Dahong Vil., Xinying Dist., Tainan City 730009, Taiwan (R.O.C.)","何O誠","06-6528681","06-6563837","有","有"
"45898775","20160908","20210814","逸漮實業有限公司","YEN LUAN INDUSTRIAL CO., LTD.","臺南市仁德區土庫里太乙十二街14號","No. 14, Taiyi 12th St., Tuku Vil., Rende Dist., Tainan City 71747, Taiwan (R.O.C.)","顏O儀","06-2055859","","有","有"
"45898780","20160905","20230818","騰貿有限公司","TENG MAO TECHNOLOGY CO., LTD.","臺南市安南區鹽田里工業二路31號","No. 31, Gongye 2nd Rd., Yantian Vil., Annan Dist., Tainan City 709410, Taiwan (R.O.C.)","林O堯","06-2519693","06-2648372","有","有"
"45898867","20160826","20210814","景翔國際貿易有限公司","JIING SHYANG INTERNATION TRADING CO., LTD.","臺南市安南區原佃里安吉路一段256號1樓","1 F., No. 256, Sec. 1, Anji Rd., Yuandian Vil., Annan Dist., Tainan City 70953, Taiwan (R.O.C.)","莊O璿","06-2562359","06-2561879","有","有"
"45898923","20200427","20210815","田宿股份有限公司","TIEN SU CO., LTD.","臺南市北區文成里文賢路600號3樓","3 F., No. 600, Wenxian Rd., Wencheng Vil., North Dist., Tainan City 70451, Taiwan (R.O.C.)","黃O眞","0932828971","","有","有"
"45899009","20151225","20240624","祥晟科技股份有限公司","CERASSIC TECHNOLOGIES CO., LTD.","臺南市中西區府前路2段283號4樓","4 F., No. 283, Sec. 2, Fuqian Rd., West Central Dist., Tainan City 700025, Taiwan (R.O.C.)","簡O敏","06-5057321","06-5057322","有","有"
"45899036","20160126","20210816","台灣阿美特克股份有限公司台南分公司","AMETEK TAIWAN CORP., LTD. TAINAN BRANCH","臺南市新市區創業路26號1樓","1 F., No. 26, Chuangye Rd., Xinshi Dist., Tainan City 74144, Taiwan (R.O.C.)","湯O源","06-5051339","06-5053212","有","有"
"45899042","20210107","20210816","宇川精密材料科技股份有限公司南科分公司","PentaPro Materials Inc., STSIP Branch","臺南市新市區大業一路13號","No. 13, Daye 1st Rd., Xinshi Dist., Tainan City 74146, Taiwan (R.O.C.)","郭O哲","06-5050135","06-5050138","有","有"
"45899063","20160621","20231121","信捷先進材料有限公司","SYNTH-EDGE ADVANCED MATERIALS CO., LTD.","桃園市新屋區清華里清華二街8號4樓","4 F., No. 8, Qinghua 2nd St., Qinghua Vil., Xinwu Dist., Taoyuan City 32742, Taiwan (R.O.C.)","SOJOHNPHILIPSCOOO沈斯德","03-4971028","03-4971128","有","有"
"45899084","20160620","20210816","力煒奈米科技股份有限公司高科分公司","LIWEI NANO TECH CO., LTD. KAOHSIUNG SCIENCE PARK BRANCH","高雄市路竹區路科二路59號4樓","4 F., No. 59, Luke 2nd Rd., Luzhu Dist., Kaohsiung City 82151, Taiwan (R.O.C.)","汪O揚","07-3335828","07-3330528","有","有"
"45899107","20160606","20210814","翔贊資通訊有限公司","SUNSHINE COMMUNICATION TECHNOLOGY LTD.","新北市汐止區新台五路1段79號17樓之6","17F.-6, No. 79, Sec. 1, Xintai 5th Rd., Xizhi Dist., New Taipei City 22101, Taiwan (R.O.C.)","張O萍","02-26981811","02-26981877","有","有"
"45899113","20160705","20210813","敦序科技股份有限公司","SERIAL TECHNOLOGY CORPORATION","新北市汐止區新台五路1段98號17樓","17 F., No. 98, Sec. 1, Xintai 5th Rd., Xizhi Dist., New Taipei City 22102, Taiwan (R.O.C.)","潘O鳴","02-2696-8099","02-22696-8098","有","有"
"45899232","20160413","20210814","子晶綠能科技股份有限公司","DAUGHTER CRYSTAL CO.","新北市新莊區中正路853之1號(1樓)","1 F., No. 853-1, Zhongzheng Rd., Xinzhuang Dist., New Taipei City 24261, Taiwan (R.O.C.)","張O秀香","02-29063237","02-29063239","有","無"
"45899248","20160329","20210813","摩登富有限公司","MODERN FOODS LTD.","新北市汐止區福德一路351巷9號","No. 9, Ln. 351, Fude 1st Rd., Xizhi Dist., New Taipei City 22149, Taiwan (R.O.C.)","黃O蓮","02-86931111","","有","有"
"45899275","20180329","20241120","睿田生技股份有限公司","Retain Biotech Corp.","新北市新店區北新路3段221號7樓","7 F., No. 221, Sec. 3, Beixin Rd., Xindian Dist., New Taipei City 231030, Taiwan (R.O.C.)","薛O仁","02-89112669","02-89111819","有","有"
"45899330","20240118","20240118","仰豐茶道股份有限公司","YANG FENG TEA CEREMONY CO., LTD.","新北市土城區亞洲路38號","No. 38, Yazhou Rd., Tucheng Dist., New Taipei City 236042, Taiwan (R.O.C.)","張O豐","02-22686001","","有","有"
"45899346","20160330","20210813","富如有限公司","FRUTT  LIMITED","新北市汐止區茄苳路198巷4號","No. 4, Ln. 198, Jiadong Rd., Xizhi Dist., New Taipei City 22172, Taiwan (R.O.C.)","徐O怡","02-24561925","","有","有"
"45899351","20160329","20210815","劦益精密工業有限公司","XIE YEE PRECISION INDUSTRY CO., LTD.","新北市鶯歌區中正三路283巷13號","No. 13, Ln. 283, Zhongzheng 3rd Rd., Yingge Dist., New Taipei City 23942, Taiwan (R.O.C.)","邱O鈞","02-86772489","","有","有"
"45899367","20160401","20210814","形上娛樂有限公司","METAPHYSICS CO., LTD.","臺北市內湖區堤頂大道2段407巷20弄39號7樓","7 F., No. 39, Aly. 20, Ln. 407, Sec. 2, Tiding Blvd., Neihu Dist., Taipei City 11493, Taiwan (R.O.C.)","葉O驥","04-23808502","04-23808502","有","有"
"45899401","20220905","20220905","昇銓科技有限公司","Suntake Technology CO., LTD","基隆市七堵區百福里福五街166巷1號1樓","1 F., No. 1, Ln. 166, Fu 5th St., Baifu Vil., Qidu Dist., Keelung City 206014, Taiwan (R.O.C.)","周O慶","02-24513097","","有","有"
"45899471","20160428","20230919","星恩國際股份有限公司","XINGEN INT'L CO., LTD.","新北市新莊區思源路555號2樓之1","2 F.-1, No. 555, Siyuan Rd., Xinzhuang Dist., New Taipei City 242034, Taiwan (R.O.C.)","張O元JANGJOOWON","02-85217235","02-85217230","有","有"
"45899541","20180503","20250211","黑眼睛標識整合行銷有限公司","YU-YIN DESIGN CO., LTD.","新北市新莊區化成路349巷62號","No. 62, Ln. 349, Huacheng Rd., Xinzhuang Dist., New Taipei City 242042, Taiwan (R.O.C.)","黃O軒","02-77091855","","有","有"
"45899628","20200414","20210812","銀河長征國際租賃有限公司","VIVA RENTAL LTD.","新北市樹林區保安街2段325巷64號5樓","5 F., No. 64, Ln. 325, Sec. 2, Bao’an St., Shulin Dist., New Taipei City 23870, Taiwan (R.O.C.)","陳O恩","0980124481","","有","有"
"45899660","20160331","20210813","是向科技有限公司","FOUR-D TECHNOLOGY LTD.","新北市汐止區樟樹一路141巷5號8樓","8 F., No. 5, Ln. 141, Zhangshu 1st Rd., Xizhi Dist., New Taipei City 22147, Taiwan (R.O.C.)","謝O華","02-25041582","02-25041583","有","有"
"45899747","20180312","20240615","旭森精準實業有限公司","Asahi Sen Precision Industrial Co., Ltd","新北市泰山區新北大道6段347號","No. 347, Sec. 6, New Taipei Blvd., Taishan Dist., New Taipei City 243092, Taiwan (R.O.C.)","羅O彌","02-29023553","02-29063553","有","有"
"45899768","20160330","20230718","鋒利刀尖有限公司","SHARPENED TIP CO., LTD.","新北市新店區永安街80巷4號4樓","4 F., No. 4, Ln. 80, Yong'an St., Xindian Dist., New Taipei City 231044, Taiwan (R.O.C.)","","02-86712036","02-86712032","無","無"
"45899866","20160720","20240807","貽詠有限公司","O&V YI YUNG CO., LTD.","新北市新店區安康路2段159巷6號12樓之2","12 F.-2, No. 6, Ln. 159, Sec. 2, Ankang Rd., Xindian Dist., New Taipei City 231068, Taiwan (R.O.C.)","蘇O潞","02-82112183","","有","有"
"45899887","20211021","20211021","紅點生活國際有限公司","reddot life international co.,ltd","臺北市中正區紹興北街35號2樓之4","2F.-4, NO. 35, SHAOXING N. ST., ZHONGZHENG DIST., TAIPEI CITY 10049, TAIWAN (R.O.C.)","邱O如","02-26463159","02-26463189","有","有"
"45899893","20160407","20220817","義祥貿易股份有限公司","YI XING FRUIT TRADING CO., LTD.","新北市板橋區中山路2段443巷75號5樓","5 F., No. 75, Ln. 443, Sec. 2, Zhongshan Rd., Banqiao Dist., New Taipei City 220085, Taiwan (R.O.C.)","廖O義","02-89611136","","有","有"
"45899922","20241106","20241106","商萬精密有限公司","Someone Precision Corporation","新北市土城區亞洲路108巷1弄36號","No. 36, Aly. 1, Ln. 108, Yazhou Rd., Tucheng Dist., New Taipei City 236042, Taiwan (R.O.C.)","李O志","02-29091393","","有","有"
"45900012","20160331","20210813","樂氫科技有限公司","H2DAY TECHNOLOGY CO., LTD.","新北市深坑區北深路3段270巷12號3樓之3","3F.-3, No. 12, Ln. 270, Sec. 3, Beishen Rd., Shenkeng Dist., New Taipei City 22205, Taiwan (R.O.C.)","吳O蘭","02-86626466#202","","無","無"
"45900245","20000731","20250410","勤志企業社","CHI-GI CO.","桃園市新屋區清華里中山東路1段156巷93弄17號","No. 17, Aly. 93, Ln. 156, Sec. 1, Zhongshan E. Rd., Qinghua Vil., Xinwu Dist., Taoyuan City 327008, Taiwan (R.O.C.)","莊O袨","03-4777851","03-4774476","有","有"
"45900358","20160825","20210815","騰雲科技服務股份有限公司","TURN CLOUD TECHNOLOGY SERVICE INC.","新北市汐止區新台五路1段99號11樓之11","11F.-11, No. 99, Sec. 1, Xintai 5th Rd., Xizhi Dist., New Taipei City 22175, Taiwan (R.O.C.)","梁O文","02-26973968","02-2697-3160","有","有"
"45900701","20160411","20210813","浩誠國際企業有限公司","HO SUNG INC.","新北市泰山區仁武街13號13樓","13 F., No. 13, Renwu St., Taishan Dist., New Taipei City 24348, Taiwan (R.O.C.)","吳O甄","02-22976548","","有","有"
"45901032","20181227","20241105","東亞實業股份有限公司","Tongya Industrial Co., Ltd.","新北市樹林區中正路753號","No. 753, Zhongzheng Rd., Shulin Dist., New Taipei City 23868, Taiwan (R.O.C.)","","02-26893781","02-26893846","無","無"
"45901130","20170214","20241127","德奕科技有限公司","DEYI TECHNOLOGY CO., LTD.","新北市樹林區三俊街65巷18弄5號","No. 5, Aly. 18, Ln. 65, Sanjun St., Shulin Dist., New Taipei City 23864, Taiwan (R.O.C.)","","02-26889333","","無","無"
"45901336","20190214","20240807","世宇整合顧問有限公司","Shiyu Integration Consulting Co., Ltd.","臺北市士林區大南路354號1樓","1 F., No. 354, Danan Rd., Shilin Dist., Taipei City 111041, Taiwan (R.O.C.)","程O均","02-25811975","02-25367487","有","有"
"45901379","20160414","20210814","蓮運企業有限公司","LENYUN ENTERPRISE CO., LTD.","新北市樹林區福順街35號4樓","4 F., No. 35, Fushun St., Shulin Dist., New Taipei City 23874, Taiwan (R.O.C.)","徐O山","0975032891","02-86869989","有","有"
"45901440","19880505","20210813","銘烱電子股份有限公司","MING JEONG ELECTRONICS CO., LTD.","桃園市楊梅區中山里環東路２９５巷８號","No. 8, Ln. 295, Huandong Rd., Zhongshan Vil., Yangmei Dist., Taoyuan City 32665, Taiwan (R.O.C.)","葉O治","03-4751243","03-4758522","有","有"
"45901526","20160407","20210813","藍左新能源科技有限公司","BLUE LEFT NEW ENERGY TECHNOLOGY CO., LTD.","新北市三峽區介壽路3段231之5號","No. 231-5, Sec. 3, Jieshou Rd., Sanxia Dist., New Taipei City 23743, Taiwan (R.O.C.)","李O傑","02-22685338","","有","有"
"45901552","20191024","20210813","廣富紙品股份有限公司","QUANG FU PAPER PRODUCTS CO.","新北市中和區立德街26巷17弄9號(1樓)","1 F., No. 9, Aly. 17, Ln. 26, Lide St., Zhonghe Dist., New Taipei City 23584, Taiwan (R.O.C.)","林O長","02-22228717","02-22224477","有","有"
"45901568","20160406","20210813","心之銘印鑽石有限公司","IMPRINT DIAMOND CORP.","新北市三重區福德南路43號","No. 43, Fude S. Rd., Sanchong Dist., New Taipei City 24142, Taiwan (R.O.C.)","李O民","02-89735555","02-29725555","有","有"
"45901666","20160401","20240806","崙泰國際有限公司","LOON INTERNATIONAL LTD.","臺北市松山區復興北路15號5樓之9","5 F.-9, No. 15, Fuxing N. Rd., Songshan Dist., Taipei City 105604, Taiwan (R.O.C.)","柯O崙","0939315298","","有","有"
"45901687","20250523","20250523","佑承國際有限公司","Yo Cheng International CO., LTD.","新北市板橋區信義路150巷1弄12之1號(2樓)","2 F., No. 12-1, Aly. 1, Ln. 150, Xinyi Rd., Banqiao Dist., New Taipei City 220059, Taiwan (R.O.C.)","李O泰","26772108","26772138","有","有"
"45901700","20190305","20210815","宜坤有限公司","Yi Kuen Co., Ltd.","新北市新莊區中榮街122巷25號3樓","3 F., No. 25, Ln. 122, Zhongrong St., Xinzhuang Dist., New Taipei City 24249, Taiwan (R.O.C.)","杜O昇","02-29939115","02-22797266","無","無"
"45901814","20201209","20210812","太赫國際有限公司","TAIHE INTERNATIONAL GIFT LIMITED COMPANY","新北市中和區和平路200巷23號","No. 23, Ln. 200, Heping Rd., Zhonghe Dist., New Taipei City 23541, Taiwan (R.O.C.)","周O韋","02-29556065","","有","有"
"45901878","20190225","20240710","哨兵數位有限公司","SENTINEL DIGITAL CO.,LTD","新北市板橋區僑中二街92巷30之4號","No. 30-4, Ln. 92, Qiaozhong 2nd St., Banqiao Dist., New Taipei City 22057, Taiwan (R.O.C.)","","02-26803005","02-26803110","無","無"
"45901899","20160412","20230505","穎翔科技股份有限公司","ACTIVE INSIGHT CORPORATION","新北市三重區光復路1段88之6號5樓","5 F., No. 88-6, Sec. 1, Guangfu Rd., Sanchong Dist., New Taipei City 241564, Taiwan (R.O.C.)","許O競","02-85121680","02-85122788","有","有"
"45902095","20160408","20230120","鼎元生醫科技有限公司","DING YUAN BIOMEDICAL TECHNOLOGY CO., LTD.","新北市瑞芳區逢甲路341之1號","No. 341-1, Fengjia Rd., Ruifang Dist., New Taipei City 224003, Taiwan (R.O.C.)","葉O瑛","02-27885092","02-27885093","有","有"
"45902145","20160413","20210813","元仁科技有限公司","ACMETEK TECHNOLOGY CO., LTD.","新北市三重區溪尾街39號5樓","5 F., No. 39, Xiwei St., Sanchong Dist., New Taipei City 24155, Taiwan (R.O.C.)","陳O芝","02-29870411","","有","有"
"45902193","20160420","20210813","艾思墨有限公司","EYESMO CO., LTD.","新北市樹林區潭興街91巷1弄1號3樓","3 F., No. 1, Aly. 1, Ln. 91, Tanxing St., Shulin Dist., New Taipei City 23842, Taiwan (R.O.C.)","鄭O國","0916-990250","","有","有"
"45902200","20160413","20241226","昱鴻實業股份有限公司","FLYING ENERGY TECHNOLOGIES LTD.","新北市中和區華新街52號","No. 52, Huaxin St., Zhonghe Dist., New Taipei City 23570, Taiwan (R.O.C.)","","","","無","無"
"45902216","20160422","20210813","固得不銹鋼有限公司","GUDE STAINLESS STEEL CO., LTD.","新北市三重區正義南路89巷21號(1樓)","1 F., No. 21, Ln. 89, Zhengyi S. Rd., Sanchong Dist., New Taipei City 24142, Taiwan (R.O.C.)","許O益","02-26808822","02-26805199","有","有"
"45902222","20160727","20210813","林品國際有限公司","LINK-PIN INTERNATIONAL LTD.","新北市蘆洲區長安街193巷26號4樓","4 F., No. 26, Ln. 193, Chang’an St., Luzhou Dist., New Taipei City 24763, Taiwan (R.O.C.)","陳O銓","02-82821923","","有","有"
"45902237","20181205","20240925","吾寶有限公司","WE BAU CO., LTD.","新北市永和區竹林路114巷10號3樓","3 F., No. 10, Ln. 114, Zhulin Rd., Yonghe Dist., New Taipei City 234024, Taiwan (R.O.C.)","","0953532581","","無","無"
"45902243","20200121","20220609","光好工程有限公司","Rainbow Win Electromechanical International Co., LTD.","桃園市中壢區龍慈里龍和一街255巷1號9樓","9 F., No. 1, Ln. 255, Longhe 1st St., Longci Vil., Zhongli Dist., Taoyuan City 320064, Taiwan (R.O.C.)","洪O寰","0932338876","","有","有"
"45902291","20161128","20210813","崴翰儀器有限公司","WENHAM INSTRUMENT CO., LTD.","新北市中和區保健路10巷1弄5之3號(4樓)","4 F., No. 5-3, Aly. 1, Ln. 10, Baojian Rd., Zhonghe Dist., New Taipei City 23573, Taiwan (R.O.C.)","黃O輝","02-29421193","","有","有"
"45902383","20160415","20210814","之風股份有限公司","ATFONE, INC.","新北市永和區永和路2段57號4樓","4 F., No. 57, Sec. 2, Yonghe Rd., Yonghe Dist., New Taipei City 23444, Taiwan (R.O.C.)","陶O煒","0972-849456","","有","有"
"45902399","20160414","20210813","東勁昌有限公司","EAST POWER ENGINE CO., LTD.","新北市新店區檳榔路36巷6號2樓","2 F., No. 6, Ln. 36, Binlang Rd., Xindian Dist., New Taipei City 23147, Taiwan (R.O.C.)","吳O雄","02-29100196","","有","有"
"45902454","20160406","20230331","台灣三和自動化技術股份有限公司","TAIWAN SANWA KOKI CO., LTD.","新北市中和區中正路839巷2號","No. 2, Ln. 839, Zhongzheng Rd., Zhonghe Dist., New Taipei City 235019, Taiwan (R.O.C.)","歐O東益","02-29552299","02-29520525","有","有"
"45902460","20170313","20210813","明流經營管理顧問有限公司","FLOW MANAGEMENT CONSULTING CO., LTD.","新北市新店區中興路3段136號16樓","16 F., No. 136, Sec. 3, Zhongxing Rd., Xindian Dist., New Taipei City 23144, Taiwan (R.O.C.)","李O華","02-29144396","","有","有"
"45902481","20160406","20221029","鈞亮科技有限公司","BRIGHTFORCE TECHNOLOGY CORPORATION LIMITED","新北市土城區學府路1段5之3號5樓","5 F., No. 5-3, Sec. 1, Xuefu Rd., Tucheng Dist., New Taipei City 236021, Taiwan (R.O.C.)","王O雲","02-22653732","","有","有"
"45902497","20190830","20210814","港信有限公司","GST FOOD Limited","臺北市松山區八德路4段389巷2號3樓","3 F., No. 2, Ln. 389, Sec. 4, Bade Rd., Songshan Dist., Taipei City 10568, Taiwan (R.O.C.)","張O順","02-27691207","","有","有"
"45902530","20160415","20210812","億昇國際股份有限公司","WATER TURBO INTERNATIONAL CO., LTD.","新北市新莊區中平路292巷1弄5號2樓","2 F., No. 5, Aly. 1, Ln. 292, Zhongping Rd., Xinzhuang Dist., New Taipei City 24249, Taiwan (R.O.C.)","馬O忠","02-29942348","02-29938433","有","有"
"45902686","20210421","20210813","泳盈有限公司","Whuu Ying Co., Ltd.","新北市板橋區富山街7巷10-1號3樓","3 F., No. 10-1, Ln. 7, Fushan St., Banqiao Dist., New Taipei City 22070, Taiwan (R.O.C.)","莊O懋","02-22188893","","有","有"
"45902779","20160415","20210814","萬鴻貿易有限公司","WANHONG PAPER TRADE CO., LTD.","新北市蘆洲區民族路257巷9號2樓","2 F., No. 9, Ln. 257, Minzu Rd., Luzhou Dist., New Taipei City 24743, Taiwan (R.O.C.)","李O恩","02-22896509","02-22890539","有","有"
"45902807","20170306","20230111","樂行實業有限公司","TWHAPPYLIVE INDUSTRIAL CO., LTD.","新北市新店區中正路230巷5號(1樓)","1 F., No. 5, Ln. 230, Zhongzheng Rd., Xindian Dist., New Taipei City 231031, Taiwan (R.O.C.)","趙O雍","02-86650267","","有","有"
"45902927","20170511","20250619","群建企業有限公司","CHUN JIAN ENTERPRISE CO., LTD.","新北市三芝區忠孝街1之37號(1樓)","1 F., No. 1-37, Zhongxiao St., Sanzhi Dist., New Taipei City 252005, Taiwan (R.O.C.)","顏O修","02-2637-2778","02-2637-2158","有","有"
"45902980","20190410","20210815","藝翔文創設計有限公司","ART SOAR DESING CO., LTD.","臺北市中正區忠孝東路2段80號3樓","3 F., No. 80, Sec. 2, Zhongxiao E. Rd., Zhongzheng Dist., Taipei City 10050, Taiwan (R.O.C.)","潘O美","02-27786217","02-27115612","有","有"
"45903030","20160408","20210813","全祥閥業有限公司","CHIUAN SHIANG METAL VALVES CO., LTD.","新北市泰山區仁義路220巷2號12樓","12 F., No. 2, Ln. 220, Renyi Rd., Taishan Dist., New Taipei City 24341, Taiwan (R.O.C.)","楊O如","02-29009878","02-29009879","有","有"
"45903088","20250325","20250325","凱信達科技有限公司","Kaixinda Technology CO., LTD.","新北市新莊區福壽街94巷13弄6號2樓","2 F., No. 6, Aly. 13, Ln. 94, Fushou St., Xinzhuang Dist., New Taipei City 242037, Taiwan (R.O.C.)","陳O如","02-28486277","02-28486277","有","有"
"45903101","20160411","20210814","鵬富有限公司","GREEN VALUE CO., LTD.","新北市三重區重新路2段42之7號2樓","2 F., No. 42-7, Sec. 2, Chongxin Rd., Sanchong Dist., New Taipei City 24142, Taiwan (R.O.C.)","陳O含","02-29703101","02-29705101","有","有"
"45903209","20160408","20210813","利醫電子股份有限公司","VMED TECHNOLOGY CORP.","新北市板橋區國慶路49巷1號3樓","3 F., No. 1, Ln. 49, Guoqing Rd., Banqiao Dist., New Taipei City 22062, Taiwan (R.O.C.)","黃O萱","0988859770","","有","有"
"45903263","20160406","20221110","索摩樂科技有限公司","SOMORE TECH CO., LTD.","新北市蘆洲區三民路26巷71弄3號2樓","2 F., No. 3, Aly. 71, Ln. 26, Sanmin Rd., Luzhou Dist., New Taipei City 247010, Taiwan (R.O.C.)","賴O偉","02-22857170","02-22892352","有","有"
"45903313","20180410","20210813","人義能源有限公司","ZEZ886 CO., LTD.","新北市板橋區縣民大道3段127巷22號","No. 22, Ln. 127, Sec. 3, Xianmin Blvd., Banqiao Dist., New Taipei City 22042, Taiwan (R.O.C.)","周O逸","02-29589818","02-29589819","有","有"
"45903398","20160413","20230425","宇博國際企業有限公司","VEGEFRU MARKETING CO., LTD.","新北市中和區橋安街41號","No. 41, Qiao’an St., Zhonghe Dist., New Taipei City 235026, Taiwan (R.O.C.)","林O煒","02-22436790","","有","有"
"45903411","20210118","20210813","學生週刊出版有限公司","Studentweekly Publishing Co., Ltd.","臺北市松山區八德路4段135號6樓","6 F., No. 135, Sec. 4, Bade Rd., Songshan Dist., Taipei City 10561, Taiwan (R.O.C.)","葉O仁","02-27686026#319","02-55690619","有","有"
"45903524","20200421","20230304","大宇開發室內裝修有限公司","DA-Yu Development and Interior Decoration Co., Ltd.","新北市淡水區學府路205巷7號","No. 7, Ln. 205, Xuefu Rd., Tamsui Dist., New Taipei City 251008, Taiwan (R.O.C.)","賴O志","02-25969516","","無","無"
"45903799","20160517","20240813","布萊德國際有限公司","BRAD & BRAD INTERNATIONAL CO., LTD.","新北市三峽區光明路33號","No. 33, Guangming Rd., Sanxia Dist., New Taipei City 23742, Taiwan (R.O.C.)","","02-86742533","","無","無"
"45903806","20160408","20220903","大邁國際建材有限公司","DAMAI INTERNATIONAL FLOOR MATERIAL CO., LTD.","新北市土城區中央路4段2號4樓之6","4F.-6, No. 2, Sec. 4, Zhongyang Rd., Tucheng Dist., New Taipei City 23678, Taiwan (R.O.C.)","陳O清","03-6675972","03-6675973","有","有"
"45904087","20160413","20230512","裕橙實業有限公司","YUOCHENG INDUSTRIAL CO., LTD.","新北市土城區延峯街29巷9號5樓","5F., No. 9, Ln. 29, Yanfeng St., Tucheng Dist.,  New Taipei City 236, Taiwan (R.O.C.)","徐O焴","0912263212","","有","有"
"45904328","19980307","20210812","強煜股份有限公司","CHIANG YU HARDWARE CO., LTD.","桃園市楊梅區瑞原里民豐路510號1樓","1 F., No. 510, Minfeng Rd., Ruiyuan Vil., Yangmei Dist., Taoyuan City 32656, Taiwan (R.O.C.)","葉O鈞","03-472-3936","03-472-4929","有","有"
"45904636","20170707","20210814","云創環球事業有限公司","YUN CHUANG GLOBAL BUSINESS CO., LTD.","新北市樹林區味王街46巷15號","No. 15, Ln. 46, Weiwang St., Shulin Dist., New Taipei City 23872, Taiwan (R.O.C.)","黃O豪","02-29420640","02-29404519","有","有"
"45904782","20160408","20240706","貝爾納實業股份有限公司","BERNARD ENTERPRISE CO., LTD.","新北市蘆洲區集賢路224巷60之2號7樓","7 F., No. 60-2, Ln. 224, Jixian Rd., Luzhou Dist., New Taipei City 247402, Taiwan (R.O.C.)","","02-22810871","","無","無"
"45904988","20160413","20220923","長北生技有限公司","CHANG BEI BIOTECH CO., LTD.","宜蘭縣冬山鄉大安路178巷21號1樓","1 F., No. 21, Ln. 178, Da'an Rd., Dongshan Township, Yilan County 269029, Taiwan (R.O.C.)","李O昌","02-26750314","02-86875479","無","無"
"45905121","20161101","20210813","雲達資訊有限公司","CLOUDIN SOLUTIONS CO., LTD","新北市三重區成功路80號9樓","9 F., No. 80, Chenggong Rd., Sanchong Dist., New Taipei City 24160, Taiwan (R.O.C.)","李O德","02-29756852","","有","有"
"45905142","20200909","20210814","碩鋐工程顧問有限公司","SHOU HONG Engineering Consultant Limited Company","臺北市大安區四維路30號","No. 30, Siwei Rd., Da’an Dist., Taipei City 10691, Taiwan (R.O.C.)","招O鈞","02-27680716","02-27680833","有","有"
"45905163","20160420","20210812","勝基有限公司","TRIOCHEM CO., LTD.","新北市永和區民權路53號6樓","6 F., No. 53, Minquan Rd., Yonghe Dist., New Taipei City 23453, Taiwan (R.O.C.)","楊O軒","02-29488280","02-29488280","有","有"
"45905255","20221215","20221215","祥麟實業有限公司","Linkou enterprise LTD.","新北市林口區公園路91號10樓","10 F., No. 91, Gongyuan Rd., Linkou Dist., New Taipei City 244013, Taiwan (R.O.C.)","馮O祥","0225322077","","有","有"
"45905261","20180326","20210813","壹一文藝有限公司","1 One Culture & Art Ltd. Company","新北市中和區新興街15巷22號","No. 22, Ln. 15, Xinxing St., Zhonghe Dist., New Taipei City 23574, Taiwan (R.O.C.)","莊O偉","0979804029","","有","有"
"45905500","20160420","20210814","動平衡科技有限公司","DYNATEK TECHNOLOGY LTD.","臺南市永康區中華里小東路689-71號","No. 689-71, Xiaodong Rd., Zhonghua Vil., Yongkang Dist., Tainan City 71052, Taiwan (R.O.C.)","吳O仕","0922117748","","有","有"
"45905516","20161006","20230302","長榮國際實業有限公司","EVER CAPITAL INDUSTRIAL INTERNATIONAL LTD.","新北市板橋區文化路2段182巷3弄68號9樓","9 F., No. 68, Aly. 3, Ln. 182, Sec. 2, Wenhua Rd., Banqiao Dist., New Taipei City 220477, Taiwan (R.O.C.)","李O軒","02-23311123#14","","有","有"
"45905558","20181113","20230719","崴創國際企業有限公司","Wai Chuang International Enterprise LTD.","新北市新店區錦秀路11巷25號2樓","2 F., No. 25, Ln. 11, Jinxiu Rd., Xindian Dist., New Taipei City 231042, Taiwan (R.O.C.)","王O麟","02-2221-3079","","有","有"
"45905760","20160427","20210813","財億有限公司","FORTUNE CRYSTAL CO., LTD.","新北市三芝區楓林一街2號","No. 2, Fenglin 1st St., Sanzhi Dist., New Taipei City 25243, Taiwan (R.O.C.)","蔡O耀","02-26332466","02-26318100","有","有"
"45905852","20160411","20210814","台灣米樂雲端科技有限公司","TW MILLET CLOUD COMPUTING CO., LTD.","新北市土城區延壽路13巷14弄1號4樓","4 F., No. 1, Aly. 14, Ln. 13, Yanshou Rd., Tucheng Dist., New Taipei City 23646, Taiwan (R.O.C.)","呂O文","0988-101-113","","有","有"
"45905966","20170928","20210813","凱倫娜生技股份有限公司","Kerenna Biotech Co., Ltd.","新北市三重區光復路1段70號6樓","6 F., No. 70, Sec. 1, Guangfu Rd., Sanchong Dist., New Taipei City 24158, Taiwan (R.O.C.)","江O堯","02-29993869","02-29993647","無","無"
"45905987","20160413","20230114","愛能視股份有限公司","ILENS INTERNATIONAL CO., LTD.","新北市汐止區康寧街169巷27號13樓之1","13 F.-1, No. 27, Ln. 169, Kangning St., Xizhi Dist., New Taipei City 221425, Taiwan (R.O.C.)","胡O麒","02-26923535","","有","有"
"45906135","20160411","20221221","彤瑩國際貿易有限公司","TONG YING FC INTERNATIONAL TRADE CO., LTD.","新北市汐止區水源路二段98號4樓","4 F., No. 98, Sec. 2, Shuiyuan Rd., Xizhi Dist., New Taipei City 221025, Taiwan (R.O.C.)","梁O沛","02-86424891","02-29267892","無","無"
"45906141","20160411","20241119","參能有限公司","SAN NENG CO., LTD.","新北市汐止區明峰街297巷10號（1樓）","1F., No. 10, Ln. 297, Mingfeng St., Xizhi Dist.,  New Taipei City 221015, Taiwan (R.O.C.)","梁O沛","02-86424891","02-29267892","有","有"
"45906352","20160422","20231221","台灣環島獨木舟有限公司","FORMOSA KAYAKING & OUTDOOR ADVENTURE CO., LTD.","臺南市永康區華興街53號1樓","1 F., No. 53, Huaxing St., Yongkang Dist., Tainan City 710012, Taiwan (R.O.C.)","李O治","0937-920-091","","有","有"
"45906466","20161012","20210814","立洋水產有限公司","LI YANG SEAFOOD CO., LTD.","新北市板橋區板新路52號","No. 52, Banxin Rd., Banqiao Dist., New Taipei City 22066, Taiwan (R.O.C.)","鍾O峰","0920267852","","有","有"
"45906509","20160531","20211225","寶潤實業有限公司","BAORUN CO., LTD.","桃園市八德區大和里金和路10號3樓","3 F., No. 10, Jinhe Rd., Dahe Vil., Bade Dist., Taoyuan City 33461, Taiwan (R.O.C.)","王O光","03-4570487","03-4593404","有","有"
"45906515","19930702","20210814","聯怡耐火陶瓷有限公司","LIEN I REFRACTORY CERAMIC INDUSTRIAL CO., LTD.","新竹縣湖口鄉鳳山村光復南路40號","No. 40, Guangfu S. Rd., Hukou Township, Hsinchu County 30351, Taiwan (R.O.C.)","劉O山","03-5982319","03-5982318","有","有"
"45906584","20170818","20230427","禾宬科技股份有限公司","FULL-LINK TECH. CO., LTD.","新北市中和區明義街11巷12弄7號3樓","3 F., No. 7, Aly. 12, Ln. 11, Mingyi St., Zhonghe Dist., New Taipei City 235070, Taiwan (R.O.C.)","蕭O惠","02-26772220","02-26772202","有","有"
"45906727","20220715","20220715","翊展開發有限公司","YIN ZHAN DEVELOPMENT LIMITED COMPANY","新北市深坑區北深路3段238之7號2樓","2 F., No. 238-7, Sec. 3, Beishen Rd., Shenkeng Dist., New Taipei City 222001, Taiwan (R.O.C.)","郭O爾","02-26640518","","有","有"
"45906769","20190626","20210812","傳送門有限公司","Transgate Co., Ltd.","新北市汐止區新台五路1段129號2樓","2 F., No. 129, Sec. 1, Xintai 5th Rd., Xizhi Dist., New Taipei City 22175, Taiwan (R.O.C.)","莊O茹","02-22933633","02-66021680","有","有"
"45906775","20230821","20250521","樂方實業有限公司","LE FANG INDUSTRIAL CO., LTD.","桃園市八德區霄裡里山下街9號9樓之一","9 F.-1, No. 9, Shanxia St., Xiaoli Vil., Bade Dist., Taoyuan City 334013, Taiwan (R.O.C.)","葉O華","0983659445","","有","有"
"45907036","20161214","20250502","晨彤有限公司","CARIDI IMPERIAL CHRYSOPRASE CO., LTD.","臺北市大安區敦化南路1段337號","No. 337, Sec. 1, Dunhua S. Rd., Da’an Dist., Taipei City 10685, Taiwan (R.O.C.)","李O靜","02-82619191","","有","有"
"45907063","20190814","20231111","愛琳國際有限公司","Aileen International Co., Ltd.","桃園市觀音區新生路42號 (1樓)","1 F., No. 42, Xinsheng Rd., Guanyin Dist., Taoyuan City 328015, Taiwan (R.O.C.)","陳O文","03-4989310","0","有","有"
"45907155","20170918","20250223","秝群工業股份有限公司","HO SQUARE CO., LTD.","新北市新店區華城二路68號","No. 68, Huacheng 2nd Rd., Xindian Dist., New Taipei City 231049, Taiwan (R.O.C.)","","02-86668526","02-86662610","無","無"
"45907182","20160421","20221008","其佳國際事業有限公司","CHICHIAY CO., LTD.","新北市永和區環河東路4段90號7樓","7 F., No. 90, Sec. 4, Huanhe E. Rd., Yonghe Dist., New Taipei City 234037, Taiwan (R.O.C.)","葉O其","02-86688836","","無","無"
"45907227","20160920","20220112","小子藝術製作有限公司","GODKIDLLA ART PRODUCTION CO., LTD.","高雄市鼓山區永德街160巷1弄6號4樓","4 F., No. 6, Aly. 1, Ln. 160, Yongde St., Gushan Dist., Kaohsiung City 80448, Taiwan (R.O.C.)","廖O裕","0927-867-876","(02)2383-2018","有","有"
"45907471","20160425","20210814","台灣生久有限公司","YOESHIN INTERNATIONAL CO., LTD.","新北市林口區文化二路2段371號(1樓)","1 F., No. 371, Sec. 2, Wenhua 2nd Rd., Linkou Dist., New Taipei City 24458, Taiwan (R.O.C.)","魯O鋒","02-26008833","","有","有"
"45907556","20160426","20210814","翔珊時尚設計股份有限公司","XIANG XAN FASHION DESIGN CO., LTD.","新北市三重區安慶街297巷3弄5號4樓","4 F., No. 5, Aly. 3, Ln. 297, Anqing St., Sanchong Dist., New Taipei City 24162, Taiwan (R.O.C.)","游O安","02-29886837","","有","有"
"45907633","20160729","20210814","速購易國際物流有限公司","SGOI INTERNATIONAL LOGISTICS CO., LTD.","新北市新莊區建安街17巷13號6樓","6 F., No. 13, Ln. 17, Jian’an St., Xinzhuang Dist., New Taipei City 24259, Taiwan (R.O.C.)","黃O祺","02-85216591","03-85227736","有","有"
"45907676","20220317","20220317","彩田網路行銷有限公司","color field limited company","金門縣金城鎮環島北路1段88號","No. 88, Sec. 1, Huandao N. Rd., Jincheng Township, Kinmen County 89350, Taiwan (R.O.C.)","潘O隆","0930053410","","有","有"
"45907704","20160422","20240219","通曜國際有限公司","PROMOSTS INTERNATIONAL CO., LTD.","桃園市中壢區環北路398號11樓之7","11 F.-7, No. 398, Huanbei Rd., Zhongli Dist., Taoyuan City 320675, Taiwan (R.O.C.)","張O麟","03-4268877","03-4258787","有","有"
"45907710","20160415","20210826","立新貿易有限公司","TOMODACHI TRADING CO., LTD.","新北市三重區重陽路3段192之1號3樓","3 F., No. 192-1, Sec. 3, Chongyang Rd., Sanchong Dist., New Taipei City 24162, Taiwan (R.O.C.)","陳O珍","02-89881091","02-89881093","有","有"
"45907731","20160419","20221209","寶富興實業有限公司","BAU FU SHING ENTERPRISE LTD.","新北市新莊區新北大道3段33號12樓","12 F., No. 33, Sec. 3, New Taipei Blvd., Xinzhuang Dist., New Taipei City 242032, Taiwan (R.O.C.)","簡O棠","02-85218186","","有","有"
"45908008","20160426","20220308","傑斯休閒有限公司","J & S LEISURE LTD.","桃園市龜山區文化七路120之1號","No. 120-1, Wenhua 7th Rd., Guishan Dist., Taoyuan City 33376, Taiwan (R.O.C.)","周O秀雲","0966583936","","有","有"
"45908020","20160503","20210814","昶智生化科技股份有限公司","BEAUTY-FACTOR BIOCHEMICAL TECHNOLOGY CO., LTD.","新北市深坑區北深路3段270巷6號6樓","6 F., No. 6, Ln. 270, Sec. 3, Beishen Rd., Shenkeng Dist., New Taipei City 22205, Taiwan (R.O.C.)","許O彰","02-29922266","","有","有"
"45908181","20190305","20210813","嘉興國際企業有限公司","Chia-Hsing International Engineering Co., Ltd.","新北市樹林區鎮前街347巷3弄28號2樓","2 F., No. 28, Aly. 3, Ln. 347, Zhenqian St., Shulin Dist., New Taipei City 23855, Taiwan (R.O.C.)","莊O卿","02-86847205","02-86844070","有","有"
"45908197","20160505","20230522","貝蒂衛浴設備股份有限公司","VGA LIVING CO., LTD.","新北市三重區重新路2段128巷8弄11號4樓","4 F., No. 11, Aly. 8, Ln. 128, Sec. 2, Chongxin Rd., Sanchong Dist., New Taipei City 241003, Taiwan (R.O.C.)","簡O誠","02-27088768","","無","無"
"45908350","20161215","20210813","久豪紙器有限公司","JEOU HAO PAPERWARE, LTD.","新北市三重區長壽街61之1號5樓","5 F., No. 61-1, Changshou St., Sanchong Dist., New Taipei City 24148, Taiwan (R.O.C.)","黃O玉","03-3506218","03-3203634","有","有"
"45908470","19860923","20210813","台伍企業股份有限公司","TAI WUU ENTERPRISE CO., LTD.","桃園市楊梅區水美里楊新路二段552號","No. 552, Sec. 2, Yangxin Rd., Shuimei Vil., Yangmei Dist., Taoyuan City 32656, Taiwan (R.O.C.)","黃O英","03-4758781-5","","有","有"
"45908555","20160419","20210814","璨旭精工股份有限公司","RISSUN PRECISION ENTERPRISE CO., LTD.","新北市新莊區瓊林南路175之1號(1至2樓)","2 F., No. 175-1, Qionglin S. Rd., Xinzhuang Dist., New Taipei City 24263, Taiwan (R.O.C.)","蔡O霖","02-22081879","","有","有"
"45908611","20160602","20210814","捷卓貿易股份有限公司","JDRO TRADING CO., LTD.","新北市樹林區學勤路276號","No. 276, Xueqin Rd., Shulin Dist., New Taipei City 23853, Taiwan (R.O.C.)","黃O苓","02-8970-0432","02-8970-0433","有","有"
"45908627","20160504","20250613","鹿鹿夢工場有限公司","Lulu dream CO., LTD.","高雄市前金區大同二路133之5號","No. 133-5, Datong 2nd Rd., Qianjin Dist., Kaohsiung City 801705, Taiwan (R.O.C.)","凃O煌","02-29845731","02-29845462","有","有"
"45908669","20160426","20250328","誠意食品有限公司","CHENG YI PRECISION ELECTRONICS CO., LTD.","新北市新店區北新路2段151號(1樓)","1 F., No. 151, Sec. 2, Beixin Rd., Xindian Dist., New Taipei City 231008, Taiwan (R.O.C.)","賴O廷","02-89193605","02-89193540","有","有"
"45908794","20160616","20211203","四元德食材通路有限公司","MUHAI FOOD INTERNATIONAL COMPANY LIMITED","新北市板橋區光武街36巷20號3樓","3 F., No. 20, Ln. 36, Guangwu St., Banqiao Dist., New Taipei City 22047, Taiwan (R.O.C.)","曾O正","02-29952266","02-29952552","有","有"
"45908817","20181109","20250424","汎樂創意行銷有限公司","FL IDea innovation event Co., Ltd.","臺北市信義區基隆路2段77號6樓之7","4 F., No. 3, Ln. 14, Fuyuan St., Xindian Dist., New Taipei City 23149, Taiwan (R.O.C.)","羅O","02-27365036","02-82581638","有","有"
"45908936","20160704","20230506","欣展金屬工業有限公司","TNO CO., LTD.","臺北市大同區民權西路104號8樓之2","8 F.-2, No. 104, Minquan W. Rd., Datong Dist., Taipei City 103745, Taiwan (R.O.C.)","李O瑋","0928829400","07-3711073","有","有"
"45909013","20160419","20221015","世羽國際有限公司","SHIH YU TEXTILE CO., LTD.","新北市新莊區中正路708之3號6樓","6 F., No. 708-3, Zhongzheng Rd., Xinzhuang Dist., New Taipei City 242050, Taiwan (R.O.C.)","林O宜","0928803343","","有","有"
"45909034","20160503","20210813","勝友文創實業有限公司","THINK-U CREATIVE ART LIMITED LIABILITY COMPANY","新北市板橋區縣民大道2段110號2樓","2 F., No. 110, Sec. 2, Xianmin Blvd., Banqiao Dist., New Taipei City 22066, Taiwan (R.O.C.)","李O照","02-2959-2257","8952-6461","有","有"
"45909105","20160418","20210930","台灣極米雲端科技有限公司","TW GIMI CLOUD COMPUTING CO., LTD.","新北市中和區中原二街28號18樓","18 F., No. 28, Zhongyuan 2nd St., Zhonghe Dist., New Taipei City 23556, Taiwan (R.O.C.)","蕭O瑾","0960666696","","無","無"
"45909132","20160415","20210813","昇美昌有限公司","SUN MERCHANT CO., LTD.","新北市土城區金城路2段252號14樓","14 F., No. 252, Sec. 2, Jincheng Rd., Tucheng Dist., New Taipei City 23652, Taiwan (R.O.C.)","陶OO","02-22612248","","有","有"
"45909180","19960411","20230213","村實企業股份有限公司","CHANSTE CO., LTD.","桃園市中壢區信義里福州路55號(1樓)","1 F., No. 55, Fuzhou Rd., Xinyi Vil., Zhongli Dist., Taoyuan City 320048, Taiwan (R.O.C.)","彭O松","03-4666283","03-4651105","無","無"
"45909294","20161013","20210815","暉曄生技社股份有限公司","TRIDL INC.","新北市淡水區中正東路2段27之8號25樓","25 F., No. 27-8, Sec. 2, Zhongzheng E. Rd., Tamsui Dist., New Taipei City 25170, Taiwan (R.O.C.)","賴O三","02-28087799#238","02-77030001","有","有"
"45909344","20160420","20241213","均亞國際貿易有限公司","JOY YARD INTERNATIONAL LTD.","新北市三重區介壽路39巷112號","No. 112, Ln. 39, Jieshou Rd., Sanchong Dist., New Taipei City 241052, Taiwan (R.O.C.)","歐O合","","","有","有"
"45909409","20160509","20240313","婕晶國際有限公司","JIE JING BEAUTY INTERNATIONAL CO., LTD.","臺北市大安區復興南路1段79巷2號9之樓之6","9-F.-6, No. 2, Ln. 79, Sec. 1, Fuxing S. Rd., Da’an Dist.,  Taipei City 106069, Taiwan (R.O.C.)","楊O昇","02-25957603","02-25912979","有","有"
"45909484","20230601","20230601","辰設藝術有限公司","Chen's Art Design LTD.","新北市新莊區中原路518號13樓之1","13 F.-1, No. 518, Zhongyuan Rd., Xinzhuang Dist., New Taipei City 242030, Taiwan (R.O.C.)","陳O蓉","0921613449","","有","有"
"45909490","20170314","20210814","昆裕科技有限公司","KUENYU TECHNOLOGY CO., LTD","新北市五股區中興路1段151巷8號","No. 8, Ln. 151, Sec. 1, Zhongxing Rd., Wugu Dist., New Taipei City 24872, Taiwan (R.O.C.)","張O人","02-89856208","02-89855685","無","無"
"45909528","20160419","20210814","禾心企業有限公司","KEEP GOING WITH 3G CO., LTD.","新北市五股區五工一路109號3樓","3 F., No. 109, Wugong 1st Rd., Wugu Dist., New Taipei City 24887, Taiwan (R.O.C.)","廖O君","02-2609-3898","02-2609-9538","有","有"
"45909750","20160425","20210814","奧森展覽設計有限公司","OCEAN EXPO DESIGN CO., LTD.","新北市新店區中央七街61巷24號(1樓)","1 F., No. 24, Ln. 61, Zhongyang 7th St., Xindian Dist., New Taipei City 23150, Taiwan (R.O.C.)","江O學","0961-311-357","","有","有"
"45910567","20080709","20230719","興亞營造工程股份有限公司","HSING YA CONSTRUCTION ENGINEERING CO., LTD.","臺中市清水區中華路151之2號8樓","8 F., No. 151-2, Zhonghua Rd., Qingshui Dist., Taichung City 436045, Taiwan (R.O.C.)","卓O然","04-26282888","04-26282999","有","有"
"45911025","19951211","20210813","仁利機械股份有限公司","HEREX SYSTEM INC.","桃園市平鎮區復旦里復旦路二段150巷237號","No. 237, Ln. 150, Sec. 2, Fudan Rd., Fudan Vil., Pingzhen Dist., Taoyuan City 32449, Taiwan (R.O.C.)","李O智","03-4573336","03-4575749","有","有"
"45911138","19830914","20210812","昫明有限公司","KING SIGMA CORP.","臺北市大安區和平東路3段49號5樓之2","5F.-2, No. 49, Sec. 3, Heping E. Rd., Da’an Dist., Taipei City 10670, Taiwan (R.O.C.)","林O遠","02-27066455","","有","有"
"45911257","20160628","20221109","睿新醫電股份有限公司","LASINMED CORPORATION","新北市三重區重新路4段53號10樓之1","10 F.-1, No. 53, Sec. 4, Chongxin Rd., Sanchong Dist., New Taipei City 241602, Taiwan (R.O.C.)","翁O河","02-89857611","02-89857611","有","有"
"45911340","19830817","20210815","太業科技股份有限公司","MALICO INC.","桃園市楊梅區民隆路5號","No. 5, Minlong Rd., Yangmei Dist., Taoyuan City 32663, Taiwan (R.O.C.)","梁O恩","03-4724157","03-4725979","有","有"
"45911685","19881217","20210814","台灣雅聞生技股份有限公司","ARWIN BIO-TECH. (TAIWAN) CO., LTD.","桃園市楊梅區中山北路一段21巷1號","No. 1, Ln. 21, Sec. 1, Zhongshan N. Rd., Yangmei Dist., Taoyuan City 32665, Taiwan (R.O.C.)","葉O香","03-478-0201","03-488-3811","有","有"
"45911735","19831214","20220922","岳豐科技股份有限公司","YFC-BONEAGLE ELECTRIC CO., LTD.","桃園市新屋區中山東路2段130巷12之9號","No. 12-9, Ln. 130, Sec. 2, Zhongshan E. Rd., Xinwu Dist., Taoyuan City 327008, Taiwan (R.O.C.)","嘉O投資有限公司","03-4778846","03-4779210","有","有"
"45911974","19840718","20230524","天樺股份有限公司","ELABORATION ENTERPRISE CO., LTD.","桃園市楊梅區梅溪里新農街二段209巷63號","No. 63, Ln. 209, Sec. 2, Xinnong St., Meixi Vil., Yangmei Dist., Taoyuan City 326015, Taiwan (R.O.C.)","陳O明","03-4826446","03-4828280","有","有"
"45913706","19920717","20230719","台灣耐落股份有限公司","TAIWAN SELF-LOCKING CO., LTD.","桃園市楊梅區高山里高獅路305號","No. 305, Gaoshi Rd., Gaoshan Vil., Yangmei Dist., Taoyuan City 326103, Taiwan (R.O.C.)","林O宇","03-4757777","03-4757780","有","有"
"45914281","19880212","20210813","吉皇星機電有限公司","CHI HWANG SHIN ELECTRIC & MACHINERY CO., LTD.","桃園市楊梅區埔心里永美路一三六號","No. 136, Yongmei Rd., Puxin Vil., Yangmei Dist., Taoyuan City 32653, Taiwan (R.O.C.)","莊O光","03-4936975","","有","有"
"45914769","19850117","20210813","長世木業有限公司","CHANGSHI DRAFTING INSTRUMENTS CO., LTD.","桃園市新屋區東明里中興路310巷12號","No. 12, Ln. 310, Zhongxing Rd., Dongming Vil., Xinwu Dist., Taoyuan City 32747, Taiwan (R.O.C.)","張O郎","772524","","有","有"
"45914894","20180226","20210811","金永山銀樓","JIN YUNG SHAN JEWELRY CO.","桃園市楊梅區楊江里武營街１號１樓","1 F., No. 1, Wuying St., Yangjiang Vil., Yangmei Dist., Taoyuan City 32642, Taiwan (R.O.C.)","吳O裕","03-4852682","03-4781288","有","有"
"45915155","20161209","20240822","好李國際有限公司","EMPOWERLEE INTERNATIONAL CO., LTD.","新北市中和區立德街323號","No. 323, Lide St., Zhonghe Dist., New Taipei City 235015, Taiwan (R.O.C.)","詹O銘","02-82286260","02-22228756","有","有"
"45915232","20160429","20210813","昺瑞室內裝修工程有限公司","BINGRUI INTERIOR DESIGN CO., LTD.","新北市八里區忠孝路381號3樓","3 F., No. 381, Zhongxiao Rd., Bali Dist., New Taipei City 24944, Taiwan (R.O.C.)","林O芸","02-26192553","","有","有"
"45915269","20220517","20230608","飛泓起重工程有限公司","Feihung Crane Engineering Co., Ltd.","新北市汐止區樟樹一路2巷59號12樓","12 F., No. 59, Ln. 2, Zhangshu 1st Rd., Xizhi Dist., New Taipei City 221006, Taiwan (R.O.C.)","李O斌","02-26917750","02-26917701","有","有"
"45915486","20160425","20230830","愜意生活有限公司","CHEERFUL LIFE CO., LTD.","新北市永和區仁愛路141巷3弄26號","No. 26, Aly. 3, Ln. 141, Ren’ai Rd., Yonghe Dist., New Taipei City 23443, Taiwan (R.O.C.)","劉O廷","0809088188","","有","有"
"45915649","20161128","20231227","華榞工業有限公司","HUA YUANG INDUSTRY CO., LTD.","桃園市中壢區復興里自強一路42之18號7樓","7 F., No. 42-18, Ziqiang 1st Rd., Fuxing Vil., Zhongli Dist., Taoyuan City 320576, Taiwan (R.O.C.)","","03-4531756","03-4531638","無","無"
"45915789","20160420","20210814","智力精密工業股份有限公司","SELITA PRECISION CO., LTD.","新北市新店區北新路3段205號地下2層","No. 205, Sec. 3, Beixin Rd., Xindian Dist., New Taipei City 23143, Taiwan (R.O.C.)","曾O明","02-89132220","","有","有"
"45915850","20180507","20210813","峰崎精密有限公司","Peak Saki Precision Co., Ltd.","新北市新莊區復興路2段194之2號","No. 194-2, Sec. 2, Fuxing Rd., Xinzhuang Dist., New Taipei City 24254, Taiwan (R.O.C.)","陳O淇","02-29027928","","有","有"
"45915922","20160426","20210819","勇吉興衡器有限公司","Y.J.S.SCIENTECH CO., LTD.","新北市樹林區復興路299號15樓","15 F., No. 299, Fuxing Rd., Shulin Dist., New Taipei City 23871, Taiwan (R.O.C.)","謝O杰","02-26830616","","有","有"
"45915937","19911217","20210814","精業電子股份有限公司","STAR ELECTRONICS CO., LTD.","桃園市觀音區坑尾里快速路八段770巷36號","No. 36, Ln. 770, Sec. 8, Kuaisu Rd., Kengwei Vil., Guanyin Dist., Taoyuan City 32842, Taiwan (R.O.C.)","黃O榮","03-4733925","03-4733928","有","有"
"45916231","20160422","20250430","宸嘉生技有限公司","CHEN JIA BIOTECH LTD.","桃園市八德區中華路275巷13號1至2樓","2 F., No. 13, Ln. 275, Zhonghua Rd., Bade Dist., Taoyuan City 334647, Taiwan (R.O.C.)","謝O緯","02-22140868","","有","有"
"45916295","20160510","20210815","蘭陽狀元食品有限公司","MASTER YU FOODS CO., LTD.","宜蘭縣宜蘭市延平路32號","No. 32, Yanping Rd., Yilan City, Yilan County 26056, Taiwan (R.O.C.)","余O益","0930780848","02-81927258","有","有"
"45916746","20160421","20210813","迪瓦諾家居有限公司","DIVANO HOME CO., LTD.","新北市新莊區民安路340巷5號3樓","3 F., No. 5, Ln. 340, Min’an Rd., Xinzhuang Dist., New Taipei City 24258, Taiwan (R.O.C.)","吳O思","02-2204-4887","","有","有"
"45916942","20160422","20230111","丰庫有限公司","FENG HOUSE COMPANY LIMITED","新北市永和區中正路646號9樓之1","9 F.-1, No. 646, Zhongzheng Rd., Yonghe Dist., New Taipei City 234023, Taiwan (R.O.C.)","張O傑","02-29242123","","有","有"
"45916957","20160524","20230703","盛憶泉生物科技股份有限公司","SHENG YI QUAN BIOTECHNOLOGY CO., LTD.","新北市林口區中正路79號4樓","4 F., No. 79, Zhongzheng Rd., Linkou Dist., New Taipei City 244014, Taiwan (R.O.C.)","朱O森","02-86012227","","無","無"
"45917013","20160425","20230107","元甫科技有限公司","QUICK & IDEA TECHNOLOGY LTD.","新北市泰山區楓樹街33巷13號9樓","9 F., No. 13, Ln. 33, Fengshu St., Taishan Dist., New Taipei City 243079, Taiwan (R.O.C.)","楊O新","02-85317016","","有","有"
"45917082","20230302","20230302","太禓創意行銷有限公司","Tai Yang Creative Marketing CO., LTD.","基隆市信義區深溪路55巷56號5樓","5 F., No. 56, Ln. 55, Shenxi Rd., Xinyi Dist., Keelung City 201009, Taiwan (R.O.C.)","莊O遠","02-26999968","","有","有"
"45917225","20160530","20220422","鉅新光電有限公司","MICROVIEW OPTO-ELECTRONIC CO., LTD.","新北市中和區中山路2段616巷3號(4樓)","4 F., No. 3, Ln. 616, Sec. 2, Zhongshan Rd., Zhonghe Dist., New Taipei City 23544, Taiwan (R.O.C.)","陳O安","02-29521399#2192","02-29521266","有","有"
"45917344","20231024","20231024","翰恩貿易有限公司","HAN-N TRADING Limited","新北市板橋區長江路2段275號5樓","5 F., No. 275, Sec. 2, Changjiang Rd., Banqiao Dist., New Taipei City 220026, Taiwan (R.O.C.)","蔡O洲","03-3260170","03-3558378","無","無"
"45917386","20171012","20230913","玄盛國際股份有限公司","Xmerak International CO., LTD.","新北市汐止區茄安路199號2樓","2 F., No. 199, Jia’an Rd., Xizhi Dist., New Taipei City 22172, Taiwan (R.O.C.)","潘O祥","02-8647-8662","02-8647-5816","有","有"
"45917415","20160622","20240206","愛馬美貿易有限公司","IMAMEI TRADE CO., LTD.","新北市五股區明德路7巷48號","No. 48, Ln. 7, Mingde Rd., Wugu Dist., New Taipei City 24855, Taiwan (R.O.C.)","","02-22931183","","無","無"
"45917506","20160713","20241210","麗富國際有限公司","GREAT RICHTEX INTERNATIONAL CO., LTD.","新北市新莊區新北大道4段187號9樓之3","9 F.-3, No. 187, Sec. 4, New Taipei Blvd., Xinzhuang Dist., New Taipei City 242032, Taiwan (R.O.C.)","杜O慧","02-77291988","","有","有"
"45917549","20200210","20210813","元潮餐飲有限公司","Yuan Chao Catering Co., Ltd","新北市林口區仁愛路2段688號(1樓)","1 F., No. 688, Sec. 2, Ren’ai Rd., Linkou Dist., New Taipei City 24449, Taiwan (R.O.C.)","顏O偉","02-26098989","","有","有"
"45917610","20180910","20210813","宜心實業有限公司","Yihsin Medical Co., Ltd.","新北市林口區文化三路2段50號10樓","10 F., No. 50, Sec. 2, Wenhua 3rd Rd., Linkou Dist., New Taipei City 24459, Taiwan (R.O.C.)","張O志明","02-26098781","02-33930795","有","有"
"45917668","20190527","20250214","天晴家具有限公司","TANG CHIN FURNITURE CO., LTD.","新北市五股區成泰路2段197巷3號","No. 3, Ln. 197, Sec. 2, Chengtai Rd., Wugu Dist., New Taipei City 248, Taiwan (R.O.C.)","邱O銖","","","有","有"
"45917816","20230511","20240427","繪新國際有限公司","TWCOMET LTD.","新北市鶯歌區中山路166巷2號","No. 2, Ln. 166, Zhongshan Rd., Yingge Dist., New Taipei City 239008, Taiwan (R.O.C.)","林O樺","0286781229","","有","有"
"45918245","19910119","20210812","善昇企業有限公司","SHAAN JEEN ENTERPRISE CO., LTD.","桃園市楊梅區楊新路四段78巷18號","No. 18, Ln. 78, Sec. 4, Yangxin Rd., Yangmei Dist., Taoyuan City 32647, Taiwan (R.O.C.)","古O森","03-4759805","","有","有"
"45918266","20020103","20210811","良丞企業社","LEANG CHEN ENTERPRISE COMPANY","桃園市平鎮區北貴里關爺東路３７巷９號１樓","1 F., No. 9, Ln. 37, Guanye E. Rd., Beigui Vil., Pingzhen Dist., Taoyuan City 32457, Taiwan (R.O.C.)","莊O清","03-459-1896","03-459-1265","有","有"
"45918300","20160427","20210815","辰展股份有限公司","INNOVATIVE MATERIAL SOLUTIONS TECHNOLOGY CORPORATION","新北市汐止區伯爵街35巷14號(1樓)","1 F., No. 14, Ln. 35, Bojue St., Xizhi Dist., New Taipei City 22156, Taiwan (R.O.C.)","林O清","02-24320975","02-24323179","有","有"
"45918364","20160429","20210815","茂華視覺科技股份有限公司","EYESONTEC INC.","新北市三重區重新路5段609巷14號7樓之16","7F.-16, No. 14, Ln. 609, Sec. 5, Chongxin Rd., Sanchong Dist., New Taipei City 24159, Taiwan (R.O.C.)","徐O華","02-29992627","02-29991517","有","有"
"45918370","20160516","20210813","易速連電子有限公司","EASY LINK ELECTRONIC CO., LTD.","新北市中和區德光路40號13樓之4","13F.-4, No. 40, Deguang Rd., Zhonghe Dist., New Taipei City 23542, Taiwan (R.O.C.)","余O文","02-29080868","02-29080816","有","有"
"45918435","20021226","20210814","賢瑋實業有限公司","SIEN WEY ENTERPRISE CO., LTD.","桃園市楊梅區水美里楊湖路一段546號","No. 546, Sec. 1, Yanghu Rd., Shuimei Vil., Yangmei Dist., Taoyuan City 32662, Taiwan (R.O.C.)","石O浩","03-478-3000","03-475-3311","有","有"
"45930682","19891230","20210813","銳隆機械有限公司","JUI LUNG MACHINE CO., LTD.","桃園市新屋區頭洲里民族路六段443號","No. 443, Sec. 6, Minzu Rd., Touzhou Vil., Xinwu Dist., Taoyuan City 32741, Taiwan (R.O.C.)","陳O林","03-4901198","03-4901898","有","有"
