"統一編號","原始登記日期","核發日期","廠商中文名稱","廠商英文名稱","中文營業地址","英文營業地址","代表人","電話號碼","傳真號碼","進口資格","出口資格"
"92001717","20080513","20080513","中華民國購物中心協會","TAIWAN COUNCIL OF SHOPPING CENTERS","臺北市大安區敦化南路１段２２５號４樓之７","4F.-7, NO.225, SEC. 1, DUNHUA S. RD., DA-AN DISTRICT, TAIPEI CITY 106, TAIWAN (R.O.C.)","劉O東","02-27923037","02-27923229","有","有"
"92004144","20140820","20140820","中華賽車會","CHINESE TAIPEI MOTOR SPORTS ASSOCIATION","臺北市八德路四段５５號２樓","2F., NO.55, SEC. 4, BADE RD., SONGSHAN DIST., TAIPEI CITY 10561, TAIWAN","楊O榮","02-27645169","02-27645040","有","有"
"92012708","20210420","20210420","財團法人平安社會福利慈善事業基金會","THE JURIDICAL PERSON OF THE PEACE SOCIAL WELFARE AND CHARITY FOUNDATION","台北市大安區羅斯福路三段２６９巷３號","NO. 3, LN. 269, SEC. 3, ROOSEVELT RD., DA’AN DIST., TAIPEI CITY 106613, TAIWAN (R.O.C.)","兵O隆","08-7378402","","有","有"
"92013636","20230706","20230706","指惑美學館","Allure Aesthetics Studio","高雄市楠梓區土庫二路188號19樓之9","No. 188, Tuku 2nd Rd., Nanzi Dist., Kaohsiung City 811535, Taiwan (R.O.C.)","張O秀","0970696565","","有","有"
"92017339","20170116","20170116","財團法人福祿文化基金會","FU LU CULTURE FOUNDATION","臺北市北投區幽雅路３２號","NO.32, YOUYA RD., BEITOU DIST., TAIPEI CITY 11243, TAIWAN (R.O.C.)","張O明","02-28912318","02-28943176","有","有"
"92019239","20071114","20240617","財團法人國家衛生研究院","NATIONAL HEALTH RESEARCH INSTITUTES","苗栗縣竹南鎮科研路３５號","NO.35, KEYAN RD., ZHUNAN TOWN, MIAOLI COUNTY 350, TAIWAN (R.O.C.)","司O惠康","037-206166","037-587405","有","有"
"92019300","20240320","20240320","中華民國划船協會","CHINESE TAIPEI Rowing Association","臺北市中山區朱崙街２０號７０７室","Rm. 707, No. 20, Zhulun St., Zhongshan Dist., Taipei City 10489, Taiwan (R.O.C.)","洪O昌","02-87711434","02-27735756","有","有"
"92024514","20211008","20211008","中華民國舉重協會","CHINESE TAIPEI WEIGHTLIFTING ASSOCIATION.","臺北市中山區朱崙街２０號５０２Ａ室","RM. 502A, No. 20, Zhulun St., Zhongshan Dist., Taipei City 104703, Taiwan (R.O.C.)","張O寶蓮","02-27110823","","有","有"
"92025598","20230425","20230425","心達實業社","Cinda retail enterprise Company","高雄市鳳山區西湖街14巷7號","No. 7, Ln. 14, Xihu St., Fengshan Dist., Kaohsiung City 830072, Taiwan (R.O.C.)","陳O心","0918178535","","有","有"
"92026647","20230208","20230208","財團法人鄧麗君文教基金會","TERESA TENG FOUNDATION","台北市光復南路306號5樓","5F., no.306, Guang-Fu S. Rd., Da-An Dist., Taipei City 106, Taiwan (R.O.C.)","鄧O富","02-87731985","","有","有"
"92028595","20210701","20210701","財團法人陳永泰文教基金會","Y.T. Chen FOUNDATION","臺北市信義區信義路５段２號１６樓","16 F., No. 2, Sec. 5, Xinyi Rd., Xinyi Dist., Taipei City 11049, Taiwan (R.O.C.)","袁O華","02-23458088#1712","02-23458037","有","有"
"92030305","20041221","20230504","乙全企業行","Z CHUAN ENTERPRISE CO.","高雄市三民區中都街８５巷２１號","No. 21, Ln. 85, Zhongdu St., Sanmin Dist., Kaohsiung City 807004, Taiwan (R.O.C.)","麥O銘","07-3222236","07-3121552","無","無"
"92031753","20160420","20210812","松林美術器材社","SONGLIN ART SUPPLIES CO.","高雄市苓雅區苓昇里昇平街１１０號１樓","1 F., No. 110, Shengping St., Lingsheng Vil., Lingya Dist., Kaohsiung City 80244, Taiwan (R.O.C.)","孫O清","07-3300638","07-3363871","有","有"
"92035998","20151016","20210812","金宏企業行","KIM HONG CO.","高雄市楠梓區健民街２７巷３９號","No. 39, Ln. 27, Jianmin St., Nanzi Dist., Kaohsiung City 81161, Taiwan (R.O.C.)","王O明","0910804299","07-2817212","有","有"
"92040774","20020920","20210811","翔一便利超商","SHIANG E CO.","高雄市三民區熱河１街３５３之２號","No. 353-2, Rehe 1st St., Sanmin Dist., Kaohsiung City 80758, Taiwan (R.O.C.)","李O興","07-2518913","07-2518913","有","有"
"92042978","19961104","20231208","石田國際商社","ISHIDA INTERNATIONAL CO.","高雄市三民區博愛一路287號7樓","7 F., No. 287, Bo’ai 1st Rd., Sanmin Dist., Kaohsiung City 807025, Taiwan (R.O.C.)","薛O玉","07-5575008","07-5577488","有","有"
"92043879","20020814","20230116","美新企業社","MEIXIN CO.","高雄市苓雅區武信街６６號１樓","1 F., No. 66, Wuxin St., Lingya Dist., Kaohsiung City 802022, Taiwan (R.O.C.)","侯O雯","07-7223128","","無","無"
"92051080","20220622","20220622","德金商貿企業社","Deggin Enterprise CO.","高雄市三民區光武路14號5樓","5 F., No. 14, Guangwu Rd., Sanmin Dist., Kaohsiung City 807042, Taiwan (R.O.C.)","林O泓","0920327657","","有","有"
"92051103","20221114","20221114","羿成科技實業社","YEE CHEN TECHNOLOGY COMPANY","高雄市三民區正興里建工路５９５號一樓","1 F., No. 595, Jiangong Rd., Zhengxing Vil., Sanmin Dist., Kaohsiung City 807057, Taiwan (R.O.C.)","李O順","07-3870808","","有","有"
"92051384","20220531","20220531","進富貿易實業社","Jin Full Trade Industry Co.","高雄市左營區文恩路117之3號4樓","4 F., No. 117-3, Wen'en Rd., Zuoying Dist., Kaohsiung City 813028, Taiwan (R.O.C.)","楊O議","0928-899288","","有","有"
"92052118","20221003","20221003","辰食食坊","CHANCE RESTAURANT CO.","高雄市岡山區碧紅里大德一路７之１號1樓","1 F., No. 7-1, Dade 1st Rd., Bihong Vil., Gangshan Dist., Kaohsiung City 820009, Taiwan (R.O.C.)","王O阡","07-6214237","","無","無"
"92053030","20120202","20210811","采荷室內空間設計","COLOR-LOTUS DESIGN CO.","高雄市三民區河堤路５３２號十一樓","11 F., No. 532, Heti Rd., Sanmin Dist., Kaohsiung City 80792, Taiwan (R.O.C.)","丁O芬","07-2364529","","有","有"
"92056923","20010402","20210811","美聖樂器行","MEEI-SHANG MUSIC STORE","高雄市小港區泰山里松柏街５２號","No. 52, Songbo St., Taishan Vil., Xiaogang Dist., Kaohsiung City 81268, Taiwan (R.O.C.)","溫O雲","07-8032004","07-8032460","有","有"
"92059196","19950710","20240220","聖威醫療器材行","SHENG WEI MEDICAL EQUIPMENT CO.","高雄市前鎮區和平二路207號9樓","9 F., No. 207, Heping 2nd Rd., Qianzhen Dist., Kaohsiung City 806009, Taiwan (R.O.C.)","蘇O珍","07-7138476","07-7221964","有","有"
"92059246","20151113","20210812","東昱視覺傳達工作室","EAST OF SUN VISION COMMUNICATION WORKSHOP","高雄市鳳山區誠平路８１號","No. 81, Chengping Rd., Fengshan Dist., Kaohsiung City 83082, Taiwan (R.O.C.)","劉O陽","07-7533255","","有","有"
"92059800","19990610","20210812","晉源中藥行","CHIN YUAN CHINESE MEDICINE CO.","高雄市三民區松江街３３７號","No. 337, Songjiang St., Sanmin Dist., Kaohsiung City 80757, Taiwan (R.O.C.)","黃O賢","07-3136688","","有","有"
"92065134","20240125","20240125","中華民國現代五項暨冬季兩項運動協會","Chinese Taipei Modern Pentathlon & Biathlon Association","８１１高雄市楠梓區旗楠路１６０號","No. 160, Qinan Rd., Nanzi Dist., Kaohsiung City 811 , Taiwan (R.O.C.)","蔡O璋","073521647","073527309","有","有"
"92081303","20120104","20120104","飛鳳宮","FLY FONG TEMPLE","高雄市鳳山區六成街１２３－１號","NO.123-1, LIUCHENG ST., FENGSHAN DIST., KAOHSIUNG CITY 830, TAIWAN (R.O.C.)","陳O發","07-7965351","","有","有"
"92091885","20030114","20250403","山口企業行","SHAN KOU ENTERPRISE CO.,","花蓮縣吉安鄉勝安村中原路１段１７１號１樓","1 F., No. 171, Sec. 1, Zhongyuan Rd., Ji’an Township, Hualien County 97346, Taiwan (R.O.C.)","陳O文","03-8537100","03-854-4580","有","有"
"92096967","20140715","20210812","豐洲機械工程行","FONG JHOU MACHINERY ENGINEERING CO.","花蓮縣花蓮市國裕里富裕１１街１０５號１樓","1 F., No. 105, Fuyu 11th St., Guoyu Vil., Hualien City, Hualien County 97057, Taiwan (R.O.C.)","林O琦","03-8561557","03-8578013","有","有"
"92098515","20180521","20210811","千里馬事業社","CHIAN LI MA ENTERPRISE CO.","花蓮縣吉安鄉永興村全民街23號2樓","2 F., No. 23, Quanmin St., Ji’an Township, Hualien County 97359, Taiwan (R.O.C.)","林O遠","03-8328121","03-8462402","有","有"
"92102335","20000808","20220705","台田醬園","TAI TIEN SAUCE FOOD FACTORY","屏東縣竹田鄉二崙村忠義路9巷18號","No. 18, Ln. 9, Zhongyi Rd., Zhutian Township, Pingtung County 911165, Taiwan (R.O.C.)","曾O瑛","08-7712050","08-7712150","有","有"
"92103019","20241123","20241123","高雄市關心人道援助學會","Humanitarian Care society","高雄市楠梓區清豐路227號13樓","13 F., No. 227, Qingfeng Rd., Nanzi Dist., Kaohsiung City 811035, Taiwan (R.O.C.)","黃O華","0915863820","","有","有"
"92105065","20231102","20231102","風雲列印及雷雕工作室","FY3D Printing & Engraving Studio","高雄市三民區春陽街60號6樓","6 F., No. 60, Chunyang St., Sanmin Dist., Kaohsiung City 807574, Taiwan (R.O.C.)","劉O銘","0939566251","","有","有"
"92107107","19810817","20230111","大益食品農牧股份有限公司","TAH YIH FARMING & FOOD PROCESSING CORP.","屏東縣潮州鎮榮祥巷22號","No. 22, Rongxiang Ln., Chaozhou Township, Pingtung County 920010, Taiwan (R.O.C.)","林O惠","087-882362","","有","有"
"92108605","20231028","20231028","微克禮魚水族","WEEKLY Asia Enterprise CO.","高雄市旗山區旗甲路2段380號1樓","1 F., No. 380, Sec. 2, Qijia Rd., Qishan Dist., Kaohsiung City 842058, Taiwan (R.O.C.)","鍾O宏","0989163015","","有","有"
"92109132","20220617","20220617","睦森木材行","muson wood co.","高雄市左營區路東里左營大路１６７巷１２弄１５號","No. 15, Aly. 12, Ln. 167, Zuoying Avenue, Ludong Vil., Zuoying Dist., Kaohsiung City 813006, Taiwan (R.O.C.)","周O堂","0978051020","","有","有"
"92109816","20220614","20221208","宗聖貿易企業社","Yongsheng Trading Enterprise Co.","高雄市鼓山區中華一路73之5號地下室","B1 , B, No. 73-5, Zhonghua 1st Rd., Gushan Dist.,  Kaohsiung City 804063, Taiwan (R.O.C.)","蕭O文","07-5526810","","無","無"
"92110031","20240410","20240410","泥聲行","Dot Comms Consulting Firm","高雄市左營區民族一路960巷35弄30號1樓","1 F., No. 30, Aly. 35, Ln. 960, Minzu 1st Rd., Zuoying Dist., Kaohsiung City 813011, Taiwan (R.O.C.)","陳O方","07 3105676","","有","有"
"92110089","20220614","20220929","八卦五金百貨行","Bagua Hardware Department Co.","高雄市橋頭區經武路66號24樓之7","24 F.-7, No. 66, Jingwu Rd., Qiaotou Dist., Kaohsiung City 825006, Taiwan (R.O.C.)","王O伶","0919183026","","有","有"
"92110406","20220620","20220620","新勝水產貿易企業社","Xinsheng Aquatic Products Trading CO.","高雄市前鎮區天后街31號7樓","7 F., No. 31, Tianhou St., Qianzhen Dist., Kaohsiung City 806042, Taiwan (R.O.C.)","盧O廷","07-3705530","","無","無"
"92110829","20220617","20220617","邁時尚飾品網購","MyFashion Accessory Online Shop","高雄市楠梓區朝陽路１６５巷２２號","No. 22, Ln. 165, Chaoyang Rd., Nanzi Dist., Kaohsiung City 811020, Taiwan (R.O.C.)","王O志","0929237911","","無","無"
"92110834","20231229","20231229","如月之恆社","Eternal as the moon Studio","高雄市鼓山區民康街157號6樓","6 F., No. 157, Minkang St., Gushan Dist., Kaohsiung City 804059, Taiwan (R.O.C.)","林O敏","","","有","有"
"92111550","20230406","20250311","連育企業社","LIAN,DUI Co.","高雄市小港區港源街139號2樓","20 F.-2, No. 232, Chenggong 1st Rd., Lingya Dist., Kaohsiung City 802619, Taiwan (R.O.C.)","戴O融","0903167638","","有","有"
"92112262","20220704","20220704","在台言志文創工作室","Calling For Light Studio","高雄市新興區民生一路56號14樓之7","14 F.-7, No. 56, Minsheng 1st Rd., Xinxing Dist., Kaohsiung City 800408, Taiwan (R.O.C.)","鍾O沁","0958581020","","無","無"
"92113712","20220816","20230407","百驊國際電子商務","BAI-HUA BOUTIQUE","高雄市新興區林森一路２３號1樓","1 F., No. 23, Linsen 1st Rd., Xinxing Dist., Kaohsiung City 800002, Taiwan (R.O.C.)","賴O彤","07-3220735","","有","有"
"92113826","20220803","20230707","燈塔茶行","Lighthouse tea&juice shop","高雄市前鎮區瑞隆路516號1樓","1F., No. 516, Ruilong Rd., Qianzhen Dist.,  Kaohsiung City 806016, Taiwan (R.O.C.)","陳O竹","07-7223015","","無","無"
"92113966","20220629","20230206","六月一日商行","ChiCha Taiwan Company","高雄市苓雅區民主里鐵道一街６４７號1樓","1 F., No. 647, Tiedao 1st St., Minzhu Vil., Lingya Dist., Kaohsiung City 802014, Taiwan (R.O.C.)","孫O賜","0921533565","","有","有"
"92114114","20250410","20250410","森燿國際","SEN YAO INTERNATIONALITY Co.","高雄市新興區玉衡里中山一路１４號9樓之１１","9 F.-11, No. 14, Zhongshan 1st Rd., Xinxing Dist., Kaohsiung City 800012, Taiwan (R.O.C.)","謝O駿","","","有","有"
"92114775","20220726","20220726","瑞泉實業社","RUEI QUAN COMPANY","高雄市前鎮區鎮川二巷165號1樓","1 F., No. 165, Zhenchuan 2nd Ln., Qianzhen Dist., Kaohsiung City 806030, Taiwan (R.O.C.)","陳O徽","07-8228385","","有","有"
"92114867","20240503","20240503","蓋被子工作室","Gaibeizi Marketing Studio","高雄市前鎮區竹中里和平二路２２７巷２５弄５號4樓","4 F., No. 5, Aly. 25, Ln. 227, Heping 2nd Rd., Zhuzhong Vil., Qianzhen Dist., Kaohsiung City 806009, Taiwan (R.O.C.)","張O慧","0918001667","","有","有"
"92114894","20240220","20240521","我愛螺廣西米粉","WOAILUOGuangXi rice noodle Store","高雄市苓雅區興中一路319號1樓","1 F., No. 319, Xingzhong 1st Rd., Lingya Dist., Kaohsiung City 802034, Taiwan (R.O.C.)","郭O麟","0926815611","","有","有"
"92114938","20220727","20220727","聖匠實業社","SHENG JIANG TRADING COMPANY","高雄市前鎮區鎮發街31號1樓","1 F., No. 31, Zhenfa St., Qianzhen Dist., Kaohsiung City 806031, Taiwan (R.O.C.)","陳O徽","07-8228385","","有","有"
"92115021","20250509","20250509","凱諾斯企業社","KAINOS GARAGE Co.","高雄市苓雅區武義街７０巷８號","No. 8, Ln. 70, Wuyi St., Lingya Dist., Kaohsiung City 802024, Taiwan (R.O.C.)","許O辰","","","有","有"
"92116400","20220721","20220721","烏赫林茶飲","wuhelin teashop co.","高雄市鳳山區光復路一段149號1樓","1 F., No. 149, Sec. 1, Guangfu Rd., Fengshan Dist., Kaohsiung City 830028, Taiwan (R.O.C.)","蘇O瑾","07-7991811","","有","有"
"92116696","20220921","20220921","偉衡自動化科技工程行","WEI HENG AUTOMATION TECHNOLOGY COMPANY","高雄市大寮區琉球路66之3號","No. 66-3, Liuqiu Rd., Daliao Dist., Kaohsiung City 831130, Taiwan (R.O.C.)","郭O衡","07-8915486","","有","有"
"92116751","20230605","20240512","昇旺輪胎五金企業社","SHENG WANG TIRE HARDWARE CO.","高雄市鼓山區大榮街36號1樓","1 F., No. 36, Darong St., Gushan Dist., Kaohsiung City 804015, Taiwan (R.O.C.)","郭O辰","0930577981","","有","有"
"92116984","20221209","20221209","康康好意企業社","Kang Kang Caring Co.","高雄市三民區大昌二路89號17樓","17 F., No. 89, Dachang 2nd Rd., Sanmin Dist., Kaohsiung City 807542, Taiwan (R.O.C.)","康O庭","0909255456","","有","有"
"92117549","20220721","20220808","餐飲創業家顧問企業社","Entrepreneur Consultant Co.","高雄市鼓山區大順一路1011巷8號25樓之1","25 F.-1, No. 8, Ln. 1011, Dashun 1st Rd., Gushan Dist., Kaohsiung City 804504, Taiwan (R.O.C.)","黃O凌","09-73223608","","有","有"
"92117914","20240325","20240325","唐藝視覺創意館","TOPART VISUAL CREATIVITY COMPANY","高雄市三民區興安街９６號","No. 96, Xing’an St., Sanmin Dist., Kaohsiung City 807014, Taiwan (R.O.C.)","李O枝","07-3215256","","有","有"
"92118322","20220722","20220722","壹陸捌水產企業社","168Aquatic Products Firm","高雄市楠梓區興楠路355巷83號7樓之12","7 F.-12, No. 83, Ln. 355, Xingnan Rd., Nanzi Dist., Kaohsiung City 811509, Taiwan (R.O.C.)","林O緯","0968399225","","無","無"
"92118553","20231128","20231128","龍德實業社","Liang-de Company","高雄市大寮區義仁里鳳林一路７之２４號一樓","1 F., No. 7-24, Fenglin 1st Rd., Yiren Vil., Daliao Dist., Kaohsiung City 831138, Taiwan (R.O.C.)","吳O彬","0930113236","","有","有"
"92118821","20231211","20231211","口口二點零商行","cocotwo STORE","高雄市小港區松福街115號1樓","1 F., No. 115, Songfu St., Xiaogang Dist., Kaohsiung City 812018, Taiwan (R.O.C.)","李O茹","07-8039812","","有","有"
"92118961","20240930","20240930","茂勝實業社","MAOSEN INDUSTRIAL Co.","高雄市三民區民族一路2巷9弄10號1樓","1 F., No. 10, Aly. 9, Ln. 2, Minzu 1st Rd., Sanmin Dist., Kaohsiung City 807027, Taiwan (R.O.C.)","洪O揚","","","有","有"
"92119146","20231212","20231212","小島愛平面社","aagrafiks co.","高雄市苓雅區城東里興中二路５４巷２０號3樓","3 F., No. 20, Ln. 54, Xingzhong 2nd Rd., Chengdong Vil., Lingya Dist., Kaohsiung City 802048, Taiwan (R.O.C.)","蕭O蓉","0987310601","","有","有"
"92119700","20000630","20210811","雍旺米行","NEI PU FOODSTUFFS MILL","屏東縣內埔鄉內田村廣濟路145號1樓","1 F., No. 145, Guangji Rd., Neipu Township, Pingtung County 91248, Taiwan (R.O.C.)","傅O雍","08-7792035","08-7796898","有","有"
"92119764","20230629","20230629","班迪亞企業社","Buendia International Company","高雄市燕巢區鳳東路312巷2號","No. 2, Ln. 312, Fengdong Rd., Yanchao Dist., Kaohsiung City 824005, Taiwan (R.O.C.)","曹O元","0919972779","07-6155393","有","有"
"92120170","20240318","20240318","維立科技企業社","Weili Technology Enterprise Company","高雄市前鎮區一心二路91號1樓","1 F., No. 91, Yixin 2nd Rd., Qianzhen Dist., Kaohsiung City 806024, Taiwan (R.O.C.)","蘇O維","0987358123","","有","有"
"92120468","20221114","20221114","刷嘴食品坊","SHUAZUI FOOD SHOP","高雄市鹽埕區大有街２５號三樓之１１","3 F.-11, No. 25, Dayou St., Yancheng Dist., Kaohsiung City 803001, Taiwan (R.O.C.)","高O桉","0901052901","","有","有"
"92120636","20230717","20230717","天晟商行","TIAN CHENG trading Firm","高雄市大寮區新厝里鳳林二路１７６號１樓","１F., No. 176, Fenglin 2nd Rd., Xincuo Vil., Daliao Dist., Kaohsiung City 831129, Taiwan (R.O.C)","蔡O敬","0953408337","07-3345927","有","有"
"92121430","20230331","20230331","好麥家商行","HAO MAI JIA FIRM","高雄市燕巢區鳳旗路２１２巷５０弄４５號2樓","2 F., No. 45, Aly. 50, Ln. 212, Fengqi Rd., Yanchao Dist., Kaohsiung City 824005, Taiwan (R.O.C.)","麥O銘","0916603515","","有","有"
"92122579","20220830","20220830","紘景商行","Chen shinchuan COMPANY","高雄市苓雅區凱旋三路615號1樓","1 F., No. 615, Kaixuan 3rd Rd., Lingya Dist., Kaohsiung City 802044, Taiwan (R.O.C.)","陳O全","0905958860","","無","無"
"92122748","20220808","20220808","新誠家居用品行","Xincheng Home Furnishings Trading CO.","高雄市大社區翠屏里中興二巷３之１號1樓","1F., No. 3-1, Zhongxing 2nd Ln., Dashe Dist., Kaohsiung City , Taiwan (R.O.C.)","胡O斌","0933012443","","有","有"
"92123346","20220812","20220812","睿佳商行","R&J KIDS CO.","高雄市新興區同愛街34號4樓","4 F., No. 34, Tong'ai St., Xinxing Dist., Kaohsiung City 800054, Taiwan (R.O.C.)","莊O玲","0903101591","","無","無"
"92123471","20220831","20220831","家光蠶絲國際生活舘","HOMELIGHT SILK INTERNATIONAL DEVELOPMENT Co.","高雄市新興區達仁街15號","No. 15, Daren St., Xinxing Dist., Kaohsiung City 800006, Taiwan (R.O.C.)","沈O娟","07-2273046","07-2260127","無","無"
"92124014","20220815","20220815","福蓁金企業社","Fu Zhen Jin Company","高雄市新興區同愛街３５巷６號1樓","1 F., No. 6, Ln. 35, Tong'ai St., Xinxing Dist., Kaohsiung City 800054, Taiwan (R.O.C.)","李O蓁","0908300730","","有","有"
"92124485","20240116","20240116","諾德斯國際工程行","NORDX INTERNATIONAL ENGINEERING Co.","高雄市三民區天津街１２巷３號","No. 3, Ln. 12, Tianjin St., Sanmin Dist., Kaohsiung City 807012, Taiwan (R.O.C.)","蕭O璋","07-3222860","","有","有"
"92124491","20231004","20231004","好果力商行","HGL Company","高雄市三民區本館里建工路２１０巷１號","No. 1, Ln. 210, Jiangong Rd., Benguan Vil., Sanmin Dist., Kaohsiung City 807041, Taiwan (R.O.C.)","陳O昂","08-8788384","","有","有"
"92124632","20220912","20220912","靜舟漆工坊","Seishu Makie Studio","高雄市楠梓區大學十街360號1樓","1 F., No. 360, Daxue 10th St., Nanzi Dist., Kaohsiung City 811034, Taiwan (R.O.C.)","何O","07-5910530","","有","有"
"92124865","20220826","20220826","森城家企業社","MORIJO HOME CO.","高雄市鳳山區澄清路161巷15之3號","No. 15-3, Ln. 161, Chengqing Rd., Fengshan Dist., Kaohsiung City 830030, Taiwan (R.O.C.)","李O妮","0930955296","","無","無"
"92124990","20220826","20220826","開立捷企業社","StartLuck Enterprise Co.","高雄市左營區富國路292號18樓之9","18 F.-9, No. 292, Fuguo Rd., Zuoying Dist., Kaohsiung City 813642, Taiwan (R.O.C.)","李O華","07-2692523","","有","有"
"92125935","20240719","20240719","因樂生工作室","INNOCENT HOOD Studio","高雄市三民區自立一路283號9樓之6","9 F.-6, No. 283, Zili 1st Rd., Sanmin Dist., Kaohsiung City 807010, Taiwan (R.O.C.)","歐O麟","07-2811798","","有","有"
"92126152","20220823","20220823","元富承實業行","YUAN FU CHENG CO.","高雄市鼓山區青海路557號1樓","1 F., No. 557, Qinghai Rd., Gushan Dist., Kaohsiung City 804013, Taiwan (R.O.C.)","黃O月娥","07-5619111","","有","有"
"92126625","20220825","20220825","祥鴻船舶用品社","Xiang Hong Ship Supplies Co.","高雄市三民區北平二街5巷15之2號8樓","8 F., No. 15-2, Ln. 5, Beiping 2nd St., Sanmin Dist., Kaohsiung City 807342, Taiwan (R.O.C.)","紀O廷","0917036171","","有","有"
"92127005","20231227","20231227","東輝企業行","Dong Hui Company","高雄市鳥松區松埔北巷2之94號8樓","8 F., No. 2-94, Songpu N. Ln., Niaosong Dist., Kaohsiung City 833547, Taiwan (R.O.C.)","呂O東","07-7352493","","有","有"
"92127027","20220831","20220831","岐樂堂蔘藥行","CHI LE TANG GINSENG CO.","高雄市鹽埕區富野路67之1號3樓","3 F., No. 67-1, Fuye Rd., Yancheng Dist., Kaohsiung City 803002, Taiwan (R.O.C.)","施O傳","07-3492929","","有","有"
"92127645","20231225","20231225","吳䒟設計工作室","DAN Studio","高雄市楠梓區清豐三路128號1樓","1 F., No. 128, Qingfeng 3rd Rd., Nanzi Dist., Kaohsiung City 811035, Taiwan (R.O.C.)","吳O","0905891260","","有","有"
"92127791","20250103","20250103","帝德翡洛察企業","DiD Flora Co.","高雄市鼓山區昌盛路334號13樓","13 F., No. 334, Changsheng Rd., Gushan Dist., Kaohsiung City 804617, Taiwan (R.O.C.)","陳O安","07-5527859","","有","有"
"92127856","20240726","20240726","群成企業社","QUN SENG ENTERPRISE Co.","高雄市仁武區建興巷8之1號1樓","1 F., No. 8-1, Jianxing Ln., Renwu Dist., Kaohsiung City 814019, Taiwan (R.O.C.)","周O哲","0972-332721","","有","有"
"92127997","20250312","20250312","大華汽車企業行","Dahua Automobile Hang","高雄市三民區大順二路919號1樓","1 F., No. 919, Dashun 2nd Rd., Sanmin Dist., Kaohsiung City 807067, Taiwan (R.O.C.)","陳O義","0931724999","","有","有"
"92128481","20231109","20231125","明恩工作坊","MING-EN HOME DECORATION STUDIO","高雄市三民區孝順街70號1樓","1 F., No. 70, Xiaoshun St., Sanmin Dist., Kaohsiung City 807018, Taiwan (R.O.C.)","吳O恩","0921685177","","有","有"
"92128742","20220906","20220906","海富邦國際企業社","Hai Fu Bang International Co.","高雄市楠梓區晉昌街６號1樓","1 F., No. 6, Jinchang St., Nanzi Dist., Kaohsiung City 811010, Taiwan (R.O.C.)","詹O臨","07-4135565","","有","有"
"92129003","20031015","20210811","民安藥局","MIN AN CO.","屏東縣潮州鎮同榮里西市路三八號","No. 38, Xishi Rd., Tongrong Vil., Chaozhou Township, Pingtung County 92045, Taiwan (R.O.C.)","曾O環","08-788-5763","","有","有"
"92129025","20220905","20220905","天圓商行","TianYuan Richest Firm","高雄市前鎮區中山二路２號12樓之７","12 F.-7, No. 2, Zhongshan 2nd Rd., Qianzhen Dist., Kaohsiung City 806611, Taiwan (R.O.C.)","鍾O梅","0980071091","","無","無"
"92129545","20221115","20221115","森禾國際貿易實業社","AMS industry Co.","高雄市楠梓區中和里德中路５１０號","No. 510, Dezhong Rd., Zhonghe Vil., Nanzi Dist., Kaohsiung City 811008, Taiwan (R.O.C.)","楊O玲","0931766608","","有","有"
"92129600","20221004","20221004","眾緣企業行","Chung Yuan Private Enterprise Co.","高雄市鹽埕區七賢三路213號8樓之1","8 F.-1, No. 213, Qixian 3rd Rd., Yancheng Dist., Kaohsiung City 803001, Taiwan (R.O.C.)","吳O雲","0905113304","","無","無"
"92129860","20230221","20230221","翔泰椅墊工坊","Xiangtai Chair cushion Studio","高雄市楠梓區清豐里旗楠路５７９號","No. 579, Qinan Rd., Qingfeng Vil., Nanzi Dist., Kaohsiung City 811032, Taiwan (R.O.C.)","莫O羽","07-3554466","","有","有"
"92129947","20220921","20220921","享增企業行","Enioy the increase of enterprise Co.","高雄市新興區民生一路56號22樓之8","22 F.-8, No. 56, Minsheng 1st Rd., Xinxing Dist., Kaohsiung City 800408, Taiwan (R.O.C.)","沈O婷","0928322155","","有","有"
"92130156","20220908","20230425","芃橙企業社","Peng Cheng Firm","高雄市旗山區東平里延平二路３巷２８號一樓","1 F., No. 28, Ln. 3, Yanping 2nd Rd., Dongping Vil., Qishan Dist., Kaohsiung City 842044, Taiwan (R.O.C.)","詹OO","07-6601489","","有","有"
"92130634","20220922","20220922","公明山商行","GONGMINGSHAN Shop","高雄市三民區延慶街188號3樓","3 F., No. 188, Yanqing St., Sanmin Dist., Kaohsiung City 807015, Taiwan (R.O.C.)","李O純","0975176173","","有","有"
"92130682","20230609","20230609","鴻源實業行","Hung Source Enterprise Company","高雄市三民區澄和路280巷5號1樓","1 F., No. 5, Ln. 280, Chenghe Rd., Sanmin Dist., Kaohsiung City 807038, Taiwan (R.O.C.)","黃O建","07-3865583","07-3865583","有","有"
"92131021","20220916","20240615","儀憶國際貿易","T.N.T International Trading Co.","高雄市鼓山區龍勝路36號9樓","9 F., No. 36, Longsheng Rd., Gushan Dist., Kaohsiung City 804503, Taiwan (R.O.C.)","李O僾","07-5525120","","無","無"
"92131325","20220916","20220916","家眞貿易行","JIA ZHEN TRADING Co.","高雄市大樹區九曲路125巷29號1樓","1 F., No. 29, Ln. 125, Jiuqu Rd., Dashu Dist., Kaohsiung City 840002, Taiwan (R.O.C.)","黃O祥","07-6517110","07-6517110","有","有"
"92131423","20220928","20220928","願景商貿行","Yuanjing Trading Company","高雄市鼓山區龍水里美術館路８７號一樓","1 F., No. 87, Meishuguan Rd., Longshui Vil., Gushan Dist., Kaohsiung City 804411, Taiwan (R.O.C.)","賴O涵","0987030808","","有","有"
"92132062","20220920","20220920","蕎翎工作室","Lingling's Studio","高雄市三民區十全一路30號","No. 30, Shiquan 1st Rd., Sanmin Dist., Kaohsiung City 807017, Taiwan (R.O.C.)","莊O蕎","0963451169","","有","有"
"92132295","20240717","20240717","麥好廖商行","Maihaoliao Firm","高雄市楠梓區常德路237號4樓","4 F., No. 237, Changde Rd., Nanzi Dist., Kaohsiung City 811031, Taiwan (R.O.C.)","廖O慧","","","有","有"
"92132443","20230616","20230804","揚律國際企業社","Yanglu International Enterprise Co.","臺中市西屯區西平里逢甲路153之1號3樓","3 F., No. 153-1, Fengjia Rd., Xiping Vil., Xitun Dist., Taichung City 407033, Taiwan (R.O.C.)","黃O賓","0985091349","","無","無"
"92132669","20241105","20241105","百浪競風流企業行","Bailangjingfengliu Enterprise Co.","高雄市六龜區光復路164之7號","No. 164-7, Guangfu Rd., Liugui Dist., Kaohsiung City 844001, Taiwan (R.O.C.)","潘O長","0980402311","","無","無"
"92133148","20220926","20220926","菩月自在園企業","Puyu zizaiya Company","高雄市仁武區澄新街８８號1樓","1 F., No. 88, Chengxin St., Renwu Dist., Kaohsiung City 814022, Taiwan (R.O.C.)","陳O彰","07-7331103","","有","有"
"92133490","20221205","20221205","保衛站楠梓企業社","Guard Station Nanzi Enterprise Co.","高雄市左營區光輝里後昌路６７９號1樓","1 F., No. 679, Houchang Rd., Guanghui Vil., Zuoying Dist., Kaohsiung City 813001, Taiwan (R.O.C.)","吳O諭","07-3633998","","有","有"
"92133528","20221014","20221014","嘉赫企業","JIAHEQIYE COMPANY","高雄市楠梓區加仁路８０巷３號1樓","1 F., No. 3, Ln. 80, Jiaren Rd., Nanzi Dist., Kaohsiung City 811013, Taiwan (R.O.C.)","陳O睿","0906958781","","有","有"
"92133750","20220928","20240803","必省商行","Must Save Co.","高雄市小港區廠邊一路17號","No. 17, Changbian 1st Rd., Xiaogang Dist., Kaohsiung City 812020, Taiwan (R.O.C.)","紀O秋","0936687780","","有","有"
"92134006","20220928","20220928","果漾企業行","BEAUTY NUTRITION SHOP","高雄市苓雅區民權一路26巷1號20樓之6","20 F.-6, No. 1, Ln. 26, Minquan 1st Rd., Lingya Dist., Kaohsiung City 802702, Taiwan (R.O.C.)","李O澤","(07)335-9331","(07)335-7794","有","有"
"92134049","20230808","20230808","安騰食品行","ShuShu Co.","高雄市仁武區永仁街102巷3弄15號1樓","1 F., No. 15, Aly. 3, Ln. 102, Yongren St., Renwu Dist., Kaohsiung City 814040, Taiwan (R.O.C.)","王O緹","077353471","","無","無"
"92134688","20220930","20220930","進富食品","IN FOOD Co.","高雄市左營區站前南路143巷1號1樓","1 F., No. 1, Ln. 143, Zhanqian S. Rd., Zuoying Dist., Kaohsiung City 813014, Taiwan (R.O.C.)","韓O富","09-10237321","","有","有"
"92134836","20240501","20240612","新毅企業社","NEW YI Co.","高雄市鼓山區瑞豐街23號","No. 23, Ruifeng St., Gushan Dist., Kaohsiung City 804061, Taiwan (R.O.C.)","林O妡","0934185778","","有","有"
"92135363","20221005","20221005","福燈用品企業","fu deng goods Company","高雄市三民區灣利里新民路１３０巷３１號","No. 31, Ln. 130, Xinmin Rd., Wanli Vil., Sanmin Dist., Kaohsiung City 807064, Taiwan (R.O.C.)","李O賢","077331292","","有","有"
"92136406","20221021","20221021","原石商行","The Stone Firm","高雄市前鎮區中山二路２號12樓之７","12 F.-7, No. 2, Zhongshan 2nd Rd., Qianzhen Dist., Kaohsiung City 806611, Taiwan (R.O.C.)","蘇O欣","0938966509","","有","有"
"92136481","20230222","20230222","捌貳壹商行","821 Firm","高雄市新興區林森一路178號1樓","1 F., No. 178, Linsen 1st Rd., Xinxing Dist., Kaohsiung City 800002, Taiwan (R.O.C.)","張O熒","0928739737","","有","有"
"92137123","20221228","20221228","昱爍實業社","YU SHUO COMPANY","高雄市三民區天祥一路１８７號1樓","1 F., No. 187, Tianxiang 1st Rd., Sanmin Dist., Kaohsiung City 807074, Taiwan (R.O.C.)","李O宏","07-3109797","","有","有"
"92137138","20230119","20230119","梅好製造商行","Everything Good Good Store","高雄市湖內區中正路一段17號1樓","1 F., No. 17, Sec. 1, Zhongzheng Rd., Hunei Dist., Kaohsiung City 829004, Taiwan (R.O.C.)","陳O由","0912900216","","無","無"
"92137159","20240123","20240123","眉州小館","MEI'S HOUSE RESTAURANT","高雄市三民區博愛一路176號1樓","1 F., No. 176, Bo’ai 1st Rd., Sanmin Dist., Kaohsiung City 807025, Taiwan (R.O.C.)","黃O增","","","無","無"
"92137307","20080828","20210814","聯東工業股份有限公司","LIANDONG INDUSTRY CO., LTD.","屏東縣潮州鎮永春里光復路35號","No. 35, Guangfu Rd., Yongchun Vil., Chaozhou Township, Pingtung County 92043, Taiwan (R.O.C.)","歐O豐","08-7883156","08-7806822","有","有"
"92137427","20230210","20230210","嵩承茶行","songchengteashop Company","高雄市鳳山區濱山街３號","No. 3, Binshan St., Fengshan Dist., Kaohsiung City 830007, Taiwan (R.O.C.)","林O宏","07-7676911","","有","有"
"92138220","20221205","20221205","石頭人煙具商行","Kc Stoner Smoke Shop","高雄市前金區自強三路２３５巷１１號","No. 11, Ln. 235, Ziqiang 3rd Rd., Qianjin Dist., Kaohsiung City 801007, Taiwan (R.O.C.)","黃O齊","0978666831","","有","有"
"92138404","20230313","20230313","逸潔光商行","Levvitstar Co.","高雄市橋頭區秀正路7之3號1樓","1 F., No. 7-3, Xiuzheng Rd., Qiaotou Dist., Kaohsiung City 825009, Taiwan (R.O.C.)","林O君","076113270","","有","有"
"92138565","20221025","20221025","星攀企業社","Shing-Pan Enterprise lone CO.","高雄市三民區覺民路272巷46號1樓","1 F., No. 46, Ln. 272, Juemin Rd., Sanmin Dist., Kaohsiung City 807033, Taiwan (R.O.C.)","黃O嬌","07-3871313","07-3847412","有","有"
"92139987","20221027","20221027","購愛享行銷企業社","GOSHARING Company","高雄市前鎮區凱旋四路310號14樓之1","14 F.-1, No. 310, Kaixuan 4th Rd., Qianzhen Dist., Kaohsiung City 806604, Taiwan (R.O.C.)","黃O玟","07-3301681","","有","有"
"92140176","20221026","20221026","泓盈水產企業社","Hong Ying Seafood Enterprise CO.","高雄市前鎮區草衙中街89巷3號1樓","1 F., No. 3, Ln. 89, Caoya Central St., Qianzhen Dist., Kaohsiung City 806040, Taiwan (R.O.C.)","陳O佳","07-8228052","","有","有"
"92140507","20221027","20221027","蒔閣工作室","SHIH GE STUDIO","高雄市三民區自立一路528之1號10樓","10 F., No. 528-1, Zili 1st Rd., Sanmin Dist., Kaohsiung City 807011, Taiwan (R.O.C.)","林O嫻","0976533729","","有","有"
"92141442","20221118","20221118","英展貿易行","Ying chan business Store","高雄市燕巢區安南路27巷9號1樓","1 F., No. 9, Ln. 27, Annan Rd., Yanchao Dist., Kaohsiung City 824008, Taiwan (R.O.C.)","蔡O伶","0911036003","","無","無"
"92141626","20250114","20250114","福茲電商","Fuzi e-commerce Studio","高雄市鼓山區龍德路106巷6弄1號5樓","5 F., No. 1, Aly. 6, Ln. 106, Longde Rd., Gushan Dist., Kaohsiung City 804057, Taiwan (R.O.C.)","黃O維","","","有","有"
"92141766","20221102","20221102","奧聖堤克國際貿易行","Authentic International Trading Co.","高雄市三民區寶國里褒揚街２９３之１號十三樓","13 F., No. 293-1, Baoyang St., Baoguo Vil., Sanmin Dist., Kaohsiung City 807490, Taiwan (R.O.C.)","陳O佐","0929305001","","有","有"
"92141864","20230927","20230927","傳承車業","CHANCHENGCAR COMPANY","高雄市仁武區高楠里高楠公路９９-１號","No. 99-1, Gaonan Highway, Gaonan Vil., Renwu Dist., Kaohsiung City 814032, Taiwan (R.O.C.)","許O銘","07-7493736","","有","有"
"92142287","20221122","20221122","星線商行","SING SIAN Store","高雄市三民區鼎盛里鼎貴路９８號5樓","5 F., No. 98, Dinggui Rd., Dingsheng Vil., Sanmin Dist., Kaohsiung City 807079, Taiwan (R.O.C.)","黃O珍","0989829279","","有","有"
"92142667","20221116","20221116","邦洲企業社","Bang Zhou CO.","高雄市鳳山區鳳仁路100之59號","No. 100-59, Fengren Rd., Fengshan Dist., Kaohsiung City 830012, Taiwan (R.O.C.)","廖O德","07-5868773","","無","無"
"92143595","20221110","20221110","如果工作室","IF CLOTHING WORK SHOP","高雄市三民區本揚里青年路二段６００號3樓","3 F., No. 600, Sec. 2, Qingnian Rd., Benyang Vil., Sanmin Dist., Kaohsiung City 807037, Taiwan (R.O.C.)","陳O錚","0933655499","","有","有"
"92144617","20230313","20230319","喬恩娜國際優選企業社","Joeanna International Select Company","高雄市新興區中山一路１４號9樓之１１","9 F.-11, No. 14, Zhongshan 1st Rd., Xinxing Dist., Kaohsiung City 800012, Taiwan (R.O.C.)","鄺O弘","0983526769","","有","有"
"92145094","20230131","20230131","興宇企業社","Sinnvoll Co.","高雄市新興區信守街168號9樓之2","9 F.-2, No. 168, Xinshou St., Xinxing Dist., Kaohsiung City 800008, Taiwan (R.O.C.)","石O琦","0981-988511","","有","有"
"92145284","20221117","20221117","藍電流企業行","B-Light Company","高雄市小港區松泰街42號1樓","1 F., No. 42, Songtai St., Xiaogang Dist., Kaohsiung City 812036, Taiwan (R.O.C.)","温O松","0912777797","","有","有"
"92145313","20221117","20241023","知百年視覺整合工作室","Forever WED Visual Design Studio","高雄市鳳山區頂昌街１號一樓","1 F., No. 1, Dingchang St., Fengshan Dist., Kaohsiung City 830070, Taiwan (R.O.C.)","呂O仲","0987367129","","有","有"
"92146039","20230214","20230214","海煜商行","Hai yu trading Company","高雄市鳳山區頂新八街5號1樓","1 F., No. 5, Dingxin 8th St., Fengshan Dist., Kaohsiung City 830064, Taiwan (R.O.C.)","鄭O怡","07-7923369","","有","有"
"92146306","19721204","20210812","吉川貿易有限公司","CHI CHUAN TRADING CO., LTD.","高雄市三民區長明街305號","No. 305, Changming St., Sanmin Dist., Kaohsiung City 80750, Taiwan (R.O.C.)","陳O玲","07-2210101","","有","有"
"92146798","20221205","20241012","金彩網路行銷平台工作室","JinCai Internet Studio","高雄市苓雅區中正二路175號5樓之3","5 F.-3, No. 175, Zhongzheng 2nd Rd., Lingya Dist., Kaohsiung City 802406, Taiwan (R.O.C.)","黃O婷","0958464176","","無","無"
"92147678","20221128","20221128","勤鑫滿企業行","CHIN HSIN MAN COMPANY","高雄市旗山區旗南二路136巷19號1樓","1 F., No. 19, Ln. 136, Qinan 2nd Rd., Qishan Dist., Kaohsiung City 842057, Taiwan (R.O.C.)","邱O莉","0901303778","","有","有"
"92148655","20221201","20221201","妍豐企業社","Yan Fong Enterprise Co.","高雄市鳳山區建國路一段401巷12號1樓","1 F., No. 12, Ln. 401, Sec. 1, Jianguo Rd., Fengshan Dist., Kaohsiung City 830023, Taiwan (R.O.C.)","邱O婷","0922551317","","有","有"
"92149423","20240116","20250107","小魏企業","XIAO WEI FIRM","高雄市左營區大中一路412號1樓","1 F., No. 412, Dazhong 1st Rd., Zuoying Dist., Kaohsiung City 813022, Taiwan (R.O.C.)","龔O榮","07-2237611","","有","有"
"92149654","20221212","20221212","金燦商行","Find Company","高雄市鼓山區九如四路1181巷11號7樓","7 F., No. 11, Ln. 1181, Jiuru 4th Rd., Gushan Dist., Kaohsiung City 804011, Taiwan (R.O.C.)","俞O春","0900070381","","無","無"
"92150440","20230503","20230503","智恩文化","CHIH-EN CULTURE Company","高雄市鹽埕區鹽埕街140巷12號","No. 12, Ln. 140, Yancheng St., Yancheng Dist., Kaohsiung City 803002, Taiwan (R.O.C.)","蔡O穗","0987370772","","有","有"
"92150482","20221215","20221215","南諾實業社","Nannuo Co.","高雄市三民區建工路212巷24號2樓","2 F., No. 24, Ln. 212, Jiangong Rd., Sanmin Dist., Kaohsiung City 807041, Taiwan (R.O.C.)","林O勤","07-3462618","","有","有"
"92150498","20221214","20221214","東芯農產行","DONG XIN AGRICULTURAL PRODUCTS Co.","高雄市苓雅區和平一路129巷37號1樓","1 F., No. 37, Ln. 129, Heping 1st Rd., Lingya Dist., Kaohsiung City 802016, Taiwan (R.O.C.)","鄭O櫻","07-7616205","","無","無"
"92150568","20221214","20221214","吉星糧行","JI XING FOOD-COMMERCIAL FIRM","高雄市苓雅區和平一路129巷37號2樓","2 F., No. 37, Ln. 129, Heping 1st Rd., Lingya Dist., Kaohsiung City 802016, Taiwan (R.O.C.)","鄭O羽","07-7616205","","有","有"
"92150835","20240305","20240305","和盟企業社","FruFood Enterprise Co.","高雄市苓雅區光華一路２０６號10樓之１０","10 F.-10, No. 206, Guanghua 1st Rd., Lingya Dist., Kaohsiung City 802466, Taiwan (R.O.C.)","李O榞","","","有","有"
"92151623","20230104","20230104","埃爾加選品店","Avenchen Collection Co.","高雄市苓雅區三多四路77巷12弄6之2號","No. 6-2, Aly. 12, Ln. 77, Sanduo 4th Rd., Lingya Dist., Kaohsiung City 802625, Taiwan (R.O.C.)","陳O雯","0929963085","","有","有"
"92152209","20221219","20221219","美美珍企業社","MEI MEI JANE Company","高雄市苓雅區光華一路206號10樓之10","10 F.-10, No. 206, Guanghua 1st Rd., Lingya Dist., Kaohsiung City 802466, Taiwan (R.O.C.)","潘O運","0987734571","","無","無"
"92152572","20230522","20230522","明明就在工作室","CAMIRE TRADING Co.","高雄市左營區重信路608號2樓","2 F., No. 608, Chongxin Rd., Zuoying Dist., Kaohsiung City 813021, Taiwan (R.O.C.)","李O蓓","0928110081","","有","有"
"92152658","20221221","20221221","高頂商行","HIGH TOP ENTERPRISES Co.","高雄市苓雅區林華里廣東二街２巷７之１號","No. 7-1, Ln. 2, Guangdong 2nd St., Lingya Dist., Kaohsiung City 802018, Taiwan (R.O.C.)","陳O棟","07-7221735","","有","有"
"92152735","20230307","20230307","微聯企業社","Wei lian Company","高雄市苓雅區中山二路489號8樓之2","8 F.-2, No. 489, Zhongshan 2nd Rd., Lingya Dist., Kaohsiung City 802201, Taiwan (R.O.C.)","孫O良","0902341168","","無","無"
"92154298","20230106","20231121","右豐企業行","YU FENG SUPPLY Co.","高雄市前鎮區新生路816號6樓","6 F., No. 816, Xinsheng Rd., Qianzhen Dist., Kaohsiung City 806042, Taiwan (R.O.C.)","","0927777008","","有","有"
"92155331","20230112","20230112","安勛企業社","An Xun Enterprise Company","高雄市橋頭區西林路市場巷18之1號","No. 18-1, Shichang Ln., Xilin Rd., Qiaotou Dist., Kaohsiung City 825004, Taiwan (R.O.C.)","馬O智","0916933371","","有","有"
"92155493","20230110","20230110","蔓妮朵朵企業社","Dolly Girl Company","高雄市新興區明星街70之2號","No. 70-2, Mingxing St., Xinxing Dist., Kaohsiung City 800052, Taiwan (R.O.C.)","曾O于","0988585372","","有","有"
"92155682","20230217","20230217","京店企業社","Jingdian  Business Co.","高雄市鳳山區保生路２７０號1樓","1 F., No. 270, Baosheng Rd., Fengshan Dist., Kaohsiung City 830066, Taiwan (R.O.C.)","蔡O程","0927227139","","有","有"
"92156351","20230118","20230118","自由空間家居館","FREE SPACE SHOP","高雄市苓雅區英義街２４０號六樓之１","6 F.-1, No. 240, Yingyi St., Lingya Dist., Kaohsiung City 802043, Taiwan (R.O.C.)","尹O玲","07-5317145","07-5317145","有","有"
"92157020","20230425","20240621","艾芙麗商行","Ivory-care Company","高雄市三民區博愛一路287號7樓","7 F., No. 287, Bo’ai 1st Rd., Sanmin Dist., Kaohsiung City 807025, Taiwan (R.O.C.)","龍O偉","0909517592","","無","無"
"92157598","20230116","20230117","頌恩商行","simon·peter Company","高雄市仁武區永新二街96巷68弄3號1樓","1 F., No. 3, Aly. 68, Ln. 96, Yongxin 2nd St., Renwu Dist., Kaohsiung City 814029, Taiwan (R.O.C.)","李O英","07-2691358","","有","有"
"92157801","20230205","20230205","安彤商行","An Tong Trading Company","高雄市左營區重愛路９２號三樓","3 F., No. 92, Chong’ai Rd., Zuoying Dist., Kaohsiung City 813536, Taiwan (R.O.C.)","林O彤","0922-527-208","","有","有"
"92158034","20230116","20230116","饗喝餐館","SIANG HE RESTAURANT","高雄市鳳山區光復路二段249號1樓","1 F., No. 249, Sec. 2, Guangfu Rd., Fengshan Dist., Kaohsiung City 830029, Taiwan (R.O.C.)","顏O美","07-7197676","","無","無"
"92159287","20240110","20250409","民帝資訊","MINDI ZIHSYUN Co.","高雄市三民區天祥一路205號1樓","1 F., No. 205, Tianxiang 1st Rd., Sanmin Dist., Kaohsiung City 807074, Taiwan (R.O.C.)","吳O均","07-3494068","","有","有"
"92160257","20230207","20230722","蝦匠手作漁具","Shrimp Craftsman Fishing Gear FIRM","高雄市三民區澄清路４２９巷４號一樓","1 F., No. 4, Ln. 429, Chengqing Rd., Sanmin Dist., Kaohsiung City 807037, Taiwan (R.O.C.)","劉O斌","07-3838200","","有","有"
"92160432","20231030","20231030","汎帝商行","Pan Emperor Company","高雄市大樹區九曲路257號1樓","1 F., No. 257, Jiuqu Rd., Dashu Dist., Kaohsiung City 840002, Taiwan (R.O.C.)","柯O蓁","07-6513875","07-6517713","無","無"
"92160989","20230207","20230207","一展資材行","Sunny Material Business Co.","高雄市大寮區拷潭里拷潭路１２３之１號","No. 123-1, Kaotan Rd., Kaotan Vil., Daliao Dist., Kaohsiung City 831128, Taiwan (R.O.C.)","嚴O","0937015251","","有","有"
"92161191","20230208","20240228","恩佐科技企業社","Enzo technology Co.","高雄市三民區明哲路３３號十三樓之６","13 F.-6, No. 33, Mingzhe Rd., Sanmin Dist., Kaohsiung City 807712, Taiwan (R.O.C.)","吳O軒","0953521126","","無","無"
"92162282","20230516","20230516","靚豪農產行","JING HAO AGRICULTURE PRODUCTS Company","高雄市梓官區大舍北路１０７巷３９９號１樓","1 F., No. 399, Ln. 107, Dashe N. Rd., Ziguan Dist., Kaohsiung City 826008, Taiwan (R.O.C.)","余O揚","0986827110","","有","有"
"92162754","20220629","20220629","保證責任高雄市匯通果菜生產合作社","Unlimity Produce Cooperative Co.","高雄市燕巢區中民路826號","No. 826, Zhongmin Rd., Yanchao Dist., Kaohsiung City 824009, Taiwan (R.O.C.)","潘O杰","07-6141113","","有","有"
"92164845","20220706","20230306","保證責任高雄市境界果菜生產合作社","Kaohsiung City Jingjie Fruit and Vegetable Cooperative for Guaranteed Responsibility","高雄市旗山區廣福里旗屏二路１３５號","No. 135, Qiping 2nd Rd., Guangfu Vil., Qishan Dist., Kaohsiung City 842044, Taiwan (R.O.C.)","王O堯","0937373027","","有","有"
"92165008","20021017","20210812","成良肉店","CHANGLEN STORE","屏東縣內埔鄉內埔村內埔市場畜肉類第七號","No. 7, Neipu Market, Neipu Township, Pingtung County 91241, Taiwan (R.O.C.)","林O全","08-7539551","08-7327322","有","有"
"92177258","20250515","20250515","金錂果企業社","Jinglingo Co.","高雄市楠梓區藍田路8巷15號1樓","1 F., No. 15, Ln. 8, Lantian Rd., Nanzi Dist., Kaohsiung City 811033, Taiwan (R.O.C.)","劉O芳","0966-828703","","有","有"
"92181008","20231031","20231031","酷哦韓國連線服飾店","Cool Korean Online Co.","高雄市鳳山區北賢街280號","No. 280, Beixian St., Fengshan Dist., Kaohsiung City 830705, Taiwan (R.O.C.)","李O蓁","0933-355850","","有","有"
"92182196","20221214","20221214","保證責任高雄市采竑果菜生產合作社","Kaohsiung City Tsai Hong Fruit and Vegetable Co-op for Guaranteed Responsibility","高雄市美濃區清水里南中街４５號","No. 45, Nanzhong St., Qingshui Vil., Meinong Dist., Kaohsiung City 843006, Taiwan (R.O.C.)","謝O倫","07-3470100","","有","有"
"92186329","20230112","20230112","保證責任高雄市榮欣水產生產合作社","KAOHSIUNG RONG SIN AQUATIC COOPERATIVES","高雄市彌陀區光和里光和路168-3號","No. 168-3, Guanghe Rd., Guanghe Vil., Mituo Dist., Kaohsiung City 827009, Taiwan (R.O.C.)","許O雯","07-6107406","","有","有"
"92189183","20240903","20240903","樂享森活商行","CESTLEEVIE STORE","高雄市前鎮區新生路816號3樓","3 F., No. 816, Xinsheng Rd., Qianzhen Dist., Kaohsiung City 806042, Taiwan (R.O.C.)","戴O雯","","","有","有"
"92190724","20230524","20230524","格雷商行","GE LEI Company","高雄市鳳山區文衡路278巷11號4樓","4 F., No. 11, Ln. 278, Wenheng Rd., Fengshan Dist., Kaohsiung City 830013, Taiwan (R.O.C.)","袁O男","0931107027","","有","有"
"92190750","20250108","20250108","孔媽媽生活事業商行","kungmama Store","高雄市岡山區壽華路５８號7樓之５","7 F.-5, No. 58, Shouhua Rd., Gangshan Dist., Kaohsiung City 820001, Taiwan (R.O.C.)","孔O釗","07-6285979","","有","有"
"92191028","20240229","20240229","莫爾商行","More Co.","高雄市前鎮區一心一路164號一樓","1 F., No. 164, Yixin 1st Rd., Qianzhen Dist., Kaohsiung City 806026, Taiwan (R.O.C.)","羅O駿","0912945115","","有","有"
"92191189","20230408","20230408","益欣企業社","Yixin Sub-Enterprise Society Shop","高雄市岡山區石潭里石潭東街６巷５０號1樓","1 F., No. 50, Ln. 6, Shitan E. St., Shitan Vil., Gangshan Dist., Kaohsiung City 820101, Taiwan (R.O.C.)","張O銘","0983640331","","有","有"
"92191316","20240527","20240527","和悅商行","Heyue Beauty Department Store","高雄市前鎮區英德街７９８號","No. 798, Yingde St., Qianzhen Dist., Kaohsiung City 806007, Taiwan (R.O.C.)","曾O玲","0916799191","","有","有"
"92191569","20230515","20230515","星光藝動國際","Starlight Art Movement Co.","高雄市苓雅區四維四路2號8樓之5","8 F.-5, No. 2, Siwei 4th Rd., Lingya Dist., Kaohsiung City 802754, Taiwan (R.O.C.)","徐O菁","0925503651","","無","無"
"92191580","20230421","20240525","川子實業社","Japankawa Co.","高雄市左營區太華街44號","No. 44, Taihua St., Zuoying Dist., Kaohsiung City 813017, Taiwan (R.O.C.)","蕭O夫","0972795661","","有","有"
"92192808","20230223","20230223","宸欣企業社","MEGUMU Lab Company","高雄市左營區富民路69號4樓","4 F., No. 69, Fumin Rd., Zuoying Dist., Kaohsiung City 813314, Taiwan (R.O.C.)","施O瀅","0978-570586","","無","無"
"92193068","20230816","20230816","仙杜拉生活館","Xian Du La Store","高雄市岡山區岡山路２６７號14樓之１","14 F.-1, No. 267, Gangshan Rd., Gangshan Dist., Kaohsiung City 820001, Taiwan (R.O.C.)","杜O陳","0424715383","","無","無"
"92193095","20230816","20230816","阿韋之家生活館","A Wei Store","高雄市岡山區岡山路267號14樓之1","14 F.-1, No. 267, Gangshan Rd., Gangshan Dist., Kaohsiung City 820001, Taiwan (R.O.C.)","錢O辰","0424715383","","有","有"
"92193356","20230302","20241101","小宜居家企業行","Xiaoyi Company","高雄市左營區大中一路412號1樓","1 F., No. 412, Dazhong 1st Rd., Zuoying Dist., Kaohsiung City 813022, Taiwan (R.O.C.)","張O勻","","","有","有"
"92193877","20240508","20240508","芬德國芬畫廊","FEN ATELIER GALLERY Boutique","高雄市前金區市中一路９９號十七樓之９","17 F.-9, No. 99, Shizhong 1st Rd., Qianjin Dist., Kaohsiung City 801753, Taiwan (R.O.C.)","陳O芬","07-2510062","","有","有"
"92194046","20250521","20250521","中潤商行","China Resources Co.","高雄市楠梓區德中路46巷122號1樓","1 F., No. 122, Ln. 46, Dezhong Rd., Nanzi Dist., Kaohsiung City 811008, Taiwan (R.O.C.)","蕭O敏","0933645782","","有","有"
"92194067","20240105","20240105","貝瑀創意企業社","BELLWIN INNOVATION COMPANY","高雄市前鎮區中山二路91號11樓之1","11 F.-1, No. 91, Zhongshan 2nd Rd., Qianzhen Dist., Kaohsiung City 806612, Taiwan (R.O.C.)","任O芸","0976110992","","有","有"
"92194138","20240318","20240318","藝斯企業","Arts Co.","高雄市前鎮區佛公路１２４巷１弄１號1樓","1 F., No. 1, Aly. 1, Ln. 124, Fogong Rd., Qianzhen Dist., Kaohsiung City 806041, Taiwan (R.O.C.)","王O緯","0987756899","","有","有"
"92194236","20230816","20230816","揚揚得意生活館","Yang Yang Dai Yi Store","高雄市楠梓區楠都東街183號4樓之4","4 F.-4, No. 183, Nandu E. St., Nanzi Dist., Kaohsiung City 811020, Taiwan (R.O.C.)","許O揚","0424715383","","無","無"
"92194952","20230825","20230905","寬閔企業社","Cumin Company","高雄市新興區民生一路５６號22樓之5","22 F.-5, No. 56, Minsheng 1st Rd., Xinxing Dist., Kaohsiung City 800408, Taiwan (R.O.C.)","郭O閔","0958850774","","有","有"
"92195158","20230831","20230831","寶美企業社","Boma Company","高雄市新興區民生一路56號22樓之5","22 F.-5, No. 56, Minsheng 1st Rd., Xinxing Dist., Kaohsiung City 800408, Taiwan (R.O.C.)","李O美","0989014644","","有","有"
"92195164","20230725","20230725","泓翔企業社","TongHongXiang Company","高雄市新興區民生一路５6號14樓之8","14 F.-8, No. 56, Minsheng 1st Rd., Xinxing Dist., Kaohsiung City 800408, Taiwan (R.O.C.)","童O翔","0903-925701","","有","有"
"92195191","20230821","20230821","雷夢企業社","Li MingLong Factory","高雄市新興區民生一路５６號14樓之8","14 F.-8, No. 56, Minsheng 1st Rd., Xinxing Dist., Kaohsiung City 800408, Taiwan (R.O.C.)","李O榮","0927053818","","有","有"
"92195220","20230901","20230901","玗庭企業社","UTing Company","高雄市新興區民生一路56號15樓之8","15 F.-8, No. 56, Minsheng 1st Rd., Xinxing Dist., Kaohsiung City 800408, Taiwan (R.O.C.)","蔣O庭","0981944373","","有","有"
"92195410","20230908","20230908","發洛企業社","Inside Inboxes Co.","高雄市小港區敬業路７８號十二樓","12 F., No. 78, Jingye Rd., Xiaogang Dist., Kaohsiung City 812017, Taiwan (R.O.C.)","林O茹","0988655200","","無","無"
"92196847","20240509","20240509","彰哥手作食店","CHANG HOMEMADE CO.","臺中市大里區西湖里草湖路131巷9弄25號4樓","4 F., No. 25, Aly. 9, Ln. 131, Caohu Rd., Xihu Vil., Dali Dist., Taichung City 412026, Taiwan (R.O.C.)","許O彰","","","有","有"
"92202849","20221223","20221223","富巨金企業社","fujujin COMPANY","彰化縣彰化市磚磘里磚磘路148號2樓","2 F., No. 148, Changhua City, Changhua County 500, Taiwan (R.O.C.)","廖O平","047618007","047620583","有","有"
"92203636","20240828","20241218","安柏服飾","ALLA-Ex. Co.","彰化縣員林市振興里員水路1段218之12號","No. 218-12, Sec. 1, Yuanshui Rd., Zhenxing Vil., Yuanlin City, Changhua County 510034, Taiwan (R.O.C.)","黃O謙","","","有","有"
"92203805","20220822","20220822","巴黎草莓工作室","Paris Berry Studio","彰化縣鹿港鎮永安里自強街50巷5號1樓","1 F., No. 5, Ln. 50, Ziqiang St., Yong’an Vil., Lukang Township, Changhua County 505002, Taiwan (R.O.C.)","施O宗","0972064126","","有","有"
"92204558","20230308","20230308","半線羅浮商行","BanShian Rover Union Store","彰化縣彰化市西安里民族路361巷65號","No. 65, Ln. 361, Minzu Rd., Xi’an Vil., Changhua City, Changhua County 500007, Taiwan (R.O.C.)","呂O賢","04-7252888","","有","有"
"92204733","20220921","20250109","第七樂章工作室","Lefeng CO.","彰化縣彰化市延平里瑞陽街7號","No. 7, Ruiyang St., Yanping Vil., Changhua City, Changhua County 500053, Taiwan (R.O.C.)","鄧O忻","0978-260972","","有","有"
"92204776","20220902","20220902","祥宏汽車商行","Shiang Hong Vehicle Company","彰化縣和美鎮塗厝里和厝路2段446號1樓","1 F., No. 446, Sec. 2, Hecuo Rd., Tucuo Vil., Hemei Township, Changhua County 508003, Taiwan (R.O.C.)","姚O邦","0933-569372","","有","有"
"92205233","20220907","20220907","臻摯商行","ZhenZhi company","彰化縣彰化市民生里永安街153號3樓","3 F., No. 153, Yong'an St., Minsheng Vil., Changhua City, Changhua County 500021, Taiwan (R.O.C.)","張O臻","0903015552","","有","有"
"92205655","20220913","20220913","汎汎企業社","Fanfan HSEQ Service Company","彰化縣彰化市崙平里平和十一街31號1樓","1 F., No. 31, Pinghe 11th St., Lunping Vil., Changhua City, Changhua County 500016, Taiwan (R.O.C.)","羅O汎","0955325557","","無","無"
"92205677","20230420","20230420","貝恩熊親子生活館","Baan Bear Studio","彰化縣員林市大饒里員集路2段244巷20號1樓","1 F., No. 20, Ln. 244, Sec. 2, Yuanji Rd., Darao Vil., Yuanlin City, Changhua County 510036, Taiwan (R.O.C.)","蘇O櫻","0979098277","","有","有"
"92205748","20220921","20241224","躍天企業社","WYT CO.","彰化縣永靖鄉崙子村九分路492-2號1樓","1F., No. 492-2, Jiufen Rd., Lunzi Vil., Yongjing Township,  Changhua County 512001, Taiwan (R.O.C.)","張O獻","0983-656358","","無","無"
"92205803","20220922","20220922","寶佳立商行","bao jia li Shop","彰化縣線西鄉頂犁村草豐路323巷32弄3號1樓","1 F., No. 3, Aly. 32, Ln. 323, Caofeng Rd., Xianxi Township, Changhua County 507004, Taiwan (R.O.C.)","王O富","04-7354505","","有","有"
"92206021","20220915","20230503","恆泰益食品商行","Hengtaiyi Company","彰化縣彰化市卦山里卦山路15巷1-8號","No. 1-8, Ln. 15, Guashan Rd., Guashan Vil., Changhua City, Changhua County 500034, Taiwan (R.O.C.)","楊O澤","0979033212","","無","無"
"92207464","20230914","20230914","鈺森商行","YuSen pet supplies store","彰化縣鹿港鎮景福里民權路107號1樓","1 F., No. 107, Minquan Rd., Jingfu Vil., Lukang Township, Changhua County 505029, Taiwan (R.O.C.)","劉O辰","0987933900","","有","有"
"92207680","20221012","20230418","力元發企業社","JIN WAI Company","彰化縣二林鎮豐田里中和巷2號1樓","1 F., No. 2, Zhonghe Ln., Fengtian Vil., Erlin Township, Changhua County 526005, Taiwan (R.O.C.)","劉O成","0902-229682","","無","無"
"92207767","20221012","20221012","思維翻轉工作室","THINKING FLIP STUDIO","彰化縣鹿港鎮泰興里三民路19號","No. 19, Sanmin Rd., Taixing Vil., Lukang Township, Changhua County 505026, Taiwan (R.O.C.)","黃O阡","0937818240","","無","無"
"92207921","20240117","20240117","建誠企業社","CHIEN CHENG Enterprise Co.","彰化縣員林市大峯里山脚路3段2巷248號1樓","1 F., No. 248, Ln. 2, Yuanlin City, Changhua County 510, Taiwan (R.O.C.)","蔡O哲","","","有","有"
"92208695","20221021","20230712","宸駿企業社","Hongchenjun Enterprise Co., Ltd.","彰化縣鹿港鎮鹿東里正義街25巷6號","No. 6, Ln. 25, Zhengyi St., Lukang Township, Changhua County 505007, Taiwan (R.O.C.)","吳O?銘","04-7111997","04-7119810","無","無"
"92208766","20221027","20221027","歐阿姨工作室","orz Studio","彰化縣彰化市延平里埔東街158巷16號","No. 16, Ln. 158, Pudong St., Yanping Vil., Changhua City, Changhua County 500020, Taiwan (R.O.C.)","陳O綸","0955594591","","有","有"
"92209131","20240221","20240221","鮮寵寵物鮮食","freshpet.tw Workshop","彰化縣員林市三和里建國路70巷9號1樓","1 F., No. 9, Ln. 70, Jianguo Rd., Sanhe Vil., Yuanlin City, Changhua County 510003, Taiwan (R.O.C.)","林O萱","","","有","有"
"92209300","20221123","20221123","豐辰企業社","Feng Chen Hardware Industry Company","彰化縣埔心鄉瓦中村東明路132巷20號10樓之1","10 F.-1, No. 20, Ln. 132, Dongming Rd., Puxin Township, Changhua County 513005, Taiwan (R.O.C.)","巫O芬","04-8681158","","有","有"
"92209358","20221102","20221102","匯川實業社","HUI CHUAN INDUSTRIAL Co.","彰化縣和美鎮湖內里湖竹路18巷21號1樓","1 F., No. 21, Ln. 18, Huzhu Rd., Hunei Vil., Hemei Township, Changhua County 508003, Taiwan (R.O.C.)","姚O昌","04-7115850","","有","有"
"92209456","20221102","20221102","亞拉臘企業社","ARARAT ENTERPRISE Company","彰化縣和美鎮地潭里北郭路109號1樓","1 F., No. 109, Beiguo Rd., Ditan Vil., Hemei Township, Changhua County 508003, Taiwan (R.O.C.)","陳O悅","0423190961","","無","無"
"92210165","20221114","20221114","許個願工作室","Make a we HSU Studio","彰化縣彰化市下廍里長順街235巷5號","No. 5, Ln. 235, Changshun St., Changhua City, Changhua County 500012, Taiwan (R.O.C.)","許O筑","0970109960","","有","有"
"92210236","20240219","20240219","立早川整合行銷","Tatehaakawa COMPANY","彰化縣和美鎮中圍里東寧路171巷17-5號","No. 17-5, Ln. 171, Dongning Rd., Zhongwei Vil., Hemei Township, Changhua County 508002, Taiwan (R.O.C.)","梁O菱","0975660081","","有","有"
"92210480","20221123","20221123","駿騰通訊行","JUN-TENG COMMUNCATION Shop","彰化縣北斗鎮居仁里斗苑路1段96號1樓","1 F., No. 96, Sec. 1, Douyuan Rd., Juren Vil., Beidou Township, Changhua County 521003, Taiwan (R.O.C.)","張O閔","04-8876310","","有","有"
"92210708","19971201","19971201","枋寮區漁會","FANG-LIAO FISHERMEN ASSOCIATION","屏東縣枋寮鄉保生村保生路四三七號","NO.437 PAC ROAD,PAO SEN VILLAGE,FANG-LAO HSIANG PING-TUNG HSIEN","陳O夏","08-8781324","08-8782514","有","有"
"92210756","20230119","20230119","山日礦礦工作室","Shanzi Studio","彰化縣員林市山腳路3段70號","No. 70, Sec. 3, Shanjiao Rd., Yuanlin City, Changhua County 510032, Taiwan (R.O.C.)","馮O軒","09-11595891","","無","無"
"92211050","20221205","20221205","德源企業社","DE YUAN ENTERPRISE Co.","彰化縣彰化市延平里延平路428巷19號2樓","2 F., No. 19, Ln. 428, Yanping Rd., Yanping Vil., Changhua City, Changhua County 500033, Taiwan (R.O.C.)","王O芬","04-7119887","","無","無"
"92211100","20240226","20240226","吉仟商城","Good Luck Mall Shop","彰化縣彰化市南興里天祥路319巷6號4樓","4 F., No. 6, Ln. 319, Tianxiang Rd., Nanxing Vil., Changhua City, Changhua County 500057, Taiwan (R.O.C.)","楊O芙","0968639607","","有","有"
"92211208","20241209","20241209","鑫暘國際企業社","Xinyang International CO.","臺中市北區中正里中華路一段９３巷３５號","No. 35, Ln. 93, Sec. 1, Zhonghua Rd., Zhongzheng Vil., North Dist., Taichung City 404006, Taiwan (R.O.C.)","林O清","0939821888","","有","有"
"92211523","20250616","20250616","沐玥工作室","Muyue Studio","彰化縣彰化市西安里南瑤路353巷7弄1號3樓之1","3 F.-1, No. 1, Aly. 7, Ln. 353, Xi’an Vil., Changhua City, Changhua County 500, Taiwan (R.O.C.)","杭O恩","","","有","有"
"92211565","20240207","20240207","佶富商行","JI FU,SHANG-SING Factory","彰化縣和美鎮竹營里德美路408號1樓","1 F., No. 408, Demei Rd., Zhuying Vil., Hemei Township, Changhua County 508013, Taiwan (R.O.C.)","陳O義","04-7553205","04-7557879","有","有"
"92211684","20240418","20250612","龍升雷射企業社","LONG SHENG Company","臺北市松山區復興北路201號8樓之5","8 F.-5, No. 201, Fuxing N. Rd., Songshan Dist., Taipei City 105403, Taiwan (R.O.C.)","高O揚","0976222968","","有","有"
"92212001","20020829","20210812","和興號","SHUN LI STORE","屏東縣潮州鎮光華里第一市場４１號肉攤","No. 41, Guanghua Vil., Chaozhou Township, Pingtung County 920, Taiwan (R.O.C.)","朱O惠","08-7539551","08-7327322","有","有"
"92212059","20231220","20250313","露野企業社","LU YE Co.","彰化縣田中鎮平和里山腳路五段76-1號","1 F., No. 229, Fuxing Rd., Fuxing Vil., Tianzhong Township, Changhua County 520011, Taiwan (R.O.C.)","洪O翔","0980007455","","有","有"
"92212699","20230105","20230105","九品官人商行","Jiupin Officials Firm","彰化縣永靖鄉東寧村永興路2段251巷11弄15號","No. 15, Aly. 11, Ln. 251, Sec. 2, Yongxing Rd., Yongjing Township, Changhua County 512006, Taiwan (R.O.C.)","楊O猜","04-8232717","","有","有"
"92212776","20230712","20230712","敢動空間企業社","Power Action Comoany Company","彰化縣溪湖鎮大公路60巷53號","No. 53, Ln. 60, Dagong Rd., Xihu Township, Changhua County 514010, Taiwan (R.O.C.)","黄O堯","04-8853909","","有","有"
"92212781","20230106","20230106","惠敬中藥行","HUEI JING JHONG YAO Hang","彰化縣員林市南興里南潭路26巷30弄33號","No. 33, Aly. 30, Ln. 26, Nantan Rd., Nanxing Vil., Yuanlin City, Changhua County 510013, Taiwan (R.O.C.)","陳O重","04-8336633","","有","有"
"92213249","20230410","20230703","家心坊","Jia Xin Fang Co.","彰化縣田中鎮北路里中山街378巷10弄8號1樓","1 F., No. 8, Aly. 10, Ln. 378, Zhongshan St., Beilu Vil., Tianzhong Township, Changhua County 520021, Taiwan (R.O.C.)","許O","04-","","有","有"
"92213466","20230106","20240507","好家宅商行","HOMEDEPOT CO.","彰化縣福興鄉麥厝村麥厝街3-30號1樓","1 F., No. 3-30, Maicuo St., Fuxing Township, Changhua County 506, Taiwan (R.O.C.)","王O斌","0975972368","","有","有"
"92213521","20230214","20240709","欣星商行","New Star International Enterprise Co.","彰化縣溪湖鎮平和里光平街68號2樓","2 F., No. 68, Guangping St., Pinghe Vil., Xihu Township, Changhua County 514013, Taiwan (R.O.C.)","鄭O帆","04-8851198","","有","有"
"92214649","20220902","20220902","亞洲醫學生聯盟國際協會","Asian Medical Students' Association International","台中市北區學士路91號","No. 91, Xueshi Rd., North Dist., Taichung City 404328, Taiwan (R.O.C.)","陳O諄","0963671372","","有","有"
"92214970","20220719","20220719","社團法人雲豹復育研究會","Clouded Leopard Association of Taiwan","苗栗縣頭份市花園東路１００巷１１５號４樓","4 F., No. 115, Ln. 100, Huayuan E. Rd., Toufen City, Miaoli County 351018, Taiwan (R.O.C.)","姜O仁","03-7582503#9","","無","無"
"92216631","20250307","20250307","安建洗車","AN-JIAN Car wash Company","彰化縣彰化市平和里精誠路113之61號1樓","1 F., No. 113-61, Jingcheng Rd., Pinghe Vil., Changhua City, Changhua County 500027, Taiwan (R.O.C.)","黄O凱","0933-909531","","有","有"
"92217548","20230414","20230414","四季芳行","Plant Pot HANG","雲林縣臺西鄉海北村民權路１３-４號","No. 13-4, Minquan Rd., Taixi Township, Yunlin County 636104, Taiwan (R.O.C.)","趙O翰","0983646602","","有","有"
"92217792","20221017","20221017","志榮企業社","Zhirong Enterprise Store","雲林縣斗南鎮將軍里將軍路17之7巷2弄34號1樓","1 F., No. 34, Aly. 2, Ln. 17-7, Jiangjun, Dounan Township, Yunlin County 630046, Taiwan (R.O.C.)","林O麗","0932029786","","有","有"
"92218722","20221101","20221101","雋色文化藝術工作室","HHC Fine Art Conservation Co.","雲林縣西螺鎮光華里延平路２６２號一樓","1 F., No. 262, Yanping Rd., Guanghua Vil., Xiluo Township, Yunlin County 648002, Taiwan (R.O.C.)","趙O才","0979129600","","無","無"
"92219927","20230908","20230908","惠宇企業社","HWUEI YU Company","雲林縣斗六市龍潭里和平路２５號4樓之２１","4 F.-21, No. 25, Heping Rd., Longtan Vil., Douliu City, Yunlin County 640152, Taiwan (R.O.C.)","白O宇","0927962765","","無","無"
"92219948","20230830","20240910","禹億企業社","Yuyi Enterprise Company","雲林縣斗南鎮西岐里福德街１８８巷５６號3樓","3 F., No. 56, Ln. 188, Fude St., Xiqi Vil., Dounan Township, Yunlin County 630041, Taiwan (R.O.C.)","鄭O燦","0923212969","","有","有"
"92220038","20230202","20230607","禾田藝工坊","Squid Wood Workshop","雲林縣斗六市林頭里光榮街37-1號1樓","1 F., No. 37-1, Guangrong St., Lintou Vil., Douliu City, Yunlin County 640102, Taiwan (R.O.C.)","劉OO","0913462700","","有","有"
"92221326","20230104","20230104","銓崗商行","FullMetal Firm","雲林縣斗六市八德里文化路698-6號","No. 698-6, Wenhua Rd., Bade Vil., Douliu City, Yunlin County 640114, Taiwan (R.O.C.)","林O佑","0937025379","","有","有"
"92222079","20230118","20230118","中田貿易社","Nakata Trading Co.","雲林縣林內鄉坪頂村清水溪６巷１５號1樓","1 F., No. 15, Ln. 6, Qingshuixi, Linnei Township, Yunlin County 643006, Taiwan (R.O.C.)","黃O鑽","0927011370","","有","有"
"92222211","20250526","20250526","豆童企業社","DOUTONG Studio","雲林縣西螺鎮永安里延平路３１號1樓","1 F., No. 31, Yanping Rd., Yong’an Vil., Xiluo Township, Yunlin County 648002, Taiwan (R.O.C.)","林O潔","0963433888","","有","有"
"92233723","20220913","20220913","環球易購生活館","huan ciou E-Commerce Living Hall Company","臺中市南區和平里復興路二段７１巷３１弄１３號1樓","1 F., No. 13, Aly. 31, Ln. 71, Sec. 2, Fuxing Rd., Heping Vil., South Dist., Taichung City 402020, Taiwan (R.O.C.)","李O輝","04-22612917","","有","有"
"92237354","20230725","20230725","山丘企業社","Shan Chill Company","臺中市北屯區平和里梅川東路四段105號6樓之25","6 F.-25, No. 105, Sec. 4, Meichuan E. Rd., Pinghe Vil., Beitun Dist., Taichung City 406026, Taiwan (R.O.C.)","黃O生","0912666183","","無","無"
"92242928","20221107","20221107","莫卡商行","Mocarpro Co.","臺中市神岡區大社里豐社路１２２巷８號2樓","2 F., No. 8, Ln. 122, Fengshe Rd., Dashe Vil., Shengang Dist., Taichung City 429001, Taiwan (R.O.C.)","蔡O閔","0930126893","","有","有"
"92242976","20221110","20221110","午森莆商行","WU SEN PU CO.","臺中市大甲區頂店里大智街８５號1樓","1 F., No. 85, Dazhi St., Dingdian Vil., Dajia Dist., Taichung City 437015, Taiwan (R.O.C.)","陳O豐","04-26803346","","有","有"
"92242997","20221028","20230920","二十九號咖啡工坊","29 COFFEE ROASTERS Co.","臺中市西區民生里建國路57巷6號","No. 6, Ln. 57, Jianguo Rd., Minsheng Vil., West Dist., Taichung City 403001, Taiwan (R.O.C.)","歐O宗","04-22259598","","有","有"
"92243428","20221219","20221219","沐萊商行","Mu Lai Store","臺中市南區城隍里忠孝路149號10樓之1","10 F.-1, No. 149, Zhongxiao Rd., Chenghuang Vil., South Dist., Taichung City 402007, Taiwan (R.O.C.)","林O榆","0983-500908","","有","有"
"92243623","20230213","20230213","旖熙香氛實業","Eessi Trade Co.","臺中市潭子區家福里大通街１５１號１樓","1 F., No. 151, Datong St., Jiafu Vil., Tanzi Dist., Taichung City 427012, Taiwan (R.O.C.)","張O銓","0903156620","","有","有"
"92244524","20230210","20230210","翌新機械商行","YI XIN MECHANICAL COMPANY","臺中市神岡區三角里大富路１８６巷２９號１樓","1 F., No. 29, Ln. 186, Dafu Rd., Sanjiao Vil., Shengang Dist., Taichung City 429004, Taiwan (R.O.C.)","葉O琪","04-24255323","","有","有"
"92244539","20230103","20230103","彩彩企業社","RichNiuNiu Company","臺中市西區後龍里均安街105號1樓","1 F., No. 105, Jun’an St., Houlong Vil., West Dist., Taichung City 403010, Taiwan (R.O.C.)","牛O婕","0918-858899","","無","無"
"92244720","20240924","20240924","東正企業社","HuangWantsalnterprise Co.","臺中市東勢區慶福里東關路四段69號","No. 69, Sec. 4, Dongguan Rd., Qingfu Vil., Dongshi Dist., Taichung City 423132, Taiwan (R.O.C.)","黃O煒","04-25879127","04-25770972","有","有"
"92244778","20240904","20240904","燦陞汽車玻璃隔熱紙","Tsan Sheng Car Window Film Company","臺中市清水區田寮里高美路１７４-３號","No. 174-3, Gaomei Rd., Tianliao Vil., Qingshui Dist., Taichung City 436036, Taiwan (R.O.C.)","徐O傑","04-25296819","","有","有"
"92245447","20231206","20231206","非非行","EMILYYU Co.","臺中市南屯區溝墘里大業路２４１號３樓之１","3 F.-1, No. 241, Daye Rd., Gouqian Vil., Nantun Dist., Taichung City 408033, Taiwan (R.O.C.)","余O","0952030702","","有","有"
"92245468","20221117","20221117","崴新企業社","WEIXIN CO.","臺中市北屯區水湳里瀋陽北路１３巷３７號１樓","1 F., No. 37, Ln. 13, Shenyang N. Rd., Shuinan Vil., Beitun Dist., Taichung City 406027, Taiwan (R.O.C.)","許O舜","0970-282679","","有","有"
"92245642","20230719","20230719","莫拉斯商行","Marz Co.","臺中市西區後龍里民權路219號2樓","2 F., No. 219, Minquan Rd., Houlong Vil., West Dist., Taichung City 403507, Taiwan (R.O.C.)","胡O威","0973566096","","有","有"
"92245690","20221201","20231031","恣心企業社","Zih Xin Company","臺中市西屯區逢甲里西屯路二段２５６巷６號１８樓之１０","18 F.-10, No. 6, Ln. 256, Sec. 2, Xitun Rd., Fengjia Vil., Xitun Dist., Taichung City 407428, Taiwan (R.O.C.)","陳O慈","0970-537765","","有","有"
"92246305","20221117","20221117","順隆良品商行","SHUN LUNG LIANG PIN STORE","臺中市沙鹿區三鹿里保成八街245號4樓","4 F., No. 245, Baocheng 8th St., Sanlu Vil., Shalu Dist., Taichung City 433004, Taiwan (R.O.C.)","丁O岑","04-24612759","","有","有"
"92246543","20221208","20240702","羅氏商行","Luos Trading Company","臺中市西區忠明里華美街422號1樓","1 F., No. 422, Huamei St., Zhongming Vil., West Dist., Taichung City 403024, Taiwan (R.O.C.)","邱O輝","0937-274-711","","有","有"
"92247058","20240410","20240410","徐記商行","Hsunoodle FIRM","臺中市北屯區崇德路二段４６５號","No. 465, Sec. 2, Chongde Rd., Beitun Dist., Taichung City 406503, Taiwan (R.O.C.)","徐O芬","","","有","有"
"92247085","20231110","20250218","中港建材五金行","Zhonggang  hardware Co.","臺中市西屯區潮洋里黎明路二段939號1樓","1 F., No. 939, Sec. 2, Liming Rd., Chaoyang Vil., Xitun Dist., Taichung City 407024, Taiwan (R.O.C.)","鄭O恬","04-22522226","","有","有"
"92247108","20221118","20230109","珈恩貿易企業社","JIA EN Trade Company","臺中市西屯區永安里西屯路三段宏恩2巷7弄1號1樓","1 F., No. 1, Aly. 7, Hong’en 2nd Ln., Sec. 3, Xitun Rd., Yong’an Vil., Xitun Dist., Taichung City 407002, Taiwan (R.O.C.)","廖O珈","0907276809","","有","有"
"92248394","20221123","20221123","章逐企業社","Jhu Jhang Industrial Co.","臺中市烏日區五光里五光路376號","No. 376, Wuguang Rd., Wuguang Vil., Wuri Dist., Taichung City 414016, Taiwan (R.O.C.)","陳O翰","0987-092638","","有","有"
"92249794","20221214","20221214","千得茶莊","Qiande Tea House Co.","臺中市神岡區社南里中山路551巷3號1樓","1 F., No. 3, Ln. 551, Zhongshan Rd., Shenan Vil., Shengang Dist., Taichung City 429010, Taiwan (R.O.C.)","陳O庭","04-25630366","","無","無"
"92250428","20250319","20250319","金弘盛企業社","JIN HORNG CHERNG Company","臺中市大肚區新興里沙田路二段１３２巷１弄８９號１樓","1 F., No. 89, Aly. 1, Ln. 132, Sec. 2, Shatian Rd., Xinxing Vil., Dadu Dist., Taichung City 432003, Taiwan (R.O.C.)","曾O志","04-26990603","","有","有"
"92251587","20230417","20230417","享學樂數位學習坊","JoyLearn Company","臺中市西區土庫里忠明南路369號3樓之６","Rm. 6, 3F., No. 369, Zhongming S. Rd., West Dist., Taichung City?403?, Taiwan (R.O.C.)","邵O晴","0958808679","","有","有"
"92252278","20230201","20230201","好時節商行","gooddays coffee Firm","臺中市南屯區大業里大墩路８０６號","No. 806, Dadun Rd., Daye Vil., Nantun Dist., Taichung City 408365, Taiwan (R.O.C.)","趙O","0423262617","","有","有"
"92252636","20221209","20221209","玉碧美妝小屋","Yubi Beauty Co.","臺中市后里區墩南里1鄰南村路４３６巷５１號1樓","1 F., No. 51, Ln. 436, Nancun Rd., 1st Neighborhood, Dunnan Vil., Houli Dist., Taichung City 421007, Taiwan (R.O.C.)","黎O碧","0425569191","","有","有"
"92257702","20230214","20230214","秦力企業社","QINLI COMPANY","南投縣埔里鎮水頭里水泉路26巷39號","No. 39, Ln. 26, Shuiquan Rd., Shuitou Vil., Puli Township, Nantou County 545010, Taiwan (R.O.C.)","藍O文","0937909952","","有","有"
"92258569","20230106","20230107","蒔季文創社","SHI JI CULTURAL & CREATIVE COMPANY","南投縣埔里鎮東門里自強路36號一樓","1 F., No. 36, Ziqiang Rd., Dongmen Vil., Puli Township, Nantou County 545013, Taiwan (R.O.C.)","賴O妤","0985696535","","有","有"
"92258884","20230201","20240508","安捷利企業社","Anjieli Enterprise CO.","南投縣集集鎮田寮里田寮一巷30號一樓","1 F., No. 30, Tianliao 1st Ln., Tianliao Vil., Jiji Township, Nantou County 552003, Taiwan (R.O.C.)","王O桂","0937-781060","","有","有"
"92258998","20240626","20240626","伊斯坦堡好物商店","Istanbul Exclusive Shop","南投縣魚池鄉日月村日月街41之1號","No. 41-1, Riyue St., Yuchi Township, Nantou County 555005 , Taiwan (R.O.C.)","阿O丹尼爾","","","有","有"
"92259384","20230308","20230308","生活享樂電舖","enjoyment of life Firm","南投縣竹山鎮中山里新生路182巷2號1樓","1 F., No. 2, Ln. 182, Xinsheng Rd., Zhongshan Vil., Zhushan Township, Nantou County 557005, Taiwan (R.O.C.)","吳O蒼","0989711543","0492659799","無","無"
"92259552","20230512","20230512","銓泰茶業","CHEN,YI-ZHOU CO.","南投縣名間鄉松柏村名松路二段106號一樓","1 F., No. 106, Sec. 2, Mingsong Rd., Mingjian Township, Nantou County 551004, Taiwan (R.O.C.)","陳O州","0925-103059","","有","有"
"92259764","20230301","20230301","昂礫工作室","OnLee Studio Co.","南投縣草屯鎮南埔里青宅巷15之3號1樓","1 F., No. 15-3, Qingzhai Ln., Nanpu Vil., Caotun Township, Nantou County 542023, Taiwan (R.O.C.)","李O勲","0984000389","","有","有"
"92259878","20230224","20230224","東芳茶業企業社","Dongfang Tea Company","南投縣竹山鎮竹圍里大忠路１５５號","No. 155, Dazhong Rd., Zhuwei Vil., Zhushan Township, Nantou County 557001, Taiwan (R.O.C.)","陳O豪","049-2633535","","有","有"
"92260349","20240911","20240911","大馬立企業社","demali Co.","南投縣南投市內興里南新路308號3樓","3 F., No. 308, Nanxin Rd., Neixing Vil., Nantou City, Nantou County 540004, Taiwan (R.O.C.)","黃O昌","0910359437","","有","有"
"92260495","20230320","20230320","拾號童裝","Tenth Kids Wear COMPANY","南投縣南投市平山里彰南路三段１０３巷７號一樓","1 F., No. 7, Ln. 103, Sec. 3, Zhangnan Rd., Pingshan Vil., Nantou City, Nantou County 540033, Taiwan (R.O.C.)","夏O琳","0932068217","","有","有"
"92260565","20231201","20250430","臻源商行","Jhen Yuan Studio","南投縣名間鄉赤水村井頭巷12之1號","No. 12-1, Jingtou Ln., Mingjian Township, Nantou County 551005, Taiwan (R.O.C.)","李O臻","0905556008","","有","有"
"92261446","20230502","20230502","建連企業行","JIAN LIAN Co.","南投縣南投市漳和里南崗二路２９３號１樓","1 F., No. 293, Nangang 2nd Rd., Zhanghe Vil., Nantou City, Nantou County 540026, Taiwan (R.O.C.)","張O宏","049-2225567","","有","有"
"92261537","20230330","20230804","日鋒國際貿易企業社","Rifeng International Trading Co.","南投縣南投市仁和路116巷53之1號3樓","3 F., No. 53-1, Ln. 116, Renhe Rd., Nantou City, Nantou County 540027, Taiwan (R.O.C.)","楊O傑","0988-822028","","有","有"
"92261852","20230410","20250312","鐤龘鰣國際貿易企業社","DungTaSi International Trading Enterprise Hang","宜蘭縣五結鄉錦眾村大眾三路161巷8號一樓","1F., No. 8, Ln. 161, Dazhong 3rd Rd., Jinzhong Vil., Wujie Township,  Yilan County , Taiwan (R.O.C.)","林O豪","049-2736161","","有","有"
"92262395","20230419","20230419","七十七號創意科技工作室","No.77InnoTech Co.","南投縣南投市三興里彰南路一段1003巷3號1樓","1 F., No. 3, Ln. 1003, Sec. 1, Zhangnan Rd., Sanxing Vil., Nantou City, Nantou County 540018, Taiwan (R.O.C.)","莊O婷","0973060723","","無","無"
"92266603","20031015","20210812","鄭藥局","ZHENG CO.","屏東縣潮州鎮永春里介壽路１９號一樓","1 F., No. 19, Jieshou Rd., Yongchun Vil., Chaozhou Township, Pingtung County 92042, Taiwan (R.O.C.)","鄭O欣","08-789-1830","","有","有"
"92269600","20020729","20210812","健仁文具社","JIANN REN COMPANY","屏東縣內埔鄉龍泉村原勝路六六號一樓","1 F., No. 66, Yuansheng Rd., Neipu Township, Pingtung County 91244, Taiwan (R.O.C.)","潘O章","08-7701284","","有","有"
"92270542","20230131","20230206","定森國際商行","Mori Plus Co.","彰化縣鹿港鎮廖厝里鹿和路2段276號2樓","2 F., No. 276, Sec. 2, Luhe Rd., Liaocuo Vil., Lukang Township, Changhua County 505005, Taiwan (R.O.C.)","許O菱","0989016596","","有","有"
"92271129","20230111","20230111","蒔樂商行","Plant happy Store","彰化縣二水鄉十五村員集路5段513號1樓","1 F., No. 513, Sec. 5, Yuanji Rd., Ershui Township, Changhua County 530010, Taiwan (R.O.C.)","林O君","0917-346002","","有","有"
"92271253","20230919","20230919","塔可利亞知返墨西哥料理所","Taqueria by Zhifan Mexican Food & Wine Co.","彰化縣員林市光明里萬年路3段63號","No. 63, Sec. 3, Wannian Rd., Guangming Vil., Yuanlin City, Changhua County 510014, Taiwan (R.O.C.)","王O舜","0972027399","","有","有"
"92271417","20020830","20210812","雄發號","HSIUNG FA STORE","屏東縣枋寮鄉枋寮市場２３號","No. 23, Fangliao Township, Pingtung County 940, Taiwan (R.O.C.)","林O君","08-7539551","08-7327322","有","有"
"92271943","20230119","20230119","森園組合屋景觀工程行","Mori Garden Modular House Firm","彰化縣田尾鄉饒平村中學路2段85巷1弄17號1樓","1 F., No. 17, Aly. 1, Ln. 85, Sec. 2, Zhongxue Rd., Tianwei Township, Changhua County 522014, Taiwan (R.O.C.)","林O琳","0932-572164","","無","無"
"92271970","20230119","20230119","琳達農產行","Linda Agricultural Co.","彰化縣芬園鄉竹林村永和路149號1樓","1 F., No. 149, Yonghe Rd., Fenyuan Township, Changhua County 502001, Taiwan (R.O.C.)","張O福","049-2521536","","無","無"
"92272632","20230220","20230220","順風順水貿易行","Smooth Luck trading Shop","彰化縣員林市溝皂里柳橋路2段139號","No. 139, Sec. 2, Liuqiao Rd., Gouzao Vil., Yuanlin City, Changhua County 510037, Taiwan (R.O.C.)","葉O裕","0978-792258","","有","有"
"92273225","20240226","20250429","吉萬商店","Good Shout Shop","彰化縣和美鎮糖友里健康新村三街5號1樓","1 F., No. 5, 3rd St., Jiankang New Vil., Tangyou Vil., Hemei Township, Changhua County 508015, Taiwan (R.O.C.)","蔣O茹","0972331301","","有","有"
"92273338","20250423","20250423","田洋農場","Tianyang farm Co.","彰化縣大村鄉田洋村田洋橫巷26號","No. 26, Tianyang Side Ln., Dacun Township, Changhua County 515008, Taiwan (R.O.C.)","郭O語","0935331870","","有","有"
"92274028","20240327","20240327","盧家手機維修工作室","Lujia Mobile Phone Repair Studio","彰化縣彰化市西安里曉陽路216號","No. 216, Xiaoyang Rd., Xi’an Vil., Changhua City, Changhua County 500023, Taiwan (R.O.C.)","盧O爲","0908-053803","","有","有"
"92274076","20230908","20230908","沂妃企業社","Efei Co.","彰化縣員林市三愛里大同路2段37巷10號","No. 10, Ln. 37, Sec. 2, Datong Rd., San’ai Vil., Yuanlin City, Changhua County 510019, Taiwan (R.O.C.)","李O安","0972320731","","有","有"
"92275027","20230412","20230412","巧口餐飲","wenhua Co.","彰化縣員林市三愛里大同路2段36號","No. 36, Sec. 2, Datong Rd., San’ai Vil., Yuanlin City, Changhua County 510019, Taiwan (R.O.C.)","楊O華","0970781517","","無","無"
"92275390","20240618","20240618","駿合企業社","JUN HA ENTERPRISE CO.","彰化縣鹿港鎮玉順里復興路726號","No. 726, Fuxing Rd., Yushun Vil., Lukang Township, Changhua County 505006, Taiwan (R.O.C.)","陳O易","04-7787511","","有","有"
"92275639","20230419","20230419","典樂中藥材行","DIAN LE CHINESE MEDICINE Co.","彰化縣彰化市大同里民生路129巷3號","No. 3, Ln. 129, Minsheng Rd., Datong Vil., Changhua City, Changhua County 500005, Taiwan (R.O.C.)","蕭O成","04-7873753","","有","有"
"92275645","20230325","20230325","容翊企業社","ZONG EASY ENTERPRISE COMPANY","彰化縣溪湖鎮東寮里彰水路4段365號","No. 365, Sec. 4, Zhangshui Rd., Dongliao Vil., Xihu Township, Changhua County 514004, Taiwan (R.O.C.)","李O慈","04-8819213","04-8819625","有","有"
"92275820","20231031","20231130","貝悅企業社","BEI YUE Co.","彰化縣秀水鄉安東村瓦磘街7巷70號2樓","2 F., No. 70, Ln. 7, Wayao St., Andong Vil., Xiushui Township, Changhua County 504, Taiwan (R.O.C.)","詹O婷","0988608687","","有","有"
"92275856","20230317","20230317","興安欣企業行","XING AINXIN CO., LTD.","彰化縣大村鄉福興村福興二巷56弄2號","No. 2, Aly. 56, Fuxing 2nd Ln., Dacun Township, Changhua County 515006, Taiwan (R.O.C.)","蔡O鳳","0923-234382","","有","有"
"92275976","20240418","20240418","昀津商行","YUN JIN HANG","彰化縣員林市三條里成功東路246號5樓","5 F., No. 246, Chenggong E. Rd., Santiao Vil., Yuanlin City, Changhua County 510003, Taiwan (R.O.C.)","陳O曲","04-8238736","","有","有"
"92276095","20230410","20230410","晴光社","Kirakira Co.","彰化縣彰化市延平里大埔路622號2樓","2/F, 622 Dapu Rd, Yanping Vil, Changhua City, Changhua County 500053, Taiwan (R.O.C.)","鍾O華","0958783582","","有","有"
"92276341","20230406","20230406","翊銘企業社","YI MING ENTERPRISE Company","彰化縣彰化市中庄里中山路3段410巷325弄20號","No. 20, Aly. 325, Ln. 410, Zhongshan Rd., Zhongzhuang Vil., Changhua City, Changhua County 500, Taiwan (R.O.C.)","曾O福","04-7572391","04-7563022","有","有"
"92276588","20230325","20230325","優利固企業社","UNICON CHARM COMPANY","彰化縣鹿港鎮大有里大明路62號","No. 62, Daming Rd., Dayou Vil., Lukang Township, Changhua County 505017, Taiwan (R.O.C.)","張O怡","04-7756027","","有","有"
"92276790","20230816","20230816","悅居工作室","Yue-Ju Studio","彰化縣大村鄉平和村山腳路142-16號","No. 142-16, Shanjiao Rd., Pinghe Vil., Dacun Township, Changhua County 515001, Taiwan (R.O.C.)","廖O堂","0973-605395","","有","有"
"92276813","20250116","20250117","蔡景雲商號","King wing Co.","彰化縣和美鎮竹營里忠全路153號1樓","1 F., No. 153, Zhongquan Rd., Zhuying Vil., Hemei Township, Changhua County 508013, Taiwan (R.O.C.)","吳O靖","04-7554121","","有","有"
"92276898","20230928","20230928","杬展企業社","yearned zenith Co.","彰化縣彰化市南瑤里中山路1段549號3樓","3 F., No. 549, Zhongshan Rd., Nanyao Vil., Changhua City, Changhua County 500, Taiwan (R.O.C.)","黃O柏","0931-552022","","有","有"
"92277019","20230327","20230327","柏盛鴻商行","BO SHENG HONG CO.","彰化縣埔鹽鄉西湖村大新路2巷13號1樓","1 F., No. 13, Ln. 2, Daxin Rd., Puyan Township, Changhua County 516019, Taiwan (R.O.C.)","陳O章","0980538319","","有","有"
"92277030","20230411","20230411","阿極企業社","QOQ.KOREA Shop","彰化縣彰化市西興里自強南路451巷1號4樓","4 F., No. 1, Ln. 451, Ziqiang S. Rd., Xixing Vil., Changhua City, Changhua County 500014, Taiwan (R.O.C.)","曹O軒","0908977996","","有","有"
"92277284","20230325","20230325","小高潮色計工作室","ikuiku Co.","彰化縣田中鎮北路里福安路109號1樓","1 F., No. 109, Fu’an Rd., Beilu Vil., Tianzhong Township, Changhua County 520002, Taiwan (R.O.C.)","蔡O倫","0905367826","","無","無"
"92277502","20250507","20250507","弘軒精品社","CHEN HONG XUAN CO.","彰化縣秀水鄉安東村枋林巷75-16號","No. 75-16, Fanglin Ln., Xiushui Township, Changhua County 504005, Taiwan (R.O.C.)","陳O軒","","","有","有"
"92278782","20240513","20240513","開新企業社","NewOpen Select Store","彰化縣彰化市新興里金馬路2段692巷73號","No. 73, Ln. 692, Jinma Rd., Xinxing Vil., Changhua City, Changhua County 500, Taiwan (R.O.C.)","林O渼","0923369688","","無","無"
"92278832","20230419","20241107","創藝家居用品行","CHUANG YI FURNITURE COMPANY","彰化縣溪湖鎮東寮里彰水路4段235巷63號1樓","1 F., No. 63, Ln. 235, Sec. 4, Zhangshui Rd., Dongliao Vil., Xihu Township, Changhua County 514004, Taiwan (R.O.C.)","林O祥","09-68973510","","有","有"
"92279403","20230419","20230419","常青藤企業社","CHANG CHING TEN CO.","彰化縣溪州鄉溪厝村中山路2段559號1樓","1 F., No. 559, Sec. 2, Zhongshan Rd., Xizhou Township, Changhua County 524005, Taiwan (R.O.C.)","黃O蒼","0955-627190","","無","無"
"92279826","20230424","20230424","貝比樂多企業社","BABY LITTLE CO.","彰化縣秀水鄉金陵村安南巷6弄5號1樓","1 F., No. 5, Aly. 6, Annan Ln., Xiushui Township, Changhua County 504006, Taiwan (R.O.C.)","周O德","0975-548039","","有","有"
"92279852","20230503","20230503","覓櫥商行","LITTLE  SECRET 16 Studio","彰化縣彰化市西勢里辭修路316巷17-17號1樓","1 F., No. 17-17, Ln. 316, Cixiu Rd., Xishi Vil., Changhua City, Changhua County 500019, Taiwan (R.O.C.)","劉O婕","0903133980","","有","有"
"92280231","20230502","20230502","初運執行企業社","Well being(THAI) co.","彰化縣彰化市莿桐里彰鹿路107巷8號3樓","3 F., No. 8, Ln. 107, Zhanglu Rd., Citong Vil., Changhua City, Changhua County 500043, Taiwan (R.O.C.)","邱O誠","0978286815","","無","無"
"92280669","20231024","20231024","集金鑫企業社","GEJINSIN ENTERPRISE Co.","彰化縣二林鎮東華里路中巷80號1樓","1 F., No. 80, Luzhong Ln., Donghua Vil., Erlin Township, Changhua County 526004, Taiwan (R.O.C.)","陳O諒","04-8902699","","有","有"
"92281230","20230516","20230516","科宇自動化企業社","KEYU AUTOMATION Co.","彰化縣彰化市南瑤里天祥路38巷23號1樓","1 F., No. 23, Ln. 38, Tianxiang Rd., Nanyao Vil., Changhua City, Changhua County 500057, Taiwan (R.O.C.)","黄O裕","04-7611789","","有","有"
"92282364","20240117","20240117","麥威車藝","Maiwei car skills COMPANY","臺中市大里區永隆里東榮路５６７巷５３號1樓","1 F., No. 53, Ln. 567, Dongrong Rd., Yonglong Vil., Dali Dist., Taichung City 412019, Taiwan (R.O.C.)","姚O國","0927-555192","","有","有"
"92284145","20221219","20221219","雅棠商行","Ya Tang Store","臺中市豐原區社皮里中正路737巷55弄29號1樓","1 F., No. 29, Aly. 55, Ln. 737, Zhongzheng Rd., Shepi Vil., Fengyuan Dist., Taichung City 420006, Taiwan (R.O.C.)","盧O甫","0928-448037","","有","有"
"92284428","20241223","20250318","克丹傑商行","beebitez Company","臺中市大里區長榮里益民路二段100號2樓","2 F., No. 100, Sec. 2, Yimin Rd., Changrong Vil., Dali Dist., Taichung City 412013, Taiwan (R.O.C.)","徐O龍","0978170603","","有","有"
"92284525","20221216","20221216","蕭妞實業","HSIAO NIU Co.","臺中市北區錦祥里育強街10巷9號4樓","4 F., No. 9, Ln. 10, Yuqiang St., Jinxiang Vil., North Dist., Taichung City 404005, Taiwan (R.O.C.)","王O鑫","0932637642","","有","有"
"92285236","20240702","20240702","健雯企業社","Jianwen Co.","臺中市西屯區逢甲里河南路二段327號4樓之5","4 F.-5, No. 327, Sec. 2, Henan Rd., Fengjia Vil., Xitun Dist., Taichung City 407416, Taiwan (R.O.C.)","侯O佑","04-22549202","","有","有"
"92285307","20221222","20221222","孫總企業社","General Manager Sun Store","臺中市北區賴村里中清路一段370號9樓之2","9 F.-2, No. 370, Sec. 1, Zhongqing Rd., Laicun Vil., North Dist., Taichung City 404020, Taiwan (R.O.C.)","林O偉","0934064922","","無","無"
"92285643","20221222","20221222","孫小白企業社","LittleWhite Store","臺中市北區賴村里中清路一段370號9樓之2","9 F.-2, No. 370, Sec. 1, Zhongqing Rd., Laicun Vil., North Dist., Taichung City 404020, Taiwan (R.O.C.)","郭O靈","0934064922","","有","有"
"92286072","20240702","20240702","哲維企業社","Zhewei Co.","臺中市西屯區逢甲里河南路二段327號4樓之5","4 F.-5, No. 327, Sec. 2, Henan Rd., Fengjia Vil., Xitun Dist., Taichung City 407416, Taiwan (R.O.C.)","許O維","04-22549202","","有","有"
"92286116","20240702","20240702","雁賢企業社","Yan Xian Co.","臺中市西區公益里忠明南路237號5樓之2","5 F.-2, No. 237, Zhongming S. Rd., Gongyi Vil., West Dist., Taichung City 403021, Taiwan (R.O.C.)","張O雯","04-22549202","","有","有"
"92286896","20240702","20240702","安勝豐企業社","An Shengfeng Co.","臺中市北區文莊里中清路一段25巷7號地下一層","No. 7, Ln. 25, Sec. 1, Zhongqing Rd., Wenzhuang Vil., North Dist., Taichung City 404021, Taiwan (R.O.C.)","沈O豐","04-22549202","","有","有"
"92286973","20221229","20221229","思馬企業社","Smart Enterprise Co.","臺中市西屯區福林里福科路677號2樓","2 F., No. 677, Fuke Rd., Fulin Vil., Xitun Dist., Taichung City 407006, Taiwan (R.O.C.)","林O寬","04-24635379","04-24635363","有","有"
"92286988","20241223","20250123","楽脈文創坊","THE MINE Co.","臺中市南區福平里光輝街３７號１樓","1 F., No. 37, Guanghui St., Fuping Vil., South Dist., Taichung City 402027, Taiwan (R.O.C.)","賴O裕","0972923903","","有","有"
"92287282","20231225","20231225","源威工作室","YUAN WEI FENG CHI STUDIO","臺中市大里區東興里益民路二段３５６號8樓","8 F., No. 356, Sec. 2, Yimin Rd., Dongxing Vil., Dali Dist., Taichung City 412012, Taiwan (R.O.C.)","賴O杰","0910153336","","有","有"
"92288120","20230103","20230103","小科抖電子商務科技","Xiao Ke Dou Co.","臺中市北區長青里陝西五街18號6樓５號","6 F.-5, No. 18, Shanxi 5th St., Changqing Vil., North Dist., Taichung City 404038, Taiwan (R.O.C.)","胡O緁","0901050775","","有","有"
"92288487","20230201","20230201","宏龍鴻國際貿易實業社","H L H Trading Co.","臺中市大里區東興里國光路二段500號5樓之5","5 F.-5, No. 500, Sec. 2, Guoguang Rd., Dongxing Vil., Dali Dist., Taichung City 412019, Taiwan (R.O.C.)","黃O聲","04-24853656","","無","無"
"92288509","20230119","20230119","益豐勝企業社","Yifengsheng Enterprise Co.","臺中市北屯區軍功里軍功路二段188號1樓","1 F., No. 188, Jungong Rd., Jungong Vil., Beitun Dist., Taichung City 406, Taiwan (R.O.C.)","張O森","0923556805","","有","有"
"92288803","20230530","20230530","歆星國際貿易行","Xin Star Co.","臺中市南屯區三厝里大墩十一街７９３號１樓","1 F., No. 793, Dadun 11th St., Sancuo Vil., Nantun Dist., Taichung City 408404, Taiwan (R.O.C.)","王O娸","0911215399","","有","有"
"92288959","20241120","20241120","新視界小舖","NEWEYE SHOP","臺中市東區東橋里建功街78號5樓","5 F., No. 78, Jiangong St., Dongqiao Vil., East Dist., Taichung City 401011, Taiwan (R.O.C.)","黃O逸","0922057774","","有","有"
"92289009","20240521","20240521","亮亮企業社","liang-liang Shop Store","臺中市南屯區文山里寶山五街６８號１樓","1 F., No. 68, Baoshan 5th St., Wenshan Vil., Nantun Dist., Taichung City 408247, Taiwan (R.O.C.)","楊O麗","0970551553","","有","有"
"92289140","20230223","20230829","碧瑤企業社","Baguio Enterprise Store","臺中市北屯區松竹里熱河路三段208號1樓","1 F., No. 208, Sec. 3, Rehe Rd., Songzhu Vil., Beitun Dist., Taichung City 406018, Taiwan (R.O.C.)","黃O輝","0971-650725","","有","有"
"92289351","20230107","20250423","梨山金茗茶葉商行","Lishan Jin Ming Tea Firm","臺中市北屯區平順里昌平路一段388號6樓之1","6 F.-1, No. 388, Sec. 1, Changping Rd., Pingshun Vil., Beitun Dist., Taichung City 406021, Taiwan (R.O.C.)","蕭O宸","0930840659","","有","有"
"92289373","20230201","20241204","帕比樹工作室","PABBYKIDS Studio","南投縣埔里鎮北梅里信義路614號1樓","1 F., No. 614, Xinyi Rd., Beimei Vil., Puli Township, Nantou County 545001, Taiwan (R.O.C.)","石O志","0900183786","","有","有"
"92289508","20240125","20240125","里晨佳品工作坊","hey mo bebe Co.","臺中市東勢區東蘭路３８之４６號","No. 38-46, Donglan Rd., Dongshi Dist., Taichung City 423001, Taiwan (R.O.C.)","朱O賓","0905370598","","有","有"
"92289541","20230119","20230119","凱馨科技行","KAIXIN CARVE TECHNOLOGY COMPANY","臺中市后里區太平里四月路６９之２號二樓","2 F., No. 69-2, Siyue Rd., Taiping Vil., Houli Dist., Taichung City 421017, Taiwan (R.O.C.)","涂O凱","0973878688","","有","有"
"92289562","20240710","20240710","咪皇娛樂工作室","ME EMPIRE Studio","臺中市西區双龍里模範街40巷8號6樓之1","6 F.-1, No. 8, Ln. 40, Mofan St., West Dist., Taichung City 403005, Taiwan (R.O.C.)","游O宏","0909807333","","有","有"
"92290218","20231117","20231117","鼎富國際服飾商行","DING FU INTERNATIONAL CLOTHING STUDIO","臺中市潭子區家興里中山路一段１巷６６號１樓","1 F., No. 66, Ln. 1, Sec. 1, Zhongshan Rd., Jiaxing Vil., Tanzi Dist., Taichung City 427325, Taiwan (R.O.C.)","林O佳","","","有","有"
"92290370","20230111","20250607","迷茉夫人美學工作室","Mi Amor Academy Studio","臺中市西區忠明里忠誠街７１號一樓","1 F., No. 71, Zhongcheng St., Zhongming Vil., West Dist., Taichung City 403013, Taiwan (R.O.C.)","陳O慧","0925607207","","有","有"
"92290420","20230113","20230113","智信鴻科技社","Zhixinhong Technology Firm","臺中市大甲區孟春里通天路１６５巷２２號一樓","1 F., No. 22, Ln. 165, Tongtian Rd., Mengchun Vil., Dajia Dist., Taichung City 437103, Taiwan (R.O.C.)","李O宏","0911399866","","有","有"
"92290478","20230221","20230221","旭語商行","SYUYU STORE","臺中市西屯區至善里逢甲路３０１巷２２弄２４號１樓","1 F., No. 24, Aly. 22, Ln. 301, Fengjia Rd., Zhishan Vil., Xitun Dist., Taichung City 407035, Taiwan (R.O.C.)","劉O語","0928002222","","有","有"
"92291357","20230117","20230117","熱寫星球工作室","Passion Writing Studio","臺中市北屯區平安里文心路四段750號地下室之1、752號地下室1樓","B1、752,B-1、 No. 750, Sec. 4, Wenxin Rd., Ping'an Vil., Beitun Dist., Taichung City 406505, Taiwan (R.O.C.)","黃O玉","0922-603079","","有","有"
"92291650","20230215","20230215","永恆國際貿易商行","YONG HENG International Trade Firm","臺中市大里區瑞城里中興路1段２巷２０７弄１號２樓","2 F., No. 1, Aly. 207, Ln. 2, Sec. 1, Zhongxing Rd., Ruicheng Vil., Dali Dist., Taichung City 412030, Taiwan (R.O.C.)","洪O芳","0922973308","","有","有"
"92291672","20230802","20230802","遠方商行","YUAN FANG FIRM","臺中市烏日區高鐵路二段142號4樓之6","4 F.-6, No. 142, Sec. 2, Gaotie Rd., Wuri Dist., Taichung City 414010, Taiwan (R.O.C.)","鄭O薇","0918680204","","有","有"
"92292124","20230605","20231120","精捷實業社","Everstar Global industrial Co.","臺中市神岡區社南里中山路８５１巷３７弄２９號1樓","1 F., No. 29, Aly. 37, Ln. 851, Zhongshan Rd., Shenan Vil., Shengang Dist., Taichung City 429003, Taiwan (R.O.C.)","蔣O榕","04-25614766","04-25770972","有","有"
"92292264","20230117","20230117","黑桃企業社","SPADES INTERNATIONAL Company","臺中市北區立人里北平一街10之2號","No. 10-2, Beiping 1st St., Liren Vil., North Dist., Taichung City 404038, Taiwan (R.O.C.)","李O祐","0905161900","","有","有"
"92292623","20230605","20230605","精榮實業社","Evergreen Global Industrial Co.","臺中市神岡區社南里18鄰中山路８５１巷３７弄２９號1樓","1 F., No. 29, Aly. 37, Ln. 851, Zhongshan Rd., 18th Neighborhood, Shenan Vil., Shengang Dist., Taichung City 429003, Taiwan (R.O.C.)","蔣O榕","04-25614766","","有","有"
"92292638","20230605","20230605","精燦實業社","Everglow Global Industrial Co.","臺中市神岡區社南里18鄰中山路８５１巷３７弄２９號1樓","1 F., No. 29, Aly. 37, Ln. 851, Zhongshan Rd., 18th Neighborhood, Shenan Vil., Shengang Dist., Taichung City 429003, Taiwan (R.O.C.)","蔣O榕","04-25614766","","有","有"
"92292665","20230201","20230201","歐迪昕實業社","GD Store","臺中市北屯區平和里旅順路一段152號2樓","2 F., No. 152, Sec. 1, Lushun Rd., Pinghe Vil., Beitun Dist., Taichung City 406027, Taiwan (R.O.C.)","謝O汝","0981284657","","無","無"
"92292784","20230213","20230215","李氏外貿企業","LEE'S CHEMICALS CORP.","臺中市西屯區文心路二段５６０之８號４樓之２","4 F.-2, No. 560-8, Sec. 2, Wenxin Rd., Xitun Dist., Taichung City 407661, Taiwan (R.O.C.)","李O潔","0922190090","","無","無"
"92293279","20230131","20240528","和粉工作室","Mindy nagomi studio Co.","臺中市北屯區四民里長生巷２之１６號２樓","2 F., No. 2-16, Changsheng Ln., Simin Vil., Beitun Dist., Taichung City 406034, Taiwan (R.O.C.)","巫O絹","0934145315","","有","有"
"92293480","20230215","20250305","三江匯商行","San Jiang Hui Firm","臺中市后里區墩北里大德街15號1樓","1 F., No. 15, Dade St., Dunbei Vil., Houli Dist., Taichung City 421011, Taiwan (R.O.C.)","彭O貴","0936956039","","有","有"
"92293545","20230317","20230320","虎爺寶寶企業社","huye baby Co.","臺中市梧棲區草湳里港埠路一段1119號1樓","1 F., No. 1119, Sec. 1, Gangbu Rd., Caonan Vil., Wuqi Dist., Taichung City 435054, Taiwan (R.O.C.)","白O仁","0906330403","","無","無"
"92293708","20230202","20230203","奧古貿易企業社","AOGU TRADING Co.","臺中市西屯區何厝里四川路87巷51號2樓之2","2 F.-2, No. 51, Ln. 87, Sichuan Rd., Hecuo Vil., Xitun Dist., Taichung City 407488, Taiwan (R.O.C.)","劉O圻","0955775350","","有","無"
"92293995","20240329","20240826","好運電商企業社","GOOD LUCK SLECTION Shop","臺中市南屯區惠中里文心路一段378號7樓之10","7 F.-10, No. 378, Sec. 1, Wenxin Rd., Huizhong Vil., Nantun Dist., Taichung City 408384, Taiwan (R.O.C.)","廖O瑜","0938088267","","有","有"
"92294869","20230208","20230208","霖荃精密工業社","Lin Quan precision industry co.","臺中市北屯區東光里北屯路298巷26弄11號2樓","2 F., No. 11, Aly. 26, Ln. 298, Beitun Rd., Dongguang Vil., Beitun Dist., Taichung City 406024, Taiwan (R.O.C.)","吳O?丞","04-22471863","04-22437826","有","有"
"92295895","20230619","20230619","蘇裔善美學工作室","Yishansu aesthetics Studio CO.","臺中市西區民龍里臺灣大道二段285號4樓之2","4 F.-2, No. 285, Sec. 2, Taiwan Blvd., Minlong Vil., West Dist., Taichung City 403502, Taiwan (R.O.C.)","蘇O宜","0963785077","","無","無"
"92296199","20230726","20250207","山境家居行","AUS DDI Studio","臺中市北區頂厝里進化北路238號8樓之1","8 F.-1, No. 238, Jinhua N. Rd., Dingcuo Vil., North Dist., Taichung City 404507, Taiwan (R.O.C.)","游O安","04-22651217","","無","無"
"92296655","20230215","20230215","辰亞商號","Chenya Company","臺中市北屯區平福里大連路二段２４３號","No. 243, Sec. 2, Dalian Rd., Pingfu Vil., Beitun Dist., Taichung City 406035, Taiwan (R.O.C.)","康O慈","04-24521533","","有","有"
"92296775","20230216","20230216","若良企業社","Ruoliang Store","臺中市南屯區同心里文心路一段218號16樓之1","16 F.-1, No. 218, Sec. 1, Wenxin Rd., Tongxin Vil., Nantun Dist., Taichung City 408385, Taiwan (R.O.C.)","吳O綺","0988679766","","無","無"
"92296780","20230216","20230216","弈綺企業社","Yi Qi Enterprise Shop","臺中市南屯區大業里大墩十四街157號6樓之3","6 F.-3, No. 157, Dadun 14th St., Daye Vil., Nantun Dist., Taichung City 408032, Taiwan (R.O.C.)","吳O綺","0988679766","","無","無"
"92297232","20230906","20240302","永泉鶴商行","Linho Trading Company","臺中市南屯區田心里五權西路二段412之1號","No. 412-1, Sec. 2, Wuquan W. Rd., Tianxin Vil., Nantun Dist., Taichung City 408007, Taiwan (R.O.C.)","林O衫","0921087827","","有","有"
"92297599","20230223","20250514","馬歇爾手機維修","Marshall Mobile Phone Repair Company","臺中市大安區中庄里中山南路５３２號1樓","1 F., No. 532, Zhongshan S. Rd., Zhongzhuang Vil., Da'an Dist., Taichung City 439013, Taiwan (R.O.C.)","陳O志","0963665963","","有","有"
"92297937","20230731","20230731","唯律企業社","WEI LYU CO.","臺中市神岡區社口里文昌街186號5樓之5","5 F.-5, No. 186, Wenchang St., Shekou Vil., Shengang Dist., Taichung City 429003, Taiwan (R.O.C.)","詹O傑","04-25601989","04-25288814","有","有"
"92298062","20250227","20250227","八九環保工程行","E&N ENVIRONMENTAL PROTECTION CO.","臺中市大肚區成功里文昌路三段288號1樓","1 F., No. 288, Sec. 3, Wenchang Rd., Chenggong Vil., Dadu Dist., Taichung City 432002, Taiwan (R.O.C.)","陳O中","04-26985628","","有","有"
"92298443","20230322","20241204","濎鈦數位行銷工作室","Ding Tai STUDIO","臺中市烏日區湖日里新興路648之1號1樓","1 F., No. 648-1, Xinxing Rd., Huri Vil., Wuri Dist., Taichung City 414012, Taiwan (R.O.C.)","游O甯","0903866686","","有","有"
"92298540","20230218","20230218","濬欣企業社","JUN XIN GLASS COMPANY","臺中市沙鹿區竹林里中山路53巷32之46號1樓","1 F., No. 32-46, Ln. 53, Zhongshan Rd., Zhulin Vil., Shalu Dist., Taichung City 433015, Taiwan (R.O.C.)","張O成","0938-561860","","無","無"
"92298725","20230421","20240730","梅森社","MASON CO.","臺中市北屯區昌平路二段國泰巷３８號一樓","1 F., No. 38, Guotai Ln., Sec. 2, Changping Rd., Beitun Dist., Taichung City 406029, Taiwan (R.O.C.)","廖O杏","04-22348824","","有","有"
"92298823","20230821","20240202","聖星電子商務","Sheng Xing Store","臺中市西區向上路一段３６號六樓之３","6 F.-3, No. 36, Sec. 1, Xiangshang Rd., West Dist., Taichung City 403008, Taiwan (R.O.C.)","張O龍","0424715383","","有","有"
"92298909","20230221","20230222","潔媽咪國際企業社","J Mommy International Co.","臺中市和平區平等里中興路三段環山二巷22號1樓","1 F., No. 22, Huanshan 2nd Ln., Sec. 3, Zhongxing Rd., Pingdeng Vil., Heping Dist., Taichung City 424123, Taiwan (R.O.C.)","林O婧","0966405393","","有","有"
"92299490","20230630","20231031","閔期室內裝修工程行","Minch Engineering Co.","臺中市沙鹿區竹林里福田北街98巷3號1樓","1 F., No. 3, Ln. 98, Futian N. St., Zhulin Vil., Shalu Dist., Taichung City 433105, Taiwan (R.O.C.)","阮O萱","0965805505","","有","有"
"92299560","20230310","20230310","蕎茂薪貿易商行","Oiao Maoxin trading Co.","臺中市后里區義里里甲后路一段２２７巷５３號２樓","2 F., No. 53, Ln. 227, Sec. 1, Jiahou Rd., Yili Vil., Houli Dist., Taichung City 421003, Taiwan (R.O.C.)","周O岑","06-3124177","","有","有"
"92299739","20230302","20230302","楠楓文創工作室","Nan Feng Cultural and Creative Studio","臺中市梧棲區南簡里民和東街５５巷１３號１樓","1 F., No. 13, Ln. 55, Minhe E. St., Nanjian Vil., Wuqi Dist., Taichung City 435060, Taiwan (R.O.C.)","陳O儒","04-26620882","","有","有"
"92299787","20230817","20230817","柏旭企業社","Bo Syu Store","臺中市中區柳川里民權路１６４號２１樓之３７","21 F.-37, No. 164, Minquan Rd., Liuchuan Vil., Central Dist., Taichung City 400608, Taiwan (R.O.C.)","周O旭","0424715383","","無","無"
"92299858","20230817","20230817","豆豆小舖","Double Dou Store","臺中市中區柳川里民權路１６４號２１樓之３７","21 F.-37, No. 164, Minquan Rd., Liuchuan Vil., Central Dist., Taichung City 400608, Taiwan (R.O.C.)","吳O詳","0424715383","","無","無"
"92300068","20230306","20230306","增增日上企業社","HAPPY FRIDAY SHOP","臺中市西屯區福恩里工業區一路９８之２６號８樓之２","8 F.-2, No. 98-26, Gongyequ 1st Rd., Fu’en Vil., Xitun Dist., Taichung City 407242, Taiwan (R.O.C.)","曾O耀","0978002286","","有","有"
"92300428","20231116","20231116","阿爾格拉企業社","ALGRA CO.","臺中市南區樹義里大慶街一段259之11巷16號1樓","1 F., No. 16, Ln. 259-11, Sec. 1, Daqing St., Shuyi Vil., South Dist., Taichung City 402021, Taiwan (R.O.C.)","王O瑜","04-22653360","","有","有"
"92300481","20230315","20230315","芙洛拉工作室","Floral Studio","臺中市豐原區翁子里富翁街177巷17號1樓","1 F., No. 17, Ln. 177, Fuweng St., Wengzi Vil., Fengyuan Dist., Taichung City 420081, Taiwan (R.O.C.)","張O山","0975811020","","有","有"
"92300525","20230224","20240221","諾勱斯企業社","Nomads Trading PTE. CO.","臺中市太平區新城里樹孝路115巷6之8號7樓","7 F., No. 6-8, Ln. 115, Shuxiao Rd., Xincheng Vil., Taiping Dist., Taichung City 411642, Taiwan (R.O.C.)","林O煌","04-23137558","","有","有"
"92301171","20230308","20230308","宅米吉企業社","Zamiji Enterprise Co.","臺中市北區長青里武漢街１００號4樓之３","4 F.-3, No. 100, Wuhan St., North Dist., Taichung City 404039, Taiwan (R.O.C.)","曾O祥","0973-673327","","有","有"
"92301340","20230612","20230612","蒔棻商店","10Feng Shop","臺中市沙鹿區斗抵里斗潭路１５５巷９７號１樓","1 F., No. 97, Ln. 155, Doutan Rd., Doudi Vil., Shalu Dist., Taichung City 433005, Taiwan (R.O.C.)","林O廷","0933514188","","有","有"
"92301411","20230817","20230817","比酷生活館","Bi Ku Store","臺中市西區後龍里民族路333號4樓之4","4 F.-4, No. 333, Minzu Rd., Houlong Vil., West Dist., Taichung City 403010, Taiwan (R.O.C.)","莊O丞","0424715383","","有","有"
"92301448","20230817","20230817","滿滿一間店","Man Man Store","臺中市西區後龍里民族路333號4樓之4","4 F.-4, No. 333, Minzu Rd., Houlong Vil., West Dist., Taichung City 403010, Taiwan (R.O.C.)","曾O宸","0424715383","","無","無"
"92301480","20230817","20230817","奇奇的店舖","Ci Ci Store","臺中市西屯區福雅里永福路１３０號５樓之１２","5 F.-12, No. 130, Yongfu Rd., Fuya Vil., Xitun Dist., Taichung City 407118, Taiwan (R.O.C.)","簡O萱","0424715383","","無","無"
"92301502","20230817","20230817","帆帆的家生活館","Fan Fan Store","臺中市西屯區福雅里永福路１３０號５樓之１２","5 F.-12, No. 130, Yongfu Rd., Fuya Vil., Xitun Dist., Taichung City 407118, Taiwan (R.O.C.)","林O帆","0424715383","","無","無"
"92301637","20240927","20240927","信立不動產經紀商行","Xinli Real Estate Agency Co.","臺中市清水區槺榔里大勇路112號1樓、116號1樓","1 F., No. 112, Dayong Rd., Qingshui Dist., Taichung City 436608, Taiwan (R.O.C.)","張O毓","04-26572929","00-26583448","有","有"
"92301720","20230407","20230407","慶馨園實業","Ching Hsin Yuan Company","臺中市烏日區九德里中華路550號1樓","1 F., No. 550, Zhonghua Rd., Jiude Vil., Wuri Dist., Taichung City 414005, Taiwan (R.O.C.)","陳O慶","04-23380293","","有","有"
"92301741","20230321","20230321","千登工作室","Chian Deng Studio","臺中市大里區塗城里三民一街２４巷３８號","No. 38, Ln. 24, Sanmin 1st St., Tucheng Vil., Dali Dist., Taichung City 412032, Taiwan (R.O.C.)","黃O智","0912150520","","有","有"
"92301833","20230817","20230817","啟程天際工作室","Qi Cheng Tian Ji Store","臺中市東區新庄里和平街119之3號7樓之3","7 F.-3, No. 119-3, Heping St., Xinzhuang Vil., East Dist., Taichung City 401008, Taiwan (R.O.C.)","謝O成","0424715383","","有","有"
"92302158","20230317","20230317","達運國際物流企業社","DANKE SHIPPING & TRADING (TAIWAN) CO.","臺中市西屯區潮洋里市政北二路238號27樓之1","27 F.-1, No. 238, Shizheng N. 2nd Rd., Chaoyang Vil., Xitun Dist., Taichung City 407607, Taiwan (R.O.C.)","許O哲","0971-790850","","有","有"
"92302586","20230303","20230303","海市商行","HAI SHI SEAFOOD CO.","臺中市西區大忠里忠明南路270號7樓之1","7 F.-1, No. 270, Zhongming S. Rd., Dazhong Vil., West Dist., Taichung City 403, Taiwan (R.O.C.)","陳O璇","0909815927","","無","無"
"92302707","20230323","20230323","小浣熊日本代購","Little Raccoon JP Daigou Shop","臺中市西屯區何德里西屯路二段32-2號3樓","3 F., No. 32-2, Sec. 2, Xitun Rd., Hede Vil., Xitun Dist., Taichung City 407051, Taiwan (R.O.C.)","大O保美帆","0920317074","","有","有"
"92302740","20230307","20230307","采喆企業社","Caizhe Company","臺中市大雅區橫山里永和路六甲巷１３之５號","No. 13-5, Liujia Ln., Yonghe Rd., Hengshan Vil., Daya Dist., Taichung City 428014, Taiwan (R.O.C.)","張O琳","04-23153998","","有","有"
"92302903","20240408","20240408","黑馬哥直播工作室","BLACK HORSE STUDIO","臺中市北屯區北屯路56巷100號1樓","1 F., No. 100, Ln. 56, Beitun Rd., Beitun Dist., Taichung City 406023, Taiwan (R.O.C.)","何O倫","","","有","有"
"92302973","20230419","20230419","城禎商行","Cheng Zhen Shop","臺中市潭子區家福里頭張路一段61號1樓","1 F., No. 61, Sec. 1, Touzhang Rd., Jiafu Vil., Tanzi Dist., Taichung City 427005, Taiwan (R.O.C.)","蘇O誼","0905619899","","有","有"
"92303473","20230307","20240316","賈維德企業社","Victoria Plus Enterprise Co.","臺中市大里區內新街７０巷１０號6樓","6 F., No. 10, Ln. 70, Neixin St., Dali Dist., Taichung City 412219, Taiwan (R.O.C.)","吳O薇","0920733907","","有","有"
"92303585","20230417","20230417","一平坊購物網","YU high quality shopping Network Shop","臺中市南區工學里文心南路８８８之１０號1樓","1 F., No. 888-10, Wenxin S. Rd., Gongxue Vil., South Dist., Taichung City 402263, Taiwan (R.O.C.)","洪O涵","04-22630678","","有","有"
"92304135","20230316","20240302","飛皇國際精品代購","Eric Boutique Company","臺中市北屯區廍子里環太東路638號1樓","1 F., No. 638, Huantai E. Rd., Beitun Dist., Taichung City 406504, Taiwan (R.O.C.)","陳O涵","0930997511","","有","有"
"92304579","20230320","20230320","武極企業社","WU JI 57 Co.","臺中市龍井區龍東里臺灣大道五段3巷62弄21號3樓","3 F., No. 21, Aly. 62, Ln. 3, Sec. 5, Taiwan Blvd., Longdong Vil., Longjing Dist., Taichung City 434017, Taiwan (R.O.C.)","張O威","0930510504","","無","無"
"92304634","20230314","20230314","黎瑞企業社","LI RUI Co.","臺中市龍井區臺灣大道五段3巷62弄21號3樓","3 F., No. 21, Aly. 62, Ln. 3, Sec. 5, Taiwan Blvd., Longjing Dist., Taichung City 434017, Taiwan (R.O.C.)","黎O源","0910293723","","無","無"
"92304830","20240202","20240202","鴻強企業社","HONG CIANG Company","臺中市東區干城里公園東路130號2樓之1","2 F.-1, No. 130, Gongyuan E. Rd., Gancheng Vil., East Dist., Taichung City 401004, Taiwan (R.O.C.)","郭O文","0966558111","","無","無"
"92305036","20230310","20230310","拾創工作室","Adinong Works","臺中市龍井區竹師路一段２６０巷１９弄４１號二樓之６","2 F.-6, No. 41, Aly. 19, Ln. 260, Sec. 1, Zhushi Rd., Longjing Dist., Taichung City 434023, Taiwan (R.O.C.)","胡O","0978-325-599","","有","有"
"92305057","20230817","20230817","阿丹的店","E Dan Store","臺中市大甲區日南里工二路４-１９２號","No. 4-192, Gong 2nd Rd., Rinan Vil., Dajia Dist., Taichung City 437104, Taiwan (R.O.C.)","林O政","0424715383","","無","無"
"92305129","20230316","20230316","台美合作工作室","TeAmwork Co.","臺中市后里區墩西里月湖路2巷30弄20號1樓","1 F., No. 20, Aly. 30, Ln. 2, Yuehu Rd., Dunxi Vil., Houli Dist., Taichung City 421006, Taiwan (R.O.C.)","劉O辰","0988116072","","有","有"
"92306653","20240625","20240625","楊果企業社","yonuger Co.","臺中市北屯區舊社里長富街316號1樓","1 F., No. 316, Changfu St., Jiushe Vil., Beitun Dist., Taichung City 406015, Taiwan (R.O.C.)","王O絜","","","有","有"
"92306730","20230822","20230822","俊潔企業社","JUNJIE ENTERISE SOCIETY Shop","臺中市西區大忠南街55號7樓之5","7 F.-5, No. 55, Dazhong S. St., West Dist., Taichung City 403031, Taiwan (R.O.C.)","王O芳","0938618833","","無","無"
"92306892","20230608","20250321","詠瑆居家百貨企業行","CAREFULLY GLOBAL TRADING Company","臺中市東區公園東路130號2樓之1，2樓之2","2 F.-1, No. 130, Gongyuan E. Rd., East Dist., Taichung City 401004, Taiwan (R.O.C.)","陳O玉","","","有","有"
"92307029","20230317","20230720","大冠企業社","DAKUAN COMPANY","臺中市豐原區豐田里豐原大道三段286巷58弄107號1樓","1 F., No. 107, Aly. 58, Ln. 286, Sec. 3, Fengyuan Blvd., Fengtian Vil., Fengyuan Dist., Taichung City 420083, Taiwan (R.O.C.)","張O安","04-25222243","","無","無"
"92307359","20230627","20230627","奎樂堤實業社","Quality Agriculture TW Firm","臺中市豐原區南田里南田街１３５-３號","No. 135-3, Nantian St., Nantian Vil., Fengyuan Dist., Taichung City 420074, Taiwan (R.O.C.)","詹O宏","04-24069645","","有","有"
"92307745","20230515","20230515","品翰茶飲","pinhanchayin Shop","臺中市南區德義里學府路３６號１樓","1 F., No. 36, Xuefu Rd., Deyi Vil., South Dist., Taichung City 402004, Taiwan (R.O.C.)","李O翰","0966579226","","有","有"
"92307772","20241009","20241009","鑫久發貿易企業社","xinjofa Co.","臺中市北區建成里東成三街296號6樓之21","6 F.-21, No. 296, Dongcheng 3rd St., Jiancheng Vil., North Dist., Taichung City 404419, Taiwan (R.O.C.)","林O霏","","","有","有"
"92307941","20250602","20250602","奧喬工作室","CIAO STUDIO","臺中市南屯區寶山里寶山東二街１９巷１０號２樓之１","2 F.-1, No. 10, Ln. 19, Baoshan E. 2nd St., Baoshan Vil., Nantun Dist., Taichung City 408251, Taiwan (R.O.C.)","蔡O燕","0917629621","","有","有"
"92307983","20230516","20240417","三個願旺商行","Tri Wish Trading Co.","新竹縣竹北市東興里勝利八街2段113號","No. 113, Sec. 2, Shengli 8th St., Dongxing Vil., Zhubei City, Hsinchu County 302058, Taiwan (R.O.C.)","王O璉","02-29855167","","有","有"
"92308245","20240722","20240722","一步之邀工作室","Onestep2crystal Workshop","臺中市北屯區平安里北平路四段４之３號","No. 4-3, Sec. 4, Beiping Rd., Ping’an Vil., Beitun Dist., Taichung City 406017, Taiwan (R.O.C.)","陳O彤","0923591733","","有","有"
"92308385","20230406","20230406","油膩客選貨商店","HYC SELECT Shop","臺中市西屯區福安里安和路１８２號６樓之２","6 F.-2, No. 182, Anhe Rd., Fu’an Vil., Xitun Dist., Taichung City 407009, Taiwan (R.O.C.)","胡O誠","0422769685","","有","有"
"92308408","20230327","20230327","茂源企業社","Mao Yuan Enterprise Co.","臺中市西區民龍里民權路277號2樓","2 F., No. 277, Minquan Rd., Minlong Vil., West Dist., Taichung City 403009, Taiwan (R.O.C.)","張O慈","0978-179739","","有","有"
"92309048","20230327","20230327","日不落店鋪","RI BU LUO SHOP","臺中市大里區大里里大里街7巷14號1樓","1 F., No. 14, Ln. 7, Dali St., Dali Vil., Dali Dist., Taichung City 412, Taiwan (R.O.C.)","楊O媛","0923892295","","有","有"
"92309407","20230720","20230720","立呈企業社","LI CHENG Company","臺中市南區樹德里德吉街122號1樓","1 F., No. 122, Deji St., Shude Vil., South Dist., Taichung City 402019, Taiwan (R.O.C.)","黃O恩","0988298718","","有","有"
"92309624","20230421","20230421","勝綸工程行","Sheng Lun Engineering Co.","臺中市沙鹿區鹿峰里中山路中峰巷１３號1樓","1 F., No. 13, Zhongfeng Ln., Zhongshan Rd., Lufeng Vil., Shalu Dist., Taichung City 433107, Taiwan (R.O.C.)","蕭O騰","0901115517","","無","無"
"92309928","20230606","20230606","醇厚商行","chun hou business Co.","臺中市西屯區何安里青海路一段９３之１號一樓","1 F., No. 93-1, Sec. 1, Qinghai Rd., He’an Vil., Xitun Dist., Taichung City 407053, Taiwan (R.O.C.)","張O瑜","0423118001","","有","有"
"92310050","20230508","20241002","艾莉兒商行","AL Studio Co.","臺中市北區健行里忠明路424號20樓之1","20 F.-1, No. 424, Zhongming Rd., Jianxing Vil., North Dist., Taichung City 404311, Taiwan (R.O.C.)","林O君","0937769290","","有","有"
"92310241","20230519","20230519","宜波行","iiBO GOODS STORE","臺中市大里區東興里東榮路４４８號1樓","1 F., No. 448, Dongrong Rd., Dongxing Vil., Dali Dist., Taichung City 412225, Taiwan (R.O.C.)","林O諼","0910504306","","有","有"
"92310761","20230331","20230331","祺鑫企業社","QI XIN Departnemt COMPANY","臺中市北屯區水景里水景街126巷15弄3號1樓","1 F., No. 3, Aly. 15, Ln. 126, Shuijing St., Shuijing Vil., Beitun Dist., Taichung City 406013, Taiwan (R.O.C.)","劉O鑫","0980880859","","有","有"
"92311277","20230407","20241102","浦樂坊","Pure Love HOUSE","屏東縣潮州鎮新生里中山六巷45號3樓","3 F., No. 45, Zhongshan 6th Ln., Xinsheng Vil., Chaozhou Township, Pingtung County 920005, Taiwan (R.O.C.)","施O菁","0937646993","","有","有"
"92311473","20230608","20230608","匯臻企業社","CHEERMIYA INTERNATIONAL TRADING CO.","臺中市南區樹德里德吉街307之5號2樓之2","2 F.-2, No. 307-5, Deji St., Shude Vil., South Dist., Taichung City 402, Taiwan (R.O.C.)","何O臻","0928755530","","有","有"
"92311754","20241104","20241104","森垛企業商行","SEN DUO Co.","臺中市梧棲區南簡里民和路二段151巷43號1樓","1 F., No. 43, Ln. 151, Sec. 2, Minhe Rd., Nanjian Vil., Wuqi Dist., Taichung City 435060, Taiwan (R.O.C.)","廖O宸","0913583887","","有","有"
"92311826","20230331","20230331","世陽開發工程行","SHIH-YANG CONSTRUCTION ENGINEERING Co.","臺中市西屯區潮洋里黎明路二段842號1樓","1 F., No. 842, Sec. 2, Liming Rd., Chaoyang Vil., Xitun Dist., Taichung City 407024, Taiwan (R.O.C.)","楊O如","0423360570","","有","有"
"92312141","20230413","20230413","沅鑫實業社","YUAN HSING CO.","臺中市東勢區福隆里7鄰東坑路東福巷７７號","No. 77, Dongfu Ln., Dongkeng Rd., 7th Neighborhood, Fulong Vil., Dongshi Dist., Taichung City 423005, Taiwan (R.O.C.)","王O鑫","0930878898","","有","有"
"92312178","20230428","20230817","致聖國際機械行","Chihsheng International Machinery company","臺中市北屯區平田里文心路四段９５５號１０樓之６","10 F.-6, No. 955, Sec. 4, Wenxin Rd., Pingtian Vil., Beitun Dist., Taichung City 406505, Taiwan (R.O.C.)","陳O甄","0958-900011","","無","無"
"92312183","20230523","20230523","多鑫汽車商行","DUOXIN AUTOMOBILE Firm","臺中市霧峰區丁台里丁台路５２５之１號１樓","1 F., No. 525-1, Dingtai Rd., Dingtai Vil., Wufeng Dist., Taichung City 413007, Taiwan (R.O.C.)","許O維","0938684600","","有","有"
"92312439","20231031","20231031","鑫星國際生醫館","XINXING INTERNATIONAL BIOMEDICINE Co.","臺中市北屯區南興一路5號5樓之１","5 F.-1, No. 5, Nanxing 1st Rd., Beitun Dist., Taichung City 406015, Taiwan (R.O.C.)","黃O今","0905157907","04-24715301","有","有"
"92312846","20250102","20250102","暢享智慧國際企業社","Share Wisdom Shop","臺中市潭子區家興里榮興街２１巷１號6樓","6 F., No. 1, Ln. 21, Rongxing St., Jiaxing Vil., Tanzi Dist., Taichung City 427324, Taiwan (R.O.C.)","鄒O九","0911502667","","有","有"
"92312986","20240418","20240418","樂米創意企業社","LEMI CREATIVE CO.","臺中市東區新庄里和平街１１９-３號7樓之３","7 F.-3, No. 119-3, Heping St., Xinzhuang Vil., East Dist., Taichung City 401008, Taiwan (R.O.C.)","劉O騰","","","無","無"
"92313079","20230410","20230410","大佶企業社","Dajet FURNITURE Company","臺中市神岡區溪洲里溪洲路３９０號1樓","1 F., No. 390, Xizhou Rd., Xizhou Vil., Shengang Dist., Taichung City 429008, Taiwan (R.O.C.)","鄧O甄","04-25227672","","有","有"
"92313887","20230412","20230412","摩森企業社","MOLSON INTERNATIONAL CO.","臺中市西屯區潮洋里巿政北二路238號27樓之1","27 F.-1, No. 238, Shizheng N. 2nd Rd., Chaoyang Vil., Xitun Dist., Taichung City 407607, Taiwan (R.O.C.)","蔡O如","0986209009","","有","有"
"92314008","20230703","20230703","三點水企業社","SAN, DIAN-SHUEI STORE","臺中市龍井區沙田路四段350巷27號1樓","1 F., No. 27, Ln. 350, Sec. 4, Shatian Rd., Longjing Dist., Taichung City 434028, Taiwan (R.O.C.)","楊O","0933678264","","無","無"
"92314176","20230413","20230413","穎時尚企業商行","In vogue Shop","臺中市西屯區上石里西屯路二段英林巷90號2樓","2 F., No. 90, Yinglin Ln., Sec. 2, Xitun Rd., Shangshi Vil., Xitun Dist., Taichung City 407043, Taiwan (R.O.C.)","馮O琪","09-22442930","","有","有"
"92314302","20230613","20230613","聖盈輝實業商行","SHENG-YING-HUI-SHIH-YEH-SHANG-HSING Store","臺中市南屯區大業里大墩路752號1樓","1 F., No. 752, Dadun Rd., Daye Vil., Nantun Dist., Taichung City 408033, Taiwan (R.O.C.)","吳O蓉","04-23288658","","無","無"
"92314458","20230418","20230418","佳斯企業社","JIA SI Co.","臺中市西屯區河南路二段262號3樓之11","3 F.-11, No. 262, Sec. 2, Henan Rd., Xitun Dist., Taichung City 407349, Taiwan (R.O.C.)","蔡O華","0928120322","","無","無"
"92314513","20230419","20230419","福廂企業社","FU SIANG 49 Co.","臺中市西屯區逢福里河南路二段262號3樓之5","3 F.-5, No. 262, Sec. 2, Henan Rd., Fengfu Vil., Xitun Dist., Taichung City 407349, Taiwan (R.O.C.)","林O甘","0968511541","","無","無"
"92314648","20240219","20240219","天際線廣告系統工作室","AD-wordsystem Company","臺中市西區公正里大墩十街４８號４樓之３","4 F.-3, No. 48, Dadun 10th St., Gongzheng Vil., West Dist., Taichung City 403026, Taiwan (R.O.C.)","楊O慧","04-24521533","","有","有"
"92314669","20230419","20250616","恆悅商鋪","Heng Yue Store","臺中市西區公舘里三民路一段５０巷１之６５號","No. 1-65, Ln. 50, Sec. 1, Sanmin Rd., West Dist., Taichung City 403027, Taiwan (R.O.C.)","林O翰","","","有","有"
"92314942","20230421","20230421","鈦璽國際商行","OZ. Co.","臺中市西屯區何安里重慶路９９號５樓之３","5 F.-3, No. 99, Chongqing Rd., He’an Vil., Xitun Dist., Taichung City 407476, Taiwan (R.O.C.)","黃O德","0955185859","","無","無"
"92315251","20230419","20230419","匯鼎盛企業社","HUIDINGSHENG Store","臺中市北區賴村里中清路一段370號9樓之2","9 F.-2, No. 370, Sec. 1, Zhongqing Rd., Laicun Vil., North Dist., Taichung City 404020, Taiwan (R.O.C.)","周O玟","0917570215","","無","無"
"92315766","20230418","20230418","木可柯原木家具行","KO WOOD FURNITURE COMPANY","臺中市大甲區日南里中山路二段918之86號1樓","1 F., No. 918-86, Sec. 2, Zhongshan Rd., Rinan Vil., Dajia Dist., Taichung City 437104, Taiwan (R.O.C.)","柯O廷","0965605812","","有","有"
"92320959","20230204","20230204","聯創天成企業社","Lianchuang Store","臺中市西屯區何源里華美西街二段311號9樓之3","9 F.-3, No. 311, Sec. 2, Huamei W. St., Heyuan Vil., Xitun Dist., Taichung City 407400, Taiwan (R.O.C.)","王O容","0934064922","","有","有"
"92328170","20240216","20240216","簡單車業","EASY RACING STUDIO","臺中市南屯區春社里忠勇路21之1號1樓","1 F., No. 21-1, Zhongyong Rd., Chunshe Vil., Nantun Dist., Taichung City 408016, Taiwan (R.O.C.)","陳O","0931567266","","有","有"
"92328489","20250124","20250124","元大企業社","YUANDA Co.","苗栗縣竹南鎮新南里維新路186號1樓","1 F., No. 186, Weixin Rd., Xinnan Vil., Zhunan Township, Miaoli County 350024, Taiwan (R.O.C.)","蕭O欣","","","有","有"
"92328517","20230215","20230215","朵貓貓工作室","Domomo Studio","苗栗縣頭份市山下里文化街271巷32弄3號","No. 3, Aly. 32, Ln. 271, Wenhua St., Shanxia Vil., Toufen City, Miaoli County 351002, Taiwan (R.O.C.)","吳O潔","09-89428692","","有","有"
"92328571","20250314","20250314","悠活生活館","YoHo life Store","苗栗縣苗栗市玉清里2鄰玉清路61號3樓","3 F., No. 61, Yuqing Rd., 2nd Neighborhood, Yuqing Vil., Miaoli City, Miaoli County 360017, Taiwan (R.O.C.)","羅O羽","0966025703","","有","有"
"92328615","20230218","20230218","大木細作精雕工坊","Damu-carve Enterprise Co.","苗栗縣通霄鎮白西里3鄰16-1號","No. 16-1, 3rd Neighborhood, Baixi Vil., Tongxiao Township, Miaoli County 357001, Taiwan (R.O.C.)","陳O伃","037-792077","","有","有"
"92328811","20231016","20231016","浪園水上運動企業社","1 WaveYard water sport Hang","苗栗縣三灣鄉三灣村中正路206號一樓","1 F., No. 206, Zhongzheng Rd., Sanwan Township, Miaoli County 352020, Taiwan (R.O.C.)","張O綸","0955671665","037-670803","有","有"
"92328832","20230309","20240205","博樂通訊社","Bole News Agency Shop","苗栗縣頭份市後庄里19鄰信中路106號","No. 106, Xinzhong Rd., 19th Neighborhood, Houzhuang Vil., Toufen City, Miaoli County 351014, Taiwan (R.O.C.)","吳O麗","0975-859102","","有","有"
"92328925","20230309","20230309","博時通訊社","Boshi News Agency Shop","苗栗縣頭份市後庄里19鄰信中路106號","No. 106, Xinzhong Rd., 19th Neighborhood, Houzhuang Vil., Toufen City, Miaoli County 351014, Taiwan (R.O.C.)","林O吉","037-637883","037-631486","有","有"
"92329136","20250521","20250521","超羚企業社","CHAO LING COMPANY","新竹縣北埔鄉外坪村3鄰7號","No. 7, 3rd Neighborhood, Beipu Township, Hsinchu County 314, Taiwan (R.O.C.)","陳O富","","","有","有"
"92329163","20250219","20250223","晨菲企業社","CHENGFEITAN Co.","苗栗縣竹南鎮聖福里信義街11號1樓","1 F., No. 11, Xinyi St., Shengfu Vil., Zhunan Township, Miaoli County 350004, Taiwan (R.O.C.)","王O珍","","","有","有"
"92329277","20250218","20250218","順宇企業社","SHUNYUTAN Co.","苗栗縣竹南鎮新南里維新路186號1樓","1 F., No. 186, Weixin Rd., Xinnan Vil., Zhunan Township, Miaoli County 350024, Taiwan (R.O.C.)","張O松","","","有","有"
"92329282","20250219","20250219","尚安企業社","SHANGANTAN Co.","苗栗縣竹南鎮聖福里信義街11號1樓","1 F., No. 11, Xinyi St., Shengfu Vil., Zhunan Township, Miaoli County 350004, Taiwan (R.O.C.)","陳O發","","","有","有"
"92329760","20230322","20231219","青龍貿易商行","Qinglong Technology CO.","苗栗縣竹南鎮山佳里龍山路三段217號5樓之3","5 F.-3, No. 217, Longshan Rd., Shanjia Vil., Zhunan Township, Miaoli County 350011, Taiwan (R.O.C.)","莊O芸","037-620978","","有","有"
"92330561","20230330","20230330","恆創商行","Hengchuang SHOP","苗栗縣頭份市民族里中華路951號6樓之1","6 F.-1, No. 951, Zhonghua Rd., Minzu Vil., Toufen City, Miaoli County 351622, Taiwan (R.O.C.)","鍾O彥","0987910336","","有","有"
"92330936","20230411","20230411","旅享家國際貿易社","LV SIANG JIA Company","苗栗縣三灣鄉三灣村六合街12號","No. 12, Liuhe St., Sanwan Township, Miaoli County 352020, Taiwan (R.O.C.)","黃O杉","0915036680","","有","有"
"92330990","20230418","20230418","跨購商行","KARCO Shop","苗栗縣頭份市建國里中華路1326巷21弄13號二樓","2 F., No. 13, Aly. 21, Ln. 1326, Zhonghua Rd., Jianguo Vil., Toufen City, Miaoli County 351030, Taiwan (R.O.C.)","羅O萍","09-35057610","","有","有"
"92331442","20230427","20230427","恆泰工程行","Heng Tai Engineering Co.","苗栗縣公館鄉玉泉村16鄰玉泉246-9號","No. 246-9, Yuquan, 16th Neighborhood, Gongguan Township, Miaoli County 363006, Taiwan (R.O.C.)","林O堰","0925282933","","無","無"
"92331766","20231230","20231230","共馬商行","kongma House","苗栗縣大湖鄉靜湖村15鄰社寮角18號","No. 18, Sheliaojiao, 15th Neighborhood, Dahu Township, Miaoli County 364004, Taiwan (R.O.C.)","陳O澤","","","有","有"
"92331870","20240816","20241224","龍獅健身工作室","Dragon and Lion Team Workshop","苗栗縣卓蘭鎮上新里民有街20號1樓","1 F., No. 20, Minyou St., Shangxin Vil., Zhuolan Township, Miaoli County 369004, Taiwan (R.O.C.)","詹O喬","0975-269528","","有","有"
"92331891","20240621","20240621","鑫中鑫商行","Sinjosin Shop","苗栗縣頭份市民族里中華路951號6樓之2","6 F.-2, No. 951, Zhonghua Rd., Minzu Vil., Toufen City, Miaoli County 351622, Taiwan (R.O.C.)","彭O婷","0927773116","","有","有"
"92332603","20230523","20230523","海淘商行","Kartal Shop","苗栗縣頭份市建國里中華路1326巷21弄13號二樓","2 F., No. 13, Aly. 21, Ln. 1326, Zhonghua Rd., Jianguo Vil., Toufen City, Miaoli County 351030, Taiwan (R.O.C.)","羅O萍","09-35057610","","有","有"
"92332625","20230523","20240329","慧擇商行","Good Selection Shop","苗栗縣頭份市建國里中華路1326巷21弄13號二樓","2 F., No. 13, Aly. 21, Ln. 1326, Zhonghua Rd., Jianguo Vil., Toufen City, Miaoli County 351030, Taiwan (R.O.C.)","彭O鋒","09-35057610","","有","有"
"92332688","20230523","20240827","跨淘商行","Kartel Shop","苗栗縣頭份市建國里中華路1326巷21弄13號二樓","2 F., No. 13, Aly. 21, Ln. 1326, Zhonghua Rd., Jianguo Vil., Toufen City, Miaoli County 351030, Taiwan (R.O.C.)","蕭O筠","09-35057610","","有","有"
"92332694","20230523","20240803","環購商行","EarthShop Store","苗栗縣頭份市建國里中華路1326巷21弄13號二樓","2 F., No. 13, Aly. 21, Ln. 1326, Zhonghua Rd., Jianguo Vil., Toufen City, Miaoli County 351030, Taiwan (R.O.C.)","歐O婷","09-35057610","","有","有"
"92333201","20240520","20240520","凌豪企業社","Ling Hao Firm","苗栗縣頭份市蟠桃里中興路335巷9號","No. 9, Ln. 335, Zhongxing Rd., Pantao Vil., Toufen City, Miaoli County 351012, Taiwan (R.O.C.)","姜O凌","","","有","有"
"92333899","20230629","20230629","潔斯邁電腦平台企業社","Jasmine Studio","苗栗縣竹南鎮頂埔里頂大埔33號1樓","1 F., No. 33, Dingdapu, Dingpu Vil., Zhunan Township, Miaoli County 350021, Taiwan (R.O.C.)","余O儀","0903125565","","無","無"
"92334399","20240621","20240621","函舍商行","Hansu online SHOP","苗栗縣頭份市珊湖里中正三路68巷3弄18號1樓","1 F., No. 18, Aly. 3, Ln. 68, Zhongzheng 3rd Rd., Shanhu Vil., Toufen City, Miaoli County 351007, Taiwan (R.O.C.)","林O函","0927773116","","有","有"
"92334412","20240926","20240926","木目國際商行","MUMU INTERNATION Co.","苗栗縣後龍鎮南港里2鄰南勢山18-6號","No. 18-6, Nanshishan, 2nd Neighborhood, Nangang Vil., Houlong Township, Miaoli County 356010, Taiwan (R.O.C.)","郭O瑋","0922883016","","有","有"
"92334428","20240621","20240621","士家商行","Shiku SHOP","苗栗縣頭份市珊湖里中正三路68巷3弄18號2樓","2 F., No. 18, Aly. 3, Ln. 68, Zhongzheng 3rd Rd., Shanhu Vil., Toufen City, Miaoli County 351007, Taiwan (R.O.C.)","彭O士","0913668113","","有","有"
"92334905","20250124","20250124","天邦企業社","TIANBAN Co.","苗栗縣竹南鎮聖福里信義街１１號1樓","1 F., No. 11, Xinyi St., Shengfu Vil., Zhunan Township, Miaoli County 350004, Taiwan (R.O.C.)","蕭O玲","","","有","有"
"92335518","20231103","20231103","玖龍商行","Jioulong Co.","苗栗縣後龍鎮大庄里17鄰光華路442號1樓","1 F., No. 442, Guanghua Rd., 17th Neighborhood, Dazhuang Vil., Houlong Township, Miaoli County 356012, Taiwan (R.O.C.)","林O欣","037727138","","無","無"
"92336100","19980714","20210812","源益製材工廠","YUAN I WOOD CO.","屏東縣枋寮鄉人和村中山路二段１０４－１號","No. 104-1, Sec. 2, Zhongshan Rd., Fangliao Township, Pingtung County 94041, Taiwan (R.O.C.)","康O昌","","","有","有"
"92336256","20250219","20250219","世成企業社","SHICHENGTAN Co.","苗栗縣竹南鎮聖福里信義街11號1樓","1 F., No. 11, Xinyi St., Shengfu Vil., Zhunan Township, Miaoli County 350004, Taiwan (R.O.C.)","陳O發","","","有","有"
"92336333","20230821","20230821","永全貿易商行","FOREVER CHUAN Technology Co.","苗栗縣竹南鎮山佳里龍山路三段217號5樓之3","5 F.-3, No. 217, Longshan Rd., Shanjia Vil., Zhunan Township, Miaoli County 350011, Taiwan (R.O.C.)","翁O全","0919201700","","有","有"
"92336376","20230821","20230821","君全貿易商行","JUN CHAN Technology Co.","苗栗縣頭份市上興里24鄰永昌街1巷6號2樓","2 F., No. 6, Ln. 1, Yongchang St., 24th Neighborhood, Shangxing Vil., Toufen City, Miaoli County 351003, Taiwan (R.O.C.)","邱O君","0911866324","","有","有"
"92336381","20230821","20230821","陸壹零貿易商行","LU YI ZERO Technology Co.","苗栗縣頭份市上興里24鄰永昌街1巷6號2樓","2 F., No. 6, Ln. 1, Yongchang St., 24th Neighborhood, Shangxing Vil., Toufen City, Miaoli County 351003, Taiwan (R.O.C.)","陸O伶","0931145003","","有","有"
"92336495","20230908","20230908","來杯好咖啡商行","tb coffee roasters store","苗栗縣竹南鎮聖福里環市路三段228號2樓","2F., No. 228, Sec. 3, Huanshi Rd., Zhunan Township, Miaoli County 350, Taiwan (R.O.C.)","羅O陞","0919071400","","有","有"
"92337234","20250219","20250219","辰風企業社","CHENGFENGTAN Co.","苗栗縣竹南鎮聖福里信義街11號1樓","1 F., No. 11, Xinyi St., Shengfu Vil., Zhunan Township, Miaoli County 350004, Taiwan (R.O.C.)","陳O佑","","","有","有"
"92337826","20231023","20231023","妤鍹貿易商行","YU SHUAN Technology Co.","苗栗縣頭份市珊湖里信德路20號1樓","1 F., No. 20, Xinde Rd., Shanhu Vil., Toufen City, Miaoli County 351013, Taiwan (R.O.C.)","劉O鍹","0976451819","","有","有"
"92337847","20231023","20231023","樂樂貿易商行","LAU LAU  Technology Co.","苗栗縣頭份市珊湖里信德路20號1樓","1 F., No. 20, Xinde Rd., Shanhu Vil., Toufen City, Miaoli County 351013, Taiwan (R.O.C.)","陳O容","0911654354","","有","有"
"92342877","20230209","20240218","布峒國際貿易社","GobutoAlltang Firm","雲林縣斗六市成功里自強街６９號1樓","1 F., No. 69, Ziqiang St., Chenggong Vil., Douliu City, Yunlin County 640003, Taiwan (R.O.C.)","唐O晨","05-5337668","05-5346377","有","有"
"92343833","20250505","20250505","小布丁家具飾品店","XIAOBUDING FURNITURE ACCESSORIES STORE","雲林縣虎尾鎮堀頭里堀頭１１８-２８號1樓","1 F., No. 118-28, Kutou, Huwei Township, Yunlin County 632108, Taiwan (R.O.C.)","管O政","09-32674205","","有","有"
"92344045","20240321","20240321","興和企業社","KoWa CO.","雲林縣虎尾鎮平和里成德三街１號1樓","1 F., No. 1, Chengde 3rd St., Pinghe Vil., Huwei Township, Yunlin County 632105, Taiwan (R.O.C.)","李O興","0919994303","","有","有"
"92344538","20230309","20230530","皮奧斯商行","Pills_daigou SHOP","南投縣草屯鎮新厝里太平路二段１５４號","No. 154, Sec. 2, Taiping Rd., Xincuo Vil., Caotun Township, Nantou County 542006, Taiwan (R.O.C.)","周O陞","09317230703","","有","有"
"92344755","20230316","20230316","祈昇香業企業社","QISHENG INCENSE CO.","雲林縣斗南鎮舊社里興國路１２８號1樓","1 F., No. 128, Xingguo Rd., Jiushe Vil., Dounan Township, Yunlin County 630047, Taiwan (R.O.C.)","黃O祥","05-5972674","","有","有"
"92345425","20230426","20240717","金禾鑫國際實業","Jinhexin International Industry Co.","雲林縣西螺鎮中興里西興路８５號1樓","1 F., No. 85, Xixing Rd., Zhongxing Vil., Xiluo Township, Yunlin County 648005, Taiwan (R.O.C.)","陳O諺","0903768605","","有","有"
"92346830","20240527","20240527","聯盛國際企業社","LIANSHENG INTERNATIONAL ENTERPRISE Co.","臺南市安南區溪東里北安路2段53號1樓","1 F., No. 53, Sec. 2, Bei’an Rd., Xidong Vil., Annan Dist., Tainan City 709017, Taiwan (R.O.C.)","陳O廷","06-2537715","","有","有"
"92346873","20230325","20230325","青珠國際商行","blue pearl Co.","臺南市永康區東橋里中山南路319巷21弄2號1樓","1 F., No. 2, Aly. 21, Ln. 319, Zhongshan S. Rd., Dongqiao Vil., Yongkang Dist., Tainan City 710038, Taiwan (R.O.C.)","葉O宏","0925892192","","有","有"
"92347227","20230324","20230324","殼嶼數位工作室","Case island Studio","臺南市北區大光里公園路768號1樓","1 F., No. 768, Gongyuan Rd., Daguang Vil., North Dist., Tainan City 704030, Taiwan (R.O.C.)","陳O銜","0926737153","","無","無"
"92347319","20230323","20250415","宏碩機電工程行","HUNG SHUO M&E ENGINEERING Company","臺南市麻豆區大埕里尪祖廟19之29號","No. 19-29, Wangzu Temple, Dacheng Vil., Madou Dist., Tainan City 721007, Taiwan (R.O.C.)","顏O君","0911670772","","有","有"
"92347541","20241223","20241223","詠鴻企業社","Yong Hong Company","臺南市關廟區香洋里南雄路1段1131號","No. 1131, Sec. 1, Nanxiong Rd., Xiangyang Vil., Guanmiao Dist., Tainan City 718004, Taiwan (R.O.C.)","林O涵","06-","","有","有"
"92347710","20230324","20230324","宜農商號","Yino Firm","臺南市麻豆區清水里總爺庄86之1號2樓之2","2 F.-2, No. 86-1, Zongyezhuang, Qingshui Vil., Madou Dist., Tainan City 721012, Taiwan (R.O.C.)","彭O蓉","0915363626","","無","無"
"92347866","20241004","20241004","禾田小舖","Hetian Japan Shop","臺南市南區建南里興隆路265巷1號2樓","2 F., No. 1, Ln. 265, Xinglong Rd., Jiannan Vil., South Dist., Tainan City 702030, Taiwan (R.O.C.)","吳O瑩","","","有","有"
"92348062","20230816","20231018","哈本木生活館","Ha Ben Mu Store","臺南市東區龍山里長榮路1段256號10樓之7","10 F.-7, No. 256, Sec. 1, Changrong Rd., Longshan Vil., East Dist., Tainan City 701037, Taiwan (R.O.C.)","周O鈴","0424715383","","有","有"
"92348231","20230316","20230316","家翊企業社","H&T STORE","臺南市安南區安慶里怡安路1段262巷26弄5號1樓","1 F., No. 5, Aly. 26, Ln. 262, Sec. 1, Yi’an Rd., Anqing Vil., Annan Dist., Tainan City 709004, Taiwan (R.O.C.)","余O儀","0987037074","","有","有"
"92348582","20230314","20231116","完美家具坊","Perfect boutique furniture workshop","臺南市永康區成功里中華路144之1號地下一層","No. 144-1, Zhonghua Rd., Chenggong Vil., Yongkang Dist., Tainan City 710029, Taiwan (R.O.C.)","陳O君","0982734197","","有","有"
"92348817","20230314","20250324","元瀧電子商務企業社","Yuanlong E-commerce Enterprise Company","臺南市永康區龍潭里龍潭街68巷28號1樓","1 F., No. 28, Ln. 68, Longtan St., Longtan Vil., Yongkang Dist., Tainan City 710051, Taiwan (R.O.C.)","梁O安","","","有","有"
"92349273","20230425","20230425","肯邦創意鞋類工作室","Kex Lab Co.","臺南市中西區五條港里慈聖街71號2樓","2 F., No. 71, Cisheng St., West Central Dist., Tainan City 700001, Taiwan (R.O.C.)","顏O秀","0918679994","","有","有"
"92349365","20231226","20250507","雋永設計文創事業","Timeless Paper Art Design Co.","臺南市歸仁區看東里智慧綠能大道1段235號","No. 235, Sec. 1, Zhihuiluneng Blvd., Kandong Vil., Guiren Dist., Tainan City 711002, Taiwan (R.O.C.)","楊O晴","062052140","","有","有"
"92349626","20240801","20240801","佳仁美企業社","ERIC INTERNATIONAL COMPANY","臺南市北區長勝里長榮路5段7號1樓","1 F., No. 7, Sec. 5, Changrong Rd., Changsheng Vil., North Dist., Tainan City 704023, Taiwan (R.O.C.)","張O美","","","有","有"
"92349674","20240312","20240312","賣很大商行","MAI HEN DA Hang","臺南市南區開南里新建路63巷1之4號1樓","1 F., No. 1-4, Ln. 63, Xinjian Rd., Kainan Vil., South Dist., Tainan City 702026, Taiwan (R.O.C.)","陳O旻","0973324769","","有","無"
"92349837","20240515","20240515","酒藏商行","SAKAKURA HANG","臺南市北區長興里公園北路156之7號1樓","1 F., No. 156-7, Gongyuan N. Rd., Changxing Vil., North Dist., Tainan City 704008, Taiwan (R.O.C.)","林O翰","0925169017","","有","有"
"92350123","20250529","20250529","高發珠寶銀樓","Gaofa jewellery SHOP","臺南市永康區勝利里勝利街92之1號1樓","1 F., No. 92-1, Shengli St., Shengli Vil., Yongkang Dist., Tainan City 710013, Taiwan (R.O.C.)","劉O慈","078915486","","有","有"
"92350947","20230324","20230324","諾帛企業社","Noble Gem CO.","臺南市永康區復國里復國一路339之5號8樓之5","8 F.-5, No. 339-5, Fuguo 1st Rd., Fuguo Vil., Yongkang Dist., Tainan City 710045, Taiwan (R.O.C.)","李O琪","06-5998295","","有","有"
"92351241","20231121","20231121","霧島文森生活商行","HAPPEN COFFEE Co.","臺南市中西區南美里民生路1段100號","No. 100, Sec. 1, Minsheng Rd., Nanmei Vil., West Central Dist., Tainan City 700015, Taiwan (R.O.C.)","吳O倫","","","有","有"
"92351431","20231222","20231222","贏騁汽車服務廠","Yingcheng Auto Service Factory","臺南市安平區怡平里慶平路191號2樓","2 F., No. 191, Qingping Rd., Yiping Vil., Anping Dist., Tainan City 708005, Taiwan (R.O.C.)","曾O清","06-3568310","","有","有"
"92351657","20230413","20230413","多普倫斯商行","Dopulenz Co.","臺南市東區富強里裕農路５２０號３樓","3F.,NO.520,YUNONG RD.,EAST DIST.,TAINAN CITY 701,TAIWAN","邱O祺","","","有","有"
"92352184","20230331","20230331","福欣開發實業社","FRC R&D AND TRADING Co.","臺南市安南區新順里育安一街15號1樓","1 F., No. 15, Yu’an 1st St., Xinshun Vil., Annan Dist., Tainan City 709041, Taiwan (R.O.C.)","王O琪","06-3568610","","有","有"
"92353607","20230519","20230519","山與營工作室","MCED GEARS Co.","臺南市東區關聖里裕英街160號1樓","1 F., No. 160, Yuying St., Guansheng Vil., East Dist., Tainan City 701035, Taiwan (R.O.C.)","陳O侖","06-2880026","","有","有"
"92354535","20230721","20230721","雙贏生活百貨總匯","WW COLLECTION CO.","臺南市安平區育平里育平三街17號5樓之1","5 F.-1, No. 17, Yuping 3rd St., Yuping Vil., Anping Dist., Tainan City 708016, Taiwan (R.O.C.)","吳O榮","0902200718","","無","無"
"92354731","20230522","20230523","龍飛商行","long-fei Shop","臺南市安南區佃西里海佃路4段540號1樓","1 F., No. 540, Sec. 4, Haidian Rd., Dianxi Vil., Annan Dist., Tainan City 709026, Taiwan (R.O.C.)","吳O熊","0927652896","","有","有"
"92354747","20230418","20230418","瑪莉妮商行","Maricric Company","臺南市關廟區松腳里四維街143號1樓","1 F., No. 143, Songjiao, Guanmiao Dist., Tainan City 718, Taiwan (R.O.C.)","歐O萍","06-5951362","","有","有"
"92354768","20230420","20230420","禾峻工程行","Ho chun project Co.","臺南市東區小東里東興路282號2樓","2 F., No. 282, Dongxing Rd., Xiaodong Vil., East Dist., Tainan City 701019, Taiwan (R.O.C.)","曾O峻","0909652118","","無","無"
"92355247","20230427","20230902","全迎商行","CHIUAN YING GROCERY STORE","臺南市仁德區太子里長興一街86巷6號1樓","1 F., No. 6, Ln. 86, Changxing 1st St., Taizi Vil., Rende Dist., Tainan City 717001, Taiwan (R.O.C.)","王O雲","0953237900","","無","無"
"92355302","20241009","20250114","南國影像攝影工作室","AGO Photo Studio","臺南市東區泉南里林森路1段153巷43號1樓","1 F., No. 43, Ln. 153, Sec. 1, Linsen Rd., Quannan Vil., East Dist., Tainan City 701024, Taiwan (R.O.C.)","薛O國","0958198020","","有","有"
"92356153","20230524","20230524","金冠鑫企業社","Chin Kuan Hsin Co.","臺南市北區立人里康樂街435巷35號1樓","1 F., No. 35, Ln. 435, Kangle St., Liren Vil., North Dist., Tainan City 704018, Taiwan (R.O.C.)","苗O玲","06-2476978","","有","有"
"92356442","20230428","20230428","洁逸企業社","JIE YI ENTERPRISE Co.","臺南市仁德區上崙里中正路1段748號1樓","1 F., No. 748, Sec. 1, Zhongzheng Rd., Shanglun Vil., Rende Dist., Tainan City 717010, Taiwan (R.O.C.)","陳O霖","06-3660089","","有","有"
"92357478","20230713","20230713","佳鴻工程企業社","CHIAHONG ENGINEERING COMPANY","臺南市柳營區太康里太康163之22號1樓","1 F., No. 163-22, Taikang, Liuying Dist., Tainan City 736002, Taiwan (R.O.C.)","林O仁","0925435005","","有","有"
"92357673","20241231","20241231","路加企業商行","Luke Enterprise Company","臺南市永康區大橋里大橋三街203號","No. 203, Daqiao 3rd St., Daqiao Vil., Yongkang Dist., Tainan City 710008, Taiwan (R.O.C.)","吳O霖","","","有","有"
"92358342","20230803","20230803","川葉實業社","Chuanye Industrial Society Co.","臺南市安平區華平里健康二街496號1樓","1 F., No. 496, Jiankang 2nd St., Huaping Vil., Anping Dist., Tainan City 708016, Taiwan (R.O.C.)","李O聞","0903-556699","","無","無"
"92358758","20230515","20230515","耿宥工程行","KENG YU project Co.","臺南市北區公園里成功路2號4樓之5","4 F.-5, No. 2, Chenggong Rd., Gongyuan Vil., North Dist., Tainan City 704003, Taiwan (R.O.C.)","陳O耿","0938731691","","無","無"
"92358933","20240828","20240828","樂晨商行","TingFu Shop","臺南市安南區佃東里公學路4段196巷6號1樓","1 F., No. 6, Ln. 196, Sec. 4, Gongxue Rd., Diandong Vil., Annan Dist., Tainan City 709023, Taiwan (R.O.C.)","黎OO","0908776615","","有","有"
"92359412","20230710","20230710","集浩工程企業行","JIHAO COMPANY","臺南市北區元寶里開元路523號13樓之2","No. 523, Kaiyuan Rd., Yuanbao Vil., North Dist., Tainan City 704002, Taiwan (R.O.C.)","盧O立","0979681820","","有","有"
"92359975","20231201","20231201","好吉光工作室","LUCKY LIGHT FILMS STUDIO","臺南市新營區民榮里復興路489巷14號1樓","1 F., No. 14, Ln. 489, Fuxing Rd., Minrong Vil., Xinying Dist., Tainan City 730012, Taiwan (R.O.C.)","顏O為","","","有","有"
"92360537","20230519","20230519","金豐沛金屬材料","JFP METAL Co.","臺南市永康區正強里正強街215巷33號1樓","1 F., No. 33, Ln. 215, Zhengqiang St., Zhengqiang Vil., Yongkang Dist., Tainan City 710003, Taiwan (R.O.C.)","傅O倫","06-2017927","","有","有"
"92360620","20230525","20230525","兩隻貓的下午工作室","Legend Choice Studio Co.","臺南市安南區安慶里怡安路1段246巷20號1樓","1 F., No. 20, Ln. 246, Sec. 1, Yi’an Rd., Anqing Vil., Annan Dist., Tainan City 709004, Taiwan (R.O.C.)","陳O寧","0936611631","","有","有"
"92360874","20230525","20240710","芬芳商行","FOR FUN INTERNATIONAL COMPANY","臺南市南區郡南里德興路139巷44弄24號1樓","1 F., No. 24, Aly. 44, Ln. 139, Dexing Rd., Junnan Vil., South Dist., Tainan City 702004, Taiwan (R.O.C.)","吳O君","06-2975766","","有","有"
"92361156","20230710","20230710","川頁企業行","SICHUAN PAGE Co.","臺南市玉井區竹圍里中正路660巷2號1樓","No. 2, Ln. 660, Zhongzheng Rd., Zhuwei Vil., Yujing Dist., Tainan City 714001, Taiwan (R.O.C.)","黃O誠","0913543523","","有","有"
"92361276","20230524","20230524","富利達寵物企業社","Fluffy Select International Co.","臺南市北區大港里大興街502巷53號1樓","1 F., No. 53, Ln. 502, Daxing St., Dagang Vil., North Dist., Tainan City 704015, Taiwan (R.O.C.)","郭O吟","0916876962","","有","有"
"92361374","20230529","20230529","金勇交通器材","JING YONG AUTO PARTS Co.","臺南市安南區溪北里府安路4段10號","No. 10, Sec. 4, Fu’an Rd., Xibei Vil., Annan Dist., Tainan City 709002, Taiwan (R.O.C.)","楊O翔","0915872337","","有","有"
"92361655","20230522","20230522","絜森日常工作室","Jie Sen Daily Life Co.","臺南市西港區慶安里進學街54巷9號1 樓","1 F., No. 9, Ln. 54, Jinxue St., Qing’an Vil., Xigang Dist., Tainan City 723015, Taiwan (R.O.C.)","黃O森","0916705177","","有","有"
"92361682","20240925","20240925","裕倫汽車商行","Yulun Automobile Company","臺南市仁德區上崙里德崙路805號","No. 805, Delun Rd., Shanglun Vil., Rende Dist., Tainan City 717003, Taiwan (R.O.C.)","陳O蘭","033644339","","有","有"
"92361825","20241205","20241205","樽爵國際商行","Zunjue International Trading Co.","臺南市東區崇信里崇學路230巷53之4號5樓","5 F., No. 53-4, Ln. 230, Chongxue Rd., Chongxin Vil., East Dist., Tainan City 701016, Taiwan (R.O.C.)","李O瑾","0925390276","","有","有"
"92364415","20031001","20210812","榮安堂中藥房","RONG AN TANG CO.","屏東縣潮州鎮同榮里西市路２－１號","No. 2-1, Xishi Rd., Tongrong Vil., Chaozhou Township, Pingtung County 92045, Taiwan (R.O.C.)","柯O秀","08-7882807","","有","有"
"92367237","20230426","20230426","成宇商號","SUNGWOO J STORE","臺南市柳營區篤農里小脚腿332之1號1樓","1 F., No. 332-1, Dunong Vil., Liuying Dist., Tainan City 736, Taiwan (R.O.C.)","連O翔","0931347679","","有","有"
"92368968","20230419","20230419","啦啦貝兒商行","LALA BELLE FIRM","臺南市安南區海西里海中街77巷28號4樓","4 F., No. 28, Ln. 77, Haizhong St., Haixi Vil., Annan Dist., Tainan City 709013, Taiwan (R.O.C.)","高O萱","0975281029","","無","無"
"92369973","20221214","20221214","有限責任嘉義縣青木堂果菜生產合作社","QINGMUTANG FRUIT AND VEGETABLE PRODUCERS COOPERATIVE","嘉義縣水上鄉內溪村溪仔底20之3號1樓","1 F., No. 20-3, Xizaidi, Shuishang Township, Chiayi County 608001, Taiwan (R.O.C.)","陳O輝","0988145090","","有","有"
"92371160","20240926","20250604","瑞克先生攝影工作室","RICK PHOTO SHOP","嘉義市西區保福里竹圍四路118號一樓","1 F., No. 118, Zhuwei 4th Rd., Baofu Vil., West Dist., Chiayi City 600083, Taiwan (R.O.C.)","蕭O元","0978763669","","有","有"
"92371470","20230825","20250611","盈風企業社","Infong Factory","高雄市新興區七賢一路301號4樓之6","4 F.-6, No. 301, Qixian 1st Rd., Xinxing Dist., Kaohsiung City 800303, Taiwan (R.O.C.)","林O賢","0976128055","","無","無"
"92371773","20240722","20240722","銓銨企業社","CHUAN,AN CO.","嘉義市東區短竹里彌陀路２６０號","No. 260, Mituo Rd., Duanzhu Vil., East Dist., Chiayi City 600040, Taiwan (R.O.C.)","胡O賢","0980887332","","有","有"
"92372750","20230606","20230606","苗可陳企業社","MiucoChen trading Company","嘉義市東區盧厝里大雅路一段３６８巷２２弄２３號四樓之２","4 F.-2, No. 23, Aly. 22, Ln. 368, Sec. 1, Daya Rd., Lucuo Vil., East Dist., Chiayi City 600048, Taiwan (R.O.C.)","陳O婷","0953098818","","有","有"
"92372983","20230621","20230621","艾維莉雷射雕刻工作室","AI WEI LI STUDIO","嘉義市東區過溝里成仁街２號之３一樓","1 F., No. 2-3, Chengren St., Guogou Vil., East Dist., Chiayi City 600012, Taiwan (R.O.C.)","陳O緯","0988522285","","有","有"
"92373131","20240812","20240812","梁澤文創工作室","LiangZe Studio","嘉義市東區後湖里保義路１０８巷１７號一樓","1 F., No. 17, Ln. 108, Baoyi Rd., Houhu Vil., East Dist., Chiayi City 600051, Taiwan (R.O.C.)","李O媚","0978217687","","有","有"
"92373625","20231027","20240705","展騰企業社","Zhateng Enterprise Shop","嘉義縣民雄鄉秀林村溪底寮3號之56一樓","1 F., No. 3-56, Xidiliao, Minxiong Township, Chiayi County 621007, Taiwan (R.O.C.)","蕭O駿","0978772638","","有","有"
"92374075","20231002","20231002","大興洋行","DAIKO INTERNATIONAL TRADING Co.","嘉義市東區頂庄里台林街２４０之１號","No. 240-1, Tailin St., Dingzhuang Vil., East Dist., Chiayi City 600050, Taiwan (R.O.C.)","羅O珍","05-2771424","","有","有"
"92374130","20231030","20250528","木橙商行","MU ORANGE Company","嘉義市西區保生里世賢路一段４７５號一樓","1 F., No. 475, Sec. 1, Shixian Rd., Baosheng Vil., West Dist., Chiayi City 600055, Taiwan (R.O.C.)","馮O瑜","0919040437","","有","有"
"92374357","20231023","20231023","德海國際商行","Hyde International Trading Company","嘉義市東區蘭潭里小雅路１８３號三樓之１２","3 F.-12, No. 183, Xiaoya Rd., Lantan Vil., East Dist., Chiayi City 600041, Taiwan (R.O.C.)","陳O均","0919806092","","無","無"
"92374770","20231106","20231106","馨善生活館","Benevolence Hsin Co.","嘉義市西區番社里北榮街１４９號一樓","1 F., No. 149, Beirong St., Fanshe Vil., West Dist., Chiayi City 600002, Taiwan (R.O.C.)","邱O傑","","","有","有"
"92375118","20230905","20230905","輝達智盛企業社","Thriving Intelligent Co.","嘉義市西區新富里民族路５５３號","No. 553, Minzu Rd., Xinfu Vil., West Dist., Chiayi City 600004, Taiwan (R.O.C.)","葉O鴻","05-2169888","","有","有"
"92375166","20230906","20230906","益楷企業社","YiKai Enterprise Company","嘉義市西區文化里文化路１７之１２號三樓","3 F., No. 17-12, Wenhua Rd., Wenhua Vil., West Dist., Chiayi City 600013, Taiwan (R.O.C.)","陳O崴","04-7277588","","有","有"
"92375222","20240402","20240402","嘉傑多媒體網絡行銷工作室","JiaJie Multimedia Network Marketing STUDIO","嘉義市西區文化里中正路４３２號一樓","1 F., No. 432, Zhongzheng Rd., Wenhua Vil., West Dist., Chiayi City 600013, Taiwan (R.O.C.)","周O傑","0920585520","","有","有"
"92375567","20230919","20230919","星宇工作室","Galdoo Studio","嘉義市西區新厝里友忠路９８１號十二樓之２","12 F.-2, No. 981, Xincuo, West Dist., Chiayi City 600, Taiwan (R.O.C.)","林O宇PEREZSANCHEZJUANANDRES","0963626710","","有","有"
"92376361","20231012","20231012","馥選生活精品企業行","Fu Xuan Lifestyle Co.","嘉義市東區興仁里興仁街９７號二樓之３","2 F.-3, No. 97, Xingren St., Xingren Vil., East Dist., Chiayi City 600039, Taiwan (R.O.C.)","林O德","0933678675","","有","有"
"92377761","20240108","20240108","金太郎娃娃屋","kintaro Company","嘉義市西區西平里玉山路１６３號","No. 163, Yushan Rd., Xiping Vil., West Dist., Chiayi City 600073, Taiwan (R.O.C.)","施O杰","0988542323","","有","有"
"92378184","20231120","20231120","享家品商行","XIANG CHIA PIN COMMERCIAL FIRM","嘉義市西區美源里民生南路２９４號七樓之１","7 F.-1, No. 294, Minsheng S. Rd., West Dist., Chiayi City 600019, Taiwan (R.O.C.)","楊O崢","0970681969","","有","有"
"92378430","20231225","20240506","嬌潤泉國際企業社","jiaorunquan Boutique","嘉義市西區劉厝里博愛路二段９６６號三樓","3 F., No. 966, Liucuo, West Dist., Chiayi City 600029, Taiwan (R.O.C.)","胡O卿","052377788","","有","有"
"92379748","20240816","20240816","嘎米數位整合行銷","Gamii digital integrated marketing Studio","嘉義市東區義教里台林街２１７之３號一樓","1 F., No. 217-3, Tailin St., Yijiao Vil., East Dist., Chiayi City 600050, Taiwan (R.O.C.)","羅O家","","","有","有"
"92380169","20240126","20250208","致業企業社","Chih Yeh Co.","臺中市西屯區逢甲里西屯路二段278號","No. 278, Sec. 2, Xitun Rd., Fengjia Vil., Xitun Dist., Taichung City 407044, Taiwan (R.O.C.)","陳O均","","","有","有"
"92380800","20240612","20240612","鈞祺企業社","jun qi yu Company","嘉義市西區後驛里博愛路二段６７巷１３號","No. 13, Ln. 67, Sec. 2, Bo’ai Rd., Houyi Vil., West Dist., Chiayi City 600075, Taiwan (R.O.C.)","陳O予","0952373585","","有","有"
"92381218","20240506","20240506","杉杉企業社","Shanshan yoyi COMPANY","嘉義市東區興安里興安街１２３巷１３號一樓","1 F., No. 13, Ln. 123, Xing’an St., Xing’an Vil., East Dist., Chiayi City 600043, Taiwan (R.O.C.)","陳O揚","05-2751050","","有","有"
"92381646","20240402","20240402","大昕企業","DA XIN CO.","嘉義市西區湖內里民生南路１０００號四樓之２３","4 F.-23, No. 1000, Minsheng S. Rd., Hunei Vil., West Dist., Chiayi City 600020, Taiwan (R.O.C.)","陳O祥","","","無","無"
"92381913","20230217","20231024","廣咸豐企業社","G. X. F. Evermore Firm","嘉義縣大林鎮東林里東榮街４７巷１０號1樓","1 F., No. 10, Ln. 47, Dongrong St., Donglin Vil., Dalin Township, Chiayi County 622002, Taiwan (R.O.C.)","梁O嘉","0911746001","","有","有"
"92382130","20240828","20240828","天地繻故工作室","T.DLG Studio","嘉義縣中埔鄉隆興村廍後路6-15號","No. 6-15, Buhou, Zhongpu Township, Chiayi County 606008, Taiwan (R.O.C.)","楊O蒔","0988318722","","有","有"
"92382960","20231123","20231123","玖壹伍企業社","915 Company","嘉義縣中埔鄉和美村29鄰中山新邨424號","No. 424, Zhongshan New Vil., 29th Neighborhood, Hemei Vil., Zhongpu Township, Chiayi County , Taiwan (R.O.C.)","黃O瑋","0935664489","","有","有"
"92382981","20231123","20231123","秋風企業社","CHIUFENG COMPANY","嘉義縣中埔鄉和美村29鄰中山新邨424號","No. 424, Zhongshan New Vil., 29th Neighborhood, Hemei Vil., Zhongpu Township, Chiayi County 606, Taiwan (R.O.C.)","陳O秋","0909050206","","有","有"
"92383829","20231224","20231224","辛鮮食品","Sin Sian Company","嘉義縣太保市麻寮里麻太路１３號","No. 13, Matai Rd., Maliao Vil., Taibao City, Chiayi County 612012, Taiwan (R.O.C.)","朱O成","","","有","有"
"92383877","20230507","20230507","品尚生活商行","PIN SHANG Company","嘉義縣番路鄉新福村6鄰大庄9之5號一樓","1F., No. 9-5, Dazhuang, 6th Neighborhood, Xinfu Vil., Fanlu Township, Chiayi County , Taiwan (R.O.C.)","劉O綺","0911462928","","有","有"
"92384073","20230619","20240925","伍吉來企業社","WUJILAI Enterprise co.","嘉義縣朴子市安福里山通路１０之１號4樓","4 F., No. 10-1, Shantong Rd., Anfu Vil., Puzi City, Chiayi County 613003, Taiwan (R.O.C.)","陳O瑞","0937617539","","有","有"
"92384469","20230516","20230516","畜財國際商行","chu cai Co.","嘉義縣朴子市佳禾里苦瓜寮１５-１號1樓","1 F., No. 15-1, Kugualiao, Jiahe Vil., Puzi City, Chiayi County 613012, Taiwan (R.O.C.)","沈O毅","0984326325","","有","有"
"92384708","20240410","20240410","丁元企業社","Yin Gxin Enterprise Co.","嘉義縣新港鄉三間村7鄰三間厝156號1樓","1 F., No. 156, Sanjiancuo, 7th Neighborhood, Xingang Township, Chiayi County 616002, Taiwan (R.O.C.)","吳O純","","","無","無"
"92384812","20240726","20240726","鴻影藝電工作室","MSC Studio","嘉義縣民雄鄉豐收村好收１９-４號1樓","1 F., No. 19-4, Haoshou, Minxiong Township, Chiayi County 621004, Taiwan (R.O.C.)","蔡O諺","","","有","有"
"92384897","20240530","20250115","昕旺農產行","Xinwang Agricultural Firm","嘉義縣民雄鄉中和村原吉仔１-１２號一樓","1 F., No. 1-12, Yuanjizai, Minxiong Township, Chiayi County 621013, Taiwan (R.O.C.)","何O家","0930719681","","有","有"
"92386473","20241129","20241129","亞航企業社","Ya Hang Firm","嘉義縣新港鄉溪北村溪北１３５號","No. 135, Xibei, Xingang Township, Chiayi County 616003, Taiwan (R.O.C.)","江O旋","0966897957","","有","有"
"92386564","20230628","20230628","木辰企業社","MUCHEN FURNITURE CO.","嘉義縣大林鎮平林里下潭底１９-１號1樓","1 F., No. 19-1, Xiatandi, Pinglin Vil., Dalin Township, Chiayi County 622007, Taiwan (R.O.C.)","謝O穎","05-5972674","","有","有"
"92387064","20240117","20240117","躍升金工程行","YUE SHENG JIN ENGINEERING COMPANY","嘉義縣朴子市開元路176號","No. 176, Kaiyuan Rd., Puzi City, Chiayi County 613003, Taiwan (R.O.C.)","楊O慧","0909937965","","無","無"
"92387439","20230808","20230808","賀雅商行","HE YA Firm","嘉義縣溪口鄉本厝村厝子26號1樓","1 F., No. 26, Cuozi, Xikou Township, Chiayi County 623016, Taiwan (R.O.C.)","邱O傑","0900480965","","有","有"
"92388015","20230830","20230830","德豐輪胎企業社","DEFEND TIRES COMPANY.","嘉義縣大林鎮中林里14鄰中林１６１之８號一樓","1 F., No. 161-8, Zhonglin, 14th Neighborhood, Dalin Township, Chiayi County 622007, Taiwan (R.O.C.)","李O碩","05-2657600","05-2657600","有","有"
"92389149","20201104","20230927","荺螢實業社","YUN YING E-COMMERCE COMPANY","嘉義縣民雄鄉福權村福權188號1樓","1 F., No. 188, Fuquan, Minxiong Township, Chiayi County 62151, Taiwan (R.O.C.)","張O螢","0989675567","","有","有"
"92389324","20250421","20250421","和富貿易商行","HE FU Trading Company","嘉義縣太保市安仁里棒球三街156號2樓之3","2 F.-3, No. 156, Bangqiu 3rd St., Anren Vil., Taibao City, Chiayi County 612009, Taiwan (R.O.C.)","蔡O和","0975012957","","有","有"
"92389485","20231012","20231012","福溱農產行","La Moda Co.","嘉義縣民雄鄉保生街３-１號5樓","5 F., No. 3-1, Baosheng St., Minxiong Township, Chiayi County 621001, Taiwan (R.O.C.)","陳O如","0933925677","","有","有"
"92390764","20231116","20231116","祐橙商行","Prosperity Youcheng Firm","嘉義縣民雄鄉西昌村5鄰竹子腳65號之1","No. 65-1, Zhuzijiao,  Minxiong Township, Chiayi County 621010, Taiwan (R.O.C.)","張O僖","0982319475","","有","有"
"92392094","20240716","20240716","點點商行","DDKIDS Company","嘉義縣中埔鄉塩舘村下庄仔55號一樓","1 F., No. 55, Xiazhuangzai, Zhongpu Township, Chiayi County 606004, Taiwan (R.O.C.)","沈O婷","0929381120","","有","有"
"92393657","20230204","20230209","鳳凰賽車場","PHOENIX RACING CO.","屏東縣東港鎮鵬灣大道二段1號","No. 1, Sec. 2, Pengwan Blvd., Donggang Township, Pingtung County 928009, Taiwan (R.O.C.)","沈O萍","0939531011","","有","有"
"92397555","20230216","20230216","白牙商行","HUSKYXWOLF Co.","臺南市東區小東里東興路282號2樓","2 F., No. 282, Dongxing Rd., Xiaodong Vil., East Dist., Tainan City 701019, Taiwan (R.O.C.)","陳O蓉","0916797376","","有","有"
"92399646","20240123","20240123","小夥伴包材行","PARTNER PACKAGING MATERIALS CO.","臺南市柳營區大農里義士路一段262巷128弄1號1樓","1 F., No. 1, Aly. 128, Ln. 262, Sec. 1, Yishi Rd., Danong Vil., Liuying Dist., Tainan City 736004, Taiwan (R.O.C.)","呂O琴","","","有","有"
"92404373","20240920","20240920","台灣野生動物學會","Taiwan Wildlife Society","屏東縣屏東市民強街一號四樓","4th Floor, No. 1, Min-Chiang Street, Pingtung City, Pingtung 90051, Taiwan.","裴O騏","0921233949","","有","有"
"92408504","20040506","20210811","豐盛米行","FENG-SHENG RICE SHOP","屏東縣潮州鎮光華里光華路２２０號","No. 220, Guanghua Rd., Guanghua Vil., Chaozhou Township, Pingtung County 92045, Taiwan (R.O.C.)","蔡O德","08-7896756","","有","有"
"92408814","20250506","20250506","昕原企業社","SIN YUAN Company","屏東縣佳冬鄉昌隆村中正路１５之１２號","No. 15-12, Zhongzheng Rd., Changlong Vil., Jiadong Township, Pingtung County 931010, Taiwan (R.O.C.)","邱O霏","0932744439","","有","有"
"92408835","20230410","20230410","小優舖","Hsiao Yu Pu Company","屏東縣屏東市永安里合作街８３號","No. 83, Hezuo St., Yong’an Vil., Pingtung City, Pingtung County 900044, Taiwan (R.O.C.)","李O宗","0984248998","","無","無"
"92409089","20230502","20230502","速波企業社","SUBO COMPANY","屏東縣里港鄉潮厝村潮厝路22號1樓","1 F., No. 22, Chaocuo Rd., Ligang Township, Pingtung County 905002, Taiwan (R.O.C.)","張O維","0921424566","","無","無"
"92409285","20241119","20241119","楊植國際企業社","Yang Zhi International Company","屏東縣屏東市海豐里海豐230之1號1樓","1 F., No. 230-1, Haifeng, Pingtung City, Pingtung County 900062, Taiwan (R.O.C.)","周O","","","有","有"
"92410776","20250508","20250508","玄達企業社","Xuanda Trading Company","屏東縣萬丹鄉加興村加發路３５號1樓","1 F., No. 35, Jiafa Rd., Wandan Township, Pingtung County 913008, Taiwan (R.O.C.)","黃O芸","","","有","有"
"92410826","20230510","20230510","笑希希企業社","Grinning Company","屏東縣屏東市信和里金城街９８之５號1樓","1 F., No. 98-5, Jincheng St., Xinhe Vil., Pingtung City, Pingtung County 900061, Taiwan (R.O.C.)","林O志","0977416561","","有","有"
"92411070","20250509","20250509","炫宇企業社","Xuanyu Trading Company","屏東縣屏東市瑞光里民生路５７巷４５號1樓","1 F., No. 45, Ln. 57, Minsheng Rd., Ruiguang Vil., Pingtung City, Pingtung County 900005, Taiwan (R.O.C.)","柯O伍","","","有","有"
"92411141","20230508","20230508","草銘森飾企業社","Tsao Min Sen Shih Company","屏東縣屏東市潭墘里潭墘18號1樓","1 F., No. 18, Tanqian, Pingtung City, Pingtung County 900066, Taiwan (R.O.C.)","黃O淳","06-3023177","","有","有"
"92411162","20230619","20230619","電力喵維修企業社","powercatfix Co.","屏東縣屏東市公園里自由路303號1樓","1 F., No. 303, Ziyou Rd., Gongyuan Vil., Pingtung City, Pingtung County 900027, Taiwan (R.O.C.)","陳O慶","08-7365656","","有","有"
"92412015","20230512","20230512","完美寵生活商行","PAWFECT Co.","屏東縣屏東市中正路２５６號","No. 256, Zhongzheng Rd., Pingtung City, Pingtung County 900013, Taiwan (R.O.C.)","陳O姗","08-7380999","","有","有"
"92412367","20230519","20230519","東川企業社","Eastern River Co.","屏東縣鹽埔鄉鹽中村中山路117-1號","No. 117-1, Zhongshan Rd., Yanpu Township, Pingtung County 907105, Taiwan (R.O.C.)","呂O傑","0983479126","","無","無"
"92412802","20240313","20250606","天月企業社","skymoon Company","屏東縣竹田鄉鳳明村鳳安路１８巷９２號","No. 92, Ln. 18, Feng'an Rd., Fengming Vil., Zhutian Township,  Pingtung County 911161, Taiwan (R.O.C.)","洪O智","08-7891257","","有","有"
"92413181","20231128","20250417","洛銘企業社","LUMING Co.","新北市三重區永福街283之2號9樓","9 F., No. 283-2, Yongfu St., Sanchong Dist., New Taipei City 241701, Taiwan (R.O.C.)","劉O玄","0908096021","","有","有"
"92413204","20030923","20210812","寶昌餅店","BAO CHAN CO.","屏東縣潮州鎮新榮里信義路二七號壹樓","No. 27, Xinyi Rd., Xinrong Vil., Chaozhou Township, Pingtung County 92045, Taiwan (R.O.C.)","柳O碧雲","08-789-8723","","有","有"
"92414581","20230703","20230703","狐說茶酒展業","Fox Say Tea Liqueur Co.","屏東縣屏東市大同里上海路２６號","No. 26, Shanghai Rd., Datong Vil., Pingtung City, Pingtung County 900012, Taiwan (R.O.C.)","許O翔","0931991303","08-7344388","有","有"
"92414843","20230628","20230628","獅子咪生活百貨商行","Lion Mi Life Department Store","屏東縣屏東市永安里自立南路164巷10號1樓","1 F., No. 10, Ln. 164, Zili S. Rd., Yong’an Vil., Pingtung City, Pingtung County 900046, Taiwan (R.O.C.)","陳O涵","0925787750","","有","有"
"92415548","20230905","20230905","耀鴻企業社","Houng Shi Xian Co.","屏東縣屏東市大同里上海路42號3樓","3 F., No. 42, Shanghai Rd., Datong Vil., Pingtung City, Pingtung County 900012, Taiwan (R.O.C.)","洪O賢","0932833579","","有","有"
"92417927","20230810","20230810","麥克斯蕭工作室","Maxaw Field Co.","屏東縣枋寮鄉臨海路３０號","No. 30, Linhai Rd., Fangliao Township, Pingtung County 940001, Taiwan (R.O.C.)","鄭O云","0958587528","","有","有"
"92420021","20250227","20250227","樂乙無限商行","LoveYi Infinity Store","屏東縣里港鄉玉田村仁智街２８號一樓","1 F., No. 28, Renzhi St., Ligang Township, Pingtung County 905002, Taiwan (R.O.C.)","黃O乙","","","有","有"
"92420726","20241120","20241120","農運企業社","NONG YUN COMPANY","屏東縣新埤鄉萬隆村平山路１６號1樓","1 F., No. 16, Pingshan Rd., Xinpi Township, Pingtung County 925023, Taiwan (R.O.C.)","潘O芳","","","有","有"
"92421083","20230921","20230921","和信貿易企業社","HO HSIN TRADING Company","屏東縣新園鄉瓦磘村四環路１０-４號","No. 10-4, Sihuan Rd., Xinyuan Township, Pingtung County 932013, Taiwan (R.O.C.)","陳O霞","08-7897033","","有","有"
"92421823","20231006","20231006","世遠國際貿易企業社","SHI YUAN INTERNATIONAL COMPANY","屏東縣潮州鎮永春里北平路４８號1樓","1 F., No. 48, Beiping Rd., Yongchun Vil., Chaozhou Township, Pingtung County 920002, Taiwan (R.O.C.)","莊O雪","0927632368","","有","有"
"92421838","20231006","20231006","天和仁國際貿易企業社","TIAN HE REN INTERNATIONAL COMPANY","屏東縣潮州鎮永春里北平路４８號1樓","1 F., No. 48, Beiping Rd., Yongchun Vil., Chaozhou Township, Pingtung County 920002, Taiwan (R.O.C.)","莊O仁","0927632368","","有","有"
"92422506","20231108","20231108","小農夫資材行","Small farmer supplies Hang","屏東縣麟洛鄉新田村民族路新興巷5號","No. 5, Xinxing Ln., Minzu Rd., Linluo Township, Pingtung County 909143, Taiwan (R.O.C.)","范O屏","0955826541","","有","有"
"92422978","20240611","20240611","量子數據實業社","Quantum Data Industrial Company","屏東縣屏東市崇蘭里自由路７３８巷２號3樓","3 F., No. 2, Ln. 738, Ziyou Rd., Chonglan Vil., Pingtung City, Pingtung County 900068, Taiwan (R.O.C.)","洪O銘","","","無","無"
"92423836","20231207","20231207","檸距梨工作室","Ningjuli Studio Co.","屏東縣鹽埔鄉新圍村德一街５號","No. 5, De 1st St., Yanpu Township, Pingtung County 907106, Taiwan (R.O.C.)","陳O昇","0975189550","","有","有"
"92424498","20250312","20250312","東昇活海產","TUNG-SHENG SEAFOOD Store","嘉義縣東石鄉鰲鼓村1鄰55號","No. 55, Aogu, 1st Neighborhood, Dongshi Township, Chiayi County 614003, Taiwan (R.O.C.)","蔡O昇","","","有","有"
"92428142","20250411","20250411","福藝閣家居館","Fuyige Home Furnishings Company","臺東縣臺東市建農里知本路一段６００巷１９號","No. 19, Ln. 600, Sec. 1, Zhiben Rd., Jiannong Vil., Taitung City, Taitung County 950102, Taiwan (R.O.C.)","賈O峯","","","有","有"
"92428641","20230620","20230726","嘉馨緣蔬膳坊","ALOHA POKE' COMPANY","臺東縣臺東市建農里大學路二段３６９號","No. 369, Sec. 2, University Road, Jiannong Vil., Taitung City, Taitung County 950309, Taiwan (R.O.C.)","邱O嘉","0909955545","","有","有"
"92433406","20240124","20240124","阿虎企業社","A E HU QI YE SHE Co.","臺東縣卑南鄉初鹿村初鹿二街９５巷６號","No. 6, Ln. 95, Chulu 2nd St., Beinan Township, Taitung County 954001, Taiwan (R.O.C.)","林O耀","","","無","無"
"92434123","20241004","20241004","允好包裝場","YUNHAO PACKAGING FACTORY","臺東縣臺東市南王里更生北路７０９巷９０號","No. 90, Ln. 709, Gengsheng N. Rd., Nanwang Vil., Taitung City, Taitung County 950026, Taiwan (R.O.C.)","陳O偉萍","0937-390030","","有","有"
"92436255","20240320","20240320","旺家庄企業社","WangJiaZhuang Co.","臺東縣臺東市建農里知本路一段４５０號","No. 450, Sec. 1, Zhiben Rd., Jiannong Vil., Taitung City, Taitung County 950102, Taiwan (R.O.C.)","呂O翰","0983054052","","有","有"
"92438459","20230524","20230524","頻果衣櫥工作室","PIN GUO YI CHU Co.","臺南市東區德高里仁和路139巷100號1樓","1 F., No. 100, Ln. 139, Renhe Rd., Degao Vil., East Dist., Tainan City 701034, Taiwan (R.O.C.)","陳O頻","06-2677000","","有","有"
"92441406","20031002","20210811","有順煤氣行","YOU SHUNN CO.","屏東縣枋山鄉善餘村德隆路115之1號","No. 115-1, Delong, Fangshan Township, Pingtung County 94151, Taiwan (R.O.C.)","鄭O玲","08-8771106","","有","有"
"92443404","20231102","20231102","凱修維修行","Kaixiu Maintenance Company","臺南市東區小東里東平路250之3號","No. 250-3, Dongping Rd., Xiaodong Vil., East Dist., Tainan City 701041, Taiwan (R.O.C.)","楊O中","0988683807","","有","有"
"92443565","20230708","20230708","全福豐企業社","Quan fu feng Factory","臺南市安南區溪心里仁安一街223號1樓","No. 223, Ren’an 1st St., Xixin Vil., Annan Dist., Tainan City 709020, Taiwan (R.O.C.)","陳O昇","06-2552169","06-2453163","有","有"
"92443805","20230613","20230613","尚彬企業社","SHANG PIN Enterprise Society Co.","臺南市北區公園里成功路2號4樓之5","4 F.-5, No. 2, Chenggong Rd., Gongyuan Vil., North Dist., Tainan City 704003, Taiwan (R.O.C.)","林O斌","0909411823","","無","無"
"92443811","20230626","20230626","木新工程行","MU HSIN project Co.","臺南市安平區平通里慶平路539號17樓之16","17 F.-16, No. 539, Qingping Rd., Pingtong Vil., Anping Dist., Tainan City 708010, Taiwan (R.O.C.)","吳O宇","0966249354","","無","無"
"92443853","20230815","20230815","劉哥茶舖","Liu ge cha pu Co.","臺南市東區文聖里裕信路179號1樓","1 F., No. 179, Yuxin Rd., Wensheng Vil., East Dist., Tainan City 701023, Taiwan (R.O.C.)","劉O宏","06-3311359","","有","有"
"92443880","20230531","20230531","德律企業社","DELU HOME Co.","臺南市永康區龍埔里龍中街419號1樓","1 F., No. 419, Longzhong St., Longpu Vil., Yongkang Dist., Tainan City 710036, Taiwan (R.O.C.)","黃O豪","06-2311220","06-2019680","有","有"
"92443967","20250506","20250506","櫻萄商行","YINGTAO Company","臺南市善化區光文里光華路128巷9號","No. 9, Ln. 128, Guanghua Rd., Guangwen Vil., Shanhua Dist., Tainan City 741001, Taiwan (R.O.C.)","黃O婷","","","有","有"
"92445655","20230831","20230831","沃德商行","Ward Trading Company","臺南市永康區成功里中華路144之1號地下一層","No. 144-1, Zhonghua Rd., Chenggong Vil., Yongkang Dist., Tainan City 710029, Taiwan (R.O.C.)","張O炎","09-70703060","","有","有"
"92445698","20230612","20231027","飾妮企業社","SHENI Shop","臺南市安平區國平里健康三街150號14樓之3","14 F.-3, No. 150, Jiankang 3rd St., Guoping Vil., Anping Dist., Tainan City 708008, Taiwan (R.O.C.)","黃O涵","0905598385","","無","無"
"92445901","20230711","20230711","鉅原科技企業社","Juyuan Technology Company","臺南市仁德區保安里保學路17號1樓","1F., No. 17, Baoxue Rd., Rende Dist., Tainan City 717010 , Taiwan (R.O.C.)","葉O廷","0922-125961","","無","無"
"92446508","20230609","20230609","威翰企業社","WickHam CO.","臺南市東區裕聖里裕信六街110號1樓","1 F., No. 110, Yuxin 6th St., East Dist., Tainan City 701023, Taiwan (R.O.C.)","黃O德","062012869","","有","有"
"92446520","20230627","20240924","底迦飲品","Di Jia Yin Pin Shop","臺南市東區忠孝里崇明路354號1樓","1 F., No. 354, Chongming Rd., Zhongxiao Vil., East Dist., Tainan City 701007, Taiwan (R.O.C.)","王O婷","0916200753","","有","有"
"92447540","20240415","20240415","花田雪室商行","FNS TRADING COMPANY","臺南市南區明德里大成路1段96號1樓","1 F., No. 96, Sec. 1, Dacheng Rd., Mingde Vil., South Dist., Tainan City 702031, Taiwan (R.O.C.)","陳O杏","0933606198","","無","無"
"92447577","20241231","20241231","馬太企業商行","Matthew Enterprise Company","臺南市永康區大橋里大橋三街203號","No. 203, Daqiao 3rd St., Daqiao Vil., Yongkang Dist., Tainan City 710008, Taiwan (R.O.C.)","向O俊","","","有","有"
"92447648","20230615","20230615","佳哲貿易企業社","UNITON TECH. COMPANY","臺南市安南區鳳凰里安中路1段560巷7弄7號","No. 7, Aly. 7, Ln. 560, Sec. 1, Anzhong Rd., Fenghuang Vil., Annan Dist., Tainan City 709024, Taiwan (R.O.C.)","謝O瑾","06-2455697","","有","有"
"92447730","20231004","20231004","撒種企業社","Seedling enterprise Company","臺南市仁德區太子里大吉路5號","No. 5, Daji Rd., Taizi Vil., Rende Dist., Tainan City 717020, Taiwan (R.O.C.)","曾O妍","06-2646040","","有","有"
"92448175","20230703","20230703","璀寶商店","Treasures Of The World Shop","臺南市北區大興里北門路2段258號6樓","6F, No 258 Beimen Road Sec. 2, 704 TAINAN","AOthuOPlouet","","","有","有"
"92448288","20230710","20230710","杰興國際貿易商行","JieXing International Trade Co.","臺南市下營區下營里民權一街80號1樓","1F., No. 80, Minquan 1st St., Xiaying Vil., Xiaying Dist., Tainan City 735006, Taiwan (R.O.C.)","林O緯","09-84214728","","無","無"
"92448652","20230713","20230713","洁典企業社","JIEDIAN COMPANY","臺南市安南區新順里頂安街153號1樓","1 F., No. 153, Ding’an St., Xinshun Vil., Annan Dist., Tainan City 709004, Taiwan (R.O.C.)","陳O臻","0958407141","","有","有"
"92449131","20230704","20230904","米可生活館","Mico Store","臺南市東區龍山里長榮路1段256號10樓之7","10 F.-7, No. 256, Sec. 1, Changrong Rd., Longshan Vil., East Dist., Tainan City 701037, Taiwan (R.O.C.)","余O紘","04-24715383","","無","無"
"92449408","20240723","20240723","台爬企業社","TW reptile Shop","臺南市北區公園里公園南路65號9樓之1","9 F.-1, No. 65, Gongyuan S. Rd., Gongyuan Vil., North Dist., Tainan City 704009, Taiwan (R.O.C.)","許O均","","","有","有"
"92450002","20230703","20230703","捷陞數位技術企業社","Jason Digital Technology Co.","臺南市東區富強里裕農路520號3樓","3 F., No. 520, Yunong Rd., Fuqiang Vil., East Dist., Tainan City 701011, Taiwan (R.O.C.)","高O蓉","0931058311","","有","有"
"92450903","20230719","20230719","爵儷鐘錶商行","JUELI WATCH Store","臺南市安南區新順里安和路3段97號1樓","1 F., No. 97, Sec. 3, Anhe Rd., Xinshun Vil., Annan Dist., Tainan City 709029, Taiwan (R.O.C.)","黃O浬","06-3562947","06-3139538","有","有"
"92451234","20230721","20230721","沛紳實業社","Full Bright Company","臺南市永康區二王里中山南路544巷67弄15號","No. 15, Aly. 67, Ln. 544, Zhongshan S. Rd., Erwang Vil., Yongkang Dist., Tainan City 710031, Taiwan (R.O.C.)","謝O娟","0903129054","","有","有"
"92451760","20240730","20240730","植得栽園藝","zdz garden Studio","臺南市安定區港尾里港子尾94之1號","No. 94-1, Gangziwei, Gangwei Vil., Anding Dist., Tainan City 745006, Taiwan (R.O.C.)","鄭O彥","0926968650","","有","有"
"92451831","20230803","20230803","鉦夯國際企業社","Aniki  internationalization Company","臺南市安平區建平里府前路2段500號","No. 500, Sec. 2, Fuqian Rd., Jianping Vil., Anping Dist., Tainan City 708007, Taiwan (R.O.C.)","劉O良","0975528539","","有","有"
"92452037","20230828","20230828","拉奇樂園","Lucky Monkey Co.","臺南市北區成德里西門路4段119號1樓","1 F., No. 119, Sec. 4, Ximen Rd., Chengde Vil., North Dist., Tainan City 704008, Taiwan (R.O.C.)","楊O憲","06-2519519","","無","無"
"92452542","20230727","20230727","馳峰通訊行","chifengcommunications Shop","臺南市東區崇成里崇德路635號1樓","1 F., No. 635, Chongde Rd., Chongcheng Vil., East Dist., Tainan City 701033, Taiwan (R.O.C.)","吳O礽","0958778095","","有","有"
"92452992","20230829","20230829","邦德行","Bonder animal tech Co.","臺南市中西區淺草里金華路3段230號3樓之1","3 F.-1, No. 230, Sec. 3, Jinhua Rd., Qiancao Vil., West Central Dist., Tainan City 700002, Taiwan (R.O.C.)","李O樺","0919308797","","無","無"
"92453063","20230802","20230802","樺寧企業社","HUA NING ENTERPRISE CO.","臺南市關廟區深坑里南雄路一段475號1樓","1 F., No. 475, Sec. 1, Nanxiong Rd., Guanmiao Dist., Tainan City 718, Taiwan (R.O.C.)","張O寧","0912341119","","有","有"
"92453726","20231210","20240620","旭暘企業社","Xuyang company","臺南市永康區崑山里大灣路788號1樓","1 F., No. 788, Dawan Rd., Kunshan Vil., Yongkang Dist., Tainan City 710030, Taiwan (R.O.C.)","曾O村","","","有","有"
"92454400","20230804","20240531","弘一商行","HONG EI CO.","臺南市永康區勝利里勝利街197巷37弄18號","No. 18, Aly. 37, Ln. 197, Shengli St., Shengli Vil., Yongkang Dist., Tainan City 710013, Taiwan (R.O.C.)","劉O宜","0929181682","","有","有"
"92454561","20240409","20240514","馬可企業商行","Marco Enterprise Trading Company","臺南市永康區大橋里大橋三街203號","No. 203, Daqiao 3rd St., Daqiao Vil., Yongkang Dist., Tainan City 710008, Taiwan (R.O.C.)","吳O銓","","","有","有"
"92454582","20240103","20240103","東合企業社","OrientLink Company","臺南市南區省躬里省躬三街165巷 6弄14號1樓","1 F., No. 14, Aly. 6, Ln. 165, Shenggong 3rd St., Shenggong Vil., South Dist., Tainan City 702027, Taiwan (R.O.C.)","陳O","","","有","有"
"92455007","20230811","20230811","米桔實業社","Miju International Co.","臺南市中西區兌悅里臨安路1段168號1樓","1 F., No. 168, Sec. 1, Lin’an Rd., Duiyue Vil., West Central Dist., Tainan City 700018, Taiwan (R.O.C.)","史O姿","06-2210088","","有","有"
"92455169","20230922","20230922","睛悅光學企業社","Eyelike Company","臺南市中西區西賢里西賢一街187巷10號1樓","1 F., No. 10, Ln. 187, Xixian 1st St., Xixian Vil., West Central Dist., Tainan City 700020, Taiwan (R.O.C.)","陳O錚","0988100600","","有","有"
"92455251","20250527","20250527","宏宇數碼工作室","Hong Yu Digital Studio","臺南市新化區東榮里信義路169號9樓之7","9 F.-7, No. 169, Xinyi Rd., Dongrong Vil., Xinhua Dist., Tainan City 712002, Taiwan (R.O.C.)","范O宇","","","有","有"
"92455463","20241231","20241231","睿文商行","Rui Wen Trading Company","臺南市永康區大橋里大橋三街203號","No. 203, Daqiao 3rd St., Daqiao Vil., Yongkang Dist., Tainan City 710008, Taiwan (R.O.C.)","張O文","","","有","有"
"92455560","20240508","20240508","日寶珠寶行","COMFO JEWELRY Co.","臺南市東區富強里中華東路2段226巷27弄13號8樓","8 F., No. 13, Aly. 27, Ln. 226, Sec. 2, Zhonghua E. Rd., Fuqiang Vil., East Dist., Tainan City 701044, Taiwan (R.O.C.)","蘇O宙","0911962653","","有","有"
"92455604","20250609","20250609","永羣沉香坊","YUNG-CHUN AGARWOOD COMPANY","臺南市東山區東山里東山242之13號","No. 242-13, Dongshan, Dongshan Dist., Tainan City 733003, Taiwan (R.O.C.)","楊O敬","0910755256","","有","有"
"92455647","20250226","20250226","凱繹企業社","EASYGO SHOES Co.","臺南市安南區安西里安通路4段47巷23弄30號1樓","1 F., No. 30, Aly. 23, Ln. 47, Sec. 4, Antong Rd., Anxi Vil., Annan Dist., Tainan City 709038, Taiwan (R.O.C.)","葉O茵","0911655578","","有","有"
"92455843","20241011","20241011","樹大企業社","TREE.B COMPANY","臺南市中西區五條港里西門路2段389號8樓","8 F., No. 389, Sec. 2, Ximen Rd., West Central Dist., Tainan City 700014, Taiwan (R.O.C.)","黃O睿","0986289783","","有","有"
"92455935","20230821","20250212","萬一企業社","WANYI INTERNATIONAL COMPANY","臺南市東區東光里莊敬路58巷19號1樓","1 F., No. 19, Ln. 58, Zhuangjing Rd., Dongguang Vil., East Dist., Tainan City 701026, Taiwan (R.O.C.)","姚O宏","0921026982","","有","有"
"92455956","20230816","20230816","百綠金金屬商行","Bailu Gold Co.","臺南市安南區砂崙里城北路871巷55弄30號","No. 30, Aly. 55, Ln. 871, Chengbei Rd., Shalun Vil., Annan Dist., Tainan City 709008, Taiwan (R.O.C.)","鄭O凱","0989996623","","有","有"
"92456625","20230901","20241122","馨睿通訊行","Xinrui Communications CO.","臺南市安南區州南里安和路4段247號1樓","1 F., No. 247, Sec. 4, Anhe Rd., Zhounan Vil., Annan Dist., Tainan City 709036, Taiwan (R.O.C.)","許O誠","0912967812","","有","有"
"92457048","20230828","20230828","方木子工作室","Fang Li Studio","臺南市中西區城隍里民權路1段243號4樓","4 F., No. 243, Sec. 1, Minquan Rd., Chenghuang Vil., West Central Dist., Tainan City 700008, Taiwan (R.O.C.)","方O文","06-5801023","","有","有"
"92457053","20241210","20241210","佳亨商行","Jiaheng Co.","臺南市安南區原佃里本原街1段188巷6弄10號","No. 10, Aly. 6, Ln. 188, Sec. 1, Benyuan St., Yuandian Vil., Annan Dist., Tainan City 709037, Taiwan (R.O.C.)","呂O諺","","","有","有"
"92457119","20240131","20240131","嘉渝企業社","JIA YU WHOLESALE CO.","臺南市安南區媽祖宮里科技公園大道15號1樓","1 F., No. 15, Kejigongyuan Blvd., Annan Dist., Tainan City 709407, Taiwan (R.O.C.)","謝O玲","06-3843311","06-3843323","有","有"
"92457151","20231220","20240617","聚鑫國際企業社","Juxin International Enterprise Co.","屏東縣屏東市楠樹里廈門街８７號2樓","2 F., No. 87, Xiamen St., Nanshu Vil., Pingtung City, Pingtung County 900006, Taiwan (R.O.C.)","周O賢","","","有","有"
"92457716","20231220","20240617","盛華國際企業社","Shenghua International Enterprise Works","屏東縣屏東市楠樹里廈門街８７號2樓","2 F., No. 87, Xiamen St., Nanshu Vil., Pingtung City, Pingtung County 900006, Taiwan (R.O.C.)","宋O翰","","","有","有"
"92457722","20231220","20240617","聚眾國際企業社","Gather All International Enterprise Co.","屏東縣屏東市楠樹里廈門街８７號2樓","2 F., No. 87, Xiamen St., Nanshu Vil., Pingtung City, Pingtung County 900006, Taiwan (R.O.C.)","王O祥","","","有","有"
"92457737","20231220","20240420","豪鑫國際企業社","Haoxin International Enterprise Co.","屏東縣屏東市楠樹里廈門街８７號2樓","2 F., No. 87, Xiamen St., Nanshu Vil., Pingtung City, Pingtung County 900006, Taiwan (R.O.C.)","謝O諺","","","有","有"
"92458166","20230828","20230828","東興石材","DONGXING STONE CO.","臺南市佳里區文新里長安街78之2號5樓之2","5 F.-2, No. 78-2, Chang’an St., Wenxin Vil., Jiali Dist., Tainan City 722006, Taiwan (R.O.C.)","蘇O辰","06-6890023","","無","無"
"92458980","20231025","20231025","左右緣企業社","Zuo Yo Yuan Co.","臺南市安平區國平里建平一街189巷78號1樓","1 F., No. 78, Ln. 189, Jianping 1st St., Guoping Vil., Anping Dist., Tainan City 708011, Taiwan (R.O.C.)","歐O韻","06-2983637","","有","有"
"92459123","20230907","20230907","遠岑企業社","AVIDOR VENTURE COMPANY","臺南市北區長興里公園北路153號12樓","12 F., No. 153, Gongyuan N. Rd., Changxing Vil., North Dist., Tainan City 704033, Taiwan (R.O.C.)","蔡O遠","0981034249","","無","無"
"92459329","20230905","20230905","明錫商行","MING SHI COMPANY","臺南市麻豆區油車里油車8之20號1樓","1 F., No. 8-20, Youche, Madou Dist., Tainan City 721001, Taiwan (R.O.C.)","鄭O明","0986757563","","有","有"
"92460058","20231013","20231013","高讚美業商行","GZTW Company","臺南市中西區永華里友愛東街16號1樓","1 F., No. 16, You’ai E. St., Yonghua Vil., West Central Dist., Tainan City 700010, Taiwan (R.O.C.)","蔡O娜","0908552637","","有","有"
"92460260","20231113","20231113","仙草亭飲料店","Grass Jelly Beverage shop","臺南市永康區塩行里新中街202號1樓","1 F., No. 202, Xinzhong St., Yongkang Dist., Tainan City 710026, Taiwan (R.O.C.)","陳O文","06-2538939","","有","有"
"92460418","20240703","20240703","基米花維修實業社","GIMIHUA FIX Studio","臺南市永康區西灣里永華路80號1樓","1 F., No. 80, Yonghua Rd., Xiwan Vil., Yongkang Dist., Tainan City 710040, Taiwan (R.O.C.)","謝O陽","0986554299","","有","有"
"92460846","20230907","20230907","玩具瘋國際企業社","Toyfun Global Co.","臺南市安平區建平里文平路318號14樓之5","14 F.-5, No. 318, Wenping Rd., Jianping Vil., Anping Dist., Tainan City 708007, Taiwan (R.O.C.)","程O如","0921540924","","有","有"
"92461227","20231204","20231204","強豐商鋪","XuChenying Store","臺南市安平區平通里慶平路539號17樓之16","17 F.-16, No. 539, Qingping Rd., Pingtong Vil., Anping Dist., Tainan City 708010, Taiwan (R.O.C.)","許O穎","","","有","有"
"92461514","20231011","20231011","鴻崴商行","hongwei commercial firm","臺南市永康區東灣里民族路181巷1弄30號","No. 30, Aly. 1, Ln. 181, Minzu Rd., Dongwan Vil., Yongkang Dist., Tainan City 710037, Taiwan (R.O.C.)","張O泓","0906450859","","有","有"
"92461726","20230914","20240710","春沐企業社","CHUN-MU COMPANY","臺南市南區文南里中華西路1段109巷2弄5號1樓","1 F., No. 5, Aly. 2, Ln. 109, Sec. 1, Zhonghua W. Rd., Wennan Vil., South Dist., Tainan City 702009, Taiwan (R.O.C.)","劉O仰","06-2685042","","有","有"
"92461731","20230915","20230915","汩汩映畫社","Something Good Studio","臺南市仁德區新田里義林南路421號1樓","1 F., No. 421, Yilin S. Rd., Xintian Vil., Rende Dist., Tainan City 717018, Taiwan (R.O.C.)","王O涵","0932999838","","有","有"
"92461802","20230921","20230921","小緹大作工作室","Small ti big do studio","臺南市中西區西湖里湖美一街21巷2號1樓","1 F., No. 2, Ln. 21, Humei 1st St., Xihu Vil., West Central Dist., Tainan City 700009, Taiwan (R.O.C.)","范O緹","06-2813322","","有","有"
"92461850","20230927","20250212","鯨彩企業社","RAINBOW WHALE INTERNATIONAL COMPANY","臺南市東區東光里莊敬路58巷19號1樓","1 F., No. 19, Ln. 58, Zhuangjing Rd., Dongguang Vil., East Dist., Tainan City 701026, Taiwan (R.O.C.)","張O驗","0921026982","","有","有"
"92461991","20231106","20231106","翔迎工程行","Xiang Ying Engineering Workshop","臺南市新市區大營里豐榮96號1樓","1 F., No. 96, Fengrong, Daying Vil., Xinshi Dist., Tainan City 744010, Taiwan (R.O.C.)","蘇O茹","0978350826","","有","有"
"92462345","20230928","20250212","果醬企業社","JAM JARS INTERNATIONAL COMPANY","臺南市東區東光里莊敬路58巷19號1樓","1 F., No. 19, Ln. 58, Zhuangjing Rd., Dongguang Vil., East Dist., Tainan City 701026, Taiwan (R.O.C.)","張O坤","0921026982","","有","有"
"92462443","20230919","20230919","奇鑫實業社","Chi-Sing Industrial Company","臺南市仁德區成功里成功一街56號1樓","1 F., No. 56, Chenggong 1st St., Chenggong Vil., Rende Dist., Tainan City 717006, Taiwan (R.O.C.)","黃O傑","06-2909331","","有","有"
"92462611","20231007","20240208","金安機電行","Jin An Electric & Mechanic Servic STUDIO","臺南市安南區淵中里安中路4段4巷37號1樓","1 F., No. 37, Ln. 4, Sec. 4, Anzhong Rd., Yuanzhong Vil., Annan Dist., Tainan City 709042, Taiwan (R.O.C.)","郭O信","06-2551139","","有","有"
"92462957","20240103","20240103","織療室","ziliaoshi CO.","臺南市永康區北興里大灣路40巷78弄31號2樓","2 F., No. 31, Aly. 78, Ln. 40, Dawan Rd., Beixing Vil., Yongkang Dist., Tainan City 710022, Taiwan (R.O.C.)","陳O捷","0908377827","","有","有"
"92463077","20231207","20231207","誠實豆沙包團購企業社","Honest Bean Paste Bun Group Buying Enterprise Co.","臺南市北門區北門里北門308號","No. 308, Beimen, Beimen Dist., Tainan City 727008, Taiwan (R.O.C.)","黃O蓁","0975189550","","無","無"
"92464322","20231011","20231011","永鍵企業社","TCYC bestclean Co.","臺南市永康區尚頂里正南一街129巷46弄12號2樓","2 F., No. 12, Aly. 46, Ln. 129, Zhengnan 1st St., Shangding Vil., Yongkang Dist., Tainan City 710006, Taiwan (R.O.C.)","陳O鍵","0931912988","","無","無"
"92465770","20231031","20231031","進益企業社","Jin yi Company","臺南市中西區五條港里普濟街96號2樓","2 F., No. 96, Puji St., West Central Dist., Tainan City 700001, Taiwan (R.O.C.)","黃O銘","","","有","有"
"92465820","20231114","20231114","紅荳生南國商行","Umai G Global Commerce Co.","臺南市中西區淺草里金華路3段230號3樓之1","3 F.-1, No. 230, Sec. 3, Jinhua Rd., Qiancao Vil., West Central Dist., Tainan City 700002, Taiwan (R.O.C.)","洪O智","","","無","無"
"92465981","20241115","20241122","鑫鼎鋒企業社","Sim Dim feng Co.","臺南市仁德區大甲里中正西路398號1樓","1 F., No. 398, Zhongzheng W. Rd., Dajia Vil., Rende Dist., Tainan City 717612, Taiwan (R.O.C.)","盧O軒","0939453439","","有","有"
"92466004","20241231","20250225","媁寧商行","Mei Ning Trading Company","臺南市中西區府前里尊王路132號3樓","3 F., No. 132, Zunwang Rd., Fuqian Vil., West Central Dist., Tainan City 700003, Taiwan (R.O.C.)","李O淮","","","有","有"
"92466503","20231018","20231018","馥嶼國際企業社","FRAGANT ISLAND INTERNATIONAL Co.","臺南市永康區網寮里永大一路202號1樓","1 F., No. 202, Yongda 1st Rd., Wangliao Vil., Yongkang Dist., Tainan City 710049, Taiwan (R.O.C.)","邱O婕","0989161755","","有","有"
"92467257","20231016","20231016","澈方水族","CHE FANG AQUA CO.","臺南市北區文成里文賢路618巷65號1樓","1 F., No. 65, Ln. 618, Wenxian Rd., Wencheng Vil., North Dist., Tainan City 704011, Taiwan (R.O.C.)","林O展","0939855934","","有","有"
"92471055","20231106","20231106","景郁企業社","JING YU TRADING Company","臺南市中西區小西門里府緯街16號4樓之2","4 F.-2, No. 16, Fuwei St., Ximen Vil., West Central Dist., Tainan City 700019, Taiwan (R.O.C.)","陳O維","06-2734647","06-2734769","無","無"
"92471581","20231113","20231113","全樂居統包工程行","grace door Company","臺南市永康區南灣里南興路112巷40弄10號1樓","1 F., No. 10, Aly. 40, Ln. 112, Nanxing Rd., Nanwan Vil., Yongkang Dist., Tainan City 710024, Taiwan (R.O.C.)","許O謙","","","有","有"
"92472147","20231213","20231213","蚵吉霸水產","KEJIBA SEAFOOD CO.","臺南市學甲區秀昌里一秀52之12號1樓","1 F., No. 52-12, Yixiu, Xiuchang Vil., Xuejia Dist., Tainan City 726004, Taiwan (R.O.C.)","劉O均","","","有","有"
"92472316","20250307","20250307","邦妮拼手作工作室","Bonnie Handmade Studio","臺南市安南區溪心里功安四街64巷6號2樓","2 F., No. 6, Ln. 64, Gong'an 4th St., Xixin Vil., Annan Dist., Tainan City 709020, Taiwan (R.O.C.)","謝O怡","0972778901","","有","有"
"92472821","20231109","20231109","宅食尚生活美學工作坊","Home Aesthetics Studio","臺南市永康區龍埔里自強路676巷2號4樓之2","4 F.-2, No. 2, Ln. 676, Ziqiang Rd., Longpu Vil., Yongkang Dist., Tainan City 710036, Taiwan (R.O.C.)","王O予","","","有","有"
"92478780","20230605","20231006","保證責任臺東縣金迦果菜生產合作社","Taitung County Jinjia Harvesters Cooperative for Guaranteed Responsibility","臺東縣臺東市建農里知本路一段７８２號","No. 782, Sec. 1, Zhiben Rd., Jiannong Vil., Taitung City, Taitung County 950102, Taiwan (R.O.C.)","林O憲","0978615109","","有","有"
"92482546","20240702","20240702","有限責任屏東縣永續農業生產合作社","PINGTUNG SUSTAINABLE AGRICULTURE COOPERATIVE","屏東縣東港鎮大潭里大鵬路１００號","No. 100, Dapeng Rd., Datan Vil., Donggang Township, Pingtung County 928009, Taiwan (R.O.C.)","許O仁","08-8320888","08-8322677","有","有"
"92486655","20250307","20250307","福氣燒烤店","OK BBQ Restaurant","澎湖縣馬公市石泉里石泉１之７０７號","No. 1-707, Shiquan, Magong City, Penghu County 880024, Taiwan (R.O.C.)","洪O孝","06-9212822","","有","有"
"92488844","20240416","20240416","有限責任臺南市小善心蔬果運銷合作社","Xiao Shanxin Production Cooperative","臺南市善化區小新里112-5號","No. 112-5, Xiaoxinli, Shanhua District, Tainan City 741, Taiwan (R.O.C.)","許O靜","","","有","有"
"92489082","20231016","20231016","禾日商行","HE-RI HANG","臺南市中西區城隍里北門路1段161巷20號","No. 20, Ln. 161, Sec. 1, Beimen Rd., Chenghuang Vil., West Central Dist., Tainan City 700007, Taiwan (R.O.C.)","梁O欽","0929603345","","有","有"
"92490412","20241225","20241225","壯壯商行","SO FUN SHOP","臺南市北區大和里文賢路685號","No. 685, Wenxian Rd., Dahe Vil., North Dist., Tainan City 704019, Taiwan (R.O.C.)","任O誠","06-2681120","","有","有"
"92492220","20240103","20240806","亨飛企業社","HENG FEI Shop","花蓮縣花蓮市國強里中央路四段４５０號5樓之２","5 F.-2, No. 450, Sec. 4, Zhongyang Rd., Guoqiang Vil., Hualien City, Hualien County 970032, Taiwan (R.O.C.)","曾O德","","","無","無"
"92492235","20221111","20221111","台灣廈工機具商行","Taiwan Xiamen Engineering Machinery Co.","宜蘭縣羅東鎮新群里富農路三段５９巷８９號一樓","1F., NO. 89, LN. 59, SEC. 3, FUNONG RD., LUODONG TOWNSHIP, YILAN COUNTY 265030, TAIWAN (R.O.C.)","林O鋒","03-9602816","03-9602906","有","有"
"92493353","20230210","20230210","宜蘭為客科技企業社","YilanWecarePhoneRepair Studio","宜蘭縣宜蘭市復興里神農路一段１０８號一樓","1 F., No. 108, Shennong Rd., Fuxing Vil., Yilan City, Yilan County 260, Taiwan (R.O.C.)","邱O揚","0956088986","","有","有"
"92493500","20221219","20221219","京展行","JZH Machinery Co.","宜蘭縣五結鄉三興村三結一路9號一樓","1 F., No. 9, Sanjie 1st Rd., Wujie Township, Yilan County 268017, Taiwan (R.O.C.)","劉O豐","03-9501225","03-9604356","有","有"
"92493699","20240916","20240916","幸福承蓁工作室","Happiness Comes True Studio","宜蘭縣冬山鄉三奇村三城路３１巷２號一樓","1 F., No. 2, Ln. 31, Sancheng Rd., Dongshan Township, Yilan County 269031, Taiwan (R.O.C.)","王O楚","+886-968360738","","有","有"
"92493874","20230927","20230927","杋思商行","Weiszleben Company","宜蘭縣冬山鄉群英村育英路160巷13號","No. 13, Ln. 160, Yuying Rd., Dongshan Township, Yilan County 269023, Taiwan (R.O.C.)","陳O元","0986439262","","有","有"
"92493889","20230824","20230824","楷芮企業社","KERY Studio","宜蘭縣五結鄉鎮安村鎮安路63巷36弄26號一樓","1 F., No. 26, Aly. 36, Ln. 63, Zhen’an Rd., Wujie Township, Yilan County 268021, Taiwan (R.O.C.)","賴O美","0912376129","","有","有"
"92493918","20230328","20230328","珂琳特生活百貨","E.L.F Trading Company","宜蘭縣羅東鎮天津路８５號3樓","3 F., No. 85, Tianjin Rd., Luodong Township, Yilan County 265007, Taiwan (R.O.C.)","戴O陵","03-9556983","","有","有"
"92494276","20230221","20230221","果嶺物語企業社","GREEN MONOGATARY CO.","宜蘭縣宜蘭市民權里農權路１０７號一樓","1 F., No. 107, Nongquan Rd., Minquan Vil., Yilan City, Yilan County 260006, Taiwan (R.O.C.)","刁O生","0978-099503","","有","有"
"92494439","20240930","20240930","和川源企業","hoechuanyuan enterprise co.","宜蘭縣宜蘭市思源里女中路三段549號一樓","1 F., No. 549, Sec. 3, Nuzhong Rd., Siyuan Vil., Yilan City, Yilan County 260030, Taiwan (R.O.C.)","曾O添","03-9363398","","有","有"
"92494563","20230412","20230412","以樂豐企業社","JOHO GOODS INTERNATIONAL Co.","宜蘭縣羅東鎮新群里新群北路173巷31號二樓","2 F., No. 31, Ln. 173, Xinqun N. Rd., Xinqun Vil., Luodong Township, Yilan County 265012, Taiwan (R.O.C.)","梁O馨","0939226201","","有","有"
"92495275","20250214","20250214","金澄企業社","CHINCHENG Company","宜蘭縣冬山鄉柯林村長春路242號","No. 242, Changchun Rd., Dongshan Township, Yilan County 269022, Taiwan (R.O.C.)","陳O渝","0975835130","","有","有"
"92497196","20230331","20230331","沁羽冷飲店","Qinyu Cold Drink Shop","宜蘭縣羅東鎮中山里中山路三段３１２號一樓","1 F., No. 312, Zhongshan Rd., Zhongshan Vil., Luodong Township, Yilan County 265, Taiwan (R.O.C.)","林O羽","03-9571157","","有","有"
"92497365","20230308","20230308","全台通國際企業社","ALL TAIWAN INTERNATIONAL Co.","宜蘭縣宜蘭市神農里中山路二段２０２巷５６號四樓","4 F., No. 56, Ln. 202, Zhongshan Rd., Shennong Vil., Yilan City, Yilan County 260, Taiwan (R.O.C.)","詹O貞","0975011326","","無","無"
"92497745","20230317","20230317","安心數位工程行","AN SIN SHUWEI Co.","宜蘭縣三星鄉大隱村三星路二段８３６號1樓","1 F., No. 836, Sec. 2, Sanxing Rd., Sanxing Township, Yilan County 266006, Taiwan (R.O.C.)","宋O政","0908815595","","無","無"
"92497793","20230713","20230713","享享德商行","HER PARIS Trading Co.LTD","宜蘭縣礁溪鄉時潮村塭底路１０８號1樓","1 F., No. 108, Wendi Rd., Jiaoxi Township, Yilan County 262002, Taiwan (R.O.C.)","葉O珊","0955178708","","有","有"
"92499856","20230427","20230427","吉村菓鋪","YOSHIMURA SWEAT Shop","宜蘭縣五結鄉五結村五結中路二段26號二樓","2 F., No. 26, Sec. 2, Wujie Central Rd., Wujie Township, Yilan County 268034, Taiwan (R.O.C.)","邱O峯","03-9502600","","無","無"
"92500262","20240117","20240117","美康企業社","MCOMB COMPANY","宜蘭縣頭城鎮頂埔里頂埔路二段196號一樓","1 F., No. 196, Dingpu Rd., Dingpu Vil., Toucheng Township, Yilan County 261, Taiwan (R.O.C.)","盧O穎","","","有","有"
"92501229","20231124","20231124","為客通訊行","WECARE Mobile Store","宜蘭縣宜蘭市新東里東港路二段２５５號一樓","1 F., No. 255, Sec. 2, Donggang Rd., Xindong Vil., Yilan City, Yilan County 260024, Taiwan (R.O.C.)","周O鋒","039373609","03-9370337","有","有"
"92501298","20250103","20250103","遠洋百貨商行","ocean department Shop","桃園市中壢區興華里長樂街84巷27號(2樓)","2 F., No. 27, Ln. 84, Changle St., Xinghua Vil., Zhongli Dist., Taoyuan City 320062, Taiwan (R.O.C.)","林O婷","","","有","有"
"92505695","20221213","20240308","尚逸車業","ya yu xing Co.","新竹縣峨眉鄉石井村6鄰63號","No. 63, Shijing, 6th Neighborhood, Emei Township, Hsinchu County 315003, Taiwan (R.O.C.)","黃O逸","0988610619","","有","有"
"92505978","20230109","20230109","誠竑企業社","Taiwan Cheng Hong Company","新竹縣竹東鎮上舘里中豐路2段178號1樓","1 F., No. 178, Sec. 2, Zhongfeng Rd., Zhudong Township, Hsinchu County 310014, Taiwan (R.O.C.)","陳O專","886918585870","","有","有"
"92507265","20180411","20210811","福泰企業行","Futai Wood Enterprise Co.","新竹縣關西鎮仁安里5鄰50號之4","No. 50-4, 5th Neighborhood, Ren’an Vil., Guanxi Township, Hsinchu County 306, Taiwan (R.O.C.)","蔡O宏","0988-358863","","有","有"
"92507482","20230203","20230203","柔菈商行","OLALA Studio","新竹縣竹北市竹義里新光街248號1樓","1 F., No. 248, Xinguang St., Zhuyi Vil., Zhubei City, Hsinchu County 302003, Taiwan (R.O.C.)","曾O柔","0972622993","","有","有"
"92507624","20230204","20230204","拾選工作室","Select Boutique Studio","新竹縣竹北市竹北里新瀧一街37號8樓","8 F., No. 37, Xinlong 1st St., Zhubei Vil., Zhubei City, Hsinchu County 302059, Taiwan (R.O.C.)","黃O柔","0918-729734","","有","有"
"92507743","20230213","20230213","簡單指尖藝術工作室","Jedo Studio","新竹縣竹北市新國里新光街86巷4號2樓","2 F., No. 4, Ln. 86, Xinguang St., Xinguo Vil., Zhubei City, Hsinchu County 302003, Taiwan (R.O.C.)","卜O妤","0916513613","","有","有"
"92507954","20230703","20240206","奧笑臉數位科技企業社","Shabby Boy Digital Technology Co.","新竹縣竹北市自強南路372號3樓","3 F., No. 372, Ziqiang S. Rd., Zhubei City, Hsinchu County 302050, Taiwan (R.O.C.)","賴O聖","0919932757","","有","有"
"92508166","20230817","20240404","豪葳企業社","SUMBE Co.","新竹縣關西鎮正義路190巷11號1樓","1 F., No. 11, Ln. 190, Zhengyi Rd., Guanxi Township, Hsinchu County 306001, Taiwan (R.O.C.)","吳O豪","0932514609","","有","有"
"92508834","20241118","20241118","山山林企業社","shanshanlin enterprise co.","新竹縣北埔鄉埔心街2之1號","No. 2-1, Puxin St., Beipu Township, Hsinchu County 314002, Taiwan (R.O.C.)","張O凱","","","有","有"
"92509377","20230316","20230316","釜鑫企業社","FU SIN Co.","新竹縣竹北市縣政九路24號2樓","2 F., No. 24, Xianzheng 9th Rd., Zhubei City, Hsinchu County 302048, Taiwan (R.O.C.)","陳O安","0927537207","","無","無"
"92509382","20230316","20230316","國誡企業社","GUO JIE Co.","新竹縣竹北市縣政九路24號2樓","2 F., No. 24, Xianzheng 9th Rd., Zhubei City, Hsinchu County 302048, Taiwan (R.O.C.)","簡O程","0986521478","","無","無"
"92509432","20231011","20250514","三人虎餐飲店","threetigerkings Company","新竹縣竹北市竹仁里三民路279號1樓","1 F., No. 279, Sanmin Rd., Zhuren Vil., Zhubei City, Hsinchu County 302008, Taiwan (R.O.C.)","林O龍","03-5550012","","有","有"
"92509812","20230316","20230316","鋒菲企業社","FONG FEI Co.","新竹縣竹北市縣政九路24號2樓","2 F., No. 24, Xianzheng 9th Rd., Zhubei City, Hsinchu County 302048, Taiwan (R.O.C.)","蘇O豐","0937141541","","無","無"
"92509926","20241128","20241128","欣羽科技工程行","Xinyu Technology Engineering CO.","新竹縣湖口鄉東興村中山路3段129號1樓","1 F., No. 129, Sec. 3, Zhongshan Rd., Hukou Township, Hsinchu County 303118, Taiwan (R.O.C.)","田O","0976-560660","","有","有"
"92510389","20230328","20230328","晨星企業社","Morning star online Shop","新竹縣新埔鎮文山里福祿一街116巷5號1樓","1 F., No. 5, Ln. 116, Fulu 1st St., Wenshan Vil., Xinpu Township, Hsinchu County 305043, Taiwan (R.O.C.)","陳O宏","0976564158","","有","有"
"92510402","20230324","20230324","萌萌子學前企業社","kid momoko CO.","新竹縣竹北市斗崙里縣政九路24號2樓","2 F., No. 24, Xianzheng 9th Rd., Doulun Vil., Zhubei City, Hsinchu County 302048, Taiwan (R.O.C.)","蔣O柔","0963329488","","有","有"
"92510439","20230417","20230417","大達商行","High Peak Co.","新竹縣寶山鄉雙溪村雙豐一街8巷6號1樓","1 F., No. 6, Ln. 8, Shuangfeng 1st St., Baoshan Township, Hsinchu County 308006, Taiwan (R.O.C.)","陳O茵","0921898328","","有","有"
"92510661","20240802","20240802","肯玫瑰企業社","Kenros Vow Co.","新竹縣竹北市東平里六家八街100巷1號","No. 1, Ln. 100, Liujia 8th St., Dongping Vil., Zhubei City, Hsinchu County 302054, Taiwan (R.O.C.)","羅O怡","","","有","有"
"92510753","20230412","20230412","豐富水族","ENRICHMENT ORNAMENTAL AQUARIUM IMPORTS AND EXPORTS Co.","新竹縣關西鎮東平里15鄰大東坑62號","No. 62, Dadongkeng, 15th Neighborhood, Dongping Vil., Guanxi Township, Hsinchu County 306005, Taiwan (R.O.C.)","范O祥","0905-328789","","有","有"
"92510917","20230510","20230510","漢鑫機械五金行","JHVANG,FU-JI Company","新竹縣竹北市福德里三民路464號2樓","2 F., No. 464, Sanmin Rd., Fude Vil., Zhubei City, Hsinchu County 302008, Taiwan (R.O.C.)","莊O吉","0921870719","","有","有"
"92513978","20230530","20230530","適切科技企業社","Adaptec Co.","新竹縣新豐鄉松柏村保康街26巷10號1樓","1 F., No. 10, Ln. 26, Baokang St., Xinfeng Township, Hsinchu County 304033, Taiwan (R.O.C.)","莊O英","03-5577048","","無","無"
"92514097","20230706","20230706","好窩生活家居","Haowo Life Furnishing Shop","新竹縣竹北市新崙里中華路125巷7弄3號","No. 3, Aly. 7, Ln. 125, Zhonghua Rd., Xinlun Vil., Zhubei City, Hsinchu County 302006, Taiwan (R.O.C.)","邱O銓","0931108761","","有","有"
"92514245","20230925","20230925","百崴企業社","Baiweiglamping enterprise company","新竹縣尖石鄉新樂村10鄰煤源98之6號臨","No. 98-6, Meiyuan, 10th Neighborhood, Jianshi Township, Hsinchu County 313002, Taiwan (R.O.C.)","沈O騰","0937118508","","有","有"
"92514569","20230713","20230713","金祐茶坊","Kim Woo Store","新竹縣湖口鄉鳳凰村仁和路84號1樓","1F., No. 84, Renhe Rd., Hukou Township, Hsinchu County 303106 , Taiwan (R.O.C.)","戴O祐","0968393747","","有","有"
"92516095","20231017","20250516","誠明源商行","Cheng Mingyuan Trading Co.","新竹縣竹北市竹義里中華路411號","No. 411, Zhonghua Rd., Zhuyi Vil., Zhubei City, Hsinchu County 302006, Taiwan (R.O.C.)","郭O瑋","0981378214","","有","有"
"92516594","20230728","20250326","津菁企業社","Fanpydygo Co.","新竹縣湖口鄉鳳山村勝利路2段238巷31之2號","No. 31-2, Ln. 238, Sec. 2, Shengli Rd., Fengshan Vil., Hukou Township,  Hsinchu County 303102, Taiwan (R.O.C.)","劉O欽","0919533006","","有","有"
"92516692","20240611","20240611","邱秋商號","A little happiness wheel cake Zhubei Store","新竹縣竹北市中興里福興東路2段85號1樓","1 F., No. 85, Sec. 2, Fuxing E. Rd., Zhongxing Vil., Zhubei City, Hsinchu County 302052, Taiwan (R.O.C.)","邱O凡","0985855608","","有","有"
"92516996","20241017","20241017","創勾工作室","Chuang Gou STUDIO","新竹縣新豐鄉福興村圓山子45之2號","No. 45-2, Yuanshanzi, Xinfeng Township, Hsinchu County 304123, Taiwan (R.O.C.)","林O雄","","","有","有"
"92518100","20231023","20231023","宏展貿易商行","HONG IHAN Technology Co.","新竹縣竹東鎮二重里明星路239巷33號1樓","1 F., No. 33, Ln. 239, Mingxing Rd., Erchong Vil., Zhudong Township, Hsinchu County 310017, Taiwan (R.O.C.)","陳O儒","0988726236","","無","無"
"92518967","20231004","20231004","愛寶企業","Abbow Company","新竹縣竹北市斗崙里光明六路43號8樓","8 F., No. 43, Guangming 6th Rd., Doulun Vil., Zhubei City, Hsinchu County 302048, Taiwan (R.O.C.)","陳O臻","0987364308","","有","有"
"92519500","20231017","20231017","名品實木生活舘","DESIGNER WOOD LIVING HOUSE","新竹縣新埔鎮新生里中正路427巷10號1樓","1 F., No. 10, Ln. 427, Zhongzheng Rd., Xinsheng Vil., Xinpu Township, Hsinchu County 305045, Taiwan (R.O.C.)","陳O威","0961300521","","有","有"
"92527179","20231102","20231102","啦撒咪呀企業社","lasamia.outdoor Company","基隆市中山區復興路212巷6弄60號(1樓)","1 F., No. 60, Aly. 6, Ln. 212, Fuxing Rd., Zhongshan Dist., Keelung City 203007, Taiwan (R.O.C.)","成O緯","02-24375524","","有","有"
"92527207","20240816","20240816","利威商行","LEVI FIRM","基隆市七堵區堵南里堵南街129巷3號3樓","3 F., No. 3, Ln. 129, Dunan St., Dunan Vil., Qidu Dist., Keelung City 206012, Taiwan (R.O.C.)","蔡O婷","0906198368","","有","有"
"92527380","20230206","20230206","四零四網路資訊企業社","404 Network Information Co.","基隆市中正區新豐街251巷10弄6號","No. 6, Aly. 10, Ln. 251, Xinfeng St., Zhongzheng Dist., Keelung City 202011, Taiwan (R.O.C.)","呂O紘","02-77428994#801","","有","有"
"92527641","20240802","20240802","清傳工作室","Ching Tsuang Co.","基隆市安樂區武嶺街293號1樓之1","1 F.-1, No. 293, Wuling St., Anle Dist., Keelung City 204007, Taiwan (R.O.C.)","林O芳","02-24337179","","有","有"
"92527754","20230217","20230217","魚仔舖水族企業社","Keelung aquarium Studio","基隆市中正區八斗街86巷12之1號","No. 12-1, Ln. 86, Badou St., Zhongzheng Dist., Keelung City 202012, Taiwan (R.O.C.)","闕O宇","0965506961","","有","有"
"92527847","20230420","20230420","國鋒室內裝修企業社","Guo Feng Interior Design COMPANY","基隆市七堵區永富路19號","No. 19, Yongfu Rd., Qidu Dist., Keelung City 206002, Taiwan (R.O.C.)","許O鋒","02-24551557","","有","有"
"92527972","20230317","20230726","寶冠企業社","bokuan Shop","基隆市仁愛區孝二路39號5樓之18","5 F.-18, No. 39, Xiao 2nd Rd., Ren’ai Dist., Keelung City 200002, Taiwan (R.O.C.)","張O冠","0908308650","","無","無"
"92529628","20230420","20230420","慧馥管理企業社","C. S3 Company","基隆市仁愛區成功一路118巷9弄10之4號","No. 10-4, Aly. 9, Ln. 118, Chenggong 1st Rd., Ren’ai Dist., Keelung City 200005, Taiwan (R.O.C.)","連O妤","0920233320","","有","有"
"92532193","20231002","20250207","捷樂企業社","Small Friend Project Company","基隆市安樂區武隆街103巷55弄9號","No. 9, Aly. 55, Ln. 103, Wulong St., Anle Dist., Keelung City 204010, Taiwan (R.O.C.)","陳O杰","0987050208","","有","有"
"92532911","20230828","20230828","胤寰企業社","YinHuan shiny company","基隆市中正區觀海街100號6樓","6 F., No. 100, Guanhai St., Zhongzheng Dist., Keelung City 202013, Taiwan (R.O.C.)","林O嫚","0987466696","","有","有"
"92536352","20230830","20230830","衣心服飾","YI SIN JL Store","花蓮縣花蓮市主勤里成功街３００巷７號1樓","1 F., No. 7, Ln. 300, Chenggong St., Zhuqin Vil., Hualien City, Hualien County 970003, Taiwan (R.O.C.)","江O嫻","0918805824","","無","無"
"92537134","20231108","20231108","壹柒陸手機維修","One Seven Six Hang","花蓮縣玉里鎮中城里光復路１１６號","No. 116, Guangfu Rd., Zhongcheng Vil., Yuli Township, Hualien County 981002, Taiwan (R.O.C.)","吳O瑋","0916176333","","有","有"
"92539098","20230608","20230608","合興重工","HE XING CHONG-GONG Hang","花蓮縣吉安鄉吉安村吉安路二段１２４巷１０弄１３號1樓","1 F., No. 13, Aly. 10, Ln. 124, Sec. 2, Ji’an Rd., Ji’an Township, Hualien County 973044, Taiwan (R.O.C.)","陳O端","0972728718","","有","有"
"92539421","20230613","20240810","美佳咖啡","ME GA  COFFEE Co.","花蓮縣花蓮市國盛里國民七街５１號九樓之３","9 F.-3, No. 51, Guomin 7th St., Guosheng Vil., Hualien City, Hualien County 970016, Taiwan (R.O.C.)","劉O均","0903124178","","有","有"
"92543121","20230109","20230109","雅櫻代購工坊","MIYABI SAKURA Co.","新北市八里區中山路1段306巷5號5樓","5F., No. 5, Ln. 306, Sec. 1, Zhongshan Rd., Bali Dist., New Taipei City 249, Taiwan (R.O.C.)","高O紘","0938170959","","有","有"
"92543760","20250520","20250520","暖暖小鋪","GLENRICH Store","新北市淡水區學府路102巷123號6樓","6 F., No. 123, Ln. 102, Xuefu Rd., Tamsui Dist., New Taipei City 251003, Taiwan (R.O.C.)","董O龍","0932181495","","有","有"
"92546056","20231030","20231030","圍事工作坊","Wei Shih Workshop","新竹市北區民富街178巷19弄14號1樓","1 F., No. 14, Aly. 19, Ln. 178, Minfu St., North Dist., Hsinchu City 300020, Taiwan (R.O.C.)","郭O方","","","有","有"
"92546345","20230523","20250111","長春藤顧問社","UNIVERSITY OF SHEFFIELD CO.","臺中市西區美村路一段22號7樓之3","7 F.-3, No. 22, Sec. 1, Meicun Rd., West Dist., Taichung City 403015, Taiwan (R.O.C.)","陳O飛","03-5200806","","有","有"
"92546485","20230211","20230211","耀妡企業社","YOSHIN ENTERPRISE CO.","新竹市香山區頂埔里牛埔路１３３號1樓","1 F., No. 133, Niupu Rd., Dingpu Vil., Xiangshan Dist., Hsinchu City 300059, Taiwan (R.O.C.)","歐O宏","0908951895","","有","有"
"92546627","20230320","20230320","沛和科技","PlayHalo Hang","新竹市北區海濱里延平路三段343號一樓","1 F., No. 343, Sec. 3, Yanping Rd., Haibin Vil., North Dist., Hsinchu City 300056, Taiwan (R.O.C.)","應O興","0972376089","","有","有"
"92547576","20231108","20240619","宏享企業社","Hungshaing Company","新竹縣竹東鎮二重里自由街120巷21號9樓之3","9 F.-3, No. 21, Ln. 120, Ziyou St., Erchong Vil., Zhudong Township, Hsinchu County 310017, Taiwan (R.O.C.)","康O坪","0981985995","","有","有"
"92548688","20250604","20250604","新益食品團購店","New Benefit Group Buying Co.","新竹市北區舊社里光華二街172巷1弄5號四樓","4 F., No. 5, Aly. 1, Ln. 172, Guanghua 2nd St., Jiushe Vil., North Dist., Hsinchu City 300010, Taiwan (R.O.C.)","張O","09-70703060","","有","有"
"92548701","20230410","20230410","嘉浩企業社","Jiahao Enterprise Co.","新竹市東區前溪里公道五路三段565巷58號1樓","1 F., No. 58, Ln. 565, Sec. 3, Gongdao 5th Rd., Qianxi Vil., East Dist., Hsinchu City 300001, Taiwan (R.O.C.)","陳O豐","03-5325633","","有","有"
"92548765","20230416","20230816","睿陽行","reyoung COMPANY","新竹市東區東山里東山街１６巷１７弄４號5樓","5 F., No. 4, Aly. 17, Ln. 16, Dongshan St., Dongshan Vil., East Dist., Hsinchu City 300039, Taiwan (R.O.C.)","錢O中","0952260601","","無","無"
"92548842","20230406","20230406","斐倫工作室","One Drop Villain Studio","新竹市東區光復路一段459巷28弄5號一樓","1 F., No. 5, Aly. 28, Ln. 459, Sec. 1, Guangfu Rd., East Dist., Hsinchu City 300065, Taiwan (R.O.C.)","黃O萱","0926839301","","有","有"
"92549933","20230420","20230420","捷安探索工作室","JNA Adventure Studio","新竹市北區金竹里武陵路271巷57弄41號五樓","5 F., No. 41, Aly. 57, Ln. 271, Wuling Rd., Jinzhu Vil., North Dist., Hsinchu City 300011, Taiwan (R.O.C.)","蔡O茵","02-25210710","","有","有"
"92550115","20230215","20230215","性格形象管理工作室","PERSONALITY AND IMAGE MANAGEMENT STUDIO","桃園市中壢區林森里執信一街173-1號8樓","8 F., No. 173-1, Zhixin 1st St., Linsen Vil., Zhongli Dist., Taoyuan City 320680, Taiwan (R.O.C.)","劉O明","0980-826084","","有","有"
"92550277","20230118","20230118","亿鑫家飾館","Yih-Shin Lifehouse Co.","桃園市桃園區龍壽里龍泉二街41號6樓","6 F., No. 41, Longquan 2nd St., Longshou Vil., Taoyuan Dist., Taoyuan City 330034, Taiwan (R.O.C.)","王O如","03-3603908","","有","有"
"92550375","20230130","20230130","思沐國際企業社","SIMMU INTERNATIONAL CO.","桃園市中壢區新街里延平路261號9樓","9F., No. 261, Yanping Rd., Xinjie Vil., Zhongli Dist., Taoyuan City 320675, Taiwan (R.O.C.)","宋O雯","03-2609777","","無","無"
"92550662","20230918","20250212","蛋子毛工作室","XILANFEINIAO INTERNATIONAL COMPANY","桃園市中壢區普仁里實踐路225號8樓之32","8 F.-32, No. 225, Zhongli Dist., Taoyuan City 320, Taiwan (R.O.C.)","陳O","0976592725","","有","有"
"92551058","20240703","20250220","木木工作室","MUVON E-Commerce Studio","桃園市中壢區德義里中山東路一段155號5樓","5 F., No. 155, Sec. 1, Zhongshan E. Rd., Deyi Vil., Zhongli Dist., Taoyuan City 320001, Taiwan (R.O.C.)","彭O承","0976383582","","有","有"
"92551162","20230504","20230504","宜臻美妝材料行","YI JEN BEAUTY INDUSTRY CO.","桃園市平鎮區平鎮里新光路三段安居巷51號(1樓)","1 F., No. 51, Anju Ln., Sec. 3, Xinguang Rd., Pingzhen Vil., Pingzhen Dist., Taoyuan City 324039, Taiwan (R.O.C.)","呂O清","03-4391488","","有","有"
"92551487","20241223","20241223","班傑明電子商務工作室","Benjamin International Logistics Company","桃園市中壢區德義里中山東路1段155號5樓","5 F., No. 155, Sec. 1, Zhongshan E. Rd., Deyi Vil., Zhongli Dist., Taoyuan City 320001, Taiwan (R.O.C.)","劉O汎","","","有","有"
"92551579","20241224","20241224","納克斯電子商務工作室","Knox Unity Works","桃園市中壢區德義里中山東路一段155號5樓","5 F., No. 155, Sec. 1, Zhongshan E. Rd., Deyi Vil., Zhongli Dist., Taoyuan City 320001, Taiwan (R.O.C.)","蕭O","","","有","有"
"92551753","20250418","20250418","安貝商行","Anbay Trading Company","桃園市中壢區至善里龍和一街188號5樓","5 F., No. 188, Longhe 1st St., Zhishan Vil., Zhongli Dist., Taoyuan City 320678, Taiwan (R.O.C.)","王O賜","","","有","有"
"92551796","20230218","20240202","好野兔文創","yestoo Co.","桃園市桃園區慈文里慈文路322巷34號","No. 34, Ln. 322, Ciwen Rd., Ciwen Vil., Taoyuan Dist., Taoyuan City 330009, Taiwan (R.O.C.)","吳O雄","03-3686333","","有","有"
"92551803","20230208","20231219","大衛音樂企業社","DaWay Records Co.","桃園市桃園區光興里縣府路110號8樓","8 F., No. 110, Xianfu Rd., Guangxing Vil., Taoyuan Dist., Taoyuan City 330026, Taiwan (R.O.C.)","張O維","","","有","有"
"92551917","20230207","20230207","世紀紅貿易企業社","CentutyRed Company","桃園市楊梅區紅梅里校前路22巷17弄8號(1樓)","1 F., No. 8, Aly. 17, Ln. 22, Xiaoqian Rd., Hongmei Vil., Yangmei Dist., Taoyuan City 326008, Taiwan (R.O.C.)","宋O志","03-4756101","","有","有"
"92551992","20240402","20240628","楷都運通企業社","Kaidu Yuntong Enterprise Co.","桃園市蘆竹區濱海里濱海路1段266巷40號","No. 40, Ln. 266, Sec. 1, Binhai Rd., Binhai Vil., Luzhu Dist., Taoyuan City 338016, Taiwan (R.O.C.)","黃O瑜","03-3530279","033530279","有","有"
"92552161","20230424","20230424","鑫奧特森企業社","Xin Otterson Co.","桃園市蘆竹區錦中里南崁路265號6樓之6","6 F.-6, No. 265, Nankan Rd., Jinzhong Vil., Luzhu Dist., Taoyuan City 338019, Taiwan (R.O.C.)","李O琳","0910960443","","有","有"
"92552182","20230516","20230516","布蘭妮企業社","B.R COMPANY","桃園市蘆竹區錦中里南崁路265號6樓之6","6 F.-6, No. 265, Nankan Rd., Jinzhong Vil., Luzhu Dist., Taoyuan City 338019, Taiwan (R.O.C.)","詹O瑄","0976770489","","有","有"
"92552795","20230627","20230627","銓速企業社","xinhongmotor Co.","桃園市中壢區興和里新生路623號","No. 623, Xinsheng Rd., Xinghe Vil., Zhongli Dist., Taoyuan City 320018, Taiwan (R.O.C.)","鄭O泉","03-4512656","","有","有"
"92552839","20231213","20231213","瑤吉企業社","YAO,JI STUDIO","桃園市楊梅區中山里環東路455之1號3樓","3 F., No. 455-1, Huandong Rd., Zhongshan Vil., Yangmei Dist., Taoyuan City 326027, Taiwan (R.O.C.)","丁O言","0966-867372","","有","有"
"92553176","20241203","20241203","拓達電商企業社","Tuoda Studio","桃園市中壢區德義里中山東路一段155號5樓","5 F., No. 155, Sec. 1, Zhongshan E. Rd., Deyi Vil., Zhongli Dist., Taoyuan City 320001, Taiwan (R.O.C.)","彭O嘉","","","有","有"
"92553324","20250328","20250328","初露企業社","CHULU Company","桃園市中壢區仁美里榮民南路307號","No. 307, Rongmin S. Rd., Renmei Vil., Zhongli Dist., Taoyuan City 320046, Taiwan (R.O.C.)","邱O舜","03-4560731","03-4560729","有","有"
"92553416","20240524","20240524","羅式商業貿易商行","RobinWillson Co.","桃園市龍潭區九龍里五褔街306巷10號","No. 10, Ln. 306, Wufu St., Jiulong Vil., Longtan Dist., Taoyuan City 325008, Taiwan (R.O.C.)","吳O龍","0975867294","","有","有"
"92553680","20230317","20230317","優品惠選企業社","YOU PIN CHOICE CO.","桃園市蘆竹區中福里龍安街二段1639巷142弄40號(3樓)","3 F., No. 40, Aly. 142, Ln. 1639, Sec. 2, Long’an St., Zhongfu Vil., Luzhu Dist., Taoyuan City 338017, Taiwan (R.O.C.)","鄭O妏","02-22614280","","有","有"
"92553921","20230310","20230310","八德佛善企業社","Phraphrom Studio","桃園市中壢區普仁里實踐路225之5號(1樓)","1F., No. 225-5, Shijian Rd., Puren Vil., Zhongli Dist., Taoyuan City 320, Taiwan (R.O.C.)","曾O豪","0962003608","","有","有"
"92554061","20230322","20230408","兆祥居家百貨","ZHAO XIANG DEPARTMENT STORE","桃園市平鎮區新富里環南路2段265號3樓之7","3 F.-7, No. 265, Sec. 2, Huannan Rd., Xinfu Vil., Pingzhen Dist., Taoyuan City 324603, Taiwan (R.O.C.)","葉O維","0966-629-732","","有","有"
"92554597","20240104","20240104","銓昇電子商務","CHUAN SHENG ELECTRONIC COMMERCE Co.","桃園市中壢區內厝里中正路3段178號(1樓)","1 F., No. 178, Sec. 3, Zhongzheng Rd., Neicuo Vil., Zhongli Dist., Taoyuan City 320067, Taiwan (R.O.C.)","劉O銓","0936787556","","有","有"
"92555054","20231013","20231013","林作物水族用品","Forest crops aquarium supplies Shop","桃園市桃園區龍祥里龍泉五街47巷3號3樓","3 F., No. 3, Ln. 47, Longquan 5th St., Longxiang Vil., Taoyuan Dist., Taoyuan City 330034, Taiwan (R.O.C.)","林O縉","09-75678382","","有","有"
"92555081","20230308","20241107","艾閔資訊社","AI MIN ZI XUN SHE Co.","桃園市桃園區東山里成功路二段90號(1樓)","1 F., No. 90, Sec. 2, Chenggong Rd., Dongshan Vil., Taoyuan Dist., Taoyuan City 330014, Taiwan (R.O.C.)","李O","04-23765199","","有","有"
"92555596","20230301","20230301","舒氛境企業社","Shu Fen Jing Company","桃園市桃園區中平里壽昌街20巷19號12樓","12 F., No. 19, Ln. 20, Shouchang St., Zhongping Vil., Taoyuan Dist., Taoyuan City 330038, Taiwan (R.O.C.)","徐O彤","0983617005","","有","有"
"92555998","20230307","20230307","有賀企業社","Yuho Co.","桃園市平鎮區義興里延平路二段31號十一樓之1","11 F.-1, No. 31, Sec. 2, Yanping Rd., Yixing Vil., Pingzhen Dist., Taoyuan City 324605, Taiwan (R.O.C.)","李O宏","0922713575","","有","有"
"92556119","20230315","20230315","九睿企業社","Nine Rui Company","桃園市中壢區內厝里中正路4段255巷20弄6號(1樓)","1 F., No. 6, Aly. 20, Ln. 255, Sec. 4, Zhongzheng Rd., Neicuo Vil., Zhongli Dist., Taoyuan City 320012, Taiwan (R.O.C.)","洪O函","03-4621536","","有","有"
"92556363","20230317","20230317","諾誠國際電子商務企業社","NUO CHENG INTERNATIONAL CO.","桃園市蘆竹區中福里龍安街二段1639巷142弄40號(2樓)","2 F., No. 40, Aly. 142, Ln. 1639, Sec. 2, Long’an St., Zhongfu Vil., Luzhu Dist., Taoyuan City 338017, Taiwan (R.O.C.)","吳O𤧟","02-22614280","","無","無"
"92556645","20250113","20250113","京盛茗茶","Jingsheng Fine Taiwan Tea Company","桃園市大溪區一德里勝利街2號","No. 2, Shengli St., Yide Vil., Daxi Dist., Taoyuan City 335014, Taiwan (R.O.C.)","沈O安","03-3883993","03-3874938","有","有"
"92557118","20230524","20230524","瑜軒商行","Yu xuan Shop","桃園市平鎮區福林里中豐路山頂段197號(1樓)","1 F., No. 197, Sec. Shanding, Zhongfeng Rd., Fulin Vil., Pingzhen Dist., Taoyuan City 324034, Taiwan (R.O.C.)","陳O玲","0932-668951","","有","有"
"92557291","20230420","20230420","品湟企業社","PIN HUANG CHI NIEH SHE,HUANG-CHUN-HONG COMPANY","桃園市桃園區永興里三民路三段43號(1樓)","1 F., No. 43, Sec. 3, Sanmin Rd., Yongxing Vil., Taoyuan Dist., Taoyuan City 330004, Taiwan (R.O.C.)","黃O弘","03-3331866","","無","無"
"92557497","20230321","20230321","婕若國際茗街店","Chieh Jo International Famous Street Store","桃園市平鎮區新富里環南路二段265號3樓之7","3 F.-7, No. 265, Sec. 2, Huannan Rd., Xinfu Vil., Pingzhen Dist., Taoyuan City 324603, Taiwan (R.O.C.)","蔡O如","0988584522","","無","無"
"92558313","20241220","20241220","佰昀商行","BaiYU Firm","桃園市桃園區永安里永安路396巷12弄20號","No. 20, Aly. 12, Ln. 396, Yong'an Rd., Yong’an Vil., Taoyuan Dist., Taoyuan City 330060, Taiwan (R.O.C.)","楊O玉","0937460565","03-3326781","有","有"
"92558361","20250116","20250116","集俊實業社","J&J INDUSTRIAL CO.","桃園市龍潭區中興里天龍四巷11號3樓","3 F., No. 11, Tianlong 4th Ln., Zhongxing Vil., Longtan Dist., Taoyuan City 325011, Taiwan (R.O.C.)","王O鈞","0906582944","","有","有"
"92558432","20230321","20230322","禾興國際貿易企業社","He xing international trade STORE","桃園市中壢區中建里延平路500號10樓之2","10 F.-2, No. 500, Yanping Rd., Zhongjian Vil., Zhongli Dist., Taoyuan City 320061, Taiwan (R.O.C.)","李O紳","0915-553802","","無","無"
"92558475","20241123","20241123","富米實業社","Fumi Industrial Company","桃園市桃園區汴洲里大業路2段235巷1號9樓","9 F., No. 1, Ln. 235, Sec. 2, Daye Rd., Bianzhou Vil., Taoyuan Dist., Taoyuan City 330021, Taiwan (R.O.C.)","陳O得","","","有","有"
"92558778","20230315","20230315","食惠貿易商號","Food Bless Firm","桃園市桃園區光興里縣府路110號8樓","8 F., No. 110, Xianfu Rd., Guangxing Vil., Taoyuan Dist., Taoyuan City 330026, Taiwan (R.O.C.)","尹O堯","0902362831","","無","無"
"92559468","20230317","20230317","莫非電子商務企業社","MOFEI SA CO.","桃園市中壢區成功里大華路199-1號2樓","2 F., No. 199-1, Dahua Rd., Chenggong Vil., Zhongli Dist., Taoyuan City 320069, Taiwan (R.O.C.)","李O睿","02-77551996","","無","無"
"92559474","20230317","20230317","激浪電子商務企業社","JI LANG CO.","桃園市中壢區興仁里榮民路165巷32弄6號4樓","4 F., No. 6, Aly. 32, Ln. 165, Rongmin Rd., Xingren Vil., Zhongli Dist., Taoyuan City 320033, Taiwan (R.O.C.)","李O睿","02-77551996","","無","無"
"92559501","20240809","20240809","品群企業社","Amywo Company","桃園市觀音區草漯里莊敬路228號(1樓)","1 F., No. 228, Zhuangjing Rd., Caota Vil., Guanyin Dist., Taoyuan City 328013, Taiwan (R.O.C.)","黃O微","03-4389058","","有","有"
"92570007","20250210","20250225","唯日企業社","WeiDay Workshop","桃園市桃園區汴洲里春日路1254號","No. 1254, Chunri Rd., Bianzhou Vil., Taoyuan Dist., Taoyuan City 330022, Taiwan (R.O.C.)","黃O珍","02-86019658","","有","有"
"92571033","20240424","20240424","誠禮網絡商城","Cheng Li Wang Luo Shang Cheng Studio","新北市深坑區北深路2段55巷12弄10號11樓","11 F., No. 10, Aly. 12, Ln. 55, Sec. 2, Beishen Rd., Shenkeng Dist., New Taipei City 222003, Taiwan (R.O.C.)","李O學","0937089155","","有","有"
"92572737","20230214","20230214","中華智悲雙運聞思研究會","The Association of Dual Practice Of Wisdom & Compassion","新北市林口區文化二路一段230巷80號6樓","6 F., No. 80, Ln. 230, Sec. 1, Wenhua 2nd Rd., Linkou Dist., New Taipei City 244008, Taiwan (R.O.C.)","吳O生","0936160955","","有","有"
"92583256","20230317","20230317","名媛電子商務企業社","MING YUAN CO.","桃園市桃園區龍安里國豐三街145號7樓","7 F., No. 145, Guofeng 3rd St., Long’an Vil., Taoyuan Dist., Taoyuan City 330033, Taiwan (R.O.C.)","李O睿","02-77551996","","無","無"
"92583262","20230317","20230317","瀟灑電子商務企業社","XIAO SA CO.","桃園市中壢區復興里長樂街84巷27號(1樓)","1 F., No. 27, Ln. 84, Changle St., Fuxing Vil., Zhongli Dist., Taoyuan City 320062, Taiwan (R.O.C.)","李O睿","02-77551996","","無","無"
"92583354","20230913","20230913","星訊科技企業社","Starcomtech Company","桃園市平鎮區義民里環南路二段22號2樓","2 F., No. 22, Sec. 2, Huannan Rd., Yimin Vil., Pingzhen Dist., Taoyuan City 324621, Taiwan (R.O.C.)","林O祖","0982399088","","有","有"
"92583360","20231113","20241018","愛好者企業社","Enthusiast Company","桃園市楊梅區四維里四維路163號","No. 163, Siwei Rd., Siwei Vil., Yangmei Dist., Taoyuan City 326011, Taiwan (R.O.C.)","李O容","0970221227","","有","有"
"92583565","20230322","20230322","田宥商行","Tianyou FIRM","桃園市中壢區中建里延平路500號10樓之2","10 F.-2, No. 500, Yanping Rd., Zhongjian Vil., Zhongli Dist., Taoyuan City 320061, Taiwan (R.O.C.)","黃O皓","0977-405191","","無","無"
"92583777","20230325","20230325","蘇萊曼實業社","Souleymane international Trading Co.","桃園市龜山區新興里中興路171巷6號9樓","9 F., No. 6, Ln. 171, Zhongxing Rd., Xinxing Vil., Guishan Dist., Taoyuan City 333020, Taiwan (R.O.C.)","馬O英","02-22509880","","無","無"
"92583832","20230602","20230602","夏姿璇文創小舖","xia zixuan studio","桃園市桃園區寶慶里中埔二街85號","No. 85, Zhongpu 2nd St., Baoqing Vil., Taoyuan Dist., Taoyuan City 330012, Taiwan (R.O.C.)","林O恩","0920535177","","無","無"
"92584065","20230406","20230406","與樂福利商行","VOLINOUS FIRM","桃園市中壢區信義里廣州路238之2號2樓","2 F., No. 238-2, Guangzhou Rd., Xinyi Vil., Zhongli Dist., Taoyuan City 320048, Taiwan (R.O.C.)","朱O麗","0921224621","","有","有"
"92584641","20230424","20230424","慕希企業社","MUSI CO., LTD.","桃園市平鎮區平興里興華街101巷22弄7號2樓","2 F., No. 7, Aly. 22, Ln. 101, Xinghua St., Pingxing Vil., Pingzhen Dist., Taoyuan City 324631, Taiwan (R.O.C.)","廖O森","0939809986","","有","有"
"92585563","20230329","20230329","宥盛企業社","Yousheng Enterprise. Co.","桃園市平鎮區金陵里金陵路2段96巷2弄2號(2樓)","2 F., No. 2, Aly. 2, Ln. 96, Sec. 2, Jinling Rd., Jinling Vil., Pingzhen Dist., Taoyuan City 324031, Taiwan (R.O.C.)","許O渝","03-3394191","","有","有"
"92585640","20230420","20230420","亭萱商行","Ting Xuan Boutique","桃園市中壢區中建里延平路500號10樓之2","10 F.-2, No. 500, Yanping Rd., Zhongjian Vil., Zhongli Dist., Taoyuan City 320061, Taiwan (R.O.C.)","吳O君","0921877009","","有","有"
"92585819","20230410","20230410","歐優實業社","OUOU Studio","桃園市蘆竹區羊稠里中山路３６之８號６樓","6F., NO. 36-8, ZHONGSHAN RD., LUZHU DIST., TAOYUAN CITY 338, TAIWAN (R.O.C.)","歐O妏","0975671962","","有","有"
"92585938","20230531","20230802","柏創工程行","BO CHUANG ENGINEERING Co.","新北市三峽區中正路1段181號","No. 181, Sec. 1, Zhongzheng Rd., Sanxia Dist., New Taipei City 237001, Taiwan (R.O.C.)","蕭O柏","0908373001","","有","有"
"92586269","20230512","20230512","天王星旋風甩尾車廠","Uranus drifting car Workshop","桃園市復興區長興里頭角75號","No. 75, Toujiao, Changxing Vil., Fuxing Dist., Taoyuan City 336043, Taiwan (R.O.C.)","黃O嫣","02-0000000","","無","無"
"92586275","20230329","20230329","渴望手作工作室","Ke Wang Shop","桃園市龍潭區渴望里渴望二路100巷20弄5號","No. 5, Aly. 20, Ln. 100, Kewang 2nd Rd., Longtan Dist., Taoyuan City 325016, Taiwan (R.O.C.)","簡O櫻","0953530725","","有","有"
"92586423","20240506","20240506","豪順商行","Hao Shun Enterprise Co.","桃園市八德區瑞豐里豐德路298號13樓之8","13 F.-8, No. 298, Fengde Rd., Ruifeng Vil., Bade Dist., Taoyuan City 334655, Taiwan (R.O.C.)","鮑O勤","","","有","有"
"92586802","20230515","20230515","慧明信息諮詢企業社","Huiming Information Consulting Co.","桃園市蘆竹區中興里大興八街13號8樓之1","8 F.-1, No. 13, Daxing 8th St., Zhongxing Vil., Luzhu Dist., Taoyuan City 338024, Taiwan (R.O.C.)","侯O惠","0930940168","","有","有"
"92586872","20230502","20230502","龜賈企業社","JIA Reptile Farm Co.","桃園市平鎮區莊敬里中豐路山頂段7號11樓之2","11 F.-2, No. 7, Sec. Shanding, Zhongfeng Rd., Zhuangjing Vil., Pingzhen Dist., Taoyuan City 324034, Taiwan (R.O.C.)","謝O如","03-4193480","","有","有"
"92586900","20231117","20241119","藍途電子商務","Blueway Co.","桃園市龜山區樂善里華亞三路39巷1號3樓","3 F., No. 1, Ln. 39, Huaya 3rd Rd., Leshan Vil., Guishan Dist., Taoyuan City 333411, Taiwan (R.O.C.)","粘O琳","0908758867","","有","有"
"92587598","20231208","20231208","樂東國際企業社","Radon Taoyuan International Enterprise Co.","桃園市桃園區龍岡里上海路91號(1樓)","1 F., No. 91, Shanghai Rd., Longgang Vil., Taoyuan Dist., Taoyuan City 330053, Taiwan (R.O.C.)","吳O蓁","03-2172867","","有","有"
"92587696","20230927","20230927","承希企業社","Chengxi Enterprise Co.","桃園市平鎮區廣興里忠孝路108-3號","No. 108-3, Zhongxiao Rd., Guangxing Vil., Pingzhen Dist., Taoyuan City 324007, Taiwan (R.O.C.)","陳O承","03-4919769","","有","有"
"92588132","20230523","20230523","多多拼工作室","DODOPING Workshop","桃園市平鎮區義興里延平路二段169號(1樓)","1 F., No. 169, Sec. 2, Yanping Rd., Yixing Vil., Pingzhen Dist., Taoyuan City 324005, Taiwan (R.O.C.)","朱O彪","0932275615","","無","無"
"92588251","20230530","20230530","怡億宇宙企業社","Ten million Universe Store","桃園市中壢區復華里中華路1段644巷30弄10號5樓","5 F., No. 10, Aly. 30, Ln. 644, Sec. 1, Zhonghua Rd., Fuhua Vil., Zhongli Dist., Taoyuan City 320028, Taiwan (R.O.C.)","陳O璇","0936969773","","有","有"
"92588301","20230413","20230413","小林植栽所","Mr. Lin Plant  Institute Firm","桃園市蘆竹區錦中里南崁路265號6樓之6","6 F.-6, No. 265, Nankan Rd., Jinzhong Vil., Luzhu Dist., Taoyuan City 338019, Taiwan (R.O.C.)","高O蕾","0955546015","","無","無"
"92588365","20230418","20230418","米谷企業社","MI-GU CO.","桃園市大溪區仁愛里公園五街25號(1樓)","1 F., No. 25, Gongyuan 5th St., Ren’ai Vil., Daxi Dist., Taoyuan City 335019, Taiwan (R.O.C.)","鍾O馗","0938-672153","","無","無"
"92589462","20230517","20230517","目秋工作室","Mon Chou Studio","桃園市楊梅區楊梅里大成路64號","No. 64, Dacheng Rd., Yangmei Vil., Yangmei Dist., Taoyuan City 326101, Taiwan (R.O.C.)","鍾O儂","0988-362851","","無","無"
"92589977","20230526","20240903","玟迪企業社","Whody House","桃園市桃園區大林里桃鶯路384之6號(1樓)","1 F., No. 384-6, Taoying Rd., Dalin Vil., Taoyuan Dist., Taoyuan City 330048, Taiwan (R.O.C.)","林O豪","03-3713311","","無","無"
"92590411","20230419","20230606","鴻承精品行","Hongcheng Boutique Store","桃園市桃園區光興里縣府路110號8樓","8 F., No. 110, Xianfu Rd., Guangxing Vil., Taoyuan Dist., Taoyuan City 330026, Taiwan (R.O.C.)","何O明","0922489778","","無","無"
"92591571","20230505","20230505","瑾澄國際商行","Evie Bookmania Store","桃園市中壢區青溪里領航北路2段182號2樓","2 F., No. 182, Sec. 2, Linghang N. Rd., Qingxi Vil., Zhongli Dist., Taoyuan City 320014, Taiwan (R.O.C.)","葉O文","0921080822","","有","有"
"92591592","20250604","20250604","復生企業社","Fu Sheng Machine Firm","桃園市大溪區瑞源里員林路3段155巷19弄20之2號","No. 20-2, Aly. 19, Ln. 155, Sec. 3, Yuanlin Rd., Ruiyuan Vil., Daxi Dist., Taoyuan City 335009, Taiwan (R.O.C.)","劉O億","","","有","有"
"92592446","20230517","20250212","俍臣商行","CU CHEN INTERNATIONAL COMPANY","桃園市龜山區文青里文青路341號16樓之1","16 F.-1, No. 341, Wenqing Rd., Wenqing Vil., Guishan Dist., Taoyuan City 333613, Taiwan (R.O.C.)","簡O良","0987229348","","有","有"
"92592868","20230517","20250212","凡真商行","FAN ZHEN INTERNATIONAL COMPANY","桃園市龜山區文青里文青路341號16樓之1","16 F.-1, No. 341, Wenqing Rd., Wenqing Vil., Guishan Dist., Taoyuan City 333613, Taiwan (R.O.C.)","羅O堯","0987229348","","有","有"
"92592902","20230517","20250212","豪品原企業社","HAOPINYUAN INTERNATIONAL COMPANY","桃園市龜山區文青里文青路341號16樓之１","16 F.-1, No. 341, Wenqing Rd., Wenqing Vil., Guishan Dist., Taoyuan City 333613, Taiwan (R.O.C.)","陳O維","0987229348","","有","有"
"92593233","20231026","20231026","宇恆衛浴企業社","HEON COMPANY","桃園市八德區廣興里力霸街55巷4弄5號(1樓)","1 F., No. 5, Aly. 4, Ln. 55, Liba St., Guangxing Vil., Bade Dist., Taoyuan City 334011, Taiwan (R.O.C.)","劉O昌","0908131219","","有","有"
"92593640","20230530","20230530","奇奇蒂蒂工作坊","ChipChip Workshop","桃園市中壢區興國里永嘉街56號4樓之3","4 F.-3, No. 56, Yongjia St., Xingguo Vil., Zhongli Dist., Taoyuan City 320007, Taiwan (R.O.C.)","蔣O韻","0928549550","","有","有"
"92593917","20230503","20230503","美美寶商店","MG selectshop Store","桃園市中壢區青埔里高鐵站前西路二段17號16樓","16 F., No. 17, Qingpu, Zhongli Dist., Taoyuan City 320, Taiwan (R.O.C.)","羅O倫","0972228255","","有","有"
"92594649","20241016","20241016","怡盛企業社","LS DESIGN Co.","桃園市龜山區山頂里明興街179巷6號(1樓)","1 F., No. 6, Ln. 179, Mingxing St., Shanding Vil., Guishan Dist., Taoyuan City 333017, Taiwan (R.O.C.)","温O盛","09703339333","","有","有"
"92594710","20240930","20241008","一路商行","Yilu Trading Co.","桃園市桃園區同安里藝文一街86之1號15樓","15 F., No. 86-1, Yiwen 1st St., Tong’an Vil., Taoyuan Dist., Taoyuan City 330007, Taiwan (R.O.C.)","李O琪","03-4660589","","有","有"
"92594802","20230724","20230724","兜圈策展工作室","Megurin Tokyo Productions Co.","桃園市中壢區中堅里光明路一段55號(1樓)","1F., No. 55, Sec. 1, Guangming Rd., Zhongli Dist., Taoyuan City 320038 , Taiwan (R.O.C.)","楊O婷","","","有","有"
"92594937","20230907","20240403","帕途企業社","PATU Company","桃園市桃園區中興里保定三街89巷71號8樓","8 F., No. 71, Ln. 89, Baoding 3rd St., Zhongxing Vil., Taoyuan Dist., Taoyuan City 330029, Taiwan (R.O.C.)","許O超","03-4515011","","有","有"
"92595041","20250407","20250407","萬雲企業社","WanYun Company","桃園市中壢區中建里延平路500號10樓之4","10 F.-4, No. 500, Yanping Rd., Zhongjian Vil., Zhongli Dist., Taoyuan City 320061, Taiwan (R.O.C.)","邱O峰","0985512914","","有","有"
"92595062","20230509","20230920","翔鴻環保科技企業社","Xiang Hung ecotechnology Co.","新北市永和區永和路2段57號7樓","7 F., No. 57, Sec. 2, Yonghe Rd., Yonghe Dist., New Taipei City 234012, Taiwan (R.O.C.)","王O皓","0913607070","","有","有"
"92595128","20241210","20241210","琦育商行","Met UU Company","桃園市大溪區南興里永昌路52巷79號(3樓)","3 F., No. 79, Ln. 52, Yongchang Rd., Nanxing Vil., Daxi Dist., Taoyuan City 335005, Taiwan (R.O.C.)","林O任","0910481091","","有","有"
"92595252","20230522","20230522","越欣國際貿易企業社","Yuexin International Trading Co.","桃園市中壢區中建里延平路500號10樓之4","10 F.-4, No. 500, Yanping Rd., Zhongjian Vil., Zhongli Dist., Taoyuan City 320061, Taiwan (R.O.C.)","巫O航","0981068600","","無","無"
"92595669","20250207","20250207","美美居家企業社","MEI-MEI Studio","桃園市蘆竹區新莊里新生路290巷23號2樓","2 F., No. 23, Ln. 290, Xinsheng Rd., Xinzhuang Vil., Luzhu Dist., Taoyuan City 338003, Taiwan (R.O.C.)","阮O清","","","有","有"
"92595909","20230512","20230512","章新自媒體工作室","CHANG HSIN Media Studio","桃園市中壢區龍岡里龍門街154巷3弄1號(1樓)","1 F., No. 1, Aly. 3, Ln. 154, Longmen St., Longgang Vil., Zhongli Dist., Taoyuan City 320055, Taiwan (R.O.C.)","李O芳","0978317137","","有","有"
"92596409","20230530","20230530","幸福暖心雜貨舖","Toyouo Store","桃園市楊梅區瑞坪里瑞坪路143巷22弄56號","No. 56, Aly. 22, Ln. 143, Ruiping Rd., Ruiping Vil., Yangmei Dist., Taoyuan City 326014, Taiwan (R.O.C.)","謝O遠","0935007599","","有","有"
"92596421","20230522","20230522","學宇國際貿易企業社","Xueyu International Trading Co.","桃園市中壢區普強里中山東路2段18號3樓","3 F., No. 18, Sec. 2, Zhongshan E. Rd., Puqiang Vil., Zhongli Dist., Taoyuan City 320042, Taiwan (R.O.C.)","詹O華","0972300292","","無","無"
"92597358","20230626","20230626","艾宇企業社","YI YU WU Co.","桃園市中壢區中建里中央西路1段1號7樓","7 F., No. 1, Sec. 1, Zhongyang W. Rd., Zhongjian Vil., Zhongli Dist., Taoyuan City 320002, Taiwan (R.O.C.)","張O麟","0909692212","","無","無"
"92597408","20240304","20240304","烽韡卡車材料行","Feng wei Co.","桃園市中壢區興華里長樂街84巷27號(1樓)","1 F., No. 27, Ln. 84, Changle St., Xinghua Vil., Zhongli Dist., Taoyuan City 320062, Taiwan (R.O.C.)","陳O承","","","有","有"
"92597435","20230531","20230531","快樂優企業社","Happy2you Company","桃園市蘆竹區錦中里南崁路一段83號15樓之3","15 F.-3, No. 83, Sec. 1, Nankan Rd., Jinzhong Vil., Luzhu Dist., Taoyuan City 338207, Taiwan (R.O.C.)","張O濬","03-3220980","","無","無"
"92597765","20230705","20230705","金湛實業社","Jin Zhan Tea Shop","桃園市桃園區長德里力行路152號(1樓)","1 F., No. 152, Lixing Rd., Changde Vil., Taoyuan Dist., Taoyuan City 330060, Taiwan (R.O.C.)","蔡O賢","03-3366836","","有","有"
"92598390","20230724","20250206","阿諾炸雞店","anuochicken Restaurant","桃園市平鎮區金星里南京路123之3號","No. 123-3, Nanjing Rd., Jinxing Vil., Pingzhen Dist., Taoyuan City 324016, Taiwan (R.O.C.)","彭O玲","03-4391268","","有","有"
"92599031","20250609","20250609","冠毅企業社","Guan Yi Enterprise Co.","新北市土城區明德路1段29巷6號4樓","4 F., No. 6, Ln. 29, Sec. 1, Mingde Rd., Tucheng Dist., New Taipei City 236016, Taiwan (R.O.C.)","邱O豪","","","有","有"
"92599594","20230825","20250515","晉維企業社","Jin Wei Company","新北市板橋區板新路101號4樓","4 F., No. 101, Banxin Rd., Banqiao Dist., New Taipei City 220075, Taiwan (R.O.C.)","白O鴻","0903271641","","有","有"
"92599686","20230825","20250515","新芸企業社","XinyunXinyun Company","新北市板橋區板新路101號4樓","4 F., No. 101, Banxin Rd., Banqiao Dist., New Taipei City 220075, Taiwan (R.O.C.)","廖O儀","0903213281","","有","有"
"92599834","20240509","20240606","木森製香廠","musen incense factory Co.","桃園市楊梅區上湖里上湖二路136巷10號","No. 10, Ln. 136, Shanghu 2nd Rd., Shanghu Vil., Yangmei Dist., Taoyuan City 326029, Taiwan (R.O.C.)","羅O闔","0916483133","","有","有"
"92600234","20240506","20250209","廷禾企業社","TingHe Enterprise Co.","桃園市中壢區健行里長沙路5號(2樓)","2 F., No. 5, Changsha Rd., Jianxing Vil., Zhongli Dist., Taoyuan City 320060, Taiwan (R.O.C.)","黃O聞","","","有","有"
"92600261","20230512","20230512","獻華有限公司","FORVAH  INTERNATIONAL CO., LTD.","新北市中和區景安路49號6樓","6 F., No. 49, Jing’an Rd., Zhonghe Dist., New Taipei City 235069, Taiwan (R.O.C.)","蕭O鈞","0958828040","","有","有"
"92600298","20230502","20230502","貝生冠有限公司","TYC LEAGUE CO., LTD.","新北市新莊區新北大道4段173號2樓","2 F., No. 173, Sec. 4, New Taipei Blvd., Xinzhuang Dist., New Taipei City 242032, Taiwan (R.O.C.)","林O廷","0934019617","","有","有"
"92600305","20240311","20240311","群策智慧宅股份有限公司","Chwen Tsuh Wisdom House CO., LTD.","新北市新莊區建中街32巷10號","No. 10, Ln. 32, Jianzhong St., Xinzhuang Dist., New Taipei City 242013, Taiwan (R.O.C.)","李O益","02-77305985#2168","","有","有"
"92600369","20230503","20230503","筷點有限公司","KUAI DIAN CO., LTD.","新北市中和區中正路957號12樓","12 F., No. 957, Zhongzheng Rd., Zhonghe Dist., New Taipei City 235601, Taiwan (R.O.C.)","曾O鈞","0928401819","","有","有"
"92600403","20230531","20230531","權勝實業有限公司","QUANSHENG CO., LTD.","新北市新莊區中港路573號10樓","10 F., No. 573, Zhonggang Rd., Xinzhuang Dist., New Taipei City 242020, Taiwan (R.O.C.)","林O權","0919-217289","","有","有"
"92600419","20230508","20230508","昕生活事業有限公司","ShinLife LTD.","新北市永和區得和路243巷14弄5號2樓","2 F., No. 5, Aly. 14, Ln. 243, Dehe Rd., Yonghe Dist., New Taipei City 234044, Taiwan (R.O.C.)","曾O卿","0918726716","","有","有"
"92600430","20231031","20240625","茄芷雅有限公司","Katsia INC.","臺北市大安區仁愛路3段26號5樓","5 F., No. 26, Sec. 3, Ren’ai Rd., Da’an Dist., Taipei City 106460, Taiwan (R.O.C.)","陳O政","02-23250217","","有","有"
"92600446","20230502","20230502","約翰有限公司","John CO., LTD.","新北市板橋區民治街144巷3號","No. 3, Ln. 144, Minzhi St., Banqiao Dist., New Taipei City 220024, Taiwan (R.O.C.)","王O揚","02-25786561","","有","有"
"92600467","20230526","20230526","熊愛妹有限公司","BEARSBUY CO., LTD.","新北市永和區文化路159號","No. 159, Wenhua Rd., Yonghe Dist., New Taipei City 234006, Taiwan (R.O.C.)","李O","0933766826","","無","無"
"92600494","20230508","20230508","樸信美妝有限公司","Pu-Shin Beauty CO., LTD.","新北市新莊區新北大道4段179號17樓之2","17 F.-2, No. 179, Sec. 4, New Taipei Blvd., Xinzhuang Dist., New Taipei City 242032, Taiwan (R.O.C.)","陳O緹","02-85228973","","有","有"
"92600500","20230529","20230529","源心重機械有限公司","YUAN XIN Heavy Machinery LIMITED","新北市鶯歌區尖山路344號","No. 344, Jianshan Rd., Yingge Dist., New Taipei City 239004, Taiwan (R.O.C.)","李O源","02-26704606","","有","有"
"92600570","20230519","20230519","寶捷星科技有限公司","Project Power Technology Company Limited","新北市林口區公園路43號5樓之1","5 F.-1, No. 43, Gongyuan Rd., Linkou Dist., New Taipei City 244013, Taiwan (R.O.C.)","黃O榮","0930969227","","有","有"
"92600635","20231109","20231109","大發科技有限公司","DA FA TECHNOLOGY CO., LTD.","新北市板橋區懷德街66巷3之1號3樓","3 F., No. 3-1, Ln. 66, Huaide St., Banqiao Dist., New Taipei City 220023, Taiwan (R.O.C.)","王O超","","","有","有"
"92600641","20240930","20240930","見間有限公司","ZVANA CO., LTD.","新北市新店區光明街288號5樓","5 F., No. 288, Guangming St., Xindian Dist., New Taipei City 231026, Taiwan (R.O.C.)","江O臻","02-89115198","","有","有"
"92600656","20230919","20230919","霈禾有限公司","JT INTERNATIONAL CO., LTD.","新北市板橋區田單街9號4樓","4 F., No. 9, Tiandan St., Banqiao Dist., New Taipei City 220019, Taiwan (R.O.C.)","許O婷","0931031752","","有","有"
"92600678","20230524","20230524","恆綠生技有限公司","Eternal Green CO., LTD.","新北市永和區中山路1段24號2樓","2 F., No. 24, Sec. 1, Zhongshan Rd., Yonghe Dist., New Taipei City 234014, Taiwan (R.O.C.)","洪O惠","02-77527676","","有","有"
"92600712","20230626","20230626","貓滋味有限公司","Meow Planet CO., LTD.","新北市新店區安興路56號3樓","3 F., No. 56, Anxing Rd., Xindian Dist., New Taipei City 231066, Taiwan (R.O.C.)","江O葳","0926251951","","有","有"
"92600749","20230504","20250305","濰真科技股份有限公司","WJAIN Technology CO., LTD.","新北市新店區北新路2段90號3樓","3 F., No. 90, Sec. 2, Beixin Rd., Xindian Dist., New Taipei City 231007, Taiwan (R.O.C.)","李O綾","0921951721","","有","有"
"92600804","20230519","20230519","立煥貿易有限公司","Lee Juan International Trading CO., LTD.","新北市新店區安德街50之1號10樓","10 F., No. 50-1, Ande St., Xindian Dist., New Taipei City 231046, Taiwan (R.O.C.)","陳O豪","02-22120522","","有","有"
"92600810","20240110","20240110","愛瑪心悅有限公司","Aima CO., LTD.","新北市土城區明德路2段175號","No. 175, Sec. 2, Mingde Rd., Tucheng Dist., New Taipei City 236023, Taiwan (R.O.C.)","許O燕","02-29810366","","有","有"
"92600945","20230510","20250413","懿得有限公司","IDE INTERNATIONAL CO., LTD.","新北市中和區景平路666號3樓","3 F., No. 666, Jingping Rd., Zhonghe Dist., New Taipei City 235037, Taiwan (R.O.C.)","魏O婷","09-78830607","","有","有"
"92600966","20230508","20230508","寀冠科技股份有限公司","ATEAM TECHNOLOGY CO., LTD.","新北市新店區寶中路86號6樓","6 F., No. 86, Baozhong Rd., Xindian Dist., New Taipei City 231029, Taiwan (R.O.C.)","李O萱","02-77506190","","有","有"
"92600972","20230512","20230512","霓可行銷有限公司","Nico Marketing Co., Ltd.","新北市新莊區新莊路543巷7弄33號","No. 33, Aly. 7, Ln. 543, Xinzhuang Rd., Xinzhuang Dist., New Taipei City 242002, Taiwan (R.O.C.)","張O婷","0921147055","","有","有"
"92601043","20230412","20240417","光德智能股份有限公司","MAVERICK CO., LTD.","新北市汐止區新台五路1段95號20樓之6","20 F.-6, No. 95, Sec. 1, Xintai 5th Rd., Xizhi Dist., New Taipei City 221416, Taiwan (R.O.C.)","蔡O志","02-77288318","","有","有"
"92601058","20240517","20240517","五義地產開發股份有限公司","Wuyi Real Estate Development CO., LTD.","臺中市西屯區西屯路二段248號","No. 248, Sec. 2, Xitun Rd., Xitun Dist., Taichung City 407044, Taiwan (R.O.C.)","傅O火","","","有","有"
"92601070","20230412","20230412","台灣戴杰磨床有限公司","TAIWAN DJTOL LTD.","臺中市太平區太平里永豐路106號","No. 106, Yongfeng Rd., Taiping Vil., Taiping Dist., Taichung City 411032, Taiwan (R.O.C.)","張O菁","04-22801919","","無","無"
"92601199","20230412","20230412","萱霆國際行銷有限公司","Hsuan Ting CO., LTD.","臺中市北區建成里東光東街71號","No. 71, Dongguang E. St., Jiancheng Vil., North Dist., Taichung City 404420, Taiwan (R.O.C.)","吳O儒","0973-821657","","有","有"
"92601331","20230523","20240905","生物能壹學苑有限公司","BIOCERAMIC e College Co., Ltd.","新北市板橋區中山路2段465巷74弄4號","No. 4, Aly. 74, Ln. 465, Sec. 2, Zhongshan Rd., Banqiao Dist., New Taipei City 220085, Taiwan (R.O.C.)","管O方","0982802149","","有","有"
"92601368","20230602","20241018","淘鯨國際貿易有限公司","Ali international trade CO., LTD.","臺中市北區立人里陝西路108號15樓之2","15 F.-2, No. 108, Shanxi Rd., Liren Vil., North Dist., Taichung City 404531, Taiwan (R.O.C.)","","04-22232761","","無","無"
"92601439","20230508","20230508","五七七六國際有限公司","5776 International CO., LTD.","臺中市沙鹿區清泉里清泉路13之13號","No. 13-13, Qingquan Rd., Qingquan Vil., Shalu Dist., Taichung City 433101, Taiwan (R.O.C.)","廖O澄","0936320622","","有","有"
"92601472","20230425","20230425","玉妹國際興業有限公司","Yumei International Industrial CO., LTD.","臺中市大里區長榮里新芳路129號1樓","1 F., No. 129, Xinfang Rd., Changrong Vil., Dali Dist., Taichung City 412015, Taiwan (R.O.C.)","施O妹","04-22478573","","無","無"
"92601584","20240426","20240501","享蒔設計有限公司","Casestudy CO., LTD.","臺中市西區忠誠里精誠七街1號1樓","1 F., No. 1, Jingcheng 7th St., Zhongcheng Vil., West Dist., Taichung City 403013, Taiwan (R.O.C.)","鄭O駿","0965-121765","","有","有"
"92601607","20230414","20230620","晶舒視眼鏡股份有限公司","V.C Optical CO., LTD.","臺中市南區工學里高工路80號1樓、2樓","1 F., No. 80, Gaogong Rd., Gongxue Vil., South Dist., Taichung City 402023, Taiwan (R.O.C.)","謝O德","0989192598","","有","有"
"92601640","20230417","20230606","信瑞濾材有限公司","SR Filter LTD.","高雄市三民區重慶街317號5樓之2","5 F.-2, No. 317, Chongqing St., Sanmin Dist., Kaohsiung City 807013, Taiwan (R.O.C.)","陳O雯","0938527278","","有","有"
"92601682","20230417","20230417","花與實有限公司","H&C LOGISTICS Incorporated","臺中市南屯區五權西路二段666號6樓之4","6 F.-4, No. 666, Sec. 2, Wuquan W. Rd., Nantun Dist., Taichung City 408282, Taiwan (R.O.C.)","吳O森","0921065609","","有","有"
"92601727","20230418","20240424","動力鏈空間有限公司","TRIPLE S SPACE CO., LTD.","臺中市南屯區大墩十四街311號1樓","1 F., No. 311, Dadun 14th St., Nantun Dist., Taichung City 408032, Taiwan (R.O.C.)","鄭O","0920-277637","","有","有"
"92601775","20230512","20250613","福隆廣運貿易有限公司","Fook express. CO., LTD.","高雄市前鎮區中山二路91號17樓之8","17 F.-8, No. 91, Zhongshan 2nd Rd., Qianzhen Dist., Kaohsiung City 806612, Taiwan (R.O.C.)","簡O東","0906630900","","有","有"
"92601959","20230615","20230615","焱上有限公司","Golden Flame LTD.","臺中市西區忠誠里忠義街8巷52號1樓","1 F., No. 52, Ln. 8, Zhongyi St., Zhongcheng Vil., West Dist., Taichung City 403023, Taiwan (R.O.C.)","陳O宏","04-23170998","","有","有"
"92601965","20240429","20240429","久嘉有限公司","JIUJIA LTD.","臺中市南區文心南路745之5號13樓之5","13 F.-5, No. 745-5, Wenxin S. Rd., South Dist., Taichung City 402260, Taiwan (R.O.C.)","黃O華","0935896180","","有","有"
"92602036","20230417","20230417","托托買有限公司","TOATOABUY CO., LTD.","臺中市大甲區順天里文武路175號1樓","1 F., No. 175, Wenwu Rd., Shuntian Vil., Dajia Dist., Taichung City 437006, Taiwan (R.O.C.)","林O櫻","0958-551069","","有","有"
"92602057","20230509","20240920","巧克扎普股份有限公司","CHOCOZAP CO., LTD.","臺中市南屯區向心里向心南路942號","No. 942, Xiangxin S. Rd., Xiangxin Vil., Nantun Dist., Taichung City 408008, Taiwan (R.O.C.)","仲O厚輝","02-25219277","","有","有"
"92602063","20230511","20241128","頂階交易有限公司","TOP TRADING LTD.","臺中市西區公益里忠明南路237號9樓之1","9 F.-1, No. 237, Zhongming S. Rd., Gongyi Vil., West Dist., Taichung City 403, Taiwan (R.O.C.)","余O任","04-2376-0559","","有","有"
"92602084","20250218","20250218","拉拉手教育股份有限公司","LALASO EDUCATION GROUP LTD.","臺中市北屯區昌平東七路258號","No. 258, Changping E. 7th Rd., Beitun Dist., Taichung City 406048, Taiwan (R.O.C.)","黃O舜","04-37023937","","有","有"
"92602113","20230420","20241113","沐翌有限公司","FOR TOMORROW COMPANY","臺中市西屯區大河里大河街72號","No. 72, Dahe St., Dahe Vil., Xitun Dist., Taichung City 407039, Taiwan (R.O.C.)","邱O雅","04-22991291","","有","有"
"92602182","20230418","20230418","勁力實業有限公司","True Force CO., LTD.","臺中市南屯區大誠里東興東街65號11樓之1","11 F.-1, No. 65, Dongxing E. St., Dacheng Vil., Nantun Dist., Taichung City 408407, Taiwan (R.O.C.)","黃O生","0910824786","","有","有"
"92602388","20230602","20240530","加禮生活有限公司","JIA-LI LIFE CO., LTD.","臺中市北屯區平昌里天津路四段273之1號1樓","1 F., No. 273-1, Sec. 4, Tianjin Rd., Pingchang Vil., Beitun Dist., Taichung City 406017, Taiwan (R.O.C.)","蔡O樺","0981-135770","","有","有"
"92602401","20230419","20230928","台灣多樂寶有限公司","Global Art Taiwan Ltd.","臺中市南屯區河南路四段481號","No. 481, Sec. 4, Henan Rd., Nantun Dist., Taichung City 408021, Taiwan (R.O.C.)","蔡O榕CHAIBINGYOONG","02-25210710","","有","有"
"92602471","20240926","20240926","嘉成食品股份有限公司","Jiacheng Food CO., LTD.","臺中市太平區興隆里光興路1112之1號1樓","1 F., No. 1112-1, Guangxing Rd., Xinglong Vil., Taiping Dist., Taichung City 411033, Taiwan (R.O.C.)","朱O璇","04-22731312","","有","有"
"92602486","20230510","20241214","笠川科技有限公司","KASAGAWA TECH CO., LTD.","臺中市烏日區環中路八段233號","No. 233, Sec. 8, Huanzhong Rd., Wuri Dist., Taichung City 414019, Taiwan (R.O.C.)","翁O劭","0963-178309","","有","有"
"92602514","20230420","20240502","多得利科技有限公司","DUO DELI MOBILE PARTS CO., LTD.","臺中市北屯區和平里軍和街341號1樓","1 F., No. 341, Junhe St., Heping Vil., Beitun Dist., Taichung City 406007, Taiwan (R.O.C.)","胡O喻","0921353525","","無","無"
"92602535","20230419","20250428","展翔自動化設計有限公司","Zhan Xiang Automation Design Ltd.","臺中市新社區協成里協中街246號1樓","1 F., No. 246, Xiezhong St., Xiecheng Vil., Xinshe Dist., Taichung City 426019, Taiwan (R.O.C.)","劉O榮","04-25814511","04-25818727","有","有"
"92602583","20230426","20250221","齊力日川管理顧問有限公司","CLC HIKAWA Consulting CO., LTD.","臺中市北屯區中清路二段362巷22號2樓","2 F., No. 22, Ln. 362, Sec. 2, Zhongqing Rd., Beitun Dist., Taichung City 406036, Taiwan (R.O.C.)","陳O宏","04-22969898","","有","有"
"92602606","20240402","20240402","奇點數據行銷有限公司","Singularity Data Marketing LTD.","臺中市北屯區文心路四段696號10樓之2","10 F.-2, No. 696, Sec. 4, Wenxin Rd., Beitun Dist., Taichung City 406503, Taiwan (R.O.C.)","邱O崎","","","有","有"
"92602654","20230424","20240809","瑪菈薇薩股份有限公司","Maravillosa INC.","臺中市烏日區三和里高鐵路二段146號3樓之5","3 F.-5, No. 146, Sec. 2, Gaotie Rd., Sanhe Vil., Wuri Dist., Taichung City 414010, Taiwan (R.O.C.)","謝O任","09-21038617","","有","有"
"92602676","20230504","20230504","亨沃科技有限公司","HENG WO TECHNOLOGY., LTD.","臺中市大雅區二和里雅潭路四段６８５號１２樓之５","12F.-5, NO. 685, SEC. 4, YATAN RD., DAYA DIST., TAICHUNG CITY 428, TAIWAN (R.O.C.)","黃O慈","","","無","無"
"92602747","20230420","20230420","科普利信台灣有限公司","Cooperl Taiwan LTD.","臺中市北屯區文心路三段447號4樓","4 F., No. 447, Sec. 3, Wenxin Rd., Beitun Dist., Taichung City 406505, Taiwan (R.O.C.)","余O篤BenoitDidierdeReydetdeVulpillieres","02-25450555#3002","","有","有"
"92602752","20230517","20250515","水福霖企業有限公司","SHUI FULIN ENTERPRISE CO., LTD.","臺中市北屯區水湳里文心路三段447號4樓","4 F., No. 447, Sec. 3, Wenxin Rd., Shuinan Vil., Beitun Dist., Taichung City 406505, Taiwan (R.O.C.)","陳O宇","0911265191","","有","有"
"92602802","20240326","20240326","一宗生技有限公司","E Zong Biotech LTD.","臺中市潭子區嘉仁里人和路46巷12號4樓","4 F., No. 12, Ln. 46, Renhe Rd., Jiaren Vil., Tanzi Dist., Taichung City 427011, Taiwan (R.O.C.)","吳O烈","","","有","有"
"92602818","20230426","20230426","云禾電通有限公司","cloud paddy CO., LTD.","臺中市東區新庄里復興路四段20巷40號1樓","1 F., No. 40, Ln. 20, Sec. 4, Fuxing Rd., Xinzhuang Vil., East Dist., Taichung City 401008, Taiwan (R.O.C.)","段O鼎","0958-931167","","有","有"
"92602866","20240510","20240510","隆安百貨有限公司","Long An Department Store CO., LTD.","臺中市北屯區平陽里安順東五街19號3樓","3 F., No. 19, Anshun E. 5th St., Pingyang Vil., Beitun Dist., Taichung City 406050, Taiwan (R.O.C.)","廖O隆","0931688285","","有","有"
"92602887","20230420","20230420","晶湛創意行銷有限公司","Allin Life Innovation Hub LTD.","臺中市北區中清路一段79號9樓","9 F., No. 79, Sec. 1, Zhongqing Rd., North Dist., Taichung City 404639, Taiwan (R.O.C.)","林O安","02-29038100","","有","有"
"92602970","20230425","20250317","建元科技有限公司","Fit-First Technology CO., LTD.","臺中市西屯區市政北二路238號27樓之1","27 F.-1, No. 238, Shizheng N. 2nd Rd., Xitun Dist., Taichung City 407607, Taiwan (R.O.C.)","吳O家","04-23598130","","有","有"
"92602991","20230427","20230427","柏斯良品有限公司","BOSS Selection LTD.","臺中市豐原區北湳里圓環北路二段88號8樓之3","8 F.-3, No. 88, Sec. 2, Yuanhuan N. Rd., Beinan Vil., Fengyuan Dist., Taichung City 420009, Taiwan (R.O.C.)","鄭O喬","0928-900599","","有","有"
"92603035","20230511","20230511","全球資訊顧問有限公司","Global Information Development CO., LTD.","臺中市西屯區逢甲里西屯路二段256巷6號2樓之6","2 F.-6, No. 6, Ln. 256, Sec. 2, Xitun Rd., Fengjia Vil., Xitun Dist., Taichung City 407428, Taiwan (R.O.C.)","賴O如","0905941365","","有","有"
"92603056","20230424","20230424","科世投資控股股份有限公司","CLA Investment Holdings CO., LTD.","臺中市西區臺灣大道二段285號27樓","27 F., No. 285, Sec. 2, Taiwan Blvd., West Dist., Taichung City 403502, Taiwan (R.O.C.)","陳O瀚","0921334933","","有","有"
"92603106","20230831","20231012","翔裕冷凍倉儲有限公司","Rising Wealth Cold Storage Co., Ltd.","臺中市西屯區永昌二街40號","No. 40, Yongchang 2nd St., Xitun Dist., Taichung City 407, Taiwan","張O裕","04-23114989","","有","有"
"92603128","20230421","20230421","御禾藝術空間有限公司","Yuhe Art Space CO., LTD.","臺中市南屯區豐樂里文心南五路一段321之9號","No. 321-9, Sec. 1, Wenxin S. 5th Rd., Fengle Vil., Nantun Dist., Taichung City 408425, Taiwan (R.O.C.)","吳O強","04-24750389","","有","有"
"92603160","20241210","20241210","京醇國際有限公司","Jin Chun International Co., Ltd.","臺中市北屯區舊社里南興路1370號","No. 1370, Nanxing Rd., Jiushe Vil., Beitun Dist., Taichung City 406549, Taiwan (R.O.C.)","蘇O峻","","","有","有"
"92603204","20231016","20240531","炳逵有限公司","BK CO., LTD.","臺中市北區金龍里健行路6之32號","No. 6-32, Jianxing Rd., Jinlong Vil., North Dist., Taichung City 404014, Taiwan (R.O.C.)","蔣O智","0928011046","","有","有"
"92603210","20230607","20230607","頂利工業有限公司","Ultima CO., LTD.","臺中市大雅區橫山里振興路235號","No. 235, Zhenxing Rd., Hengshan Vil., Daya Dist., Taichung City 428014, Taiwan (R.O.C.)","黃O華","04-24639891","","有","有"
"92603231","20240911","20240911","仟勻國際有限公司","CHIEN-YUN International CO., LTD.","臺中市西區大忠里忠明南路270號7樓之1","7 F.-1, No. 270, Zhongming S. Rd., Dazhong Vil., West Dist., Taichung City 403021, Taiwan (R.O.C.)","賴O蓉","","","有","有"
"92603555","20240522","20250310","艾朵傳媒有限公司","Aidor Media CO., LTD.","臺中市西屯區市政北七路186號15樓之8","15 F.-8, No. 186, Shizheng N. 7th Rd., Xitun Dist., Taichung City 407612, Taiwan (R.O.C.)","廖O安","","","有","有"
"92603598","20230502","20250613","聖展生技股份有限公司","SHINE OUT BIO TECHNOLOGY CO., LTD.","臺中市西屯區臺灣大道二段910號13樓之2","13 F.-2, No. 910, Sec. 2, Taiwan Blvd., Xitun Dist., Taichung City 407600, Taiwan (R.O.C.)","葉O宏","0912966597","","有","有"
"92603627","20240403","20240403","虹景建設開發有限公司","HOMEJING CONSTRUCTION Company Limited","臺中市大雅區二和里雅環路一段323號","No. 323, Sec. 1, Yahuan Rd., Erhe Vil., Daya Dist., Taichung City 428004, Taiwan (R.O.C.)","洪O明","04-37028798","04-37072698","有","有"
"92603648","20230424","20240522","諾亞咖啡股份有限公司","Noah Coffee Bean CO., LTD.","臺中市南屯區黎明里干城街202巷1弄14號1樓","1 F., No. 14, Aly. 1, Ln. 202, Gancheng St., Liming Vil., Nantun Dist., Taichung City 408013, Taiwan (R.O.C.)","蔡O名","0988016587","","有","有"
"92603680","20230425","20230425","圓西股份有限公司","MARUNISHI CO., LTD.","臺中市北區錦新街30之3號","No. 30-3, Jinxin St., North Dist., Taichung City 404333, Taiwan (R.O.C.)","德O樹","00000000","","有","有"
"92603703","20230529","20230529","領御投資股份有限公司","Territory Control Investment CO., LTD.","臺中市西屯區逢福里河南路二段262號3樓之11","3 F.-11, No. 262, Sec. 2, Henan Rd., Fengfu Vil., Xitun Dist., Taichung City 407349, Taiwan (R.O.C.)","黃O平","0975151769","","有","有"
"92603719","20230424","20240531","海湧有限公司","HI IN CO., LTD.","臺中市南屯區永定里永春東六路335號1樓","1 F., No. 335, Yongchun E. 6th Rd., Yongding Vil., Nantun Dist., Taichung City 408010, Taiwan (R.O.C.)","賴O鈺","0926-982819","","有","有"
"92603773","20230807","20230807","欣特貿易有限公司","FORTE TRADING CO., LTD.","臺中市龍井區沙田路五段龍目井116巷21號1樓","1 F., No. 21, Ln. 116, Longmujing, Sec. 5, Shatian Rd., Longjing Dist., Taichung City 434025, Taiwan (R.O.C.)","陳O瑜","04-24367899","","有","有"
"92603788","20230427","20240802","艾夫運動有限公司","EGF SPORTS CO., LTD.","屏東縣高樹鄉南麂11號","No. 11, Nanji, Gaoshu Township, Pingtung County 906004, Taiwan (R.O.C.)","黃O炘","0971300042","","無","無"
"92603801","20230501","20240404","指南針科技有限公司","ZHINANZHEN TECHNOLOGY LTD.","臺中市西屯區何安里臺灣大道二段910號9樓之１","9F.-１, No. 910, Sec. 2, Taiwan Blvd., He'an Vil., Xitun Dist., Taichung City , Taiwan (R.O.C.)","","0978709153","04-23129932","無","無"
"92603871","20230425","20240923","凱聖管理顧問股份有限公司","One Maritime Services Taiwan Co., Ltd.","臺中市北屯區信平路136號5樓之9","5 F.-9, No. 136, Xinping Rd., Beitun Dist., Taichung City 406040, Taiwan (R.O.C.)","陳O鴻","0989-216875","","有","有"
"92603886","20230506","20240821","喚起生活科技有限公司","Deyan CO., LTD.","臺中市西屯區潮洋里市政北二路236號21樓之1","21 F.-1, No. 236, Shizheng N. 2nd Rd., Chaoyang Vil., Xitun Dist., Taichung City 407607, Taiwan (R.O.C.)","","09-12604007","","無","無"
"92603921","20241118","20241118","玖貳資產管理行銷有限公司","Jiuer Asset Management Marketing CO., LTD.","嘉義市西區福全里德明路92號1樓","1 F., No. 92, Deming Rd., Fuquan Vil., West Dist., Chiayi City 600082, Taiwan (R.O.C.)","高O芸","0921400000","","有","有"
"92603936","20230607","20240615","皇宥寵物有限公司","moewdi CO., LTD.","臺中市西區吉龍里五權西三街89號1樓","1 F., No. 89, Wuquan W. 3rd St., Jilong Vil., West Dist., Taichung City 403629, Taiwan (R.O.C.)","林O勳","04-23780001","","有","有"
"92603942","20230504","20230613","布衣寒舍有限公司","Clothing Fabric House Co., ltd.","臺中市西屯區惠來里市政北七路186號5樓之2","5 F.-2, No. 186, Shizheng N. 7th Rd., Huilai Vil., Xitun Dist., Taichung City 407612, Taiwan (R.O.C.)","江O丞","0930204864","","無","無"
"92603984","20230503","20230503","嘉璟科技股份有限公司","JAJING TECHNOLOGY CO., LTD.","臺中市南屯區大業里公益路二段61號3樓之2","3 F.-2, No. 61, Sec. 2, Gongyi Rd., Daye Vil., Nantun Dist., Taichung City 408355, Taiwan (R.O.C.)","周O慧","0928902965","","有","有"
"92603990","20230425","20230425","斯巴克整合行銷有限公司","SPARK CO., LTD.","臺中市西屯區福和里臺灣大道四段847號16樓","16 F., No. 847, Sec. 4, Taiwan Blvd., Fuhe Vil., Xitun Dist., Taichung City 407207, Taiwan (R.O.C.)","謝O樺","04-23586834","","有","有"
"92604013","20230427","20230427","灃創科技股份有限公司","Fong Chuang Tech Knit Co., Ltd.","臺中市南屯區文心路一段218號23樓之1","23 F.-1, No. 218, Sec. 1, Wenxin Rd., Nantun Dist., Taichung City 408385, Taiwan (R.O.C.)","余O宮","04-37013675","04-37013663","有","有"
"92604029","20230617","20230617","枷汎貿易有限公司","Jia Fan Trading CO., LTD.","臺中市西區和龍里日新街45號4樓","4 F., No. 45, Rixin St., Helong Vil., West Dist., Taichung City 403009, Taiwan (R.O.C.)","蕭O泓","0911678528","","有","有"
"92604040","20230425","20230426","澳邦國際有限公司","AUSSIEBUNNY CO., LTD.","臺中市外埔區水美里水美路60號1樓","1 F., No. 60, Shuimei Rd., Shuimei Vil., Waipu Dist., Taichung City 438019, Taiwan (R.O.C.)","李O凱","0970216123","","有","有"
"92604061","20231207","20231207","盈菈有限公司","YingLa CO., LTD.","臺中市豐原區北陽里圓環東路500號1樓","1 F., No. 500, Yuanhuan E. Rd., Beiyang Vil., Fengyuan Dist., Taichung City 420008, Taiwan (R.O.C.)","黃O冠","","","有","有"
"92604175","20230417","20230420","騰隆實業有限公司","SUPER MAX ELECTRONICS LTD.","桃園市龍潭區梅龍路515巷85之6號(1樓)","1 F., No. 85-6, Ln. 515, Meilong Rd., Longtan Dist., Taoyuan City 325002, Taiwan (R.O.C.)","王O騰","03-4705496","","有","有"
"92604225","20230519","20230519","共好科技有限公司","Gonghao. Tech Inc.","桃園市觀音區富源里公園一街76號","No. 76, Gongyuan 1st St., Fuyuan Vil., Guanyin Dist., Taoyuan City 328005, Taiwan (R.O.C.)","蔡O穎","0911960380","","有","有"
"92604230","20230605","20230605","飛式外語有限公司","FlyingDG CO., LTD.","桃園市平鎮區新富里環南路2段265號3樓之7","3 F.-7, No. 265, Sec. 2, Huannan Rd., Xinfu Vil., Pingzhen Dist., Taoyuan City 324603, Taiwan (R.O.C.)","劉O盈","02-29716322","","有","有"
"92604323","20230606","20240531","潤達國際物流有限公司","Runda lnternational Logistics CO., LTD.","桃園市蘆竹區南崁路1段83號18樓之2","18 F.-2, No. 83, Sec. 1, Nankan Rd., Luzhu Dist., Taoyuan City 338207, Taiwan (R.O.C.)","顏O振","0905111329","","有","有"
"92604338","20230417","20230529","熊大行有限公司","SYONG DA HANG CO.,LTD.","桃園市八德區大勤街100巷18弄6號（1樓）","1F., No. 6, Aly. 18, Ln. 100, Daqin St., Bade Dist., Taoyuan City 334011, Taiwan (R.O.C.)","熊O宏","0910665117","","有","有"
"92604365","20230419","20230419","祿凱家居有限公司","LUKA LIVING LTD.","桃園市桃園區中正路1249號13樓之2","13 F.-2, No. 1249, Zhongzheng Rd., Taoyuan Dist., Taoyuan City 330010, Taiwan (R.O.C.)","王O邦","0953-321-630","","有","有"
"92604490","20230421","20231227","亞拓國際有限公司","Atot Ltd.","臺北市大安區忠孝東路4段297號5樓","5 F., No. 297, Sec. 4, Zhongxiao E. Rd., Da’an Dist., Taipei City 106078, Taiwan (R.O.C.)","林O杰","03-3662090","","有","有"
"92604512","20240409","20240409","群悅創新投資股份有限公司","Qun Yue Venture Capital CO., LTD.","桃園市桃園區中正路1306號20樓","20 F., No. 1306, Zhongzheng Rd., Taoyuan Dist., Taoyuan City 330010, Taiwan (R.O.C.)","劉O莊","02-2345-5209","","有","有"
"92604554","20230419","20230419","生森國際貿易有限公司","IKIMORI INTERNATIONAL TRADE CO., LTD.","桃園市中壢區華勛里華美三路371號6樓之3","6 F.-3, No. 371, Huamei 3rd Rd., Huaxun Vil., Zhongli Dist., Taoyuan City 320036, Taiwan (R.O.C.)","吳O平","03-4561217","","有","有"
"92604668","20230421","20230421","國鎂實業有限公司","GUO MEI INDUSTRIAL CO., LTD.","桃園市平鎮區新勢里延平路一段233號（2樓）","2F., No. 233, Sec. 1, Yanping Rd., Xinshi Vil., Pingzhen Dist., Taoyuan City 324001, Taiwan (R.O.C.)","邱O月","0960628252","","有","有"
"92604689","20230505","20240201","千允股份有限公司","ChienYun CO., LTD.","桃園市桃園區經國路857號8樓之2","8 F.-2, No. 857, Jingguo Rd., Taoyuan Dist., Taoyuan City 330063, Taiwan (R.O.C.)","陳O謙","03-2715187","","無","無"
"92604702","20230427","20230427","鑫木有限公司","SHINMU CO., LTD.","桃園市蘆竹區南竹路二段315巷34弄21號","No. 21, Aly. 34, Ln. 315, Sec. 2, Nanzhu Rd., Luzhu Dist., Taoyuan City 338006, Taiwan (R.O.C.)","張O翔","0910618528","","無","無"
"92604718","20231116","20231214","懿雲科技股份有限公司","E-Cloud CO., LTD.","臺北市內湖區洲子街12號2樓","2 F., No. 12, Zhouzi St., Neihu Dist., Taipei City 114064, Taiwan (R.O.C.)","張O光","","","有","有"
"92604724","20230428","20240704","巴庫科技有限公司","Baku Technology Limited","桃園市中壢區延平路500號10樓之2","10 F.-2, No. 500, Yanping Rd., Zhongli Dist., Taoyuan City 320061, Taiwan (R.O.C.)","","0958339610","","無","無"
"92604745","20230420","20230420","阿茲提克科技股份有限公司","Aztecas Co., Ltd.","桃園市八德區大和里金和路20號22樓","22 F., No. 20, Jinhe Rd., Dahe Vil., Bade Dist., Taoyuan City 334615, Taiwan (R.O.C.)","楊O欣","0975656906","","無","無"
"92604750","20230713","20231226","將盛股份有限公司","JIANG SHENG MOBILE GAMES CO., LTD.","桃園市龜山區復興一路212巷32號","No. 32, Ln. 212, Fuxing 1st Rd., Guishan Dist., Taoyuan City 333005, Taiwan (R.O.C.)","胡O仁","03-3186009","","有","有"
"92604793","20230427","20240910","品亦國際有限公司","PINY INTEERNATIONAL.CO.,LTD","新北市淡水區新市三路2段239號23樓","23 F., No. 239, Sec. 2, Xinshi 3rd Rd., Tamsui Dist., New Taipei City 251660, Taiwan (R.O.C.)","秦O采","0958241413","","有","有"
"92604843","20230427","20230427","創毅電商有限公司","CHUANG YI E-COMMERCE CO., LTD.","桃園市桃園區萬壽路三段57號（1樓）","No. 57, Sec. 3, Wanshou Rd., Taoyuan Dist., Taoyuan City 330024, Taiwan (R.O.C.)","楊O毅","03-3333036","","有","有"
"92604858","20250422","20250422","趙一科技有限公司","JAWYI TECHNOLOGY LTD.","桃園市中壢區中建里中央西路一段1號7樓","7 F., No. 1, Sec. 1, Zhongyang W. Rd., Zhongjian Vil., Zhongli Dist., Taoyuan City 320002, Taiwan (R.O.C.)","趙O豪","","","有","有"
"92604870","20230717","20230717","吉子玩設計室內裝修有限公司","yoshiko CO., LTD.","桃園市觀音區福德街576巷1號","No. 1, Ln. 576, Fude St., Guanyin Dist., Taoyuan City 328007, Taiwan (R.O.C.)","陳OO","0222159578","","有","有"
"92604885","20230425","20230425","富羽科技有限公司","TOMIHANE Technology CO., LTD.","桃園市蘆竹區羊稠里仁愛路三段260巷71號九樓","9 F., No. 71, Ln. 260, Sec. 3, Ren’ai Rd., Yangchou Vil., Luzhu Dist., Taoyuan City 338104, Taiwan (R.O.C.)","李O聖","03-3112478","","有","有"
"92604908","20230420","20230921","仁敏貿易有限公司","REN MIN INTERNATIONAL TRADING CO., LTD.","桃園市大溪區仁和路2段190巷316號2樓","2 F., No. 316, Ln. 190, Sec. 2, Renhe Rd., Daxi Dist., Taoyuan City 335004, Taiwan (R.O.C.)","江O峒","0910572585","","有","有"
"92604920","20240425","20240425","昱盛國際生物科技有限公司維爾漾分公司","SA FIAR BIO-TECH INTERNATIONAL CO., LTD. WRY BRANCH","桃園市大園區大智路9號","No. 9, Dazhi Rd., Dayuan Dist., Taoyuan City 337002, Taiwan (R.O.C.)","王O鈞","","","有","有"
"92604935","20230421","20241018","凱瑞國際行銷有限公司","KAI RUI International Marketing LTD.","桃園市平鎮區廣興里忠孝路179巷1號2樓","2 F., No. 1, Ln. 179, Zhongxiao Rd., Guangxing Vil., Pingzhen Dist., Taoyuan City 324007, Taiwan (R.O.C.)","","0958806102","","無","無"
"92604941","20230426","20240906","食間餐飲股份有限公司","Foodspace Corporation","桃園市龜山區華亞二路222號","No. 222, Huaya 2nd Rd., Guishan Dist., Taoyuan City 333411, Taiwan (R.O.C.)","葉O凱","03-3961111#3309","03-3960834","有","有"
"92604999","20230922","20230922","仁五七有限公司","Renwuqi LTD.","桃園市大溪區仁和里仁和五街７號","No. 7, Renhe 5th St., Renhe Vil., Daxi Dist., Taoyuan City 335006, Taiwan (R.O.C.)","陳O鴻","0987081804","","有","有"
"92605033","20230503","20230503","救地球股份有限公司","Restore  The Earth CORP.","桃園市楊梅區金德路60號3樓","3 F., No. 60, Jinde Rd., Yangmei Dist., Taoyuan City 326103, Taiwan (R.O.C.)","王O源","03-4780600","","有","有"
"92605110","20250508","20250523","辰妍國際文化娛樂股份有限公司","CHEN YAN INTERNATIONAL CULTURE & ENTERTAINMENT CO., LTD.","桃園市桃園區青溪里三民路一段193號(5樓)","5 F., No. 193, Sec. 1, Sanmin Rd., Qingxi Vil., Taoyuan Dist., Taoyuan City 330017, Taiwan (R.O.C.)","李O宇","03-3313424","","有","有"
"92605147","20230424","20240118","花納自然療癒有限公司","Hannah Natural Healing CO., LTD.","","","","0920888877","","無","無"
"92605287","20230425","20230712","昱昇國際運通股份有限公司","DKS International Trading Service CO., LTD.","桃園市桃園區同安街673號一樓","1 F., No. 673, Tong’an St., Taoyuan Dist., Taoyuan City 330008, Taiwan (R.O.C.)","鍾O愷","09-35095444","","有","有"
"92605293","20230428","20240613","爵旗事業有限公司","Jukii Business CO., LTD.","桃園市桃園區同安里藝文一街86之5號6樓","6 F., No. 86-5, Yiwen 1st St., Tong’an Vil., Taoyuan Dist., Taoyuan City 330007, Taiwan (R.O.C.)","蔡O儀","0908865652","","有","有"
"92605391","20230511","20241030","宏捷航空貨運承攬有限公司","HONG JIE AIR CARGO CONTRACTING CO., LTD.","桃園市大園區竹圍里航翔路101號４樓T4015室","Rm. T4015, 4 F., No. 101, Hangxiang Rd., Zhuwei Vil., Dayuan Dist.,  Taoyuan City 337409, Taiwan (R.O.C.)","朱O淙","0932235587","","有","有"
"92605441","20230901","20250409","匯利智造有限公司","HuiLi Zhizao Ltd.","桃園市桃園區大興西路一段262號6樓","6 F., No. 262, Sec. 1, Daxing W. Rd., Taoyuan Dist., Taoyuan City 330007, Taiwan (R.O.C.)","林O君","0925210956","","有","有"
"92605548","20230818","20230818","聿見有限公司","YuJian Dental Supply CO., LTD.","桃園市桃園區中泰里國聖二街149號6樓","6 F., No. 149, Guosheng 2nd St., Zhongtai Vil., Taoyuan Dist., Taoyuan City 330626, Taiwan (R.O.C.)","徐O浩","0910-605853","","有","有"
"92605553","20230426","20230426","宇翔國際防火有限公司","Yuxiang International Fire Protection CO., LTD.","桃園市桃園區南門里南豐街294巷2號","No. 2, Ln. 294, Nanfeng St., Nanmen Vil., Taoyuan Dist., Taoyuan City 330044, Taiwan (R.O.C.)","許O淵","0922488312","","有","有"
"92605575","20230426","20230519","大興光科技股份有限公司","Diopter precision Taiwan CO., LTD.","桃園市平鎮區平南里中豐路南勢二段460巷108號 (四樓)","4 F., No. 108, Ln. 460, Nanshi Sec. 2, Zhongfeng Rd., Pingnan Vil., Pingzhen Dist., Taoyuan City 324032, Taiwan (R.O.C.)","葉O成","03-4397105","","有","有"
"92605603","20230519","20230519","翔泰科技有限公司","HSIANGTEK LTD.","桃園市桃園區中平里泰昌三街58號二樓","2 F., No. 58, Taichang 3rd St., Zhongping Vil., Taoyuan Dist., Taoyuan City 330765, Taiwan (R.O.C.)","鄭O君","0987-526008","","有","有"
"92605619","20230510","20240621","榕欣國際企業有限公司","Rong Shin  International Company Limited","桃園市中壢區青埔里青商路61號2樓","2F., No. 61, Qingshang Rd., Qingpu Vil., Zhongli Dist.,  Taoyuan City 320016, Taiwan (R.O.C.)","張O芬","0987-156009","","有","有"
"92605651","20240612","20240612","峻成科技有限公司","CHUN CHEN TECHNOLOGY Limited Company","桃園市中壢區後寮二路201巷18號6樓","6 F., No. 18, Ln. 201, Houliao 2nd Rd., Zhongli Dist., Taoyuan City 320678, Taiwan (R.O.C.)","張O毅","0918508842","","有","有"
"92605694","20240606","20240606","樂河有限公司","RIVER OF JOY CO., LTD.","桃園市桃園區同安里中正路1058號14樓","14 F., No. 1058, Zhongzheng Rd., Tong’an Vil., Taoyuan Dist., Taoyuan City 330010, Taiwan (R.O.C.)","吳O慧","","","有","有"
"92605759","20230713","20230713","麥多多國際有限公司","Mcdodo International CO., LTD.","桃園市桃園區永福西街100號","No. 100, Yongfu W. St., Taoyuan Dist., Taoyuan City 330041, Taiwan (R.O.C.)","張O楷","03-3674356","","有","有"
"92605863","20230509","20250612","杰森國際貿易有限公司","Jason brake CO., LTD.","新北市三重區重陽路4段130號12樓","12 F., No. 130, Sec. 4, Chongyang Rd., Sanchong Dist., New Taipei City 241036, Taiwan (R.O.C.)","朱O翝","03-3292255","","有","有"
"92605955","20241220","20241220","世大開發科技股份有限公司","Shida Development Technology CO., LTD.","桃園市蘆竹區長興里南崁路二段228巷16弄19號","No. 19, Aly. 16, Ln. 228, Sec. 2, Nankan Rd., Changxing Vil., Luzhu Dist., Taoyuan City 338015, Taiwan (R.O.C.)","林O俊","","","有","有"
"92606032","20230807","20230807","豪成資源管理顧問股份有限公司","Haocheng Resource Management Consultant CO., LTD.","桃園市蘆竹區錦中里南崁路1段83號7樓之4","7 F.-4, No. 83, Sec. 1, Nankan Rd., Jinzhong Vil., Luzhu Dist., Taoyuan City 338207, Taiwan (R.O.C.)","蘇O慎","0988266338","","有","有"
"92606053","20240312","20240312","冠德豐國際有限公司","Crownec International Limited","桃園市桃園區正光路423之8號5樓","5 F., No. 423-8, Zhengguang Rd., Taoyuan Dist., Taoyuan City 330060, Taiwan (R.O.C.)","林O芬(LAMSAUFANVICKY)","0937301628","","有","有"
"92606069","20230501","20230501","端點認證科技有限公司","Endpoint Certification Co., Ltd","桃園市桃園區雲林里10鄰昆明路138巷1之1號","No. 1-1, Ln. 138, Kunming Rd., 10th Neighborhood, Yunlin Vil., Taoyuan Dist., Taoyuan City 330050, Taiwan (R.O.C.)","吳O文","0909993705","","有","有"
"92606096","20230428","20230428","隆驊貿易有限公司","LONG HOA COMMERCE CO., LTD.","桃園市桃園區同安里中正路1092號25樓","25 F., No. 1092, Zhongzheng Rd., Tong’an Vil., Taoyuan Dist., Taoyuan City 330010, Taiwan (R.O.C.)","陳O男","0916012899","","有","有"
"92606119","20230913","20230913","楷勝航空貨運承攬有限公司","KAI SHENG EXPRESS CO., LTD.","桃園市蘆竹區忠孝西路182巷12號3樓","3 F., No. 12, Ln. 182, Zhongxiao W. Rd., Luzhu Dist., Taoyuan City 338005, Taiwan (R.O.C.)","徐O淂","03-3832917","03-3832908","有","有"
"92606125","20230727","20230727","醫湖生技股份有限公司","E-Hu Biotechnolog CO., LTD.","桃園市桃園區江南九街36號","No. 36, Jiangnan 9th St., Taoyuan Dist., Taoyuan City 330053, Taiwan (R.O.C.)","呂O傑","03-3606380","","有","有"
"92606173","20230508","20240828","宏菲國際貿易有限公司","Hongfei International Trade CO., LTD.","桃園市觀音區崙坪里福祥路1段261號(1樓)","1 F., No. 261, Sec. 1, Fuxiang Rd., Lunping Vil., Guanyin Dist., Taoyuan City 328006, Taiwan (R.O.C.)","","0910607449","","無","無"
"92606194","20230503","20240315","輝旭材料股份有限公司","Huixu Materials Co., Ltd.","桃園市楊梅區瑞梅街2巷2號(1樓)","1 F., No. 2, Ln. 2, Ruimei St., Yangmei Dist., Taoyuan City 326028, Taiwan (R.O.C.)","黃O慈","0916-254-775","","有","有"
"92606201","20231023","20231023","豐平租車有限公司","FENGPING CAR RENTAL CO., LTD.","桃園市桃園區漢中路108巷6號4樓","4 F., No. 6, Ln. 108, Hanzhong Rd., Taoyuan Dist., Taoyuan City 330044, Taiwan (R.O.C.)","張O萍","03-3630007","","有","有"
"92606315","20240119","20250614","潔新研創有限公司","HUNG YIN CAR WASH CO., LTD.","苗栗縣頭份市文化里翠亨路83巷5弄12號（一樓）","1F., No. 12, Aly. 5, Ln. 803, Cuiheng Rd., Wenhua Vil., Toufen City,  Miaoli County 351011, Taiwan (R.O.C.)","洪O哲","","","有","有"
"92606336","20230724","20240302","奇楠王股份有限公司","QI NAN WANG CO., LTD.","桃園市桃園區中寧里大興西路2段63號11樓","11 F., No. 63, Sec. 2, Daxing W. Rd., Zhongning Vil., Taoyuan Dist., Taoyuan City 330012, Taiwan (R.O.C.)","劉O宗","0225011222","","有","有"
"92606413","20230508","20230508","文的多次方有限公司","WEN MULTIPLE TIMES CO., LTD.","桃園市蘆竹區新莊里大興十二街38號(1樓)","1 F., No. 38, Daxing 12th St., Xinzhuang Vil., Luzhu Dist., Taoyuan City 338030, Taiwan (R.O.C.)","胡O龍","0916518866","","有","有"
"92606434","20230505","20241130","開富科技有限公司","KAIFUTW TECHNOLOGY LTD.","桃園市桃園區三民路三段481巷18號","No. 18, Ln. 481, Sec. 3, Sanmin Rd., Taoyuan Dist., Taoyuan City 330065, Taiwan (R.O.C.)","彭O傑","0908551332","","有","有"
"92606595","20230505","20230630","澳犇股份有限公司","AusBne LTD.","桃園市平鎮區復興里廣德街78巷46號（1樓）","No. 46, Ln. 78, Guangde St., Fuxing Vil., Pingzhen Dist., Taoyuan City 324008, Taiwan (R.O.C.)","宋O慶","0986063957","","無","無"
"92606618","20230519","20230519","大和優旭股份有限公司","YS Yamato CO., LTD.","桃園市蘆竹區山腳里富貴街2巷1號（2樓）","No. 1, Ln. 2, Fugui St., Shanjiao Vil., Luzhu Dist., Taoyuan City 338011, Taiwan (R.O.C.)","江O文","0953125763","","有","有"
"92606624","20230509","20230509","法拉貿易有限公司","FARAD INTERNATIONAL TRADING CO., LTD.","桃園市桃園區自強里經國路725號(2樓)","2 F., No. 725, Jingguo Rd., Ziqiang Vil., Taoyuan Dist., Taoyuan City 330008, Taiwan (R.O.C.)","郭O榮","03-3467085","","有","有"
"92606693","20230504","20230504","宇羽國際有限公司","Babylis CO., LTD.","桃園市中壢區青埔里高鐵站前西路1段268號7樓之1","7F.-1, No. 268, Sec. 1, Gaotiezhanqian W. Rd., Zhongli Dist., Taoyuan City 320016 , Taiwan (R.O.C.)","施O廷","03-2876887","","有","有"
"92606770","20230615","20240815","箱洋包裝有限公司","XiangYangPackaging LTD.","彰化縣彰化市水源路418之5號","No. 418-5, Shuiyuan Rd., Changhua City, Changhua County 500030, Taiwan (R.O.C.)","莊O筌","09-06557871","","有","有"
"92606820","20230530","20230530","蛋生醫技術股份有限公司","Dr. EGG BIOMEDICAL TECHNOLOGY CO., LTD.","桃園市桃園區中正路1067號8樓","8 F., No. 1067, Zhongzheng Rd., Taoyuan Dist., Taoyuan City 330010, Taiwan (R.O.C.)","古O海","03-3576168","","有","有"
"92606899","20230523","20230523","龍江實業有限公司","Longjiang Industrial CO., LTD.","桃園市平鎮區新英里環南路2段280號13樓之5","13 F.-5, No. 280, Sec. 2, Huannan Rd., Xinying Vil., Pingzhen Dist., Taoyuan City 324621, Taiwan (R.O.C.)","柯O彤","03-4020104","","有","無"
"92606912","20230524","20230524","紳睿醫材有限公司","SUNRAY MEDICAL LTD.","桃園市桃園區雲林里18鄰大豐路50號2樓","2 F., No. 50, Dafeng Rd., Taoyuan Dist., Taoyuan City 330055, Taiwan (R.O.C.)","鄭O柔","03-3639868","","有","有"
"92606954","20230905","20230905","明立股份有限公司","MING-LI CO., LTD.","桃園市龍潭區中山里28鄰中正路261巷73號12樓","12 F., No. 73, Ln. 261, Zhongzheng Rd., 28th Neighborhood, Zhongshan Vil., Longtan Dist., Taoyuan City 325017, Taiwan (R.O.C.)","陳O佑","03-2739527","","有","有"
"92606997","20230510","20230510","星之宇國際事業有限公司","StarSilver CO., LTD.","桃園市平鎮區中庸路45巷138號","No. 138, Ln. 45, Zhongyong Rd., Pingzhen Dist., Taoyuan City 324018, Taiwan (R.O.C.)","黃O翔","0989698128","","無","無"
"92607026","20230510","20240926","正林實業有限公司","Genuine Woods Industry LTD.","臺北市士林區後港街147號","No. 147, Hougang St., Shilin Dist., Taipei City 111059, Taiwan (R.O.C.)","林O智","0971787117","","有","有"
"92607031","20230511","20230511","泛泰熔射股份有限公司","K-Shine Spray Technology co.,Ltd.","桃園市龜山區萬壽路2段438號","No. 438, Sec. 2, Wanshou Rd., Guishan Dist., Taoyuan City 333019, Taiwan (R.O.C.)","陳O杰","03-3291212","","有","有"
"92607074","20230920","20230920","珺宅藝業有限公司","DREAMZAI LTD.","桃園市蘆竹區中正路1號","No. 1, Zhongzheng Rd., Luzhu Dist., Taoyuan City 338023, Taiwan (R.O.C.)","于O華","03-3127355","","有","有"
"92607095","20230509","20240313","大得實業有限公司","LDA Enterprise LTD.","桃園市桃園區經國路11號11樓之2","11 F.-2, No. 11, Jingguo Rd., Taoyuan Dist., Taoyuan City 330020, Taiwan (R.O.C.)","李O舜","03-","","有","有"
"92607102","20240119","20240620","智夢未來股份有限公司","KTJ Global CO., LTD.","桃園市桃園區同安里中正路1058號7樓","7 F., No. 1058, Zhongzheng Rd., Tong’an Vil., Taoyuan Dist., Taoyuan City 330010, Taiwan (R.O.C.)","","","","無","無"
"92607124","20250411","20250411","薇薇安插畫有限公司","Vivianshen Illustration LTD.","桃園市中壢區陸光五街67號六樓","6 F., No. 67, Luguang 5th St., Zhongli Dist., Taoyuan City 320031, Taiwan (R.O.C.)","沈O慧","+886987577921","","有","有"
"92607139","20230511","20240727","永展工業股份有限公司","Prime Sheet Metal Co., Ltd.","桃園市蘆竹區錦中里10鄰錦順街47之1號","No. 47-1, Jinshun St., 10th Neighborhood, Jinzhong Vil., Luzhu Dist., Taoyuan City 338019, Taiwan (R.O.C.)","林O錦","0963500030","","有","有"
"92607150","20230717","20241129","奇想弼富有限公司","ASON INNOVATION DESIGN LTD.","桃園市桃園區南埔里永安路525號","No. 525, Yong’an Rd., Nanpu Vil., Taoyuan Dist., Taoyuan City 330037, Taiwan (R.O.C.)","梁O軒","0938711585","","有","有"
"92607166","20230628","20230714","悠化管理顧問有限公司","Yuhua Consultant Limited","桃園市桃園區同安里新埔六街77號9樓之5","9 F.-5, No. 77, Xinpu 6th St., Tong’an Vil., Taoyuan Dist., Taoyuan City 330007, Taiwan (R.O.C.)","林O閔","0915535081","","有","有"
"92607193","20230510","20250111","海嘯國際股份有限公司","Tsunami International Corporation","桃園市蘆竹區大興十一街100巷32號(1樓)","1 F., No. 32, Ln. 100, Daxing 11th St., Luzhu Dist., Taoyuan City 338030, Taiwan (R.O.C.)","陳O豪","03-3576700","","有","有"
"92607497","20230616","20230616","誼駿實業","EJ AUTO WORKSHOPS SHOP","桃園市中壢區至善里龍昌路102號(1樓)","1 F., No. 102, Longchang Rd., Zhishan Vil., Zhongli Dist., Taoyuan City 320051, Taiwan (R.O.C.)","何O誼","03-4659829","","有","有"
"92607659","20230605","20230606","俐羽企業社","J&C Europe International Shop","桃園市桃園區光興里縣府路110號4樓之1","4 F.-1, No. 110, Xianfu Rd., Guangxing Vil., Taoyuan Dist., Taoyuan City 330026, Taiwan (R.O.C.)","陳O羽","0901-057-665","","有","有"
"92607948","20230607","20230607","趣洞國際貿易","Fun Hole Co.","桃園市八德區大智里永福西街70巷1號五樓之1","5 F.-1, No. 1, Ln. 70, Yongfu W. St., Dazhi Vil., Bade Dist., Taoyuan City 334638, Taiwan (R.O.C.)","韓O峻","0925587582","","有","有"
"92609002","20230619","20230619","迷途小熊工作室","Orso Mitu Co.","桃園市蘆竹區南崁里經國路890號16樓","16 F., No. 890, Jingguo Rd., Nankan Vil., Luzhu Dist., Taoyuan City 338018, Taiwan (R.O.C.)","韓O雯","0972957468","","有","有"
"92609262","20240722","20240722","敘杯咖啡商行","XU BEI COFFEE SHOP Co.","桃園市蘆竹區南興里南福街101號(1樓)","1 F., No. 101, Nanfu St., Nanxing Vil., Luzhu Dist., Taoyuan City 338209, Taiwan (R.O.C.)","陳O臻","0972017682","","有","有"
"92609381","20231025","20250519","展億高空機械企業社","Zhanyi Aerial Machinery Enterprise Co.","桃園市中壢區中建里延平路500號12樓之3","12 F.-3, No. 500, Yanping Rd., Zhongjian Vil., Zhongli Dist., Taoyuan City 320061, Taiwan (R.O.C.)","陳O素珍","03-2756586","033819610","有","有"
"92609452","20230620","20250618","蓓蓓商行","ChenMao Shop","臺中市大雅區四德里學府路７６巷７０號１樓","1 F., No. 70, Ln. 76, Xuefu Rd., Side Vil., Daya Dist., Taichung City 428321, Taiwan (R.O.C.)","石O怡","0916888693","","有","有"
"92609734","20230626","20230626","立元貿易行","LI-YUAN Trading Co.","桃園市平鎮區新貴里關爺北路46巷3號","No. 3, Ln. 46, Guanye N. Rd., Xingui Vil., Pingzhen Dist., Taoyuan City 324015, Taiwan (R.O.C.)","楊O良","0953982369","","無","無"
"92610079","20230620","20230620","宏誠國際貿易企業社","Hongcheng International Trading Co.","桃園市中壢區普強里中山東路2段18號3樓","3 F., No. 18, Sec. 2, Zhongshan E. Rd., Puqiang Vil., Zhongli Dist., Taoyuan City 320042, Taiwan (R.O.C.)","魏O仁","0903515568","","無","無"
"92610161","20230817","20230817","拾參商行","Shi San Company","桃園市龜山區嶺頂里萬壽路二段46巷75號(3樓)","3 F., No. 75, Ln. 46, Sec. 2, Wanshou Rd., Lingding Vil., Guishan Dist., Taoyuan City 333019, Taiwan (R.O.C.)","余O翰","0955306496","","有","有"
"92610248","20250319","20250319","婷婷電商企業社","ting-ting E-commerce Studio","桃園市中壢區德義里中山東路一段155號5樓","5 F., No. 155, Sec. 1, Zhongshan E. Rd., Deyi Vil., Zhongli Dist., Taoyuan City 320001, Taiwan (R.O.C.)","吳O怡","","","有","有"
"92610330","20250319","20250319","緯緯電商企業社","wei-wei E-commerce Studio","桃園市中壢區德義里中山東路一段155號5樓","5 F., No. 155, Sec. 1, Zhongshan E. Rd., Deyi Vil., Zhongli Dist., Taoyuan City 320001, Taiwan (R.O.C.)","林O緯","","","有","有"
"92610373","20250121","20250121","勝銓工程行","sheng quan gong cheng Workshop","桃園市桃園區光興里縣府路110號4樓之1","4 F.-1, No. 110, Xianfu Rd., Guangxing Vil., Taoyuan Dist., Taoyuan City 330026, Taiwan (R.O.C.)","王O生","0930577007","","有","有"
"92610704","20230717","20230717","得展企業社","De Zhan Company","桃園市桃園區寶民里民光東路118號12樓","12 F., No. 118, Minguang E. Rd., Baomin Vil., Taoyuan Dist., Taoyuan City 330018, Taiwan (R.O.C.)","何O益","02-23706058","02-23706066","有","有"
"92610747","20240517","20240517","寶仁堂","Baoren Co.","桃園市中壢區光明里義民路二段25巷5號(1樓)","1 F., No. 5, Ln. 25, Sec. 2, Yimin Rd., Guangming Vil., Zhongli Dist., Taoyuan City 320015, Taiwan (R.O.C.)","吳O德","","","有","有"
"92610893","20231206","20231206","優墨企業社","You.mo Company","桃園市中壢區幸福里福星七街124號6樓","6 F., No. 124, Fuxing 7th St., Xingfu Vil., Zhongli Dist., Taoyuan City 320019, Taiwan (R.O.C.)","余O帆","","","有","有"
"92610985","20230711","20230711","艾立賀資訊社","AI LI HE,ZI-XUN-SHE Co.","桃園市中壢區新街里延平路276號(1樓)","1 F., No. 276, Yanping Rd., Xinjie Vil., Zhongli Dist., Taoyuan City 320045, Taiwan (R.O.C.)","洪O哲","04-23765199","","有","有"
"92611008","20230720","20230720","台雲行","Taiyun Hang","桃園市楊梅區瑞溪里梅獅路二段166巷25號7樓","7 F., No. 25, Ln. 166, Sec. 2, Meishi Rd., Ruixi Vil., Yangmei Dist., Taoyuan City 326009, Taiwan (R.O.C.)","謝O齡","03-4250872","","無","無"
"92611133","20231025","20231025","精神時光屋企業社","Timecapsule Firm","桃園市桃園區同安里藝文一街86之1號8樓","8 F., No. 86-1, Yiwen 1st St., Tong’an Vil., Taoyuan Dist., Taoyuan City 330007, Taiwan (R.O.C.)","陳O珮","033468891","","有","有"
"92611289","20230804","20230804","森森相昔工作室","SENSIBLE GOODS WORKSHOP","桃園市桃園區武陵里復興路98號8樓之3","8 F.-3, No. 98, Fuxing Rd., Wuling Vil., Taoyuan Dist., Taoyuan City 330045, Taiwan (R.O.C.)","林O岑","0909988395","","無","無"
"92611339","20240403","20240410","有一間團購店","LIN MEI HUI Co.","桃園市平鎮區東安里龍安路9號(1樓)","1 F., No. 9, Long’an Rd., Dong’an Vil., Pingzhen Dist., Taoyuan City 324027, Taiwan (R.O.C.)","林O惠","","","無","無"
"92611416","20230628","20230628","千易企業社","CHIAN YIH Co.","桃園市桃園區瑞慶里敬三街16號12樓","12 F., No. 16, Jing 3rd St., Ruiqing Vil., Taoyuan Dist., Taoyuan City 330061, Taiwan (R.O.C.)","鄭O皓","03-3179558#565","","有","有"
"92612127","20230928","20240802","森野企業社","SEN YE COMPANY","桃園市桃園區東山里安東街95號(2樓)","2 F., No. 95, Andong St., Dongshan Vil., Taoyuan Dist., Taoyuan City 330014, Taiwan (R.O.C.)","王O哲","0955374862","","有","有"
"92612219","20230807","20230807","星球行","Planets Express Company","桃園市蘆竹區南崁里南崁路265號6樓之6","6 F.-6, No. 265, Nankan Rd., Nankan Vil., Luzhu Dist., Taoyuan City 338019, Taiwan (R.O.C.)","張O皓","03-5100868","","無","無"
"92612267","20240930","20240930","惠而美工作室","Heng-Mei-Li Enterprise Company","桃園市桃園區中山里中平路98號14樓之1","14 F.-1, No. 98, Zhongping Rd., Zhongshan Vil., Taoyuan Dist., Taoyuan City 330795, Taiwan (R.O.C.)","李O惠","0976070939","","有","有"
"92612421","20240502","20240502","毅豐實業社","Yi Feng A Co.","桃園市平鎮區平南里中豐路南勢二段460巷98-1號","No. 98-1, Ln. 460, Nanshi Sec. 2, Zhongfeng Rd., Pingnan Vil., Pingzhen Dist., Taoyuan City 324032, Taiwan (R.O.C.)","蔡O萍","0988211931","","有","有"
"92612885","20250430","20250524","黑喵商行","Black Meow Company","桃園市中壢區幸福里福星七街124號6樓","6 F., No. 124, Fuxing 7th St., Xingfu Vil., Zhongli Dist., Taoyuan City 320019, Taiwan (R.O.C.)","賈O麗","","","有","有"
"92612908","20250430","20250430","杰梧企業社","Feima Company","桃園市中壢區幸福里福星七街124號6樓","6 F., No. 124, Fuxing 7th St., Xingfu Vil., Zhongli Dist., Taoyuan City 320019, Taiwan (R.O.C.)","張O茜","","","有","有"
"92612999","20230707","20240619","豪吉逸商行","Haojiyi Family Goods and General Store","桃園市龍潭區大平里民強街37號5樓之16","5F.-16, No. 37, Minqiang St., Daping Vil., Longtan Dist., Taoyuan City 325007, Taiwan (R.O.C.)","許O彰","09-89469818","","有","有"
"92613168","20230821","20230821","永記企業社","Forever Best CO.","桃園市觀音區富林里大觀路三段117號(1樓)","1 F., No. 117, Sec. 3, Daguan Rd., Fulin Vil., Guanyin Dist., Taoyuan City 328013, Taiwan (R.O.C.)","李O堂","03-483-9534","","有","有"
"92613337","20240524","20240912","晶禾企業社","Galaxy trading Co.","新北市三重區六張街８７號","No. 87, Liuzhang St., Sanchong Dist., New Taipei City 241619, Taiwan (R.O.C.)","鄭O偉","","","有","有"
"92617220","20230522","20230522","財團法人新北市私立雙鴻慈善公益基金會","Auras Charity Foundation","新北市新莊區五權三路6號3樓","3 F., No. 6, Wuquan 3rd Rd., Xinzhuang Dist., New Taipei City 248021, Taiwan (R.O.C.)","陳O偉","02-89901653","","有","有"
"92619825","20230516","20230516","藍海兔工作室","Blue Sea Hare House","新竹市北區金竹里湳雅街311巷63號三樓","3 F., No. 63, Ln. 311, Nanya St., Jinzhu Vil., North Dist., Hsinchu City 300011, Taiwan (R.O.C.)","陳O竹","0958789225","","有","有"
"92619971","20230503","20230503","雪松木自媒體工作室","Cedar Wood Studio","新竹市東區光明里光復路二段165巷32號三樓","3 F., No. 32, Ln. 165, Sec. 2, Guangfu Rd., Guangming Vil., East Dist., Hsinchu City 300042, Taiwan (R.O.C.)","陳O均","0927936248","","有","有"
"92620034","20230531","20250501","全欣企業社","Ouan Xin Company","新竹市北區石坊里石坊街47號三樓","3 F., No. 47, Shifang St., Shifang Vil., North Dist., Hsinchu City 300019, Taiwan (R.O.C.)","劉O全","0938763970","","有","有"
"92620127","20230608","20230608","星愿文化商行","Wishing on a starry night trade Company","新竹市香山區延平路二段162號二樓","2 F., No. 162, Sec. 2, Yanping Rd., Xiangshan Dist., Hsinchu City 300021, Taiwan (R.O.C.)","許O瑋","0916567755","","有","有"
"92620724","20250109","20250109","韋可嘉嬰幼兒用品館","Wei Ke Jia baby products Shop","新竹市東區振興里振興一街73號三樓","3 F., No. 73, Zhenxing 1st St., Zhenxing Vil., East Dist., Hsinchu City 300081, Taiwan (R.O.C.)","黃O婷","","","有","有"
"92620908","20230706","20230706","古道企業行","GUDAO ENTERPRISES CO.","新竹市北區興南里中山路233之7號一樓","1 F., No. 233-7, Zhongshan Rd., Xingnan Vil., North Dist., Hsinchu City 300028, Taiwan (R.O.C.)","潘O妤","0916738111","","有","有"
"92623356","20230717","20230717","珍珠選物行","CHUBABE SELECT CO.","新竹市東區光鎮里南大路７３６-１號","No. 736-1, Nanda Rd., Guangzhen Vil., East Dist., Hsinchu City 300036, Taiwan (R.O.C.)","董O廷","03-5285615","","無","無"
"92623659","20231219","20231219","多沐森企業社","Domore Sense Company","新竹市北區仁德里北大路３０７號9樓之３","9 F.-3, No. 307, Beida Rd., Rende Vil., North Dist., Hsinchu City 300076, Taiwan (R.O.C.)","林O娟","","","有","有"
"92623763","20231016","20231016","維修大叔專賣店","Service Uncle Store","新竹市東區立功里光復路二段２２０號一樓","1 F., No. 220, Sec. 2, Guangfu Rd., Ligong Vil., East Dist., Hsinchu City 300044, Taiwan (R.O.C.)","巫O豐","0975-928563","","無","無"
"92625045","20230922","20240521","山林企業行","SANLIN ENTERPRISE CO.","新竹市北區興南里中山路233之7號","No. 233-7, Zhongshan Rd., Xingnan Vil., North Dist., Hsinchu City 300028, Taiwan (R.O.C.)","謝OO","0916738111","","有","有"
"92631686","20240502","20240502","懿妍堂","IBEAUTY SHOP","桃園市蘆竹區南興里大正街10號5樓","5 F., No. 10, Dazheng St., Nanxing Vil., Luzhu Dist., Taoyuan City 338201, Taiwan (R.O.C.)","周O佳","","","有","有"
"92638219","20230926","20230926","天長地久企業","forever Store","花蓮縣吉安鄉稻香村稻香路３５巷１６號1樓","1 F., No. 16, Ln. 35, Daoxiang Rd., Ji’an Township, Hualien County 973059, Taiwan (R.O.C.)","阮O士","03-8330839","","有","有"
"92639961","20240910","20240910","安匠工作室","An Jiang Books Co.","花蓮縣吉安鄉北昌村北昌二街１６號","No. 16, Beichang 2nd St., Ji'an Township, Hualien County 973030, Taiwan (R.O.C.)","吳O佑","","","有","有"
"92640221","20240305","20240913","安途勝企業社","Anthoson Enterprise Co.","花蓮縣吉安鄉仁和村南海五街３０６巷２號1樓","1 F., No. 2, Ln. 306, Nanhai 5th St., Ji’an Township, Hualien County 973057, Taiwan (R.O.C.)","李O緯","0987210212","","有","有"
"92645648","20230612","20250212","阿睿的肝工作室","RUI'S LIVER INTERNATIONAL COMPANY","宜蘭縣礁溪鄉玉石村公園路３２號7樓之１０","7 F.-10, No. 32, Gongyuan Rd., Jiaoxi Township, Yilan County 262003, Taiwan (R.O.C.)","張O睿","0987229348","","有","有"
"92645909","20230605","20230605","阿勝栽的米店","Shen Rice Workshop","宜蘭縣三星鄉尾塹村日興二路２５２巷５號1樓","1 F., No. 5, Ln. 252, Rixing 2nd Rd., Sanxing Township, Yilan County 266004, Taiwan (R.O.C.)","陳O勝","03-9558153","","有","有"
"92646246","20250618","20250618","耀遠供應鏈管理企業社","Yaoyuan Supply Chain Management Company","宜蘭縣羅東鎮公正里倉前路77號6樓之4","6 F.-4, No. 77, Cangqian Rd., Gongzheng Vil., Luodong Township, Yilan County 265010, Taiwan (R.O.C.)","李O慧","0967-233-624","","有","有"
"92646288","20230626","20230626","禿鷹戶外用品社","COMBATSCAVENGER WORKS","宜蘭縣冬山鄉永美村冬山路三段214巷11號","No. 11, Ln. 214, Sec. 3, Dongshan Rd., Dongshan Township, Yilan County 26946 , Taiwan (R.O.C.)","林O驊","0923581112","","有","有"
"92646392","20231227","20231227","兵斛企業社","BING HU COMPANY","宜蘭縣羅東鎮漢民里純精路二段80號一樓","1F., No. 80, Sec. 2, Chunjing Rd., Hanmin Vil., Luodong Township, Yilan County , Taiwan (R.O.C.)","董O雲","0989-006518","","有","有"
"92646457","20240326","20250101","歐陽五金商行","Ouyang Hardware Store","桃園市蘆竹區中福里龍安街2段1639巷142弄40號(3樓)","3 F., No. 40, Aly. 142, Ln. 1639, Sec. 2, Long'an St., Zhongfu Vil., Luzhu Dist., Taoyuan City 338017, Taiwan (R.O.C.)","游O芳","","","有","有"
"92647385","20250103","20250103","嘉瑞百貨商行","Jiarui Department Shop","新北市土城區中華路1段36號7樓之1","7 F.-1, No. 36, Sec. 1, Zhonghua Rd., Tucheng Dist., New Taipei City 236029, Taiwan (R.O.C.)","陳O丞","","","有","有"
"92648639","20230810","20230810","哲倫設計企業社","Magellan Design Co.","宜蘭縣冬山鄉群英村富英路３０６巷１７號二樓","2 F., No. 17, Ln. 306, Fuying Rd., Dongshan Township, Yilan County 269033, Taiwan (R.O.C.)","劉O懋","03-9612061","","有","有"
"92648883","20230816","20230816","彩虹媒體企業社","Rainbow Media Co.","宜蘭縣礁溪鄉德陽村德陽路２４７巷２號4樓之２","4 F.-2, No. 2, Ln. 247, Deyang Rd., Jiaoxi Township, Yilan County 262008, Taiwan (R.O.C.)","陳O琛","0972231191","","無","無"
"92649285","20230829","20230829","晉宥企業社","CHIN-YOU CO.","宜蘭縣羅東鎮漢民里忠孝路３６號一樓","1 F., No. 36, Zhongxiao Rd., Hanmin Vil., Luodong Township, Yilan County 265009, Taiwan (R.O.C.)","何O宇","0965178777","","有","有"
"92649736","20250430","20250430","蘭野星空企業社","Lan ye sky Firm","宜蘭縣冬山鄉大進村進興一路１-１號","No. 1-1, Jinxing 1st Rd., Dongshan Township, Yilan County 269024, Taiwan (R.O.C.)","廖O薇","03-9516868","","有","有"
"92652295","20231023","20231023","佑誠企業","YOU XUN CO.","宜蘭縣壯圍鄉新社村新社路５４之４號2樓","2 F., No. 54-4, Xinshe Rd., Zhuangwei Township, Yilan County 263015, Taiwan (R.O.C.)","林O勳","0962-082288","","有","有"
"92652443","20231124","20231124","思碼伯庭企業社","SMBD technology CO.","宜蘭縣礁溪鄉德陽村溫泉路５３號9樓之１１","9 F.-11, No. 53, Wenquan Rd., Jiaoxi Township, Yilan County 262008, Taiwan (R.O.C.)","黃O煜","","","有","有"
"92652470","20241216","20241216","巨利通訊行","Chuli Mobile Store","宜蘭縣宜蘭市大新里和睦路91巷4-1號","No. 4-1, Ln. 91, Hemu Rd., Daxin Vil., Yilan City, Yilan County 260003, Taiwan (R.O.C.)","林O豪","03-9054336","","有","有"
"92659353","20241112","20241112","盛裕企業社","ShengYu Lin Ye Company","連江縣北竿鄉塘岐村231號","No. 231, Tangqi Vil., Beigan Township, Lienchiang County 210005, Taiwan (R.O.C.)","林O雄","","","有","有"
"92666241","20230717","20230717","宏鑫社工作室","Hongxinshe Workshop","桃園市蘆竹區錦中里南崁路265號6樓之6","6 F.-6, No. 265, Nankan Rd., Jinzhong Vil., Luzhu Dist., Taoyuan City 338019, Taiwan (R.O.C.)","劉O育","0955385421","","無","無"
"92666636","20240614","20240614","冠詠企業社","GUAN YONG ENTERPRISE CO.","桃園市中壢區永福里西園路13巷17號3樓","3 F., No. 17, Ln. 13, Xiyuan Rd., Yongfu Vil., Zhongli Dist., Taoyuan City 320017, Taiwan (R.O.C.)","謝O澤","0906-301355","","有","有"
"92666713","20230726","20230726","宏俊國際貿易企業社","Hengjun International Trading Co.","桃園市桃園區玉山里復興路365之5號(3樓)","3 F., No. 365-5, Fuxing Rd., Yushan Vil., Taoyuan Dist., Taoyuan City 330046, Taiwan (R.O.C.)","黃O銘","0972-915025","","無","無"
"92667240","20230831","20230831","樂玩工作室","The One Live Production Studio","桃園市大溪區福仁里和平路94號(1樓)","1 F., No. 94, Heping Rd., Furen Vil., Daxi Dist., Taoyuan City 335021, Taiwan (R.O.C.)","邱O遠","0975037307","","有","有"
"92667282","20230717","20230717","立立科技工作室","Lili Tech Co., Ltd.","桃園市中壢區洽溪里永昌路157號12樓","12 F., No. 157, Yongchang Rd., Qiaxi Vil., Zhongli Dist., Taoyuan City 320014, Taiwan (R.O.C.)","林O穎","0988913868","","有","有"
"92667380","20230809","20230809","蜜福企業社","Sweet Blessing CO.","桃園市八德區大發里富榮街286巷28號","No. 28, Ln. 286, Furong St., Dafa Vil., Bade Dist., Taoyuan City 334023, Taiwan (R.O.C.)","張O豐","033752429","","無","無"
"92667608","20240426","20240426","爆富寵物商行","RICH PET STUDIO","桃園市中壢區德義里中山東路一段108號","No. 108, Sec. 1, Zhongshan E. Rd., Deyi Vil., Zhongli Dist., Taoyuan City 320043, Taiwan (R.O.C.)","古O威","0912539497","","有","有"
"92667699","20231016","20231016","布萊斯特工作室","Blast Studio","桃園市中壢區興華里自強六路89之6號5樓","5 F., No. 89-6, Ziqiang 6th Rd., Xinghua Vil., Zhongli Dist., Taoyuan City 320024, Taiwan (R.O.C.)","朱O安","0963638813","","有","有"
"92667966","20230804","20230804","庚耘茶館","Gengyun Tea House","桃園市龜山區文化里復興北路29號","No. 29, Fuxing N. Rd., Wenhua Vil., Guishan Dist., Taoyuan City 333007, Taiwan (R.O.C.)","王O漟","03-3971728","03-3971728","有","有"
"92668183","20231205","20231205","瑞達企業社","RITABELLA Company","桃園市楊梅區裕成里裕成路189巷13號(1樓)","1 F., No. 13, Ln. 189, Yucheng Rd., Yucheng Vil., Yangmei Dist., Taoyuan City 326022, Taiwan (R.O.C.)","黃O淦","","","有","有"
"92668331","20230726","20230726","志欣國際貿易企業社","Zhixin International Trading Co.","桃園市觀音區富源里新富路719號","No. 719, Xinfu Rd., Fuyuan Vil., Guanyin Dist., Taoyuan City 328005, Taiwan (R.O.C.)","張O智","0916-711186","","無","無"
"92668521","20230801","20230801","鯨魚小舖","Whale life Shop","桃園市平鎮區新貴里關爺西路38巷20弄17號","No. 17, Aly. 20, Ln. 38, Guanye W. Rd., Xingui Vil., Pingzhen Dist., Taoyuan City 324017, Taiwan (R.O.C.)","詹O屏","0937182073","","有","有"
"92668894","20230822","20230822","常發企業社","CHANGFA ENTERPRISE Co.","桃園市桃園區中聖里國際路一段1179號25樓之4","25 F.-4, No. 1179, Sec. 1, Guoji Rd., Zhongsheng Vil., Taoyuan Dist., Taoyuan City 330701, Taiwan (R.O.C.)","李O瑄","0985-518802","","有","有"
"92669079","20230725","20230725","匯巨科技企業社","sigmawin Co.","桃園市大溪區仁美里介壽路566巷25弄107號","No. 107, Aly. 25, Ln. 566, Jieshou Rd., Renmei Vil., Daxi Dist., Taoyuan City 335002, Taiwan (R.O.C.)","張O瑋","0956102287","","有","有"
"92669161","20231205","20231205","森捷柴油泵浦行","SENJIE DIESEL PUMP HANG","桃園市中壢區仁祥里晉元路262號(1樓)","1 F., No. 262, Jinyuan Rd., Renxiang Vil., Zhongli Dist., Taoyuan City 320035, Taiwan (R.O.C.)","周O伶","","","有","有"
"92669373","20230807","20230807","展嘉貿易","TISC Trading Studio","桃園市桃園區新埔里同安街336巷1號","No. 1, Ln. 336, Tong’an St., Xinpu Vil., Taoyuan Dist., Taoyuan City 330007, Taiwan (R.O.C.)","何O展","03-3179218","","有","有"
"92669845","20231211","20240301","茗香食品企業社","Mingxiang Food Enterprise CO.","桃園市中壢區石頭里中正路82號10樓","10 F., No. 82, Zhongzheng Rd., Shitou Vil., Zhongli Dist., Taoyuan City 320001, Taiwan (R.O.C.)","陳O錚","0967-273550","","有","有"
"92670809","20231013","20231013","開拓娛樂電子專賣店","Trailblaze Entertainment Electronics Store","桃園市中壢區過嶺里松德路26號(1樓)","1 F., No. 26, Guoling, Zhongli Dist., Taoyuan City 320, Taiwan (R.O.C.)","謝O宇","03-4293111","","有","有"
"92670857","20231221","20231221","真鱻水產","Really fresh aquatic products Co.","桃園市中壢區後寮里龍慈路65號(1樓)","1 F., No. 65, Longci Rd., Houliao Vil., Zhongli Dist., Taoyuan City 320073, Taiwan (R.O.C.)","林O茹","","","有","有"
"92672047","20230809","20230809","閣樓小房","BMS Upper Room Workshop","桃園市楊梅區裕成里裕成路128之1號","No. 128-1, Yucheng Rd., Yucheng Vil., Yangmei Dist., Taoyuan City 326022, Taiwan (R.O.C.)","張O光","09-67001833","","無","無"
"92672362","20240809","20240809","羽漾光企業號","Yuyangguang Enterprise Account Co.","桃園市桃園區汴洲里大業路二段235巷1號9樓","9 F., No. 1, Ln. 235, Sec. 2, Daye Rd., Bianzhou Vil., Taoyuan Dist., Taoyuan City 330021, Taiwan (R.O.C.)","林O雨","","","有","有"
"92672519","20230811","20230922","于喵商行","Yu Miao Firm","桃園市桃園區民生里東園街1號2樓","2 F., No. 1, Dongyuan St., Minsheng Vil., Taoyuan Dist., Taoyuan City 330014, Taiwan (R.O.C.)","張O中","0905282548","","無","無"
"92672525","20230811","20230811","虫卉商行","Insect flower Firm","桃園市桃園區民生里東園街１號二樓","2 F., No. 1, Dongyuan St., Minsheng Vil., Taoyuan Dist., Taoyuan City 330014, Taiwan (R.O.C.)","劉O慧","0963795992","","無","無"
"92672530","20230811","20230811","品采商行","Pincai Firm","桃園市桃園區民生里東園街1號2樓","2 F., No. 1, Dongyuan St., Minsheng Vil., Taoyuan Dist., Taoyuan City 330014, Taiwan (R.O.C.)","蔡O萍","0909800227","","無","無"
"92672546","20230811","20230811","夯夯羊商行","Ramming sheep Firm","桃園市桃園區民生里東園街1號2樓","2 F., No. 1, Dongyuan St., Minsheng Vil., Taoyuan Dist., Taoyuan City 330014, Taiwan (R.O.C.)","黃O祥","0976874900","","無","無"
"92672709","20230811","20230811","訶兒商行","He'er Firm","桃園市桃園區民生里東園街1號2樓","2 F., No. 1, Dongyuan St., Minsheng Vil., Taoyuan Dist., Taoyuan City 330014, Taiwan (R.O.C.)","余O蕎","0936529227","","無","無"
"92672721","20230816","20230816","駿業亞洲企業社","CIS ASIA FIRM","桃園市龜山區長庚里長慶一街45巷38號","No. 38, Ln. 45, Changqing 1st St., Changgeng Vil., Guishan Dist., Taoyuan City 333005, Taiwan (R.O.C.)","何O琴","033468891","","有","有"
"92672784","20240604","20240604","誠鴻工程行","SHARON LIN Chenghong Co.","桃園市桃園區泰山里中山路425巷6號6樓之8","6 F.-8, No. 6, Ln. 425, Zhongshan Rd., Taishan Vil., Taoyuan Dist., Taoyuan City 330046, Taiwan (R.O.C.)","林O穎","0900003923","","有","有"
"92672861","20230816","20230816","皮諾大道商行","PINOY BOULEVARD FIRM","桃園市龍潭區八德里梅龍路336號(2樓)","2 F., No. 336, Meilong Rd., Bade Vil., Longtan Dist., Taoyuan City 325002, Taiwan (R.O.C.)","邵O山","0984009885","","有","有"
"92673952","20230823","20230823","達韵國際貿易實業社","DAON  international trade Company","桃園市楊梅區紅梅里環南路309巷8號(1樓)","1 F., No. 8, Ln. 309, Huannan Rd., Yangmei Dist., Taoyuan City 326027, Taiwan (R.O.C.)","鄭O祐","0989797712","","有","有"
"92674185","20231013","20231013","仁軒企業社","Renxuan Enterprise Society Co.","桃園市桃園區中成里國際路2段501巷27弄13號(1樓)","1 F., No. 13, Aly. 27, Ln. 501, Sec. 2, Guoji Rd., Zhongcheng Vil., Taoyuan Dist., Taoyuan City 330031, Taiwan (R.O.C.)","吳O福","03-3350467","","有","有"
"92674426","20241123","20241123","盛艷企業社","SHENGYAN International Trading Company","桃園市中壢區幸福里延平路９０巷２０４弄１０號(1樓)","1 F., No. 10, Aly. 204, Ln. 90, Yanping Rd., Xingfu Vil., Zhongli Dist., Taoyuan City 320029, Taiwan (R.O.C.)","游O勇","","","有","有"
"92674431","20230830","20230830","寶豐企業社","Bao Fung Company","桃園市大溪區仁和里仁和路1段119號","No. 119, Sec. 1, Renhe Rd., Daxi Dist., Taoyuan City 335006, Taiwan (R.O.C.)","廖O蓁","0908297570","","無","無"
"92674782","20230824","20230824","孖汀商行","Marting Firm","桃園市桃園區民生里東園街1號2樓","2 F., No. 1, Dongyuan St., Minsheng Vil., Taoyuan Dist., Taoyuan City 330014, Taiwan (R.O.C.)","馬O璋","0966597923","","無","無"
"92674798","20230824","20230824","呏羔商行","Lamb Firm","桃園市桃園區民生里東園街1號2樓","2 F., No. 1, Dongyuan St., Minsheng Vil., Taoyuan Dist., Taoyuan City 330014, Taiwan (R.O.C.)","黃O勝","0967014026","","無","無"
"92675332","20240809","20240809","旻柔企業社","Minrou Enterprise Co.","桃園市中壢區幸福里延平路90巷204弄10號","No. 10, Aly. 204, Ln. 90, Yanping Rd., Xingfu Vil., Zhongli Dist., Taoyuan City 320029, Taiwan (R.O.C.)","宋O柔","","","有","有"
"92675537","20230825","20240305","葡萄樹工作坊","Grape trees Studio","桃園市大溪區仁文里員林路一段3巷33號4樓","4 F., No. 33, Ln. 3, Sec. 1, Yuanlin Rd., Renwen Vil., Daxi Dist., Taoyuan City 335020, Taiwan (R.O.C.)","王O燕","0970261682","","無","無"
"92675683","20230921","20230921","眾利科技","JointLy Tech. CO.","桃園市楊梅區梅溪里三元街272巷15弄14號(1樓)","1 F., No. 14, Aly. 15, Ln. 272, Sanyuan St., Meixi Vil., Yangmei Dist., Taoyuan City 326015, Taiwan (R.O.C.)","傅O檳","0936896400","","有","有"
"92676162","20230911","20230911","茂品企業社","Mau Pin Co.","桃園市桃園區龍安里國豐三街145號7樓","7 F., No. 145, Guofeng 3rd St., Long’an Vil., Taoyuan Dist., Taoyuan City 330033, Taiwan (R.O.C.)","李O霖","02-22614280","","無","無"
"92676254","20240612","20240612","輝聖企業社","HUI SHENG ENTERPRISE Co.","桃園市蘆竹區南興里南福街71號12樓之1","12 F.-1, No. 71, Nanfu St., Nanxing Vil., Luzhu Dist., Taoyuan City 338219, Taiwan (R.O.C.)","廖O輝","","","有","有"
"92676402","20240523","20240523","玄鷹企業社","HUYEN ANH CO.","桃園市中壢區普忠里環中東路772號12樓","12 F., No. 772, Huanzhong E. Rd., Puzhong Vil., Zhongli Dist., Taoyuan City 320063, Taiwan (R.O.C.)","劉O英","0976956710","","有","有"
"92676613","20230915","20230915","汎香小吃","Fancy_delicacy Restaurant","桃園市中壢區中山里榮安十三街283號","No. 283, Rong’an 13th St., Zhongshan Vil., Zhongli Dist., Taoyuan City 320033, Taiwan (R.O.C.)","陳O凡","03-4639007","","無","無"
"92676634","20230831","20230831","和蘭商行","Scialatielli pasta Firm","桃園市中壢區中央里中央東路29號(1樓)","1 F., No. 29, Zhongyang E. Rd., Zhongyang Vil., Zhongli Dist., Taoyuan City 320061, Taiwan (R.O.C.)","曾O蘭","0931884455","","有","有"
"92676873","20240411","20240411","尚昇企業社","Shang-Sheng Interior Co.","桃園市中壢區自信里莊敬路829巷28號5樓","5 F., No. 28, Ln. 829, Zhuangjing Rd., Zixin Vil., Zhongli Dist., Taoyuan City 320031, Taiwan (R.O.C.)","陳O宏","0910794290","","有","有"
"92677057","20230918","20230918","無厘頭創意企業社","DarkHumor Co.","桃園市平鎮區華安里平東路２８２巷６弄２０號","No. 20, Aly. 6, Ln. 282, Pingdong Rd., Hua’an Vil., Pingzhen Dist., Taoyuan City 324033, Taiwan (R.O.C.)","蔡O俊","0909703691","","無","無"
"92677731","20240802","20240802","月集企業社","LUNAS HANG","桃園市桃園區明德里莊一街13號10樓","10 F., No. 13, Zhuang 1st St., Mingde Vil., Taoyuan Dist., Taoyuan City 330051, Taiwan (R.O.C.)","楊O萱","0907017526","","有","有"
"92678041","20240126","20250524","銳鑫企業社","Ray-Xin Co.","新北市新店區安興路105號5樓之7","5 F.-7, No. 105, Anxing Rd., Xindian Dist., New Taipei City 231066, Taiwan (R.O.C.)","楊O雅","09-38817237","","有","有"
"92678062","20231212","20250101","鎧鉦企業社","Kai-Zheng Co.","桃園市桃園區同安里藝文一街86之1號15樓","15 F., No. 86-1, Yiwen 1st St., Tong’an Vil., Taoyuan Dist., Taoyuan City 330007, Taiwan (R.O.C.)","謝O霖","09-38817237","","無","無"
"92678210","20250317","20250521","鑫銳實業社","SINRUEI Company","新北市新店區安興路127之6號12樓","12 F., No. 127-6, Anxing Rd., Xindian Dist., New Taipei City 231066, Taiwan (R.O.C.)","王O傑","","","有","有"
"92678289","20240126","20241102","銀鈴企業社","Yin-Lin Co.","桃園市平鎮區廣仁里大昌路55巷16號5樓","5 F., No. 16, Ln. 55, Dachang Rd., Guangren Vil., Pingzhen Dist., Taoyuan City 324013, Taiwan (R.O.C.)","藍O楷","09-38817237","","有","有"
"92678350","20240103","20240103","銳鈴企業社","Rui-Ling Co.","桃園市中壢區中建里延平路500號10樓之4","10 F.-4, No. 500, Yanping Rd., Zhongjian Vil., Zhongli Dist., Taoyuan City 320061, Taiwan (R.O.C.)","張O添","09-38817237","","無","無"
"92679750","20231012","20231012","星暘企業社","Moon Top Studio","桃園市平鎮區平南里中豐路南勢2段262巷16弄5號","No. 5, Aly. 16, Ln. 262, Nanshi Sec. 2, Zhongfeng Rd., Pingnan Vil., Pingzhen Dist., Taoyuan City 324032, Taiwan (R.O.C.)","林O筠","0978725782","","有","有"
"92680237","20230919","20230919","妃特爾國際貿易企業社","Fidel Stanley International Trading Store","桃園市中壢區永光里民權路三段35巷1弄202號","No. 202, Aly. 1, Ln. 35, Sec. 3, Minquan Rd., Yongguang Vil., Zhongli Dist., Taoyuan City 320009, Taiwan (R.O.C.)","林O軒","03-4271626","","有","有"
"92681117","20230927","20230927","酷比企業社","Budd Co.","桃園市平鎮區北勢里金陵路138號","No. 138, Jinling Rd., Beishi Vil., Pingzhen Dist., Taoyuan City 324031, Taiwan (R.O.C.)","余O華","0988794636","","有","有"
"92681329","20240205","20240205","金燕商行","Jin Yan Co.","桃園市八德區大明里桃鶯路85號(2樓)","2 F., No. 85, Taoying Rd., Daming Vil., Bade Dist., Taoyuan City 334003, Taiwan (R.O.C.)","阮O兒","","","有","有"
"92681411","20230921","20230921","街角選品店","MUSEE BOUTIQUE","桃園市新屋區清華里清華路410號","No. 410, Qinghua Rd., Qinghua Vil., Xinwu Dist., Taoyuan City 327002, Taiwan (R.O.C.)","劉O晴","0972099386","","有","有"
"92683282","20240226","20240226","十六坊","sixteen Workshop","桃園市桃園區新埔里五福十一街16號(1樓)","1 F., No. 16, Wufu 11th St., Xinpu Vil., Taoyuan Dist., Taoyuan City 330054, Taiwan (R.O.C.)","黃O慈","0920528962","","有","有"
"92683585","20241014","20241019","鑫富發企業社","X.F.A. Co.","桃園市中壢區中正里榮和五街50號(1樓)","1 F., No. 50, Ronghe 5th St., Zhongzheng Vil., Zhongli Dist., Taoyuan City 320034, Taiwan (R.O.C.)","盧O瑩","","","有","有"
"92684677","20231016","20231016","京時企業社","Sunton Time Us Co.","桃園市中壢區新街里延平路261號10樓","10 F., No. 261, Yanping Rd., Xinjie Vil., Zhongli Dist., Taoyuan City 320675, Taiwan (R.O.C.)","陳O君","03-4250171","","有","有"
"92686513","20240513","20240513","我的普拉提瑜珈","Mine Pilates Yoga Studio","桃園市桃園區同安里同德六街89號11樓之2","11 F.-2, No. 89, Tongde 6th St., Tong’an Vil., Taoyuan Dist., Taoyuan City 330010, Taiwan (R.O.C.)","楊O如","03-3250725","","無","無"
"92687870","20241223","20241223","安贏企業社","An Ying Company","桃園市桃園區民生里東園街1號2樓","2 F., No. 1, Dongyuan St., Minsheng Vil., Taoyuan Dist., Taoyuan City 330014, Taiwan (R.O.C.)","游O語","0936723376","","有","有"
"92689315","20231030","20231030","德島建材企業社","Tokushima Trading Company","桃園市觀音區富源里新富路719號","No. 719, Xinfu Rd., Fuyuan Vil., Guanyin Dist., Taoyuan City 328005, Taiwan (R.O.C.)","李O穎","0980010606","","無","無"
"92690158","20231120","20231120","木沐森林選物企業社","MUMUFOREST MERCHANT COMPANY","桃園市中壢區莊敬里強國路138巷2弄30號(1樓)","1 F., No. 30, Aly. 2, Ln. 138, Qiangguo Rd., Zhuangjing Vil., Zhongli Dist., Taoyuan City 320032, Taiwan (R.O.C.)","盧O","0906662373","","有","有"
"92690333","20241224","20241224","悠哉買企業社","Leisure Buy Company","桃園市桃園區民生里東園街1號2樓","2 F., No. 1, Dongyuan St., Minsheng Vil., Taoyuan Dist., Taoyuan City 330014, Taiwan (R.O.C.)","張O雅","","","有","有"
"92690474","20231122","20231122","星創工作室","Star Home Living Studio","桃園市中壢區中建里延平路500號10樓之2","10 F.-2, No. 500, Yanping Rd., Zhongjian Vil., Zhongli Dist., Taoyuan City 320061, Taiwan (R.O.C.)","徐O民","0983230303","","有","有"
"92692677","20240607","20240906","淺意識商行","Inflation badlife GL33 Co.","桃園市龜山區新嶺里東萬壽路50號9樓","9 F., No. 50, Dongwanshou Rd., Xinling Vil., Guishan Dist., Taoyuan City 333025, Taiwan (R.O.C.)","周O玉","","","有","有"
"92692917","20240425","20240425","寬昇手創工作室","Kuansheng Handicraft Studio","桃園市蘆竹區福祿里福祿一街107號(1樓)","1 F., No. 107, Fulu 1st St., Fulu Vil., Luzhu Dist., Taoyuan City 338031, Taiwan (R.O.C.)","陳O璿","","","有","有"
"92693084","20231114","20231114","蠟魂企業社","Waxing Soul Enterprise Society Co.","桃園市中壢區內定里內定二街66之1號(1樓)","1 F., No. 66-1, Neiding 2nd St., Neiding Vil., Zhongli Dist., Taoyuan City 320069, Taiwan (R.O.C.)","張O偉","0978135289","03-4331099","有","有"
"92693296","20240809","20240809","即盛企業號","Jisheng Enterprise Account Co.","桃園市桃園區中山里中山路777號1樓之５號","1 F.-5, No. 777, Zhongshan Rd., Zhongshan Vil., Taoyuan Dist., Taoyuan City 330038, Taiwan (R.O.C.)","呂O霆","","","有","有"
"92693958","20240826","20240826","富賓企業社","FU-PINN SALES Enterprise Co","桃園市桃園區中山里中山路777號1樓之5","1 F.-5, No. 777, Zhongshan Rd., Zhongshan Vil., Taoyuan Dist., Taoyuan City 330038, Taiwan (R.O.C.)","黃O賓","","","有","有"
"92694020","20240809","20240809","穗安企業社","Sui'an Enterprise Co","桃園市桃園區中山里中山路777號1樓之5","1 F.-5, No. 777, Zhongshan Rd., Zhongshan Vil., Taoyuan Dist., Taoyuan City 330038, Taiwan (R.O.C.)","邱O庭","","","有","有"
"92694274","20240809","20240809","聚寶兔企業社","Jubaotu Enterprise . Co.","桃園市桃園區中山里中山路777號1樓之5","1 F.-5, No. 777, Zhongshan Rd., Zhongshan Vil., Taoyuan Dist., Taoyuan City 330038, Taiwan (R.O.C.)","楊O瑄","","","有","有"
"92694350","20240809","20241106","愷熙創意工作室","Kaixi creative studio Co.","桃園市蘆竹區內厝里六福路300之1號(1樓)","1 F., No. 300-1, Liufu Rd., Neicuo Vil., Luzhu Dist., Taoyuan City 338107, Taiwan (R.O.C.)","林O穎","","","有","有"
"92694675","20241008","20241114","妍熙企業社","Yeon Hee Enterprise Co.","桃園市蘆竹區內厝里六福路300之1號(1樓)","1 F., No. 300-1, Liufu Rd., Neicuo Vil., Luzhu Dist., Taoyuan City 338107, Taiwan (R.O.C.)","邱O熙","","","有","有"
"92694773","20240920","20240920","朕芯泰商行","ZHEN XIN TAI SHANG XING Co.","桃園市楊梅區青山里青山一街2號(2樓)","2 F., No. 2, Qingshan 1st St., Qingshan Vil., Yangmei Dist., Taoyuan City 326015, Taiwan (R.O.C.)","許O辰","","","無","無"
"92695317","20240826","20240826","世楷企業社","SHIH-KAI SAKES Enterprise Company","桃園市桃園區中山里中山路777號1樓之5","1 F.-5, No. 777, Zhongshan Rd., Zhongshan Vil., Taoyuan Dist., Taoyuan City 330038, Taiwan (R.O.C.)","吳O楷","","","有","有"
"92695739","20250410","20250410","日日生活百貨","DAY AND DAY Co.","桃園市龜山區中興里壽山路６號","No. 6, Shoushan Rd., Zhongxing Vil., Guishan Dist., Taoyuan City 333030, Taiwan (R.O.C.)","陳O芳","03-3492705","","有","有"
"92697238","20240723","20240723","雪球世界企業社","Snowballworld Company","新北市板橋區中山路2段212巷4之4號5樓","5 F., No. 4-4, Ln. 212, Sec. 2, Zhongshan Rd., Banqiao Dist., New Taipei City 220080, Taiwan (R.O.C.)","蔡O儒","02-28217858","","有","有"
"92697265","20240723","20240723","魁星商行","Kyenshinn Company","新北市板橋區中山路2段212巷4之4號5樓","5 F., No. 4-4, Ln. 212, Sec. 2, Zhongshan Rd., Banqiao Dist., New Taipei City 220080, Taiwan (R.O.C.)","高O駿","02-28217858","","有","有"
"92697271","20240523","20240523","麟居企業社","Linggu Company","新北市板橋區中山路2段212巷4之4號5樓","5 F., No. 4-4, Ln. 212, Sec. 2, Zhongshan Rd., Banqiao Dist., New Taipei City 220080, Taiwan (R.O.C.)","黃O麟","02-28217858","","有","有"
"92697292","20231016","20231016","寶均商行","Boajyunn Company","新北市板橋區中山路2段212巷4之4號5樓","5 F., No. 4-4, Ln. 212, Sec. 2, Zhongshan Rd., Banqiao Dist., New Taipei City 220080, Taiwan (R.O.C.)","丁O宏","02-28217858","","有","有"
"92697574","20230719","20230719","啓鴻車業行","QI HUNG industry SHOP","新北市三重區力行路2段109號(1樓)","1 F., No. 109, Sec. 2, Lixing Rd., Sanchong Dist., New Taipei City 241059, Taiwan (R.O.C.)","楊O鴻","0961333533","","有","有"
"92698601","20230721","20230721","藍心選貨商店","The Blue Heart Studio","新北市永和區永平路380號22樓","22 F., No. 380, Yongping Rd., Yonghe Dist., New Taipei City 234005, Taiwan (R.O.C.)","焦O俊","0916908911","","有","有"
"92699117","20231012","20231012","歐森質感選物店","Osome Co.","新北市鶯歌區國中街171號3樓","3 F., No. 171, Guozhong St., Yingge Dist., New Taipei City 239016, Taiwan (R.O.C.)","陳O欣","0980189990","","有","有"
"92699355","20230725","20230725","琪臻貿易商行","QIZHEN TRADING COMPANY","新北市淡水區自立路1巷11號8樓","8 F., No. 11, Ln. 1, Zili Rd., Tamsui Dist., New Taipei City 251622, Taiwan (R.O.C.)","林O廷","0928680860","","有","有"
"92699382","20241021","20241021","喝起來娛樂實業","Drink up the entertainment industry Company","新北市新莊區復興路1段2號2樓","2 F., No. 2, Sec. 1, Fuxing Rd., Xinzhuang Dist., New Taipei City 242005, Taiwan (R.O.C.)","謝O天","0986330723","","有","有"
"92699658","20230830","20230830","惠全企業社","HUI CHUAN FOOD CO.","新北市永和區文化路135巷30號2樓","2 F., No. 30, Ln. 135, Wenhua Rd., Yonghe Dist., New Taipei City 234006, Taiwan (R.O.C.)","孫O瑄","02-29928805","","有","有"
"92699783","20231115","20231115","秀興家飾企業社","ELEGANT DESIGN TRADING Co.","新北市三重區新北大道1段123號11樓","11 F., No. 123, Sec. 1, New Taipei Blvd., Sanchong Dist., New Taipei City 241614, Taiwan (R.O.C.)","王O迪","0903726002","","無","無"
"92699974","20230725","20230725","蒸氣龐克商行","chengsteampunk Co.","新北市中和區明禮街35號","No. 35, Mingli St., Zhonghe Dist., New Taipei City 235605, Taiwan (R.O.C.)","鄭O恩","0963318831","","有","有"
"92700108","20231006","20231006","熊食企業社","XS Co.","新北市板橋區莊敬路25巷18號","No. 18, Ln. 25, Zhuangjing Rd., Banqiao Dist., New Taipei City 220004, Taiwan (R.O.C.)","葉O偉","0972961438","","無","無"
"92700509","20230728","20230728","花源商行","Huayuan Firm","新北市樹林區中和街22號3樓","3 F., No. 22, Zhonghe, Shulin Dist., New Taipei City 238, Taiwan (R.O.C.)","陳O庭","0955129420","","無","無"
"92701330","19820528","20210814","朝昕企業股份有限公司","CHAUCER ENTERPRISE CO., LTD.","屏東縣潮州鎮三星里三星路14-1號","No. 14-1, Sanxing Rd., Sanxing Vil., Chaozhou Township, Pingtung County 92047, Taiwan (R.O.C.)","林O源","08-7882595","08-7895289","有","有"
"92702176","20230728","20230728","凱盛模型國際企業","statue crazy collector Company","新北市三重區成功路73巷38號(1樓)","1 F., No. 38, Ln. 73, Chenggong Rd., Sanchong Dist., New Taipei City 241011, Taiwan (R.O.C.)","黃O駿","0229748408","","有","有"
"92702181","20030923","20210812","典儒藥局","DIAN RU CO.","屏東縣竹田鄉竹田村自強路４３號","No. 43, Ziqiang Rd., Zhutian Township, Pingtung County 91144, Taiwan (R.O.C.)","李O儒","08-771-0616","","有","有"
"92702696","20230810","20230810","安豬企業社","Anzhu Co.","新北市板橋區合宜路161號19樓之3","19 F.-3, No. 161, Heyi Rd., Banqiao Dist., New Taipei City 220567, Taiwan (R.O.C.)","吳O安","0911029075","","有","有"
"92702838","19830202","20230602","屏東農產股份有限公司","PING-TUNG FOODS CORPORATION","屏東縣萬巒鄉新厝村新生路56號","No. 56, Xinsheng Rd., Xincuo Vil., Wanluan Township,  Pingtung County 923017, Taiwan (R.O.C.)","林O滄","08-7831133","08-7831075","有","有"
"92704054","20220630","20220630","金弘麻油花生行","JINHONG OIL CO.","屏東縣潮州鎮光華里光華路５４號一樓","1 F., No. 54, Guanghua Rd., Guanghua Vil., Chaozhou Township, Pingtung County 920003, Taiwan (R.O.C.)","黃O憶","08-7885352","08-7890968","有","有"
"92704370","20230830","20240822","添美網事業","Timmy Wong Co.","新北市淡水區沙崙路2段839號9樓","9 F., No. 839, Sec. 2, Shalun Rd., Tamsui Dist., New Taipei City 251653, Taiwan (R.O.C.)","黃O建","0902095990","","有","有"
"92704462","20230802","20230802","蓓米工作室","beimi co.","新北市新莊區福壽街136巷30號2樓","2 F., No. 30, Ln. 136, Fushou St., Xinzhuang Dist., New Taipei City 242037, Taiwan (R.O.C.)","陳O彤","0958678627","","有","有"
"92705167","19930116","20221014","豐釧機械股份有限公司","FONG CHUAN MACHINERY CO., LTD","屏東縣屏東市橋南里工業六路西段5號","No. 5, Sec. W., Gongye 6th Rd., Qiaonan Vil., Pingtung City, Pingtung County 900081, Taiwan (R.O.C.)","張O美嬌","08-7526827","08-7537005","有","有"
"92705814","20230804","20230804","王梅進口企業社","Wang Mei Company","新北市板橋區中山路1段10號11樓","11 F., No. 10, Sec. 1, Zhongshan Rd., Banqiao Dist., New Taipei City 220067, Taiwan (R.O.C.)","王O惠","0909422388","","有","有"
"92706031","20230807","20230807","豆尤商行","Dou You Firm","新北市樹林區中和街22號3樓","3 F., No. 22, Zhonghe, Shulin Dist., New Taipei City 238, Taiwan (R.O.C.)","黃O恩","0960080757","","有","有"
"92706068","20230807","20230807","沶泱商行","Sloppy Firm","新北市樹林區中和街２２號3樓","3 F., No. 22, Zhonghe, Shulin Dist., New Taipei City 238, Taiwan (R.O.C.)","吳O臻","0903867108","","有","有"
"92706378","20031001","20230714","美利西藥房","MEI LII CO.","屏東縣內埔鄉內埔村中興路１４３號","No. 143, Zhongxing Rd., Neipu Vil., Neipu Township,  Pingtung County 912007, Taiwan (R.O.C.)","黎O枝","08-779-7026","","無","無"
"92706594","20230809","20230809","乙勝企業社","EASTERN DORON Co.","新北市三重區中正北路208巷3號(1樓)","1 F., No. 3, Ln. 208, Zhongzheng N. Rd., Sanchong Dist., New Taipei City 241016, Taiwan (R.O.C.)","林O潤","0906933639","","有","有"
"92707475","20230816","20230816","吉川小路工作室","Littleroad Design Studio","新北市中和區捷運路52之1號5樓","5 F., No. 52-1, Jieyun Rd., Zhonghe Dist., New Taipei City 235604, Taiwan (R.O.C.)","黃O","0229492641","","有","有"
"92707480","20230828","20230828","蘇蘇商行","SU SU CO.","新北市土城區清水路89號4樓","4 F., No. 89, Qingshui Rd., Tucheng Dist., New Taipei City 236012, Taiwan (R.O.C.)","蘇O菁","0953890261","","有","有"
"92707643","20230821","20230821","艾維斯企業社","AVIS INTERNATIONAL COMPANY","新北市三重區龍門路２３５號4樓","4 F., No. 235, Longmen Rd., Sanchong Dist., New Taipei City 241052, Taiwan (R.O.C.)","賴O輝","0916807367","","無","無"
"92708018","20230821","20250212","宇翠企業社","YUCUI INTERNATIONAL COMPANY","新北市中和區中山路2段64巷38號13樓","13 F., No. 38, Ln. 64, Sec. 2, Zhongshan Rd., Zhonghe Dist., New Taipei City 235022, Taiwan (R.O.C.)","吳O蘭","0921026982","","無","無"
"92708283","20230821","20230821","宇婕企業社","YUJIE INTERNATIONAL COMPANY","新北市中和區中山路2段64巷38號13樓","13 F., No. 38, Ln. 64, Sec. 2, Zhongshan Rd., Zhonghe Dist., New Taipei City 235022, Taiwan (R.O.C.)","侯O婕","0916807367","","無","無"
"92709375","20230811","20230811","皿呈商行","Dishes Firm","新北市樹林區中和街２２號3樓","3 F., No. 22, Zhonghe, Shulin Dist., New Taipei City 238, Taiwan (R.O.C.)","蔡O恩","0956166003","","有","有"
"92710936","20230831","20230831","本城女子工作室","Woman In The City Studio","新北市中和區連城路９９巷７號2樓","2 F., No. 7, Ln. 99, Liancheng Rd., Zhonghe Dist., New Taipei City 235603, Taiwan (R.O.C.)","陳O君","0922-701129","","有","有"
"92711196","20231205","20231205","方博允勝企業工程行","Tang go zon shang Co.","新北市新店區安德街148巷35號5樓","5 F., No. 35, Ln. 148, Ande St., Xindian Dist., New Taipei City 231046, Taiwan (R.O.C.)","曾O榆","0905931591","","有","有"
"92711415","20030922","20240131","永昌電器行","YONG CHAN CO.","屏東縣內埔鄉內埔村廣濟路62-1號一樓","1 F., No. 62-1, Guangji Rd., Neipu Township, Pingtung County 91248, Taiwan (R.O.C.)","戴O妹","08-7798078","","有","有"
"92711506","20230811","20230811","聖風企業社","Shengfeng International Co.","新北市板橋區中山路1段10號11樓","11 F., No. 10, Sec. 1, Zhongshan Rd., Banqiao Dist., New Taipei City 220067, Taiwan (R.O.C.)","彭O傑","0975189550","","有","有"
"92712245","20230912","20230912","柒壹柒商行","717 Co.","新北市林口區中華路517號3樓","3 F., No. 517, Zhonghua Rd., Linkou Dist., New Taipei City 244016, Taiwan (R.O.C.)","何O婷","0935266433","","有","有"
"92712483","20230821","20250212","大誠國際商務企業社","DAYCHEN INTERNATIONAL COMPANY","新北市中和區中山路2段64巷38號13樓","13 F., No. 38, Ln. 64, Sec. 2, Zhongshan Rd., Zhonghe Dist., New Taipei City 235022, Taiwan (R.O.C.)","劉O誠","0921026982","","有","有"
"92712505","20021105","20210815","介揚企業有限公司","JACKY YANG CO., LTD.","高雄市大寮區鳳屏一路288號3樓","3 F., No. 288, Fengping 1st Rd., Daliao Dist., Kaohsiung City 83143, Taiwan (R.O.C.)","陳O蓁","08-7883737","08-7880983","有","有"
"92713027","20230814","20230814","沅勻商行","Yuanyun Firm","新北市樹林區中和街22號3樓","3 F., No. 22, Zhonghe, Shulin Dist., New Taipei City 238, Taiwan (R.O.C.)","張O元","0926877362","","有","有"
"92713069","20230814","20230814","羊之君商行","King of sheep Firm","新北市樹林區中和街22號3樓","3 F., No. 22, Zhonghe, Shulin Dist., New Taipei City 238, Taiwan (R.O.C.)","莊O揚","0939524999","","有","有"
"92713244","20080717","20210812","合正鋁門窗行","JU CHUANG CO.","屏東縣潮州鎮三星里玉春街５４號一樓","1 F., No. 54, Yuchun St., Sanxing Vil., Chaozhou Township, Pingtung County 92047, Taiwan (R.O.C.)","黃O燦","08-7889631","08-7894359","無","無"
"92715670","19850128","20210815","光兆電子股份有限公司","ANODIA ELECTRONIC CO., LTD.","屏東縣內埔鄉工業區建民路1號","No. 1, Jianmin Rd., Neipu Township, Pingtung County 91252, Taiwan (R.O.C.)","徐O榮","08-7784586-7","08-7784588","有","有"
"92717157","20031001","20210812","一心藥局","YII XIN CO.","屏東縣潮州鎮光華里育英路一七之一號壹樓","No. 17-1, Yuying Rd., Guanghua Vil., Chaozhou Township, Pingtung County 92045, Taiwan (R.O.C.)","林O章","08-788-9789","","有","有"
"92718037","20231004","20231004","寶貝璟工作室","glen working firm","新北市汐止區長江街39巷22號(1樓)","1 F., No. 22, Ln. 39, Changjiang St., Xizhi Dist., New Taipei City 221031, Taiwan (R.O.C.)","方O虹","0937530501","","有","有"
"92718212","20020905","20210813","天送建築料有限公司","GOD SONG CO., LTD.","屏東縣潮州鎮潮州里延平路10號2樓","2 F., No. 10, Yanping Rd., Chaozhou Vil., Chaozhou Township, Pingtung County 92050, Taiwan (R.O.C.)","王O潔","04-23253645","04-23274077","有","有"
"92719599","20230821","20230821","奧西工作室","Cathy Chiang Studio","新北市土城區中央路3段２３９巷２４號10樓","10 F., No. 24, Ln. 239, Sec. 3, Zhongyang Rd., Tucheng Dist., New Taipei City 236653, Taiwan (R.O.C.)","姜O茹","0955707774","","有","有"
"92719747","20241113","20241113","沛沛企業社","peipei company","新北市新莊區五工二路78巷21號","No. 21, Ln. 78, Wugong 2nd Rd., Xinzhuang Dist., New Taipei City 248018, Taiwan (R.O.C.)","邱O恆","","","有","有"
"92719768","20241113","20241113","宗宗企業社","zongzong Company","新北市新莊區五工二路78巷21號","No. 21, Ln. 78, Wugong 2nd Rd., Xinzhuang Dist., New Taipei City 248018, Taiwan (R.O.C.)","吳O憲","02-22069538","","有","有"
"92719937","20231016","20231016","睿豪商行","Ruihaoo Company","新北市板橋區中山路2段212巷4之4號5樓","5 F., No. 4-4, Ln. 212, Sec. 2, Zhongshan Rd., Banqiao Dist., New Taipei City 220080, Taiwan (R.O.C.)","劉O豪","02-28217858","","有","有"
"92719943","20240723","20240723","福茗商行","Fumings Company","新北市板橋區中山路2段212巷4之4號5樓","5 F., No. 4-4, Ln. 212, Sec. 2, Zhongshan Rd., Banqiao Dist., New Taipei City 220080, Taiwan (R.O.C.)","宗O安","02-28217858","","有","有"
"92720483","20231011","20231011","沐白文創工作室","WhiteDrop Studio","新北市板橋區大觀路2段154號(4樓)","4F., NO. 154, SEC. 2, DAGUAN RD., BANQIAO DIST., NEW TAIPEI CITY 220, TAIWAN (R.O.C.)","侯O柏","","","無","無"
"92721048","20230828","20230828","千尋優選國際企業","Chihiro optimization Workshop","新北市蘆洲區長安街６８巷４３號4樓","4 F., No. 43, Ln. 68, Chang’an St., Luzhou Dist., New Taipei City 247021, Taiwan (R.O.C.)","陳O群","02-29907991","","有","有"
"92721700","20231213","20231213","雲豪商行","Yunnhaoo Company","新北市板橋區中山路1段293之1號13樓之1","13 F.-1, No. 293-1, Sec. 1, Zhongshan Rd., Banqiao Dist., New Taipei City 220731, Taiwan (R.O.C.)","許O豪","0228217858","","有","有"
"92721883","20230912","20230912","范特希工作室","Fantastic entertainment Co.","新北市新莊區新北大道4段175號3樓","3 F., No. 175, Sec. 4, New Taipei Blvd., Xinzhuang Dist., New Taipei City 242032, Taiwan (R.O.C.)","范O瑜","0910-661692","","無","無"
"92722102","20231212","20231212","植本良品企業社","APLANTY LTD","新北市三重區光復路1段８５號9樓","9 F., No. 85, Sec. 1, Guangfu Rd., Sanchong Dist., New Taipei City 241457, Taiwan (R.O.C.)","翁O庭","0921200323","","無","無"
"92722118","20230829","20230829","藝繪工作室","EZ decor paint Studio","新北市新莊區福營路328號4樓","4 F., No. 328, Fuying Rd., Xinzhuang Dist., New Taipei City 242054, Taiwan (R.O.C.)","吳O雯","0937191322","","有","有"
"92722145","20230828","20230828","安霏米苔目商行","MR.MITAIMOO FIRM","新北市新莊區福營路３８５之８號2樓","2 F., No. 385-8, Fuying Rd., Xinzhuang Dist., New Taipei City 242054, Taiwan (R.O.C.)","陳O融","0970623661","","有","有"
"92722285","20230919","20250212","拾悅企業社","SHIYUE INTERNATIONAL COMPANY","新北市三重區中興北街132之4號(1樓)","1 F., No. 132-4, Zhongxing N. St., Sanchong Dist., New Taipei City 241022, Taiwan (R.O.C.)","高O善","0921026982","","有","有"
"92722412","20230918","20230918","大口吃肉社區住家供餐配膳實業社","Feasting Frenzy Steakhouse CO.","新北市土城區學士路155號(1樓)","new taipei city_tucheng district_xueshi road_no.155_1f","趙O新","","","無","無"
"92722546","20231013","20231013","萬騖企業社","wanwu Co.","新北市汐止區大同路2段187巷1號(1樓)","1 F., No. 1, Ln. 187, Sec. 2, Datong Rd., Xizhi Dist., New Taipei City 221030, Taiwan (R.O.C.)","許O塏","8692-1929","","有","有"
"92722638","20230829","20241108","奕威商行","We Love Baby Co.","新北市淡水區民族路35巷14號(1樓)","1 F., No. 14, Ln. 35, Minzu Rd., Tamsui Dist., New Taipei City 251030, Taiwan (R.O.C.)","林O儀","02-2808-7509","","有","有"
"92722757","20231130","20231130","凌克工作坊","Link Company","新北市新莊區龍安路69巷10號21樓","21 F., No. 10, Ln. 69, Long’an Rd., Xinzhuang Dist., New Taipei City 242046, Taiwan (R.O.C.)","王O榮","","","有","有"
"92722763","20241205","20241205","小宋企業社","Smallsong Co.","臺北市信義區信義路6段76巷2弄37號2樓","2 F., No. 37, Aly. 2, Ln. 76, Sec. 6, Xinyi Rd., Xinyi Dist., Taipei City 110033, Taiwan (R.O.C.)","莊O崴","02-29657071","","有","有"
"92722855","20240710","20240710","本生活皮拉提斯工作室","Bon Pilates Studio","新北市新莊區中央路289號9樓","9 F., No. 289, Zhongyang Rd., Xinzhuang Dist., New Taipei City 242045, Taiwan (R.O.C.)","黃O睿","0965813071","","有","有"
"92723778","20230831","20230831","小粽子商行","Erno Store","新北市新莊區新北大道4段175號3樓","3 F., No. 175, Sec. 4, New Taipei Blvd., Xinzhuang Dist., New Taipei City 242032, Taiwan (R.O.C.)","王O玲","0908172523","","無","無"
"92724381","20240718","20240718","智星企業社","Zhixing Enterprise Co.","新北市新莊區昌平街59巷11弄4號4樓","4 F., No. 4, Aly. 11, Ln. 59, Changping St., Xinzhuang Dist., New Taipei City 242038, Taiwan (R.O.C.)","林O興","02-89920233","","有","有"
"92724832","20230905","20230905","玗芢商行","Juyuan Trading Firm","新北市三峽區三樹路222巷254弄19號2樓","2 F., No. 19, Aly. 254, Ln. 222, Sanshu Rd., Sanxia Dist., New Taipei City 237012, Taiwan (R.O.C.)","宋O雯","0988268749","","無","無"
"92725163","20230920","20250212","宇辰企業社","YUCHAIN INTERNATIONAL COMPANY","新北市中和區中山路2段６４巷３８號13樓","13 F., No. 38, Ln. 64, Sec. 2, Zhongshan Rd., Zhonghe Dist., New Taipei City 235022, Taiwan (R.O.C.)","侯O宇","0921026982","","有","有"
"92725494","20230923","20230923","璞晴工作室","Balloonpalace Chings Studio","新北市三重區三和路三段１１３巷１６號5樓","5 F., No. 16, Ln. 113, Sec. 3, Sanhe Rd., Sanchong Dist., New Taipei City 241057, Taiwan (R.O.C.)","黃O晴","0972110456","","有","有"
"92725620","20230906","20230906","胤洋企業社","Yin Yang International Trade Company","新北市板橋區文化路1段295號2樓","2 F., No. 295, Sec. 1, Wenhua Rd., Banqiao Dist., New Taipei City 220031, Taiwan (R.O.C.)","郭O銘","09-86029093","","有","有"
"92725987","20230908","20230908","立弘企業社","Lihong Enterprise Co.","新北市板橋區中山路2段212巷4之4號5樓","5 F., No. 4-4, Ln. 212, Sec. 2, Zhongshan Rd., Banqiao Dist., New Taipei City 220080, Taiwan (R.O.C.)","謝O閎","02-89523200","","無","無"
"92726424","20230926","20230926","玫沐企業社","MEIMU STORE","新北市汐止區伯爵街41巷35號3樓","3 F., No. 35, Ln. 41, Bojue St., Xizhi Dist., New Taipei City 221016, Taiwan (R.O.C.)","吳O昌","02-26421499","","有","有"
"92727182","20240509","20240509","泉沢國際商行","SENTAKU CO.","新北市中和區民安街53之2號5樓","5 F., No. 53-2, Min’an St., Zhonghe Dist., New Taipei City 235016, Taiwan (R.O.C.)","陳O安","","","有","有"
"92727367","20241105","20241105","穩盛針織廠","WUNG CHENG TEXTILE FACTORY","新北市樹林區新興街１９巷３０號2樓","2 F., No. 30, Ln. 19, Xinxing St., Shulin Dist., New Taipei City 238032, Taiwan (R.O.C.)","吳O祥","","","有","有"
"92727417","20230913","20230913","腦楚窩工作室","Angel.H Naochuwo Co.","新北市中和區圓通路335巷1弄21號3樓","3 F., No. 21, Aly. 1, Ln. 335, Yuantong Rd., Zhonghe Dist., New Taipei City 235043, Taiwan (R.O.C.)","邢O芸","0978777897","","有","有"
"92728653","20231017","20231017","藝豐行","YI FONG HANG STUDIO","新北市新店區安興路85之57號7樓","7 F., No. 85-57, Anxing Rd., Xindian Dist., New Taipei City 231066, Taiwan (R.O.C.)","丁O玉","0229990000","","有","有"
"92730412","20230921","20230921","貓蒲生活行","MAO PU LIFE CO.","新北市八里區忠孝路57巷2號","No. 2, Ln. 57, Zhongxiao Rd., Bali Dist., New Taipei City 249005, Taiwan (R.O.C.)","黃O潔","0915342981","","無","無"
"92730476","20240523","20250429","辛迪不哭企業社","CindyGlobal Co.","新北市汐止區康寧街１６９巷８號６樓","6 F., No. 8, Ln. 169, Kangning St., Xizhi Dist., New Taipei City 221013, Taiwan (R.O.C.)","劉O騰","0989844487","","有","有"
"92730497","20230920","20230920","利群企業社","Liqun Enterprise Co.","新北市板橋區中山路2段212巷4之4號5樓","5 F., No. 4-4, Ln. 212, Sec. 2, Zhongshan Rd., Banqiao Dist., New Taipei City 220080, Taiwan (R.O.C.)","黃O穎","02-89523200","","無","無"
"92730638","20240723","20240723","雲輝企業社","Yuheenc Company","新北市板橋區中山路1段10號11樓","11 F., No. 10, Sec. 1, Zhongshan Rd., Banqiao Dist., New Taipei City 220067, Taiwan (R.O.C.)","顏O輝","02-28217858","","有","有"
"92730692","20240607","20240607","禾新立商行","Ho Xinli Company","新北市新莊區福樂街132巷16號4樓","4 F., No. 16, Ln. 132, Fule St., Xinzhuang Dist., New Taipei City 242036, Taiwan (R.O.C.)","楊O𦭳","0987202319","","有","有"
"92731088","20230927","20250320","樂釜服飾店","Sunday_tw Store","新北市蘆洲區長安街131巷10號(1樓)","1 F., No. 10, Ln. 131, Chang'an St., Luzhou Dist., New Taipei City 247022, Taiwan (R.O.C.)","林O蓉","02-26881148","","有","有"
"92731279","20230925","20231018","薇蓮日系服飾店","LOFLINA Co.","新北市板橋區民族路225巷56號7樓","7 F., No. 56, Ln. 225, Minzu Rd., Banqiao Dist., New Taipei City 22073, Taiwan (R.O.C.)","張O豪","02-29647997","","有","有"
"92731910","20230923","20250204","正錩企業社","JEN-C ENTERPRISE Co.","新北市五股區新五路3段276號11樓之1","11 F.-1, No. 276, Sec. 3, Xin 5th Rd., Wugu Dist., New Taipei City 248624, Taiwan (R.O.C.)","劉O文","0939875160","02-2293-9048","有","有"
"92733086","20231005","20240404","睦家家用品商行","Hommy Commercial Store","臺北市內湖區金湖路350號1樓","1 F., No. 350, Jinhu Rd., Neihu Dist., Taipei City 114050, Taiwan (R.O.C.)","胡O明","0911381514","","無","無"
"92733184","20231002","20231002","嘉韋國際商行","Forsemi Co.","新北市新店區達觀路8巷1號12F之6","12-6F, No.1, Lane 8, Daguan Rd., Xindian Dist., New Taipei City, Taiwan (R.O.C.)","謝O銘","0911825966","","有","有"
"92734254","20230927","20230927","宇鏑商行","YUDY House","新北市中和區景平路259巷34號3樓","3 F., No. 34, Ln. 259, Jingping Rd., Zhonghe Dist., New Taipei City 235075, Taiwan (R.O.C.)","施O宇","0953040118","","無","無"
"92735296","20231004","20241114","神安貿易企業社","GODALCOR TRADING CO.","新北市新店區北宜路1段121號3樓","3 F., No. 121, Sec. 1, Beiyi Rd., Xindian Dist., New Taipei City 231039, Taiwan (R.O.C.)","陳O松","0907309009","","無","無"
"92735541","20231006","20231006","木心企業社","JUAN HSIN JOU CO.","新北市瑞芳區中正路16號(1樓)","1 F., No. 16, Zhongzheng Rd., Ruifang Dist., New Taipei City 224001, Taiwan (R.O.C.)","阮O柔","0958-004546","","無","無"
"92735681","20240517","20240517","暖烘烘企業社","Nuanhonghong Company","新北市永和區永和路2段57號7樓","7 F., No. 57, Sec. 2, Yonghe Rd., Yonghe Dist., New Taipei City 234012, Taiwan (R.O.C.)","蔡O","","","有","有"
"92735916","20231031","20231031","歆宇千晏坊","Xinyu qianyan Company","新北市淡水區民權路111號3樓","3 F., No. 111, Minquan Rd., Tamsui Dist., New Taipei City 251033, Taiwan (R.O.C.)","劉O宇","","","有","有"
"92736485","20231006","20240722","予禮工作室","UR Studio","新北市汐止區新台五路1段95號20樓之6","20 F.-6, No. 95, Sec. 1, Xintai 5th Rd., Xizhi Dist., New Taipei City 221416, Taiwan (R.O.C.)","鍾O安","0921664100","","有","有"
"92737386","20240115","20240115","久禾個人工作室","Maya See World Studio","新北市永和區永貞路７９號","No. 79, Yongzhen Rd., Yonghe Dist., New Taipei City 234027, Taiwan (R.O.C.)","謝O修","0987268311","","有","有"
"92737787","20231017","20231017","航柏行銷工作室","HangBo Marketing Studio","新北市板橋區大觀路2段154號(4樓)","4 F., No. 154, Sec. 2, Daguan Rd., Banqiao Dist., New Taipei City 220097, Taiwan (R.O.C.)","曾O豪","0986199180","","無","無"
"92737793","20240306","20240306","感想工作室","office one senses STUDIO","新北市中和區忠孝街1之2號3樓","3 F., No. 1-2, Zhongxiao St., Zhonghe Dist., New Taipei City 235054, Taiwan (R.O.C.)","邱O甫","0905109395","","有","有"
"92738420","20231113","20231113","珊迪進口水晶牌卡工作室","Shandi's Tarot & Mineral Boutique","新北市鶯歌區高職西街56號(1樓)","1 F., No. 56, Gaozhi W. St., Yingge Dist., New Taipei City 239602, Taiwan (R.O.C.)","張O瑾","","","有","有"
"92739027","20231020","20231020","一樂工作室","so glad makeup Studio","新北市板橋區文化路1段368號4樓之10","4 F.-10, No. 368, Sec. 1, Wenhua Rd., Banqiao Dist., New Taipei City 220792, Taiwan (R.O.C.)","王O綺","02-22547518","","有","有"
"92740208","20231102","20231102","善揚企業社","Sun Young Consulting Company","新北市永和區民權路53號6樓","6 F., No. 53, Minquan Rd., Yonghe Dist., New Taipei City 234621, Taiwan (R.O.C.)","劉O妤","","","有","有"
"92740220","20231102","20231102","瀚勝興業社","Handsome Trading Company","新北市中和區保健路48巷55號(1樓)","1 F., No. 55, Ln. 48, Baojian Rd., Zhonghe Dist., New Taipei City 235071, Taiwan (R.O.C.)","何O翰","","","無","無"
"92740404","20231107","20231107","彤李欣商行","TONG LEE XIN Co.","新北市泰山區明志路2段47號","No. 47, Sec. 2, Mingzhi Rd., Taishan Dist., New Taipei City 243086, Taiwan (R.O.C.)","紀O欣","02-85318648","","無","無"
"92740559","20090318","20231018","台灣可思文化社","TAIWAN COS CULTURE CO.","新北市新莊區中正路315號3樓","3 F., No. 315, Zhongzheng Rd., Xinzhuang Dist., New Taipei City 24243, Taiwan (R.O.C.)","涂O玲","02-22056112","02-22052581","有","有"
"92741446","20231205","20231205","盛日興企業社","Chengrixing Company","新北市板橋區中山路2段212巷4之4號5樓","5 F., No. 4-4, Ln. 212, Sec. 2, Zhongshan Rd., Banqiao Dist., New Taipei City 220080, Taiwan (R.O.C.)","楊O桂","","","無","無"
"92741950","20231116","20231116","吾選工作室","Eddiction Co.","新北市中和區建一路179號5樓","5 F., No. 179, Jian 1st Rd., Zhonghe Dist., New Taipei City 235045, Taiwan (R.O.C.)","吳O吉","0989303910","","無","無"
"92742557","20231025","20231025","欣和會商事","Shin He Charity Co.","新北市淡水區民權路25號21樓之5","21 F.-5, No. 25, Minquan Rd., Tamsui Dist., New Taipei City 251633, Taiwan (R.O.C.)","劉O華","0985-815108","","有","有"
"92742992","20231109","20231130","杏運草工作室","Ginkgo House Studio","新北市新店區北宜路1段18之7號4樓","4 F., No. 18-7, Sec. 1, Beiyi Rd., Xindian Dist., New Taipei City 231039, Taiwan (R.O.C.)","薛O","02-86650003","","有","有"
"92744534","20240329","20240329","妍欣風尚服裝行","RADIANT HEART APPAREL STUDIO","新北市中和區新生街46號11樓","11 F., No. 46, Xinsheng St., Zhonghe Dist., New Taipei City 235601, Taiwan (R.O.C.)","吳O瑋","0958393962","","有","有"
"92744561","20231025","20231025","禾迪企業社","Hedi Enterprise Co.","新北市板橋區中山路2段212巷4之4號5樓","5 F., No. 4-4, Ln. 212, Sec. 2, Zhongshan Rd., Banqiao Dist., New Taipei City 220080, Taiwan (R.O.C.)","黃O廸","02-89523200","","無","無"
"92744598","20231025","20231025","菁橋企業社","Jingqiao Enterprise Co.","新北市板橋區中山路2段212巷4之4號5樓","5 F., No. 4-4, Ln. 212, Sec. 2, Zhongshan Rd., Banqiao Dist., New Taipei City 220080, Taiwan (R.O.C.)","曾O柏","02-89523200","","無","無"
"92744611","20231025","20231025","怡禾企業社","Yihe International Enterprise Co.","新北市板橋區中山路2段212巷4之4號5樓","5 F., No. 4-4, Ln. 212, Sec. 2, Zhongshan Rd., Banqiao Dist., New Taipei City 220080, Taiwan (R.O.C.)","江O君","02-89523200","","無","無"
"92744632","20231025","20231025","珈多企業社","Jiado Enterpris Co.","新北市板橋區中山路2段212巷4之4號5樓","5 F., No. 4-4, Ln. 212, Sec. 2, Zhongshan Rd., Banqiao Dist., New Taipei City 220080, Taiwan (R.O.C.)","劉O欣","02-89523200","","無","無"
"92744936","20250605","20250605","奥德修斯企業社","Odysseus Company","新北市新店區安興路109號14樓之7","14 F.-7, No. 109, Anxing Rd., Xindian Dist., New Taipei City 231066, Taiwan (R.O.C.)","謝O廷","0916335194","","有","有"
"92747687","20231031","20231031","雅伯利工作室","Arboly Studio","新北市樹林區大安路347號3樓","3 F., No. 347, Da’an Rd., Shulin Dist., New Taipei City 238009, Taiwan (R.O.C.)","黃O殷","0978925991","","有","有"
"92748243","20231121","20231121","鉀米國際企業社","Air Shield COMPANY","新北市三重區重陽路2段18巷3號6樓之2","6 F.-2, No. 3, Ln. 18, Sec. 2, Chongyang Rd., Sanchong Dist., New Taipei City 241042, Taiwan (R.O.C.)","李O賢","0983715847","","有","有"
"92748356","20231211","20231211","我的衣櫥商行","MY CLOSET SHOP","新北市萬里區野柳里港東135號2樓","2 F., No. 135, Gangdong, Yeliu Vil., Wanli Dist., New Taipei City 207004, Taiwan (R.O.C.)","李O華","","","有","有"
"92748617","20241004","20241004","龍興布業企業社","Long Shine Co.","新北市土城區福祥街93號","No. 93, Fuxiang St., Tucheng Dist., New Taipei City 236029, Taiwan (R.O.C.)","陳O仁","02-26688667","","有","有"
"92748790","20231205","20241102","鴻燁企業社","Shirong Company","新北市三重區新北大道1段123號11樓","11 F., No. 123, Sec. 1, New Taipei Blvd., Sanchong Dist., New Taipei City 241614, Taiwan (R.O.C.)","潘O苗","","","無","無"
"92749405","20240102","20240102","朵朵商行","Duodo Tea Shop","新北市板橋區仁愛路26號","No. 26, Ren’ai Rd., Banqiao Dist., New Taipei City 220063, Taiwan (R.O.C.)","謝O豈","0289539236","","無","無"
"92749496","20240207","20240207","亨立通科技企業社","Henlitong Technology Enterprise Co.","新北市泰山區民權街14巷1號3樓","3 F., No. 1, Ln. 14, Minquan St., Taishan Dist., New Taipei City 243085, Taiwan (R.O.C.)","徐O仁","03-3127699","","無","無"
"92749947","20240628","20240628","漢書映像工作室","YEN ZHOU CO.","新北市林口區仁愛路1段328號","No. 328, Sec. 1, Ren'ai Rd., Linkou Dist., New Taipei City , Taiwan (R.O.C.)","周O緯","02-26009486","","有","有"
"92750280","20231120","20231120","估瑞商行","Rui Trading Firm","新北市樹林區中和街22號3樓","3 F., No. 22, Zhonghe, Shulin Dist., New Taipei City 238, Taiwan (R.O.C.)","張O恩","0989507417","","無","無"
"92750319","20231120","20231120","汎于商行","Common to commercial Firm","新北市樹林區中和街22號3樓","3 F., No. 22, Zhonghe, Shulin Dist., New Taipei City 238, Taiwan (R.O.C.)","吳O凡","0900610568","","無","無"
"92750401","20240430","20240430","靈元沉香行","Spirityuan Agarwood Company","新北市中和區圓通路369巷30弄54號(1樓)","1 F., No. 54, Aly. 30, Ln. 369, Yuantong Rd., Zhonghe Dist., New Taipei City 235603, Taiwan (R.O.C.)","李O蔚","","","有","有"
"92750802","20231120","20231120","萬能躍生活選品工作室","Panacea Lifestyle Select Studio","新北市五股區水碓七路164號3樓","3 F., No. 164, Shuidui 7th Rd., Wugu Dist., New Taipei City 248011, Taiwan (R.O.C.)","李O宇","0916190740","","有","有"
"92752251","20231112","20240711","宇宙轉運商行","cosmic transshipment firm","新北市新店區安德街１４８巷１１弄１１號3樓","3 F., No. 11, Aly. 11, Ln. 148, Ande St., Xindian Dist., New Taipei City 231046, Taiwan (R.O.C.)","林O諭","0909088876","","無","無"
"92752301","20240618","20240618","芝麻比企業社","DISHENG TAN COMPANY","新北市新店區黎明路57巷33號(1樓)","1 F., No. 33, Ln. 57, Liming Rd., Xindian Dist., New Taipei City 231051, Taiwan (R.O.C.)","談O笙","0988112404","","有","有"
"92752597","20231121","20231121","航航宇宙企業社","Hang Hang Studio","新北市三峽區學成路327號2樓之13","2 F.-13, No. 327, Xuecheng Rd., Sanxia Dist., New Taipei City 237624, Taiwan (R.O.C.)","黃O劭","","","無","無"
"92752626","20231114","20240102","熊本日貨館","Kumamoto Japanese Goods Store","新北市新莊區民安西路189巷21弄4號2樓","2 F., No. 4, Aly. 21, Ln. 189, Min’an W. Rd., Xinzhuang Dist., New Taipei City 242069, Taiwan (R.O.C.)","林O甄","","","有","有"
"92752652","20231115","20231115","帕娜可亞健甲企業社","Ashastar Co.","新北市三重區重陽路1段48號3樓","3 F., No. 48, Sec. 1, Chongyang Rd., Sanchong Dist., New Taipei City 241014, Taiwan (R.O.C.)","林O靜","","","無","無"
"92753049","20240809","20240809","羽漾光企業社","Yu Yangguang Enterprise Co.","新北市汐止區新台五路1段95號20樓之6","20 F.-6, No. 95, Sec. 1, Xintai 5th Rd., Xizhi Dist., New Taipei City 221416, Taiwan (R.O.C.)","劉O丞","","","有","有"
"92753076","20240826","20240826","沛如企業店","PEI-RU SALES Enterprise Company","新北市汐止區新台五路1段95號20樓之6","20 F.-6, No. 95, Sec. 1, Xintai 5th Rd., Xizhi Dist., New Taipei City 221416, Taiwan (R.O.C.)","禹O如","","","有","有"
"92753272","20240103","20240103","熊熊打工趣早餐店","Work Bear Breakfast Shop","新北市新店區安康路2段159巷12號","No. 12, Ln. 159, Sec. 2, Ankang Rd., Xindian Dist., New Taipei City 231068, Taiwan (R.O.C.)","葉O琪","","","有","有"
"92753499","20231121","20231121","晟芯企業社","Shengxin Enterprise Co.","新北市板橋區民權路202巷14弄11號2樓","2 F., No. 11, Aly. 14, Ln. 202, Minquan Rd., Banqiao Dist., New Taipei City 220032, Taiwan (R.O.C.)","鄭O璇","","","有","有"
"92753580","20231117","20231117","欣炎國際商行","Xin Yan Universal Trading Co.","新北市三重區集勇街33號5樓","5 F., No. 33, Jiyong St., Sanchong Dist., New Taipei City 241464, Taiwan (R.O.C.)","田O菁","0914035577","","有","有"
"92753596","20240527","20240527","云僑商行","YUNQIAO TRADING CO.,LTD","新北市新莊區後港一路76巷1弄5號2樓","2 F., No. 5, Aly. 1, Ln. 76, Hougang 1st Rd., Xinzhuang Dist., New Taipei City 242051, Taiwan (R.O.C.)","徐O玲","0903567396","","有","有"
"92754315","20231120","20231120","塔斯貿易商行","TARS TRADING COMPANY","新北市板橋區三民路2段33號14樓","14 F., No. 33, Sec. 2, Sanmin Rd., Banqiao Dist., New Taipei City 220337, Taiwan (R.O.C.)","吳O庭","","","有","有"
"92754808","20231207","20231207","合本洋品商行","Hannajp Firm","新北市土城區金城路3段131巷11號7樓","7 F., No. 11, Ln. 131, Sec. 3, Jincheng Rd., Tucheng Dist., New Taipei City 236005, Taiwan (R.O.C.)","王O恩","0911281281","","有","有"
"92755341","20231122","20231122","凌菲企業社","Luna Consulting Studio","新北市中和區民治街21巷1號2樓","2 F., No. 1, Ln. 21, Minzhi St., Zhonghe Dist., New Taipei City 235007, Taiwan (R.O.C.)","王O凱","0933010546","","無","無"
"92755736","20231128","20231128","米沃爾工程行","Miwoer Company","新北市鶯歌區鶯桃路658巷47弄5號(3樓)","3 F., No. 5, Aly. 47, Ln. 658, Yingtao Rd., Yingge Dist., New Taipei City 239013, Taiwan (R.O.C.)","林O哲","0987-568025","","有","有"
"92756003","20231208","20231208","金茶居商行","jin cha ju shang Hang","新北市汐止區樟樹一路29號","No. 29, Zhangshu 1st Rd., Xizhi Dist., New Taipei City 221006, Taiwan (R.O.C.)","劉O君","02-26480509","","無","無"
"92756019","20231123","20231123","慕舍選物工作室","MOODSHAPE STUDIO","新北市林口區忠孝路296號12樓","12 F., No. 296, Zhongxiao Rd., Linkou Dist., New Taipei City 244013, Taiwan (R.O.C.)","李O慈","0975161776","","有","有"
"92756377","20241202","20241202","品蔚生技商行","COOKIE Shop","新北市板橋區中山路1段10號11樓","11 F., No. 10, Sec. 1, Zhongshan Rd., Banqiao Dist., New Taipei City 220067, Taiwan (R.O.C.)","郭O宏","","","有","有"
"92756691","20240605","20240605","陳高水產行","CHEN KAO MARINE Co.","新北市新莊區中榮街81巷8號4樓","4 F., No. 8, Ln. 81, Zhongrong St., Xinzhuang Dist., New Taipei City 242029, Taiwan (R.O.C.)","高O順","","","有","有"
"92757170","20231129","20231129","萬象日用品企業社","Vientiane daily necessities Company","新北市中和區莊敬路49巷20弄18號2樓","2 F., No. 18, Aly. 20, Ln. 49, Zhuangjing Rd., Zhonghe Dist., New Taipei City 235023, Taiwan (R.O.C.)","黃O能","0922216752","02-22455117","有","有"
"92757185","20231127","20231127","遊牧數位工作室","Keyboard Warrior Co.","新北市淡水區奎柔山路752巷43號","No. 43, Ln. 752, Kuiroushan Rd., Tamsui Dist., New Taipei City 251012, Taiwan (R.O.C.)","詹O","","","有","有"
"92758277","20240422","20241113","森日快樂製造所","Happybirthday Store","新北市三峽區大義路195號","No. 195, Dayi Rd., Sanxia Dist., New Taipei City 237632, Taiwan (R.O.C.)","廖O曦","","","有","有"
"92759634","20240702","20250502","夏夏企業社","Xiaa Xiaa Enterprise Company","高雄市苓雅區中正二路１７５號5樓之３","5 F.-3, No. 175, Zhongzheng 2nd Rd., Lingya Dist., Kaohsiung City 802406, Taiwan (R.O.C.)","陳O婷","02-28217858","","有","有"
"92764897","20250224","20250224","峯利商行","Feng Li Trading Firm","基隆市仁愛區愛二路58號(1樓)","1 F., No. 58, Ai 2nd Rd., Ren'ai Dist., Keelung City 200005, Taiwan (R.O.C.)","簡O婷","02-24246895","","有","有"
"92765586","20230913","20230913","馬烈國際企業社","MALE BROTHERS INTERNATIONAL Co.","基隆市暖暖區源遠路249巷13號","No. 13, Ln. 249, Yuanyuan Rd., Nuannuan Dist., Keelung City 205008, Taiwan (R.O.C.)","鄭O瀚","02-26266886","","有","有"
"92767135","20250522","20250522","優選樂購工作室","Best Happy Go Shop","基隆市仁愛區仁一路243號(1樓)","1 F., No. 243, Ren 1st Rd., Ren'ai Dist., Keelung City 200012, Taiwan (R.O.C.)","余O辰","0919589979","","有","有"
"92768633","20231225","20241016","舒蘭卡工作室","Shulanka Studio","臺中市大里區至聖路22巷18號2樓","2 F., No. 18, Ln. 22, Zhisheng Rd., Dali Dist., Taichung City 412011, Taiwan (R.O.C.)","林O如","0985115442","","有","有"
"92769513","20240123","20240123","榮森企業社","Rong Sen Company","基隆市中山區復興路212巷4弄16之1號","No. 16-1, Aly. 4, Ln. 212, Fuxing Rd., Zhongshan Dist., Keelung City 203007, Taiwan (R.O.C.)","江O宏","0936-181-025","","無","無"
"92770547","20240711","20240711","俞畦商行","YU CHI SHANG HANG SHOP","基隆市仁愛區仁四路17之5號(1樓)","1 F., No. 17-5, Ren 4th Rd., Ren’ai Dist., Keelung City 200010, Taiwan (R.O.C.)","黃O畇","0978873726","","有","有"
"92770764","20241108","20241108","鉅聖數位網路工作室","ju sheng Co.","基隆市暖暖區暖中路35之5號","No. 35-5, Nuanzhong Rd., Nuannuan Dist., Keelung City 205002, Taiwan (R.O.C.)","盧O承","0933233880","","有","有"
"92780480","20231013","20231013","堡成機械商行","BAO CHENG JI XIE STORE","新竹市北區台溪里中華路三段9號八樓之7","8 F.-7, No. 9, Sec. 3, Zhonghua Rd., Taixi Vil., North Dist., Hsinchu City 300003, Taiwan (R.O.C.)","陳O堡","0958930736","","無","無"
"92780502","20231018","20231018","裕利聚商行","YU LI JU STORE","新竹市北區中山路163號二樓之3","2 F.-3, No. 163, Zhongshan Rd., North Dist., Hsinchu City 300028, Taiwan (R.O.C.)","周O庭","0958930736","","無","無"
"92780756","20230922","20230922","紘揚國際貿易商行","HONG YANG INTERNATIONAL TRADE Company","新竹市北區北大路468號2樓之2","2 F.-2, No. 468, Beida Rd., North Dist., Hsinchu City 300076, Taiwan (R.O.C.)","劉O瑋","0958930736","","無","無"
"92782353","20231116","20231116","馭丞賽車工程行","ProjectK Racing Team Store","新竹市香山區朝山里中華路五段420巷170弄20號","No. 20, Aly. 170, Ln. 420, Sec. 5, Zhonghua Rd., Chaoshan Vil., Xiangshan Dist., Hsinchu City 300111, Taiwan (R.O.C.)","羅O琦","0988-675-558","","有","有"
"92782570","20240130","20240130","正文商行","LVYSHUE TRADING Co.","新竹市東區文華里田美二街6號一樓","1 F., No. 6, Tianmei 2nd St., Wenhua Vil., East Dist., Hsinchu City 300008, Taiwan (R.O.C.)","蔡O正","0922032515","","有","有"
"92782728","20240329","20240329","阿舍工程行","Asher Engineering Co.","新竹市東區新莊里新莊街350號一樓","1 F., No. 350, Xinzhuang St., Xinzhuang Vil., East Dist., Hsinchu City 300051, Taiwan (R.O.C.)","陳O鈿","03-5772647","","有","有"
"92783085","20250114","20250114","拾若花藝設計室","Ethereal Flowers Store","新竹市北區磐石里西大路709巷11號九樓之1","9 F.-1, No. 11, Ln. 709, Xida Rd., Panshi Vil., North Dist., Hsinchu City 300018, Taiwan (R.O.C.)","蕭O雅","0968015131","","有","有"
"92784367","20231128","20231128","星空文化商行","Star Books Company","新竹市香山區虎林里虎林街185巷5之2號一樓","1 F., No. 5-2, Ln. 185, Hulin St., Hulin Vil., Xiangshan Dist., Hsinchu City 300021, Taiwan (R.O.C.)","許O綺","","","有","有"
"92784768","20250505","20250505","愛美保養商行","Ai Mei Beauty Care Store","新竹市香山區虎山里延平路二段811巷31號一樓","1 F., No. 31, Ln. 811, Sec. 2, Yanping Rd., Hushan Vil., Xiangshan Dist., Hsinchu City 300069, Taiwan (R.O.C.)","潘O桃","0938455541","","有","有"
"92785540","20231229","20240627","布斯義貿易事業","CIBUS JOY TRADE COMPANY","新竹市東區南市里中華路二段590號","No. 590, Sec. 2, Zhonghua Rd., Nanshi Vil., East Dist., Hsinchu City 300003, Taiwan (R.O.C.)","陳O伶","0933685125","","有","有"
"92797383","20240430","20240430","富麗商行","FULLY SHOP","新竹縣湖口鄉孝勢村中正路1段24號1樓","1F., No. 24, Sec. 1, Zhongzheng Rd., Xiaoshi Vil., Hukou Township, Hsinchu County , Taiwan (R.O.C.)","蔡O靜","0920756076","","有","有"
"92797525","20240122","20240122","鼎田數位企業社","Dingtien Hang","新竹縣竹北市十興路264號1樓","No. 264, Sec. 1, Shixing Rd., Zhubei City, Hsinchu County 302059, Taiwan (R.O.C.)","田O耘","0988631790","","有","有"
"92797567","20240523","20240523","誇嚴選工作室","momospotlight Studio","新竹縣竹北市勝利八街1段227號22樓之1","22 F.-1, No. 227, Sec. 1, Shengli 8th St., Zhubei City, Hsinchu County 302059, Taiwan (R.O.C.)","王O鵬","","","有","有"
"92798952","20231228","20231228","愷睿商行","CarryTing Co.","新竹縣竹北市福興一路86號13樓","13 F., No. 86, Fuxing 1st Rd., Zhubei City, Hsinchu County 302056, Taiwan (R.O.C.)","寇O雯","0975512979","","有","有"
"92799100","20240226","20240226","愜意設計工作室","LDOHM Design Studio","新竹縣竹北市新崙里光明六路570號21樓","21 F., No. 570, Guangming 6th Rd., Xinlun Vil., Zhubei City, Hsinchu County 302049, Taiwan (R.O.C.)","廖O晴","03-6560256","","有","有"
"92799740","20241113","20241113","悅來悅好野工作室","GETTING RICHER COMPANY","新竹縣竹北市竹義里中正東路站後巷35號4樓","4 F., No. 35, Zhanhou Ln., Zhongzheng E. Rd., Zhuyi Vil., Zhubei City, Hsinchu County 302006, Taiwan (R.O.C.)","劉O燕","","","有","有"
"92799946","20240107","20240107","朵恩國際代購商行","Doreen Int Daigou Co.","新竹縣竹東鎮東寧里東富街49巷6號","No. 6, Ln. 49, Dongfu St., Dongning Vil., Zhudong Township, Hsinchu County 310012, Taiwan (R.O.C.)","張O屏","0975042093","","有","有"
"92800198","20220517","20220517","平順企業社","PINSHUN ENTERPRISE CO.","彰化縣花壇鄉金墩村金福街290號","No. 290, Jinfu St., Huatan Township, Changhua County 50343, Taiwan (R.O.C.)","謝O眞","0931676769","","有","有"
"92803385","20200113","20210811","裕佶企業社","Yujia snail enterprise co.","彰化縣彰化市茄苳里茄苳路2段290巷25號","No. 25, Ln. 290, Sec. 2, Jiadong Rd., Jiadong Vil., Changhua City, Changhua County 50084, Taiwan (R.O.C.)","林O裕","047353908","","有","有"
"92806073","20200423","20220106","鴻利針織廠","Hongli Knitting Factory","彰化縣社頭鄉湳底村湳底路162號","No. 162, Nandi Ln., Shetou Township, Changhua County 51155, Taiwan (R.O.C.)","劉O欽","04-8727525","04-8721265","有","有"
"92806469","20180809","20210811","彰成織襪工業社","CHANG CHENG KNITTING CO.","彰化縣社頭鄉社頭村光明巷５２弄２８號１樓","1 F., No. 28, Aly. 52, Guangming Ln., Shetou Township, Changhua County 51147, Taiwan (R.O.C.)","陳O融","04-8730122","04-8711050","有","有"
"92811012","19871201","20220928","松展機械工廠","SUNG CHAN MACHINERY WORKS","臺中市大里區東興里東榮路398號3樓","3 F., No. 398, Dongrong Rd., Dongxing Vil., Dali Dist., Taichung City 412011, Taiwan (R.O.C.)","李O坤","049-2524743","049-524757","有","有"
"92811174","20020910","20230628","寶亮眼鏡行","PAO LIANG OPTICAL CO.","臺南市永康區中興里中華路264號1樓","1 F., No. 264, Zhonghua Rd., Zhongxing Vil., Yongkang Dist., Tainan City 710029, Taiwan (R.O.C.)","陳O係","04-761-2211","04-761-9641","有","有"
"92811548","20230809","20230809","翔祺工業社","Xiang Kei Industrial Co.","彰化縣和美鎮中圍里東萊路五二四巷五二號","No. 52, Ln. 524, Donglai Rd., Zhongwei Vil., Hemei Township, Changhua County 508002, Taiwan (R.O.C.)","林O雲","04-7362738","04-7364886","有","有"
"92812835","20090720","20210811","洽億企業社","QIA.YI   CO.","彰化縣和美鎮中寮里東萊路９４巷３１３號１樓","1 F., No. 313, Ln. 94, Donglai Rd., Zhongliao Vil., Hemei Township, Changhua County 50842, Taiwan (R.O.C.)","黄O健","04-7361086","04-7364813","有","有"
"92813335","20020925","20210812","銘嘉五金企業社","MING CHIA HARDWARE CO.","彰化縣和美鎮南佃里大佃路３４７巷４３號","No. 43, Ln. 347, Dadian Rd., Nandian Vil., Hemei Township, Changhua County 50860, Taiwan (R.O.C.)","蕭O連","04-769-2386","04-769-0968","有","有"
"92813551","20020918","20210811","盛全家電城","SHENG CHANG ELECTRIC APPLIANCES CO.","彰化縣員林市新生里莒光路497號","No. 497, Juguang Rd., Xinsheng Vil., Yuanlin City, Changhua County 51052, Taiwan (R.O.C.)","王O惠","04-761-2211","04-761-9641","有","有"
"92814171","20130408","20250619","惠春藥行","HUI CHUN YAO HANG","彰化縣員林市南興里南潭路27號","No. 27, Nantan Rd., Nanxing Vil., Yuanlin City, Changhua County 510013, Taiwan (R.O.C.)","江O舟","04-8336633","04-8285164","有","有"
"92814242","20021004","20210811","尚好肉商","SUING HOW SHOP","彰化縣和美鎮公有零售市場肉類第十七號攤位","No. 17, Hemei Township, Changhua County 508, Taiwan (R.O.C.)","林O燕雪","04-7222600","04-7241317","有","有"
"92815636","19980121","20230103","岐山周勾鍊社","CHOU'S HOOK-LINK CO.","彰化縣彰化市和調里中山路三段一二一巷一一七弄一五之九號","No. 15-9, Aly. 117, Ln. 121, Sec. 3,  Zhongshan Rd., Hediau Vil., Changhua City,  Changhua County 500, Taiwan (R.O.C.)","溫O蘭","","","無","無"
"92815919","20021016","20231222","元鼎實業社","YUANNDING CO.","彰化縣彰化市茄苳里茄苳路2段146巷14弄25號","No. 25, Aly. 14, Ln. 146, Sec. 2, Jiadong Rd., Jiadong Vil., Changhua City, Changhua County 500044, Taiwan (R.O.C.)","林O興","047-356257","","有","有"
"92817228","20221123","20221123","超鮮園","Super Fresh Garden Firm","彰化縣溪州鄉東州村東州路56號","No. 56, Dongzhou Rd., Xizhou Township, Changhua County 524001, Taiwan (R.O.C.)","陳O敏","048895326","048891151","有","有"
"92817281","20031003","20210812","豪信通信科技工程社","HAO XIN HANG","彰化縣彰化市阿夷里泰和路２段４１５巷１５弄１４號","No. 14, Aly. 15, Ln. 415, Sec. 2, Taihe Rd., Ayi Vil., Changhua City, Changhua County 50085, Taiwan (R.O.C.)","王O銅","04-8927806","04-8927494","有","有"
"92817613","20020619","20210811","浤琦五金百貨企業社","HONG CHI HARDWARE ENTERPRISE CO.","彰化縣秀水鄉莊雅村秀中街163巷2號1樓","1 F., No. 2, Ln. 163, Xiuzhong St., Xiushui Township, Changhua County 50445, Taiwan (R.O.C.)","留O春","04-7681212","04-7680434","有","有"
"92818232","20210203","20210811","雅典企業社","Athens Print Company","彰化縣彰化市延平里埔市街二三號一樓","1 F., No. 23, Pushi St., Yanping Vil., Changhua City, Changhua County 50050, Taiwan (R.O.C.)","劉O平","04-24222696","04-24223574","有","有"
"92818471","20190617","20210811","祥豐寢俱行","SHANPHON PILLOW BEDDING HANG","彰化縣和美鎮大霞里太平路545巷97號","No. 97, Ln. 545, Taiping Rd., Daxia Vil., Hemei Township, Changhua County 50849, Taiwan (R.O.C.)","周O主","04-7566357","04-7565734","有","有"
"92819730","20241105","20241105","聖興西佛國","SHENG XING XI FU GUO COMPANY","彰化縣員林市和平里莒光路732號","No. 732, Juguang Rd., Heping Vil., Yuanlin City, Changhua County 510012, Taiwan (R.O.C.)","柯O中","","","有","有"
"92820455","20141028","20211210","鑫成行","XIN CHENG PRODUCE CO.","雲林縣西螺鎮東興里頂崙三O之五號","Dinglun, Dongxing Vil., Xiluo Township, Yunlin County 64878, Taiwan (R.O.C.)","林O妙","","","有","有"
"92822778","20060331","20210812","祐新企業社","JO SHING CO.","雲林縣斗南鎮大東里大東145之1號","No. 145-1, Dadong, Dadong Vil., Dounan Township, Yunlin County 63050, Taiwan (R.O.C.)","洪O雪","05-5970605","","有","有"
"92823116","20021002","20210812","泰衍商行","TAI YAN COMPANY","雲林縣斗六市梅林里內林路六五之一六號一樓","1 F., No. 65-16, Neilin Rd., Meilin Vil., Douliu City, Yunlin County 64061, Taiwan (R.O.C.)","賴O仁","05-5571258","05-5570625","有","有"
"92823930","20030924","20210811","松興室內裝璜行","SONGER SHING COMPANY","雲林縣斗南鎮舊社里興國路一二三號一樓","1 F., No. 123, Xingguo Rd., Jiushe Vil., Dounan Township, Yunlin County 63047, Taiwan (R.O.C.)","李O琴","05-597-1135","05-596-1939","無","無"
"92825584","20160520","20210811","田金企業社","TIAN JIN BUSINESS COMPANY","雲林縣元長鄉下寮村興工路28之1號","No. 28-1, Xialiao, Yuanzhang Township, Yunlin County 65543, Taiwan (R.O.C.)","羅O惠","06-5741670","06-5747108","有","有"
"92825780","20021017","20210812","建順農產行","JIANSHUG CO.","雲林縣大埤鄉怡然村三民路二之九號","No. 2-9, Sanmin Rd., Dapi Township, Yunlin County 63143, Taiwan (R.O.C.)","許O銘","05-5913327","","有","有"
"92827942","20130117","20210812","華楓文創行銷","HUAFENG REFINEMENT PAPER COMPANY","雲林縣斗六市溪洲里萬年路八四八號一樓","1 F., No. 848, Wannian Rd., Xizhou Vil., Douliu City, Yunlin County 64070, Taiwan (R.O.C.)","黃O維","05-5321233","","有","有"
"92828724","20010522","20210812","冠群農產行","GUANN CHYNN PRODUCE FIRM","雲林縣西螺鎮正興里公正路一０三號一樓","1 F., No. 103, Gongzheng Rd., Zhengxing Vil., Xiluo Township, Yunlin County 64857, Taiwan (R.O.C.)","曾O英","05-5862932","","有","有"
"92828920","20020830","20210812","長波無線電通信器材行","CHUNGPO HANG","雲林縣西螺鎮七座里七座三二號一樓","1 F., No. 32, Qizuo, Qizuo Vil., Xiluo Township, Yunlin County 64870, Taiwan (R.O.C.)","李O梅","05-5866188","","有","有"
"92830995","20021002","20210812","畜昌行動物診所","XU CHANG HANG","雲林縣斗南鎮西岐里建國一路六五號一樓","1 F., No. 65, Jianguo 1st Rd., Xiqi Vil., Dounan Township, Yunlin County 63044, Taiwan (R.O.C.)","陳O銘","04-8927806","04-8927494","有","有"
"92831039","20030916","20210812","上玉商行","SHANG YUR COMPANY","雲林縣虎尾鎮德興里公安路一三五號一樓","1 F., No. 135, Gong’an Rd., Dexing Vil., Huwei Township, Yunlin County 63244, Taiwan (R.O.C.)","郭O珠","05-597-1135","05-596-1939","有","有"
"92834943","20031003","20240703","國際瓦斯器具企業社","GLOBALGAS COMPANY","雲林縣斗六市久安里久安南路五號","No. 5, Jiu’an S. Rd., Jiu’an Vil., Douliu City, Yunlin County 64067, Taiwan (R.O.C.)","張O仁","04-8927806","04-8927494","有","有"
"92835154","20021002","20210811","東池快餐店","DONG CHI A SNACK STORE","雲林縣斗六市鎮東里鎮東路42之2號","No. 42-2, Zhendong Rd., Zhendong Vil., Douliu City, Yunlin County 64046, Taiwan (R.O.C.)","鄭O駿","04-8927806","04-8927494","有","有"
"92836219","20121211","20231229","立信製衣廠","LIXIN GARMENT CO.","雲林縣北港鎮中和里中華路二九號一樓","1 F., No. 29, Zhonghua Rd., Zhonghe Vil., Beigang Township, Yunlin County 65143, Taiwan (R.O.C.)","陳O華","05-7832440","05-7824272","有","有"
"92837272","20020909","20210811","揚茂農機行","YANG MAU COMPANY","雲林縣土庫鎮越港里成功路16之7號1樓","1 F., No. 16-7, Chenggong Rd., Yuegang Vil., Tuku Township, Yunlin County 63347, Taiwan (R.O.C.)","周O強","05-6622325","05-6622320","有","有"
"92842161","20250411","20250411","東大建材行","Dongda Sand and Stone Field Studio","苗栗縣竹南鎮港墘里13鄰明勝路905號1樓","1 F., No. 905, Mingsheng Rd., 13th Neighborhood, Gangqian Vil., Zhunan Township, Miaoli County 350003, Taiwan (R.O.C.)","張O民","037-460405","037-460405","有","有"
"92843231","20180222","20210811","新電電料行","SIN-TIEN MATERIAL COMPANY","苗栗縣竹南鎮照南里自由街169號","No. 169, Ziyou St., Zhaonan Vil., Zhunan Township, Miaoli County 35051, Taiwan (R.O.C.)","鍾O傑","037-473399","037-470822","有","有"
"92846271","20020130","20210812","力豐企業社","LEE FONG ENTERPRISE CO.","苗栗縣頭份市山下里1鄰赤崎下6之4號","No. 6-4, Chiqixia, 1st Neighborhood, Shanxia Vil., Toufen City, Miaoli County 35156, Taiwan (R.O.C.)","李O","037-667318","037-667318","有","有"
"92846336","20191213","20210812","東昌玻璃行","DONGCHANG GLASS CO.","苗栗縣通霄鎮內島里中山路323號","No. 323, Zhongshan Rd., Neidao Vil., Tongxiao Township, Miaoli County 35742, Taiwan (R.O.C.)","洪O鎬","037-793839","037-793772","有","有"
"92850041","20080327","20210812","世鑫企業社","SHYH AHIN CO.","苗栗縣竹南鎮竹南里12鄰民權街51巷9號2樓","2 F., No. 9, Ln. 51, Minquan St., 12th Neighborhood, Zhunan Vil., Zhunan Township, Miaoli County 35041, Taiwan (R.O.C.)","馮O銘","03-7580196","037-580946","有","有"
"92851533","20200526","20210811","戴志宏藝術工作室","DAI ZHI HONG ART STORE","苗栗縣三義鄉廣盛村３７鄰廣聲新城２號","No. 2, Guangsheng Xincheng, 37th Neighborhood, Sanyi Township, Miaoli County 36744, Taiwan (R.O.C.)","吳O君","0931-285852","","有","有"
"92853785","20240117","20240117","恬桔梗科技企業社","Tianjiegeng Technology Enterprise Company","新竹縣湖口鄉中興村蘭州街181號1樓","1 F., No. 181, Lanzhou St., Hukou Township, Hsinchu County 303115, Taiwan (R.O.C.)","林O賢","","","有","有"
"92855117","20200924","20210811","乙興工業社","I Hsin  SLG Industrial Co.","苗栗縣苑裡鎮新復里5鄰新復57-6號","No. 57-6, Xinfu, 5th Neighborhood, Xinfu Vil., Yuanli Township, Miaoli County 35865, Taiwan (R.O.C.)","林O亮","037-853946","","有","有"
"92857728","19990730","20230111","喜美通信行","SHE MAY TELECOM CO.","苗栗縣後龍鎮北龍里龍山路43之3號","No. 43-3, Longshan Rd., Beilong Vil., Houlong Township, Miaoli County 356011, Taiwan (R.O.C.)","葉O雲","","","無","無"
"92858000","20001216","20210812","和良中藥房","HO LING CHINESE DRUGS COMPANY","苗栗縣苑裡鎮客庄里11鄰信義路1之8號","No. 1-8, Xinyi Rd., 11th Neighborhood, Kezhuang Vil., Yuanli Township, Miaoli County 35860, Taiwan (R.O.C.)","陳O本","037-866011","","有","有"
"92862150","20051012","20240517","利元實業社","LI YUAN TEXTILE CO.","新北市泰山區福興三街19號8樓","8 F., No. 19, Fuxing 3rd St., Taishan Dist., New Taipei City 243095, Taiwan (R.O.C.)","蕭O宜","02-8601-2526","02-2601-3843","有","有"
"92863411","20131024","20220310","潔元企業社","KIYOSHI MOTO COMPANY","新北市八里區中山路2段267號5樓","5 F., No. 267, Sec. 2, Zhongshan Rd., Bali Dist., New Taipei City 24943, Taiwan (R.O.C.)","陳OO","02-86305147","02-86305147","有","有"
"92867520","20091007","20230221","城盅企業社","CHENG ZHONG ENTERPRISE COMPANY","桃園市桃園區寶山里民富十一街1巷12號6樓","6 F., No. 12, Ln. 1, Minfu 11th St., Baoshan Vil., Taoyuan Dist., Taoyuan City 330054, Taiwan (R.O.C.)","謝O萍","02-26828780","","有","有"
"92869822","20020218","20210812","協岳企業社","HSIEH YUE ENTERPRISE CO.","新北市土城區明德路２段１１２號３樓（現場僅供辦公室使用）","3 F., No. 112, Sec. 2, Mingde Rd., Tucheng Dist., New Taipei City 23660, Taiwan (R.O.C.)","侯O偉","22682252","","有","有"
"92872755","20020110","20210812","上合藝業社","SUN HO ART ENTERPRISE CO.","新北市三重區中央里文化北路102巷4號","No. 4, Ln. 102, Wenhua N. Rd., Zhongyang Vil., Sanchong Dist., New Taipei City 24147, Taiwan (R.O.C.)","林O","02-29558228","02-29658732","有","有"
"92873023","20150413","20210811","百樂美容美髮材料行","TUPPER BAILE HAIRDRESSING MATERIALS FIRM","新北市三重區重陽路３段５巷８弄２２號１樓","1 F., No. 22, Aly. 8, Ln. 5, Sec. 3, Chongyang Rd., Sanchong Dist., New Taipei City 24145, Taiwan (R.O.C.)","張O濱","02-29817525","02-29848769","有","有"
"92873516","20221212","20221212","富鎰機械五金企業社","FU YI MECHANICAL METAL ENTERPRISE Co.","新北市新莊區新北大道7段301號8樓","8 F., No. 301, Sec. 7, New Taipei Blvd., Xinzhuang Dist., New Taipei City 242059, Taiwan (R.O.C.)","林O華","02-22047392","","有","有"
"92885301","20210127","20210811","貫通行","GUAN TONG HANG","新北市三重區貴陽街４７巷１９弄３號１樓","1 F., No. 3, Aly. 19, Ln. 47, Guiyang St., Sanchong Dist., New Taipei City 24161, Taiwan (R.O.C.)","邱O明","02-2987-6798","","有","有"
"92885359","20020925","20210811","星利達商號","HSING LI TA SHOP","新北市三重區中山路１０號","No. 10, Zhongshan Rd., Sanchong Dist., New Taipei City 241, Taiwan (R.O.C.)","黃O達","02-25713210","02-24632669","有","有"
"92885457","20070905","20210811","方城琉璃瓦工程行","FANG CHENG LAZURITE TILE ENGINEERING CO.","桃園市大溪區仁文里員林路1段3巷85弄12號1樓","1 F., No. 12, Aly. 85, Ln. 3, Sec. 1, Yuanlin Rd., Renwen Vil., Daxi Dist., Taoyuan City 33561, Taiwan (R.O.C.)","王O方","02-26786655","02-26776751","有","有"
"92885479","20071108","20210811","良盈內衣行","LION INN CO.","新北市板橋區華興街３１巷１８號","No. 18, Ln. 31, Huaxing St., Banqiao Dist., New Taipei City 22060, Taiwan (R.O.C.)","許O哲","02-29596130","02-29535749","有","有"
"92892339","20001226","20210812","金都企業社","FIXTURE-TECH ENTERPRISE COMPANY","新北市中和區連城路４７７巷６弄１６號","No. 16, Aly. 6, Ln. 477, Liancheng Rd., Zhonghe Dist., New Taipei City 23550, Taiwan (R.O.C.)","游O仁","02-26647582","02-26647797","有","有"
"92895960","20090120","20210811","鴻吉電子材料行","HOW GEE ELECTRONICS CO.","新北市淡水區水源街１段１２２巷１６號","No. 16, Ln. 122, Sec. 1, Shuiyuan St., Tamsui Dist., New Taipei City 25146, Taiwan (R.O.C.)","蔡O候","02-26206956","02-26220120","有","無"
"92899972","20090122","20210811","亞軒茗壺店","YA SHIUAN MING KETTLE STORE","新北市鶯歌區中山路179之2號(1樓)","1 F., No. 179-2, Zhongshan Rd., Yingge Dist., New Taipei City 23941, Taiwan (R.O.C.)","黃O賢","02-26783480","02-86771975","有","有"
"92901983","20100826","20230523","連恆企業社","E-CNC BUSINESS CO.","新北市三芝區中興街２段４２巷３號２樓（現場僅供辦公室使用）","2 F., No. 3, Ln. 42, Sec. 2, Zhongxing St., Sanzhi Dist., New Taipei City 252006, Taiwan (R.O.C.)","江O君","03-3249866","03-3249868","有","有"
"92902272","19990623","20240912","東友塑膠企業社","EASTERN FRIEND ENTERPRISE CO.","新北市新莊區民安西路212巷1弄16號2樓","2 F., No. 16, Aly. 1, Ln. 212, Min’an W. Rd., Xinzhuang Dist., New Taipei City 24264, Taiwan (R.O.C.)","張O文","02-2205-4800","","有","有"
"92907473","20130802","20210811","賀成行","HO CHENG STEEL CO.","新北市三重區中正北路193巷11弄24號(1樓)","1 F., No. 24, Aly. 11, Ln. 193, Zhongzheng N. Rd., Sanchong Dist., New Taipei City 24157, Taiwan (R.O.C.)","王O貴","02-22830752","02-22825263","有","有"
"92909140","19950629","20210811","金綠寶國際商行","KING GREEN PO INTERNATIONAL CO.","新北市三重區溪尾街１５６巷１２號１樓","1 F., No. 12, Ln. 156, Xiwei St., Sanchong Dist., New Taipei City 24152, Taiwan (R.O.C.)","何O財","02-29871368","","有","有"
"92909697","20070205","20210811","安信物流社","AN HSIN TRANSPORTATION CO.","新北市土城區永豐路２７０巷１９弄９號７樓","7 F., No. 9, Aly. 19, Ln. 270, Yongfeng Rd., Tucheng Dist., New Taipei City 23644, Taiwan (R.O.C.)","賴O信","03-3971088","","有","有"
"92911899","20040109","20210811","信旻實業社","SHINN MIN CO.","宜蘭縣冬山鄉丸山村義成路二段一六號","No. 16, Sec. 2, Yicheng Rd., Dongshan Township, Yilan County 26947, Taiwan (R.O.C.)","游O榕","03-9588412","03-9547469","有","有"
"92917514","20150819","20210812","宏聿企業社","HONG YU CONCRETE PUMP TRUCK COMPANY","宜蘭縣宜蘭市成功里延平路42巷3弄1號一樓","1 F., No. 1, Aly. 3, Ln. 42, Yanping Rd., Chenggong Vil., Yilan City, Yilan County 26056, Taiwan (R.O.C.)","黃O焰","039-381908","039-383992","有","有"
"92918133","20021004","20210811","昭順肉號","JOUN SOUN SHOP","宜蘭縣羅東鎮國華里培英路95號一樓","1 F., No. 95, Peiying Rd., Guohua Vil., Luodong Township, Yilan County 26543, Taiwan (R.O.C.)","游O貞","03-9508185","03-9508185","有","有"
"92919180","19990817","20210812","天麗燙金印刷廠","TIEN LI PRINTING WORKS","宜蘭縣羅東鎮東安里向榮路３０巷２號一樓","1 F., No. 2, Ln. 30, Dong’an Vil., Luodong Township, Yilan County 265, Taiwan (R.O.C.)","蕭O球","","","有","有"
"92926529","20010621","20210811","滄海魚號","CANG HAI ENTERPRISE CO.","宜蘭縣蘇澳鎮新城里馬賽路340巷24號一樓","1 F., No. 24, Ln. 340, Masai Rd., Xincheng Vil., Su’ao Township, Yilan County 27050, Taiwan (R.O.C.)","陳O海","03-9906420","","有","有"
"92927359","20000609","20210811","新嘉豐碾米廠","XIN JIA FENG RICE MILL CO.","宜蘭縣員山鄉員山村員山路一段一三五號（限使用第一層）","No. 135, Sec. 1, Yuanshan Rd., Yuanshan Township, Yilan County 26441, Taiwan (R.O.C.)","鄭O枝","03-9222649","","有","有"
"92930544","20140623","20240525","宇昌商行","YCSH CO.","宜蘭縣礁溪鄉六結村中山路一段一四七號（限使用第一層）","No. 147, Sec. 1, Zhongshan Rd., Jiaoxi Township, Yilan County 26244, Taiwan (R.O.C.)","邱O文","039-882067","039-882067","有","有"
"92930811","20210315","20210812","聯富企業社","LAN FU COMPANY","宜蘭縣五結鄉五結村自強路一七九號二樓","2 F., No. 179, Ziqiang Rd., Wujie Township, Yilan County 26845, Taiwan (R.O.C.)","林O吟","0937162241","","有","有"
"92940016","20180328","20210812","聯誠電機企業行","LANCHUN ELECTRIC CO., LTD.","新竹縣竹北市新庄里新寮街249號1樓","1 F., No. 249, Xinliao St., Xinzhuang Vil., Zhubei City, Hsinchu County 30266, Taiwan (R.O.C.)","劉O常","03-5533420","","有","有"
"92940276","20010608","20210811","吉高商行","CHICAO COMPANY","新竹縣芎林鄉上山村三民路４３巷１弄４號１樓","1 F., No. 4, Aly. 1, Ln. 43, Sanmin Rd., Qionglin Township, Hsinchu County 30745, Taiwan (R.O.C.)","郭O輝","03-5925988","03-5926288","有","有"
"92942324","20250411","20250411","源滾滾商行","ROLLING IN COMPANY","桃園市龍潭區中正里大同路130巷41號12樓","12 F., No. 41, Ln. 130, Datong Rd.,  Longtan Dist., Taoyuan City 325028, Taiwan (R.O.C.)","周O樺","0967-200245","","有","有"
"92943409","20100429","20210811","萬濱食品行","WAN-BIN FOODS COMPANY","新竹市東區復興里經國路一段379巷10弄12號一樓","1 F., No. 12, Aly. 10, Ln. 379, Sec. 1, Jingguo Rd., Fuxing Vil., East Dist., Hsinchu City 30059, Taiwan (R.O.C.)","沈O齡","03-5338971","03-5338032","有","有"
"92944863","20070525","20230107","全威企業社","CHUAN WEI MOULD COMPANY","新竹縣竹東鎮員山里下員山路250巷40號1樓","1F., No. 40, Ln. 250, Xiayuanshan Rd., Yuanshan Vil., Zhudong Township,  Hsinchu County 310, Taiwan (R.O.C.)","范O芳","03-5824740","03-5828771","無","無"
"92945878","20080307","20210811","鶴彩藝術繪館","HE TSAI ART GALLERY COMPANY","新竹縣竹東鎮二重里明星路２３９巷５２號","No. 52, Ln. 239, Mingxing Rd., Erchong Vil., Zhudong Township, Hsinchu County 31055, Taiwan (R.O.C.)","陳O富","03-5803650","03-5805049","有","有"
"92952363","20071205","20210811","佳旺機械工業社","CHIA WANG MACHINERY CO.","新竹縣湖口鄉德盛村德豐路105巷25號","No. 25, Ln. 105, Defeng Rd., Hukou Township, Hsinchu County 30346, Taiwan (R.O.C.)","吳O櫻","03-5903176","","有","有"
"92952482","20100818","20220113","安康企業社","AN KANG CONCRETE MACHINE CO.","新竹市東區復中里民生路二六一號六樓","6 F., No. 261, Minsheng Rd., Fuzhong Vil., East Dist., Hsinchu City 30043, Taiwan (R.O.C.)","鄭O坤","","","有","有"
"92953525","20250324","20250327","和興企業社","HE SHING SERVICE Co.","新竹縣湖口鄉中勢村中平路一段366巷22號","No. 22, Ln. 366, Sec. 1, Zhongping Rd., Hukou Township, Hsinchu County 303031, Taiwan (R.O.C.)","黃O鎔","03-5901269","03-5902269","有","有"
"92954691","20220510","20220510","保安企業商行","BAO-AN ENTERPRISE CO.","新竹縣竹北市尚義里蓮花路168巷49號","No. 49, Ln. 168, Lianhua Rd., Shangyi Vil., Zhubei City, Hsinchu County 30287, Taiwan (R.O.C.)","陳O淑芬","03-5562996","03-5561023","有","有"
"92960589","20061205","20210812","璋杰","ZHANG JIE CO.","金門縣金湖鎮正義里成功８１之２號（限建築物第壹層使用）","No. 81-2, Chenggong, Zhengyi Vil., Jinhu Township, Kinmen County 89148, Taiwan (R.O.C.)","陳O麗","082-323727","082-323357","有","有"
"92962812","20060511","20210811","天下貢糖","TIAN XIA GONG TANG CO.","金門縣金湖鎮新湖里湖前７３號（限建築物第壹層使用）","No. 73, Huqian, Xinhu Vil., Jinhu Township, Kinmen County 89141, Taiwan (R.O.C.)","李O泰","082-332097","082-336379","有","有"
"92962947","20061207","20210812","秀菊","XIU JU CO.","金門縣金湖鎮新湖里湖前５８號（限建築物第壹層使用）","No. 58, Huqian, Xinhu Vil., Jinhu Township, Kinmen County 89141, Taiwan (R.O.C.)","陳O菊","082-323727","082-323357","無","無"
"92962974","20060512","20210811","金泰商店","JIING TAI CO.","金門縣金湖鎮新湖里湖前７３之１號（限建築物第壹層使用）","No. 73-1, Huqian, Xinhu Vil., Jinhu Township, Kinmen County 89141, Taiwan (R.O.C.)","陳O真","082-333623","082-336379","無","無"
"92963045","20061205","20210812","秀梅","XIU MEI CO.","金門縣金湖鎮新湖里信義新邨３５號（限建築物第壹層使用）","No. 35, Xinhu Vil., Jinhu Township, Kinmen County 891, Taiwan (R.O.C.)","陳O菊","082-323727","082-323357","無","無"
"92963925","20061212","20210812","宏亞","GRANDIOSE SECOND CO.","金門縣金湖鎮瓊林里瓊林街１９號（限建築物第壹層使用）","No. 19, Qionglin St., Qionglin Vil., Jinhu Township, Kinmen County 89150, Taiwan (R.O.C.)","蔡O灌","082-323727","082-323357","無","無"
"92965803","20060803","20210812","百益","HOUND-BENEFIT CO.","金門縣金沙鎮官嶼里官澳６號（限建築物第壹層使用）","No. 6, Guan’ao, Guanyu Vil., Jinsha Township, Kinmen County 89049, Taiwan (R.O.C.)","黃O仙","082-323727","082-323357","無","無"
"92965901","20200423","20210811","長合","Zhang Her Foods CO.","金門縣金沙鎮汶沙里三民路２４號（限建築物第壹層使用）","No. 24, Sanmin Rd., Wensha Vil., Jinsha Township, Kinmen County 89049, Taiwan (R.O.C.)","黃O旺","082-352053","","有","有"
"92966628","20060803","20210812","麥冬","MAIDONG CO.","金門縣金沙鎮官嶼里官澳3之4號","No. 3-4, Guan’ao, Guanyu Vil., Jinsha Township, Kinmen County 89049, Taiwan (R.O.C.)","黃O仙","082-323727","082-323357","有","有"
"92969765","20020918","20210811","聰泉建材行","TSONG CHUAN BUILDING MATERIALS CO.","金門縣金沙鎮西園里吳坑２之１號（限第壹層及辦公室使用）","No. 2-1, Xiyuan, Xiyuan Vil., Jinsha Township, Kinmen County 89049, Taiwan (R.O.C.)","陳O來","082-352215","082-354061","有","有"
"92971208","20060807","20210812","新金瑞成","NEW JINRUICHENG CO.","金門縣烈嶼鄉黃埔村林邊５之１號（限建築物第壹層使用）","No. 5-1, Linbian, Lieyu Township, Kinmen County 89441, Taiwan (R.O.C.)","洪O柏","082-323757","082-323357","有","有"
"92973753","20060728","20210811","紅高梁餅店","HONG GAO LIANG BING SHOP","金門縣烈嶼鄉上歧村青岐８０之３號","No. 80-3, Qingqi, Lieyu Township, Kinmen County 89442, Taiwan (R.O.C.)","洪O萍","082-323456","082-320588","有","有"
"92973965","20060801","20210811","金瑞成貢糖廠八達樓分店","JINRUICHENG TRIBUTE CANDY FACTORY BA-DA FLOOR BRANCH","金門縣烈嶼鄉林湖村西路３５之１號（限建築物第壹層使用）","No. 35-1, W. Rd., Lieyu Township, Kinmen County 89441, Taiwan (R.O.C.)","洪O柏","082-323727","082-323357","有","有"
"92975540","20061205","20210812","歡歡商店","HUAN HUAN STORE","金門縣金城鎮古城里金門城１４６之１號（限建築物第壹層使用","No. 146-1, Jinmencheng, Gucheng Vil., Jincheng Township, Kinmen County 89346, Taiwan (R.O.C.)","葉O水","082-323727","082-323357","無","無"
"92976479","20061214","20240328","老街茶舖","OLD STREET TEA SHOP","金門縣金城鎮東門里模範街１４號（限建築物第壹層使用）","No. 14, Mofan St., Dongmen Vil., Jincheng Township, Kinmen County 89347, Taiwan (R.O.C.)","顏O玉","082-312668","082-322758","有","有"
"92976750","20060803","20210812","名城","FAMOUS-CITY CO.","金門縣金城鎮東門里浯江北堤６７號（限建築物第壹層使用）","No. 67, Dongmen Vil., Jincheng Township, Kinmen County 893, Taiwan (R.O.C.)","許O順","082-323727","082-323357","有","有"
"92976870","20061205","20210812","友聖商店","FRIEND SAINT STORE","金門縣金城鎮西門里光前路８９號（限建築物第壹層使用）","No. 89, Guangqian Rd., Ximen Vil., Jincheng Township, Kinmen County 89345, Taiwan (R.O.C.)","陳O菊","082-323727","082-323357","無","無"
"92977168","20061205","20210812","木松商店","MU SONG STORE","金門縣金寧鄉湖埔村頂埔下１１號（限建築物第壹層使用）","No. 11, Dingpuxia, Jinning Township, Kinmen County 89244, Taiwan (R.O.C.)","王O華","082-323727","082-323357","有","有"
"92977603","20060814","20210812","鴻偉商店","HONG WEI SHANG DIAN CO.","金門縣金寧鄉后盤村后沙５８之２號（限建築物第壹層使用）","No. 58-2, Housha, Jinning Township, Kinmen County 89250, Taiwan (R.O.C.)","王O寶","082-333007","082-334786","有","有"
"92979519","20061205","20210811","源寶商店","SOURCE TREASURE STORE","金門縣金城鎮南門里珠浦南路50巷3弄6號","No. 6, Aly. 3, Ln. 50, Zhupu S. Rd., Nanmen Vil., Jincheng Township, Kinmen County 89347, Taiwan (R.O.C.)","孫O仙","082-323727","082-323357","無","無"
"92980348","20061208","20210812","遠勝商店","FAR CONQER STORE","金門縣金城鎮北門里中興路161巷4號","No. 4, Ln. 161, Zhongxing Rd., Beimen Vil., Jincheng Township, Kinmen County 89347, Taiwan (R.O.C.)","楊O嬅","082-323727","082-323357","有","有"
"92980522","20061207","20210812","金帝大飯店","JIN DI HOTEL","金門縣金城鎮西門里民權路１０７號（壹樓、貳樓）","No. 107, Minquan Rd., Ximen Vil., Jincheng Township, Kinmen County 89345, Taiwan (R.O.C.)","張O雯","082-323727","082-323357","有","有"
"92982211","20060803","20210812","金聚富","JINJUFU CO.","金門縣金城鎮賢庵里賢厝３７之１號","No. 37-1, Xian’an Vil., Jincheng Township, Kinmen County 893, Taiwan (R.O.C.)","盧O人","082-323727","082-323357","無","無"
"92982697","20200525","20210811","一條根實業社","YI TIAO KEN CO., LTD.","金門縣金寧鄉盤山村伯玉路二段３０６之２號","No. 306-2, Sec. 2, Boyu Rd., Jinning Township, Kinmen County 89248, Taiwan (R.O.C.)","蔡O祿","082-328668","082-322404","有","有"
"92983957","20060918","20210812","自立商行","ZIH LI STORE","金門縣金城鎮東門里民族路１０５號（限建築物第壹層使用）","No. 105, Minzu Rd., Dongmen Vil., Jincheng Township, Kinmen County 89345, Taiwan (R.O.C.)","楊O成","082-322707","082-324374","無","無"
"92987763","20061215","20210812","愛節商店","AJCK CO.","金門縣金城鎮賢庵里古區１２之２號（限建築物第壹層使用）","No. 12-2, Guqu, Xian’an Vil., Jincheng Township, Kinmen County 89346, Taiwan (R.O.C.)","林O羨","082-325201","082-327966","無","無"
"92988518","20061207","20210812","新羽","NEW FESTHER CO.","金門縣金城鎮賢庵里西海路３段８１巷３１號（限第一層使用）","No. 31, Ln. 81, Sec. 3, Xihai Rd., Xian’an Vil., Jincheng Township, Kinmen County 89346, Taiwan (R.O.C.)","蔡O秀","082-323727","082-323357","有","有"
"92989039","20061117","20240628","兆利","JHAO LI CO.","金門縣金城鎮珠浦西路８０巷４４號（限建築物第一層使用）","No. 44, Ln. 80, Zhupu W. Rd., Jincheng Township, Kinmen County 89344, Taiwan (R.O.C.)","李O霖","082-326235","082-311053","有","有"
"92989045","20090515","20240816","連利","LYAN LI CO.","金門縣金城鎮珠浦西路８０巷４５號（限建築物第一層使用）","No. 45, Ln. 80, Zhupu W. Rd., Jincheng Township, Kinmen County 89344, Taiwan (R.O.C.)","梁O君","082-326235","082-311503","有","有"
"92989495","20061205","20210812","統旺","TUNG WANG CO.","金門縣金寧鄉榜林村昔果山７號（限建築物第壹層使用）","No. 7, Xiguoshan, Jinning Township, Kinmen County 89246, Taiwan (R.O.C.)","吳O治","082-332378","082-335924","有","有"
"92992837","20061124","20230720","生發商店","SHING FA STORE","金門縣金城鎮東門里珠浦東路9之1號","No. 9-1, Zhupu E. Rd., Dongmen Vil., Jincheng Township, Kinmen County 893011, Taiwan (R.O.C.)","黃O生","082-328773","082-329779","有","有"
"92994342","20021024","20210811","金利石材廠","KING LE WOOD FACTORY","金門縣金城鎮東門里伯玉路一段８０巷３０號","No. 30, Ln. 80, Sec. 1, Boyu Rd., Dongmen Vil., Jincheng Township, Kinmen County 89348, Taiwan (R.O.C.)","莊O棟","082-328378","082-328376","有","有"
"92994618","20011225","20210812","金永興","JIN YEONG SHING CO.","金門縣金城鎮東門里珠浦東路１０之１號２F","2 F., No. 10-1, Zhupu E. Rd., Dongmen Vil., Jincheng Township, Kinmen County 89347, Taiwan (R.O.C.)","黃O發","04-23114989","04-23115211","無","無"
"92994687","20090615","20210811","永漢商店","ALWAYS HAN CO.","金門縣金城鎮民族路１０２號（限建築物第壹層使用）","No. 102, Minzu Rd., Jincheng Township, Kinmen County 89347, Taiwan (R.O.C.)","邱O漢","082-322152","","有","有"
"92994906","20020507","20210811","金泉源","KING CHYUAN YUAN SHOP","金門縣金城鎮北門里珠浦北路２３之２號","No. 23-2, Zhupu N. Rd., Beimen Vil., Jincheng Township, Kinmen County 89347, Taiwan (R.O.C.)","周O民","0823-28505","082325938","有","有"
"92995068","20061205","20210812","銘松","DEVICE PINE CO.","金門縣金城鎮光前路８７之２號１樓（限建築物第一層使用）","1 F., No. 87-2, Guangqian Rd., Jincheng Township, Kinmen County 89345, Taiwan (R.O.C.)","孫O山","082-323727","082-323357","無","無"
"92995200","20061227","20210811","馬家麵線","KINMEN MAJA FIRM","金門縣金寧鄉榜林村伯玉路二段159號","No. 159, Sec. 2, Boyu Rd., Jinning Township, Kinmen County 89248, Taiwan (R.O.C.)","馬O亮","082-372237","082-327357","有","有"
"92995291","20060728","20220723","紅高梁餅店金城分店","HONG GAO LIANG BING SHOP JIN CHENG BRANCH","金門縣金寧鄉盤山村伯玉路二段301號","No. 301, Sec. 2, Boyu Rd., Jinning Township, Kinmen County 892010, Taiwan (R.O.C.)","蔡O裕","082-323456","082-320588","無","無"
"92998044","20130805","20210812","建鴻土木包工業","CHIEN HUNG BUILDING MATERIAL CO.","金門縣金湖鎮蓮庵里東村２８號（限第一層及辦公室使用）","No. 28, Dongcun, Lian’an Vil., Jinhu Township, Kinmen County 89142, Taiwan (R.O.C.)","呂O諧","0932-897984","082--336867","有","有"
"92998213","20071225","20220723","紅高梁餅店山外分店","HONG GAO LIANG BING SHOP SHAN WAI BRANCH","金門縣金湖鎮新湖里信義新邨84號","NO. 84, XINYI NEW VIL.,XINHU VIL., JINHU TOWNSHIP, KINMEN COUNTY 891001, TAIWAN (R.O.C.)","葉O湖","082-335290","082-335390","無","無"
"92999445","20061205","20210812","百泉","BAI QUAN CO.","金門縣金湖鎮新市里復興路八十六號（限建築物第一層使用）","No. 86, Fuxing Rd., Xinshi Vil., Jinhu Township, Kinmen County 89148, Taiwan (R.O.C.)","何O助","082-332378","082-335924","有","有"
