"統一編號","原始登記日期","核發日期","廠商中文名稱","廠商英文名稱","中文營業地址","英文營業地址","代表人","電話號碼","傳真號碼","進口資格","出口資格"
"56000122","20191219","20210813","耘創科技股份有限公司","T&C Createk Co., Ltd.","臺中市烏日區光明里五光路961巷20號","No. 20, Ln. 961, Wuguang Rd., Guangming Vil., Wuri Dist., Taichung City 41460, Taiwan (R.O.C.)","田O豪","04-23368251","04-23369072","有","有"
"56002557","19840419","20230414","久大化工廠股份有限公司","JU TA CHEMICALS CO., LTD.","臺中市大甲區頂店里中山路一段1158巷5之6號","No. 5-6, Ln. 1158, Sec. 1, Zhongshan Rd., Dingdian Vil., Dajia Dist., Taichung City 437003, Taiwan (R.O.C.)","余O芳","046-878833","","有","有"
"56003520","20170220","20210813","威寰有限公司","WEI HUAN CO., LTD.","新竹縣竹北市新社里新興路17號6樓","6 F., No. 17, Xinxing Rd., Xinshe Vil., Zhubei City, Hsinchu County 30253, Taiwan (R.O.C.)","陳O守","03-5540389","","有","有"
"56004210","20020328","20230408","巧合企業股份有限公司","THREE LUCKY ENTERPRISE CO., LTD.","臺中市龍井區忠和里工業路190號","No. 190, Gongye Rd., Zhonghe Vil., Longjing Dist., Taichung City 434011, Taiwan (R.O.C.)","紀O禧","04-26390897","04-26393743","有","有"
"56006505","20170215","20250327","双成工業有限公司","ALWIN INDUSTRIES LTD.","新竹縣新埔鎮上寮里義民路二段380巷51弄7號1樓","1 F., No. 7, Aly. 51, Ln. 380, Sec. 2, Yimin Rd., Shangliao Vil., Xinpu Township, Hsinchu County 30542, Taiwan (R.O.C.)","","0933794060","","無","無"
"56011704","20170216","20210816","英屬開曼群島商富林塑膠工業股份有限公司台灣分公司","FULIN PLASTIC INDUSTRY (CAYMAN) HOLDING CO., LTD. TAIWAN BRANCH","高雄市苓雅區新光路38號19樓之1","19F.-1, No. 38, Xinguang Rd., Lingya Dist., Kaohsiung City 80247, Taiwan (R.O.C.)","許O仁HSU,NAI-JEN","","","有","有"
"56011802","19760809","20210812","大成化學工業股份有限公司","DAH CHEN CHEMICAL & INDUSTRY CORP.","臺中市外埔區三崁里二崁一路266巷28號","No. 28, Ln. 266, Erkan 1st Rd., Sankan Vil., Waipu Dist., Taichung City 43858, Taiwan (R.O.C.)","黃O輝","04-26832837","04-26833925","有","有"
"56012106","20170223","20220824","太極風雅文創事業股份有限公司","TAIJI FUN INTERNATIONAL INC.","新竹市東區成功里林森路32號2樓","2 F., No. 32, Linsen Rd., Chenggong Vil., East Dist., Hsinchu City 300025, Taiwan (R.O.C.)","陳O文","03-5636988","","有","有"
"56012507","20170224","20210814","特鑫鑽石科技有限公司","TE XIN DIAMOND TOOLS CO., LTD.","花蓮縣花蓮市美工八街1號","No. 1, Meigong 8th St., Hualien City, Hualien County 97064, Taiwan (R.O.C.)","李O男","03-8223010","","有","有"
"56014300","19750228","20210815","大昌紙業股份有限公司","TA CHANG PAPER MFG. CO., LTD.","臺中市龍井區竹坑里沙田路四段238號","No. 238, Sec. 4, Shatian Rd., Zhukeng Vil., Longjing Dist., Taichung City 43452, Taiwan (R.O.C.)","童O隆","04-26352510","04-26352518","有","有"
"56014701","19771220","20240626","三和塑膠工業股份有限公司","SAN HO PLASTICS FAB. CO., LTD.","臺中市大甲區大安港路208號","No. 208, Da’angang Rd., Dajia Dist., Taichung City 437002, Taiwan (R.O.C.)","鄭O明","02-27129229","02-27169041","有","有"
"56016010","20170308","20230209","泳勝食品有限公司","YOUNG SHENG FOOD CO., LTD.","雲林縣斗六市鎮南里明德路559號1樓","1 F., No. 559, Mingde Rd., Zhennan Vil., Douliu City, Yunlin County 640152, Taiwan (R.O.C.)","黃O田","05-7831618","","有","有"
"56017307","20170320","20210814","展維有限公司","YERBATEE CO., LTD.","嘉義市西區福民里徐州一街73號","No. 73, Xuzhou 1st St., Fumin Vil., West Dist., Chiayi City 60061, Taiwan (R.O.C.)","呂O璋","05-2866329","","有","有"
"56018306","19970602","20210814","大晃實業股份有限公司","TA HUANG MANUFACTURING CO., LTD.","臺中市清水區北寧里中山路308之1號","No. 308-1, Zhongshan Rd., Beining Vil., Qingshui Dist., Taichung City 43655, Taiwan (R.O.C.)","張O海","04-26222310","04-26229310","有","有"
"56021914","19750103","20230414","大新製帽股份有限公司","TA SIN BRAID MFG. CO., LTD.","臺中市清水區海濱里臨港路五段538巷37號1樓","1 F., No. 37, Ln. 538, Sec. 5, Lingang Rd., Haibin Vil., Qingshui Dist., Taichung City 436040, Taiwan (R.O.C.)","王O岑","046-571416-8","","有","有"
"56022006","20170220","20210814","傳奇酒業股份有限公司","LEGEND BREWERY CO., LTD.","新竹縣湖口鄉鳳山村仁政路3號","No. 3, Renzheng Rd., Hukou Township, Hsinchu County 30352, Taiwan (R.O.C.)","林O弘","0970656323","","有","有"
"56023510","20190628","20210929","名飴企業有限公司","Ming Liou Co., Ltd","臺中市西區公平里精誠十三街19號1樓","1F., NO. 19, JINGCHENG 13TH ST., GONGPING VIL., WEST DIST., TAICHUNG CITY 403026, TAIWAN (R.O.C.)","林O妏","0932605068","04-27075818","有","有"
"56025209","19921231","20221029","大豐疫苗科技股份有限公司","TA FOONG VACCINES & BIOTECH CO., LTD.","臺中市大甲區興安路55巷4號","No. 4, Ln. 55, Xing'an Rd., Dajia Dist., Taichung City 437021, Taiwan (R.O.C.)","李O鍵","04-26872429","","有","有"
"56025307","19770113","20230317","大豐化學製藥股份有限公司","TA FOONG CHEMICAL & PHARMACEUTICAL CO., LTD.","臺中市大甲區庄美里光明路298號","No. 298, Guangming Rd., Zhuangmei Vil., Dajia Dist., Taichung City 437004, Taiwan (R.O.C.)","李O鍵","04-26872738","","有","有"
"56026517","19750106","20210813","五大洋傘實業股份有限公司","WUU DAH ENTERPRISE CO., LTD.","臺中市沙鹿區鹿寮里光大路131號2樓","2 F., No. 131, Guangda Rd., Luliao Vil., Shalu Dist., Taichung City 43341, Taiwan (R.O.C.)","陳O嫥","04-26562859","04-26569687","有","有"
"56026707","20170220","20250225","薩摩亞商銳達意識科技股份有限公司台灣分公司","RATAR TECHNOLOGY LIMITED TAIWAN BRANCH (SAMOA)","新北市三重區重新路5段609巷18號8樓之6","8F.-6, No. 18, Ln. 609, Sec. 5, Chongxin Rd., Sanchong Dist., New Taipei City 24159, Taiwan (R.O.C.)","","02-29996752","","無","無"
"56026832","20181119","20230419","皇澤國際投資股份有限公司","HUANG ZA international CO., Ltd.","臺東縣臺東市中華路1段302號","No. 302, Sec. 1, Zhonghua Rd., Taitung City, Taitung County 950017, Taiwan (R.O.C.)","陳O芬","02-25282880","02-25281881","有","有"
"56030701","20170803","20250313","數位園科技工程股份有限公司","DIGITAL GARDEN LANDSCAPE CO., LTD.","彰化縣田中鎮龍潭里11鄰大社路一段819號1樓","1 F., No. 819, Sec. 1, Dashe Rd., 11th Neighborhood, Longtan Vil., Tianzhong Township, Changhua County 52047, Taiwan (R.O.C.)","黃O珍","04-8237830","04-8236330","有","有"
"56031119","20061226","20210811","王子實業社","WANG TZE ENTERPRISE CO.","臺中市大甲區日南里幼獅路３５號","No. 35, Youshi Rd., Rinan Vil., Dajia Dist., Taichung City 43767, Taiwan (R.O.C.)","陳O鴻","04-26811349","04-26811319","有","有"
"56036509","20170808","20210815","精準國際生技有限公司","PRECISE BIOTECHNOLOGY, INC.","新竹市北區民富里和平路6巷42號一樓","1 F., No. 42, Ln. 6, Heping Rd., Minfu Vil., North Dist., Hsinchu City 30044, Taiwan (R.O.C.)","張O欽","03-5235111","03-5244562","有","有"
"56036711","20170608","20210813","尚品輪胎有限公司","SHANGPIN TIRE CO., LTD.","苗栗縣後龍鎮大庄里民族路196之3號1樓","1 F., No. 196-3, Minzu Rd., Dazhuang Vil., Houlong Township, Miaoli County 35645, Taiwan (R.O.C.)","林O俞","037-250399","037-250298","有","有"
"56038529","20170221","20240914","學翌科技有限公司","SYUEYI TECHNOLOGY CO., LTD.","新竹縣竹東鎮東寧里13鄰安東路17巷2號","No. 2, Ln. 17, Andong Rd., 13th Neighborhood, Dongning Vil., Zhudong Township, Hsinchu County 31064, Taiwan (R.O.C.)","","0918552375","","無","無"
"56039219","19790227","20230208","日南紡織股份有限公司","SOUTHERN TEXTILE CO., LTD.","臺中市大甲區幼獅路29號","No. 29, Youshi Rd., Dajia Dist., Taichung City 437101, Taiwan (R.O.C.)","林O崇","04-26811111","04-26815956","有","有"
"56041019","20180302","20210815","佐茂科技有限公司","ZUO MAO TECH CO., LTD.","嘉義縣大林鎮平林里民生路453號","No. 453, Minsheng Rd., Pinglin Vil., Dalin Township, Chiayi County 62251, Taiwan (R.O.C.)","何O錡","05-2642007","","有","有"
"56047251","20171108","20210814","佳陽實業有限公司","JIA YOUNG CO., LTD.","南投縣竹山鎮延平六路8號1樓","1 F., No. 8, Yanping 6th Rd., Zhushan Township, Nantou County 55774, Taiwan (R.O.C.)","謝O豪","049-2651758","049-2643289","有","有"
"56049103","20170221","20240618","承飛國際貿易有限公司","CHENG FAY INTERNATIONAL TRADING CO., LTD.","彰化縣員林市大饒里萬年路一段89巷16號","No. 16, Ln. 89, Sec. 1, Wannian Rd., Darao Vil., Yuanlin City, Changhua County 510021, Taiwan (R.O.C.)","張O承","04-8365628","","有","有"
"56049315","20170220","20250410","泰龍有限公司","DRAGONS101 INTERNATIONAL CO., LTD.","臺北市中山區中山北路3段25號1樓之34","1 F.-34, No. 25, Sec. 3, Zhongshan N. Rd., Zhongshan Dist., Taipei City 104029, Taiwan (R.O.C.)","","0930954183","","無","無"
"56054246","19790710","20230630","友聯鞋業股份有限公司","YU LIEN SHOE ENTERPRISE CO., LTD.","臺中市大肚區沙田路二段383號之2","No. 383-2, Sec. 2, Shatian Rd., Dadu Dist., Taichung City 432011, Taiwan (R.O.C.)","陳O男","046-992801","","有","有"
"56054251","19780606","20250107","巨大機械工業股份有限公司","GIANT MANUFACTURING CO., LTD.","中部科學園區臺中市西屯區東大路一段997號及999號","No. 997, Sec. 1, Dongda Rd., Xitun Dist., Taichung City 40763, Taiwan (R.O.C.)","劉O昌","04-24609099","","有","有"
"56055316","19770715","20230601","裕昌機電工廠股份有限公司","YUHCHANG ELECTRIC CO., LTD.","臺中市清水區中正街59號","No. 59, Chung-Cheng Street, Ching-Shui District, Taichung City 436109, Taiwan","林O欣","04-26224188","04-26224646","有","有"
"56057200","20170218","20210816","新加坡商浮士達有限公司台灣分公司","FLUIDRA SINGAPORE PTE. LTD. TAIWAN BRANCH","臺北市大同區承德路2段12號3樓","3 F., No. 12, Sec. 2, Chengde Rd., Datong Dist., Taipei City 10353, Taiwan (R.O.C.)","謝O湧SIAHWOOIYONG","02-25922206","02-25597522","無","無"
"56060802","20201127","20210816","英屬安奎拉商夏鼎投資有限公司台灣分公司","Chaperone Investment (Anguilla),Co, Ltd. Taiwan Branch","臺北市信義區松德路25巷16號10樓","10 F., No. 16, Ln. 25, Songde Rd., Xinyi Dist., Taipei City 11076, Taiwan (R.O.C.)","宋O麟SUNG,HAO-LIN","0937555560","","有","有"
"56061909","20140207","20210812","外和米工廠","WAI-HE RICE FACTORY","臺中市外埔區大同里重光路８號","No. 8, Chongguang Rd., Datong Vil., Waipu Dist., Taichung City 43858, Taiwan (R.O.C.)","李O恩","04-26832260","","有","有"
"56063717","20170518","20210814","文揚循環經濟有限公司","WIN YANG CIRCULAR ECONOMY, LTD.","新竹市中正路107號6樓之5","6F.-5, No. 107, Zhongzheng Rd., North Dist., Hsinchu City 30051, Taiwan (R.O.C.)","徐O滿","03-5240699","03-5240799","有","有"
"56065601","19750104","20240711","永信藥品工業股份有限公司","YUNG SHIN PHARM. IND. CO., LTD.","臺中市大甲區中山路一段1191號","No. 1191, Sec. 1, Zhongshan Rd., Dajia Dist., Taichung City 437003, Taiwan (R.O.C.)","李O澧","04-26875100","04-26876498","有","有"
"56065623","19790322","20210813","永信塑膠工業股份有限公司","YUNG SHIN PLASTICS CO., LTD.","臺中市沙鹿區鹿寮里光華路336號1樓","1 F., No. 336, Guanghua Rd., Luliao Vil., Shalu Dist., Taichung City 43341, Taiwan (R.O.C.)","張O琪","04-26633368","04-26633369","有","有"
"56068614","20170216","20210815","昶華興業有限公司","CHANG HUA SCREW CO., LTD.","彰化縣北斗鎮東光里東斗路1-22號","No. 1-22, Dongdou Rd., Dongguang Vil., Beidou Township, Changhua County 52144, Taiwan (R.O.C.)","蔡O佳","04-8927778","04-8910422","有","有"
"56073314","20180620","20230309","聚紡實業有限公司","A-Team Material Advanced CO., Ltd.","彰化縣埤頭鄉溪底路438巷13號1樓","1 F., No. 13, Ln. 438, Xidi Rd., Pitou Township, Changhua County 523006, Taiwan (R.O.C.)","馬O珠","04-8920326","04-8920329","無","無"
"56077711","20170224","20210814","銀翰科技有限公司","SIMAT LTD CO.","新竹縣竹東鎮三重里金福街11巷2號1樓","1 F., No. 2, Ln. 11, Jinfu St., Sanchong Vil., Zhudong Township, Hsinchu County 31053, Taiwan (R.O.C.)","辛O宏","03-5316162","03-5319110","有","有"
"56080005","20170418","20240117","佩蘿有限公司","PERO CO., LTD.","彰化縣埔鹽鄉崑崙村彰水路一段14號1樓","1 F., No. 14, Sec. 1, Zhangshui Rd., Puyan Township, Changhua County 51643, Taiwan (R.O.C.)","陳O琪","04-8819259","","有","有"
"56080504","20200729","20211228","新增丰農畜產有限公司","HSIN ZENG FENG CO., LTD","彰化縣芳苑鄉漢寶村芳漢路漢一段683巷470號1樓","1 F., No. 470, Ln. 683, Han Sec. 1, Fanghan Rd., Fangyuan Township, Changhua County 52863, Taiwan (R.O.C.)","鄭O信","04-8990327","","有","有"
"56080602","20180907","20210815","恩典管理顧問股份有限公司","GRACE & HEALTH CONSULTANT CO., LTD.","屏東縣麟洛鄉麟蹄村5鄰中山路382之85號","No. 382-85, Zhongshan Rd., 5th Neighborhood, Linluo Township, Pingtung County 90942, Taiwan (R.O.C.)","姜O蓉","07-6113383","","有","有"
"56081200","20170331","20210814","錦鴻精密科技股份有限公司","GENEON PRECISION TECHNOLOGY CO., LTD.","新竹縣新埔鎮寶石里文德路二段625號","No. 625, Sec. 2, Wende Rd., Baoshi Vil., Xinpu Township, Hsinchu County 30544, Taiwan (R.O.C.)","張O生","03-5888910","","有","有"
"56083312","20031003","20101224","竹森肉店","THENSON STORE","臺中市龍井區龍西里龍路二九號","NO.29, LONGMEN RD., LONGJING DIST., TAICHUNG CITY  434, TAIWAN (R.O.C.)","徐O菊","04-25345900","04-25345900","無","無"
"56085000","20180330","20210814","金億水產有限公司","GOLDEN BILLION MARINE PRODUCTS CO., LTD.","屏東縣東港鎮朝安里延平路162號","No. 162, Yanping Rd., Chao’an Vil., Donggang Township, Pingtung County 92844, Taiwan (R.O.C.)","何O俊","08-8310869","","有","有"
"56087823","20240515","20241209","永益旺興業股份有限公司","Wellrich Industrial Co., Ltd.","桃園市楊梅區中山里中山北路一段199巷96號四樓","4 F., No. 96, Ln. 199, Sec. 1, Zhongshan N. Rd., Zhongshan Vil., Yangmei Dist., Taoyuan City 326021, Taiwan (R.O.C.)","邱O益","03-5601188","","有","有"
"56088908","20170303","20221029","誠邑鮮果有限公司","HONEST FRUIT CO., LTD","彰化縣北斗鎮居仁里復興路6號3樓","3 F., No. 6, Fuxing Rd., Juren Vil., Beidou Township, Changhua County 521055, Taiwan (R.O.C.)","鄭O宗","04-23581528","","有","有"
"56091100","20231220","20240307","巨祿有限公司","GWEALTH TECH LLC.","新竹市東區龍山里光復路一段576巷17號","No. 17, Ln. 576, Sec. 1, Guangfu Rd., Longshan Vil., East Dist., Hsinchu City 300047, Taiwan (R.O.C.)","鄧O容","","","有","有"
"56094325","20170425","20230609","艾爾發數位科技有限公司","ALFA DIGITEK CO., LTD.","桃園市中壢區青埔里高鐵站前西路一段286號3樓之5","3F.-5, No. 286, Sec. 1,  Gaotiezhanqian W. Rd., Qingpu Vil., Zhongli Dist.,  Taoyuan City 320, Taiwan (R.O.C.)","趙O宇","03-2872986","","有","有"
"56097033","20170220","20220924","微源半導體有限公司","LOW POWER SEMICONDUCTOR LTD.","新竹市東區關新路27號5樓之6","5 F.-6, No. 27, Guanxin Rd., East Dist., Hsinchu City 300052, Taiwan (R.O.C.)","戴O科","03-6662607","03-5782369","有","有"
"56098125","19830423","20221006","鈦鈿工業股份有限公司","THAI DIENG INDUSTRY CO., LTD.","臺中市大甲區日南里幼獅路49號","No. 49, Youshi Rd., Rinan Vil., Dajia Dist., Taichung City 437101, Taiwan (R.O.C.)","張O賢","04-6813961-2","","有","有"
"56101515","20170412","20210814","睿智農有限公司","RIGENOM CO., LTD.","新竹縣竹北市隘口里高鐵七路65號16樓之17","16F.-17, No. 65, Gaotie 7th Rd., Aikou Vil., Zhubei City, Hsinchu County 30273, Taiwan (R.O.C.)","郭O逢","03-5506829","03-5506829","有","有"
"56101607","20170313","20210814","泓億興工程有限公司","HUNG YI HSING CO., LTD.","屏東縣屏東市北勢里公正街16巷6號1樓","1 F., No. 6, Ln. 16, Gongzheng St., Beishi Vil., Pingtung City, Pingtung County 90067, Taiwan (R.O.C.)","許O億","08-7352930","","有","有"
"56104506","20170420","20210814","慶益洋傘有限公司","CHING IEE UMBRELLA CO., LTD.","彰化縣北斗鎮西德里舜耕路1-1號","No. 1-1, Shungeng Rd., Xide Vil., Beidou Township, Changhua County 52142, Taiwan (R.O.C.)","劉O豐","04-8881581","04-8885501","有","有"
"56105358","20120224","20210811","宏盈鐵工廠","HORNG YNG IRON WORKS","臺中市沙鹿區鹿寮里中山路金星一巷十六號一樓","1 F., No. 16, Jinxing 1st Ln., Zhongshan Rd., Luliao Vil., Shalu Dist., Taichung City 43341, Taiwan (R.O.C.)","柯O果","04-26625097","","有","有"
"56105408","20210427","20210814","正潤企業股份有限公司","JHENG RUN ENTERPRISE CO., LTD.","嘉義市西區劉厝里大吉街256號1樓","1 F., No. 256, Daji St., Liucuo Vil., West Dist., Chiayi City 60060, Taiwan (R.O.C.)","林O田","05-2836767","05-2834888","有","有"
"56106722","20100811","20210815","宏榮塑膠織造廠股份有限公司","HONG YUNG PLASTIC WEAVING CO., LTD.","臺中市清水區中山路568之1號","No. 568-1, Zhongshan Rd., Qingshui Dist., Taichung City 43642, Taiwan (R.O.C.)","張O芳","04-26222754","04-26221519","有","有"
"56109410","19901024","20230205","沙鹿木業股份有限公司","SHALU WOOD PRODUCTS INC.","臺中市沙鹿區竹林里中山路121-1號","No. 121-1, Zhongshan Rd., Zhulin Vil., Shalu Dist., Taichung City 433015, Taiwan (R.O.C.)","陳O宏","04-26626136","04-26626136","有","有"
"56111507","20030901","20220112","協勝商店","HIP SING CO.","臺中市外埔區廍子里廍子路6號","No. 6, Waipu Dist., Taichung City 438, Taiwan (R.O.C.)","陳O添","07-6263483","","有","有"
"56112203","19740813","20230111","利達製藥股份有限公司","LI TA PHARMACY CO., LTD.","臺中市大甲區岷山里中山路一段906號","No. 906, Sec. 1, Zhongshan Rd., Minshan Vil., Dajia Dist., Taichung City 437003, Taiwan (R.O.C.)","王O發","046-872345","0462-872734","有","有"
"56112219","20170301","20210814","全琍國際貿易有限公司","CHUAN LIE INTERNATIONAL TRADE CO., LTD.","嘉義縣朴子市平和里海通路8號1樓","1 F., No. 8, Haitong Rd., Pinghe Vil., Puzi City, Chiayi County 61345, Taiwan (R.O.C.)","邱O洛","05-3660817","05-3702817","無","無"
"56116019","20200401","20210813","微樂思國際有限公司","Wizards Technology International Co. Ltd.","彰化縣彰化市香山里彰南路二段346巷31弄35號1樓","1 F., No. 35, Aly. 31, Ln. 346, Sec. 2, Zhangnan Rd., Xiangshan Vil., Changhua City, Changhua County 50087, Taiwan (R.O.C.)","林O詮","04-7374517","04-7374517","有","有"
"56117116","20090120","20210812","金輝礦油行","CHIN HWEI MINERAL OIL COMPANY","臺中市清水區下湳里中山路507-16號","No. 507-16, Zhongshan Rd., Xianan Vil., Qingshui Dist., Taichung City 43642, Taiwan (R.O.C.)","楊O輝","04-26222725","04-26228676","有","有"
"56117143","20181225","20210815","珮芳優有限公司","Best4ushop Co., Ltd.","新竹縣竹北市科大一路25號1樓","1 F., No. 25, Keda 1st Rd., Zhubei City, Hsinchu County 30286, Taiwan (R.O.C.)","劉O君","0930285071","","有","有"
"56118311","20141211","20210811","金輝工業社","GOLDEN GLORY CO.","臺中市沙鹿區竹林里德化街十一號","No. 11, Dehua St., Zhulin Vil., Shalu Dist., Taichung City 43349, Taiwan (R.O.C.)","童O芬","04-26623674","04-26623675","有","有"
"56118902","20170321","20210813","萬福生命服務有限公司","WANFU SERVICE TRADING CO., LTD.","屏東縣萬巒鄉萬金村萬興路60號1樓","1 F., No. 60, Wanxing Rd., Wanluan Township, Pingtung County 92345, Taiwan (R.O.C.)","潘O珊","0919876119","","有","有"
"56119418","20170926","20210815","益輝企業有限公司","YIH HUEI ENTERPRISE CO., LTD.","嘉義市東區仁義里嘉北街12巷38之6號一樓","1 F., No. 38-6, Ln. 12, Jiabei St., Renyi Vil., East Dist., Chiayi City 60078, Taiwan (R.O.C.)","黃O榮","05-2769821","05-2769963","有","有"
"56121316","20131001","20210814","育德企業有限公司","TAICHUNG YU TE ENTERPRISE CO., LTD.","臺中市梧棲區下寮里仁美街255巷12號1樓","1 F., No. 12, Ln. 255, Renmei St., Xialiao Vil., Wuqi Dist., Taichung City 43543, Taiwan (R.O.C.)","陳O文","04-26565838","04-26568797","有","有"
"56121907","19750812","20230720","味丹企業股份有限公司","VEDAN ENTERPRISE CORP.","臺中市沙鹿區興安路65號","No. 65, Xing’an Rd., Shalu Dist., Taichung City 433505, Taiwan (R.O.C.)","楊O雄","04-26622111","04-26627351","有","有"
"56122624","20170930","20230711","蜂鳥飛行器股份有限公司","Hummingbird Flying Vehicle Ltd.","新竹市東區自由路111號7樓之2","7 F.-2, No. 111, Ziyou Rd., East Dist., Hsinchu City 300005, Taiwan (R.O.C.)","施O澤","03-5729726","","無","無"
"56122722","20190222","20240813","台灣屏東農業國際運銷股份有限公司","TAIWAN PINGTUNG AGRICULTURE INTERNATIONAL MARKETING CO., LTD.","屏東縣屏東市大同里信義路86號4樓","4 F., No. 86, Xinyi Rd., Datong Vil., Pingtung City, Pingtung County 900007, Taiwan (R.O.C.)","黃O榮","08-7325952","08-7325418","有","有"
"56126109","19760223","20210811","和成機件廠","HOSENG MACHINE WORKS CO.","臺中市清水區武鹿里五權路２９３巷３０號","No. 30, Ln. 293, Wuquan Rd., Wulu Vil., Qingshui Dist., Taichung City 43647, Taiwan (R.O.C.)","蔡O興","04-26263093","04-26263132","有","有"
"56129605","20170303","20230111","欣竣國際企業有限公司","HSIN JYUN INTERNATIONAL ENTERPRISE CO., LTD.","基隆市中山區德安路116巷191號1樓","1 F., No. 191, Ln. 116, De’an Rd., Zhongshan Dist., Keelung City 203006, Taiwan (R.O.C.)","孫O玲","02-24224122","","有","有"
"56129909","20170222","20240816","台灣西貢畜牧業股份有限公司","TAIWAN SAIGON PASTURAGE COMPANY LTD.","宜蘭縣宜蘭市新民路58巷41號3樓","3 F., No. 41, Ln. 58, Xinmin Rd., Yilan City, Yilan County 260002, Taiwan (R.O.C.)","林O慶","03-9369936","03-9369896","有","有"
"56132708","20000125","20210811","金明利碾米廠","JIN MING LI GRAIN MILL CO., LTD.","臺中市龍井區龍津里中央路一段97號","No. 97, Sec. 1, Zhongyang Rd., Longjin Vil., Longjing Dist., Taichung City 43451, Taiwan (R.O.C.)","紀O輝","04-26394769","04-26393643","有","有"
"56133306","19820618","20230331","協芳實業股份有限公司","HSIEH FONG INDUSTRIAL CO., LTD.","臺中市清水區下湳里菁埔路192號","No. 192, Jingpu Rd., Xianan Vil., Qingshui Dist., Taichung City 436034, Taiwan (R.O.C.)","林O昌","046-225347","","有","有"
"56134001","20170224","20170224","新晉實業有限公司","CK HUANG CO., LTD.","屏東縣鹽埔鄉鹽南村建設街１２－２號　","NO.12-2, JIANSHE ST., YANPU TOWNSHIP, PINGTUNG COUNTY 90742, TAIWAN (R.O.C.)","黃O寬","08-7932344","08-7936344","有","有"
"56136514","20170301","20230914","丞勝科技有限公司","CHENG SHENG TECHNOLOGY GLOBAL CO., LTD.","新竹縣竹北市隘口里7鄰復興二路231號7樓之1","7 F.-1, No. 231, Fuxing 2nd Rd., 7th Neighborhood, Aikou Vil., Zhubei City, Hsinchu County 302052, Taiwan (R.O.C.)","伍O和","02-28487351","02-22890051","有","有"
"56136612","20190724","20230221","忠興鐵工廠股份有限公司","CHUNG HSING IRON WORKS CO.,LTD.","臺中市清水區下湳里高美路40號","No. 40, Gaomei Rd., Xianan Vil., Qingshui Dist., Taichung City 436032, Taiwan (R.O.C.)","蔡O宗","04-26222479","","有","有"
"56137318","20170531","20241204","健鑫貴金屬行銷股份有限公司","CHIEN HSIN PRECIOUS METALS MARKETING LIMITED COMPANY","臺北市大同區南京西路163號2樓之53","2 F.-53, No. 163, Nanjing W. Rd., Datong Dist., Taipei City 103008, Taiwan (R.O.C.)","李O榕","0925-327071","","有","有"
"56138908","19780504","20230428","東洋食品工業股份有限公司","TONG YANG FOOD INDUSTRY CO., LTD.","臺中市大甲區中山路一段591號","No. 591, Sec. 1, Zhongshan Rd., Dajia Dist., Taichung City 437010, Taiwan (R.O.C.)","劉O淵","046-872055","0462-872684","有","有"
"56140101","20191022","20210814","旭構室內裝修有限公司","CHIC-GO INTERIOR DESIGN CO.,LTD.","南投縣埔里鎮北梅里梅子路12巷11號1樓","1 F., No. 11, Ln. 12, Meizi Rd., Beimei Vil., Puli Township, Nantou County 54541, Taiwan (R.O.C.)","傅O軒","0956905509","","有","有"
"56141002","20170309","20210814","香城國際有限公司","SHIANG CHERNG INTL. CO.","嘉義縣大林鎮西林里西榮路53號1樓","1 F., No. 53, Xirong Rd., Xilin Vil., Dalin Township, Chiayi County 62241, Taiwan (R.O.C.)","黃O芬","05-2655552","05-2653618","有","有"
"56141410","19780502","20230223","和協興企業股份有限公司","HO SHYE SHING ENTERPRISE CO., LTD.","臺中市沙鹿區沙田路永和巷7號","No. 7, Yonghe Ln., Shatian Rd., Shalu Dist., Taichung City 433026, Taiwan (R.O.C.)","林O蘭","04-26353516","04-26352151","有","有"
"56141609","20170301","20210814","興振德貿易有限公司","HSIN CHENDER TRADING CO., LTD.","嘉義縣水上鄉義興村下菜園3-4號1樓","1 F., No. 3-4, Xiacaiyuan, Shuishang Township, Chiayi County 60854, Taiwan (R.O.C.)","李O德","05-2894799","05-2892552","有","有"
"56141615","19810616","20220120","大苗農機股份有限公司","HSIEH SHENG AGRICULTURAL MACHINERY CO., LTD.","臺中市大甲區頂店里中山路一段1074號","No. 1074, Sec. 1, Zhongshan Rd., Dingdian Vil., Dajia Dist., Taichung City 43744, Taiwan (R.O.C.)","林O龍","046-875080","","有","有"
"56141811","20170307","20210814","柚樺實業有限公司","YOHOME CO.,LTD.","彰化縣鹿港鎮溝墘里溝尾巷51號","No. 51, Gouqian Vil., Lukang Township, Changhua County 505, Taiwan (R.O.C.)","鄭O柏","04-7715146","","有","有"
"56143424","20170417","20210814","臺灣壹寶國際股份有限公司","TAIWAN YI BAO INTERNATIONAL CO., LTD.","高雄市三民區建國一路418號2樓","2 F., No. 418, Jianguo 1st Rd., Sanmin Dist., Kaohsiung City 80760, Taiwan (R.O.C.)","洪O明","08-7377646","08-7378231","有","有"
"56144319","20170223","20210813","祖傳香有限公司","ZU CHUAN SIANG CO., LTD.","宜蘭縣礁溪鄉龍潭村育龍路17巷41弄6號1樓","1 F., No. 6, Aly. 41, Ln. 17, Yulong Rd., Jiaoxi Township, Yilan County 26246, Taiwan (R.O.C.)","魏O宏","0965577986","","有","有"
"56144401","19750324","20230401","金泰成粉廠股份有限公司","CHIN TAI CHEN FLOUR MILL CO., LTD.","臺中市沙鹿區大同街67巷18號","No. 18, Ln. 67, Datong St., Shalu Dist., Taichung City 433103, Taiwan (R.O.C.)","陳O滄","046-361126","04-635-3121","有","有"
"56146323","19800425","20210813","其泰企業股份有限公司","C & T ENTERPRISES CO., LTD.","臺中市大甲區日南里幼五路7號","No. 7, You 5th Rd., Rinan Vil., Dajia Dist., Taichung City 43769, Taiwan (R.O.C.)","梁O松","046-813757","","有","有"
"56149721","20020926","20101224","易宏號","IHUNTING HOUSE","臺中市大甲區中山路１段１１７０號","NO.1170,CHUNG SHAN RD., DAJIA DIST., TAICHUNG CITY  437, TAIWAN (R.O.C.)","蔣O田","04-26888928","04-26802665","有","有"
"56153007","20170303","20250515","昇陽先進能源股份有限公司","PHOENIX BATTERY CORPORATION","苗栗縣銅鑼鄉中興路26-1號","No. 26-1, Zhongxing Rd., Tongluo Township, Miaoli County 366005, Taiwan (R.O.C.)","葉O豪","","","有","有"
"56153908","19931203","20230313","昆隆塑膠股份有限公司","QUEEN LONG PLASTICS CO., LTD.","臺中市龍井區龍東里茄投路1號","No. 1, Jiatou Rd., Longdong Vil., Longjing Dist., Taichung City 434023, Taiwan (R.O.C.)","陳O三","04-26397242","","有","有"
"56155722","19781230","20230328","東豐麥片工業股份有限公司","TUNG HONG FLAKING BRAN INDUSTRY CO., LTD.","臺中市大肚區王田里沙田路一段166號","No. 166, Sec. 1, Shatian Rd., Wangtian Vil., Dadu Dist., Taichung City 432004, Taiwan (R.O.C.)","王O彰","04-26932511","04-26932513","有","有"
"56156428","20060113","20210811","明成精機廠","MING CHEN PRECISION MACHINERY WORKS","臺中市沙鹿區居仁里中山路328號","No. 328, Zhongshan Rd., Juren Vil., Shalu Dist., Taichung City 43350, Taiwan (R.O.C.)","卓O昇","04-26628541","","有","有"
"56157643","19780424","20210815","東記造紙股份有限公司","TUNG CHI PAPER CORPORATION","臺中市北區建興里崇德路一段210號1樓","1 F., No. 210, Sec. 1, Chongde Rd., Jianxing Vil., North Dist., Taichung City 40452, Taiwan (R.O.C.)","陳O隆","04-26353511","04-26359324","有","有"
"56158312","20170302","20230111","艾欐亞有限公司","ARYA CO., LTD.","彰化縣彰化市成功里南瑤路162號1樓","1 F., No. 162, Nanyao Rd., Chenggong Vil., Changhua City, Changhua County 500009, Taiwan (R.O.C.)","吳O橙","04-7283689","04-7260168","無","無"
"56158707","19831019","20230224","芳裕紡織股份有限公司","FONG YU TEXTILE CO., LTD.","臺中市龍井區山腳里沙田路六段327號","No. 327, Sec. 6, Shatian Rd., Shanjiao Vil., Longjing Dist., Taichung City 434028, Taiwan (R.O.C.)","王O生","02-25618030","","有","有"
"56164102","20230621","20230621","莘瀧紙管有限公司","JC Xinlong Paper Tube CO., LTD.","彰化縣花壇鄉橋頭村長昇街180號","No. 180, Changsheng St., Huatan Township, Changhua County 503008, Taiwan (R.O.C.)","陳O漢","04-7882608","","有","有"
"56165003","19780307","20230607","忠興織造廠股份有限公司","UNIVERSAL WEBBING PRODUCTS CO., LTD.","臺中市沙鹿區鹿峰里星河路567號","No. 567, Xinghe Rd., Lufeng Vil., Shalu Dist., Taichung City 433106, Taiwan (R.O.C.)","郭O瑾","046-232886-7","","有","有"
"56166214","19741231","20230223","和成織造股份有限公司","HO CHEN TEXTILES CO., LTD.","臺中市清水區南社里鰲峰路235-2號1樓","1 F., No. 235-2, Aofeng Rd., Nanshe Vil., Qingshui Dist., Taichung City 436039, Taiwan (R.O.C.)","周O達","04-26225118","04-26225120","有","有"
"56166404","20020326","20210811","協豐碾米工廠","SHYE FENG RICE MILL FACTORY","臺中市大甲區奉化里農安路２００號","No. 200, Nong’an Rd., Fenghua Vil., Dajia Dist., Taichung City 43761, Taiwan (R.O.C.)","李O榮","04-26872531","","有","有"
"56166609","19770326","20221024","忠豐紡織廠股份有限公司","CHUNG FENG TEXTILE CO., LTD.","臺中市清水區下湳里高美路三一號","No. 31, Gaomei Rd., Xianan Vil., Qingshui Dist., Taichung City 436032, Taiwan (R.O.C.)","王O明","02-25588138","02-25567693","無","無"
"56167500","20211209","20240502","常發工業有限公司","Chang Fa Industrial Co., Ltd.","彰化縣線西鄉頂庄村中山街209號","No. 209, Zhongshan St., Xianxi Township, Changhua County 50743, Taiwan (R.O.C.)","","04-7589788","","無","無"
"56168108","20170306","20250103","韓商雷京科股份有限公司台灣分公司","LAKE MATERIALS CO., LTD. TAIWAN BRANCH (KOREA)","新竹縣竹北市中興里高鐵二路32號10樓之2","10 F.-2, No. 32, Gaotie 2nd Rd., Zhongxing Vil., Zhubei City, Hsinchu County 302052, Taiwan (R.O.C.)","宋O鎬SONGCHANGHO","","","有","有"
"56169113","20170301","20210813","鍀利有限公司","PROFIT MARGIN CO., LTD.","新竹縣竹北市中正西路1556號一樓","1 F., No. 1556, Zhongzheng W. Rd., Zhubei City, Hsinchu County 30266, Taiwan (R.O.C.)","孫O崴","0982-759709","","有","有"
"56170420","20200106","20210813","永豐茗科技有限公司","YOFOM TECHNOLOGY, LTD.","新竹市東區立功里光復路二段268號一樓","1 F., No. 268, Sec. 2, Guangfu Rd., Ligong Vil., East Dist., Hsinchu City 30071, Taiwan (R.O.C.)","劉O嘉","03-5165710","03-5165730","有","有"
"56172911","20001205","20210811","南福鐵板工廠","NAN FULL IRON FACTORY","臺中市梧棲區安仁里梧棲路40號","No. 40, Wuqi Rd., Anren Vil., Wuqi Dist., Taichung City 43541, Taiwan (R.O.C.)","陳O銘","04-26562204","04-26564648","有","有"
"56176629","20170224","20210813","薩鉅國際有限公司","SA-JYU INTERNATIONAL CO., LTD.","彰化縣員林市新生里新生路191號1樓","1 F., No. 191, Xinsheng Rd., Xinsheng Vil., Yuanlin City, Changhua County 51048, Taiwan (R.O.C.)","游O琪","04-8333423","04-22569460","有","有"
"56176901","20020301","20210811","信成碾米工廠","SHINN CHERNG RICE MILL FACTORY","臺中市大安區福住里南北七路１２１號","No. 121, Nanbei 7th Rd., Fuzhu Vil., Da’an Dist., Taichung City 43963, Taiwan (R.O.C.)","陳O昌","04-26872841","","有","有"
"56178106","20180918","20210813","宏寶金屬企業有限公司","MACRO TREASURE ENTERPRISE CO., LTD.","彰化縣福興鄉外埔村復興路51-20號","No. 51-20, Fuxing Rd., Waipu Vil., Fuxing Township, Changhua County 50648, Taiwan (R.O.C.)","吳O忠","04-7786070","04-7786071","有","有"
"56180503","20170417","20250228","博利恆社會企業有限公司","MANNA TSOU SOCIAL ENTERPRISE CO., LTD.","臺南市東區大同路2段95-2號","No. 95-2, Sec. 2, Datong Rd., East Dist., Tainan City 701010, Taiwan (R.O.C.)","陳O楨","05-2561765","05-2561462","有","有"
"56181405","20170309","20210813","原傳實業有限公司","TRUSTWORTHY MACHINE ENTERPRISE CO., LTD.","基隆市中山區復興路259巷65號5樓","5 F., No. 65, Ln. 259, Fuxing Rd., Zhongshan Dist., Keelung City 20346, Taiwan (R.O.C.)","石O智","02-24374683","02-24374735","有","有"
"56181720","20170306","20230326","當支蜜有限公司","BNNBEE CO., LTD.","嘉義市東區中山里安樂街156之2號1樓","1 F., No. 156-2, Anle St., Zhongshan Vil., East Dist., Chiayi City 600009, Taiwan (R.O.C.)","吳O駿","05-2369879","","有","有"
"56183810","20170321","20241228","久新新物流股份有限公司","NEWLOGISTICS CO., LTD.","嘉義市東區保成路303號","No. 303, Baocheng Rd., East Dist., Chiayi City 600051, Taiwan (R.O.C.)","李O琴","05-2779671","05-2774257","有","有"
"56184000","20211014","20221025","好朋友生物科技企業有限公司","GFBIOTW Enterprise Co., Ltd.","嘉義縣水上鄉南和村後寮55之3號","No. 55-3, Houliao, Nanhe Vil., Shuishang Township,  Chiayi County 608006, Taiwan (R.O.C.)","黃O展","05-2605098","05-2605198","有","有"
"56186014","19781002","20210813","洽發企業股份有限公司","CHIA FHA ENTERPRISE CO., LTD.","臺中市清水區南寧里中清路八段715號","No. 715, Sec. 8, Zhongqing Rd., Nanning Vil., Qingshui Dist., Taichung City 43655, Taiwan (R.O.C.)","洪O政","04-2622-4161","04-2622-4165","有","有"
"56188408","20201229","20210815","詰泰工程有限公司","Jet Thai Engineering Co., Ltd.","新竹市北區境福里成功路35號1樓","1 F., No. 35, Chenggong Rd., Jingfu Vil., North Dist., Hsinchu City 30049, Taiwan (R.O.C.)","張O宏","0978-293050","","有","有"
"56190805","20170314","20230106","千翔國際貿易有限公司","CHIEN XIANG TRADING. CO., LTD.","屏東縣屏東市潭墘里機場北路620號10樓","10 F., No. 620, Jichang N. Rd., Tanqian Vil., Pingtung City, Pingtung County 900404, Taiwan (R.O.C.)","邱O皇","08-7662526","","無","無"
"56191810","20200318","20210816","英屬維京群島商博茂顧問有限公司台灣分公司","Port Pass, Inc. Taiwan Branch (BVI)","臺北市松山區光復北路82號3樓","3 F., No. 82, Guangfu N. Rd., Songshan Dist., Taipei City 10560, Taiwan (R.O.C.)","周O超Chou,Chi-Chao","02-25777079","","有","有"
"56191902","20170308","20221025","唯均有限公司","WJPACK CO., LTD.","彰化縣員林市中央里中央路372巷50號1樓","1 F., No. 50, Ln. 372, Zhongyang Rd., Zhongyang Vil., Yuanlin City, Changhua County 510037, Taiwan (R.O.C.)","李O容","04-8370586","","無","無"
"56192402","19770118","20230712","福壽實業股份有限公司","FWUSOW INDUSTRY CO., LTD.","臺中市沙鹿區沙田路45號","No. 45, Shatian Rd., Shalu Dist., Taichung City 433518, Taiwan (R.O.C.)","洪O昆","04-26362111","04-26358566","有","有"
"56194703","20170328","20230310","貝兒國際企業有限公司","ASIA BAER INTERNATIONAL TRADE CO., LTD.","嘉義市西區西平里高鐵大道15號1樓","1 F., No. 15, Gaotie Blvd., Xiping Vil., West Dist., Chiayi City 600073, Taiwan (R.O.C.)","張O豪","05-2362369","05-2836081","有","有"
"56196913","19990917","20230214","泉榮興塑膠工廠","CHUAN RONG HSIN PLASTIC FACTORY","臺中市龍井區田中里龍北路２９０號","No. 290, Longbei Rd., Tianzhong Vil., Longjing Dist., Taichung City 434009, Taiwan (R.O.C.)","黃O騰","04-2639-6632","04-2639-7537","有","有"
"56197315","20180110","20230111","陽光智慧科技股份有限公司","iSunnyTek Corporation","新竹縣竹北市光明六路東二段258-1號6樓之12","6F.-12, No. 258-1, Dong Sec. 2, Guangming 6th Rd., Zhubei City, Hsinchu County 30271, Taiwan (R.O.C.)","陳O道","03-57111300","","有","有"
"56200212","20020329","20210811","信裕碾米廠","SHINN YUH RICE-HUSKING MILL","臺中市梧棲區永寧里永興路一段５４６巷２７之１號","No. 27-1, Ln. 546, Sec. 1, Yongxing Rd., Yongning Vil., Wuqi Dist., Taichung City 43549, Taiwan (R.O.C.)","王O超","04-26394026","","有","有"
"56202106","19750122","20230517","南興化工製藥股份有限公司","NAN SING CHEMICAL MFG. CO., LTD.","臺中市大甲區大安港路321號1樓","1 F., No. 321, Da’angang Rd., Dajia Dist., Taichung City 437002, Taiwan (R.O.C.)","楊O勲","046-862180","886-046-860833","有","有"
"56204049","19790706","20230318","威輪工業股份有限公司","WILLING INDUSTRY CO., LTD.","臺中市大甲區中山路2段325號","No. 325, Sec. 2, Zhongshan Rd., Dajia Dist., Taichung City 437103, Taiwan (R.O.C.)","陳O中","04-26814991-6","04-26814997","有","有"
"56206709","20170308","20210814","視華眼視光學股份有限公司","BIO OPTIC, INC.","新竹市北區天府路一段529號6樓","6 F., No. 529, Sec. 1, Tianfu Rd., North Dist., Hsinchu City 30058, Taiwan (R.O.C.)","王O林","03-5407386","","有","有"
"56209522","19810824","20230324","泰成紡織工業股份有限公司","TAYI SEIN TEXTILE CO., LTD.","臺中市清水區裕嘉里中央路107之1號","No. 107-1, Zhongyang Rd., Yujia Vil., Qingshui Dist., Taichung City 436037, Taiwan (R.O.C.)","王O","046-222296","","有","有"
"56210400","19750430","20210827","泰和製粉廠股份有限公司","THAI-HO FLOUR MILL CO., LTD.","臺中市大肚區頂街里紙廠路60號","No. 60, Zhichang Rd., Dingjie Vil., Dadu Dist., Taichung City 43241, Taiwan (R.O.C.)","童O隆","04-26996756","04-26992036","有","有"
"56213618","20180824","20240221","禾宏營造股份有限公司","He hong Create CO., LTD.","金門縣金城鎮西門里民權路232號3樓","3 F., No. 232, Minquan Rd., Ximen Vil., Jincheng Township, Kinmen County 893014, Taiwan (R.O.C.)","陳O瑛","08-2323318","08-2328219","有","有"
"56219140","19780519","20240501","寶昌隆股份有限公司","COMFORT FOOTWEAR CO., LTD.","臺中市北區文心路四段212號7樓之1","7 F.-1, No. 212, Sec. 4, Wenxin Rd., North Dist., Taichung City 404538, Taiwan (R.O.C.)","黃O毅","046-226101-5","","有","有"
"56222406","20170314","20210813","芫聖科技有限公司","YUAN SHANG TECHNOLOGY CO., LTD","新竹縣竹北市斗崙里福興一路92號十樓","10 F., No. 92, Fuxing 1st Rd., Doulun Vil., Zhubei City, Hsinchu County 30285, Taiwan (R.O.C.)","張O雄","03-6570335","","有","有"
"56224805","19980326","20210419","清水區農會","CHING-SHUI CHEN FARMERS' ASSOCIATION","臺中市清水區中山路９４號","NO.94, CHUNG-SAN RD., QINGSHUI DIST., TAICHUNG CITY  436, TAIWAN (R.O.C.)","黃O富","04-26232101","04-26227833","有","有"
"56225500","20170410","20210815","勁揚生物科技有限公司","RATO FERMENTATION CORP.","臺東縣臺東市光明里中興路2段27號1樓","1 F., No. 27, Sec. 2, Zhongxing Rd., Guangming Vil., Taitung City, Taitung County 95065, Taiwan (R.O.C.)","楊O銘","02-8792-0777","02-8792-8686","有","有"
"56227009","19741209","20220426","清水紡織印染股份有限公司","REGAL SPINNING ENTERPRISES CO., LTD.","臺中市清水區西寧里五權東路61號1樓","1 F., No. 61, Wuquan E. Rd., Xining Vil., Qingshui Dist., Taichung City 43651, Taiwan (R.O.C.)","黃O源","04-26237738","04-26237623","有","有"
"56236008","20170317","20250501","天使牛國際股份有限公司","AUTO PATENT CABLE CO., LTD.","新竹市東區東勢里東光路192號4樓之3","4F.-3, No. 192, Dongguang Rd., Dongshi Vil., East Dist., Hsinchu City 30069, Taiwan (R.O.C.)","鄧O錦","03-5729966","03-5722385","有","有"
"56238505","20170323","20240917","牛記蘭園有限公司","OX ORCHIDS NURSERY CO., LTD.","雲林縣虎尾鎮安慶里民主十八路13號1樓","1 F., No. 13, Minzhu 18th Rd., Anqing Vil., Huwei Township, Yunlin County 632001, Taiwan (R.O.C.)","吳O良","06-7863272","06-7863150","有","有"
"56239814","20190430","20230714","豐盛智慧顧問股份有限公司","Rich Wisdom Consulting Co. Ltd","臺北市信義區忠孝東路5段410號12樓之1","12 F.-1, No. 410, Sec. 5, Zhongxiao E. Rd., Xinyi Dist., Taipei City 110025, Taiwan (R.O.C.)","趙O鈞","02-87864922","","有","有"
"56242037","19780926","20230324","通用化學鞋業股份有限公司","GENERAL FOOTWEAR INDUS. CO., LTD.","臺中市大甲區頂店里東西八路一段68號","No. 68, Sec. 1, Dongxi 8th Rd., Dingdian Vil., Dajia Dist., Taichung City 437015, Taiwan (R.O.C.)","陳O濱","046-877170","","有","有"
"56245034","20190829","20210813","振崴精密五金有限公司","ZHENG WEI PRECISION CO., LTD.","南投縣國姓鄉石門村中興路87號1樓","1 F., No. 87, Zhongxing Rd., Guoxing Township, Nantou County 54443, Taiwan (R.O.C.)","葉O章","0910-722462","04-22569877","有","有"
"56246809","20170307","20210814","普力生技應材科技股份有限公司","POLY APPLIED MATERIALS & BIOTECHNOLOGY CO., LTD.","彰化縣員林市大明里員集路一段228號二樓","2 F., No. 228, Sec. 1, Yuanji Rd., Daming Vil., Yuanlin City, Changhua County 51062, Taiwan (R.O.C.)","張O彰","04-8349968","04-8396993","有","有"
"56246907","20170307","20210814","澳普科技有限公司","OPTIMUM SEMI TECHNOLOGY CO., LTD.","新竹市東區文華里光華街27巷18弄26號一樓","1 F., No. 26, Aly. 18, Ln. 27, Guanghua St., Wenhua Vil., East Dist., Hsinchu City 30050, Taiwan (R.O.C.)","李O美","03-5321339","","有","有"
"56247602","20011130","20210811","陸順碾米工廠","LU SHUN RICE MILL FACTORY","臺中市外埔區三崁里三崁路１０號","No. 10, Sankan Rd., Sankan Vil., Waipu Dist., Taichung City 43856, Taiwan (R.O.C.)","蘇O文","04-26833259","04-26833980","有","有"
"56248004","19780812","20210814","通順產業股份有限公司","TON SHUN INDUSTRY CO., LTD.","臺北市松山區光復北路68號7樓之2","7F.-2, No. 68, Guangfu N. Rd., Songshan Dist., Taipei City 10560, Taiwan (R.O.C.)","王O彰","04-26391181","04-26391185","有","有"
"56248010","20121115","20210814","通順鋼鐵股份有限公司","TONG SHUN STEEL CO., LTD.","臺北市中山區松江路328號9樓之1","9F.-1, No. 328, Songjiang Rd., Zhongshan Dist., Taipei City 10468, Taiwan (R.O.C.)","王O秀昭","02-25212931","037-752511","有","有"
"56253505","20170306","20220119","宜昇開發有限公司","YISHENG DEVELOPMENT CO., LTD","彰化縣和美鎮竹園里彰新路四段203號2樓","2 F., No. 203, Sec. 4, Zhangxin Rd., Zhuyuan Vil., Hemei Township, Changhua County 50847, Taiwan (R.O.C.)","楊O琪","04-7353436","","有","有"
"56254510","20170303","20240926","萊思國際股份有限公司","RICE GLOBAL CO., LTD","南投縣草屯鎮新豐里稻香路112之8號1樓","1 F., No. 112-8, Daoxiang Rd., Xinfeng Vil., Caotun Township, Nantou County 542017, Taiwan (R.O.C.)","李O華","04-26280696","","有","有"
"56255102","20020129","20210811","連環碾米工廠","LIAN HWAN RICE MILLS CO.","臺中市龍井區福田里茄投路福頭崙巷７號","No. 7, Futoulun Ln., Jiatou Rd., Futian Vil., Longjing Dist., Taichung City 43444, Taiwan (R.O.C.)","歐O財","04-26396851","04-26303330","有","有"
"56255503","20160414","20241127","太原交通股份有限公司","TAIYUAN TRANSPORT CO., LTD.","臺中市梧棲區大智路一段698號1樓","1 F., No. 698, Sec. 1, Dazhi Rd., Wuqi Dist., Taichung City 435061, Taiwan (R.O.C.)","溫O甫","04-26576111","04-26563355","有","有"
"56255601","20170303","20240403","英屬開曼群島商泰昇國際控股有限公司台灣分公司","TAISUN INT’L (HOLDING) CORP., TAIWAN BRANCH(CAYMAN)","新北市新莊區中華路1段8號12樓","12F., No. 8, Sec. 1, Zhonghua Rd., Xinzhuang Dist.,  New Taipei City 242, Taiwan (R.O.C.)","戴O森TAI,YU-SEN","02-25682830","02-25682831","有","有"
"56255948","20170405","20210814","崴遠精密有限公司","REX ACOUSTIC DESIGN CO., LTD.","苗栗縣銅鑼鄉朝陽村20鄰朝東220號","No. 220, Chaodong, 20th Neighborhood, Tongluo Township, Miaoli County 36642, Taiwan (R.O.C.)","賴O彥","0939181323","","無","無"
"56256101","19760728","20221129","統一塑膠製品廠股份有限公司","PRESIDENT PLASTIC PRODUCTS MFG. CO., LTD.","臺中市西屯區朝富路213號31樓","31 F., No. 213, Chaofu Rd., Xitun Dist., Taichung City 407609, Taiwan (R.O.C.)","林O俊","046-866901","","有","有"
"56257426","20221207","20221207","天空樹事業股份有限公司","Skytree Company Limited","新竹縣竹北市鹿場里興隆路二段333號16樓","16 F., No. 333, Sec. 2, Xinglong Rd., Luchang Vil., Zhubei City, Hsinchu County 302, Taiwan (R.O.C.)","曹O旻","0922974533","03-6683989","有","有"
"56260323","20170308","20210813","禾溏有限公司","PLENTEOUS CO., LTD.","新竹縣竹北市北興里莊敬北路391號","No. 391, Zhuangjing N. Rd., Beixing Vil., Zhubei City, Hsinchu County 30264, Taiwan (R.O.C.)","雲O","03-6578599","","有","有"
"56260506","20170327","20210815","麻川有限公司","WILBUR COMPANY LTD.","彰化縣伸港鄉新港村新港路202巷2-1號一樓","1 F., No. 2-1, Ln. 202, Xingang Rd., Shengang Township, Changhua County 50941, Taiwan (R.O.C.)","潘O惠","04-7994085","04-266456","有","有"
"56264643","19760531","20210911","勝立工業股份有限公司","SUN-LI INDUSTRIAL LTD.","臺中市清水區南寧里光華路114號","NO. 114, GUANGHUA RD., QINGSHUI DIST., TAICHUNG CITY 436108, TAIWAN (R.O.C.)","李O標","04-26222500","","有","有"
"56265609","20170413","20240731","松泰茶行有限公司","SWONG TAI CHA HANG CO., LTD.","苗栗縣頭份市東庄里18鄰和平路253號1樓","1 F., No. 253, Heping Rd., 18th Neighborhood, Dongzhuang Vil., Toufen City, Miaoli County 35152, Taiwan (R.O.C.)","胡O淇","02-23033172","02-23059507","有","有"
"56269204","20180129","20220122","唯成有限公司","WINONLY CO., LTD.","新竹縣湖口鄉中正村健康街21巷2號1樓","1 F., No. 2, Ln. 21, Jiankang St., Hukou Township, Hsinchu County 30342, Taiwan (R.O.C.)","戴O玟","0988289873","","有","有"
"56269605","20170310","20240829","成泰化工有限公司","CHENGTAI CHEMICAL CO., LTD.","雲林縣斗六市公誠里漢口路218號5樓","5 F., No. 218, Hankou Rd., Gongcheng Vil., Douliu City, Yunlin County 64048, Taiwan (R.O.C.)","張O源","05-5332669","05-5376838","有","有"
"56269801","20170306","20210814","八原食品有限公司","PRECIOUS FOOD CO., LTD","新北市蘆洲區民族路267號7樓","7 F., No. 267, Minzu Rd., Luzhou Dist., New Taipei City 24743, Taiwan (R.O.C.)","藍O鈴","0919996945","","有","有"
"56272622","20100816","20210815","新代塑膠工業股份有限公司","NEW FASHIONED PLASTICS CORP.","臺中市清水區南寧里中清路八段633號","No. 633, Sec. 8, Zhongqing Rd., Nanning Vil., Qingshui Dist., Taichung City 43655, Taiwan (R.O.C.)","王O銘","04-26222292","","有","有"
"56276916","20170307","20220610","香港商司比獸股份有限公司台灣分公司","CIBIZO LIMITED, TAIWAN BRANCH (HONG KONG)","臺北市文山區辛亥路四段77巷16號8樓","8 F., No. 16, Ln. 77, Sec. 4, Xinhai Rd., Wenshan Dist., Taipei City 116075, Taiwan (R.O.C.)","吳O軒WU,CHIEN-HSUAN","02-27551717","","有","有"
"56277400","19751013","20210815","華隆化學股份有限公司","HWA LUNG CHEMICAL CO., LTD.","臺北市松山區復興北路1號11樓之4","11F.-4, No. 1, Fuxing N. Rd., Songshan Dist., Taipei City 10595, Taiwan (R.O.C.)","洪O欣","02-27731661","","有","有"
"56279104","19741210","20230323","勝義紡織廠股份有限公司","SEUN I TEXTILE CO., LTD.","臺中市清水區菁埔路196號","No. 196, Jingpu Rd., Qingshui Dist., Taichung City 436034, Taiwan (R.O.C.)","王O淑櫻","04-26222315","04-26233410","有","有"
"56281903","20170320","20240224","玖昊貿易有限公司","JIU HAO TRADING CO., LTD.","嘉義市西區重興里博愛路一段430號1樓","1 F., No. 430, Sec. 1, Bo’ai Rd., Chongxing Vil., West Dist., Chiayi City 600076, Taiwan (R.O.C.)","廖O夆","0939317837","","有","有"
"56284508","20170830","20231020","傑霖國際開發有限公司","JIE LIN INTERNATIONAL DEVELOPMENT CO., LTD.","彰化縣秀水鄉福安村中山路617巷56號1樓","1F., No. 56, Ln. 617, Zhongshan Rd., Fu'an Vil., Xiushui Township,  Changhua County 504008, Taiwan (R.O.C.)","謝O霖","0980-740410","","有","有"
"56285576","20211217","20221228","新大錩企業社","New dache enterprise co.","臺中市清水區西社里海濱路60號一樓","1 F., No. 60, Haibin Rd., Xishe Vil., Qingshui Dist., Taichung City 436108, Taiwan (R.O.C.)","楊O彥","04-26222110","04-26227110","無","無"
"56286105","20170306","20210815","展逸國際有限公司","R & M MOTOR INT'L CO., LTD.","基隆市安樂區基金一路135巷5弄43號1樓","1 F., No. 43, Aly. 5, Ln. 135, Jijin 1st Rd., Anle Dist., Keelung City 20445, Taiwan (R.O.C.)","李O恩","02-29462311","","有","有"
"56287126","20171102","20210814","智人智造顧問有限公司","iPlast 4.0 Co., Ltd.","新竹縣竹東鎮頭重里富貴街76巷11號6樓","6 F., No. 11, Ln. 76, Fugui St., Touchong Vil., Zhudong Township, Hsinchu County 31061, Taiwan (R.O.C.)","孫O博","0958686100","","有","有"
"56289406","20200313","20210813","護愛有限公司","PROTECT LOVE Co., Ltd.","彰化縣溪湖鎮大竹里弘農路205號1樓","1 F., No. 205, Hongnong Rd., Dazhu Vil., Xihu Township, Changhua County 51442, Taiwan (R.O.C.)","楊O香","04-8827235","","有","有"
"56291901","20240301","20240301","新合鑫系統科技有限公司","Hsin Ho Hsin System Tech CO., LTD.","新竹縣竹北市斗崙里科大一路169號1樓","1 F., No. 169, Keda 1st Rd., Doulun Vil., Zhubei City, Hsinchu County 302056, Taiwan (R.O.C.)","石O清","03-6571163","03-6570163","有","有"
"56291944","20170511","20221208","萬味軒食品工業股份有限公司","WAN WEI SYUAN FOOD INDUSTRY CO., LTD.","臺中市清水區北寧里中山路338號","No. 338, Zhongshan Rd., Beining Vil., Qingshui Dist., Taichung City 436032, Taiwan (R.O.C.)","蔡O宸","04-26222145","","有","有"
"56292508","20170512","20210814","奕虹有限公司","YI HUNG SEMICONDUCTOR CO., LTD.","苗栗縣頭份市新華里中正一路603號","No. 603, Zhongzheng 1st Rd., Xinhua Vil., Toufen City, Miaoli County 35144, Taiwan (R.O.C.)","鍾O揚","03-5316162","03-5319110","有","有"
"56295809","20170308","20220728","鉅寶藏國際貿易有限公司","CHU PAO TSANG INTERNATIONAL TRADING CO., LTD.","南投縣南投市漳和里復興路711巷2弄15號1樓","1 F., No. 15, Aly. 2, Ln. 711, Fuxing Rd., Zhanghe Vil., Nantou City, Nantou County 540023, Taiwan (R.O.C.)","張O豪","0921896537","","有","有"
"56296808","20170308","20241226","科奈傑科技股份有限公司","KINESTRAL TECHNOLOGIES TAIWAN INCORPORATED","苗栗縣銅鑼鄉中興路87號","No. 87, Zhongxing Rd., Tongluo Township, Miaoli County 366005, Taiwan (R.O.C.)","HOwardStanleyBergh","037-230866","","有","有"
"56297052","20220706","20220706","勁鋼工業有限公司","RICH METALS CO., LTD.","新竹市東區親仁里東大路一段127號十三樓","13 F., No. 127, Sec. 1, Dongda Rd., Qinren Vil., East Dist., Hsinchu City 300026, Taiwan (R.O.C.)","許O修","03-6563996","","有","有"
"56297911","19750115","20230414","新益機械工廠股份有限公司","SHIN-I MACHINERY WORKS CO., LTD.","臺中市清水區中正街43號1樓","1 F., No. 43, Zhongzheng St., Qingshui Dist., Taichung City 436109, Taiwan (R.O.C.)","林O欣","04-26224166","04-26232129","有","有"
"56299501","20170309","20230531","銘洋企業有限公司","MIN YOUNG ENTERPRISE CO., LTD.","嘉義縣中埔鄉富收村興化廍22之13號1樓","1F., No. 22-13, Xinghuabu, Fushou Vil., Zhongpu Township,  Chiayi County 606, Taiwan (R.O.C.)","蔡O明","05-2238666","","有","有"
"56301302","19851126","20230706","蓓興紡織股份有限公司","PEI SHIN TEXTILE CO., LTD.","臺中市清水區國姓里三美路3之1號1樓","1 F., No. 3-1, Sanmei Rd., Guoxing Vil., Qingshui Dist., Taichung City 436036, Taiwan (R.O.C.)","陳O香","04-26262866","","有","有"
"56304618","20170323","20210814","泰鉦科技有限公司","THAI ZHENG TECHNOLOGY CO., LTD.","宜蘭縣冬山鄉順安村鹿安路宏慶巷20號一樓","1 F., No. 20, Hongqing Ln., Lu’an Rd., Dongshan Township, Yilan County 26945, Taiwan (R.O.C.)","孫O海","0937523508","","有","有"
"56307805","20230621","20230621","成諭科技有限公司","CHENG YUW TECHNOLIGY CO., LTD.","新竹市北區延平路三段392巷2號1樓","1 F., No. 2, Ln. 392, Sec. 3, Yanping Rd., North Dist., Hsinchu City 300056, Taiwan (R.O.C.)","王O諭","0922088188","03-5407223","有","有"
"56312906","20210325","20231124","騰鈞國際股份有限公司","TENG-JUN PACKAGING INTERNATIONAL CO., LTD.","新竹市香山區樹下里樹下街133號","No. 133, Shuxia St., Shuxia Vil., Xiangshan Dist., Hsinchu City 30090, Taiwan (R.O.C.)","賴O瑀","03-5302999","","有","有"
"56315214","20020919","20210811","木水餅店","MUH SHOEI STORE","臺中市大甲區朝陽里民生路５９號１樓","1 F., No. 59, Minsheng Rd., Chaoyang Vil., Dajia Dist., Taichung City 43746, Taiwan (R.O.C.)","陳O奎","04-2687-6278","04-2676-1077","有","有"
"56317000","20200918","20240202","青艾的純客食農實業有限公司","NUTRAFOOD CO., LTD.","新竹縣北埔鄉水磜村6鄰水磜子32之10號","No. 32-10, 6th Neighborhood, Beipu Township, Hsinchu County 314, Taiwan (R.O.C.)","徐O玉","02-26660013","","有","有"
"56320504","20170816","20240722","將輔科技工業有限公司","GFT HI-TECH INDUSTRY CO., LTD.","彰化縣彰化市寶廍里寶廍路272號","No. 272, Baobu Rd., Baobu Vil., Changhua City,  Changhua County 500, Taiwan (R.O.C.)","洪O憲","04-7283478","04-7263057","有","有"
"56321715","20000608","20210812","新城精密工業股份有限公司","HSIN CHENG PRECISION INDUSTRIAL CO., LTD.","臺中市大甲區庄美里大安港路137巷42號","No. 42, Ln. 137, Da’angang Rd., Zhuangmei Vil., Dajia Dist., Taichung City 43743, Taiwan (R.O.C.)","許O秀英","037-742867","037-741334","有","有"
"56324608","20200501","20241029","歐巴螞食品有限公司","Obama Food Co., Ltd.","臺東縣臺東市新生路59號1樓","1 F., No. 59, Xinsheng Rd., Taitung City, Taitung County 950017, Taiwan (R.O.C.)","董O罕","089-337007","","有","有"
"56325938","20060712","20230630","第一木器加工廠","FIRST WOODEN FURNITURE PROCESSING FACTORY","臺中市清水區下湳里中山路４４２號","No. 442, Zhongshan Rd., Xianan Vil., Qingshui Dist., Taichung City 436032, Taiwan (R.O.C.)","楊O來","04-26264279","04-26264510","無","無"
"56330307","19940930","20210811","源豐碾米工廠","YUNG FONG GRIND RICE FACTORY","臺中市龍井區三德里中央路二段233號","No. 233, Sec. 2, Zhongyang Rd., Sande Vil., Longjing Dist., Taichung City 43447, Taiwan (R.O.C.)","紀O樹","04-26390897","04-26393743","有","有"
"56331410","20020425","20210814","裕興實業股份有限公司","YUH SHING CO., LTD.","臺中市清水區三美路73號","No. 73, Sanmei Rd., Qingshui Dist., Taichung City 43643, Taiwan (R.O.C.)","陳O輝","04-26262918","04-26264545","有","有"
"56331426","19750121","20210813","裕興發企業股份有限公司","YU SHING FA ENTERPRISE CO., LTD.","臺中市清水區國姓里三美路73-1號","No. 73-1, Sanmei Rd., Guoxing Vil., Qingshui Dist., Taichung City 43643, Taiwan (R.O.C.)","洪O龍","04-26262833","04-26263109","無","無"
"56331501","19741118","20221028","新豐美實業股份有限公司","SIN HONG MEI INDUSTRY CO., LTD.","臺中市沙鹿區新生街28號1樓","1 F., No. 28, Xinsheng St., Shalu Dist., Taichung City 433104, Taiwan (R.O.C.)","陳O漢","04-26393441","04-26398526","有","有"
"56335513","20170324","20230111","弗來德有限公司","FULAIDE CO., LTD.","彰化縣鹿港鎮埔崙里安寧街7號","No. 7, Anning St., Pulun Vil., Lukang Township, Changhua County 505028, Taiwan (R.O.C.)","許O岳","04-7765158","","有","有"
"56338716","19801126","20210815","福良實業股份有限公司","FU LIANG INDUSTRY LTD.","臺中市清水區下湳里高美路89號","No. 89, Gaomei Rd., Xianan Vil., Qingshui Dist., Taichung City 43646, Taiwan (R.O.C.)","李O倉","04-26391291","04-26398422","有","有"
"56346103","20170314","20230310","英屬維京群島商幣託科技有限公司台灣分公司","BITOEX TECHNOLOGY LIMITED  TAIWAN BRANCH (BRITISH VIRGIN ISLANDS)","臺北市松山區南京東路4段16號8樓","8 F., No. 16, Sec. 4, Nanjing E. Rd., Songshan Dist., Taipei City 105411, Taiwan (R.O.C.)","鄭O泰CHENG,KUANG-TAI","02-87292942","","有","有"
"56348600","19790621","20221108","台農三和化工股份有限公司","TAI LONG CHEMICAL FACTORY","彰化縣線西鄉頂庄村線工北三路22號","No. 22, Xiangong N. 3rd Rd., Dingzhuang Vil., Xianxi Township,  Changhua County 507001, Taiwan (R.O.C.)","潘O田","05-5975501","5975530","有","有"
"56349214","19741111","20240626","郡都開發股份有限公司","J.D Development CO., LTD.","高雄市前金區中正四路151號9樓之1","9 F.-1, No. 151, Zhongzheng 4th Rd., Qianjin Dist., Kaohsiung City 801609, Taiwan (R.O.C.)","唐O","07-2167569","","有","有"
"56354004","20170313","20230111","巴騰國際貿易有限公司","BESTRAD TRADING INTERNATIONAL CO., LTD.","宜蘭縣蘇澳鎮永榮里隘界路17巷10號1樓","1 F., No. 10, Ln. 17, Aijie Rd., Yongrong Vil., Su’ao Township, Yilan County 270012, Taiwan (R.O.C.)","林O瑄","0910058363","","無","無"
"56354216","20170830","20210814","邦森文化事業有限公司","BENSON CULTURAL ENTERPRISE CO., LTD.","屏東縣屏東市溝美里自由路389號","No. 389, Ziyou Rd., Goumei Vil., Pingtung City, Pingtung County 90053, Taiwan (R.O.C.)","邱O信","08-7375959","08-7379225","有","有"
"56355828","20170310","20230618","瑞士商艾發科技股份有限公司台灣分公司","EVATEC AG, TAIWAN BRANCH (SWITZERLAND)","新竹縣竹北市鹿場里自強南路8號14樓之1","14F.-1, No. 8, Ziqiang S. Rd., Luchang Vil., Zhubei City,  Hsinchu County 302, Taiwan (R.O.C.)","陳O生CHEN,YUNG-SHENG","","","有","有"
"56361510","20170314","20210814","軒林貿易有限公司","XELIN TRADING CO., LTD.","彰化縣田尾鄉饒平村公所路138號1樓","1 F., No. 138, Gongsuo Rd., Tianwei Township, Changhua County 52241, Taiwan (R.O.C.)","謝O佑","04-8832272","04-8834421","有","有"
"56364116","20170905","20210814","聯合真空股份有限公司","UNITED VACUUM CORP.","新竹縣竹北市縣政二十一街59號5樓","5 F., No. 59, Xianzheng 21st St., Zhubei City, Hsinchu County 30269, Taiwan (R.O.C.)","蕭O川","03-6568526","03-6568626","有","有"
"56365537","19960912","20210531","蔡同茂實業有限公司","TSAI TUNG MAO CO., LTD.","臺中市梧棲區永安里向上路九段466巷81號","No. 81, Ln. 466, Sec. 9, Xiangshang Rd., Yong’an Vil., Wuqi Dist., Taichung City 43547, Taiwan (R.O.C.)","黃O麗","04-26220608","04-26652836","有","有"
"56366613","20180807","20210814","綋星科技有限公司","TRIS Co., Ltd.","基隆市中正區祥豐街93之2號5樓","5 F., No. 93-2, Xiangfeng St., Zhongzheng Dist., Keelung City 20243, Taiwan (R.O.C.)","吳O正","02-24633235","02-24623957","有","有"
"56369317","20171220","20230111","展實有限公司","JAN SHI CO., LTD.","屏東縣新園鄉鹽埔村新生路102號","No. 102, Xinsheng Rd., Yanpu Vil., Xinyuan Township,  Pingtung County 932014, Taiwan (R.O.C.)","鄭O仁","08-8323048","08-8353796","有","有"
"56372404","20170406","20210815","森川新材料有限公司","THINKCHEMIST NEW MATERIALS CO., LTD.","苗栗縣竹南鎮大厝里11鄰大業街88巷31號1樓","1 F., No. 31, Ln. 88, Daye St., 11th Neighborhood, Dacuo Vil., Zhunan Township, Miaoli County 35047, Taiwan (R.O.C.)","袁O洋","037480536","037480541","無","無"
"56379602","20170630","20230414","禾馳科技股份有限公司","HERZTEK INCORPORATION","新竹縣竹北市高鐵七路65號15樓之8","15 F.-8, No. 65, Gaotie 7th Rd., Zhubei City, Hsinchu County 302058, Taiwan (R.O.C.)","黃O融","02-26270383","02-27987182","有","有"
"56380410","20170323","20211210","易得車業有限公司","EASY TO CAR INDUSTRY LIMITED COMPANY","宜蘭縣冬山鄉大興村德興六路60號一樓","1 F., No. 60, Dexing 6th Rd., Dongshan Township, Yilan County 26950, Taiwan (R.O.C.)","郭O慈","0960782158","","有","有"
"56381706","20170313","20210814","凱心貿易有限公司","KAI-HSIN FAMILY TRADING CO., LTD.","新竹市東區埔頂里慈雲路137號10樓之2","10F.-2, No. 137, Ciyun Rd., Puding Vil., East Dist., Hsinchu City 30072, Taiwan (R.O.C.)","邱O凱","0911-121548","","有","有"
"56382613","20170328","20220728","亞士霸企業有限公司","YA SHI BA TRADING CO., LTD.","花蓮縣新城鄉北埔村光復路141號1樓","1 F., No. 141, Guangfu Rd., Xincheng Township, Hualien County 97145, Taiwan (R.O.C.)","謝O輝","0975950857","03-8268490","有","有"
"56383015","20170310","20230420","路加服務科技股份有限公司","LOOPLUS SERVICE TECHNOLOGY INC.","新竹市東區光復路二段101號","No. 101, Sec. 2, Guangfu Rd., East Dist., Hsinchu City 300044, Taiwan (R.O.C.)","林O嘉","03-5165776","","有","有"
"56389307","20170314","20230427","曼斐諾巧克力有限公司","MASFINO CHOCOLATE CO.","宜蘭縣宜蘭市菜園里幸福路52號","No. 52, Xingfu Rd., Caiyuan Vil., Yilan City, Yilan County 26042, Taiwan (R.O.C.)","呂O漢","0966-526-599","","有","有"
"56390607","20180803","20210813","上仕開發國際有限公司","Shangshi Development International Co., Ltd.","嘉義縣民雄鄉福興村8鄰牛稠溪1-32號1樓","1 F., No. 1-32, Niuchouxi, 8th Neighborhood, Minxiong Township, Chiayi County 62149, Taiwan (R.O.C.)","蔡O祥","05-2893006","05-2893007","有","有"
"56394701","20170323","20210814","台灣東儀材料股份有限公司","EASTWARD MATERIALS CO., LTD.","新竹縣湖口鄉鳳山村榮光路545號","No. 545, Rongguang Rd., Hukou Township, Hsinchu County 30350, Taiwan (R.O.C.)","盧O財","03-5983622","","有","有"
"56396406","20180115","20210813","鎂世紀能源股份有限公司","MAGGIE-MATs Technology Co., Ltd.","臺中市西屯區潮洋里朝富路213號22樓之10","22F.-10, No. 213, Chaofu Rd., Chaoyang Vil., Xitun Dist., Taichung City 40757, Taiwan (R.O.C.)","賴O年","0930520721","","有","有"
"56399017","20170407","20230112","愛思家有限公司","OSKAS CO., LTD.","彰化縣彰化市延和里埔西街97巷24號1樓","1 F., No. 24, Ln. 97, Puxi St., Yanhe Vil., Changhua City, Changhua County 500018, Taiwan (R.O.C.)","曹O祥","0988683521","","無","無"
"56401007","20170313","20210814","金陞發股份有限公司","AUXTECH CO., LTD.","彰化縣員林市三條里成功東路291號1樓","1 F., No. 291, Chenggong E. Rd., Santiao Vil., Yuanlin City, Changhua County 51043, Taiwan (R.O.C.)","黄O興","048375578","","有","有"
"56600028","20220705","20220705","豐潤廣有限公司","FONG RUN GUANG Ltd.","雲林縣土庫鎮民生路21-1號","No. 21-1, Minsheng Rd., Tuku Township, Yunlin County 633104, Taiwan (R.O.C.)","王O儀","05-6655568","","有","有"
"56600104","20170426","20240806","台灣聯合國際教育有限公司","TAIWAN INTERNATIONAL EDUCATION LTD.","新竹縣竹北市文興路二段513號17樓","17 F., No. 513, Sec. 2, Wenxing Rd., Zhubei City, Hsinchu County 30274, Taiwan (R.O.C.)","","0919345974","03-5796021","無","無"
"56600126","20190509","20221227","君曜塑膠有限公司","JUN HAO TOP  INDUSTRIAL CO., LTD.","彰化縣花壇鄉灣東村灣福路60巷71弄152號1樓","1F., No. 152, Aly. 71, Ln. 60, Wanfu Rd., Wandong Vil., Huatan Township,  Changhua County 503003, Taiwan (R.O.C.)","胡O華","04-7865158","04-7865277","有","有"
"56600152","20170315","20240308","爾佱國際股份有限公司","ANTERFA INTERNATIONAL CO., LTD.","高雄市苓雅區三多二路25巷29號","No. 29, Ln. 25, Sanduo 2nd Rd., Lingya Dist., Kaohsiung City 802041, Taiwan (R.O.C.)","蘇O樟","02-26961996","","有","有"
"56600293","20170418","20221006","山水禾國際貿易有限公司","SHAN SHUI HO INTERNATIONAL TRADE CO., LTD.","屏東縣潮州鎮三共里北門路42號4F","4 F., No. 42, Beimen Rd., Sangong Vil., Chaozhou Township, Pingtung County 920007, Taiwan (R.O.C.)","孟O吟","08-7882826","08-7893599","無","無"
"56600316","20170321","20210815","恆榮國際股份有限公司","HENG RONG COMPANY LIMITED","新竹市北區經國路二段５６號6樓之３","6F.-3, No. 56, Sec. 2, Jingguo Rd., North Dist., Hsinchu City 30051, Taiwan (R.O.C.)","郭O岑","03-5338686","03-5396655","有","有"
"56600435","20170316","20210816","印度商麥錫技術有限公司台灣分公司","MACHINIST TECHNOLOGIES(DIES & MOULDS) PRIVATE LIMITED TAIWAN BRANCH (INDIA)","臺中市西屯區何安里重慶路99號5樓之3","5F.-3, No. 99, Chongqing Rd., He’an Vil., Xitun Dist., Taichung City 40745, Taiwan (R.O.C.)","尤O塔KADAMYOGITAJAYENDRA","","","有","有"
"56600441","20170406","20210814","浩碼有限公司","CODE HOW LTD.","新竹縣湖口鄉信勢村龍江街43號2樓","2 F., No. 43, Longjiang St., Hukou Township, Hsinchu County 30344, Taiwan (R.O.C.)","陳O浩","0974125304","","有","有"
"56600483","20170314","20241119","台灣馬淵科技股份有限公司","TAIWAN MABUCHI TECHNOLOGY INC.","臺中市烏日區高鐵二路223號","No. 223, Gaotie 2nd Rd., Wuri Dist., Taichung City 414010, Taiwan (R.O.C.)","馬O崇","04-23360558","04-23360522","有","有"
"56600527","20180925","20250208","慶豐科技有限公司","QING FENG TECHNOLOGY LTD.","","","","03-5228555#205","03-5283000","無","無"
"56600569","20170414","20231121","幸運草企業有限公司","BBSHOP INTERNATIONAL CO., LTD.","嘉義市西區福安里四維路123號11樓之2","11F.-2, No. 123, Siwei Rd., Fu’an Vil., West Dist., Chiayi City 60095, Taiwan (R.O.C.)","","05-2366789","05-2861954","無","無"
"56600575","20200522","20221007","成翔科技有限公司","CHENG HSIANG TECHNOLOGY LIMITED","新竹市東區光明里10鄰光復路二段155巷10弄25-6號","No. 25-6, Aly. 10, Ln. 155, Sec. 2, Guangfu Rd., 10th Neighborhood, Guangming Vil., East Dist., Hsinchu City 300042, Taiwan (R.O.C.)","魏O麟","03-5753128","","有","有"
"56600603","20170329","20210813","德陽國際企業有限公司","DEYONG INT'L MACHINERY CORP.","屏東縣屏東市大湖里大湖路260-1號","No. 260-1, Dahu Rd., Dahu Vil., Pingtung City, Pingtung County 90092, Taiwan (R.O.C.)","黃O水忍","08-7519388","08-7510399","有","有"
"56600619","20240902","20240902","竣宇國際企業有限公司","JUN YU INTERNATIONAL BUSINESS CO., LTD.","新竹市香山區樹下里牛埔南路496巷17號1樓","1 F., No. 17, Ln. 496, Niupu S. Rd., Shuxia Vil., Xiangshan Dist., Hsinchu City 300075, Taiwan (R.O.C.)","江O函","03-5381030","","有","有"
"56600625","20170315","20221209","特提司股份有限公司","TETHYS CO., LTD.","新竹縣竹北市新社里環北路3段167號","No. 167, Sec. 3, Huanbei Rd., Xinshe Vil., Zhubei City, Hsinchu County 302004, Taiwan (R.O.C.)","廖O智","","","無","無"
"56600651","20170512","20230324","鈞翼先進材料股份有限公司","JUNYI NEW MATERIALS CO., LTD","新竹縣竹北市中興里復興一街251號11樓之2","11 F.-2, No. 251, Fuxing 1st St., Zhongxing Vil., Zhubei City, Hsinchu County 302052, Taiwan (R.O.C.)","林O煜","03-6582188","","有","有"
"56600688","20170512","20250223","耀良華生技股份有限公司","SKY-HIGH BIOTECH CO., LTD.","新竹縣竹北市自強南路8號12樓之1","12 F.-1, No. 8, Ziqiang S. Rd., Zhubei City, Hsinchu County 302044, Taiwan (R.O.C.)","許O豐","","","有","有"
"56600694","20170315","20210815","鑫泰昌工業有限公司","EVER INNOVATION COMPANY LIMITED","新竹市北區磐石里和平路92號1樓","1 F., No. 92, Heping Rd., Panshi Vil., North Dist., Hsinchu City 30048, Taiwan (R.O.C.)","葉O琴","0935394680","","有","有"
"56600717","20221220","20250125","保祿光電照明有限公司","Paul's Photonics and Lighting Ltd.","彰化縣北斗鎮大道里復興路566號1樓","1 F., No. 566, Fuxing Rd., Dadao Vil., Beidou Township, Changhua County 521055, Taiwan (R.O.C.)","楊O眞","04-8881218","","有","有"
"56600738","20201203","20210816","新加坡商愛邦國際有限公司台灣分公司","AIBUNG PTE. LTD. (SINGAPORE ) TAIWAN BRANCH","新北市中和區中山路2段146號地下一層","No. 146, Sec. 2, Zhongshan Rd., Zhonghe Dist., New Taipei City 23557, Taiwan (R.O.C.)","楊O興YANGJIAXING","02-23120600","","有","有"
"56600771","20240402","20240402","鉅沐工程有限公司","JU MU PROJECT CO., LTD.","嘉義市西區慶安里長安街123號1樓","1 F., No. 123, Chang’an St., Qing’an Vil., West Dist., Chiayi City 600076, Taiwan (R.O.C.)","錢O語","05-2810587","","有","有"
"56600809","20230331","20230331","茂思開發有限公司","Maosai Development CO., LTD.","新竹縣竹北市中崙里光明八街111號2樓","2 F., No. 111, Guangming 8th St., Zhonglun Vil., Zhubei City, Hsinchu County 302010, Taiwan (R.O.C.)","宋O宗","0975059910","","有","有"
"56600907","20220428","20220428","紘盛五金有限公司","H.S HARDWARE CO., LTD.","新竹縣竹北市新社里環北路五段25號1樓","1 F., No. 25, Sec. 5, Huanbei Rd., Zhubei City, Hsinchu County 30262, Taiwan (R.O.C.)","張O政","0935-166493","","有","有"
"56600929","20170320","20230630","丹寧蕬國際股份有限公司","LOTUS AROMA BOOM INTERNATIONAL CORPORATION","新竹市北區育英里四維路89巷2之1號5樓之2","5 F.-2, No. 2-1, Ln. 89, Siwei Rd., Yuying Vil., North Dist., Hsinchu City 300030, Taiwan (R.O.C.)","陳O容","0908-872687","","有","有"
"56600940","20170320","20210815","山珍云集有限公司","SHAN ZHEN YUN JI CO., LTD.","嘉義縣大林鎮明華里中正路115號1樓","1 F., No. 115, Zhongzheng Rd., Minghua Vil., Dalin Township, Chiayi County 62253, Taiwan (R.O.C.)","李O華","0981346886","05-2642201","有","有"
"56600955","20190924","20211013","鋒鎰有限公司","FONG YI TOP CO., LTD.","彰化縣埔鹽鄉大有村員鹿路三段1-15號","No. 1-15, Sec. 3, Yuanlu Rd., Puyan Township, Changhua County 51644, Taiwan (R.O.C.)","藍O仁","04-8653386","04-8651386","有","有"
"56601005","20170920","20241002","聆特科技有限公司","LINTER TECHNOLOGY CO., LTD.","新北市板橋區中正路216巷150弄9號","No. 9, Aly. 150, Ln. 216, Zhongzheng Rd., Banqiao Dist., New Taipei City 220040, Taiwan (R.O.C.)","陳O銘","03-5506570","03-5506507","有","有"
"56601125","20181026","20210814","淯翔國際有限公司","Yu Xiang online Co., Ltd.","花蓮縣花蓮市國盛里國盛四街106號6樓之8","6F.-8, No. 106, Guosheng 4th St., Guosheng Vil., Hualien City, Hualien County 97056, Taiwan (R.O.C.)","汪O良","02-22040986","","有","有"
"56601292","20170330","20210814","印相生活有限公司","FOTOQUEEN CO., LTD.","新竹縣新埔鎮四座里中正路100號1F","1 F., No. 100, Zhongzheng Rd., Sizuo Vil., Xinpu Township, Hsinchu County 30546, Taiwan (R.O.C.)","宋O宇","03-5321177","","有","有"
"56601336","20170321","20240216","香港商明美國際科技有限公司台灣分公司","TWS TECHNOLOGY LIMITED, TAIWAN BRANCH (HONG KONG)","臺北市信義區忠孝東路4段560號8樓","8 F., No. 560, Sec. 4, Zhongxiao E. Rd., Xinyi Dist., Taipei City 110054, Taiwan (R.O.C.)","梁O明LEUNG,CheongMingRaymond","02-25218316","","有","有"
"56601342","20170407","20210813","安禾國際股份有限公司","ATHENA H&A INTERNATIONAL CO., LTD","臺北市大同區塔城街39號10樓","10 F., No. 39, Tacheng St., Datong Dist., Taipei City 10343, Taiwan (R.O.C.)","李O恭","0936068739","04-7998633","有","有"
"56601363","20170317","20210813","趣放假股份有限公司","FUNLIDAY INC.","彰化縣永靖鄉永南村八德巷100號1樓","1 F., No. 100, Bade Ln., Yongjing Township, Changhua County 51247, Taiwan (R.O.C.)","黃O力","0926595105","","有","有"
"56601379","20170413","20221212","三化電子材料股份有限公司","TRI CHEMICAL ELECTRONIC MATERIALS TAIWAN INC.","新竹科學園區苗栗縣銅鑼鄉九湖村銅科三路6號","No. 6, Tongke 3rd Rd., Tongluo Township, Miaoli County 366003, Taiwan (R.O.C.)","柴O雅仁","037-986811","037-986011","有","有"
"56601531","20200910","20230729","日商貝洛塔股份有限公司台灣分公司","BELTA CO., LTD. Taiwan Branch (JP)","臺北市中山區錦州街46號12樓之3","12F.-3, NO. 46, JINZHOU ST., ZHONGSHAN DIST., TAIPEI CITY 10451, TAIWAN (R.O.C.)","顏O軒YENJINGSHIUAN","02-2568-4526","","有","有"
"56601568","20170418","20230325","意凌電子有限公司","IN GREEN TECH CO., LTD.","新北市新莊區大安路30巷2號","No. 2, Ln. 30, Da’an Rd., Xinzhuang Dist., New Taipei City 242065, Taiwan (R.O.C.)","陳O菁","02-27602983","02-27619805","有","有"
"56601639","20170407","20240321","香港商勱舶散貨船租賃有限公司台灣分公司","MB Shipbrokers Bulk Chartering Asia Limited , Taiwan Branch(HONG KONG)","臺北市信義區忠孝東路5段68號10樓","10 F., No. 68, Sec. 5, Zhongxiao E. Rd., Xinyi Dist., Taipei City 11065, Taiwan (R.O.C.)","余O群YuChaoChun","02-87897080","","有","有"
"56601672","20170330","20210814","廣鈦鑫國際貿易有限公司","KUANG TAI SHIN INTERNATIONAL TRADING CO., LTD.","彰化縣彰化市西興里景宗街66巷60弄1號1樓","1 F., No. 1, Aly. 60, Ln. 66, Jingzong St., Xixing Vil., Changhua City, Changhua County 50059, Taiwan (R.O.C.)","張O寬","04-7388077","04-23055880","有","有"
"56601716","20170321","20250320","青山彩琳生技有限公司","CHING SHAN TSAI LIN BIOTECHNOLOGY CO., LTD.","金門縣金湖鎮瓊林里小徑128號","No. 128, Xiaojing, Qionglin Vil., Jinhu Township, Kinmen County 89148, Taiwan (R.O.C.)","","0976359828","","無","無"
"56601722","20170328","20210814","墾樂開發有限公司","KENLUCK DEVELOPMENT CORPORATION","南投縣草屯鎮敦和里碧山南路76號1樓","1 F., No. 76, Bishan S. Rd., Dunhe Vil., Caotun Township, Nantou County 54263, Taiwan (R.O.C.)","黃O政","0966-499122","","有","有"
"56601770","20170630","20210814","距躍科技有限公司","SALTUS RESEARCH LLC","新竹市東區東山街77號6樓","6 F., No. 77, Dongshan St., East Dist., Hsinchu City 30068, Taiwan (R.O.C.)","王O堯","0921-469559","","有","有"
"56601820","20171103","20220930","五星級飯店用品有限公司","FIVE - STAR HOTEL SUPPLIES LTD","屏東縣恆春鎮城西里恆公路925號1樓","1 F., No. 925, Chengxi Vil., Hengchun Township, Pingtung County 946, Taiwan (R.O.C.)","廖O霧","08-8881088","","有","有"
"56601954","20170704","20230120","謙誠商務股份有限公司","QIAN CHEN PROPERTY CO., LTD.","新竹縣竹北市竹北里12鄰台元一街8號6樓之6","6 F.-6, No. 8, Taiyuan 1st St., 12th Neighborhood, Zhubei Vil., Zhubei City, Hsinchu County 302082, Taiwan (R.O.C.)","彭O光","03-5953289","","有","有"
"56601960","20180830","20210813","味鮮實業有限公司","Wei Sian Industrial Co., LTD.","嘉義市西區保安里世賢路一段612巷19號1樓","1 F., No. 19, Ln. 612, Sec. 1, Shixian Rd., Bao’an Vil., West Dist., Chiayi City 60086, Taiwan (R.O.C.)","陳O慶","05-2659611","05-2659633","有","有"
"56602047","20180521","20240111","啟鼎藥品有限公司","QI DING PHARMACEUTICAL CO., LTD.","宜蘭縣冬山鄉群英村群英路48巷29號","No. 29, Ln. 48, Qunying Rd., Dongshan Township, Yilan County 26942, Taiwan (R.O.C.)","","03-9552739","03-9557729","無","無"
"56602102","20170926","20210815","安寶科研有限公司","RODODO SCIENCE CO., LTD.","雲林縣斗六市仁愛里三民路158號4樓","4 F., No. 158, Sanmin Rd., Ren’ai Vil., Douliu City, Yunlin County 64044, Taiwan (R.O.C.)","陳O蒨","0934-050809","","有","有"
"56602145","20170322","20210816","新加坡商邁克菲有限公司台灣分公司","MCAFEE (SINGAPORE) PTE. LTD., TAIWAN BRANCH","臺北市信義區忠孝東路5段68號29樓","29 F., No. 68, Sec. 5, Zhongxiao E. Rd., Xinyi Dist., Taipei City 11065, Taiwan (R.O.C.)","鄭O志Hsieh-ChihCheng","02-87291380","","有","有"
"56602150","20180109","20210816","貝里斯商環能綠力生技有限公司台灣分公司","(Belize) Green Power Biotech Co., Ltd. (Taiwan) Branch","臺北市松山區敦化南路一段1號8樓","8 F., No. 1, Sec. 1, Dunhua S. Rd., Songshan Dist., Taipei City 10557, Taiwan (R.O.C.)","楊O傑YANG,CHIH-CHIEH","02-77288270","","有","有"
"56602166","20210408","20220606","健康盟國際創新股份有限公司","Health League International innovation Co., Ltd.","花蓮縣花蓮市民運里民權路189之2號1樓","1 F., No. 189-2, Minquan Rd., Minyun Vil., Hualien City, Hualien County 970020, Taiwan (R.O.C.)","王O利","02-22551235","","有","有"
"56602187","20181121","20250205","兆隆國際有限公司","ZHAOLUNG INTERNATIONAL Co., Ltd.","新北市板橋區三民路2段37號23樓之1","23 F.-1, No. 37, Sec. 2, Sanmin Rd., Banqiao Dist., New Taipei City 220339, Taiwan (R.O.C.)","李O","0910419098","","有","有"
"56602193","20240904","20240904","昇煇實業有限公司","Sheng Hui Industrial CO., LTD.","嘉義市東區老藤里後厝仔1之1號","No. 1-1, Houcuozai, East Dist., Chiayi City 600056, Taiwan (R.O.C.)","郭O帆","","","有","有"
"56602216","20170323","20230622","優試達科技貿易有限公司","EUSTECH INTERNATIONAL CO., LTD.","新北市中和區安和路201號3樓","3 F., No. 201, Anhe Rd., Zhonghe Dist., New Taipei City 235069, Taiwan (R.O.C.)","程O怡","03-6683965","","有","有"
"56602237","20191104","20210813","施美玉名香廠有限公司","Shimeiyu  Co.,Ltd","彰化縣員林市忠孝里員東路二段431號","No. 431, Sec. 2, Yuandong Rd., Zhongxiao Vil., Yuanlin City, Changhua County 51044, Taiwan (R.O.C.)","施O鏞","04-8313141","","有","有"
"56602308","20170330","20210816","薩摩亞商威連特股份有限公司台灣分公司","SAMOA,WE LINK TECHNOLOGY CORP. TAIWAN BRANCH","新竹縣竹北市文義街138號7樓之3","7F.-3, No. 138, Wenyi St., Zhubei City, Hsinchu County 30264, Taiwan (R.O.C.)","蔡O敏TSAI,CHUN-MIN","03-5335957","03-5330616","有","有"
"56602383","20170421","20221126","允成發工業有限公司","YCFA INDUSTRIAL CO., LTD.","彰化縣和美鎮雅溝里南軒路247巷5弄7號1樓","1 F., No. 7, Aly. 5, Ln. 247, Nanxuan Rd., Yagou Vil., Hemei Township, Changhua County 508008, Taiwan (R.O.C.)","林O穎","04-7579871","04-7579671","無","無"
"56602406","20170324","20220215","越昇陽科技股份有限公司","GOLDEN ORIOLE TECHNOLOGY CO., LTD.","新竹市北區金竹里武陵路30號十七樓之２","17F.-2, No. 30, Wuling Rd., Jinzhu Vil., North Dist., Hsinchu City 30054, Taiwan (R.O.C.)","徐O煌","09-31042288","","有","有"
"56602433","20200713","20230302","國盛科技有限公司","GUOSHENG TECHNOLOGY CO.,LTD","新竹縣竹北市博愛街798號","No. 798, Bo’ai St., Zhubei City, Hsinchu County 302045, Taiwan (R.O.C.)","吳O道","03-5334387","03-5429348","有","有"
"56602454","20170323","20241218","禾昱有限公司","HEYU FOOD CO., LTD.","高雄市岡山區嘉興路149巷9號1樓","1 F., No. 9, Ln. 149, Jiaxing Rd., Gangshan Dist., Kaohsiung City 82057, Taiwan (R.O.C.)","","049-2255637","","無","無"
"56602476","20170511","20210814","得水實業有限公司","DESHUI INDUSTRIAL CO., LTD.","南投縣竹山鎮林圯街64號1樓","1 F., No. 64, Linyi St., Zhushan Township, Nantou County 55742, Taiwan (R.O.C.)","魏O寰","04-22651656","","有","有"
"56602497","20170413","20210814","騏鵬國際有限公司","QI PENG INTERNATIONAL LIMITED","彰化縣大村鄉加錫村加錫二巷14-1號","No. 14-1, Jiaxi 2nd Ln., Dacun Township, Changhua County 51544, Taiwan (R.O.C.)","游O璋","0921663001","","有","有"
"56602525","20240308","20240308","富友數位印刷科技有限公司","For You Digital Printing Technology Company","南投縣草屯鎮新豐里稻香路76-4號1樓","1 F., No. 76-4, Daoxiang Rd., Xinfeng Vil., Caotun Township, Nantou County 542017, Taiwan (R.O.C.)","林O萱","049-2319560#110","049-2318229","有","有"
"56602546","20170324","20221102","巨翔農產生技有限公司","JU SIANG FARM BIOTECH CO., LTD.","雲林縣西螺鎮正興里福興路67號1樓","1 F., No. 67, Fuxing Rd., Zhengxing Vil., Xiluo Township, Yunlin County 648004, Taiwan (R.O.C.)","鍾O傑","05-5860883","05-5861187","無","無"
"56602551","20211123","20211123","睿奕工程有限公司","Ruei Yi Engineering Co., Ltd.","苗栗縣頭份市蟠桃里自立街31巷77號3樓","3F., NO. 77, LN. 31, ZILI ST., PANTAO VIL., TOUFEN CITY, MIAOLI COUNTY 35157, TAIWAN (R.O.C.)","張O琪","037-689956","","有","有"
"56602588","20200326","20210812","賽歐薇雅國際有限公司","Salvia CO., LTD.","屏東縣里港鄉土庫村土庫路65號","No. 65, Tuku Rd., Ligang Township, Pingtung County 90545, Taiwan (R.O.C.)","吳O瑋","0988799811","","有","有"
"56602601","20170330","20230701","智榮國際有限公司","SMART BLOOM INTERNATIONAL CO.","新竹市香山區茄苳里草漯街279號","No. 279, Caota St., Jiadong Vil., Xiangshan Dist., Hsinchu City 300110, Taiwan (R.O.C.)","","03-5374995","03-5372999","無","無"
"56602623","20171207","20220408","貫豪科技有限公司","GUAN HAO TECHNOLOGY CO., LTD.","彰化縣伸港鄉大同村大同十街246巷1號","No. 1, Ln. 246, Datong 10th St., Shengang Township, Changhua County 50953, Taiwan (R.O.C.)","柯O綺","04-7997512","04-7988371","有","有"
"56602665","20170501","20210814","名川銅業有限公司","MING CHUAN COPPER METAL CO., LTD.","新竹縣竹北市斗崙里16鄰福興路536號1樓","1 F., No. 536, Fuxing Rd., 16th Neighborhood, Doulun Vil., Zhubei City, Hsinchu County 30285, Taiwan (R.O.C.)","胡O琳","03-5513092","03-5511096","有","有"
"56602715","20170412","20210815","真食在有限公司","FOODTAO CO., LTD.","臺北市中山區復興北路48號3樓","3 F., No. 48, Fuxing N. Rd., Zhongshan Dist., Taipei City 10488, Taiwan (R.O.C.)","莊O惠","","","有","有"
"56602784","20170328","20240220","麗旺生醫股份有限公司","LION BIOTECHNOLOGY CO.","新竹市香山區香村里12鄰國中街49號","No. 49, Guozhong St., 12th Neighborhood, Xiangcun Vil., Xiangshan Dist., Hsinchu City 30093, Taiwan (R.O.C.)","何O麗","03-6589990","03-6589991","有","有"
"56602807","20170327","20220127","香港商強力新材料有限公司台灣分公司","TRONLY ENTERPRISE CO., LIMITED TAIWAN BRANCH (H.K.)","高雄市鼓山區忠正里九如四路947號2樓","2 F., No. 947, Jiuru 4th Rd., Zhongzheng Vil., Gushan Dist., Kaohsiung City 80451, Taiwan (R.O.C.)","林O芬LIN,HUEI-FEN","07-5522702","07-5523702","有","有"
"56603088","20170324","20221206","芯影科技有限公司","SEEINGTEC INC.","新竹市東區綠水里8鄰東光路42巷14號1樓","1 F., No. 14, Ln. 42, Dongguang Rd., 8th Neighborhood, Lushui Vil., East Dist., Hsinchu City 300041, Taiwan (R.O.C.)","范O美","0958297962","","無","無"
"56603123","20180529","20240418","林后可可農業生技有限公司","Cacao Bella Queen International Co., Ltd.","屏東縣潮州鎮泗林里開元路9號1樓","1 F., No. 9, Kaiyuan Rd., Silin Vil., Chaozhou Township, Pingtung County 92055, Taiwan (R.O.C.)","洪O靜","08-7886058","08-7892847","有","有"
"56603186","20170920","20210814","皇杉實業有限公司","ROYAL WOOD CO., LTD.","彰化縣鹿港鎮埔崙里永安二路150號","No. 150, Yong’an 2nd Rd., Pulun Vil., Lukang Township, Changhua County 50547, Taiwan (R.O.C.)","董O清","04-7776371","04-7765013","有","有"
"56603209","20170411","20230512","田聿實業有限公司","HTF - TIAN YU INDUSTRIALS CO., LTD.","屏東縣東港鎮光復路一段232號1樓","1 F., No. 232, Sec. 1, Guangfu Rd., Donggang Township, Pingtung County 928007, Taiwan (R.O.C.)","鄧O穎","08-8334808","08-8334818","無","無"
"56603242","20170328","20210813","酷瘋國際有限公司","COOLTOP CORPORATION","新竹縣竹北市鹿場里自強南路8號6樓之7","6F.-7, No. 8, Ziqiang S. Rd., Luchang Vil., Zhubei City, Hsinchu County 30264, Taiwan (R.O.C.)","郭O斌","03-6588791","","有","有"
"56603313","20170425","20210814","美特爾科技有限公司","METELL TECHNOLOGY CO., LTD.","臺中市南屯區大同里東興路二段186號5樓之6","5F.-6, No. 186, Sec. 2, Dongxing Rd., Datong Vil., Nantun Dist., Taichung City 40878, Taiwan (R.O.C.)","賴O裕","04-24718911","049-2320520","有","有"
"56603329","20200717","20210815","宙億科技有限公司","CHOU-YI TECHNOLOGY CO., LTD.","彰化縣和美鎮竹營里忠恕路106號1樓","1 F., No. 106, Zhongshu Rd., Zhuying Vil., Hemei Township, Changhua County 50855, Taiwan (R.O.C.)","謝O坤","04-7570571","","有","有"
"56603334","20200320","20250410","超次元生技有限公司","Super Dimension Biotechnology Co., Ltd.","苗栗縣頭份市八德一路80巷46號","No. 46, Ln. 80, Bade 1st Rd., Toufen City, Miaoli County 351010, Taiwan (R.O.C.)","黃O修","037-590006","","有","有"
"56603411","20170824","20210814","松田精密有限公司","SUNG TIAN PRECISE CO., LTD.","南投縣草屯鎮玉屏路長壽巷5號1樓","1 F., No. 5, Changshou Ln., Yuping Rd., Caotun Township, Nantou County 54249, Taiwan (R.O.C.)","施O文","04-23399036","04-23303287","有","有"
"56603475","20230109","20230109","鎧鐽通訊有限公司","YPH Mobile phone repair LIMITED COMPANY","彰化縣北斗鎮中山路一段266號","No. 266, Sec. 1, Zhongshan Rd., Beidou Township, Changhua County 521004, Taiwan (R.O.C.)","游O玄","04-8870998","","有","有"
"56603496","20170515","20240311","金和潤科技股份有限公司","Jin he ruen Co.,ltd","彰化縣芳苑鄉路平村路平路67巷25弄8號","No. 8, Aly. 25, Ln. 67, Luping Rd., Luping Vil., Fangyuan Township,  Changhua County 528001, Taiwan (R.O.C.)","林O謀","04-8986588","04-8986599","有","有"
"56603524","20170328","20240329","薩摩亞商坤申科技有限公司台灣分公司","BRIGHT CHEERS INTERNATIONAL LIMITED TAIWAN BRANCH (SAMOA)","新竹縣芎林鄉五和街226號","No. 226, Wuhe St., Qionglin Township, Hsinchu County 307005, Taiwan (R.O.C.)","郭O昇KUO,MING-SHENG","03-4727170","03-4727176","有","有"
"56603539","20220406","20220406","宏飛科技有限公司","Hungfei technology co., ltd.","苗栗縣頭份市東庄里13鄰雙十街94號","No. 94, Shuangshi St., 13th Neighborhood, Dongzhuang Vil., Toufen City, Miaoli County 35157, Taiwan (R.O.C.)","高O飛","037-663447","","有","有"
"56603550","20170412","20230111","恆崗土地開發有限公司","REN HAN CO., LTD.","雲林縣林內鄉大同路112號(2樓)","2 F., No. 112, Datong Rd., Linnei Township, Yunlin County 643002, Taiwan (R.O.C.)","張O嘉","0911027391","","有","有"
"56603637","20190606","20210813","共有平台有限公司","Gong You Platform CO., LTD.","新竹市東區育賢里文化街2-1號","No. 2-1, Wenhua St., Yuxian Vil., East Dist., Hsinchu City 30042, Taiwan (R.O.C.)","林O嘉","04-23260433","04-23280009","有","有"
"56603783","20170405","20210814","瑞昇精品有限公司","RUI SHENG QUALITY GOODS CO., LTD.","嘉義縣太保市太保里8鄰太保162號之2一樓","21 F., No. 162, Taibao, 8th Neighborhood, Taibao Vil., Taibao City, Chiayi County 61241, Taiwan (R.O.C.)","柳O賢","0903-392147","","有","有"
"56603881","20170328","20230620","宏井股份有限公司","HJ ENGINEERING CORP., LTD.","彰化縣芳苑鄉後寮村工區七路13號","No. 13, Gongqu 7th Rd., Houliau Vil., Fangyuan Township,  Changhua County 528011, Taiwan (R.O.C.)","陳O瑋","","","有","有"
"56603931","20180525","20230118","阿甘薯叔有限公司","Uncle Sweet CO., LTD","雲林縣水林鄉瓊埔村瓊埔路19-1號1樓","1 F., No. 19-1, Qiongpu Rd., Shuilin Township, Yunlin County 652002, Taiwan (R.O.C.)","蘇O琴","05-7840600","05-7840700","有","有"
"56603947","20221226","20221226","衫豪服飾開發有限公司","Shanhao Clothing Development CO., LTD.","新竹市香山區大庄里瑞光街151巷18號","No. 18, Ln. 151, Ruiguang St., Dazhuang Vil., Xiangshan Dist., Hsinchu City 300101, Taiwan (R.O.C.)","李O豪","03-5309758","","有","有"
"56604018","20191217","20210812","三鈉實業有限公司","SAN-NA INDUSTRIAL CO.,LTD","新竹市東區竹蓮里南大路332巷9號1樓","1 F., No. 9, Ln. 332, Nanda Rd., Zhulian Vil., East Dist., Hsinchu City 30061, Taiwan (R.O.C.)","黃O月蟾","03-5208596","","有","有"
"56604045","20171219","20250614","鍇瑞貿易有限公司","KAIRUI TRADING COMPANY LTD.","嘉義縣水上鄉民生村立業街3巷23號1樓","1 F., No. 23, Ln. 3, Liye St., Shuishang Township, Chiayi County 60855, Taiwan (R.O.C.)","","05-2360455","","有","有"
"56604122","20170503","20210814","德岳貿易有限公司","STEFFENS ENGINEERING CO., LTD.","屏東縣屏東市豐田里廣東路172巷31之1號1樓","1 F., No. 31-1, Ln. 172, Guangdong Rd., Fengtian Vil., Pingtung City, Pingtung County 90059, Taiwan (R.O.C.)","邱O莉","08-7515800","","有","有"
"56604191","20180427","20210814","禾程科技有限公司","HeCheng Tech Co., Ltd.","新竹縣竹北市北崙里光明二街84巷32號7樓","7 F., No. 32, Ln. 84, Guangming 2nd St., Beilun Vil., Zhubei City, Hsinchu County 30251, Taiwan (R.O.C.)","黃O洋","03-5518987","03-5558458","有","有"
"56604208","20170424","20210814","富勝國際低碳能源科技股份有限公司","FULL SUN INTERNATIONAL LOW CARBON ENERGY TECHNOLOGY CO., LTD.","雲林縣西螺鎮大園里中山東路89號","No. 89, Zhongshan E. Rd., Dayuan Vil., Xiluo Township, Yunlin County 64842, Taiwan (R.O.C.)","廖O元","05-5882837","","無","無"
"56604235","20170406","20210814","智銓貿易有限公司","JHIH CHUAN TRADING CO., LTD.","宜蘭縣五結鄉季新村新店路105-3號1樓","1 F., No. 105-3, Xindian Rd., Wujie Township, Yilan County 26841, Taiwan (R.O.C.)","張O智","03-9603837","","有","有"
"56604241","20170331","20250513","勇宏有限公司","YONG HONG FISHERY CO., LTD.","屏東縣林邊鄉仁和村中山路327號","No. 327, Zhongshan Rd., Renhe Vil., Linbian Township,  Pingtung County 927005, Taiwan (R.O.C.)","","08-8750050","","無","無"
"56604278","20190711","20210816","薩摩亞商瑰黎思國際有限公司台灣分公司","Grastyle International Co., Ltd. Taiwan Branch (Samoa)","臺北市南港區忠孝東路六段21號8樓之7","8F.-7, No. 21, Sec. 6, Zhongxiao E. Rd., Nangang Dist., Taipei City 11575, Taiwan (R.O.C.)","徐O珠HSU,SU-CHU","02-27850068","02-27880728","有","有"
"56604328","20190806","20210815","鎧圓有限公司","HUALIEN K-YUAN CO., LTD.","花蓮縣瑞穗鄉瑞良村仁愛一街12號1樓","1 F., No. 12, Ren’ai 1st St., Ruisui Township, Hualien County 97841, Taiwan (R.O.C.)","黃O玲","03-8224557","03-8225859","有","有"
"56604333","20170329","20230609","神速逆向工程有限公司","SPEEDY REVERSE ENGINEERING CO., LTD.","新竹縣竹北市十興里莊敬三路68-6號12樓","12F., No. 68-6, Zhuangjing 3rd Rd., Shixing Vil., Zhubei City,  Hsinchu County 302, Taiwan (R.O.C.)","楊O孝","03-5640757","","有","有"
"56604404","20170412","20220308","鉅迅科技股份有限公司","JET SUN TECHNOLOGY CO., LTD.","新北市土城區中山路16號6樓","6 F., No. 16, Zhongshan Rd., Tucheng Dist., New Taipei City 23680, Taiwan (R.O.C.)","林O銘","0918570338","","有","有"
"56604426","20170428","20220929","康威材料科技有限公司","CONWAY MASTER MATERIAL TECHNOLOGY CO., LTD.","苗栗縣頭份市仁愛里中山路139號3樓","3 F., No. 139, Zhongshan Rd., Ren’ai Vil., Toufen City, Miaoli County 351027, Taiwan (R.O.C.)","彭O炫","0932288935","037-696139","無","無"
"56604559","20230509","20250603","聖君顧問有限公司","Sheng-Chun CONSULTING CO., LTD.","新竹縣竹北市中興里嘉豐十路3號4樓之10","4 F.-10, No. 3, Jiafeng 10th Rd., Zhongxing Vil., Zhubei City, Hsinchu County 302052, Taiwan (R.O.C.)","簡O男","0930915471","","有","有"
"56604621","20200703","20210815","航煜有限公司","HARNG YUH CO., LTD.","屏東縣屏東市中正里31鄰莊敬街二段89巷39號","No. 39, Ln. 89, Sec. 2, Zhuangjing St., 31th Neighborhood, Zhongzheng Vil., Pingtung City, Pingtung County 90057, Taiwan (R.O.C.)","周O宇","08-7222211","","有","有"
"56604713","20170502","20210814","創璟應用整合有限公司","JING APPLICATION INTEGRATION CO., LTD.","彰化縣員林市三多里多福街32號1樓","1 F., No. 32, Sanduo Vil., Yuanlin City, Changhua County 510, Taiwan (R.O.C.)","謝O芳","04-22081559","04-22036860","有","有"
"56604798","20170407","20210815","九鼎娛樂傳媒有限公司","JIUDING ENTERTAINMENT LTD.","彰化縣田尾鄉田尾村2鄰光復路三段162巷7號1樓","1 F., No. 7, Ln. 162, Sec. 3, Guangfu Rd., 2nd Neighborhood, Tianwei Township, Changhua County 52241, Taiwan (R.O.C.)","林O澤","04-8221666","04-8230780","有","有"
"56604880","20170816","20210814","晙鈦企業有限公司","JUN-TAI EXQUISITE STRUCTURE MATERIAL ENTERPRISE CO., LTD.","彰化縣社頭鄉里仁村員集路一段175號1樓","1 F., No. 175, Sec. 1, Yuanji Rd., Shetou Township, Changhua County 51143, Taiwan (R.O.C.)","劉O群","04-8739827","","有","有"
"56604919","20170418","20210814","映派科技有限公司","IMPACT PACKAGING DESIGN & PRINT CO., LTD.","雲林縣斗六市內環路680號2樓","2 F., No. 680, Neihuan Rd., Douliu City, Yunlin County 64046, Taiwan (R.O.C.)","郭O偉","0919-970397","","有","有"
"56604930","20170407","20230111","弗頓國際科技有限公司","PHOTON INTERNATIONAL TECHNOLOGY CO., LTD.","嘉義市西區福安里泰山三街41號3樓之2","3 F.-2, No. 41, Taishan 3rd St., Fu’an Vil., West Dist., Chiayi City 600084, Taiwan (R.O.C.)","翁O","0921-081935","","有","有"
"56605023","20170523","20210816","香港商柏凱科技有限公司台灣分公司","HOMNI(HK)ELECTRONICS COMPANY LIMITED TAIWAN BRANCH","臺北市中山區中山北路二段162號3樓","3 F., No. 162, Sec. 2, Zhongshan N. Rd., Zhongshan Dist., Taipei City 10452, Taiwan (R.O.C.)","林O安LINTSO-AN","02-25981010","02-25928461","有","有"
"56605059","20170613","20210814","逵翔營造有限公司","KUI XIANG CONSTRUCTION CO., LTD.","花蓮縣玉里鎮永昌里中華路406號1樓","1 F., No. 406, Zhonghua Rd., Yongchang Vil., Yuli Township, Hualien County 98147, Taiwan (R.O.C.)","林O仲","03-8889605","03-8887776","有","有"
"56605071","20170412","20210815","泓星食品有限公司","SHINING STAR FOOD LIMITED COMPANY","新竹縣新豐鄉松柏村坪頂二街26號2樓","2 F., No. 26, Pingding 2nd St., Xinfeng Township, Hsinchu County 30444, Taiwan (R.O.C.)","李O英","03-5621098","","有","有"
"56605086","20170414","20230919","目色文化事業有限公司","BAKSIK PUBLISHING INC.","南投縣竹山鎮中崎里集山路三段1350巷20號","No. 20, Ln. 1350, Sec. 3,  Jishan Rd., Zhongqi Vil., Zhushan Township,  Nantou County 557, Taiwan (R.O.C.)","孫O月","02-23832016#10","02-23832018","有","有"
"56605092","20170331","20230728","香港商多瑪凱拔有限公司台灣分公司","DORMAKABA HONG KONG LIMITED, TAIWAN BRANCH","臺北市信義區松隆路102號4樓","4 F., No. 102, Songlong Rd., Xinyi Dist., Taipei City 110059, Taiwan (R.O.C.)","SOEPHENALFREDBEWICK","02-27096611","02-27099911","有","有"
"56605115","20170503","20240829","駦景國際有限公司","HUJII PRODUCT INTERNATIONAL CO., LTD.","高雄市鳳山區中山東路380巷48弄14號1樓","1 F., No. 14, Aly. 48, Ln. 380, Zhongshan E. Rd., Fengshan Dist., Kaohsiung City 830074, Taiwan (R.O.C.)","郭O亨","08-7519526","08-7529185","有","有"
"56605121","20170330","20220707","賀比亞洲有限公司","HEBIE ASIA LTD.","臺中市梧棲區港埠路一段607號1樓","1F, No. 607, Sec. 1, Gangbu Road Wuchi 435054, Taichung, Taiwan","林O益","04-26307999","04-26308800","有","有"
"56605179","20190628","20240711","天慕國際股份有限公司","Sky Mall International Company Limited","連江縣北竿鄉坂里村47號1樓","1 F., No. 47, Beigan Township, Lienchiang County 210, Taiwan (R.O.C.)","","02-77260089","02-77265008","無","無"
"56605184","20170405","20210816","香港商雋思產品發展有限公司台灣分公司","HONG KONG Q P PRINTING LIMITED TAIWAN BRANCH","臺北市中山區松江路122號11樓","11 F., No. 122, Songjiang Rd., Zhongshan Dist., Taipei City 10457, Taiwan (R.O.C.)","陳O道ChanWangTaoThomas","02-25210710","","有","有"
"56605213","20170411","20240402","香港商好媳婦生醫有限公司台灣分公司","MORIBIO COSMETIC COMPANY LIMITED TAIWAN BRANCH (HONG KONG)","彰化縣彰化市民生路279號6樓","6 F., No. 279, Minsheng Rd., Changhua City, Changhua County 500005, Taiwan (R.O.C.)","周O慧CHOU,I-HUI","04-7618639","","有","有"
"56605229","20230323","20230323","澴舟智匯科技有限公司","AQUARK TECHNOLOGY LTD.","新北市新莊區新北大道3段3號8樓","8 F., No. 3, Sec. 3, New Taipei Blvd., Xinzhuang Dist., New Taipei City 242032, Taiwan (R.O.C.)","李O儒","02-85229239","","有","有"
"56605234","20200723","20230615","双建光電股份有限公司","Shuangjian Photoelectric Limited","臺北市信義區忠孝東路5段508號11樓之3","11 F.-3, No. 508, Sec. 5, Zhongxiao E. Rd., Xinyi Dist., Taipei City 110057, Taiwan (R.O.C.)","POuanLingFong","","","有","有"
"56605240","20170331","20210814","權明國際有限公司","A&G POWER CO., LTD.","新竹縣湖口鄉湖鏡村八德路二段78巷25號1樓","1 F., No. 25, Ln. 78, Sec. 2, Bade Rd., Hukou Township, Hsinchu County 30372, Taiwan (R.O.C.)","余O格","03-5692618","03-5692619","有","有"
"56605255","20170418","20221223","笙銓應用科技股份有限公司","RAISE MATERIAL TECHNOLOGY CO., LTD.","新竹縣竹東鎮中興路二段221巷2弄12號","No. 12, Aly. 2, Ln. 221, Sec. 2, Zhongxing Rd., Zhudong Township, Hsinchu County 310016, Taiwan (R.O.C.)","張O豪","03-5883612","03-5897108","有","有"
"56605277","20170411","20210814","智造迷科技藝術有限公司","MARCADOR DIGITAL ARTS LTD.","彰化縣北斗鎮文昌里中興街279巷1號1樓","1 F., No. 1, Ln. 279, Zhongxing St., Wenchang Vil., Beidou Township, Changhua County 52147, Taiwan (R.O.C.)","卓O潁","04-8877489","","有","有"
"56605282","20170412","20210816","香港商準時達國際有限公司台灣分公司","JUSDA INTERNATIONAL LIMITED, TAIWAN BRANCH (HK)","桃園市中壢區青峰路1段65號6樓","6 F., No. 65, Zhongli Dist., Taoyuan City 320, Taiwan (R.O.C.)","邱O謙Chiu,Shang-Chien","03-2550909","","無","無"
"56605327","20170331","20230203","新加坡商安健醫療器材國際有限公司台灣分公司","ANGEION MEDICAL INTERNATIONAL PTE. LTD. TAIWAN BRANCH (SINGAPORE)","新北市新莊區新北大道3段7號9樓之1","9 F.-1, No. 7, Sec. 3, New Taipei Blvd., Xinzhuang Dist., New Taipei City 242032, Taiwan (R.O.C.)","刁O洪TIAOCHIEN-HUNG","02-86261747","","有","有"
"56605348","20170406","20210814","海騰貿易有限公司","HITERM TRADING CO., LTD.","嘉義市東區文雅里文雅街140巷5號","No. 5, Ln. 140, Wenya St., Wenya Vil., East Dist., Chiayi City 60076, Taiwan (R.O.C.)","黃O媛","0932862345","","有","有"
"56605375","20170410","20210815","高銘國際企業有限公司","KAOMING MATERIALS INTERNATIONAL CO., LTD.","臺北市信義區信義路4段415號14樓之1","14F.-1, No. 415, Sec. 4, Xinyi Rd., Xinyi Dist., Taipei City 11051, Taiwan (R.O.C.)","高O吉","02-27202898","02-27202897","有","有"
"56605403","20170412","20230508","禾豐裕有限公司","HFY LTD.","臺中市大肚區沙田路一段854巷114之3號1樓","1 F., No. 114-3, Ln. 854, Sec. 1, Shatian Rd., Dadu Dist., Taichung City 432403, Taiwan (R.O.C.)","陳O達","886-4-26999213","","有","有"
"56605419","20170406","20230111","祥桂有限公司","XIANG GUI CO., LTD.","雲林縣西螺鎮漢光里金利街30號1樓","1 F., No. 30, Jinli St., Hanguang Vil., Xiluo Township, Yunlin County 648003, Taiwan (R.O.C.)","林O燕","0928017633","","有","有"
"56605712","20170407","20210816","新加坡商樺潔國際控股有限公司台灣分公司","CHARLES &  KEITH INTERNATIONAL HOLDINGS SINGAPORE PTE. LTD. TAIWAN BRANCH","臺北市信義區松仁路89號5樓之6","5F.-6, No. 89, Songren Rd., Xinyi Dist., Taipei City 11073, Taiwan (R.O.C.)","馮O彬FONGSHEEBENG","02-89783920","","有","有"
"56605810","20180719","20250305","久駿食品有限公司","JEOU JIUNN FOODS. CO., LTD.","屏東縣萬丹鄉崙頂村惠崙路831巷67號1樓","1 F., No. 67, Ln. 831, Huilun Rd., Wandan Township, Pingtung County 91344, Taiwan (R.O.C.)","蔡O良","08-7076621","08-7076856","有","有"
"56605831","20170531","20210815","蒸饗宴有限公司","STEAM FRESH LIMITED","新竹縣竹北市勝利十一路268號","No. 268, Shengli 11th Rd., Zhubei City, Hsinchu County 30286, Taiwan (R.O.C.)","胡O仁","03-5562121","03-5560073","有","有"
"56605945","20170413","20210814","普印達企業有限公司","Printect Co., Ltd","新北市中和區橋安街3號7樓","7 F., No. 3, Qiao’an St., Zhonghe Dist., New Taipei City 23557, Taiwan (R.O.C.)","李O宏","02-22402278","02-22400400","有","有"
"56606022","20201119","20210815","錦軒能源有限公司","JinXuan energy Ltd.","屏東縣高樹鄉新南村興農路30號","No. 30, Xingnong Rd., Xinnan Vil., Gaoshu Township, Pingtung County 90643, Taiwan (R.O.C.)","尤O智","0953768323","03-3788720","有","有"
"56606108","20170412","20230225","迪麥克斯股份有限公司","DMAX INFORMATION CO., LTD.","新竹縣竹北市東平里嘉豐南路二段196號","No. 196, Sec. 2, Jiafeng S. Rd., Dongping Vil., Zhubei City, Hsinchu County 302054, Taiwan (R.O.C.)","范O暐","0933-019171","","有","有"
"56606120","20170410","20231007","英屬開曼群島商特捷物流股份有限公司台灣分公司","ALLY LOGISTIC SERVICE LIMITED TAIWAN BRANCH (CAYMAN ISLANDS)","新北市瑞芳區楓子瀨路1巷10號1樓","1 F., No. 10, Ln. 1, Fengzilai Rd., Ruifang Dist., New Taipei City 224009, Taiwan (R.O.C.)","葉O元YEH,CHING-YUAN","02-24062508","02-24062509","有","有"
"56606135","20221014","20221014","山馨有限公司","SHANXIN CO., LTD.","花蓮縣花蓮市國風里和平路645號1樓","1 F., No. 645, Heping Rd., Guofeng Vil., Hualien City, Hualien County 970011, Taiwan (R.O.C.)","陳O佑","038333500","","無","無"
"56606281","20170816","20250219","鴻業自動化機械有限公司","HUNG YEH AUTOMATIC MACHINERY COMPANY LIMITED","新竹市東區前溪里中華路一段202號一樓","1 F., No. 202, Sec. 1, Zhonghua Rd., Qianxi Vil., East Dist., Hsinchu City 30060, Taiwan (R.O.C.)","","03-5355155","03-5355255","無","無"
"56606310","20180502","20220721","英屬維京群島商安裕諾有限公司台灣分公司","Affluent Co., Ltd. TAIWAN BRANCH (BVI)","臺南市東區崇學路165號7樓","7 F., No. 165, Chongxue Rd., East Dist., Tainan City 701016, Taiwan (R.O.C.)","楊OOYANG,LIN-LIN","06-2081600","","無","無"
"56606347","20170411","20241024","客利客數位科技股份有限公司","CLICK DIGITAL TECHNOLOGY CO., LTD.","臺北市松山區延壽街380之1號地下","No. 380-1, Yanshou St., Songshan Dist., Taipei City 105028, Taiwan (R.O.C.)","李O華","03-5714225","","有","有"
"56606515","20170407","20230706","英屬安圭拉商尚春科技股份有限公司台灣分公司","AGSPRING CORPORATION TAIWAN BRANCH(ANGUILLA)","臺北市中山區民族東路2號4樓之2","4 F.-2, No. 2, Minzu E. Rd., Zhongshan Dist., Taipei City 104039, Taiwan (R.O.C.)","曹O尚TSAO,CHENG-SHANG","02-25981121","","有","有"
"56606579","20170410","20210816","英屬開曼群島商協駿股份有限公司台灣分公司","JUMBO HOME DECO. CORPORATION TAIWAN BRANCH (CAYMAN)","臺中市西屯區市政路386號21樓之7","21F.-7, No. 386, Shizheng Rd., Xitun Dist., Taichung City 40757, Taiwan (R.O.C.)","陳O福CHEN,CHIN-FU","","","有","有"
"56606584","20170603","20220427","中華鐵工廠有限公司","CHUNG HWA MACHINE & ENGINE CO., LTD.","基隆市七堵區大德路8號","No. 8, Dade Rd., Qidu Dist., Keelung City 20650, Taiwan (R.O.C.)","林O台","02-24228674","","有","有"
"56606661","20180622","20210815","國倫科技有限公司","Guo Lun Tech Co., Ltd.","新竹縣竹北市東平里六家一路一段131號二樓","2 F., No. 131, Sec. 1, Liujia 1st Rd., Dongping Vil., Zhubei City, Hsinchu County 30272, Taiwan (R.O.C.)","陳O展","03-667-5161","03-667-5162","有","有"
"56606682","20200811","20220827","行健米有限公司","Xingjian rice co., ltd.","宜蘭縣三星鄉行健村廣富路26號一樓","1 F., No. 26, Guangfu Rd., Sanxing Township, Yilan County 26648, Taiwan (R.O.C.)","林O忠","03-9892125","","有","有"
"56606732","20170522","20221216","聖達材料股份有限公司","STANDARD MATERIALS CO., LTD.","苗栗縣苗栗市福安里中華路519巷2號3樓","3 F., No. 2, Ln. 519, Zhonghua Rd., Fu’an Vil., Miaoli City, Miaoli County 360013, Taiwan (R.O.C.)","蘇O瑛","037-260713","037-271543","有","有"
"56606830","20170411","20210815","技億股份有限公司","JIYI DENT CO., LTD.","彰化縣彰化市建國北路101巷27號","No. 27, Ln. 101, Jianguo N. Rd., Changhua City, Changhua County 50069, Taiwan (R.O.C.)","洪O瑋","04-7610571","","有","有"
"56606846","20170414","20210814","伯錏有限公司","PRO YEAH CO., LTD.","屏東縣新園鄉中洲村13鄰南興路188號1樓","1 F., No. 188, Nanxing Rd., 13th Neighborhood, Xinyuan Township, Pingtung County 93241, Taiwan (R.O.C.)","朱O欣","07-3959751","07-3959756","有","有"
"56606873","20170411","20210814","海朋貿易有限公司","HIKMA TRADING LIMITED","嘉義縣朴子市開元路144號","No. 144, Kaiyuan Rd., Puzi City, Chiayi County 61345, Taiwan (R.O.C.)","林O揚","0935017536","","有","有"
"56606888","20170523","20221129","愛莉兒有限公司","ARIEL BABY CO., LTD.","南投縣南投市平山里竹林路一街21巷3號一樓","1 F., No. 3, Ln. 21, 1st St., Zhulin Rd., Pingshan Vil., Nantou City, Nantou County 54064, Taiwan (R.O.C.)","簡O範","049-2250628","","有","有"
"56606894","20170411","20250318","日商三社電機製作所股份有限公司台北分公司","SANSHA ELECTRIC MANUFACTURING CO., LTD. TAIPEI BRANCH (JAPAN)","臺北市中山區民安里中山北路二段46號8樓之3","8F.-3, No. 46, Sec. 2, Zhongshan N. Rd., Min’an Vil., Zhongshan Dist., Taipei City 10448, Taiwan (R.O.C.)","富O貴英TOMITATAKAHIDE","02-25435689","2-25367876","有","有"
"56606938","20170518","20230624","禾展農業科技有限公司","HOPE TREND AGRICULTURE TECHNOLOGY CO., LTD.","花蓮縣吉安鄉南華村南華二街66號1樓","1F., No. 66, Nanhua 2nd St., Nanhua Vil., Ji’an Township,  Hualien County 973061, Taiwan (R.O.C.)","謝O貴","07-3313999","07-3315699","無","無"
"56607021","20170503","20241109","英屬開曼群島商庫幣科技有限公司台灣分公司","COOLBITX LTD. TAIWAN BRANCH (CAYMAN)","臺北市中山區南京東路二段101號9樓","9 F., No. 101, Sec. 2, Nanjing E. Rd., Zhongshan Dist., Taipei City 104089, Taiwan (R.O.C.)","歐O邁OU,SHIH-MAI","02-2508-2002","","有","有"
"56607177","20170503","20221224","綠能勁企業有限公司","GREEN JAKE ENTERPRISE CO., LTD","基隆市暖暖區源遠路292巷10-1號2樓","2 F., No. 10-1, Ln. 292, Yuanyuan Rd., Nuannuan Dist., Keelung City 205005, Taiwan (R.O.C.)","蔡O忠","0933058632","","無","無"
"56607227","20190103","20250111","樂群興業有限公司","Le-Que Industrial Co., Ltd.","臺東縣卑南鄉溫泉村溫泉路375號","No. 375, Wenquan Rd., Wenquan Vil., Beinan Township,  Taitung County 954104, Taiwan (R.O.C.)","","08-9514389","08-9514389","無","無"
"56607438","20170601","20210814","六象立體智慧有限公司","SIX ELEPHANT SOLID SMART LTD.","臺中市烏日區三和里三榮路二段27號2樓","2 F., No. 27, Sec. 2, Sanrong Rd., Sanhe Vil., Wuri Dist., Taichung City 41454, Taiwan (R.O.C.)","巫O馗","0923-345317","04-7626700","無","無"
"56607535","20170413","20210814","輝普國際有限公司","GOLD DRAGON LIMITED","彰化縣花壇鄉長沙村中正東街81巷30號4樓","4 F., No. 30, Ln. 81, Zhongzheng E. St., Huatan Township, Changhua County 50348, Taiwan (R.O.C.)","施O繼","04-7868322","04-7868778","有","有"
"56607562","20170810","20210813","澎博海洋科技有限公司","PENG PAUL MARINE TECHNOLOGY CO., LTD.","澎湖縣白沙鄉岐頭村岐頭58號","No. 58, Qitou, Baisha Township, Penghu County 88442, Taiwan (R.O.C.)","林O慧","06-9933006#216","06-9933008","有","有"
"56607578","20170424","20210815","卓蕾企業有限公司","TOP LACE ENTERPRISE CO., LTD.","基隆市信義區信一路133-1號7樓","7 F., No. 133-1, Xin 1st Rd., Xinyi Dist., Keelung City 20145, Taiwan (R.O.C.)","李O苓","02-24236038","02-24211173","無","無"
"56607654","20250311","20250311","和盈全實業有限公司","HE YINGQUAN CO., LTD.","新竹縣竹東鎮大同路61號1樓","1 F., No. 61, Datong Rd., Zhudong Township, Hsinchu County 310004, Taiwan (R.O.C.)","黃O鉉","0933796046","03-5121288","有","有"
"56607676","20170421","20210812","夏昀科技有限公司","SHAWIN TECHNOLOGY CO., LTD.","新竹縣竹東鎮中興路四段1030巷46弄24號1樓","1 F., No. 24, Aly. 46, Ln. 1030, Sec. 4, Zhongxing Rd., Zhudong Township, Hsinchu County 31061, Taiwan (R.O.C.)","賴O峯","0922110189","","有","有"
"56607747","20181219","20210814","久雋股份有限公司","JiuJuan Co., Ltd.","苗栗縣苗栗市恭敬里14鄰中正路1192號","No. 1192, Zhongzheng Rd., 14th Neighborhood, Gongjing Vil., Miaoli City, Miaoli County 36052, Taiwan (R.O.C.)","楊O書","037-332058","037-376459","有","有"
"56607893","20230612","20231101","展順煜科技有限公司","CHAN SHUN YU Technology LTD.","新竹市北區士林里士林北路15號1樓","1 F., No. 15, Shilin N. Rd., Shilin Vil., North Dist., Hsinchu City 300013, Taiwan (R.O.C.)","何O明","0965-066835","","有","有"
"56607900","20170414","20221213","萌貝貝有限公司","MON BE'BE' CO., LTD.","嘉義市東區林森東路470巷30號一樓","1 F., No. 30, Ln. 470, Linsen E. Rd., East Dist., Chiayi City 600046, Taiwan (R.O.C.)","黃O喬","05-2780002","","有","有"
"56607958","20170428","20240508","多繹實業股份有限公司","DOY ENTERPRISE CO., LTD.","苗栗縣公館鄉五谷村1鄰21之2號","No. 21-2, Wugu, 1st Neighborhood, Gongguan Township, Miaoli County 36342, Taiwan (R.O.C.)","陳O緯","04-7523388","","有","有"
"56607970","20170420","20221122","統竤科技有限公司","TONG HONG TECHNOLOGY CO., LTD.","新竹市東區新莊里關東路222巷13號","No. 13, Ln. 222, Guandong Rd., Xinzhuang Vil., East Dist., Hsinchu City 300051, Taiwan (R.O.C.)","詹O昌","03-5678165","03-5678169","有","有"
"56608008","20170418","20210814","天慧有限公司","TIANHUI BIOTECH CO., LTD.","苗栗縣頭份市田寮里3鄰北田街117號","No. 117, Beitian St., 3rd Neighborhood, Tianliao Vil., Toufen City, Miaoli County 35155, Taiwan (R.O.C.)","范O鈞","037-623289","","無","無"
"56608014","20200715","20240624","億昕有限公司","YI SIN BIOTECH CO., LTD.","新竹縣竹北市泰和里中華路1001號2樓","2 F., No. 1001, Zhonghua Rd., Taihe Vil., Zhubei City, Hsinchu County 30267, Taiwan (R.O.C.)","","03-5531387","03-5531352","無","無"
"56608020","20170417","20221029","台灣可築夢有限公司","CALL DREAM COMPANY LIMITED","彰化縣彰化市古夷里泰和路三段26巷50號2樓","2 F., No. 50, Ln. 26, Sec. 3, Taihe Rd., Guyi Vil., Changhua City, Changhua County 500049, Taiwan (R.O.C.)","黄O勇","04-7586769","04-7586717","有","有"
"56608128","20170417","20210814","台灣苗煙國際有限公司","TAIWAN MLT INTERNATIONAL LIMITED","苗栗縣後龍鎮埔頂里厝勝路205-26號9樓","9 F., No. 205-26, Cuosheng Rd., Puding Vil., Houlong Township, Miaoli County 35651, Taiwan (R.O.C.)","袁O洪","037-729998","037-729997","有","有"
"56608133","20170414","20250410","美商捷威三井租賃事業股份有限公司台北分公司","JA MITSUI LEASING CAPITAL CORPORATION, TAIPEI BRANCH (U.S.A)","臺北市大安區敦化南路二段97號20樓","20 F., No. 97, Sec. 2, Dunhua S. Rd., Da'an Dist., Taipei City 106420, Taiwan (R.O.C.)","長O佳顕NAGAOKAYOSHITERU","02-27545978","","有","有"
"56608149","20170901","20210816","新加坡商必布奇股份有限公司台灣分公司","BIBLIOTHECA SINGAPORE PTE LTD. TAIWAN BRANCH","臺北市信義區信義路五段7號37樓","37 F., No. 7, Sec. 5, Xinyi Rd., Xinyi Dist., Taipei City 11049, Taiwan (R.O.C.)","黃O舜Huang,Chen-Shun","02-8919-1280","","有","有"
"56608176","20170420","20230322","晨詳貿易有限公司","KURATA ENTERPRISE CO., LTD.","彰化縣鹿港鎮永安里自強街50巷20號","No. 20, Ln. 50, Ziqiang St., Yong’an Vil., Lukang Township, Changhua County 505002, Taiwan (R.O.C.)","施O翔","04-7771287","04-7751111","有","有"
"56608197","20190909","20210814","慶寶科技有限公司","Ching Boo Technology Co.,ltd.","新竹縣湖口鄉中興村安宅五街119號1樓","1 F., No. 119, Anzhai 5th St., Hukou Township, Hsinchu County 30373, Taiwan (R.O.C.)","李O容","03-5979309","03-6960126","有","有"
"56608252","20170508","20210815","青知有限公司","GREENPOT CORPORATION","臺中市西屯區大福里長安路二段154號1樓","1 F., No. 154, Sec. 2, Chang’an Rd., Dafu Vil., Xitun Dist., Taichung City 40752, Taiwan (R.O.C.)","趙O強","0926-299267","","有","有"
"56608289","20181204","20210814","精旺實業有限公司","Accurate International Co., Ltd","臺北市中山區南京東路2段137號14樓","14 F., No. 137, Sec. 2, Nanjing E. Rd., Zhongshan Dist., Taipei City 10485, Taiwan (R.O.C.)","溫O如","0922953565","02-77458099","有","有"
"56608345","20180813","20210814","山漾食品有限公司","SHAN YANG FOODS CO., LTD.","嘉義市西區湖內里南京路15巷1號五樓","5 F., No. 1, Ln. 15, Nanjing Rd., Hunei Vil., West Dist., Chiayi City 60053, Taiwan (R.O.C.)","王O超","0978030598","","有","有"
"56608372","20210805","20210814","鴻柏食品有限公司","HUNG-BO FOOD CO., LTD.","屏東縣內埔鄉豐田村建富路16號","No. 16, Jianfu Rd., Neipu Township, Pingtung County 91252, Taiwan (R.O.C.)","李O振","087780608","","有","有"
"56608400","20221003","20241221","六方倪財務管理顧問有限公司","Liu Fang Ni Limited.","新北市新店區民權路108號地下一層","No. 108, Minquan Rd., Xindian Dist., New Taipei City 231023, Taiwan (R.O.C.)","張O云","0928717785","","有","有"
"56608464","20171123","20210815","杉邑實業股份有限公司","Shiney Industrial Corporation Limited","嘉義縣民雄鄉北斗村中正路33號","No. 33, Zhongzheng Rd., Minxiong Township, Chiayi County 62146, Taiwan (R.O.C.)","葉O卿","05-2217727","05-2217721","有","有"
"56608470","20170427","20210814","葉記窯有限公司","YEH CHI YAO LIMITED LIABILITY COMPANY","嘉義縣六腳鄉蘇厝村蘇厝寮161-13號1樓","1 F., No. 161-13, Sucuoliao, Liujiao Township, Chiayi County 61549, Taiwan (R.O.C.)","葉O肇","0928930114","05-7835116","有","有"
"56608513","20170508","20221022","全台科技股份有限公司","ATTC TAIWAN TECHNOLOGY CORPORATION","嘉義市西區後驛里友忠路546巷11號1樓","1 F., No. 11, Ln. 546, Youzhong Rd., Houyi Vil., West Dist., Chiayi City 600071, Taiwan (R.O.C.)","顏O嘉","05-2322972","","有","有"
"56608529","20170428","20210814","東佶貿易有限公司","ACECO TRADING CO., LTD","嘉義縣太保市北新里中山路一段228巷19弄13號2樓","2 F., No. 13, Aly. 19, Ln. 228, Sec. 1, Zhongshan Rd., Beixin Vil., Taibao City, Chiayi County 61251, Taiwan (R.O.C.)","蘇O半","05-2375862","05-2375681","有","有"
"56608534","20220804","20221013","千几馬照明有限公司","QIANJIMA LIGHTING CO., LTD.","新竹市北區海濱里尚濱路70號2樓之1","2 F.-1, No. 70, Shangbin Rd., Haibin Vil., North Dist., Hsinchu City 300055, Taiwan (R.O.C.)","劉O梅","03-5360515","","有","無"
"56608540","20170414","20221026","台灣索光精密有限公司","LITHO LIGHT LIMITED","新竹縣竹北市隘口五街68巷5號","No. 5, Ln. 68, Aikou 5th St., Zhubei City, Hsinchu County 302053, Taiwan (R.O.C.)","許O案","03-550-3271","","無","無"
"56608561","20170425","20210816","日商綠星有限公司台灣分公司","MEGA GREEN STAR LIMITED TAIWAN BRANCH (JAPAN)","彰化縣和美鎮和東里道周路23巷27弄2號","No. 2, Aly. 27, Ln. 23, Daozhou Rd., Hedong Vil., Hemei Township, Changhua County 50845, Taiwan (R.O.C.)","西O真二NishidaShinji","0955-679244","","有","有"
"56608582","20170414","20240321","雪梨職能培訓有限公司","SYDNEY TECHNICAL AND FURTHER EDUCATION (TAFE) TRAINING AND CONSULTANCY CO., LTD.","基隆市安樂區武隆街162號","No. 162, Wulong St., Anle Dist., Keelung City 204010, Taiwan (R.O.C.)","","0914028189","","無","無"
"56608730","20201028","20210815","春上股份有限公司","Chun-Sun Cake CO., LTD.","新竹縣竹北市東平里7鄰文興路一段338號1樓","1 F., No. 338, Sec. 1, Wenxing Rd., 7th Neighborhood, Dongping Vil., Zhubei City, Hsinchu County 30272, Taiwan (R.O.C.)","王O輝","03-5507750","","有","有"
"56608746","20170420","20210812","元鉅機械有限公司","Yuan Chu Machinery Co., Ltd.","高雄市路竹區自由街133巷1弄21號1樓","1 F., No. 21, Aly. 1, Ln. 133, Ziyou St., Luzhu Dist., Kaohsiung City 82152, Taiwan (R.O.C.)","林O聖","0912705960","","有","有"
"56608788","20170419","20230706","力辰興業有限公司","LIH-CHERN INDUSTRIAL CO., LTD.","新竹縣新埔鎮上寮里義民路二段380巷17弄42號1樓","1 F., No. 42, Aly. 17, Ln. 380, Sec. 2, Yimin Rd., Shangliao Vil., Xinpu Township, Hsinchu County 305042, Taiwan (R.O.C.)","唐O蓁","03-5520055","","有","有"
"56608794","20170419","20250223","生聖股份有限公司","SHENG SHENG METAL COMPANY LIMITED","彰化縣和美鎮鎮平里輝南路臨121-3號1樓","1 F., No. 121-3, Huinan Rd., Zhenping Vil., Hemei Township, Changhua County 508022, Taiwan (R.O.C.)","粘O明","04-7772748","04-7774166","有","有"
"56608936","20170425","20210814","詩緣有限公司","SHI YUAN BEDDING COMPANY LIMITED","基隆市暖暖區暖暖里金山街9號","No. 9, Jinshan St., Nuannuan Vil., Nuannuan Dist., Keelung City 20546, Taiwan (R.O.C.)","林O芬","02-24692609","","有","有"
"56608957","20250617","20250617","納億傳播製作有限公司","Nayi Communication Production CO., LTD.","桃園市中壢區民權路五段76巷23號八樓","8 F., No. 23, Ln. 76, Sec. 5, Minquan Rd., Zhongli Dist., Taoyuan City 320065, Taiwan (R.O.C.)","陳O權","","","有","有"
"56609007","20170704","20230511","旭仁能源股份有限公司","SUNRISE PV THREE CO.","宜蘭縣五結鄉利工一路二段1號2樓","2 F., No. 1, Sec. 2, Ligong 1st Rd., Wujie Township, Yilan County 268015, Taiwan (R.O.C.)","徐O蘭","","","有","有"
"56609034","20170704","20230517","旭愛能源股份有限公司","SUNRISE PV FOUR CO.","宜蘭縣五結鄉利工一路二段1號2樓","2 F., No. 1, Sec. 2, Ligong 1st Rd., Wujie Township, Yilan County 268015, Taiwan (R.O.C.)","徐O蘭","","","有","有"
"56609055","20170922","20210814","小木土食品有限公司","LOW-KEY FOOD CO., LTD.","屏東縣恆春鎮恒公路20號","No. 20, Hengchun Township, Pingtung County 946, Taiwan (R.O.C.)","杜O慧","08-8899608","08-8883204","有","有"
"56609175","20170824","20210816","香港商尚域投資有限公司台灣分公司","TOP ENTERPRISE INVESTMENTS LIMITED TAIWAN BRANCH(HONG KONG)","臺北市內湖區洲子街55號5樓","5 F., No. 55, Zhouzi St., Neihu Dist., Taipei City 11493, Taiwan (R.O.C.)","趙OZHAOWEI","02-26577732","02-26577713","有","有"
"56609267","20170509","20210816","香港商臻印映有限公司台灣分公司","GENUINE (H.K.) LIMITED TAIWAN BRANCH","南投縣南投市三和里公園南街21號1樓","1 F., No. 21, Gongyuan S. St., Sanhe Vil., Nantou City, Nantou County 54048, Taiwan (R.O.C.)","石O宇SHIHSHENGYU","04-24521533","","無","無"
"56609409","20231212","20231212","名翔自動化有限公司","MH AUTOMATION CO.,LTD.","彰化縣埔心鄉舊舘村武興路21號1樓","1 F., No. 21, Wuxing Rd., Puxin Township, Changhua County 513008, Taiwan (R.O.C.)","許O翔","04-8298776","04-8298771","有","有"
"56609421","20170418","20210814","禾穩興業有限公司","REFLECA ENTERPRISE CO., LTD","彰化縣員林市民生里民生路51巷9號3樓","3 F., No. 9, Ln. 51, Minsheng Rd., Minsheng Vil., Yuanlin City, Changhua County 51054, Taiwan (R.O.C.)","張O瑄","048-8343182","","有","有"
"56609549","20220525","20230329","奇町企業有限公司","JL Co., Ltd.","彰化縣大村鄉貢旗村大溪路16-56號1樓","1F., No. 16-56, Daxi Rd., Gongqi Vil., Dacun Township,  Changhua County 515003, Taiwan (R.O.C.)","黃O榮","04-8527560","","有","有"
"56609581","20170424","20230728","承曜貿易有限公司","BILLION BEES TRADING CO., LTD.","雲林縣崙背鄉羅厝村14鄰東興30之3號1樓","1F., No. 30-3, Dongxing, 14th Neighborhood, Luocuo Vil., Lunbei Township,  Yunlin County 637102, Taiwan (R.O.C.)","李O璋","0937596206","","有","有"
"56609668","20170419","20231109","儲盈科技股份有限公司","TAIWAN TRUEWIN TECHNOLOGY CO., LTD","新竹市東區公道五路2段176號9樓","9 F., No. 176, Sec. 2, Gongdao 5th Rd., East Dist., Hsinchu City 300046, Taiwan (R.O.C.)","李O飛","03-5160117","03-5160127","有","有"
"56609674","20170425","20220930","秝康實業股份有限公司","LILI KANG ENTERPRISE CO., LTD.","雲林縣西螺鎮福田里茄塘5之12號1樓","1 F., No. 5-12, Jiatang, Futian Vil., Xiluo Township, Yunlin County 648005, Taiwan (R.O.C.)","林O昭","05-5881973","","無","無"
"56609702","20170421","20221110","牧真鮮乳股份有限公司","MU ZHEN MILK INDUSTRIAL CO., LTD.","屏東縣萬丹鄉萬全村成功街二段237號1樓","1F., No. 237, Sec. 2,  Chenggong St., Wanquan Vil., Wandan Township,  Pingtung County 913001, Taiwan (R.O.C.)","李O瑞","08-7764456","","有","有"
"56609724","20200401","20210814","立翔和興業有限公司","LI HSIANG HO INDUSTRY LTD.","彰化縣線西鄉德興村中央路一段760巷5號","No. 5, Ln. 760, Sec. 1, Zhongyang Rd., Xianxi Township, Changhua County 50742, Taiwan (R.O.C.)","康O猛","04-7589993","04-7369129","有","有"
"56609766","20170509","20210816","香港商銳敏尼軟體技術服務股份有限公司台灣分公司","RIMINI STREET(HK)LIMITED, TAIWAN BRANCH","臺北市信義區忠孝東路五段68號29樓","29 F., No. 68, Sec. 5, Zhongxiao E. Rd., Xinyi Dist., Taipei City 11065, Taiwan (R.O.C.)","SOthA.Ravin","","","有","有"
"56609983","20170420","20220416","普碩工業有限公司","PU SHUO INDUSTRIAL CORP.","彰化縣埤頭鄉崙腳村興工路5號","No. 5, Xinggong Rd., Pitou Township, Changhua County 52341, Taiwan (R.O.C.)","林O盛","04-8922197","04-8922271","有","有"
"56610406","19980402","20210814","弘順實業有限公司","HONG SHUEN INDUSTRIAL CO., LTD.","臺中市龍井區龍西里龍門路47巷15號","No. 15, Ln. 47, Longmen Rd., Longxi Vil., Longjing Dist., Taichung City 43443, Taiwan (R.O.C.)","沈O彰","04-26395848","04-26397569","有","有"
"56610525","20170421","20211004","盛春行有限公司","SPRING RIVER COMPANY","屏東縣里港鄉大平村14鄰里嶺路3號1樓","1 F., No. 3, Liling Rd., 14th Neighborhood, Ligang Township, Pingtung County 90541, Taiwan (R.O.C.)","藍O春","08-775-1591","","有","有"
"56610551","20160906","20220609","泉成實業有限公司","AOKUANG TRADING CO., LTD.","臺中市大甲區義和里中山路一段314號1樓","1 F., No. 314, Sec. 1, Zhongshan Rd., Yihe Vil., Dajia Dist., Taichung City 437010, Taiwan (R.O.C.)","姚O華","042-6861955","04-26875279","有","有"
"56610715","19770316","20230205","喜來登皮鞋股份有限公司","SHERATON FOOTWEAR INDUSTRIES CO., LTD.","臺中市梧棲區草湳里梧南路18號","No. 18, Wunan Rd., Caonan Vil., Wuqi Dist., Taichung City 435111, Taiwan (R.O.C.)","施O善","02-27219980","02-27515407","有","有"
"56610742","20170615","20210814","泰恩企業有限公司","TYNE ENTERPRISE CO., LTD.","彰化縣和美鎮竹營里孝光路106號1樓","1 F., No. 106, Xiaoguang Rd., Zhuying Vil., Hemei Township, Changhua County 50855, Taiwan (R.O.C.)","謝O純","04-7579775","","有","有"
"56610834","20240521","20240521","凌網資訊股份有限公司","HYWEB SYSTEM SERVICES CO., LTD.","新竹縣竹北市台元一街8號5樓之6","5 F.-6, No. 8, Taiyuan 1st St., Zhubei City, Hsinchu County 302082, Taiwan (R.O.C.)","賴O助","","","有","有"
"56610980","20170420","20210814","光誠國際有限公司","GLOWNEST INTERNATIONAL LTD.","新竹縣竹北市鹿場里成功八路162號","No. 162, Chenggong 8th Rd., Luchang Vil., Zhubei City, Hsinchu County 30264, Taiwan (R.O.C.)","蘇O榕","886-919114555","","有","有"
"56611019","19790424","20210813","台辰企業有限公司","TAIR CHEN CO., LTD.","臺中市大甲區朝陽里鎮政路67號貳樓","No. 67, Zhenzheng Rd., Chaoyang Vil., Dajia Dist., Taichung City 43746, Taiwan (R.O.C.)","王O雄","04-26835972","04-26835937","有","有"
"56611236","20170426","20210815","倫展企業有限公司","RIGHT DEVELOPMENT ENTERPRISE CO., LTD.","屏東縣萬丹鄉萬惠村中興路二段647巷9號","No. 9, Ln. 647, Sec. 2, Zhongxing Rd., Wandan Township, Pingtung County 91349, Taiwan (R.O.C.)","劉O鴻","08-7763776","","有","有"
"56611566","19931103","20230113","郭天送呢帽有限公司","TIEN SOU KUO HAT CO., LTD.","臺中市大甲區經國路2375巷62號","No. 62, Ln. 2375, Jingguo Rd., Dajia Dist., Taichung City 437102, Taiwan (R.O.C.)","郭O生","04-26813966","04-26816069","有","有"
"56611637","20170424","20210814","晴耕物聯有限公司","HAKIOT CO., LTD.","屏東縣內埔鄉東寧村自強路46巷4號","No. 4, Ln. 46, Ziqiang Rd., Neipu Township, Pingtung County 91248, Taiwan (R.O.C.)","劉O廷","08-7796325","","有","有"
"56611783","20170519","20210814","瑞德設計有限公司","RED CREATIVE DESIGN CO., LTD.","雲林縣古坑鄉西平村中正路108號3樓","3 F., No. 108, Zhongzheng Rd., Gukeng Township, Yunlin County 64650, Taiwan (R.O.C.)","陳O宏","05-5821026","","有","有"
"56611860","20240322","20241005","美商博錄設計股份有限公司台灣分公司","Plume Design, Inc., Taiwan Branch(UNITED STATES)","臺北市松山區復興南路一段1號8樓之5","8 F.-5, No. 1, Sec. 1, Fuxing S. Rd., Songshan Dist., Taipei City 105604, Taiwan (R.O.C.)","MOratKocaman","","","無","無"
"56611974","19920610","20210815","申興實業股份有限公司","SHEN HSIN PLASTIC INTERNATIONAL CO., LTD.","桃園市八德區茄苳里華康街201號","No. 201, Huakang St., Jiadong Vil., Bade Dist., Taoyuan City 33464, Taiwan (R.O.C.)","王O清","03-3627600","","有","有"
"56612299","20240312","20240312","捷益興企業有限公司","JYS Enterprise LTD.","彰化縣彰化市五權里彰和路一段65巷47號1樓","1 F., No. 47, Ln. 65, Sec. 1, Zhanghe Rd., Wuquan Vil., Changhua City, Changhua County 500013, Taiwan (R.O.C.)","周O鴻","04-7638298","04-7522177","有","有"
"56612376","20171205","20230111","良雅色生技股份有限公司","Laucer Biotechnology Co., Ltd.","新竹縣竹北市崇義里蓮花路223巷102號","No. 102, Ln. 223, Lianhua Rd., Chongyi Vil., Zhubei City, Hsinchu County 302055, Taiwan (R.O.C.)","洪O雯","03-5349015","","有","有"
"56612404","19930526","20250312","鼎隆實業股份有限公司","TING LUNNG INDUSTRIAL CO., LTD.","臺中市清水區高東里護岸路150號","No. 150, Hu’an Rd., Gaodong Vil., Qingshui Dist., Taichung City 436033, Taiwan (R.O.C.)","","046-273790","","無","無"
"56612621","19800129","20240306","裕麟工業股份有限公司","YUH LIING INDUSTRIAL CO., LTD.","臺中市大甲區順天里三民路16號1樓","1 F., No. 16, Sanmin Rd., Shuntian Vil., Dajia Dist., Taichung City 437006, Taiwan (R.O.C.)","汪O麟","04-26712577","04-26712907","無","無"
"56612827","20170425","20210814","伊卡菲有限公司","YIKAFEI CO., LTD.","彰化縣田中鎮南路里員集路二段340號1樓","1 F., No. 340, Sec. 2, Yuanji Rd., Nanlu Vil., Tianzhong Township, Changhua County 52042, Taiwan (R.O.C.)","楊O惠","0906860277","","有","有"
"56612973","20170421","20210814","岦金國際有限公司","LEE KIN INTERNATIONAL CO., LTD.","新竹市東區育賢里東門街34巷32號14樓","14 F., No. 32, Ln. 34, Dongmen St., Yuxian Vil., East Dist., Hsinchu City 30041, Taiwan (R.O.C.)","盧O嶽","0963-065198","","有","有"
"56612988","20170808","20230407","宏濎科技有限公司","KAI CHANG INT'L TRADING CO., LTD.","新竹縣竹北市聯興里新興路328巷61弄82-7號","No. 82-7, Aly. 61, Ln. 328, Xinxing Rd., Lianxing Vil., Zhubei City, Hsinchu County 302051, Taiwan (R.O.C.)","楊O豪","0935176190","","有","有"
"56613229","20170603","20230722","邁斯科生醫股份有限公司","MEDSCOPE BIOTECH CO., LTD.","臺北市大安區敦化南路2段77號2樓之5","2 F.-5, No. 77, Sec. 2, Dunhua S. Rd., Da’an Dist., Taipei City 106414, Taiwan (R.O.C.)","劉O鎰","037-580055","037-585050","有","有"
"56613311","20170505","20230707","棗稻田企業股份有限公司","JAODAOTIAN ENTERPRISE CO., LTD.","宜蘭縣員山鄉員山路二段172巷17號","No. 17, Ln. 172, Sec. 2, Yuanshan Rd., Yuanshan Township, Yilan County 264020, Taiwan (R.O.C.)","張O嘉","03-9226648","03-9229200","有","有"
"56613419","20180309","20210814","詳弘有限公司","SHINING HOME COMPANY","新竹縣新豐鄉重興村自立街32巷34號1樓","1 F., No. 34, Ln. 32, Zili St., Xinfeng Township, Hsinchu County 30441, Taiwan (R.O.C.)","徐O鈞","0958-137270","","有","有"
"56613678","19830603","20230407","勝堃工業股份有限公司","SHENG KUEN INDUSTRIAL CO., LTD.","臺中市梧棲區草湳里梧南路八之二號","No. 8-2, Wunan Rd., Caonan Vil., Wuqi Dist., Taichung City 435055, Taiwan (R.O.C.)","蔡O訓","04-6393106-8","04-26393109","無","無"
"56613706","20170424","20210815","海康精工股份有限公司","HEIM KUNST FEINHEIT LIMITED","彰化縣鹿港鎮頂厝里5鄰舊港巷143號","No. 143, Jiugang Ln., 5th Neighborhood, Dingcuo Vil., Lukang Township, Changhua County 50545, Taiwan (R.O.C.)","鐘O文","04-7712862","04-7770456","有","有"
"56614016","20201112","20250416","長大的孩子娛樂有限公司","Grown Up Kid Entertainment CO., LTD.","臺北市士林區中山北路6段419巷11號5樓","5 F., No. 11, Ln. 419, Sec. 6, Zhongshan N. Rd., Shilin Dist., Taipei City 111047, Taiwan (R.O.C.)","黃O二","03-6668502","","有","有"
"56614156","19830511","20210814","利盈衣帽有限公司","LI-YING CLOTHES & HAT CO.","臺中市清水區西寧里西寧路64號","No. 64, Xining Rd., Xining Vil., Qingshui Dist., Taichung City 43655, Taiwan (R.O.C.)","王O民","046-225532","","有","有"
"56614162","20170817","20221119","路得健康投資股份有限公司","RUTH HEALTH INVESTMENT LIMITED","新竹縣湖口鄉成功路335巷2號","No. 2, Ln. 335, Chenggong Rd., Hukou Township, Hsinchu County 303119, Taiwan (R.O.C.)","黃O蘭","03-5907304","","有","有"
"56614368","20170508","20220818","愛生百利創能科技股份有限公司","ASSEMBLY CREATE ENERGY TECHNOLOGY CO., LTD","新竹市香山區港南里海埔路193號","No. 193, Haipu Rd., Gangnan Vil., Xiangshan Dist., Hsinchu City 30058, Taiwan (R.O.C.)","盧O富","03-5896534","","有","有"
"56614402","20171207","20241005","浩品文創有限公司","Hao Pin Cultural and Creative Company Limited","嘉義市西區書院里中正路625巷5號","No. 5, Ln. 625, Zhongzheng Rd., Shuyuan Vil., West Dist., Chiayi City 60042, Taiwan (R.O.C.)","","05-2223737","","無","無"
"56614424","19820915","20230215","宏德實業股份有限公司","HOME TEH LUGGAGE INDUSTRIAL CO., LTD.","臺中市大甲區頂店里中山路一段1058、1058-2號","No. 1058-2, Sec. 1, Zhongshan Rd., Dingdian Vil., Dajia Dist., Taichung City 437003, Taiwan (R.O.C.)","許O標","04-26887561","04-26887563","有","有"
"56614629","20180628","20250509","鴻源機電推進工程股份有限公司","HongYuan Electrical and Mechanical propulsion engineering CO., LTD.","宜蘭縣羅東鎮賢文里14鄰純精路二段205號","No. 205, Sec. 2,  Chunjing Rd., 14th Neighborhood, Xianwen Vil., Luodong Township,  Yilan County 265603, Taiwan (R.O.C.)","許O堯","03-9601610","03-9601610","有","有"
"56614634","20210617","20240926","晟騰有限公司","Sheng Teng Trade Wholesale Co., Ltd.","嘉義縣太保市新埤里新埤204之4號","No. 204-4, Xinpi, Xinpi Vil., Taibao City, Chiayi County 61242, Taiwan (R.O.C.)","呂O祺","05-2911097","","有","有"
"56614640","19790828","20230414","光泰文具股份有限公司","SEVEN COLOR STATIONERY CO., LTD.","臺中市大甲區孟春里中山路二段57號","No. 57, Sec. 2, Zhongshan Rd., Mengchun Vil., Dajia Dist., Taichung City 437105, Taiwan (R.O.C.)","李O聰","046-813798","","有","有"
"56614682","19970120","20210813","順益電子企業有限公司","SOVRAN ELECTRONIC ENTERPRISE LTD.","臺中市大甲區義和里義和二街25號","No. 25, Yihe 2nd St., Yihe Vil., Dajia Dist., Taichung City 43750, Taiwan (R.O.C.)","王O雲","","","有","有"
"56614830","20170505","20230418","大金國際貿易有限公司","TAIKIN SEAFOOD INTERNATIONAL TRADING CO., LTD.","新北市汐止區新台五路1段93號21樓之6","21 F.-6, No. 93, Sec. 1, Xintai 5th Rd., Xizhi Dist., New Taipei City 221416, Taiwan (R.O.C.)","何O民","02-24520330","","有","有"
"56614851","20171017","20210819","安興興業有限公司","FORMOSA CAR CARE PRODUCTS CO., LTD.","彰化縣秀水鄉溪心街臨312號1樓","1 F., No. 312, Xixin St., Xiushui Township, Changhua County 50445, Taiwan (R.O.C.)","廖O荏","0985507002","","有","有"
"56614923","20170512","20210812","對的咖啡事業有限公司","THE COFFEE ENTERPRISE CO., LTD.","宜蘭縣宜蘭市黎明里東港路一段247號1樓","1 F., No. 247, Donggang Rd., Liming Vil., Yilan City, Yilan County 26057, Taiwan (R.O.C.)","黃O容","03-9382201","03-9388201","有","有"
"56615107","20170804","20210814","旭清行銷管理顧問股份有限公司","XUQING MARKETING MANAGEMENT AND CONSULTING CO., LTD.","臺中市大里區東湖里科技路166號4樓之1","4F.-1, No. 166, Keji Rd., Donghu Vil., Dali Dist., Taichung City 41264, Taiwan (R.O.C.)","陳O雲","037-731036#11","037-761066","有","有"
"56615140","19830620","20210813","信岳織造廠股份有限公司","SIN YO TEXTILE FACTORY CO., LTD.","臺中市大甲區日南里中山路二段916巷21號","No. 21, Ln. 916, Sec. 2, Zhongshan Rd., Rinan Vil., Dajia Dist., Taichung City 43770, Taiwan (R.O.C.)","邱O坤","04-26816356","04-26815194","有","有"
"56615155","20031105","20210812","大益工業社","DA EASY INDUSTRIAL CO.","臺中市龍井區忠和里台西南路２５６巷３２弄１３號１樓","1 F., No. 13, Aly. 32, Ln. 256, Taixi S. Rd., Zhonghe Vil., Longjing Dist., Taichung City 43445, Taiwan (R.O.C.)","李O萬","04-26303926","04-26303927","有","有"
"56615205","20170428","20220216","貝里斯商雯豐資產管理有限公司台灣分公司","WIN & FUN CAPITAL LIMITED TAIWAN BRANCH (BELIZE)","臺北市信義區基隆路2段151之2號","No. 151-2, Sec. 2, Keelung Rd., Xinyi Dist., Taipei City 11054, Taiwan (R.O.C.)","林O子LINHSIUTZU","02-87861828","","無","無"
"56615303","20170810","20210815","亞新樟芝生物科技有限公司","ASIAN ANTRODIA BIOTECHNOLOGY CO., LTD.","苗栗縣頭屋鄉明德村明德路158-15號1樓","1 F., No. 158-15, Mingde Rd., Touwu Township, Miaoli County 36243, Taiwan (R.O.C.)","林O芳","037-255953#14","037-255951","有","有"
"56615319","19840323","20230706","大甲永和機械工業股份有限公司","TA CHIA YUNG HO MACHINE INDUSTRY CO., LTD.","臺中市大甲區日南里幼獅路69號","No. 69, Youshi Rd., Rinan Vil., Dajia Dist., Taichung City 437101, Taiwan (R.O.C.)","黃O峯","04-6815496-9","04-26815456","有","有"
"56615508","20170510","20210814","立業精密材料股份有限公司","LEVI PRECISION MATERIALS CO., LTD.","新竹市中華路4段482巷5號","No. 5, Ln. 482, Sec. 4, Zhonghua Rd., Xiangshan Dist., Hsinchu City 30094, Taiwan (R.O.C.)","蔡O昌","03-5387112","","有","有"
"56615514","20170504","20240525","十甲水產有限公司","TEN HA AQUACULTURE COMPANY LIMITED","嘉義縣朴子市安福里文明路8-17號3樓","3 F., No. 8-17, Wenming Rd., Anfu Vil., Puzi City, Chiayi County 613003, Taiwan (R.O.C.)","","0932189487","","無","無"
"56615628","20170825","20240604","派樂特科技股份有限公司","PILOT SYSTEM INTEGRATION TECHNOLOGY CO., LTD.","新竹縣湖口鄉湖南村乾興路360號三樓之3","3F.-3, No. 360, Ganxing Rd., Hunan Vil., Hukou Township,  Hsinchu County 303124, Taiwan (R.O.C.)","葉O杰","03-5509008","03-5509857","有","有"
"56615802","20031006","20210813","成榮金屬工業有限公司","CHEN JOE METALS INDUSTRY CO., LTD.","臺中市大甲區孟春里經國路2375巷57號","No. 57, Ln. 2375, Jingguo Rd., Mengchun Vil., Dajia Dist., Taichung City 43768, Taiwan (R.O.C.)","康O榮","04-2681-4321","04-2681-9567","有","有"
"56615970","20170613","20230111","晋佳貿易有限公司","JIN-JIA ADVANCE TRADING CO., LTD.","彰化縣員林市三信里大仁南街150巷9號1樓","1 F., No. 9, Ln. 150, Daren S. St., Sanxin Vil., Yuanlin City, Changhua County 510010, Taiwan (R.O.C.)","黃O龍","0910-539000","","有","有"
"56616372","20031028","20230414","雪花紙業股份有限公司","SNOW PAPER CO., LTD.","臺中市清水區清水里光明路15號","No. 15, Guangming Rd., Qingshui Vil., Qingshui Dist., Taichung City 436044, Taiwan (R.O.C.)","黃O子","04-26202626","04-26202233","有","有"
"56616865","20220829","20220829","承澔工業有限公司","CHENG HAO INDUSTRIAL CO., LTD","彰化縣員林市鎮興里山腳路三段228巷31號1樓","1 F., No. 31, Ln. 228, Sec. 3, Shanjiao Rd., Zhenxing Vil., Yuanlin City, Changhua County 510032, Taiwan (R.O.C.)","江O澔","04-8360227","04-8370227","有","有"
"56616936","19941012","20210812","福晟塑膠印製廠有限公司","FULL CHANT PLASTIC CO., LTD.","臺中市清水區下湳里菁埔路296-1號","No. 296-1, Jingpu Rd., Xianan Vil., Qingshui Dist., Taichung City 43644, Taiwan (R.O.C.)","黃O盟","04-26232166","04-26232168","有","有"
"56616942","20170517","20210815","阿里山能源有限公司","ALI POWER COMPANY LIMITED","嘉義市西區西門街210之2號1樓","1 F., No. 210-2, Ximen St., West Dist., Chiayi City 60043, Taiwan (R.O.C.)","陳O霖","05-2741007","05-2743867","有","有"
"56617105","19861212","20230314","錦勝紡織股份有限公司","CHING SHENG TEXTILE CO., LTD.","臺中市清水區港口路200巷31號1樓","1 F., No. 31, Ln. 200, Gangkou Rd., Qingshui Dist., Taichung City 436040, Taiwan (R.O.C.)","陳O隆","04-26392233","04-26398282","有","有"
"56617219","20201223","20210815","松旺生技興業有限公司","Song Wong Biotechnology Co., LTD.","彰化縣埔鹽鄉天盛村成功路三段256號一樓","1 F., No. 256, Sec. 3, Chenggong Rd., Puyan Township, Changhua County 51646, Taiwan (R.O.C.)","施O村","0919891889","04-8655742","有","有"
"56617225","19790430","20210812","宗大工業有限公司","TZONG DA INDUSTRY CO., LTD.","臺中市梧棲區草湳里永興路2段336巷22號","No. 22, Ln. 336, Sec. 2, Yongxing Rd., Caonan Vil., Wuqi Dist., Taichung City 43547, Taiwan (R.O.C.)","蔡O如","046-354239","","有","有"
"56617230","19831231","20230223","蔡春聯工業股份有限公司","TSAI CHUN-LIEN INDUSTRY CO., LTD.","臺中市沙鹿區鹿寮里福鹿街258號","No. 258, Fulu St., Luliao Vil., Shalu Dist., Taichung City 433022, Taiwan (R.O.C.)","蔡O昌","046-223363","","有","有"
"56617323","20170504","20210814","瑞爾特科技有限公司","REALTECH GLOBAL CO., LTD.","新竹縣竹北市東平里嘉豐五路二段60號","No. 60, Sec. 2, Jiafeng 5th Rd., Dongping Vil., Zhubei City, Hsinchu County 30272, Taiwan (R.O.C.)","吳O綺","03-5316162","03-5319110","有","有"
"56617436","20210104","20210812","花東淨水有限公司","HUA TUNG CLEAN WATER CO., LTD.","宜蘭縣宜蘭市東門里中山路五段460、462號1樓","1 F., No. 462, Sec. 5, Zhongshan Rd., Dongmen Vil., Yilan City, Yilan County 26054, Taiwan (R.O.C.)","黃O益","039-329088","039-314932","有","有"
"56617604","19930621","20240524","狩林企業有限公司","SHOU-LIN ENTERPRISE INC.","臺中市清水區武鹿里海濱路320號","No. 320, Haibin Rd., Wulu Vil., Qingshui Dist., Taichung City 43647, Taiwan (R.O.C.)","","04-26261180","","無","無"
"56617652","20181116","20210814","題陞環保能源科技有限公司","TyiSheng Environmental protection Energy Technology Co., Ltd.","新竹市北區經國路二段438巷13號13樓之2","13F.-2, No. 13, Ln. 438, Sec. 2, Jingguo Rd., North Dist., Hsinchu City 30056, Taiwan (R.O.C.)","顏O","03-5282669","03-5282655","有","有"
"56617668","20170706","20210814","家樂寶實業有限公司","JIA LEBAO INDUSTRIAL CO., LTD.","嘉義縣民雄鄉金興村3鄰立德街29號","No. 29, Lide St., 3rd Neighborhood, Minxiong Township, Chiayi County 62154, Taiwan (R.O.C.)","陳O翔","05-2203186","","有","有"
"56617800","20171130","20231004","金鈺承有限公司","Eight-yi Plastic Co., Ltd.","彰化縣芳苑鄉漢寶村草漢北路526號","No. 526, Caohan N. Rd., Hanbau Vil., Fangyuan Township,  Changhua County 528013, Taiwan (R.O.C.)","陳O義","09-27472289","04-26980539","有","有"
"56618054","20171023","20210813","立達電子科技有限公司","Leader Electronic Tech Co., Ltd.","新竹市東區光復路二段295號22樓之3","22F.-3, No. 295, Sec. 2, Guangfu Rd., East Dist., Hsinchu City 30017, Taiwan (R.O.C.)","劉O立","03-5711186","035711195","有","有"
"56618104","20230131","20230131","祥銓農創有限公司","Xiang-Quan Agricultural CO., LTD.","臺東縣東河鄉興昌村南八里11-8號","No. 11-8, Xingchang, Donghe Township, Taitung County 959, Taiwan (R.O.C.)","陳O微","089-530068","","有","有"
"56618224","20170428","20210814","采興母嬰用品有限公司","CHAI XIANG BABY PRODUCTS COMPANY LIMITED","苗栗縣造橋鄉大西村赤崎街38巷1弄2號1樓","1 F., No. 2, Aly. 1, Ln. 38, Chiqi St., Zaoqiao Township, Miaoli County 36144, Taiwan (R.O.C.)","張O婷","","","有","有"
"56618420","19930118","20230429","大榮建築鋼架股份有限公司","TA TSONS MFG. CORP.","臺中市大甲區德化里東西六路一段405號","No. 405, Sec. 1, Dongxi 6th Rd., Dehua Vil., Dajia Dist., Taichung City 437014, Taiwan (R.O.C.)","黃O慶","04-26872542","04-26874639","有","有"
"56618667","19981023","20231013","伍道工業股份有限公司","WOR TAO INDUSTRIAL CORP","臺中市梧棲區南簡里中央路二段443號1樓","1 F., No. 443, Sec. 2, Zhongyang Rd., Nanjian Vil., Wuqi Dist., Taichung City 435061, Taiwan (R.O.C.)","紀O怡","04-26560133","","有","有"
"56618723","19970308","20221112","良春紡織股份有限公司","LIANG CHUN TEXTILE CO., LTD.","臺中市清水區下湳里中山路五四一︱三號","No. 3, Zhongshan Rd., Xianan Vil., Qingshui Dist., Taichung City 436109, Taiwan (R.O.C.)","許O滿","04-26223980","04-26655022","無","無"
"56618759","20170503","20230706","揚昇行國際有限公司","ASCENDFLY INTERNATIONAL CO., LTD.","基隆市七堵區堵北里福一街146-8號1樓","1 F., No. 146-8, Fu 1st St., Dubei Vil., Qidu Dist., Keelung City 206010, Taiwan (R.O.C.)","游O傑","02-24224122","","無","無"
"56618821","20210430","20220728","林客品牌創研股份有限公司","Liiink INC","新竹市北區大同里中山路10號2樓","2 F., No. 10, Zhongshan Rd., Datong Vil., North Dist., Hsinchu City 300028, Taiwan (R.O.C.)","林O沅","03-6670608","","有","有"
"56618929","19790824","20221207","明欣塑膠工業股份有限公司","MING SHIN PLASTIC INDUSTRY CO., LTD.","臺中市大甲區義和里中山路一段609巷6號","No. 6, Ln. 609, Sec. 1, Zhongshan Rd., Yihe Vil., Dajia Dist., Taichung City 437010, Taiwan (R.O.C.)","陳O","04-6877177-8","","無","無"
"56619223","20170921","20210811","鴻益機械木型行","HONG YI MACHINERY MODEL CO.","臺中市梧棲區中華路二段201巷6弄2號1樓","1 F., No. 2, Aly. 6, Ln. 201, Sec. 2, Zhonghua Rd., Wuqi Dist., Taichung City 43550, Taiwan (R.O.C.)","李O珠","04-26621535","04-26623703","有","有"
"56619342","20170503","20210814","六啟有限公司","SENARY CREATION COMPANY","彰化縣北斗鎮新生里興農路2段428巷15號1樓","1 F., No. 15, Ln. 428, Sec. 2, Xingnong Rd., Xinsheng Vil., Beidou Township, Changhua County 52141, Taiwan (R.O.C.)","李O儀","0966-672960","","有","有"
"56619390","20180326","20210814","登豐環球企業有限公司","Dengfeng Global International Co., Ltd.","嘉義市東區芳草里立仁路104號二樓","2 F., No. 104, Liren Rd., Fangcao Vil., East Dist., Chiayi City 60067, Taiwan (R.O.C.)","許O瑋","05-2852668","05-2850531","有","有"
"56619482","20170605","20250213","光宇生醫科技股份有限公司","ADVANCED BIOMEDICAL TECHNOLOGY INC.","新竹縣竹北市復興三路二段168號6樓之1","6 F.-1, No. 168, Sec. 2, Fuxing 3rd Rd., Zhubei City, Hsinchu County 302052, Taiwan (R.O.C.)","趙O中","0919285552","","有","有"
"56619498","20170828","20230208","飛森有限公司","SOAR SPLENDOR LTD.","新北市蘆洲區忠孝路106號2樓","2 F., No. 106, Zhongxiao Rd., Luzhou Dist., New Taipei City 247032, Taiwan (R.O.C.)","李O濂","02-22831113","02-29276452","有","有"
"56619574","19800625","20230113","金錢企業有限公司","MONEY IN ENTERPRISE CO., LTD.","臺中市梧棲區興農里中央路1段292之2號","No. 292-2, Sec. 1, Zhongyang Rd., Xingnong Vil., Wuqi Dist., Taichung City 435054, Taiwan (R.O.C.)","王O旺","04-26396111-2","04-26398777","有","有"
"56619737","20000221","20230216","瑩信工業股份有限公司","CARBOTEC INDUSTRIAL CO., LTD.","臺中市大甲區日南里工二路41號","No. 41, Gong 2nd Rd., Rinan Vil., Dajia Dist., Taichung City 437105, Taiwan (R.O.C.)","李O鵬","04-2681-5316","02-2681-5326","有","有"
"56619883","20200818","20240313","香港商遊戲種子娛樂有限公司台灣分公司","HK GameBeans Entertainment Co.,Limited Taiwan Branch","臺北市中山區民生東路三段8號3樓","3 F., No. 8, Sec. 3, Minsheng E. Rd., Zhongshan Dist., Taipei City 104511, Taiwan (R.O.C.)","","02-2515-9842","","無","無"
"56619899","20200817","20241109","丞發實業有限公司","Bircle international Trading Limited","桃園市龜山區華亞二路222號","No. 222, Huaya 2nd Rd., Guishan Dist., Taoyuan City 333411, Taiwan (R.O.C.)","葉O凱","03-5985696","","有","有"
"56620122","20170512","20240308","照威應用科技股份有限公司","GIANTWIN APPLIED TECHNOLOGY CO., LTD.","新竹縣竹北市竹義里竹義街42巷10號1樓","1 F., No. 10, Ln. 42, Zhuyi St., Zhuyi Vil., Zhubei City, Hsinchu County 302045, Taiwan (R.O.C.)","鄭O忠","03-5531580","03-5532580","無","無"
"56620164","20040213","20230104","裕宏實業有限公司","YUE HUNG INDUSTRIAL CO., LTD.","臺中市梧棲區中央路二段五三四號","No. 534, Sec. 2, Zhongyang Rd., Wuqi Dist., Taichung City 435061, Taiwan (R.O.C.)","楊O隆","04-26560411","04-26222859","無","無"
"56620220","20210804","20210911","彬瑞科技有限公司","tpmc technology Ltd.","新竹市光復路一段476巷56號8樓","8 F., No. 56, Ln. 476, Sec. 1, Guangfu Rd., East Dist., Hsinchu City 30072, Taiwan (R.O.C.)","張O彬","03-5795379","","有","有"
"56620349","20020604","20230330","甲震企業股份有限公司","JEA JENN CO., LTD.","臺中市龍井區忠和里工業路216巷7號","No. 7, Ln. 216, Gongye Rd., Zhonghe Vil., Longjing Dist., Taichung City 434011, Taiwan (R.O.C.)","蔡O霖","04-26391388","04-26394395","有","有"
"56620447","20170904","20210814","光準有限公司","GUANG ZHUN CO., LTD.","新竹縣湖口鄉鳳凰三街52號","No. 52, Fenghuang 3rd St., Hukou Township, Hsinchu County 30353, Taiwan (R.O.C.)","錢O英","0933263306","","有","有"
"56620559","19800822","20240710","永日化學工業股份有限公司","YUNG ZIP CHEMICAL IND. CO., LTD.","臺中市大甲區日南里幼獅路59、61號","59, 61, You Shih Road, Youth Industrial District, Dajia, Taichung, Taiwan 437, R.O.C.","林O煌","04-26818866","04-26812911","有","有"
"56620657","20170504","20211207","文慶國際娛樂有限公司","WEHIGH ENTERTAINMENT CO., LTD.","新竹市東區光復路二段285號13樓之1","13F.-1, No. 285, Sec. 2, Guangfu Rd., East Dist., Hsinchu City 30071, Taiwan (R.O.C.)","王O棟","03-5163636#207","03-5163218","有","有"
"56620869","19940412","20210814","裕新電機廠有限公司","YUH SHIN ELECTRIC CO., LTD.","臺中市西屯區工業區42路22號","No. 22, Gongyequ 42nd Rd., Xitun Dist., Taichung City 40768, Taiwan (R.O.C.)","陳O賜","04-2359-5358","04-2359-7368","有","有"
"56621017","20170503","20240208","山多國際股份有限公司","SUNDART INTERNATIONAL CORP.","新竹縣竹北市台元二街12號8樓之7","8 F.-7, No. 12, Taiyuan 2nd St., Zhubei City, Hsinchu County 302082, Taiwan (R.O.C.)","劉O玲","03-5600505","03-5600707","無","無"
"56621369","20190619","20210814","高美食品股份有限公司","GAO MEI FOODS CO., LTD","南投縣草屯鎮碧山路1123之2號1樓","1 F., No. 1123-2, Bishan Rd., Caotun Township, Nantou County 54258, Taiwan (R.O.C.)","林O臻","0955906866","0955906866","有","有"
"56621754","20170502","20241212","禎香食品興業有限公司","ZHENXIANG FOOD INDUSTRIAL CO., LTD.","彰化縣員林市三橋里建國路132號1樓","1 F., No. 132, Jianguo Rd., Sanqiao Vil., Yuanlin City, Changhua County 510003, Taiwan (R.O.C.)","蘇O貴","04-8333764","","無","無"
"56621874","20131030","20230425","公明機油行","KUNG MING LUBRICATION OIL CO.","臺中市沙鹿區公明里中清路六段２０２號","No. 202, Sec. 6, Zhongqing Rd., Gongming Vil., Shalu Dist., Taichung City 433101, Taiwan (R.O.C.)","李O維","04-26153212","04-26152372","有","有"
"56622183","20130522","20230414","松豐實業股份有限公司","SON FONE INDUSTRIAL CO., LTD.","臺中市清水區菁埔里菁埔路370號","No. 370, Jingpu Rd., Jingpu Vil., Qingshui Dist., Taichung City 436034, Taiwan (R.O.C.)","張O芳","04-26222577","04-26224880","有","有"
"56622326","20170519","20230802","允辰企業有限公司","YUN CHEN AGRICULTURE COMPANY","雲林縣西螺鎮漢光里四維街142巷12號2樓","2 F., No. 12, Ln. 142, Siwei St., Hanguang Vil., Xiluo Township, Yunlin County 648003, Taiwan (R.O.C.)","廖O蕙","05-5880721","05-5880723","無","無"
"56622418","20170517","20210814","三隻魚有限公司","SUN AND FISH CO., LTD","宜蘭縣五結鄉協和村五結路二段189號","No. 189, Sec. 2, Wujie Rd., Wujie Township, Yilan County 26846, Taiwan (R.O.C.)","林O良","0928844004","","有","有"
"56622536","20170516","20231021","台灣道優股份有限公司","DURA PRODUCTS INDUSTRIES (TAIWAN) CO., LTD.","嘉義縣民雄鄉興南村工業五路1-2號","No. 1-2, Gongye 5th Rd., Xingnan Vil., Minxiong Township,  Chiayi County 621012, Taiwan (R.O.C.)","蕭O源","0919791740","05-2383332","有","有"
"56622775","20170503","20210813","昱進工業有限公司","GROW IRRIGATION INDUSTRIAL CO., LTD.","彰化縣和美鎮鐵山里彰美路2段446巷39弄2號1樓","1 F., No. 2, Aly. 39, Ln. 446, Sec. 2, Zhangmei Rd., Tieshan Vil., Hemei Township, Changhua County 50848, Taiwan (R.O.C.)","王O雄","","","無","無"
"56622796","20170524","20210815","鴻崧實業有限公司","HUN SUNG INDUSTRIAL CO., LTD.","新竹縣關西鎮東安里大仁街19號1樓","1 F., No. 19, Daren St., Dong’an Vil., Guanxi Township, Hsinchu County 30643, Taiwan (R.O.C.)","徐O珠","03-5870885","","有","有"
"56622965","19951116","20210814","千松科技有限公司","NIKOWS CO., LTD.","臺中市大甲區武陵里重義三路13巷200號","No. 200, Ln. 13, Chongyi 3rd Rd., Wuling Vil., Dajia Dist., Taichung City 43750, Taiwan (R.O.C.)","黃O蓁","04-26872661","04-26872689","有","有"
"56623134","20170515","20210814","聯慎科技有限公司","LINKSOON TECHNOLOGIES COMPANY LIMITED","新竹縣新埔鎮上寮里1鄰義民路二段63號","No. 63, Sec. 2, Yimin Rd., 1st Neighborhood, Shangliao Vil., Xinpu Township, Hsinchu County 30542, Taiwan (R.O.C.)","周O如","03-5891814","","有","有"
"56623367","20170503","20230906","美登斯家飾股份有限公司","MIDTEX HOME DECOR CO., LTD","雲林縣斗南鎮田頭里延平北路11號","No. 11, Yanping N. Rd., Tiantou Vil., Dounan Township, Yunlin County 630045, Taiwan (R.O.C.)","謝O峰","04-8822612","04-8828986","有","有"
"56623541","20200513","20230111","佑鎂國際貿易有限公司","You Magnesium International Trade Co., Ltd.","彰化縣二林鎮東和里斗苑路五段153號1樓","1F., No. 153, Sec. 5,  Douyuan Rd., Donghe Vil., Erlin Township,  Changhua County , Taiwan (R.O.C.)","林O君","04-8852195","","有","有"
"56623556","20230328","20230328","全國家具有限公司","CYUAN GAO FURNITURE CO., LTD.","彰化縣彰化市茄南里茄苳路一段305號1樓","1 F., No. 305, Sec. 1, Jiadong Rd., Jianan Vil., Changhua City, Changhua County 500044, Taiwan (R.O.C.)","林O芬","04-7363546","","有","有"
"56623612","20180308","20210815","世創生物科技股份有限公司","Enosim Bio-tech Co., Ltd.","新竹市光復路二段101號","No. 101, Sec. 2, Guangfu Rd., East Dist., Hsinchu City 30013, Taiwan (R.O.C.)","朱O娟","03-5620761","03-5620861","有","有"
"56623628","20000615","20210813","財利興企業有限公司","TSAIR LI HSIN ENTERPRISE CO., LTD.","臺中市清水區鰲峯里光明路41-6號1樓","1 F., No. 41-6, Guangming Rd., Qingshui Dist., Taichung City 43654, Taiwan (R.O.C.)","蔡O成","04-26226384","04-26236496","有","有"
"56623704","20170623","20210816","英屬維京群島商昱弘鑫國際股份有限公司台灣分公司","REACH WEALTHY AGE INTERNATIONAL CO., LTD.(B.V.I.)","臺中市沙鹿區沙田路天香新村1-13號","No. 1-13, Tianxiangxincun, Shalu Dist., Taichung City 43354, Taiwan (R.O.C.)","劉O美TUNG,LIUYU-MEI","04-23285631","","無","無"
"56623731","20220307","20220307","三橫三科技有限公司","3H3 Technology Co., Ltd.","南投縣草屯鎮新厝里虎山路671號","No. 671, Hushan Rd., Xincuo Vil., Caotun Township, Nantou County 54265, Taiwan (R.O.C.)","江O瑋","0955-256191","","有","有"
"56623922","20011016","20210813","和村企業有限公司","HO TSUEN ENTERPRISE CO., LTD.","臺中市沙鹿區鹿峰里中山路612號","No. 612, Zhongshan Rd., Lufeng Vil., Shalu Dist., Taichung City 43344, Taiwan (R.O.C.)","蕭O益","04-26232131","04-26232133","有","有"
"56624350","20170608","20210814","五季椿有限公司","FIVE SEASONS CAMELLIA CO., LTD.","苗栗縣三灣鄉永和村3鄰石馬店18之3號","No. 18-3, Shimadian, 3rd Neighborhood, Sanwan Township, Miaoli County 35244, Taiwan (R.O.C.)","陳O倫","037-831195","037-831422","有","有"
"56624387","19950606","20230215","永生塑膠工業股份有限公司","YEONG SHENG PLASTICS INDUSTRY CO., LTD.","臺中市大甲區日南里工一路35號","No. 35, Gong 1st Rd., Rinan Vil., Dajia Dist., Taichung City 437101, Taiwan (R.O.C.)","曾O生","04-26814568","04-26816703","有","有"
"56624422","20170511","20210813","億璽國際有限公司","BILLION HALL CO., LTD.","彰化縣彰化市復興里力行路65號","No. 65, Lixing Rd., Fuxing Vil., Changhua City, Changhua County 50081, Taiwan (R.O.C.)","吳O琮","04-7200998","","有","有"
"56624513","20170503","20210814","冠軍汽車材料有限公司","CHAMPION AUTOMOTIVE MATERIALS LTD.","屏東縣屏東市豐榮里民貴二街48號2樓","2 F., No. 48, Mingui 2nd St., Fengrong Vil., Pingtung City, Pingtung County 90051, Taiwan (R.O.C.)","楊O憲","08-7551313","","有","有"
"56624529","20170602","20240216","綠慧康農業科技有限公司","GREEN SMART AGRICULTURE TECHNOLOGY CO., LTD.","臺南市永康區中華里小東路689-23號","No. 689-23, Xiaodong Rd., Zhonghua Vil., Yongkang Dist., Tainan City 710012, Taiwan (R.O.C.)","陳O萱","0975391559","","有","有"
"56624561","20191128","20210814","茗心國際有限公司","MING SIN INTERNATIONAL CO., LTD.","南投縣竹山鎮延和里22鄰和育巷393號","No. 393, Heyu Ln., 22th Neighborhood, Yanhe Vil., Zhushan Township, Nantou County 55749, Taiwan (R.O.C.)","梁O微","049-2655518","","有","有"
"56624648","20170505","20240722","亞特士科技有限公司","ATERYX TECHNOLOGY CO., LTD.","新竹縣北埔鄉埔心街109巷11弄28號","No. 28, Aly. 11, Ln. 109, Puxin St., Beipu Township, Hsinchu County 314004, Taiwan (R.O.C.)","魏O","0933618764","","有","有"
"56624746","20180111","20210815","錦華光電能源有限公司","Adjustabed Inc.","苗栗縣頭份市濫坑里尖豐路828號","No. 828, Jianfeng Rd., Lankeng Vil., Toufen City, Miaoli County 35161, Taiwan (R.O.C.)","余O群","037-542021","037-542022","有","有"
"56624915","19931117","20210813","利隆電機廠有限公司","LIH LOONG ELECTRONIC CO., LTD.","臺中市清水區下湳里中山路551之8號","No. 551-8, Zhongshan Rd., Xianan Vil., Qingshui Dist., Taichung City 43643, Taiwan (R.O.C.)","楊O山","","","有","有"
"56625029","19830914","20230304","良紗紡織股份有限公司","LIANG SHA TEXTILE CO., LTD.","臺中市梧棲區草湳里梧南路6之2號","No. 6-2, Wunan Rd., Caonan Vil., Wuqi Dist., Taichung City 435055, Taiwan (R.O.C.)","王O澤","046-355126","","有","有"
"56625169","20240906","20240906","麗記國際股份有限公司","LIJI INTERNATIONAL CO., LTD.","花蓮縣花蓮市主學里中正路359-7號1樓","1 F., No. 359-7, Zhongzheng Rd., Zhuxue Vil., Hualien City, Hualien County 970005, Taiwan (R.O.C.)","張O凱","0989022560","","有","有"
"56625344","19880312","20230622","上福全球科技股份有限公司","GENERAL PLASTIC INDUSTRIAL CO., LTD.","臺中市梧棲區自強路50號","No. 50, Ziqiang Rd., Wuqi Dist., Taichung City 435054, Taiwan (R.O.C.)","王O宏","04-26393103","04-26396204","有","有"
"56625386","20170906","20230725","展豐楷偉士樂有限公司","KERNELTOY CO., LTD.","雲林縣斗六市鎮東里大同路426號2樓","2 F., No. 426, Datong Rd., Zhendong Vil., Douliu City, Yunlin County 640006, Taiwan (R.O.C.)","","0958966878","","無","無"
"56625409","19790326","20210813","總興貿易有限公司","REVIVAL TRADING CO., LTD.","臺中市豐原區中山里復興路42號","No. 42, Fuxing Rd., Zhongshan Vil., Fengyuan Dist., Taichung City 42043, Taiwan (R.O.C.)","王O詮","04-5235223-4","","有","有"
"56625479","20170505","20240624","台灣敦磊股份有限公司","Taiwan Dun-Lei CO., LTD.","新竹縣竹北市新社里23鄰國光街31號3樓","3 F., No. 31, Kuo-Kuang St., Chupei, Hsinchu County, 302004, Taiwan","熊O玲","0926166785","","有","有"
"56625554","19890418","20230203","弘盟實業股份有限公司","HUNG MENG INDUSTRIAL CO., LTD.","臺中市清水區清水里鎮南街37號","No. 37, Zhennan St., Qingshui Vil., Qingshui Dist., Taichung City 436109, Taiwan (R.O.C.)","黃O雄","04-26224150","04-26227815","無","無"
"56625576","19800703","20240113","傳裕企業股份有限公司","CHWAN YU ENTERPRISE CO., LTD.","臺中市龍井區忠和里工業路177巷18號","No. 18, Ln. 177, Gongye Rd., Zhonghe Vil., Longjing Dist., Taichung City 434011, Taiwan (R.O.C.)","楊O明","04-26392305","04-26393017","有","有"
"56625581","19800301","20230328","隴億科技股份有限公司","SMARTECH CO., LTD.","臺中市大甲區日南里中山路二段914之9號","No. 914-9, Sec. 2, Zhongshan Rd., Rinan Vil., Dajia Dist., Taichung City 437104, Taiwan (R.O.C.)","郭O伶","04-26880281","04-26880151","有","有"
"56625631","20180517","20210813","愛配眼鏡國際有限公司","EYE PAY Glasses International Co., Ltd.","臺中市北屯區平安里文昌三街141號1樓","1 F., No. 141, Wenchang 3rd St., Ping’an Vil., Beitun Dist., Taichung City 40651, Taiwan (R.O.C.)","賴O霏","04-7239987","","有","有"
"56625870","20170816","20210623","恩潔有限公司","N JAY  LIMITED COMPANY","雲林縣斗南鎮舊社里信義路141巷20號1樓","1 F., No. 20, Ln. 141, Xinyi Rd., Jiushe Vil., Dounan Township, Yunlin County 63047, Taiwan (R.O.C.)","蔡O恩","0961-223212","","有","有"
"56625962","19960622","20210813","世鋒工業股份有限公司","SHI FENG YANG INDUSTRY CO., LTD.","臺中市清水區田寮里高美路160巷2之4號","No. 2-4, Ln. 160, Gaomei Rd., Tianliao Vil., Qingshui Dist., Taichung City 43644, Taiwan (R.O.C.)","楊O宗","04-26228582","04-26230246","有","有"
"56626006","20170509","20230204","順德昌行銷有限公司","SHUN TE CHANG MARKETING CO., LTD.","屏東縣屏東市一心里復興路156號1樓","1 F., No. 156, Fuxing Rd., Yixin Vil., Pingtung City, Pingtung County 900052, Taiwan (R.O.C.)","紀O鴻","08-7366767","08-7372227","有","有"
"56626012","20170518","20210814","咖發企業有限公司","KAFFA COFFEE CO. , LTD.","苗栗縣苗栗市維新里新庄街10巷8號","No. 8, Ln. 10, Xinzhuang St., Weixin Vil., Miaoli City, Miaoli County 36050, Taiwan (R.O.C.)","馮O漢","0963633371","","有","有"
"56626081","20190426","20210814","銘宏船舶機械有限公司","Ming Hong Marine Engineering Co., Ltd.","基隆市安樂區安樂路一段135號2樓","2 F., No. 135, Sec. 1, Anle Rd., Anle Dist., Keelung City 20441, Taiwan (R.O.C.)","謝O來","02-24621617","02-24621639","有","有"
"56626131","20170828","20210814","群至股份有限公司","ARIVER TECHNOLOGY GLOBAL CO., LTD.","桃園市中壢區龍平七街57號","No. 57, Longping 7th St., Zhongli Dist., Taoyuan City 32093, Taiwan (R.O.C.)","蘇O聖","0978-203504","","有","有"
"56626239","20170518","20210814","辛能國際有限公司","HSING NENG INTERNATIONAL CO., LTD.","宜蘭縣羅東鎮集祥里民生路80-1號1樓","1 F., No. 80-1, Minsheng Rd., Jixiang Vil., Luodong Township, Yilan County 26547, Taiwan (R.O.C.)","劉O昌","03-9548733","03-9569339","有","有"
"56626569","20170509","20240702","妹克有限公司","MAKER SOLUTION LIMITED COMPANY","新竹市東區光復路一段544巷120號3樓","3 F., No. 120, Ln. 544, Sec. 1, Guangfu Rd., East Dist., Hsinchu City 300073, Taiwan (R.O.C.)","","03-5774206","","無","無"
"56627011","20170824","20210813","熱影生技股份有限公司","THERMOVISION BIOTEK, INC.","新北市汐止區新台五路1段99號27樓之8","27F.-8, No. 99, Sec. 1, Xintai 5th Rd., Xizhi Dist., New Taipei City 22175, Taiwan (R.O.C.)","徐O棋","03-5356262","","有","有"
"56627125","19921119","20230418","瑩和企業股份有限公司","YEHN HO PLASTICS ENTERPRISE CO., LTD.","臺中市龍井區忠和里海尾路306巷7號","No. 7, Ln. 306, Haiwei Rd., Zhonghe Vil., Longjing Dist., Taichung City 434008, Taiwan (R.O.C.)","王O洲","04-26391669","04-26391882","有","有"
"56627167","19950518","20230613","岡俊企業股份有限公司","GANG TZUEMN ENTERPRISE CO., LTD.","臺中市大安區福興里興安路115號","No. 115, Xing’an Rd., Fuxing Vil., Da’an Dist., Taichung City 439012, Taiwan (R.O.C.)","白O揚","04-26713868","04-26713636","有","有"
"56627223","20170505","20240724","福星農技有限公司","FU SING AGRICULTURAL TECHNOLOGY CO., LTD.","苗栗縣大湖鄉靜湖村民族路46號2樓","2F., No. 46, Minzu Rd., Jinghu Vil., Dahu Township,  Miaoli County , Taiwan (R.O.C.)","邱O竹","0903-876888","","有","有"
"56627440","19881029","20230211","心源工業股份有限公司","SHIN-YAIN INDUSTRIAL CO., LTD.","臺中市清水區下湳里菁埔路198號","No. 198, Jingpu Rd., Xianan Vil., Qingshui Dist., Taichung City 436406, Taiwan (R.O.C.)","陳O翔","04-26237575","04-26237676","有","有"
"56627568","20170519","20250107","尚貫國際貿易有限公司","SHANG GUAN INT'L TRADING CO., LTD.","新竹縣竹北市隘口里高鐵東二路66之1號5樓","5 F., No. 66-1, Gaotie E. 2nd Rd., Aikou Vil., Zhubei City, Hsinchu County 302041, Taiwan (R.O.C.)","賴O微","0930783401","","有","有"
"56627618","20170511","20220929","錸富美生醫有限公司","LIFEMED CO., LTD.","屏東縣萬巒鄉萬全村永和巷2號","No. 2, Yonghe Ln., Wanquan Vil., Wanluan Township,  Pingtung County 923015, Taiwan (R.O.C.)","林O勳","0980-297352","08-7883012","無","無"
"56627687","20170510","20210814","晶鈦圓科技有限公司","CRYSTAL TITANIUM ROUND TECHNOLOGY CO., LTD.","基隆市七堵區百二街133號","No. 133, Bai 2nd St., Qidu Dist., Keelung City 20648, Taiwan (R.O.C.)","陳O發","02-26925975","02-26945555","有","有"
"56627835","20170601","20210814","爵馬建材有限公司","JUE MA BUILDING MATERIALS CO., LTD","雲林縣莿桐鄉麻園村埤寮路21號","No. 21, Piliao, Citong Township, Yunlin County 64746, Taiwan (R.O.C.)","蘇O祺","05-5840118","05-5352334","有","有"
"56627841","19921207","20210813","源鎰機械工業有限公司","YANG YIH MACHINERY CO., LTD.","臺中市大甲區南陽里中山路一段780號","No. 780, Sec. 1, Zhongshan Rd., Nanyang Vil., Dajia Dist., Taichung City 43746, Taiwan (R.O.C.)","林O雄","046-872578","","有","有"
"56627878","20150617","20210811","協興企業社","SHIE SHING ENTERPRISE CO.","臺中市沙鹿區斗抵里斗潭路５０號","No. 50, Doutan Rd., Doudi Vil., Shalu Dist., Taichung City 43345, Taiwan (R.O.C.)","黃O秩","04-26353944","","有","有"
"56627883","19840110","20230215","懷浙皮件工業股份有限公司","HWAI JEH LEATHER INDUSTRIAL CO., LTD.","臺中市外埔區六分里六分路163號4樓","4 F., No. 163, Liufen Rd., Liufen Vil., Waipu Dist., Taichung City 438017, Taiwan (R.O.C.)","李O安","04-26838980","04-26838982","有","有"
"56628095","20240229","20240229","元晟潔品實業有限公司","YUANESHENG CORP.","彰化縣社頭鄉廣興村仁愛二路306巷18號1樓","1 F., No. 18, Ln. 306, Ren’ai 2nd Rd., Shetou Township, Changhua County 511009, Taiwan (R.O.C.)","陳O源","0988422527","","有","有"
"56628270","20031105","20210813","在星工業有限公司","ZDI XING CO., LTD.","臺中市沙鹿區興安里永寧路75號","No. 75, Yongning Rd., Xing’an Vil., Shalu Dist., Taichung City 43351, Taiwan (R.O.C.)","陳O福","04-2665-2968","04-2665-2978","有","有"
"56628285","19850320","20250509","鴻椅企業股份有限公司","TSU HSIEH CO., LTD.","臺中市梧棲區永興路2段336巷23號","No. 23, Ln. 336, Sec. 2, Yongxing Rd., Wuqi Dist., Taichung City 435055, Taiwan (R.O.C.)","","046-354156","","無","無"
"56628362","19831206","20210814","瑞堅企業股份有限公司","RARE-GIN ENTERPRISE CO., LTD.","臺中市沙鹿區和睦路三段481巷26號1樓","1 F., No. 26, Ln. 481, Sec. 3, Hemu Rd., Shalu Dist., Taichung City 43348, Taiwan (R.O.C.)","劉O綉英","04-26153337","04-26151088","有","有"
"56628383","19840825","20221013","興一股份有限公司","HSING I PLASTIC CO., LTD.","臺中市西屯區福安里福科路150號及152號","No. 150, No. 152, Fuke Rd., Fu’an Vil., Xitun Dist., Taichung City 407009, Taiwan (R.O.C.)","吳O和","04-26353110","04-26358746","有","有"
"56628454","20170508","20240530","谷威拉貿易有限公司","KUVELA CO., LTD.","南投縣埔里鎮桃米里桃米巷7號","No. 7, Taomi Ln., Taomi Vil., Puli Township, Nantou County 545023, Taiwan (R.O.C.)","吳O瑩","0970288586","0492997115","無","無"
"56628573","19790511","20220930","明源橡膠工業股份有限公司","MIN-YUEN RUBBER IND. CO., LTD.","臺中市梧棲區永安里向上路九段467號","No. 467, Sec. 9, Xiangshang Rd., Yong’an Vil., Wuqi Dist., Taichung City 435055, Taiwan (R.O.C.)","謝O霖","04-26391832-4","04-26390052","有","有"
"56628736","20170601","20210812","立碘機械有限公司","LI DIAN MECHANICAL CO., LTD.","彰化縣埔心鄉舊館村新館路650巷13號3樓","3 F., No. 13, Ln. 650, Xinguan Rd., Puxin Township, Changhua County 51343, Taiwan (R.O.C.)","陳O宏","0973195496","","有","有"
"56628784","20180713","20240508","耀瓏機械有限公司","HYPERION MACHINERY CO., LTD.","新竹縣北埔鄉埔尾村埔心街103號1樓","1F., No. 103, Puxin St., Puwei Vil., Beipu Township,  Hsinchu County 314004, Taiwan (R.O.C.)","陳O芳","03-5805358","03-5805352","有","有"
"56628790","20170601","20210815","明鑫智能有限公司","MING SHIN INTELLIGENT CO., LTD.","新北市新莊區中央路208號16樓","16 F., No. 208, Zhongyang Rd., Xinzhuang Dist., New Taipei City 24251, Taiwan (R.O.C.)","郭O甫","02-85219166","","有","有"
"56628807","19960503","20211105","進樺實業股份有限公司","I CHYUN TEXTILE CORP.","臺中市梧棲區大村里文昌路39號1樓","1 F., No. 39, Wenchang Rd., Dacun Vil., Wuqi Dist., Taichung City 43549, Taiwan (R.O.C.)","楊O欉","04-26392792","04-26398942","有","有"
"56628905","19920424","20210815","瑞祥精密機械工業有限公司","RUEY SHIAN PRECISION MACHINERY INDUSTRY CO., LTD.","臺中市梧棲區草湳里港埠路一段525號","No. 525, Sec. 1, Gangbu Rd., Caonan Vil., Wuqi Dist., Taichung City 43546, Taiwan (R.O.C.)","林O梅","04-22639824","","有","有"
"56628911","20170606","20210814","柏陞環球有限公司","J.G GLOBAL CO.,LTD","彰化縣鹿港鎮東石里鹿西路390號","No. 390, Luxi Rd., Dongshi Vil., Lukang Township, Changhua County 50549, Taiwan (R.O.C.)","黃O旺","04-7779050","04-7775320","有","有"
"56628927","19840526","20240410","泰億工業股份有限公司","TAY-E CO., LTD.","臺中市大甲區義和里文曲路529號","No. 529, Wenqu Rd., Yihe Vil., Dajia Dist., Taichung City 437004, Taiwan (R.O.C.)","陳O強","046-879115-7","","有","有"
"56629003","20170601","20230515","頗憶多貿易有限公司","POIND TRADE CO., LTD.","雲林縣林內鄉林南村中正路221號1樓","1F., No. 221, Zhongzheng Rd., Linnan Vil., Linnei Township,  Yunlin County 643001, Taiwan (R.O.C.)","潘O締","05-5223942","05-5223931","無","無"
"56629030","20210625","20210813","御田有限公司","U-TIAN  CO.,  LTD.","彰化縣和美鎮南佃里南陵路7巷1號1樓","1 F., No. 1, Ln. 7, Nanling Rd., Nandian Vil., Hemei Township, Changhua County 50849, Taiwan (R.O.C.)","劉O佑","09-78655189","","有","有"
"56629171","19801203","20230221","曜正實業股份有限公司","LEE BROTHERS HAT CORP.","臺中市梧棲區草湳里自強一街85號1樓","1 F., No. 85, Ziqiang 1st St., Caonan Vil., Wuqi Dist., Taichung City 435054, Taiwan (R.O.C.)","李O彰","04-26391517","04-26391519","無","無"
"56629215","20170518","20210814","金索股份有限公司","ATKINSORB LTD.","新竹市東區金山里金山26街116號1樓","1 F., No. 116, Jinshan 26th St., Jinshan Vil., East Dist., Hsinchu City 30080, Taiwan (R.O.C.)","洪O谷","0918488021","","有","有"
"56629313","20170620","20250416","欣辰整合行銷有限公司","STAR INTERGRATED MARKETING CO., LTD.","花蓮縣吉安鄉稻香村4鄰吉昌三街89號1樓","1 F., No. 89, Jichang 3rd St., 4th Neighborhood, Ji’an Township, Hualien County 97361, Taiwan (R.O.C.)","","03-8528911","","無","無"
"56629550","20190705","20240229","群浩國際有限公司","Chander&C International Co., Ltd.","彰化縣線西鄉德興村德興路8之2號","No. 8-2, Dexing Rd., Xianxi Township, Changhua County 50742, Taiwan (R.O.C.)","許O端","04-7585136","04-7585235","有","有"
"56629622","20170612","20231130","雅晶服飾有限公司","YA JING APPAREL CO., LTD.","雲林縣西螺鎮漢光里建興路187號","No. 187, Jianxing Rd., Hanguang Vil., Xiluo Township, Yunlin County 648004, Taiwan (R.O.C.)","施O源","0982696966","","無","無"
"56629828","20170511","20250110","隆博國際精機有限公司","NOBLE ENGINEERING VENTURES PTE LTD.","新竹縣竹北市鹿場里3鄰成功一街57號6樓","6 F., No. 57, Chenggong 1st St., 3rd Neighborhood, Luchang Vil., Zhubei City, Hsinchu County 30264, Taiwan (R.O.C.)","","0935766699","","無","無"
"56629974","20190705","20230628","蘇氏範圍創意行銷有限公司","Crossframe Co. Ltd.","基隆市中山區民治里中山一路249號","No. 249, Zhongshan 1st Rd., Minzhi Vil., Zhongshan Dist., Keelung City 203001, Taiwan (R.O.C.)","","24722212","24722212","無","無"
"56630037","20170612","20230322","冠春服飾有限公司","GUAN CHUN APPAREL CO., LTD.","雲林縣麥寮鄉麥豐村華興路95號1樓","1F., No. 95, Huaxing Rd., Maifeng Vil., Mailiao Township,  Yunlin County 638001, Taiwan (R.O.C.)","施O源","0982696966","","無","無"
"56630043","20220112","20221004","精宬工業有限公司","Ching Chen Industry CO., LTD.","彰化縣花壇鄉橋頭村長昇街20巷55號","No. 55, Ln. 20, Changsheng St., Qiaotou Vil., Huatan Township,  Changhua County 503008, Taiwan (R.O.C.)","王O真","04-7513057","","有","有"
"56630064","19790529","20221005","明宙工業股份有限公司","MING CHOU INDUSTRIAL CO., LTD.","臺中市龍井區忠和里海尾路240巷11號","No. 11, Ln. 240, Haiwei Rd., Zhonghe Vil., Longjing Dist., Taichung City 434507, Taiwan (R.O.C.)","陳O明","046-392130-2","0462-392658","有","有"
"56630085","19960705","20230217","上林紡織股份有限公司","SUN GOD TEXTILE CO., LTD.","臺中市龍井區忠和里台西南路218號","No. 218, Taixi S. Rd., Zhonghe Vil., Longjing Dist., Taichung City 434008, Taiwan (R.O.C.)","蘇O麗華","02-25533610","02-25533353","有","有"
"56630108","20170612","20230414","香柔服飾有限公司","XIANG ROU APPAREL CO., LTD.","雲林縣西螺鎮漢光里建興路187號","No. 187, Jianxing Rd., Hanguang Vil., Xiluo Township, Yunlin County 648004, Taiwan (R.O.C.)","施O源","0982696966","","無","無"
"56630326","20170818","20210816","貝里斯商美麗樂生技股份有限公司臺灣分公司","MELILEA INTERNATIONAL INC. TAIWAN BRANCH (BELIZE)","臺北市內湖區洲子街88號10樓","10 F., No. 88, Zhouzi St., Neihu Dist., Taipei City 11493, Taiwan (R.O.C.)","黃O華WONGKWAIHUA,黃楷倫WONGKAILUN","02-26588882#586","02-87977786","有","有"
"56630509","20220607","20220607","鼎立製網有限公司","DINGLI MESH CO., LTD.","嘉義縣民雄鄉北斗村北勢子56-20號1樓","1 F., No. 56-20, Beishizi, Minxiong Township, Chiayi County 621006, Taiwan (R.O.C.)","何O誠","05-2955700","05-2956056","有","有"
"56630542","20250320","20250320","倪釆有限公司","Dayspa Company Limited","新竹市東區公道五路二段83號4樓之一","4 F.-1, No. 83, Sec. 2, Gongdao 5th Rd., East Dist., Hsinchu City 300046, Taiwan (R.O.C.)","林O蓁","03-5730777","","有","有"
"56630634","20170606","20230111","盈睿生技股份有限公司","YIN RUI BIOLOGICAL CO., LTD.","苗栗縣竹南鎮佳興里19鄰公教路52巷7號","No. 7, Ln. 52, Gongjiao Rd., 19th Neighborhood, Jiaxing Vil., Zhunan Township, Miaoli County 350004, Taiwan (R.O.C.)","林O秀","037-473196","037-473196","有","有"
"56630727","20220211","20240509","沛康國際環衛有限公司","Peikang Co.,Ltd.","基隆市安樂區新西街193號","No. 193, Xinxi St., Anle Dist., Keelung City 20441, Taiwan (R.O.C.)","余O達","02-34010718","","有","有"
"56630753","20171116","20210814","聿谷資訊有限公司","HUGOO TECH CO., LTD.","嘉義縣朴子市竹圍里21鄰四維路二段204號","No. 204, Sec. 2, Siwei Rd., 21th Neighborhood, Zhuwei Vil., Puzi City, Chiayi County 61351, Taiwan (R.O.C.)","黃O融","05-3700288","05-3706504","有","有"
"56630825","20220523","20220523","博元事業有限公司","Bo yuan enterprise CO .,LTD","基隆市中山區中山一路251號","No. 251, Zhongshan 1st Rd., Zhongshan Dist., Keelung City 20341, Taiwan (R.O.C.)","張O陽","02-24261658","","有","有"
"56631155","20240530","20240530","遠隆企業有限公司","YOUN LONG Enterprise CO., LTD.","新竹縣竹北市新社里保泰六路2號3樓","3 F., No. 2, Baotai 6th Rd., Zhubei City, Hsinchu County 302004, Taiwan (R.O.C.)","黃O枝","03-5564319","03-5565819","有","有"
"56631346","20220217","20220217","翊旺食材有限公司","YI WANG FOOD CO., LTD.","苗栗縣苑裡鎮社苓里11鄰社苓124之3號1樓","1 F., NO. 124-3, SHELING, 11TH NEIGHBORHOOD, SHELING VIL., YUANLI TOWNSHIP, MIAOLI COUNTY 358008, TAIWAN (R.O.C.)","涂O羚","037-746234","","有","有"
"56631492","20180307","20231202","曙光機械有限公司","DAWN MACHINERY CO., LTD.","彰化縣埔鹽鄉角樹村員鹿路一段179號","No. 179, Sec. 1,  Yuanlu Rd., Jiaushu Vil., Puyan Township,  Changhua County 516022, Taiwan (R.O.C.)","徐O興","04-8658875","04-8659786","有","有"
"56631726","20170531","20230208","紛鳥股份有限公司","FRESH CORNER CO., LTD.","新竹縣竹北市中興里嘉豐南路一段1號","No. 1, Sec. 1, Jiafeng S. Rd., Zhongxing Vil., Zhubei City, Hsinchu County 302052, Taiwan (R.O.C.)","劉O芳","03-6206000","03-6205735","無","無"
"56631802","19960617","20210815","文皓塑膠有限公司","WING HOR PLASTIC COMPANY","臺中市沙鹿區興安里斗潭路402號","No. 402, Doutan Rd., Xing’an Vil., Shalu Dist., Taichung City 43345, Taiwan (R.O.C.)","白O珍","04-26356389","","有","有"
"56631900","20200323","20210815","雅祥生活有限公司","Yaxiang Life Co., Ltd.","彰化縣大村鄉黃厝村美港路417巷臨100號","No. 100, Ln. 417, Meigang Rd., Dacun Township, Changhua County 51546, Taiwan (R.O.C.)","陳O姿","04-8535985","","有","有"
"56631937","20170713","20210815","筌茂有限公司","QUANMAO CO., LTD.","臺北市中山區南京東路3段189號8樓","8 F., No. 189, Sec. 3, Nanjing E. Rd., Zhongshan Dist., Taipei City 10488, Taiwan (R.O.C.)","黃O怡","0970518862","","有","有"
"56632078","20180123","20230419","亞伯尼股份有限公司","A.Brolly International Co., Ltd.","新竹市香山區埔前里浸水街7號","No. 7, Jinshui St., Puqian Vil., Xiangshan Dist., Hsinchu City 300058, Taiwan (R.O.C.)","蘇O碩","03-5381169","","有","有"
"56632149","20170809","20210814","和連輪胎股份有限公司","HO-LANG TIRE CORP. LTD.","宜蘭縣五結鄉五結中路三段491號","No. 491, Sec. 3, Wujie Central Rd., Wujie Township, Yilan County 26843, Taiwan (R.O.C.)","陳OO","039-650735","","有","有"
"56632176","20170720","20210814","光準檢驗科技有限公司","GUANG JHUN TECHNOLOGY CO., LTD.","苗栗縣苑裡鎮田心里9鄰田心88-1號1樓","1 F., No. 88-1, Tianxin, 9th Neighborhood, Tianxin Vil., Yuanli Township, Miaoli County 35866, Taiwan (R.O.C.)","鄭O隆","0936-101241","","有","有"
"56632181","20190307","20210814","聖景企業有限公司","SHINE JING Enterprise Co., Ltd.","彰化縣田中鎮新民里沙崙路292巷2號1樓","1 F., No. 2, Ln. 292, Shalun Rd., Xinmin Vil., Tianzhong Township, Changhua County 52043, Taiwan (R.O.C.)","黃O和","04-8744111","04-8740571","有","有"
"56632529","19990722","20210812","舒雅實業股份有限公司","SHWU IA INDUSTRIAL CO., LTD.","臺中市清水區下湳里菁埔路222號","No. 222, Jingpu Rd., Xianan Vil., Qingshui Dist., Taichung City 43644, Taiwan (R.O.C.)","王O源","04-26225532","","有","有"
"56632886","20170511","20240113","瑞士商崑崙錶有限公司台灣分公司","MONTRES CORUM SARL TAIWAN BRANCH (SWITZERLAND)","臺北市信義區基隆路1段163號10樓","10 F., No. 163, Sec. 1, Keelung Rd., Xinyi Dist., Taipei City 11070, Taiwan (R.O.C.)","孫O宗SOONBOONCHONG","","","無","無"
"56633007","20170515","20210814","政漢電子科技有限公司","JHENG HAN ELECTRONIC TECHNOLOGY CO., LTD.","新竹市北區南寮里4鄰中清一路22之7號1樓","1 F., No. 22-7, Zhongqing 1st Rd., 4th Neighborhood, Nanliao Vil., North Dist., Hsinchu City 30058, Taiwan (R.O.C.)","彭O娟","","","有","有"
"56633267","19831201","20230429","新陸豐電機工廠股份有限公司","HSIN LIO FENG ELECTRIC MACHINERY CO., LTD.","臺中市龍井區忠和里臨港路二段52號","No. 52, Sec. 2, Lingang Rd., Zhonghe Vil., Longjing Dist., Taichung City 434011, Taiwan (R.O.C.)","周O鐘","04-26353616","","有","有"
"56633273","19850122","20250327","特毅實業股份有限公司","TEH YIH ENTERPRISE CO., LTD.","臺中市外埔區大同里甲后路448號","No. 448, Jiahou Rd., Datong Vil., Waipu Dist.,  Taichung City 438, Taiwan (R.O.C.)","葉O季","046-860366","","有","有"
"56633323","20180525","20250122","鑫碘開發有限公司","XIN DIAN DEVELOPMENT CO., LTD.","","","","0924048041","","無","無"
"56633409","20170928","20210815","日日旺國際企業有限公司","RIH RIH WANG INTERNATIONAL DEVELOPMENT CO., LTD.","彰化縣彰化市華山路273巷20之31號1樓","1 F., No. 20-31, Ln. 273, Huashan Rd., Changhua City, Changhua County 50047, Taiwan (R.O.C.)","洪O嘉","0983-865779","04-7615299","有","有"
"56633689","20020909","20230210","甲隆鋼鐵股份有限公司","CHIA LONG STEEL CO., LTD.","臺中市大甲區江南里東西八路一段89號","No. 89, Sec. 1, Dongxi 8th Rd., Jiangnan Vil., Dajia Dist., Taichung City 437015, Taiwan (R.O.C.)","王O琳","04-26871557","04-26762670","有","有"
"56633718","20170605","20230510","海笙有限公司","HAE SHENG CO., LTD.","宜蘭縣頭城鎮拔雅里吉祥路242號1樓","1 F., No. 242, Jixiang Rd., Baya Vil., Toucheng Township, Yilan County 261009, Taiwan (R.O.C.)","黃O遠","03-9777102","","有","有"
"56633870","20180925","20210814","奕杰國際股份有限公司","Yi Jay International Co., Ltd.","屏東縣枋寮鄉隆山村隆山路95巷53號2樓","2 F., No. 53, Ln. 95, Longshan Rd., Fangliao Township, Pingtung County 94049, Taiwan (R.O.C.)","蘇O","08-8789991#226","08-8789994","有","有"
"56634006","20170515","20240103","耘生科技工業股份有限公司","SUNLIGHT BEAUTY BIOTECH CO., LTD.","桃園市桃園區武陵里民生路67巷20號(1樓)","1 F., No. 20, Ln. 67, Minsheng Rd., Wuling Vil., Taoyuan Dist., Taoyuan City 330002, Taiwan (R.O.C.)","鍾O志","03-6576282","","有","有"
"56634104","20170517","20210814","岳強實業有限公司","YUEQIANG INDUSTRIAL COMPANY LIMITED","新竹縣新豐鄉松林村潤泰街1巷7號","No. 7, Ln. 1, Runtai St., Xinfeng Township, Hsinchu County 30448, Taiwan (R.O.C.)","詹O淵","0928931650","","有","有"
"56634152","20170918","20210815","鼎億玻璃工業有限公司","DING YIH GLASS INDUSTRIAL CO., LTD.","新竹市香山區海山里大湖路171號","No. 171, Dahu Rd., Haishan Vil., Xiangshan Dist., Hsinchu City 30093, Taiwan (R.O.C.)","蔡O珊","03-5181598","","有","有"
"56634245","20170815","20240904","美商橘子摩改股份有限公司台灣分公司","ORANGE MOD WORKS, INC. TAIWAN BRANCH","新北市新莊區新莊路36號","No. 36, Xinzhuang Rd., Xinzhuang Dist., New Taipei City 242001, Taiwan (R.O.C.)","張O瀚","02-22777061","02-22773272","無","無"
"56634266","20170607","20210813","希爾國際貿易有限公司","SEARS INTERNATIONAL TRADE CO., LTD.","嘉義縣新港鄉大潭村23鄰大潭10-16號","No. 10-16, Datan, 23th Neighborhood, Xingang Township, Chiayi County 61642, Taiwan (R.O.C.)","林O宗","05-3742215","05-3747460","有","有"
"56634300","19921223","20230322","吉信織造廠股份有限公司","CHI HSIN WEAVING FACTORY CO., LTD.","臺中市梧棲區福德里中央路二段266號","No. 266, Sec. 2, Zhongyang Rd., Fude Vil., Wuqi Dist., Taichung City 435052, Taiwan (R.O.C.)","楊O信","04-26560231","04-26561689","有","有"
"56634435","20220411","20230104","府德有限公司","Fude service Technology Co.,Ltd","新竹市北區海濱里興濱路73號2樓","2 F., No. 73, Xingbin Rd., Haibin Vil., North Dist., Hsinchu City 300067, Taiwan (R.O.C.)","鄭O云","03-5360556","","有","有"
"56634478","20200527","20240119","豐郁國際企業有限公司","FENG-YU GIFT International Enterprise limited","新竹縣新豐鄉崎頂村建興路二段498巷5號1樓","1F., No. 5, Ln. 498, Sec. 2,  Jianxing Rd., Qiding Vil., Xinfeng Township,  Hsinchu County 304121, Taiwan (R.O.C.)","沈O鋒","03-5575517","03-5575547","有","有"
"56634625","20170720","20210813","今湛文創事業有限公司","PROFOND CULTURAL AND CREATIVE ENTERPRISE CO., LTD.","彰化縣溪湖鎮大溪路二段370巷10號","No. 10, Ln. 370, Sec. 2, Daxi Rd., Xihu Township, Changhua County 51444, Taiwan (R.O.C.)","陳O綺","04-8857193","","有","有"
"56635027","20000414","20230505","泉勝木工股份有限公司","CHYUAN SHENG PLYWOOD CO., LTD.","臺中市外埔區水美里二崁路636號","No. 636, Erkan Rd., Shuimei Vil., Waipu Dist., Taichung City 438018, Taiwan (R.O.C.)","王O益","04-2686-0900","04-2688-2499","有","有"
"56635125","20180117","20250214","大松節能科技有限公司","Tason Saving Technology Co., Ltd.","雲林縣虎尾鎮立仁里自強街89號1樓","1 F., No. 89, Ziqiang St., Liren Vil., Huwei Township, Yunlin County 63246, Taiwan (R.O.C.)","","05-6338981","05-6338981","無","無"
"56635167","20220330","20220330","昇磊貿易有限公司","SUNLEX LIMITED","新竹縣關西鎮東光里4鄰十六張56巷23號1樓","1 F., No. 23, Ln. 56, Shiliuzhang, 4th Neighborhood, Dongguang Vil., Guanxi Township, Hsinchu County 30643, Taiwan (R.O.C.)","莊O妍","0939772227","","有","有"
"56635188","19840927","20230414","星陽實業股份有限公司","sing yang shih ye industry co. ltd.","臺中市外埔區水美里水美路33號","No. 33, Shuimei Rd., Shuimei Vil., Waipu Dist., Taichung City 438019, Taiwan (R.O.C.)","陳O淞","04-26833608","04-26833508","有","有"
"56635286","20180323","20211117","銥光農業科技股份有限公司","Elights Agricultural Technology Co., Ltd.","臺中市霧峰區北柳里四德路376巷57號","NO. 57, LN. 376, SIDE RD., WUFENG DIST., TAICHUNG CITY 41353, TAIWAN (R.O.C.)","戴O峰","04-23398889","04-23398850","有","有"
"56635342","20170522","20240924","森宇科技股份有限公司","AuroraProbe CO., LTD.","新竹縣竹北市新泰路31號6樓-1","6 F.-1, No. 31, Xintai Rd., Zhubei City, Hsinchu County 302006, Taiwan (R.O.C.)","陳O峯","03-5779656","03-5779906","有","有"
"56635482","20170517","20220809","愛爾蘭商天時通訊股份有限公司台灣分公司","C.M.S DISTRIBUTION LIMITED TAIWAN BRANCH (IRELAND)","臺北市中山區南京東路3段168號15樓之1","15F.-1, NO. 168, SEC. 3, NANJING E. RD., ZHONGSHAN DIST., TAIPEI CITY 10488, TAIWAN (R.O.C.)","AODREWDOUGLASUDEO","02-2175-2280","","有","有"
"56635841","20170518","20231102","海角航海有限公司","CAPE SAILING LIMITED","臺東縣東河鄉興昌村南八里11之10號","No. 11-10, Xingchang, Donghe Township, Taitung County 95942, Taiwan (R.O.C.)","","02-25210710","","無","無"
"56635899","20170515","20220211","美商銳地有限公司台灣分公司","REALD INC. TAIWAN BRANCH (USA)","臺北市大安區忠孝東路3段136號11樓之5","11F.-5, No. 136, Sec. 3, Zhongxiao E. Rd., Da’an Dist., Taipei City 10655, Taiwan (R.O.C.)","陳O紹","0277303378#8191","02-27510431","有","有"
"56635912","20170518","20230201","可威貿易有限公司","A.K. WELLS TRADING CO., LTD.","新竹市東區大學路1031號五樓之11","5F.-11, No. 1031, Daxue Rd., East Dist., Hsinchu City 30080, Taiwan (R.O.C.)","林O謙","03-5908569","","無","無"
"56636074","19970129","20230314","柯鐵國際股份有限公司","KO IRON MACHINE INDUSTRIES CO.,LTD.","臺中市西區安龍里自立街94號1樓","1 F., No. 94, Zili St., Anlong Vil., West Dist., Taichung City 403007, Taiwan (R.O.C.)","柯O","04-26873591","04-26869485","有","有"
"56636172","20231120","20231120","羽喬工業有限公司","Yu Qiao Industrial CO., LTD.","彰化縣福興鄉新生路8之7號","No. 8-7, Xinsheng Rd., Fuxing Township, Changhua County 506013, Taiwan (R.O.C.)","黃O銘","04-7706116","","有","有"
"56636243","20170517","20210813","鋒星企業有限公司","FENG SIN ENTERPRISE CO., LTD.","臺中市南屯區春社里同安北巷7之2號1樓","1 F., No. 7-2, Tong’an N. Ln., Chunshe Vil., Nantun Dist., Taichung City 40859, Taiwan (R.O.C.)","蔡O訓","04-23210358","","有","有"
"56636433","20170621","20210814","嘉泰貿易有限公司","BESTTIME TRADE CORP.","新竹縣竹北市斗崙里光明九路33號三樓","3 F., No. 33, Guangming 9th Rd., Doulun Vil., Zhubei City, Hsinchu County 30268, Taiwan (R.O.C.)","周O興","03-5583325#103","03-5586779","有","有"
"56636476","20170522","20210814","順勝漁業有限公司","SHUN SHENG FISHERY CO., LTD.","屏東縣東港鎮中興里中正路32號1樓","1 F., No. 32, Zhongzheng Rd., Zhongxing Vil., Donggang Township, Pingtung County 92849, Taiwan (R.O.C.)","鄭O瑞","08-8351102","","有","有"
"56636481","20170523","20210814","樂萬科技有限公司","THE ONE TECHNOLOGY CO., LTD","苗栗縣竹南鎮龍鳳里龍江街11巷2弄18之2號1樓","1 F., No. 18-2, Aly. 2, Ln. 11, Longjiang St., Longfeng Vil., Zhunan Township, Miaoli County 35055, Taiwan (R.O.C.)","楊O菁","037-551759","","有","有"
"56636594","20180117","20210814","勝鈞電機有限公司","Shengjun Electric & Machinery Co., Ltd.","新竹縣竹北市成功一街83號9樓","9 F., No. 83, Chenggong 1st St., Zhubei City, Hsinchu County 30264, Taiwan (R.O.C.)","蔡O真","03-5797-588#13","","有","有"
"56636601","20170515","20221024","宏卯實業有限公司","HOME MAO INDUSTRY CO., LTD.","雲林縣斗六市榴中里石榴路65號1樓","1 F., No. 65, Shiliu Rd., Liuzhong Vil., Douliu City, Yunlin County 640107, Taiwan (R.O.C.)","李O成","0939-058401","","有","有"
"56636692","20190328","20210814","捷米生活國際有限公司","Jie Mi Living Supplies International Co., Ltd.","彰化縣員林市東和里萬年路二段121巷5號","No. 5, Ln. 121, Sec. 2, Wannian Rd., Donghe Vil., Yuanlin City, Changhua County 51056, Taiwan (R.O.C.)","吳O怡","04-8312316","","有","有"
"56636742","20170602","20250530","香港商倍靈科技有限公司台灣分公司","HONG KONG BELUN TECHNOLOGY COMPANY LIMITED TAIWAN BRANCH","新竹縣竹北市復興二路229號5樓之3","5 F.-3, No. 229, Fuxing 2nd Rd., Zhubei City, Hsinchu County 302052, Taiwan (R.O.C.)","王O芬","","","有","有"
"56636840","20170525","20241024","美商恩賜達有限公司台灣分公司","US ENZACTA EAST ASIA LLC, TAIWAN BRANCH","臺北市松山區南京東路四段1號11樓","11 F., No. 1, Sec. 4, Nanjing E. Rd., Songshan Dist., Taipei City 105609, Taiwan (R.O.C.)","何O翰JohnEdwardHall","02-25413131","","有","有"
"56636861","20170531","20230519","有車有工作有限公司","BRILLIANT AGRICULTURE LIMITED","彰化縣彰化市莿桐里彰水路167-2號1樓","1 F., No. 167-2, Zhangshui Rd., Citong Vil., Changhua City, Changhua County 500031, Taiwan (R.O.C.)","徐O孝","04-7625957","","有","有"
"56637003","20170517","20210816","荷蘭商艾希優醫療產品股份有限公司台灣分公司","ICU MEDICAL B.V., TAIWAN BRANCH (NETHERLANDS)","臺北市大安區敦化南路二段319號3樓","3 F., No. 319, Sec. 2, Dunhua S. Rd., Da’an Dist., Taipei City 10669, Taiwan (R.O.C.)","BOianMichaelBonnell","","","有","有"
"56637340","20170522","20210816","英屬維京群島商宇多有限公司台灣分公司","CHOLE LIU INTERNATIONAL GROUP INC. TAIWAN BRANCH (BVI)","臺北市內湖區民權東路六段180巷42弄13號6樓之2","6F.-2, No. 13, Aly. 42, Ln. 180, Sec. 6, Minquan E. Rd., Neihu Dist., Taipei City 11490, Taiwan (R.O.C.)","劉O瑄LIU,TZU-HSUAN","03-3336269","","有","有"
"56637833","20170517","20220530","英商輯創股份有限公司台灣分公司","Rain Technology Research Limited (UK), TAIWAN BRANCH","桃園市中壢區青埔里青峰路1段37號6樓","6 F., NO. 37, QINGFENG RD., QINGPU, ZHONGLI DIST., TAOYUAN CITY 320, TAIWAN (R.O.C.)","莊O瑋","02-27317877","02-27317877","有","有"
"56637849","20170519","20210814","磐石精密五金有限公司","PA STONE PRECISION METALS CO., LTD.","彰化縣福興鄉福興村沿路五段29號","No. 29, Fuxing Township, Changhua County 506, Taiwan (R.O.C.)","蘇O綸","04-7772838","04-7776168","有","有"
"56637860","19791215","20220727","千力電子股份有限公司","CHEIN LEE ELECTRONIC CO., LTD.","臺中市梧棲區草湳里港埠路一段627號","No. 627, Sec. 1, Gangbu Rd., Caonan Vil., Wuqi Dist., Taichung City 435054, Taiwan (R.O.C.)","趙O美","04-26391337","04-26392755","有","有"
"56638360","20170518","20210814","寶盛國際通訊有限公司","PAO SHENG INTERNATIONAL COMMUNICATION CO., LTD.","臺中市北屯區平田里瀋陽路三段261號1樓","1 F., No. 261, Sec. 3, Shenyang Rd., Pingtian Vil., Beitun Dist., Taichung City 40649, Taiwan (R.O.C.)","蔡O文","04-22418416","04-22418418","有","有"
"56638410","19990208","20221208","安銘企業有限公司","AN MING ENTERPRISE CO., LTD.","臺中市梧棲區梧南路8之3號","No. 8-3, Wunan Rd., Wuqi Dist., Taichung City 435055, Taiwan (R.O.C.)","洪O呈","","","有","有"
"56638447","20170518","20210814","悅嘉若華貿易有限公司","WOODYFAMILY CO., LTD.","新竹市東區東山里培英街34號","No. 34, Peiying St., Dongshan Vil., East Dist., Hsinchu City 30068, Taiwan (R.O.C.)","陳O延","03-5738106","","有","有"
"56638827","20170524","20211113","佳仁照護有限公司","JIA REN CARE COMPANY","臺中市大甲區育英路127號1樓","1 F., No. 127, Yuying Rd., Dajia Dist., Taichung City 43749, Taiwan (R.O.C.)","蔡O霓","0910116345","","有","有"
"56638880","19950215","20220316","仲永實業有限公司","JONQ YEONG INDUSTRIAL CO., LTD.","臺中市梧棲區永興路一段545巷101號","No. 101, Ln. 545, Sec. 1, Yongxing Rd., Wuqi Dist., Taichung City 43549, Taiwan (R.O.C.)","王O鴻","04-26395536","04-26398019","有","有"
"56638967","20240902","20240902","展程國際諮詢股份有限公司","Zhan Cheng Consulting Co., Ltd.","新竹市東區龍山里光復路一段576巷2弄51號","No. 51, Aly. 2, Ln. 576, Sec. 1, Guangfu Rd., Longshan Vil., East Dist., Hsinchu City 300047, Taiwan (R.O.C.)","周O華","03-5775168","","有","有"
"56639017","20201225","20210815","台灣花磚文化有限公司","Taiwan Tiles Culture Co., Ltd.","嘉義市西區國華里林森西路282號1樓","1 F., No. 282, Linsen W. Rd., Guohua Vil., West Dist., Chiayi City 60049, Taiwan (R.O.C.)","徐O彬","0978763035","","有","有"
"56639488","20220120","20230216","晟倢科技有限公司","CHENG-JIE TECHNOLOGY COMPUTER LIMITED COMPANY","新竹市北區士林里士林北路76號1樓","1 F., No. 76, Shilin N. Rd., Shilin Vil., North Dist., Hsinchu City 300013, Taiwan (R.O.C.)","陳O民","03-5152168","03-5351161","有","有"
"56639712","20030714","20210814","東舜水電工程有限公司","EASTERN SHUENN ELECTRIC ENGINEERING CO., LTD.","臺中市梧棲區建國北街151巷65號","No. 65, Ln. 151, Jianguo N. St., Wuqi Dist., Taichung City 43548, Taiwan (R.O.C.)","王O知","04-2656-2020","04-2656-9120","有","有"
"56639810","20170524","20240801","漢璽科技股份有限公司","HANNXI TECHNOLOGIES INC.","新竹縣湖口鄉成功路421巷5弄18號1樓","1 F., No. 18, Aly. 5, Ln. 421, Chenggong Rd., Hukou Township, Hsinchu County 303119, Taiwan (R.O.C.)","蔡O晴","03-6676360","03-5162983","有","有"
"56639945","20170608","20230111","愷允有限公司","KAIYUN L. CO., LTD.","宜蘭縣宜蘭市文化里神農路一段37號2樓","2F., No. 37, Sec. 1,  Shennong Rd., Wenhua Vil., Yilan City,  Yilan County 260, Taiwan (R.O.C.)","李O峯","","","有","有"
"56639987","20170606","20210814","尚居有限公司","MODERN LIVING CO., LTD.","南投縣竹山鎮建國三路24號1樓","1 F., No. 24, Jianguo 3rd Rd., Zhushan Township, Nantou County 55755, Taiwan (R.O.C.)","黃O楓","0953354998","","有","有"
"56640041","20170525","20220823","炘承企業有限公司","SINCERE MATERIALS ENTERPRISE CO., LTD.","臺南市官田區渡拔里拔子林32之2號1樓","1 F., No. 32-2, Bazilin, Duba Vil., Guantian Dist., Tainan City 720004, Taiwan (R.O.C.)","賴O貴","049-2723711","049-2723731","有","有"
"56640099","19980526","20230121","日笙數位國際有限公司","SUNRISE DIGITAL INTERNATIONAL LIMITED CORPORATION","新北市三重區中華路16號2樓","2 F., No. 16, Zhonghua Rd., Sanchong Dist., New Taipei City 241038, Taiwan (R.O.C.)","王O月","02-89813131","02-29881315","無","無"
"56640112","19831103","20221222","泰聚塑膠股份有限公司","ALLIANCES & PROSPERITIES PLASTICS CO., LTD.","臺中市龍井區忠和里工業路177巷12號","No. 12, Ln. 177, Gongye Rd., Zhonghe Vil., Longjing Dist., Taichung City 434011, Taiwan (R.O.C.)","劉O樺","046-393417-8","","有","有"
"56640133","20190116","20210813","協昇商行有限公司","SUNSHINE SHIPPING SERVICE CO., LTD.","臺中市梧棲區中央路二段四六一巷四號","No. 4, Ln. 461, Sec. 2, Zhongyang Rd., Wuqi Dist., Taichung City 43544, Taiwan (R.O.C.)","林O岳","04-26574325","04-26574354","有","有"
"56640274","20170524","20210814","陽太國際科技有限公司","SUNRISE INTERNATIONAL SOLUTION CO., LTD.","彰化縣員林市新生里雙景街13巷27號2樓","2 F., No. 27, Ln. 13, Shuangjing St., Xinsheng Vil., Yuanlin City, Changhua County 51064, Taiwan (R.O.C.)","劉O宏","04-8399880","04-8398632","有","有"
"56640372","19950605","20230323","源永豐食品股份有限公司","YUAN YUNG FONG FOODS CO., LTD.","臺中市大甲區幼獅路7號","No. 7, Youshi Rd., Dajia Dist., Taichung City 437101, Taiwan (R.O.C.)","李O麟","04-26811327","0426814288","有","有"
"56640470","19950104","20220714","慶岱機電工業有限公司","CHING DAY ELECTRONIC INDUSTRY CO., LTD.","臺中市梧棲區興農里中央路一段527之3號","No. 527-3, Sec. 1, Zhongyang Rd., Xingnong Vil., Wuqi Dist., Taichung City 435054, Taiwan (R.O.C.)","陳O和","04-26301234","04-26301238","有","有"
"56641007","20230607","20230607","京宸貿易有限公司","CHING CHEN TRADING TUNG LTD.","臺東縣臺東市豐安里仁昌街10巷14號1樓","1 F., No. 14, Ln. 10, Renchang St., Feng’an Vil., Taitung City, Taitung County 950018, Taiwan (R.O.C.)","甘O綺","0921599997","","無","無"
"56641040","20170524","20240716","宇珅企業有限公司","YEU SHEN ENTERPRISE CO., LTD.","嘉義市西區湖內里健康十街377號七樓之2","7 F.-2, No. 377, Jiankang 10th St., Hunei Vil., West Dist., Chiayi City 600033, Taiwan (R.O.C.)","黃O洋","05-2683196","05-2681110","有","有"
"56641127","19880530","20230426","章新機械工業股份有限公司","CHAN HSING MACHINERY INDUSTRY CO., LTD.","臺中市清水區國姓里中央北路9之16號","No. 9-16, Zhongyang N. Rd., Guoxing Vil., Qingshui Dist., Taichung City 436034, Taiwan (R.O.C.)","林O昌","04-26262159","04-26262109","有","有"
"56641463","20201016","20230413","德商天豐離岸全方位整合有限公司台灣分公司","Skyborn Renewables offshore solutions GmbH Taiwan Branch (GERMANY)","臺北市松山區光復北路11巷35號14樓","14 F., No. 35, Ln. 11, Guangfu N. Rd., Songshan Dist., Taipei City 105410, Taiwan (R.O.C.)","羅O彥FuYenLo","02-23954886","02-23951580","有","有"
"56641490","20180510","20210831","台灣三通精密工業有限公司","TAIWAN THREE LINKS CO., LTD.","基隆市暖暖區東碇路388-6號（1樓）","1 F., No. 388-6, Dongding Rd., Nuannuan Dist., Keelung City 20546, Taiwan (R.O.C.)","郭O辰","02-26983368","","有","有"
"56641597","20170524","20230219","沐名有限公司","MUMIN CO., LTD.","基隆市七堵區南興路12號3樓","3 F., No. 12, Nanxing Rd., Qidu Dist., Keelung City 206004, Taiwan (R.O.C.)","張O璇","02-24563305","","無","無"
"56641956","19800908","20210814","仲勤工業股份有限公司","TRANTEX CORP.","臺中市梧棲區草湳里自立二街109號","No. 109, Zili 2nd St., Caonan Vil., Wuqi Dist., Taichung City 43546, Taiwan (R.O.C.)","謝O田","04-26301648","04-26301687","有","有"
"56642147","19911211","20210815","建政企業有限公司","JIANN JENQ ENTERPRISE CO., LTD.","臺中市龍井區龍津里觀光路208巷75號","No. 75, Ln. 208, Guanguang Rd., Longjin Vil., Longjing Dist., Taichung City 43450, Taiwan (R.O.C.)","紀O宗","04-26395160","","有","有"
"56642152","19830812","20230330","維格工業股份有限公司","WELLGO PEDAL'S CORP.","臺中市大甲區日南里工七路3號","No. 3, Gong 7th Rd., Rinan Vil., Dajia Dist., Taichung City 437105, Taiwan (R.O.C.)","余O香","04-26816991","04-26816988","有","有"
"56642202","20190723","20240529","德銳有限公司","DORETT LTD.","彰化縣鹿港鎮頂厝里鹿和路一段675號","No. 675, Sec. 1, Luhe Rd., Dingcuo Vil., Lukang Township, Changhua County 505005, Taiwan (R.O.C.)","","0975027427","","無","無"
"56642245","19810720","20210814","文揚貿易股份有限公司","WIN YANG CO., LTD.","臺北市內湖區行愛路141巷32號4樓","4 F., No. 32, Ln. 141, Xing’ai Rd., Neihu Dist., Taipei City 11494, Taiwan (R.O.C.)","楊O勝","02-27916971","02-27913109","有","有"
"56642358","19970429","20221006","鎧全鐵材製品股份有限公司","KEY-CHAIN STEEL PRODUCTS CO., LTD.","臺中市外埔區水美里二崁路568巷25號","No. 25, Ln. 568, Erkan Rd., Shuimei Vil., Waipu Dist., Taichung City 438018, Taiwan (R.O.C.)","莊O川","04-26874969","04-26872699","有","有"
"56642364","20170525","20230405","台灣康帕斯科技有限公司","TAIWAN AIRPIPE CO., LTD.","新竹縣新埔鎮褒忠路283-41號","No. 283-41, Baozhong Rd., Xinpu Township, Hsinchu County 30543, Taiwan (R.O.C.)","龔O強","03-5889930","03-5889970","有","有"
"56642630","20240530","20240615","易德企業有限公司","YIDER CO., LTD.","新北市林口區民有街82號2樓","2 F., No. 82, Minyou St., Linkou Dist., New Taipei City 244020, Taiwan (R.O.C.)","傅O田","03-3274530","","有","有"
"56642651","20190808","20210814","智虹國際有限公司","Wisdom Rainbow International Ltd.","新竹市北區金雅里金雅西街二段149-2號","No. 149-2, Jinya W. St., Jinya Vil., North Dist., Hsinchu City 30053, Taiwan (R.O.C.)","范O智","03-5340180","03-5340190","有","有"
"56642667","20170804","20220419","宜谷豐國際貿易有限公司","HAMMER HEAD INTERNATIONAL TRADE CO., LTD.","屏東縣屏東市一心里復興路202號1樓","1 F., No. 202, Fuxing Rd., Yixin Vil., Pingtung City, Pingtung County 90083, Taiwan (R.O.C.)","梁O嘉","0960638005","","有","有"
"56642765","19810917","20210813","瑛瑜精密工業股份有限公司","ING YU PRECISION INDUSTRIES CO., LTD.","臺中市沙鹿區興安里沙田路43之11號","No. 43-11, Shatian Rd., Xing’an Vil., Shalu Dist., Taichung City 43354, Taiwan (R.O.C.)","童O貴","04-26358468","04-26353068","有","有"
"56642821","20170803","20221014","薩摩亞商先豐科技股份有限公司台灣分公司","SAMOA MTM+ TECHNOLOGY CORPORATION TAIWAN BRANCH","臺北市內湖區洲子街12號2樓","2 F., No. 12, Zhouzi St., Neihu Dist., Taipei City 114064, Taiwan (R.O.C.)","楊O舜Yang,Chin-Shun","02-77367386","","有","有"
"56643309","20170526","20230614","利豪貿易實業有限公司","LH INTERNATIONAL FABRIC CO., LTD.","彰化縣員林市中央里中央路372巷75號1樓","1 F., No. 75, Ln. 372, Zhongyang Rd., Zhongyang Vil., Yuanlin City, Changhua County 510037, Taiwan (R.O.C.)","","04-8370152","","無","無"
"56643547","20170523","20220218","薩摩亞商達亞帆布股份有限公司台灣分公司","DAYA INTERNATIONAL (SAMOA) CO., LTD. TAIWAN BRANCH","宜蘭縣宜蘭市宜中路228號6樓之3","6F.-3, No. 228, Yizhong Rd., Yilan City, Yilan County 26050, Taiwan (R.O.C.)","張O玉CHANG,HSIAO-YU","03-9882845","","有","有"
"56643574","20170720","20250503","海泳綠能事業有限公司","CHUNSON ENTERPRISE CO., LTD.","屏東縣屏東市北興里公裕街508巷14號一樓","1 F., No. 14, Ln. 508, Gongyu St., Beixing Vil., Pingtung City, Pingtung County 90060, Taiwan (R.O.C.)","蕭O霆","08-7365459","08-7360878","有","有"
"56643624","20170620","20210814","和祥家具有限公司","HE XIANG FURNITURE CO., LTD.","嘉義市西區港坪里永樂五街35號6樓之3","6F.-3, No. 35, Yongle 5th St., Gangping Vil., West Dist., Chiayi City 60091, Taiwan (R.O.C.)","黃O坤","05-2385270","05-2385169","有","有"
"56643645","20170725","20210814","擎浩投資顧問有限公司","A & D INVESTMENT CONSULTING CO., LTD.","新竹縣竹北市鹿場里文興路281號12樓","12 F., No. 281, Wenxing Rd., Luchang Vil., Zhubei City, Hsinchu County 30264, Taiwan (R.O.C.)","林O蓉","03-6681025","03-6681025","有","有"
"56643666","20170526","20221021","澤富科技股份有限公司","ZENTEST CO., LTD.","新竹縣竹北市成功八路255號2樓","2 F., No. 255, Chenggong 8th Rd., Zhubei City, Hsinchu County 302050, Taiwan (R.O.C.)","黃O俊","0911786608","","有","有"
"56643785","20170607","20210812","松商企業有限公司","SUNG SHANG ENTERPRISE CO., LTD.","金門縣金寧鄉湖南310-3號","No. 310-3, Hunan, Jinning Township, Kinmen County 89250, Taiwan (R.O.C.)","吳O豪","0933323205","","有","有"
"56643841","20180330","20231201","亞晟開發有限公司","YASHENG DEVELOPMENT CO., LTD.","南投縣草屯鎮北投里北投路279-2號1樓","1 F., No. 279-2, Beitou Rd., Beitou Vil., Caotun Township, Nantou County 542013, Taiwan (R.O.C.)","黃O明","0933-500501","049-2328075","有","有"
"56643856","20040701","20210811","中港汽車材料行","ZHONG GANG AUTO ACCESSORIES CO.","臺中市梧棲區草湳里文昌路７２１號１Ｆ","No. 721, Wenchang Rd., Caonan Vil., Wuqi Dist., Taichung City 43548, Taiwan (R.O.C.)","陳O瓊","04-2656-6663","04-2657-1135","有","有"
"56643899","20170807","20250219","藝林生物科技股份有限公司","SOGO Orchids CO., LTD.","屏東縣內埔鄉建興村榮華巷187號","No. 187, Ronghua Ln., Jianxing Vil., Neipu Township, Pingtung County 91246, Taiwan (R.O.C.)","陳O維","07-6830190","07-6833949","有","有"
"56644200","19930522","20240712","伸保木業股份有限公司","SHEN PAO WOODEN CO., LTD.","臺中市龍井區工業路182巷3號","No. 3, Ln. 182, Gongye Rd., Longjing Dist., Taichung City 434011, Taiwan (R.O.C.)","洪O忠","04-7989638","","有","有"
"56644258","20170825","20210814","兩岸商務資訊有限公司","TAIWAN SWT EDUCATIONAL CONSULTANCY LIMITED","臺東縣臺東市豐谷里成都北路82巷37號1樓","1 F., No. 37, Ln. 82, Chengdu N. Rd., Fenggu Vil., Taitung City, Taitung County 95064, Taiwan (R.O.C.)","李O恆","089-334128","","有","有"
"56644573","20170605","20230303","蔡老爹私房菜有限公司","SJD TRADING CO., LTD.","彰化縣線西鄉頂犁村和線路879號","No. 879, Hexian Rd., Dingli Vil., Xianxi Township,  Changhua County , Taiwan (R.O.C.)","蔡O哲","04-7582280","","有","有"
"56644763","20230713","20230713","祺峰休閒事業有限公司","QIFENG Leisure Enterprise Co., Ltd.","苗栗縣三義鄉勝興村勝興88號","No. 88, Shengxing, Sanyi Township, Miaoli County 367003, Taiwan (R.O.C.)","游O勇","037-878599","037-878051","有","有"
"56644790","20191209","20220926","富樂田貿易有限公司","Fuller Fortune trade co., ltd","新竹市香山區香檳一街40號","No. 40, Xiangbin 1st St., Xiangshan Dist.,  Hsinchu City 300, Taiwan (R.O.C.)","劉O苓","03-5386405#12","","無","無"
"56644813","20170725","20210831","藍天運通股份有限公司","BLUESKY TRANSIT MARKET CO., LTD.","屏東縣內埔鄉建興村建興路218巷27號","No. 27, Ln. 218, Jianxing Rd., Neipu Township, Pingtung County 91246, Taiwan (R.O.C.)","郭O梅","08-7210777","08-7215061","有","無"
"56644855","20240325","20240325","易揚金屬有限公司","Yiyang Metal CO., LTD.","屏東縣九如鄉玉泉村三和街8弄57號","No. 57, Aly. 8, Sanhe St., Jiuru Township, Pingtung County 904010, Taiwan (R.O.C.)","李O晟","","","有","有"
"56644911","20170525","20210814","阿瑟有限公司","AFW INTERNATIONAL LIMITED","新竹縣竹北市麻園三路258巷50弄5號1樓","1 F., No. 5, Aly. 50, Ln. 258, Mayuan 3rd Rd., Zhubei City, Hsinchu County 30266, Taiwan (R.O.C.)","胡O琪","0937-536826","","無","無"
"56645101","20170526","20230112","香港商鵬衛齊服飾有限公司台灣分公司","PVH HONG KONG LIMITED TAIWAN BRANCH","臺北市松山區民生東路3段109號16樓","16 F., No. 109, Sec. 3, Minsheng E. Rd., Songshan Dist., Taipei City 105402, Taiwan (R.O.C.)","蔣O君","02-81783198","02-87520624","有","有"
"56645377","19840409","20210815","楊泉成商行股份有限公司","J. C. YANG & CO., LTD.","臺中市清水區光復街33號","No. 33, Guangfu St., Qingshui Dist., Taichung City 43654, Taiwan (R.O.C.)","楊O源","04-23217962","04-23213911","有","有"
"56645622","19820819","20240815","奇台實業股份有限公司","EXCELLENT SHOE SOLE INDUSTRIAL CO., LTD.","臺中市大甲區義和里重義三路22號","No. 22, Chongyi 3rd Rd., Yihe Vil., Dajia Dist., Taichung City 437010, Taiwan (R.O.C.)","林O榮","04-26876342","","有","有"
"56645685","20170603","20241102","宸晏國際科技有限公司","CYNCERITY INTERNATIONAL TECHNOLOGY CO., LTD.","新竹市東區新莊里長春街55號2樓","2 F., No. 55, Changchun St., Xinzhuang Vil., East Dist., Hsinchu City 30072, Taiwan (R.O.C.)","","02-77266689","02-33221789","無","無"
"56645735","20200213","20210814","嘉琳美學有限公司","KARLING AESTHETIC.CO.,Ltd","新竹市東區新莊里新莊街7號1樓","1 F., No. 7, Xinzhuang St., Xinzhuang Vil., East Dist., Hsinchu City 30073, Taiwan (R.O.C.)","何O玲","03-5622610#21","03-5622601","有","有"
"56645812","20170526","20230909","群立開發有限公司","HOME IN PROPERTY CO., LTD.","桃園市觀音區金湖里中山路1段928巷221弄37號 (1樓)","1 F., No. 37, Aly. 221, Ln. 928, Sec. 1, Zhongshan Rd., Jinhu Vil., Guanyin Dist., Taoyuan City 328002, Taiwan (R.O.C.)","高O傑","0989390707","","有","有"
"56645989","20170608","20220517","百昇威有限公司","PROSUNWEI LIMITED","臺中市梧棲區草湳里港埠路一段885號","No. 885, Sec. 1, Gangbu Rd., Caonan Vil., Wuqi Dist., Taichung City 43545, Taiwan (R.O.C.)","阮O儀","03-9323018","03-323308","有","有"
"56646024","20170601","20210815","川樂文化傳媒有限公司","CHUAN LE CUTURE MEDIA CO., LTD.","宜蘭縣礁溪鄉林美村林尾路148-3號一樓","1 F., No. 148-3, Linwei Rd., Jiaoxi Township, Yilan County 26247, Taiwan (R.O.C.)","連O鋒","039-307958","039-307958","無","無"
"56646256","20170601","20230427","承華應用材料有限公司","INHERITED GLORY APPLIED MATERIALS LTD.","新竹縣新豐鄉忠孝村忠一街171巷6號","No. 6, Ln. 171, Zhong 1st St., Zhongxiao Vil., Xinfeng Township,  Hsinchu County 304109, Taiwan (R.O.C.)","劉O文","03-6675363#8004","","有","有"
"56646328","20190716","20250208","加馥豪實業有限公司","KBB Electronic Technology Co., Ltd","桃園市平鎮區鎮興里中興路平鎮段432號（1樓）","1 F., No. 432, Sec. Pingzhen, Zhongxing Rd., Zhenxing Vil., Pingzhen Dist., Taoyuan City 32460, Taiwan (R.O.C.)","","03-4696766","03-4698889","無","無"
"56646586","20191212","20210814","建凱智慧科技有限公司","GenKai Smart Technology Co., Ltd.","新竹縣竹東鎮商華里商華街10號","No. 10, Shanghua St., Shanghua Vil., Zhudong Township, Hsinchu County 31044, Taiwan (R.O.C.)","曾O伶","0972-909963","","無","無"
"56646636","20170616","20210827","佶盟科技機械股份有限公司","JIMENG TECHNOLOGY MACHINERY CO., LTD.","南投縣草屯鎮北投里北投路29號1樓","1F., NO. 29, BEITOU RD., BEITOU VIL., CAOTUN TOWNSHIP, NANTOU COUNTY 542013, TAIWAN (R.O.C.)","廖O能","049-2381429","049-2381450","有","有"
"56646951","20220317","20221104","帷勝工業有限公司","WEI SHENG INDUSTRIAL CO., LTD.","彰化縣永靖鄉中山路三段190巷6號","No. 6, Ln. 190, Sec. 3, Zhongshan Rd., Yongjing Township, Changhua County 512005, Taiwan (R.O.C.)","詹O興","04-8247162","","有","有"
"56647733","19880601","20230313","豐村紡織股份有限公司","FONG TSUN TEXTILE CO., LTD.","臺中市清水區菁埔里菁埔路372號","No. 372, Jingpu Rd., Jingpu Vil., Qingshui Dist., Taichung City 436034, Taiwan (R.O.C.)","黃O仁","046-225526","","有","有"
"56647776","19800717","20210812","新來豐企業股份有限公司","SHIN LAI FENG ENTERPRISE CO., LTD.","臺中市梧棲區草湳里自立路339號","No. 339, Zili Rd., Caonan Vil., Wuqi Dist., Taichung City 43546, Taiwan (R.O.C.)","蔡O秀女","04-26392766","","有","有"
"56647831","20221102","20250228","五貫科技股份有限公司","WU  GUAN TECHNOLOGY LTD.","苗栗縣竹南鎮新南里公園路32號三樓之8","3 F.-8, No. 32, Gongyuan Rd., Xinnan Vil., Zhunan Township, Miaoli County 350024, Taiwan (R.O.C.)","孫O順","037-465777","","有","有"
"56647918","20171121","20210814","澄益整合行銷開發有限公司","CHENG YI Integrated Marketing Ltd.","雲林縣古坑鄉永昌村永興路192-1號1樓","1 F., No. 192-1, Yongxing Rd., Gukeng Township, Yunlin County 64648, Taiwan (R.O.C.)","蔡O英","0920800719","07-6222810","有","有"
"56647939","20170608","20210814","寶葳貿易有限公司","BO WEI BEAUTIFUL MADE CO., LTD.","彰化縣鹿港鎮頭南里頭庄巷11-27號1樓","1 F., No. 11-27, Touzhuang Ln., Tounan Vil., Lukang Township, Changhua County 50564, Taiwan (R.O.C.)","劉O緹","0918-858811","","有","有"
"56647950","20171115","20210814","精塑有限公司","RESOURCEPLUS CO., LTD","南投縣南投市營北里仁愛路141巷3號1樓","1 F., No. 3, Ln. 141, Ren’ai Rd., Yingbei Vil., Nantou City, Nantou County 54046, Taiwan (R.O.C.)","江O梅","049-2393098","049-2393097","有","有"
"56648064","20170720","20230304","睿紘新材料有限公司","RH NEW MATERIALS CO., LTD.","苗栗縣銅鑼鄉中平村15鄰七十份21號1樓","1 F., No. 21, Qishifen, 15th Neighborhood, Tongluo Township, Miaoli County 366002, Taiwan (R.O.C.)","徐O霙","037-224666","037-353079","無","無"
"56648070","20230808","20230808","嘉彥股份有限公司","golden oasis imports inc.","嘉義市東區興安里環興街51號1樓","1 F., No. 51, Huanxing St., Xing’an Vil., East Dist., Chiayi City 600043, Taiwan (R.O.C.)","朱O彬","05-2309888","","有","有"
"56648108","20180702","20241130","二寶國際有限公司","TWO BOO INTERNATIONAL LIMITED COMPANY","彰化縣福興鄉麥厝村麥厝街2之31，2之33號","No. 2-31，2-33, Maicuo St., Maicuo Vil., Fuxing Township,  Changhua County 506012, Taiwan (R.O.C.)","黃O豪","04-7704720","04-7704723","有","有"
"56648206","19800820","20241026","台三工業股份有限公司","TAI SAN INDUSTRIAL CO., LTD.","臺中市大安區興安路326號","No. 326, Xing’an Rd., Da’an Dist., Taichung City 43952, Taiwan (R.O.C.)","何O樺","04-22322070","04-22369548","有","有"
"56648249","20170919","20210815","振藤精密有限公司","ZT PRECISION CO., LTD.","新竹縣竹北市白地里中正西路1578-1號臨1樓","1 F., No. 1578-1, Zhongzheng W. Rd., Baidi Vil., Zhubei City, Hsinchu County 30266, Taiwan (R.O.C.)","王O宗","03-5563859","03-5563359","有","有"
"56648493","20170804","20250314","香港商香港歐陸通科技有限公司台灣分公司","HONGKONG HONOR HIGH TECH CO., LIMITED TAIWAN BRANCH","新北市林口區文化二路一段266號19樓之2","19F.-2, No. 266, Sec. 1, Wenhua 2nd Rd., Linkou Dist., New Taipei City 24448, Taiwan (R.O.C.)","王O","02-26069880","02-26069881","有","有"
"56648590","19800910","20230531","呈聯金屬股份有限公司","CHENG LIAN METAL CORPORATION","臺中市龍井區三德里工業路173巷11號","No. 11, Ln. 173, Gongye Rd., Sande Vil., Longjing Dist., Taichung City 434011, Taiwan (R.O.C.)","陳O慶","04-26392177","04-26398877","有","有"
"56648613","20241004","20241004","億永騰有限公司","YI YONG TENG CO., LTD.","南投縣南投市營北里仁義路23號1樓","1 F., No. 23, Renyi Rd., Yingbei Vil., Nantou City, Nantou County 540002, Taiwan (R.O.C.)","江O紘","","","有","有"
"56648629","20000808","20210815","勇一企業有限公司","YEON I ENTERPRISE CO., LTD.","臺中市沙鹿區興安路80巷30號","No. 30, Ln. 80, Xing’an Rd., Shalu Dist., Taichung City 43351, Taiwan (R.O.C.)","陳O煌","04-26621605","04-26632746","有","有"
"56648705","20170531","20210814","里御貿易有限公司","ROYAL MATERIAL TRADING CO., LTD.","桃園市桃園區中山路885號10樓","10 F., No. 885, Zhongshan Rd., Taoyuan Dist., Taoyuan City 33059, Taiwan (R.O.C.)","廖O均","09-16993930","","有","有"
"56649009","19910206","20230310","欣易企業股份有限公司","MEI HSIANG TANG ENTERPRISE CO., LTD.","臺中市沙鹿區鹿峰里中山路中峰巷4號","No. 4, Zhongfeng Ln., Zhongshan Rd., Lufeng Vil., Shalu Dist., Taichung City 433107, Taiwan (R.O.C.)","蕭O易","04-26232105","04-26232108","有","有"
"56649057","19800620","20210812","峻泰機械工業股份有限公司","CHUN TAI MACHINERY INDUSTRIES CO., LTD.","臺中市沙鹿區斗抵里沙田路15之3號","No. 15-3, Shatian Rd., Doudi Vil., Shalu Dist., Taichung City 43354, Taiwan (R.O.C.)","白O昌","04-26352211","0462-353668","有","有"
"56649113","20170531","20221126","矽能材料股份有限公司","SILICONES POWER CO., LTD.","苗栗縣竹南鎮永貞路一段145巷91號","No. 91, Ln. 145, Sec. 1, Yongzhen Rd., Zhunan Township, Miaoli County 350029, Taiwan (R.O.C.)","林O昌","037-622816","037-622817","有","有"
"56649253","20180103","20250221","平樂顧問有限公司","Grandeur Inter-Con Co., Ltd","新竹縣竹北市自強南路8號8樓之10","8 F.-10, No. 8, Ziqiang S. Rd., Zhubei City, Hsinchu County 302044, Taiwan (R.O.C.)","","03-6578300","03-656200","無","無"
"56649280","20170619","20210815","凌展科技股份有限公司","ALLYNK TECHNOLOGY CO., LTD.","新竹縣竹北市鹿場里27鄰成功十三街20號8樓","8 F., No. 20, Chenggong 13th St., 27th Neighborhood, Luchang Vil., Zhubei City, Hsinchu County 30264, Taiwan (R.O.C.)","林O仁","0939717338","","有","有"
"56649319","20170602","20210815","超炫科技股份有限公司","ULTRADISPLAY INC.","新竹縣竹北市竹北里台元二街8號7樓之8","7F.-8, No. 8, Taiyuan 2nd St., Zhubei Vil., Zhubei City, Hsinchu County 30288, Taiwan (R.O.C.)","徐O東","03-560-1553","03-560-1563","有","有"
"56649388","20031013","20210812","新泰豐塑膠廠","SIN TAI FONG PLASTIC FACTORY","臺中市沙鹿區斗抵里太平路３３號","No. 33, Taiping Rd., Doudi Vil., Shalu Dist., Taichung City 43345, Taiwan (R.O.C.)","王O秀","04-2635-2595","04-2635-2442","有","有"
"56649417","19850705","20210814","阜昇企業有限公司","FOCKXEN ENTERPRISES CO., LTD.","臺中市沙鹿區洛泉里中山路１９７之４號","No. 197-4, Zhongshan Rd., Luoquan Vil., Shalu Dist., Taichung City 43352, Taiwan (R.O.C.)","紀O鴻","046-362739","","有","有"
"56649465","20170815","20221217","隆恒實業有限公司","RONGHEN ENTERPRISE CO., LTD.","彰化縣芬園鄉楓坑村楓林街302號1樓","1F., No. 302, Fenglin St., Fengkeng Vil., Fenyuan Township,  Changhua County 502004, Taiwan (R.O.C.)","許O宗","0920-590088","04-22476101","有","有"
"56649612","20210108","20241023","潮亮企業有限公司","Brilliant Tide enterprise CO., LTD.","南投縣南投市福興里永興路13號一樓","1 F., No. 13, Yongxing Rd., Fuxing Vil., Nantou City, Nantou County 540029, Taiwan (R.O.C.)","周O紜","0492251815","","有","有"
"56649660","20180508","20211117","薩摩亞商寶輝娛樂有限公司台灣分公司","Samoa Best Shine Entertainment Ltd. Taiwan Branch","臺北市大安區忠孝東路4段221號12樓","12 F., No. 221, Sec. 4, Zhongxiao E. Rd., Da’an Dist., Taipei City 10690, Taiwan (R.O.C.)","吳O藻WU,PIN-TSAO","0970666733","","無","無"
"56649802","20170603","20210816","日商雷克斯股份有限公司台灣分公司","REX CO., LTD. TAIWAN BRANCH (JAPAN)","臺中市南區南門里國光路365巷12號","No. 12, Ln. 365, Guoguang Rd., Nanmen Vil., South Dist., Taichung City 40249, Taiwan (R.O.C.)","上O洋一YoichiUesaka","04-22855198","","有","有"
"56650146","20060207","20210814","肯頓有限公司","KAN TUEN CO., LTD.","臺中市龍井區龍津里三港路185巷41號","No. 41, Ln. 185, Sangang Rd., Longjin Vil., Longjing Dist., Taichung City 43444, Taiwan (R.O.C.)","林O吉","04-26395128","04-26395111","有","有"
"56650286","20170602","20221201","騰亨國際貿易有限公司","CAMPING LIFE INTERNATIONAL TRADE CO., LTD.","宜蘭縣冬山鄉永美村冬山路三段301巷75弄1號1樓","1F., No. 1, Aly. 75, Ln. 301, Sec. 3,  Dongshan Rd., Yongmei Vil., Dongshan Township,  Yilan County 269037, Taiwan (R.O.C.)","林O壕","0922883806","","有","有"
"56650595","19850319","20230614","大生製藥有限公司","TA SAN PHARMACEUTICAL CO., LTD.","臺中市外埔區三崁里甲后路三段589號","No. 589, Sec. 3, Jiahou Rd., Sankan Vil., Waipu Dist., Taichung City 438016, Taiwan (R.O.C.)","陳O欽","042-6833648","042-6830125","無","無"
"56650722","20050620","20230323","蜜蘭實業股份有限公司","BELEM ENTERPRISE CO., LTD.","臺中市南屯區臺灣大道二段340號5樓之1","5F.-1, No. 340, Sec. 2,  Taiwan Blvd., Nantun Dist.,  Taichung City 408, Taiwan (R.O.C.)","黃O媚","04-23221234","04-23229001","有","有"
"56650791","19981208","20210813","溪泉企業有限公司","YOUNG MAN KU CO., LTD.","臺中市大甲區文武里育德路199號","No. 199, Yude Rd., Wenwu Vil., Dajia Dist., Taichung City 43749, Taiwan (R.O.C.)","郭O家","04-26872434","04-26884220","有","有"
"56650862","19801118","20221123","鋐光實業股份有限公司","VP COMPONENTS CO., LTD.","臺中市外埔區鐵山里長生路816號","No. 816, Changsheng Rd., Tieshan Vil., Waipu Dist., Taichung City 438024, Taiwan (R.O.C.)","林O華","04-26835001","04-26835838","有","有"
"56650949","20030901","20210811","新榮益號","HSING RONG YI STORE","臺中市外埔區馬鳴里大馬路90號","No. 90, Dama Rd., Maming Vil., Waipu Dist., Taichung City 43860, Taiwan (R.O.C.)","劉O華","07-6263483","","有","有"
"56651047","20170612","20210815","英渼國際有限公司","YING MEI CUO JI YOU SIAN GUNG SZ CO.,LTD","彰化縣和美鎮仁愛里和靖路138之3號一樓","1 F., No. 138-3, Hejing Rd., Ren’ai Vil., Hemei Township, Changhua County 50846, Taiwan (R.O.C.)","陳O詠","04-7573639","04-7571279","有","有"
"56651200","19830705","20221206","元駿企業股份有限公司","AUTO WELL ENTERPRISE CO., LTD.","臺中市清水區下湳里菁埔路192號","No. 192, Jingpu Rd., Xianan Vil., Qingshui Dist., Taichung City 436034, Taiwan (R.O.C.)","李O燕","04-26222303","04-26222313","有","有"
"56651308","19841113","20221102","三鈿實業股份有限公司","DANNY & HUDSON INC.","臺中市西屯區工業區五路12號","No. 12, Gongyequ 5th Rd., Xitun Dist., Taichung City 407255, Taiwan (R.O.C.)","何O鍊","04-23585880","04-23586960","有","有"
"56651320","19861023","20230221","晨盟產業股份有限公司","GREAT CHEN-MENG INDUSTRIAL CO., LTD.","臺中市清水區橋頭里高美路231巷13號","No. 13, Ln. 231, Gaomei Rd., Qiaotou Vil., Qingshui Dist., Taichung City 436036, Taiwan (R.O.C.)","顏O洲","04-26266700","04-26267777","有","有"
"56651454","19820609","20210815","進方企業股份有限公司","JEAN-FAUN ENTERPRISE CO., LTD.","臺中市梧棲區草湳里港埠路一段529號","No. 529, Sec. 1, Gangbu Rd., Caonan Vil., Wuqi Dist., Taichung City 43546, Taiwan (R.O.C.)","王O眞","04-26391425","04-26393220","有","有"
"56651573","20100312","20210813","直利企業有限公司","JYR LI ENTERPRISE CO., LTD.","臺中市清水區槺榔里槺榔二街56號","No. 56, Qingshui Dist., Taichung City 436, Taiwan (R.O.C.)","楊O吉","04-26560087","04-26571078","有","有"
"56651588","20181022","20240717","艾滴科技股份有限公司","ID WATER Co., Ltd.","臺北市內湖區瑞光路335號6樓","6 F., No. 335, Ruiguang Rd., Neihu Dist., Taipei City 114063, Taiwan (R.O.C.)","余O洲","02-26272667","02-26272669","有","有"
"56651594","20170607","20250103","新加坡商喜羅亞股份有限公司台灣分公司","HIROIA COMMUNICATIONS PTE. LTD. TAIWAN BRANCH (SINGAPORE)","臺北市中山區中山北路二段42號3樓","3 F., No. 42, Sec. 2, Zhongshan N. Rd., Zhongshan Dist., Taipei City 104016, Taiwan (R.O.C.)","賴O玲LAI,PEI-LING","02-27927659","","有","有"
"56651877","19840409","20230207","鐶琪塑膠股份有限公司","HERSHEY VALVE CO., LTD.","臺中市梧棲區自立路356號","No. 356, Zili Rd., Wuqi Dist., Taichung City 435054, Taiwan (R.O.C.)","蔡O","04-26392777","04-26397064","有","有"
"56651980","20170602","20230706","永玉沛有限公司","YONG YU PEI CO., LTD.","雲林縣斗六市雲林路二段40巷3-7號","No. 3-7, Ln. 40, Sec. 2, Yunlin Rd., Douliu City, Yunlin County 640001, Taiwan (R.O.C.)","邱O玉","05-5320029","","無","無"
"56652159","19960725","20230926","成亨工業股份有限公司","CHENG HENG INDUSTRIAL CO., LTD.","臺中市梧棲區永安里向上路九段586號","No. 586, Sec. 9, Xiangshang Rd., Yong’an Vil., Wuqi Dist., Taichung City 435055, Taiwan (R.O.C.)","蔣O賜","04-26311467","04-26312875","有","有"
"56652355","20170607","20240606","東方紅農技有限公司","ORIENT RED AGRICULTURE TECHNOLOGY LTD.","宜蘭縣冬山鄉東山路295號1樓","1F., No. 295, Dongshan Rd., Dongshan Township,  Yilan County 269, Taiwan (R.O.C.)","范O仁","03-925-6386","03-925-3121","有","有"
"56652469","20170608","20210815","鴻賀國際有限公司","H.HE INTERNATIONAL CO., LTD.","新竹市東區三民里民族路178巷3號","No. 3, Ln. 178, Minzu Rd., Sanmin Vil., East Dist., Hsinchu City 30043, Taiwan (R.O.C.)","黎O菁","0955-944800","","有","有"
"56652664","20170601","20250403","海力雅集成股份有限公司","HELIARTEC SOLUTIONS CORPORATION, LTD.","新竹縣竹北市十興里光明六路東一段245號4樓","4 F., No. 245, E. 1st Sec., Guangming 6th Rd., Shixing Vil., Zhubei City, Hsinchu County 302044, Taiwan (R.O.C.)","黃O輝","03-5601958","","有","有"
"56652799","20170616","20210814","見隼科技有限公司","BRIGHT FALCON TECH, LTD.","新竹市北區武陵路271巷57弄45號5樓","5 F., No. 45, Aly. 57, Ln. 271, Wuling Rd., North Dist., Hsinchu City 30053, Taiwan (R.O.C.)","黃O樺","0910193748","03-5421209","有","有"
"56653050","20191018","20210814","昜宸興業有限公司","YangChen Material Co., Ltd.","臺東縣臺東市志航路一段172號","No. 172, Sec. 1, Zhihang Rd., Taitung City, Taitung County 95059, Taiwan (R.O.C.)","鄭O陞","089-226613","089-226623","有","有"
"56653235","19810827","20240321","宏笙開發股份有限公司","HORRISON DEVELOPMENT CO., LTD.","臺中市大甲區平安里文昌街70號7樓","7 F., No. 70, Wenchang St., Ping’an Vil., Dajia Dist., Taichung City 437006, Taiwan (R.O.C.)","王O翔","04-26881202","04-26883123","有","有"
"56653565","20181003","20210813","禾詰有限公司","Wo Jie Co., Ltd.","彰化縣彰化市東芳里永芳路467巷70弄108號","No. 108, Aly. 70, Ln. 467, Yongfang Rd., Dongfang Vil., Changhua City, Changhua County 50086, Taiwan (R.O.C.)","王O瑭","04-8812685","","有","有"
"56653571","20180419","20230916","伸典有限公司","DOSWE CO., LTD.","彰化縣秀水鄉莊雅村新興街248巷臨6號","No. 6, Ln. 248, Xinxing St., Zhuangya Vil., Xiushui Township,  Changhua County 504003, Taiwan (R.O.C.)","林O厚","0912-615003","04-7879011","有","有"
"56653684","20170613","20230825","翊程科技股份有限公司","DURALYNX INNOVATION CO., LTD.","彰化縣田中鎮北路里福安路206巷16號","No. 16, Ln. 206, Fu’an Rd., Beilu Vil., Tianzhong Township, Changhua County 520021, Taiwan (R.O.C.)","楊O謙","02-22518810","","無","無"
"56653798","20180509","20250423","百利國際能源有限公司","BAI LI LIU INTERNATIONAL INDUSTRIAL CO., LTD.","嘉義市西區福全里福義街36號1樓","1 F., No. 36, Fuyi St., Fuquan Vil., West Dist., Chiayi City 600078, Taiwan (R.O.C.)","劉O宏","05-2843290","05-2833359","有","有"
"56653880","19860809","20230427","竣驜企業股份有限公司","GUNIOR ENTERPRISE CO., LTD.","臺中市外埔區鐵山里長生路253號","No. 253, Changsheng Rd., Tieshan Vil., Waipu Dist., Taichung City 438024, Taiwan (R.O.C.)","林O維","04-26831571","04-26831570","有","有"
"56653896","19821206","20210814","利肯化工實業有限公司","HIGH BELEM CHEMISTRY CO., LTD.","臺中市大甲區大安港路141之5號","No. 141-5, Da’angang Rd., Dajia Dist., Taichung City 43743, Taiwan (R.O.C.)","黃O賢","046-876506","","有","有"
"56653919","20170811","20210814","鼎峰智慧科技有限公司","DF SMARTEX CO., LTD.","新竹縣竹北市鹿場里成功七街71號1樓","1 F., No. 71, Chenggong 7th St., Luchang Vil., Zhubei City, Hsinchu County 30264, Taiwan (R.O.C.)","蔡O峻","0911354408","","有","有"
"56653925","20170606","20220928","天利國際企業有限公司","FORTUNE STONE INTERNATIONAL CO., LTD","基隆市暖暖區碇和里源遠路122號","No. 122, Yuanyuan Rd., Dinghe Vil., Nuannuan Dist., Keelung City 205007, Taiwan (R.O.C.)","宋O丞","02-24253263","","有","有"
"56654065","20170605","20210814","九號車業有限公司","NINE MOTOR SPORT CO., LTD.","彰化縣員林市三和里成功路9號1樓","1 F., No. 9, Chenggong Rd., Sanhe Vil., Yuanlin City, Changhua County 51043, Taiwan (R.O.C.)","彭O庭","0956063230","","有","有"
"56654163","19980722","20230318","景順實業股份有限公司","C & S METAL PRODUCTS CO., LTD.","臺中市大甲區日南里幼獅路65號","No. 65, Youshi Rd., Rinan Vil., Dajia Dist., Taichung City 437101, Taiwan (R.O.C.)","余O倉","04-26811100","04-26816609","有","有"
"56654213","20170831","20210814","季節生活藝術有限公司","SEASON ART OF LIFE CO., LTD","雲林縣北港鎮文昌路93號1樓","1 F., No. 93, Wenchang Rd., Beigang Township, Yunlin County 65141, Taiwan (R.O.C.)","田O瑞","05-7834938","05-7834938","有","有"
"56654353","20170725","20210815","艾索顧問有限公司","I.S.O CONSULTANTS CO., LTD.","嘉義縣民雄鄉鎮北村圳溝墘14之8號","No. 14-8, Zungouqian, Minxiong Township, Chiayi County 62143, Taiwan (R.O.C.)","陳O到","0980422222","","有","有"
"56654380","20180328","20210814","丞翔國際投資有限公司","Flightek International Capital Co. Ltd.","新竹縣竹北市竹北里台元街18號6樓之11","6F.-11, No. 18, Taiyuan St., Zhubei Vil., Zhubei City, Hsinchu County 30265, Taiwan (R.O.C.)","古O良","03-6578849#102","03-6577146","有","有"
"56654500","19920423","20241217","今國光學工業股份有限公司","KINKO OPTICAL CO., LIMITED","臺中市梧棲區向上路九段562巷91號","No. 91, Ln. 562, Sec. 9, Xiangshang Rd., Wuqi Dist., Taichung City 435055, Taiwan (R.O.C.)","陳O棋","04-26564479","04-26569638","有","有"
"56654902","20170619","20221123","宇捷國際科技有限公司","JET SPEED TECHNOLOGY CORPORATION","新竹市東區關新里關新路19巷25號6樓","6 F., No. 25, Ln. 19, Guanxin Rd., Guanxin Vil., East Dist., Hsinchu City 300052, Taiwan (R.O.C.)","林O智","0910838926","","有","有"
"56654987","20170606","20230703","利兆鑫國際開發有限公司","LJS INTERNATIONAL DEVELOPMENT CO., LTD.","新竹市香山區牛埔里中華路四段411巷5弄13號1樓","1 F., No. 13, Aly. 5, Ln. 411, Sec. 4, Zhonghua Rd., Niupu Vil., Xiangshan Dist., Hsinchu City 300061, Taiwan (R.O.C.)","方O","03-5382825","","有","有"
"56655058","20221130","20221130","新如國際有限公司","HJT INTERNATIONAL CO., LTD.","新竹縣竹北市中崙里興隆路一段429號20樓","20 F., No. 429, Sec. 1, Xinglong Rd., Zhonglun Vil., Zhubei City, Hsinchu County 302056, Taiwan (R.O.C.)","涂O如","03-6571259","03-5267189","有","有"
"56655228","20170613","20241114","新加坡商賽德科技有限公司台灣分公司","SIDE SINGAPORE PTE. LTD. TAIWAN BRANCH","臺北市松山區敦化南路一段25號4樓","4 F., No. 25, Sec. 1, Dunhua S. Rd., Songshan Dist., Taipei City 10557, Taiwan (R.O.C.)","SOJOJOSE","65 6534 8851","","有","有"
"56655331","20170609","20210814","綠藝家園藝企業股份有限公司","GREEN ARTS HORTICULTURE ENTERPRISE CO., LTD.","彰化縣和美鎮塗厝里和厝路二段233之1號1樓","1 F., No. 233-1, Sec. 2, Hecuo Rd., Tucuo Vil., Hemei Township, Changhua County 50843, Taiwan (R.O.C.)","柯O妹","04-7561024","04-22833937","有","有"
"56655395","20171114","20210815","枝美企業有限公司","KeepBe Co., LTD","南投縣名間鄉東湖村彰南路342-7號","No. 342-7, Zhangnan Rd., Mingjian Township, Nantou County 55146, Taiwan (R.O.C.)","鄭O茹","049-2251682","","有","有"
"56655584","20210922","20210922","展隆有限公司","Long Der Limited Company","彰化縣二水鄉二水村庄尾一巷69號1樓","1F., NO. 69, ZHUANGWEI 1ST LN., ERSHUI TOWNSHIP, CHANGHUA COUNTY 530, TAIWAN (R.O.C.)","蔡O皓","0987023624","","有","有"
"56655711","20170609","20210814","金和利生物科技有限公司","JIN HER LI BIOTECHNOLOGY CO., LTD.","新竹市牛埔里中華路四段411巷50號1樓","1 F., No. 50, Ln. 411, Sec. 4, Zhonghua Rd., Niupu Vil., Xiangshan Dist., Hsinchu City 30094, Taiwan (R.O.C.)","呂O玲","0933977906","","有","有"
"56655732","20071227","20230429","春霖工業股份有限公司","CHUEN LIN FOUNDRY HARDWARE CO., LTD.","臺中市龍井區忠和里海尾路256巷25號","No. 25, Ln. 256, Haiwei Rd., Zhonghe Vil., Longjing Dist., Taichung City 434008, Taiwan (R.O.C.)","胡O福","04-26392907","04-26398751","有","有"
"56655775","19920423","20230207","喬瓏企業股份有限公司","CHIAO LUNG ENTERPRISE CO., LTD.","臺中市龍井區三港路三○六號","No. 306, Sangang Rd., Longjing Dist., Taichung City 434010, Taiwan (R.O.C.)","紀O蜜","04-26394981","","有","有"
"56655825","20060906","20230414","敏三企業股份有限公司","MINGREAT ENTERPRISE CO., LTD.","臺中市龍井區工業路188巷29號","No. 29, Ln. 188, Gongye Rd., Longjing Dist., Taichung City 434011, Taiwan (R.O.C.)","紀O育","04-26392880","04-26392945","有","有"
"56655846","20180416","20230913","飛台農業生物科技股份有限公司","Feitai Agricultural Biotechnology Co., Ltd.","屏東縣新園鄉興龍村南興路339－1號","No. 339-1, Nanxing Rd., Xinglong Vil., Xinyuan Township,  Pingtung County 932018, Taiwan (R.O.C.)","郭O莨","08-8685503","08-8685508","無","無"
"56655851","20170612","20250311","明誠實業有限公司","BH MING CHENG CORPORATION","嘉義縣新港鄉大潭村大潭167-6號2樓","2F., No. 167-6, Datan, Datan Vil., Xingang Township,  Chiayi County 616001, Taiwan (R.O.C.)","顏O嘉","05-2322972","","有","有"
"56656113","20170614","20221221","裕尚科技有限公司","SHIHAN TECHNOLOGY CO., LTD.","彰化縣彰化市下廍里永安街208巷31號1樓","1 F., No. 31, Ln. 208, Yong’an St., Changhua City, Changhua County 500021, Taiwan (R.O.C.)","張O蓁","04-7288435","04-27063885","無","無"
"56656373","19960831","20210815","隆藝有限公司","LOFTY ART CO., LTD.","臺中市沙鹿區六路里過洋路六九號","No. 69, Guoyang Rd., Liulu Vil., Shalu Dist., Taichung City 43342, Taiwan (R.O.C.)","張O東","04-26314039","","有","有"
"56656556","20170606","20240628","悟達國際貿易有限公司","WOOODA INTERNATIONAL TRADING COMPANY LIMITED","新竹縣竹北市北興里勝利八街一段233號15樓之9","15F.-9, No. 233, Sec. 1, Shengli 8th St., Beixing Vil., Zhubei City, Hsinchu County 30286, Taiwan (R.O.C.)","","03-5511037","03-5945016","無","無"
"56656633","20190725","20220816","得威信軟體有限公司","SUPERJJ777 COMPANY LIMITED","臺中市西屯區何南里精誠路14號5樓之6","5 F.-6, No. 14, Jingcheng Rd., Henan Vil., Xitun Dist., Taichung City 407570, Taiwan (R.O.C.)","陳O榤","049-2583982","049-2247540","有","有"
"56656654","19810416","20230317","三楓塑膠股份有限公司","SAN FONG PLASTICS CO., LTD.","臺中市清水區武鹿里中央路52之12號1樓","1 F., No. 52-12, Zhongyang Rd., Wulu Vil., Qingshui Dist., Taichung City 436038, Taiwan (R.O.C.)","顏O鋘","04-26260029","","有","有"
"56656660","20170608","20250329","香港商睿智通有限公司台灣分公司","Aeolus Robotics Technology Corporation, TAIWAN BRANCH (HK)","臺北市內湖區瑞光路168號4樓","4 F., No. 168, Ruiguang Rd., Neihu Dist., Taipei City 11491, Taiwan (R.O.C.)","","02-26593138","","無","無"
"56656964","20200515","20210815","亞燦精密有限公司","YAH TSANN PRECISION CO., LTD.","苗栗縣竹南鎮大埔里大埔一街452號1樓","1 F., No. 452, Dapu 1st St., Dapu Vil., Zhunan Township, Miaoli County 35053, Taiwan (R.O.C.)","田O達","037-587889","","有","有"
"56657014","20190123","20211026","雙合工程有限公司","SHUANG HE ENGINEERING CO ., LTD.","彰化縣和美鎮嘉犁里嘉佃路712巷109號一樓","1 F., No. 109, Ln. 712, Jiadian Rd., Jiali Vil., Hemei Township, Changhua County 50860, Taiwan (R.O.C.)","陳O絹","04-7368218","04-7368219","有","有"
"56657020","20200214","20230701","寶宏生技有限公司","Power home biotech co., Ltd.","屏東縣崁頂鄉崁頂村中興路19號","No. 19, Zhongxing Rd., Kanding Vil., Kanding Township,  Pingtung County , Taiwan (R.O.C.)","吳O偉","0933068606","","無","無"
"56657099","20170616","20210815","好用固有限公司","GOOD AND STEEL ENTERPRISE CO., LTD.","雲林縣四湖鄉溪尾村南溪尾路19號1樓","1 F., No. 19, Nanxiwei, Sihu Township, Yunlin County 65443, Taiwan (R.O.C.)","何O祐","05-7724718","","有","有"
"56657112","19811107","20210812","炫安企業股份有限公司","HSUAN ANN MACHINERY CO., LTD.","臺中市清水區下湳里菁埔路204號","No. 204, Jingpu Rd., Xianan Vil., Qingshui Dist., Taichung City 43644, Taiwan (R.O.C.)","蔡O森","04-26228312","","有","有"
"56657154","20001208","20230313","鐘發企業股份有限公司","CHONG FA ENTERPRISE CO., LTD.","臺中市龍井區忠和里台西南路206號","No. 206, Taixi S. Rd., Zhonghe Vil., Longjing Dist., Taichung City 434008, Taiwan (R.O.C.)","顏O儒","","","有","有"
"56657160","19870930","20230316","昇代股份有限公司","SUN DAI CHEN CO., LTD.","臺中市清水區高美里三美路二六二號","No. 262, Sanmei Rd., Gaomei Vil., Qingshui Dist., Taichung City 436035, Taiwan (R.O.C.)","陳O波","046-267788","","無","無"
"56657458","20170623","20240516","鈦量科技有限公司","WAN FANG YU INTERNATIONAL CO., LTD.","臺中市北區文心路四段200號8樓之8","8 F.-8, No. 200, Sec. 4, Wenxin Rd., North Dist., Taichung City 404536, Taiwan (R.O.C.)","洪O蓁","049-2235180","049-2235180","有","有"
"56657513","20170801","20220331","遠景光學股份有限公司","HOPE VISION CO., LTD.","苗栗縣竹南鎮群義路69號2樓","2 F., No. 69, Qunyi Rd., Zhunan Township, Miaoli County 35059, Taiwan (R.O.C.)","沈O鋒","037-585285","037-586289","有","有"
"56657648","20231030","20231030","貓草影像有限公司","C-GRASS.TV CO., LTD.","臺中市西區双龍里向上路一段27之7號1樓","1 F., No. 27-7, Sec. 1, Xiangshang Rd., West Dist., Taichung City 403008, Taiwan (R.O.C.)","吳O政","04-23012565","","有","有"
"56657719","19881207","20210814","豪建塑膠股份有限公司","HAO CHIEN PLASTIC CO., LTD.","臺中市梧棲區草湳里自強路128號","No. 128, Ziqiang Rd., Caonan Vil., Wuqi Dist., Taichung City 43547, Taiwan (R.O.C.)","陳O培","04-26391959","","有","有"
"56657794","20170608","20231121","優美特有限公司","HUMATE CO., LTD.","新竹縣竹北市中興里復興七路66號7樓","7 F., No. 66, Fuxing 7th Rd., Zhongxing Vil., Zhubei City, Hsinchu County 30271, Taiwan (R.O.C.)","","0983-191109","","無","無"
"56657990","20170626","20221231","朝文有限公司","ZAOWEN CO., LTD.","苗栗縣苑裡鎮客庄里新興路35巷31號2樓201室","Rm. 201, 2 F., No. 31, Ln. 35, Xinxing Rd., Kezhuang Vil., Yuanli Township,  Miaoli County 358004, Taiwan (R.O.C.)","郭O文","04-7282299","","無","無"
"56658029","20170606","20210814","雷神食品機械有限公司","RAYTHEON FOOD MACHINERY CO., LTD.","嘉義縣民雄鄉雙福村建國路二段142-212號1樓","1 F., No. 142-212, Sec. 2, Jianguo Rd., Minxiong Township, Chiayi County 62159, Taiwan (R.O.C.)","李O豪","05-2205999","05-2205586","有","有"
"56658082","20180727","20210814","珅豪有限公司","SHEN HAO SEAFOOD CO., LTD.","屏東縣新園鄉鹽埔村新生路136號","No. 136, Xinsheng Rd., Xinyuan Township, Pingtung County 93248, Taiwan (R.O.C.)","莊O程","08-8339778","08-8311125","有","有"
"56658180","20170607","20210814","多彩樂園農業合作有限公司","COLORFUL PARADISE AGRICULTURAL COOPERATION CO., LTD.","嘉義縣民雄鄉西安村保安街60號1樓","1 F., No. 60, Bao’an St., Minxiong Township, Chiayi County 62141, Taiwan (R.O.C.)","郭O毅","0989731569","","有","有"
"56658230","20190327","20240423","宇賦股份有限公司","Yu Fu Education Technology Co., Ltd.","宜蘭縣礁溪鄉大竹圍路173號1樓","1 F., No. 173, Dazhuwei Rd., Jiaoxi Township, Yilan County 262001, Taiwan (R.O.C.)","","0934191325","0934191325","無","無"
"56658506","20170609","20240709","香港商萬路實業有限公司台灣分公司","MULTIWAY INDUSTRIES (H.K.) LIMITED TAIWAN BRANCH","新北市板橋區文化路2段182巷3弄87號5樓","5 F., No. 87, Aly. 3, Ln. 182, Sec. 2, Wenhua Rd., Banqiao Dist., New Taipei City 22044, Taiwan (R.O.C.)","李O棋LEEMEIKIMICHELLE","02-82581969","","有","有"
"56658528","19900924","20230223","精順工業股份有限公司","JING SHVENN INDUSTRIAL CO., LTD.","臺中市沙鹿區埔子里正英二街80巷16號","No. 16, Ln. 80, Zhengying 2nd St., Puzi Vil., Shalu Dist., Taichung City 433102, Taiwan (R.O.C.)","陳O錶","","","有","有"
"56658533","20180312","20210814","建源地板有限公司","Juan Yuan Wood Floor CO., LTD.","彰化縣彰化市西安里中華路395號1樓","1 F., No. 395, Zhonghua Rd., Xi’an Vil., Changhua City, Changhua County 50046, Taiwan (R.O.C.)","顏O宏","04-7222863","04-7250602","有","有"
"56658581","20170612","20230615","銘興實業有限公司","MING SHING HARDWARE CO., LTD.","彰化縣彰化市西興里辭修路461巷46號1樓","1 F., No. 46, Ln. 461, Cixiu Rd., Xixing Vil., Changhua City, Changhua County 500015, Taiwan (R.O.C.)","吳O育","04-7611291","04-7628895","有","有"
"56658787","20191111","20210814","台利企業有限公司","Tai Liy Enterprise Co., Ltd.","新竹市香山區埔前里牛埔東路508巷12號1樓","1 F., No. 12, Ln. 508, Niupu E. Rd., Puqian Vil., Xiangshan Dist., Hsinchu City 30091, Taiwan (R.O.C.)","沈O元","03-5382231","03-5401029","有","有"
"56658858","19811028","20230326","讚品工業股份有限公司","TZANN PIIN INDUSTRIAL CO., LTD.","臺中市沙鹿區興仁里光華路41號","No. 41, Guanghua Rd., Xingren Vil., Shalu Dist., Taichung City 433020, Taiwan (R.O.C.)","蔡O順","04-26363218","04-26352357","有","有"
"56658956","20171103","20210912","銳隆光電有限公司","rui long optoelectronics co., ltd.","苗栗縣後龍鎮校椅里槺榔二街279號","No. 279, Xiaoyi Vil., Houlong Township, Miaoli County 356, Taiwan (R.O.C.)","歐O坤","037-431674","037-431674","有","有"
"56659012","20180425","20210815","青峯貿易有限公司","QING FULL TRADING CO., LTD.","嘉義縣大林鎮溝背里10鄰溝背路164之3號一樓","1 F., No. 164-3, Goubei, 10th Neighborhood, Goubei Vil., Dalin Township, Chiayi County 62245, Taiwan (R.O.C.)","江O融","0931550161","05-2750128","有","有"
"56659076","20170718","20210814","木育家有限公司","WOOD TOY HOUSE CO., LTD.","嘉義縣民雄鄉福權村福權6-3號","No. 6-3, Fuquan, Minxiong Township, Chiayi County 62151, Taiwan (R.O.C.)","黃O潔","07-3223990","07-3225506","有","有"
"56659110","19810612","20210813","青海實業股份有限公司","CHING HAI ENTERPRISE CO., LTD.","彰化縣伸港鄉定興村定興路355號","No. 355, Dingxing Rd., Shengang Township, Changhua County 50954, Taiwan (R.O.C.)","紀O松","04-7985895","04-7985899","有","有"
"56659343","20170705","20230831","成躍電子有限公司","TAIPEI TPD ELECTRICAL CO., LTD.","新竹縣新豐鄉員山村員山132-418號","No. 132-418, Yuanshan, Xinfeng Township, Hsinchu County 30442, Taiwan (R.O.C.)","林O照","03-5575707","03-5319110","有","有"
"56659370","20170720","20220928","富鐵實業有限公司","RICH IRON INDUSTRIAL CO., LTD.","臺中市南區和平里忠明南路758號11樓","11 F., No. 758, Zhongming S. Rd., Heping Vil., South Dist., Taichung City 402256, Taiwan (R.O.C.)","陳O文","049-2328971","049-2328973","有","有"
"56659435","20170613","20210814","數位愛相簿有限公司","AI.BOOK CO., LTD.","新竹市東區新莊里關新路228號12樓","12 F., No. 228, Guanxin Rd., Xinzhuang Vil., East Dist., Hsinchu City 30072, Taiwan (R.O.C.)","簡O佳","03-5790160","","有","有"
"56659456","20170616","20241108","登普半導體科技股份有限公司","DP SEMICONDUCTOR TECHNOLOGY CO., LTD.","新竹市香山區頂福里景觀大道252之20號","No. 252-20, Jingguan Blvd., Dingfu Vil., Xiangshan Dist., Hsinchu City 300079, Taiwan (R.O.C.)","邱O誠","03-6686720","","有","有"
"56659478","20180122","20220726","費生恩分子應用股份有限公司","FETHIANN MOLECULE APPLIED CO., LTD.","新竹科學園區宜蘭縣宜蘭市建業里宜科南路15號2樓之2","2 F.-2, No. 15, Yike S. Rd., Jianye Vil., Yilan City, Yilan County 260011, Taiwan (R.O.C.)","郭O生","03-9253111","","有","有"
"56659580","19840529","20210815","寶興園藝工具股份有限公司","PAO SHIN GARDEN TOOLS CO., LTD.","臺中市龍井區忠和里工業路188巷10號1樓","1 F., No. 10, Ln. 188, Gongye Rd., Zhonghe Vil., Longjing Dist., Taichung City 43445, Taiwan (R.O.C.)","林O穎","04-22518698","04-22518700","有","有"
"56659651","20210630","20230627","均翊有限公司","Junyi Enterprise Yakiniku Company","基隆市仁愛區愛五路4-1號","No. 4-1, Ai 5th Rd., Ren’ai Dist., Keelung City 200010, Taiwan (R.O.C.)","","02-24272020","","無","無"
"56659688","20170410","20210812","佳新實業廠","JIA XIN PLASTIC FACTORY","臺中市龍井區南寮里中沙路新庄仔巷１１號","No. 11, Xinzhuangzai Ln., Zhongsha Rd., Nanliao Vil., Longjing Dist., Taichung City 43441, Taiwan (R.O.C.)","蘇O清","04-24796803","04-22612224","有","有"
"56659738","19950107","20210813","泉輝鐵工廠有限公司","CHYUAN HUEI IRON WORKS CO., LTD.","臺中市龍井區海尾路278巷53號","No. 53, Ln. 278, Haiwei Rd., Longjing Dist., Taichung City 43445, Taiwan (R.O.C.)","林O月霜","04-26392821","04-26393444","有","有"
"56659765","20030807","20241122","旭邑金屬工業股份有限公司","HSU I METAL INDUSTRY CO., LTD.","彰化縣鹿港鎮工業西七路1之39號","No. 1-39, Gongye W. 7th Rd., Lukang Township, Changhua County 505029, Taiwan (R.O.C.)","謝O堂","04-781-0828","04-781-0829","有","有"
"56659792","20170612","20210816","香港商滙準有限公司台灣分公司","HONG KONG FUSION LIMITED TAIWAN BRANCH","桃園市桃園區同安里藝文一街86之2號7樓","7 F., No. 86-2, Yiwen 1st St., Tong’an Vil., Taoyuan Dist., Taoyuan City 33045, Taiwan (R.O.C.)","徐O輝CHUIHINFAI","02-89239077","02-89236488","有","有"
"56659809","20040701","20210812","松林實業社","SONGLIN WOVEN BAG CO.","臺中市龍井區三德里中厝路107巷29弄6號1樓","1 F., No. 6, Aly. 29, Ln. 107, Zhongcuo Rd., Sande Vil., Longjing Dist., Taichung City 43451, Taiwan (R.O.C.)","楊O待","04-26395711","04-26395993","有","有"
"56659913","20080919","20210813","村森塑膠有限公司","CUN SEN PLASTICS CO., LTD.","臺中市龍井區忠和里海尾路240巷42號","No. 42, Ln. 240, Haiwei Rd., Zhonghe Vil., Longjing Dist., Taichung City 43445, Taiwan (R.O.C.)","王O村","04-26391464","04-26399020","有","有"
"56660025","20100827","20210813","見有企業有限公司","JIANN YEOU ENTERPRISES LTD.","臺中市龍井區忠和里台西南路208號","No. 208, Taixi S. Rd., Zhonghe Vil., Longjing Dist., Taichung City 43445, Taiwan (R.O.C.)","周O民","04-26392302","04-26391704","有","有"
"56660067","20170609","20211108","達泰旺有限公司","TA THAI WON CO., LTD.","新竹縣竹北市十興里莊敬五街72-1號4樓","4F., NO. 72-1, ZHUANGJING 5TH ST., SHIXING VIL., ZHUBEI CITY, HSINCHU COUNTY 30264, TAIWAN (R.O.C.)","莊O今","03-6589046","03-6589045","有","有"
"56660186","19940131","20210814","金山機械股份有限公司","GOLDEN MOUNTAIN MACHINERY CO., LTD.","彰化縣伸港鄉溪底村興工路56號","No. 56, Xinggong Rd., Shengang Township, Changhua County 50971, Taiwan (R.O.C.)","洪O山","04-7989666","04-7989123","有","有"
"56660279","20170811","20210815","萊豐創意有限公司","LAI FENG CREATIVA LTD.","屏東縣屏東市建南路191巷58弄11號","No. 11, Aly. 58, Ln. 191, Jiannan Rd., Pingtung City, Pingtung County 90090, Taiwan (R.O.C.)","黃O智","0938-661879","","有","有"
"56660398","20180613","20210813","泓泰創意行銷有限公司","HONG TAI CREATIVE MARKETING CO., LTD.","彰化縣彰化市國聖里中山路三段826號2樓","2 F., No. 826, Sec. 3, Zhongshan Rd., Guosheng Vil., Changhua City, Changhua County 50068, Taiwan (R.O.C.)","林O婷","04-7326885","","無","無"
"56660432","20170614","20210815","橋新貿易有限公司","NEW BRIDGE INTERNATIONAL TRADING INC.","屏東縣南州鄉同安村三千路1巷7號","No. 7, Ln. 1, 3000th Rd., Nanzhou Township, Pingtung County 92642, Taiwan (R.O.C.)","林O聰","08-8350756","","有","有"
"56660480","20170619","20220126","有健康有限公司","UHEALTH COMPANY LIMITED","嘉義縣新港鄉古民村89之1號","NO. 89-1, GUMIN VILLAGE, XINGANG TOWNSHIP, CHIAYI COUNTY 61641, TAIWAN (R.O.C.)","楊OO","0966725701","","有","有"
"56660572","19810724","20230104","大甲化工實業股份有限公司","TACHIA CHEMICAL CO., LTD.","臺中市大甲區義和里中山路一段525號","No. 525, Sec. 1, Zhongshan Rd., Yihe Vil., Dajia Dist., Taichung City 437010, Taiwan (R.O.C.)","林O清","046-875563","","有","有"
"56660799","20200714","20230621","新英裕商行","New Ying Yu Trading Company","臺中市大甲區庄美里經國路４３６號","No. 436, Jingguo Rd., Zhuangmei Vil., Dajia Dist., Taichung City 437008, Taiwan (R.O.C.)","柯O宏","04-26867967","02-26867969","無","無"
"56660849","19820806","20230224","少暉企業股份有限公司","YOUNG GLORY ENTERPRISE CO., LTD.","臺中市大甲區文曲路535號","No. 535, Wenqu Rd., Dajia Dist., Taichung City 437004, Taiwan (R.O.C.)","王O華","04-26862065","04-26884246","有","有"
"56660881","20181003","20250618","流雲科技有限公司","LIU YUN TECHNOLOGY CO., LTD.","宜蘭縣羅東鎮東安里倉前路1-6號1樓","1 F., No. 1-6, Cangqian Rd., Dong’an Vil., Luodong Township, Yilan County 265010, Taiwan (R.O.C.)","陳O綱","0985188494","03-9547553","有","有"
"56660904","19890721","20210813","龍雲鑄造股份有限公司","LUNG YUN CASTING CO., LTD.","臺中市大甲區日南里幼獅路63號","No. 63, Youshi Rd., Rinan Vil., Dajia Dist., Taichung City 43767, Taiwan (R.O.C.)","王O民","04-26816017","04-26813474","有","有"
"56661122","20200218","20210813","阿笛丹文化藝術有限公司","Atitan Art Co., Ltd.","屏東縣三地門鄉三地村中正路二段150號一樓","1 F., No. 150, Sec. 2, Zhongzheng Rd., Sandimen Township, Pingtung County 90141, Taiwan (R.O.C.)","磊O丹巴瓦瓦隆","08-7994303","","有","有"
"56661256","20100119","20221003","昕揚營造有限公司","SIN YANG CONSTRUCT CD., LTD.","金門縣烈嶼鄉上岐村青岐14-2號","No. 14-2, Qingqi, Shangqi Vil., Lieyu Township,  Kinmen County 894020, Taiwan (R.O.C.)","洪O山","082-363033","082-364646","有","有"
"56661306","19830607","20230331","致強工業股份有限公司","LANDON LEATHER PRODUCT CO., LTD.","臺中市大甲區甲后路192之1號","No. 192-1, Jiahou Rd., Dajia Dist.,  Taichung City 437, Taiwan (R.O.C.)","葉O素真","046-864560","","有","有"
"56661468","20031121","20210813","順晟工業有限公司","SUEN SHING INDUSTRY CO.,LTD.","臺中市大甲區平安里忠孝街７９號","No. 79, Zhongxiao St., Ping’an Vil., Dajia Dist., Taichung City 43747, Taiwan (R.O.C.)","郭O榮","04-2686-1388","04-2676-2178","有","有"
"56661592","20240710","20240710","黃靜文室內設計有限公司","D.H.I.A International Design CO., LTD.","新竹縣竹北市成功六街223號","No. 223, Chenggong 6th St., Zhubei City, Hsinchu County 302050, Taiwan (R.O.C.)","黃O文","03-6587330","","有","有"
"56661811","20181009","20240327","中懋國際有限公司","MILTON'S TRADE INC.","屏東縣屏東市永安里建國路99之1號","No. 99-1, Jianguo Rd., Yong’an Vil., Pingtung City, Pingtung County 90079, Taiwan (R.O.C.)","鄭O生","0915-859128","","有","有"
"56661848","20170622","20230927","澄易實業有限公司","GOODWILL TECH CO., LTD.","新竹縣竹東鎮二重里自由街120巷6號9樓之5","9 F.-5, No. 6, Ln. 120, Ziyou St., Erchong Vil., Zhudong Township, Hsinchu County 310017, Taiwan (R.O.C.)","張O助","0989-125072","03-5830503","有","有"
"56661967","20170710","20240330","珺陽有限公司","KUN YOU CO., LTD.","新竹縣竹北市北興里莊敬七街95號8樓","8 F., No. 95, Zhuangjing 7th St., Beixing Vil., Zhubei City, Hsinchu County 302059, Taiwan (R.O.C.)","吳O賢","0906577751","","有","有"
"56661988","20230728","20230728","嘉力油行","Prosperity Oils Hang","臺中市大甲區幸福里中山路二段４８２巷５號１樓","1 F., No. 5, Ln. 482, Sec. 2, Zhongshan Rd., Xingfu Vil., Dajia Dist., Taichung City 437103, Taiwan (R.O.C.)","張O祥","04-26811428","04-26812956","有","有"
"56662136","20180328","20210813","安吉士股份有限公司","AG4 TRANDING CO., LTD.","彰化縣彰化市長樂里中正路一段563號1樓","1 F., No. 563, Sec. 1, Zhongzheng Rd., Changle Vil., Changhua City, Changhua County 50044, Taiwan (R.O.C.)","黃O椿","04-7222313","04-7260657","有","有"
"56662353","20170915","20230524","慶餘科技股份有限公司","ICELEBRATE CO., LTD.","新竹縣竹北市隘口里隘口二路218巷15弄2號1樓","1 F., No. 2, Aly. 15, Ln. 218, Aikou 2nd Rd., Aikou Vil., Zhubei City, Hsinchu County 302053, Taiwan (R.O.C.)","羅O協","03-6582516","","無","無"
"56662375","20170619","20210814","昊緯有限公司","HOWWEL CO., LTD.","彰化縣芳苑鄉漢寶村成功路358號1樓","1 F., No. 358, Chenggong Rd., Fangyuan Township, Changhua County 52863, Taiwan (R.O.C.)","康O珠","04-8991569","04-8990178","無","無"
"56662451","20170619","20210815","億軒企業有限公司","PRO GYM DESIGNS CO., LTD.","新竹市北區文雅里竹光路81號7樓","7 F., No. 81, Zhuguang Rd., Wenya Vil., North Dist., Hsinchu City 30048, Taiwan (R.O.C.)","彭O媛","0972201898","","有","有"
"56662635","20170612","20220730","宇康醫電股份有限公司","UCARE MEDICAL ELECTRONICS CO., LTD.","新竹科學園區苗栗縣竹南鎮科北五路2號3樓","3 F., No. 2, Kebei 5th Rd., Zhunan Township, Miaoli County 350401, Taiwan (R.O.C.)","林O姿","037-777000","","有","有"
"56662641","20020117","20210811","穗德碾米工廠","SUEY DER RICE MILLS CO.","臺中市外埔區土城里土城中路三號","No. 3, Tucheng Central Rd., Tucheng Vil., Waipu Dist., Taichung City 43866, Taiwan (R.O.C.)","羅O添","04-25581205","","有","有"
"56662683","20030804","20230604","國順豐工業社","GUO SHUN FONG INDUSTRY CO.","臺中市外埔區大東里大馬路506號","No. 506, Dama Rd., Dadong Vil., Waipu Dist., Taichung City 438023, Taiwan (R.O.C.)","劉O妹","04-2687-1741","04-2686-8165","無","無"
"56662733","20221216","20221216","英屬維京群島商承益國際開發有限公司台灣分公司","Honest Benefit Limited Taiwan Branch (BVI)","新北市板橋區觀光街56之2號5樓","5 F., No. 56-2, Guanguang St., Banqiao Dist., New Taipei City 220090, Taiwan (R.O.C.)","梁O豪LIANG,CHUN-HAO","02-27723111","","有","有"
"56662776","19970219","20230313","盈璨企業股份有限公司","YEN CHOAN ENTERPRISE CO., LTD.","臺中市后里區后里里三豐路四段130巷15號","No. 15, Ln. 130, Sec. 4, Sanfeng Rd., Houli Vil., Houli Dist., Taichung City 421002, Taiwan (R.O.C.)","蔡O林","04-25567127","04-25575055","有","有"
"56662918","20170803","20230720","聯豪科創股份有限公司","TALENTPROS SYSTEM INNOVATION CO., LTD.","新竹縣竹北市縣政二路550號4樓","4 F., No. 550, Xianzheng 2nd Rd., Zhubei City, Hsinchu County 302007, Taiwan (R.O.C.)","黃O輝","03-5586851#102","03-5586852","有","有"
"56663016","19850302","20230415","德隆倉儲裝卸股份有限公司","TEH LONG WAREHOUSING & STEVEDORING CO., LTD.","臺中市梧棲區頂寮里中橫十路146號","No. 146, Zhongheng 10th Rd., Dingliao Vil., Wuqi Dist., Taichung City 435058, Taiwan (R.O.C.)","李O祿","04-26565161","","有","有"
"56663331","19820310","20220119","祥喬實業股份有限公司","RCS TECHNOLOGY CORPORATION","臺北市信義區虎林街239號1樓","1 F., No. 239, Hulin St., Xinyi Dist., Taipei City 11085, Taiwan (R.O.C.)","陳O薰","02-25513692","","有","有"
"56663352","20010214","20230216","巨吉實業股份有限公司","GIEU CHI ENTERPRISE CO., LTD.","臺中市沙鹿區竹林里中山路紅竹巷23-1號","No. 23-1, Hongzhu Ln., Zhongshan Rd., Zhulin Vil., Shalu Dist., Taichung City 433015, Taiwan (R.O.C.)","李O雄","","","有","有"
"56663472","20250418","20250418","合崧帆布有限公司","HE SONG CANVAS CO., LTD.","彰化縣彰化市竹巷里彰南路四段413巷166-1號","No. 166-1, Ln. 413, Sec. 4, Zhangnan Rd., Zhuxiang Vil., Changhua City, Changhua County 500042, Taiwan (R.O.C.)","陳O欽","04-7380662","","有","有"
"56663509","20170719","20240118","博嵙生物科技股份有限公司","PRO-CLINTECH CO., LTD.","基隆市安樂區基金一路220巷126號1樓","1 F., No. 126, Ln. 220, Jijin 1st Rd., Anle Dist., Keelung City 20445, Taiwan (R.O.C.)","李O樑","02-24332089","","有","有"
"56663634","20170614","20241217","百益源新有限公司","BAI YI YUAN XIN CO., LTD.","南投縣埔里鎮枇杷里樹人路214號1樓","1 F., No. 214, Shuren Rd., Pipa Vil., Puli Township, Nantou County 545007, Taiwan (R.O.C.)","","0963456267","0492997115","無","無"
"56663923","20170615","20240703","香港商香港日昌有限公司台灣分公司","NISSHO (HONG KONG) LIMITED TAIWAN BRANCH","臺北市中山區中山北路二段129號4樓之2","4 F.-2, No. 129, Sec. 2, Zhongshan N. Rd., Zhongshan Dist., Taipei City 104415, Taiwan (R.O.C.)","窪O正次郎KUBOTSUSHOJIRO","02-25415000","02-25112811","有","有"
"56664015","20190919","20210814","舜宇生技有限公司","Shun Yu biotechnology company","彰化縣員林市三信里大同路二段203之1號","No. 203-1, Sec. 2, Datong Rd., Sanxin Vil., Yuanlin City, Changhua County 51050, Taiwan (R.O.C.)","楊O良","04-8330597","04-8327332","有","有"
"56664036","19880701","20210812","宏儒機械工廠股份有限公司","HORNG RU MACHINERY IND. CO., LTD.","臺中市清水區橋頭里華江北街98號","No. 98, Huajiang N. St., Qiaotou Vil., Qingshui Dist., Taichung City 43648, Taiwan (R.O.C.)","陳O州","04-26236912","04-26226215","有","有"
"56664394","20170614","20240808","元翔材料有限公司","YUAN HSIANG MATERIALS CO., LTD.","臺中市南屯區春社里永春南路809號","No. 809, Yongchun S. Rd., Chunshe Vil., Nantun Dist., Taichung City 408020, Taiwan (R.O.C.)","藍O亘","0424733616","0424733626","有","有"
"56664401","20170629","20250411","集創園國際有限公司","LINKUSERS CO., LTD.","新竹市北區武陵路175巷10號15樓之1","15 F.-1, No. 10, Ln. 175, Wuling Rd., North Dist., Hsinchu City 300080, Taiwan (R.O.C.)","","0989-648073","","無","無"
"56664423","19940822","20230106","誌益企業股份有限公司","CHIH I HUANG ENTERPRISE CORP.","臺中市清水區田寮里高美路206號","No. 206, Gaomei Rd., Tianliao Vil., Qingshui Dist., Taichung City 436036, Taiwan (R.O.C.)","林O惠","04-26227562","04-26227564","無","無"
"56664508","20170717","20210812","柚香實業有限公司","YOU HSIANG LIMITED COMPANY","新竹市北區中雅里延平路一段159巷20號三樓","3 F., No. 20, Ln. 159, Sec. 1, Yanping Rd., Zhongya Vil., North Dist., Hsinchu City 30056, Taiwan (R.O.C.)","李O樺","035241539#21","035224435","有","有"
"56664514","20180412","20230701","昇祐科技有限公司","Sheng You Technology Company Limited","苗栗縣頭份市東庄里八德一路96號一樓","1 F., No. 96, Bade 1st Rd., Dongzhuang Vil., Toufen City, Miaoli County 351010, Taiwan (R.O.C.)","黃O川","037-673985","037-673986","無","無"
"56664676","20180525","20210813","矽實科技股份有限公司","CMOS-Crystal TECHNOLOGY CO., LIMITED","新竹縣竹北市高鐵二路158巷18號11樓","11 F., No. 18, Ln. 158, Gaotie 2nd Rd., Zhubei City, Hsinchu County 30274, Taiwan (R.O.C.)","汪O穎","0935336076","02-26917977","有","有"
"56664726","20231123","20231123","銘程投資有限公司","Ming Cheng Investment CO., LTD.","彰化縣埔鹽鄉好修村好金路臨136號","No. 136, Haojin Rd., Puyan Township, Changhua County 516019, Taiwan (R.O.C.)","楊O瑜","04-8651548#103","04-8660030","有","有"
"56664731","20170712","20250511","金華客有限公司","GOLDEN WALKER CO., LTD.","雲林縣斗六市久安里久安中路70巷10號1樓","1 F., No. 10, Ln. 70, Jiu’an Central Rd., Jiu’an Vil., Douliu City, Yunlin County 640151, Taiwan (R.O.C.)","","05-5223452","05-5223452","無","無"
"56664795","20200630","20240707","野薑花大購物開發有限公司","YE JIANG HUA CO.,LTD","新竹縣竹北市泰和里中華路1001號1樓","1 F., No. 1001, Zhonghua Rd., Taihe Vil., Zhubei City, Hsinchu County 302047, Taiwan (R.O.C.)","","03-5531387","03-5531352","無","無"
"56664824","20021021","20210811","錫安彩藝印刷廠","XI ANN STATIONERY PRINTING CO.","臺中市沙鹿區西勢里中航路一段３１０號","No. 310, Sec. 1, Zhonghang Rd., Xishi Vil., Shalu Dist., Taichung City 43348, Taiwan (R.O.C.)","蔡O津","04-8853517","04-8853952","有","有"
"56664916","20191118","20241127","超豐蔬果有限公司","Chaofeng Vegetable & Fruit Co., Ltd.","彰化縣彰化市大竹里安溪西路91號一樓","1 F., No. 91, Anxi W. Rd., Dazhu Vil., Changhua City, Changhua County 500038, Taiwan (R.O.C.)","董O玲","0928-366596","","有","有"
"56665008","20170627","20210814","均豐工程有限公司","JUNFENG ENGINEERING CORP.","新竹縣寶山鄉大崎村雙園路一段2巷18弄1衖5號1樓","1 F., No. 5, Aly. 18-1, Ln. 2, Sec. 1, Shuangyuan Rd., Baoshan Township, Hsinchu County 30841, Taiwan (R.O.C.)","陳O華","0935191735","035799922","有","有"
"56665252","20180430","20241109","皇誠國際有限公司","HUANG CHENG GUO JI CO., LTD.","雲林縣麥寮鄉橋頭村仁德路200號1樓","1F., No. 200, Rende Rd., Qiaotou Vil., Mailiao Township,  Yunlin County 638106, Taiwan (R.O.C.)","","0920612458","","無","無"
"56665393","20170615","20210814","芯喬科技有限公司","SEMI BRIDGE TECHNOLOGY CO.","新竹縣關西鎮石光里石岡子456號","No. 456, Shigangzi, Shiguang Vil., Guanxi Township, Hsinchu County 30645, Taiwan (R.O.C.)","呂O政","03-3278722","","有","有"
"56665458","20211115","20240713","昇皇材料配盤有限公司","SHENGHUANG MATERIAL DISTRIBUTION CO., LTD.","彰化縣彰化市東芳里彰馬路135號一樓","1 F., No. 135, Zhangma Rd., Dongfang Vil., Changhua City, Changhua County 500051, Taiwan (R.O.C.)","劉O宏","04-7774509","","有","有"
"56665491","20180612","20210814","寶順食品有限公司","BAO SHUEN FOODS. CO., LTD.","嘉義市東區後湖里保忠一街100巷68號1樓","1 F., No. 68, Ln. 100, Baozhong 1st St., Houhu Vil., East Dist., Chiayi City 60079, Taiwan (R.O.C.)","許O勳","05-2763987","05-2768958","有","有"
"56665605","20170724","20240118","摩爾騎士團有限公司","MOORS CAVALIERS. CO., LTD.","雲林縣古坑鄉水碓村圳頭1-1號","No. 1-1, Zuntou, Shuidui Vil., Gukeng Township,  Yunlin County 646002, Taiwan (R.O.C.)","","05-5862191","","無","無"
"56665859","20190821","20230224","鴻華國際塑膠有限公司","Honng Hua Plastic Co., Ltd.","彰化縣溪湖鎮北勢里北聖路355號","No. 355, Beisheng Rd., Beishi Vil., Xihu Township, Changhua County 514006, Taiwan (R.O.C.)","李O燕","04-8815181","","有","有"
"56665921","20170623","20241026","宏菱精密股份有限公司","HONG-LING PRECISION CO., LTD.","臺中市南屯區大業路241號3樓之1","3F.-1, No. 241, Daye Rd., Nantun Dist., Taichung City 40848, Taiwan (R.O.C.)","","04-25560028","04-25560029","無","無"
"56665942","20221201","20221201","王塔米糕店","wang ta mi gao dian Restaurant","臺中市清水區北寧里中興街30-1號1樓","1 F., No. 30-1, Zhongxing St., Beining Vil., Qingshui Dist., Taichung City 436044, Taiwan (R.O.C.)","吳O育","04-26223299","04-26229091","有","有"
"56666040","20171011","20210816","香港商梧桐國際股份有限公司台灣分公司","Firmiana International Limited TAIWAN BRANCH (HONG KONG)","臺中市西屯區福和里台灣大道4段771號8樓","8 F., No. 771, Fuhe Vil., Xitun Dist., Taichung City 407, Taiwan (R.O.C.)","張O強CHANG,CHIA-CHIANG","04-23582225","","有","有"
"56666077","19900117","20230120","奇鼎鍛壓工業股份有限公司","GRAND FORGING INDUSTRIES CO., LTD.","臺中市梧棲區草湳里自立二街553號","No. 553, Zili 2nd St., Caonan Vil., Wuqi Dist., Taichung City 435054, Taiwan (R.O.C.)","紀O澤","04-26393866","04-26393869","有","有"
"56666132","20180118","20250515","薩摩亞商享印膠囊股份有限公司台灣分公司","MEMOPRESSO INC.(SAMOA), TAIWAN BRANCH","臺北市信義區基隆路二段115號8樓","8 F., No. 115, Sec. 2, Keelung Rd., Xinyi Dist., Taipei City 110610, Taiwan (R.O.C.)","陳O廷CHEN,YEN-TING","02-27010013","","有","有"
"56666463","19861231","20240305","國恩工業股份有限公司","KO WIN YANG INDUSTRIAL CO., LTD.","臺中市沙鹿區斗抵里沙田路仁安巷40號1樓","1 F., No. 40, Ren’an Ln., Shatian Rd., Doudi Vil., Shalu Dist., Taichung City 43354, Taiwan (R.O.C.)","楊O彰","04-26300888","04-26300869","有","有"
"56666554","20180829","20210815","晉越網絡科技有限公司","A&K Private Enterprise company","臺北市中山區長安東路2段162號7樓","7 F., No. 162, Sec. 2, Chang’an E. Rd., Zhongshan Dist., Taipei City 10491, Taiwan (R.O.C.)","束O炬","0970408185","","有","有"
"56666652","19811203","20240417","嵩龍實業有限公司","SORNY ROONG INDUSTRIAL CO., LTD.","臺中市梧棲區草湳里自立2街117號","No. 117, Tzuli 2nd Street, Wuchi District, Taichung City 435054, Taiwan (R.O.C.)","林O勝","04-26393935","04-26393937","有","有"
"56666668","20000814","20210812","台耕產業工廠有限公司","TAI GEENG ENTERPRISE CO., LTD.","臺中市沙鹿區興安里興安路八○巷五號","No. 5, Ln. 80, Xing’an Rd., Xing’an Vil., Shalu Dist., Taichung City 43351, Taiwan (R.O.C.)","林O毅","04-26621277","","有","有"
"56666718","20230626","20230626","那山那谷有限公司","NA SUN NA GU CO., LTD.","宜蘭縣南澳鄉金洋村金洋路2號","No. 2, Jinyang Rd., Nan’ao Township, Yilan County 272018, Taiwan (R.O.C.)","陳O儒","0933119250","","有","有"
"56666908","20170621","20220624","新加坡商羅德與施瓦茨亞洲私人股份有限公司台灣分公司","ROHDE & SCHWARZ ASIA PTE. LTD., TAIWAN BRANCH (SINGAPORE)","臺北市內湖區堤頂大道二段89號4樓","4 F., No. 89, Sec. 2, Tiding Blvd., Neihu Dist., Taipei City 11493, Taiwan (R.O.C.)","郭O凌QUEKMEILINANNIE","","","有","有"
"56666999","20030721","20231229","松樹水電工程有限公司","SONGSHUH ENGINEERING CO., LTD.","臺中市龍井區龍東里舊車路89之56號","No. 89-56, Jiuche Rd., Longdong Vil., Longjing Dist., Taichung City 434024, Taiwan (R.O.C.)","郭O浚","04-2639-4747","04-2630-5034","有","有"
"56667076","20170619","20230306","芃芃貿易有限公司","BOMBOM INTERNATIONAL CO., LTD.","宜蘭縣羅東鎮國華里光華街57號1樓","1 F., No. 57, Guanghua St., Guohua Vil., Luodong Township, Yilan County 26543, Taiwan (R.O.C.)","林O頻","09-09673961","","有","有"
"56667104","20170619","20240807","英屬維京群島商天材創新材料科技股份有限公司台灣分公司","Cambrios Film Solutions Corporation Taiwan Branch (BVI)","臺北市大安區仁愛路三段141號6樓","6 F., No. 141, Sec. 3, Ren'ai Rd., Da'an Dist., Taipei City 106673, Taiwan (R.O.C.)","蔡O良Tsai,Tsung-Liang","03-4615230","03-4615231","有","有"
"56667202","20170620","20221222","香港商磐旭智能國際股份有限公司台灣分公司","HONGKONG AMOBILE INTELLIGENT CORP. LIMITED TAIWAN BRANCH","新北市中和區中正路700號8樓之3","8 F.-3, No. 700, Zhongzheng Rd., Zhonghe Dist., New Taipei City 235603, Taiwan (R.O.C.)","李OLEE,MIN","02-82268558#201","02-82263296","無","無"
"56667532","20170907","20231123","福茂租賃股份有限公司","FU MAO AUTO SERVICE CO., LTD","金門縣金湖鎮瓊林里小徑101號","No. 101, Xiaojing, Qionglin Vil., Jinhu Township, Kinmen County 891003, Taiwan (R.O.C.)","陳O仁","03-9971758","04-24521613","有","有"
"56667553","20170626","20230215","宏珒國際有限公司","HONG JING LIFE INTERNATIONAL CO., LTD.","彰化縣和美鎮中圍里東寧路171巷15之1號1樓","1 F., No. 15-1, Ln. 171, Dongning Rd., Zhongwei Vil., Hemei Township, Changhua County 50842, Taiwan (R.O.C.)","陳O萱","04-7356043","","無","無"
"56667580","20200103","20210814","伸明織襪有限公司","SHENMING HOSIERY CO., LTD.","彰化縣伸港鄉新港村中興路一段141巷44號","No. 44, Ln. 141, Sec. 1, Zhongxing Rd., Shengang Township, Changhua County 50941, Taiwan (R.O.C.)","姚O宏","04-7986435","04-7993036","有","有"
"56667619","19901107","20230211","伍樂機械工業股份有限公司","WULER BICYCLE INDUSTRIAL CO., LTD.","臺中市大甲區義和里文曲路720號","No. 720, Wenqu Rd., Yihe Vil., Dajia Dist., Taichung City 437004, Taiwan (R.O.C.)","伍O樂","04-26860963","04-26882436","有","有"
"56667688","20220112","20220112","英屬維京群島商德霖投資顧問有限公司台灣分公司","British Virgin Islands Delin Investment Consulting Co., Ltd. Taiwan Branch","新北市汐止區新台五路1段99號29樓之6","29F.-6, NO. 99, SEC. 1, XINTAI 5TH RD., XIZHI DIST., NEW TAIPEI CITY 22175, TAIWAN (R.O.C.)","郭O綺KUO,TZ-CHI","0971319881","","有","有"
"56668440","20170906","20210815","崝泉實業有限公司","CHENG CYUAN ENTERPRISES CO., LTD.","金門縣金城鎮金水里後豐港39號","No. 39, Houfenggang, Jinshui Vil., Jincheng Township, Kinmen County 89346, Taiwan (R.O.C.)","洪O雄","082-329784","082-328145","有","有"
"56668455","20170619","20230113","萬億科技有限公司","TAIWAN WESTIN POWER CO., LTD.","南投縣南投市內新里南營路95號","No. 95, Nanying Rd., Neixin Vil., Nantou City, Nantou County 540005, Taiwan (R.O.C.)","賴O仙","0978-505066","","有","有"
"56668504","20181002","20241224","摩登皇室有限公司","MODERN HOUSE BREWING CO., LTD.","彰化縣彰化市復興里竹和路200巷36弄16號1樓","1 F., No. 16, Aly. 36, Ln. 200, Zhuhe Rd., Fuxing Vil., Changhua City, Changhua County 50081, Taiwan (R.O.C.)","","04-7296979","","無","無"
"56668764","19910320","20230217","富鑫金屬股份有限公司","FUS-SHIN METAL CO., LTD.","臺中市外埔區大同里甲后路三段783巷62號","No. 62, Ln. 783, Sec. 3, Jiahou Rd., Datong Vil., Waipu Dist., Taichung City 438018, Taiwan (R.O.C.)","陳O春菊","04-26832199","04-26833769","有","有"
"56669068","20221013","20221013","楹家生技有限公司","Yingjia Biotechnology LTD.","彰化縣彰化市彰鹿路150巷12號1樓","1 F., No. 12, Ln. 150, Zhanglu Rd., Changhua City, Changhua County 500043, Taiwan (R.O.C.)","張O禎","09-10996227","","有","有"
"56669285","19981216","20230415","三瑋企業股份有限公司","SUN WAY PLASTIC CO., LTD.","臺中市清水區南社里南社路183號","No. 183, Nanshe Rd., Nanshe Vil., Qingshui Dist., Taichung City 436045, Taiwan (R.O.C.)","鄭O寬","04-26237131","04-26237521","有","有"
"56669428","20220317","20230303","品利有限公司","PINLI FURNITURE CO., LTD.","新竹縣竹北市中崙里福興路915號","No. 915, Fuxing Rd., Zhonglun Vil., Zhubei City, Hsinchu County 302056, Taiwan (R.O.C.)","洪O珍","0958508803","","有","有"
"56669503","20210611","20210814","和創國際有限公司","HE CHUNG LIMITED","彰化縣伸港鄉泉厝村泉厝路1-12號2樓","2 F., No. 1-12, Quancuo Rd., Shengang Township, Changhua County 50953, Taiwan (R.O.C.)","林O謀","04-7982835","","有","有"
"56669573","20170626","20210814","達松實業有限公司","DA SUNG ENTERPRISE CO.","彰化縣北斗鎮中和里中新路370巷5號2樓","2 F., No. 5, Ln. 370, Zhongxin Rd., Zhonghe Vil., Beidou Township, Changhua County 52144, Taiwan (R.O.C.)","許O棋","0937256067","04-837059","有","有"
"56669692","19830519","20210813","昊佑精機工業有限公司","HAO YU PRECISION MACHINERY INDUSTRY CO., LTD.","臺中市龍井區忠和里海尾路290號","No. 290, Haiwei Rd., Zhonghe Vil., Longjing Dist., Taichung City 43445, Taiwan (R.O.C.)","郭O燕","04-26303998","04-26301410","有","有"
"56669715","19820420","20230415","承楓實業股份有限公司","SAINT FONG INDUSTRIAL CO., LTD.","臺中市沙鹿區鹿寮里賢正街156號1樓","1 F., No. 156, Xianzheng St., Luliao Vil., Shalu Dist., Taichung City 433022, Taiwan (R.O.C.)","李O正","04-26267981","04-26264100","有","有"
"56669763","20190909","20210814","東靜實業有限公司","DONG JLNG INDUSTRIAL COMPANY LIMITED","彰化縣彰化市田中里田中路112號","No. 112, Tianzhong Rd., Tianzhong Vil., Changhua City, Changhua County 50088, Taiwan (R.O.C.)","李O澤","0910248557","047373796","有","有"
"56669861","20170620","20240528","永安環保事業股份有限公司","ECOTECH LIFECYCLE MANAGEMENT CO., LTD.","苗栗縣銅鑼鄉銅鑼村自強路24鄰22號","No. 22, Ziqiang Rd., 24th Neighborhood, Tongluo Township, Miaoli County 36642, Taiwan (R.O.C.)","MOhinderKumOrWOdhwO馬行德","03-5978919","","有","有"
"56669932","20180528","20230210","御蘭坊有限公司","YULAN ORCHID CO., LTD.","南投縣埔里鎮桃米里桃米路18-6號1樓","1 F., No. 18-6, Taomi Rd., Taomi Vil., Puli Township, Nantou County 545023, Taiwan (R.O.C.)","游O嘉","049-2912979","","有","有"
"56670086","20020927","20101224","崑發機車行","KUEN FA MOTOR STORE","臺中市大甲區孟春里通天路２２４號１樓","1FL., NO. 224,  TUNGTIAN RD., DAJIA DIST., TAICHUNG CITY  437, TAIWAN (R.O.C.)","黃O","04-26814093","","有","有"
"56670092","20150407","20221020","三弘木業有限公司","SAN HONG WOODEN CO., LTD.","臺中市大甲區日南里幼獅路25號","No. 25, Youshi Rd., Rinan Vil., Dajia Dist., Taichung City 437101, Taiwan (R.O.C.)","陳O嬌","042-6811024","042-6821886","有","有"
"56670115","20030825","20101224","日發鐘錶刻印社","RI FA WATCHES CO.","臺中市大甲區孟春里中山路二段一八五號","NO.185, SEC.2, JHONGSHAN RD., DAJIA DIST., TAICHUNG CITY  437, TAIWAN (R.O.C.)","徐O桐","07-6263483","","有","有"
"56670213","20010629","20210813","梅豐企業有限公司","MEI-FENG ENTERPRISE CO., LTD.","臺中市大甲區頂店里中山路一段1148號","No. 1148, Sec. 1, Zhongshan Rd., Dingdian Vil., Dajia Dist., Taichung City 43744, Taiwan (R.O.C.)","郭O章","04-26875085","04-26869364","有","有"
"56670396","19830205","20230523","野寶科技股份有限公司","A-PRO TECH CO., LTD.","臺中市大甲區日南里幼九路16號","No. 16, You 9th Rd., Rinan Vil., Dajia Dist., Taichung City 437103, Taiwan (R.O.C.)","林O維","04-2682-1688","04-2682-1699","有","有"
"56670403","20170707","20210814","崧源薄膜企業股份有限公司","SWUNYUAN FILMTECH ENTERPRISES CO., LTD.","南投縣草屯鎮中正路權郎巷9號5樓","5 F., No. 9, Quanlang Ln., Zhongzheng Rd., Caotun Township, Nantou County 54251, Taiwan (R.O.C.)","廖O忠","049-2568742","049-2550085","有","有"
"56670662","20180322","20230131","大地生質能源股份有限公司","Land Power Co., Ltd.","宜蘭縣羅東鎮東安里欣榮路75巷10號1樓","1 F., No. 10, Ln. 75, Xinrong Rd., Dong’an Vil., Luodong Township, Yilan County 265011, Taiwan (R.O.C.)","邱O","039-571878","039-571877","無","無"
"56670797","20170627","20210814","晨陽汽車有限公司","TRUST MOTOR CO., LTD.","彰化縣溪湖鎮太平里文三街3號","No. 3, Wen 3rd St., Taiping Vil., Xihu Township, Changhua County 51442, Taiwan (R.O.C.)","黃O義","04-8813333","","有","有"
"56670804","20170711","20220916","香港商歐緹麗有限公司台灣分公司","CAUDALIE HONG KONG LIMITED TAIWAN BRANCH","臺北市信義區信義路4段401號4樓","4 F., No. 401, Sec. 4, Xinyi Rd., Xinyi Dist., Taipei City 110053, Taiwan (R.O.C.)","湯O德Bertrand,Yves,WilliamTHOMAS","02-55562511","","無","無"
"56670831","20210928","20210928","展岩股份有限公司","Zhanyan Co., Ltd.","新竹市北區光田里東大路二段78號","NO. 78, SEC. 2, DONGDA RD., NORTH DIST., HSINCHU CITY 30054, TAIWAN (R.O.C.)","賴O玲","03-5821798","","有","有"
"56670847","20180131","20210815","全順益實業有限公司","Quan Shun Yi  Industrial Co., Ltd.","屏東縣九如鄉玉水村九如路一段53巷33號","No. 33, Ln. 53, Sec. 1, Jiuru Rd., Jiuru Township, Pingtung County 90442, Taiwan (R.O.C.)","劉O隆","0983329616","","有","有"
"56670868","20170623","20210816","薩摩亞商志強國際企業股份有限公司台灣分公司","SPORTS GEAR CO., LTD. TAIWAN BRANCH (SAMOA)","臺中市西屯區市政北五路266號、266號3樓","3 F., No. 266, Shizheng N. 5th Rd., Xitun Dist., Taichung City 40756, Taiwan (R.O.C.)","陳O家WEI-CHIACHEN","04-22585388","04-22589088","有","有"
"56671022","20170626","20230518","永紅科技有限公司","FOREVER RED TECHNOLOGY CO., LTD.","新竹市東區復興里自由路95巷18弄15號6樓之1","6 F.-1, No. 15, Aly. 18, Ln. 95, Ziyou Rd., Fuxing Vil., East Dist., Hsinchu City 300005, Taiwan (R.O.C.)","王O永","0966755853","","有","有"
"56671206","20171124","20210814","銘豐國際科技有限公司","Ming Feng Electronics Technology Co., Ltd.","新竹市東區文華里光華街27巷6號1樓","1 F., No. 6, Ln. 27, Guanghua St., Wenhua Vil., East Dist., Hsinchu City 30050, Taiwan (R.O.C.)","許O章","03-5318312","03-5318372","有","有"
"56671439","20190723","20230926","昇侑有限公司","Sheng Yo Co., Ltd.","臺中市大里區東湖里科技路3號11樓之5","11 F.-5, No. 3, Keji Rd., Donghu Vil., Dali Dist., Taichung City 412025, Taiwan (R.O.C.)","吳O仁","04-24910030","04-24910027","有","有"
"56671682","20170717","20230417","寶實洋行有限公司","GOOD IN GOODS CO., LTD.","嘉義市北鎮街106之3號","No. 106-3, Beizhen St., West Dist., Chiayi City 600083, Taiwan (R.O.C.)","林O潔","05-2315220","","無","無"
"56671727","20170804","20210813","滿足貿易有限公司","FULL ENJOY TRADE CO., LTD.","雲林縣斗六市林頭里南聖路78巷35號2樓","2 F., No. 35, Ln. 78, Nansheng Rd., Lintou Vil., Douliu City, Yunlin County 64065, Taiwan (R.O.C.)","林O昇","","","有","有"
"56671986","20170721","20210911","香港商聖峰數位有限公司台灣分公司","HOLY SUMMIT LIMITED TAIWAN BRANCH (HONG KONG)","臺北市中山區南京東路2段150號9樓","9 F., No. 150, Sec. 2, Nanjing E. Rd., Zhongshan Dist., Taipei City 10489, Taiwan (R.O.C.)","陳O良WenLiangChen","","","有","有"
"56672227","20191119","20210814","大福水產有限公司","DAFU AQUATIC CO., LTD.","嘉義縣義竹鄉北華村北港子36之28號1樓","1 F., No. 36-28, Beigangzi, Yizhu Township, Chiayi County 62444, Taiwan (R.O.C.)","蔡O璇","05-3427466","05-3427368","有","有"
"56672401","20190925","20210815","清井澤國際有限公司","Kiyosawa International Co., Ltd.","新竹縣竹北市華興三街37號十四樓之2","14F.-2, No. 37, Huaxing 3rd St., Zhubei City, Hsinchu County 30243, Taiwan (R.O.C.)","薛O清","03-5625311","03-5616566","有","有"
"56672556","19820825","20230105","又華股份有限公司","YEOW HWA CO., LTD.","臺中市清水區橋頭里中華路581巷12號","No. 12, Ln. 581, Zhonghua Rd., Qiaotou Vil., Qingshui Dist., Taichung City 436036, Taiwan (R.O.C.)","蔡O呈","04-26265896","04-26270277","有","有"
"56672768","20170719","20220922","馬皇生技有限公司","MA HUANG BIOTECH COMPANY LIMITED","屏東縣屏東市橋北里民和二路32號1樓","1 F., No. 32, Minhe 2nd Rd., Qiaobei Vil., Pingtung City, Pingtung County 900001, Taiwan (R.O.C.)","黃O月","08-8008118","08-7351312","無","無"
"56672845","20180801","20210814","本芯有限公司","ORIXIN CO., LTD.","基隆市安樂區四維里安和二街12之3號6樓","6 F., No. 12-3, Anhe 2nd St., Siwei Vil., Anle Dist., Keelung City 20448, Taiwan (R.O.C.)","陳O怡","09-58727770","","有","有"
"56672887","20020515","20210812","立建工業股份有限公司","LI YIAN IND. CO., LTD.","臺中市梧棲區草湳里臨港路三段168巷51弄36、38號","No. 38, Aly. 51, Ln. 168, Sec. 3, Lingang Rd., Caonan Vil., Wuqi Dist., Taichung City 43547, Taiwan (R.O.C.)","楊O","04-26393939","04-26393942","有","有"
"56672900","20170830","20210816","香港商香港製杯業有限公司台灣分公司","HONG KONG CUP PRODUCTS MANUFACTORY LIMITED TAIWAN BRANCH","新北市板橋區民生路1段33號12樓之3","12F.-3, No. 33, Sec. 1, Minsheng Rd., Banqiao Dist., New Taipei City 22069, Taiwan (R.O.C.)","黃O淳Wong,KwunShunPaul","02-32330580","02-32330580","有","有"
"56673112","20170627","20210813","向煜實業有限公司","SHINE-E INTELLIGENT INC.","彰化縣福興鄉三汴村番花路一段189號","No. 189, Sec. 1, Fanhua Rd., Fuxing Township, Changhua County 50662, Taiwan (R.O.C.)","林O吉","04-7697517","04-7681817","有","有"
"56673350","20190725","20221105","台盛金屬有限公司","TAI MAJESTIC METAL INTERNATIONAL CO., LTD","彰化縣鹿港鎮海埔里鹿工北一路15號","No. 15, Lugong N. 1st Rd., Haipu Vil., Lukang Township, Changhua County 505029, Taiwan (R.O.C.)","施O慈","0928775843","04-7751215","有","有"
"56673458","20170706","20210815","依庫瑪活力水生技有限公司","ECMA BIOTECH CO., LTD.","新竹市東區復興里自由路67號4樓之2","4F.-2, No. 67, Ziyou Rd., Fuxing Vil., East Dist., Hsinchu City 30041, Taiwan (R.O.C.)","張O云","03-5324946","","有","有"
"56673838","20170717","20250423","亮晨電玩有限公司","LIANG CHEN DW CO., LTD.","新竹市北區北門里北大路178號一樓","1 F., No. 178, Beida Rd., Beimen Vil., North Dist., Hsinchu City 30044, Taiwan (R.O.C.)","羅O晨","0926781026","","有","有"
"56673844","19830324","20221209","茂彰運動護具股份有限公司","REFIRMANCE ATHLETIC PROTECTOR CO., LTD.","臺中市清水區秀水里中央路49之21號","No. 49-21, Zhongyang Rd., Xiushui Vil., Qingshui Dist., Taichung City 436038, Taiwan (R.O.C.)","王O香","04-26272191","04-26272138","有","有"
"56673865","20170803","20230609","吉事達科技企業有限公司","GOOD START TECHNOLOGY ENTERPRISE CO., LTD.","彰化縣彰化市西安里民族路345巷123號1樓","1 F., No. 123, Ln. 345, Minzu Rd., Xi’an Vil., Changhua City, Changhua County 500007, Taiwan (R.O.C.)","紀O學","0912-676681","04-7872075","有","有"
"56673957","20170705","20210814","維昕企業有限公司","LEE MASA CORP.","彰化縣員林市南東里山腳路四段76號","No. 76, Sec. 4, Shanjiao Rd., Nandong Vil., Yuanlin City, Changhua County 51059, Taiwan (R.O.C.)","李O雄","04-8363823#19","04-8364328","有","有"
"56673984","20230911","20250502","叠寬設計股份有限公司","RANA DESIGN CO., LTD.","臺中市烏日區高鐵一路268號19樓之11","19 F.-11, No. 268, Gaotie 1st Rd., Wuri Dist., Taichung City 414010, Taiwan (R.O.C.)","黃O揚","04-23807081","","有","有"
"56673990","20221005","20221005","來速捷物流股份有限公司","Lexu Express Logistics Co., Ltd.","新竹市延平路3段667巷18之2號7樓","7 F., No. 18-2, Ln. 667, Sec. 3, Yanping Rd., North Dist., Hsinchu City 300056, Taiwan (R.O.C.)","張O岳","0910685601","","有","有"
"56674203","20220518","20220518","禾煦照明設計有限公司","Hexu Lighting Design Co., Ltd.","臺中市南區樹義里文心南路747號3樓之2","3F.-2, NO. 747, WENXIN S. RD., SHUYI VIL., SOUTH DIST., TAICHUNG CITY 40256, TAIWAN (R.O.C.)","吳O翰","0958901959","","有","有"
"56674338","20170720","20210814","東盛有限公司","TOWSON CO., LTD.","彰化縣大村鄉擺塘村擺塘巷21-43號","No. 21-43, Baitang Ln., Dacun Township, Changhua County 51543, Taiwan (R.O.C.)","黃O福","04-8524796","","有","有"
"56674392","20170628","20241127","博蔚科技有限公司","PW TEK CORP.","新竹市東區建新路60之3號9樓之2","9F.-2, No. 60-3, Jianxin Rd., East Dist., Hsinchu City 30071, Taiwan (R.O.C.)","","0971120005","","無","無"
"56674490","20240523","20241205","台灣地熱電力股份有限公司","Taiwan Geothermal Power Corporation","宜蘭縣大同鄉三星路八段501巷167號","No. 167, Ln. 501, Sec. 8, Sanxing Rd., Datong Township, Yilan County 267111, Taiwan (R.O.C.)","林O烈","","","有","有"
"56674750","20170626","20210816","香港商安度有限公司台灣分公司","ASIMETO (HONG KONG) INC. TAIWAN BRANCH","臺中市西屯區潮洋里市政北二路236號21樓之1","21F.-1, No. 236, Shizheng N. 2nd Rd., Chaoyang Vil., Xitun Dist., Taichung City 40756, Taiwan (R.O.C.)","張O泉LIN-QUAN,ZHANG","","","有","有"
"56674941","20170802","20210813","厚橋興業有限公司","HO BRIDGE ENTERPRISE LTD.","彰化縣北斗鎮大道里中山路二段445巷101號","No. 101, Ln. 445, Sec. 2, Zhongshan Rd., Dadao Vil., Beidou Township, Changhua County 52148, Taiwan (R.O.C.)","李O","04-8871672","","有","有"
"56675076","20141009","20210814","新意鍛造工業股份有限公司","SIN YIH FORGING INDUSTRIAL CO., LTD.","臺中市梧棲區草湳里自立路202號","No. 202, Zili Rd., Caonan Vil., Wuqi Dist., Taichung City 43546, Taiwan (R.O.C.)","陳O峯","04-26398485","","有","有"
"56675081","20180502","20240117","華妍生醫有限公司","HuaYan Biomedical Co., Ltd.","臺北市中山區建國北路2段1號7樓","7 F., No. 1, Sec. 2, Jianguo N. Rd., Zhongshan Dist., Taipei City 104108, Taiwan (R.O.C.)","李O浚","03-3365997","","有","有"
"56675174","20180202","20230504","至宇國際股份有限公司","ZYU-intl Co., LTD.","新竹市香山區中山路640巷498號7樓之13","7 F.-13, No. 498, Ln. 640, Zhongshan Rd., Xiangshan Dist., Hsinchu City 300030, Taiwan (R.O.C.)","陳O怡","03-5300167","","有","有"
"56675189","20121017","20211210","弘其塑膠工業有限公司","HONG JI PLASTIC INDUSTRIAL CO., LTD.","臺中市梧棲區永寧里永興路一段402巷68號","No. 68, Ln. 402, Sec. 1, Yongxing Rd., Yongning Vil., Wuqi Dist., Taichung City 43549, Taiwan (R.O.C.)","童O堂","04-26396794","04-26304323","有","有"
"56675239","20170706","20210814","興益達實業有限公司","HING YI DA INDUSTRIAL CO., LTD.","新竹市香村里香村路121巷29號1樓","1 F., No. 29, Ln. 121, Xiangcun Rd., Xiangcun Vil., Xiangshan Dist., Hsinchu City 30093, Taiwan (R.O.C.)","韓O傑","03-5309159","03-5309159","有","有"
"56675364","20180412","20210813","宏興達企業股份有限公司","Hoxingda Enterprise Co., Ltd.","花蓮縣吉安鄉宜昌村吉祥12街12號1樓","1 F., No. 12, Jixiang 12th St., Ji’an Township, Hualien County 97342, Taiwan (R.O.C.)","葉O軒","07-3102566","07-3102567","有","有"
"56675511","20170714","20230629","棠爍企業有限公司","TOPSWOR ENTERPRISE CO., LTD.","彰化縣秀水鄉鶴鳴村1鄰彰鹿路233巷6之21號1樓","1F., No. 6-21, Ln. 233, Zhanglu Rd., 1st Neighborhood, Heming Vil., Xiushui Township,  Changhua County 504009, Taiwan (R.O.C.)","張O芳","04-7681365","04-7681325","無","無"
"56675625","20171208","20210815","大進冷凍有限公司","PESCADO COMPANY","屏東縣新園鄉鹽埔村新生路98號","No. 98, Xinsheng Rd., Xinyuan Township, Pingtung County 93248, Taiwan (R.O.C.)","蘇O仁","08-8332308","","有","有"
"56675842","20170627","20230309","醫玲管理顧問有限公司","ELIM HEALTHCARE MANAGEMENT CONSULTING CO., LTD.","南投縣埔里鎮蘭陽街14巷1弄15號1樓","1 F., No. 15, Aly. 1, Ln. 14, Lanyang St., Puli Township, Nantou County 545011, Taiwan (R.O.C.)","任O玲","0932992255","","無","無"
"56675884","20170724","20230711","豪逸達精密股份有限公司","HOYTEK PRECISION COMPANY","新竹縣竹北市新泰路31號5樓之1","5 F.-1, No. 31, Xintai Rd., Zhubei City, Hsinchu County 302006, Taiwan (R.O.C.)","鄒O毅","03-5539960","03-5532334","有","有"
"56675940","20170626","20210814","誠湧企業有限公司","TREND INFLUX CORP.","彰化縣和美鎮詔安里永東街320號","No. 320, Yongdong St., Zhao’an Vil., Hemei Township, Changhua County 50854, Taiwan (R.O.C.)","蔣O慧","04-7352855","04-7351552","有","有"
"56676048","20170720","20210816","貝里斯商榮躍創意有限公司台灣分公司","CELESTIAL SPLENDOR LIMITED TAIWAN BRANCH(BELIZE)","臺北市大安區復興南路2段27號8樓之10","8F.-10, No. 27, Sec. 2, Fuxing S. Rd., Da’an Dist., Taipei City 10665, Taiwan (R.O.C.)","羅O玖","02-27066172","","無","無"
"56676151","20121225","20230222","俊全實業廠股份有限公司","JUNE CHAAN INDUSTRIAL CO., LTD.","臺中市沙鹿區埔子里屏西路古月東巷101號","No. 101, Guyue E. Ln., Pingxi Rd., Puzi Vil., Shalu Dist., Taichung City 433102, Taiwan (R.O.C.)","吳O炎","04-26313601","04-26239141","有","有"
"56676194","19821207","20220929","華元食品股份有限公司","HWA YUAN FOODS CO., LTD.","臺中市梧棲區草湳里自立二街392號","No. 392, Zili 2nd St., Caonan Vil., Wuqi Dist., Taichung City 435054, Taiwan (R.O.C.)","郭O鵬","04-26393118","04-26392780","有","有"
"56676244","20200408","20210814","港洲營造股份有限公司","KONG CHOU CONSTRUCTION CO., LTD.","臺中市沙鹿區四平街53之1號","No. 53-1, Siping St., Shalu Dist., Taichung City 43351, Taiwan (R.O.C.)","陳O國","04-23023633#111","","有","有"
"56676321","20170724","20230420","瑞曜股份有限公司","RUEI YAU CO., LTD.","彰化縣和美鎮雅溝里南軒路205號","No. 205, Nanxuan Rd., Yagou Vil., Hemei Township, Changhua County 508008, Taiwan (R.O.C.)","李O嬌","04-7566396","04-7579896","有","有"
"56676390","19941017","20210815","上妡萓內衣有限公司","FU YUAN UNDERWEAR CO., LTD.","臺中市沙鹿區興仁里沙田路46之21號","No. 46-21, Shatian Rd., Xingren Vil., Shalu Dist., Taichung City 43354, Taiwan (R.O.C.)","李O憲","04-26361926","04-26361927","有","有"
"56676574","20191025","20230324","舜芳工程有限公司","YUFANG ENGINEERING CO., LTD.","嘉義市西區磚磘里永康一街41號1樓","1 F., No. 41, Yongkang 1st St., West Dist., Chiayi City 600072, Taiwan (R.O.C.)","魏O縈","05-2355848","","有","有"
"56676618","20180115","20210816","貝里斯商美利堅國際有限公司台灣分公司","Evagreen Limited Taiwan Branch(BELIZE)","臺中市西屯區大墩十九街140號2樓","2 F., No. 140, Dadun 19th St., Xitun Dist., Taichung City 40758, Taiwan (R.O.C.)","李O麗Lee,Mei-Li","04-23103801","04-23101373","有","有"
"56676770","20190110","20210813","台灣泵浦科技股份有限公司","Taiwan Pump Technology Co., Ltd.","南投縣名間鄉新光村名山路52之16號","No. 52-16, Mingshan Rd., Mingjian Township, Nantou County 55151, Taiwan (R.O.C.)","蔣O彬","049-2737829","","有","有"
"56676954","20170627","20210814","日業興旺有限公司","RI YE HSIN WANG ENTERPRISE CO., LTD.","新竹縣湖口鄉波羅村千禧路29巷19弄2號2樓","2 F., No. 2, Aly. 19, Ln. 29, Qianxi Rd., Hukou Township, Hsinchu County 30349, Taiwan (R.O.C.)","劉O燕","03-5693265","","有","有"
"56677095","20241218","20241218","台灣氣動發電儲能股份有限公司","Taiwan Pneumatic Power Generation and Energy Storage CO., LTD.","屏東縣萬丹鄉上村村社皮路一段422號1樓","1 F., No. 422, Sec. 1, Shepi Rd., Wandan Township, Pingtung County 913006, Taiwan (R.O.C.)","張O鍒","","","有","有"
"56677124","20170630","20241102","沐馳數位股份有限公司","I2C SOLUTION LTD.","臺北市中山區長安東路2段112號4樓之2","4 F.-2, No. 112, Sec. 2, Chang’an E. Rd., Zhongshan Dist., Taipei City 104094, Taiwan (R.O.C.)","吳O峰","03-5507176","03-5507181","有","有"
"56677193","20170901","20250418","新晶氫能股份有限公司","SUNCRUISE TECH CO., LTD.","新竹縣竹北市復興二路193號3樓之1","3F.-1, No. 193, Fuxing 2nd Rd., Zhubei City, Hsinchu County 30271, Taiwan (R.O.C.)","游O澤","03-5181686","03-5181196","有","有"
"56677433","19991220","20221221","茗泰企業社","HWAE TA ENTERPRISE CO.","臺中市大甲區新美里順天路１０３號１樓","1 F., No. 103, Shuntian Rd., Xinmei Vil., Dajia Dist., Taichung City 437005, Taiwan (R.O.C.)","王O敏灑","","","無","無"
"56677551","19921222","20221217","軍典企業股份有限公司","JENDEL INTERNATIONAL ENTERPRISES LIMITED","臺中市大甲區中山里水源路452巷72號","No. 72, Ln. 452, Shuiyuan Rd., Zhongshan Vil., Dajia Dist., Taichung City 437001, Taiwan (R.O.C.)","劉O三","04-26863465","04-26866825","有","有"
"56677617","20170721","20220226","美商特勵達菲力爾股份有限公司台灣分公司","Teledyne FLIR Commercial Systems, Inc. Taiwan Branch (UNITED STATES)","臺北市內湖區洲子街57號10樓","10 F., No. 57, Zhouzi St., Neihu Dist., Taipei City 11493, Taiwan (R.O.C.)","楊O昇Ming-shengYang","02-26560399","02-26578016","有","有"
"56677665","20070227","20221004","泓勁有限公司","DELING LIU CO., LTD.","基隆市七堵區福五街70號2樓","2 F., No. 70, Fu 5th St., Qidu Dist., Keelung City 206008, Taiwan (R.O.C.)","詹O玲","02-24512672","02-24512672","有","有"
"56677763","20170713","20230317","韓商迪愛影像科技股份有限公司台灣分公司","DRTECH CORPORATION TAIWAN BRANCH (KOREA)","臺北市中山區南京西路1-1號10樓","10 F., No. 1-1, Nanjing W. Rd., Zhongshan Dist., Taipei City 104402, Taiwan (R.O.C.)","朴O暎PARKMUNYOUNG","0930783677","","有","有"
"56677898","19981121","20230511","臺膠實業股份有限公司","TAI-TEC RUBBER INDUSTRIAL CO., LTD.","臺中市大雅區三和里雅潭路四段335號","No. 335, Sec. 4, Yatan Rd., Sanhe Vil., Daya Dist., Taichung City 428005, Taiwan (R.O.C.)","李O蘭","04-25665959","04-25673727","有","有"
"56677932","20170703","20240919","雅聚國際藝術有限公司","ELEGANT GATHERING INTERNATIONAL ART LTD.","南投縣南投市三興里南崗一路135巷3號1樓","1 F., No. 3, Ln. 135, Nangang 1st Rd., Sanxing Vil., Nantou City, Nantou County 54060, Taiwan (R.O.C.)","顏O樺","049-2221776","","有","有"
"56677953","20170704","20210814","梨阿杉國際實業有限公司","LEISURE ALPINE INTERNATIONAL LTD.","南投縣南投市三興里南崗一路135巷3號1樓","1 F., No. 3, Ln. 135, Nangang 1st Rd., Sanxing Vil., Nantou City, Nantou County 54060, Taiwan (R.O.C.)","吳O連","049-2221776","","有","有"
"56678088","20181026","20230630","品綠有限公司","Pin-Lu CO., LTD.","苗栗縣後龍鎮南港里6鄰南北坑46之3號","No. 46-3, Nanbeikeng, 6th Neighborhood, Nangang Vil., Houlong Township, Miaoli County 356010, Taiwan (R.O.C.)","","037-923179","037-923100","無","無"
"56678334","20170704","20210814","彰達數位有限公司","CHANGDA DIGITAL. CO., LTD.","彰化縣伸港鄉大同村中興九街50號1樓","1 F., No. 50, Zhongxing 9th St., Shengang Township, Changhua County 50953, Taiwan (R.O.C.)","李O興","0978-875279","04-7220029","有","有"
"56678480","20170718","20221102","薪選有限公司","EASY PIECEY CO., LTD.","臺北市大同區民樂街22號2樓","2 F., No. 22, Minle St., Datong Dist., Taipei City 103005, Taiwan (R.O.C.)","陳O妤","0936132610","03-6589419","有","有"
"56678550","20170629","20210814","愛橘地有限公司","AGDISPLAY TECHNOLOGY CO., LTD.","宜蘭縣宜蘭市農權路243巷1弄6號","No. 6, Aly. 1, Ln. 243, Nongquan Rd., Yilan City, Yilan County 26046, Taiwan (R.O.C.)","黃O槿","0929177272","","有","有"
"56678566","19870624","20221119","造新織造廠股份有限公司","CHAO HSIN WEBBING INDUSTRIAL CO., LTD.","臺中市梧棲區永安里永興路一段401巷202號","No. 202, Ln. 401, Sec. 1, Yongxing Rd., Yong’an Vil., Wuqi Dist., Taichung City 435057, Taiwan (R.O.C.)","王O雪白","04-26301888","","無","無"
"56678664","20170718","20240925","台灣沛泉技研有限公司","TAIWAN GOOD SPRING TECHNOLOGY CO., LTD.","彰化縣福興鄉西勢村員鹿路二段427號","No. 427, Sec. 2, Yuanlu Rd., Fuxing Township, Changhua County 50649, Taiwan (R.O.C.)","","04-7774638","04-7785755","無","無"
"56678708","20240423","20240423","冠丞科技有限公司","King Certification LTD.","苗栗縣頭份市下興里2鄰新興街8號1樓","1 F., No. 8, Sinsing St., Toufen City, Miaoli County 351048, Taiwan (R.O.C.)","紀O丞","037690381","","有","有"
"56678828","20200519","20230401","綺爾盛科技有限公司","Qiersheng Technology CO., Ltd.","南投縣魚池鄉魚池村瓊文巷18之3號1樓","1F., No. 18-3, Qiongwen Ln., Yuchi Vil., Yuchi Township,  Nantou County 555001, Taiwan (R.O.C.)","黃O情","04-24833825","","無","無"
"56679333","20170710","20210814","島翼國際有限公司","IGWINGS INTERNATIONAL CO., LTD.","新竹市東區東山里培英街25巷4號2樓","2 F., No. 4, Ln. 25, Peiying St., Dongshan Vil., East Dist., Hsinchu City 30068, Taiwan (R.O.C.)","曾O煊","03-5720086","03-5733269","有","有"
"56679501","20230425","20230822","建發電梯有限公司","Jianfa Elevator CO., LTD.","高雄市新興區八德一路332號12樓","12 F., No. 332, Bade 1st Rd., Xinxing Dist., Kaohsiung City 800013, Taiwan (R.O.C.)","紀O發","0929-885100","","有","有"
"56679663","20170816","20210814","宏峻紡織有限公司","HONGJUN TEXTILE CO., LTD.","彰化縣和美鎮好修里月北路284巷122號1樓","1 F., No. 122, Ln. 284, Yuebei Rd., Haoxiu Vil., Hemei Township, Changhua County 50844, Taiwan (R.O.C.)","吳O齡","(04)7560876","","有","有"
"56679777","20171128","20230111","小花有限公司","WildZoe CO., LTD.","屏東縣萬丹鄉四維村丹榮路975號","No. 975, Danrong Rd., Siwei Vil., Wandan Township,  Pingtung County 913007, Taiwan (R.O.C.)","林O吟","08-7776262","","有","有"
"56679946","20000516","20101224","金玉豐百貨行","JIN YUH FENG STORE","臺中市梧棲區頂寮里大勇路２１４號","NO.214, DAH YONG RD., WUQI DIST., TAICHUNG CITY  435, TAIWAN (R.O.C.)","陳O佳","04-26563862","04-26566098","有","有"
"56679973","19931206","20210814","重源企業股份有限公司","HEAVY RESOURCE ENTERPRISE CO., LTD.","臺中市梧棲區草湳里梧南路11號","No. 11, Wunan Rd., Caonan Vil., Wuqi Dist., Taichung City 43547, Taiwan (R.O.C.)","陳O珠","04-26302875","","有","有"
"56680599","20170714","20210816","美商磊方股份有限公司台灣分公司","EVERROYAL TECHNOLOGIES CO., LTD. TAIWAN BRANCH(U.S.A)","臺北市內湖區瑞光路76巷37號6樓","6 F., No. 37, Ln. 76, Ruiguang Rd., Neihu Dist., Taipei City 11491, Taiwan (R.O.C.)","林OLIN,JUNG","02-87919795","","有","有"
"56680628","20170719","20240628","香港商首發創意有限公司台灣分公司","SC GROUP HONG KONG Limited Taiwan Branch","臺北市松山區八德路四段678號6樓之3","6 F.-3, No. 678, Sec. 4, Bade Rd., Songshan Dist., Taipei City 105412, Taiwan (R.O.C.)","郭O峰KWOKMINGFUNGHENRY,鄧兆東TANGSIUTUNG","0928940910","","有","有"
"56680774","20161025","20210811","中港工業原料行","CHUNG GANG INDUSTRY MATERIALS COMPANY","臺中市沙鹿區竹林里臺灣大道七段７００號","No. 700, Sec. 7, Taiwan Blvd., Zhulin Vil., Shalu Dist., Taichung City 43349, Taiwan (R.O.C.)","陳O杰","04-26628233","","有","有"
"56680824","20170710","20250227","台灣艾司摩爾科技股份有限公司","ASML TECHNOLOGY TAIWAN LTD.","新竹市公道五路三段1號11樓之1","11 F.-1, No. 1, Sec. 3, Gongdao 5th Rd., East Dist., Hsinchu City 300042, Taiwan (R.O.C.)","陳O光","03-516-6266","03-516-6207","有","有"
"56680850","20170630","20220127","新加坡商鴻運科股份有限公司台灣分公司","CLOUD NETWORK TECHNOLOGY SINGAPORE PTE. LTD., TAIWAN BRANCH","新北市土城區民生街4號","No. 4, Minsheng St., Tucheng Dist., New Taipei City 23679, Taiwan (R.O.C.)","李O寧LEE,WEI-NING","02-22676511","","有","有"
"56680916","19890527","20210812","帝諾企業有限公司","TI NUOH ENTERPRISE LTD.","臺中市梧棲區中華路一段578號1樓","1 F., No. 578, Sec. 1, Zhonghua Rd., Wuqi Dist., Taichung City 43549, Taiwan (R.O.C.)","紀O銘","04-26626755","04-26621899","有","有"
"56680922","20121025","20230217","太蓮國際股份有限公司","TANSY INTERNATIONAL CO., LTD","臺中市沙鹿區日新街171號","No. 171, Rixin St., Shalu Dist., Taichung City 433103, Taiwan (R.O.C.)","林O軒","04-26835977","04-26838087","有","有"
"56680991","20170724","20221231","可瑞芙國際有限公司","KRF INTERNATIONAL COMPANY","南投縣南投市彰仁里復興路210號","No. 210, Fuxing Rd., Zhangren Vil., Nantou City, Nantou County 540023, Taiwan (R.O.C.)","林O文","04-92223778","","無","無"
"56681020","20170706","20210816","美商矽美科國際股份有限公司台灣分公司","CIMETRIX INTERNATIONAL, INC., TAIWAN BRANCH (U.S.A.)","臺北市北投區中央南路二段12之16號15樓","15 F., No. 12-16, Sec. 2, Zhongyang S. Rd., Beitou Dist., Taipei City 11270, Taiwan (R.O.C.)","李O修Meng-HsiuLee","","","有","有"
"56681099","20170630","20211008","豐立漁業有限公司","FONG LI FISHERY CO., LTD.","屏東縣東港鎮東新里興東路307之67號1樓","1 F., No. 307-67, Xingdong Rd., Dongxin Vil., Donggang Township, Pingtung County 92841, Taiwan (R.O.C.)","許O仁","08-8353190","","有","有"
"56681112","20170703","20221111","香港商顯通香港科技有限公司台灣分公司","SENTONS HONG KONG LIMITED TAIWAN BRANCH","臺北市信義區忠孝東路五段508號11樓之2","11 F.-2, No. 508, Sec. 5, Zhongxiao E. Rd., Xinyi Dist., Taipei City 110057, Taiwan (R.O.C.)","沈OSamueWeiSheng","02-27657991","02-27655345","無","無"
"56681210","20170718","20210814","綺大有限公司","CHITA STEEL TUBE CO., LTD.","嘉義市西區竹子脚62-6號一樓","1 F., No. 62-6, West Dist., Chiayi City 600, Taiwan (R.O.C.)","陳O梅","05-2374513","","有","有"
"56681289","20200818","20210814","丸立股份有限公司","Maruli co.,ltd","桃園市中壢區東園路45號","No. 45, Dongyuan Rd., Zhongli Dist., Taoyuan City 32063, Taiwan (R.O.C.)","賴O愷","03-3501289","03-3493017","有","有"
"56681324","20190911","20221115","鉑冠材料有限公司","PLATINUM CROWN MATERIAL Co., Ltd","新竹縣新豐鄉崎頂村建興路2段421巷6號3樓","3F., No. 6, Ln. 421, Sec. 2, Jianxing Rd., Qiding Vil., Xinfeng Township,  Hsinchu County 304121, Taiwan (R.O.C.)","陳O琪","03-5596780","03-5592692","有","有"
"56681458","20180628","20240131","九爖珏有限公司","SONIA CHANG CO., LTD.","基隆市中正區港通里信五路37號","No. 37, Xin 5th Rd., Gangtong Vil., Zhongzheng Dist., Keelung City 20241, Taiwan (R.O.C.)","張O霞","02-24260944","","有","有"
"56681464","20030624","20230331","朝盛塑膠工業股份有限公司","CHAO SHENG PLASTIC INDUSTRY CO., LTD.","臺中市清水區裕嘉里高美路312號","No. 312, Gaomei Rd., Yujia Vil., Qingshui Dist., Taichung City 436034, Taiwan (R.O.C.)","蔡O浚","042-626-0615","042-627-0421","有","有"
"56681767","20190614","20210814","京芮國際有限公司","J.R. Cosmetics marketing Company Limited","南投縣南投市康壽里中山街240巷21號","No. 21, Ln. 240, Zhongshan St., Kangshou Vil., Nantou City, Nantou County 54057, Taiwan (R.O.C.)","粘O豪","049-2233183","","有","有"
"56682082","20170817","20230609","達美生國際有限公司","DIMEXON INTERNATIONAL CO., LTD.","彰化縣彰化市彰安里中正路2段503巷20-24號1樓","1 F., No. 20-24, Ln. 503, Sec. 2, Zhongzheng Rd., Zhang’an Vil., Changhua City, Changhua County 500008, Taiwan (R.O.C.)","施O君","","","無","無"
"56682098","20210726","20240904","丸俱設計有限公司","Countryside south CO., LTD.","新竹市北區四維路130號9樓之8","9 F.-8, No. 130, Siwei Rd., North Dist., Hsinchu City 300192, Taiwan (R.O.C.)","莊O毅","0981426835","","有","有"
"56682294","20081021","20210814","日弘繩帶有限公司","Z HOME WEAVING CO., LTD.","臺中市大甲區文武里五福街247號","No. 247, Wufu St., Wenwu Vil., Dajia Dist., Taichung City 43748, Taiwan (R.O.C.)","郭O安","04-26803232","04-26877890","有","有"
"56682317","20200501","20211019","星研國際有限公司","Star Education, LTD.","新竹縣竹北市福興路669號","NO. 669, FUXING RD., ZHUBEI CITY, HSINCHU COUNTY 302, TAIWAN (R.O.C.)","劉O文","03-5527000","","有","有"
"56682415","19830325","20230223","鋐城工業股份有限公司","HUNG CHENG INDUSTRY CO., LTD.","臺中市大甲區文曲里東安路187號","No. 187, Dong’an Rd., Wenqu Vil., Dajia Dist., Taichung City 437012, Taiwan (R.O.C.)","紀O賢","046-861310","","有","有"
"56682421","19830302","20241204","大船企業股份有限公司","OFUNA ENTERPRISE CO., LTD.","臺北市中山區中山北路1段113號22樓","22 F., No. 113, Sec. 1, Zhongshan N. Rd., Zhongshan Dist., Taipei City 104003, Taiwan (R.O.C.)","","03-318-1111","03-318-1777","無","無"
"56682528","20170705","20250110","佳欣服務有限公司","JIA-HSIN SERVICE ENGINEERING CO., LTD.","宜蘭縣宜蘭市黎明里黎明一路226之2號二樓","2 F., No. 226-2, Liming 1st Rd., Liming Vil., Yilan City, Yilan County 260017, Taiwan (R.O.C.)","","03-9313889","03-9332091","無","無"
"56682718","19921224","20230210","穎錩實業股份有限公司","YING CHANG METAL CORP.","臺中市大甲區日南里工二路31號","No. 31, Gong 2nd Rd., Rinan Vil., Dajia Dist., Taichung City 437105, Taiwan (R.O.C.)","陳O任","04-26815617","04-26816819","有","有"
"56683028","19850615","20240620","力繓實業有限公司","LIH TSUO INDUSTRIAL CO., LTD.","臺中市大甲區文武里順天路341號","No. 341, Shuntian Rd., Wenwu Vil., Dajia Dist., Taichung City 43741, Taiwan (R.O.C.)","蔡O芯","046-871303","","有","有"
"56683076","19990720","20230316","利盛紙業股份有限公司","PAPERTABLE INDUSTRIAL COMPANY","臺中市大安區永安里南北四路107號","No. 107, Nanbei 4th Rd., Yong’an Vil., Da’an Dist., Taichung City 439026, Taiwan (R.O.C.)","徐O琪","04-26870865","04-26881100","有","有"
"56683097","20210409","20210813","鴻葉工程科技有限公司","Hong Yeh Engineering Technology Co., Ltd.","新竹市北區集賢街33號1樓","1 F., No. 33, Jixian St., North Dist., Hsinchu City 30045, Taiwan (R.O.C.)","李O菁","02-25856338","","有","有"
"56683189","19830118","20230610","鼎固健康科技股份有限公司","HIGH SPOT HEALTH TECHNOLOGY CO., LTD.","臺中市大安區西安里東西七路二段102號","No. 102, Sec. 2, Dongxi 7th Rd., Xi’an Vil., Da’an Dist., Taichung City 439027, Taiwan (R.O.C.)","莊O淇","04-26877611","","有","有"
"56683245","20170721","20210814","湛巨力有限公司","MENTROSTAR CO., LTD.","彰化縣福興鄉番社村番社街63號","No. 63, Fanshe St., Fuxing Township, Changhua County 50660, Taiwan (R.O.C.)","陳O瑛","047-776539","","有","有"
"56683293","19980325","20210812","源豐碾米工廠大安分工廠","YUAN FENG WORKS TA AN FACTORY","臺中市大安區松雅里大安港路526號","No. 526, Da’angang Rd., Songya Vil., Da’an Dist., Taichung City 43953, Taiwan (R.O.C.)","陳O春梅","04-26870035","04-26870015","有","有"
"56683385","20181227","20240816","輝允企業有限公司","HUEI-YUN Enterprise Co., Ltd.","彰化縣秀水鄉寶溪巷16弄38號1樓","1 F., No. 38, Aly. 16, Baoxi Ln., Xiushui Township, Changhua County 50445, Taiwan (R.O.C.)","梁O威","04-7772748","04-7774166","有","有"
"56683548","20170705","20210816","大陸商蘇州樂輝液晶顯示有限公司台灣分公司","SUZHOU LEHUI DISPLAY CO., LTD. TAIWAN BRANCH (CHINA)","新北市板橋區中山路一段156號10樓","10 F., No. 156, Sec. 1, Zhongshan Rd., Banqiao Dist., New Taipei City 22065, Taiwan (R.O.C.)","許O翰","02-29555789","","有","有"
"56683651","20170719","20220730","香港商新大電子科技有限公司台灣分公司","NEW GREAT TECHNOLOGY INTERNATIONAL HONG KONG LIMITED TAIWAN BRANCH","新竹縣竹北市興隆路2段341號3樓","3 F., No. 341, Sec. 2, Xinglong Rd., Zhubei City, Hsinchu County 302050, Taiwan (R.O.C.)","羅O宏LO,CHENG-HUNG","03-6673950","03-6673951","有","有"
"56683836","19830927","20250110","豪鴻企業股份有限公司","SKY FLYING ENTERPRISE CO., LTD.","臺中市外埔區三崁里三崁路27之2號","No. 27-2, Sankan Rd., Sankan Vil., Waipu Dist., Taichung City 438016, Taiwan (R.O.C.)","莊O婷","046-832961","","有","有"
"56684315","20170801","20210814","乾亞有限公司","CHARM PLASTIC MATERIAL CO., LTD.","彰化縣員林市三愛里大同路2段6號4樓","4 F., No. 6, Sec. 2, Datong Rd., San’ai Vil., Yuanlin City, Changhua County 51050, Taiwan (R.O.C.)","曹O銘","04-8380110","04-88380119","有","有"
"56684363","20170802","20210814","瑞迅科技股份有限公司","REISON TECHNOLOGY CO., LTD.","新竹市東區埔頂里公道五路二段83號5樓之2","5F.-2, No. 83, Sec. 2, Gongdao 5th Rd., Puding Vil., East Dist., Hsinchu City 30070, Taiwan (R.O.C.)","楊O銳","03-5536958","","有","有"
"56684379","20170710","20241031","香港商艾司摩爾貿易有限公司台灣分公司","ASML HONG KONG LIMITED TAIWAN BRANCH (HONG KONG)","新竹市公道五路三段1號11樓之1","11F.-1, No. 1, Sec. 3, Gongdao 5th Rd., East Dist., Hsinchu City 30069, Taiwan (R.O.C.)","","03-516-6266","03-516-6207","無","無"
"56684568","20170710","20210816","新加坡商維碁有限公司台灣分公司","VICKY'S IMPORT & EXPORT PTE LTD. TAIWAN BRANCH (SINGAPORE)","新北市板橋區實踐路124號4樓","4 F., No. 124, Shijian Rd., Banqiao Dist., New Taipei City 22064, Taiwan (R.O.C.)","榮O哲","02-29535050","","有","有"
"56684820","20170719","20220527","天弘綠品生技有限公司","TIME ON CO., LTD.","彰化縣彰化市文化里三民路390號","No. 390, Sanmin Rd., Wenhua Vil., Changhua City, Changhua County 50043, Taiwan (R.O.C.)","黃O琪","04-7114611","04-7118769","有","有"
"56684856","20170727","20230608","達正國際貿易有限公司","TAIWAN AMUSEMENT MACHINE TECH TRADING CO., LTD.","新竹縣竹北市文化里文信路221號1樓","1 F., No. 221, Wenxin Rd., Wenhua Vil., Zhubei City, Hsinchu County 302002, Taiwan (R.O.C.)","","0927337073","","無","無"
"56684906","20170705","20240131","台灣樂酷有限公司","TAIWAN LE KU CO., LTD","彰化縣埤頭鄉永豊村崙子南路173號","No. 173, Lunzi S. Rd., Pitou Township, Changhua County 52344, Taiwan (R.O.C.)","羅O仁","0916715130","","無","無"
"56685089","20170719","20210815","開富國際有限公司","PRECIOUS WISE INTERNATIONAL CO., LTD.","澎湖縣馬公市陽明里永安街15巷17號1樓","1 F., No. 17, Ln. 15, Yong’an St., Yangming Vil., Magong City, Penghu County 88048, Taiwan (R.O.C.)","呂O英","06-9260713","","有","有"
"56685145","20210531","20210815","峰明科技有限公司","Top Lightech Inc.","苗栗縣頭份市文化里信東路2段258巷19號","No. 19, Ln. 258, Sec. 2, Xindong Rd., Wenhua Vil., Toufen City, Miaoli County 35149, Taiwan (R.O.C.)","蔡O禎","0920095007","037-661131","有","有"
"56685320","20170713","20230407","丹堤科技有限公司","DAINT TECHNOLOGY CO., LTD.","臺北市信義區基隆路1段432號7樓之4","7 F.-4, No. 432, Sec. 1, Keelung Rd., Xinyi Dist., Taipei City 110053, Taiwan (R.O.C.)","金O一","02-27206589","02-27206823","有","有"
"56685551","19940412","20250401","瑞旭塑膠工業股份有限公司","RUEY SHIUH PLASTIC INDUSTRIAL CO., LTD.","臺中市沙鹿區三鹿里自立路173號1樓","1 F., No. 173, Zili Rd., Sanlu Vil., Shalu Dist., Taichung City 433013, Taiwan (R.O.C.)","陳O惠","04-26313501","","有","有"
"56685980","20170707","20210925","香港商雅達朗電子科技有限公司台灣分公司","ATALON DIGITAL TECHNOLOGY LIMITED TAIWAN BRANCH (HONG KONG)","臺北市信義區松山路465巷27弄20號4樓","4 F., No. 20, Aly. 27, Ln. 465, Songshan Rd., Xinyi Dist., Taipei City 11083, Taiwan (R.O.C.)","蘇O文SO,DAVIDTATMAN","02-27920045","02-27920046","無","無"
"56686257","20170718","20210814","金霖貿易有限公司","KINGLINLEE TRADE CO., LTD.","屏東縣屏東市北勢里信義路280巷6號2樓","2 F., No. 6, Ln. 280, Xinyi Rd., Beishi Vil., Pingtung City, Pingtung County 90062, Taiwan (R.O.C.)","李O庭","08-7396628","08-7396638","有","有"
"56686664","20161114","20210813","金鏘實業有限公司","CHIN JIANG ENTERPRISE CO., LTD.","臺中市梧棲區大村里文明街312巷14號","No. 14, Ln. 312, Wenming St., Dacun Vil., Wuqi Dist., Taichung City 43550, Taiwan (R.O.C.)","洪O良","04-26623887","04-26628840","有","有"
"56686691","20000904","20210813","俊詠霳加工廠有限公司","JIUNN YEONG LONG LTD.","臺中市清水區下湳里中山路402巷10號","No. 10, Ln. 402, Zhongshan Rd., Xianan Vil., Qingshui Dist., Taichung City 43642, Taiwan (R.O.C.)","徐O梅","04-26239186","","有","有"
"56686904","20170710","20220916","騰奇智能股份有限公司","TOUCHIN INTELLIGENT CO., LTD.","宜蘭縣宜蘭市思源里女中路三段120號","No. 120, Sec. 3, Nuzhong Rd., Siyuan Vil., Yilan City, Yilan County 260030, Taiwan (R.O.C.)","游O宸","0277101935","","有","有"
"56686926","20090203","20230317","大詠興業股份有限公司","TA YUNG TEXTILE CO., LTD.","臺中市清水區橋頭里高美路231巷11號","No. 11, Ln. 231, Gaomei Rd., Qiaotou Vil., Qingshui Dist., Taichung City 436036, Taiwan (R.O.C.)","王O升","04-26262888","04-26273858","有","有"
"56687164","20181002","20210813","健峰彩色印刷有限公司","Jfeng Printing Company Limited","臺中市梧棲區草湳里自強二街66號","No. 66, Ziqiang 2nd St., Caonan Vil., Wuqi Dist., Taichung City 43548, Taiwan (R.O.C.)","陳O生","04-2452-8822","04-2452-8996","有","有"
"56687191","20170717","20220803","龍杰國際貿易有限公司","LONG QING GLOBAL CO., LTD.","嘉義市西區車店里新建街51號一樓","1 F., No. 51, Xinjian St., Chedian Vil., West Dist., Chiayi City 60054, Taiwan (R.O.C.)","侯O傑","0919790639","","有","有"
"56687474","20130507","20130530","瑞順百貨行","RUISHUN CO.","臺中市梧棲區臨港路３段８２６號","NO.826, SEC. 3, LINGANG RD., WUQI DIST., TAICHUNG CITY 43542, TAIWAN (R.O.C.)","沈O玲","04-26573838","04-26564545","有","有"
"56687495","20020222","20221109","育通塑膠有限公司","YU TUNG PLASTICS CO., LTD.","臺中市梧棲區草湳里臨港路三段168巷149弄35號","No. 35, Aly. 149, Ln. 168, Sec. 3, Lingang Rd., Caonan Vil., Wuqi Dist., Taichung City 435055, Taiwan (R.O.C.)","卓O宗","04-26398092","04-26303736","有","有"
"56687592","20200113","20250403","峰群國際包裝科技股份有限公司","FENG CHIUN INTERNATIONAL PACKAGING TECHNOLOGY CO., LTD.","屏東縣屏東市華平路32巷8號1樓","1 F., No. 8, Ln. 32, Huaping Rd., Pingtung City, Pingtung County 900023, Taiwan (R.O.C.)","張O政","08-7070668","","有","有"
"56687848","20170710","20221221","維旭國際有限公司","VIGTOR INTERNATIONAL CO., LTD.","彰化縣和美鎮糖友里糖友一街57號1樓","1 F., No. 57, Tangyou 1st St., Tangyou Vil., Hemei Township, Changhua County 508015, Taiwan (R.O.C.)","楊O昇","04-7357040","04-7356473","有","有"
"56687988","20190425","20211112","大日峰旭股份有限公司","Apex Rising International Corp.","桃園市蘆竹區山腳里富貴街2巷1號(1樓)","1 F., No. 1, Ln. 2, Fugui St., Shanjiao Vil., Luzhu Dist., Taoyuan City 33851, Taiwan (R.O.C.)","陳O華","02-26030561","0226035207","有","有"
"56688121","20170713","20210814","炎森國際行銷有限公司","YENSEN INTERNATIONAL MARKETING LTD., CO.","彰化縣員林市惠來里惠明街231號1樓","1 F., No. 231, Huiming St., Huilai Vil., Yuanlin City, Changhua County 510, Taiwan (R.O.C.)","許O謙","0933521660","","有","有"
"56688136","20170926","20240223","醫研雲集股份有限公司","MEDICAL SCIENCE AND TECHNOLOGY CO., LTD.","新竹縣竹東鎮北興路二段275號五樓","5 F., No. 275, Sec. 2, Beixing Rd., Zhudong Township, Hsinchu County 310010, Taiwan (R.O.C.)","劉O吉","03-6587554","","有","有"
"56688733","20210506","20230221","德鑫精密興業有限公司","DEXIN PRECISION XINGYE CO., LTD.","臺中市大里區大興街18巷25弄8號1樓","1 F., No. 8, Aly. 25, Ln. 18, Daxing St., Dali Dist., Taichung City 412005, Taiwan (R.O.C.)","黃O虹","04-22819551","04-22834601","有","有"
"56688804","20170713","20240531","英屬維京群島商易盛國際有限公司台灣分公司","WINEASE INVESTMENTS LIMITED (BVI) TAIWAN BRANCH","臺北市信義區基隆路一段141號11樓之6","11 F.-6, No. 141, Sec. 1, Keelung Rd., Xinyi Dist., Taipei City 110058, Taiwan (R.O.C.)","陳OCHENYANG","0978085266","","有","有"
"56688868","20170818","20210813","旭富貿易有限公司","SHIU FU TRADE CO., LTD","雲林縣斗六市龍潭里龍潭南路46之1號1樓","1 F., No. 46-1, Longtan S. Rd., Longtan Vil., Douliu City, Yunlin County 64068, Taiwan (R.O.C.)","詹O華","05-5518736","05-5968681","無","無"
"56689022","19911212","20210813","美助紡織股份有限公司","MEI CHU TEXTILE CO., LTD.","臺中市梧棲區福德里中央路二段8號","No. 8, Sec. 2, Zhongyang Rd., Fude Vil., Wuqi Dist., Taichung City 43544, Taiwan (R.O.C.)","楊O欽","04-26565060","04-26565502","有","有"
"56689064","20180115","20230111","台灣艾圖愛體育用品有限公司","TAIWAN ITOI SPORTS GOODS. CO., LTD.","彰化縣彰化市平和里中華西路360號4樓","4 F., No. 360, Zhonghua W. Rd., Pinghe Vil., Changhua City, Changhua County 500015, Taiwan (R.O.C.)","郭O如","04-7630949","04-7515577","有","有"
"56689085","19930909","20210812","福榮工業有限公司","FORTUNE RONG INDUSTRIAL CO., LTD.","臺中市梧棲區永寧里永興路一段4號","No. 4, Sec. 1, Yongxing Rd., Yongning Vil., Wuqi Dist., Taichung City 43549, Taiwan (R.O.C.)","許O禎","04-26624111","","有","有"
"56689156","19920303","20240315","海發船機企業有限公司","HAI FAI MARINE ENTERPRISE CO., LTD.","高雄市苓雅區永康街71號4樓","4 F., No. 71, Yongkang St., Lingya Dist., Kaohsiung City 80242, Taiwan (R.O.C.)","","07-3310677","07-5218724","無","無"
"56689183","20170710","20210816","香港商富星進出口有限公司台灣分公司","STAR FORTUNE IMP & EXP (HONG KONG) LIMITED TAIWAN BRANCH","高雄市前金區文武二街85號1樓","1 F., No. 85, Wenwu 2nd St., Qianjin Dist., Kaohsiung City 80146, Taiwan (R.O.C.)","余O豪YU,KA-HO","07-2116051","07-2167021","有","有"
"56689439","19841210","20240423","六股電子工業股份有限公司","LIOW GU ELECTRONICS INDUSTRY Corporation LTD.","臺中市梧棲區永安里向上路九段465巷6號","No. 6, Ln. 465, Sec. 9, Xiangshang Rd., Yong’an Vil., Wuqi Dist., Taichung City 43547, Taiwan (R.O.C.)","謝O賢","04-26392272","04-26398040","有","有"
"56689590","20180301","20210814","君龍工程有限公司","Wen Mei Hsin Trading Co., Ltd.","高雄市杉林區合心路108巷17號1樓","1 F., No. 17, Ln. 108, Hexin Rd., Shanlin Dist., Kaohsiung City 84649, Taiwan (R.O.C.)","林O事","05-2349900","","有","有"
"56689613","20201105","20210815","展駿印刷企業有限公司","JANJIUN PRINT ENTERPRISE CO.,LTD.","臺中市清水區南社里民和路二段272號1樓","1 F., No. 272, Sec. 2, Minhe Rd., Nanshe Vil., Qingshui Dist., Taichung City 43649, Taiwan (R.O.C.)","蔡O吉","04-26275166","04-26275100","有","有"
"56689705","20170719","20210814","達鴻精密有限公司","DAHO PRECISION CO., LTD.","桃園市八德區瑞豐里友聯街29巷14號(1樓)","1 F., No. 14, Ln. 29, Youlian St., Ruifeng Vil., Bade Dist., Taoyuan City 33449, Taiwan (R.O.C.)","胡O洋","03-3680698","","有","有"
"56689938","20170713","20241009","協誠五金有限公司","SYNERGY HARDWARE CO., LTD.","臺南市歸仁區大順街323號1樓","1 F., No. 323, Dashun St., Guiren Dist., Tainan City 711013, Taiwan (R.O.C.)","陳O煌","06-3386222","06-3387222","有","有"
"56690077","19910906","20221214","培元行鐘錶有限公司","PEI YUAN HANG O'CLOCK CO., LTD.","臺中市沙鹿區埔子里鎮南路1段238號","No. 238, Sec. 1, Zhennan Rd., Puzi Vil., Shalu Dist., Taichung City 433002, Taiwan (R.O.C.)","蔡O元","04-6313007-9","0462-313010","無","無"
"56690415","20190412","20240130","后漱貢事業有限公司","UCOOL FOOD, CO., LTD.","高雄市鳳山區武營路52巷45弄3號1樓","1 F., No. 3, Aly. 45, Ln. 52, Wuying Rd., Fengshan Dist., Kaohsiung City 830045, Taiwan (R.O.C.)","黃O偉","03-6688365","03-5167012","有","有"
"56690528","20180202","20210815","茂斯科技有限公司","Mao Sih Co., Ltd","臺中市后里區墩西里大圳路391號1樓","1 F., No. 391, Dazun Rd., Dunxi Vil., Houli Dist., Taichung City 42154, Taiwan (R.O.C.)","楊O雯","0923-134289","04-26885362","有","有"
"56690597","20170711","20210813","大虫農業有限公司","BWORM AGRICULTURE CO., LTD.","雲林縣西螺鎮新豐里新德街103號1樓","1 F., No. 103, Xinde St., Xinfeng Vil., Xiluo Township, Yunlin County 64867, Taiwan (R.O.C.)","廖O富","05-5882814","","有","有"
"56690631","19940128","20210813","億合工業有限公司","KUOMEX INDUSTRIAL CO., LTD.","臺中市大甲區頂店里中山路1段1158巷6之14號","No. 6-14, Ln. 1158, Sec. 1, Zhongshan Rd., Dingdian Vil., Dajia Dist., Taichung City 43744, Taiwan (R.O.C.)","郭O豪","04-26866519","","有","有"
"56690647","19830912","20230814","旭東機械工業股份有限公司","SHUZ TUNG MACHINERY INDUSTRIAL CO., LTD.","中部科學園區臺中市后里區后科南路30號","No. 30, Houke S. Rd., Houli Dist., Taichung City 421416, Taiwan (R.O.C.)","莊O財","04-25561000","04-25561889","有","有"
"56691104","20170717","20210814","貿立雄趨勢有限公司","MAIOOSON INNOVATION MARKET TRADE COMPANY","新竹市東區新莊里關新西街198號9樓","9 F., No. 198, Guanxin W. St., Xinzhuang Vil., East Dist., Hsinchu City 30072, Taiwan (R.O.C.)","陳O德","03-529-3702","","有","有"
"56691245","20170711","20230111","尚德國際有限公司","SHADOW ELECTRONICS CO., LTD.","彰化縣員林市三條里三條街233巷13號1樓","1 F., No. 13, Ln. 233, Santiao St., Santiao Vil., Yuanlin City, Changhua County 510017, Taiwan (R.O.C.)","江O賢","0972297970","","有","有"
"56691391","20170724","20210908","迅光有限公司","XUN GUANG CO., LTD.","苗栗縣三義鄉勝興村19鄰水美46號","No. 46, Shuimei, 19th Neighborhood, Sanyi Township, Miaoli County 36742, Taiwan (R.O.C.)","陳O誠","04-25581823","04-25581923","有","有"
"56691408","19920627","20210814","正東昇縫紉機械有限公司","JENG DUNG SHENG SEWING MACHINE CO., LTD.","臺中市大甲區中山里甲后路五段277巷47號","No. 47, Ln. 277, Sec. 5, Jiahou Rd., Zhongshan Vil., Dajia Dist., Taichung City 43762, Taiwan (R.O.C.)","柯O正","04-26871684","04-26882597","有","有"
"56691569","20240501","20240501","雙曄有限公司","KARASY LLC.","新竹縣竹東鎮自由街120巷17號八樓之3","8 F.-3, No. 17, Ln. 120, Ziyou St., Zhudong Township, Hsinchu County 310017, Taiwan (R.O.C.)","石O珠","0963823290","035837428","有","有"
"56691842","19920612","20210814","明聖塑膠企業有限公司","GLORY PLASTIC CO., LTD.","臺中市大甲區奉化里雁門路347巷59號3樓","3 F., No. 59, Ln. 347, Yanmen Rd., Fenghua Vil., Dajia Dist., Taichung City 43754, Taiwan (R.O.C.)","陳O崑","04-26872787","","有","有"
"56691857","19840207","20210814","誌陽企業股份有限公司","CHROLTTE BAGS ENTERPRISE CO., LTD.","臺中市大甲區日南里幼獅路17號","No. 17, Youshi Rd., Rinan Vil., Dajia Dist., Taichung City 43767, Taiwan (R.O.C.)","白O豊","04-26815560","04-26815872","有","有"
"56691977","20230717","20240307","翰欣企業股份有限公司","GEE BRIGHT CO., LTD.","彰化縣和美鎮好修里西興路103巷46號左一","No. 46, Ln. 103, Xixing Rd., Haoxiu Vil., Hemei Township, Changhua County 508004, Taiwan (R.O.C.)","林O鈞","02-26518806","02-26518809","有","有"
"56692032","20170712","20211028","英屬開曼群島商艾美特國際有限公司台灣分公司","AIRMATE (CAYMAN) INTERNATIONAL CO., LIMITED, TAIWAN BRANCH","臺南市南區新忠路11號3樓","3 F., No. 11, Xinzhong Rd., South Dist., Tainan City 70252, Taiwan (R.O.C.)","史O斌SHIH,JUI-PIN","06-2617105#116","","有","有"
"56692075","20080715","20210914","大聖交通股份有限公司","DA SHEN TRANSPORTATION CO., LTD.","臺中市梧棲區臨港路三段960號","No. 960, Sec. 3, Lingang Rd., Wuqi Dist., Taichung City 43542, Taiwan (R.O.C.)","蕭O隆","04-26565935","","有","有"
"56692223","20170711","20210812","玖顧醫療器材股份有限公司","JOOGOOD INC.","新竹縣竹北市新工六路9號2樓","2 F., No. 9, Xingong 6th Rd., Zhubei City, Hsinchu County 30253, Taiwan (R.O.C.)","陳O開","03-5533359","","有","有"
"56692286","19831026","20210815","北極光實業有限公司","NORTH EOS INDUSTRIES INC.","臺中市東勢區泰昌里中泰街46號1樓","1 F., No. 46, Zhongtai St., Taichang Vil., Dongshi Dist., Taichung City 42348, Taiwan (R.O.C.)","蔡O秋","04-25875000","04-25887000","有","有"
"56692315","20170717","20210816","日商志村股份有限公司台灣分公司","(JAPAN) SHIMURA CO., LTD. TAIWAN BRANCH","臺北市信義區基隆路二段17號12樓","12 F., No. 17, Sec. 2, Keelung Rd., Xinyi Dist., Taipei City 11052, Taiwan (R.O.C.)","志O隆夫TakaoShimura","02-27290900","02-27204971","有","有"
"56692440","20170801","20210918","英屬安圭拉商優勝有限公司台灣分公司","CHAMP PRAISE LIMITED TAIWAN BRANCH (ANGUILLA)","新北市蘆洲區長樂路39號9樓","9 F., No. 39, Changle Rd., Luzhou Dist., New Taipei City 24767, Taiwan (R.O.C.)","楊O珍YANGSHU-CHEN","02-82835771","","有","有"
"56692455","20240624","20240624","圓欣印刷有限公司","Yuanxin Printing CO., LTD.","彰化縣埔心鄉東門村中正路一段141巷3號","No. 3, Ln. 141, Sec. 1, Zhongzheng Rd., Puxin Township, Changhua County 513011, Taiwan (R.O.C.)","石O偉","","","有","有"
"56692531","20170714","20210816","日商富提亞科技有限公司台灣分公司","FLOADIA CORPORATION TAIWAN BRANCH (JAPAN)","新竹市東區光復路二段101號","No. 101, Sec. 2, Guangfu Rd., East Dist., Hsinchu City 30013, Taiwan (R.O.C.)","張O珍CHANG,SHU-CHEN","03-5613922","","有","有"
"56692547","20170718","20230914","英屬維京群島商威以邁科技有限公司台灣分公司","VALUE MINE TECHNOLOGY LIMITED TAIWAN BRANCH (BVI)","臺北市中山區南京東路2段101號12樓","12 F., No. 101, Sec. 2, Nanjing E. Rd., Zhongshan Dist., Taipei City 104089, Taiwan (R.O.C.)","金O德KAMYEUNGTAK","03-3336269","","有","有"
"56692574","19920221","20230707","興信塑膠有限公司","HSIN SHING PLASTIC CO., LTD.","臺中市龍井區忠和里台西南路231號","No. 231, Taixi S. Rd., Zhonghe Vil., Longjing Dist., Taichung City 434008, Taiwan (R.O.C.)","林O斌","04-26391589","","無","無"
"56692650","20240604","20240604","鴻海海事工程有限公司","Honghai Marine Engineering CO., LTD.","彰化縣彰化市西勢里金馬路三段407號","No. 407, Jinma Rd., Xishi Vil., Changhua City, Changhua County 500, Taiwan (R.O.C.)","張O菡","047380881","","有","有"
"56692862","20190221","20210814","緹亞貿易有限公司","TENG LI TRADING CO., LTD.","新竹縣湖口鄉愛勢村民族街255號1樓","1 F., No. 255, Minzu St., Hukou Township, Hsinchu County 30342, Taiwan (R.O.C.)","葉O秝","0917668249","","無","無"
"56692912","20170724","20230420","康泰智能科技股份有限公司","KONTEX INC.","臺北市中山區中山北路２段１８５號１１樓","11F., NO. 185, SEC. 2, ZHONGSHAN N. RD., ZHONGSHAN DIST., TAIPEI CITY 104, TAIWAN (R.O.C.)","李O群","02-27207155#100","","有","有"
"56693187","20180329","20240109","尼彼雅國際有限公司","NIPILA Sporting Goods Co., Ltd.","彰化縣花壇鄉北口村田寮巷61號一樓","1 F., No. 61, Tianliao Ln., Huatan Township, Changhua County 50353, Taiwan (R.O.C.)","","02-26592409","02-26594520","無","無"
"56693285","19840719","20230328","育笙企業股份有限公司","YU SHENG SPORTING GOODS CORP.","臺中市豐原區西湳里三豐路二段325巷66號","No. 66, Ln. 325, Sec. 2, Sanfeng Rd., Xinan Vil., Fengyuan Dist., Taichung City 420073, Taiwan (R.O.C.)","邱O煜","04-25263163","04-25277678","有","有"
"56693362","19861217","20230113","聯合豐製帽股份有限公司","LEADER HATS & CAPS CO., LTD.","臺中市清水區清水里中正北街廿號","Zhongzheng N. St., Qingshui Vil., Qingshui Dist., Taichung City 436109, Taiwan (R.O.C.)","蔡O圳","04-2622-2579","04-2622-3649","有","有"
"56693481","20170801","20250214","美商盛治生物科技有限公司台灣分公司","SAGE PHARMACEUTICALS, INC. TAIWAN BRANCH (U.S.A)","新北市林口區東明三街342巷84號","No. 84, Ln. 342, Dongming 3rd St., Linkou Dist., New Taipei City 244009, Taiwan (R.O.C.)","吳O衡WU,CHIH-HENG","02-87716022","02-87716023","有","有"
"56693497","20170712","20230715","誠屏科技股份有限公司","CHAMP VISION DISPLAY INC.","新竹科學園區苗栗縣竹南鎮科北五路2號3樓","3 F., No. 2, Kebei 5th Rd., Zhunan Township, Miaoli County 35053, Taiwan (R.O.C.)","林O姿","037-777000","","有","有"
"56693623","20170919","20210812","宜昇精品磁磚有限公司","EASON TILE CO., LTD.","彰化縣和美鎮塗厝里欣北路125號","No. 125, Xinbei Rd., Tucuo Vil., Hemei Township, Changhua County 50843, Taiwan (R.O.C.)","葉O昇","04-24734280","04-24738236","有","有"
"56693665","19970521","20230328","遠立行工業股份有限公司","YUAN LI HANG INDUSTRIAL CO., LTD.","臺中市梧棲區草湳里臨港路三段628號","No. 628, Sec. 3, Lingang Rd., Caonan Vil., Wuqi Dist., Taichung City 435055, Taiwan (R.O.C.)","高O蘋","04-26301871","04-26302068","有","有"
"56693813","20170714","20240430","香港商陸遜梯卡有限公司台灣分公司","LUXOTTICA HONG KONG WHOLESALE LIMITED TAIWAN BRANCH (HONG KONG)","臺北市信義區松仁路89號4樓之3及89號4樓之4","4F.-3, No. 89, Songren Rd., Xinyi Dist., Taipei City 11073, Taiwan (R.O.C.)","陳O容EllieChen","02-21765066","","有","有"
"56693911","19841003","20230325","萬明機械工業股份有限公司","WAN MING MACHINERY INDUSTRIAL CO., LTD.","臺中市梧棲區港埠路一段5巷189號","No. 189, Ln. 5, Sec. 1, Gangbu Rd., Wuqi Dist., Taichung City 435055, Taiwan (R.O.C.)","江O瑗","04-26399378","04-26399369","有","有"
"56694067","19870908","20210815","嘉陽鑄造工業股份有限公司","SUNNY CASTING INDUSTRY CORP.","臺中市梧棲區草湳里自立二街129號","No. 129, Zili 2nd St., Caonan Vil., Wuqi Dist., Taichung City 43546, Taiwan (R.O.C.)","楊O祥","046-391738","","有","有"
"56694101","20090309","20230321","坤盛布業有限公司","KUN SHIN TEXTILE COMPANY","臺中市新社區協成里協中街85巷15號1樓","1 F., No. 15, Ln. 85, Xiezhong St., Xiecheng Vil., Xinshe Dist., Taichung City 426019, Taiwan (R.O.C.)","王O宏","04-25816701","04-25811284","無","無"
"56694165","20170803","20210814","濬霖生物技術有限公司","JUN LIN BIOTECHNOLOGY COMPANY LIMITED","嘉義縣民雄鄉西安村24鄰西安路35號之6","No. 35-6, Xi’an Rd., 24th Neighborhood, Minxiong Township, Chiayi County 62141, Taiwan (R.O.C.)","何O駿","0921446796","","有","有"
"56694290","19860623","20210815","洽慶紡織股份有限公司","NOBILITY TEXTILE CO., LTD.","臺中市清水區下湳里中山路402巷1號","No. 1, Ln. 402, Zhongshan Rd., Xianan Vil., Qingshui Dist., Taichung City 43642, Taiwan (R.O.C.)","蔡O雄","04-26237166","","有","有"
"56694355","20080701","20240322","台昇紙器股份有限公司","TAI SHENG PAPER CO., LTD.","臺中市清水區下湳里菁埔路278號","No. 278, Jingpu Rd., Xianan Vil., Qingshui Dist., Taichung City 436034, Taiwan (R.O.C.)","蔡O平","04-26262425","04-26265468","有","有"
"56694361","20190902","20210814","朱記食品有限公司","CHUJI FOOD CO., LTD.","新竹縣湖口鄉信義村成德路155號1樓","1 F., No. 155, Chengde Rd., Hukou Township, Hsinchu County 30345, Taiwan (R.O.C.)","朱O宗","03-5560539","03-5560539","有","有"
"56694616","20170714","20250421","三帝雷射微製程有限公司","SD Microclean Technology CO., LTD.","新竹市東區豐功里東美路91巷5號9樓","9 F., No. 5, Ln. 91, Dongmei Rd., Fenggong Vil., East Dist., Hsinchu City 300043, Taiwan (R.O.C.)","林O章","0932-178557","","有","有"
"56694643","19850923","20230706","台萬工業股份有限公司","MARWI TAIWAN INDUSTRIAL CO., LTD.","臺中市大甲區重義三路56號","No. 56, Chongyi 3rd Rd., Dajia Dist., Taichung City 437010, Taiwan (R.O.C.)","白O忠","04-26881234","04-26871117","有","有"
"56694691","20170821","20220901","瑞愛生醫股份有限公司","Taiwan RedEye Biomedical Inc.","新竹科學園區新竹市東區力行一路1號1樓A2-A6","1 F., No. 1, Lixing 1st Rd., East Dist., Hsinchu City 300094, Taiwan (R.O.C.)","顏O廷","03-5750701","","有","有"
"56694968","19900306","20210812","欣蘭化工股份有限公司","HSIN LAN CHEMICAL CO., LTD.","臺中市大甲區岷山里金華路32之1號","No. 32-1, Jinhua Rd., Minshan Vil., Dajia Dist., Taichung City 43762, Taiwan (R.O.C.)","陳O美","04-2686-0477","04-2687-2799","有","有"
"56695024","20170719","20230107","豐璽企業有限公司","FENG HSI ENTERPRISE COMPANY LIMITED","臺北市南港區昆陽街171巷3弄3號1樓","1 F., No. 3, Aly. 3, Ln. 171, Kunyang St., Nangang Dist., Taipei City 115008, Taiwan (R.O.C.)","李O晉","0912211881","036580822","無","無"
"56695066","19940425","20230329","至剛實業股份有限公司","TRUE BEST INTERNATIONAL TRADING COMPANY","臺中市大甲區義和里中山路一段573號","No. 573, Sec. 1, Zhongshan Rd., Yihe Vil., Dajia Dist., Taichung City 437010, Taiwan (R.O.C.)","薛O丞","046-863211","04-26860968","有","有"
"56695410","20170719","20210815","赫嘉有限公司","OP TAIWAN CO., LTD.","嘉義市東區後湖里保仁一街47號1樓","1 F., No. 47, Baoren 1st St., Houhu Vil., East Dist., Chiayi City 60079, Taiwan (R.O.C.)","洪O雲","0932880430","","有","有"
"56695489","20170825","20230603","京典奇特有限公司","JD2017 CO., LTD.","宜蘭縣礁溪鄉玉田村踏踏五路121巷2號1樓","1F., No. 2, Ln. 121, Tata 5th Rd., Yutian Vil., Jiaoxi Township,  Yilan County 262004, Taiwan (R.O.C.)","廖O弘","03-9887789","03-9889588","有","有"
"56695495","20170817","20210814","東煥國際開發有限公司","DUNG HUAN INTERNATIONAL DEVELOPMENT CO., LTD.","基隆市安樂區樂利二街62巷120號1樓","1 F., No. 120, Ln. 62, Leli 2nd St., Anle Dist., Keelung City 20448, Taiwan (R.O.C.)","王O家","02-24321962","","有","有"
"56695538","20170728","20210814","拓洋國際企業有限公司","TALL YANG INTERNATIONAL ENTERPRISE CO., LTD.","新竹縣湖口鄉德盛村成功路30號","No. 30, Chenggong Rd., Hukou Township, Hsinchu County 30344, Taiwan (R.O.C.)","任O霖","03-5908908","","有","有"
"56695609","20191231","20230909","威致有限公司","WeiZeih CO.,Ltd.","宜蘭縣宜蘭市力新路7號一樓","1 F., No. 7, Lixin Rd., Yilan City, Yilan County 26042, Taiwan (R.O.C.)","","03-9223632","03-9231625","無","無"
"56695734","19850121","20230205","祥合運動器材工業股份有限公司","REN-E SPORT GOODS CO., LTD.","臺中市龍井區忠和里台西南路256巷32弄2號","No. 2, Aly. 32, Ln. 256, Taixi S. Rd., Zhonghe Vil., Longjing Dist., Taichung City 434008, Taiwan (R.O.C.)","王O弘","04-26627676","","有","有"
"56695925","20170718","20240223","樂一千國際有限公司","LE VI CHIAN INTL. CO., LTD.","苗栗縣頭份市後庄里公北二路121號","No. 121, Gongbei 2nd Rd., Houzhuang Vil., Toufen City, Miaoli County 351011, Taiwan (R.O.C.)","","037-615222","","無","無"
"56696240","20170719","20220720","宜東國際貿易有限公司","JUN HIANG CO., LTD.","新竹市北區磐石里竹光路207號1樓","1 F., No. 207, Zhuguang Rd., Panshi Vil., North Dist., Hsinchu City 300015, Taiwan (R.O.C.)","陳O璇","0980903099","","有","有"
"56696369","20170721","20240314","德琳科技股份有限公司","DERLIN TECHNOLOGY CORPORATION","嘉義縣水上鄉三和村頂寮23-4號","No. 23-4, Dingliao, Shuishang Township, Chiayi County 608010, Taiwan (R.O.C.)","陳O甫","05-2861829","05-2352980","有","有"
"56696446","20170719","20210816","貝里斯商海捷系統有限公司台灣分公司","HJ SYSTEM CORP. TAIWAN BRANCH (BELIZE)","高雄市前鎮區新生路9巷39號","No. 39, Ln. 9, Xinsheng Rd., Cianjhen Dist., Kaohsiung City 80672, Taiwan (R.O.C.)","黃O亨HUANG,CHI-HENG","07-8112164","","有","有"
"56696467","20160910","20210812","文洋禮品社","WING-YANG TROPHY CO.","臺中市清水區文昌里光復街７１號１樓","1 F., No. 71, Guangfu St., Wenchang Vil., Qingshui Dist., Taichung City 43655, Taiwan (R.O.C.)","白O霞","04-26221132","04-26228370","有","有"
"56696500","20171121","20250310","沐德環保科技有限公司","MULDE ENVIRONMENTAL PROTECTION TECHNOLOGY CO., LTD.","新竹縣竹北市隘口里文興路二段158號","No. 158, Sec. 2, Wenxing Rd., Aikou Vil., Zhubei City, Hsinchu County 30274, Taiwan (R.O.C.)","許O茹","03-6580591","03-6582432","有","有"
"56696635","20170731","20210814","正易商行有限公司","CHENG YI FIRM CO., LTD.","彰化縣埔心鄉瓦南村柳橋東路62之1號","No. 62-1, Liuqiao E. Rd., Puxin Township, Changhua County 51345, Taiwan (R.O.C.)","張O涵","04-8357886","04-8356287","有","有"
"56696706","19920729","20210815","欣億工業股份有限公司","SHIN YI AUTOMOBILE INDUSTRIAL CO., LTD.","臺中市梧棲區草湳里臨港路三段168巷51弄55號","No. 55, Aly. 51, Ln. 168, Sec. 3, Lingang Rd., Caonan Vil., Wuqi Dist., Taichung City 43547, Taiwan (R.O.C.)","黃O美","04-26399991","04-26393580","有","有"
"56696728","20170804","20210814","冠昱國際開發貿易有限公司","CROWN BAZAAR CO., LTD.","彰化縣和美鎮中圍里東萊路386號","No. 386, Donglai Rd., Zhongwei Vil., Hemei Township, Changhua County 50842, Taiwan (R.O.C.)","廖O豐","04-7367293","04-7363431","有","有"
"56696776","19921205","20221230","錡祥企業股份有限公司","SEVEN-SUN ENTERPRISE CO., LTD.","臺中市沙鹿區斗抵里斗潭路130號","No. 130, Doutan Rd., Doudi Vil., Shalu Dist., Taichung City 433005, Taiwan (R.O.C.)","潘O菊","04-26390888","04-26390889","無","無"
"56696804","20190215","20210814","百達國際資產管理有限公司","SILVER LAKE International Asset Management Limited","金門縣金城鎮古區2-2號","No. 2-2, Guqu, Jincheng Township, Kinmen County 89346, Taiwan (R.O.C.)","吳O攀","2698-1080","2698-1070","有","有"
"56696831","20190124","20210814","新奇股份有限公司","NOVELAPP,Inc.","新竹市北區客雅里延平路一段261巷41號一樓","1 F., No. 41, Ln. 261, Sec. 1, Yanping Rd., Keya Vil., North Dist., Hsinchu City 30056, Taiwan (R.O.C.)","彭O傑","0937536819","03-5350881","有","有"
"56696852","20210915","20210915","凱興能源股份有限公司","Kaixing Energy Co., Ltd.","臺南市安南區科技五路68號","No. 68, Keji 5th Rd., Annan Dist., Tainan City 70955, Taiwan (R.O.C.)","陳O芬","06-3843158","","有","有"
"56696889","19970318","20221203","煜益工業股份有限公司","YEWEE YU INDUSTRY CO., LTD.","臺中市龍井區忠和里臨港路二段58號1樓","1 F., No. 58, Sec. 2, Lingang Rd., Zhonghe Vil., Longjing Dist., Taichung City 434011, Taiwan (R.O.C.)","蔡O生","04-26391497","","有","有"
"56696972","19840726","20221223","巨田工具有限公司","CHU TREN TOOLS CO., LTD.","臺中市梧棲區中正里仁美街九七巷五號","No. 5, Ln. 97, Renmei St., Zhongzheng Vil., Wuqi Dist., Taichung City 435051, Taiwan (R.O.C.)","紀O田","046-560560","","無","無"
"56697000","19990322","20210811","元信食品實業社","YUAN HSIN FOOD INDUSTRIAL CO.","臺中市龍井區忠和里高園路１２５號一樓","1 F., No. 125, Gaoyuan Rd., Zhonghe Vil., Longjing Dist., Taichung City 43447, Taiwan (R.O.C.)","袁O嵐","04-26395639","04-26301989","有","有"
"56697135","20020404","20230701","萬猛機械有限公司","WAN MENG MACHINERY CO., LTD.","臺中市龍井區竹坑里觀光路七巷八號","No. 8, Ln. 7, Guanguang Rd., Zhukeng Vil., Longjing Dist., Taichung City 434021, Taiwan (R.O.C.)","賴O槐","04-2635-2857","04-2635-5256","無","無"
"56697162","20170721","20240705","台灣昕皓新材料科技有限公司","SHINHAO MATERIALS LIMITED","","","","03-5782368#15","03-2782369","無","無"
"56697281","19860227","20210813","昶佑興業股份有限公司","GHANG YOU HSING ENTERPRISE CO., LTD.","臺中市大肚區新興里新興街67號","No. 67, Xinxing St., Xinxing Vil., Dadu Dist., Taichung City 43252, Taiwan (R.O.C.)","劉O源","04-26996877","04-26997045","有","有"
"56697326","19870522","20230324","吉拓實業股份有限公司","CHUNG YIN SPINNING CORP.","臺中市龍井區忠和里台西南路207號","No. 207, Taixi S. Rd., Zhonghe Vil., Longjing Dist., Taichung City 434008, Taiwan (R.O.C.)","楊O亮","04-26713096","","有","有"
"56697368","20170719","20240118","水端端貿易有限公司","SHUI DUAN DUAN TRADING CO., LTD","苗栗縣竹南鎮營盤里8鄰建智街４１號1樓","1 F., No. 41, Jianzhi St., 8th Neighborhood, Yingpan Vil., Zhunan Township, Miaoli County 350011, Taiwan (R.O.C.)","連O雄","03-7465085","","有","有"
"56697748","20021015","20210812","永祥鋁門加工廠","YONG XIANG PROCESS FACTORY","臺中市大甲區武曲里大安港路１１６巷６號","No. 6, Ln. 116, Da’angang Rd., Wuqu Vil., Dajia Dist., Taichung City 43743, Taiwan (R.O.C.)","王O美","04-26882577","","有","有"
"56698205","19991130","20230215","寶瑩美術印刷股份有限公司","PAO YING PRINTING CO., LTD.","臺中市沙鹿區三鹿里自強路366號","No. 366, Ziqiang Rd., Sanlu Vil., Shalu Dist., Taichung City 433013, Taiwan (R.O.C.)","王O寬","","","有","有"
"56698417","20170728","20250602","美商安美睿生技有限公司台灣分公司","AMAREX TAIWAN, LLC TAIWAN BRANCH (U.S.A.)","臺北市南港區三重路19-11號3樓","3 F., No. 19-11, Sanchong Rd., Nangang Dist., Taipei City 115601, Taiwan (R.O.C.)","KOshDhody","02-25211505","","有","有"
"56698465","19850412","20230728","擴達國際股份有限公司","CODE PRECISION Co., Ltd.","臺中市沙鹿區福興里鎮南路二段387號","No. 387, Sec. 2, Zhennan Rd., Fuxing Vil., Shalu Dist., Taichung City 43350, Taiwan (R.O.C.)","李O昌","04-23599640","04-23599486","有","有"
"56698541","20200902","20210816","香港商欣華盈電子科技有限公司台灣分公司","HONGKONG HUAYING ELECTRONICS TECHNOLOGY CO.,LIMITED TAIWAN BRANCH","新北市三重區光復路2段102巷1-1號1樓","1 F., No. 1-1, Ln. 102, Sec. 2, Guangfu Rd., Sanchong Dist., New Taipei City 24158, Taiwan (R.O.C.)","黃O原HUANG,SZU-YUAN","02-29992759","","有","有"
"56698578","20170809","20221122","宏鎧五金實業有限公司","U-HOUSE HARDWARE INDUSTRY CO., LTD.","彰化縣和美鎮中圍里克東路206號1樓","1 F., No. 206, Kedong Rd., Zhongwei Vil., Hemei Township, Changhua County 508002, Taiwan (R.O.C.)","賴O蓵","04-7363879","04-7367352","有","有"
"56699020","20180619","20210814","奕竤科技有限公司","HAO MACHINERY CO., LTD.","彰化縣溪州鄉西畔村西南巷91號1樓","1 F., No. 91, Xinan Ln., Xizhou Township, Changhua County 52442, Taiwan (R.O.C.)","王O揚","04-22792760","04-22792761","有","有"
"56699345","19870724","20230415","達賢實業股份有限公司","DAR HSIEN INDUSTRIAL CO., LTD.","臺中市大甲區日南里幼獅路63之1號","No. 63-1, Youshi Rd., Rinan Vil., Dajia Dist., Taichung City 437101, Taiwan (R.O.C.)","郭O瑛","04-26876288","04-26868156","有","有"
"56699387","19900904","20230316","昱慶五金企業有限公司","YUH CHING HARDWARE ENTERPRISE CO., LTD.","臺中市大甲區大甲里蔣公路六二巷五號","No. 5, Ln. 62, Jianggong Rd., Dajia Vil., Dajia Dist., Taichung City 437005, Taiwan (R.O.C.)","張O圭","04-26860595","04-26878448","無","無"
"56699437","19860916","20230309","功揚企業股份有限公司","KUNG YANG WOODS CORP.","臺中市外埔區三崁里二崁路311號","No. 311, Erkan Rd., Sankan Vil., Waipu Dist., Taichung City 438018, Taiwan (R.O.C.)","陳O凱","04-26831175","","有","有"
"56699582","20180108","20210814","鈺峰機電有限公司","MATTERHRON TECHNOLOGY CO., LTD.","彰化縣永靖鄉永西村永坡路40巷32弄7號","No. 7, Aly. 32, Ln. 40, Yongpo Rd., Yongjing Township, Changhua County 51247, Taiwan (R.O.C.)","張O麗","04-8236817","","有","有"
"56699598","19970107","20210812","明福企業行","MINRFU ENTERPRISE CO.","臺中市清水區南寧里光華路１１８－１號","No. 118-1, Guanghua Rd., Nanning Vil., Qingshui Dist., Taichung City 43655, Taiwan (R.O.C.)","王O明","04-26231428","04-26234002","有","有"
"56699653","19850920","20250424","眾成工業股份有限公司","JOONG CHENN INDUSTRY CO., LTD.","南投縣南投市福興里南崗三路280號","No. 280, Nangang 3rd Rd., Fuxing Vil., Nantou City, Nantou County 540029, Taiwan (R.O.C.)","陳O達","0492254228","0492257990","有","有"
"56699788","20170720","20210816","比利時商台灣焙樂道股份有限公司台灣分公司","PURATOS TAIWAN NV TAIWAN BRANCH (BELGIUM)","臺北市內湖區基湖路10巷57號1樓","1 F., No. 57, Ln. 10, Jihu Rd., Neihu Dist., Taipei City 11492, Taiwan (R.O.C.)","陳O雁","02-27987566#333","02-27998566","有","有"
"56700011","20170719","20250402","美商你好中文教育有限公司台灣分公司","(USA) NI HAO CHINESE LLC  (TAIWAN BRANCH)","新北市林口區忠孝路276號3樓","1 F., No. 43, Ln. 17, Nanshi 1st St., Linkou Dist., New Taipei City 244018, Taiwan (R.O.C.)","徐OFongHsu","02-2606-9655","","有","有"
"56700032","20170821","20210813","嘉營皮帶有限公司","JIA YING BELT CO., LTD.","彰化縣彰化市南美里崙美路241巷27號1樓","1 F., No. 27, Ln. 241, Lunmei Rd., Nanmei Vil., Changhua City, Changhua County 50071, Taiwan (R.O.C.)","陳O鴻","04-7585128","04-7585127","有","有"
"56700103","20170823","20250311","奪寶娛樂有限公司","DO BUY ENTERTAINMENT CO., LTD.","彰化縣員林市仁愛里員東路二段仁愛巷14弄4-1號","No. 4-1, Aly. 14, Ren’ai Ln., Sec. 2, Yuandong Rd., Ren’ai Vil., Yuanlin City, Changhua County 51044, Taiwan (R.O.C.)","謝O凱","04-8362538","04-8362538","有","有"
"56700309","20170724","20230505","巨擘微測股份有限公司","PRINCOTEST CO., LTD.","新竹科學園區新竹市東區研新四路6號2樓","2 F., No. 6, Yanxin 4th Rd., East Dist., Hsinchu City 30077, Taiwan (R.O.C.)","邱O良","03-5773177","","有","有"
"56700390","20050708","20230706","俊大塑膠有限公司","JIUN DA PLASTICS LTD.","臺中市清水區下湳里菁埔路11號","No. 11, Jingpu Rd., Xianan Vil., Qingshui Dist., Taichung City 436034, Taiwan (R.O.C.)","張O聰","04-26222233","","有","有"
"56700407","20190422","20210814","鈞鴻實業有限公司","JUNHORNG INDUSRTIAL CO., LTD.","南投縣草屯鎮碧峰里碧山路1107巷90弄16號1樓","1 F., No. 16, Aly. 90, Ln. 1107, Bishan Rd., Bifeng Vil., Caotun Township, Nantou County 54258, Taiwan (R.O.C.)","游O貴","0912612422","04-24214151","有","有"
"56700498","20171108","20210813","台灣海底撈餐飲股份有限公司","Taiwan Haidilao Hotpot Corporation","新竹市西大路323號4樓","4 F., No. 323, Xida Rd., East Dist., Hsinchu City 30041, Taiwan (R.O.C.)","舒O","03-5233370","","有","有"
"56700624","19931117","20230308","偉聖塑膠實業股份有限公司","WEI SHENG PLASTIC INDUSTRIAL CO., LTD.","臺中市大甲區銅安里中山路二段1173號","No. 1173, Sec. 2, Zhongshan Rd., Tong’an Vil., Dajia Dist., Taichung City 437101, Taiwan (R.O.C.)","林O增","04-26813143","04-26811369","無","無"
"56700693","20170726","20221210","東方海龍國際有限公司","ORIENTAL HOY LUNG INTERNATIONAL CO., LTD.","屏東縣屏東市華山里華山街20號1樓","1 F., No. 20, Huashan St., Huashan Vil., Pingtung City, Pingtung County 900031, Taiwan (R.O.C.)","謝O萍","08-7377646","","有","有"
"56700785","20130531","20210812","順達漁具行","SUN DE FIRM","臺中市大安區福住里南北九路１９９號","No. 199, Nanbei 9th Rd., Fuzhu Vil., Da’an Dist., Taichung City 43963, Taiwan (R.O.C.)","林O忠","04-26882303","04-26888155","有","有"
"56700791","20170808","20210811","郭誼豐鐵工廠","GUO YI FENG IRON WORKS","臺中市大甲區銅安里長壽路５９號一樓","1 F., No. 59, Changshou Rd., Tong’an Vil., Dajia Dist., Taichung City 43767, Taiwan (R.O.C.)","郭O源","04-26811532","","有","有"
"56701320","20170724","20210814","朵蔓有限公司","DMD CO., LTD.","彰化縣和美鎮竹營里孝友路99號5樓","5 F., No. 99, Xiaoyou Rd., Zhuying Vil., Hemei Township, Changhua County 50855, Taiwan (R.O.C.)","黃O綾","03-4276699#210","03-4273260","有","有"
"56701503","20170816","20210814","躍世界企業有限公司","YOSHI J ENTERPRISE CO., LTD.","彰化縣花壇鄉白沙村彰員路三段102巷5號1樓","1 F., No. 5, Ln. 102, Sec. 3, Zhangyuan Rd., Huatan Township, Changhua County 50350, Taiwan (R.O.C.)","黃O雄","04-7869406","","有","有"
"56701721","20170720","20210814","豪捷科技股份有限公司","ALLJET TECHNOLOGY CO., LTD","新竹縣竹北市泰和里中華路791號4樓","4 F., No. 791, Zhonghua Rd., Taihe Vil., Zhubei City, Hsinchu County 30252, Taiwan (R.O.C.)","許O芬","03-5552282","","有","有"
"56701948","19870318","20210813","豪陽機械工業股份有限公司","HOR YANG MACHINERY INDUSTRIES CO., LTD.","彰化縣伸港鄉溪底村興工路48號","No. 48, Xinggong Rd., Shengang Township, Changhua County 50971, Taiwan (R.O.C.)","莊O德","047-991567","","有","有"
"56701969","19871015","20230113","億全木業股份有限公司","E-CHANG WOODEN CO., LTD.","臺中市梧棲區中央路一段九四之一號","No. 94-1, Sec. 1, Zhongyang Rd., Wuqi Dist., Taichung City 435055, Taiwan (R.O.C.)","王O桂月","04-26393248","","有","有"
"56702073","20170807","20210814","禾陞科技有限公司","HE SHENG TECHNOLOGY CO., LTD.","苗栗縣竹南鎮正南里環市路一段138巷2弄5號7樓","7 F., No. 5, Aly. 2, Ln. 138, Sec. 1, Huanshi Rd., Zhengnan Vil., Zhunan Township, Miaoli County 35046, Taiwan (R.O.C.)","陳O東","037-484802","037-550831","有","有"
"56702094","20170724","20210814","台創園藝有限公司","TAI CHUANG HORTICULTURE CO., LTD.","雲林縣斗南鎮明昌里新興街329號1樓","1 F., No. 329, Xinxing St., Mingchang Vil., Dounan Township, Yunlin County 63043, Taiwan (R.O.C.)","廖O蓁","05-5337668","05-5346377","有","有"
"56702123","20170814","20210814","宇振科技有限公司","GENIUS AUTOMATION LTD.","新竹縣湖口鄉鳳凰村仁愛路12號","No. 12, Ren’ai Rd., Hukou Township, Hsinchu County 30353, Taiwan (R.O.C.)","許O榮","(02)2769 2832","","有","有"
"56702165","19900709","20230317","威龍企業股份有限公司","UEI LONG ENTERPRISE CO., LTD.","臺中市清水區南社里南社路137之3號","No. 137-3, Nanshe Rd., Nanshe Vil., Qingshui Dist., Taichung City 436045, Taiwan (R.O.C.)","鄭O宜","04-26222118","","有","有"
"56702192","19880507","20230407","廣謚工業股份有限公司","QUEEN YEAR INDUSTRIAL CO., LTD.","臺中市清水區南社里鰲新路61巷20號","No. 20, Ln. 61, Aoxin Rd., Nanshe Vil., Qingshui Dist., Taichung City 436042, Taiwan (R.O.C.)","蔡O晶","04-2626-0088","04-2626-0388","有","有"
"56702593","19840606","20230414","樹榮橡膠塑膠股份有限公司","SU ZONE RUBBER & PLASTIC CO., LTD.","臺中市龍井區忠和里台西南路203號","No. 203, Taixi S. Rd., Zhonghe Vil., Longjing Dist., Taichung City 434008, Taiwan (R.O.C.)","陳O照","046-391918","","有","有"
"56702658","20090223","20210815","傑洲企業有限公司","JEA CHOW ENTERPRISE CO., LTD.","臺中市龍井區龍西里茄投路102之6號1樓","1 F., No. 102-6, Jiatou Rd., Longxi Vil., Longjing Dist., Taichung City 43451, Taiwan (R.O.C.)","鄭O友","04-26396266","04-26399920","有","有"
"56702691","20170719","20210814","禹硯木業有限公司","YU YAN WOODEN CO., LTD.","新竹市北區武陵里武陵路35號1樓","1 F., No. 35, Wuling Rd., Wuling Vil., North Dist., Hsinchu City 30054, Taiwan (R.O.C.)","謝O婷","03-5332887","03-5332869","有","有"
"56702910","20190322","20210814","富揚模具工業有限公司","FU YANG TOOLING INDUST RIES CO., LTD.","彰化縣鹿港鎮海埔里海明街251巷32號","No. 32, Ln. 251, Haiming St., Haipu Vil., Lukang Township, Changhua County 50562, Taiwan (R.O.C.)","陳O民","04-7764623","","有","有"
"56702968","20170724","20210814","翊瑞科技有限公司","YIRUI TECH CO., LTD.","新竹市東區復興里自由路111號5樓之1","5F.-1, No. 111, Ziyou Rd., Fuxing Vil., East Dist., Hsinchu City 30041, Taiwan (R.O.C.)","蔡O冬","03-5316162","03-5319110","有","有"
"56703755","20180411","20210814","岦達實業有限公司","Li-Da autoparts Co., Ltd","新竹縣北埔鄉北埔村9鄰中正路47巷6號一樓","1 F., No. 6, Ln. 47, Zhongzheng Rd., 9th Neighborhood, Beipu Township, Hsinchu County 31441, Taiwan (R.O.C.)","黃O淇","0926033689","","有","有"
"56703761","20191105","20230801","鈺盛園藝工具有限公司","YU SHENG GARDEN TOOLS CO., LTD.","彰化縣鹿港鎮詔安里某旦巷200號1樓","1F.,NO.200,MOUDAN LN.,LUKANG TOWNSHIP,CHANGHUA COUNTY 50545,TAIWAN (R.O.C)","魏O南","04-7750019","","有","有"
"56703777","19920515","20240722","銘曄股份有限公司","ARKO CHEMICAL CO., LTD.","臺中市西屯區協和里工業區三十三路19號","No. 19, Gongyequ 33rd Rd., Xiehe Vil., Xitun Dist., Taichung City 407021, Taiwan (R.O.C.)","劉O明","04-23586288","04-23584168","有","有"
"56704038","20170720","20221230","瑞暻科技有限公司","APPLIED DEVELOP TECHNOLOGY CO., LTD.","新竹市東區高翠路162巷16弄12號一樓","1 F., No. 12, Aly. 16, Ln. 162, Gaocui Rd., East Dist., Hsinchu City 300070, Taiwan (R.O.C.)","韓O愛","0933976483","","無","無"
"56704086","20020805","20230711","聖豐木業股份有限公司","SHENG FENG WOOD INDUSTRY CO., LTD.","臺中市外埔區水美里二崁路566號","No. 566, Erkan Rd., Shuimei Vil., Waipu Dist., Taichung City 438018, Taiwan (R.O.C.)","胡O銀","04-26834887","04-26834889","有","有"
"56704115","20231101","20231101","互聯科技有限公司","INTERCONNECT TECHNOLOGY CO., LTD.","桃園市中壢區中平路137號4樓之12","4 F.-12, No. 137, Zhongping Rd., Zhongli Dist., Taoyuan City 320001, Taiwan (R.O.C.)","賴O怡","03-4276088","","有","有"
"56704179","19930521","20230418","瑜豐實業股份有限公司","YEU FEEN INDUSTRIES INC.","臺中市外埔區馬鳴里大馬路1號","No. 1, Dama Rd., Maming Vil., Waipu Dist., Taichung City 438020, Taiwan (R.O.C.)","王O珍","04-26831339","04-26831216","有","有"
"56704311","20240221","20240221","泫朵貿易有限公司","Aqua Bloom Trading Company","彰化縣鹿港鎮永安里東興路170號","No. 170, Dongxing Rd., Yong’an Vil., Lukang Township, Changhua County 505002, Taiwan (R.O.C.)","許O郁","","","無","無"
"56704327","20180820","20210814","新力科技股份有限公司","XIN-LI Technology CO., LTD","新竹縣竹北市成功三路40號6樓","6 F., No. 40, Chenggong 3rd Rd., Zhubei City, Hsinchu County 30264, Taiwan (R.O.C.)","陳O卿","03-6676079","","有","有"
"56704396","20170724","20230614","全晟股份有限公司","GRANDEUR ENERGY CO., LTD.","新竹縣竹北市自強南路8號8樓之10","8 F.-10, No. 8, Ziqiang S. Rd., Zhubei City, Hsinchu County 302044, Taiwan (R.O.C.)","洪O萍","03-6578300","03-6576200","無","無"
"56704451","20180123","20210814","澤泰全球有限公司","Global Hyper-Source Corporation","苗栗縣頭份市後庄里信義路566號三樓","3 F., No. 566, Xinyi Rd., Houzhuang Vil., Toufen City, Miaoli County 35146, Taiwan (R.O.C.)","余O琴","0910479462","","有","有"
"56704488","20170725","20221020","睿鐳科技有限公司","RAYLEIGH TECHNOLOGY CO., LTD.","新竹市北區海濱里尚濱路68號8樓之2","8 F.-2, No. 68, Shangbin Rd., Haibin Vil., North Dist., Hsinchu City 300055, Taiwan (R.O.C.)","馬O蘭","0956597988","","無","無"
"56704868","20170726","20210814","愛斯福台灣股份有限公司","EXFO Taiwan Inc.","新竹縣竹北市台元街30號2樓之2","2F.-2, No. 30, Taiyuan St., Zhubei City, Hsinchu County 30288, Taiwan (R.O.C.)","GOrmainLamondO","03-6688505","","有","有"
"56704924","20170822","20221112","萬金畜產有限公司","WANJIN ANIMAL INDUSTRY CO., LTD.","屏東縣萬巒鄉萬金村營區路1巷99號","No. 99, 1st Ln., Yingqu Rd., Wanjin Vil., Wanluan Township,  Pingtung County 923021, Taiwan (R.O.C.)","陳O媚","08-7836370","","有","有"
"56704939","20171019","20210814","達文西生醫科技股份有限公司","Davinci Biomedical Technology Co., Ltd.","屏東縣屏東市清溪里和生路三段1006號","No. 1006, Sec. 3, Hesheng Rd., Qingxi Vil., Pingtung City, Pingtung County 90093, Taiwan (R.O.C.)","毛O文","08-7560566","08-7560388","有","有"
"56705260","20020517","20230221","騰藝企業股份有限公司","JEN-JEN INDUSTRIAL CO., LTD.","臺中市大安區龜殼里溪洲路176號","No. 176, Xizhou Rd., Guike Vil., Da’an Dist., Taichung City 439013, Taiwan (R.O.C.)","蘇O毅","04-26713501","04-26713502","有","有"
"56705424","20170724","20231116","正通科技股份有限公司","GENTON TECH CORPORATION","臺中市南區忠明南路758號21樓","21 F., No. 758, Zhongming S. Rd., South Dist., Taichung City 402256, Taiwan (R.O.C.)","陳O敏","04-23832393","04-23832272","有","有"
"56705472","19930810","20210813","志詮水電工程有限公司","CHIH CHUAN PLUMBING ELECTRONIC ENGINEERING CO., LTD.","臺中市大甲區孟春里慈德路198號","No. 198, Cide Rd., Mengchun Vil., Dajia Dist., Taichung City 43771, Taiwan (R.O.C.)","陳O菊","04-26882925","04-26860430","有","有"
"56705579","20170804","20210814","乘風生技有限公司","CHENG FONG BIOTECH CO., LTD.","嘉義縣民雄鄉北斗村北勢子212號1樓","1 F., No. 212, Beishizi, Minxiong Township, Chiayi County 62146, Taiwan (R.O.C.)","劉O斌","0928-886230","","有","有"
"56705590","20171212","20231012","興華有限公司","Singhua Limited","臺東縣東河鄉都蘭村都蘭458號","No. 458, Dulan, Dulan Vil., Donghe Township,  Taitung County 959001, Taiwan (R.O.C.)","","089530258","089530256","無","無"
"56705640","20230606","20230606","江技舊記有限公司","JiangJi LTD.","苗栗縣苗栗市新苗里新苗街61巷39號1樓","1 F., No. 39, Ln. 61, Xinmiao St., Xinmiao Vil., Miaoli City, Miaoli County 360009, Taiwan (R.O.C.)","江O德","037-327803","","有","有"
"56705705","20170804","20230519","可潔淨環保科技有限公司","KENJIN ENVIRONMENTAL TECHNOLOGY CO., LTD.","屏東縣屏東市前進里頭前溪路307號三樓","3F., No. 307, Touqianxi Rd., Qianjin Vil., Pingtung City,  Pingtung County 900, Taiwan (R.O.C.)","陳O成","08-7522056","08-7393739","有","有"
"56705748","20170727","20210814","一澤國際實業有限公司","ICHI ZAWA INTERNATIONAL ENTERPRISE CO., LTD.","新竹市北區光華里光華南街76-2號二樓","2 F., No. 76-2, Guanghua S. St., Guanghua Vil., North Dist., Hsinchu City 30052, Taiwan (R.O.C.)","李O羽","02-28743363","02-8735510","有","有"
"56705851","20210617","20210814","海端科技有限公司","Haiduan Tech Ltd.Co.","彰化縣埔心鄉瓦中村東明路174號一樓","1 F., No. 174, Dongming Rd., Puxin Township, Changhua County 51345, Taiwan (R.O.C.)","盧O閔","04-8336021","04-8336031","有","有"
"56706021","20180319","20210816","塞席爾商瀚霆股份有限公司台灣分公司","WINNING WORLD LTD., TAIWAN BRANCH (Seychelles)","臺北市松山區南京東路四段197號4樓","4 F., No. 197, Sec. 4, Nanjing E. Rd., Songshan Dist., Taipei City 10579, Taiwan (R.O.C.)","林O全LIN,KENG-CHUAN","02-87126528","02-87126728","有","有"
"56706107","20190215","20220105","奕利德有限公司","Eleader International Co., Ltd.","彰化縣福興鄉大崙村大崙街臨28-5號","No. 28-5, Dalun St., Fuxing Township, Changhua County 50641, Taiwan (R.O.C.)","林O澄","04-7689538","04-7683538","有","有"
"56706227","20171017","20250507","恩信有限公司","ECS LINK CO., LIMITED","嘉義市東區義教里義教街682號1樓","1 F., No. 682, Yijiao St., Yijiao Vil., East Dist., Chiayi City 60073, Taiwan (R.O.C.)","","05-2210906","","無","無"
"56706296","20170803","20210925","久代食品有限公司","JIU DAI FOODS CO., LTD.","雲林縣莿桐鄉義和村和平9-13號","No. 9-13, Heping, Citong Township, Yunlin County 64747, Taiwan (R.O.C.)","陳O吟","05-5843217","","有","有"
"56706471","20080305","20210815","申博企業有限公司","E BIONIC COMPANY LTD.","臺中市龍井區忠和里蚵寮路327號","No. 327, Keliao Rd., Zhonghe Vil., Longjing Dist., Taichung City 43445, Taiwan (R.O.C.)","楊O銘","04-26398839","04-26398636","有","有"
"56706654","20190813","20240927","真味有限公司","ZHEN WEI HONEY FOOD CO., LTD.","雲林縣虎尾鎮芳草里芳草65之2號","No. 65-2, Fangcao, Fangcao Vil., Huwei Township,  Yunlin County 632103, Taiwan (R.O.C.)","陳O瑋","05-6655663","","有","有"
"56706802","20170725","20210816","美商鎧網股份有限公司台灣分公司","NETVLAR INC. TAIWAN BRANCH (USA)","臺北市內湖區民權東路六段296巷121號地下","No. 121, Ln. 296, Sec. 6, Minquan E. Rd., Neihu Dist., Taipei City 11483, Taiwan (R.O.C.)","洪O斌HUNG,CHUNG-PING","0952333708","","有","有"
"56706824","20180321","20210814","芯道互聯有限公司","IC Link Limited Company","新竹市東區關新里關新路27號15樓之3","15F.-3, No. 27, Guanxin Rd., Guanxin Vil., East Dist., Hsinchu City 30072, Taiwan (R.O.C.)","黃O輝","03-5775805","02-28340891","有","有"
"56706922","19950414","20230502","錩融塑膠股份有限公司","CHON RONG PLASTICS CO., LTD.","臺中市龍井區忠和里中山二路2段339巷56號","No. 56, Ln. 339, Sec. 2, Zhongshan 2nd Rd., Zhonghe Vil., Longjing Dist., Taichung City 434016, Taiwan (R.O.C.)","卓O妹","04-26396282","04-26398470","無","無"
"56706958","19850522","20230331","福七實業股份有限公司","FOO SEVEN CO., LTD.","臺中市龍井區龍東里茄投路58號","No. 58, Jiatou Rd., Longdong Vil., Longjing Dist., Taichung City 434023, Taiwan (R.O.C.)","陳O明","04-26362551","04-26350891","有","有"
"56707056","20170817","20240110","掌握國際流通事業有限公司","GRASP INTERNATIONAL CIRCULATION CO., LTD.","雲林縣虎尾鎮平和里成和二街30號一樓","1 F., No. 30, Chenghe 2nd St., Pinghe Vil., Huwei Township, Yunlin County 632105, Taiwan (R.O.C.)","李O岳","05-2911276","05-2911276","有","有"
"56707133","20170809","20230428","金易明精密機械股份有限公司","GEM PRECISION MACHINERY CO., LTD.","苗栗縣竹南鎮和興路354號","No. 354, Hexing Rd., Zhunan Township, Miaoli County 350026, Taiwan (R.O.C.)","蔡O謀","02-23610855#310","02-23610085","有","有"
"56707149","20151026","20210813","皇銓塑膠股份有限公司","HWANG CHYUAN PLASTICS CO., LTD.","臺中市梧棲區草湳里永興路二段336巷85號","No. 85, Ln. 336, Sec. 2, Yongxing Rd., Caonan Vil., Wuqi Dist., Taichung City 43547, Taiwan (R.O.C.)","楊O淑云","04-26394672","04-26302654","有","有"
"56707197","19850713","20221012","洲田股份有限公司","JOU TEN CORPORATION","臺中市清水區下湳里中山路513號","No. 513, Zhongshan Rd., Xianan Vil., Qingshui Dist., Taichung City 436032, Taiwan (R.O.C.)","吳O錄","04-26226478","04-26226487","有","有"
"56707295","20180109","20210816","英屬維京群島商優利投資股份有限公司台灣分公司","FANCY GAIN INVESTMENTS LIMITED TAIWAN BRANCH (BRITISH VIRGIN ISLANDS)","新北市中和區中正路880號4樓之2","4F.-2, No. 880, Zhongzheng Rd., Zhonghe Dist., New Taipei City 23586, Taiwan (R.O.C.)","吳O璜Wu,Shih-Hwang","02-25459988","02-25459966","有","有"
"56707372","20170721","20210815","鴻宇橡膠有限公司","HONGYU RUBBER CO., LTD.","彰化縣秀水鄉陜西村番花路313號","No. 313, Fanhua Rd., Xiushui Township, Changhua County 50441, Taiwan (R.O.C.)","彭O嬌","04-7698973","","有","有"
"56707696","20050621","20230215","穗瑩美美企業股份有限公司","SUI YING MEI MEI INDUSTRY CO., LTD.","臺中市沙鹿區興安里天香新村16號","No. 16, Tianxiang New Vil., Xing’an Vil., Shalu Dist., Taichung City 433026, Taiwan (R.O.C.)","楊O復","04-26354666","04-26360282","有","有"
"56707794","19961203","20230227","谷瑩實業有限公司","GU INN INDUSTRIAL CO., LTD.","臺中市沙鹿區北勢里東晉路108號","No. 108, Dongjin Rd., Beishi Vil., Shalu Dist., Taichung City 433003, Taiwan (R.O.C.)","陳O堂","04-26322612","","無","無"
"56708153","20190517","20220901","康富樂生物科技有限公司","COMEFORLOVE BIOTECHNOLOGY CO., LTD.","苗栗縣頭屋鄉象山村象山路168號","No. 168, Xiangshan Rd., Touwu Township, Miaoli County 362004, Taiwan (R.O.C.)","陳O薇","0980-871489","","有","有"
"56708196","20170809","20230517","鳴鑫貿易有限公司","MING NEW TRADING CO., LTD.","基隆市仁愛區仁德里愛三路37號6樓","6 F., No. 37, Ai 3rd Rd., Rende Vil., Ren’ai Dist., Keelung City 200009, Taiwan (R.O.C.)","潘O惠","02-24217588","02-24240867","有","有"
"56708246","19970804","20240608","鏗全企業有限公司","CHAN FON ENTERPRISE CO., LTD.","彰化縣伸港鄉定興村彰新路七段464巷401弄26號","No. 26, Aly. 401, Ln. 464, Sec. 7, Zhangxin Rd., Shengang Township, Changhua County 50955, Taiwan (R.O.C.)","陳O亮","04-7986697","04-7986339","有","有"
"56708359","20170801","20240606","見群貿易有限公司","SMART LINE TRADE LTD.","新竹縣竹北市東平里嘉豐六路二段122號8樓","8 F., No. 122, Sec. 2, Jiafeng 6th Rd., Dongping Vil., Zhubei City, Hsinchu County 302054, Taiwan (R.O.C.)","","0932289486","","無","無"
"56708463","19920904","20210812","良淇有限公司","LEANG-CHII CO., LTD.","臺中市梧棲區永安里永興路一段667號","No. 667, Sec. 1, Yongxing Rd., Yong’an Vil., Wuqi Dist., Taichung City 43547, Taiwan (R.O.C.)","王O華","04-26395847","","有","有"
"56708576","20170731","20240830","新加坡商南洋永續科技有限公司台灣分公司","EVERCOMM UNI-TECH SINGAPORE PTE. LTD., TAIWAN BRANCH (SINGAPORE)","新北市中和區中正路880號9樓之6","9F.-6, No. 880, Zhongzheng Rd., Zhonghe Dist., New Taipei City 23586, Taiwan (R.O.C.)","","02-22236975","","無","無"
"56708745","19920815","20210813","聖崎實業有限公司","SAINT CHYI INDUSTRIAL CO., LTD.","臺中市沙鹿區中清路六段539巷43號","No. 43, Ln. 539, Sec. 6, Zhongqing Rd., Shalu Dist., Taichung City 43346, Taiwan (R.O.C.)","陳O素珍","04-26154278","04-26153596","有","有"
"56708766","19920318","20230221","協聖家具股份有限公司","SHYE SANG FURNITURE CO., LTD.","臺中市沙鹿區福興里沙田路18號","No. 18, Shatian Rd., Fuxing Vil., Shalu Dist., Taichung City 433026, Taiwan (R.O.C.)","呂O常","04-26353705","04-26357786","有","有"
"56708858","19980928","20221123","家豐工業股份有限公司","HOMPAK PACKAGING INC.","臺中市沙鹿區西勢里中航路一段645巷16號","No. 16, Ln. 645, Sec. 1, Zhonghang Rd., Xishi Vil., Shalu Dist., Taichung City 433014, Taiwan (R.O.C.)","何O菊","04-26152288","04-26152828","有","有"
"56708885","20180803","20210814","富郁營造有限公司","Phu Yu Construction Co., Ltd","金門縣金寧鄉湖埔村下埔下116號1樓","1 F., No. 116, Xiapuxia, Jinning Township, Kinmen County 89244, Taiwan (R.O.C.)","陳OO","082-320319","","有","有"
"56709337","19910608","20210815","龍鳳環香業股份有限公司","LUNG FENG HUAN INCENSE CO., LTD.","臺中市大甲區頂店里錦上街71號","No. 71, Jinshang St., Dingdian Vil., Dajia Dist., Taichung City 43755, Taiwan (R.O.C.)","吳O欽","04-2687-2620","04-2687-0138","有","有"
"56709815","20170821","20240104","格羅茨機械有限公司","NIKKY TRADE CO., LTD","臺南市新市區大營里豐榮59-20號1樓","1 F., No. 59-20, Fengrong, Daying Vil., Xinshi Dist., Tainan City 74444, Taiwan (R.O.C.)","","06-5895520","06-5895530","無","無"
"56709998","20170726","20210816","香港商海之滴褐藻糖膠有限公司台灣分公司","KAMERYCAH (HONG KONG) LIMITED TAIWAN BRANCH","臺北市松山區復興北路191號6樓之5","6F.-5, No. 191, Fuxing N. Rd., Songshan Dist., Taipei City 10596, Taiwan (R.O.C.)","竹O秀晃TAKEUCHIHIDEAKI","02-87706685","","有","有"
"56710051","20180917","20210815","俊彰精密企業有限公司","Jun Zhang Applied Thinfilm Corp.","彰化縣花壇鄉橋頭村中橋街589號","No. 589, Zhongqiao St., Huatan Township, Changhua County 50347, Taiwan (R.O.C.)","陳O娟","04-7861489","","有","有"
"56710067","20160825","20221129","台灣君代有限公司","TAIWAN CHUN DAI COSMETICS CO., LTD.","臺中市外埔區水美里水美路283號","No. 283, Shuimei Rd., Shuimei Vil., Waipu Dist., Taichung City 438019, Taiwan (R.O.C.)","張O誌","+88604 26861278","+88604 26864558","有","有"
"56710094","19860130","20230511","輪鋒工業股份有限公司","FIRST BICYCLE COMPONENTS CO., LTD.","臺中市大甲區日南里工九路45號","No. 45, Gong 9th Rd., Rinan Vil., Dajia Dist., Taichung City 437105, Taiwan (R.O.C.)","李O彰","04-26815039","04-26815917","有","有"
"56710329","20170728","20240619","榮晟應用材料有限公司","RIGHT CHANCE APPLIED MATERIALS CO., LTD.","新竹市北區金雅里金雅八街79號1樓","1 F., No. 79, Jinya 8th St., Jinya Vil., North Dist., Hsinchu City 300012, Taiwan (R.O.C.)","鄭O榮","","","有","有"
"56710377","20200416","20210815","哲禹有限公司","JE YU CO., LTD.","高雄市三民區莊敬路240號9樓之5","9F.-5, No. 240, Zhuangjing Rd., Sanmin Dist., Kaohsiung City 80784, Taiwan (R.O.C.)","袁O智","07-3803068","07-3803488","有","有"
"56710480","20010921","20240413","向陽瑋業股份有限公司","SAINT BIOCHEMICAL CO., LTD.","臺中市外埔區甲后路四段589號","No. 589, Sec. 4, Jiahou Rd., Waipu Dist., Taichung City 438023, Taiwan (R.O.C.)","林O諭","04-26834777","04-26834776","有","有"
"56710637","20171016","20241101","嘉鋒展業股份有限公司","JIA FUN INDUSTRY CO., LTD.","臺中市豐原區國豐路二段628號1樓","1 F., No. 628, Sec. 2, Guofeng Rd., Fengyuan Dist., Taichung City 420072, Taiwan (R.O.C.)","羅O富","04-25236077","","有","有"
"56710974","20170809","20230919","香港商蘇威士有限公司台灣分公司","(HONG KONG) SUITACCESS COMPANY LIMITED TAIWAN BRANCH","臺北市大安區復興南路1段295巷21號","No. 21, Ln. 295, Sec. 1, Fuxing S. Rd., Da’an Dist., Taipei City 106095, Taiwan (R.O.C.)","王O丞WEICHENGWANG","02-23312651","","有","有"
"56710989","20170302","20210811","祈昌化工廠","CHI-CHANG CHEMICAL WORKS","臺中市大甲區新美里新美街８１號１樓","1 F., No. 81, Xinmei St., Xinmei Vil., Dajia Dist., Taichung City 43745, Taiwan (R.O.C.)","蔡O憲","04-26878841","","無","無"
"56711002","20140501","20210811","穎新紡織廠","YING HSIN TEXTILE FACTORY","臺中市沙鹿區斗抵里斗潭路７０之６號１樓","1 F., No. 70-6, Doutan Rd., Doudi Vil., Shalu Dist., Taichung City 43345, Taiwan (R.O.C.)","何O陽","04-26352464","","有","有"
"56711045","20170728","20210814","吉聚國際有限公司","WELLY WEALTH INTERNATIONAL CO., LTD.","南投縣草屯鎮富寮里中正路559巷5號7樓","7 F., No. 5, Ln. 559, Zhongzheng Rd., Fuliao Vil., Caotun Township, Nantou County 54244, Taiwan (R.O.C.)","郭O豪","0970811553","","有","有"
"56711066","20191018","20210814","鎰榮實業有限公司","Yi Rong Artwork Co., Ltd.","南投縣草屯鎮富寮里中正路559巷5號7樓","7 F., No. 5, Ln. 559, Zhongzheng Rd., Fuliao Vil., Caotun Township, Nantou County 54244, Taiwan (R.O.C.)","郭O榮","0906-458338","","無","無"
"56711087","20170726","20230308","頂極科技股份有限公司","TOP TECHNOLOGY PLATFORM CO., LTD.","新竹市北區福林里東大路二段327號1、2樓","2 F., No. 327, Sec. 2, Dongda Rd., Fulin Vil., North Dist., Hsinchu City 300077, Taiwan (R.O.C.)","洪O杰","0918-879552","","有","有"
"56711214","19941220","20230602","明興機械工業股份有限公司","MING SIN MACHINES INDUSTRIAL CO., LTD.","臺中市沙鹿區鹿峰里中清路八段288號","No. 288, Sec. 8, Zhongqing Rd., Lufeng Vil., Shalu Dist., Taichung City 433106, Taiwan (R.O.C.)","陳O晏","04-26228381","04-26228038","有","有"
"56711349","20211014","20220924","崧溢企業股份有限公司","SONG E CORPORATION","屏東縣潮州鎮三共里北門路313號1樓","1 F., No. 313, Beimen Rd., Sangong Vil., Chaozhou Township, Pingtung County 920008, Taiwan (R.O.C.)","陳O屏","08-7801102","","有","有"
"56711684","19880426","20210813","輯盈企業有限公司","COTTEST ENTERPRISE CO., LTD.","臺中市龍井區山腳里中山一路一段127號","No. 127, Sec. 1, Zhongshan 1st Rd., Shanjiao Vil., Longjing Dist., Taichung City 43447, Taiwan (R.O.C.)","周O鏘","04-26362859","04-26353335","有","有"
"56711690","20210120","20210814","雲展實業有限公司","Clustern Enterprise CO., LTD.","雲林縣斗南鎮西岐里建國二路161號1樓","1 F., No. 161, Jianguo 2nd Rd., Xiqi Vil., Dounan Township, Yunlin County 63044, Taiwan (R.O.C.)","張O豪","0920-101191","05-5961191","有","有"
"56711869","19940429","20210813","永坤塑膠廠有限公司","YUNG KUN PLASTIC WORKS CO., LTD.","臺中市龍井區龍崗里祥瑞街77號","No. 77, Xiangrui St., Longgang Vil., Longjing Dist., Taichung City 43450, Taiwan (R.O.C.)","姚O泉","04-26354259","04-26354269","有","有"
"56712213","20170726","20230621","荷蘭商瑞技科技有限公司台灣分公司","RAHI HOLDINGS B.V. TAIWAN BRANCH (THE NETHERLANDS)","臺北市松山區南京東路四段126號8樓","8 F., No. 126, Sec. 4, Nanjing E. Rd., Songshan Dist., Taipei City 105407, Taiwan (R.O.C.)","SONJOYCHONDORONO","02-25779800","02-25778300","有","有"
"56712261","20190503","20210814","力宇國際科技股份有限公司","Ly Yu technology Ltd.","新竹市東區關新里關新路19巷25號6樓","6 F., No. 25, Ln. 19, Guanxin Rd., Guanxin Vil., East Dist., Hsinchu City 30072, Taiwan (R.O.C.)","林O智","03-6662330","","有","有"
"56712327","20000522","20210813","倫翊企業有限公司","LUN YI INDUSTRIAL CO., LTD.","臺中市梧棲區中正里仁美街97巷22號","No. 22, Ln. 97, Renmei St., Zhongzheng Vil., Wuqi Dist., Taichung City 43543, Taiwan (R.O.C.)","莊O鎮","04-26563217","04-26569153","有","有"
"56712396","20190315","20221129","柳橙光電科技有限公司","Orange Photoelectric Technology Co., LTD.","嘉義市西區永和街130號1樓","1 F., No. 130, Yonghe St., West Dist., Chiayi City 600004, Taiwan (R.O.C.)","陳O麟","05-2337599","05-2305076","有","有"
"56712403","20180316","20240109","中塑工程股份有限公司","Chungmosa Co., Ltd.","臺北市內湖區新明路159號11樓","11 F., No. 159, Xinming Rd., Neihu Dist., Taipei City 114031, Taiwan (R.O.C.)","黃O慧","04-8827299","02-27185929","有","有"
"56712683","20170803","20230106","竹陞科技股份有限公司","GRADE UPON TECHNOLOGY CORPORATION","新竹縣竹北市保泰六路1號1樓","1 F., No. 1, Baotai 6th Rd., Zhubei City, Hsinchu County 302004, Taiwan (R.O.C.)","方O又","03-5541777","03-5540598","有","有"
"56712874","20180111","20210816","美商聲子科技有限公司台灣分公司","Phononic Devices, Inc., Taiwan Branch (U.S.A.)","臺北市中正區忠孝西路一段66號28樓","28 F., No. 66, Sec. 1, Zhongxiao W. Rd., Zhongzheng Dist., Taipei City 10018, Taiwan (R.O.C.)","安O提ANTHONYRICHARDATTI","02-77200911","","有","有"
"56712918","19930807","20210813","大統不銹鋼捲門有限公司","DATUNG STAINLESS STEEL CO., LTD.","臺中市大安區龜殼里溪洲路191號","No. 191, Xizhou Rd., Guike Vil., Da’an Dist., Taichung City 43953, Taiwan (R.O.C.)","顏O堅","04-26712611","","有","有"
"56713183","20170802","20210816","香港商利基貿易有限公司台灣分公司","NICHE BASE COMPANY LIMITED TAIWAN BRANCH(HONG KONG)","新北市中和區中山路2段413號5樓","5 F., No. 413, Sec. 2, Zhongshan Rd., Zhonghe Dist., New Taipei City 23558, Taiwan (R.O.C.)","譚O文TAMCHIMANRAYMOND","02-82216799","02-82217288","有","有"
"56713326","19970227","20230112","賜成企業有限公司","SZU CHENG ENTERPRISE CO., LTD.","臺中市清水區中社里中社路97號","No. 97, Zhongshe Rd., Zhongshe Vil., Qingshui Dist., Taichung City 436040, Taiwan (R.O.C.)","顏O景","04-26263183","04-26265106","無","無"
"56714253","19870209","20230511","伊士光工業股份有限公司","FENEX INDUSTRIAL CO., LTD.","臺中市龍井區龍泉里沙田路五段三三號","No. 33, Sec. 5, Shatian Rd., Longquan Vil., Longjing Dist., Taichung City 434028, Taiwan (R.O.C.)","林O鋒","04-26354321","","無","無"
"56714514","20180831","20210814","洤研有限公司","Chiuan Yen Research Co., Ltd.","彰化縣彰化市阿夷里彰益街103巷12號","No. 12, Ln. 103, Zhangyi St., Ayi Vil., Changhua City, Changhua County 50069, Taiwan (R.O.C.)","宋O馥","04-7265221","04-7236965","有","有"
"56714599","19950605","20210813","順旭布業有限公司","SHUN SHIUH TEXTILE CO., LTD.","臺中市外埔區鐵山里長生路92號1樓","1 F., No. 92, Changsheng Rd., Tieshan Vil., Waipu Dist., Taichung City 43865, Taiwan (R.O.C.)","張O霖","04-26831450","04-26835216","有","有"
"56714958","20170810","20230113","北瀧國際貿易有限公司","BEI-LONG INTERNATIONAL TRADE CO., LTD.","臺東縣臺東市知本里吉泰路29號1樓","1 F., No. 29, Jitai Rd., Zhiben Vil., Taitung City, Taitung County 950103, Taiwan (R.O.C.)","蔡O軫","0912788298","","無","無"
"56714991","20170807","20241217","捷瑞貿易有限公司","UR (UNIQUE & RARE) TRADING COMPANY LTD.","彰化縣埔鹽鄉彰水路一段205-6號","No. 205-6, Sec. 1, Zhangshui Rd., Puyan Township, Changhua County 516022, Taiwan (R.O.C.)","邵O如","04-22386159","04-22383011","有","有"
"56715062","20170815","20230401","台灣魚菜共生股份有限公司","TAIWAN AQUAPONICS CORP.","苗栗縣苗栗市至公路594巷5號","No. 5, Ln. 594, Zhigong Rd., Miaoli City, Miaoli County 360008, Taiwan (R.O.C.)","羅O瑞","037-365218","037-365219","有","有"
"56715128","20211228","20220915","金良泰實業有限公司","JLT IND CO., Ltd.","屏東縣潮州鎮富春里田新路92巷41號2樓","2 F., No. 41, Ln. 92, Tianxin Rd., Fuchun Vil., Chaozhou Township, Pingtung County 920002, Taiwan (R.O.C.)","黃O閔","08-7883126","","有","有"
"56715324","20191008","20210814","嘉懋生物科技有限公司","Kamao Biotechnology Co., Ltd.","彰化縣伸港鄉泉厝村泉厝路1-6號1樓","1 F., No. 1-6, Quancuo Rd., Shengang Township, Changhua County 50953, Taiwan (R.O.C.)","周O鴻","04-7983289","","有","有"
"56715605","20031218","20230414","東海生物科技股份有限公司","TUNG HAI BIOTECHNOLOGY CORPORATION","臺中市梧棲區福德里中央路二段244之1號","No. 244-1, Sec. 2, Zhongyang Rd., Fude Vil., Wuqi Dist., Taichung City 435052, Taiwan (R.O.C.)","陳O謨","04-26631022","04-26631022","有","有"
"56715823","20170920","20230111","慶天創意設計開發有限公司","HOUSTORAGE CO., LTD.","臺中市大甲區德化里東西七路一段309巷9號","No. 9, Ln. 309, Sec. 1, Dongxi 7th Rd., Dehua Vil., Dajia Dist., Taichung City 437014, Taiwan (R.O.C.)","黃O儒","04-8334787","","有","有"
"56715921","20180628","20221130","小人襪織造有限公司","KIDSOX ENTERPRISE CO., LTD.","彰化縣社頭鄉廣興村中山路一段717巷11號1樓","1F., No. 11, Ln. 717, Sec. 1,  Zhongshan Rd., Guangxing Vil., Shetou Township,  Changhua County 511001, Taiwan (R.O.C.)","邱O華","04-8726962","04-8736767","有","有"
"56716148","20140128","20221203","富盈企業社","FU IN ENTERPRISE CO.","臺中市梧棲區大村里中華路一段１０２８號一樓","1 F., No. 1028, Sec. 1, Zhonghua Rd., Dacun Vil., Wuqi Dist., Taichung City 435057, Taiwan (R.O.C.)","陳O鈴","04-26564982","","有","有"
"56716718","20170731","20210815","旭立資材有限公司","SHIU LI MATERIAL CO., LTD.","苗栗縣公館鄉玉泉村14鄰玉泉380號一樓","1 F., No. 380, Yuquan, 14th Neighborhood, Gongguan Township, Miaoli County 36346, Taiwan (R.O.C.)","劉O貴","037-352350","037-377122","有","有"
"56717028","20170803","20220511","鑫興能源有限公司","HSIN HSIN ENERGY CO., LTD.","新竹縣竹北市光明六路87之5號7樓","7 F., No. 87-5, Guangming 6th Rd., Zhubei City, Hsinchu County 30268, Taiwan (R.O.C.)","曾O修","0933-264640","","有","有"
"56717364","20250310","20250310","皇十高分子企業股份有限公司","XLIDE EXTREME SPORTS TECHNOLOGY CO., LTD.","雲林縣土庫鎮東平里民生路20-6號1樓","1 F., No. 20-6, Minsheng Rd., Dongping Vil., Tuku Township, Yunlin County 633104, Taiwan (R.O.C.)","黃O昌","05-6657042","","有","有"
"56718075","19850715","20230222","晉暉機械股份有限公司","CHENG HUEI MACHINERY CO., LTD.","臺中市大甲區義和里重義三路26巷10號","No. 10, Ln. 26, Chongyi 3rd Rd., Yihe Vil., Dajia Dist., Taichung City 437010, Taiwan (R.O.C.)","黃O彬","04-26872368","","有","有"
"56718244","20021001","20101224","富成飼料行","FU CHENG FEEDSTUFF STORE","臺中市大甲區新美里順天路１號１樓","1FL., NO. 1,  SHUENTIAN RD., DAJIA DIST., TAICHUNG CITY  437, TAIWAN (R.O.C.)","曾O","04-26871165","","有","有"
"56718666","19860124","20230211","楊先鋒企業股份有限公司","YANG HSIEN FENG ENTERPRISE CO., LTD.","臺中市梧棲區草湳里自強路322號","No. 322, Ziqiang Rd., Caonan Vil., Wuqi Dist., Taichung City 435054, Taiwan (R.O.C.)","楊O誠","04-26393002","04-26395004","有","有"
"56719047","19861003","20210813","裕省股份有限公司","YU SAVE INDUSTRIAL CO., LTD.","臺中市大甲區中山里水源路318號","No. 318, Shuiyuan Rd., Zhongshan Vil., Dajia Dist., Taichung City 43742, Taiwan (R.O.C.)","康O騰","04-26874837","","有","有"
"56719139","20170712","20210811","翔盛麵粉加工廠","XIANGSHENG FOOD CO., LTD.","臺中市外埔區廍子里土城路３６７號","No. 367, Tucheng Rd., Waipu Dist., Taichung City 43866, Taiwan (R.O.C.)","江O毅","04-26836262","04-26836038","有","有"
"56719503","20050310","20210812","嘉祥塑膠工廠","JEA-SHYANG FACTORY","臺中市龍井區忠和里工業路188巷12號","No. 12, Ln. 188, Gongye Rd., Zhonghe Vil., Longjing Dist., Taichung City 43445, Taiwan (R.O.C.)","謝O河","04-26391466","04-26398648","有","有"
"56719551","19911127","20230329","亨兆實業股份有限公司","HENG CHAO ENTERPRISE CO., LTD.","臺中市龍井區新庄里中沙路新庄仔巷1號","No. 1, Xinzhuangzai Ln., Zhongsha Rd., Xinzhuang Vil., Longjing Dist., Taichung City 434006, Taiwan (R.O.C.)","黃O照滿","04-26312355","04-26316780","有","有"
"56719594","19940630","20230217","榮洽股份有限公司","ZONG CHIAH CORP.","臺中市龍井區忠和里臨港路二段10號","No. 10, Sec. 2, Lingang Rd., Zhonghe Vil., Longjing Dist., Taichung City 434011, Taiwan (R.O.C.)","陳O哲","046-393387","","有","有"
"56719644","19881207","20230414","駿諺精機股份有限公司","CHUN YEN TESTING MACHINES CO., LTD.","臺中市龍井區忠和里蚵寮路329號1樓","1 F., No. 329, Keliao Rd., Zhonghe Vil., Longjing Dist., Taichung City 434011, Taiwan (R.O.C.)","吳O生","04-26391141","04-26392354","有","有"
"56720023","19870415","20210814","程盛機械股份有限公司","CHERISHING MACHINES COMPANY LTD.","臺中市大安區福住里東西5路二段220巷9號","No. 9, Ln. 220, Sec. 2, Dongxi 5th Rd., Fuzhu Vil., Da’an Dist., Taichung City 43963, Taiwan (R.O.C.)","陳O達","04-26888738","","有","有"
"56800243","19850611","20230309","帝瑋機械股份有限公司","D-WAY MACHINERY CO., LTD.","臺中市神岡區中山路667巷34號","No. 34, Ln. 667, Zhongshan Rd., Shengang Dist., Taichung City 429010, Taiwan (R.O.C.)","林O良","04-25652468","04-25652457","有","有"
"56800454","20220805","20220805","峰顥農產有限公司","Fong Hao Co.,Ltd","彰化縣線西鄉寓埔村中華路577巷390弄35號1樓","1 F., No. 35, Aly. 390, Ln. 577, Zhonghua Rd., Xianxi Township, Changhua County 507001, Taiwan (R.O.C.)","蘇O銓","0918800325","","有","有"
"56800503","20180315","20240905","東港強海鮮股份有限公司","Tung Kang Strong Seafood CO., LTD.","屏東縣東港鎮船頭里船頭路27之55號","No. 27-55, Chuantou Rd., Chuantou Vil., Donggang Township, Pingtung County 928011, Taiwan (R.O.C.)","陳O宏","0906959992","","有","有"
"56800644","20061201","20230222","宗松實業股份有限公司","ZHONG SONG ENTERPRISE CO., LTD.","臺中市大雅區上楓里楓林街255號","No. 255, Fenglin St., Shangfeng Vil., Daya Dist., Taichung City 428009, Taiwan (R.O.C.)","張O賢","04-25229670","04-25247043","有","有"
"56800784","20170809","20210815","璟錩科技有限公司","JING CHANG TECHNOLOGY CO., LTD.","新竹市東區東南街229號1樓","1 F., No. 229, Dongnan St., East Dist., Hsinchu City 30062, Taiwan (R.O.C.)","王O德","03-5383946","","有","有"
"56801067","20061211","20230321","理碁塑膠工業股份有限公司","RICH PLASTICS INDUSTRIAL CO., LTD.","臺中市神岡區中山路667巷87之6號","No. 87-6, Ln. 667, Zhongshan Rd., Shengang Dist., Taichung City 429010, Taiwan (R.O.C.)","林O芬","04-25628868","04-25627200","有","有"
"56801284","20170808","20210816","塞席爾商利沛股份有限公司台灣分公司","GP GLOBAL CO., LTD. TAIWAN BRANCH (SEYCHELLES)","臺北市大安區敦化南路二段97號2樓","2 F., No. 97, Sec. 2, Dunhua S. Rd., Da’an Dist., Taipei City 10682, Taiwan (R.O.C.)","唐O華TANG,XINHUA","02-77111058","","無","無"
"56801340","20240423","20240423","富新行有限公司","Fuxin Limited Company","彰化縣溪湖鎮光平里行政街249號2樓","2 F., No. 249, Xingzheng St., Guangping Vil., Xihu Township, Changhua County 514013, Taiwan (R.O.C.)","沈O男","04-8853075","04-8659720","有","有"
"56801453","19850130","20221215","寶佑股份有限公司","BAO-YOW CORP.","臺中市豐原區北陽里南陽路綠山巷一二二弄五三號","No. 53, Aly. 122, Lushan Ln., Nanyang Rd., Beiyang Vil., Fengyuan Dist., Taichung City 420075, Taiwan (R.O.C.)","趙O毅","04-25201118","04-25224465","無","無"
"56801593","20180112","20210815","衍昌科技有限公司","INCAVO Ltd.","新竹縣竹北市泰和里新泰路80號7樓","7 F., No. 80, Xintai Rd., Taihe Vil., Zhubei City, Hsinchu County 30252, Taiwan (R.O.C.)","林O","03-6585343","03-6585343","有","有"
"56801714","20170731","20210812","弘昇工業社","HONG SHENG PRECISION MAKING CO.","臺中市潭子區栗林里豐栗路１００巷４７弄２８號２樓","2 F., No. 28, Aly. 47, Ln. 100, Fengli Rd., Lilin Vil., Tanzi Dist., Taichung City 42754, Taiwan (R.O.C.)","羅O忍","04-25340389","04-25328802","有","有"
"56801806","20190911","20230407","風向行銷有限公司","Windtrend Co., Ltd.","新竹縣峨眉鄉湖光村11鄰湖農新邨23號","No. 23, Hunong New Vil., 11th Neighborhood, Huguang Vil., Emei Township,  Hsinchu County 315, Taiwan (R.O.C.)","徐O容","03-5772750","03-5775543","有","有"
"56801876","20080813","20240927","三洋企業社","SANYO INDUSTRIAL CUTTERS-MAKING CO.","臺中市神岡區社南里中山路667巷26弄12號","No. 12, Aly. 26, Ln. 667, Zhongshan Rd., Shenan Vil., Shengang Dist., Taichung City 42950, Taiwan (R.O.C.)","林O梅","04-25634912","04-25634907","有","有"
"56801904","20170816","20241121","新加坡商蝦皮娛樂電商有限公司台灣分公司","SHOPEE TAIWAN SINGAPORE PRIVATE LIMITED TAIWAN BRANCH","臺北市信義區忠孝東路四段555號17樓","17 F., No. 555, Sec. 4, Zhongxiao E. Rd., Xinyi Dist., Taipei City 110055, Taiwan (R.O.C.)","胡O嘉Hu,YuChia","02-6636-6559","","有","有"
"56801952","20170825","20210816","薩摩亞商高鼎貿易股份有限公司台灣分公司","(SAMOA) KAO DING TRADING CO., LTD. TAIWAN BRANCH","臺北市大同區建泰里16鄰長安西路117號5樓之1","5F.-1, No. 117, Chang’an W. Rd., 16th Neighborhood, Jiantai Vil., Datong Dist., Taipei City 10355, Taiwan (R.O.C.)","楊O凱YANG,TUN-KAI","0988012156","","無","無"
"56802214","19880107","20250322","山貿機械廠有限公司","SAN MAO MACHINERY CO., LTD.","臺中市豐原區三村里西勢路599號2樓","2 F., No. 599, Xishi Rd., Sancun Vil., Fengyuan Dist., Taichung City 420017, Taiwan (R.O.C.)","邱O婷","04-25262003","04-25264970","有","有"
"56802241","20170816","20221123","新加坡商競舞電競有限公司臺灣分公司","Garena Technology Singapore Private Limited Taiwan Branch","臺北市信義區松高路11號16樓","16 F., No. 11, Songgao Rd., Xinyi Dist., Taipei City 110206, Taiwan (R.O.C.)","胡O嘉Hu,YuChia","6636-8500","","有","有"
"56802381","19850909","20220928","貝特機械股份有限公司","CO-MATIC MACHINERY COMPANY LTD.","臺中市后里區公館里三豐路五段515號2樓","2 F., No. 515, Sec. 5, Sanfeng Rd., Gongguan Vil., Houli Dist., Taichung City 421016, Taiwan (R.O.C.)","黃O蘭","04-5567105-8","04-25567109","有","有"
"56802397","20011204","20230630","新山塑膠工業股份有限公司","SUN SHINE PLASTICS INDUSTTRIAL CO., LTD.","臺中市豐原區北湳里大順街8巷159號","No. 159, Ln. 8, Dashun St., Beinan Vil., Fengyuan Dist., Taichung City 420002, Taiwan (R.O.C.)","劉O珍","04-25223772","04-25278272","有","有"
"56802447","19910529","20210814","宏鑫運動器具工業有限公司","FENG HSIN SPORTING CO., LTD.","臺中市豐原區西湳里豐工路318巷198號","No. 198, Ln. 318, Fenggong Rd., Xinan Vil., Fengyuan Dist., Taichung City 42086, Taiwan (R.O.C.)","高O甄","04-25242245","","有","有"
"56802609","19900818","20210814","千麗工業股份有限公司","CHAINLY INDUSTRY CO., LTD.","臺中市豐原區南嵩里水源路北坑巷6號","No. 6, Beikeng Ln., Shuiyuan Rd., Nansong Vil., Fengyuan Dist., Taichung City 42078, Taiwan (R.O.C.)","吳O吉","04-25151112","04-25150822","有","有"
"56802805","20191002","20210814","星富發工程有限公司","XING FUFA ENGINEERING CO., LTD.","彰化縣北斗鎮西德里舜耕路4之54巷7號","No. 7, Ln. 4---54, Shungeng Rd., Xide Vil., Beidou Township, Changhua County 52142, Taiwan (R.O.C.)","鄭O星","0937796763","","有","有"
"56802875","19860721","20230113","登揚工業股份有限公司","LASER ART INDUSTRIAL CO., LTD.","臺中市大雅區大楓里昌平路四段295號","No. 295, Sec. 4, Changping Rd., Dafeng Vil., Daya Dist., Taichung City 428002, Taiwan (R.O.C.)","張O星","04-25235095","","有","有"
"56803121","20170808","20210815","品瓚國際有限公司","PIN ZAN INTERNATIONAL CO., LTD.","桃園市蘆竹區長興里南工路一段66號、66之1號、66之2號","No. 66, Sec. 1, Nangong Rd., Changxing Vil., Luzhu Dist., Taoyuan City 33855, Taiwan (R.O.C.)","彭O軍","03-3020873","03-3020892","有","有"
"56803207","20050603","20240103","清聖企業社","CHING SHENG CHI YEH SHE CO.","臺中市豐原區朴子里朴子街260巷90號","No. 90, Ln. 260, Puzi St., Puzi Vil., Fengyuan Dist., Taichung City 420072, Taiwan (R.O.C.)","洪O陽","04-25268807","04-25287260","有","有"
"56803277","20220602","20220602","順政機械有限公司","Shunzheng Machinery Co., Ltd.","嘉義縣水上鄉水上村正義路219號四樓","4F., NO. 219, ZHENGYI RD., SHUISHANG TOWNSHIP, CHIAYI COUNTY 608, TAIWAN (R.O.C.)","黃O順","052601339","","有","有"
"56803305","20170816","20230224","一亨國際企業有限公司","YI-HENG FORTUNE INTERNATIONAL CO., LTD.","屏東縣屏東市新興里新興街212巷51號1樓","1 F., No. 51, Ln. 212, Xinxing St., Xinxing Vil., Pingtung City, Pingtung County 900043, Taiwan (R.O.C.)","郭O鵬","","","有","有"
"56803353","20170829","20210815","祥昊精密有限公司","XIANG HAO PRECISION CO. LTD.","彰化縣彰化市和調里中山路三段121巷30號一樓","1 F., No. 30, Ln. 121, Sec. 3, Zhongshan Rd., Hediao Vil., Changhua City, Changhua County 50075, Taiwan (R.O.C.)","劉O埠","04-7200129","04-7229852","有","有"
"56803706","20041229","20210815","吉輝鋁業股份有限公司","CHI HUI ALUMINUM CO., LTD.","臺中市潭子區東寶里民族路一段332號","No. 332, Sec. 1, Minzu Rd., Dongbao Vil., Tanzi Dist., Taichung City 42756, Taiwan (R.O.C.)","鄭O繼","04-25336518","04-25313202","有","有"
"56803754","20170802","20210815","濎通科技股份有限公司","Vertexcom Technologies, Inc.","新竹縣竹北市台元二街1號3樓之9","3F.-9, No. 1, Taiyuan 2nd St., Zhubei City, Hsinchu County 30288, Taiwan (R.O.C.)","李O賢","03-5601431","03-5601449","無","無"
"56803797","20170818","20220407","有田有閑有限公司","EDYLLICO CO., LTD.","新竹市香山區牛埔南路13號","No. 13, Niupu S. Rd., Xiangshan Dist., Hsinchu City 30091, Taiwan (R.O.C.)","郭O瑜","0922281103","","有","有"
"56803847","19880809","20230330","海揚工業股份有限公司","OCEAN H&Y MACHINE CO., LTD.","臺中市豐原區東陽里東陽路69巷25號","No. 25, Ln. 69, Dongyang Rd., Dongyang Vil., Fengyuan Dist., Taichung City 420075, Taiwan (R.O.C.)","何O傑","045-271962","239000","有","有"
"56803868","19981113","20210812","佳政企業股份有限公司","CHIA JENGS ENTERPRISE CO., LTD.","臺中市大雅區神林路一段171巷6號","No. 6, Ln. 171, Sec. 1, Shenlin Rd., Daya Dist., Taichung City 42865, Taiwan (R.O.C.)","林O柏","04-25671857","04-25668186","有","有"
"56804542","20030707","20230422","潤太板金工業股份有限公司","ZENTI SHEET METAL TECHNICAL CO., LTD.","臺中市石岡區萬安里仁愛街12之1號","No. 12-1, Ren’ai St., Wan’an Vil., Shigang Dist., Taichung City 422002, Taiwan (R.O.C.)","羅O墩","04-2572-3003","04-2572-3624","有","有"
"56804640","19850805","20210812","盈發木業股份有限公司","EN-FA WOODCRAFT INCORPORATED","臺中市石岡區九房里明德路151號1樓","1 F., No. 151, Mingde Rd., Jiufang Vil., Shigang Dist., Taichung City 42265, Taiwan (R.O.C.)","張O貴","04-25721128","04-25721147","有","有"
"56804803","20001017","20210813","鎮裕實業有限公司","JENN YUH ENTERPRISE CO., LTD.","臺中市豐原區豐勢路一段577巷16號","No. 16, Ln. 577, Sec. 1, Fengshi Rd., Fengyuan Dist., Taichung City 42085, Taiwan (R.O.C.)","謝O慧","04-25299508","04-25270955","有","有"
"56804965","19960302","20250617","勇強電機工業股份有限公司","SAN KOUN ELECTRIC CO., LTD.","臺中市后里區聯合里三重二路200巷22號","No. 22, Ln. 200, Sanchong 2nd Rd., Lianhe Vil., Houli Dist., Taichung City 42148, Taiwan (R.O.C.)","詹O竣","04-25562783","04-25568250","有","有"
"56804992","20170822","20241206","美琪蘭業股份有限公司","MEI CHI ORCHIDS CO., LTD.","彰化縣永靖鄉永南村永西路101號","NO. 101, YONGXI RD., YONGJING TOWNSHIP, CHANGHUA COUNTY 512, TAIWAN (R.O.C.)","蘇O雯","04-8240749","","有","有"
"56805198","20180801","20230223","雅信實業股份有限公司","Yaxin-pack Inc.","臺中市大雅區橫山里永和路11號","No. 11, Yonghe Rd., Hengshan Vil., Daya Dist., Taichung City 428014, Taiwan (R.O.C.)","張O誠","04-25669673","04-25676117","有","有"
"56805227","19860430","20210815","銘建精機股份有限公司","MING-KEN PRECISION CO., LTD.","臺中市大雅區四德里中山八路85號","No. 85, Zhongshan 8th Rd., Side Vil., Daya Dist., Taichung City 42841, Taiwan (R.O.C.)","黃O楨","04-25667575","","有","有"
"56805423","20180201","20231122","聚刻國際有限公司","Epoch dealer international CO., LTD","桃園市中壢區興南里中美路一段18號15樓之16","15 F.-16, No. 18, Sec. 1, Zhongmei Rd., Xingnan Vil., Zhongli Dist., Taoyuan City 320576, Taiwan (R.O.C.)","黃O舜","09-87044109","","有","有"
"56805795","20180103","20210815","大田農產有限公司","Daejeon Agriculture Co., Ltd.","彰化縣芳苑鄉新生村新復路二段489號","No. 489, Sec. 2, Xinfu Rd., Fangyuan Township, Changhua County 52859, Taiwan (R.O.C.)","許O佩","04-8863788","04-8863789","有","有"
"56805845","19981126","20241024","申偉皮業有限公司","SHEN WEI LEATHER INDUSTRIAL CO., LTD.","臺中市豐原區翁明里東北街285巷10弄27號","No. 27, Aly. 10, Ln. 285, Dongbei St., Wengming Vil., Fengyuan Dist., Taichung City 42060, Taiwan (R.O.C.)","彭O晟","04-25239918","","有","有"
"56805958","20171016","20241023","大陸商深圳瑞葳科技有限公司台灣分公司","RUIWEI TECHNOLOGY INTERNATIONAL (SZ) LIMITED.,TAIWAN BRANCH (CHINA)","臺北市中山區松江路220號9樓","9 F., No. 220, Songjiang Rd., Zhongshan Dist., Taipei City 104422, Taiwan (R.O.C.)","洪O慶","0933-898883","","有","有"
"56806632","19930811","20230309","元勝工業股份有限公司","YUANG SHING INDUSTRY CO., LTD.","臺中市神岡區山皮里和平路34之10號","No. 34-10, Heping Rd., Shanpi Vil., Shengang Dist., Taichung City 429011, Taiwan (R.O.C.)","林O成","045-242397","","有","有"
"56806653","19860428","20230421","寶億工業股份有限公司","PAO YEAR INDUSTRIAL CO., LTD.","臺中市神岡區社南里中山路851巷12號","No. 12, Ln. 851, Zhongshan Rd., Shenan Vil., Shengang Dist., Taichung City 429003, Taiwan (R.O.C.)","蘇O添","045-223669","","有","有"
"56806696","20060208","20210812","和生工業社","HOSHA CO.","臺中市后里區墩西里中山路下角巷６號１樓","1 F., No. 6, Xiajiao Ln., Zhongshan Rd., Dunxi Vil., Houli Dist., Taichung City 42150, Taiwan (R.O.C.)","張O敏","04-25565873","","有","有"
"56806990","19850527","20221217","宗暐膠業股份有限公司","TZUNG WEI CO., LTD.","臺中市豐原區豐田里豐南街92巷216號","No. 216, Ln. 92, Fengnan St., Fengtian Vil., Fengyuan Dist., Taichung City 420012, Taiwan (R.O.C.)","黃O宗","045-326656","","無","無"
"56807040","19850328","20210815","鋁台精機廠股份有限公司","ZITAI PRECISION MACHINERY CO., LTD.","臺中市神岡區新庄里溪頭路172號","No. 172, Xitou Rd., Xinzhuang Vil., Shengang Dist., Taichung City 42953, Taiwan (R.O.C.)","湛O潤","04-25611858","04-25611862","有","有"
"56807230","20170807","20210816","英屬開曼群島商建保精密科技股份有限公司台灣分公司","KENPOL PRECISION TECHNOLOGY INC., TAIWAN BRANCH (CAYMAN)","新北市新莊區中正路661號7樓","7 F., No. 661, Zhongzheng Rd., Xinzhuang Dist., New Taipei City 24257, Taiwan (R.O.C.)","吳O興WU,Chun-Hsin","","","有","有"
"56807479","19931001","20210812","臻優企業有限公司","JEN IOU ENTERPRISE CO., LTD.","臺中市潭子區栗林里中山路三段465號","No. 465, Sec. 3, Zhongshan Rd., Lilin Vil., Tanzi Dist., Taichung City 42754, Taiwan (R.O.C.)","劉O雪","04-25395588","","有","有"
"56807490","20170824","20210814","昕能國際有限公司","AUSNESS INTERNATIONAL CO., LTD.","苗栗縣頭屋鄉頭屋村19鄰中華街1巷21號","No. 21, Ln. 1, Zhonghua St., 19th Neighborhood, Touwu Township, Miaoli County 36241, Taiwan (R.O.C.)","温O成","09-31605313","","有","有"
"56807554","20170821","20230315","鼎烽實業有限公司","DING WIND INDUSTRIAL CO., LTD.","臺中市北區頂厝里進化北路238號10樓之3","10 F.-3, No. 238, Jinhua N. Rd., Dingcuo Vil., North Dist., Taichung City 404507, Taiwan (R.O.C.)","洪O鑫","049-2393355","049-2393377","有","有"
"56807668","20070511","20241122","菖廣紙業股份有限公司","Chang Goang Paper Corporation","桃園市八德區瑞豐里豐吉路225號","No. 225, Fengji Rd., Ruifeng Vil., Bade Dist., Taoyuan City 334009, Taiwan (R.O.C.)","何O擇","02-26187238","02-26187237","有","有"
"56807702","19870127","20230221","昱元機械工業有限公司","IUE YEUAN MACHINERY CO., LTD.","臺中市豐原區翁明里圓環北路二段317巷9弄16號","No. 16, Aly. 9, Ln. 317, Sec. 2, Yuanhuan N. Rd., Wengming Vil., Fengyuan Dist., Taichung City 420009, Taiwan (R.O.C.)","廖O竑","04-25261866","04-25262781","有","有"
"56807745","20171018","20210814","台灣百利种苗有限公司","Taiwan Bailing seed&seeding Co., Ltd.","嘉義縣朴子市大葛里吉祥五街東段16號","No. 16, Sec. E., Jixiang 5th St., Dage Vil., Puzi City, Chiayi County 61363, Taiwan (R.O.C.)","曾O寶","05-3625685","","有","有"
"56807822","20110922","20230310","鼎霖企業股份有限公司","TING LIN ENTERPRISE CO., LTD.","臺中市潭子區潭陽里福貴路452巷9號","No. 9, Ln. 452, Fugui Rd., Tanyang Vil., Tanzi Dist., Taichung City 427019, Taiwan (R.O.C.)","林O彩雲","04-25370980","04-25369566","無","無"
"56807941","19920430","20210815","承興彩色紙器股份有限公司","CHEN SHIN COLOR PRINTING CO., LTD.","臺中市神岡區圳前里中山路1720巷13號","No. 13, Ln. 1720, Zhongshan Rd., Zunqian Vil., Shengang Dist., Taichung City 42951, Taiwan (R.O.C.)","林O洲","04-25621148","04-25620380","有","有"
"56808337","19880530","20230324","弘享工業股份有限公司","HOON HSIANG INDUSTRIAL CO., LTD.","臺中市豐原區朴子里國豐路3段100巷32號","No. 32, Ln. 100, Sec. 3, Guofeng Rd., Puzi Vil., Fengyuan Dist., Taichung City 420072, Taiwan (R.O.C.)","曾O昌","04-25284543","04-25284491","有","有"
"56808580","19880614","20210813","中鞋實業有限公司","CHUNG SHYE INDUSTRIAL CO., LTD.","臺中市潭子區嘉仁里嘉豐路432巷18號","No. 18, Ln. 432, Jiafeng Rd., Jiaren Vil., Tanzi Dist., Taichung City 42741, Taiwan (R.O.C.)","劉O帆","04-25367951","04-25377432","有","有"
"56808596","20020904","20230414","帝懋塑膠股份有限公司","DEEMARK PLASTIC CO., LTD.","臺中市神岡區庄後里溝心路51之2號","No. 51-2, Gouxin Rd., Zhuanghou Vil., Shengang Dist., Taichung City 429012, Taiwan (R.O.C.)","王O民","04-25611566","04-25289665","有","有"
"56808836","20170815","20240614","宏遠電子股份有限公司","HUNG YUAN ELECTRONIC CO., LTD.","新竹市東區新莊里新莊街93號","No. 93, Xinzhuang St., Xinzhuang Vil., East Dist., Hsinchu City 300051, Taiwan (R.O.C.)","","0933-635524","","無","無"
"56808863","20000316","20210813","易隆特殊鋼材有限公司","YI LONG SPECIAL STEEL CO., LTD.","臺中市豐原區圓環北路二段218號","No. 218, Sec. 2, Yuanhuan N. Rd., Fengyuan Dist., Taichung City 42049, Taiwan (R.O.C.)","廖O義","04-25265796","04-25274558","有","有"
"56808929","20170818","20210813","台灣視貝股份有限公司","SEEBEST TAIWAN CO., LTD.","新竹市東區關東里光復路一段354巷10號1樓","1 F., No. 10, Ln. 354, Sec. 1, Guangfu Rd., Guandong Vil., East Dist., Hsinchu City 30072, Taiwan (R.O.C.)","曹O煇","03-6686022","","無","無"
"56808998","19850719","20230314","層峰企業股份有限公司","TREFFEN CORPORATION","臺中市豐原區南陽里圓環東路380號","No. 380, Yuanhuan E. Rd., Nanyang Vil., Fengyuan Dist., Taichung City 420011, Taiwan (R.O.C.)","賴O玲","04-25238915","","有","有"
"56809075","20220831","20220831","玉米三巷股份有限公司","Corn Alley Co., Ltd.","屏東縣長治鄉繁榮村玉米三巷39號1樓","1 F., No. 39, Yumi 3rd Ln., Changzhi Township, Pingtung County 908126, Taiwan (R.O.C.)","王O如","08-7629132","08-7627248","有","有"
"56809223","20170915","20230317","元儀科技有限公司","UAE TECHNOLOGY CO., LTD.","新竹縣竹北市鹿場里2鄰成功一街83號二樓","2F., No. 83, Chenggong 1st St., 2nd Neighborhood, Luchang Vil., Zhubei City,  Hsinchu County 302, Taiwan (R.O.C.)","林O怡","03-5506330","","有","有"
"56809363","20170807","20230111","羽思騰有限公司","YU SIH TENG BADMINTON CO., LTD.","彰化縣溪湖鎮中山里大溪路一段619巷33弄33號","No. 33, Aly. 33, Ln. 619, Sec. 1, Daxi Rd., Zhongshan Vil., Xihu Township, Changhua County 514012, Taiwan (R.O.C.)","張O慈","04-8858716","04-8818148","有","有"
"56809455","19921013","20230224","泳誠股份有限公司","YEUN CHENN CO., LTD.","臺中市豐原區三和路310巷1號","No. 1, Ln. 310, Sanhe Rd., Fengyuan Dist., Taichung City 420017, Taiwan (R.O.C.)","黃O鋒","045-322928","","有","有"
"56809785","20170823","20230111","一茶一味有限公司","TEAROMA CO., LTD.","南投縣魚池鄉新城村香茶巷5號","No. 5, Xiangcha Ln., Xincheng Vil., Yuchi Township,  Nantou County 555001, Taiwan (R.O.C.)","陳O權","","0492895857","有","有"
"56809820","20171002","20210812","八百長春農技有限公司","EIGHT HUNDRED CHANGCHUN AGRICULTURAL TECHNOLOGY CO., LTD.","苗栗縣大湖鄉靜湖村民族路46號1樓","1 F., No. 46, Minzu Rd., Dahu Township, Miaoli County 36441, Taiwan (R.O.C.)","彭O鴻","037-665758","","有","有"
"56809862","20190214","20250418","海博材料科技股份有限公司","Hai-Bo Advance Chem-Materisals Co., Ltd.","新竹縣竹東鎮旭光一路211號12樓","12 F., No. 211, Xuguang 1st Rd., Zhudong Township, Hsinchu County 310647, Taiwan (R.O.C.)","簡O怡","03-6588571","","有","有"
"56810039","20040826","20210814","峻誠實業有限公司","JIUN CHENG INDUSTRIAL CO., LTD.","臺中市潭子區潭陽里圓通南路一一四巷三四號","No. 34, Ln. 114, Yuantong S. Rd., Tanyang Vil., Tanzi Dist., Taichung City 42757, Taiwan (R.O.C.)","林O娜","04-25376238","","有","有"
"56810066","20170810","20210814","浩綸科技股份有限公司","HAO LUN TECH CO., LTD.","雲林縣斗六市鎮西里雲林路二段40巷8-1號1樓","1 F., No. 8-1, Ln. 40, Sec. 2, Yunlin Rd., Zhenxi Vil., Douliu City, Yunlin County 64041, Taiwan (R.O.C.)","鄭O安","0953-371424","","有","有"
"56810381","20170804","20240309","上洋國際水產有限公司","SHANGYANG INTERNATIONAL AQUATIC PRODUCTS CO., LTD.","屏東縣東港鎮興農里環美二街13號一樓","1 F., No. 13, Huanmei 2nd St., Xingnong Vil., Donggang Township, Pingtung County 92841, Taiwan (R.O.C.)","","0927211895","","無","無"
"56810538","20170818","20210814","瓦石家居股份有限公司","WAZSTONE CO., LTD","彰化縣彰化市延平里寶山路126巷5弄16號1樓","1 F., No. 16, Aly. 5, Ln. 126, Baoshan Rd., Yanping Vil., Changhua City, Changhua County 50074, Taiwan (R.O.C.)","陳O庭","04-7113499","","有","有"
"56810565","19850417","20230321","日鼎木業股份有限公司","RYH DING WOOD INDUSTRY CO., LTD.","臺中市豐原區成功路133巷20弄25號1樓","1 F., No. 25, Aly. 20, Ln. 133, Chenggong Rd., Fengyuan Dist., Taichung City 420013, Taiwan (R.O.C.)","林O義","04-25633983","","有","有"
"56810684","20200521","20220505","鄉林管理顧問股份有限公司","Shine Management Consulting Co., Ltd.","新北市三重區重陽路1段89號7樓之3","7F.-3, No. 89, Sec. 1, Chongyang Rd., Sanchong Dist., New Taipei City 24161, Taiwan (R.O.C.)","陳O黛","02-22421822","","有","有"
"56810848","20170821","20210814","生輝氣動工具有限公司","SHENG HUI AIR TOOLS CO., LTD.","嘉義縣中埔鄉和美村永樂新村351號1樓","1 F., No. 351, Yonglexincun, Zhongpu Township, Chiayi County 60650, Taiwan (R.O.C.)","徐O玉英","05-3713360","","有","有"
"56810853","19920520","20230425","喬茂精模工業股份有限公司","CHYAU MAW PRECISION DIE INDUSTRY CO., LTD.","臺中市潭子區新田里豐興路二段418號","No. 418, Sec. 2, Fengxing Rd., Xintian Vil., Tanzi Dist., Taichung City 427217, Taiwan (R.O.C.)","林O榮","04-2538-0611","04-2538-0612","有","有"
"56811255","20171006","20250415","蔚來美好生活服務股份有限公司","Infinitoblu Co., LTD.","彰化縣花壇鄉中山路一段7-17號","No. 7-17, Sec. 1, Zhongshan Rd., Huatan Township, Changhua County 503001, Taiwan (R.O.C.)","張O閔","04-7874837","","有","有"
"56811369","20221228","20221228","焜耀金屬有限公司","KUN-YAO Metal Co., LTD.","彰化縣鹿港鎮頂番里埤頭巷27-15號","No. 27-15, Pitou Ln., Dingfan Vil., Lukang Township, Changhua County 505003, Taiwan (R.O.C.)","謝O隆","047710319","","有","有"
"56811614","19850906","20230418","翰辰企業股份有限公司","HAN CHEN FOOTWEAR CO., LTD.","臺中市神岡區圳前里中山路1604號1樓","1 F., No. 1604, Zhongshan Rd., Zunqian Vil., Shengang Dist., Taichung City 429015, Taiwan (R.O.C.)","陳O福","04-25628066","04-25620876","有","有"
"56812085","20180410","20210814","蘭潭泛月嘉南行館有限公司","LANTAN MOONLIGHT HOTEL CO., LTD.","嘉義市東區長竹里潭頂路82號3-4樓","Rm. 4, 3 F., No. 82, Tanding Rd., Changzhu Vil., East Dist., Chiayi City 60076, Taiwan (R.O.C.)","黃O彰","0982959256","","有","有"
"56812114","20170811","20250521","盈太有限公司","YIN THAI CO., LTD.","彰化縣埔鹽鄉南港村埔菜路4-1號","No. 4-1, Pucai Rd., Nangang Vil., Puyan Township,  Changhua County 516021, Taiwan (R.O.C.)","鄞O松","04-8822612","04-8828986","有","有"
"56812424","19960216","20230310","艾樂跑企業股份有限公司","AY LUOH PAO ENTERPRISE CO., LTD.","臺中市北屯區同榮里昌平路三段77號1樓","1 F., No. 77, Sec. 3, Changping Rd., Tongrong Vil., Beitun Dist., Taichung City 406042, Taiwan (R.O.C.)","羅O益","04-24227255","04-24227536","有","有"
"56812536","19850801","20210814","興春鞋業有限公司","MARU CHUEN CORP.","臺中市后里區泉州路25之10號","No. 25-10, Quanzhou Rd., Houli Dist., Taichung City 42142, Taiwan (R.O.C.)","張O成","04-25573015","04-25573158","有","有"
"56812563","19850601","20230308","芊卉種苗股份有限公司","FLORA SEED & SPROUT CO., LTD.","臺中市后里區舊社里三重中路128號","No. 128, Sanchong Central Rd., Jiushe Vil., Houli Dist., Taichung City 421008, Taiwan (R.O.C.)","黃O建","04-25561580","04-25579783","有","有"
"56812901","19900411","20230313","諺慶興業股份有限公司","SSUPOU ENTERPRISE CO., LTD.","臺中市豐原區南嵩里水源路115巷50號","No. 50, Ln. 115, Shuiyuan Rd., Nansong Vil., Fengyuan Dist., Taichung City 420084, Taiwan (R.O.C.)","張O宗","04-25221116","","有","有"
"56813015","19890425","20250422","子元工業股份有限公司","TZU YEN INDUSTRIAL CO., LTD.","臺中市神岡區神洲里神洲路506巷101號","No. 101, Ln. 506, Shenzhou Rd., Shenzhou Vil., Shengang Dist., Taichung City 429002, Taiwan (R.O.C.)","張O海","045-328299","","有","有"
"56813090","20170811","20210814","鉅鑫資產管理顧問有限公司","JX A. M. CO., LTD.","南投縣草屯鎮玉峰里自由街55號9樓之12","9F.-12, No. 55, Ziyou St., Yufeng Vil., Caotun Township, Nantou County 54242, Taiwan (R.O.C.)","謝O青","04-22620259","04-24873205","有","有"
"56813269","20231031","20240123","鋒育有限公司","Feng Yu Industrial Limited Company","高雄市鳳山區文清街130號2樓","2 F., No. 130, Wenqing St., Fengshan Dist., Kaohsiung City 830014, Taiwan (R.O.C.)","宋O菱","07-7803438","","有","有"
"56813486","20170810","20210814","安立達貿易有限公司","AN LIDA TRADING CO., LTD.","苗栗縣頭份市新華里2鄰大成街12號2樓","2 F., No. 12, Dacheng St., 2nd Neighborhood, Xinhua Vil., Toufen City, Miaoli County 35152, Taiwan (R.O.C.)","陳O乾","0937-510165","","有","有"
"56813612","20170810","20210814","健森股份有限公司","HEALTHY JASON CO., LTD.","高雄市苓雅區成功一路232號5樓之2","5F.-2, No. 232, Chenggong 1st Rd., Lingya Dist., Kaohsiung City 80249, Taiwan (R.O.C.)","胡O文","07-2693721","07-2693722","有","有"
"56814226","19880405","20221014","韻光機械工業股份有限公司","CYCLEMATIC MACHINERY CO., LTD.","臺中市神岡區社南里民生路50巷20號","No. 20, Ln. 50, Minsheng Rd., Shenan Vil., Shengang Dist., Taichung City 429010, Taiwan (R.O.C.)","張O雄","04-25625393","","有","有"
"56814247","19941118","20230303","煜洲企業股份有限公司","E-GEO INDUSTRY CO., LTD.","臺中市神岡區社南里民生路50巷18號","No. 18, Ln. 50, Minsheng Rd., Shenan Vil., Shengang Dist., Taichung City 429010, Taiwan (R.O.C.)","張O雄","045-629333","04-25612242","有","有"
"56814561","19861015","20210813","松誼實業股份有限公司","SHOW EACH INDUSTRY CO., LTD.","臺中市豐原區翁社里豐年路139巷49號","No. 49, Ln. 139, Fengnian Rd., Wengshe Vil., Fengyuan Dist., Taichung City 42085, Taiwan (R.O.C.)","劉O芳","04-25235479","04-25247685","有","有"
"56900019","20170831","20230303","朕翊有限公司","PROGOSHA LTD.","新竹市東區中央路２７８號二樓","2F., NO. 278, ZHONGYANG RD., EAST DIST., HSINCHU CITY 300005, TAIWAN (R.O.C.)","費O玲","02-89672057","02-89672053","有","有"
"56901468","20180808","20210812","今暉實業社","ChinHui K.W. Co.","臺南市安南區塭南里長和路2段12巷323弄72號1樓","1 F., No. 72, Aly. 323, Ln. 12, Sec. 2, Changhe Rd., Wennan Vil., Annan Dist., Tainan City 70965, Taiwan (R.O.C.)","吳O鳳","06-3556554","06-3560895","有","有"
"56901811","20200821","20210814","蒂雅羅國際餐飲股份有限公司","TIARO INTERNATIONAL CATERING CO., LTD.","新竹市光復路二段808號","No. 808, Sec. 2, Guangfu Rd., East Dist., Hsinchu City 30071, Taiwan (R.O.C.)","薛O徽","03-5351599","","有","有"
"56901994","20020917","20230421","吉祥藥局","JIXIANG STORE","臺南市南區文南里文南路101號1樓","1 F., No. 101, Wennan Rd., Wennan Vil., South Dist., Tainan City 702013, Taiwan (R.O.C.)","蔡O隆","06-2632853","","有","有"
"56903064","20201012","20241025","康樺國際生物科技股份有限公司","Kang Hua International Biotechnology Co.","南投縣草屯鎮中山里碧山路192號","No. 192, Bishan Rd., Zhongshan Vil., Caotun Township, Nantou County 54263, Taiwan (R.O.C.)","賴O恩","049-2365079","049-2365079","有","有"
"56904330","20200604","20240425","愛恩特科技有限公司","Fustenber Medical co., Ltd.","嘉義縣溪口鄉疊溪村下員林115號1樓","1F., No. 115, Xiayuanlin, Diexi Vil., Xikou Township,  Chiayi County 623016, Taiwan (R.O.C.)","陳O榮","05-2653661","05-2653357","有","有"
"56904578","20170817","20230112","鈜泰系統科技有限公司","HUNG TAI SYSTEM TECHNOLOGY CORP.","新竹市東區東美路91巷5號4樓","4 F., No. 5, Ln. 91, Dongmei Rd., East Dist., Hsinchu City 300043, Taiwan (R.O.C.)","邱O娟","03-5632228","","有","有"
"56905289","20170814","20250210","台科創有限公司","ONE BELT ONE ROAD TAIWAN ENTERPRISE LIMITED","新竹市東區綠水里食品路27號二樓之20","2 F.-20, No. 27, Shipin Rd., Lushui Vil., East Dist., Hsinchu City 300034, Taiwan (R.O.C.)","","03-6662665","","無","無"
"56905957","20240316","20240316","上格皮鞋行","SUN GIRL Co.","臺南市安南區溪東里郡安路5段192巷40號1樓","1 F., No. 40, Ln. 192, Sec. 5, Jun’an Rd., Annan Dist., Tainan City 709022, Taiwan (R.O.C.)","薛O福","06-2500552","06-2599512","有","有"
"56906793","20101207","20210811","弘佳實業社","GRAND JIA INDUSTRY CO.","臺南市安平區億載里府平路555號1樓","1 F., No. 555, Fuping Rd., Yizai Vil., Anping Dist., Tainan City 70843, Taiwan (R.O.C.)","鐘O鵬","06-2652800","","有","有"
"56907168","20180802","20231208","安鑫精密有限公司","Anxin Precision Co., Ltd.","新竹市香山區中埔里華北路157號9樓","9 F., No. 157, Huabei Rd., Zhongpu Vil., Xiangshan Dist., Hsinchu City 300061, Taiwan (R.O.C.)","黃O平","03-5518816","03-5552908","有","有"
"56908899","20050708","20210811","冠亞包裝材料行","KUANYA-YA CO.","臺南市南區建南里中華南路2段159號1樓","1 F., No. 159, Sec. 2, Zhonghua S. Rd., Jiannan Vil., South Dist., Tainan City 70264, Taiwan (R.O.C.)","簡O德","06-2626994","06-2620727","有","有"
"56909335","20160725","20210811","晉欣行","JINSING BELTING AND ROLLER ENTERPRISE CO.","臺南市永康區西灣里國光七街75號1樓","1 F., No. 75, Guoguang 7th St., Xiwan Vil., Yongkang Dist., Tainan City 71063, Taiwan (R.O.C.)","周O財","06-2718887","06-2718528","有","有"
"56910516","20020923","20210811","瑞益西藥行","RUIYIN CO.","臺南市中西區五條港里西門路2段323號1樓","1 F., No. 323, Sec. 2, Ximen Rd., West Central Dist., Tainan City 70053, Taiwan (R.O.C.)","張O秀琴","06-2220895","","有","有"
"56910902","20030919","20211209","利成汽車電機行","LII CHENG CO.","臺南市東區德光里崇德路8號1樓","1 F., No. 8, Chongde Rd., Deguang Vil., East Dist., Tainan City 70161, Taiwan (R.O.C.)","謝O遑","06-2696458","","有","有"
"56911120","20030922","20210811","東成香鋪","DONG CHEN CO.","臺南市東區虎尾里東成街146號1樓","1 F., No. 146, Dongcheng St., Huwei Vil., East Dist., Tainan City 70162, Taiwan (R.O.C.)","柯O和","06-2686645","","有","有"
"56911613","20170901","20210816","香港商弘太自行車有限公司台灣分公司","SAPIM HK LIMITED TAIWAN BRANCH","臺中市大甲區日南里6鄰幼獅路63-1號","No. 63-1, Youshi Rd., 6th Neighborhood, Rinan Vil., Dajia Dist., Taichung City 43767, Taiwan (R.O.C.)","賴O坤LAITSAI-KUN","04-26816688","04-26817788","有","有"
"56912628","20101117","20210812","德邦傢俱行","DE BANG FURNITURE CO.","臺南市南區文南里金華路2段215號1樓","1 F., No. 215, Sec. 2, Jinhua Rd., Wennan Vil., South Dist., Tainan City 70260, Taiwan (R.O.C.)","莊O鳳","06-2636267","","有","有"
"56913859","20170831","20240307","禾祿田股份有限公司","HARVEST FARMS CO., LTD.","新北市淡水區自強路289之1號11樓","11 F., No. 289-1, Ziqiang Rd., Tamsui Dist., New Taipei City 251022, Taiwan (R.O.C.)","王O豐","03-9612335","03-9612335","無","無"
"56914371","20170817","20230706","禾榮科技股份有限公司","HERON NEUTRON MEDICAL CORP.","新竹科學園區新竹縣竹北市生醫五路66之2號","No. 66-2, Shengyi 5th Rd., Zhubei City, Hsinchu County 30261, Taiwan (R.O.C.)","許O榮","03-5619366","","有","有"
"56914457","20141225","20210812","鴻興車體廠","HORNG SING CO.","臺南市南區省躬里萬年路661號","No. 661, Wannian Rd., Shenggong Vil., South Dist., Tainan City 70261, Taiwan (R.O.C.)","黃O鴻","06-2622805","06-2965245","有","有"
"56916498","20170830","20210814","明岳國際有限公司","P4 Coffee International Co., Ltd.","新竹縣竹北市東興里勝利八街二段85號1樓","1 F., No. 85, Sec. 2, Shengli 8th St., Dongxing Vil., Zhubei City, Hsinchu County 30286, Taiwan (R.O.C.)","嚴O士","0905263525","","有","有"
"56916820","20170817","20230713","每一天國際行銷有限公司","MUDATERUS INTERNATIONAL TRADING CO., LTD.","宜蘭縣五結鄉協和村公園三路92號1樓","1F., No. 92, Gongyuan 3rd Rd., Xiehe Vil., Wujie Township,  Yilan County , Taiwan (R.O.C.)","","0986-000057","","無","無"
"56918284","20020919","20210811","裕祥藥局","YUUXIAMG STORE","臺南市南區明興里金華路1段228號1樓","1 F., No. 228, Sec. 1, Jinhua Rd., Mingxing Vil., South Dist., Tainan City 70251, Taiwan (R.O.C.)","陳O美","06-2753025","","有","有"
"56918616","20170928","20210814","大川種苗有限公司","DA CHUAN TREES CO., LTD.","彰化縣永靖鄉福興村永福路二段47號1樓","1 F., No. 47, Sec. 2, Yongfu Rd., Yongjing Township, Changhua County 51244, Taiwan (R.O.C.)","張O義","04-8247799","04-8241177","有","有"
"56918974","20171117","20210814","泓盈農業開發有限公司","HUNG YING Agricultural development CO., Ltd.","屏東縣潮州鎮永春里萬學街90號1樓","1 F., No. 90, Wanxue St., Yongchun Vil., Chaozhou Township, Pingtung County 92042, Taiwan (R.O.C.)","蘇O興","08-7896810","","有","有"
"56920269","20171107","20210814","迅準精密有限公司","Fast Align Precision Ltd.","南投縣竹山鎮中山里建國路41號1樓","1 F., No. 41, Jianguo Rd., Zhongshan Vil., Zhushan Township, Nantou County 55755, Taiwan (R.O.C.)","葉O彥","04-22619967","04-22601251","有","有"
"56920280","20020923","20220926","永興藥行","YOUNGXING HANG","臺南市中西區城隍里西華南街11號1樓","1 F., No. 11, Xihua S. St., Chenghuang Vil., West Central Dist., Tainan City 700007, Taiwan (R.O.C.)","林O池","06-2222856","","無","無"
"56920459","20170815","20210814","飛鳥車用影音股份有限公司","ASUKA CAR ENTERTAINMENT INC.","新竹市士林二街68號1樓","1F., NO.81, YUDE ST., XIANGSHAN DIST., HSINCHU CITY 30094, TAIWAN (R.O.C.)","胡O融","03-6667117#210","03-6667104","有","有"
"56920465","20170828","20210813","鐳比有限公司","RAYBEE INCORPORATION","新竹市東區東勢里八德路229號12樓","12 F., No. 229, Bade Rd., Dongshi Vil., East Dist., Hsinchu City 30069, Taiwan (R.O.C.)","劉O明","03-5716995","","有","有"
"56921197","20240826","20240826","暮石聯網科技有限公司","MUXLINK TECHNICAL CO., LTD.","臺中市北屯區平安里文心路四段698號15樓之1","15 F.-1, No. 698, Sec. 4, Wenxin Rd., Ping’an Vil., Beitun Dist., Taichung City 406503, Taiwan (R.O.C.)","陳O逸","","","有","有"
"56921719","20180306","20210929","考工記工作室有限公司","Studio Kao Gong Ji Co., Ltd.","南投縣草屯鎮虎山路120之6號","NO. 120-6, HUSHAN RD., CAOTUN TOWNSHIP, NANTOU COUNTY 542, TAIWAN (R.O.C.)","范O宗","0975-793025","","有","有"
"56921823","20170815","20210813","上讚興業有限公司","SHANG TSAN TRADE ENTERPRISE CO., LTD.","彰化縣埤頭鄉中和村溪林路435號","No. 435, Xilin Rd., Pitou Township, Changhua County 52342, Taiwan (R.O.C.)","林O衛","04-8892255","04-8899963","有","有"
"56921915","20180821","20210814","澤鋐實業有限公司","Chak Hung Industrial Co., Ltd.","嘉義縣梅山鄉梅北村14鄰三美庄17號附6","No. 17, Sanmeizhuang, 14th Neighborhood, Meishan Township, Chiayi County 60342, Taiwan (R.O.C.)","黃O慧","0929611081","","有","有"
"56922034","20170818","20210814","卡里善之樹有限公司","RAINBOW TREE CREATIVE CO., LTD.","彰化縣和美鎮還社里孝義路391巷5號","No. 5, Ln. 391, Xiaoyi Rd., Haishe Vil., Hemei Township, Changhua County 50847, Taiwan (R.O.C.)","林O瀚","04-7358038","04-7358898","有","有"
"56922077","20170814","20240105","泓寬實業有限公司","HORNG-KUAN INDUSTRIAL COMPANY, LTD.","基隆市安樂區興寮里基金一路121巷16號2樓","2 F., No. 16, Ln. 121, Jijin 1st Rd., Xingliao Vil., Anle Dist., Keelung City 20445, Taiwan (R.O.C.)","章O群","0913308371","02-24319497","有","有"
"56922533","20180209","20241022","象錢文創館有限公司","Money Art ( cultural and creative) Limited Company","新北市淡水區民權路185之1號5樓","5 F., No. 185-1, Minquan Rd., Tamsui Dist., New Taipei City 251033, Taiwan (R.O.C.)","朱O珍","039887767","039887767","有","有"
"56924201","20211221","20221208","薪榮環保股份有限公司","C zone Inc.","新竹縣新豐鄉埔頂237-3號","No. 237-3, Puding, Xinfeng Township, Hsinchu County 304111, Taiwan (R.O.C.)","陳O麒","0986597922","","有","有"
"56924820","20170810","20230608","迅光科技有限公司","XG TECH CO., LTD.","新竹縣竹東鎮幸福路121巷19號1樓","1 F., No. 19, Ln. 121, Xingfu Rd., Zhudong Township, Hsinchu County 310011, Taiwan (R.O.C.)","","0975119268","","無","無"
"56924997","20180308","20210815","尼夫瑞股份有限公司","NOLAS COMPANY","苗栗縣頭份市東庄里東民路178號1樓","1 F., No. 178, Dongmin Rd., Dongzhuang Vil., Toufen City, Miaoli County 35142, Taiwan (R.O.C.)","曾O致","0930523102","","有","有"
"56926019","20170811","20210814","亞洲拉維沙有限公司","LAVASIA LTD.","宜蘭縣頭城鎮金面里2鄰青雲路二段355號","No. 355, Sec. 2, Qingyun Rd., 2nd Neighborhood, Jinmian Vil., Toucheng Township, Yilan County 26147, Taiwan (R.O.C.)","林O洲","0939327298","","有","有"
"56926263","20200331","20231103","寰宇電力有限公司","Huanyu power co., Ltd.","新竹市東區復中里民生路192號3樓之2","3 F.-2, No. 192, Minsheng Rd., Fuzhong Vil., East Dist., Hsinchu City 300007, Taiwan (R.O.C.)","陳O庚","0955341193","","有","有"
"56926593","20171018","20210814","丰鉎實業有限公司","FENG SHENG LASERTOP CO., LTD.","彰化縣溪湖鎮西溪里員鹿路二段327號","No. 327, Sec. 2, Yuanlu Rd., Xixi Vil., Xihu Township, Changhua County 51449, Taiwan (R.O.C.)","林O秋","04-8826851","","有","有"
"56926833","20170816","20240318","寶慶鴻國際有限公司","BAO CHING HONG INTERNATIONAL CO., LTD.","臺中市太平區新坪里育誠街16巷1號1樓","1F., No. 1, Ln. 16, Yucheng St., Xinping Vil., Taiping Dist.,  Taichung City 411041, Taiwan (R.O.C.)","巫O棻","04-23938323","04-23935790","有","有"
"56927039","20170811","20210816","美商太平洋畢浪有限公司台灣分公司","PACIFIC BIG WAVE, LLC. TAIWAN BRANCH (USA)","臺南市永康區塩洲里國聖街476號","No. 476, Guosheng St., Yongkang Dist., Tainan City 71044, Taiwan (R.O.C.)","吳O臻TsaeWu","0989-953005","","有","有"
"56927452","20170822","20221103","丞宗工業有限公司","BE-STRONG CO., LTD.","基隆市中正區建國里祥豐街148號","No. 148, Xiangfeng St., Jianguo Vil., Zhongzheng Dist., Keelung City 202005, Taiwan (R.O.C.)","劉O平","02-24570757","","有","有"
"56928369","20171204","20210814","金吉鎰有限公司","Jin Ji Yi Co., Ltd.","彰化縣溪湖鎮西溪里建業街22號1樓","1 F., No. 22, Jianye St., Xixi Vil., Xihu Township, Changhua County 51448, Taiwan (R.O.C.)","洪O維","04-8613715","","有","有"
"56931385","20170815","20210815","艾克姆有限公司","AC MACHINERY CO., LTD.","南投縣草屯鎮敦和里仁愛街230巷1弄18號","No. 18, Aly. 1, Ln. 230, Ren’ai St., Dunhe Vil., Caotun Township, Nantou County 54256, Taiwan (R.O.C.)","王O民","0937756916","","有","有"
"56931408","20020314","20210811","釩暘工業社","VAN YANG MANUFACTURING COMPANY","臺南市南區白雪里塩埕路103巷28弄18號1樓","1 F., No. 18, Aly. 28, Ln. 103, Baixue Vil., South Dist., Tainan City 702, Taiwan (R.O.C.)","郭O枝","06-2919278","06-2919280","有","有"
"56932244","20021225","20210812","盈冠企業社","YIN KWAN ENTERPRISE CO.","臺南市歸仁區大廟里保大路3段290巷33弄18號","No. 18, Aly. 33, Ln. 290, Sec. 3, Baoda Rd., Damiao Vil., Guiren Dist., Tainan City 71145, Taiwan (R.O.C.)","陳O秀","","","有","有"
"56933068","20201016","20210814","摩爾斯達有限公司","MOOSTAR CO., LTD.","嘉義縣新港鄉月潭村月眉潭283號一樓","1 F., No. 283, Yuemeitan, Xingang Township, Chiayi County 61692, Taiwan (R.O.C.)","李O鳳","03-3690301","","有","有"
"56934361","20170816","20210814","鼎康國際開發有限公司","STABLE GROWTH INT'L DEP. CO., LTD.","雲林縣斗六市公正里博愛街7號1樓","1 F., No. 7, Bo’ai St., Gongzheng Vil., Douliu City, Yunlin County 64043, Taiwan (R.O.C.)","李O俊","05-5337668","05-5346377","有","有"
"56936115","20180323","20210812","超原科技有限公司","KOE Technology Co., Ltd.","新竹縣竹北市東興路二段519巷5號1樓","1 F., No. 5, Ln. 519, Sec. 2, Dongxing Rd., Zhubei City, Hsinchu County 30261, Taiwan (R.O.C.)","周O賓","03-5565808","","無","無"
"56937016","20120704","20210811","怡德企業社","YI DE CO.","臺南市南區彰南里新義路16號1樓","1 F., No. 16, Xinyi Rd., Zhangnan Vil., South Dist., Tainan City 70268, Taiwan (R.O.C.)","陳O蘭","06-2611240","06-2612899","無","無"
"56937579","20171208","20230506","群炬科技有限公司","Mass Torches Technology Company","苗栗縣頭份市中央路336號9樓","9 F., No. 336, Zhongyang Rd., Toufen City, Miaoli County 351019, Taiwan (R.O.C.)","李O輔","02-89234034","02-89233702","有","有"
"56937634","20230203","20230223","雲理餐飲股份有限公司","Yun Li CO., LTD.","臺北市中正區漢口街1段45號10樓","10 F., No. 45, Sec. 1, Hankou St., Zhongzheng Dist., Taipei City 100006, Taiwan (R.O.C.)","陳O豪","0910825393","","有","有"
"56938036","20231215","20231215","億修電器有限公司","YI XIU  DEVICE CO., LTD.","苗栗縣造橋鄉大西村13鄰22-1號1樓","1 F., No. 22-1, 13th Neighborhood, Zaoqiao Township, Miaoli County 361, Taiwan (R.O.C.)","劉O明","","","有","有"
"56938654","20171003","20210814","研豪國際有限公司","PortoLink Inc.","新竹縣寶山鄉彤雲街17號1樓","1 F., No. 17, Tongyun St., Baoshan Township, Hsinchu County 30842, Taiwan (R.O.C.)","吳O豪","0973240020","","有","有"
"56939491","20170818","20210814","凱立豐淨水有限公司","KAI LI FENG WATER PURIFICATION CO., LTD.","彰化縣和美鎮孝昌路3巷26號1樓","1 F., No. 26, Ln. 3, Xiaochang Rd., Hemei Township, Changhua County 50855, Taiwan (R.O.C.)","張O強","0933447188","","有","有"
"56941665","20050124","20210812","源澄製版社","YUAN CHENG STATIONERY CO.","臺南市北區大港里大興街600號1樓","1 F., No. 600, Daxing St., Dagang Vil., North Dist., Tainan City 70455, Taiwan (R.O.C.)","郭O忠","06-2597808","06-2580360","有","有"
"56941980","20170906","20210811","大發餐具行","DA FA CAN JU CO.","臺南市安平區華平里慶平路449號1樓","1 F., No. 449, Qingping Rd., Huaping Vil., Anping Dist., Tainan City 70842, Taiwan (R.O.C.)","陳O發","06-2506670","06-2506671","有","有"
"56942469","20020809","20210811","南豐水果行","NAN FENN COMPANY","臺南市安南區原佃里怡安路2段102號1樓3棟22號","Rm. 3, 1 F., No. 102, Sec. 2, Yi’an Rd., Yuandian Vil., Annan Dist., Tainan City 70943, Taiwan (R.O.C.)","吳O成","06-2463148","","有","有"
"56942664","20020924","20210812","復盛車行","FOCHENG CO.","臺南市南區國宅里金華路2段33巷1號","No. 1, Ln. 33, Sec. 2, Jinhua Rd., Guozhai Vil., South Dist., Tainan City 70241, Taiwan (R.O.C.)","鄭O坤","06-2654261","","有","有"
"56943072","20170825","20230415","欣曜國際有限公司","EVERSHINE FOOTWEAR CO., LTD.","雲林縣虎尾鎮平和里光明路73巷37之13號1樓","1 F., No. 37-13, Ln. 73, Guangming Rd., Pinghe Vil., Huwei Township, Yunlin County 632112, Taiwan (R.O.C.)","柯O峻","05-6333637","","無","無"
"56946280","19981218","20210811","金牌不銹鋼鋁門窗","GOLDEN PLATE STAINLESS STEEL ALUMINUM DOOR & WINDOW","臺南市安南區總頭里北安路3段295巷60弄1號","No. 1, Aly. 60, Ln. 295, Sec. 3, Bei’an Rd., Zongtou Vil., Annan Dist., Tainan City 70944, Taiwan (R.O.C.)","戴O陽","06-2015428","06-2335777","有","有"
"56946768","20030922","20240710","似芝蓉花藝設計","SI ZHI RONG CO.","臺南市北區東興里小東路307巷77號2樓","2 F., No. 77, Ln. 307, Xiaodong Rd., Dongxing Vil., North Dist., Tainan City 704017, Taiwan (R.O.C.)","欒O芳","06-2348126","","有","有"
"56948153","20200324","20210811","慶祥皮鞋","CHING HSIANG FOOTWEAR COMPANY","臺南市北區重興里南園街127巷28號1樓","1 F., No. 28, Ln. 127, Nanyuan St., Chongxing Vil., North Dist., Tainan City 70441, Taiwan (R.O.C.)","張O宏","06-2348286","06-2389968","有","有"
"56948409","19990918","20221015","徠徠企業行","L&L LAI LAI ENTERPRISE COMPANY","臺南市中西區赤嵌里永福路2段203號1樓","1 F., No. 203, Sec. 2, Yongfu Rd., Chiqian Vil., West Central Dist., Tainan City 700015, Taiwan (R.O.C.)","江O琴","06-2112690","","有","有"
"56948554","20050106","20210811","嘉佳實業社","CHIA CHIA ENTERPRISE COMPANY","臺南市仁德區太子里太子路31巷8號1樓","1 F., No. 8, Ln. 31, Taizi Rd., Taizi Vil., Rende Dist., Tainan City 71741, Taiwan (R.O.C.)","涂O林","06-2059701","06-2059700","有","有"
"56948978","20020917","20210811","宏光學用品社","HONGGUANG CO.","臺南市中西區赤嵌里永福路2段203號1樓","1 F., No. 203, Sec. 2, Yongfu Rd., Chiqian Vil., West Central Dist., Tainan City 70048, Taiwan (R.O.C.)","江O琴","06-2112690","06-2247348","有","有"
"56949879","20000824","20210812","樺誼昌企業社","HUA YI CHANG ENTERPRISE CO.","臺南市仁德區仁義里林頂街298號1樓","1 F., No. 298, Linding St., Renyi Vil., Rende Dist., Tainan City 71742, Taiwan (R.O.C.)","林O廷","06-2732253","06-2735923","有","有"
"56950586","20170817","20240802","博發電子股份有限公司","BRAVOTEK ELECTRONICS CO., LTD.","新竹縣竹北市復興三路二段168號8樓之1","8 F.-1, No. 168, Sec. 2, Fuxing 3rd Rd., Zhubei City, Hsinchu County 302052, Taiwan (R.O.C.)","魏O信","03-6573880","","有","有"
"56950755","20020924","20230125","億大車行","FUQIANG CO.","臺南市永康區北灣里文賢街148號","No. 148, Wenxian St., Beiwan Vil., Yongkang Dist., Tainan City 710022, Taiwan (R.O.C.)","邱O明","06-2632710","","無","無"
"56951924","20031007","20210812","迦大照明商店","GLADA CO.","臺南市南區金華里健康路2段227號1樓","1 F., No. 227, Sec. 2, Jiankang Rd., Jinhua Vil., South Dist., Tainan City 70249, Taiwan (R.O.C.)","杜O茵","06-265-6640","06-292-5588","有","有"
"56952888","20200108","20210814","科強科技有限公司","Keqiang Techology Co., Ltd.","宜蘭縣宜蘭市菜園里舊城北路70巷26號一樓","1 F., No. 26, Ln. 70, Jiucheng N. Rd., Caiyuan Vil., Yilan City, Yilan County 26042, Taiwan (R.O.C.)","吳O豪","03-9552658","03-9563568","有","有"
"56954680","20020912","20210811","儀光眼鏡行","YI-GUANG SPECTACLES CO.","臺南市東區東光里東寧路203號1樓","1 F., No. 203, Dongning Rd., Dongguang Vil., East Dist., Tainan City 70160, Taiwan (R.O.C.)","陳O額","04-761-2211","04-761-9641","有","有"
"56955082","20190612","20210813","石在安心有限公司","SHIH ZAI AN SIN CO., LTD.","南投縣埔里鎮南昌街87號","No. 87, Nanchang St., Puli Township, Nantou County 54543, Taiwan (R.O.C.)","石O助","049-2234399","049-2244619","有","有"
"56955554","20170818","20230207","均晟有限公司","CHUN CHENG ELECTRIC GLASS CO., LTD.","苗栗縣竹南鎮大厝里獅山102號","No. 102, Shishan, Dacuo Vil., Zhunan Township, Miaoli County 350025, Taiwan (R.O.C.)","林O鈞","0928023293","","有","有"
"56957119","20170831","20241031","果腴有限公司","FRUIT PLUMP LIMITED COMPANY","金門縣金寧鄉古寧村林厝57-1號","No. 57-1, Lincuo, Jinning Township, Kinmen County 89244, Taiwan (R.O.C.)","","0965662200","","無","無"
"56957510","20170817","20210814","榮華泰實業有限公司","LONG HUA TAI ENTERPRISE CO., LTD.","彰化縣和美鎮嘉寶里福北路368巷161號","No. 161, Ln. 368, Fubei Rd., Jiabao Vil., Hemei Township, Changhua County 50843, Taiwan (R.O.C.)","郝O蓁","04-7352411","0-7351876","有","有"
"56958601","20170825","20221122","普嵐特企業有限公司","PLUMBTECH ENTERPRISE CO., LTD.","彰化縣彰化市延平里大埔路485巷53號一樓","1 F., No. 53, Ln. 485, Dapu Rd., Yanping Vil., Changhua City, Changhua County 500053, Taiwan (R.O.C.)","葉O福","04-7113099","04-7116153","有","有"
"56960607","20031022","20210811","金笙服裝企業社","KING SUH DRESS CO.","新北市三重區中正北路191巷1號","No. 1, Ln. 191, Zhongzheng N. Rd., Sanchong Dist., New Taipei City 24157, Taiwan (R.O.C.)","何O民","06-2633456","06-2646937","有","有"
"56962696","20091110","20210811","復興醬園","FU SHIN SAUCE-VEGETABLE SHOP","臺南市東區大同里大同路1段293號1樓","1 F., No. 293, Sec. 1, Datong Rd., Datong Vil., East Dist., Tainan City 70150, Taiwan (R.O.C.)","鄒O愛","06-2134921","06-2136901","有","有"
"56963528","20190725","20210814","臻心國際有限公司","BNE Material International Co., Ltd.","嘉義市新厝里友忠路975號1樓","1 F., No. 975, Youzhong Rd., Xincuo Vil., West Dist., Chiayi City 60083, Taiwan (R.O.C.)","王O賢","0955-654531","05-2315895","有","有"
"56963533","20181214","20240514","老玩客股份有限公司","Let We Care Seniors Service Co., Ltd.","新竹市東區南大路473巷7弄21號","No. 21, Aly. 7, Ln. 473, Nanda Rd., East Dist., Hsinchu City 300081, Taiwan (R.O.C.)","李O穎","03-562-1530","03-562-1550","有","有"
"56963610","20190308","20230727","宜佳管理顧問有限公司","Excellent Jobs Co., Ltd.","新竹市東區高峰路136號","No. 136, Gaofeng Rd., East Dist., Hsinchu City 30064, Taiwan (R.O.C.)","馬O珠","03-6561578","03-6561778","有","有"
"56963689","20170821","20210814","玉圻實業有限公司","QI FU DWO CORP.","苗栗縣頭份市土牛里中正路498號4樓","4 F., No. 498, Zhongzheng Rd., Tuniu Vil., Toufen City, Miaoli County 35151, Taiwan (R.O.C.)","陳O圻","0912260040","02-29041537","有","有"
"56967209","20170918","20221017","皮特國際企業有限公司","PETE INTERNATIONAL LTD.","基隆市中山區華興街291巷13號1樓","1 F., No. 13, Ln. 291, Huaxing St., Zhongshan Dist., Keelung City 203002, Taiwan (R.O.C.)","許O媚","02-24281251#217","02-24281936","無","無"
"56967236","20170919","20210813","欣頎科技股份有限公司","NOVELTEK TECHNOLOGY CO., LTD.","新竹縣關西鎮石光里石岡子502號1樓","1 F., No. 502, Shigangzi, Shiguang Vil., Guanxi Township, Hsinchu County 30645, Taiwan (R.O.C.)","范O任","0933022273","","有","有"
"56967828","20170822","20210814","歐瑞比貿易有限公司","OXRABBIT CO., LTD.","屏東縣萬丹鄉廣安村萬丹路三段193號","No. 193, Sec. 3, Wandan Rd., Wandan Township, Pingtung County 91345, Taiwan (R.O.C.)","王O萍","08-7761473","08-7761474","有","有"
"56971626","20000129","20210812","太乙珠寶銀樓行","ELENA JEWELRY CO.","臺南市中西區建國里中正路103號1樓","1 F., No. 103, Zhongzheng Rd., Jianguo Vil., West Central Dist., Tainan City 70041, Taiwan (R.O.C.)","楊O華容","06-2411515","06-2230528","有","有"
"56971647","20051230","20210811","同宏鞋行","TUNG HUNG SHOES CO.","臺南市北區大和里文賢路799巷50號1樓","1 F., No. 50, Ln. 799, Wenxian Rd., Dahe Vil., North Dist., Tainan City 70459, Taiwan (R.O.C.)","曾O海","06-2593775","06-2581950","有","有"
"56972879","19930929","20210811","中外紙行","ORIENTAL PAPER  CO.","臺南市中西區文賢里文和街62號1樓","1 F., No. 62, Wenhe St., Wenxian Vil., West Central Dist., Tainan City 70057, Taiwan (R.O.C.)","史O琴","06-2585716","06-2589230","有","有"
"56973167","20171218","20230613","品禾建設有限公司","TSENG DEVELOPER INC.","新竹市北區大同里中正路107號10樓之2","10 F.-2, No. 107, Zhongzheng Rd., Datong Vil., North Dist., Hsinchu City 300191, Taiwan (R.O.C.)","曾O琮","03-5286246","","有","有"
"56973928","20020918","20210811","臺南藥局","TAIR NAN COMPANY","臺南市中西區水仙里民族路3段43號1樓","1 F., No. 43, Sec. 3, Minzu Rd., Shuixian Vil., West Central Dist., Tainan City 70053, Taiwan (R.O.C.)","何O生","06-2249705","","有","有"
"56976066","20080604","20210811","德鴻畫廊","DER-HORNG ART GALLERY","臺南市中西區三民里中山路1號1樓","1 F., No. 1, Zhongshan Rd., Sanmin Vil., West Central Dist., Tainan City 70043, Taiwan (R.O.C.)","陳O彬","06-2271125","06-2111795","有","有"
"56982481","19960809","20210811","瑋璁企業社","WEIR TSONG COMPANY","臺南市南區文南里長南街3號1樓","1 F., No. 3, Changnan St., Wennan Vil., South Dist., Tainan City 70262, Taiwan (R.O.C.)","陳O麗香","06-2654971","06-2910978","有","有"
"56986064","19991005","20210811","甲子園體育企業社","KOSIYEN SPORTING GOODS CO.","臺南市南區大恩里國民路583巷2號1樓","1 F., No. 2, Ln. 583, Guomin Rd., Da’en Vil., South Dist., Tainan City 70256, Taiwan (R.O.C.)","林O蘭","06-2155281","06-2159651","有","有"
"56986557","20020905","20210811","成樺塑膠實業社","CHENG HUA PLASTIC INDUSTRY CO.","臺南市東區崇善里崇善十二街6巷15弄28號1樓（僅供辦公室使用）","1 F., No. 28, Aly. 15, Ln. 6, Chongshan 12th St., Chongshan Vil., East Dist., Tainan City 70170, Taiwan (R.O.C.)","王O敏","06-2690807","06-2601718","有","有"
"56989442","20020919","20210811","大仁藥局","DAREN SHOP","臺南市南區金華里新孝路30號1樓","1 F., No. 30, Xinxiao Rd., Jinhua Vil., South Dist., Tainan City 70252, Taiwan (R.O.C.)","黃O辰","06-2610673","","有","有"
"56991279","20010523","20210812","延昌五金鉤環彈簧工廠","YEN CHANG HARDWARE HOOK & SPRING FACTORY","臺南市安南區布袋里工明路201號","No. 201, Gongming Rd., Budai Vil., Annan Dist., Tainan City 70968, Taiwan (R.O.C.)","陳O壽","06-2554123","06-2467212","有","有"
"56991355","20030903","20210811","阿亮菓菜行（台南市綜合農產品批發市場）","A LIANG CO.","臺南市安南區原佃里怡安路2段102號1樓蔬菜分貨場3棟11號攤位","1 F., No. 102, Sec. 2, Yi’an Rd., Yuandian Vil., Annan Dist., Tainan City 70943, Taiwan (R.O.C.)","李O周","06-2553479","","有","有"
"56991448","20240118","20250618","廣瑋實業社","KUNWE Co.","臺南市安南區溪心里安中路3段68號1樓","1 F., No. 68, Sec. 3, Anzhong Rd., Xixin Vil., Annan Dist., Tainan City 709020, Taiwan (R.O.C.)","吳O勳","06-2597191","","有","有"
"56994254","20020916","20210811","春天藥局","CHOONTIAN SHOP","臺南市中西區天后里民族路2段274號1樓","1 F., No. 274, Sec. 2, Minzu Rd., Tianhou Vil., West Central Dist., Tainan City 70042, Taiwan (R.O.C.)","李O德","06-2221562","","有","有"
"56994450","20130409","20210812","瀚楷實業社","HAN KAE ENTERPRISE FACTORY","臺南市東區崇德里崇德七街49號1樓","1 F., No. 49, Chongde 7th St., Chongde Vil., East Dist., Tainan City 70171, Taiwan (R.O.C.)","力O強","06-2791618","06-2791617","有","有"
