"統一編號","原始登記日期","核發日期","廠商中文名稱","廠商英文名稱","中文營業地址","英文營業地址","代表人","電話號碼","傳真號碼","進口資格","出口資格"
"99000256","20211108","20211108","經典商行","Classic Firm","新竹縣湖口鄉孝勢村中山路2段112號1樓","1F., No. 112, Sec. 2, Zhongshan Rd., Hukou Township, Hsinchu County 30342, Taiwan (R.O.C.)","温O明","03-5993659","","無","無"
"99000312","20170815","20210811","菲律賓雜貨店","MEKENI CABALEN FILIPINO PRODUCTS & FASTFOOD STORE","新竹縣湖口鄉勝利村２鄰安宅十街１號１樓","1 F., No. 1, Anzhai 10th St., 2nd Neighborhood, Hukou Township, Hsinchu County 30349, Taiwan (R.O.C.)","戴O玲","03-5986409","03-5986409","有","有"
"99005338","20040910","20210811","到我家精品家飾店","CHEZ MOI GALLERY CO.","新竹縣竹北市新社里國盛街２４０巷１０弄７號１樓","1 F., No. 7, Aly. 10, Ln. 240, Guosheng St., Xinshe Vil., Zhubei City, Hsinchu County 30244, Taiwan (R.O.C.)","張O芬","03-5535208","","有","有"
"99006511","20141120","20230616","萬客來家具廠","ONE K LINE FURNITURE FACTORY","桃園市楊梅區水美里楊湖路１段１９４巷１號","No. 1, Ln. 194, Sec. 1, Yanghu Rd., Shuimei Vil., Yangmei Dist., Taoyuan City 326018, Taiwan (R.O.C.)","余O水","03-4758081","03-4784941","有","有"
"99006694","20041220","20230415","維多利亞精品店","JESSICA'S LIVING SHOP","新竹縣竹東鎮竹東里４鄰大同路３７號１樓","1 F., No. 37, Datong Rd., 4th Neighborhood, Zhudong Vil., Zhudong Township, Hsinchu County 310004, Taiwan (R.O.C.)","莊O喬","03-5940349","03-5110246","無","無"
"99007814","20120815","20210812","翊昇企業社","YISON ENTERPRISE COMPANY","新竹縣竹北市新國里新光街３１巷２１號１樓","1 F., No. 21, Ln. 31, Xinguang St., Xinguo Vil., Zhubei City, Hsinchu County 30243, Taiwan (R.O.C.)","郭O晨","03-5540201","03-5514753","有","有"
"99014744","20110131","20210811","建興企業社","THE JIAN XING QI YE CO.","新竹縣竹北市大眉里中華路１１３６號","No. 1136, Zhonghua Rd., Damei Vil., Zhubei City, Hsinchu County 30267, Taiwan (R.O.C.)","曾O梨","03-5555383","03-5533863","有","有"
"99014879","20110923","20230131","維安消防器材商行","VIAN CO.","新竹市北區曲溪里中華路三段121巷35號五樓","5 F., No. 35, Ln. 121, Sec. 3, Zhonghua Rd., Quxi Vil., North Dist., Hsinchu City 300003, Taiwan (R.O.C.)","吳O莉","03-6568171","03-6567045","有","有"
"99024356","20081007","20220519","財團法人電信技術中心","TELECOM TECHNOLOGY CENTER","新北市板橋區遠東路１號３樓Ｂ室","ROOM B, 3F., NO. 1, YUANDONG RD., BANQIAO DISTRICT, NEW TAIPEI CITY 22063,  TAIWAN (R.O.C.)","吳O成","07-6277012","07-6955019","有","有"
"99027868","20160225","20160225","牧大畜牧場","MU DA FARM","台南市後壁區新嘉里白沙屯１之３０號","NO.1-30, BAISHATUN, HOUBI DIST., TAINAN CITY 731, TAIWAN (R.O.C.)","黃O儀","06-6623768","06-6624081","有","有"
"99031949","20190412","20190412","社團法人台灣走出埃及輔導協會","Taiwan Rainbow 7 Association","臺北市大安區安和路一段１０８號９樓","9F., NO. 108, SEC. 1, ANHE RD., DA-AN DIST., TAIPEI CITY 10685, TAIWAN (R.O.C.)","邱O嘉","02-27001956#17","02-27001956","有","有"
"99051542","20040728","20241221","三錦企業社","SAN JIN CHEMICALS CO.","高雄市楠梓區高楠公路１８７０巷５５號１樓","1 F., No. 55, Ln. 1870, Gaonan Highway, Nanzi Dist., Kaohsiung City 81157, Taiwan (R.O.C.)","鄭O蒝","07-3602511","07-3611283","有","有"
"99051579","20190510","20210811","艾格麗行","Agnes Ship Supply Co.","高雄市苓雅區樂仁路１２５巷１４號２樓","2 F., No. 14, Ln. 125, Leren Rd., Lingya Dist., Kaohsiung City 80293, Taiwan (R.O.C.)","許O珠","07-2239932","","無","無"
"99051959","20121225","20220923","進昇五金企業行","JIN SHENG HARDWARE CO.","高雄市左營區自由二路６巷６５號","No. 65, Ln. 6, Ziyou 2nd Rd., Zuoying Dist., Kaohsiung City 813341, Taiwan (R.O.C.)","周O和","07-3755110","07-3755109","有","有"
"99052084","20110425","20221207","昭男企業行","SHAO LAN CO.","高雄市仁武區仁和南街61巷11號1樓","1 F., No. 11, Ln. 61, Renhe S. St., Renwu Dist., Kaohsiung City 814014, Taiwan (R.O.C.)","潘O芬","07-3728834","07-3729104","有","有"
"99052330","20031014","20241109","新淇室內家飾裝潢設計工程行","HSIN CHI FURNITURE CO.","高雄市苓雅區成功一路237巷52號1樓","1 F., No. 52, Ln. 237, Chenggong 1st Rd., Lingya Dist., Kaohsiung City 802045, Taiwan (R.O.C.)","劉O政","07-330-1997","07-336-0551","有","有"
"99053252","20031001","20240302","和方企業行","HERFIRM ENTERPRISE CO.","高雄市三民區天津街12巷19號1樓","1 F., No. 19, Ln. 12, Tianjin St., Sanmin Dist., Kaohsiung City 807012, Taiwan (R.O.C.)","陳O方","07-3811239","07-3811239","有","有"
"99054338","20031024","20210811","百鶴行","PAI-HO-HEN CO.","高雄市苓雅區自強三路53巷21號7樓之7","7F.-7, No. 21, Ln. 53, Ziqiang 3rd Rd., Lingya Dist., Kaohsiung City 80245, Taiwan (R.O.C.)","林O義","07-2691875","07-2691903","有","無"
"99054528","20060119","20210812","二橋企業行","RO CHOU CO.","高雄市小港區順苓里龍華街７２號２樓","2 F., No. 72, Longhua St., Shunling Vil., Xiaogang Dist., Kaohsiung City 81255, Taiwan (R.O.C.)","鄭O旭","07-8026189","","有","有"
"99058524","20040526","20230106","利基福企業行","P.B. TRADING CO.","高雄市楠梓區和光街２０５巷５４號２樓","2 F., No. 54, Ln. 205, Heguang St., Nanzi Dist., Kaohsiung City 811003, Taiwan (R.O.C.)","李O婷","07-3239172","07-3239175","無","無"
"99059663","20040611","20230117","祐峰企業社","JIN YOU FENG CO.","高雄市前鎮區鎮榮里鎮榮街６８號２樓","2 F., No. 68, Zhenrong St., Zhenrong Vil., Qianzhen Dist., Kaohsiung City 806030, Taiwan (R.O.C.)","鄭O州","07-7538886","07-7538889","無","無"
"99060021","20160815","20210811","光野企業行","LIGHT WILD ENTERPRISE CO.","高雄市小港區永義街１５７巷２９號１樓","1 F., No. 29, Ln. 157, Yongyi St., Xiaogang Dist., Kaohsiung City 81250, Taiwan (R.O.C.)","黃O安","07-7932033","07-7911722","有","有"
"99062962","20231220","20231220","順峰廣告社","shunfeng Company","高雄市鳥松區大華里本館路２６２號１樓","1 F., No. 262, Benguan Rd., Dahua Vil., Niaosong Dist., Kaohsiung City 833161, Taiwan (R.O.C.)","黃O夌","0981068753","07-3533404","有","有"
"99064618","20031203","20210811","楊佳裕國際企業社","YUNGAYO INTERNATIONAL CO.","高雄市三民區鼎力里鼎力路１９７號","No. 197, Dingli Rd., Dingli Vil., Sanmin Dist., Kaohsiung City 80790, Taiwan (R.O.C.)","楊O福","07-3508855","07-3104512","有","有"
"99064743","20031218","20210812","松原水產行","SONG YANG FISHERY CO.","高雄市前鎮區漁港中二路２２３巷１１號１樓","1 F., No. 11, Ln. 223, Yugang Central 2nd Rd., Cianjhen Dist., Kaohsiung City 80672, Taiwan (R.O.C.)","潘O惠","07-8136575","07-8312385","有","有"
"99066616","20030917","20210811","寶璘光學眼鏡館","BAO LIN OPTICAL TECHNOLOGY CO.","臺中市南區和平里復興路２段１２號１樓","1 F., No. 12, Sec. 2, Fuxing Rd., Heping Vil., South Dist., Taichung City 40245, Taiwan (R.O.C.)","姚O志","04-761-2211","04-761-9641","有","有"
"99067143","20031007","20210811","盛發商行","RON KUN CO.","臺中市北屯區北屯里國校巷４１之１之１號","No. 1-1, Guoxiao Ln., Beitun Vil., Beitun Dist., Taichung City 40650, Taiwan (R.O.C.)","陳O珠","04-2222-7573","04-2375-7338","有","有"
"99069000","20030903","20230304","芬瑞運動企業社","FLOORBALL TECHNOLOGY CO.","臺中市東區十甲里十甲路２１８巷２號１樓","1 F., No. 2, Ln. 218, Shijia Rd., Shijia Vil., East Dist., Taichung City 401021, Taiwan (R.O.C.)","宋O理","04-22130150","04-22130152","有","有"
"99069304","20030912","20210811","弘祥實業社","HONG SIANG CO.","臺中市大里區東興里國光路二段５００號６樓之４","6F.-4, No. 500, Sec. 2, Guoguang Rd., Dongxing Vil., Dali Dist., Taichung City 41266, Taiwan (R.O.C.)","黃O豐","04-2211-0709","04-2215-5709","有","有"
"99071456","20041101","20230114","夜美銀飾店","YE MEI SILVER COMPANY","臺中市南屯區三義里河南路四段３６２之２號１樓","1 F., No. 362-2, Sec. 4, Henan Rd., Sanyi Vil., Nantun Dist., Taichung City 408012, Taiwan (R.O.C.)","吳O吉","04-22585718","04-22589718","無","無"
"99072547","20030925","20210811","貴仁商行","GWEI LEARN FIRM","臺中市南屯區向心里海德街２５號１樓","1 F., No. 25, Haide St., Xiangxin Vil., Nantun Dist., Taichung City 40855, Taiwan (R.O.C.)","賴O雄","04-2298-7668","04-2297-2931","有","有"
"99072650","20030925","20210811","鼎旺商行","DIN WANT FIRM.","臺中市南屯區向心里海德街２７號１樓","1 F., No. 27, Haide St., Xiangxin Vil., Nantun Dist., Taichung City 40855, Taiwan (R.O.C.)","賴O任","04-2297-2916","04-22972931","有","有"
"99073068","20030925","20210811","良村商行","GO CHIN TRADE FIRM","臺中市南屯區向心里海德街２７號１樓","1 F., No. 27, Haide St., Xiangxin Vil., Nantun Dist., Taichung City 40855, Taiwan (R.O.C.)","廖O村","04-2297-2916","04-2297-2931","有","有"
"99073166","20030925","20210811","真成商行","REAL WELL TRADE FIRM.","臺中市南屯區向心里海德街２５號１樓","1 F., No. 25, Haide St., Xiangxin Vil., Nantun Dist., Taichung City 40855, Taiwan (R.O.C.)","賴O貞","04-2298-2453","04-2297-2931","有","有"
"99073335","20030925","20210811","惠宏商行","WHERE HORN FIRM.","臺中市南屯區向心里海德街２７號１樓","1 F., No. 27, Haide St., Xiangxin Vil., Nantun Dist., Taichung City 40855, Taiwan (R.O.C.)","詹O惠","04-2298-7338","04-2297-2931","有","有"
"99073757","20050719","20211019","昇泓綠能科技工程行","ACE COMPUTER COMPANY","臺中市北屯區松和里崇德二路一段２３０號１樓","1 F., No. 230, Sec. 1, Chongde 2nd Rd., Songhe Vil., Beitun Dist., Taichung City 40652, Taiwan (R.O.C.)","廖O喆","04-22462938","04-22460031","有","有"
"99073763","20030930","20210811","富隆商行","FOO LORN FIRM","臺中市南屯區向心里海德街２７號１樓","1 F., No. 27, Haide St., Xiangxin Vil., Nantun Dist., Taichung City 40855, Taiwan (R.O.C.)","吳O慧","04-2298-2453","04-2297-2931","有","有"
"99075262","20031002","20210811","真寶商行","JEAN BAOU FIRM","臺中市南屯區向心里海德街２５號１樓","1 F., No. 25, Haide St., Xiangxin Vil., Nantun Dist., Taichung City 40855, Taiwan (R.O.C.)","賴O貞","04-2297-2916","04-2297-2931","有","有"
"99075707","20031003","20210811","良旺商行","2 WIN TRADE FIRM","臺中市南屯區向心里海德街２５號１樓","1 F., No. 25, Haide St., Xiangxin Vil., Nantun Dist., Taichung City 40855, Taiwan (R.O.C.)","賴O任","04-2298-7668","04-2297-2931","有","有"
"99075925","20190514","20210811","東風企業社","Easterly Boutique Store","臺中市西區吉龍里五權西３街１０１號１樓","1 F., No. 101, Wuquan W. 3rd St., Jilong Vil., West Dist., Taichung City 40348, Taiwan (R.O.C.)","黃O玲","04-22318998","04-22378880","有","有"
"99079393","20110323","20210812","勇圓企業商行","YOUN YEN CO.","臺中市北屯區松竹里熱河路３段９５號１樓","1 F., No. 95, Sec. 3, Rehe Rd., Songzhu Vil., Beitun Dist., Taichung City 40652, Taiwan (R.O.C.)","曾O怡","0422491358","0422411658","有","有"
"99082833","20170710","20220112","五倍子食品行","WU BEI TZI FOOD CO.","臺中市北屯區平陽里大連路二段２０號１樓","1 F., No. 20, Sec. 2, Dalian Rd., Pingyang Vil., Beitun Dist., Taichung City 40669, Taiwan (R.O.C.)","李O臻","04-22467190","04-22449718","無","無"
"99084537","20031219","20210811","日益實業社","FLYWHEEL ENTERPRISE CORP.","臺中市北屯區松竹里崇德五路５７號一樓","1 F., No. 57, Chongde 5th Rd., Songzhu Vil., Beitun Dist., Taichung City 40670, Taiwan (R.O.C.)","陳O桂","886-4-22478492","886-4-22478490","有","有"
"99086373","20030826","20210811","瑞士企業社","RUI SHI CO.","新北市新莊區中正路８８９之１號（現場僅供辦公室使用）","No. 889-1, Zhongzheng Rd., Xinzhuang Dist., New Taipei City 24257, Taiwan (R.O.C.)","邱O珠","02-8221-1256","","有","有"
"99086394","20030826","20210811","二玉企業社","ER YU CO.","新北市新莊區中正路８８９之１號２樓（現場僅供辦公室使用）","2 F., No. 889-1, Zhongzheng Rd., Xinzhuang Dist., New Taipei City 24257, Taiwan (R.O.C.)","藍O彩","02-82211256","","有","有"
"99086401","20030826","20210811","玉一企業社","YU YAT CO.","新北市新莊區中正路８８９之１號（１樓）","1 F., No. 889-1, Zhongzheng Rd., Xinzhuang Dist., New Taipei City 24257, Taiwan (R.O.C.)","藍O彩","02-8221-1256","","有","有"
"99086417","20030826","20210811","騎申企業社","JI SHEN CO.","新北市新莊區中正路８８９之１號２樓（現場僅供辦公室使用）","2 F., No. 889-1, Zhongzheng Rd., Xinzhuang Dist., New Taipei City 24257, Taiwan (R.O.C.)","藍O彩","02-82211256","","有","有"
"99086423","20030826","20210811","財賀企業社","CAI HE CO.","新北市新莊區中正路８８９之１號","No. 889-1, Zhongzheng Rd., Xinzhuang Dist., New Taipei City 24257, Taiwan (R.O.C.)","藍O財","02-8221-1256","","有","有"
"99086444","20030826","20210811","行進企業社","HANG JIN CO.","新北市新莊區中正路８８９之１號２樓（現場僅供辦公室使用）","2 F., No. 889-1, Zhongzheng Rd., Xinzhuang Dist., New Taipei City 24257, Taiwan (R.O.C.)","藍O財","02-82211256","","有","有"
"99086465","20030826","20210811","申玖企業社","SAN JIU CO.","新北市新莊區中正路８８９之１號（現場僅供辦公室使用）","No. 889-1, Zhongzheng Rd., Xinzhuang Dist., New Taipei City 24257, Taiwan (R.O.C.)","藍O彩","02-8221-1256","","有","有"
"99086599","20090911","20210812","福美商行","FU MAY CO.","新北市三重區福德北路６９號１樓","1 F., No. 69, Fude N. Rd., Sanchong Dist., New Taipei City 24148, Taiwan (R.O.C.)","陳O惠","02-29702876","02-89727248","有","有"
"99086850","20030826","20210811","士瑞企業社","SHI SHUI CO.","新北市汐止區新台５路２段８７之１號１樓（現場僅供辦公室使用）","1 F., No. 87-1, Xizhi Dist., New Taipei City 221, Taiwan (R.O.C.)","邱O珠","02-82211256","","有","有"
"99086900","20030826","20210811","唯東企業社","WEI DUNG CO.","新北市汐止區新台５路２段８７之１號（現場僅供辦公室使用）","No. 87-1, Xizhi Dist., New Taipei City 221, Taiwan (R.O.C.)","黃O琴","02-82211256","","有","有"
"99086916","20030826","20210811","申大企業社","SHEN DA CO.","新北市汐止區新台５路２段８７之１號（現場僅供辦公室使用）","No. 87-1, Xizhi Dist., New Taipei City 221, Taiwan (R.O.C.)","藍O彩","02-82211256","","有","有"
"99086922","20030826","20210811","華杏企業社","HUA PI CO.","新北市汐止區新台五路２段８７之１號（現場僅供辦公室使用）","No. 87-1, Sec. 2, Xintai 5th Rd., Xizhi Dist., New Taipei City 22165, Taiwan (R.O.C.)","許O華","02-8221-1256","","有","有"
"99086943","20030826","20210811","杏華企業社","PI HUA CO.","新北市汐止區新台５路２段８７之１號１樓（現場僅供辦公室使用）","1 F., No. 87-1, Xizhi Dist., New Taipei City 221, Taiwan (R.O.C.)","許O華","02-82211256","","有","有"
"99086970","20030827","20210811","玉二企業社","YU ER CO.","新北市汐止區新台５路２段８７之１號（現場僅供辦公室使用）","No. 87-1, Xizhi Dist., New Taipei City 221, Taiwan (R.O.C.)","藍O彩","02-82211256","","有","有"
"99086985","20030827","20210811","玖申企業社","JIU SAN CO.","新北市汐止區新台５路２段８７之１號（現場僅供辦公室使用）","No. 87-1, Xizhi Dist., New Taipei City 221, Taiwan (R.O.C.)","藍O彩","02-8221-1256","","有","有"
"99087020","20050322","20210812","連盛企業社","LEAN SHENQ CO.","新北市蘆洲區集賢路366號14樓","14 F., No. 366, Jixian Rd., Luzhou Dist., New Taipei City 24747, Taiwan (R.O.C.)","吳O清","02-89824089","02-29838142","有","有"
"99087746","20030826","20210811","一玉企業社","YI YUK CO.","新北市新莊區中正路８８９之１號（現場僅供辦公室使用）","No. 889-1, Zhongzheng Rd., Xinzhuang Dist., New Taipei City 24257, Taiwan (R.O.C.)","藍O彩","02-8221-1256","","有","有"
"99087767","20030828","20210811","彩一企業社","CAI YI CO.","新北市新莊區中正路８８９之１號２樓（現場僅供辦公室使用）","2 F., No. 889-1, Zhongzheng Rd., Xinzhuang Dist., New Taipei City 24257, Taiwan (R.O.C.)","藍O彩","02-8221-1256","","有","有"
"99087773","20030828","20210811","彩聯企業社","CAI LIAN CO.","新北市新莊區中正路８８９之１號２樓（現場僅供辦公室使用）","2 F., No. 889-1, Zhongzheng Rd., Xinzhuang Dist., New Taipei City 24257, Taiwan (R.O.C.)","藍O彩","02-82211256","","有","有"
"99087794","20030828","20210811","林龍企業社","LIN LONG CO.","新北市新莊區中正路８８９之１號（現場僅供辦公室使用）","No. 889-1, Zhongzheng Rd., Xinzhuang Dist., New Taipei City 24257, Taiwan (R.O.C.)","藍O龍","02-82211256","","有","有"
"99087801","20030828","20210811","新園企業社","XIN YUEN CO.","新北市新莊區中正路８８９之１號２樓（現場僅供辦公室使用）","2 F., No. 889-1, Zhongzheng Rd., Xinzhuang Dist., New Taipei City 24257, Taiwan (R.O.C.)","邱O結","02-82211256","","有","有"
"99087817","20030828","20210811","固新企業社","GU XIN CO.","新北市新莊區中正路８８９之１號２樓（現場僅供辦公室使用）","2 F., No. 889-1, Zhongzheng Rd., Xinzhuang Dist., New Taipei City 24257, Taiwan (R.O.C.)","邱O結","02-8221-1256","","有","有"
"99087823","20030828","20210811","新固企業社","XIN GU CO.","新北市新莊區中正路８８９之１號２樓（現場僅供辦公室使用）","2 F., No. 889-1, Zhongzheng Rd., Xinzhuang Dist., New Taipei City 24257, Taiwan (R.O.C.)","邱O結","02-82211256","","有","有"
"99087844","20030828","20210811","龍仙企業社","LONG XIAN CO.","新北市新莊區中正路８８９之１號２樓（現場僅供辦公室使用）","2 F., No. 889-1, Zhongzheng Rd., Xinzhuang Dist., New Taipei City 24257, Taiwan (R.O.C.)","藍O龍","02-82211256","","有","有"
"99087865","20030828","20210811","園新企業社","YUEN XIN CO.","新北市新莊區中正路８８９之１號２樓（現場僅供辦公室使用）","2 F., No. 889-1, Zhongzheng Rd., Xinzhuang Dist., New Taipei City 24257, Taiwan (R.O.C.)","邱O結","02-82211256","","有","有"
"99087892","20030829","20210811","唯群企業社","WEI QUN  CO.","新北市新莊區中正路８８９之１號（現場僅供辦公室使用）","No. 889-1, Zhongzheng Rd., Xinzhuang Dist., New Taipei City 24257, Taiwan (R.O.C.)","邱O結","02-82211256","","有","有"
"99087909","20030828","20210811","群炬企業社","QUN JU CO.","新北市新莊區中正路８８９之１號（現場僅供辦公室使用）","No. 889-1, Zhongzheng Rd., Xinzhuang Dist., New Taipei City 24257, Taiwan (R.O.C.)","邱O結","02-8221-1256","","有","有"
"99087915","20030828","20210811","雄群企業社","XIONG QUN CO.","新北市新莊區中正路８８９之１號（現場僅供辦公室使用）","No. 889-1, Zhongzheng Rd., Xinzhuang Dist., New Taipei City 24257, Taiwan (R.O.C.)","邱O結","02-8221-1256","","有","有"
"99087921","20030901","20210811","森清企業社","SEN QING CO.","新北市新莊區中正路８８９之１號（現場僅供辦公室使用）","No. 889-1, Zhongzheng Rd., Xinzhuang Dist., New Taipei City 24257, Taiwan (R.O.C.)","藍O淵","02-8221-1256","","有","有"
"99087936","20030901","20210811","群唯企業社","QUN WEI CO.","新北市新莊區中正路８８９之１號（現場僅供辦公室使用）","No. 889-1, Zhongzheng Rd., Xinzhuang Dist., New Taipei City 24257, Taiwan (R.O.C.)","邱O結","02-82211256","","有","有"
"99087942","20030902","20210811","炬群企業社","JU QUN CO.","新北市新莊區中正路８８９之１號（現場僅供辦公室使用）","No. 889-1, Zhongzheng Rd., Xinzhuang Dist., New Taipei City 24257, Taiwan (R.O.C.)","邱O結","02-82211256","","有","有"
"99087957","20030828","20210811","群雄企業社","QUN XIONG CO.","新北市新莊區中正路８８９之１號（現場僅供辦公室使用）","No. 889-1, Zhongzheng Rd., Xinzhuang Dist., New Taipei City 24257, Taiwan (R.O.C.)","邱O結","02-8221-1256","","有","有"
"99087963","20030902","20210811","清森企業社","QING SEN CO.","新北市新莊區中正路８８９之１號（現場僅供辦公室使用）","No. 889-1, Zhongzheng Rd., Xinzhuang Dist., New Taipei City 24257, Taiwan (R.O.C.)","藍O淵","02-82211256","","有","有"
"99087984","20030902","20210811","昌信企業社","CHEONG SHEN CO.","新北市新莊區中正路８８９之１號（現場僅供辦公室使用）","No. 889-1, Zhongzheng Rd., Xinzhuang Dist., New Taipei City 24257, Taiwan (R.O.C.)","許O華","02-8221-1256","","有","有"
"99088013","20030828","20210811","壹彩企業社","YI CHOI CO.","新北市汐止區新台五路２段８７之１號（現場僅供辦公室使用）","No. 87-1, Sec. 2, Xintai 5th Rd., Xizhi Dist., New Taipei City 22165, Taiwan (R.O.C.)","藍O彩","0282211256","","有","有"
"99088061","20030828","20210811","藍玉企業社","LAN YU CO.","新北市汐止區新台五路２段８７之１號（現場僅供辦公室使用）","No. 87-1, Sec. 2, Xintai 5th Rd., Xizhi Dist., New Taipei City 22165, Taiwan (R.O.C.)","藍O彩","02-82211256","","有","有"
"99088127","20030828","20210811","精易企業社","CHING YEE CO.","新北市汐止區新台五路２段８７之１號（現場僅供辦公室使用）","No. 87-1, Sec. 2, Xintai 5th Rd., Xizhi Dist., New Taipei City 22165, Taiwan (R.O.C.)","邱O結","02-82211256","","有","有"
"99088132","20030828","20210811","國精企業社","GUO CHING CO.","新北市汐止區新台５路２段８７之１號（現場僅供辦公室使用）","No. 87-1, Xizhi Dist., New Taipei City 221, Taiwan (R.O.C.)","邱O結","02-82211256","","有","有"
"99088148","20030828","20210811","精國企業社","JING GUO CO.","新北市汐止區新台五路２段８７之１號（現場僅供辦公室使用）","No. 87-1, Sec. 2, Xintai 5th Rd., Xizhi Dist., New Taipei City 22165, Taiwan (R.O.C.)","邱O結","02-82211256","","有","有"
"99088169","20030828","20210811","結精企業社","JIE JING CO.","新北市汐止區新台５路２段８７之１號（現場僅供辦公室使用）","No. 87-1, Xizhi Dist., New Taipei City 221, Taiwan (R.O.C.)","邱O結","02-82211256","","有","有"
"99089006","20030828","20210811","森亞企業社","SEN YA CO.","新北市汐止區新台５路２段８７之１號（現場僅供辦公室使用）","No. 87-1, Xizhi Dist., New Taipei City 221, Taiwan (R.O.C.)","藍O淵","02-82211256","","有","有"
"99089012","20030901","20210811","精結企業社","JING GIT CO.","新北市汐止區新台五路２段８７之１號（現場僅供辦公室使用）","No. 87-1, Sec. 2, Xintai 5th Rd., Xizhi Dist., New Taipei City 22165, Taiwan (R.O.C.)","邱O結","02-82211256","","有","有"
"99089028","20030902","20210811","園亞企業社","YUAN YA CO.","新北市汐止區新台５路２段８７之１號（現場僅供辦公室使用）","No. 87-1, Xizhi Dist., New Taipei City 221, Taiwan (R.O.C.)","邱O結","02-8221-1256","","有","有"
"99089189","20030901","20210811","川和企業社","CHUAN GE CO.","新北市汐止區新台五路２段８７之１號（現場僅供辦公室使用）","No. 87-1, Sec. 2, Xintai 5th Rd., Xizhi Dist., New Taipei City 22165, Taiwan (R.O.C.)","莊O土","02-8221-1256","","有","有"
"99089245","20030901","20210811","祥慶企業社","XIANG QING CO.","新北市新莊區中正路８８９之１號（現場僅供辦公室使用）","No. 889-1, Zhongzheng Rd., Xinzhuang Dist., New Taipei City 24257, Taiwan (R.O.C.)","許O華","02-82211256","","有","有"
"99089250","20030901","20210811","億漢企業社","YIK HON CO.","新北市新莊區中正路８８９之１號（現場僅供辦公室使用）","No. 889-1, Zhongzheng Rd., Xinzhuang Dist., New Taipei City 24257, Taiwan (R.O.C.)","許O華","02-8221-1256","","有","有"
"99089266","20030902","20210811","漢億企業社","HAN YI CO.","新北市新莊區中正路８８９之１號（現場僅供辦公室使用）","No. 889-1, Zhongzheng Rd., Xinzhuang Dist., New Taipei City 24257, Taiwan (R.O.C.)","許O華","02-82211256","","有","有"
"99089272","20030902","20210811","大五企業社","DA WU CO.","新北市新莊區中正路８８９之１號（現場僅供辦公室使用）","No. 889-1, Zhongzheng Rd., Xinzhuang Dist., New Taipei City 24257, Taiwan (R.O.C.)","許O華","02-8221-1256","","有","有"
"99089287","20030901","20210811","勝強企業社","SHENG JIANG CO.","新北市新莊區中正路８８９之１號（現場僅供辦公室使用）","No. 889-1, Zhongzheng Rd., Xinzhuang Dist., New Taipei City 24257, Taiwan (R.O.C.)","許O華","02-82211256","","有","有"
"99089293","20030901","20210811","茂勝企業社","MAO SING CO.","新北市新莊區中正路８８９之１號（現場僅供辦公室使用）","No. 889-1, Zhongzheng Rd., Xinzhuang Dist., New Taipei City 24257, Taiwan (R.O.C.)","許O華","02-82211256","","有","有"
"99089300","20030901","20210811","強東企業社","JIANG DONG CO.","新北市新莊區中正路８８９之１號（現場僅供辦公室使用）","No. 889-1, Zhongzheng Rd., Xinzhuang Dist., New Taipei City 24257, Taiwan (R.O.C.)","許O華","02-8221-1256","","有","有"
"99089316","20030901","20210811","信東企業社","SHEN DONG CO.","新北市新莊區中正路８８９之１號（現場僅供辦公室使用）","No. 889-1, Zhongzheng Rd., Xinzhuang Dist., New Taipei City 24257, Taiwan (R.O.C.)","許O華","02-8221-1256","","無","無"
"99089322","20030901","20210811","強勝企業社","JIANG SHENG CO.","新北市新莊區中正路８８９之１號（現場僅供辦公室使用）","No. 889-1, Zhongzheng Rd., Xinzhuang Dist., New Taipei City 24257, Taiwan (R.O.C.)","許O華","02-82211256","","無","無"
"99089337","20030901","20210811","五大企業社","WU DAAI CO.","新北市新莊區中正路８８９之１號（現場僅供辦公室使用）","No. 889-1, Zhongzheng Rd., Xinzhuang Dist., New Taipei City 24257, Taiwan (R.O.C.)","許O華","02-8221-1256","","有","有"
"99089343","20070502","20210811","新重企業社","SHIN CHORNG LED/BULB CO.","新北市板橋區雙十路２段１３０巷２弄２５號１樓（僅得使用一樓）","1 F., No. 25, Aly. 2, Ln. 130, Sec. 2, Shuangshi Rd., Banqiao Dist., New Taipei City 22043, Taiwan (R.O.C.)","謝O裕","02-29905252","02-29909899","有","有"
"99089651","20100818","20210811","華陵企業社","WHISH RAIN ENTERPRISE CO.","新北市板橋區中正路４１３巷２弄５之３號（現場僅供辦公室使用）","No. 5-3, Aly. 2, Ln. 413, Zhongzheng Rd., Banqiao Dist., New Taipei City 22052, Taiwan (R.O.C.)","李O怡","02-29696229","02-29650884","有","有"
"99089744","20031024","20210811","大弘車業行","D.M MOTOR SPORTS CO.","新北市三重區集成路４１號","No. 41, Jicheng Rd., Sanchong Dist., New Taipei City 24144, Taiwan (R.O.C.)","李O萱","02-2974-0591","02-2973-2774","有","有"
"99091609","20030915","20210811","利仲企業社","LI ZHONG CO.","新北市新莊區中正路８８９之１號２樓（現場僅供辦公室使用）","2 F., No. 889-1, Zhongzheng Rd., Xinzhuang Dist., New Taipei City 24257, Taiwan (R.O.C.)","莊O土","02-8221-1256","","有","有"
"99091615","20030915","20210811","川利企業社","CHUEN LEE CO.","新北市新莊區中正路８８９之１號２樓（現場僅供辦公室使用）","2 F., No. 889-1, Zhongzheng Rd., Xinzhuang Dist., New Taipei City 24257, Taiwan (R.O.C.)","莊O土","02-8221-1256","","有","有"
"99091621","20030915","20210811","河川企業社","GE CHUAN CO.","新北市新莊區中正路８８９之１號２樓（現場僅供辦公室使用）","2 F., No. 889-1, Zhongzheng Rd., Xinzhuang Dist., New Taipei City 24257, Taiwan (R.O.C.)","莊O土","02-8221-1256","","有","有"
"99091636","20030915","20210811","仲和企業社","ZHONG GE CO.","新北市新莊區中正路８８９之１號２樓（現場僅供辦公室使用）","2 F., No. 889-1, Zhongzheng Rd., Xinzhuang Dist., New Taipei City 24257, Taiwan (R.O.C.)","莊O土","02-8221-1256","","有","有"
"99092023","20130510","20210811","集雅晶石坊","JYI YEA CRYSTAL CO.","新北市鶯歌區重慶街９９號","No. 99, Chongqing St., Yingge Dist., New Taipei City 23942, Taiwan (R.O.C.)","王O","02-26708448","","有","有"
"99092038","20051227","20230330","鉅振企業社","JYU JHENG ENTERPRISE COMPANY","新北市鶯歌區鶯桃路９１巷４２弄２８號１樓","1 F., No. 28, Aly. 42, Ln. 91, Yingtao Rd., Yingge Dist., New Taipei City 239011, Taiwan (R.O.C.)","曾O益","02-2678-0561","2678-0561","有","有"
"99092255","20030915","20210811","參特企業社","SAAM TE CO.","新北市汐止區新台五路２段８７之１號（現場僅供辦公室使用）","No. 87-1, Sec. 2, Xintai 5th Rd., Xizhi Dist., New Taipei City 22165, Taiwan (R.O.C.)","藍O龍","02-8221-1256","","有","有"
"99092261","20030915","20210811","壹珠企業社","YI ZHU CO.","新北市汐止區新台５路２段８７之１號（現場僅供辦公室使用）","No. 87-1, Xizhi Dist., New Taipei City 221, Taiwan (R.O.C.)","藍O龍","02-8221-1256","","有","有"
"99092277","20030915","20210811","參隆企業社","SAAM LONG CO.","新北市汐止區新台五路２段８７之１號（現場僅供辦公室使用）","No. 87-1, Sec. 2, Xintai 5th Rd., Xizhi Dist., New Taipei City 22165, Taiwan (R.O.C.)","藍O龍","02-8221-1256","","有","有"
"99092282","20030915","20210811","貳特企業社","ER TE CO.","新北市汐止區新台５路２段８７之１號（現場僅供辦公室使用）","No. 87-1, Xizhi Dist., New Taipei City 221, Taiwan (R.O.C.)","藍O龍","02-82211256","","有","有"
"99092298","20030915","20210811","貳珠企業社","YEE ZHU CO.","新北市汐止區新台５路２段８７之１號（現場僅供辦公室使用）","No. 87-1, Xizhi Dist., New Taipei City 221, Taiwan (R.O.C.)","藍O龍","02-8221-1256","","有","有"
"99092305","20030915","20210811","參珠企業社","SAN ZHU CO.","新北市汐止區新台５路２段８７之１號（現場僅供辦公室使用）","No. 87-1, Xizhi Dist., New Taipei City 221, Taiwan (R.O.C.)","藍O龍","02-8221-1256","","有","有"
"99092712","20030915","20210811","傑仲企業社","JIE CHUNG CO.","新北市汐止區新台五路２段８７之１號（現場僅供辦公室使用）","No. 87-1, Sec. 2, Xintai 5th Rd., Xizhi Dist., New Taipei City 22165, Taiwan (R.O.C.)","莊O土","02-8221-1256","","有","有"
"99092728","20030915","20210811","仲揚企業社","ZHONG YANG CO.","新北市汐止區新台５路２段８７之１號（現場僅供辦公室使用）","No. 87-1, Xizhi Dist., New Taipei City 221, Taiwan (R.O.C.)","莊O土","02-8221-1256","","有","有"
"99092733","20030915","20210811","揚仲企業社","YANG ZHONG CO.","新北市汐止區新台５路２段８７之１號（現場僅供辦公室使用）","No. 87-1, Xizhi Dist., New Taipei City 221, Taiwan (R.O.C.)","莊O土","02-8221-1256","","有","有"
"99092749","20030915","20210811","聖川企業社","SING CHUEN CO.","新北市汐止區新台五路２段８７之１號（現場僅供辦公室使用）","No. 87-1, Sec. 2, Xintai 5th Rd., Xizhi Dist., New Taipei City 22165, Taiwan (R.O.C.)","莊O土","02-8221-1256","","有","有"
"99092754","20030915","20210811","川聖企業社","CHUAN SING CO.","新北市汐止區新台５路２段８７之１號（現場僅供辦公室使用）","No. 87-1, Xizhi Dist., New Taipei City 221, Taiwan (R.O.C.)","莊O土","02-8221-1256","","有","有"
"99092760","20030919","20210811","友千企業社","YOU QIAN CO.","新北市汐止區新台五路２段８７之１號（現場僅供辦公室使用）","No. 87-1, Sec. 2, Xintai 5th Rd., Xizhi Dist., New Taipei City 22165, Taiwan (R.O.C.)","藍O彩","02-8221-1256","","有","有"
"99092776","20030919","20210811","壹友企業社","YAT YOU CO.","新北市汐止區新台五路２段８７之１號（現場僅供辦公室使用）","No. 87-1, Sec. 2, Xintai 5th Rd., Xizhi Dist., New Taipei City 22165, Taiwan (R.O.C.)","藍O彩","02-82211256","","有","有"
"99092810","20030919","20210811","貳友企業社","ER YOU CO.","新北市汐止區新台五路２段８７之１號（現場僅供辦公室使用）","No. 87-1, Sec. 2, Xintai 5th Rd., Xizhi Dist., New Taipei City 22165, Taiwan (R.O.C.)","藍O彩","02-8221-1256","","有","有"
"99092826","20030919","20210811","千友企業社","QIAN YOU CO.","新北市汐止區新台五路２段８７之１號（現場僅供辦公室使用）","No. 87-1, Sec. 2, Xintai 5th Rd., Xizhi Dist., New Taipei City 22165, Taiwan (R.O.C.)","藍O彩","02-8221-1256","","有","有"
"99092874","20030919","20210811","貳北企業社","ER BAK CO.","新北市汐止區新台五路２段８７之１號（現場僅供辦公室使用）","No. 87-1, Sec. 2, Xintai 5th Rd., Xizhi Dist., New Taipei City 22165, Taiwan (R.O.C.)","黃O琴","02-8221-1256","","有","有"
"99092889","20030919","20210811","參合企業社","SAN GE CO.","新北市汐止區新台５路２段８７之１號（現場僅供辦公室使用）","No. 87-1, Xizhi Dist., New Taipei City 221, Taiwan (R.O.C.)","許O華","02-82211256","","有","有"
"99092895","20030919","20210811","壹信企業社","YAT SHUN CO.","新北市汐止區新台５路２段８７之１號（現場僅供辦公室使用）","No. 87-1, Xizhi Dist., New Taipei City 221, Taiwan (R.O.C.)","邱O結","02-8221-1256","","有","有"
"99092902","20030919","20210811","參昌企業社","SAN CHEONG CO.","新北市汐止區新台五路２段８７之１號（現場僅供辦公室使用）","No. 87-1, Sec. 2, Xintai 5th Rd., Xizhi Dist., New Taipei City 22165, Taiwan (R.O.C.)","黃O琴","02-82211256","","有","有"
"99092918","20030919","20210811","貳雅企業社","ER YA CO.","新北市汐止區新台５路２段８７之１號（現場僅供辦公室使用）","No. 87-1, Xizhi Dist., New Taipei City 221, Taiwan (R.O.C.)","藍O財","02-8221-1256","","有","有"
"99092924","20030919","20210811","貳瑞企業社","ER RUI CO.","新北市汐止區新台５路２段８７之１號（現場僅供辦公室使用）","No. 87-1, Xizhi Dist., New Taipei City 221, Taiwan (R.O.C.)","藍O財","02-8221-1256","","有","有"
"99092939","20030919","20210811","貳新企業社","ER XIN CO.","新北市汐止區新台五路２段８７之１號（現場僅供辦公室使用）","No. 87-1, Sec. 2, Xintai 5th Rd., Xizhi Dist., New Taipei City 22165, Taiwan (R.O.C.)","藍O財","02-8221-1256","","有","有"
"99092945","20030919","20210811","參新企業社","SAAM XIN CO.","新北市汐止區新台五路２段８７之１號（現場僅供辦公室使用）","No. 87-1, Sec. 2, Xintai 5th Rd., Xizhi Dist., New Taipei City 22165, Taiwan (R.O.C.)","藍O財","02-82211256","","有","有"
"99093183","20030922","20210811","傳波企業社","OPTICAL WAVEGUIDE TECHNOLOGY CO.","新北市新店區吉安街21號3樓","3 F., No. 21, Ji’an St., Xindian Dist., New Taipei City 23159, Taiwan (R.O.C.)","蔡O如","02-29175940","","有","有"
"99093212","20030915","20210811","壹菲企業社","YAT FEI  CO.","新北市新莊區中正路８８９之１號（現場僅供辦公室使用）","No. 889-1, Zhongzheng Rd., Xinzhuang Dist., New Taipei City 24257, Taiwan (R.O.C.)","藍O財","02-82211256","","有","有"
"99093228","20030915","20210811","參菲企業社","SAN FEI CO.","新北市新莊區中正路８８９之１號（現場僅供辦公室使用）","No. 889-1, Zhongzheng Rd., Xinzhuang Dist., New Taipei City 24257, Taiwan (R.O.C.)","藍O財","02-8221-1256","","有","有"
"99093233","20030915","20210811","參弘企業社","SAAM HONG CO.","新北市新莊區中正路８８９之１號（現場僅供辦公室使用）","No. 889-1, Zhongzheng Rd., Xinzhuang Dist., New Taipei City 24257, Taiwan (R.O.C.)","藍O財","02-8221-1256","","有","有"
"99093249","20030915","20210811","貳菲企業社","ER FEI CO.","新北市新莊區中正路８８９之１號（現場僅供辦公室使用）","No. 889-1, Zhongzheng Rd., Xinzhuang Dist., New Taipei City 24257, Taiwan (R.O.C.)","藍O財","02-8221-1256","","有","有"
"99093254","20030915","20210811","壹雅企業社","YAT YA CO.","新北市新莊區中正路８８９之１號（現場僅供辦公室使用）","No. 889-1, Zhongzheng Rd., Xinzhuang Dist., New Taipei City 24257, Taiwan (R.O.C.)","藍O財","02-8221-1256","","有","有"
"99093260","20030915","20210811","十特企業社","SHI DAK  CO.","新北市新莊區中正路８８９之１號２樓（現場僅供辦公室使用）","2 F., No. 889-1, Zhongzheng Rd., Xinzhuang Dist., New Taipei City 24257, Taiwan (R.O.C.)","藍O龍","02-8221-1256","","有","有"
"99093276","20030915","20210811","壹利企業社","YAT LI CO.","新北市新莊區中正路８８９之１號２樓（現場僅供辦公室使用）","2 F., No. 889-1, Zhongzheng Rd., Xinzhuang Dist., New Taipei City 24257, Taiwan (R.O.C.)","藍O龍","02-82211256","","有","有"
"99093281","20030915","20210811","貳弘企業社","ER HONG CO.","新北市新莊區中正路８８９之１號（現場僅供辦公室使用）","No. 889-1, Zhongzheng Rd., Xinzhuang Dist., New Taipei City 24257, Taiwan (R.O.C.)","藍O財","02-8221-1256","","有","有"
"99093304","20030915","20210811","壹隆企業社","YAT LONG CO.","新北市新莊區中正路８８９之１號２樓（現場僅供辦公室使用）","2 F., No. 889-1, Zhongzheng Rd., Xinzhuang Dist., New Taipei City 24257, Taiwan (R.O.C.)","藍O龍","02-82211256","","有","有"
"99093310","20030915","20210811","貳利企業社","YEE LI CO.","新北市新莊區中正路８８９之１號２樓（現場僅供辦公室使用）","2 F., No. 889-1, Zhongzheng Rd., Xinzhuang Dist., New Taipei City 24257, Taiwan (R.O.C.)","藍O龍","02-8221-1256","","有","有"
"99093389","20030919","20210811","十亞企業社","SHI YA CO.","新北市新莊區中正路８８９之１號（現場僅供辦公室使用）","No. 889-1, Zhongzheng Rd., Xinzhuang Dist., New Taipei City 24257, Taiwan (R.O.C.)","許O華","02-8221-1256","","有","有"
"99093395","20030919","20210811","十合企業社","SHI WO CO.","新北市新莊區中正路８８９之１號（現場僅供辦公室使用）","No. 889-1, Zhongzheng Rd., Xinzhuang Dist., New Taipei City 24257, Taiwan (R.O.C.)","許O華","02-8221-1256","","有","有"
"99093402","20030919","20210811","參華企業社","SAAM HUA CO.","新北市新莊區中正路８８９之１號（現場僅供辦公室使用）","No. 889-1, Zhongzheng Rd., Xinzhuang Dist., New Taipei City 24257, Taiwan (R.O.C.)","許O華","02-82211256","","有","有"
"99093418","20030919","20210811","貳川企業社","ER CHUAN CO.","新北市新莊區中正路８８９之１號（現場僅供辦公室使用）","No. 889-1, Zhongzheng Rd., Xinzhuang Dist., New Taipei City 24257, Taiwan (R.O.C.)","許O華","02-8221-1256","","有","有"
"99093424","20030916","20210811","貳隆企業社","ER LONG CO.","新北市新莊區中正路８８９之１號２樓（現場僅供辦公室使用）","2 F., No. 889-1, Zhongzheng Rd., Xinzhuang Dist., New Taipei City 24257, Taiwan (R.O.C.)","藍O龍","02-8221-1256","","有","有"
"99093439","20030919","20210811","貳華企業社","YEE HUA CO.","新北市新莊區中正路８８９之１號（現場僅供辦公室使用）","No. 889-1, Zhongzheng Rd., Xinzhuang Dist., New Taipei City 24257, Taiwan (R.O.C.)","許O華","02-82211256","","有","有"
"99093445","20030919","20210811","十川企業社","SAP CHUEN CO.","新北市新莊區中正路８８９之１號（現場僅供辦公室使用）","No. 889-1, Zhongzheng Rd., Xinzhuang Dist., New Taipei City 24257, Taiwan (R.O.C.)","許O華","02-8221-1256","","有","有"
"99094205","20030919","20210811","十樂企業社","SHI LOK CO.","新北市新莊區中正路８８９之１號（現場僅供辦公室使用）","No. 889-1, Zhongzheng Rd., Xinzhuang Dist., New Taipei City 24257, Taiwan (R.O.C.)","許O華","02-8221-1256","","有","有"
"99094211","20030919","20210811","參川企業社","SAN CHUEN CO.","新北市新莊區中正路８８９之１號（現場僅供辦公室使用）","No. 889-1, Zhongzheng Rd., Xinzhuang Dist., New Taipei City 24257, Taiwan (R.O.C.)","許O華","02-8221-1256","","有","有"
"99094227","20030922","20210811","壹和企業社","YI WO CO.","新北市新莊區中正路８８９之１號（現場僅供辦公室使用）","No. 889-1, Zhongzheng Rd., Xinzhuang Dist., New Taipei City 24257, Taiwan (R.O.C.)","黃O琴","02-8221-1256","","有","有"
"99094232","20030919","20210811","參和企業社","SAN WO CO.","新北市新莊區中正路８８９之１號（現場僅供辦公室使用）","No. 889-1, Zhongzheng Rd., Xinzhuang Dist., New Taipei City 24257, Taiwan (R.O.C.)","黃O琴","02-82211256","","有","有"
"99094248","20030919","20210811","參禾企業社","SAN HAN CO.","新北市新莊區中正路８８９之１號（現場僅供辦公室使用）","No. 889-1, Zhongzheng Rd., Xinzhuang Dist., New Taipei City 24257, Taiwan (R.O.C.)","黃O琴","02-82211256","","有","有"
"99094253","20030919","20210811","壹昌企業社","YI CHEONG CO.","新北市新莊區中正路８８９之１號（現場僅供辦公室使用）","No. 889-1, Zhongzheng Rd., Xinzhuang Dist., New Taipei City 24257, Taiwan (R.O.C.)","黃O琴","02-8221-1256","","有","有"
"99094269","20030919","20210811","壹禾企業社","YAT GE CO.","新北市新莊區中正路８８９之１號（現場僅供辦公室使用）","No. 889-1, Zhongzheng Rd., Xinzhuang Dist., New Taipei City 24257, Taiwan (R.O.C.)","黃O琴","02-8221-1256","","有","有"
"99094275","20030919","20210811","參財企業社","SAN CAI CO.","新北市新莊區中正路８８９之１號（現場僅供辦公室使用）","No. 889-1, Zhongzheng Rd., Xinzhuang Dist., New Taipei City 24257, Taiwan (R.O.C.)","邱O珠","02-82211256","","有","有"
"99094280","20030919","20210811","壹北企業社","YI BEI CO.","新北市新莊區中正路８８９之１號（現場僅供辦公室使用）","No. 889-1, Zhongzheng Rd., Xinzhuang Dist., New Taipei City 24257, Taiwan (R.O.C.)","黃O琴","02-8221-1256","","有","有"
"99094296","20030919","20210811","壹財企業社","YAT CAI CO.","新北市新莊區中正路８８９之１號（現場僅供辦公室使用）","No. 889-1, Zhongzheng Rd., Xinzhuang Dist., New Taipei City 24257, Taiwan (R.O.C.)","邱O珠","02-8221-1256","","有","有"
"99094303","20030918","20210811","貳財企業社","ER CHOI CO.","新北市新莊區中正路８８９之１號（現場僅供辦公室使用）","No. 889-1, Zhongzheng Rd., Xinzhuang Dist., New Taipei City 24257, Taiwan (R.O.C.)","邱O珠","02-8221-1256","","有","有"
"99094319","20030919","20210811","貳禾企業社","ER WO CO.","新北市新莊區中正路８８９之１號（現場僅供辦公室使用）","No. 889-1, Zhongzheng Rd., Xinzhuang Dist., New Taipei City 24257, Taiwan (R.O.C.)","黃O琴","02-82211256","","有","有"
"99094325","20030919","20210811","壹川企業社","YAT CHUEN CO.","新北市新莊區中正路８８９之１號（現場僅供辦公室使用）","No. 889-1, Zhongzheng Rd., Xinzhuang Dist., New Taipei City 24257, Taiwan (R.O.C.)","許O華","02-8221-1256","","有","有"
"99094330","20030919","20210811","小瑞企業社","XIAO RHU CO.","新北市新莊區中正路８８９之１號（現場僅供辦公室使用）","No. 889-1, Zhongzheng Rd., Xinzhuang Dist., New Taipei City 24257, Taiwan (R.O.C.)","邱O珠","02-82211256","","有","有"
"99094346","20030919","20210811","貳和企業社","YEE GE CO.","新北市新莊區中正路８８９之１號（現場僅供辦公室使用）","No. 889-1, Zhongzheng Rd., Xinzhuang Dist., New Taipei City 24257, Taiwan (R.O.C.)","黃O琴","02-8221-1256","","有","有"
"99094351","20030919","20210811","參瑞企業社","SAN RHU CO.","新北市新莊區中正路８８９之１號（現場僅供辦公室使用）","No. 889-1, Zhongzheng Rd., Xinzhuang Dist., New Taipei City 24257, Taiwan (R.O.C.)","邱O珠","02-82211256","","有","有"
"99094367","20030919","20210811","貳進企業社","ER JIN CO.","新北市新莊區中正路８８９之１號（現場僅供辦公室使用）","No. 889-1, Zhongzheng Rd., Xinzhuang Dist., New Taipei City 24257, Taiwan (R.O.C.)","邱O珠","02-8221-1256","","有","有"
"99094373","20030919","20210811","大瑞企業社","DA RUI CO.","新北市新莊區中正路８８９之１號（現場僅供辦公室使用）","No. 889-1, Zhongzheng Rd., Xinzhuang Dist., New Taipei City 24257, Taiwan (R.O.C.)","邱O珠","02-8221-1256","","有","有"
"99094417","20030916","20210811","貳清企業社","ER QING CO.","新北市新莊區中正路８８９之１號２樓（現場僅供辦公室使用）","2 F., No. 889-1, Zhongzheng Rd., Xinzhuang Dist., New Taipei City 24257, Taiwan (R.O.C.)","邱O結","02-8221-1256","","有","有"
"99094423","20030916","20210811","貳森企業社","ER SEN CO.","新北市新莊區中正路８８９之１號２樓（現場僅供辦公室使用）","2 F., No. 889-1, Zhongzheng Rd., Xinzhuang Dist., New Taipei City 24257, Taiwan (R.O.C.)","邱O結","02-8221-1256","","有","有"
"99094438","20030916","20210811","貳聖企業社","ER SHENG CO.","新北市新莊區中正路８８９之１號２樓（現場僅供辦公室使用）","2 F., No. 889-1, Zhongzheng Rd., Xinzhuang Dist., New Taipei City 24257, Taiwan (R.O.C.)","藍O淵","02-8221-1256","","有","有"
"99094444","20030918","20210811","八傑企業社","BA JIE CO.","新北市新莊區中正路８８９之１號（現場僅供辦公室使用）","No. 889-1, Zhongzheng Rd., Xinzhuang Dist., New Taipei City 24257, Taiwan (R.O.C.)","黃O琴","02-8221-1256","","有","有"
"99094704","20030919","20210811","參揚企業社","SAN YEUNG CO.","新北市汐止區新台五路２段８７之１號（現場僅供辦公室使用）","No. 87-1, Sec. 2, Xintai 5th Rd., Xizhi Dist., New Taipei City 22165, Taiwan (R.O.C.)","黃O琴","02-82211256","","有","有"
"99094710","20030919","20210811","參亞企業社","SAAM YA CO.","新北市汐止區新台５路２段８７之１號（現場僅供辦公室使用）","No. 87-1, Xizhi Dist., New Taipei City 221, Taiwan (R.O.C.)","許O華","02-82211256","","有","有"
"99094726","20030919","20210811","貳亞企業社","YAT NGA CO.","新北市汐止區新台５路２段８７之１號（現場僅供辦公室使用）","No. 87-1, Xizhi Dist., New Taipei City 221, Taiwan (R.O.C.)","許O華","02-8221-1256","","有","有"
"99094731","20030919","20210811","貳揚企業社","ER YANG CO.","新北市汐止區新台５路２段８７之１號（現場僅供辦公室使用）","No. 87-1, Xizhi Dist., New Taipei City 221, Taiwan (R.O.C.)","黃O琴","02-82211256","","有","有"
"99094747","20030919","20210811","參雅企業社","SAAM NGA CO.","新北市汐止區新台５路２段８７之１號（現場僅供辦公室使用）","No. 87-1, Xizhi Dist., New Taipei City 221, Taiwan (R.O.C.)","藍O財","02-82211256","","有","有"
"99094752","20030919","20210811","壹東企業社","YI DUNG CO.","新北市汐止區新台５路２段８７之１號（現場僅供辦公室使用）","No. 87-1, Xizhi Dist., New Taipei City 221, Taiwan (R.O.C.)","黃O琴","02-8221-1256","","有","有"
"99094774","20030919","20210811","參北企業社","SAN BEI CO.","新北市汐止區新台五路２段８７之１號（現場僅供辦公室使用）","No. 87-1, Sec. 2, Xintai 5th Rd., Xizhi Dist., New Taipei City 22165, Taiwan (R.O.C.)","黃O琴","02-82211256","","有","有"
"99094789","20030919","20210811","壹亞企業社","YEE NGA CO.","新北市汐止區新台五路２段８７之１號（現場僅供辦公室使用）","No. 87-1, Sec. 2, Xintai 5th Rd., Xizhi Dist., New Taipei City 22165, Taiwan (R.O.C.)","許O華","02-8221-1256","","有","有"
"99094795","20030919","20210811","壹新企業社","YAT XIN CO.","新北市汐止區新台五路２段８７之１號（現場僅供辦公室使用）","No. 87-1, Sec. 2, Xintai 5th Rd., Xizhi Dist., New Taipei City 22165, Taiwan (R.O.C.)","藍O財","02-8221-1256","","有","有"
"99094802","20030919","20210811","貳東企業社","ER DUNG CO.","新北市汐止區新台五路２段８７之１號（現場僅供辦公室使用）","No. 87-1, Sec. 2, Xintai 5th Rd., Xizhi Dist., New Taipei City 22165, Taiwan (R.O.C.)","黃O琴","02-8221-1256","","有","有"
"99094818","20030919","20210811","貳信企業社","ER SHUN CO.","新北市汐止區新台５路２段８７之１號（現場僅供辦公室使用）","No. 87-1, Xizhi Dist., New Taipei City 221, Taiwan (R.O.C.)","邱O結","02-8221-1256","","有","有"
"99094824","20030919","20210811","壹華企業社","YEE FA CO.","新北市汐止區新台五路２段８７之１號（現場僅供辦公室使用）","No. 87-1, Sec. 2, Xintai 5th Rd., Xizhi Dist., New Taipei City 22165, Taiwan (R.O.C.)","許O華","02-8221-1256","","有","有"
"99094839","20030919","20210811","壹瑞企業社","YI RUI CO.","新北市汐止區新台五路２段８７之１號（現場僅供辦公室使用）","No. 87-1, Sec. 2, Xintai 5th Rd., Xizhi Dist., New Taipei City 22165, Taiwan (R.O.C.)","藍O財","02-82211256","","有","有"
"99094845","20030919","20210811","參東企業社","SAN DUNG CO.","新北市汐止區新台５路２段８７之１號（現場僅供辦公室使用）","No. 87-1, Xizhi Dist., New Taipei City 221, Taiwan (R.O.C.)","黃O琴","02-82211256","","有","有"
"99094850","20030919","20210811","貳昌企業社","ER CHONG CO.","新北市汐止區新台五路２段８７之１號（現場僅供辦公室使用）","No. 87-1, Sec. 2, Xintai 5th Rd., Xizhi Dist., New Taipei City 22165, Taiwan (R.O.C.)","黃O琴","02-8221-1256","","有","有"
"99095020","20030919","20210811","壹揚企業社","YI YEUNG CO.","新北市汐止區新台五路２段８７之１號（現場僅供辦公室使用）","No. 87-1, Sec. 2, Xintai 5th Rd., Xizhi Dist., New Taipei City 22165, Taiwan (R.O.C.)","黃O琴","02-82211256","","有","有"
"99095204","20030918","20210811","壹靖企業社","YAT JING CO.","新北市新莊區中正路８８９之１號２樓（現場僅供辦公室使用）","2 F., No. 889-1, Zhongzheng Rd., Xinzhuang Dist., New Taipei City 24257, Taiwan (R.O.C.)","邱O結","02-8221-1256","","有","有"
"99095210","20030916","20210811","參靖企業社","SAAM JING CO.","新北市新莊區中正路８８９之１號２樓（現場僅供辦公室使用）","2 F., No. 889-1, Zhongzheng Rd., Xinzhuang Dist., New Taipei City 24257, Taiwan (R.O.C.)","邱O結","02-8221-1256","","有","有"
"99095226","20030916","20210811","壹森企業社","YI SAM CO.","新北市新莊區中正路８８９之１號２樓（現場僅供辦公室使用）","2 F., No. 889-1, Zhongzheng Rd., Xinzhuang Dist., New Taipei City 24257, Taiwan (R.O.C.)","邱O結","02-8221-1256","","有","有"
"99095231","20030916","20210811","參森企業社","SAN SEN CO.","新北市新莊區中正路８８９之１號２樓（現場僅供辦公室使用）","2 F., No. 889-1, Zhongzheng Rd., Xinzhuang Dist., New Taipei City 24257, Taiwan (R.O.C.)","邱O結","02-8221-1256","","有","有"
"99095247","20030918","20210811","十傑企業社","SHI JIE CO.","新北市新莊區中正路８８９之１號（現場僅供辦公室使用）","No. 889-1, Zhongzheng Rd., Xinzhuang Dist., New Taipei City 24257, Taiwan (R.O.C.)","黃O琴","02-8221-1256","","有","有"
"99095252","20030918","20210811","九傑企業社","JIU JIE CO.","新北市新莊區中正路８８９之１號（現場僅供辦公室使用）","No. 889-1, Zhongzheng Rd., Xinzhuang Dist., New Taipei City 24257, Taiwan (R.O.C.)","黃O琴","02-8221-1256","","有","有"
"99095268","20030916","20210811","貳達企業社","ER DAAT CO.","新北市新莊區中正路８８９之１號２樓（現場僅供辦公室使用）","2 F., No. 889-1, Zhongzheng Rd., Xinzhuang Dist., New Taipei City 24257, Taiwan (R.O.C.)","藍O淵","02-8221-1256","","有","有"
"99095274","20030916","20210811","參達企業社","SAN DAAT CO.","新北市新莊區中正路８８９之１號２樓（現場僅供辦公室使用）","2 F., No. 889-1, Zhongzheng Rd., Xinzhuang Dist., New Taipei City 24257, Taiwan (R.O.C.)","藍O淵","02-8221-1256","","有","有"
"99095289","20030918","20210811","八雨企業社","BA YUE CO.","新北市新莊區中正路８８９之１號（現場僅供辦公室使用）","No. 889-1, Zhongzheng Rd., Xinzhuang Dist., New Taipei City 24257, Taiwan (R.O.C.)","黃O琴","02-8221-1256","","有","有"
"99095295","20030916","20210811","參聖企業社","SAAM SHENG CO.","新北市新莊區中正路８８９之１號２樓（現場僅供辦公室使用）","2 F., No. 889-1, Zhongzheng Rd., Xinzhuang Dist., New Taipei City 24257, Taiwan (R.O.C.)","藍O淵","02-8221-1256","","有","有"
"99095302","20030918","20210811","九仲企業社","GAU CHUNG CO.","新北市新莊區中正路８８９之１號（現場僅供辦公室使用）","No. 889-1, Zhongzheng Rd., Xinzhuang Dist., New Taipei City 24257, Taiwan (R.O.C.)","黃O琴","02-8221-1256","","有","有"
"99095318","20030918","20210811","九雨企業社","JIU YU CO.","新北市新莊區中正路８８９之１號（現場僅供辦公室使用）","No. 889-1, Zhongzheng Rd., Xinzhuang Dist., New Taipei City 24257, Taiwan (R.O.C.)","黃O琴","02-8221-1256","","有","有"
"99095324","20030916","20210811","壹達企業社","YI DAAT CO.","新北市新莊區中正路８８９之１號２樓（現場僅供辦公室使用）","2 F., No. 889-1, Zhongzheng Rd., Xinzhuang Dist., New Taipei City 24257, Taiwan (R.O.C.)","藍O淵","02-8221-1256","","有","有"
"99095339","20030916","20210811","壹成企業社","YAT CHENG CO.","新北市新莊區中正路８８９之１號２樓（現場僅供辦公室使用）","2 F., No. 889-1, Zhongzheng Rd., Xinzhuang Dist., New Taipei City 24257, Taiwan (R.O.C.)","藍O淵","02-8221-1256","","有","有"
"99095345","20030922","20210811","八仲企業社","BAAT ZHONG CO.","新北市新莊區中正路８８９之１號（現場僅供辦公室使用）","No. 889-1, Zhongzheng Rd., Xinzhuang Dist., New Taipei City 24257, Taiwan (R.O.C.)","黃O琴","02-8221-1256","","有","有"
"99095350","20030916","20210811","壹聖企業社","YAT SHING CO.","新北市新莊區中正路８８９之１號２樓（現場僅供辦公室使用）","2 F., No. 889-1, Zhongzheng Rd., Xinzhuang Dist., New Taipei City 24257, Taiwan (R.O.C.)","藍O淵","02-8221-1256","","有","有"
"99095366","20030918","20210811","十仲企業社","SAP ZHONG CO.","新北市新莊區中正路８８９之１號（現場僅供辦公室使用）","No. 889-1, Zhongzheng Rd., Xinzhuang Dist., New Taipei City 24257, Taiwan (R.O.C.)","黃O琴","02-8221-1256","","有","有"
"99095372","20030919","20210811","貳靖企業社","ER JING CO.","新北市新莊區中正路８８９之１號２樓（現場僅供辦公室使用）","2 F., No. 889-1, Zhongzheng Rd., Xinzhuang Dist., New Taipei City 24257, Taiwan (R.O.C.)","邱O結","02-8221-1256","","有","有"
"99095387","20030916","20210811","壹清企業社","YAT QING CO.","新北市新莊區中正路８８９之１號２樓（現場僅供辦公室使用）","2 F., No. 889-1, Zhongzheng Rd., Xinzhuang Dist., New Taipei City 24257, Taiwan (R.O.C.)","邱O結","02-8221-1256","","有","有"
"99095393","20030916","20210811","參清企業社","SAAM QING CO.","新北市新莊區中正路８８９之１號２樓（現場僅供辦公室使用）","2 F., No. 889-1, Zhongzheng Rd., Xinzhuang Dist., New Taipei City 24257, Taiwan (R.O.C.)","邱O結","02-8221-1256","","有","有"
"99095400","20030916","20210811","參泰企業社","SAAM TAI CO.","新北市新莊區中正路８８９之１號２樓（現場僅供辦公室使用）","2 F., No. 889-1, Zhongzheng Rd., Xinzhuang Dist., New Taipei City 24257, Taiwan (R.O.C.)","邱O結","02-8221-1256","","有","有"
"99097456","20030923","20210811","捌樂企業社","BA LE CO.","新北市新莊區中正路８８９之１號（現場僅供辦公室使用）","No. 889-1, Zhongzheng Rd., Xinzhuang Dist., New Taipei City 24257, Taiwan (R.O.C.)","邱O珠","02-8221-1256","","有","有"
"99097462","20030923","20210811","玖合企業社","JIU GE CO.","新北市新莊區中正路８８９之１號（現場僅供辦公室使用）","No. 889-1, Zhongzheng Rd., Xinzhuang Dist., New Taipei City 24257, Taiwan (R.O.C.)","邱O珠","02-8221-1256","","有","有"
"99097478","20030923","20210811","八森企業社","BA SEN CO.","新北市新莊區中正路８８９之１號（現場僅供辦公室使用）","No. 889-1, Zhongzheng Rd., Xinzhuang Dist., New Taipei City 24257, Taiwan (R.O.C.)","邱O結","02-8221-1256","","有","有"
"99098390","20030923","20210811","上信企業社","SHANG SHEN CO.","新北市汐止區新台五路２段８７之１號（現場僅供辦公室使用）","No. 87-1, Sec. 2, Xintai 5th Rd., Xizhi Dist., New Taipei City 22165, Taiwan (R.O.C.)","許O華","02-8221-1256","","有","有"
"99098407","20030923","20210811","九冠企業社","JIU GUAN CO.","新北市汐止區新台五路２段８７之１號（現場僅供辦公室使用）","No. 87-1, Sec. 2, Xintai 5th Rd., Xizhi Dist., New Taipei City 22165, Taiwan (R.O.C.)","許O華","02-8221-1256","","有","有"
"99098413","20030929","20210811","尚信企業社","SHUI CHAN CO.","新北市汐止區新台五路２段８７之１（現場僅供辦公室使用）","Sec. 2, Xintai 5th Rd., Xizhi Dist., New Taipei City 221, Taiwan (R.O.C.)","許O華","02-82211256","","有","有"
"99098429","20030923","20210811","九志企業社","JIU ZHI CO.","新北市汐止區新台五路２段８７之１號（現場僅供辦公室使用）","No. 87-1, Sec. 2, Xintai 5th Rd., Xizhi Dist., New Taipei City 22165, Taiwan (R.O.C.)","許O華","02-8221-1256","","有","有"
"99098434","20030923","20210811","武信企業社","WU SHUN CO.","新北市汐止區新台５路２段８７之１號（現場僅供辦公室使用）","No. 87-1, Xizhi Dist., New Taipei City 221, Taiwan (R.O.C.)","許O華","02-8221-1256","","有","有"
"99098461","20030924","20210811","九聖企業社","NINE SHENG CO.","新北市汐止區新台五路２段８７之１號（現場僅供辦公室使用）","No. 87-1, Sec. 2, Xintai 5th Rd., Xizhi Dist., New Taipei City 22165, Taiwan (R.O.C.)","邱O結","02-82211256","","有","有"
"99098477","20030924","20210811","玖華企業社","NINE HUA  CO.","新北市汐止區新台５路２段８７之１號（現場僅供辦公室使用）","No. 87-1, Xizhi Dist., New Taipei City 221, Taiwan (R.O.C.)","邱O結","02-82211256","","有","有"
"99099481","20030923","20210811","十達企業社","SAP DAAT CO.","新北市新莊區中正路８８９之１號（現場僅供辦公室使用）","No. 889-1, Zhongzheng Rd., Xinzhuang Dist., New Taipei City 24257, Taiwan (R.O.C.)","邱O結","02-8221-1256","","有","有"
"99099497","20030923","20210811","九森企業社","JIU SEN CO.","新北市新莊區中正路８８９之１號（現場僅供辦公室使用）","No. 889-1, Zhongzheng Rd., Xinzhuang Dist., New Taipei City 24257, Taiwan (R.O.C.)","邱O結","02-8221-1256","","有","有"
"99099503","20030923","20210811","十森企業社","SHI SEN CO.","新北市新莊區中正路８８９之１號（現場僅供辦公室使用）","No. 889-1, Zhongzheng Rd., Xinzhuang Dist., New Taipei City 24257, Taiwan (R.O.C.)","邱O結","02-8221-1256","","有","有"
"99099519","20030923","20210811","玖達企業社","JIU DAAT CO.","新北市新莊區中正路８８９之１號（現場僅供辦公室使用）","No. 889-1, Zhongzheng Rd., Xinzhuang Dist., New Taipei City 24257, Taiwan (R.O.C.)","邱O結","02-8221-1256","","有","有"
"99099525","20030923","20210811","八聖企業社","BA SING CO.","新北市新莊區中正路８８９之１號（現場僅供辦公室使用）","No. 889-1, Zhongzheng Rd., Xinzhuang Dist., New Taipei City 24257, Taiwan (R.O.C.)","邱O結","02-8221-1256","","有","有"
"99099530","20030923","20210811","捌弗企業社","BA FU CO.","新北市新莊區中正路８８９之１號（現場僅供辦公室使用）","No. 889-1, Zhongzheng Rd., Xinzhuang Dist., New Taipei City 24257, Taiwan (R.O.C.)","藍O彩","02-8221-1256","","有","有"
"99099546","20030923","20210811","八利企業社","BA LEE CO.","新北市新莊區中正路８８９之１號（現場僅供辦公室使用）","No. 889-1, Zhongzheng Rd., Xinzhuang Dist., New Taipei City 24257, Taiwan (R.O.C.)","藍O彩","02-8221-1256","","有","有"
"99099601","20030926","20210811","六龍企業社","LIU LONG CO.","新北市新莊區中正路８８９之１號２樓（現場僅供辦公室使用）","2 F., No. 889-1, Zhongzheng Rd., Xinzhuang Dist., New Taipei City 24257, Taiwan (R.O.C.)","莊O土","02-8221-1256","","有","有"
"99099617","20030926","20210811","八靖企業社","BA QING CO.","新北市新莊區中正路８８９之１號２樓（現場僅供辦公室使用）","2 F., No. 889-1, Zhongzheng Rd., Xinzhuang Dist., New Taipei City 24257, Taiwan (R.O.C.)","藍O淵","02-8221-1256","","有","有"
"99099623","20030926","20210811","玖昌企業社","NINE CHANG CO.","新北市新莊區中正路８８９之１號２樓（現場僅供辦公室使用）","2 F., No. 889-1, Zhongzheng Rd., Xinzhuang Dist., New Taipei City 24257, Taiwan (R.O.C.)","藍O淵","02-8221-1256","","有","有"
"99099638","20030926","20210811","捌和企業社","FA HE CO.","新北市新莊區中正路８８９之１號２樓（現場僅供辦公室使用）","2 F., No. 889-1, Zhongzheng Rd., Xinzhuang Dist., New Taipei City 24257, Taiwan (R.O.C.)","藍O淵","02-8221-1256","","有","有"
"99099644","20030926","20210811","八揚企業社","EIGHT YANG CO.","新北市新莊區中正路８８９之１號２樓（現場僅供辦公室使用）","2 F., No. 889-1, Zhongzheng Rd., Xinzhuang Dist., New Taipei City 24257, Taiwan (R.O.C.)","藍O淵","02-8221-1256","","有","有"
"99099659","20030926","20210811","拾太企業社","HEK TAAT CO.","新北市新莊區中正路８８９之１號２樓（現場僅供辦公室使用）","2 F., No. 889-1, Zhongzheng Rd., Xinzhuang Dist., New Taipei City 24257, Taiwan (R.O.C.)","藍O淵","02-8221-1256","","有","有"
"99099665","20030926","20210811","十靖企業社","TEN XING CO.","新北市新莊區中正路８８９之１號２樓（現場僅供辦公室使用）","2 F., No. 889-1, Zhongzheng Rd., Xinzhuang Dist., New Taipei City 24257, Taiwan (R.O.C.)","藍O淵","02-8221-1256","","有","有"
"99099671","20030926","20210811","玖太企業社","GAU TOI CO.","新北市新莊區中正路８８９之１號２樓（現場僅供辦公室使用）","2 F., No. 889-1, Zhongzheng Rd., Xinzhuang Dist., New Taipei City 24257, Taiwan (R.O.C.)","藍O淵","02-8221-1256","","有","有"
"99099686","20030926","20210811","拾昌企業社","TEN CHANG CO.","新北市新莊區中正路８８９之１號２樓（現場僅供辦公室使用）","2 F., No. 889-1, Zhongzheng Rd., Xinzhuang Dist., New Taipei City 24257, Taiwan (R.O.C.)","藍O淵","02-8221-1256","","有","有"
"99099692","20030926","20210811","拾和企業社","TEN HE CO.","新北市新莊區中正路８８９之１號２樓（現場僅供辦公室使用）","2 F., No. 889-1, Zhongzheng Rd., Xinzhuang Dist., New Taipei City 24257, Taiwan (R.O.C.)","藍O淵","02-8221-1256","","有","有"
"99099709","20030926","20210811","捌昌企業社","FA CHEONG CO.","新北市新莊區中正路８８９之１號２樓（現場僅供辦公室使用）","2 F., No. 889-1, Zhongzheng Rd., Xinzhuang Dist., New Taipei City 24257, Taiwan (R.O.C.)","藍O淵","02-8221-1256","","有","有"
"99099715","20030926","20210811","玖和企業社","NINE HE CO.","新北市新莊區中正路８８９之１號２樓（現場僅供辦公室使用）","2 F., No. 889-1, Zhongzheng Rd., Xinzhuang Dist., New Taipei City 24257, Taiwan (R.O.C.)","藍O淵","02-8221-1256","","有","有"
"99099721","20030926","20210811","十泰企業社","TEN TOI CO.","新北市新莊區中正路８８９之１號２樓（現場僅供辦公室使用）","2 F., No. 889-1, Zhongzheng Rd., Xinzhuang Dist., New Taipei City 24257, Taiwan (R.O.C.)","藍O淵","02-8221-1256","","有","有"
"99099736","20030926","20210811","捌太企業社","EIGHT TOI CO.","新北市新莊區中正路８８９之１號２樓（現場僅供辦公室使用）","2 F., No. 889-1, Zhongzheng Rd., Xinzhuang Dist., New Taipei City 24257, Taiwan (R.O.C.)","藍O淵","02-8221-1256","","有","有"
"99099742","20030926","20210811","九南企業社","JAU NAN CO.","新北市新莊區中正路８８９之１號２樓（現場僅供辦公室使用）","2 F., No. 889-1, Zhongzheng Rd., Xinzhuang Dist., New Taipei City 24257, Taiwan (R.O.C.)","藍O淵","02-8221-1256","","有","有"
"99099757","20030926","20210811","十揚企業社","TEN XIANG CO.","新北市新莊區中正路８８９之１號２樓（現場僅供辦公室使用）","2 F., No. 889-1, Zhongzheng Rd., Xinzhuang Dist., New Taipei City 24257, Taiwan (R.O.C.)","藍O淵","02-8221-1256","","有","有"
"99099763","20030926","20210811","九揚企業社","NINE YANG CO.","新北市新莊區中正路８８９之１號２樓（現場僅供辦公室使用）","2 F., No. 889-1, Zhongzheng Rd., Xinzhuang Dist., New Taipei City 24257, Taiwan (R.O.C.)","藍O淵","02-8221-1256","","有","有"
"99099779","20030926","20210811","八泰企業社","FA CHI CO.","新北市新莊區中正路８８９之１號２樓（現場僅供辦公室使用）","2 F., No. 889-1, Zhongzheng Rd., Xinzhuang Dist., New Taipei City 24257, Taiwan (R.O.C.)","藍O淵","02-8221-1256","","有","有"
"99099784","20030926","20210811","九靖企業社","NINE HING CO.","新北市新莊區中正路８８９之１號２樓（現場僅供辦公室使用）","2 F., No. 889-1, Zhongzheng Rd., Xinzhuang Dist., New Taipei City 24257, Taiwan (R.O.C.)","藍O淵","02-8221-1256","","有","有"
"99099790","20030926","20210811","捌玖企業社","EIGHT JAU CO.","新北市新莊區中正路８８９之１號２樓（現場僅供辦公室使用）","2 F., No. 889-1, Zhongzheng Rd., Xinzhuang Dist., New Taipei City 24257, Taiwan (R.O.C.)","藍O淵","02-8221-1256","","有","有"
"99099807","20030926","20210811","十南企業社","TEN NAN CO.","新北市新莊區中正路８８９之１號２樓（現場僅供辦公室使用）","2 F., No. 889-1, Zhongzheng Rd., Xinzhuang Dist., New Taipei City 24257, Taiwan (R.O.C.)","藍O淵","02-8221-1256","","有","有"
"99099813","20030926","20210811","八南企業社","EIGHT NAN CO.","新北市新莊區中正路８８９之１號２樓（現場僅供辦公室使用）","2 F., No. 889-1, Zhongzheng Rd., Xinzhuang Dist., New Taipei City 24257, Taiwan (R.O.C.)","藍O淵","02-8221-1256","","有","有"
"99099829","20030926","20210811","十太企業社","TEN TAI CO.","新北市新莊區中正路８８９之１號２樓（現場僅供辦公室使用）","2 F., No. 889-1, Zhongzheng Rd., Xinzhuang Dist., New Taipei City 24257, Taiwan (R.O.C.)","藍O淵","02-8221-1256","","有","有"
"99099834","20030926","20210811","九泰企業社","NINE TAI CO.","新北市新莊區中正路８８９之１號２樓（現場僅供辦公室使用）","2 F., No. 889-1, Zhongzheng Rd., Xinzhuang Dist., New Taipei City 24257, Taiwan (R.O.C.)","藍O淵","02-8221-1256","","有","有"
"99099840","20030924","20210811","九利企業社","NINE LI CO.","新北市新莊區中正路８８９之１號（現場僅供辦公室使用）","No. 889-1, Zhongzheng Rd., Xinzhuang Dist., New Taipei City 24257, Taiwan (R.O.C.)","藍O彩","02-82211256","","有","有"
"99099855","20030924","20210811","玖弗企業社","NINE FU CO.","新北市新莊區中正路８８９之１號（現場僅供辦公室使用）","No. 889-1, Zhongzheng Rd., Xinzhuang Dist., New Taipei City 24257, Taiwan (R.O.C.)","藍O彩","02-82211256","","有","有"
"99099861","20030926","20210811","拾弗企業社","SI FU CO.","新北市新莊區中正路８８９之１號（現場僅供辦公室使用）","No. 889-1, Zhongzheng Rd., Xinzhuang Dist., New Taipei City 24257, Taiwan (R.O.C.)","藍O彩","02-8221-1256","","有","有"
"99099877","20030924","20210811","十利企業社","TEN LI CO.","新北市新莊區中正路８８９之１號（現場僅供辦公室使用）","No. 889-1, Zhongzheng Rd., Xinzhuang Dist., New Taipei City 24257, Taiwan (R.O.C.)","藍O彩","02-82211256","","有","有"
"99099882","20030926","20210811","捌達企業社","BA DAAT CO.","新北市新莊區中正路８８９之１號（現場僅供辦公室使用）","No. 889-1, Zhongzheng Rd., Xinzhuang Dist., New Taipei City 24257, Taiwan (R.O.C.)","邱O結","02-8221-1256","","有","有"
"99099898","20030924","20210811","拾合企業社","TEN HAN CO.","新北市新莊區中正路８８９之１號（現場僅供辦公室使用）","No. 889-1, Zhongzheng Rd., Xinzhuang Dist., New Taipei City 24257, Taiwan (R.O.C.)","邱O珠","02-82211256","","有","有"
"99099905","20030926","20210811","十龍企業社","SHI LONG CO.","新北市新莊區中正路８８９之１號２樓（現場僅供辦公室使用）","2 F., No. 889-1, Zhongzheng Rd., Xinzhuang Dist., New Taipei City 24257, Taiwan (R.O.C.)","藍O龍","02-8221-1256","","有","有"
"99099911","20030926","20210811","九弘企業社","NINE HONG CO.","新北市新莊區中正路８８９之１號２樓（現場僅供辦公室使用）","2 F., No. 889-1, Zhongzheng Rd., Xinzhuang Dist., New Taipei City 24257, Taiwan (R.O.C.)","藍O龍","02-8221-1256","","有","有"
"99099927","20030926","20210811","九菲企業社","NINE FEI CO.","新北市新莊區中正路８８９之１號２樓（現場僅供辦公室使用）","2 F., No. 889-1, Zhongzheng Rd., Xinzhuang Dist., New Taipei City 24257, Taiwan (R.O.C.)","藍O龍","02-8221-1256","","有","有"
"99099932","20030926","20210811","十雲企業社","SHI YUN CO.","新北市新莊區中正路８８９之１號２樓（現場僅供辦公室使用）","2 F., No. 889-1, Zhongzheng Rd., Xinzhuang Dist., New Taipei City 24257, Taiwan (R.O.C.)","藍O龍","02-8221-1256","","有","有"
"99099948","20030926","20210811","九伸企業社","NINE SHEN CO.","新北市新莊區中正路８８９之１號（現場僅供辦公室使用）","No. 889-1, Zhongzheng Rd., Xinzhuang Dist., New Taipei City 24257, Taiwan (R.O.C.)","藍O龍","02-8221-1256","","有","有"
"99099953","20030926","20210811","九雲企業社","JAU YUN CO.","新北市新莊區中正路８８９之１號２樓（現場僅供辦公室使用）","2 F., No. 889-1, Zhongzheng Rd., Xinzhuang Dist., New Taipei City 24257, Taiwan (R.O.C.)","藍O龍","02-8221-1256","","有","有"
"99099969","20030926","20210811","五雲企業社","FIVE YUN CO.","新北市新莊區中正路８８９之１號２樓（現場僅供辦公室使用）","2 F., No. 889-1, Zhongzheng Rd., Xinzhuang Dist., New Taipei City 24257, Taiwan (R.O.C.)","莊O土","02-8221-1256","","有","有"
"99099975","20030926","20210811","七雲企業社","QI WAN CO.","新北市新莊區中正路８８９之１號２樓（現場僅供辦公室使用）","2 F., No. 889-1, Zhongzheng Rd., Xinzhuang Dist., New Taipei City 24257, Taiwan (R.O.C.)","莊O土","02-8221-1256","","有","有"
"99099980","20030926","20210811","捌亞企業社","BA NGA CO.","新北市汐止區新台５路２段８７之１號（現場僅供辦公室使用）","No. 87-1, Xizhi Dist., New Taipei City 221, Taiwan (R.O.C.)","邱O結","02-8221-1256","","有","有"
"99099996","20030924","20210811","十聖企業社","TEN SING CO.","新北市汐止區新台五路２段８７之１號（現場僅供辦公室使用）","No. 87-1, Sec. 2, Xintai 5th Rd., Xizhi Dist., New Taipei City 22165, Taiwan (R.O.C.)","邱O結","02-82211256","","有","有"
"99100001","20030924","20210811","玖亞企業社","NINE YA CO.","新北市汐止區新台五路２段８７之１號（現場僅供辦公室使用）","No. 87-1, Sec. 2, Xintai 5th Rd., Xizhi Dist., New Taipei City 22165, Taiwan (R.O.C.)","邱O結","02-82211256","","有","有"
"99100017","20030924","20210811","捌華企業社","EIGHT HUA CO.","新北市汐止區新台５路２段８７之１號（現場僅供辦公室使用）","No. 87-1, Xizhi Dist., New Taipei City 221, Taiwan (R.O.C.)","邱O結","02-82211256","","有","有"
"99100023","20030926","20210811","拾亞企業社","TEN NGA CO.","新北市汐止區新台５路２段８７之１號（現場僅供辦公室使用）","No. 87-1, Xizhi Dist., New Taipei City 221, Taiwan (R.O.C.)","邱O結","02-8221-1256","","有","有"
"99100038","20030924","20210811","拾華企業社","TEN HUA CO.","新北市汐止區新台五路２段８７之１號（現場僅供辦公室使用）","No. 87-1, Sec. 2, Xintai 5th Rd., Xizhi Dist., New Taipei City 22165, Taiwan (R.O.C.)","邱O結","02-82211256","","有","有"
"99100044","20030924","20210811","九禾企業社","NINE HAN CO.","新北市汐止區新台５路２段８７之１號（現場僅供辦公室使用）","No. 87-1, Xizhi Dist., New Taipei City 221, Taiwan (R.O.C.)","許O華","02-82211256","","有","有"
"99100059","20030924","20210811","拾東企業社","TEN DONG CO.","新北市汐止區新台５路２段８７之１號（現場僅供辦公室使用）","No. 87-1, Xizhi Dist., New Taipei City 221, Taiwan (R.O.C.)","許O華","02-82211256","","有","有"
"99100065","20030924","20210811","八志企業社","EIGHT ZHI CO.","新北市汐止區新台５路２段８７之１號（現場僅供辦公室使用）","No. 87-1, Xizhi Dist., New Taipei City 221, Taiwan (R.O.C.)","許O華","02-82211256","","有","有"
"99100071","20030924","20210811","捌東企業社","EIGHT DONG CO.","新北市汐止區新台５路２段８７之１號（現場僅供辦公室使用）","No. 87-1, Xizhi Dist., New Taipei City 221, Taiwan (R.O.C.)","許O華","02-82211256","","有","有"
"99100086","20030924","20210811","九銓企業社","NINE QUAN CO.","新北市汐止區新台５路２段８７之１號（現場僅供辦公室使用）","No. 87-1, Xizhi Dist., New Taipei City 221, Taiwan (R.O.C.)","許O華","02-82211256","","有","有"
"99100092","20030924","20210811","八銓企業社","EIGHT QUAN CO.","新北市汐止區新台５路２段８７之１號（現場僅供辦公室使用）","No. 87-1, Xizhi Dist., New Taipei City 221, Taiwan (R.O.C.)","許O華","02-82211256","","有","有"
"99100109","20030924","20210811","九清企業社","NINE QING CO.","新北市汐止區新台五路２段８７之１號（現場僅供辦公室使用）","No. 87-1, Sec. 2, Xintai 5th Rd., Xizhi Dist., New Taipei City 22165, Taiwan (R.O.C.)","許O華","02-82211256","","有","有"
"99100115","20030926","20210811","八禾企業社","EIGHT GE CO.","新北市汐止區新台５路２段８７之１號（現場僅供辦公室使用）","No. 87-1, Xizhi Dist., New Taipei City 221, Taiwan (R.O.C.)","許O華","02-8221-1256","","有","有"
"99100121","20030924","20210811","八清企業社","EIGHT QUING CO.","新北市汐止區新台５路２段８７之１號（現場僅供辦公室使用）","No. 87-1, Xizhi Dist., New Taipei City 221, Taiwan (R.O.C.)","許O華","02-82211256","","有","有"
"99100136","20030924","20210811","八冠企業社","EIGHT GUAN CO.","新北市汐止區新台５路２段８７之１號（現場僅供辦公室使用）","No. 87-1, Xizhi Dist., New Taipei City 221, Taiwan (R.O.C.)","許O華","02-82211256","","有","有"
"99100142","20030924","20210811","八北企業社","EIGHT BEI CO.","新北市汐止區新台五路２段８７之１號（現場僅供辦公室使用）","No. 87-1, Sec. 2, Xintai 5th Rd., Xizhi Dist., New Taipei City 22165, Taiwan (R.O.C.)","許O華","02-82211256","","有","有"
"99100157","20030924","20210811","十志企業社","TEN ZHI CO.","新北市汐止區新台五路２段８７之１號（現場僅供辦公室使用）","No. 87-1, Sec. 2, Xintai 5th Rd., Xizhi Dist., New Taipei City 22165, Taiwan (R.O.C.)","許O華","02-82211256","","有","有"
"99100163","20030924","20210811","十銓企業社","TEN QUAN CO.","新北市汐止區新台五路２段８７之１號（現場僅供辦公室使用）","No. 87-1, Sec. 2, Xintai 5th Rd., Xizhi Dist., New Taipei City 22165, Taiwan (R.O.C.)","許O華","02-82211256","","有","有"
"99100179","20030924","20210811","九北企業社","NINE BEI CO.","新北市汐止區新台５路２段８７之１號（現場僅供辦公室使用）","No. 87-1, Xizhi Dist., New Taipei City 221, Taiwan (R.O.C.)","許O華","02-82211256","","有","有"
"99100184","20030924","20210811","十北企業社","TEN BEI CO.","新北市汐止區新台５路２段８７之１號（現場僅供辦公室使用）","No. 87-1, Xizhi Dist., New Taipei City 221, Taiwan (R.O.C.)","許O華","02-82211256","","有","有"
"99100190","20030924","20210811","十冠企業社","TEN GUAN CO.","新北市汐止區新台五路２段８７之１號（現場僅供辦公室使用）","No. 87-1, Sec. 2, Xintai 5th Rd., Xizhi Dist., New Taipei City 22165, Taiwan (R.O.C.)","許O華","02-82211256","","有","有"
"99100207","20030924","20210811","十清企業社","TEN QING CO.","新北市汐止區新台五路２段８７之１號（現場僅供辦公室使用）","No. 87-1, Sec. 2, Xintai 5th Rd., Xizhi Dist., New Taipei City 22165, Taiwan (R.O.C.)","許O華","02-82211256","","有","有"
"99100213","20030924","20210811","玖東企業社","NINE DONG CO.","新北市汐止區新台５路２段８７之１號（現場僅供辦公室使用）","No. 87-1, Xizhi Dist., New Taipei City 221, Taiwan (R.O.C.)","許O華","02-82211256","","有","有"
"99100229","20030924","20210811","十禾企業社","TEN WO CO.","新北市汐止區新台５路２段８７之１號（現場僅供辦公室使用）","No. 87-1, Xizhi Dist., New Taipei City 221, Taiwan (R.O.C.)","許O華","02-82211256","","有","有"
"99100234","20030929","20210811","彩四企業社","CAI FOUR CO.","新北市汐止區新台５路２段８７之１號（現場僅供辦公室使用）","No. 87-1, Xizhi Dist., New Taipei City 221, Taiwan (R.O.C.)","藍O龍","02-8221-1256","","有","有"
"99100240","20030929","20210811","彩五企業社","CAI FIVE CO.","新北市汐止區新台５路２段８７之１號（現場僅供辦公室使用）","No. 87-1, Xizhi Dist., New Taipei City 221, Taiwan (R.O.C.)","藍O龍","02-8221-1256","","有","有"
"99100255","20030929","20210811","玉六企業社","YU SIX CO.","新北市汐止區新台五路２段８７之１號（現場僅供辦公室使用）","No. 87-1, Sec. 2, Xintai 5th Rd., Xizhi Dist., New Taipei City 22165, Taiwan (R.O.C.)","藍O龍","02-8221-1256","","有","有"
"99100261","20030929","20210811","九章企業社","NINE ZHANG CO.","新北市汐止區新台５路２段８７之１號（現場僅供辦公室使用）","No. 87-1, Xizhi Dist., New Taipei City 221, Taiwan (R.O.C.)","藍O龍","02-82211256","","有","有"
"99100277","20030929","20210811","十章企業社","TEN ZHANG CO.","新北市汐止區新台５路２段８７之１號（現場僅供辦公室使用）","No. 87-1, Xizhi Dist., New Taipei City 221, Taiwan (R.O.C.)","藍O龍","02-8221-1256","","有","有"
"99100282","20030930","20210811","十伸企業社","TEN SEN CO.","新北市汐止區新台５路２段８７之１號（現場僅供辦公室使用）","No. 87-1, Xizhi Dist., New Taipei City 221, Taiwan (R.O.C.)","藍O龍","02-8221-1256","","有","有"
"99100298","20030929","20210811","八茂企業社","EIGHT MAO CO.","新北市汐止區新台五路２段８７之１號（現場僅供辦公室使用）","No. 87-1, Sec. 2, Xintai 5th Rd., Xizhi Dist., New Taipei City 22165, Taiwan (R.O.C.)","藍O龍","02-8221-1256","","有","有"
"99100305","20030929","20210811","十茂企業社","TEN MAO CO.","新北市汐止區新台５路２段８７之１號（現場僅供辦公室使用）","No. 87-1, Xizhi Dist., New Taipei City 221, Taiwan (R.O.C.)","藍O龍","02-82211256","","有","有"
"99100311","20030930","20210811","十隆企業社","TEN LUNG CO.","新北市汐止區新台５路２段８７之１號（現場僅供辦公室使用）","No. 87-1, Xizhi Dist., New Taipei City 221, Taiwan (R.O.C.)","藍O龍","02-8221-1256","","有","有"
"99100327","20030929","20210811","玖章企業社","NINE CHEUNG CO.","新北市汐止區新台５路２段８７之１號（現場僅供辦公室使用）","No. 87-1, Xizhi Dist., New Taipei City 221, Taiwan (R.O.C.)","藍O龍","02-8221-1256","","有","有"
"99100332","20030929","20210811","九茂企業社","NINE MAO CO.","新北市汐止區新台５路２段８７之１號（現場僅供辦公室使用）","No. 87-1, Xizhi Dist., New Taipei City 221, Taiwan (R.O.C.)","藍O龍","02-8221-1256","","有","有"
"99100348","20030929","20210811","八伸企業社","EIGHT SEN CO.","新北市汐止區新台五路２段８７之１號（現場僅供辦公室使用）","No. 87-1, Sec. 2, Xintai 5th Rd., Xizhi Dist., New Taipei City 22165, Taiwan (R.O.C.)","藍O龍","02-8221-1256","","有","有"
"99100353","20030929","20210811","八章企業社","BA ZHANG CO.","新北市汐止區新台五路２段８７之１號（現場僅供辦公室使用）","No. 87-1, Sec. 2, Xintai 5th Rd., Xizhi Dist., New Taipei City 22165, Taiwan (R.O.C.)","藍O龍","02-82211256","","有","有"
"99100369","20030929","20210811","玉四企業社","YU FOUR CO.","新北市汐止區新台５路２段８７之１號（現場僅供辦公室使用）","No. 87-1, Xizhi Dist., New Taipei City 221, Taiwan (R.O.C.)","藍O龍","02-8221-1256","","有","有"
"99100375","20030930","20210811","八友企業社","BA YAU CO.","新北市汐止區新台５路２段８７之１號（現場僅供辦公室使用）","No. 87-1, Xizhi Dist., New Taipei City 221, Taiwan (R.O.C.)","莊O土","02-8221-1256","","有","有"
"99100380","20030929","20210811","玉五企業社","YU FIVE CO.","新北市汐止區新台５路２段８７之１號（現場僅供辦公室使用）","No. 87-1, Xizhi Dist., New Taipei City 221, Taiwan (R.O.C.)","藍O龍","02-8221-1256","","有","有"
"99100396","20030929","20210811","九友企業社","NINE YOU CO.","新北市汐止區新台五路２段８７之１號（現場僅供辦公室使用）","No. 87-1, Sec. 2, Xintai 5th Rd., Xizhi Dist., New Taipei City 22165, Taiwan (R.O.C.)","莊O土","02-8221-1256","","有","有"
"99100403","20030929","20210811","十強企業社","TEN JIANG CO.","新北市汐止區新台五路２段８７之１號（現場僅供辦公室使用）","No. 87-1, Sec. 2, Xintai 5th Rd., Xizhi Dist., New Taipei City 22165, Taiwan (R.O.C.)","莊O土","02-8221-1256","","有","有"
"99100419","20030929","20210811","十勝企業社","TEN SHING CO.","新北市汐止區新台五路２段８７之１號（現場僅供辦公室使用）","No. 87-1, Sec. 2, Xintai 5th Rd., Xizhi Dist., New Taipei City 22165, Taiwan (R.O.C.)","莊O土","02-8221-1256","","有","有"
"99100425","20030929","20210811","八強企業社","BA JIANG CO.","新北市汐止區新台５路２段８７之１號（現場僅供辦公室使用）","No. 87-1, Xizhi Dist., New Taipei City 221, Taiwan (R.O.C.)","莊O土","02-8221-1256","","有","有"
"99100430","20030929","20210811","八勝企業社","BA SHENG CO.","新北市汐止區新台五路２段８７之１號（現場僅供辦公室使用）","No. 87-1, Sec. 2, Xintai 5th Rd., Xizhi Dist., New Taipei City 22165, Taiwan (R.O.C.)","莊O土","02-8221-1256","","有","有"
"99100446","20030929","20210811","九強企業社","JIU JIANG CO.","新北市汐止區新台５路２段８７之１號（現場僅供辦公室使用）","No. 87-1, Xizhi Dist., New Taipei City 221, Taiwan (R.O.C.)","莊O土","02-8221-1256","","有","有"
"99100451","20030929","20210811","十有企業社","TEN YOU CO.","新北市汐止區新台５路２段８７之１號（現場僅供辦公室使用）","No. 87-1, Xizhi Dist., New Taipei City 221, Taiwan (R.O.C.)","莊O土","02-82211256","","有","有"
"99100467","20030929","20210811","坤三企業社","KUN THREE CO.","新北市汐止區新台５路２段８７之１號（現場僅供辦公室使用）","No. 87-1, Xizhi Dist., New Taipei City 221, Taiwan (R.O.C.)","莊O土","02-82211256","","無","無"
"99100473","20030929","20210811","坤一企業社","KUN ONE CO.","新北市汐止區新台五路２段８７之１號（現場僅供辦公室使用）","No. 87-1, Sec. 2, Xintai 5th Rd., Xizhi Dist., New Taipei City 22165, Taiwan (R.O.C.)","莊O土","02-82211256","","有","有"
"99100494","20070316","20210812","德欣工業社","TEH XIN CO.","新北市新莊區中正路514巷105弄17號","No. 17, Aly. 105, Ln. 514, Zhongzheng Rd., Xinzhuang Dist., New Taipei City 24255, Taiwan (R.O.C.)","吳O德","02-29069154","02-29061002","有","有"
"99100570","20030929","20210811","九雅企業社","NINE NGA CO.","新北市新莊區中正路８８９之１號（現場僅供辦公室使用）","No. 889-1, Zhongzheng Rd., Xinzhuang Dist., New Taipei City 24257, Taiwan (R.O.C.)","藍O彩","02-8221-1256","","有","有"
"99100585","20030929","20210811","十雅企業社","TEN YA CO.","新北市新莊區中正路８８９之１號（現場僅供辦公室使用）","No. 889-1, Zhongzheng Rd., Xinzhuang Dist., New Taipei City 24257, Taiwan (R.O.C.)","藍O彩","02-8221-1256","","有","有"
"99100591","20030929","20210811","九進企業社","GAU CHUN CO.","新北市新莊區中正路８８９之１號（現場僅供辦公室使用）","No. 889-1, Zhongzheng Rd., Xinzhuang Dist., New Taipei City 24257, Taiwan (R.O.C.)","藍O彩","02-8221-1256","","有","有"
"99100608","20030929","20210811","九財企業社","NINE CAI CO.","新北市新莊區中正路８８９之１號（現場僅供辦公室使用）","No. 889-1, Zhongzheng Rd., Xinzhuang Dist., New Taipei City 24257, Taiwan (R.O.C.)","藍O彩","02-8221-1256","","有","有"
"99100614","20030929","20210811","十財企業社","TEN CAI CO.","新北市新莊區中正路８８９之１號（現場僅供辦公室使用）","No. 889-1, Zhongzheng Rd., Xinzhuang Dist., New Taipei City 24257, Taiwan (R.O.C.)","藍O彩","02-8221-1256","","有","有"
"99100620","20030929","20210811","十瑞企業社","TEN WEI CO.","新北市新莊區中正路８８９之１號（現場僅供辦公室使用）","No. 889-1, Zhongzheng Rd., Xinzhuang Dist., New Taipei City 24257, Taiwan (R.O.C.)","藍O彩","02-8221-1256","","有","有"
"99100635","20030929","20210811","八財企業社","EIGHT CAI CO.","新北市新莊區中正路８８９之１號（現場僅供辦公室使用）","No. 889-1, Zhongzheng Rd., Xinzhuang Dist., New Taipei City 24257, Taiwan (R.O.C.)","藍O彩","02-8221-1256","","有","有"
"99100641","20030929","20210811","捌瑞企業社","FA RUI CO.","新北市新莊區中正路８８９之１號（現場僅供辦公室使用）","No. 889-1, Zhongzheng Rd., Xinzhuang Dist., New Taipei City 24257, Taiwan (R.O.C.)","藍O彩","02-8221-1256","","有","有"
"99100656","20030929","20210811","十進企業社","TEN JIN CO.","新北市新莊區中正路８８９之１號（現場僅供辦公室使用）","No. 889-1, Zhongzheng Rd., Xinzhuang Dist., New Taipei City 24257, Taiwan (R.O.C.)","藍O彩","02-8221-1256","","有","有"
"99100662","20030929","20210811","九土企業社","NINE CHU CO.","新北市新莊區中正路８８９之１號（現場僅供辦公室使用）","No. 889-1, Zhongzheng Rd., Xinzhuang Dist., New Taipei City 24257, Taiwan (R.O.C.)","藍O龍","02-8221-1256","","有","有"
"99100678","20030929","20210811","九田企業社","NINE TIAN CO.","新北市新莊區中正路８８９之１號（現場僅供辦公室使用）","No. 889-1, Zhongzheng Rd., Xinzhuang Dist., New Taipei City 24257, Taiwan (R.O.C.)","藍O龍","02-8221-1256","","有","有"
"99100683","20030929","20210811","九玉企業社","JIU CHUE CO.","新北市新莊區中正路８８９之１號（現場僅供辦公室使用）","No. 889-1, Zhongzheng Rd., Xinzhuang Dist., New Taipei City 24257, Taiwan (R.O.C.)","藍O龍","02-8221-1256","","有","有"
"99100699","20030929","20210811","十弘企業社","TEN HONG CO.","新北市新莊區中正路８８９之１號２樓（現場僅供辦公室使用）","2 F., No. 889-1, Zhongzheng Rd., Xinzhuang Dist., New Taipei City 24257, Taiwan (R.O.C.)","藍O龍","02-82211256","","有","有"
"99100706","20030929","20210811","八菲企業社","BA FEI CO.","新北市新莊區中正路８８９之１號２樓（現場僅供辦公室使用）","2 F., No. 889-1, Zhongzheng Rd., Xinzhuang Dist., New Taipei City 24257, Taiwan (R.O.C.)","藍O龍","02-8221-1256","","有","有"
"99100712","20030929","20210811","十土企業社","SHI CHUE CO.","新北市新莊區中正路８８９之１號（現場僅供辦公室使用）","No. 889-1, Zhongzheng Rd., Xinzhuang Dist., New Taipei City 24257, Taiwan (R.O.C.)","藍O龍","02-8221-1256","","有","有"
"99100728","20030929","20210811","十玉企業社","SHI CHU CO.","新北市新莊區中正路８８９之１號（現場僅供辦公室使用）","No. 889-1, Zhongzheng Rd., Xinzhuang Dist., New Taipei City 24257, Taiwan (R.O.C.)","藍O龍","02-8221-1256","","有","有"
"99100733","20030929","20210811","八土企業社","BA CHU CO.","新北市新莊區中正路８８９之１號（現場僅供辦公室使用）","No. 889-1, Zhongzheng Rd., Xinzhuang Dist., New Taipei City 24257, Taiwan (R.O.C.)","藍O龍","02-8221-1256","","有","有"
"99100749","20030930","20210811","十菲企業社","TEN FEI CO.","新北市新莊區８８９之１號２樓（現場僅供辦公室使用）","2 F., Xinzhuang Dist., New Taipei City 242, Taiwan (R.O.C.)","藍O龍","02-8221-1256","","有","有"
"99100754","20030929","20210811","八有企業社","EIGHT YOU CO.","新北市新莊區中正路８８９之１號２樓（現場僅供辦公室使用）","2 F., No. 889-1, Zhongzheng Rd., Xinzhuang Dist., New Taipei City 24257, Taiwan (R.O.C.)","莊O土","02-8221-1256","","有","有"
"99100760","20030929","20210811","柒龍企業社","SEVEN LUNG CO.","新北市新莊區中正路８８９之１號２樓（現場僅供辦公室使用）","2 F., No. 889-1, Zhongzheng Rd., Xinzhuang Dist., New Taipei City 24257, Taiwan (R.O.C.)","莊O土","02-8221-1256","","有","有"
"99100776","20030929","20210811","九有企業社","NINE YAU CO.","新北市新莊區中正路８８９之１號２樓（現場僅供辦公室使用）","2 F., No. 889-1, Zhongzheng Rd., Xinzhuang Dist., New Taipei City 24257, Taiwan (R.O.C.)","莊O土","02-8221-1256","","有","有"
"99100781","20030929","20210811","八力企業社","EIGHT LI CO.","新北市新莊區中正路８８９之１號２樓（現場僅供辦公室使用）","2 F., No. 889-1, Zhongzheng Rd., Xinzhuang Dist., New Taipei City 24257, Taiwan (R.O.C.)","莊O土","02-8221-1256","","有","有"
"99100804","20030929","20210811","八弘企業社","EIGHT HONG CO.","新北市新莊區中正路８８９之１號２樓（現場僅供辦公室使用）","2 F., No. 889-1, Zhongzheng Rd., Xinzhuang Dist., New Taipei City 24257, Taiwan (R.O.C.)","藍O龍","02-82211256","","有","有"
"99100810","20030929","20210811","八玉企業社","EIGHT CHU CO.","新北市新莊區中正路８８９之１號（現場僅供辦公室使用）","No. 889-1, Zhongzheng Rd., Xinzhuang Dist., New Taipei City 24257, Taiwan (R.O.C.)","藍O龍","02-8221-1256","","有","有"
"99100826","20030929","20210811","八田企業社","BA TIAN CO.","新北市新莊區中正路８８９之１號（現場僅供辦公室使用）","No. 889-1, Zhongzheng Rd., Xinzhuang Dist., New Taipei City 24257, Taiwan (R.O.C.)","藍O龍","02-8221-1256","","有","有"
"99100831","20030929","20210811","八龍企業社","BA LONG CO.","新北市新莊區中正路８８９之１號（現場僅供辦公室使用）","No. 889-1, Zhongzheng Rd., Xinzhuang Dist., New Taipei City 24257, Taiwan (R.O.C.)","藍O龍","02-8221-1256","","有","有"
"99100847","20030929","20210811","十田企業社","TEN TIAN CO.","新北市新莊區中正路８８９之１號（現場僅供辦公室使用）","No. 889-1, Zhongzheng Rd., Xinzhuang Dist., New Taipei City 24257, Taiwan (R.O.C.)","藍O龍","02-8221-1256","","有","有"
"99100852","20030929","20210811","八雲企業社","BA YUN CO.","新北市新莊區中正路８８９之１號２樓（現場僅供辦公室使用）","2 F., No. 889-1, Zhongzheng Rd., Xinzhuang Dist., New Taipei City 24257, Taiwan (R.O.C.)","藍O龍","02-8221-1256","","有","有"
"99100868","20030929","20210811","十力企業社","SHI LEE CO.","新北市新莊區中正路８８９之１號２樓（現場僅供辦公室使用）","2 F., No. 889-1, Zhongzheng Rd., Xinzhuang Dist., New Taipei City 24257, Taiwan (R.O.C.)","莊O土","02-8221-1256","","有","有"
"99100874","20030929","20210811","九力企業社","JIU LEE CO.","新北市新莊區中正路８８９之１號２樓（現場僅供辦公室使用）","2 F., No. 889-1, Zhongzheng Rd., Xinzhuang Dist., New Taipei City 24257, Taiwan (R.O.C.)","莊O土","02-8221-1256","","有","有"
"99100889","20030929","20210811","六雲企業社","SIX YUN CO.","新北市新莊區中正路８８９之１號２樓（現場僅供辦公室使用）","2 F., No. 889-1, Zhongzheng Rd., Xinzhuang Dist., New Taipei City 24257, Taiwan (R.O.C.)","莊O土","02-8221-1256","","有","有"
"99100895","20030929","20210811","七進企業社","SEVEN JING CO.","新北市新莊區中正路８８９之１號（現場僅供辦公室使用）","No. 889-1, Zhongzheng Rd., Xinzhuang Dist., New Taipei City 24257, Taiwan (R.O.C.)","藍O彩","02-8221-1256","","有","有"
"99100902","20030929","20210811","八瑞企業社","EIGHT JIN CO.","新北市新莊區中正路８８９之１號（現場僅供辦公室使用）","No. 889-1, Zhongzheng Rd., Xinzhuang Dist., New Taipei City 24257, Taiwan (R.O.C.)","藍O彩","02-8221-1256","","有","有"
"99100918","20030929","20210811","八進企業社","EIGHT QING CO.","新北市新莊區中正路８８９之１號（現場僅供辦公室使用）","No. 889-1, Zhongzheng Rd., Xinzhuang Dist., New Taipei City 24257, Taiwan (R.O.C.)","藍O彩","02-82211256","","有","有"
"99100924","20030929","20210811","九瑞企業社","NINE WEI CO.","新北市新莊區中正路８８９之１號（現場僅供辦公室使用）","No. 889-1, Zhongzheng Rd., Xinzhuang Dist., New Taipei City 24257, Taiwan (R.O.C.)","藍O彩","02-8221-1256","","有","有"
"99101732","20030929","20210811","坤二企業社","KUN TWO CO.","新北市汐止區新台５路２段８７之１號（現場僅供辦公室使用）","No. 87-1, Xizhi Dist., New Taipei City 221, Taiwan (R.O.C.)","莊O土","02-82211256","","有","有"
"99101753","20030929","20210811","九勝企業社","JIU SHING CO.","新北市汐止區新台５路２段８７之１號（現場僅供辦公室使用）","No. 87-1, Xizhi Dist., New Taipei City 221, Taiwan (R.O.C.)","莊O土","02-8221-1256","","有","有"
"99101769","20030929","20210811","十友企業社","TEN YAU CO.","新北市汐止區新台５路２段８７之１號（現場僅供辦公室使用）","No. 87-1, Xizhi Dist., New Taipei City 221, Taiwan (R.O.C.)","莊O土","02-8221-1256","","有","有"
"99103507","20071212","20210812","兌冠車業行","EXCHANGES CROWNCHE CO.","新北市三重區自強路１段３號１樓","1 F., No. 3, Sec. 1, Ziqiang Rd., Sanchong Dist., New Taipei City 24148, Taiwan (R.O.C.)","郭O陽","02-29732885","02-89722756","有","有"
"99105245","20050629","20230609","立奏企業社","LITSOU CO.","臺中市神岡區圳堵里和睦路一段５７號１樓","1 F., No. 57, Sec. 1, Hemu Rd., Zundu Vil., Shengang Dist., Taichung City 429014, Taiwan (R.O.C.)","盧O益","04-25616590","04-2563-4557","無","無"
"99108762","20140519","20210811","摩朵美療坊","MO DUO COMPANY","臺中市豐原區豐原里三民路３９巷１８號１樓","1 F., No. 18, Ln. 39, Sanmin Rd., Fengyuan Vil., Fengyuan Dist., Taichung City 42060, Taiwan (R.O.C.)","黃O綺","04-25299675","","有","有"
"99109729","20120417","20210811","達富企業社","DAR FU HARDWARE CO.","臺中市烏日區九德里中華路２９４巷１６弄５號１樓","1 F., No. 5, Aly. 16, Ln. 294, Zhonghua Rd., Jiude Vil., Wuri Dist., Taichung City 41446, Taiwan (R.O.C.)","邱O發","04-23388290","04-23374125","有","有"
"99111204","20191213","20230114","豐億製本廠","Feng Yi Book Binding Works","臺中市南屯區楓樹里環中路五段７００之１０號１樓","1 F., No. 700-10, Sec. 5, Huanzhong Rd., Fengshu Vil., Nantun Dist., Taichung City 408003, Taiwan (R.O.C.)","洪O珊","04-24792757","","無","無"
"99112999","20200722","20250408","聖華企業社","ZHENGHUA CAP CO.,","臺中市沙鹿區興安里沙田路永和巷16號","No. 16, Yonghe Ln., Shatian Rd., Xing’an Vil., Shalu Dist., Taichung City 43351, Taiwan (R.O.C.)","陳O慈","04-26365327","","有","有"
"99116221","20250428","20250428","辰瑋企業社","ChenWei Factory","臺中市豐原區東湳里三豐路二段２７２巷１９１弄３５０號","No. 350, Aly. 191, Ln. 272, Sec. 2, Sanfeng Rd., Dongnan Vil., Fengyuan Dist., Taichung City 420079, Taiwan (R.O.C.)","張O明","0425234900","0425255195","有","有"
"99118059","20151118","20210812","合傑企業社","HO-JEI COMPANY","臺中市石岡區石岡里豐勢路１２１３號","No. 1213, Fengshi Rd., Shigang Vil., Shigang Dist., Taichung City 42262, Taiwan (R.O.C.)","陸O發","04-25721858","04-25722423","有","有"
"99118213","20110413","20210811","隆美企業社","LUNG MEI ENTERPRISE CO.","臺中市烏日區榮泉里健行路６５７號一樓","1 F., No. 657, Jianxing Rd., Rongquan Vil., Wuri Dist., Taichung City 41454, Taiwan (R.O.C.)","楊O隆","04-23363901","04-23383306","有","有"
"99118810","20141023","20210811","智聖企業社","ZHI SEN COMPANY","臺中市龍井區南寮里中沙路南寮巷２１弄１５號一樓","1 F., No. 15, Aly. 21, Nanliao Ln., Zhongsha Rd., Nanliao Vil., Longjing Dist., Taichung City 43441, Taiwan (R.O.C.)","陳O昌","04-24792290","04-24792292","有","有"
"99120436","20090703","20220705","訊全辦公室用品社","SHI-CHY COMPUTER CO.","臺中市東勢區上城里新城街１２巷２３號一樓","1 F., No. 23, Ln. 12, Xincheng St., Shangcheng Vil., Dongshi Dist., Taichung City 42347, Taiwan (R.O.C.)","劉O玲","04-25326177","04-25326187","有","有"
"99120745","20050527","20210811","王記企業行","WANG JIH ENTERPRISE CO.","臺中市豐原區社皮里社皮路１５７號","No. 157, Shepi Rd., Shepi Vil., Fengyuan Dist., Taichung City 42077, Taiwan (R.O.C.)","王O煜","04-25220874","04-25123074","無","無"
"99122363","20100607","20210811","彩釉飾品行","ESMER CO.","臺中市龍井區忠和里中央路三段１６６號１樓","1 F., No. 166, Sec. 3, Zhongyang Rd., Zhonghe Vil., Longjing Dist., Taichung City 43447, Taiwan (R.O.C.)","陳O昆","04-26394626","04-26394393","有","有"
"99125761","20250220","20250220","明豐實業廠","Mingfeng Hardware Factory","臺南市歸仁區南保里大順街200巷3號1樓","1 F., No. 3, Ln. 200, Dashun St., Nanbao Vil., Guiren Dist., Tainan City 711013, Taiwan (R.O.C.)","吳O真","06-3305982","","有","有"
"99128937","20090106","20210812","祥立科技實業社","HSUNG-LI TECHNOLOGIES CO.","臺南市歸仁區新厝里中正五街39巷5號","No. 5, Ln. 39, Zhongzheng 5th St., Xincuo Vil., Guiren Dist., Tainan City 71146, Taiwan (R.O.C.)","張O金蓮","06-2314948","06-2030994","有","有"
"99129112","20071116","20210812","東豐裁紙行","DONG FENG CUTS THE PAPER CO.","臺南市永康區崑山里大灣路942巷71弄217號1樓","1 F., No. 217, Aly. 71, Ln. 942, Dawan Rd., Kunshan Vil., Yongkang Dist., Tainan City 71070, Taiwan (R.O.C.)","黃O盾","06-2055115","","有","有"
"99131460","20111028","20210811","就是美商號","JUSTMAY CO.","臺南市永康區塩行里新民街58號1樓","1 F., No. 58, Xinmin St., Yongkang Dist., Tainan City 71066, Taiwan (R.O.C.)","蘇O芳","06-2542999","06-2531458","有","有"
"99132448","20181017","20210812","華遠行","HUA FAR SHOP CO.","臺南市關廟區花園里中正路460號1樓","1 F., No. 460, Zhongzheng Rd., Guanmiao Dist., Tainan City 71842, Taiwan (R.O.C.)","蔡O全","0955076698","","有","有"
"99132593","20060605","20210811","唯晟汽車材料行","WAI-CHENG AIR CONDITIONED IND. CO.","臺南市安南區安和里府安路3段290號2樓（僅供辦公室使用）","2 F., No. 290, Sec. 3, Fu’an Rd., Anhe Vil., Annan Dist., Tainan City 70941, Taiwan (R.O.C.)","何O顯","06-2829277","","有","有"
"99134229","20100301","20240220","巧馥商行","MEI CHUNG COMMERCE CO.","臺南市佳里區鎮山里鎮山街105巷68號1樓","1 F., No. 68, Ln. 105, Zhenshan St., Zhenshan Vil., Jiali Dist., Tainan City 722003, Taiwan (R.O.C.)","陳O菁","06-7891509","06-7896310","有","有"
"99138800","20250113","20250113","欣暘園藝行","Smiling - Sun Garden Shop","臺南市關廟區關廟里大富街301巷7弄18號1樓","1 F., No. 18, Aly. 7, Ln. 301, Dafu St., Guanmiao Vil., Guanmiao Dist., Tainan City 718007, Taiwan (R.O.C.)","黃O林","07-6321033","","有","有"
"99139202","20071011","20210811","羽發企業社","EDDY CO.","高雄市岡山區程香里華園路３２巷５號１樓","1 F., No. 5, Ln. 32, Huayuan Rd., Chengxiang Vil., Gangshan Dist., Kaohsiung City 82064, Taiwan (R.O.C.)","朱O鴻","07-6226826","07-6226815","有","有"
"99139287","20051220","20221222","御園農村酒莊","BEST GARDEN WINE VILLAGE CO.","高雄市燕巢區橫山里裕農巷４０號１樓","1 F., No. 40, Yunong Ln., Hengshan Vil., Yanchao Dist., Kaohsiung City 824004, Taiwan (R.O.C.)","柯O崧","07-6222015","07-6236170","無","無"
"99139343","20060830","20210812","上閎精密實業社","JEAME HOME HARDWARE STORE","高雄市梓官區梓義里中崙路市場巷６３號１樓","1 F., No. 63, Market Ln., Zhonglun Rd., Ziyi Vil., Ziguan Dist., Kaohsiung City 82643, Taiwan (R.O.C.)","陳O萍","07-6261549","","有","有"
"99139420","20040721","20210811","伸義企業社","SEN-E BUSINESS CO.","高雄市岡山區山隙路16號","No. 16, Shanxi Rd., Gangshan Dist., Kaohsiung City 82056, Taiwan (R.O.C.)","黃O蘭","07-6282927","07-6281792","有","有"
"99140117","20190103","20210811","春福油漆工程行","CHUN FUL ENGINEERING CO.","高雄市旗山區太平里樂和街１號１樓","1 F., No. 1, Lehe St., Taiping Vil., Qishan Dist., Kaohsiung City 84242, Taiwan (R.O.C.)","張O禎","07-6618253","07-6625175","有","有"
"99141100","20220709","20220709","全方位汽車材料行","Omni-directional automotive material CO.","臺南市六甲區龍湖里成功街25號1樓","1 F., No. 25, Chenggong St., Liujia Dist., Tainan City 734042, Taiwan (R.O.C.)","張O忠","06-6992055","","有","有"
"99142298","20091204","20220519","玉峰企業社","JADE FONG CO.","臺南市新化區唪口里大德路167號1樓","1 F., No. 167, Dade Rd., Fengkou Vil., Xinhua Dist., Tainan City 71247, Taiwan (R.O.C.)","吳O華","06-5983696","06-5985265","有","有"
"99142467","20220705","20220708","有欣企業行","YEOU SHIN FIRM","高雄市大寮區光明路3段78巷139弄50號","No. 50, Aly. 139, Ln. 78, Sec. 3, Guangming Rd., Daliao Dist., Kaohsiung City 831130, Taiwan (R.O.C.)","吳O犧","07-7832628","07-7832618","有","有"
"99144649","20100512","20101224","保證責任臺南縣洋香瓜聯合運銷合作社","TAINAN COUNTY MUSK MELON ASSOCIATED MARKETING COOPERATION","臺南市後壁區竹新里３號","NO.3, ZHUXIN VILLAGE, HOUBI DIST., TAINAN CITY 731, TAIWAN (R.O.C.)","王O傑","06-6371938","","有","有"
"99145387","20030930","20230514","帝爾精品批發行","DEL DISTRIBUTION CO.","新北市中和區大仁街２０巷４２之２號（現場僅供辦公室使用）","No. 42-2, Ln. 20, Daren St., Zhonghe Dist., New Taipei City 235084, Taiwan (R.O.C.)","陳O蕾","02-2949-9494","2","無","無"
"99145669","20031002","20210811","芳二企業社","FANG TWO CO.","新北市新莊區中正路８８９之１號２樓（現場僅供辦公室使用）","2 F., No. 889-1, Zhongzheng Rd., Xinzhuang Dist., New Taipei City 24257, Taiwan (R.O.C.)","藍O淵","02-8221-1256","","有","有"
"99145675","20031002","20210811","淑一企業社","SHU ONE CO.","新北市新莊區中正路８８９之１號２樓（現場僅供辦公室使用）","2 F., No. 889-1, Zhongzheng Rd., Xinzhuang Dist., New Taipei City 24257, Taiwan (R.O.C.)","藍O淵","02-8221-1256","","有","有"
"99145680","20031002","20210811","芳一企業社","FANG ONE CO.","新北市新莊區中正路８８９之１號２樓（現場僅供辦公室使用）","2 F., No. 889-1, Zhongzheng Rd., Xinzhuang Dist., New Taipei City 24257, Taiwan (R.O.C.)","藍O淵","02-8221-1256","","有","有"
"99145696","20031002","20210811","淑二企業社","SHU TWO CO.","新北市新莊區中正路８８９之１號２樓（現場僅供辦公室使用）","2 F., No. 889-1, Zhongzheng Rd., Xinzhuang Dist., New Taipei City 24257, Taiwan (R.O.C.)","藍O淵","02-8221-1256","","有","有"
"99145703","20031002","20210811","泰二企業社","TAI TWO CO.","新北市新莊區中正路８８９之１號２樓（現場僅供辦公室使用）","2 F., No. 889-1, Zhongzheng Rd., Xinzhuang Dist., New Taipei City 24257, Taiwan (R.O.C.)","藍O淵","02-8221-1256","","有","有"
"99145719","20031002","20210811","泰一企業社","TAAT ONE CO.","新北市新莊區中正路８８９之１號２樓（現場僅供辦公室使用）","2 F., No. 889-1, Zhongzheng Rd., Xinzhuang Dist., New Taipei City 24257, Taiwan (R.O.C.)","藍O淵","02-8221-1256","","有","有"
"99145725","20031002","20210811","淑三企業社","SHU THREE CO.","新北市新莊區中正路８８９之１號２樓（現場僅供辦公室使用）","2 F., No. 889-1, Zhongzheng Rd., Xinzhuang Dist., New Taipei City 24257, Taiwan (R.O.C.)","藍O淵","02-8221-1256","","有","有"
"99145730","20031002","20210811","芳三企業社","FANG THREE CO.","新北市新莊區中正路８８９之１號２樓（現場僅供辦公室使用）","2 F., No. 889-1, Zhongzheng Rd., Xinzhuang Dist., New Taipei City 24257, Taiwan (R.O.C.)","藍O淵","02-8221-1256","","有","有"
"99145746","20031002","20210811","靖三企業社","JING THREE CO.","新北市新莊區中正路８８９之１號２樓（現場僅供辦公室使用）","2 F., No. 889-1, Zhongzheng Rd., Xinzhuang Dist., New Taipei City 24257, Taiwan (R.O.C.)","藍O財","02-8221-1256","","有","有"
"99145751","20031002","20210811","靖一企業社","CHING ONE CO.","新北市新莊區中正路８８９之１號２樓（現場僅供辦公室使用）","2 F., No. 889-1, Zhongzheng Rd., Xinzhuang Dist., New Taipei City 24257, Taiwan (R.O.C.)","藍O財","02-8221-1256","","有","有"
"99145767","20031002","20210811","一仁企業社","ONE REN CO.","新北市新莊區中正路８８９之１號２樓（現場僅供辦公室使用）","2 F., No. 889-1, Zhongzheng Rd., Xinzhuang Dist., New Taipei City 24257, Taiwan (R.O.C.)","藍O財","02-8221-1256","","有","有"
"99145773","20031002","20210811","光三企業社","GUANG THREE CO.","新北市新莊區中正路８８９之１號２樓（現場僅供辦公室使用）","2 F., No. 889-1, Zhongzheng Rd., Xinzhuang Dist., New Taipei City 24257, Taiwan (R.O.C.)","藍O財","02-8221-1256","","有","有"
"99145788","20031002","20210811","靖二企業社","JING TWO CO.","新北市新莊區中正路８８９之１號２樓（現場僅供辦公室使用）","2 F., No. 889-1, Zhongzheng Rd., Xinzhuang Dist., New Taipei City 24257, Taiwan (R.O.C.)","藍O財","02-8221-1256","","有","有"
"99145794","20031002","20210811","仁四企業社","REN SHI CO.","新北市新莊區中正路８８９之１號２樓（現場僅供辦公室使用）","2 F., No. 889-1, Zhongzheng Rd., Xinzhuang Dist., New Taipei City 24257, Taiwan (R.O.C.)","藍O財","02-8221-1256","","有","有"
"99145801","20031002","20210811","揚一企業社","YANG ONE CO.","新北市新莊區中正路８８９之１號２樓（現場僅供辦公室使用）","2 F., No. 889-1, Zhongzheng Rd., Xinzhuang Dist., New Taipei City 24257, Taiwan (R.O.C.)","藍O財","02-8221-1256","","有","有"
"99145817","20031002","20210811","冠三企業社","GUAN SAN CO.","新北市新莊區中正路８８９之１號２樓（現場僅供辦公室使用）","2 F., No. 889-1, Zhongzheng Rd., Xinzhuang Dist., New Taipei City 24257, Taiwan (R.O.C.)","藍O財","02-82211256","","有","有"
"99145823","20031002","20210811","一結企業社","ONE JIE CO.","新北市新莊區中正路８８９之１號２樓（現場僅供辦公室使用）","2 F., No. 889-1, Zhongzheng Rd., Xinzhuang Dist., New Taipei City 24257, Taiwan (R.O.C.)","藍O財","02-8221-1256","","有","有"
"99145838","20031002","20210811","一茂企業社","ONE MAO CO.","新北市新莊區中正路８８９之１號（現場僅供辦公室使用）","No. 889-1, Zhongzheng Rd., Xinzhuang Dist., New Taipei City 24257, Taiwan (R.O.C.)","許O華","02-8221-1256","","有","有"
"99146225","20031002","20210811","光四企業社","KUANG CI CO.","新北市新莊區仁愛路２６號（現場僅供辦公室使用）","No. 26, Ren’ai St., Xinzhuang Dist., New Taipei City 24244, Taiwan (R.O.C.)","藍O財","02-8221-1256","","有","有"
"99146230","20031002","20210811","昌一企業社","CHANG ONE CO.","新北市汐止區新台５路２段８７之１號（現場僅供辦公室使用）","No. 87-1, Xizhi Dist., New Taipei City 221, Taiwan (R.O.C.)","藍O彩","02-8221-1256","","有","有"
"99146246","20031002","20210811","一弗企業社","ONE FU CO.","新北市汐止區新台５路２段８７之１號（現場僅供辦公室使用）","No. 87-1, Xizhi Dist., New Taipei City 221, Taiwan (R.O.C.)","藍O彩","02-8221-1256","","有","有"
"99146251","20031002","20210811","二會企業社","HE KUI CO.","新北市汐止區新台５路２段８７之１號（現場僅供辦公室使用）","No. 87-1, Xizhi Dist., New Taipei City 221, Taiwan (R.O.C.)","藍O彩","02-8221-1256","","有","有"
"99146267","20031002","20210811","昌二企業社","CHANG TWO CO.","新北市汐止區新台５路２段８７之１號（現場僅供辦公室使用）","No. 87-1, Xizhi Dist., New Taipei City 221, Taiwan (R.O.C.)","藍O彩","02-8221-1256","","有","有"
"99146273","20031002","20210811","一會企業社","ONE KUI CO.","新北市汐止區新台５路２段８７之１號（現場僅供辦公室使用）","No. 87-1, Xizhi Dist., New Taipei City 221, Taiwan (R.O.C.)","藍O彩","02-8221-1256","","有","有"
"99146288","20031002","20210811","昌三企業社","CHANG THREE CO.","新北市汐止區新台５路２段８７之１號（現場僅供辦公室使用）","No. 87-1, Xizhi Dist., New Taipei City 221, Taiwan (R.O.C.)","藍O彩","02-8221-1256","","有","有"
"99146294","20031002","20210811","三弗企業社","THREE FU CO.","新北市汐止區新台５路２段８７之１號（現場僅供辦公室使用）","No. 87-1, Xizhi Dist., New Taipei City 221, Taiwan (R.O.C.)","藍O彩","02-8221-1256","","有","有"
"99146301","20031002","20210811","二弗企業社","TWO FU CO.","新北市汐止區新台５路２段８７之１號（現場僅供辦公室使用）","No. 87-1, Xizhi Dist., New Taipei City 221, Taiwan (R.O.C.)","藍O彩","02-8221-1256","","有","有"
"99146317","20031002","20210811","三會企業社","CHUEN KUI CO.","新北市汐止區新台５路２段８７之１號（現場僅供辦公室使用）","No. 87-1, Xizhi Dist., New Taipei City 221, Taiwan (R.O.C.)","藍O彩","02-8221-1256","","有","有"
"99146597","20031002","20210811","四茂企業社","FOUR MAO CO.","新北市新莊區中正路８８９之１號（現場僅供辦公室使用）","No. 889-1, Zhongzheng Rd., Xinzhuang Dist., New Taipei City 24257, Taiwan (R.O.C.)","許O華","02-8221-1256","","有","有"
"99146604","20031002","20210811","田一企業社","TIAN ONE CO.","新北市新莊區中正路８８９之１號（現場僅供辦公室使用）","No. 889-1, Zhongzheng Rd., Xinzhuang Dist., New Taipei City 24257, Taiwan (R.O.C.)","許O華","02-8221-1256","","有","有"
"99146610","20031002","20210811","三建企業社","THREE JIAN CO.","新北市新莊區中正路８８９之１號（現場僅供辦公室使用）","No. 889-1, Zhongzheng Rd., Xinzhuang Dist., New Taipei City 24257, Taiwan (R.O.C.)","許O華","02-8221-1256","","有","有"
"99146626","20031002","20210811","田三企業社","TIAN THREE CO.","新北市新莊區中正路８８９之１號（現場僅供辦公室使用）","No. 889-1, Zhongzheng Rd., Xinzhuang Dist., New Taipei City 24257, Taiwan (R.O.C.)","許O華","02-8221-1256","","有","有"
"99146631","20031002","20210811","國二企業社","GUO TWO CO.","新北市新莊區中正路８８９之１號（現場僅供辦公室使用）","No. 889-1, Zhongzheng Rd., Xinzhuang Dist., New Taipei City 24257, Taiwan (R.O.C.)","許O華","02-8221-1256","","有","有"
"99146647","20031002","20210811","一建企業社","ONE JIAN CO.","新北市新莊區中正路８８９之１號（現場僅供辦公室使用）","No. 889-1, Zhongzheng Rd., Xinzhuang Dist., New Taipei City 24257, Taiwan (R.O.C.)","許O華","02-8221-1256","","有","有"
"99146652","20031002","20210811","二建企業社","TWO JIAN CO.","新北市新莊區中正路８８９之１號（現場僅供辦公室使用）","No. 889-1, Zhongzheng Rd., Xinzhuang Dist., New Taipei City 24257, Taiwan (R.O.C.)","許O華","02-8221-1256","","有","有"
"99146668","20031002","20210811","二茂企業社","TWO MAO CO.","新北市新莊區中正路８８９之１號（現場僅供辦公室使用）","No. 889-1, Zhongzheng Rd., Xinzhuang Dist., New Taipei City 24257, Taiwan (R.O.C.)","許O華","02-8221-1256","","有","有"
"99146674","20031002","20210811","國三企業社","GUO THREE CO.","新北市新莊區中正路８８９之１號（現場僅供辦公室使用）","No. 889-1, Zhongzheng Rd., Xinzhuang Dist., New Taipei City 24257, Taiwan (R.O.C.)","許O華","02-8221-1256","","有","有"
"99146689","20031002","20210811","田二企業社","TIAN TWO CO.","新北市新莊區中正路８８９之１號（現場僅供辦公室使用）","No. 889-1, Zhongzheng Rd., Xinzhuang Dist., New Taipei City 24257, Taiwan (R.O.C.)","許O華","02-8221-1256","","有","有"
"99146695","20031002","20210811","國一企業社","GUO ONE CO.","新北市新莊區中正路８８９之１號（現場僅供辦公室使用）","No. 889-1, Zhongzheng Rd., Xinzhuang Dist., New Taipei City 24257, Taiwan (R.O.C.)","許O華","02-8221-1256","","有","有"
"99146702","20031002","20210811","中三企業社","ZHONG THREE CO.","新北市新莊區中正路８８９之１號（現場僅供辦公室使用）","No. 889-1, Zhongzheng Rd., Xinzhuang Dist., New Taipei City 24257, Taiwan (R.O.C.)","許O華","02-8221-1256","","有","有"
"99146718","20031002","20210811","二記企業社","TWO JI CO.","新北市新莊區中正路８８９之１號（現場僅供辦公室使用）","No. 889-1, Zhongzheng Rd., Xinzhuang Dist., New Taipei City 24257, Taiwan (R.O.C.)","黃O琴","02-8221-1256","","有","有"
"99146724","20031002","20210811","二章企業社","TWO ZHANG CO.","新北市新莊區中正路８８９之１號（現場僅供辦公室使用）","No. 889-1, Zhongzheng Rd., Xinzhuang Dist., New Taipei City 24257, Taiwan (R.O.C.)","黃O琴","02-8221-1256","","有","有"
"99146739","20031002","20210811","東二企業社","DONG TWO CO.","新北市新莊區中正路８８９之１號（現場僅供辦公室使用）","No. 889-1, Zhongzheng Rd., Xinzhuang Dist., New Taipei City 24257, Taiwan (R.O.C.)","黃O琴","02-8221-1256","","有","有"
"99146745","20031002","20210811","三記企業社","THREE JI CO.","新北市新莊區中正路８８９之１號（現場僅供辦公室使用）","No. 889-1, Zhongzheng Rd., Xinzhuang Dist., New Taipei City 24257, Taiwan (R.O.C.)","黃O琴","02-8221-1256","","有","有"
"99146750","20031002","20210811","一章企業社","ONE ZHANG CO.","新北市新莊區中正路８８９之１號（現場僅供辦公室使用）","No. 889-1, Zhongzheng Rd., Xinzhuang Dist., New Taipei City 24257, Taiwan (R.O.C.)","黃O琴","02-8221-1256","","有","有"
"99146766","20031002","20210811","一記企業社","ONE JI CO.","新北市新莊區中正路８８９之１號（現場僅供辦公室使用）","No. 889-1, Zhongzheng Rd., Xinzhuang Dist., New Taipei City 24257, Taiwan (R.O.C.)","黃O琴","02-8221-1256","","有","有"
"99146772","20031002","20210811","東三企業社","DONG THREE CO.","新北市新莊區中正路８８９之１號（現場僅供辦公室使用）","No. 889-1, Zhongzheng Rd., Xinzhuang Dist., New Taipei City 24257, Taiwan (R.O.C.)","黃O琴","02-8221-1256","","有","有"
"99146787","20031002","20210811","三章企業社","THREE ZHANG CO.","新北市新莊區中正路８８９之１號（現場僅供辦公室使用）","No. 889-1, Zhongzheng Rd., Xinzhuang Dist., New Taipei City 24257, Taiwan (R.O.C.)","黃O琴","02-8221-1256","","有","有"
"99146793","20031002","20210811","小三企業社","XIAO THREE CO.","新北市新莊區中正路８８９之１號２樓（現場僅供辦公室使用）","2 F., No. 889-1, Zhongzheng Rd., Xinzhuang Dist., New Taipei City 24257, Taiwan (R.O.C.)","邱O結","02-8221-1256","","有","有"
"99146800","20031002","20210811","孝一企業社","HAAU ONE CO.","新北市新莊區中正路８８９之１號２樓（現場僅供辦公室使用）","2 F., No. 889-1, Zhongzheng Rd., Xinzhuang Dist., New Taipei City 24257, Taiwan (R.O.C.)","邱O結","02-8221-1256","","有","有"
"99146816","20031002","20210811","中二企業社","ZHONG TWO CO.","新北市新莊區中正路８８９之１號２樓（現場僅供辦公室使用）","2 F., No. 889-1, Zhongzheng Rd., Xinzhuang Dist., New Taipei City 24257, Taiwan (R.O.C.)","邱O結","02-8221-1256","","有","有"
"99146822","20031002","20210811","孝三企業社","HAAU THREE CO.","新北市新莊區中正路８８９之１號２樓（現場僅供辦公室使用）","2 F., No. 889-1, Zhongzheng Rd., Xinzhuang Dist., New Taipei City 24257, Taiwan (R.O.C.)","邱O結","02-8221-1256","","有","有"
"99146837","20031002","20210811","仁三企業社","REN THREE CO.","新北市新莊區中正路８８９之１號２樓（現場僅供辦公室使用）","2 F., No. 889-1, Zhongzheng Rd., Xinzhuang Dist., New Taipei City 24257, Taiwan (R.O.C.)","邱O結","02-8221-1256","","有","有"
"99147049","20031002","20210811","都一企業社","DOU ONE CO.","新北市汐止區新台５路２段８７之１號（現場僅供辦公室使用）","No. 87-1, Xizhi Dist., New Taipei City 221, Taiwan (R.O.C.)","莊O土","02-8221-1256","","有","有"
"99147054","20031002","20210811","二明企業社","TWO MING CO.","新北市汐止區新台５路２段８７之１號（現場僅供辦公室使用）","No. 87-1, Xizhi Dist., New Taipei City 221, Taiwan (R.O.C.)","黃O琴","02-8221-1256","","有","有"
"99147060","20031002","20210811","二文企業社","TWO WEN CO.","新北市汐止區新台５路２段８７之１號（現場僅供辦公室使用）","No. 87-1, Xizhi Dist., New Taipei City 221, Taiwan (R.O.C.)","黃O琴","02-8221-1256","","有","有"
"99147076","20031002","20210811","四明企業社","SEI YING CO.","新北市汐止區新台５路２段８７之１號（現場僅供辦公室使用）","No. 87-1, Xizhi Dist., New Taipei City 221, Taiwan (R.O.C.)","黃O琴","02-8221-1256","","有","有"
"99147081","20031002","20210811","彩三企業社","CAI THREE CO.","新北市汐止區新台５路２段８７之１號（現場僅供辦公室使用）","No. 87-1, Xizhi Dist., New Taipei City 221, Taiwan (R.O.C.)","藍O龍","02-8221-1256","","有","有"
"99147097","20031002","20210811","生二企業社","SHENG TWO CO.","新北市汐止區新台５路２段８７之１號（現場僅供辦公室使用）","No. 87-1, Xizhi Dist., New Taipei City 221, Taiwan (R.O.C.)","藍O龍","02-82211256","","有","有"
"99147104","20031002","20210811","生一企業社","SHENG ONE CO.","新北市汐止區新台５路２段８７之１號（現場僅供辦公室使用）","No. 87-1, Xizhi Dist., New Taipei City 221, Taiwan (R.O.C.)","藍O龍","02-8221-1256","","有","有"
"99147110","20031002","20210811","都三企業社","CHU THREE CO.","新北市汐止區新台５路２段８７之１號（現場僅供辦公室使用）","No. 87-1, Xizhi Dist., New Taipei City 221, Taiwan (R.O.C.)","莊O土","02-8221-1256","","有","有"
"99147126","20031002","20210811","順二企業社","SHUN TWO CO.","新北市汐止區新台五路２段８７之１號（現場僅供辦公室使用）","No. 87-1, Sec. 2, Xintai 5th Rd., Xizhi Dist., New Taipei City 22165, Taiwan (R.O.C.)","莊O土","02-8221-1256","","有","有"
"99147131","20031002","20210811","山三企業社","SHAN THREE CO.","新北市汐止區新台５路２段８７之１號（現場僅供辦公室使用）","No. 87-1, Xizhi Dist., New Taipei City 221, Taiwan (R.O.C.)","莊O土","02-8221-1256","","有","有"
"99147147","20031002","20210811","川三企業社","CHUAN THREE CO.","新北市汐止區新台５路２段８７之１號（現場僅供辦公室使用）","No. 87-1, Xizhi Dist., New Taipei City 221, Taiwan (R.O.C.)","莊O土","02-8221-1256","","有","有"
"99147152","20031002","20210811","山二企業社","SHAN ER CO.","新北市汐止區新台５路２段８７之１號（現場僅供辦公室使用）","No. 87-1, Xizhi Dist., New Taipei City 221, Taiwan (R.O.C.)","莊O土","02-8221-1256","","有","有"
"99147168","20031002","20210811","山一企業社","SHAN ONE CO.","新北市汐止區新台５路２段８７之１號（現場僅供辦公室使用）","No. 87-1, Xizhi Dist., New Taipei City 221, Taiwan (R.O.C.)","莊O土","02-8221-1256","","有","有"
"99147174","20031002","20210811","川一企業社","CHUAN ONE CO.","新北市汐止區新台５路２段８７之１號（現場僅供辦公室使用）","No. 87-1, Xizhi Dist., New Taipei City 221, Taiwan (R.O.C.)","莊O土","02-8221-1256","","有","有"
"99147189","20031002","20210811","順三企業社","SHUN THREE CO.","新北市汐止區新台５路２段８７之１號（現場僅供辦公室使用）","No. 87-1, Xizhi Dist., New Taipei City 221, Taiwan (R.O.C.)","莊O土","02-8221-1256","","有","有"
"99147195","20031002","20210811","都二企業社","CHU TWO CO.","新北市汐止區新台５路２段８７之１號（現場僅供辦公室使用）","No. 87-1, Xizhi Dist., New Taipei City 221, Taiwan (R.O.C.)","莊O土","02-8221-1256","","有","有"
"99147202","20031002","20210811","川二企業社","CHUAN TWO CO.","新北市汐止區新台５路２段８７之１號（現場僅供辦公室使用）","No. 87-1, Xizhi Dist., New Taipei City 221, Taiwan (R.O.C.)","莊O土","02-8221-1256","","有","有"
"99147218","20031002","20210811","順四企業社","SHUN FOUR CO.","新北市汐止區新台５路２段８７之１號（現場僅供辦公室使用）","No. 87-1, Xizhi Dist., New Taipei City 221, Taiwan (R.O.C.)","莊O土","02-8221-1256","","有","有"
"99147224","20031002","20210811","一文企業社","ONE WEN CO.","新北市汐止區新台５路２段８７之１號（現場僅供辦公室使用）","No. 87-1, Xizhi Dist., New Taipei City 221, Taiwan (R.O.C.)","黃O琴","02-8221-1256","","有","有"
"99147239","20031002","20210811","四文企業社","SHI WEN CO.","新北市汐止區新台５路２段８７之１號（現場僅供辦公室使用）","No. 87-1, Xizhi Dist., New Taipei City 221, Taiwan (R.O.C.)","黃O琴","02-8221-1256","","有","有"
"99147245","20031002","20210811","一明企業社","ONE MING CO.","新北市汐止區新台５路２段８７之１號（現場僅供辦公室使用）","No. 87-1, Xizhi Dist., New Taipei City 221, Taiwan (R.O.C.)","黃O琴","02-8221-1256","","有","有"
"99147343","20031002","20210811","和一企業社","HAN ONE CO.","新北市新莊區中正路８８９之１號２樓（現場僅供辦公室使用）","2 F., No. 889-1, Zhongzheng Rd., Xinzhuang Dist., New Taipei City 24257, Taiwan (R.O.C.)","邱O結","02-8221-1256","","有","有"
"99147358","20031002","20210811","小一企業社","XIAO ONE CO.","新北市新莊區中正路８８９之１號２樓（現場僅供辦公室使用）","2 F., No. 889-1, Zhongzheng Rd., Xinzhuang Dist., New Taipei City 24257, Taiwan (R.O.C.)","邱O結","02-8221-1256","","有","有"
"99147364","20031002","20210811","大三企業社","DAAI SAAM CO.","新北市新莊區中正路８８９之１號２樓（現場僅供辦公室使用）","2 F., No. 889-1, Zhongzheng Rd., Xinzhuang Dist., New Taipei City 24257, Taiwan (R.O.C.)","邱O結","02-8221-1256","","有","有"
"99147370","20031002","20210811","孝二企業社","HAAU TWO CO.","新北市新莊區中正路８８９之１號２樓（現場僅供辦公室使用）","2 F., No. 889-1, Zhongzheng Rd., Xinzhuang Dist., New Taipei City 24257, Taiwan (R.O.C.)","邱O結","02-8221-1256","","有","有"
"99147385","20031002","20210811","仁二企業社","REN TWO CO.","新北市新莊區中正路８８９之１號２樓（現場僅供辦公室使用）","2 F., No. 889-1, Zhongzheng Rd., Xinzhuang Dist., New Taipei City 24257, Taiwan (R.O.C.)","邱O結","02-8221-1256","","有","有"
"99147391","20031002","20210811","小二企業社","XIAO TWO CO.","新北市新莊區中正路８８９之１號２樓（現場僅供辦公室使用）","2 F., No. 889-1, Zhongzheng Rd., Xinzhuang Dist., New Taipei City 24257, Taiwan (R.O.C.)","邱O結","02-8221-1256","","有","有"
"99147408","20031002","20210811","大二企業社","BIG TWO CO.","新北市新莊區中正路８８９之１號２樓（現場僅供辦公室使用）","2 F., No. 889-1, Zhongzheng Rd., Xinzhuang Dist., New Taipei City 24257, Taiwan (R.O.C.)","邱O結","02-8221-1256","","有","有"
"99147414","20031002","20210811","大四企業社","BIG FOUR CO.","新北市新莊區中正路８８９之１號２樓（現場僅供辦公室使用）","2 F., No. 889-1, Zhongzheng Rd., Xinzhuang Dist., New Taipei City 24257, Taiwan (R.O.C.)","邱O結","02-8221-1256","","有","有"
"99147420","20031002","20210811","和二企業社","KE TWO CO.","新北市新莊區中正路８８９之１號２樓（現場僅供辦公室使用）","2 F., No. 889-1, Zhongzheng Rd., Xinzhuang Dist., New Taipei City 24257, Taiwan (R.O.C.)","邱O結","02-82211256","","有","有"
"99147435","20031002","20210811","和三企業社","HAN THREE CO.","新北市新莊區中正路８８９之１號２樓（現場僅供辦公室使用）","2 F., No. 889-1, Zhongzheng Rd., Xinzhuang Dist., New Taipei City 24257, Taiwan (R.O.C.)","邱O結","02-8221-1256","","有","有"
"99151459","20130315","20210811","松成企業社","SONG CHENG HANG ENTERPRISE CO.","新北市五股區凌雲路１段１０９巷３２之２號（３樓）（現場僅供辦公室使用）","3 F., No. 32-2, Ln. 109, Sec. 1, Lingyun Rd., Wugu Dist., New Taipei City 24843, Taiwan (R.O.C.)","楊O松","02-22927041","","有","有"
"99156882","20060210","20210811","泉富車業行","KAO'S MOTOR CO.","新北市新店區北新路１段１６７號１樓","1 F., No. 167, Sec. 1, Beixin Rd., Xindian Dist., New Taipei City 23147, Taiwan (R.O.C.)","高O倫","02-29150283","02-29118715","有","有"
"99157257","20031126","20210812","縱橫山林戶外休閒用品專賣店","RV LIFE OUTFITTER CO.","基隆市七堵區泰安路21-1號1樓","1 F., No. 21-1, Tai’an Rd., Qidu Dist., Keelung City 20646, Taiwan (R.O.C.)","吳O峰","02-86485000","02-86476467","有","有"
"99157545","20040921","20210811","永康春企業社","UON KAN TSUEN ENTERPRISE CO.","新北市板橋區重慶路３２８號１樓","1 F., No. 328, Chongqing Rd., Banqiao Dist., New Taipei City 22062, Taiwan (R.O.C.)","林O男","02-29558788","02-89529962","無","無"
"99197173","20210520","20210520","阿瑪雷特美食","Amaretto CO.","高雄市路竹區中興路３１６號","No. 316, Zhongxing Rd., Luzhu Dist., Kaohsiung City 82146, Taiwan (R.O.C.)","杜O花","0976387969","","有","有"
"99197259","20091008","20210812","明合企業行","MING GATHER ENTERPRISE CO.","高雄市橋頭區仕豐里仕豐南路仕龍東巷１８號１樓","1 F., No. 18, Shilong E. Ln., Shifeng S. Rd., Shifeng Vil., Qiaotou Dist., Kaohsiung City 82546, Taiwan (R.O.C.)","馬O麗","07-6216144","","有","有"
"99197933","20240830","20240830","飛翔工程行","FEI HSIANG Co.","高雄市鳳山區文德里文澄街１１２號５樓（營業所在地僅供辦公連絡用）","5 F., No. 112, Wencheng St., Wende Vil., Fengshan Dist., Kaohsiung City 830014, Taiwan (R.O.C.)","趙O偉","07-7478476","","有","有"
"99199088","20120830","20210811","曜進食品原料行","YIAO CHIN CO.","臺南市白河區永安里中正路91巷45號1樓","1 F., No. 45, Ln. 91, Zhongzheng Rd., Yong’an Vil., Baihe Dist., Tainan City 73242, Taiwan (R.O.C.)","張O銘","06-6850882","06-6856577","有","有"
"99200661","20150506","20210812","量鑫企業行","LIANG HSING COMPANY","高雄市大寮區會社里鳳林三路３８２巷２之５號１樓","1 F., No. 2-5, Ln. 382, Fenglin 3rd Rd., Huishe Vil., Daliao Dist., Kaohsiung City 83155, Taiwan (R.O.C.)","蔡O鑫","05-7813366","05-7813377","有","有"
"99200775","20040223","20210811","碧峯貿易企業行","PIFENG TRADING COMPANY","高雄市仁武區中華里華北街６９號１樓（營業所在地僅供辦公連絡用）","1 F., No. 69, Huabei St., Zhonghua Vil., Renwu Dist., Kaohsiung City 81453, Taiwan (R.O.C.)","陳O峯","07-815-5609","","有","有"
"99201958","20040830","20210812","家莉商號","CHARMING HSIAO SHOP","臺南市新化區武安里中正路381號〈公有零售市場第91號攤位〉","No. 381, Zhongzheng Rd., Wu’an Vil., Xinhua Dist., Tainan City 71241, Taiwan (R.O.C.)","蕭O莉","08-7321023","","有","有"
"99206150","20080428","20210811","高高屏樂器行","KAO KAO PING MUSICAL INSTRUMENT SHOP","高雄市大寮區義和里義和路１２３之４號１樓（停車空間不得營業使用）","1 F., No. 123-4, Yihe Rd., Yihe Vil., Daliao Dist., Kaohsiung City 83142, Taiwan (R.O.C.)","莊O瑉","07-6522682","","有","有"
"99207539","20040301","20210811","昇賀企業行","SHENG HEH CO.","高雄市大寮區琉球里巷尾路４之１號１樓","1 F., No. 4-1, Xiangwei Rd., Liuqiu Vil., Daliao Dist., Kaohsiung City 83151, Taiwan (R.O.C.)","蔡O成","07-7812129","07-7825779","有","有"
"99207685","20110712","20230616","昭發企業行","DEGO-J ENTERPRISE CO.","高雄市岡山區嘉新東路26巷12號","No. 12, Ln. 26, Jiaxin E. Rd., Gangshan Dist., Kaohsiung City 820103, Taiwan (R.O.C.)","洪O峻","0912742799","07-6285221","有","有"
"99208191","20040419","20230117","永泰企業社","YEONG TAY ENTERPRISE CO.","高雄市旗山區竹峰里中正路４１０號１樓","1 F., No. 410, Zhongzheng Rd., Zhufeng Vil., Qishan Dist., Kaohsiung City 842058, Taiwan (R.O.C.)","蘇O華","07-6624406","","無","無"
"99211484","20161212","20161212","社團法人台南市文化協會","TAINAN CULTURE ASSOCIATION","台南市中西區神農街７９號","NO.79, SHENNONG ST., WEST CENTRAL DIST., TAINAN CITY 700, TAIWAN (R.O.C.)","高O英","06-2113630","06-2214246","有","有"
"99217804","20131004","20221126","地中海水族館","YO DO PETS SHOP","宜蘭縣羅東鎮仁德里南門路86號一樓","1 F., No. 86, Nanmen Rd., Rende Vil., Luodong Township, Yilan County 265005, Taiwan (R.O.C.)","曾O乾","03-9569437","03-9569548","有","有"
"99220884","20171107","20171107","財團法人麗寶文化藝術基金會","Lih Pao Cultural Arts Foundation","新北市五股區成泰路一段１８９巷１６號２樓","2F., NO.16, LN. 189, SEC. 1, CHENGTAI RD., WUGU DIST., NEW TAIPEI CITY 248, TAIWAN (R.O.C.)","吳O田","02-27939922#322","02-2795-2636","有","有"
"99238723","20060208","20210811","慧光得亞利企業社","HUA GUAN INCENSE STORE","屏東縣鹽埔鄉鹽南村勝利路42號1樓","1 F., No. 42, Shengli Rd., Yanpu Township, Pingtung County 90742, Taiwan (R.O.C.)","吳O文","08-7333072","08-7347187","有","有"
"99241683","20050905","20210812","勝昌飼料行","SHEN CHANG FEED COMPANY","屏東縣新園鄉新園村媽祖三巷２０號１樓","1 F., No. 20, Mazu 3rd Ln., Xinyuan Township, Pingtung County 93247, Taiwan (R.O.C.)","簡O瑞","08-8681605","08-8687367","有","有"
"99241754","20031104","20231212","承昀企業行","CHENG YUN HUANG'S CO.","屏東縣屏東市華山里大連路10巷17號1樓","1 F., No. 17, Ln. 10, Dalian Rd., Huashan Vil., Pingtung City, Pingtung County 900023, Taiwan (R.O.C.)","黃O珍","08-7366876","","有","有"
"99242796","20031114","20210812","明記商行","MING GI GOURMET COMPANY","屏東縣屏東市崇蘭里中山路三五０號一樓","1 F., No. 350, Zhongshan Rd., Chonglan Vil., Pingtung City, Pingtung County 90066, Taiwan (R.O.C.)","汪O女","08-7031465","08-7031467","有","有"
"99247048","20070820","20210811","申信安企業貿易行","SHEN XIN ANN TRADING CO.","屏東縣屏東市金泉里漢口街11號1樓","1 F., No. 11, Hankou St., Jinquan Vil., Pingtung City, Pingtung County 90041, Taiwan (R.O.C.)","盧O傑","08-7322332","","有","有"
"99247510","20100422","20111215","保證責任屏東縣建農青果生產合作社","CHIEN NUAN PROCREATION COOPERATIVE","屏東縣長治鄉繁隆村昌隆一街１４號","NO.14, CHANGLONG 1ST ST., CHANGZHI TOWNSHIP, PINGTUNG COUNTY 908, TAIWAN (R.O.C.)","李O川","08-7626162","08-7626686","有","有"
"99251106","20160727","20221015","統固優脂蛋白企業社","TONG GU EXCELLENT LIPOPROTEIN CO.","屏東縣九如鄉玉泉村中庄街３之６號","No. 3-6, Zhongzhuang St., Yuquan Vil., Jiuru Township,  Pingtung County 904010, Taiwan (R.O.C.)","鄭O川","08-7395353","08-7396263","有","有"
"99251400","20060529","20240220","鴻遠國際貿易企業行","HONG FAL INTERNATIONAL CO.","高雄市三民區九如一路136號","No. 136, Jiuru 1st Rd., Sanmin Dist., Kaohsiung City 807030, Taiwan (R.O.C.)","薛O鳳","07-2828563","07-2821167","有","有"
"99252365","20180605","20210811","金采唐珠寶銀樓","JIN TSAI-TANG JEWELRY Co.","屏東縣屏東市平和里中華路三六號一樓","1 F., No. 36, Zhonghua Rd., Pinghe Vil., Pingtung City, Pingtung County 90054, Taiwan (R.O.C.)","黃O程","08-7340931","08-7340635","有","有"
"99253977","20050119","20210812","龍森武術企業社","LONG SEN FIRM","屏東縣屏東市勝利里忠孝路三０三之二號一樓","1 F., No. 303-2, Zhongxiao Rd., Shengli Vil., Pingtung City, Pingtung County 90060, Taiwan (R.O.C.)","潘O森","08-733-1123","08-733-3516","有","有"
"99265679","20081105","20210811","銓達企業社","CHY DAR ENTERPRISE CO.","新北市板橋區仁化街２０１號（現場僅供辦公室使用）","No. 201, Renhua St., Banqiao Dist., New Taipei City 22045, Taiwan (R.O.C.)","陳O瑄","02-22531497","","有","有"
"99266023","20070103","20210820","綠園資訊社","GREEN CITY INFORMATION CO.","桃園市中壢區興平里興隆三街52號","No. 52, Xinglong 3rd St., Xingping Vil., Zhongli Dist., Taoyuan City 32058, Taiwan (R.O.C.)","卓O晨","03-4612872","03-4618723","有","有"
"99275640","20070517","20250110","明興木製品企業社","MING XING MU ZHI PIN BUSINESS CO.","臺南市安南區鳳凰里安中路1段560巷12弄20號1樓","1 F., No. 20, Aly. 12, Ln. 560, Sec. 1, Anzhong Rd., Fenghuang Vil., Annan Dist., Tainan City 709024, Taiwan (R.O.C.)","吳O泰","06-2985396","06-3914990","有","有"
"99279575","20070214","20210811","卡洛琳鞋業企業社","BNG & ADANNA CO.","臺南市北區福德里文成二街240號1樓","1 F., No. 240, Wencheng 2nd Rd., Fude Vil., North Dist., Tainan City 70465, Taiwan (R.O.C.)","蔡O美","06-2828699","06-2826158","有","有"
"99279771","20050728","20210812","尚郁企業社","SHAANG YEU ENTERPRISE CO.","臺南市南區佛壇里興南街151巷66號1樓","1 F., No. 66, Ln. 151, Xingnan St., Fotan Vil., South Dist., Tainan City 70257, Taiwan (R.O.C.)","李O璋","06-2628979","06-2620733","有","有"
"99280448","20151016","20210811","鼎欣企業社","DIN SIN PLASTIC ENTERPRISE CO.","臺南市永康區復華里復華六街106巷12號1樓","1 F., No. 12, Ln. 106, Fuhua 6th St., Fuhua Vil., Yongkang Dist., Tainan City 71085, Taiwan (R.O.C.)","林O玉","0932983502","06-2685426","有","有"
"99281235","20100701","20210812","淨水次方科技","CHI LUNG ENGINEERING HANG","臺南市安南區安富里郡安路5段210號1樓","1 F., No. 210, Sec. 5, Jun’an Rd., Anfu Vil., Annan Dist., Tainan City 70962, Taiwan (R.O.C.)","楊O賓","06-2598409","06-3587503","有","有"
"99283178","20040218","20210811","銘美銀樓","MING MEI JEWELLERY CO.","臺南市南區廣州里福吉四街47巷1弄6號1樓","1 F., No. 6, Aly. 1, Ln. 47, Fuji 4th St., Guangzhou Vil., South Dist., Tainan City 70246, Taiwan (R.O.C.)","林O","06-2296788","06-2211631","有","有"
"99283206","20110825","20230321","建立商標企業社","JIAN LI LABEL ENTERPRISE COMPANY","臺南市中西區西湖里湖美一街173巷5號2樓","2 F., No. 5, Ln. 173, Humei 1st St., Xihu Vil., West Central Dist., Tainan City 700009, Taiwan (R.O.C.)","陳O珍","06-2505397","","有","有"
"99284541","20121122","20210811","蓁蓁精品店","JEN-JEN BOUTIQUE SHOES STORE","臺南市仁德區仁愛里大同路3段392號1樓","1 F., No. 392, Sec. 3, Datong Rd., Ren’ai Vil., Rende Dist., Tainan City 71755, Taiwan (R.O.C.)","陳O蓁","06-2743899","06-2371242","有","有"
"99289341","20070202","20221130","和光國際企業社","WAKO HEALTHY-ENGINEERING INTERNATIONAL ENTERPRISES COMPANY","臺南市永康區大灣里文賢街68巷36弄3號1樓","1 F., No. 3, Aly. 36, Ln. 68, Wenxian St., Dawan Vil., Yongkang Dist., Tainan City 710022, Taiwan (R.O.C.)","黃O鳳","06-2883388","06-2883388","無","無"
"99290585","20110712","20210811","明嘉企業社","MING CHIAE COMPANY","臺南市安南區顯宮里顯宮二街46號1樓","1 F., No. 46, Xiangong 2nd St., Xiangong Vil., Annan Dist., Tainan City 70955, Taiwan (R.O.C.)","吳O娥","06-2842231","","有","有"
"99291114","20070108","20210811","巨力國際企業社","GREAT DREAM INTERNATIONAL CO.","臺南市北區新勝里北園街53巷50號1樓（僅供辦公室使用）","1 F., No. 50, Ln. 53, Beiyuan St., Xinsheng Vil., North Dist., Tainan City 70442, Taiwan (R.O.C.)","謝O隆","0935408580","","有","有"
"99292319","20041122","20210811","五得衣帽廠","PROKA INTERNATIONAL FACTORY","臺南市南區明亮里金華路1段484巷244弄43號1樓","1 F., No. 43, Aly. 244, Ln. 484, Sec. 1, Jinhua Rd., Mingliang Vil., South Dist., Tainan City 70265, Taiwan (R.O.C.)","康O理","06-2910565","06-2910965","有","有"
"99293794","20070823","20240814","宇承企業社","YU CHENG KIDS ENTERPRISE CO.","臺南市安定區文科里海寮30之12號1樓","1 F., No. 30-12, Hailiao, Wenke Vil., Anding Dist., Tainan City 745008, Taiwan (R.O.C.)","蔡O翰","06-5939625","06-5939623","有","有"
"99295511","20070827","20210812","廣軒企業社","GUANG SHEN COMPANY","新北市新莊區樹新路206號5樓","5 F., No. 206, Shuxin Rd., Xinzhuang Dist., New Taipei City 24265, Taiwan (R.O.C.)","傅O麟","02-22236113","02-22231250","有","有"
"99296672","20150723","20221217","和興實業","XXXIX TRADING COMPANY","新北市三重區新北大道1段160號6樓","6 F., No. 160, Sec. 1, New Taipei Blvd., Sanchong Dist., New Taipei City 241021, Taiwan (R.O.C.)","鄭O和","02-29862914","","無","無"
"99298881","20031230","20230318","圓晶洋譽國際科技企業興社","CIRCLETECH AUTOMATICMOTION ENTERPRISE CO.","新北市金山區慈護街7號","No. 7, Cihu St., Jinshan Dist., New Taipei City 208003, Taiwan (R.O.C.)","甘O洋","02-2408-0784","02-2408-9035","有","有"
"99299072","20121114","20220622","翔存企業社","XIANG DEPOSIT ENTERPRISE CO.","新北市蘆洲區永安南路2段42巷6號4樓之2","4 F.-2, No. 6, Ln. 42, Sec. 2, Yong'an S. Rd., Luzhou Dist., New Taipei City 247026, Taiwan (R.O.C.)","王O美","02-82922771","02-82922770","有","有"
"99302920","20031127","20210812","正業工業社","CHENG YEH CO.","新北市蘆洲區光榮路97巷17號2樓","2 F., No. 17, Ln. 97, Guangrong Rd., Luzhou Dist., New Taipei City 24759, Taiwan (R.O.C.)","蔡O善","02-2289-5392","02-2289-0686","有","有"
"99305525","20211119","20211119","億銓企業社","Yiquan Enterprise Co.","桃園市龍潭區烏林里工二路一段170號","No. 170, Sec. 1, Gong 2nd Rd., Wulin Vil., Longtan Dist., Taoyuan City 32559, Taiwan (R.O.C.)","蔡O惠","03-4895097","03-4892837","無","無"
"99305757","20221116","20221116","高田食堂","Takata canteen Company","新北市蘆洲區長安街２２３號","No. 223, Chang’an St., Luzhou Dist., New Taipei City 247023, Taiwan (R.O.C.)","賴O鳯","02-28476794","02-22850525","有","有"
"99326155","20090417","20230114","熙川實業社","HUICHON INDUSTRIAL CO.","臺北市士林區延平北路5段7號1樓","1 F., No. 7, Sec. 5, Yanping N. Rd., Shilin Dist., Taipei City 111065, Taiwan (R.O.C.)","黃O美","02-28129330","02-28151751","無","無"
"99330539","20100121","20201019","財團法人台灣設計研究院","Taiwan Design Research Institute","臺北市信義區光復南路１３３號","NO.133, GUANGFU S. RD., XINYI DIST., TAIPEI CITY 110, TAIWAN (R.O.C.)","林O能","02-27458199","02-33229028","有","有"
"99332620","20050816","20210812","海道國際企業社","DOO INTERNATINOAL CO.","臺北市信義區基隆路2段17號6樓之1","6F.-1, No. 17, Sec. 2, Keelung Rd., Xinyi Dist., Taipei City 11052, Taiwan (R.O.C.)","蔡O月","02-8990-4233","02-8990-4688","有","有"
"99333374","20091211","20210811","醇品雅集陶瓷工作室","CHUN PING TEAWARE STUDIO","臺北市大安區信義路2段114巷1之1號1樓","1 F., No. 1-1, Ln. 114, Sec. 2, Xinyi Rd., Da’an Dist., Taipei City 10650, Taiwan (R.O.C.)","陳O君","02-23926858","02-23955075","有","有"
"99334850","20110902","20230114","明釋設計工坊","MINGS INNOVATION CO.","臺北市中正區金門街44巷10號7樓","7 F., No. 10, Ln. 44, Jinmen St., Zhongzheng Dist., Taipei City 100033, Taiwan (R.O.C.)","黃O仁","23648943","23655328","有","有"
"99336317","20040721","20240723","美林文具行","MAY LIN STATIONERY CO.","臺北市大同區西寧北路80之1號","No. 80-1, Xining N. Rd., Datong Dist., Taipei City 10342, Taiwan (R.O.C.)","田O涵","","","有","有"
"99338785","20040105","20210811","鮪宇行","LOK FAMILY CO.","臺北市中山區松江路140巷6之2號1樓","1 F., No. 6-2, Ln. 140, Songjiang Rd., Zhongshan Dist., Taipei City 10458, Taiwan (R.O.C.)","曾O綺","02-25811699","02-25425572","有","有"
"99339779","20100423","20221005","寶群實業社","BAO-CHUN CO.","臺北市大同區重慶北路1段9巷1號1樓","1 F., No. 1, Ln. 9, Sec. 1, Chongqing N. Rd., Datong Dist., Taipei City 103015, Taiwan (R.O.C.)","林O汝","02-25599765","02-25599760","有","有"
"99343274","20211210","20230108","林花毛巾百貨行","Lin Forest flower Co.","臺北市萬華區萬大路188號1樓","1 F., No. 188, Wanda Rd., Wanhua Dist., Taipei City 108033, Taiwan (R.O.C.)","林O霖","02-2306-8798","","有","有"
"99343437","20040408","20221223","禹勝企業社","AXXESS ENTERPRISE CO.","臺北市中山區林森北路50號9樓之8","9 F.-8, No. 50, Linsen N. Rd., Zhongshan Dist., Taipei City 104404, Taiwan (R.O.C.)","孫O琪","02-23320573","02-23377389","無","無"
"99344793","20050505","20210811","自由之路出版社","THE WAY TO FREEDOM PUBLISHING HOUSE","臺北市中山區中山北路1段82號11樓","11 F., No. 82, Sec. 1, Zhongshan N. Rd., Zhongshan Dist., Taipei City 10444, Taiwan (R.O.C.)","許O琛","02-25432398","02-25310157","有","有"
"99349312","20120703","20210812","聿彤咖啡屋","LA BELLE COFFEE HOUSE","臺北市大安區金華街247號1樓","1 F., No. 247, Jinhua St., Da’an Dist., Taipei City 10649, Taiwan (R.O.C.)","張O文","02-23279937","","有","有"
"99352532","20200612","20210811","宇鴻文具行","Yuhong Stationery co.","臺北市大同區酒泉街116號1樓","1 F., No. 116, Jiuquan St., Datong Dist., Taipei City 10373, Taiwan (R.O.C.)","胡O恒","02-25949123","02-25979682","有","有"
"99353069","20101209","20101209","中華民國噶瑪達傑確林佛學會","KARMA DHARGYE CHOELING DHARMA CENTER. R.O.C.","臺北市敦化北路２０７號４０７室","RM. 407, NO.207, TUN HWA N. RD., TAIPEI, TAIWAN","葉O專","02-87122200","02-25456962","有","有"
"99356208","20110630","20210811","台耀工程行","TAIR YAW CONSTRUCTION CO.","臺北市大安區忠孝東路4段112號12樓之12","12F.-12, No. 112, Sec. 4, Zhongxiao E. Rd., Da’an Dist., Taipei City 10688, Taiwan (R.O.C.)","郭O旗","02-27513419","02-27751376","有","有"
"99356381","20130403","20130403","台灣發明商品促進協會","TAIWAN INVENTION PRODUCTS PROMOTION ASSOCIATION","新北市土城區清水路９６巷８號１樓","1F., NO.8, LN. 96, QINGSHUI RD., TUCHENG DIST., NEW TAIPEI CITY 23652, TAIWAN (R.O.C.)","謝O民","02-77305848#19","","有","有"
"99358254","20040311","20210812","法亞行","FAYA PTE. CO.","臺北市大安區仁愛路3段31巷11號1樓","1 F., No. 11, Ln. 31, Sec. 3, Ren’ai Rd., Da’an Dist., Taipei City 10651, Taiwan (R.O.C.)","郭O珠","02-26744799","02-86719633","有","有"
"99358331","20070612","20210811","樹王臺灣檜木精油實業坊","HOLY TREE FORMOSA ESSENZ STUDIO","臺北市北投區天母西路132之9號","No. 132-9, Tianmu W. Rd., Beitou Dist., Taipei City 11283, Taiwan (R.O.C.)","張O齡","02-28274869","02-28274869","有","有"
"99359079","20040316","20210811","德昇行","DE SHINE CO.","臺北市萬華區西園路2段382號1樓","1 F., No. 382, Sec. 2, Xiyuan Rd., Wanhua Dist., Taipei City 10865, Taiwan (R.O.C.)","陳O芬","02-82951465","02-82951782","無","無"
"99361531","20130111","20220707","財團法人台北書展基金會","TAIPEI BOOK FAIR FOUNDATION","臺北市信義區基隆路一段１８０號１０樓","10F., NO.180, SEC. 1, KEELUNG RD., XINYI DIST., TAIPEI CITY 110, TAIWAN (R.O.C.)","吳O儀","02-27671268","02-27672808","有","有"
"99362264","20181105","20230117","米笙設計工作室","BAGCOM STUDIO","新北市永和區警光街１０巷５號4樓","4 F., No. 5, Ln. 10, Jingguang St., Yonghe Dist., New Taipei City 234023, Taiwan (R.O.C.)","王O宇","02-27062199","02-27079297","有","有"
"99367471","20050510","20210811","詠峻實業社","YUNG JIUN INDUSTRY CO.","臺中市大雅區上楓里民族街１４７巷１８３號","No. 183, Ln. 147, Minzu St., Shangfeng Vil., Daya Dist., Taichung City 42873, Taiwan (R.O.C.)","張O程","04-25681722","04-25686571","有","有"
"99373537","20070403","20210812","竣偉海產商行","GREET SEAFOOD COMPANY","雲林縣臺西鄉五港村五港路二八一巷一六五路一樓","1 F., Ln. 281, Wugang Rd., Taixi Township, Yunlin County 63674, Taiwan (R.O.C.)","林O仁","05-3732802","05-3782837","有","有"
"99374682","20191014","20210812","駿昌自動控制行","Junchang automatic control line co.","臺中市后里區月眉里雲頭路月光巷９之７號","No. 9-7, Yueguang Ln., Yuntou Rd., Yuemei Vil., Houli Dist., Taichung City 42145, Taiwan (R.O.C.)","黃O真","04-26835825","04-26839825","有","有"
"99376801","20250514","20250514","金鈺昌工程行","JINY YU CHANG ELECTRICAL Co.","彰化縣溪湖鎮汴頭里一心街６２號","No. 62, Yixin St., Biantou Vil., Xihu Township, Changhua County 514003, Taiwan (R.O.C.)","粘O正","04-8829230","","有","有"
"99377371","20070414","20210812","東佶實業社","DONG GIY CO.","臺中市豐原區北陽里中陽路５０３巷２０號一樓","1 F., No. 20, Ln. 503, Zhongyang Rd., Beiyang Vil., Fengyuan Dist., Taichung City 42076, Taiwan (R.O.C.)","吳O美","04-25613252","04-25613257","有","有"
"99377978","20110113","20210811","益華重機行","YI HUA HEAVY MACHINERY STORE","臺中市后里區仁里里圳寮路36之1號","No. 36-1, Zunliao Rd., Renli Vil., Houli Dist., Taichung City 42142, Taiwan (R.O.C.)","詹O華","04-25587959","04-25576471","有","有"
"99379271","20110929","20110929","保證責任雲林縣虎尾農產生物科技生產合作社","HUWEI AGRICULTURAL BIO-TECH COOPERATIVE","雲林縣虎尾鎮中溪里溪埔５０號","NO.50, XIPU, CHUNG SHI LI, HUWEI TOWNSHIP, YUNLIN COUNTY 632, TAIWAN (R.O.C.)","李O岩","05-6222630","05-6223201","有","有"
"99380397","20040317","20240920","方圓創意工坊","FAN YUAN CREATIVE WORKSHOP","苗栗縣竹南鎮大厝里大營路71巷15號1樓","1 F., No. 15, Ln. 71, Daying Rd., Dacuo Vil., Zhunan Township, Miaoli County 350025, Taiwan (R.O.C.)","陳O政","037-629700","037-627848","無","無"
"99382135","20160711","20210811","悅泉企業社","YUE QUAN COMPANY","臺中市南屯區田心里向心路１０５之１號一樓","1 F., No. 105-1, Xiangxin Rd., Tianxin Vil., Nantun Dist., Taichung City 40867, Taiwan (R.O.C.)","陳O娟","04-23874996","","有","有"
"99384268","20060510","20250107","傑地實業社","JIE-DI ENTERPRISE CO.","臺中市北屯區平德里文心路四段５２８號４樓之３","4F.-3, No. 528, Sec. 4, Wenxin Rd., Pingde Vil., Beitun Dist., Taichung City 40666, Taiwan (R.O.C.)","廖O君","(04)2310-7013","","有","有"
"99385506","20140822","20241029","明宏船器行","MING HONG MARINE SAFETY EQUIPMENT CO.","高雄市前鎮區鎮興路６０巷１６號","No. 16, Ln. 60, Zhenxing Rd., Qianzhen Dist., Kaohsiung City 806029, Taiwan (R.O.C.)","楊O琳","07-8155967","07-8156579","有","有"
"99387960","20111122","20210811","生海企業行","MARITIME PARTS TRADE COMPANY","高雄市仁武區北屋南街238號1樓","1 F., No. 238, Renwu Dist., Kaohsiung City 814, Taiwan (R.O.C.)","陳O銘","07-3380288","07-3331951","有","有"
"99389290","20040105","20210812","晟華達企業社","SHENG HUA DA CO.","高雄市三民區德仁里撫順街１６號","No. 16, Fushun St., Deren Vil., Sanmin Dist., Kaohsiung City 80757, Taiwan (R.O.C.)","吳O惠","07-3161087","07-3210877","有","有"
"99394126","20040218","20221217","吉相企業行","LIPOGUARD BEAUTY INTERNATIONAL CO.","高雄市左營區果峰街１２巷２０號１樓","1 F., No. 20, Ln. 12, Guofeng St., Zuoying Dist., Kaohsiung City 813010, Taiwan (R.O.C.)","夏O","07-3802627","07-3928584","無","無"
"99394266","20040130","20210811","吉亨企業社","CHI HERN ENTERPRISE CO.","高雄市三民區德智里自由１路５９巷２９號２樓","2 F., No. 29, Ln. 59, Ziyou 1st Rd., Dezhi Vil., Sanmin Dist., Kaohsiung City 80754, Taiwan (R.O.C.)","盧O義","07-3327366","07-3327369","有","有"
"99395096","20040203","20210812","育新資訊企業行","GAU KANG COMPANY","高雄市三民區鼎強里鼎強街４６１巷２弄１０號１樓","1 F., No. 10, Aly. 2, Ln. 461, Dingqiang St., Dingqiang Vil., Sanmin Dist., Kaohsiung City 80790, Taiwan (R.O.C.)","賴O玫","07-7331103","07-7324147","有","有"
"99395743","20220919","20220919","鑫明汽車材料行","xingmin Hang","高雄市前鎮區二聖二路２９８號１樓","1F., No. 298, Ersheng 2nd Rd., Qianzhen Dist., Kaohsiung City 806003, Taiwan (R.O.C.)","王O德","0963249364","","有","有"
"99401626","20150814","20210811","高海商行","KAO OCEAN CO.","高雄市苓雅區苓雅二路１８９巷２號６樓之２","6F.-2, No. 2, Ln. 189, Lingya 2nd Rd., Lingya Dist., Kaohsiung City 80244, Taiwan (R.O.C.)","胡O顬","07-5328012","07-2692251","有","有"
"99404932","20041206","20230628","三益琴行","SUN YEE MUSIC CO.","高雄市三民區覺民路337號","No. 337, Juemin Rd., Sanmin Dist., Kaohsiung City 807033, Taiwan (R.O.C.)","陳O男","07-7157914","","有","有"
"99407311","20150604","20211201","夏姿坊企業社","SHIATZY FANG CO.","桃園市桃園區南華里南海街6號1樓","1 F., No. 6, Nanhai St., Nanhua Vil., Taoyuan Dist., Taoyuan City 33042, Taiwan (R.O.C.)","邱O豪","03-3355897","03-3356950","有","有"
"99412004","20240726","20240726","社團法人世界佛教正心會","GLOBAL BUDDHISM RIGHT HEART ASSOCIATION","220新北市板橋區大觀路2段5-5號","No. 5-5, Sec. 2, Daguan Rd., Banqiao Dist., New Taipei City 220095, Taiwan (R.O.C.)","卓O揚","02-82751133","02-82751100","有","有"
"99415396","20200326","20210811","合意起重工程行","WHOLE YEAR ENGINEERING CO.","新北市板橋區龍興街９７巷１２號１樓","1 F., No. 12, Ln. 97, Longxing St., Banqiao Dist., New Taipei City 22058, Taiwan (R.O.C.)","余O謀","02-29605421","02-29735585","有","有"
"99418041","20100120","20210812","出色文化事業出版社","GOOD PUBLISHING CO.","新北市新店區安祥路102巷42弄83號(1樓)","1 F., No. 83, Aly. 42, Ln. 102, Anxiang Rd., Xindian Dist., New Taipei City 23158, Taiwan (R.O.C.)","陳OO","02-89146405","02-29107127","有","有"
"99420172","20151015","20210811","豐彩藝術陶坊","FENG CAI ART TAO SQUARE CO.","新北市鶯歌區重慶街１２０號１樓","1 F., No. 120, Chongqing St., Yingge Dist., New Taipei City 23942, Taiwan (R.O.C.)","凌O鐘","02-26784978","02-86775028","有","有"
"99421101","20040302","20210811","上旺機械商行","SHANP WANG MACHINERY CO.","新北市三重區三和路１段４７巷９號","No. 9, Ln. 47, Sec. 1, Sanhe Rd., Sanchong Dist., New Taipei City 24148, Taiwan (R.O.C.)","劉O玲","02-22967469","02-22967305","無","無"
"99425845","20200518","20240111","明利權企業社","Ming Li Chiuan Co.","新北市新莊區民安路181巷2弄1號","No. 1, Aly. 2, Ln. 181, Min’an Rd., Xinzhuang Dist., New Taipei City 242056, Taiwan (R.O.C.)","林O昇","02-82921965","","有","有"
"99427148","20080430","20210811","莫古里遊戲模型企業社","MOKURI GAME MODEL CO.","桃園市桃園區武陵里民生路１６８號１樓","1 F., No. 168, Minsheng Rd., Wuling Vil., Taoyuan Dist., Taoyuan City 33041, Taiwan (R.O.C.)","曾O臨","03-3331534","03-3351020","有","有"
"99428168","20090422","20210811","宋坤傳藝工作坊","SONG-KUN STUDIO","新北市三重區仁愛街６０４號１樓","1 F., No. 604, Ren’ai St., Sanchong Dist., New Taipei City 24152, Taiwan (R.O.C.)","方O晴","02-28572305","02-22875343","有","有"
"99430381","20111228","20210811","佩怡企業社","PEI-YI ENTERPRISE CO.","新北市新莊區中信街６３巷２弄４號１樓","1 F., No. 4, Aly. 2, Ln. 63, Zhongxin St., Xinzhuang Dist., New Taipei City 24248, Taiwan (R.O.C.)","廖O蓉","02-89941381","02-29972441","有","有"
"99430452","20050720","20210811","永貫企業社","YEONG GUAN MECHANISM CO.","桃園市平鎮區雙連里民族路雙連２段１１３巷３３弄４９號１樓","1 F., No. 49, Aly. 33, Ln. 113, Shuanglian Sec. 2, Minzu Rd., Shuanglian Vil., Pingzhen Dist., Taoyuan City 32451, Taiwan (R.O.C.)","曾O鈺","03-4907837","03-4207079","有","有"
"99431184","20161208","20220917","志盛重機工業社","CHI SHING HEAVY MACHINERY INDUSTRY CO.","新北市深坑區北深路2段55巷12弄10號12樓","12 F., No. 10, Aly. 12, Ln. 55, Sec. 2, Beishen Rd., Shenkeng Dist., New Taipei City 22243, Taiwan (R.O.C.)","陳O玲","02-86626803","02-26628513","無","無"
"99432037","20150518","20250320","馨郁行","XING YU HANG","臺北市信義區忠孝東路5段412號9樓","9 F., No. 412, Sec. 5, Zhongxiao E. Rd., Xinyi Dist., Taipei City 110025, Taiwan (R.O.C.)","李O宇","0963-669997","","有","有"
"99432141","20080813","20230111","天元石礦行","TIAN YUAN COMPETENT ORE STONE CO.","花蓮縣瑞穗鄉瑞北村瑞北２０之１號","No. 20-1, Ruibei, Ruibei Vil., Ruisui Township,  Hualien County 978002, Taiwan (R.O.C.)","陳O海","03-8871538","03-8871538","無","無"
"99434838","20111026","20210811","麗宸汽車材料行","LICHENCAR CO.","新北市新莊區四維路１４１巷１２號","No. 12, Ln. 141, Siwei Rd., Xinzhuang Dist., New Taipei City 24265, Taiwan (R.O.C.)","董O玲","02-85218503","02-85219522","有","有"
"99436651","20131111","20240524","哈比屋商行","HOBBYWOOD MUSIC BOX STORE","新北市板橋區自由路５１巷９號","No. 9, Ln. 51, Ziyou Rd., Banqiao Dist., New Taipei City 22049, Taiwan (R.O.C.)","葉O婷","02-26210358","02-26204199","有","有"
"99438026","20130305","20241224","輝勵食品廠","HUI LAI FOOD FACTORY","桃園市桃園區南埔里慈華街73號(1樓)","1 F., No. 73, Cihua St., Nanpu Vil., Taoyuan Dist., Taoyuan City 330037, Taiwan (R.O.C.)","黃O斌","02-26193617","02-26100179","有","有"
"99443034","20040310","20210812","金美燈飾行","JIN MEI LIGHTING CO.","新北市土城區中華路1段135號","No. 135, Sec. 1, Zhonghua Rd., Tucheng Dist., New Taipei City 23666, Taiwan (R.O.C.)","廖O生","02-2263-0899","","有","有"
"99448798","20230503","20230503","弘邦通訊企業社","Hongbang Communication Hang","桃園市八德區瑞發里介壽路二段１１７３號１樓","1 F., No. 1173, Sec. 2, Jieshou Rd., Ruifa Vil., Bade Dist., Taoyuan City 334007, Taiwan (R.O.C.)","蕭O娟","03-3656267","","有","有"
"99449678","20131122","20210812","藝匠畫框工作坊","ARTISAN FRAME WORKSHOP","臺北市信義區基隆路1段35巷9弄2號","No. 2, Aly. 9, Ln. 35, Sec. 1, Keelung Rd., Xinyi Dist., Taipei City 11069, Taiwan (R.O.C.)","鄒O容","02-89910116","02-25677722","有","有"
"99449754","20101210","20150525","財團法人圓桌教育基金會","LIFE ACADEMY EDUCATION FOUNDATION","桃園市龍潭區民治路３００號","NO.300, MINZHI RD., LONGTAN DIST., TAOYUAN CITY 32547, TAIWAN (R.O.C.)","江O毅","03-4339199","03-4334199","有","有"
"99451300","20140623","20210811","梅比斯數位行銷工作室","MOBIUS DIGITAL MARKETING STUDIO","新北市板橋區長安街138巷1弄87之1號(2樓)","2 F., No. 87-1, Aly. 1, Ln. 138, Chang’an St., Banqiao Dist., New Taipei City 22066, Taiwan (R.O.C.)","陳O德","02-29637100","02-29637101","有","有"
"99451929","20040409","20210811","曉霖工作坊","SHEAU LIN WORKSHOP","新北市樹林區育英街29號5樓","5 F., No. 29, Yuying St., Shulin Dist., New Taipei City 23848, Taiwan (R.O.C.)","陳O穎","02-26867661","","有","有"
"99451982","20141226","20210811","力維風管工程行","LI WEI VENTILATION COLUMN ENGINEERING COMPANY","新北市蘆洲區光復路55號6樓","6 F., No. 55, Guangfu Rd., Luzhou Dist., New Taipei City 24755, Taiwan (R.O.C.)","郭O熙","02-82954136","02-22937685","有","有"
"99453481","20230509","20230509","旭承企業社","She chang Company","新北市新店區安康路2段159巷19號2樓之1","2 F.-1, No. 19, Ln. 159, Sec. 2, Ankang Rd., Xindian Dist., New Taipei City 231068, Taiwan (R.O.C.)","吳O義","0961270089","","無","無"
"99456678","20050404","20210812","萬達立新企業社","WAIN.DAR ENTERPRISE CO.","新北市新莊區頭興街180號","No. 180, Touxing St., Xinzhuang Dist., New Taipei City 24252, Taiwan (R.O.C.)","宋O昭","02-29984931","02-89928402","有","有"
"99457661","20120827","20230720","娜樂亞商行","KING JOE SHOP","新北市淡水區公明街24號(1樓)","1 F., No. 24, Gongming St., Tamsui Dist., New Taipei City 251018, Taiwan (R.O.C.)","黃O芬","02-26202210","","無","無"
"99458486","20100719","20210812","佑佳企業社","YU CHIA SERVICES CO.","新竹市東區綠水里園後街3巷17號一樓","1 F., No. 17, Ln. 3, Yuanhou St., Lushui Vil., East Dist., Hsinchu City 30068, Taiwan (R.O.C.)","李O傑","03-5304143","03-5304551","有","有"
"99462691","20191227","20210811","正裕鑄造材料行","JEN YUH FOUNDRY MATERIAL CO.","新北市三重區河邊北街98號(2樓)","2 F., No. 98, Hebian N. St., Sanchong Dist., New Taipei City 24149, Taiwan (R.O.C.)","吳O建","02-29722438","02-29759331","有","有"
"99463501","20250514","20250514","和昕五金工程行","He Xin Hardware Engineering Co.","新北市土城區中正路42號5樓","5 F., No. 42, Zhongzheng Rd., Tucheng Dist., New Taipei City 236035, Taiwan (R.O.C.)","彭O宇","02-82614036","","有","有"
"99464071","20061116","20210811","正堂鋼模企業社","C.T. MOLD CO.","新北市新莊區中港一街33之3號","No. 33-3, Zhonggang 1st St., Xinzhuang Dist., New Taipei City 24246, Taiwan (R.O.C.)","陳O慶","03-3249651","03-3249643","有","有"
"99466964","20040413","20221221","聖得音響企業社","SEN TE MUSIC COMPANY","桃園市平鎮區金星里武昌街３６號１樓","1 F., No. 36, Wuchang St., Jinxing Vil., Pingzhen Dist., Taoyuan City 324018, Taiwan (R.O.C.)","莊O譽","03-4397499","03-2840761","無","無"
"99466991","20150312","20210812","宇諾工程行","UNO ENGINEERING FIRM","新北市土城區延壽路55巷7弄6號","No. 6, Aly. 7, Ln. 55, Yanshou Rd., Tucheng Dist., New Taipei City 23646, Taiwan (R.O.C.)","陳O瑋","02-29833377","02-29822635","有","有"
"99468132","20120606","20210811","光田石材行","GUANG TIAN CO.","金門縣金寧鄉湖埔村湖下23號","No. 23, Huxia, Jinning Township, Kinmen County 89244, Taiwan (R.O.C.)","楊O彬","082-320917","082-323946","有","有"
"99468196","20060802","20210811","天王貢糖特產專賣店山外分店","TIAN-WANG TRIBUTE CANDY COCAL SPECIALTY MONOPOLY SHANWAI BRANCH","金門縣金湖鎮新市里復興路３１號","No. 31, Fuxing Rd., Xinshi Vil., Jinhu Township, Kinmen County 89148, Taiwan (R.O.C.)","李O林","082-323327","082-323357","有","有"
"99468288","20131111","20210812","益昌工程行","YI CHANG SHIH CO.","金門縣金寧鄉仁愛新村８號","No. 8, Ren’aixincun, Jinning Township, Kinmen County 89250, Taiwan (R.O.C.)","葉O江","0912-052866","","有","有"
"99468365","20051115","20210812","金昇分店","CHIN SHENG ROYAL CANDIES BRANCH STORE","金門縣金湖鎮瓊林里瓊林１３６號","No. 136, Qionglin, Qionglin Vil., Jinhu Township, Kinmen County 89150, Taiwan (R.O.C.)","陳O旺","082-332439","","有","有"
"99468604","20080603","20240802","傑榮企業","JENG LONG ENTERPRISE CO.","金門縣金城鎮北門里民生路３１號","No. 31, Minsheng Rd., Beimen Vil., Jincheng Township, Kinmen County 89345, Taiwan (R.O.C.)","莊O女","082-327386","082-329665","有","有"
"99470242","20150211","20210812","康好衛材行","KANG HAO SANITARY PRODUCTS CO.","新北市新莊區中正路８５３之４號３樓","3 F., No. 853-4, Zhongzheng Rd., Xinzhuang Dist., New Taipei City 24261, Taiwan (R.O.C.)","洪O名","02-29014599","02-29030452","有","有"
"99471208","20181126","20210812","大文企業社","DAWEN ENTERPRISE Co.","新北市五股區成泰路1段32巷27號2樓","2 F., No. 27, Ln. 32, Sec. 1, Chengtai Rd., Wugu Dist., New Taipei City 24869, Taiwan (R.O.C.)","林O蘭","02-22926000","02-22933866","有","有"
"99471410","20181113","20210812","恆福攝影器材行","FORCE STROBE LIGHTING TAIWAN CO.","新北市蘆洲區三民路５９７號１１樓（現場僅供辦公室使用）","11 F., No. 597, Sanmin Rd., Luzhou Dist., New Taipei City 24765, Taiwan (R.O.C.)","林O金絨","02-82823065","02-82855663","有","有"
"99472728","20081201","20210812","金連盛企業社","WI ITAFAR ENTERPRISE CO.","花蓮縣花蓮市民心里華西56之5號","No. 56-5, Huaxi, Minxin Vil., Hualien City, Hualien County 97064, Taiwan (R.O.C.)","孫O霖","038221067","038239377","有","有"
"99474373","20061025","20210811","極深水族館","DEEPMOST AQUA STUDIO","新竹縣竹北市新崙里中華路340之8號2樓","2 F., No. 340-8, Zhonghua Rd., Xinlun Vil., Zhubei City, Hsinchu County 30259, Taiwan (R.O.C.)","黃O瑋","03-551-5861","03-551-8561","無","無"
"99474417","20081105","20210811","潘朵拉樂器行","PANDORA MUSIC INTERNATIONAL CO.","桃園市蘆竹區五福里中山路１３５號２樓","2 F., No. 135, Zhongshan Rd., Wufu Vil., Luzhu Dist., Taoyuan City 33850, Taiwan (R.O.C.)","林O彤","03-3223919","03-3223945","有","有"
"99476251","20040423","20230114","臣億企業社","CHUNG YE ENTERPRISE CO.","新北市三重區重安街１１０號１樓","1 F., No. 110, Chong’an St., Sanchong Dist., New Taipei City 241009, Taiwan (R.O.C.)","柯O城","","","無","無"
"99478856","20151211","20210811","唐婆食品行","TANG PO FOOD CO.","苗栗縣頭份市流東里3鄰37之1號","No. 37-1, Liudong, 3rd Neighborhood, Liudong Vil., Toufen City, Miaoli County 35163, Taiwan (R.O.C.)","高O余","02-26743332","02-26724206","有","有"
"99481178","20100304","20210812","滙豐洋行","WEAVON COMPANY","新北市三重區自強路１段２３６號１樓","1 F., No. 236, Sec. 1, Ziqiang Rd., Sanchong Dist., New Taipei City 24147, Taiwan (R.O.C.)","廖O菁","02-29855688","","有","有"
"99482423","20050103","20230607","任鋒綜合企業社","REN FONG COMPANY","新北市新店區安祥路109巷85弄9號(1樓)","1 F., No. 9, Aly. 85, Ln. 109, Anxiang Rd., Xindian Dist., New Taipei City 231070, Taiwan (R.O.C.)","楊O龍","02-29149393","02-29108396","有","有"
"99484317","20170218","20230407","信億室內裝修企業社","HSIN-YI INTERIOR RENOVATION ENTERPRISE CO.","宜蘭縣礁溪鄉龍潭村龍潭路556巷4號二樓","2F., No. 4, Ln. 556, Longtan Rd., Longtan Vil., Jiaoxi Township,  Yilan County 262006, Taiwan (R.O.C.)","吳O潭","03-9285545","03-9289020","有","有"
"99484647","20211215","20211215","至品家飾生活屋","ZHI PIN FURNITURE LIVING HOUSE","宜蘭縣羅東鎮竹林里中正北路241-7號","No. 241-7, Zhongzheng N. Rd., Zhulin Vil., Luodong Township, Yilan County 26548, Taiwan (R.O.C.)","林O健","03-9568887","03-9569101","有","有"
"99486547","20210924","20210924","禮慈西藏天珠店","LI TZU TIBETAN DZI BEADS CO.","新北市鶯歌區重慶街99號","NO. 99, CHONGQING ST., YINGGE DIST., NEW TAIPEI CITY 239009, TAIWAN (R.O.C.)","邱O玲","02-26776033","","有","有"
"99488046","20050329","20210811","翔浜車業行","TROCK INDUSTRY WALK CO.","新北市中和區中正路５０３號","No. 503, Zhongzheng Rd., Zhonghe Dist., New Taipei City 23552, Taiwan (R.O.C.)","張O毅","02-2659-3503","02-2659-3502","有","有"
"99493195","20050826","20210811","立信土木包工業","LE-TRUSG CO.","新北市中和區中山路２段３０１之１６號１樓（現場僅供辦公室使用）","1 F., No. 301-16, Sec. 2, Zhongshan Rd., Zhonghe Dist., New Taipei City 23558, Taiwan (R.O.C.)","吳O真","02-22466525","02-22466527","有","有"
"99494292","20190722","20210811","歐娜斯工作坊","Zhongli-Allnice Enterprise co.","桃園市中壢區五權里五族三街22巷3號4樓","4 F., No. 3, Ln. 22, Wuzu 3rd St., Wuquan Vil., Zhongli Dist., Taoyuan City 32049, Taiwan (R.O.C.)","黃O瑤","03-4021919","03-4941110","無","無"
"99495291","20210330","20210811","立豐興業社","LLY FFONG ENTERPRISE CO.","桃園市楊梅區仁美里永平路219巷9號","No. 9, Ln. 219, Yongping Rd., Renmei Vil., Yangmei Dist., Taoyuan City 32659, Taiwan (R.O.C.)","李O芳","03-4811109","","有","有"
"99495362","20081113","20210811","百翊工業社","BAI YIH INDUSTRY CO.","新北市樹林區俊興街２４８號（現場僅供辦公室使用）","No. 248, Junxing St., Shulin Dist., New Taipei City 23866, Taiwan (R.O.C.)","郭O琴","02-26885628","02-26882162","有","有"
"99498804","20040524","20210811","全聯國際洋行","ALL AGENCY INTERNATIONAL HONG","新北市新莊區四維路１５２巷４號１樓（現場僅供辦公室使用）","1 F., No. 4, Ln. 152, Siwei Rd., Xinzhuang Dist., New Taipei City 24267, Taiwan (R.O.C.)","林O正","02-22054883","02-22052434","有","有"
"99499493","20180817","20210811","名展電氣行","MINGZHAN ELECTRIC CO.","桃園市楊梅區瑞溪里梅獅路二段８０號１樓","1 F., No. 80, Sec. 2, Meishi Rd., Ruixi Vil., Yangmei Dist., Taoyuan City 32668, Taiwan (R.O.C.)","許O庭","03-4313567","03-4313578","有","有"
"99503449","20100901","20221117","科泰企業社","KE TAI COMPANY","桃園市龜山區山德里山鶯路７２號１樓","1 F., No. 72, Shanying Rd., Shande Vil., Guishan Dist., Taoyuan City 333035, Taiwan (R.O.C.)","陳O全","03-3508009","03-3505797","有","有"
"99506017","20040331","20210812","有森企業社","YU SANG ENTERPRISE COMPANY","臺南市善化區六德里六分寮289之2號2樓","2 F., No. 289-2, Liufenliao, Liude Vil., Shanhua Dist., Tainan City 74176, Taiwan (R.O.C.)","方O鳳","06-6525101","06-6801086","有","有"
"99506987","20140924","20210811","昌鑫重機企業行","CHANG SIN MACHINERY COMPANY","臺南市柳營區太康里163之25號1樓","1 F., No. 163-25, Taikang, Taikang Vil., Liuying Dist., Tainan City 73657, Taiwan (R.O.C.)","郭O呈","06-6227278","06-6227279","有","有"
"99508211","20120509","20210811","怡進工程行","YEE JIN SHIP REPAIR CO.","高雄市旗津區中洲三路２之５號","No. 2-5, Zhongzhou 3rd Rd., Qijin Dist., Kaohsiung City 80544, Taiwan (R.O.C.)","魏O輝","07-5712187","07-7776218","無","無"
"99509400","20230208","20230208","中華民國桑千偉薩卻林佛學研究會","Sangchen Weisa Choling Buddhist Study Association (R. O. C.)","台北市中山區中山北路二段72巷11號6樓","6 F., No. 11, Ln. 72, Sec. 2, Zhongshan N. Rd., Zhongshan Dist., Taipei City 104016, Taiwan (R.O.C.)","葉O米","02-25237004","02-25213135","有","有"
"99509767","20160321","20210811","活力四射企業行","PRO DYNAMICS CO.","高雄市鳳山區新樂里海洋一路６０巷３號７樓（營業所在地僅供辦公連絡用）","7 F., No. 3, Ln. 60, Haiyang 1st Rd., Xinle Vil., Fengshan Dist., Kaohsiung City 83077, Taiwan (R.O.C.)","鄭O云","07-7672982","","有","有"
"99513185","20190828","20210811","瑞南企業社","Ruei Nan company","臺南市關廟區布袋里長文街326巷57號1樓","1 F., No. 57, Ln. 326, Changwen St., Budai Vil., Guanmiao Dist., Tainan City 71843, Taiwan (R.O.C.)","洪O南","06-5552522","06-5551479","有","有"
"99514641","20040621","20210812","正冠實業社","JEN KUAN CO.","高雄市旗山區永和里旗文路８１巷２號１樓（營業所在地僅供辦公連絡用）","1 F., No. 2, Ln. 81, Qiwen Rd., Yonghe Vil., Qishan Dist., Kaohsiung City 84251, Taiwan (R.O.C.)","盧O花","07-6624387","","有","有"
"99514847","20040816","20210811","群泰總合建材行","POWER GROUP MULTI-BUILDING MATERIAL CO.","高雄市鳳山區中山東路56號10樓之5","10F.-5, No. 56, Zhongshan E. Rd., Fengshan Dist., Kaohsiung City 83055, Taiwan (R.O.C.)","翁O仙","07-7999539","07-7314065","有","有"
"99514950","20070319","20250104","好萊特企業行","HAOLAITE ENTERPRISE COMPANY","臺南市歸仁區南保里民權南路164號7樓之3","7 F.-3, No. 164, Minquan S. Rd., Nanbao Vil., Guiren Dist., Tainan City 711008, Taiwan (R.O.C.)","陳O蘭","06-2538729","06-2433396","有","有"
"99514987","20181122","20210812","合勝企業","Hor Sheng CO.","臺南市關廟區五甲里旺萊路3號1樓","1 F., No. 3, Wanglai Rd., Wujia Vil., Guanmiao Dist., Tainan City 71844, Taiwan (R.O.C.)","張O芬","06-5966850","06-5954388","有","有"
"99516134","20140610","20210811","立勝農機器材行","LI SHENG AGRICULTURAL EQUIPMENT FIRM","臺南市新營區護鎮里建國路313巷11號","No. 11, Ln. 313, Jianguo Rd., Huzhen Vil., Xinying Dist., Tainan City 73054, Taiwan (R.O.C.)","郭O蘭","06-6533756","06-6534007","有","有"
"99519076","20040507","20210812","双魚貿易行","DOUBLE FISH REPTILE COMPANY","臺南市永康區正強里中正路250號1樓","1 F., No. 250, Zhongzheng Rd., Zhengqiang Vil., Yongkang Dist., Tainan City 71043, Taiwan (R.O.C.)","鄭O富","06-2705151","06-2705153","有","有"
"99523819","20091123","20210812","弘寶企業社","HON BO ENTERPRISE COMPANY","高雄市鳳山區新泰里新康街１８７號４樓（所在地僅供辦公室使用）","4 F., No. 187, Xinkang St., Xintai Vil., Fengshan Dist., Kaohsiung City 83077, Taiwan (R.O.C.)","洪O寶","07-7659003","07-7675381","有","有"
"99525577","20181029","20210812","佳美寢飾實業社","Jia-Mei Bedding Co.","臺南市永康區新樹里西勢路196巷36號3樓","3 F., No. 36, Ln. 196, Xishi Rd., Xinshu Vil., Yongkang Dist., Tainan City 71059, Taiwan (R.O.C.)","翁O香","06-2318258","06-2041929","有","有"
"99529948","20050506","20210811","威進精密實業社","WEICHIN PRECISION ENTERPRISE CO.","臺南市永康區東橋里自強路22巷3號1樓","1 F., No. 3, Ln. 22, Ziqiang Rd., Dongqiao Vil., Yongkang Dist., Tainan City 71071, Taiwan (R.O.C.)","埕O文","06-2728479","06-2726986","有","有"
"99530332","20180103","20210812","盈家企業行","YING JIA TYRE TRADING CO.","高雄市鳳山區鎮北里北祥街５號１樓","1 F., No. 5, Beixiang St., Zhenbei Vil., Fengshan Dist., Kaohsiung City 83047, Taiwan (R.O.C.)","陳O卿","07-7323345","","有","有"
"99530585","20050628","20210812","山蒲利企業社","SANPULI ENTERPRISE CO.","臺南市東區德光里崇德三街78號1樓","1 F., No. 78, Chongde 3rd St., Deguang Vil., East Dist., Tainan City 70161, Taiwan (R.O.C.)","曹O慶","06-2595101","06-2149316","有","有"
"99532872","20111117","20210812","永昱企業社","YEONG YU CO.","高雄市燕巢區西燕里中西路７１巷１２４弄１６號１樓","1 F., No. 16, Aly. 124, Ln. 71, Zhongxi Rd., Xiyan Vil., Yanchao Dist., Kaohsiung City 82446, Taiwan (R.O.C.)","李O恭","07-6161920","","有","有"
"99533437","20180926","20210812","龍祥蘭園","LUNG HSIANG ORCHIDS CO.","高雄市岡山區壽峰里前峰路１００巷１弄２號１樓","1 F., No. 2, Aly. 1, Ln. 100, Qianfeng Rd., Shoufeng Vil., Gangshan Dist., Kaohsiung City 82046, Taiwan (R.O.C.)","黃O祥","0931398997","","有","有"
"99534267","20240425","20240425","宏益塗料行","WANG YIK PAINT Co.","臺南市東區文聖里裕義路300號1樓（僅供辦公室使用）","1 F., No. 300, Yuyi Rd., Wensheng Vil., East Dist., Tainan City 701013, Taiwan (R.O.C.)","黃O宏","06-3313317","06-3314342","有","有"
"99534858","20070523","20201005","保證責任屏東縣長慶果菜運銷合作社","CHANG-CHING FRUITS & VEGETABLES LOGISTICS AND DISTRIBUTION COOPERATIVE","屏東縣屏東市和生路二段４６２號","NO.462, SEC. 2, HESHENG RD., PINGTUNG CITY, PINGTUNG COUNTY 900, TAIWAN (R.O.C.)","蔡O龍","08-7620585","08-7620801","無","無"
"99537530","20040924","20210811","捷登樂器社","JYE DENG MUSICAL INSTRUMENT CO.","臺南市北區中樓里東豐路99號1樓","1 F., No. 99, Dongfeng Rd., Zhonglou Vil., North Dist., Tainan City 70449, Taiwan (R.O.C.)","王O芝","06-2378822","06-2378822","有","有"
"99540401","20040809","20210812","景福園藝景觀行","KINGHOOD HORTICULTURE COMPANY","臺南市仁德區上崙里德崙路77巷92號1樓之4","1F.-4, No. 92, Ln. 77, Delun Rd., Shanglun Vil., Rende Dist., Tainan City 71743, Taiwan (R.O.C.)","胡O雅","06-2393151","06-2704792","有","有"
"99541008","20110509","20210812","巨祥企業行","JU SHU ENTERPRISE CO.","屏東縣潮州鎮八爺里萬祥巷14號","No. 14, Wanxiang Ln., Baye Vil., Chaozhou Township, Pingtung County 92041, Taiwan (R.O.C.)","吳O誼","08-7887541","08-7896378","有","有"
"99541393","20040719","20210811","保帝實業社","PO TI INDUSTRY CO.","臺南市安南區鳳凰里安中路1段700巷52號1樓","1 F., No. 52, Ln. 700, Sec. 1, Anzhong Rd., Fenghuang Vil., Annan Dist., Tainan City 70943, Taiwan (R.O.C.)","蔡O華","0919852195","","有","有"
"99541443","20161229","20210811","維新食品行","WEI SHIN FOOD CO.","嘉義縣民雄鄉文隆村建國路二段二四七號","No. 247, Sec. 2, Jianguo Rd., Minxiong Township, Chiayi County 62153, Taiwan (R.O.C.)","張O福","0980003532","","有","有"
"99542597","20130709","20210812","欣芳姿企業社","XIN FANG ZI ENTERPRISE CO.","臺南市麻豆區中興里自由路5之1號2樓Ａ室","2 F., No. 5-1, Ziyou Rd., Zhongxing Vil., Madou Dist., Tainan City 72143, Taiwan (R.O.C.)","吳O回","06-2320187","06-2328837","有","有"
"99549162","20200731","20210811","鉅承企業社","JU CHENG MOLDS COMPANY","臺南市永康區崑山里崑山街103巷8號1樓","1 F., No. 8, Ln. 103, Kunshan St., Kunshan Vil., Yongkang Dist., Tainan City 71063, Taiwan (R.O.C.)","蔡O雄","06-2726381","06-2725865","有","有"
"99550630","20071128","20210812","和昌農產企業社","HO CHANG AGRICULTURAL CO.","高雄市仁武區仁武里工業二路１７巷５１號","No. 51, Ln. 17, Gongye 2nd Rd., Renwu Vil., Renwu Dist., Kaohsiung City 81469, Taiwan (R.O.C.)","張O錦玉","","","有","有"
"99552026","20070410","20210811","南灣帆船社","NANWAN SAILING CLUB CO.","屏東縣恆春鎮恒南路一一九號一樓","1 F., No. 119, Hengchun Township, Pingtung County 946, Taiwan (R.O.C.)","鄧O常","0933011081","","有","有"
"99556640","20190710","20210811","元升食品機械行","YUAN SHENG FOOD MACHINES STORE","屏東縣長治鄉長興村長興路４５７號一樓","1 F., No. 457, Changxing Rd., Changzhi Township, Pingtung County 90847, Taiwan (R.O.C.)","陳O元","08-7376855","08-7376855","有","有"
"99558112","20110128","20210811","鴻祥開發企業社","UNI LIGHT AUTO-PARTS CO.","臺南市東區裕聖里裕義路370號1樓（僅供辦公室使用）","1 F., No. 370, Yuyi Rd., Yusheng Vil., East Dist., Tainan City 70163, Taiwan (R.O.C.)","張O隆","06-2880082","","有","有"
"99559581","20111222","20210811","捌玖興業","89 INDUSTRIAL CO.","臺南市中西區藥王里民權路3段355號1樓","1 F., No. 355, Sec. 3, Minquan Rd., Yaowang Vil., West Central Dist., Tainan City 70063, Taiwan (R.O.C.)","成O敏","06-2221089","06-2226589","有","有"
"99563179","20040819","20210811","達觀企業社","POWERFUL ACTION ENTERPRISE CO.","屏東縣內埔鄉東勢村大同路二段南二巷58號1樓","1 F., No. 58, S. 2nd Ln., Sec. 2, Datong Rd., Neipu Township, Pingtung County 91248, Taiwan (R.O.C.)","林O龍","08-7379503","08-7375413","有","有"
"99563712","20100917","20100917","保證責任屏東縣全勝果菜生產合作社","CHUAN SHENG FRUITS & VEGETABLES COOPERATIVE","屏東縣九如鄉東寧村新庄路９９號","NO.99, XINZHUANG RD., JIURU TOWNSHIP, PINGTUNG COUNTY 904, TAIWAN (R.O.C.)","陳O真","08-7392264","08-7397358","有","有"
"99567581","20050816","20240627","亮欣實業社","BRIGHT SHIN ENTERPRISE CO.","臺南市永康區東橋里東橋五路21號1樓","1 F., No. 21, Dongqiao 5th Rd., Dongqiao Vil., Yongkang Dist., Tainan City 710038, Taiwan (R.O.C.)","劉O","06-2727807","06-2056348","有","有"
"99571494","20171215","20210811","錡達汽車服務廠","QIDA AUTO SERVICE CENTER","臺南市新市區三舍里三舍217之1號1樓","1 F., No. 217-1, Sanshe, Sanshe Vil., Xinshi Dist., Tainan City 74444, Taiwan (R.O.C.)","黃O杰","06-5891358","06-5890979","有","有"
"99572542","20071009","20210811","昇立企業社","SHENQ LIN ENTERPRISE CO.","臺南市西港區永樂里大塭寮16之2號1樓","1 F., No. 16-2, Dawenliao, Yongle Vil., Xigang Dist., Tainan City 72352, Taiwan (R.O.C.)","郭O昌","06-3555150","06-3553146","有","有"
"99575490","20040831","20210812","建昶行","JUNE CHANG HANG","臺南市東山區東中里中興路76號1樓","1 F., No. 76, Zhongxing Rd., Dongzhong Vil., Dongshan Dist., Tainan City 73351, Taiwan (R.O.C.)","吳O華","06-6800655","06-6800804","有","有"
"99576511","20040826","20210812","富堡企業行","FU PAO ENTERPRISE CO.","臺南市東區崇明里崇明路576號1樓","1 F., No. 576, Chongming Rd., Chongming Vil., East Dist., Tainan City 70168, Taiwan (R.O.C.)","林O太","06-2684837","","有","有"
"99581134","20150907","20210811","皮托派克工作室","PITOTPAAK STUDIO","嘉義縣朴子市竹圍里博文街１２０號","No. 120, Bowen St., Zhuwei Vil., Puzi City, Chiayi County 61347, Taiwan (R.O.C.)","康O偉","05-3660193","","有","有"
"99582751","20041005","20210811","福田農產行","FU TEN FARM PRODUCT SHOP","臺南市楠西區楠西里民族路27號1樓","1 F., No. 27, Minzu Rd., Nanxi Vil., Nanxi Dist., Tainan City 71543, Taiwan (R.O.C.)","劉O竣","06-5751001","06-5752987","有","有"
"99587377","20180331","20210811","明緯企業社","MEI WEI CO.","臺南市西港區慶安里慶安路97巷23號1樓","1 F., No. 23, Ln. 97, Qing’an Rd., Qing’an Vil., Xigang Dist., Tainan City 72341, Taiwan (R.O.C.)","黃O亨","06-7955656","","有","有"
"99593482","20040930","20210811","富豐企業社","FU-FONG FOGGING CO.","嘉義縣民雄鄉大崎村內埔仔２７-１號一樓","1 F., No. 27-1, Neipuzai, Minxiong Township, Chiayi County 62148, Taiwan (R.O.C.)","陳O芬","05-2213011","05-2219158","有","有"
"99594692","20040929","20230117","力天鋼鐵企業社","LIH TIAN CO.","高雄市林園區潭頭里鳳林路３段６８５巷１６弄７號１樓（營業所在地僅供辦公連絡用）","1 F., No. 7, Aly. 16, Ln. 685, Sec. 3, Fenglin Rd., Tantou Vil., Linyuan Dist., Kaohsiung City 832013, Taiwan (R.O.C.)","劉O成","07-8071598","","無","無"
"99597044","20100301","20210811","承信實業社","Cheng Xin Sugar Co.","臺南市東山區東正里東勢1之14號","No. 1-14, Dongshi, Dongzheng Vil., Dongshan Dist., Tainan City 73343, Taiwan (R.O.C.)","蕭O瑜","06-6803502","06-6800842","有","有"
"99598661","20191203","20210812","年億汽車修護廠","Year billion car repair factory","臺南市南區喜東里明興路573號","No. 573, Mingxing Rd., Xidong Vil., South Dist., Tainan City 70261, Taiwan (R.O.C.)","邱O成","06-2351787","","有","有"
"99600408","20191024","20210811","合成莊企業社","HoChenChuang Co.","臺南市中西區藥王里大福街39巷4號1樓","1 F., No. 4, Ln. 39, Dafu St., Yaowang Vil., West Central Dist., Tainan City 70059, Taiwan (R.O.C.)","莊O雲","06-5936789","06-5936385","有","有"
"99601259","20240122","20240122","光緯企業社","GUANG WEI Factory","高雄市大寮區中華北巷65號1樓","1 F., No. 65, Zhonghua N. Ln., Daliao Dist., Kaohsiung City 831120, Taiwan (R.O.C.)","劉O示","0973456035","","有","有"
"99604571","20060516","20210811","祐盛水產貿易","YO SHENG FISHERY TRADING CO.","屏東縣新園鄉鹽埔村鹽洲路二０二號一樓","1 F., No. 202, Yanzhou Rd., Xinyuan Township, Pingtung County 93248, Taiwan (R.O.C.)","林O婷","08-8336227","08-8327616","有","有"
"99605023","20041029","20210811","元順企業行","YUAN SHUENI ENTERPRISE CO.","屏東縣潮州鎮蓬萊里江山路二四之一０號一樓","1 F., No. 24-10, Jiangshan Rd., Penglai Vil., Chaozhou Township, Pingtung County 92051, Taiwan (R.O.C.)","李O媛","0932-752913","08-7712083","有","有"
"99606584","20221128","20221128","黃玉淇影像工作室","VISEE Studio","臺北市大安區忠孝東路3段201之4號","No. 201-4, Sec. 3, Zhongxiao E. Rd., Da’an Dist., Taipei City 106082, Taiwan (R.O.C.)","黃O淇","02-27015777","02-27074965","有","有"
"99609718","20090120","20210811","左耳文化出版社","ZOAR INT'L PRESS CO.","臺北市大安區忠孝東路4段224號3樓","3 F., No. 224, Sec. 4, Zhongxiao E. Rd., Da’an Dist., Taipei City 10692, Taiwan (R.O.C.)","陳O宇","0968665481","02-27119116","有","有"
"99610399","20160718","20210811","名典畫廊","MING DIAN GALLERY","臺北市內湖區東湖路113巷49弄27號2樓之3","2F.-3, No. 27, Aly. 49, Ln. 113, Donghu Rd., Neihu Dist., Taipei City 11488, Taiwan (R.O.C.)","蔡O珍","0938183322","02-27952722","有","有"
"99615752","20040413","20210811","唐古拉商行","TANGGULA ARTISTIC PRODUCTION TRADING COMPANY","桃園市楊梅區永寧里校前路318巷25號(1樓)","1 F., No. 25, Ln. 318, Xiaoqian Rd., Yongning Vil., Yangmei Dist., Taoyuan City 32664, Taiwan (R.O.C.)","鄧O廉","03-2888528","","無","無"
"99618717","20060706","20210812","順大五金行","GRAND FORTUNE HARDWARE COMPANY","臺北市南港區南港路3段130巷1弄7號1樓","1 F., No. 7, Aly. 1, Ln. 130, Sec. 3, Nangang Rd., Nangang Dist., Taipei City 11554, Taiwan (R.O.C.)","洪O慧","02-27834617","","有","有"
"99619835","20200316","20210811","飛瑞企業行","FOR LUCKY CO.","臺北市大同區迪化街2段172巷15號","No. 15, Ln. 172, Sec. 2, Dihua St., Datong Dist., Taipei City 10376, Taiwan (R.O.C.)","黃O騰","02-27472222","","有","有"
"99619856","20091209","20210812","諾麗果企業社","NONI HEALTH BUSINESS GROUP CO.","臺北市大同區迪化街2段172巷15號","No. 15, Ln. 172, Sec. 2, Dihua St., Datong Dist., Taipei City 10376, Taiwan (R.O.C.)","黃O臻","0982-328319","02-27423858","有","有"
"99623205","20220824","20220824","奇庭百貨行","WONDERLAND CREATION STUDIO","臺北市中山區中山北路1段105巷12號2樓之5","2 F.-5, No. 12, Ln. 105, Sec. 1, Zhongshan N. Rd., Zhongshan Dist., Taipei City 104003, Taiwan (R.O.C.)","吳O嫺","02-28736172","","有","有"
"99623232","20120601","20230114","漢格家具企業社","HANGER FURNITURE COMPANY","臺北市內湖區文德路165號","No. 165, Wende Rd., Neihu Dist., Taipei City 114033, Taiwan (R.O.C.)","林O娟","02-87525235","02-87525235","無","無"
"99626738","20061116","20210811","金格企業社","KING GER ENTERPRISE COMPANY","臺北市松山區南京東路4段152號4樓","4 F., No. 152, Sec. 4, Nanjing E. Rd., Songshan Dist., Taipei City 10553, Taiwan (R.O.C.)","劉O瑋","02-25169939","02-27646682","無","無"
"99627574","20091209","20210811","瑞驣企業行","RE TURN PRODUCTS CO.","臺北市大同區迪化街2段172巷15號1樓","1 F., No. 15, Ln. 172, Sec. 2, Dihua St., Datong Dist., Taipei City 10376, Taiwan (R.O.C.)","黃O騰","0913674999","02-27423858","有","有"
"99634842","20101119","20210811","雅典歐洲精品坊","CHENSY BOUTIQUE","臺北市士林區忠誠路2段70巷9號1樓","1 F., No. 9, Ln. 70, Sec. 2, Zhongcheng Rd., Shilin Dist., Taipei City 11147, Taiwan (R.O.C.)","陳O紜","02-27611838","02-27611838","有","有"
"99637518","20041129","20210811","紅棠企業社","RED BEGONIA COMPANY","新北市中和區廣福路１１２巷６號４樓（現場僅供辦公室使用）","4 F., No. 6, Ln. 112, Guangfu Rd., Zhonghe Dist., New Taipei City 23554, Taiwan (R.O.C.)","鄭O富","02-22493104","02-22493104","有","有"
"99637735","20040609","20210812","六桂商行","LIOU GUEI LTD.","臺北市大安區忠孝東路4段208號3樓","3 F., No. 208, Sec. 4, Zhongxiao E. Rd., Da’an Dist., Taipei City 10686, Taiwan (R.O.C.)","汪O龍","02-87737893","02-87738769","有","有"
"99642224","20051026","20230114","香巴拉王國出版社","SHAN-BALA KING PUBLISHER CO.","臺北市中山區南京東路3段208號3樓","3 F., No. 208, Sec. 3, Nanjing E. Rd., Zhongshan Dist., Taipei City 104505, Taiwan (R.O.C.)","方O成","02-2568-2174","02-2568-2174","無","無"
"99648521","20040506","20210811","藏巴拉藏傳佛教文物企業社","TSANBALA TIBENTAN ARTS ENTERPRISE CO.","臺中市南屯區豐樂里豐安街１５６之２號１樓","1 F., No. 156-2, Feng’an St., Fengle Vil., Nantun Dist., Taichung City 40877, Taiwan (R.O.C.)","葉O惠","04-22353347","04-22355400","有","有"
"99651004","20040324","20210811","鈺達國際洋行","YUEH TA INTERNATIONAL CO.","彰化縣埔心鄉芎蕉村員鹿路5段115巷122號","No. 122, Ln. 115, Sec. 5, Yuanlu Rd., Puxin Township, Changhua County 51342, Taiwan (R.O.C.)","黃O旭","04-83593602","04-8359372","有","有"
"99651335","20240117","20240117","臺灣木工機械工業同業公會","TAIWAN WOODWORKING MACHINERY ASSOCIATION","台中市西屯區市政北七路186號11樓之5","11 F.-5, No. 186, Shizheng N. 7th Rd., Xitun Dist., Taichung City 407612, Taiwan (R.O.C.)","張O州","04-22595099","","有","有"
"99651882","20040330","20210811","進昌興業社","JINN CHUNG ENTERPRISE CO.","彰化縣福興鄉番婆村番婆街38-78號","No. 38-78, Fanpo St., Fuxing Township, Changhua County 50648, Taiwan (R.O.C.)","林O麗珠","04-7788239","04-7766249","有","有"
"99653973","20061012","20210811","元鴻企業社","YAN HONG ENTERPRISE CO.","臺中市潭子區東寶里大豐路２段１００巷４２號一樓","1 F., No. 42, Ln. 100, Sec. 2, Dafeng Rd., Dongbao Vil., Tanzi Dist., Taichung City 42749, Taiwan (R.O.C.)","朱O漩","04-25351472","04-25351473","有","有"
"99654446","20040401","20211101","日榮企業社","RYH-RONG CO.","彰化縣埤頭鄉興農村彰興路696號","No. 696, Zhangxing Rd., Pitou Township, Changhua County 52343, Taiwan (R.O.C.)","連O榮","04-8911628","","無","無"
"99654591","20040503","20210812","乾豐美術器材廠","CHIEN FENG ART MATERIAL FACTORY","苗栗縣後龍鎮溪洲里12鄰溪洲110號","No. 110, Xizhou, 12th Neighborhood, Xizhou Vil., Houlong Township, Miaoli County 35665, Taiwan (R.O.C.)","張O豪","037-731991","","有","有"
"99654656","20120718","20240814","裕豐行","YUH FUN CO.","臺中市北屯區廍子里太順二街31之2號3樓","3F., No. 31-2, Taishun 2nd St., Buzih Vil., Beitun Dist.,  Taichung City 406001, Taiwan (R.O.C.)","楊O瑩","04-23151577","","有","有"
"99655091","20040614","20210811","龍樺企業社","LUING HWA ENTERPRISE CO.","南投縣草屯鎮富寮里宅內街68巷38號","No. 38, Ln. 68, Zhainei St., Fuliao Vil., Caotun Township, Nantou County 54243, Taiwan (R.O.C.)","李O德","049-2563176","049-2563177","有","有"
"99655732","20040331","20250619","馬里洋行","KUBERA SPORTS COMPANY","臺中市北區錦村里興進路１２５號１樓","1 F., No. 125, Xingjin Rd., Jincun Vil., North Dist., Taichung City 40455, Taiwan (R.O.C.)","馬O宗","04-23601990","","有","有"
"99656970","20141217","20210812","明肆企業社","MING-SI CO.","臺中市神岡區中車路６４號１樓","1 F., No. 64, Zhongche Rd., Shengang Dist., Taichung City 42952, Taiwan (R.O.C.)","王O澤","04-25632901","04-25632902","有","有"
"99657936","20121115","20210812","均昌工業社","JYUN CHANG MATERIAL INDUSTRIAL CO.","臺中市大甲區福德里順帆路１５８之５號","No. 158-5, Shunfan Rd., Fude Vil., Dajia Dist., Taichung City 43774, Taiwan (R.O.C.)","林O惠","04-26822474","04-26822476","有","有"
"99659842","20040420","20210812","聯美家具","LAN MEI FURNITURE CO.","南投縣草屯鎮中正里中山街二五五號","No. 255, Zhongshan St., Zhongzheng Vil., Caotun Township, Nantou County 54242, Taiwan (R.O.C.)","李O庭","049-2567128","","有","有"
"99659998","20190730","20230320","合勝工業社","Hesheng Industrial Society Company","南投縣南投市永豐里仁和路145-1號","No. 145-1, Renhe Rd., Yongfeng Vil., Nantou City, Nantou County 540027, Taiwan (R.O.C.)","周O仁","049-2255917","","有","有"
"99661185","20130729","20210811","益全實業社","YI CHAIN CO.","苗栗縣竹南鎮港墘里港仔墘77之1號","No. 77-1, Gangzaiqian, Gangqian Vil., Zhunan Township, Miaoli County 35043, Taiwan (R.O.C.)","楊O蓁","037-551468","","有","有"
"99662733","20120817","20230620","麗瑩行","RICH LI-YING CO.","臺中市南屯區文山里保安五街211之1號","No. 211-1, Bao’an 5th St., Wenshan Vil., Nantun Dist., Taichung City 408254, Taiwan (R.O.C.)","黃O霞","04-24710771","04-24710651","有","有"
"99662924","20190523","20210811","吉祥塑膠實業社","GOOD GOLDEN-SHINE CO.","彰化縣福興鄉頂粘村頂粘街臨５６０之５３號","No. 560-53, Dingnian St., Fuxing Township, Changhua County 50646, Taiwan (R.O.C.)","粘O雄","04-7706771","","有","有"
"99664795","20170426","20210811","台灣天嶺茗茶","TAIWAN TIAN LING TEA CO.","南投縣竹山鎮雲林里大仁路一九五號一樓","1 F., No. 195, Daren Rd., Yunlin Vil., Zhushan Township, Nantou County 55757, Taiwan (R.O.C.)","李O勳","049-2645022","049-2661639","有","有"
"99664900","20041105","20221217","庫簿企業社","QBOOK COMPANY","臺中市大里區東興里國光路二段７０６之５號","No. 706-5, Sec. 2, Guoguang Rd., Dongxing Vil., Dali Dist., Taichung City 412018, Taiwan (R.O.C.)","陳O美","04-27087568","04-27087568","有","有"
"99665099","20111125","20230723","日益昌貿易行","JOHNNY & ACCESSORIES, CO.","臺中市豐原區東湳里角潭路二段１９３號２樓","2 F., No. 193, Sec. 2, Jiaotan Rd., Dongnan Vil., Fengyuan Dist., Taichung City 420072, Taiwan (R.O.C.)","林O樺","04-25132025","04-25132027","無","無"
"99665865","20111230","20210811","畢盛藝坊","INFOTO GALLERY","臺中市南屯區寶山里寶山五街117-30號3樓","3 F., No. 117-30, Baoshan 5th St., Baoshan Vil., Nantun Dist., Taichung City 40849, Taiwan (R.O.C.)","楊O盛","04-22715397","","有","有"
"99666604","20040518","20210811","懋鑫企業社","MOU-SHIN ENTERPRISE CO.","臺中市南區福平里柳川東路一段３號一樓","1 F., No. 3, Sec. 1, Liuchuan E. Rd., Fuping Vil., South Dist., Taichung City 40244, Taiwan (R.O.C.)","蔡O坤","04-22266956","04-22223117","有","有"
"99666800","20130528","20210811","沅璋商行","YUAN CHANG BAKERY COMPANY","雲林縣斗南鎮林子里林子三００號","No. 300, Linzi, Linzi Vil., Dounan Township, Yunlin County 63048, Taiwan (R.O.C.)","郭O璋","05-5961998","","有","有"
"99667744","20231123","20231123","昌泰五金行","Changtai Hardware CO.","彰化縣和美鎮竹營里和頭路八二號","No. 82, Hetou Rd., Zhuying Vil., Hemei Township, Changhua County 508013, Taiwan (R.O.C.)","王O鈴","04-7559629","","有","有"
"99668547","20041013","20210812","大智汽車商行","TA JYH AUTO MATERIALS CO.","臺中市北屯區松和里松安街247號1樓","1 F., No. 247, Song’an St., Songhe Vil., Beitun Dist., Taichung City 40670, Taiwan (R.O.C.)","范O維","04-22969599","04-22963311","有","有"
"99669406","20071115","20240615","泰祥木材行","TAI-SIANG LUMBER CO.","南投縣竹山鎮山崇里南雲一路39號1樓","1 F., No. 39, Nanyun 1st Rd., Shanchong Vil., Zhushan Township, Nantou County 557014, Taiwan (R.O.C.)","李O銘","049-2781158","049-2781489","有","有"
"99669721","20211223","20211223","鈺豐企業社","Yu Feng Enterprise Society Co.","臺中市北屯區平安里天津路４段６９巷８號１樓","1F., NO. 8, LN. 69, SEC. 4, TIANJIN RD., PING-AN VIL., BEITUN DIST., TAICHUNG CITY 40653, TAIWAN (R.O.C.)","陳O蓉","04-26860368","04-26801862","有","有"
"99670993","20191021","20210811","金玉湖酒莊","JIN YU HU WINE FACTORY","彰化縣二林鎮西斗里八間路180巷113號","No. 113, Ln. 180, Bajian Rd., Xidou Vil., Erlin Township, Changhua County 52654, Taiwan (R.O.C.)","廖O興","04-8901346","04-8901346","有","有"
"99673302","20060119","20210811","桔昌企業社","GICHA CO.","臺中市神岡區豐洲里豐洲路577之6號","No. 577-6, Fengzhou Rd., Fengzhou Vil., Shengang Dist., Taichung City 42949, Taiwan (R.O.C.)","游O憲","04-25295088","","有","有"
"99675316","20050922","20210818","天山金香店","HIGH MOUNTAIN RELIGIONARY PRODUCTS COMPANY","臺中市北屯區和平里軍和街２８７號１樓","1 F., No. 287, Junhe St., Heping Vil., Beitun Dist., Taichung City 40643, Taiwan (R.O.C.)","王O晴","04-24376499","04-24361414","有","有"
"99676103","20190119","20210811","笠騰電機材料工程行","LI TENG ELECLTRIC CO., LTD.","彰化縣二林鎮西斗里斗苑路2段249號1樓","1 F., No. 249, Sec. 2, Douyuan Rd., Xidou Vil., Erlin Township, Changhua County 52654, Taiwan (R.O.C.)","施O滿","04-8902577","04-8903402","有","有"
"99677074","20070209","20210811","曈顏國際美容坊","SULIA CO.","臺中市南區樹義里文心南路７５３號１樓","1 F., No. 753, Wenxin S. Rd., Shuyi Vil., South Dist., Taichung City 40256, Taiwan (R.O.C.)","林O汾","04-22656588","04-22225378","有","有"
"99677285","20110408","20210812","銓銪工業廠","CHYAN EU INDUSTRY CO.","臺中市梧棲區永安里中華路一段258號1樓","1 F., No. 258, Sec. 1, Zhonghua Rd., Yong’an Vil., Wuqi Dist., Taichung City 43549, Taiwan (R.O.C.)","王O宏","04-26351998","","有","有"
"99677497","20190823","20210811","豪亮專業汽車美容店","HAOLIANG CO.","臺中市西區公正里大墩路３３６號","No. 336, Dadun Rd., Gongzheng Vil., West Dist., Taichung City 40356, Taiwan (R.O.C.)","林O亨","04-24710012","04-24730591","有","有"
"99679164","20060615","20210811","益鮮農產行","WU FONG COMPANY","臺中市霧峰區本堂里樹仁路１１１號１樓","1 F., No. 111, Shuren Rd., Bentang Vil., Wufeng Dist., Taichung City 41341, Taiwan (R.O.C.)","賴O星","04-23396827","","有","有"
"99680423","20250116","20250116","世華音響視聽館","HS AUDIO STUDIO","彰化縣彰化市南興里中山路1段375號6樓","6 F., No. 375, Sec. 1, Zhongshan Rd., Nanxing Vil., Changhua City, Changhua County 500032, Taiwan (R.O.C.)","許O禧","","","有","有"
"99680681","20120912","20210811","松懋工業社","SUNG MAOU INDUSTRY CO.","臺中市霧峰區舊正里象鼻路１之２２號 １樓","1 F., No. 1-22, Xiangbi Rd., Jiuzheng Vil., Wufeng Dist., Taichung City 41361, Taiwan (R.O.C.)","施O文","04-23399036","04-23303287","有","有"
"99681886","20140319","20210812","喬順企業社","CIAO SHUN ENTERPRISE CO.","彰化縣彰化市田中里田中路299號","No. 299, Tianzhong Rd., Tianzhong Vil., Changhua City, Changhua County 50088, Taiwan (R.O.C.)","羅O欣","04-7372943","04-7381649","有","有"
"99682246","20171130","20210811","萬錦企業社","Wan Jin Global Co.","臺中市豐原區三村里三和路３５４巷１３９號２樓","2 F., No. 139, Ln. 354, Sanhe Rd., Sancun Vil., Fengyuan Dist., Taichung City 42057, Taiwan (R.O.C.)","謝O芳","04-25323848","04-25333148","有","有"
"99682323","20080205","20210812","進化行","YEN FU CO.","臺中市北區錦平里五權路３７０號４樓","4 F., No. 370, Wuquan Rd., Jinping Vil., North Dist., Taichung City 40446, Taiwan (R.O.C.)","李O甫","04-23356382","04-23357329","有","有"
"99684856","20051226","20230114","蓮心有機商行","LOVINGTHINK CO.","臺中市西區公益里向上北路２７１號１樓","1 F., No. 271, Xiangshang N. Rd., Gongyi Vil., West Dist., Taichung City 403021, Taiwan (R.O.C.)","林O任","04-23052873","04-23011199","無","無"
"99685481","20150511","20210811","仲信企業社","FRP KLW FAN CO.","雲林縣水林鄉水南村東陽街70之1號","No. 70-1, Dongyang St., Shuilin Township, Yunlin County 65241, Taiwan (R.O.C.)","洪O信","0935490324","05-7853208","無","無"
"99685861","20150825","20210812","百邑企業社","PYIC COMPANY","彰化縣秀水鄉鶴鳴村復興巷61號","No. 61, Fuxing Ln., Xiushui Township, Changhua County 50444, Taiwan (R.O.C.)","謝O岑","04-7688367","04-7681677","有","有"
"99686756","20040604","20210811","奇宏企業社","CHI HUAN CO.","臺中市大里區仁德里慈德路６１號１樓","1 F., No. 61, Cide Rd., Rende Vil., Dali Dist., Taichung City 41279, Taiwan (R.O.C.)","王O良","04-24951117","04-24950612","有","有"
"99689114","20040528","20210812","山林飛羽企業社","SHAN LIN FEI YU ENTERPRISE CO.","雲林縣虎尾鎮德興里公安路七五巷二０之三號","No. 20-3, Ln. 75, Gong’an Rd., Dexing Vil., Huwei Township, Yunlin County 63241, Taiwan (R.O.C.)","吳O富美","05-6323523","","有","有"
"99689959","20050216","20210811","平方企業社","SQUARE CO.","臺中市東勢區新盛里新盛街３５０巷１０號","No. 10, Ln. 350, Xinsheng St., Xinsheng Vil., Dongshi Dist., Taichung City 42350, Taiwan (R.O.C.)","陳O川","04-25888528","04-25888523","有","有"
"99690082","20241025","20241025","旺財企業社","WANGCAI ENTERPRISE Company","雲林縣麥寮鄉三盛村仁德西路一段139巷105弄6號1樓","1 F., No. 6, Aly. 105, Ln. 139, Sec. 1, Rende W. Rd., Mailiao Township, Yunlin County 638105, Taiwan (R.O.C.)","蔡O瑰","0955-768710","","有","有"
"99693341","20110504","20210811","弘景實業社","HUNG KING ENTERPRISE CO.","臺中市太平區中山里中山路二段３１１巷４弄５１號１樓","1 F., No. 51, Aly. 4, Ln. 311, Sec. 2, Zhongshan Rd., Zhongshan Vil., Taiping Dist., Taichung City 41170, Taiwan (R.O.C.)","宋O烈","04-23938478","04-23936053","有","有"
"99693638","20160811","20210811","金威盛商行","NASTATECH STUDIO CO.","臺中市北屯區東光里東山路一段７５號１樓","1 F., No. 75, Sec. 1, Dongshan Rd., Dongguang Vil., Beitun Dist., Taichung City 40647, Taiwan (R.O.C.)","張O琪","04-24361641","","有","有"
"99695170","20131025","20230606","玉鑫企業行","YUH SHINN ENTERPRISE COMPANY","高雄市三民區皓東路１１２巷１號１樓","1 F., No. 1, Ln. 112, Haodong Rd., Sanmin Dist., Kaohsiung City 807056, Taiwan (R.O.C.)","吳O經","07-6154512","","無","無"
"99696109","20080313","20210812","竣鑽行","JUN ZUAN CO.","高雄市左營區新上里富民路１７８號６樓","6 F., No. 178, Fumin Rd., Xinshang Vil., Zuoying Dist., Kaohsiung City 81358, Taiwan (R.O.C.)","陳O志","07-3735191","07-3735192","無","無"
"99696380","20120511","20210811","原白機電企業行","OWECOLIU CO.","高雄市前鎮區中華５路９９１巷４號６樓之１","6F.-1, No. 4, Ln. 991, Zhonghua 5th Rd., Cianjhen Dist., Kaohsiung City 80674, Taiwan (R.O.C.)","劉O傑","07-7222506","07-7228447","有","有"
"99696972","20110411","20210812","泰昱商行","TAIE YU CO.","高雄市三民區大昌１路１４４號","No. 144, Dachang 1st Rd., Sanmin Dist., Kaohsiung City 80785, Taiwan (R.O.C.)","郭O君","07-3898096","07-3909527","有","有"
"99697183","20040413","20230117","上聯企業社","SUN LAKE ENTERPRISE CO.","高雄市苓雅區建國１路１５之４號２樓","2 F., No. 15-4, Jianguo 1st Rd., Lingya Dist., Kaohsiung City 802004, Taiwan (R.O.C.)","王O聯","07-3730037","07-3716018","無","無"
"99697445","20080408","20220308","多田野機械企業行","DUO TIAN YE CO.","高雄市三民區中都街６３巷６８號１樓","1 F., No. 68, Ln. 63, Zhongdu St., Sanmin Dist., Kaohsiung City 80746, Taiwan (R.O.C.)","洪O堅","07-3554878","07-3559646","有","有"
"99697753","20050406","20210812","崧喬建材行","SONG CHIAO CO.","高雄市左營區文康路２５７號１０樓之１","10F.-1, No. 257, Wenkang Rd., Zuoying Dist., Kaohsiung City 81356, Taiwan (R.O.C.)","許O杉","07-3537123","07-3536678","有","有"
"99698042","20040608","20230117","金阜企業行","JIN FUH CHIN YEH CO.","高雄市鼓山區龍水里美術南３路６７號５樓","5 F., No. 67, Longshui Rd., Longshui Vil., Gushan Dist., Kaohsiung City 804052, Taiwan (R.O.C.)","楊O芬","07-5541395","","無","無"
"99699400","20190521","20210811","銘泰茶行","MING-TAI TEA CO.","高雄市新興區順昌里七賢１路１６號","No. 16, Qixian 1st Rd., Shunchang Vil., Xinxing Dist., Kaohsiung City 80053, Taiwan (R.O.C.)","張O銘","07-2232481","","有","有"
"99700552","20040505","20210811","奇凌企業社","ALLY & PING COMPANY","高雄市前鎮區忠民街３號１樓","1 F., No. 3, Zhongmin St., Cianjhen Dist., Kaohsiung City 80655, Taiwan (R.O.C.)","陳O章","07-3333754","07-3333754","有","有"
"99701145","20060714","20210812","三城企業行","3-CHENG ENTERPRISE COMPANY","高雄市三民區九如二路２１２號１樓","1 F., No. 212, Jiuru 2nd Rd., Sanmin Dist., Kaohsiung City 80759, Taiwan (R.O.C.)","張O捷","07-3222032","07-3210216","有","有"
"99706541","20071031","20210812","全健花茶行","CYUAN JIAN CO.","高雄市三民區三鳳中街１１０號","No. 110, Sanfeng Central St., Sanmin Dist., Kaohsiung City 80748, Taiwan (R.O.C.)","鄭O","07-2868848","07-2869889","有","有"
"99712754","20140521","20210812","釜山行","BU SAN CO.","高雄市前鎮區新生路１０４號１樓","1 F., No. 104, Xinsheng Rd., Cianjhen Dist., Kaohsiung City 80672, Taiwan (R.O.C.)","楊O玳","07-8230330","07-8230356","有","有"
"99714401","20050802","20210811","台益商行","TAI WENG COMPANY","高雄市前鎮區瑞隆路２００號１樓","1 F., No. 200, Ruilong Rd., Cianjhen Dist., Kaohsiung City 80645, Taiwan (R.O.C.)","李O翰","07-723-7307","07-715-1155","有","有"
"99717195","20040916","20210812","增全企業社","ZENG CYUAN ENTERPRISE CO.","高雄市前鎮區廣西路４２９之４號５樓","5 F., No. 429-4, Guangxi Rd., Cianjhen Dist., Kaohsiung City 80655, Taiwan (R.O.C.)","鍾O菊","(07) 702-5868","(07) 702-4395","有","有"
"99717651","20180821","20220823","偉承商行","wei cheng mercantile co.","高雄市仁武區京中五街190號1樓","1 F., No. 190, Jingzhong 5th St., Renwu Dist., Kaohsiung City 814028, Taiwan (R.O.C.)","謝O成","07-3734135","","有","有"
"99717977","20040701","20230725","吉達商行","JIDDA BUSINESS CO.","高雄市左營區至聖路１９１號７樓","7 F., No. 191, Zhisheng Rd., Zuoying Dist., Kaohsiung City 813312, Taiwan (R.O.C.)","周O吉","07-5587997","07-5581997","有","有"
"99719118","20080820","20210811","羿巨企業社","EDGE ELECTRONICS CO.","高雄市左營區新下里立信路２１０號８樓","8 F., No. 210, Lixin Rd., Xinxia Vil., Zuoying Dist., Kaohsiung City 81366, Taiwan (R.O.C.)","黃O峰","07-5574425","07-5590363","有","有"
"99720993","20240419","20240419","視達眼鏡行","Star glasses Store","高雄市三民區鼎中路２１２號１樓","1 F., No. 212, Dingzhong Rd., Sanmin Dist., Kaohsiung City 807080, Taiwan (R.O.C.)","楊O升","07-3109547","","有","有"
"99725630","20231201","20231201","新育聖玩具店","Xin YU Sheng Co.","高雄市仁武區澄觀路一段46之1號","No. 46-1, Sec. 1, Chengguan Rd., Renwu Dist., Kaohsiung City 814018, Taiwan (R.O.C.)","吳O仁","07-3742940","07-3726203","有","有"
"99727551","20040806","20230420","輝洋商行","WHITE WAY BUSINESS CO.","高雄市苓雅區四維四路229號2樓","2 F., No. 229, Siwei 4th Rd., Lingya Dist., Kaohsiung City 802031, Taiwan (R.O.C.)","周O藝","07-5368327","07-5370103","有","有"
"99729707","20220621","20220621","立嵐紅綠茶專賣店","LI LAN TEA SHOP","高雄市新興區自立二路126號","No. 126, Zili 2nd Rd., Xinxing Dist., Kaohsiung City 800054, Taiwan (R.O.C.)","王O傑","07-2869069","","有","有"
"99732739","20060413","20230117","正新通訊行","O' NEW COMMUNICATION COMPANY","高雄市苓雅區三多２路６２號","No. 62, Sanduo 2nd Rd., Lingya Dist., Kaohsiung City 802041, Taiwan (R.O.C.)","曾O智","07-7276657","07-7274298","無","無"
"99732941","20040819","20250417","嘉享企業行","GIA SHEANG ENTERPRISE CO.","屏東縣東港鎮新街里中正路一段291巷25號1樓","1 F., No. 25, Ln. 291, Sec. 1, Zhongzheng Rd., Xinjie Vil., Donggang Township, Pingtung County 928004, Taiwan (R.O.C.)","黃O惟","0972-745-609","","有","有"
"99732983","20100818","20210811","雙金天龍茶行","SK-TEA CO.","高雄市苓雅區意誠里新光路２８巷２５號","No. 25, Ln. 28, Xinguang Rd., Yicheng Vil., Lingya Dist., Kaohsiung City 80247, Taiwan (R.O.C.)","顏O勤","07-3393069","07-3308673","有","有"
"99733245","20180424","20210811","安信輪胎企業行","Anxin Tires Enterprise co.","高雄市三民區大豐１路１９４號１樓","1 F., No. 194, Dafeng 1st Rd., Sanmin Dist., Kaohsiung City 80779, Taiwan (R.O.C.)","柯O娟","07-3827511","","有","有"
"99733982","20050517","20210811","興聖實業社","SHING SHENQ ENTERPRISE CO.","高雄市三民區灣復街30號5樓之2","5F.-2, No. 30, Wanfu St., Sanmin Dist., Kaohsiung City 80783, Taiwan (R.O.C.)","陳O美","07-7312702","07-7314135","有","有"
"99734363","20070313","20210823","偉程企業行","WEIPOWER TOOL PRECISION ENTERPRISE CO.","高雄市大寮區內坑路9之21號","No. 9-21, Neikeng Rd., Daliao Dist., Kaohsiung City 83157, Taiwan (R.O.C.)","蔡O縉","07-7883415","07-7873822","有","有"
"99736799","20140603","20210812","韓龍食品行","HUN LONG FOOD PRODUCTS CO.","高雄市鼓山區明誠里篤敬路３３號９樓之２","9F.-2, No. 33, Dujing Rd., Mingcheng Vil., Gushan Dist., Kaohsiung City 80465, Taiwan (R.O.C.)","許O絹","07-5521470","07-5554101","有","有"
"99743953","20050120","20220723","菲羚服飾店","FEELING COSTUME BOUTIQUE","高雄市仁武區新中街５６號１樓","1 F., No. 56, Xinzhong St., Renwu Dist., Kaohsiung City 81450, Taiwan (R.O.C.)","黃O哲","07-5315593","","有","有"
"99744904","20090804","20210811","吉鋒企業行","JI FONG DRIVESYSTEMS TRADE COMPANY","高雄市鳥松區仁勇路２１９號１樓","1 F., No. 219, Renyong Rd., Niaosong Dist., Kaohsiung City 83342, Taiwan (R.O.C.)","簡O春","07-7356827","07-7356766","有","有"
"99745517","20140911","20210812","地球人戶外休閒家","BEING OUTDOORS COMPANY","新北市貢寮區福隆街１６號","No. 16, Fulong St., Gongliao Dist., New Taipei City 22841, Taiwan (R.O.C.)","黃O元","02-24991372","02-24992365","有","有"
"99747472","20040602","20221109","雅比斯企業社","GRACE PRODUCT CO.","新北市汐止區民族五街46號7樓之2","7 F.-2, No. 46, Minzu 5th St., Xizhi Dist., New Taipei City 221022, Taiwan (R.O.C.)","邱O麗","02-2692-2418","02-2695-4101","有","有"
"99748351","20091005","20210812","盒子藝術空間坊","BOX ART SPACE PLACE STUDIO","新北市板橋區和平路14巷29號(1、2樓)","2 F., No. 29, Ln. 14, Heping Rd., Banqiao Dist., New Taipei City 22061, Taiwan (R.O.C.)","陳O明","02-29640003","02-29647363","有","有"
"99753620","20040623","20210812","康勝國際企業社","KANG SHENQ INTERNATIONAL ENTERPRISE COMPANY","新北市八里區忠孝路４３０號４樓（現場僅供辦公室使用）","4 F., No. 430, Zhongxiao Rd., Bali Dist., New Taipei City 24944, Taiwan (R.O.C.)","李O樺","02-28835897","","有","有"
"99754395","20190911","20210812","永盛企業社","Ongsheng Enterprise Co.,","花蓮縣花蓮市國魂里延平街167巷7號1樓","1 F., No. 7, Ln. 167, Yanping St., Guohun Vil., Hualien City, Hualien County 97054, Taiwan (R.O.C.)","林O宏","03-8576166","","有","有"
"99756350","20040609","20210812","芊岳實業社","QIAN YUE FACTORAGE CO.","新北市板橋區金門街３２４巷８號","No. 8, Ln. 324, Kinmen St., Banqiao Dist., New Taipei City 22071, Taiwan (R.O.C.)","呂O玲","02-86752670","02-86752671","有","有"
"99759363","20080429","20210811","康群科技實業社","COMTREE ENTERPRISE COMPANY","新北市板橋區三民路２段２２０巷１６之２號（現場僅供辦公室使用）","No. 16-2, Ln. 220, Sec. 2, Sanmin Rd., Banqiao Dist., New Taipei City 22069, Taiwan (R.O.C.)","王O元","02-27979786","","有","有"
"99759510","20150430","20210812","元福企業社","YUN FWU ENTERPRISE CO.","桃園市平鎮區建安里平東路679巷19號1樓","1 F., No. 19, Ln. 679, Pingdong Rd., Jian’an Vil., Pingzhen Dist., Taoyuan City 32465, Taiwan (R.O.C.)","賴O照","03-4609892","03-4609897","有","有"
"99759878","20100712","20220513","旭成企業管理社","SUNRISED ENTERPRISE MANAGEMENT CO.","桃園市新屋區頭洲里新洲三街37號1樓","1 F., No. 37, Xinzhou 3rd St., Touzhou Vil., Xinwu Dist., Taoyuan City 32741, Taiwan (R.O.C.)","簡O君","03-2208822","03-2207287","有","有"
"99763985","20190109","20210811","永冠水電工程行","yong guan plumbing and electrical engineering co.","桃園市桃園區大業里春日路610巷136號1樓","1 F., No. 136, Ln. 610, Chunri Rd., Daye Vil., Taoyuan Dist., Taoyuan City 33049, Taiwan (R.O.C.)","簡O霖","03-3571588","03-3571855","有","有"
"99764859","20081104","20210812","黃金睡眠館","GOLDEN SLEEP STUDIO","新北市五股區五工路１１２號(1樓)","1 F., No. 112, Wugong Rd., Wugu Dist., New Taipei City 24886, Taiwan (R.O.C.)","吳O嘉","02-22972727","02-22970039","有","有"
"99765766","20041026","20220106","鎧光興業社","KAE GUANG CO.","新北市板橋區重慶路２４５巷１１號２樓（現場僅供辦公室使用）","2 F., No. 11, Ln. 245, Chongqing Rd., Banqiao Dist., New Taipei City 22062, Taiwan (R.O.C.)","李O慶","(02)8951-9353","(02)8951-9352","有","有"
"99765962","20070810","20210811","明新企業社","MING SHYN COMPANY","臺北市北投區石牌路1段166巷69弄22號","No. 22, Aly. 69, Ln. 166, Sec. 1, Shipai Rd., Beitou Dist., Taipei City 11271, Taiwan (R.O.C.)","張O妙娟","02-28271191","02-28224707","有","有"
"99766929","20050126","20210811","隆邑貿易商行","LONG A TRADING COMPANY","新北市樹林區武林街１２之２號（１樓）","1 F., No. 12-2, Wulin St., Shulin Dist., New Taipei City 23876, Taiwan (R.O.C.)","韓O益","02-26842888","02-26842886","有","有"
"99769469","20230529","20230529","佳香行","JIA SIANG Hang","基隆市安樂區武隆街93號1樓","1 F., No. 93, Wulong St., Anle Dist., Keelung City 204010, Taiwan (R.O.C.)","劉O蘭","02-24310869","02-24345774","有","有"
"99770114","20130606","20240123","宗益企業社","TZUNG-YI VACUUM CO.","新竹市北區西雅里中和路95巷43號","No. 43, Ln. 95, Zhonghe Rd., Xiya Vil., North Dist., Hsinchu City 30056, Taiwan (R.O.C.)","蘇O均","03-5258389","03-5258295","有","有"
"99776428","20221025","20221025","和大空壓企業社","HEDA AIR COMPRESSOR ENTERPRISE CO.","新北市蘆洲區永安南路2段４２巷８號11樓之１","11 F.-1, No. 8, Ln. 42, Sec. 2, Yong'an S. Rd., Luzhou Dist., New Taipei City 247026, Taiwan (R.O.C.)","張O和","0955513526","02-22887507","有","有"
"99777670","20100924","20210811","賀運精機實業社","HEH YUNN PRECISE MACHINERY CO.","新北市三重區中正北路１４５巷９弄８號３樓（現場僅供辦公室使用）","3 F., No. 8, Aly. 9, Ln. 145, Zhongzheng N. Rd., Sanchong Dist., New Taipei City 24141, Taiwan (R.O.C.)","黃O財","02-82820559","02-82820560","有","有"
"99779311","20060411","20210811","東偉企業社","DONG WOEI CO.","宜蘭縣三星鄉大隱村大隱五路193號","No. 193, Dayin 5th Rd., Sanxing Township, Yilan County 26644, Taiwan (R.O.C.)","莊O煌","03-9594574","03-9594574","有","有"
"99779608","20120112","20220630","勝洋休閒農場","SHENG YANG LEISURE FARM","宜蘭縣員山鄉尚德村八甲路１５號","No. 15, Bajia Rd., Yuanshan Township, Yilan County 264018, Taiwan (R.O.C.)","徐O雄","03-9222487","03-9231814","有","有"
"99780844","20190129","20210811","振輝室內裝修工程行","J.H COWORKS COMPANY","新北市中和區德光路27巷1弄8號(1樓）","1 F., No. 8, Aly. 1, Ln. 27, Deguang Rd., Zhonghe Dist., New Taipei City 23542, Taiwan (R.O.C.)","趙O堂","02-29612912","","有","有"
"99780957","20231214","20231214","科森企業社","WAWAKING TOYS COMPANY","新北市三峽區大勇路５４巷２號１樓","1 F., No. 2, Ln. 54, Dayong Rd., Sanxia Dist., New Taipei City 237012, Taiwan (R.O.C.)","范O恩","02-26715895","02-26733130","有","有"
"99784969","20050407","20210811","續展企業社","FOREVER DEVELOPMENT ENTERPRISE CO.","新北市土城區中央路４段１２４號１樓","1 F., No. 124, Sec. 4, Zhongyang Rd., Tucheng Dist., New Taipei City 23676, Taiwan (R.O.C.)","羅O彬","02-26688625","02-26687195","有","有"
"99787847","20090429","20230504","彩虹魚寵物水族百貨館","RAINBOWFISH PET & AQUARIUM STUDIO","桃園市桃園區同安里大興西路一段２２１號１樓","1 F., No. 221, Sec. 1, Daxing W. Rd., Tong’an Vil., Taoyuan Dist., Taoyuan City 330007, Taiwan (R.O.C.)","詹O村","03-2628278","03-2618855","有","有"
"99787874","20110923","20210811","馳朋企業社","CHIIPUNG ENTERPRISE CO.","新北市中和區連城路３５６之２號","No. 356-2, Liancheng Rd., Zhonghe Dist., New Taipei City 23551, Taiwan (R.O.C.)","賴O森","02-26710858","","有","有"
"99788424","20130410","20240803","好運企業社","BEST LUCK COMPANY","新北市中和區民利街116巷8號","No. 8, Ln. 116, Minli St., Zhonghe Dist., New Taipei City 235017, Taiwan (R.O.C.)","吳O芬","02-22030025","02-22028862","有","有"
"99791379","20100624","20210811","赫頓實業社","HERTONE CHEMICAL CO.","新北市五股區成泰路1段32巷60號11樓","11 F., No. 60, Ln. 32, Sec. 1, Chengtai Rd., Wugu Dist., New Taipei City 24869, Taiwan (R.O.C.)","朱O慧","02-29000398","02-29000378","有","有"
"99792150","20190109","20210811","華邑食品工廠","Huayi Food Factory","新北市樹林區東興街２之４號","No. 2-4, Dongxing St., Shulin Dist., New Taipei City 23850, Taiwan (R.O.C.)","賴O芳","02-86857947","02-86857954","有","有"
"99804310","20140904","20240920","采紘企業社","TSAE HORNG COMPANY","新北市汐止區褔德一路338號","No. 338, Fude 1st Rd., Xizhi Dist., New Taipei City 221010, Taiwan (R.O.C.)","侯O財","02-85311286","02-85313352","有","有"
"99808977","20060406","20221229","富欣企業社","PROSPER ENERGY ENTERPRISE COMPANY","桃園市中壢區林森里黃興街78巷8號3樓","3 F., No. 8, Ln. 78, Huangxing St., Linsen Vil., Zhongli Dist., Taoyuan City 320058, Taiwan (R.O.C.)","劉O增","03-4396746","03-4396570","無","無"
"99816603","20170830","20210812","壽昌靈芝行","SHOUN-CHANG CO.","花蓮縣花蓮市國裕里富強路二十二號三樓之一","3F.-1, No. 22, Fuqiang Rd., Guoyu Vil., Hualien City, Hualien County 97057, Taiwan (R.O.C.)","黃O燕","03-8576607","03-8339871","有","有"
"99818089","20040827","20240528","熊島複材企業社","SHOUNG DAO ENTERPRISE CO.","新北市三重區重安街121號8樓","8 F., No. 121, Chong’an St., Sanchong Dist., New Taipei City 241009, Taiwan (R.O.C.)","熊O傑","02-2972-6249","","有","有"
"99818270","20040823","20210811","太源行","TAI YUAN CARBIDE INSERT CO.","新北市淡水區自強路２０１巷４４之１號２樓（現場僅供辦公室使用）","2 F., No. 44-1, Ln. 201, Ziqiang Rd., Tamsui Dist., New Taipei City 25162, Taiwan (R.O.C.)","謝O明","02-28095561","","有","有"
"99818551","20170323","20210812","雙發百貨行","SHUANG FA CO.","桃園市中壢區龍平里龍東路１５６號１樓","1 F., No. 156, Longdong Rd., Longping Vil., Zhongli Dist., Taoyuan City 32093, Taiwan (R.O.C.)","徐O雙","03-4385656","03-2830924","有","有"
"99819025","20220422","20220422","川王府麻辣火鍋專賣店","Chuanwangfu Spicy Hot Pot Store","桃園市中壢區興國里中美路二段152號","No. 152, Sec. 2, Zhongmei Rd., Xingguo Vil., Zhongli Dist., Taoyuan City 32086, Taiwan (R.O.C.)","范O琴","03-4226316","","有","有"
"99822507","20061205","20210812","慶億商店","CELEBRATE HUNDRED MILLION STORE","金門縣金湖鎮新市里復興路６６號","No. 66, Fuxing Rd., Xinshi Vil., Jinhu Township, Kinmen County 89148, Taiwan (R.O.C.)","陳O德","082-323727","082-323357","有","有"
"99822561","20111102","20210812","立盛建材行","LI CHENG BUILDING MATERIAL CO.","金門縣金沙鎮何斗里高陽路203號","No. 203, Gaoyang Rd., Hedou Vil., Jinsha Township, Kinmen County 89043, Taiwan (R.O.C.)","陳O才","082-351597","082-353278","有","有"
"99828869","20040910","20210811","誥展企業社","GAW ZHAN COMPANY","桃園市中壢區山東里山東路９３８巷８號２樓","2 F., No. 8, Ln. 938, Shandong Rd., Shandong Vil., Zhongli Dist., Taoyuan City 32053, Taiwan (R.O.C.)","麥O灝","03-282-0001","03-498-4216","有","有"
"99829179","20130305","20210812","晶鑽企業社","FAIR DIAMOND COMPANY","新北市三重區大同南路１９巷９號３樓（現場僅供辦公室使用）","3 F., No. 9, Ln. 19, Datong S. Rd., Sanchong Dist., New Taipei City 24143, Taiwan (R.O.C.)","楊O美","02-28805988","02-28883641","有","有"
"99830133","20150401","20210812","憶光企業社","E GUANG COMPANY","新北市蘆洲區民生街129巷7號","No. 7, Ln. 129, Minsheng St., Luzhou Dist., New Taipei City 24746, Taiwan (R.O.C.)","陳O宏","02-28489506","","有","有"
"99832619","20081029","20210811","祐詮五金企業社","YOU CHANCE HARDWARE ENTERPRISE COMPANY","宜蘭縣羅東鎮新群里中山路一段113號一樓","1 F., No. 113, Sec. 1, Zhongshan Rd., Xinqun Vil., Luodong Township, Yilan County 26561, Taiwan (R.O.C.)","洪O琳","03-508877","03-9508017","有","有"
"99833743","20150320","20210811","巧記刺繡企業社","QIAO JI EMBROIDERY WORKSHOP","新北市三重區重新路4段244巷20號(1樓)","1 F., No. 20, Ln. 244, Sec. 4, Chongxin Rd., Sanchong Dist., New Taipei City 24144, Taiwan (R.O.C.)","洪O偉","02-2974-0720","02-2973-8962","有","有"
"99834341","20050318","20210812","洋順山海行","YUNG SHUEN CO., LTD.","桃園市桃園區自強里天祥六街１１號４樓","4 F., No. 11, Tianxiang 6th St., Ziqiang Vil., Taoyuan Dist., Taoyuan City 33044, Taiwan (R.O.C.)","盧O同","03-3587989","03-3585793","有","有"
"99835284","20070716","20210811","青杉實業社","GREEN HILL GLOBAL CO.","新北市三重區後竹圍街１１０號","No. 110, Houzhuwei St., Sanchong Dist., New Taipei City 24154, Taiwan (R.O.C.)","林O洲","02-29816443","","有","有"
"99840688","20240514","20240514","世鋐企業社","shih hong Company","桃園市桃園區青溪里鎮二街８７號１樓","1 F., No. 87, Zhen 2nd St., Qingxi Vil., Taoyuan Dist., Taoyuan City 330016, Taiwan (R.O.C.)","徐O進","","","有","有"
"99843051","20131127","20210811","日茂行","RIH MAO SING CO.","新北市中和區中山路2段568巷2號1樓","1 F., No. 2, Ln. 568, Sec. 2, Zhongshan Rd., Zhonghe Dist., New Taipei City 23544, Taiwan (R.O.C.)","林O仁","02-22267797","02-22255321","有","有"
"99845591","20181123","20210811","上長企業社","SHANG CHANG Mechanical Co.","臺中市豐原區南田里水源路１９２巷８７號１樓","1 F., No. 87, Ln. 192, Shuiyuan Rd., Nantian Vil., Fengyuan Dist., Taichung City 42074, Taiwan (R.O.C.)","賴O峰","04-25220292","04-25220331","有","有"
"99845712","20091207","20210811","牡丹坊二手旗艦店","SECONDHAND-BRAND SHOP","臺中市北區新北里三民路３段１９０之１號１樓","1 F., No. 190-1, Sec. 3, Sanmin Rd., Xinbei Vil., North Dist., Taichung City 40445, Taiwan (R.O.C.)","張O隆","04-22278855","04-22278855","有","有"
"99847009","20140718","20210812","紅灯汽車商行","RED LIGHT CAR FIRM","臺中市大里區樹王里文心南路１２１１號一樓","1 F., No. 1211, Wenxin S. Rd., Shuwang Vil., Dali Dist., Taichung City 41258, Taiwan (R.O.C.)","林O鑾","0936498238","","無","無"
"99847129","20040617","20210811","晶電企業社","MASTERCRYSTAL INDUSTRY COMPANY","臺中市大里區仁化里仁化路６１８號１樓","1 F., No. 618, Renhua Rd., Renhua Vil., Dali Dist., Taichung City 41282, Taiwan (R.O.C.)","游O生","04-24075928","04-24075917","有","有"
"99847839","20061019","20210812","靖順農產品行","JING SHUN PRODUCTS CO.","臺中市太平區永平里大勇街１３３號１樓","1 F., No. 133, Dayong St., Yongping Vil., Taiping Dist., Taichung City 41159, Taiwan (R.O.C.)","林O海","04-22784199","","有","有"
"99848008","20240408","20240408","佳傳資訊社","silverkeyboard Co.","臺中市東區東橋里建功街82之1號4樓","4 F., No. 82-1, Jiangong St., Dongqiao Vil., East Dist., Taichung City 401011, Taiwan (R.O.C.)","徐O綺","","","有","有"
"99848598","20130205","20210812","獅子座美容髮藝名店","LEONE HAIR & BEAUTY SALON","臺中市西屯區惠來里惠來路一段147號1樓","1 F., No. 147, Sec. 1, Huilai Rd., Huilai Vil., Xitun Dist., Taichung City 40756, Taiwan (R.O.C.)","王OO","04-22541616","04-22540737","有","有"
"99849061","20040607","20210811","錦輪貿易行","GIORIOUS WHEEL TRADING CO.","臺中市沙鹿區犁分里中山路７６巷１８１號","No. 181, Ln. 76, Zhongshan Rd., Lifen Vil., Shalu Dist., Taichung City 43349, Taiwan (R.O.C.)","蔡O麗","04-26224157","04-26239141","有","有"
"99849196","20191017","20191017","太極宮","Taiji Kung Temple","苗栗縣頭份市成功里中興街８１號","NO. 81, ZHONGXING RD., TOUFEN CITY, MIAOLI COUNTY 35150, TAIWAN (R.O.C.)","蕭O亮","037-685990","037-690203","有","有"
"99849999","20161202","20210811","迎鑫實業社","YU XIN INDUSTRIAL CO.","彰化縣伸港鄉定興村定興路１２４號（限辦公室使用）","No. 124, Dingxing Rd., Shengang Township, Changhua County 50955, Taiwan (R.O.C.)","周O圓","04-7997466","04-7987976","有","有"
"99850566","20071207","20220908","灃昇商行","FEN SENG COMPANY","臺中市太平區興隆里光興路１１１２號","No. 1112, Guangxing Rd., Xinglong Vil., Taiping Dist., Taichung City 41149, Taiwan (R.O.C.)","藍O慧","04-22730402","04-22730627","有","有"
"99852522","20241118","20241118","德布西貿易行","Dubussy Trade House","臺中市豐原區葫蘆里復興路１９４號一樓","1 F., No. 194, Fuxing Rd., Hulu Vil., Fengyuan Dist., Taichung City 420003, Taiwan (R.O.C.)","呂O源","0932-135844","","有","有"
"99852972","20160811","20210811","金成實業社","JIN CHEN SOCIETY CO.","彰化縣和美鎮雅溝里南軒路205號","No. 205, Nanxuan Rd., Yagou Vil., Hemei Township, Changhua County 50849, Taiwan (R.O.C.)","陳O成","04-7360276","04-7330692","有","有"
"99853058","20240712","20240712","阿成工作室","ACHENG ICECONE STUDIO.","臺中市太平區坪林里中山路二段５６號","No. 56, Sec. 2, Zhongshan Rd., Pinglin Vil., Taiping Dist., Taichung City 411013, Taiwan (R.O.C.)","林O梅","04-23920238","","有","有"
"99854325","20060901","20240710","麗晶皮飾精品世界","LEEGING LEATHER GOODS COMPANY","彰化縣彰化市中央里民族路525號1樓","1 F., No. 525, Minzu Rd., Zhongyang Vil., Changhua City, Changhua County 500007, Taiwan (R.O.C.)","吳O寬","04-7232181","04-7232183","無","無"
"99854943","20140625","20210812","荷苞酒莊","CHATEAU HOPE CO.","雲林縣古坑鄉水碓村圳頭一號之一","No. 1-1, Zuntou, Gukeng Township, Yunlin County 64644, Taiwan (R.O.C.)","何O慧","05-5572988","05-5571817","無","無"
"99855318","20220216","20220222","永發精密科技廠","TE NING INDUSTRIAL CO.","彰化縣鹿港鎮溝墘里鹿和路3段622巷8號","No. 8, Ln. 622, Sec. 3, Luhe Rd., Gouqian Vil., Lukang Township, Changhua County 50565, Taiwan (R.O.C.)","許O富","04-7716626","","有","有"
"99855773","20040625","20210811","久富企業社","CHIU FU ENTERPRISE CO.","苗栗縣竹南鎮中美里澎湖厝22-27號1樓","1 F., No. 22-27, Penghucuo, Zhongmei Vil., Zhunan Township, Miaoli County 35050, Taiwan (R.O.C.)","顏O辰","037-463330","","有","有"
"99858119","20040628","20210811","邦億企業社","PANG-I ENTERPRISE CO.","臺中市霧峰區吉峰里錦州路３５６巷２９號一樓","1 F., No. 29, Ln. 356, Jinzhou Rd., Jifeng Vil., Wufeng Dist., Taichung City 41350, Taiwan (R.O.C.)","張O珠","04-25203477","04-25203372","有","有"
"99861058","20091102","20210811","均美農化社","GMAY AGROCHEM CO.","苗栗縣卓蘭鎮新厝里一鄰新厝七之三號","No. 7-3, Xincuo, 1st Neighborhood, Xincuo Vil., Zhuolan Township, Miaoli County 36941, Taiwan (R.O.C.)","陳O娟","04-25895996","04-25898932","有","有"
"99861395","20060828","20210811","柏登國際名店","BOR DON SHOP","臺中市西區土庫里存中街４２號１樓","1 F., No. 42, Cunzhong St., Tuku Vil., West Dist., Taichung City 40349, Taiwan (R.O.C.)","黃O彰","04-23752255","02-22371805","有","有"
"99862269","20190801","20210811","宏聲工業社","Horin-Sheng Industry co.","臺中市神岡區豐洲里神洲路１３０巷２３之３號","No. 23-3, Ln. 130, Shenzhou Rd., Fengzhou Vil., Shengang Dist., Taichung City 42942, Taiwan (R.O.C.)","徐O癸","04-25246304","04-25287358","有","有"
"99862681","20100723","20240628","惟昇企業社","ONLY RISES THE ENTERPRISE SOCIETY","臺中市東勢區慶東里慶東街慶成二巷１１號","No. 11, Qingcheng 2nd Ln., Qingdong St., Qingdong Vil., Dongshi Dist., Taichung City 42351, Taiwan (R.O.C.)","徐O彧","04-25884105","04-25770972","有","有"
"99862991","20090903","20210811","允大企業社","YUN TA CO.","臺中市大里區仁化里工業三路５８號","No. 58, Gongye 3rd Rd., Renhua Vil., Dali Dist., Taichung City 41280, Taiwan (R.O.C.)","林O翔","04-24910458","04-24910378","無","無"
"99863154","20041028","20230114","軒敏企業社","LUCKY LO FAMILY ENTERPRISE CO.","臺中市豐原區北湳里圓環北路二段１３９號７樓之２","7 F.-2, No. 139, Sec. 2, Yuanhuan N. Rd., Beinan Vil., Fengyuan Dist., Taichung City 420009, Taiwan (R.O.C.)","羅O軒","(04)25229431","(04)25123479","無","無"
"99864273","20040720","20210811","錫隆企業行","SWEET LONG CO.","臺中市西區吉龍里五權西六街１６５巷２號１樓","1 F., No. 2, Ln. 165, Wuquan W. 6th St., Jilong Vil., West Dist., Taichung City 40347, Taiwan (R.O.C.)","柯O雲","04-23760662","04-23760611","有","有"
"99864626","20040714","20250410","亞立實業社","YA LEE INDUSTRIAL CO.","苗栗縣頭份市蘆竹里盧竹路226巷15號","No. 15, Ln. 226, Luzhu Rd., Luzhu Vil., Toufen City, Miaoli County 351009, Taiwan (R.O.C.)","洪O恩","037-631763","037-626150","有","有"
"99865462","20240115","20240115","億鴻企業社","Yihung Enterprise Co.","彰化縣二水鄉惠民村山腳路１段５６巷２弄２２號１樓","1 F., No. 22, Aly. 2, Ln. 56, Sec. 1, Shanjiao Rd., Ershui Township, Changhua County 530018, Taiwan (R.O.C.)","許O宗","0963134643","","有","有"
"99865815","20110325","20240302","嘉泰精機廠","JIA TAI PRECISE-MACHINE WORKS","臺中市神岡區新庄里和睦路一段524巷30之1號一樓","1 F., No. 30-1, Ln. 524, Sec. 1, Hemu Rd., Xinzhuang Vil., Shengang Dist., Taichung City 42953, Taiwan (R.O.C.)","江O幸","04-25620082","04-25620072","無","無"
"99866808","20100715","20210812","懷恩工程行","WHY-N ENGINEERING COMPANY","臺中市北屯區松竹路一段１５號２樓","2 F., No. 15, Sec. 1, Songzhu Rd., Beitun Dist., Taichung City 40643, Taiwan (R.O.C.)","郭O肇","04-24614197","04-35039905","有","有"
"99867118","20110830","20210812","東霖機械工程企業社","TUNG LIN MACHINERY ENGINEERING CO.","彰化縣二林鎮西庄里泉西巷二八之二號一樓","1 F., No. 28-2, Quanxi Ln., Xizhuang Vil., Erlin Township, Changhua County 52657, Taiwan (R.O.C.)","劉O孝","04-8928520","","有","有"
"99867378","20081208","20210811","藝聖音樂工程行","YIH CHERNG INDUSTRY CO.","臺中市西屯區至善里逢甲路２５３巷３９號１樓","1 F., No. 39, Ln. 253, Fengjia Rd., Zhishan Vil., Xitun Dist., Taichung City 40744, Taiwan (R.O.C.)","徐O聖","04-27076639","","有","有"
"99867721","20040809","20210812","麻辣唱片企業社","GTO & FE YANG MUSIC CO.","臺中市北區賴村里中清路一段３４８巷２２號","No. 22, Ln. 348, Sec. 1, Zhongqing Rd., Laicun Vil., North Dist., Taichung City 40462, Taiwan (R.O.C.)","蘇O昀","04-22333613","04-23868245","有","有"
"99867736","20191203","20210811","聖安卓商行","Coffeeeah Co.","臺中市南屯區田心里大墩７街４９３號１樓","1 F., No. 493, Dadun 7th St., Tianxin Vil., Nantun Dist., Taichung City 40867, Taiwan (R.O.C.)","劉O愷","0935139095","","有","有"
"99868159","20180110","20210811","澤豐企業社","ZE FENG CONSTRUCTION CO.","臺中市豐原區田心里育英路１００巷８號８樓","8 F., No. 8, Ln. 100, Yuying Rd., Tianxin Vil., Fengyuan Dist., Taichung City 42050, Taiwan (R.O.C.)","戴O志","04-25280358","04-25280358","有","有"
"99868453","20040730","20220930","和雍貿易行","HOU-YOUN HOUSEHOLD CO.","臺中市外埔區水美里水美路１３號","No. 13, Shuimei Rd., Shuimei Vil., Waipu Dist., Taichung City 438019, Taiwan (R.O.C.)","郭O源","04-26711556","04-26710485","有","有"
"99871730","20040727","20230112","宜貿實業社","YI MENG COMPANY","彰化縣田中鎮三民里民生路5號","No. 5, Minsheng Rd., Sanmin Vil., Tianzhong Township, Changhua County 520013, Taiwan (R.O.C.)","夏O芳","04-8747918","","有","有"
"99873110","20060118","20221210","明暘企業社","MING YANG STEEL MACHINE CO.","彰化縣和美鎮柑井里美寮路2段61號","No. 61, Sec. 2, Meiliao Rd., Ganjing Vil., Hemei Township, Changhua County 508019, Taiwan (R.O.C.)","葉O惠","04-7361819","04-7351238","有","有"
"99873239","20191128","20210811","建成農產行","CHIEN CHENG FARM PRODUCTS CO.","南投縣集集鎮林尾里林尾路３０６號","No. 306, Linwei Rd., Linwei Vil., Jiji Township, Nantou County 55243, Taiwan (R.O.C.)","沈O欽","049-2762141","049-2764078","有","有"
"99874238","20040728","20210811","柏翰企業商行","BOLDHAM CO.","雲林縣斗南鎮田頭里延平北路二三○號","No. 230, Yanping N. Rd., Tiantou Vil., Dounan Township, Yunlin County 63045, Taiwan (R.O.C.)","陳O嘉","05-5966737","05-5951365","有","有"
"99876117","20050506","20210811","榮勝企業社","RUNG SHEN CO.","彰化縣溪湖鎮湖東里大溪路２段７３巷１３６弄６號１樓","1 F., No. 6, Aly. 136, Ln. 73, Sec. 2, Daxi Rd., Hudong Vil., Xihu Township, Changhua County 51452, Taiwan (R.O.C.)","王O智","04-8818686","04-8822964","無","無"
"99876159","20041020","20210811","浤州企業商行","U.H. ENTERPRISE CO.","臺中市南區和平里東興路一段４６號１樓","1 F., No. 46, Sec. 1, Dongxing Rd., Heping Vil., South Dist., Taichung City 40242, Taiwan (R.O.C.)","蔡O燦","0922-893904","04-22630305","有","有"
"99876952","20120528","20210811","沖天密碼企業社","CHONG TION MI MA NETERPRISE CO.","臺中市清水區南社里忠孝二街１３８號１樓","1 F., No. 138, Zhongxiao 2nd St., Nanshe Vil., Qingshui Dist., Taichung City 43649, Taiwan (R.O.C.)","蔡O聰","0938897737","","有","有"
"99878375","20141223","20210811","如意多媒體廣告工作室","LU YEE STUDIO","南投縣集集鎮集集里初中街八六號一樓","1 F., No. 86, Chuzhong St., Jiji Vil., Jiji Township, Nantou County 55244, Taiwan (R.O.C.)","劉O如","0915-098625","","無","無"
"99880533","20041125","20210811","高紳企業社","KAO SEN ENTERPRISE CO.","臺中市潭子區甘蔗里勝利一街57巷18號1樓","1 F., No. 18, Ln. 57, Shengli 1st St., Ganzhe Vil., Tanzi Dist., Taichung City 42750, Taiwan (R.O.C.)","羅O庭","04-25318295","04-25359448","有","有"
"99881076","20231123","20231123","志祥工業社","Zhi Xiang precision industrial CO.","彰化縣和美鎮鐵山里中興路2段26巷15號","No. 15, Ln. 26, Sec. 2, Zhongxing Rd., Tieshan Vil., Hemei Township, Changhua County 508016, Taiwan (R.O.C.)","楊O遠","04-7350591","04-7359216","有","有"
"99881408","20040804","20210811","隆凱企業社","LONG & KINGDOM COMPANY","臺中市南區平和里南平１街１１３號１樓","1 F., No. 113, Nanping 1st St., Pinghe Vil., South Dist., Taichung City 40255, Taiwan (R.O.C.)","黃O隆","04-26356390","04-26356731","有","無"
"99882477","20240415","20240415","東義企業社","Dongri Artisan Company","苗栗縣竹南鎮龍山里15鄰龍富街85號","No. 85, Longfu St., 15th Neighborhood, Longshan Vil., Zhunan Township, Miaoli County 350023, Taiwan (R.O.C.)","林O喜","","","有","有"
"99883243","20190219","20210811","素彗真素品商行","SU HUI CHENG VEGETARIAN FOOD CO.","彰化縣埔心鄉二重村南昌南路136巷80號","No. 80, Ln. 136, Nanchang S. Rd., Puxin Township, Changhua County 51341, Taiwan (R.O.C.)","魏O換","04-8293280","04-8299378","有","有"
"99884019","20100205","20221207","緹比若企業社","TIARA COMPANY","彰化縣彰化市快官里彰南路5段232之21號","No. 232-21, Sec. 5, Zhangnan Rd., Kuaiguan Vil., Changhua City, Changhua County 500048, Taiwan (R.O.C.)","張O瑈","04-7288087","04-7272598","有","有"
"99886086","20040819","20230516","大佶傢俱行","DAH-JYI FURNITURE COMPANY","臺中市神岡區溪洲里溪洲路３９０號１樓","1 F., No. 390, Xizhou Rd., Xizhou Vil., Shengang Dist., Taichung City 429008, Taiwan (R.O.C.)","詹O州","04-25202723","04-25202723","無","無"
"99887634","20240229","20240516","東成土木包工業","Dongcheng Civil Engineering and Construction Industry Co.","南投縣埔里鎮北安里六合路71號1樓","1 F., No. 71, Liuhe Rd., Bei’an Vil., Puli Township, Nantou County 545014, Taiwan (R.O.C.)","魏O賢","049-2933666","049-2933388","有","有"
"99890053","20170629","20210811","大勝工業社","DY SHENG METAL ENTERPRISE COMPANY","彰化縣鹿港鎮廖厝里楊厝巷4號","No. 4, Yangcuo Ln., Liaocuo Vil., Lukang Township, Changhua County 50548, Taiwan (R.O.C.)","陳O雯","04-7768075","04-7749079","有","有"
"99890103","20040819","20210812","岩田企業社","YAN TIAN ENTERPRISE FIRM","雲林縣虎尾鎮德興里德新街二二號一樓","1 F., No. 22, Dexin St., Dexing Vil., Huwei Township, Yunlin County 63245, Taiwan (R.O.C.)","陳O真","05-6364859","","有","有"
"99893896","20141210","20210811","真果農產社","ZHEN GUO FARM PRODUCE AGENCY","臺中市大雅區文雅里永和路永昌巷２５號１樓","1 F., No. 25, Yongchang Ln., Yonghe Rd., Wenya Vil., Daya Dist., Taichung City 42877, Taiwan (R.O.C.)","吳O眞","04-26527834","04-26527833","有","有"
"99893930","20050812","20210811","廣宇企業社","GOANG YEU ENTERPRISE CO.","臺中市西屯區福雅里永福路22巷41號一樓","1 F., No. 41, Ln. 22, Yongfu Rd., Fuya Vil., Xitun Dist., Taichung City 40765, Taiwan (R.O.C.)","劉O怡","04-24638178","","有","有"
"99898793","20040902","20210812","金金企業行","JIN JIN ENTERPRISE CO.","雲林縣崙背鄉枋南村七八號","No. 78, Fangnan, Lunbei Township, Yunlin County 63742, Taiwan (R.O.C.)","鍾O章","05-6967412","","有","有"
"99899619","20070607","20210811","洪易先生藝術工作室","MR.HUNG YI ART STUDIO","臺中市烏日區仁德里麻園溪東路６８號１樓","1 F., No. 68, Mayuanxi E. Rd., Rende Vil., Wuri Dist., Taichung City 41448, Taiwan (R.O.C.)","洪O溢","04-23388053","04-23388057","有","有"
"99899717","20060123","20240201","宏懋企業社","HONG MAW ENTERPRISE CO.","彰化縣二林鎮豐田里中和巷１９號","No. 19, Zhonghe Ln., Fengtian Vil., Erlin Township, Changhua County 52655, Taiwan (R.O.C.)","楊O聖","0934273116","","有","有"
"99899890","20130128","20210811","楨中企業社","JEN JUNG COMPANY","臺中市大里區長榮里新生西路181巷33號1樓","1 F., No. 33, Ln. 181, Xinsheng W. Rd., Changrong Vil., Dali Dist., Taichung City 41253, Taiwan (R.O.C.)","秦O家","0912-357463","","有","有"
"99900968","20061016","20210811","慶農企業社","CHING NUNG CO.","臺中市太平區中興里永平路二段五四七巷六號","No. 6, Ln. 547, Sec. 2, Yongping Rd., Zhongxing Vil., Taiping Dist., Taichung City 41144, Taiwan (R.O.C.)","黃O","04-22793155","","有","有"
"99901663","20150427","20220721","隆鈞興業行","LONG-JUN SOCIETE GRNENERALE CO.","雲林縣斗南鎮大同里長安路一段67巷12號1樓","1 F., No. 12, Ln. 67, Sec. 1, Chang'an Rd., Datong Vil., Dounan Township, Yunlin County 630052, Taiwan (R.O.C.)","廖O平","05-5953528","05-5953529","有","有"
"99903705","20181114","20181114","台灣愛樂協會","Taiwan Philharmonic Association","臺中市南區忠明南路７８９號３７樓","37F., NO.789, ZHONGMING S. RD., SOUTH DIST., TAICHUNG CITY 40255, TAIWAN (R.O.C.)","葉O雲","04-22603977","04-22636433","有","有"
"99907131","20101004","20210811","東峻工程行","DONG JIUNN CO.","雲林縣臺西鄉和豐村新興50號1樓","1 F., No. 50, Xinxing, Taixi Township, Yunlin County 63662, Taiwan (R.O.C.)","林O慶","05-6915790","05-6910922","有","有"
"99907548","20070529","20210811","立岡企業社","LI GANG ADVERTISING CO.","臺中市大里區西榮里新仁路三段３２巷１０號","No. 10, Ln. 32, Sec. 3, Xinren Rd., Xirong Vil., Dali Dist., Taichung City 41245, Taiwan (R.O.C.)","張O華","04-25351536","04-25351536","有","無"
"99907955","20071217","20210811","源陞線切割工業社","YUAN SHENG SIAN CIE GE INDUSTRY CO.","臺中市清水區北寧里中山路４１７巷３號﹝限一樓﹞","1 F., No. 3, Ln. 417, Zhongshan Rd., Beining Vil., Qingshui Dist., Taichung City 43651, Taiwan (R.O.C.)","周O佑","04-26266599","04-26266500","有","有"
"99908080","20080429","20210811","勝鵬企業社","SHENG PENG COMPOSITES CO.","雲林縣虎尾鎮中溪里中興一二八號一樓","1 F., No. 128, Zhongxing, Zhongxi Vil., Huwei Township, Yunlin County 63250, Taiwan (R.O.C.)","周O","05-6222966","05-6223300","有","有"
"99908722","20101230","20210812","嘉億齒輪機械廠","CHIA YI COGWHEEL CO.","臺中市烏日區溪埧里溪南路1段357巷105號一樓","1 F., No. 105, Ln. 357, Sec. 1, Xinan Rd., Xiju Vil., Wuri Dist., Taichung City 41465, Taiwan (R.O.C.)","洪O閔","04-23350129","04-23350161","有","有"
"99908928","20090825","20220616","賓德汽車材料行","GUEST GERMANY AUTOMOBILE MATERIAL LINE CO.","臺中市龍井區竹坑里竹師路一段260巷19弄41號5樓之21","5 F.-21, No. 41, Aly. 19, Ln. 260, Sec. 1, Zhushi Rd., Zhukeng Vil., Longjing Dist., Taichung City 434023, Taiwan (R.O.C.)","張O偉","0910524789","04-23850257","有","有"
"99912612","20061102","20220614","立萬實業社","LIWAN RECYCLING INDUSTRIES CO.","彰化縣員林市三義里惠安街５８號１樓","1 F., No. 58, Hui’an St., Sanyi Vil., Yuanlin City, Changhua County 51047, Taiwan (R.O.C.)","許O鎮","04-8317289","04-8375507","有","有"
"99914323","20190415","20241219","穎勵科技社","YIN LI TECHNOLOGY CO.","彰化縣員林市新生里雙景街59號1樓","1 F., No. 59, Shuangjing St., Xinsheng Vil., Yuanlin City, Changhua County 510013, Taiwan (R.O.C.)","蔡O團","04-8316778","04-8394523","有","有"
"99915224","20150724","20210811","祥泰企業社","SIANG TAI PAPER ENTERPRISE CO.","彰化縣永靖鄉東寧村興寧巷530號1樓","1 F., No. 530, Xingning Ln., Yongjing Township, Changhua County 51241, Taiwan (R.O.C.)","陳O木","04-8224946","04-8220035","有","有"
"99915553","20210706","20210811","銳點視覺設計坊","Greatidea Package Design COMPANY","臺中市北屯區松安里崇德六路一段３０巷１６號","No. 16, Ln. 30, Sec. 1, Chongde 6th Rd., Song’an Vil., Beitun Dist., Taichung City 40668, Taiwan (R.O.C.)","彭O珠","04-22428285","","有","有"
"99917617","20150424","20220226","大鷲實業商行","OWASHI INDUSTRIAL FIRM","臺中市西區中興里美村路１段１５７號１樓","1 F., No. 157, Sec. 1, Meicun Rd., Zhongxing Vil., West Dist., Taichung City 40351, Taiwan (R.O.C.)","張O鐘","04-23260680","04-23222741","有","有"
"99917975","20150831","20210811","新台中企業社","SHIN TAI CHUNG CO.","臺中市大雅區西寶里昌平路三段５９６巷４６號１樓","1 F., No. 46, Ln. 596, Sec. 3, Changping Rd., Xibao Vil., Daya Dist., Taichung City 42850, Taiwan (R.O.C.)","黃O明","04-25329154","04-25329154","有","有"
"99918242","20231011","20231011","佑豐企業社","TUNG-FANG Co.","臺中市北屯區松安里崇德六路一段３１巷２７號１樓","1 F., No. 27, Ln. 31, Sec. 1, Chongde 6th Rd., Song’an Vil., Beitun Dist., Taichung City 406029, Taiwan (R.O.C.)","盧O同","04-24528436","04-24510591","有","有"
"99918799","20141124","20220715","怡香永續茶業社","YI XIANG SUSTAINABLE TEA CO.","南投縣南投市新興里南崗三路二三八號一樓（限一樓僅供辦公室使用現場不得堆棧）","1 F., No. 238, Nangang 3rd Rd., Xinxing Vil., Nantou City, Nantou County 540029, Taiwan (R.O.C.)","謝O展","049-2582282","049-2580700","有","有"
"99918897","20180830","20210811","竣翌美容行","JYUNYI COSMETICS CO.","臺中市神岡區岸裡里大豐路五段２９７號１樓","1 F., No. 297, Sec. 5, Dafeng Rd., Anli Vil., Shengang Dist., Taichung City 42946, Taiwan (R.O.C.)","魏O全","04-25226482","04-25226492","有","有"
"99919191","20170831","20210811","家林企業社","J.L. HARDWARE ENTERPRISE CO.","彰化縣彰化市新興里辭修北路２３５號１樓","1 F., No. 235, Cixiu N. Rd., Xinxing Vil., Changhua City, Changhua County 50095, Taiwan (R.O.C.)","柯O宏","04-7354323","","有","有"
"99921176","20161026","20210812","永業電磁檢測工程行","YUN YEH EMC CHAMBER CONSTRUCTION CO., LTD.","雲林縣北港鎮新街里北辰路五三號一樓","1 F., No. 53, Beichen Rd., Xinjie Vil., Beigang Township, Yunlin County 65146, Taiwan (R.O.C.)","葉O清","0921936437","02-86715751","有","有"
"99921788","20041014","20210811","台灣野鳥資訊社","TAIWAN WILDBIRD INFORMATION COMPANY","臺中市南區福平里建國南路二段２１５號１樓","1 F., No. 215, Sec. 2, Jianguo S. Rd., Fuping Vil., South Dist., Taichung City 40242, Taiwan (R.O.C.)","吳O雄","04-22625108","04-23194988","有","有"
"99924321","20041123","20221123","漢宇國際貿易企業社","HANYU MACHINERY TRADING ENTERPRISE CO.","臺中市大雅區上雅里學府路四○四巷一二號壹樓","F., No. 12, Ln. 404, Xuefu Rd., Shangya Vil., Daya Dist.,  Taichung City 428004, Taiwan (R.O.C.)","何O宗","","","無","無"
"99925118","20170726","20210811","桑美妍企業資訊社","SUNMELYAN PIN CO","臺中市太平區新福路１６９號１樓","1 F., No. 169, Xinfu Rd., Taiping Dist., Taichung City 41175, Taiwan (R.O.C.)","陳O源","04-22389277","04-22330103","有","有"
"99925877","20041026","20210811","盈茂企業社","YING-MAU CO.","彰化縣彰化市香山里彰南路２段５９０巷４９號","No. 49, Ln. 590, Sec. 2, Zhangnan Rd., Xiangshan Vil., Changhua City, Changhua County 50096, Taiwan (R.O.C.)","張O國","0912383426","04-26306255","有","有"
"99926849","20080409","20210811","佶芳興企業社","JI FANG XING COMPANY","臺中市外埔區六分里５鄰六分路中興巷１６之５號一樓","1 F., No. 16-5, Zhongxing Ln., Liufen Rd., 5th Neighborhood, Liufen Vil., Waipu Dist., Taichung City 43857, Taiwan (R.O.C.)","張O雄","09-33453298","04-25589393","有","有"
"99926910","20041105","20210811","志豐貿易行","JHIN FONG TRADING COMPANY","彰化縣和美鎮頭前里信安路六八巷十三號一樓","1 F., No. 13, Ln. 68, Xin’an Rd., Touqian Vil., Hemei Township, Changhua County 50851, Taiwan (R.O.C.)","林O成","04-7993080","04-7986871","有","有"
"99927360","20141211","20210811","德安特殊鋼鐵行","DE AN SPECIAL STEEL CO.","臺中市沙鹿區竹林里德化街一五巷二號一樓","1 F., No. 2, Ln. 15, Dehua St., Zhulin Vil., Shalu Dist., Taichung City 43349, Taiwan (R.O.C.)","童O輝","04-26623674","04-26623675","有","有"
"99927848","20121002","20210811","友宏企業社","FRIENDS MACRO ENTERPRISE CO.","臺中市太平區福隆里光興路１３９７巷１弄９號１樓","1 F., No. 9, Aly. 1, Ln. 1397, Guangxing Rd., Fulong Vil., Taiping Dist., Taichung City 41149, Taiwan (R.O.C.)","賴O如","04-22706142","","有","有"
"99928109","20180628","20210811","富洋企業社","Fuhyang company","雲林縣斗南鎮新光里文安35之9號","No. 35-9, Wen’an, Xinguang Vil., Dounan Township, Yunlin County 63051, Taiwan (R.O.C.)","李O元","05-5965217","05-5967692","有","有"
"99929992","20201126","20210811","超峰汽車材料行","CHAO FENG AUTO PARTS COMPANY","臺中市南屯區惠中里大聖街４０號１樓","1 F., No. 40, Dasheng St., Huizhong Vil., Nantun Dist., Taichung City 40866, Taiwan (R.O.C.)","粘O興","04-23208880","","有","有"
"99930739","20120928","20210811","三宜企業社","SHAN TIAN LENGDONG KONGTIAO COMPANY","臺中市烏日區光明里五光路復光四巷六三之二號一樓","1 F., No. 63-2, Fuguang 4th Ln., Wuguang Rd., Guangming Vil., Wuri Dist., Taichung City 41461, Taiwan (R.O.C.)","林O琪","04-23385538","04-23386468","有","有"
"99932743","20041029","20210811","忻興商行","GREAT SHIN SHING ENTERPRISE CO.","臺中市豐原區西湳里豐原大道七段４８５號１樓","1 F., No. 485, Sec. 7, Fengyuan Blvd., Xinan Vil., Fengyuan Dist., Taichung City 42086, Taiwan (R.O.C.)","習O駿","04-25288433","04-25155255","有","有"
"99932883","20250516","20250516","生焌工業社","Shengxian Industrial Co.,Ltd","彰化縣福興鄉二港村福正路181巷臨137號","No. 137, Ln. 181, Fuzheng Rd., Fuxing Township, Changhua County 506013, Taiwan (R.O.C.)","許O雀","04-7705196","04-7701188","有","有"
"99934019","20081103","20081103","弘法禪院","HONG FA ZEN MONASTERY","苗栗縣獅潭鄉竹木村北庄３７號","NO.37, BEIJHUANG, JHUMA VILLAGE, S TAN TOWNS P, MIAOLI  OUNTY 354, TAIWAN","黃O享","03-9898686","03-9898787","有","有"
"99935283","20201218","20210811","愛賜康光學眼鏡行","EYES CIMFORT OPTICAL SHOP","臺中市西屯區福安里福科路３４７號１樓","1 F., No. 347, Fuke Rd., Fu’an Vil., Xitun Dist., Taichung City 40765, Taiwan (R.O.C.)","劉O道","04-24637768","04-24638731","有","有"
"99937016","20100706","20230706","左賀企業社","JOY-HER ENTERPRISE CO.","彰化縣和美鎮和東里中山路１０２號","No. 102, Zhongshan Rd., Hedong Vil., Hemei Township, Changhua County 508021, Taiwan (R.O.C.)","許O格","04-7552427","04-7569803","無","無"
"99938325","20130115","20210811","長欣五金工業社","CHAN HSING ENTERPRISE LTD.","彰化縣和美鎮面前里布西路６９號１樓","1 F., No. 69, Buxi Rd., Mianqian Vil., Hemei Township, Changhua County 50853, Taiwan (R.O.C.)","陳O省","04-7577677","04-7577689","有","有"
"99938612","20041203","20210812","群鎧電機企業社","CHUM KAI CO.","臺中市大雅區橫山里中和路１０９號","No. 109, Zhonghe Rd., Hengshan Vil., Daya Dist., Taichung City 42842, Taiwan (R.O.C.)","楊O偉","04-25605701","04-25605702","有","有"
"99938795","20041129","20231228","中泉企業社","YES YES YES INTERNATIONAL CO.","臺中市東勢區茂興里東蘭路石排巷26之135號1樓","1 F., No. 26-135, Shipai Ln., Donglan Rd., Maoxing Vil., Dongshi Dist., Taichung City 423006, Taiwan (R.O.C.)","蕭O慧","04-23761072","04-23714232","有","有"
"99939491","20250331","20250331","集元裕","Ji Yuan Yu Company","苗栗縣三義鄉西湖村16鄰伯公坑173之1號","No. 173-1, Bogongkeng, 16th Neighborhood, Sanyi Township, Miaoli County 367003, Taiwan (R.O.C.)","陳O洲","","","有","有"
"99944656","20070504","20240309","青蓉商行","CHING JUNG TRADE COMPANY","臺中市清水區鰲峰里大街路二五號一樓","1 F., No. 25, Dajie Rd., Aofeng Vil., Qingshui Dist., Taichung City 43653, Taiwan (R.O.C.)","白O蓉","04-26236248","04-26236249","有","有"
"99947801","20050114","20210812","正日興商行","JGS TRADING CO.","臺北市大安區復興南路1段126巷1號5樓之4","5F.-4, No. 1, Ln. 126, Sec. 1, Fuxing S. Rd., Da’an Dist., Taipei City 10666, Taiwan (R.O.C.)","黃O謙","02-85122962","02-85122960","有","有"
"99951065","20140926","20210812","當代一畫廊","AONEA GALLERY","臺北市大安區信義路3段147巷36弄22號","No. 22, Aly. 36, Ln. 147, Sec. 3, Xinyi Rd., Da’an Dist., Taipei City 10658, Taiwan (R.O.C.)","鄧O良","02-27023327","02-27057041","有","有"
"99951157","20190919","20210811","愛莫莉選物店","i love everything shop","臺北市大安區敦化南路1段161巷65號","No. 65, Ln. 161, Sec. 1, Dunhua S. Rd., Da’an Dist., Taipei City 10690, Taiwan (R.O.C.)","王O祝","02-27713086","","有","有"
"99952000","20091104","20210812","實陸比玖影像工作室","16:9 PRODUCTION STUDIO","新北市新店區新德里中華路48巷31號1樓","1 F., No. 31, Ln. 48, Zhonghua Rd., Xinde Vil., Xindian Dist., New Taipei City 23149, Taiwan (R.O.C.)","楊O文","02-87867790","02-87867790","有","有"
"99952114","20081208","20220208","蜜蘭香坊","MI LAN XIANG FANG STUDIO","臺北市內湖區大湖山莊街123號1樓","1 F., No. 123, Dahushanzhuang St., Neihu Dist., Taipei City 11458, Taiwan (R.O.C.)","朱O蓉","02-25572968","02-22258786","有","有"
"99952867","20111017","20210811","吉多精品店","GOOD HOUSE CLOTHING SHOP","臺北市大同區鄭州路83巷27號","No. 27, Ln. 83, Zhengzhou Rd., Datong Dist., Taipei City 10349, Taiwan (R.O.C.)","黃O碧","02-25599932","02-25599932","有","有"
"99960091","20180115","20230114","華麗采妍美容美體事業社","Hualicaiyan Beauty and Body Company","臺北市大安區延吉街70巷5弄1號2樓","2 F., No. 1, Aly. 5, Ln. 70, Yanji St., Da’an Dist., Taipei City 106077, Taiwan (R.O.C.)","蘇O麗","02-87723903","","無","無"
"99961747","20150107","20210811","建融起重工程行","JIANRONG CRANE ENGINEERING CO.","臺北市南港區南港路2段130號2樓","2 F., No. 130, Sec. 2, Nangang Rd., Nangang Dist., Taipei City 11578, Taiwan (R.O.C.)","黃O翔","02-27838623","","有","有"
"99962416","20050124","20210811","鈺承洋行","PRAKTIKA COMPANY","新北市中和區明禮街35號6樓","6 F., No. 35, Mingli St., Zhonghe Dist., New Taipei City 23576, Taiwan (R.O.C.)","鄭O亮","02-82458559","","有","有"
"99965650","20130611","20211019","阿立圓山玩具模型社","MJ MODEL RAILROAD CO.","臺北市大同區酒泉街31號1樓","1 F., No. 31, Jiuquan St., Datong Dist., Taipei City 10367, Taiwan (R.O.C.)","林O立","02-25859491","02-25859491","有","有"
"99966399","20140807","20210811","亞瑞司商行","ARES ORGANISM CO.","臺北市大安區四維路190號","No. 190, Siwei Rd., Da’an Dist., Taipei City 10668, Taiwan (R.O.C.)","羅O","02-27052668","","有","有"
"99969874","20140128","20240423","銀河國際百貨商行","SILVER IN FASHION COMPANY","臺北市信義區光復南路415巷182號","No. 182, Ln. 415, Guangfu S. Rd., Xinyi Dist., Taipei City 110054, Taiwan (R.O.C.)","董O恆","(02)2755-2029","(02)2755-2027","有","有"
"99969945","20250610","20250610","李大哥工作室","Brother Lee Studio","新北市中和區連城路99巷7號2樓","2 F., No. 7, Ln. 99, Liancheng Rd., Zhonghe Dist., New Taipei City 235603, Taiwan (R.O.C.)","OO仁","","","有","有"
"99970099","20061101","20210811","圓融企業社","HOLO COMPANY","臺北市中山區南京東路1段16號10樓","10 F., No. 16, Sec. 1, Nanjing E. Rd., Zhongshan Dist., Taipei City 10444, Taiwan (R.O.C.)","楊O敏","02-25211894","","有","有"
"99971610","20110915","20110915","財團法人慈濟傳播人文志業基金會","TZU CHI CULTURE AND COMMUNICATION FOUNDATION","臺北市北投區立德路２號","NO.2, LIDE RD., BEITOU DIST., TAIPEI CITY 11259, TAIWAN (R.O.C.)","釋O嚴","02-28989999","02-28989966","有","有"
"99975329","20061014","20210811","華冠正岩茶行","HUA KUAN CHENG YEN TEA STORE","臺北市大安區潮州街113號1樓","1 F., No. 113, Chaozhou St., Da’an Dist., Taipei City 10642, Taiwan (R.O.C.)","魏O鎮","02-23519902","","有","有"
"99976170","20201008","20210811","山頂國際商行","TipPeak Global, Co.","臺北市士林區格致路124號1樓","1 F., No. 124, Gezhi Rd., Shilin Dist., Taipei City 11191, Taiwan (R.O.C.)","顏O","0926916888","","有","有"
"99976740","20050406","20221013","駿茂洋行","GOURMAND CO.","臺北市內湖區成功路4段68號7樓","7 F., No. 68, Sec. 4, Chenggong Rd., Neihu Dist., Taipei City 114049, Taiwan (R.O.C.)","馮O明","02-87523854","02-27955295","有","有"
"99980809","20181004","20210811","形色水族館","Hsing Se Aquarium Store","臺北市萬華區萬大路314之1號1樓","1 F., No. 314-1, Wanda Rd., Wanhua Dist., Taipei City 10868, Taiwan (R.O.C.)","林O輝","02-23323668","","有","有"
"99984306","20110825","20210812","豆工房咖啡商行","DOMO CAFFE CO.","臺北市信義區忠孝東路5段1之8號1樓","1 F., No. 1-8, Sec. 5, Zhongxiao E. Rd., Xinyi Dist., Taipei City 11071, Taiwan (R.O.C.)","簡O賢","02-27493669","27492283","有","有"
"99984397","20200915","20210812","吉爾設計工作室","Jillbridal Boutique","臺北市中山區中山北路3段32號5樓","5 F., No. 32, Sec. 3, Zhongshan N. Rd., Zhongshan Dist., Taipei City 10452, Taiwan (R.O.C.)","楊O萍","02-25992355","","有","有"
"99984684","20050930","20210811","四季飯店","FOUR SEASONS HOTEL CO.","臺北市大同區南京西路326號1樓","1 F., No. 326, Nanjing W. Rd., Datong Dist., Taipei City 10345, Taiwan (R.O.C.)","李O松","02-2556-7420","02-2555-4256","有","有"
"99984811","20231204","20231204","高第廣告企業社","Gaudi Signs Design & Production Company","臺北市內湖區金豐街12號","No. 12, Jinfeng St., Neihu Dist., Taipei City 114063, Taiwan (R.O.C.)","林O豐","","","有","有"
"99986819","20080306","20221215","京川食品物料行","JING CHUAN FOODS MATERIAL CO.","桃園市龜山區大湖里文三二街5號","No. 5, Wen 32nd St., Dahu Vil., Guishan Dist., Taoyuan City 333010, Taiwan (R.O.C.)","李O銘","02-25911622","02-89882123","有","有"
"99987303","20060125","20221028","三月堂","SAN YUE DO CO.","臺北市大安區信義路4段199巷23號","No. 23, Ln. 199, Sec. 4, Xinyi Rd., Da'an Dist., Taipei City 106064, Taiwan (R.O.C.)","武O良","02-27057654","","無","無"
"99987367","20050401","20210812","光擊應用企業社","LIGHT-STRIKE APPLICATION EMPIRE CO.","臺北市內湖區文德路22巷16弄13號1樓","1 F., No. 13, Aly. 16, Ln. 22, Wende Rd., Neihu Dist., Taipei City 11475, Taiwan (R.O.C.)","陳O文","02-87523634","","有","有"
"99988350","20050413","20210811","頂盛音響企業社","DING XENG AUDIO COMPANY","臺北市萬華區中華路1段18巷31號","No. 31, Ln. 18, Sec. 1, Zhonghua Rd., Wanhua Dist., Taipei City 10841, Taiwan (R.O.C.)","戴O一","02-23144577","","有","有"
"99988921","20160119","20160119","財團法人台灣紅絲帶基金會","TAIWAN AIDS FOUNDATION","臺北市大同區南京西路４１０號８樓","8F., NO.410, NANJING W. RD., DATONG DIST., TAIPEI CITY 10343, TAIWAN","施O南","02-2559-2059","02-2559-7263","有","有"
"99993136","20050614","20230719","魔椅商行","MOOI INTERNATIONAL CO.","臺北市松山區八德路4段72巷10弄4號","No. 4, Aly. 10, Ln. 72, Sec. 4, Bade Rd., Songshan Dist., Taipei City 105051, Taiwan (R.O.C.)","王O萍","02-23222059","02-27655152","有","無"
"99993810","20060227","20230111","美研傢俱生活舘","MEIYUAN FURNITURE INTERNATIONAL TRADING CO.","宜蘭縣五結鄉孝威村孝威南路19之9號6樓","6F., No. 19-9, Xiaowei S. Rd., Xiaowei Vil., Wujie Township,  Yilan County 268019, Taiwan (R.O.C.)","江O美","02-22974063","02-22967958","無","無"
"99994016","20140207","20241105","車速達企業社","SPEEDY TRANSPORT & LOGISTICS CO.","臺北市士林區通河東街2段25號1樓","1 F., No. 25, Sec. 2, Tonghe E. St., Shilin Dist., Taipei City 11169, Taiwan (R.O.C.)","林O淵","02-28353678","02-82816753","有","有"
"99994058","20050420","20240923","富圓工作室","FU YUEN WORKSHOP","臺北市大同區建明里長安西路78巷3弄3號4樓","4 F., No. 3, Aly. 3, Ln. 78, Chang’an W. Rd., Jianming Vil., Datong Dist., Taipei City 10351, Taiwan (R.O.C.)","王O昌","02-2592-5011","02-2591-6976","有","有"
"99995198","20250303","20250303","米田囍事國際有限公司","MavenTrade International LTD.","臺北市信義區光復南路495號4樓","4F., No. 495, Guangfu S. Rd., Xinyi Dist., Taipei City 110007, Taiwan (R.O.C.)","黃O婷","02-7716-3288","","有","有"
"99995232","20240513","20240513","亞旭應材有限公司","ARSHI material LTD.","臺北市大安區忠孝東路3段303號2樓之2","2 F.-2, No. 303, Sec. 3, Zhongxiao E. Rd., Da’an Dist., Taipei City 106452, Taiwan (R.O.C.)","張O辰","0937331447","","有","有"
"99995373","20240619","20240619","興合益股份有限公司","SCENMAX CO., LTD.","桃園市楊梅區上田里和平路725號(2樓)","(2F) No. 725, Heping Rd., Shangtian Vil., Yangmei Dist., Taoyuan City 326003, Taiwan (R.O.C.)","黃O澤","03-4884368","03-4882468","有","有"
"99995492","20240805","20240805","川浩國際有限公司","Heritage elite CORP. LTD.","新北市汐止區保一街16號12樓","12 F., No. 16, Bao 1st St., Xizhi Dist., New Taipei City 221041, Taiwan (R.O.C.)","劉O靈","0225866707","","有","有"
"99995704","20240613","20240613","吉而美有限公司","Jasamy LTD.","南投縣埔里鎮牛眠里中正路1055號","No. 1055, Zhongzheng Rd., Niumian Vil., Puli Township, Nantou County 545004, Taiwan (R.O.C.)","葉O芬","0919805742","","有","有"
"99995752","20250124","20250124","竑碩生物科技有限公司","HONG SHUO BIOTECH CO., LTD.","桃園市蘆竹區福祿一街187巷21號(5樓)","5 F., No. 21, Ln. 187, Fulu 1st St., Luzhu Dist., Taoyuan City 338031, Taiwan (R.O.C.)","鄭O文","03-3315558","","有","有"
"99995774","20241205","20241205","有信用有限公司","Music & Gather CO., LTD.","高雄市左營區福山里榮總路257號1樓","1 F., No. 257, Rongzong Rd., Fushan Vil., Zuoying Dist., Kaohsiung City 813022, Taiwan (R.O.C.)","馮O甯","0919587652","","有","有"
"99995824","20250211","20250211","遇見投資股份有限公司","Meeting You Investment Co., Ltd.","臺北市松山區八德路2段451巷1號3樓","3 F., No. 1, Ln. 451, Sec. 2, Bade Rd., Songshan Dist., Taipei City 105040, Taiwan (R.O.C.)","洪O芳","","","有","有"
"99995887","20240516","20240522","智感科技有限公司","SWII Technology LTD.","臺南市仁德區土庫里太子二街41巷32號1樓","1 F., No. 32, Ln. 41, Taizi 2nd St., Tuku Vil., Rende Dist., Tainan City 717017, Taiwan (R.O.C.)","洪O賓","0931203458","","有","有"
"99995985","20250319","20250319","守信移民顧問股份有限公司","MM2HOME CO., LTD.","臺北市北投區懷德街3之4號1樓","1 F., No. 3-4, Huaide St., Beitou Dist., Taipei City 112041, Taiwan (R.O.C.)","林O呈","02-77016661#100","","有","有"
"99996008","20241022","20241022","高合材料生物科技有限公司","KAOHUB MATERIALS INC.","臺北市大安區忠孝東路4段155號6樓","6 F., No. 155, Sec. 4, Zhongxiao E. Rd., Da'an Dist., Taipei City 106076, Taiwan (R.O.C.)","吳O君","02-87911336","0287914873","有","有"
"99996078","20240731","20240807","鋐發貿易有限公司","TWAPLUS INTERNATIONAL CO., LTD.","桃園市龜山區民生北路一段580號3樓","3 F., No. 580, Sec. 1, Minsheng N. Rd., Guishan Dist., Taoyuan City 333016, Taiwan (R.O.C.)","張O宏","03-3224822","03-3220673","有","有"
"99996106","20240415","20240415","悅沐國際有限公司","YUE MU INTERNATIONAL LTD.","臺中市西屯區何安里重慶路99號5樓之3","5 F.-3, No. 99, Chongqing Rd., He’an Vil., Xitun Dist., Taichung City 407476, Taiwan (R.O.C.)","鄒O珣","04-24527257","04-24527257","有","有"
"99996112","20240603","20240603","拾悅國際有限公司","SINN YUAN internation CO., LTD.","臺中市北屯區舊社里敦富一街206號10樓之2","10 F.-2, No. 206, Dunfu 1st St., Jiushe Vil., Beitun Dist., Taichung City 406015, Taiwan (R.O.C.)","蔡O芸","","","有","有"
"99996128","20240531","20240531","弘冶有限公司","HORIZON INDUSTRIES LTD.","新北市三重區仁政街94號","No. 94, Renzheng St., Sanchong Dist., New Taipei City 241062, Taiwan (R.O.C.)","詹O鴻","02-89856668","02-89856669","有","有"
"99996231","20250305","20250305","威廷國際有限公司","MWI International Co., Ltd.","臺北市士林區後港街147號1樓","1 F., No. 147, Hougang St., Shilin Dist., Taipei City 111059, Taiwan (R.O.C.)","簡O廷(JENSENMARTINVAGN)","02-86304216","","有","有"
"99996252","20240620","20240823","韓商千禧世代股份有限公司臺灣分公司","Millennials Works Co.,Ltd. Taiwan Branch","臺北市中正區南昌路一段87號3樓之2","3 F.-2, No. 87, Sec. 1, Nanchang Rd., Zhongzheng Dist., Taipei City 100028, Taiwan (R.O.C.)","宋O尚SONGEUSANG","","","有","有"
"99996345","20240530","20240530","銘豐企業股份有限公司","INGRETRA MF TRADING LTD.","雲林縣斗六市斗工一路5號1樓","1 F., No. 5, Dougong 1st Rd., Douliu City, Yunlin County 640153, Taiwan (R.O.C.)","樓O君","05-5576060","","有","有"
"99996350","20240530","20250430","環宇顧問有限公司","HuanYu Consultant Limited Company","臺北市大安區忠孝東路4段155號6樓","6 F., No. 155, Sec. 4, Zhongxiao E. Rd., Da’an Dist., Taipei City 106076, Taiwan (R.O.C.)","","","","無","無"
"99996366","20240624","20240624","華聯電子科技有限公司","Vernion Electronic Technology CO., LTD.","桃園市桃園區同德十一街56號8樓之3","8 F.-3, No. 56, Tongde 11th St., Taoyuan Dist., Taoyuan City 330051, Taiwan (R.O.C.)","林O楷","","","有","有"
"99996372","20250523","20250523","中崴機械設備有限公司","Zhongwei Machinery Equipment CO., LTD.","彰化縣溪湖鎮大竹里尚德街54號","No. 54, Shangde St., Dazhu Vil., Xihu Township, Changhua County 514002, Taiwan (R.O.C.)","洪O瑜","","","有","有"
"99996400","20240604","20250318","飛瑪國際事業有限公司","FEIMA INTERNATIONAL BUSINESS CORP.","新北市蘆洲區光榮路8號","No. 8, Guangrong Rd., Luzhou Dist., New Taipei City 247033, Taiwan (R.O.C.)","莊O博","","","有","有"
"99996605","20250106","20250416","伊比國際事業有限公司","EBI CO., LTD.","桃園市八德區廣興五街51號10樓","10 F., No. 51, Guangxing 5th St., Bade Dist., Taoyuan City 334026, Taiwan (R.O.C.)","ROKOTOSEHENOSERGEERIC","02-27110081","","有","有"
"99996680","20240509","20240509","靈品生醫股份有限公司","Limpid Medical Co., Ltd.","臺北市大同區長安西路106號11樓之1","11 F.-1, No. 106, Chang’an W. Rd., Datong Dist., Taipei City 103613, Taiwan (R.O.C.)","陳O超","02-2232-0889","02-2517-6298","有","有"
"99996703","20241118","20241118","安康動能股份有限公司","WELLNESS POWER ENERGY CO., LTD.","臺中市南區南和里忠明南路916號21樓之2","21 F.-2, No. 916, Zhongming S. Rd., Nanhe Vil., South Dist., Taichung City 402015, Taiwan (R.O.C.)","侯O江","04-23387399","04-23360887","有","有"
"99996817","20250107","20250107","戴高曼股份有限公司","Drkomen CO., LTD.","臺北市中正區懷寧街76號","No. 76, Huaining St., Zhongzheng Dist., Taipei City 100004, Taiwan (R.O.C.)","王O鎂","","","有","有"
"99996921","20250110","20250110","森榮田國際有限公司","SRT International CO., LTD.","新北市中和區建八路218號17樓","17 F., No. 218, Jian 8th Rd., Zhonghe Dist., New Taipei City 235042, Taiwan (R.O.C.)","賴O泰","02-29297298","","有","有"
"99996979","20240814","20240814","富樂盛企業有限公司","Full Solution LTD.","臺北市大同區重慶北路3段205巷19號","No. 19, Ln. 205, Sec. 3, Chongqing N. Rd., Datong Dist., Taipei City 103029, Taiwan (R.O.C.)","鐘O偉","0911272084","","有","有"
"99997013","20240709","20240709","詮音國際有限公司","Whole Note LTD.","臺北市萬華區廣州街223巷9號1樓","1 F., No. 9, Ln. 223, Guangzhou St., Wanhua Dist., Taipei City 108016, Taiwan (R.O.C.)","姜O辰","","","有","有"
"99997082","20240704","20240705","川丞科技股份有限公司","INHERITED TECH CO., LTD.","新北市新莊區榮華路1段60號11樓之3","11 F.-3, No. 60, Sec. 1, Ronghua Rd., Xinzhuang Dist., New Taipei City 242045, Taiwan (R.O.C.)","林O清","02-29513826","","有","有"
"99997196","20241107","20241107","彪媽貿易有限公司","BIAO CO., LTD.","臺中市北屯區廍子里太和東街188號7樓之2","7 F.-2, No. 188, Taihe E. St., Beitun Dist., Taichung City 406055, Taiwan (R.O.C.)","劉O潔","","","有","有"
"99997246","20240702","20241026","隱藏程序有限公司","HIDDENPROCESS LTD.","臺北市信義區忠孝東路5段250號6樓","6 F., No. 250, Sec. 5, Zhongxiao E. Rd., Xinyi Dist., Taipei City 110063, Taiwan (R.O.C.)","張O得","","","有","有"
"99997273","20240530","20240530","立朋電商國際有限公司","Zpang LTD.","基隆市七堵區綠葉街67巷92號","No. 92, Ln. 67, Luye St., Qidu Dist., Keelung City 206012, Taiwan (R.O.C.)","高O豪","","","有","有"
"99997365","20240425","20240425","依斯吉科技材料股份有限公司","ESG Technology Materials CO., LTD.","彰化縣溪湖鎮西溪里忠溪路302號一樓","1 F., No. 302, Zhongxi Rd., Xixi Vil., Xihu Township, Changhua County 514008, Taiwan (R.O.C.)","巫O領","","","有","有"
"99997415","20240805","20240805","露咪科技有限公司","Rumi Technology Co., Ltd.","新北市板橋區莊敬路40號4樓","4 F., No. 40, Zhuangjing Rd., Banqiao Dist., New Taipei City 220424, Taiwan (R.O.C.)","陳O汝","","","有","有"
"99997463","20240530","20250220","威美有限公司","MAJESTIC MARK CO., LTD.","臺北市信義區光復南路429號5樓","5 F., No. 429, Guangfu S. Rd., Xinyi Dist., Taipei City 110051, Taiwan (R.O.C.)","","02-27202770","","無","無"
"99997631","20250414","20250414","雲端力鍊股份有限公司","Cloudgem Limited","臺北市中正區武昌街1段18號6樓","6 F., No. 18, Sec. 1, Wuchang St., Zhongzheng Dist., Taipei City 100003, Taiwan","陳O翔","","","有","有"
"99997652","20240611","20240611","綠特科技有限公司","Re-Tek Technology CO., LTD.","新竹縣新埔鎮下寮里壹山街128巷63號","No. 63, Ln. 128, Yishan St., Xialiao Vil., Xinpu Township, Hsinchu County 305049, Taiwan (R.O.C.)","羅O文","0926211161","","有","有"
"99997674","20240521","20240521","美佶客有限公司","Magic LTD.","臺中市南屯區黎明里干城街214巷1弄1號","No. 1, Aly. 1, Ln. 214, Gancheng St., Liming Vil., Nantun Dist., Taichung City 408013, Taiwan (R.O.C.)","曾O雍","","","有","有"
"99997739","20240510","20240510","維思諾理投資有限公司","Visionary Capital LTD.","臺北市信義區基隆路1段206號18樓","18 F., No. 206, Sec. 1, Keelung Rd., Xinyi Dist., Taipei City 110058, Taiwan (R.O.C.)","李O哲","0922885180","","有","有"
"99997750","20250113","20250113","優社國際有限公司","Yusha International CO., LTD.","臺北市士林區福華路128巷1弄10號1樓","1 F., No. 10, Aly. 1, Ln. 128, Fuhua Rd., Shilin Dist., Taipei City 111031, Taiwan (R.O.C.)","張O騰","","","有","有"
"99997766","20240806","20250410","風瑞海事股份有限公司","Apex Marine CO., LTD.","臺中市北屯區南興路1050號7樓之16","7 F.-16, No. 1050, Nanxing Rd., Beitun Dist., Taichung City 406534, Taiwan (R.O.C.)","黃O驊","","","有","有"
"99997772","20240823","20240823","清宇國際有限公司","Cing-Yu International Company","臺中市西區大忠里五權西路一段273號1樓","1 F., No. 273, Sec. 1, Wuquan W. Rd., Dazhong Vil., West Dist., Taichung City 403529, Taiwan (R.O.C.)","林O輝","0923367599","","有","有"
"99997935","20240723","20240723","美京生技股份有限公司","Medic Gene Biotech CO., LTD.","新北市淡水區中正東路2段69之2號10樓","10 F., No. 69-2, Sec. 2, Zhongzheng E. Rd., Tamsui Dist., New Taipei City 251402, Taiwan (R.O.C.)","蔡O鏵","0958019876","","有","有"
"99997956","20240430","20240430","傑輝工安工業有限公司","HARU SARL CO., LTD.","臺中市西區五權路1之67號10樓之2","10 F.-2, No. 1-67, Wuquan Rd., West Dist., Taichung City 403612, Taiwan (R.O.C.)","邱O傑","","","有","有"
"99998012","20240710","20240710","穩盈有限公司","WinEarn Enterprises CO., LTD.","嘉義市東區豐年里崇文街141號","No. 141, Chongwen St., Fengnian Vil., East Dist., Chiayi City 600036, Taiwan (R.O.C.)","翁O哲","","","無","無"
"99998131","20250305","20250305","禾邑傳動科技有限公司","Hyper Transmission Tech. Ltd.","新北市林口區東明三街368之1號7樓","7 F., No. 368-1, Dongming 3rd St., Linkou Dist., New Taipei City 244009, Taiwan (R.O.C.)","邱O中","","","有","有"
"99998195","20240424","20240424","泳菲有限公司","Chic Fiesta Health Limited Company","臺北市大安區忠孝東路4段112號5樓之6","5 F.-6, No. 112, Sec. 4, Zhongxiao E. Rd., Da’an Dist., Taipei City 106071, Taiwan (R.O.C.)","黃O霏","","","有","有"
"99998224","20250505","20250505","稻旅有限公司","Inatabi CO., LTD.","臺北市松山區復興北路191號13樓","13 F., No. 191, Fuxing N. Rd., Songshan Dist., Taipei City 105403, Taiwan (R.O.C.)","許O倫","0920947058","","有","有"
"99998293","20250207","20250207","超鴻精密股份有限公司","Aeon Nexus Technology INC.","新北市中和區建八路2號16樓之8","16 F.-8, No. 2, Jian 8th Rd., Zhonghe Dist., New Taipei City 235603, Taiwan (R.O.C.)","田O義","","","有","有"
"99998462","20240726","20240726","好好彈娛樂有限公司","Play Good Entertainment CO., LTD.","臺北市信義區光復南路495號7樓之2","7 F.-2, No. 495, Guangfu S. Rd., Xinyi Dist., Taipei City 110007, Taiwan (R.O.C.)","蔡O雅","","","有","有"
"99998603","20240807","20240909","宇晴企業有限公司","YuQing Enterprise LTD.","臺中市西區大忠里忠明南路270號10樓之2","10 F.-2, No. 270, Zhongming S. Rd., Dazhong Vil., West Dist., Taichung City 403021, Taiwan (R.O.C.)","謝O枝","0423766929","","有","有"
"99998667","20240812","20240812","水分子實業有限公司","Atomic Water LTD.","臺中市西屯區何德里大信街66號11樓之3","11 F.-3, No. 66, Daxin St., Hede Vil., Xitun Dist., Taichung City 407387, Taiwan (R.O.C.)","葉O均","04-23140728#8303","","有","有"
"99998673","20240527","20240527","榮昊有限公司","RONG HAO LIMITED Company","臺中市北屯區梅川西路四段286號9樓之2","9 F.-2, No. 286, Sec. 4, Meichuan W. Rd., Beitun Dist., Taichung City 406026, Taiwan (R.O.C.)","呂O澔","0912818672","","有","有"
"99998694","20240517","20240517","三好香業有限公司","SUN HAO INCENSE CO., LTD.","桃園市龍潭區烏林里工五路139巷100號(1樓)","1 F., No. 100, Ln. 139, Gong 5th Rd., Wulin Vil., Longtan Dist., Taoyuan City 325019, Taiwan (R.O.C.)","劉O瑋","","","有","有"
"99998701","20240708","20240708","序唯國際有限公司","sherizzrare global CO., LTD.","臺南市永康區東橋二街97巷23號1樓","No. 23, Ln. 97, Dongqiao 2nd St., Yongkang Dist., Tainan City 710038 , Taiwan (R.O.C.)","黃O萱","06-6020902","","有","有"
"99998723","20250114","20250501","台灣安能默動物營養品股份有限公司","Animal Nutrition & Health Taiwan Co., Ltd.","臺北市士林區中山北路6段90號3樓","3 F., No. 90, Sec. 6, Zhongshan N. Rd., Shilin Dist., Taipei City 111032, Taiwan (R.O.C.)","陳O傑","","","有","有"
"99998879","20241014","20241014","大海企業股份有限公司","Dahai Enterprise CO., LTD.","臺東縣臺東市寧波街38巷14號1樓","1 F., No. 14, Ln. 38, Ningpo St., Taitung City, Taitung County 950008, Taiwan (R.O.C.)","李O儒","032120777","033224155","有","有"
"99998913","20250304","20250304","鉅菁股份有限公司","Giant Elite CO., LTD.","臺中市北屯區梅川東路四段105號5樓之14","5F.-14, No. 105, Sec. 4, Meichuan W. Rd., Beitun Dist., Taichung City","謝O承","0970-428371","","有","有"
"99998955","20250109","20250109","潛規則娛樂人工智慧科技股份有限公司","Special Rules AI Technologies Corporation","臺北市中山區復興北路344號12樓之1","12 F.-1, No. 344, Fuxing N. Rd., Zhongshan Dist., Taipei City 104081, Taiwan (R.O.C.)","劉O維","","","有","有"
"99999053","20250226","20250226","東鋐企業有限公司","Dung Hung Limited","高雄市左營區政德路812號2樓","2 F., No. 812, Zhengde Rd., Zuoying Dist., Kaohsiung City 813025, Taiwan (R.O.C.)","林O廷","07-3431333","","有","有"
"99999357","20240627","20240709","虹上實業有限公司","Rainbow Rise Enterprises Co., Ltd.","高雄市楠梓區楠梓路269巷20弄51號1樓","1F., No. 51, Aly. 20, Ln. 269, Nanzi Rd., Nanzi Dist., Kaohsiung City 811529 , Taiwan (R.O.C.)","吳O珊","07-3520318","","有","有"
"99999407","20250221","20250221","鑫泰來國際開發有限公司","Xin-Future Development CO., LTD.","高雄市三民區博愛一路287號7樓","7 F., No. 287, Bo'ai 1st Rd., Sanmin Dist., Kaohsiung City 807025, Taiwan (R.O.C.)","黃O雄","07-3226877","","有","有"
"99999461","20240812","20240812","立得農產有限公司","LIDE Agricultural Product Trading LTD.","新北市新莊區思源路490號5樓之1","5 F.-1, No. 490, Siyuan Rd., Xinzhuang Dist., New Taipei City 242045, Taiwan (R.O.C.)","吳O勲","02-22766602#102","02-22766072","有","有"
"99999552","20240625","20240625","麻子有房產有限公司","Cardofhouses Inc.","臺北市大安區安居街8巷6弄2號1樓","1 F., No. 2, Aly. 6, Ln. 8, Anju St., Da’an Dist., Taipei City 106039, Taiwan (R.O.C.)","余O緯","","","有","有"
"99999574","20250115","20250115","珂玓行流資訊有限公司","Cotena Information Technology LTD.","雲林縣西螺鎮正興里福安街213號1樓","1 F., No. 213, Fu'an St., Zhengxing Vil., Xiluo Township, Yunlin County 648001, Taiwan (R.O.C.)","阮O謙","05-5871259","","有","有"
"99999595","20240521","20240521","樂泊室內裝修設計股份有限公司","LEOPARD DESIGN CO., LTD.","臺中市南屯區大誠里精誠路668號1樓","1 F., No. 668, Jingcheng Rd., Dacheng Vil., Nantun Dist., Taichung City 408408, Taiwan (R.O.C.)","梁O欣","0982704334","","有","有"
"99999770","20240701","20240701","博帝國際股份有限公司","Birdie Global International INC.","臺中市西屯區惠來里市政北二路8號12樓之2","12 F.-2, No. 8, Shizheng N. 2nd Rd., Huilai Vil., Xitun Dist., Taichung City 407025, Taiwan (R.O.C.)","盧O玲","","","有","有"
"99999883","20241030","20241030","葳盛精密科技有限公司","wei sheng precision technoiogy CO., LTD.","臺中市大里區國中二路10號","No. 10, Guozhong 2nd Rd., Dali Dist., Taichung City 412023, Taiwan (R.O.C.)","劉O睿","","","有","有"
"99999912","20250306","20250306","品鑫和藏股份有限公司","Pinxin Harvest INC.","臺北市大安區延吉街251號5樓","5 F., No. 251, Yanji St., Da'an Dist., Taipei City 106068, Taiwan (R.O.C.)","李O弘","","","有","有"
