"統一編號","原始登記日期","核發日期","廠商中文名稱","廠商英文名稱","中文營業地址","英文營業地址","代表人","電話號碼","傳真號碼","進口資格","出口資格"
"04007602","19900317","20170810","台灣基督長老教會馬偕醫療財團法人馬偕紀念醫院","MACKAY MEMORIAL HOSPITAL","台北巿中山北路２段９２號","NO.92, CHUNG SHAN NORTH ROAD, SECTION 2, TAIPEI TAIWAN R.O.C.","施O全","02-25433535","","有","有"
"04121478","19901002","19901002","財團法人中心診所醫院","CENTRAL CLINIC & HOSPITAL","台北巿忠孝東路４段７７號","NO.77, CHUNG HSIAO E. ROAD, SEC.4, TAIPEI TAIWAN R.O.C.","田O高","02-27510221","02-27715445","有","有"
"04122949","19900224","20161221","長庚醫療財團法人","CHANG GUNG MEDICAL FOUNDATION","台北巿敦化北路１９９號","NO.199, TUN HUA N. RD., TAIPEI","王O慧","02-27135211","","有","有"
"04123721","20170224","20170224","財團法人臺灣基督長老教會雙連教會","SUANG-LIEN PRESBYTERIAN CHURCH","臺北市中山區中山北路二段１１１號９樓","9F., NO.111, SEC. 2, ZHONGSHAN N. RD., ZHONGSHAN DIST., TAIPEI CITY 10448, TAIWAN (R.O.C.)","薛O玲","02-25415390","02-25231361","有","有"
"04123790","20200818","20200818","財團法人天主教會台北教區","LEGAL PERSON CATHOLIC TAIPEI ARCHDIOCESE","臺北市大安區樂利路９４號","NO.94 LOLI ROAD, TAIPEI CITY, TAIWAN 10679","鍾O住","02-2737-1311#204","02-2737-3710","有","有"
"04128211","20130507","20240815","財團法人基督教中國主日學協會","CHINA SUNDAY SCHOOL ASSOCIATION","臺北市中山區中山北路二段１０５號","NO.105, SEC. 2, ZHONGSHAN N. RD., ZHONGSHAN DIST., TAIPEI CITY 10448, TAIWAN (R.O.C.)","李O鼎","02-25711144","02-25374069","有","有"
"04133426","20101221","20190410","財團法人美南浸信會台北市事務所","TAIWAN BAPTIST MISSION","臺北市中正區懷寧街４７之１號","NO.47-1, HUAINING ST., ZHONGZHENG DIST., TAIPEI CITY 10046, TAIWAN (R.O.C.)","鄧O雅","02-23717227","02-23819432","有","有"
"04136839","19900321","19900321","台北國際社區文化基金會","TAIPEI INTERNATIONAL COMMUNITY CULTURAL FOUNDATION","台北巿陽明山１１１１１中庸二路８之１號","8-1,CHUNG YUNG 2ND ROAD, YANG MING SHAN,TAIPEI 11111,TAIWAN, R.O.C.","辜O松","02-28612280","02-28613004","有","有"
"04144177","20110406","20110406","中華民國自由車協會","CHINESE TAIPEI CYCLING ASSOCIATION","高雄市楠梓區旗楠路１６０號（自由車場左側）","LEFT SIDE OF VELODROME, NO.160, CHINAN RD, NANZI DIST., KAOHSIUNG CITY 81165, TAIWAN, R.O.C.","黃O順","07-3556978","07-3556962","有","有"
"04144774","20201113","20240227","財團法人莊福文化教育基金會","ChuangFoo Foundation","臺北市中山區長春路172號地下1樓","B1 F., No. 172, Changchun Rd., Zhongshan Dist., Taipei City 104482, Taiwan (R.O.C.)","賴O融","02-25150222#23","","有","有"
"04146647","20191111","20191111","台北市航空貨運承攬商業同業公會","Taipei Airfreight Forwarders & Logistics Association of Taiwan","臺北市松山區南京東路五段３４３號８樓之３","8F.-3, NO. 343, SEC. 5, NANJING E. RD., SONGSHAN DIST., TAIPEI CITY 10569, TAIWAN (R.O.C.)","黃O明","02-27601970","02-27640295","有","有"
"04150135","19810505","20221122","協機工業股份有限公司","SC KINGFLEX CORPORATION","桃園市中壢區永福里2鄰西園路99號","No. 99, Xiyuan Rd., 2nd Neighborhood, Yongfu Vil., Zhongli Dist., Taoyuan City 320017, Taiwan (R.O.C.)","林O池","(03)4514015","(03)4512969","有","有"
"04151015","20160418","20160418","財團法人中華經濟研究院","CHUNG-HUA INSTITUTION FOR ECONOMIC RESEARCH","臺北市大安區長興街７５號","NO.75, CHANGXING ST., DA-AN DIST., TAIPEI CITY 10672, TAIWAN (R.O.C.)","吳O書","02-27356006","02-27396835","有","有"
"04153560","20140402","20220601","台灣花卉輸出業同業公會","TAIWAN FLORICULTURE EXPORTS ASSOCIATION","台中市烏日區健行路826號","No. 826, Jianxing Rd., Wuri Dist., Taichung City 414013, Taiwan (R.O.C.)","吳O璋","04-22654077","04-22659811","有","有"
"04153962","20211224","20211224","中華民國滑雪協會","Chinese Taipei Ski Association","台北市中山區朱崙街20號(體育大樓)6樓606室","Rm. 606, 6 F., No. 20, Zhulun St., Zhongshan Dist., Taipei City 10489, Taiwan (R.O.C.)","林O芳","02-2771-2374","","有","有"
"04170548","19890804","20180131","財團法人中華穀類食品工業技術研究所","CHINA GRAIN PRODUCTS RESEARCH AND DEVELOPMENT INSTITUTE","新北市八里區中山路三段２２３號","NO.223, SEC. 3, ZHONGSHAN RD., BALI DIST., NEW TAIPEI CITY 24937, TAIWAN (R.O.C.)","景O士","02-26101010","02-26103351","有","有"
"04173382","20120312","20220621","財團法人台灣耶穌基督後期聖徒教會","The Foundation of the Church of Jesus Christ of Latter-day Saints in Taiwan","臺北市大安區金華街１８３巷５號","NO.5, LN. 183, JINHUA ST., DA-AN DIST., TAIPEI CITY 106, TAIWAN (R.O.C.)","蔡O龍","02-21924900","","有","有"
"04176276","19940203","20240701","財團法人基督教宇宙光全人關懷機構","CHRISTIAN COSMIC LIGHT HOLISTIC CARE ORGANIZATION","臺北巿大安區和平東路２段２４號８樓","8F, NO.24, SEC.2, HO PING E. RD., TAIPEI, TAIWAN, R.O.C.","洪O群","02-23632107","02-23690848","有","有"
"04180623","20220621","20220621","財團法人中國回教文化教育基金會","CHINESE ISLAMIC CULTURAL & EDUCATIONAL FOUNDATION","台北市大安區新生南路二段62號","No. 62, Sec. 2, Xinsheng S. Rd., Da-an Dist., Taipei City 106011, Taiwan (R.O.C.)","馬O威","02-23927364","","有","有"
"04184178","20230105","20241220","台灣螺絲工業同業公會","Taiwan Industrial Fasteners Institute","高雄市岡山區岡山路533-2號","No. 533-2, Gangshan Rd., Gangshan Dist., Kaohsiung City 820001, Taiwan (R.O.C.)","蔡O裕","07-6246911","07-6246913","有","有"
"04196414","20081007","20230715","工商財經數位股份有限公司","DIGITAL COMMERCIAL TIMES INC.","臺北市萬華區大理街132號","No. 132, Dali St., Wanhua Dist., Taipei City 108021, Taiwan (R.O.C.)","陳O瑋","02-23087111","02-66000869","有","有"
"04200114","19951107","20210812","益仁實業股份有限公司","YEAR REN INDUSTRIAL CO., LTD.","高雄市苓雅區河南路102號2樓","2 F., No. 102, Henan Rd., Lingya Dist., Kaohsiung City 80281, Taiwan (R.O.C.)","蔡O雲","07-7515596","07-7113200","有","有"
"04200135","19780719","20230422","百堅貿易股份有限公司","BICHAIN TRADING CO., LTD.","臺北市中山區松江路148號7樓","7 F., No. 148, Songjiang Rd., Zhongshan Dist., Taipei City 104492, Taiwan (R.O.C.)","林O典","02-25424141-6","02-25635761","有","有"
"04200183","19940310","20231012","興南實業股份有限公司","HSINN NAN ENTERPRISES CO., LTD.","臺北市內湖區大湖街131巷2弄2號1樓","1 F., No. 2, Aly. 2, Ln. 131, Dahu St., Neihu Dist., Taipei City 114041, Taiwan (R.O.C.)","李O麟","02-27956788","02-27930388","有","有"
"04200199","19830702","20240828","陽明海運股份有限公司","YANG MING MARINE TRANSPORT CORPORATION","基隆市七堵區明德一路271號","No. 271, Mingde 1st Rd., Qidu Dist., Keelung City 206006, Taiwan (R.O.C.)","蔡O明","02-2455-9988","02-2455-0880","有","有"
"04200276","19940916","20210813","安興產業股份有限公司","AN HSING LAND LTD.","臺北市中正區忠孝西路1段33號7樓","7 F., No. 33, Sec. 1, Zhongxiao W. Rd., Zhongzheng Dist., Taipei City 10041, Taiwan (R.O.C.)","梁O文","02-27526138","02-27526168","有","有"
"04200352","19941209","20210812","理想藥品股份有限公司","LI HSIANG PHARMACEUTICAL CO., LTD.","臺北市中山區長安東路2段171號2樓之2","2 F.-2, No. 171, Sec. 2, Chang’an E. Rd., Zhongshan Dist., Taipei City 10490, Taiwan (R.O.C.)","李O明","02-27721065","","有","有"
"04200509","19910820","20230714","正隆儀器有限公司","COW LUNG INSTRUMENTS CO., LTD.","臺北市萬華區中華路2段6號6樓","6 F., No. 6, Sec. 2, Zhonghua Rd., Wanhua Dist., Taipei City 108028, Taiwan (R.O.C.)","李O信","02-23814720","02-23814605","有","有"
"04200607","19951106","20210813","玉東企業有限公司","JADE EAST CO.,  LTD.","臺北市中山區松江路146號12樓","12 F., No. 146, Songjiang Rd., Zhongshan Dist., Taipei City 10458, Taiwan (R.O.C.)","賴O智","02-25815111","","有","有"
"04201042","19800722","20210812","德聯國際有限公司","ERNST REX CO., LTD.","臺北市中山區復興北路62號12樓之3","12 F.-3, No. 62, Fuxing N. Rd., Zhongshan Dist., Taipei City 10488, Taiwan (R.O.C.)","謝O勝","02-27522072","02-27527913","無","無"
"04201063","19730423","20210815","凱維股份有限公司","KAI WEI COMPANY, LTD.","臺北市中山區南京東路2段206號6樓","6 F., No. 206, Sec. 2, Nanjing E. Rd., Zhongshan Dist., Taipei City 10489, Taiwan (R.O.C.)","陳O華","02-25084535","","有","有"
"04201227","19840403","20210813","怡春有限公司","WILLIE TRADING CO., LTD.","臺北市中正區八德路1段82巷9弄13號3樓","3 F., No. 13, Aly. 9, Ln. 82, Sec. 1, Bade Rd., Zhongzheng Dist., Taipei City 10058, Taiwan (R.O.C.)","翁O茂","02-23510828","02-23971841","有","有"
"04201459","19751217","20240629","台灣石原產業股份有限公司","ISK TAIWAN CO., LTD.","臺北市中山區松江路87號11樓之1","11 F.-1, No. 87, Songjiang Rd., Zhongshan Dist., Taipei City 104495, Taiwan (R.O.C.)","新O芳行","02-25045387","02-25094961","有","有"
"04202062","20101215","20230511","巨流圖書股份有限公司","CHULIU BOOK CO., LTD.","高雄市左營區重和路51巷39號","No. 39, Ln. 51, Chonghe Rd., Zuoying Dist., Kaohsiung City 813508, Taiwan (R.O.C.)","楊O華","07-2235605","07-2248316","有","有"
"04202984","19790524","20250618","中升農機股份有限公司","INTERNATIONAL AGRICULTURAL MACHINERY CO., LTD.","新竹縣湖口鄉鳳山村仁政路工業區6號","No. 6, Industrial Park, Renzheng Rd., Fengshan Vil., Hukou Township,  Hsinchu County 303035, Taiwan (R.O.C.)","蔡O修","02-23414447-8","","有","有"
"04203127","19760322","20210813","金暉鋼鐵股份有限公司","CHIN HUEI IRON & STEEL CO., LTD.","桃園市楊梅區埔心幼獅工業區青年路7號","No. 7, Qingnian Rd., Yangmei Dist., Taoyuan City 32661, Taiwan (R.O.C.)","呂O塗","03-4937110","02-23831981","有","有"
"04203317","19780515","20240420","百鼎欣業股份有限公司","PAE DING SHIN YEH CO., LTD.","桃園市平鎮區復興里環南路18號11樓之3","11 F.-3, No. 18, Huannan Rd., Fuxing Vil., Pingzhen Dist., Taoyuan City 324608, Taiwan (R.O.C.)","吳O誠","03-3814886","","有","有"
"04203891","19780128","20210813","和益貿易股份有限公司","HO YEA TRADING CO., LTD.","臺北市大安區建國南路1段285號9樓","9 F., No. 285, Sec. 1, Jianguo S. Rd., Da’an Dist., Taipei City 10657, Taiwan (R.O.C.)","陳O聰","02-2700-3282","02-2754-4742","有","有"
"04203941","19790702","20240629","順昌電子股份有限公司","SHUEN CHANG CO., LTD.","臺北市萬華區忠孝西路2段16巷14號1樓","1 F., No. 14, Ln. 16, Sec. 2, Zhongxiao W. Rd., Wanhua Dist., Taipei City 10841, Taiwan (R.O.C.)","湯O貞","02-2381-0945","","有","有"
"04203983","19780726","20230109","天成貿易股份有限公司","CHINA PRODUCTS COMPANY","臺北市大安區仁愛路3段29號3樓","3 F., No. 29, Sec. 3, Ren’ai Rd., Da’an Dist., Taipei City 106675, Taiwan (R.O.C.)","楊O荃","02-27518191","27527661","無","無"
"04204049","19760603","20210813","日暉池上股份有限公司","DAYLIGHT CHRSHANG CO., LTD.","臺北市中正區中華路1段59號8樓","8 F., No. 59, Sec. 1, Zhonghua Rd., Zhongzheng Dist., Taipei City 10042, Taiwan (R.O.C.)","鄭O才","02-66305868","02-66300217","有","有"
"04204250","19960806","20210812","明昇企業管理顧問有限公司","MASON EUREKA CO., LTD.","臺北市中山區長安東路1段16號12樓之1","12 F.-1, No. 16, Sec. 1, Chang’an E. Rd., Zhongshan Dist., Taipei City 10442, Taiwan (R.O.C.)","楊O美","02-27066333","02-27008021","有","有"
"04204815","19790504","20210813","古一堂企業股份有限公司","GAYTOWN ENTERPRISES CO., LTD.","臺北市中山區新生北路1段23號5樓之1","5 F.-1, No. 23, Sec. 1, Xinsheng N. Rd., Zhongshan Dist., Taipei City 10455, Taiwan (R.O.C.)","陳O德","02-2536-8780","02-2542-8983","有","有"
"04204998","20161004","20240924","獨一光學有限公司","BEST ONE'S CO., LTD","臺北市中山區中山北路2段59號之1","No. 59-1, Sec. 2, Zhongshan N. Rd., Zhongshan Dist., Taipei City 104011, Taiwan (R.O.C.)","","","","無","無"
"04205069","19780621","20210814","大宏木業樂器股份有限公司","TA HORNG MUSICAL INSTRUMENT CO., LTD.","桃園市大溪區美華里12鄰美山路一段650號","No. 650, Sec. 1, Meishan Rd., 12th Neighborhood, Meihua Vil., Daxi Dist., Taoyuan City 33560, Taiwan (R.O.C.)","李O宏","03-3873500","03-3872558","有","有"
"04205096","19781125","20210815","達星貿易股份有限公司","DASHING TRADING CORPORATION","臺北市中正區仁愛路2段34號6樓之1","6 F.-1, No. 34, Sec. 2, Ren’ai Rd., Zhongzheng Dist., Taipei City 10060, Taiwan (R.O.C.)","柯O雄","02-23414167","","有","有"
"04205173","19781110","20231004","盛珊企業股份有限公司","SHEN-SAN ENTERPRISE CO., LTD.","臺北市松山區民權東路3段166號9樓","9 F., No. 166, Sec. 3, Minquan E. Rd., Songshan Dist., Taipei City 10542, Taiwan (R.O.C.)","劉O芬","02-27169027","02-27164519","有","有"
"04205259","19780704","20221025","儲利有限公司","SOLID TRADING CO., LTD.","臺北市中正區重慶南路1段49號10樓Ｃ室","10 F., No. 49, Sec. 1, Chongqing S. Rd., Zhongzheng Dist., Taipei City 100003, Taiwan (R.O.C.)","馬O卿","02-23114348","02-23312620","有","有"
"04205602","19800109","20210815","朋達實業股份有限公司","PANDA BROTHERS & CO., LTD.","新北市土城區日新街29巷17號","No. 17, Ln. 29, Rixin St., Tucheng Dist., New Taipei City 23666, Taiwan (R.O.C.)","陳O儒","02-22738188","02-22735717","有","有"
"04205687","19780909","20230111","華頂企業有限公司","WALTIN INTERNATIONAL CORP.","臺北市中山區北安路621巷6弄23號1樓","1 F., No. 23, Aly. 6, Ln. 621, Bei’an Rd., Zhongshan Dist., Taipei City 104041, Taiwan (R.O.C.)","吳O晶","02-2506-3873","02-2506-3867","有","有"
"04205933","19931027","20230512","新光育樂股份有限公司","SHIN KONG RECREATION CO., LTD.","臺北市大安區仁愛路3段136號5樓","5 F., No. 136, Sec. 3, Ren’ai Rd., Da’an Dist., Taipei City 106465, Taiwan (R.O.C.)","吳O昇","02-25162833","02-25162329","有","有"
"04206378","19811024","20210813","淵明有限公司","LINDA YEN & ASSOCIATES, INC.","臺北市松山區南京東路4段150號9樓","9 F., No. 150, Sec. 4, Nanjing E. Rd., Songshan Dist., Taipei City 10553, Taiwan (R.O.C.)","蔡O潢","02-25787955","02-25772204","有","有"
"04206709","20200424","20230506","士盟國際通運股份有限公司","UT FREIGHT SERVICE LTD.","臺北市南港區八德路4段778號2樓","2 F., No. 778, Sec. 4, Bade Rd., Nangang Dist., Taipei City 115027, Taiwan (R.O.C.)","黃O輝","02-27866988","","有","有"
"04206757","19861223","20210814","朝開企業股份有限公司","SHIN LEESHENG ENTERPRISE CO., LTD.","臺北市萬華區中華路1段78號8樓","8 F., No. 78, Sec. 1, Zhonghua Rd., Wanhua Dist., Taipei City 10842, Taiwan (R.O.C.)","楊O忠","02-23312004","","有","有"
"04207221","20040922","20210814","裕民股份有限公司","YU MING AGENCY CO.","新北市板橋區新站路16號18樓","18 F., No. 16, Xinzhan Rd., Banqiao Dist., New Taipei City 22041, Taiwan (R.O.C.)","徐O芳","02-2381-6155","02-2375-3908","有","有"
"04207382","19920417","20210813","幼獅實業股份有限公司","YUSAI METALS CO., LTD.","臺北市大安區仁愛路3段17號11樓","11 F., No. 17, Sec. 3, Ren’ai Rd., Da’an Dist., Taipei City 10651, Taiwan (R.O.C.)","何O勲","02-27112171","","有","有"
"04207968","19721129","20230720","南榮貿易股份有限公司","NAN JONG TRADING CO., LTD.","臺北市中正區開封街1段69號","No. 69, Sec. 1, Kaifeng St., Zhongzheng Dist., Taipei City 100001, Taiwan (R.O.C.)","郭O文","02-23114513","","有","有"
"04208137","19780901","20210812","宏恕企業有限公司","HENNESY ENTERPRISES CO., LTD.","臺北市中山區長安東路2段90號5樓","5 F., No. 90, Sec. 2, Chang’an E. Rd., Zhongshan Dist., Taipei City 10455, Taiwan (R.O.C.)","陳O正","02-2506-5656","02-2507-2746","有","有"
"04208143","19820916","20230713","會昌實業股份有限公司","A. T. P. CO., LTD.","臺北市中山區天祥路59號9樓","9 F., No. 59, Tianxiang Rd., Zhongshan Dist., Taipei City 104026, Taiwan (R.O.C.)","孫O泰","02-25857777","02-25921333","有","有"
"04208592","19900310","20171005","財團法人中國生產力中心","CHINA PRODUCTIVITY CENTER","新北市汐止區新台五路一段７９號２樓","2F., NO.79, SEC. 1, SINTAI 5TH RD., SIJHIH DIST., NEW TAIPEI CITY 22101, TAIWAN (R.O.C.)","許O雄","02-26982989","02-26989055","有","有"
"04208805","19780814","20210814","鴻意有限公司","TAIWAN HONG YEE CORPORATION","臺北市信義區松德路161號25樓之1","25 F.-1, No. 161, Songde Rd., Xinyi Dist., Taipei City 11085, Taiwan (R.O.C.)","徐O樹","02-2726-9102","02-2759-0173","有","有"
"04208832","19780721","20230120","台灣通力電梯股份有限公司","KONE ELEVATORS TAIWAN CO., LTD.","新北市板橋區縣民大道2段68號10樓","10 F., No. 68, Sec. 2, Xianmin Blvd., Banqiao Dist., New Taipei City 220695, Taiwan (R.O.C.)","包O峰(JoeJiafengBao)","02-29589688","02-29588258","有","有"
"04208853","19820717","20210815","中部電子股份有限公司","CENTER ELECTRONIC CORPORATION","臺北市中正區博愛路130號7樓之2","7 F.-2, No. 130, Bo’ai Rd., Zhongzheng Dist., Taipei City 10043, Taiwan (R.O.C.)","陳O仁","02-23114630","02-23119341","有","有"
"04209831","20060822","20231220","長能貿易股份有限公司","CHANNEL INTERNATIONAL CORP.","臺北市中正區忠孝東路2段76號4樓","4 F., No. 76, Sec. 2, Zhongxiao E. Rd., Zhongzheng Dist., Taipei City 10050, Taiwan (R.O.C.)","","02-23216926","02-23216928","無","無"
"04209972","19790220","20210812","陸利股份有限公司","SIXTY TWO TRADING CORP.","臺北市松山區南京東路5段188號3樓之5","3 F.-5, No. 188, Sec. 5, Nanjing E. Rd., Songshan Dist., Taipei City 10571, Taiwan (R.O.C.)","慶O環宇股份有限公司","02-23815165","02-23897252","有","有"
"04210942","19800421","20210815","培富有限公司","BAMFORD COMPANY LTD.","高雄市苓雅區文昌路41巷9號2樓","2 F., No. 9, Ln. 41, Wenchang Rd., Lingya Dist., Kaohsiung City 80285, Taiwan (R.O.C.)","徐O麟","02-23933131","","有","有"
"04211029","19790509","20241010","佳美化學工業股份有限公司","CAMAY CHEMICAL INDUSTRIAL CO., LTD.","桃園市觀音區樹林里工業一路10號","No. 10, Gongye 1st Rd., Shulin Vil., Guanyin Dist., Taoyuan City 32844, Taiwan (R.O.C.)","李O榮","03-4838256","","有","有"
"04211365","19790430","20240110","健益汽車工業股份有限公司","GOLDEN STOUT INDUSTRY CO., LTD.","桃園市新屋區頭洲里梅高路3段169號","No. 169, Sec. 3, Meigao Rd., Touzhou Vil., Xinwu Dist., Taoyuan City 327001, Taiwan (R.O.C.)","林O姬","03-4901211","03-4904040","有","有"
"04211463","19781220","20221018","亞實達國際關係企業股份有限公司","ASTAR INTERNATIONAL INC.","臺北市中山區中山北路2段112號7樓之5","7 F.-5, No. 112, Sec. 2, Zhongshan N. Rd., Zhongshan Dist., Taipei City 104418, Taiwan (R.O.C.)","吳O彥","02-2563-8966","02-2521-6158","有","有"
"04211689","19970728","20230323","琴府有限公司","FLUGELMANN COMPANY","臺北市內湖區港華街85巷21號1樓","1 F., No. 21, Ln. 85, Ganghua St., Neihu Dist., Taipei City 114009, Taiwan (R.O.C.)","陳O人","02-8797-5676","02-8797-1545","有","有"
"04211978","19780509","20210815","國際農畜股份有限公司","INTERNATIONAL AGRICULTURE & LIVESTOCK CO., LTD.","高雄市路竹區中華路518號","No. 518, Zhonghua Rd., Luzhu Dist., Kaohsiung City 82150, Taiwan (R.O.C.)","李O翰","07-6962216","07-6961708","有","有"
"04212250","19770120","20230830","國喬石油化學股份有限公司","GRAND PACIFIC PETROCHEMICAL CORPORATION","高雄市大社區興工路4號","No. 4, Xinggong Rd., Dashe Dist., Kaohsiung City 815040, Taiwan (R.O.C.)","邱O馨","02-8770-4567","02-2545-6337","有","有"
"04212287","19790402","20211211","佳納貿易有限公司","CHANEL TRADING CO., LTD.","臺北市中山區長安東路1段21號7樓","7 F., No. 21, Sec. 1, Chang’an E. Rd., Zhongshan Dist., Taipei City 10441, Taiwan (R.O.C.)","朱O輝","02-25618462","02-25618997","有","有"
"04212370","19781017","20210813","鎮達實業有限公司","TINTAT INDUSTRIES CO., LTD.","臺北市松山區南京東路5段123巷8弄4之1號2樓","2 F., No. 4-1, Aly. 8, Ln. 123, Sec. 5, Nanjing E. Rd., Songshan Dist., Taipei City 10570, Taiwan (R.O.C.)","桑O賢","02-27633755-6","","有","有"
"04212982","19950907","20210813","建信工具有限公司","CHIEN HSIN TOOL CO., LTD.","臺北市大同區重慶北路3段276號4樓","4 F., No. 276, Sec. 3, Chongqing N. Rd., Datong Dist., Taipei City 10372, Taiwan (R.O.C.)","梁O?銘","02-25947871","02-25947874","有","有"
"04213933","19790507","20250125","聖瑪股份有限公司","SMILE CO., LTD.","","","","02-87977966","","無","無"
"04214285","20200429","20220428","偉然股份有限公司","Greatness Trading Co., Ltd.","臺北市中山區長安東路2段110號3樓之1","3 F.-1, No. 110, Sec. 2, Chang’an E. Rd., Zhongshan Dist., Taipei City 10491, Taiwan (R.O.C.)","吳O","02-25066777","","有","有"
"04214335","19921023","20240627","安得開發股份有限公司","AN TEH DEVELOPMENT CO., LTD.","臺北市大安區敦化南路2段71號14樓","14 F., No. 71, Sec. 2, Dunhua S. Rd., Da’an Dist., Taipei City 10682, Taiwan (R.O.C.)","蔡O汶","02-27003257","02-27070658","有","有"
"04214546","19790324","20210815","萬華龍企業股份有限公司","FOREVER INTERNATIONAL (TAIWAN) INC.","臺北市松山區光復南路1號7樓","7 F., No. 1, Guangfu S. Rd., Songshan Dist., Taipei City 10563, Taiwan (R.O.C.)","陳O嘉","02-27467733","02-27661717","有","有"
"04215290","19811204","20210815","協豐股份有限公司","MASCOT COMPANY, LIMITED.","臺北市中正區忠孝東路1段76號4樓之5","4 F.-5, No. 76, Sec. 1, Zhongxiao E. Rd., Zhongzheng Dist., Taipei City 10050, Taiwan (R.O.C.)","廖O俊","02-23918621","02-23918620","有","有"
"04215783","20150624","20230326","富都企業股份有限公司","FOREASIA CORPORATION","臺北市中正區襄陽路6號7樓","7 F., No. 6, Xiangyang Rd., Zhongzheng Dist., Taipei City 100004, Taiwan (R.O.C.)","方O文","02-23817122#27","02-23142193","有","有"
"04216164","19781116","20210814","美甡有限公司","MAXIM SUPPLY CO., LTD.","臺北市松山區敦化北路220號7樓","7 F., No. 220, Dunhua N. Rd., Songshan Dist., Taipei City 10546, Taiwan (R.O.C.)","關O槐","02-27152803","02-27130862","有","有"
"04216559","19730716","20210814","世群貿易股份有限公司","SHIEH CHUN TRADING CO., LTD.","臺北市中正區忠孝東路2段23號3樓","3 F., No. 23, Sec. 2, Zhongxiao E. Rd., Zhongzheng Dist., Taipei City 10058, Taiwan (R.O.C.)","周O正","02-23917311","","有","有"
"04217017","19780802","20210813","乖乖股份有限公司","KUAI KUAI CO., LTD.","桃園市中壢區東園路48號","No. 48, Dongyuan Rd., Zhongli Dist., Taoyuan City 32063, Taiwan (R.O.C.)","鍾O村","03-4527181","03-4513065","有","有"
"04217683","20040726","20210815","中華置地國際股份有限公司","TA TUNG PLYWOOD & LUMBER CORP.","臺北市松山區民生東路3段129號9樓","9 F., No. 129, Sec. 3, Minsheng E. Rd., Songshan Dist., Taipei City 10596, Taiwan (R.O.C.)","劉O策","","","有","有"
"04217918","19750118","20240312","富吉炭素股份有限公司","FUJI CARBON CO., LTD.","臺北市中山區林森北路614號4樓","4 F., No. 614, Linsen N. Rd., Zhongshan Dist., Taipei City 104030, Taiwan (R.O.C.)","杉O悠人","02-25914105","02-25970379","有","有"
"04218022","19781212","20210813","垂欣企業股份有限公司","CHWEI SHIN ENTERPRISE CO., LTD.","臺北市信義區永吉路200巷21弄26號4樓","4 F., No. 26, Aly. 21, Ln. 200, Yongji Rd., Xinyi Dist., Taipei City 11067, Taiwan (R.O.C.)","謝O堂","02-27635567","","有","有"
"04218395","19740522","20230111","利甡貿易有限公司","LI SHENG TRADING CO.","臺北市中正區開封街110號1樓","1F., No. 110, Kaifeng St., Zhongzheng Dist.,  Taipei City 100, Taiwan (R.O.C.)","孫O瑞","02-23312115","","無","無"
"04218851","19951211","20210813","鴻傳貿易股份有限公司","GREAT ACHIEVEMENT TRADING CO., LTD.","臺北市中正區中華路2段75巷1弄27號","No. 27, Aly. 1, Ln. 75, Sec. 2, Zhonghua Rd., Zhongzheng Dist., Taipei City 10065, Taiwan (R.O.C.)","尤O正","02-23116642","","有","有"
"04219177","19920828","20210813","台灣英德可保險公證股份有限公司","INTERNATIONAL INSPECTION AND TESTING CORPORATION","新北市三重區重新路4段206號8樓之2","8 F.-2, No. 206, Sec. 4, Chongxin Rd., Sanchong Dist., New Taipei City 24144, Taiwan (R.O.C.)","黃O明","02-23967248","02-23967251","有","有"
"04219232","19991123","20230519","上海印刷廠股份有限公司","SHANGHAI PRINTING WORKS CO., LTD.","新北市土城區大暖路71號","No. 71, Danuan Rd., Tucheng Dist., New Taipei City 236041, Taiwan (R.O.C.)","許O翔","02-22697921","02-22697924","有","有"
"04219562","19740111","20240521","台灣精工國際股份有限公司","SEIKO TAIWAN  CO., LTD.","臺北市中山區建國北路1段90號7樓","7 F., No. 90, Sec. 1, Jianguo N. Rd., Zhongshan Dist., Taipei City 104496, Taiwan (R.O.C.)","河O芳克","02-2504-6969","02-2504-2602","有","有"
"04222102","19760513","20250501","台石股份有限公司","SHIRAISHI INTERNATIONAL (TAIWAN) LTD.","臺北市中山區松江路42號6樓","6 F., No. 42, Songjiang Rd., Zhongshan Dist., Taipei City 104090, Taiwan (R.O.C.)","川O圭吾","02-2563-7186","02-2561-3769","有","有"
"04222671","19880527","20210814","奇哥股份有限公司","CHICKABIDDY CO., LTD.","臺北市松山區南京東路4段186號5樓","5 F., No. 186, Sec. 4, Nanjing E. Rd., Songshan Dist., Taipei City 10595, Taiwan (R.O.C.)","陶O恩","02-25781188","02-25770033","有","有"
"04222686","19790611","20210814","威康企業有限公司","WEIKAN ENTERPRISE CO., LTD.","臺北市大同區承德路2段157號4樓","4 F., No. 157, Sec. 2, Chengde Rd., Datong Dist., Taipei City 10354, Taiwan (R.O.C.)","王O誠","02-25537918","02-25572863","有","有"
"04223186","19930616","20210815","裕達精密工業股份有限公司","YU TA PRECISION INDUSTRIAL CO., LTD.","新北市三重區重新路5段609巷8號5樓之5","5 F.-5, No. 8, Ln. 609, Sec. 5, Chongxin Rd., Sanchong Dist., New Taipei City 24159, Taiwan (R.O.C.)","梁O生","02-29991325","","有","有"
"04224170","20100107","20220107","靈智廣告股份有限公司","HAVAS TAIWAN LTD.","臺北市中山區南京東路3段131號8樓","8 F., No. 131, Sec. 3, Nanjing E. Rd., Zhongshan Dist., Taipei City 10410, Taiwan (R.O.C.)","伍O(KarlWu)","02-27185558","02-27182220","有","有"
"04224235","19920717","20230912","千石企業股份有限公司","NUPACIFIC ASSOCIATED ENTERPRISES INC.","臺北市萬華區中華路1段102巷8號4樓","4 F., No. 8, Ln. 102, Sec. 1, Zhonghua Rd., Wanhua Dist., Taipei City 108002, Taiwan (R.O.C.)","汪O川","02-23815288","02-23315483","有","有"
"04224381","20031107","20231027","和安行股份有限公司","HOAN PHARMACEUTICALS LTD.","臺北市中山區復興北路164號6樓","6 F., No. 164, Fuxing N. Rd., Zhongshan Dist., Taipei City 10487, Taiwan (R.O.C.)","愛O利股份有限公司","02-27133260","02-27127347","有","有"
"04224431","19790801","20210815","弘集國際貿易股份有限公司","RICOMASTER ENTERPRISE CORPORATION.","臺北市中正區忠孝東路2段118號8樓","8 F., No. 118, Sec. 2, Zhongxiao E. Rd., Zhongzheng Dist., Taipei City 10053, Taiwan (R.O.C.)","王O玉","02-23911351","02-23916776","有","有"
"04224538","19740926","20221217","台灣東亞電磁鋼股份有限公司","TAIWAN EASTERN ASIA ELECTRONIC STEEL CO., LTD.","桃園市中壢區定安路3號","No. 3, Ding’an Rd., Zhongli Dist., Taoyuan City 320030, Taiwan (R.O.C.)","李O叡","03-4523163","03-4523166","有","有"
"04224690","20150417","20221231","葛氏兄弟企業有限公司","KO BROTHER ENTERPRISE CO., LTD.","臺北市信義區逸仙路50巷2號2樓","2 F., No. 2, Ln. 50, Yixian Rd., Xinyi Dist., Taipei City 110054, Taiwan (R.O.C.)","蔣O華","02-26522522","02-26521454","有","有"
"04224755","19991013","20221103","台灣揚子江企業股份有限公司","YANGTZEKIANG GARMENT MFG. (TAIWAN) CO., LTD.","臺北市中山區長安東路1段23號10樓之5","10 F.-5, No. 23, Sec. 1, Chang'an E. Rd., Zhongshan Dist., Taipei City 104403, Taiwan (R.O.C.)","孔O儀","02-2561-3141","02-2563-3595","有","有"
"04225240","19920109","20210812","頂響企業股份有限公司","DING SHARN ENTERPRISE CORPORATION","臺北市大安區敦化南路2段11巷22號","No. 22, Ln. 11, Sec. 2, Dunhua S. Rd., Da’an Dist., Taipei City 10681, Taiwan (R.O.C.)","周O真","02-27054131","02-27049286","有","有"
"04225945","19790212","20240404","迪凱企業股份有限公司","DECO INTERNATIONAL CORP.","臺北市中山區長安東路2段169之6號8樓之2","8 F.-2, No. 169-6, Sec. 2, Chang’an E. Rd., Zhongshan Dist., Taipei City 104102, Taiwan (R.O.C.)","嚴O錚","02-27078860","02-27078870","無","無"
"04226091","19790426","20210815","台燿科技股份有限公司","TAIWAN UNION TECHNOLOGY CORPORATION","新竹縣竹北市泰和里博愛街803號","No. 803, Bo’ai St., Taihe Vil., Zhubei City, Hsinchu County 30265, Taiwan (R.O.C.)","辛O衡","03-5551103","03-5553964","有","有"
"04226199","19760312","20210815","松峰精機股份有限公司","SOHO PRECISION MACHINERY CO., LTD.","新北市汐止區南陽街250號5樓","5 F., No. 250, Nanyang St., Xizhi Dist., New Taipei City 22154, Taiwan (R.O.C.)","楊O儒","02-2694-5599","02-2694-5575","有","有"
"04226986","19770203","20240625","同欣電子工業股份有限公司","TONG HSING ELECTRONIC IND., LTD.","桃園市八德區和平路1125巷88號","No. 88, Ln. 1125, Heping Rd., Bade Dist., Taoyuan City 334004, Taiwan (R.O.C.)","陳O銘","02-2389-0432","02-2388-1001","有","有"
"04227401","19840211","20210813","嘉穎企業有限公司","VIRGO SYSTEM CO., LTD.","臺北市中山區南京東路1段86號6樓之5","6 F.-5, No. 86, Sec. 1, Nanjing E. Rd., Zhongshan Dist., Taipei City 10454, Taiwan (R.O.C.)","葉O子","02-2531-0311","02-2523-7489","有","有"
"04227486","19920530","20210815","金合城銀樓有限公司","GEN HO CHEN JEWELRY CO., LTD.","臺北市中正區衡陽路31號1樓","1 F., No. 31, Hengyang Rd., Zhongzheng Dist., Taipei City 10045, Taiwan (R.O.C.)","何O足","02-2331-4523","02-2371-0764","有","有"
"04228083","19841119","20230106","福誼企業股份有限公司","FULL YIELD INDUSTRY CO., LTD.","臺北市萬華區寶興街80巷49號1樓","1 F., No. 49, Ln. 80, Baoxing St., Wanhua Dist., Taipei City 108038, Taiwan (R.O.C.)","王O儒","037-614625","037-614395","有","有"
"04228865","19920625","20250118","華志股份有限公司","HWA ZHIN CO., LTD.","臺北市中正區懷寧街64號7樓","7 F., No. 64, Huaining St., Zhongzheng Dist., Taipei City 100007, Taiwan (R.O.C.)","陳O龍","02-25351251","","有","有"
"04229604","19801009","20230429","仕瑋企業有限公司","SEAWELL INTERNATIONAL CORP.","臺北市內湖區瑞光路258巷2號3樓之1","3 F.-1, No. 2, Ln. 258, Ruiguang Rd., Neihu Dist., Taipei City 114672, Taiwan (R.O.C.)","邱O卿","02-26560256","02-26272117","無","無"
"04229920","19970815","20210813","新光兆豐股份有限公司","SHIN KONG CHAO FENG CO., LTD.","臺北市中正區忠孝西路1段66號38樓","38 F., No. 66, Sec. 1, Zhongxiao W. Rd., Zhongzheng Dist., Taipei City 10018, Taiwan (R.O.C.)","吳O聲","02-23148190#211","2375-8797","有","有"
"04230102","19951103","20231208","慶聲資訊有限公司","CHEN SHANG COMPUTER CO., LTD.","臺北市中正區八德路1段60號1樓","1 F., No. 60, Sec. 1, Bade Rd., Zhongzheng Dist., Taipei City 10058, Taiwan (R.O.C.)","施O元","02-23567366-7","02-23567368","有","有"
"04230222","19871203","20221213","信守化工股份有限公司","HSIN SOU CHEMICAL CO., LTD.","臺北市松山區復興北路201號5樓之2","5 F.-2, No. 201, Fuxing N. Rd., Songshan Dist., Taipei City 105403, Taiwan (R.O.C.)","黃O樹","02-27139017","02-27194493","有","有"
"04230291","19780919","20210815","費尼企業有限公司","PHOENIX MERCHANDISE, INC.","臺北市大安區仁愛路4段125號7樓之1","7 F.-1, No. 125, Sec. 4, Ren’ai Rd., Da’an Dist., Taipei City 10689, Taiwan (R.O.C.)","楊O雄","02-27217820","","有","有"
"04230623","19830628","20250314","亞太國際物流股份有限公司","ASIA PACIFIC LOGISTICS INTERNATIONAL CO., LTD.","高雄市小港區港口里東亞路2號","No. 2, Dongya Rd., Gangkou Vil., Xiaogang Dist., Kaohsiung City 812002, Taiwan (R.O.C.)","林O憲","07-8111121","07-8137756","有","有"
"04230840","19771126","20221211","發順企業股份有限公司","CHINA-FASHION INTERNATIONAL CORP.","新竹縣竹北市竹北里和平街二０三號四樓","4 F., No. 203, Heping St., Zhubei Vil., Zhubei City, Hsinchu County 302045, Taiwan (R.O.C.)","王O順","02-28978982","02-28957109","無","無"
"04231094","19840324","20210814","名家股份有限公司","GEOSOLUTION CO., LTD.","新北市新店區寶橋路235巷6弄4號8樓","8 F., No. 4, Aly. 6, Ln. 235, Baoqiao Rd., Xindian Dist., New Taipei City 23145, Taiwan (R.O.C.)","王O攻","02-29181733","02-29186718","有","有"
"04231572","19721222","20240827","萬向股份有限公司","SPREADMOUNT CORP. LTD.","新竹縣新埔鎮照門里8鄰照鏡16號","No. 16, Zhaojing, 8th Neighborhood, Zhaomen Vil., Xinpu Township, Hsinchu County 305047, Taiwan (R.O.C.)","詹O芳","03-589-9497","03-589-9276","有","有"
"04232299","19750822","20210815","誠毅股份有限公司","FAITHFUL ENGINEERING PRODUCTS CO., LTD.","新北市深坑區北深路3段270巷1號3樓","3 F., No. 1, Ln. 270, Sec. 3, Beishen Rd., Shenkeng Dist., New Taipei City 22206, Taiwan (R.O.C.)","劉O雄","02-26624717","02-26622864","有","有"
"04233001","19780225","20230111","華江貿易股份有限公司","HOA CHIAN TRADING CO., LTD.","臺北市萬華區開封街2段76號2樓","2 F., No. 76, Sec. 2, Kaifeng St., Wanhua Dist., Taipei City 108003, Taiwan (R.O.C.)","蘇O華","02-23317586","02-23317580","有","有"
"04233311","19781220","20230721","位達股份有限公司","WEBSTER CO., LTD.","新北市樹林區中山路2段151巷16號","No. 16, Ln. 151, Sec. 2, Zhongshan Rd., Shulin Dist., New Taipei City 238010, Taiwan (R.O.C.)","林O滿麗","02-23817147","","有","有"
"04233641","19820721","20250308","誠明貿易有限公司","FAITHFUL QUALICRAFT CO., LTD.","臺北市中山區建國北路2段33號5樓之6","5 F.-6, No. 33, Sec. 2, Jianguo N. Rd., Zhongshan Dist., Taipei City 10479, Taiwan (R.O.C.)","","02-25181272#22","02-25184885","無","無"
"04233945","19930707","20221208","中華金屬製品廠股份有限公司","CHUN HWA METAL PRODUCTS CORP., LTD.","臺北市中正區博愛路25號5樓之10","5 F.-10, No. 25, Bo’ai Rd., Zhongzheng Dist., Taipei City 100005, Taiwan (R.O.C.)","洪O源","02-23811628","02-23816780","有","有"
"04236252","19780715","20210814","華倫橡膠工業股份有限公司","HWA LOON RUBBER INDUSTRY CO., LTD.","臺北市中山區松江路51號9樓之3","9 F.-3, No. 51, Songjiang Rd., Zhongshan Dist., Taipei City 10455, Taiwan (R.O.C.)","湯O英","02-2506-3161","02-2506-3238","有","有"
"04236582","19780915","20230809","金照企業股份有限公司","GOLDEN BARON INDUSTRIAL CORP.","臺北市大安區安和路2段5號10樓之3","10 F.-3, No. 5, Sec. 2, Anhe Rd., Da’an Dist., Taipei City 10680, Taiwan (R.O.C.)","","02-27069313","02-27063767","無","無"
"04236801","19921009","20230706","中東企業有限公司","TAIWAN EAST WEST (CHEMA) ENTERPRISES, LIMITED","臺北市中正區重慶南路1段10號台企大樓812室","Rm. 812,  F., No. 10, Sec. 1, Chongqing S. Rd., Zhongzheng Dist.,  Taipei City 100503, Taiwan (R.O.C.)","陳O蓀","02-23313603","","有","有"
"04236984","19840308","20210814","欣意企業股份有限公司","MASTER & FRANK ENTERPRISE CO., LTD.","臺北市大安區敦化南路2段57號19樓","19 F., No. 57, Sec. 2, Dunhua S. Rd., Da’an Dist., Taipei City 10681, Taiwan (R.O.C.)","吳O源","02-27026555","02-27026577","有","有"
"04237169","19811024","20210814","常富企業股份有限公司","JANG FU ENTERPRISE CO., LTD.","臺北市大安區敦化南路1段336號8樓之1","8 F.-1, No. 336, Sec. 1, Dunhua S. Rd., Da’an Dist., Taipei City 10684, Taiwan (R.O.C.)","馬O珍","02-27050607","02-27098433","有","有"
"04237301","19790529","20221117","甲暉股份有限公司","GALLANT CHEMICALS CORP.","臺北市中山區南京東路2段100號7樓","7 F., No. 100, Sec. 2, Nanjing E. Rd., Zhongshan Dist., Taipei City 104491, Taiwan (R.O.C.)","張O雯","02-25318311","02-25634269","有","有"
"04237323","20091214","20210813","福安洋服有限公司","LA DIABLE CO., LTD.","臺北市萬華區西園路1段256巷5號","No. 5, Ln. 256, Sec. 1, Xiyuan Rd., Wanhua Dist., Taipei City 10855, Taiwan (R.O.C.)","謝O龍","02-23069199","02-23368954","有","有"
"04237702","19750201","20210814","佳綸企業有限公司","GULF ENGINEERING CORPORATION","臺北市松山區南京東路4段180號10樓之2","10 F.-2, No. 180, Sec. 4, Nanjing E. Rd., Songshan Dist., Taipei City 10553, Taiwan (R.O.C.)","戴O熙","02-25792626","02-25773402","有","有"
"04238202","19740613","20220819","均懋貿易有限公司","P.J. CHANG TRADING CO., LTD.","臺北市中正區博愛路25號9樓之14","9 F.-14, No. 25, Bo'ai Rd., Zhongzheng Dist., Taipei City 100005, Taiwan (R.O.C.)","張O源","02-23111852","02-23812575","有","有"
"04239429","19781219","20210814","憶通貿易有限公司","SCREEN TONE ARTS COMPANY LTD.","臺北市大安區信義路3段134巷40號7樓","7 F., No. 40, Ln. 134, Sec. 3, Xinyi Rd., Da’an Dist., Taipei City 10659, Taiwan (R.O.C.)","吳O玲","02-27049533","02-27080110","有","有"
"04239482","19780907","20210812","萬載企業股份有限公司","VERTEX INDUSTRIAL CORPORATION","臺北市松山區南京東路4段100號7樓","7 F., No. 100, Sec. 4, Nanjing E. Rd., Songshan Dist., Taipei City 10553, Taiwan (R.O.C.)","陳O金","02-27411702","","有","有"
"04239624","19881117","20210814","永達儀器有限公司","YOUNG TAH CO., LTD.","臺北市中正區八德路1段82巷9弄28號1樓","1 F., No. 28, Aly. 9, Ln. 82, Sec. 1, Bade Rd., Zhongzheng Dist., Taipei City 10058, Taiwan (R.O.C.)","曾O雁","02-23410524","02-23960521","有","有"
"04240397","19740920","20230720","營亨實業股份有限公司","YING HENG NEW INDUSTRIES CORP.","臺北市中正區林森北路5巷10之1號5樓","5 F., No. 10-1, Ln. 5, Linsen N. Rd., Zhongzheng Dist., Taipei City 100011, Taiwan (R.O.C.)","黃O隆","02-23212282","02-23515939","有","有"
"04240501","19790620","20230714","誠建股份有限公司","Faithful Standard Inc.","臺北市信義區松德路196號地下1樓","B1 F., No. 196, Songde Rd., Xinyi Dist., Taipei City 110027, Taiwan (R.O.C.)","吳O潔","02-66385168","02-66385268","有","有"
"04240621","19780505","20230613","詠光生技有限公司","YUON KUANG Biotechnology Co., Ltd.","新北市板橋區大同街45號9樓","9 F., No. 45, Datong St., Banqiao Dist., New Taipei City 220018, Taiwan (R.O.C.)","蔡O靜","02-2240-0620","","有","有"
"04240919","19790712","20220120","新橋實業股份有限公司","HSING CHAU INDUSTRIAL CO., LTD.","臺北市內湖區瑞光路513巷39號9樓","9 F., No. 39, Ln. 513, Ruiguang Rd., Neihu Dist., Taipei City 11492, Taiwan (R.O.C.)","蘇O豪","02-87971111","02-87972388","有","有"
"04241868","19781012","20210813","德式馬企業股份有限公司","TEXMA INTERNATIONAL CO., LTD.","臺北市內湖區洲子街65號3樓","3 F., No. 65, Zhouzi St., Neihu Dist., Taipei City 11493, Taiwan (R.O.C.)","黃O德","26598666","26598685","有","有"
"04242584","19830622","20230219","聖彼得紡織股份有限公司","ST. PETER TEXTILE CO., LTD.","臺北市中山區中山北路2段112號11樓之5、之6","11 F.-5, No. 112, Sec. 2, Zhongshan N. Rd., Zhongshan Dist., Taipei City 104418, Taiwan (R.O.C.)","楊O君","02-25616188","02-25717604","有","有"
"04242698","19781218","20230224","友士股份有限公司","USE ELECTRONICS CO., LTD.","臺北市中正區忠孝東路1段85號20樓","20 F., No. 85, Sec. 1, Zhongxiao E. Rd., Zhongzheng Dist., Taipei City 100009, Taiwan (R.O.C.)","加O純子","02-23934825","02-23414900","有","有"
"04243562","19750630","20230712","聚和國際股份有限公司","TAIWAN HOPAX CHEMICALS MFG. CO., LTD.","高雄市大寮區潮寮里華東路28號","No. 28, Huadong Rd., Chaoliao Vil., Daliao Dist., Kaohsiung City 831134, Taiwan (R.O.C.)","郭O田","07-7887600","07-7887500","有","有"
"04243710","19910228","20210813","精音有限公司","HIGH FIDELITY LTD.","新北市新莊區五權二路24號8樓之3","8 F.-3, No. 24, Wuquan 2nd Rd., Xinzhuang Dist., New Taipei City 24892, Taiwan (R.O.C.)","張O帆","02-22994871","02-22994875","有","有"
"04243774","19750221","20240817","翔逸貿易股份有限公司","HSIANG YEE TRADING CO., LTD.","桃園市八德區大興路110號14樓","14 F., No. 110, Daxing Rd., Bade Dist., Taoyuan City 334019, Taiwan (R.O.C.)","彭O榮","02-25703108","02-25782968","有","有"
"04244041","19860915","20240208","衆文圖書股份有限公司","JONG WEN BOOKS CO., LTD.","臺北市中正區羅斯福路3段100號12樓之2","12 F.-2, No. 100, Sec. 3, Roosevelt Rd., Zhongzheng Dist., Taipei City 100033, Taiwan (R.O.C.)","陳O敏","02-23118167","","有","有"
"04245127","19781117","20210814","漢口企業有限公司","HAN KOU ENTERPRISE CO., LTD.","臺北市中正區中華路1段7號6樓之2","6 F.-2, No. 7, Sec. 1, Zhonghua Rd., Zhongzheng Dist., Taipei City 10043, Taiwan (R.O.C.)","蘇O章","02-23616633","","有","有"
"04245301","19760730","20210813","高楓有限公司","CONFLUX CORP.","新北市板橋區文化路1段266號9樓之1","9 F.-1, No. 266, Sec. 1, Wenhua Rd., Banqiao Dist., New Taipei City 22041, Taiwan (R.O.C.)","沈O秀","02-2258-9689","02-2258-9681","有","有"
"04245631","19760512","20230414","至亨企業有限公司","WIDE & TALL INDUSTRIES CO., LTD.","臺北市大同區承德路1段35號8樓之1","8 F.-1, No. 35, Sec. 1, Chengde Rd., Datong Dist., Taipei City 103613, Taiwan (R.O.C.)","江O順","02-25176936","02-25165345","無","無"
"04246337","19790125","20210815","青岡企業股份有限公司","GREEN HILL INTERNATIONAL CO., LTD.","臺北市中山區民權東路1段72號8樓","8 F., No. 72, Sec. 1, Minquan E. Rd., Zhongshan Dist., Taipei City 10451, Taiwan (R.O.C.)","戴O安","02-25627322","02-25634761","有","有"
"04246441","19790918","20210815","寶旗企業有限公司","PACIFIC PIONEER INC.","臺北市中正區八德路1段82巷9弄8號1樓","1 F., No. 8, Aly. 9, Ln. 82, Sec. 1, Bade Rd., Zhongzheng Dist., Taipei City 10058, Taiwan (R.O.C.)","王O金","02-23934637","02-2395-1119","有","無"
"04246483","19780728","20210814","旭寬企業股份有限公司","NEW WIDE ENTERPRISE CO., LTD.","臺北市中正區忠孝東路2段96號7樓","7 F., No. 96, Sec. 2, Zhongxiao E. Rd., Zhongzheng Dist., Taipei City 10053, Taiwan (R.O.C.)","黃O峯","02-23912288","","有","有"
"04246744","19790402","20210813","仁隆毛紡織廠股份有限公司","JENLONG WOOL TEXTILE CO., LTD.","臺北市萬華區西寧南路23號1樓","1 F., No. 23, Xining S. Rd., Wanhua Dist., Taipei City 10841, Taiwan (R.O.C.)","林O昌","02-23811277","02-23831615","有","有"
"04246879","19810825","20210812","亞培快速診斷設備股份有限公司","Abbott Rapid Diagnostics Health Corp.","臺北市松山區南京東路4段16號11樓","11 F., No. 16, Sec. 4, Nanjing E. Rd., Songshan Dist., Taipei City 10553, Taiwan (R.O.C.)","謝O頴","02-25706669","02-25706659","有","有"
"04247336","19970624","20230414","會達普麗龍股份有限公司","SINCERITY POLYFOAM CO., LTD.","桃園市八德區白鷺里廣福路879巷177弄15衖5號","No. 5, Sub-Alley 15, Aly. 177, Ln. 879, Guangfu Rd., Bailu Vil., Bade Dist.,  Taoyuan City 334034, Taiwan (R.O.C.)","程O治","02-23718591","02-23718505","無","無"
"04247737","20090325","20210813","王有記茶業股份有限公司","WANGSTEA ENTERPRISE CO., LTD.","臺北市中正區濟南路2段67號1樓","1 F., No. 67, Sec. 2, Jinan Rd., Zhongzheng Dist., Taipei City 10059, Taiwan (R.O.C.)","王O國","02-23939392","02-23217773","有","有"
"04247954","19880903","20210814","嘉記銀樓寶石藝品有限公司","LUCKY JEWELRY CO., LTD.","臺北市大安區仁愛路4段310號1樓及310號之1、1樓","1 F., No. 310, Sec. 4, Ren’ai Rd., Da’an Dist., Taipei City 10693, Taiwan (R.O.C.)","林O瑞","02-27003322","02-27038817","有","有"
"04249263","19920327","20210814","五南圖書出版股份有限公司","WU-NAN BOOK INC.","臺北市大安區和平東路2段339號4樓","4 F., No. 339, Sec. 2, Heping E. Rd., Da’an Dist., Taipei City 10670, Taiwan (R.O.C.)","楊O川","02-27055066","02-27066100","有","有"
"04249502","19940504","20210813","大勵彩色印刷股份有限公司","SCALA PRINTING CO., LTD.","新北市新店區中正路538巷3號1樓","1 F., No. 3, Ln. 538, Zhongzheng Rd., Xindian Dist., New Taipei City 23141, Taiwan (R.O.C.)","黃O文","02-2218-1419","02-2218-7122","有","有"
"04249518","19780828","20210813","捷全企業股份有限公司","SPEEDY-CARE ENT. CO., LTD.","新北市新店區寶橋路235巷6弄2號9樓","9 F., No. 2, Aly. 6, Ln. 235, Baoqiao Rd., Xindian Dist., New Taipei City 23145, Taiwan (R.O.C.)","江O勲","02-29180011","02-29180227","有","有"
"04249876","19850524","20210815","三民書局股份有限公司","SAN MIN BOOK CO., LTD.","臺北市中正區重慶南路1段59號","No. 59, Sec. 1, Chongqing S. Rd., Zhongzheng Dist., Taipei City 10045, Taiwan (R.O.C.)","劉O傑","02-25006600","02-25064000","有","有"
"04250578","19800804","20210814","鼎好實業股份有限公司","TIN HOW ELECTRONICS CO., LTD.","新北市新店區中正路54巷28、30號","No. 30, Ln. 54, Zhongzheng Rd., Xindian Dist., New Taipei City 23146, Taiwan (R.O.C.)","郭O彬","02-29178907-9","","有","有"
"04251154","19820122","20250109","繼興企業有限公司","TOOL COMPANY LTD.","臺北市大安區忠孝東路3段217巷2弄16之3號4樓","4 F., No. 16-3, Aly. 2, Ln. 217, Sec. 3, Zhongxiao E. Rd., Da’an Dist., Taipei City 10653, Taiwan (R.O.C.)","","02-27211863","","無","無"
"04251767","19790613","20210814","志開科技股份有限公司","KINGFISHER TECHNOLOGY CORPORATION","新北市中和區建八路2號6樓之6","6 F.-6, No. 2, Jian 8th Rd., Zhonghe Dist., New Taipei City 23511, Taiwan (R.O.C.)","邢O","82261601","82261611","有","有"
"04251844","19810623","20210814","世凱實業有限公司","ROYAL H&G PRODUCTS CORPORATION","臺北市信義區忠孝東路5段508號10樓","10 F., No. 508, Sec. 5, Zhongxiao E. Rd., Xinyi Dist., Taipei City 11083, Taiwan (R.O.C.)","柯O蒼","02-27272177","02-27283667","有","有"
"04252409","19750222","20230817","鐵力士鐘錶有限公司","TELUX WATCH CO., LTD.","臺北市大安區敦化南路2段265巷1號7樓","7 F., No. 1, Ln. 265, Sec. 2, Dunhua S. Rd., Da’an Dist., Taipei City 106056, Taiwan (R.O.C.)","江O穎","02-2391-2321","02-2392-3227","有","有"
"04252766","20110810","20231017","東舜企業股份有限公司","DONG SHUN ENTERPRISE CO., LTD.","基隆市中山區中山一路199號一樓","1 F., No. 199, Zhongshan 1st Rd., Zhongshan Dist., Keelung City 203001, Taiwan (R.O.C.)","","02-24229047","02-24236274","無","無"
"04252837","19970418","20210814","永勝照相器材有限公司","YUAN-SHEN PHOTO SUPPLIES CO., LTD.","臺北市中正區博愛路20號","No. 20, Bo’ai Rd., Zhongzheng Dist., Taipei City 10043, Taiwan (R.O.C.)","陳O次","02-23140606","","有","有"
"04253202","20130219","20210811","花莉美容材料行","HDCO MAKEUP & FX FIRM","臺北市萬華區漢口街2段50號","No. 50, Sec. 2, Hankou St., Wanhua Dist., Taipei City 10842, Taiwan (R.O.C.)","林O倫","02-23813220","02-23612230","有","有"
"04253499","19930327","20221222","高立圖書有限公司","GAU LIH BOOK CO., LTD.","臺北市中正區博愛路130號6樓之2","6 F.-2, No. 130, Bo’ai Rd., Zhongzheng Dist., Taipei City 100001, Taiwan (R.O.C.)","高O輝","02-23615343","02-23813261","有","有"
"04254321","19790418","20210815","成全貿易股份有限公司","GOLD FORMOSA TRADING CO., LTD.","臺北市萬華區忠孝西路2段16巷6號1樓","1 F., No. 6, Ln. 16, Sec. 2, Zhongxiao W. Rd., Wanhua Dist., Taipei City 10841, Taiwan (R.O.C.)","邱O彥","02-23717542","","有","有"
"04254342","19780727","20230323","欣蘭企業股份有限公司","SHIN LAN ENTERPRISE INC.","臺北市大同區鄭州路139號5樓","5 F., No. 139, Zhengzhou Rd., Datong Dist., Taipei City 103612, Taiwan (R.O.C.)","李O慧","02-25573123","02-25533177","有","有"
"04254429","19900508","20210813","維明化工實業股份有限公司","VIMIN CHEMICAL INDUSTRIAL CORP.","桃園市觀音區大同二路11號","No. 11, Datong 2nd Rd., Guanyin Dist., Taoyuan City 32849, Taiwan (R.O.C.)","林O","034831600","034831700","有","有"
"04255026","19900822","20210814","麒盛實業有限公司","CI SHENG INDUSTRIAL CO., LTD.","臺北市內湖區民權東路6段136巷35弄3號","No. 3, Aly. 35, Ln. 136, Sec. 6, Minquan E. Rd., Neihu Dist., Taipei City 11465, Taiwan (R.O.C.)","張O宸","02-27911618","02-27935528","有","有"
"04255546","19790413","20230725","苑信企業有限公司","CIMPEX ENTERPRISE CO., LTD.","臺北市大安區忠孝東路4段303號7樓","7 F., No. 303, Sec. 4, Zhongxiao E. Rd., Da’an Dist., Taipei City 106078, Taiwan (R.O.C.)","","02-27729823","","無","無"
"04256279","19820617","20210814","竹龍興業股份有限公司","ORIENTAL DRAGON INC., LTD.","臺北市大同區重慶北路3段113巷59號1樓","1 F., No. 59, Ln. 113, Sec. 3, Chongqing N. Rd., Datong Dist., Taipei City 10362, Taiwan (R.O.C.)","黃O銓","02-25921857","02-25859610","有","有"
"04256566","20140108","20220819","航海企業有限公司","HI-LINE ENTERPRISES LTD.","臺北市松山區基隆路1段10號13樓","13 F., No. 10, Sec. 1, Keelung Rd., Songshan Dist., Taipei City 105611, Taiwan (R.O.C.)","王O中","02-27765696","02-27402284","有","有"
"04256799","19981019","20210813","東大圖書股份有限公司","THE GRAND EAST BOOK CO., LTD.","臺北市中山區復興北路386號6樓","6 F., No. 386, Fuxing N. Rd., Zhongshan Dist., Taipei City 10476, Taiwan (R.O.C.)","劉O傑","02-25006600","02-25064000","有","有"
"04257734","19780617","20220322","蓁輝股份有限公司","JEN HUEI ENTERPRISE CO., LTD.","臺北市信義區基隆路1段109之6號3樓之2","3 F.-2, No. 109-6, Sec. 1, Keelung Rd., Xinyi Dist., Taipei City 11070, Taiwan (R.O.C.)","陳O坤","02-8787-6588","02-27465079","有","有"
"04258255","19780510","20210812","新競企業有限公司","PERCO, INC.","臺北市大安區和平東路2段18巷11號2樓","2 F., No. 11, Ln. 18, Sec. 2, Heping E. Rd., Da’an Dist., Taipei City 10662, Taiwan (R.O.C.)","霍O燕","02-23627577","02-23627578","有","有"
"04258570","19780922","20210815","皇居企業股份有限公司","CERAMASTER INTERNATIONAL CORP.","臺北市中山區建國北路2段139號9樓之3","9 F.-3, No. 139, Sec. 2, Jianguo N. Rd., Zhongshan Dist., Taipei City 10484, Taiwan (R.O.C.)","久O本一彌","02-25006070","02-2505-6595","有","有"
"04258924","19780921","20230609","博成有限公司","POWER CHENS CO., LTD.","新北市新莊區後港一路35號","No. 35, Hougang 1st Rd., Xinzhuang Dist., New Taipei City 242056, Taiwan (R.O.C.)","陳O惠","02-29237142","","無","無"
"04259584","19780807","20230427","宏昌散熱器股份有限公司","HORNG CHANG RADIATOR CO., LTD.","臺中市大雅區三和里春亭二街6號","No. 6, Chunting 2nd St., Sanhe Vil., Daya Dist., Taichung City 428005, Taiwan (R.O.C.)","廖O章","04-25662471","04-25691885","有","有"
"04260111","19780825","20211015","心可企業有限公司","SHING KUU CO., LTD.","新北市板橋區陽明街133號1樓","1 F., No. 133, Yangming St., Banqiao Dist., New Taipei City 22049, Taiwan (R.O.C.)","楊O玲","02-22576822","02-22560743","有","有"
"04260463","20210817","20230108","永興消防工業有限公司","Yung Shing Fire Protection Industrial Co., Ltd","臺北市萬華區貴陽街2段39號14樓之2","14 F.-2, No. 39, Sec. 2, Guiyang St., Wanhua Dist., Taipei City 108007, Taiwan (R.O.C.)","林O蔓","02-26570972","02-26575317","有","有"
"04260576","19930708","20250304","祺煜機電工程有限公司","CHI YEE ELEC. MACHINE INC.","桃園市蘆竹區南崁路2段88號","No. 88, Sec. 2, Nankan Rd., Luzhu Dist., Taoyuan City 338028, Taiwan (R.O.C.)","陳O祺","03-3222788","03-3228699","有","有"
"04260766","20060413","20210811","梅林水果行","MEI LIN FRUIT SHOP","臺北市中正區開封街1段83號1樓","1 F., No. 83, Sec. 1, Kaifeng St., Zhongzheng Dist., Taipei City 10044, Taiwan (R.O.C.)","袁O雄","02-23815792","02-23822562","有","有"
"04261385","19810213","20210812","華乙實業有限公司","HWA-E INDUSTRY CO., LTD.","臺北市中山區南京東路3段1號10樓","10 F., No. 1, Sec. 3, Nanjing E. Rd., Zhongshan Dist., Taipei City 10487, Taiwan (R.O.C.)","張O欽","02-25189269","02-25093948","有","有"
"04261414","19770716","20221115","交通貿易股份有限公司","CHAUTONG TRADING CO., LTD.","臺北市中正區開封街1段105號8樓之2","8 F.-2, No. 105, Sec. 1, Kaifeng St., Zhongzheng Dist., Taipei City 100001, Taiwan (R.O.C.)","張O偉","02-23818122","02-23145354","有","有"
"04261527","19751222","20210813","德鋼有限公司","TEH KON INDUSTRIAL CORPORATION","新北市五股區五權七路60號","No. 60, Wuquan 7th Rd., Wugu Dist., New Taipei City 24890, Taiwan (R.O.C.)","林O英","02-22995996","02-22991253","有","有"
"04261625","19830816","20210814","科訓企業有限公司","SCIENCE TRAINING ENTERPRISE CORP.","臺北市中正區濟南路2段31之23號6樓","6 F., No. 31-23, Sec. 2, Jinan Rd., Zhongzheng Dist., Taipei City 10054, Taiwan (R.O.C.)","何O田","02-23935959","","有","有"
"04261646","19971205","20210815","樺億工程有限公司","PRESIDENT HUA-I ENGINEERING CO., LTD.","臺北市北投區湖底路20之1號1樓","1 F., No. 20-1, Hudi Rd., Beitou Dist., Taipei City 11292, Taiwan (R.O.C.)","吳O柱","02-28610788","02-28617071","有","有"
"04261738","20101008","20210814","滋味珍企業有限公司","TZU WEI CHEN FOOD CO., LTD.","臺南市中西區公園路50號2樓","2 F., No. 50, Gongyuan Rd., West Central Dist., Tainan City 70050, Taiwan (R.O.C.)","郭O華","06-2614186-233","06-2630178","有","有"
"04261955","19801106","20210814","拓禧實業股份有限公司","TOPFLIGHT ENTERPRISE CO., LTD.","臺北市中正區忠孝東路2段100號4樓之5","4 F.-5, No. 100, Sec. 2, Zhongxiao E. Rd., Zhongzheng Dist., Taipei City 10053, Taiwan (R.O.C.)","蘇O民","02-23212762","","有","有"
"04262194","19800812","20210813","奇信有限公司","CHE SING ENTERPRISE CO., LTD.","臺北市松山區南京東路5段346號10樓之1","10 F.-1, No. 346, Sec. 5, Nanjing E. Rd., Songshan Dist., Taipei City 10569, Taiwan (R.O.C.)","王O郎","02-27624560","02-27645340","有","有"
"04262574","19800519","20210815","惠台工業股份有限公司","TAI-BLESS INDUSTRIAL CO., LTD.","臺北市中山區松江路16巷13號2樓","2 F., No. 13, Ln. 16, Songjiang Rd., Zhongshan Dist., Taipei City 10455, Taiwan (R.O.C.)","邱O鳳","02-25211177","02-25116677","有","有"
"04262624","19910222","20210815","傳發企業有限公司","CHUAN FARH ENTERPRISE CO., LTD.","臺北市萬華區西寧南路31之1號","No. 31-1, Xining S. Rd., Wanhua Dist., Taipei City 10841, Taiwan (R.O.C.)","詹O權","02-23143859","","無","無"
"04262899","19980527","20210813","中央電氣企業有限公司","CENTER HEARING AIDS INC.","臺北市中正區八德路1段94號2樓","2 F., No. 94, Sec. 1, Bade Rd., Zhongzheng Dist., Taipei City 10058, Taiwan (R.O.C.)","謝O泰","02-23517629","","有","有"
"04263047","19860104","20230414","儒林圖書有限公司","SCHOLARS BOOK CO., LTD.","臺北市中正區重慶南路1段121號8樓之23","8 F.-23, No. 121, Sec. 1, Chongqing S. Rd., Zhongzheng Dist., Taipei City 100418, Taiwan (R.O.C.)","楊O昌","02-23319815","02-23752542","有","有"
"04263709","19781007","20210813","龍國企業有限公司","CHRISTOPHER ENTERPRISE CORP.","臺北市南港區向陽路162巷100號6樓","6 F., No. 100, Ln. 162, Xiangyang Rd., Nangang Dist., Taipei City 11551, Taiwan (R.O.C.)","鍾O韋","02-27934493","02-27932747","有","有"
"04263813","19981121","20241228","中國工業品資料實業有限公司","CHINA PRODUCTS DATA AND ENTERPRISE CO., LTD.","臺北市萬華區中華路1段78號10樓B室","10 F., No. 78, Sec. 1, Zhonghua Rd., Wanhua Dist., Taipei City 10842, Taiwan (R.O.C.)","","02-23610047","02-23714331","無","無"
"04263840","19980824","20210815","永偉營造工程有限公司","EVER GREAT CONSTRUCTION CO., LTD.","臺北市中山區吉林路235之1號","No. 235-1, Jilin Rd., Zhongshan Dist., Taipei City 10468, Taiwan (R.O.C.)","吳O台","02-29171577","02-29137464","無","無"
"04264159","19800705","20230106","傑台企業有限公司","JEAN-TAI ENTERPRISE CO., LTD.","臺北市大同區承德路3段58號8樓之4","8 F.-4, No. 58, Sec. 3, Chengde Rd., Datong Dist., Taipei City 103638, Taiwan (R.O.C.)","張O緯","02-25958938","02-25959078","無","無"
"04264236","19950710","20210814","建宏書局有限公司","CHIEN HONG PUBLISHING CO., LTD.","臺北市中山區北安路608巷3號地下","No. 3, Ln. 608, Bei’an Rd., Zhongshan Dist., Taipei City 10463, Taiwan (R.O.C.)","林O丹","02-23756353","","有","有"
"04264685","19791212","20210814","富富企業股份有限公司","SUPER FORTUNE ENTERPRISE CO., LTD.","臺北市中山區民生東路1段42號5樓之1","5 F.-1, No. 42, Sec. 1, Minsheng E. Rd., Zhongshan Dist., Taipei City 10446, Taiwan (R.O.C.)","陳O美","02-25673456","02-25211911","有","有"
"04264849","20090612","20210903","恒生銀樓藝品有限公司","ANDY ENTERPRISES CO., LTD.","臺北市中正區重慶南路1段121號7樓","7 F., No. 121, Sec. 1, Chongqing S. Rd., Zhongzheng Dist., Taipei City 10045, Taiwan (R.O.C.)","趙O豪","02-23616127","02-23614509","有","有"
"04264947","19790301","20210814","今銘股份有限公司","MARKS GROUP INDUSTRIES INC.","臺北市北投區致遠二路73號3樓","3 F., No. 73, Zhiyuan 2nd Rd., Beitou Dist., Taipei City 11271, Taiwan (R.O.C.)","林O茂","02-28221141","02-28220301","有","有"
"04265349","20070904","20210813","永欣豐華股份有限公司","INN-STYLE TAIWAN TRADE CO., LTD.","臺北市中山區松江路398號2樓","2 F., No. 398, Songjiang Rd., Zhongshan Dist., Taipei City 10472, Taiwan (R.O.C.)","高O明","02-25987890","","有","有"
"04265431","19800229","20210814","台灣管件股份有限公司","TAIWAN VALVE & FITTING CORP.","新竹市頂埔里牛埔路165號","No. 165, Niupu Rd., Dingpu Vil., Xiangshan Dist., Hsinchu City 30091, Taiwan (R.O.C.)","劉O隆","03-5301250","03-5306041","有","有"
"04266234","19820111","20210814","春元機械股份有限公司","CHUN YUAN MACHINERY CO., LTD.","嘉義縣民雄鄉興南村工業三路9號","No. 9, Gongye 3rd Rd., Minxiong Township, Chiayi County 62156, Taiwan (R.O.C.)","曾O龍","052-211626","","有","有"
"04266683","19800725","20221020","高頻企業股份有限公司","HI-LYTE ENTERPRISE CO., LTD.","臺北市松山區民生東路4段54號8樓之6","8 F.-6, No. 54, Sec. 4, Minsheng E. Rd., Songshan Dist., Taipei City 105017, Taiwan (R.O.C.)","鍾O哲","02-27160912","02-27174400","有","有"
"04266733","19820226","20210814","元統塑膠工業有限公司","EMPEROR PLASTIC INDUSTRY CO., LTD.","新北市土城區中山路60號","No. 60, Zhongshan Rd., Tucheng Dist., New Taipei City 23680, Taiwan (R.O.C.)","葉O蓮","02-22603673","","有","有"
"04266874","19780411","20230622","台灣利巴股份有限公司","TAIWAN RIVER CO., LTD.","新北市五股區中興路1段128巷12號3樓","3 F., No. 12, Ln. 128, Sec. 1, Zhongxing Rd., Wugu Dist., New Taipei City 248012, Taiwan (R.O.C.)","高O泰弘","02-8988-2811","02-2983-4785","有","有"
"04267141","20120403","20250619","安倉營造股份有限公司","ANCANG CONSTRUCTION CO., LTD.","臺北市中山區松江路223號6樓","6 F., No. 223, Songjiang Rd., Zhongshan Dist., Taipei City 104472, Taiwan (R.O.C.)","張O雍","02-25039966","02-25006255","有","有"
"04267249","19760716","20210813","貿慶實業股份有限公司","XCELLENT MFG. ASSOCIATES CO.","臺北市信義區基隆路2段77號12樓之2","12 F.-2, No. 77, Sec. 2, Keelung Rd., Xinyi Dist., Taipei City 11052, Taiwan (R.O.C.)","吳O福","02-27330055","02-23783400","有","有"
"04267466","19890427","20230504","永成汽車材料有限公司","YUNG SHENG MOTOR CO., LTD.","新北市五股區五工六路26號1樓","1 F., No. 26, Wugong 6th Rd., Wugu Dist., New Taipei City 248021, Taiwan (R.O.C.)","張O仁","02-23310464","02-23814662","無","無"
"04267487","19970502","20210815","華祥美有限公司","HWA SHIANG AD CO., LTD.","新北市三重區力行路2段47號","No. 47, Sec. 2, Lixing Rd., Sanchong Dist., New Taipei City 24156, Taiwan (R.O.C.)","詹O明","02-82870303","02-82878113","有","有"
"04267780","19971104","20230629","萬壽園藝事業有限公司","PRO-LIFE FLORAL ART CO., LTD.","臺北市大安區仁愛路3段123巷14號1樓","1 F., No. 14, Ln. 123, Sec. 3, Ren’ai Rd., Da’an Dist., Taipei City 106085, Taiwan (R.O.C.)","呂O翰","02-27526796","","無","無"
"04267992","19790105","20220513","臺灣沂德股份有限公司","EL ETERNAL (TAIWAN) CO., LTD.","臺北市大安區延吉街270號2樓","2 F., No. 270, Yanji St., Da’an Dist., Taipei City 10696, Taiwan (R.O.C.)","陳O明玉","02-27089859","02-27043991","有","有"
"04268459","19760430","20210815","維春貿易股份有限公司","VICKEM TRADING CO., LTD.","新北市蘆洲區中山二路265巷61號2樓","2 F., No. 61, Ln. 265, Zhongshan 2nd Rd., Luzhou Dist., New Taipei City 24756, Taiwan (R.O.C.)","王O睿","02-22026719","02-22026898","有","有"
"04268726","19901029","20230620","晶華國際酒店股份有限公司","FORMOSA INTERNATIONAL HOTELS CORPORATION","臺北市中山區中山北路2段39巷3號1至20樓","20 F., No. 3, Ln. 39, Sec. 2, Zhongshan N. Rd., Zhongshan Dist., Taipei City 104410, Taiwan (R.O.C.)","潘O亮","02-25238000","02-25710807","有","有"
"04269773","19780921","20210813","全吉企業有限公司","S.K.C. ENTERPRISE CO., LTD.","桃園市中壢區元化路50之1號","No. 50-1, Yuanhua Rd., Zhongli Dist., Taoyuan City 32043, Taiwan (R.O.C.)","姜O龍","03-4256041","","有","有"
"04269915","19981027","20210812","明廣機電工程股份有限公司","MEET CROWN CO., LTD.","新北市三峽區中園街225之8號","No. 225-8, Zhongyuan St., Sanxia Dist., New Taipei City 23742, Taiwan (R.O.C.)","魏O榮","02-22612108","02-22654672","有","有"
"04270075","19751110","20210813","和聯生技藥業股份有限公司","HOLLING BIO-PHARMA. CORP.","臺北市松山區敦化北路311號5樓","5 F., No. 311, Dunhua N. Rd., Songshan Dist., Taipei City 10572, Taiwan (R.O.C.)","宋O茵","02-2713-4242","02-2716-0459","有","有"
"04271193","19751212","20210812","駿興貿易有限公司","SUNYEAR TRADING CO., LTD.","臺北市中正區忠孝東路1段85號7樓","7 F., No. 85, Sec. 1, Zhongxiao E. Rd., Zhongzheng Dist., Taipei City 10049, Taiwan (R.O.C.)","黃O剛","02-23918691","02-23946533","有","有"
"04271200","20020227","20210812","臺北運輸倉儲股份有限公司","TAIPEI YUNCHWN CO.","臺北市中正區紹興北街35號2樓之1","2 F.-1, No. 35, Shaoxing N. St., Zhongzheng Dist., Taipei City 10049, Taiwan (R.O.C.)","蘇O慧","02-21219037","02-23224432","有","有"
"04271813","19780929","20221201","巧雅企業有限公司","CHIAO YA ENTERPRISES CO., LTD.","臺北市萬華區峨嵋街125巷20號4樓","4 F., No. 20, Ln. 125, Emei St., Wanhua Dist., Taipei City 108008, Taiwan (R.O.C.)","陳O川","02-23617572","","無","無"
"04271898","19790801","20210812","安遠企業股份有限公司","ANWIN ENTERPRISES (TAIWAN) CO., LTD.","臺北市松山區南京東路4段171號11樓之3","11 F.-3, No. 171, Sec. 4, Nanjing E. Rd., Songshan Dist., Taipei City 10579, Taiwan (R.O.C.)","蔡O琦","02-2546-2098","02-2717-3998","有","有"
"04272284","20010302","20210814","良府企業管理顧問有限公司","LIANG FU ENTERPRISE CO., LTD.","臺北市中正區新生南路1段50號7樓之3","7 F.-3, No. 50, Sec. 1, Xinsheng S. Rd., Zhongzheng Dist., Taipei City 10059, Taiwan (R.O.C.)","王O月","02-23939195","02-23511141","有","有"
"04272307","20230421","20230421","小花園百貨有限公司","LITTLE GARDEN CO., LTD.","臺北市萬華區西寧南路36號2樓之79","2 F.-79, No. 36, Xining S. Rd., Wanhua Dist., Taipei City 108001, Taiwan (R.O.C.)","陳O","02-23110045","","有","有"
"04274706","19791109","20250314","富記食品有限公司","FU CHI FOODS CO., LTD.","新北市泰山區貴陽街5號","No. 5, Guiyang St., Taishan Dist., New Taipei City 243092, Taiwan (R.O.C.)","周OO","02-2904-4566","02-2904-4577","有","有"
"04274804","19850322","20230628","兄弟大飯店股份有限公司","BROTHER HOTEL CO., LTD.","臺北市松山區南京東路3段255號","No. 255, Sec. 3, Nanjing E. Rd., Songshan Dist., Taipei City 105020, Taiwan (R.O.C.)","洪O","02-27123456","","有","有"
"04275058","19941017","20210814","富進機械有限公司","FULL MACHINERY CO., LTD.","新北市樹林區俊興街278號","No. 278, Junxing St., Shulin Dist., New Taipei City 23866, Taiwan (R.O.C.)","劉O成","02-26893666","","有","有"
"04275156","20170111","20240907","國鐘影業有限公司","KUOCHONG PICTURES CO., LTD.","新北市新店區長春路47號","No. 47, Changchun Rd., Xindian Dist., New Taipei City 231053, Taiwan (R.O.C.)","洪O凱","0223941396","0223943136","有","有"
"04275228","20101214","20210813","立民物產企業有限公司","LI MIN PRODUCTS ENTERPRISE CO., LTD.","桃園市龍潭區工五路191巷67弄71號","No. 71, Aly. 67, Ln. 191, Gong 5th Rd., Longtan Dist., Taoyuan City 32559, Taiwan (R.O.C.)","曾O台","03-4896011","03-4897945","有","有"
"04275297","19780916","20210812","泰佶企業有限公司","TAITCH MERCHANDISE CORP.","臺北市中山區松江路206號6樓之1","6 F.-1, No. 206, Songjiang Rd., Zhongshan Dist., Taipei City 10467, Taiwan (R.O.C.)","楊O信","02-2522-1238","02-2522-1239","有","有"
"04275607","20000621","20231006","西合實業股份有限公司","WESTERN UNION INDUSTRIAL CO., LTD.","臺北市中正區三元街166號2樓","2 F., No. 166, Sanyuan St., Zhongzheng Dist., Taipei City 100060, Taiwan (R.O.C.)","曹O彥","02-22261189","02-22260968","有","有"
"04275677","19780608","20230902","國信食品股份有限公司","CATHAY BEVERAGE CO., LTD.","新北市三重區重陽路3段99號10樓","10 F., No. 99, Sec. 3, Chongyang Rd., Sanchong Dist., New Taipei City 24145, Taiwan (R.O.C.)","魏O暉","02-29820061","29841165","有","有"
"04275711","20030730","20210814","德信洗衣機材有限公司","TE HSING WASHING MACHINE CO., LTD.","新北市三重區環河南路232號（1樓）","1 F., No. 232, Huanhe S. Rd., Sanchong Dist., New Taipei City 24144, Taiwan (R.O.C.)","張O榕","","","有","有"
"04276394","19880613","20250605","海國樂器股份有限公司","HAI KUO MUSICAL INSTRUMENT CO., LTD.","臺北市中正區晉江街6號1樓","1 F., No. 6, Jinjiang St., Zhongzheng Dist., Taipei City 100041, Taiwan (R.O.C.)","張O群","02-22982759","02-26983556","有","有"
"04276541","19770913","20210814","穩立貿易股份有限公司","WENLEY TRADING CO., LTD.","臺中市南屯區文心路一段540號3樓之1","3 F.-1, No. 540, Sec. 1, Wenxin Rd., Nantun Dist., Taichung City 40848, Taiwan (R.O.C.)","陳O林","04-23227553","04-23223202","有","有"
"04276731","19790717","20231118","立恩實業有限公司","DIONICS TRADING CORPORATION","臺北市松山區南京東路5段206號11樓","11 F., No. 206, Sec. 5, Nanjing E. Rd., Songshan Dist., Taipei City 10570, Taiwan (R.O.C.)","徐O良","02-27619305","","有","有"
"04277491","19890913","20230108","岑祥股份有限公司","TSENG HSIANG LIFE SCIENCE LTD.","臺北市南港區南港路2段99之15號1、2樓","2 F., No. 99-15, Sec. 2, Nangang Rd., Nangang Dist., Taipei City 115028, Taiwan (R.O.C.)","陳O忠","02-27851156","02-27885896","有","有"
"04277611","19790718","20220922","和橋實業股份有限公司","LOYAL-HQ INDUSTRIAL CORP.","臺北市中正區忠孝東路1段85號19樓","19 F., No. 85, Sec. 1, Zhongxiao E. Rd., Zhongzheng Dist., Taipei City 100009, Taiwan (R.O.C.)","李O良","02-23315917","02-23317813","有","有"
"04277844","19780913","20210814","輝鈞企業有限公司","FANCYCRAFT CO., LTD.","臺北市文山區興隆路4段145巷17號1樓","1 F., No. 17, Ln. 145, Sec. 4, Xinglong Rd., Wenshan Dist., Taipei City 11661, Taiwan (R.O.C.)","張O佾","02-2936-1933","02-2936-1986","有","有"
"04278013","20060825","20210812","大萌服裝有限公司","HYPER GRASS GARMENTS CO., LTD.","新北市新莊區復興路二段168號1樓","1 F., No. 168, Sec. 2, Fuxing Rd., Xinzhuang Dist., New Taipei City 24254, Taiwan (R.O.C.)","施O雀","02-29969048","02-29976150","無","無"
"04278718","19780719","20210813","華仙企業有限公司","BRIGHT-TOP INTERNATIONAL (TWN) LTD.","臺北市南港區忠孝東路6段10號1樓","1 F., No. 10, Sec. 6, Zhongxiao E. Rd., Nangang Dist., Taipei City 11575, Taiwan (R.O.C.)","許O鴻","02-26516811","02-26559789","有","有"
"04278941","19780904","20210813","鵬鴻企業有限公司","WAIKER ENTERPRISES CO., LTD.","臺北市中山區中山北路2段112號12樓之1","12 F.-1, No. 112, Sec. 2, Zhongshan N. Rd., Zhongshan Dist., Taipei City 10449, Taiwan (R.O.C.)","甘O維","02-25411232","","有","有"
"04279033","19860905","20240110","金桃股份有限公司","CHINTAUR ENTERPRISE CORP.","臺北市信義區和平東路3段315號12樓","12 F., No. 315, Sec. 3, Heping E. Rd., Xinyi Dist., Taipei City 11056, Taiwan (R.O.C.)","","02-27338571","","無","無"
"04279131","19930427","20230630","吉家有限公司","CHATERA CO., LTD.","臺北市松山區復興南路1段45號9樓","9 F., No. 45, Sec. 1, Fuxing S. Rd., Songshan Dist., Taipei City 105041, Taiwan (R.O.C.)","","02-27723633","02-2771-4980","無","無"
"04279300","19781116","20250214","三鼎貿易有限公司","SAN DING TRADING CO., LTD.","臺北市士林區天母北路87巷1號1樓","1 F., No. 1, Ln. 87, Tianmu N. Rd., Shilin Dist., Taipei City 111050, Taiwan (R.O.C.)","","02-28721708","","無","無"
"04279694","19980603","20210815","國雍營造工程股份有限公司","KUOYUNG CONSTRUCTION & ENGINEERING CO., LTD.","臺北市內湖區新湖一路8號6樓","6 F., No. 8, Xinhu 1st Rd., Neihu Dist., Taipei City 11494, Taiwan (R.O.C.)","林O","02-2557-3000","02-2557-7635","有","有"
"04279771","19790727","20210815","青洲股份有限公司","BLUE CONTINENT NATURAL KINGDOM CO., LTD.","新北市板橋區中山路2段90巷19號3樓","3 F., No. 19, Ln. 90, Sec. 2, Zhongshan Rd., Banqiao Dist., New Taipei City 22067, Taiwan (R.O.C.)","謝O陽","02-251513666","02-25165216","有","有"
"04279884","19770207","20210813","仕貿企業有限公司","SYMONS & CO., LTD.","臺北市大安區基隆路2段201號9樓之1","9 F.-1, No. 201, Sec. 2, Keelung Rd., Da’an Dist., Taipei City 106, Taiwan (R.O.C.)","陳O襄","02-27022618","","有","有"
"04280329","19790713","20210814","重晃電機股份有限公司","CHORNG HUANG ELECTRIC CO., LTD.","新北市五股區成泰路3段30號","No. 30, Sec. 3, Chengtai Rd., Wugu Dist., New Taipei City 24843, Taiwan (R.O.C.)","蔡O傑","02-22938868","02-22938898","有","有"
"04280398","19741202","20210813","聯邦染整股份有限公司","LIEN BAN DYEING & FINISHING CO., LTD.","臺北市大同區西寧北路70號4樓之2","4 F.-2, No. 70, Xining N. Rd., Datong Dist., Taipei City 10342, Taiwan (R.O.C.)","林O勇","02-25529977","","有","有"
"04280474","19820430","20210814","利加宏企業有限公司","RICHARD HUNG ENTERPRISES CO., LTD.","臺北市中正區新生南路1段138號6樓之1","6 F.-1, No. 138, Sec. 1, Xinsheng S. Rd., Zhongzheng Dist., Taipei City 10061, Taiwan (R.O.C.)","洪O智","02-23960360","02-23413967","有","有"
"04280600","19920803","20210815","合立國際企業股份有限公司","HORY POWER INTERNATIONAL ENTERPRISE CO., LTD.","新北市土城區勝利街10巷6號1樓","1 F., No. 6, Ln. 10, Shengli St., Tucheng Dist., New Taipei City 23678, Taiwan (R.O.C.)","葉O郎","02-22683855","02-22680003","有","有"
"04280622","20020923","20210811","茂原號獸肉店","MAO YUAN MEAT STORE","臺北市大同區延平北路永樂市場1720號","No. 1720, Datong Dist., Taipei City 103, Taiwan (R.O.C.)","連O金","25213771","25604681","有","有"
"04280974","19930427","20210815","傑安企業有限公司","TAIWAN KENAN ENTERPRISE CO., LTD.","臺北市大安區復興南路1段76號5樓之3","5 F.-3, No. 76, Sec. 1, Fuxing S. Rd., Da’an Dist., Taipei City 10666, Taiwan (R.O.C.)","林O如","02-27110338","02-27712601","有","有"
"04281050","19930702","20210813","忠奕企業有限公司","JONG YEE ENTERPRISE CO., LTD.","臺北市大同區南京西路289號1樓","1 F., No. 289, Nanjing W. Rd., Datong Dist., Taipei City 10343, Taiwan (R.O.C.)","邱O美惠","02-25589558","02-25561928","有","有"
"04281559","19760930","20250513","勤永實業股份有限公司","GENGROUP MERCHANDISE CORP.","新北市五股區成泰路4段86號5樓","5 F., No. 86, Sec. 4, Chengtai Rd., Wugu Dist., New Taipei City 248002, Taiwan (R.O.C.)","顧O基","02-28819979","02-28818126","有","有"
"04281690","19781204","20210813","亦欣企業股份有限公司","YERSH ENTERPRISE CO., LTD.","臺北市信義區信義路4段391號9樓之4","9 F.-4, No. 391, Sec. 4, Xinyi Rd., Xinyi Dist., Taipei City 11051, Taiwan (R.O.C.)","方O榮","02-27580821","02-27581191","有","有"
"04281827","19890525","20210813","偉隆企業股份有限公司","WAY LOON ENTERPRISE CO., LTD.","臺北市大同區塔城街53號1樓","1 F., No. 53, Tacheng St., Datong Dist., Taipei City 10343, Taiwan (R.O.C.)","楊O溱","02-25119623","","有","有"
"04282001","19880428","20231117","今一彩色印刷股份有限公司","CHIN-I COLOR PRINTING CO., LTD.","新北市新店區中正路501號之16","No. 501-16, Zhongzheng Rd., Xindian Dist., New Taipei City 23148, Taiwan (R.O.C.)","袁O杰","02-2218-4803","02-2218-4806","有","有"
"04282115","19911219","20210814","崑榮機械股份有限公司","TEEMING MACHINERY CORP.","新北市新莊區新樹路302巷8號","No. 8, Ln. 302, Xinshu Rd., Xinzhuang Dist., New Taipei City 24262, Taiwan (R.O.C.)","張O強","02-22060881","02-22060800","有","有"
"04282213","19780905","20210812","台灣愛石工藝有限公司","TAIWAN AY SHY CRAFTS CO., LTD.","臺北市大同區哈密街71號2樓","2 F., No. 71, Hami St., Datong Dist., Taipei City 10370, Taiwan (R.O.C.)","劉O玲","02-25927538","","有","有"
"04282298","19721208","20241217","馬自達企業股份有限公司","MASTER WIN ENTERPRISE CORPORATION","臺北市中山區民權東路三段33號","No. 33, Sec. 3, Minquan E. Rd., Zhongshan Dist., Taipei City 104078, Taiwan (R.O.C.)","王O和","02-25056690","25022735","有","有"
"04282733","19810530","20230216","義田有限公司","I TIEN CO., LTD.","臺北市大同區迪化街1段32巷11號1樓","1 F., No. 11, Ln. 32, Sec. 1, Dihua St., Datong Dist., Taipei City 103012, Taiwan (R.O.C.)","劉O樟","02-25596855","02-25589239","無","無"
"04283108","20081110","20230210","偉登工程有限公司","WINTON ENGINEERING CONSULTANTS CO., LTD.","新北市三重區環河南路221巷6號3樓","3 F., No. 6, Ln. 221, Huanhe S. Rd., Sanchong Dist., New Taipei City 241010, Taiwan (R.O.C.)","陳O義","02-25323821","02-25323820","有","有"
"04283395","19790719","20210814","大同齒輪股份有限公司","TA TUNG GEAR CO., LTD.","新北市林口區工二區工三路14號","No. 14, Gong 3rd Rd., Gong’er Industrial Park, Linkou Dist., New Taipei City 24450, Taiwan (R.O.C.)","許O和","02-26017656","02-26016022","有","有"
"04283509","19721205","20221019","惠祥貿易股份有限公司","FISHION TRADING CO., LTD.","桃園市龜山區樂善里文明路23號","No. 23, Wenming Rd., Leshan Vil., Guishan Dist., Taoyuan City 333011, Taiwan (R.O.C.)","黃O仁","03-3274111","03-3275850","有","有"
"04283780","19790528","20210812","錫堃企業股份有限公司","SEQUENCE CO., LTD.","臺北市大安區光復南路268號11樓","11 F., No. 268, Guangfu S. Rd., Da’an Dist., Taipei City 10694, Taiwan (R.O.C.)","林O立","02-27311357","","有","有"
"04284107","19790131","20210815","名成國際貿易股份有限公司","FAMOUS ASSOCIATES INC.","臺北市內湖區基湖路35巷11號4樓","4 F., No. 11, Ln. 35, Jihu Rd., Neihu Dist., Taipei City 11492, Taiwan (R.O.C.)","張O貞","02-87977987#202","02-87977687","有","有"
"04284129","19791101","20210813","成功眼鏡鋼筆有限公司","CHENG KUNG SPECTACLES & PEN CO., LTD.","臺北市士林區大南路315號1、2樓","2 F., No. 315, Danan Rd., Shilin Dist., Taipei City 11161, Taiwan (R.O.C.)","張O月圓","02-28818585","","有","有"
"04284351","19830524","20211102","易峰貿易股份有限公司","YUEH FANG TRADING CO., LTD.","臺北市中山區復興北路502號2樓之2","2 F.-2, No. 502, Fuxing N. Rd., Zhongshan Dist., Taipei City 10476, Taiwan (R.O.C.)","李O林","02-25016687-9","","有","有"
"04284704","19780926","20210814","東松園藝有限公司","TUNG SONG HORTICULTURE CO., LTD.","臺北市大同區延平北路4段282巷39號1樓","1 F., No. 39, Ln. 282, Sec. 4, Yanping N. Rd., Datong Dist., Taipei City 10372, Taiwan (R.O.C.)","李O宏","02-25914176","02-25910020","有","有"
"04284710","19770426","20210814","海緯實業有限公司","HIGHLY INDUSTRIAL CO., LTD.","臺北市中山區長安東路2段67號5樓之3","5 F.-3, No. 67, Sec. 2, Chang’an E. Rd., Zhongshan Dist., Taipei City 10455, Taiwan (R.O.C.)","陳O城","02-25077701","02-25070513","有","有"
"04284893","19890614","20210814","六福實業股份有限公司","LUH FWU ENTERPRISE CO., LTD.","臺北市萬華區漢口街2段54號4樓及地下室","4 F., No. 54, Sec. 2, Hankou St., Wanhua Dist., Taipei City 10842, Taiwan (R.O.C.)","陳O裕","02-2371-4734","02-2389-5583","有","有"
"04285083","19780531","20250211","嶢陽茶行貿易有限公司","GEOW YONG TEA HONG TRADING CO., LTD.","臺北市中山區龍江路286巷20號1樓","1 F., No. 20, Ln. 286, Longjiang Rd., Zhongshan Dist., Taipei City 10477, Taiwan (R.O.C.)","王O鎧","02-25020506","02-25038945","有","有"
"04285154","19801202","20210812","加偉企業股份有限公司","CHIA WHEEL ENTERPRISES CO., LTD.","臺北市大安區仁愛路4段107號15樓","15 F., No. 107, Sec. 4, Ren’ai Rd., Da’an Dist., Taipei City 10689, Taiwan (R.O.C.)","曾O抱","02-28625522","02-28622666","有","有"
"04285372","19781127","20230426","勝群實業有限公司","SHENG CHYUN INDUSTRIAL CO., LTD.","臺北市松山區敦化北路309之1號","No. 309-1, Dunhua N. Rd., Songshan Dist., Taipei City 105401, Taiwan (R.O.C.)","陳O達","02-8770-5178","02-8770-5215","有","有"
"04285437","19790117","20220524","福益實業股份有限公司","KWB Capital Co., Ltd.","臺北市大安區敦化南路1段236巷9號2樓之1","2 F.-1, No. 9, Ln. 236, Sec. 1, Dunhua S. Rd., Da’an Dist., Taipei City 10688, Taiwan (R.O.C.)","福O投資股份有限公司","02-27207232","02-27207233","有","有"
"04285632","19810313","20210814","台灣育材實業有限公司","TAIWAN EDUCATIONAL MATERIALS INDUSTRIAL CO., LTD.","臺北市內湖區內湖路1段91巷50號2樓","2 F., No. 50, Ln. 91, Sec. 1, Neihu Rd., Neihu Dist., Taipei City 11441, Taiwan (R.O.C.)","洪O城","02-26582839","02-26583269","有","有"
"04285886","19800125","20210814","天麥企業有限公司","TEN MART INDUSTRIAL CO., LTD.","臺北市中山區長春路137巷5號4樓","4 F., No. 5, Ln. 137, Changchun Rd., Zhongshan Dist., Taipei City 10459, Taiwan (R.O.C.)","徐O博","02-25815888","02-25612220","有","有"
"04286132","20010213","20210814","台灣武藏有限公司","MSK TAIWAN MUSASHI CO., LTD.","臺北市大同區承德路3段143巷1號","No. 1, Ln. 143, Sec. 3, Chengde Rd., Datong Dist., Taipei City 10364, Taiwan (R.O.C.)","廖O元","","","有","有"
"04286251","19760402","20210814","聯一紡織股份有限公司","LIEN I TEXTILES CO., LTD.","臺北市大安區仁愛路4段109號12樓","12 F., No. 109, Sec. 4, Ren’ai Rd., Da’an Dist., Taipei City 10689, Taiwan (R.O.C.)","林O興","02-2731-3391","02-2731-3208","有","有"
"04286766","19910119","20221208","上達企業有限公司","ACCOMPLISH ENTERPRISES CO., LTD.","新北市中和區中山路2段250巷11號4樓","4 F., No. 11, Ln. 250, Sec. 2, Zhongshan Rd., Zhonghe Dist., New Taipei City 235027, Taiwan (R.O.C.)","林O展","02-23093155","02-23093157","有","有"
"04286999","19721205","20230428","輝昌有限公司","FUI CHON CO., LTD.","臺北市大同區迪化街1段136號","No. 136, Sec. 1, Dihua St., Datong Dist., Taipei City 10347, Taiwan (R.O.C.)","楊O穎","02-25536231","02-2553-5338","有","有"
"04287097","19821009","20220926","國松企業有限公司","KWO SONG CO., LTD.","新北市三重區重陽路3段47號3樓","3 F., No. 47, Sec. 3, Chongyang Rd., Sanchong Dist., New Taipei City 241035, Taiwan (R.O.C.)","戴O鎮","02-29812933","02-29896214","無","無"
"04287195","20040518","20210813","聯太塑膠用品股份有限公司","LIAN-TAI PLASTICS  CO., LTD.","臺北市大同區貴德街15之2號","No. 15-2, Guide St., Datong Dist., Taipei City 10342, Taiwan (R.O.C.)","許O美澄","02-25525696","02-25524828","有","有"
"04287483","19741105","20220712","立益物流開發股份有限公司","LILY TEXTILE CO., LTD.","桃園市平鎮區雙連里雙福路1段65號","No. 65, Sec. 1, Shuangfu Rd., Shuanglian Vil., Pingzhen Dist., Taoyuan City 32451, Taiwan (R.O.C.)","蘇O榮","03-490-2791","03-490-2711","有","有"
"04287575","19730606","20240328","聚元股份有限公司","G. YEN CO., LTD.","臺北市大安區信義路4段296號11樓之6","11 F.-6, No. 296, Sec. 4, Xinyi Rd., Da’an Dist., Taipei City 106427, Taiwan (R.O.C.)","曾O立","02-27074080","27034339","有","有"
"04287977","19950309","20230619","咸昶股份有限公司","SAM CHIME CO., LTD.","新北市新莊區瓊林路59之75號","No. 59-75, Qionglin Rd., Xinzhuang Dist., New Taipei City 242066, Taiwan (R.O.C.)","陳O州","02-29938008","","無","無"
"04288238","19741204","20210815","新東手套廠股份有限公司","HSIN TUNG GLOVE MFG. CO., LTD.","臺北市大同區伊寧街9巷21號1樓","1 F., No. 21, Ln. 9, Yining St., Datong Dist., Taipei City 10357, Taiwan (R.O.C.)","張O賢","02-25946436","02-25918003","有","有"
"04288624","20160926","20210812","合榮汽車材料有限公司","HO JUNG AUTO PARTS CO., LTD.","臺北市中山區松江路26巷13號","No. 13, Ln. 26, Songjiang Rd., Zhongshan Dist., Taipei City 10455, Taiwan (R.O.C.)","林O海","02-25422560","02-25624934","有","有"
"04289433","19780905","20210813","福紳實業有限公司","FU-GENTLE INDUSTRIAL CORPORATION.","臺北市松山區南京東路4段77號10樓之1","10 F.-1, No. 77, Sec. 4, Nanjing E. Rd., Songshan Dist., Taipei City 10580, Taiwan (R.O.C.)","黃O和","02-27160275-9","","無","無"
"04289784","19890613","20230519","瑞記銀樓有限公司","RITZ JEWELRY & ARTS CO., LTD.","臺北市大安區敦化南路1段192號1樓","1 F., No. 192, Sec. 1, Dunhua S. Rd., Da’an Dist., Taipei City 106071, Taiwan (R.O.C.)","葉O正","02-27719434","","無","無"
"04289829","19740408","20240829","龍信實業有限公司","LONG SHING INDUSTRIAL CORPORATION","臺北市大安區忠孝東路3段217巷6弄6號1樓","1 F., No. 6, Aly. 6, Ln. 217, Sec. 3, Zhongxiao E. Rd., Da’an Dist., Taipei City 10653, Taiwan (R.O.C.)","林O窓","02-27763808","02-27215108","有","有"
"04290425","19780410","20210814","穎欣國際股份有限公司","ASWAN INTERNATIONAL CORP.","臺北市中正區羅斯福路2段102號5樓之1","5 F.-1, No. 102, Sec. 2, Roosevelt Rd., Zhongzheng Dist., Taipei City 10084, Taiwan (R.O.C.)","陳O明","02-83692525","02-83693535","有","有"
"04290500","19780429","20210815","裕豐行股份有限公司","YU HONG CO., LTD.","臺北市大同區民生西路301之1號","No. 301-1, Minsheng W. Rd., Datong Dist., Taipei City 10345, Taiwan (R.O.C.)","裕O電工股份有限公司","02-25517101","","有","有"
"04291424","19770520","20230111","文美實業股份有限公司","WEN MEI INDUSTRY CO., LTD.","臺北市中山區松江路152號11樓之13","11 F.-13, No. 152, Songjiang Rd., Zhongshan Dist., Taipei City 104488, Taiwan (R.O.C.)","方O治","02-25623136","","有","有"
"04291901","19740823","20210815","花蓮電子工業有限公司","HUA LIEN ELECTRONICS INDUSTRIAL CO., LTD.","花蓮縣花蓮市民享里球崙二路256號1樓","1 F., No. 256, Qiulun 2nd Rd., Minxiang Vil., Hualien City, Hualien County 97065, Taiwan (R.O.C.)","張O倫","221267","226491","無","無"
"04291917","19781116","20210815","慶嘉股份有限公司","CHING CHIA CORP.","臺北市大同區民族西路150號1樓","1 F., No. 150, Minzu W. Rd., Datong Dist., Taipei City 10364, Taiwan (R.O.C.)","郭O文","02-25940408","02-25959061","有","有"
"04292872","19881209","20210814","萬谷企業股份有限公司","WANGU ENTERPRISE COMPANY LTD.","臺北市北投區幽雅路5巷2號地下之14","No. 2, Ln. 5, Youya Rd., Beitou Dist., Taipei City 11243, Taiwan (R.O.C.)","黃O芳","02-29088421","02-29069218","有","有"
"04293133","19780316","20250304","員和工業股份有限公司","UNION CHEMICAL INDUSTRIAL CORP.","臺北市中山區德惠街9號6樓","6 F., No. 9, Dehui St., Zhongshan Dist., Taipei City 10461, Taiwan (R.O.C.)","李O青","02-25954321","02-25959698","有","有"
"04293416","19990512","20210812","華美航運股份有限公司","UNITED CHINA AIR FREIGHT CO., LTD.","臺北市內湖區舊宗路2段105號1、2樓","2 F., No. 105, Sec. 2, Jiuzong Rd., Neihu Dist., Taipei City 11494, Taiwan (R.O.C.)","彭O慶","02-27944666","02-27948313","有","有"
"04293605","20060927","20210814","明揚企業股份有限公司","MING YANG NYLON CO.","臺北市大同區延平北路3段113巷28號1樓","1 F., No. 28, Ln. 113, Sec. 3, Yanping N. Rd., Datong Dist., Taipei City 10375, Taiwan (R.O.C.)","魏O民","02-25928816","02-25857500","有","有"
"04293703","19790612","20250116","瑞仕設計印刷股份有限公司","SWISS DESIGN & PRINTING CO.","新北市板橋區中正路379巷1弄40號(1樓)","1 F., No. 40, Aly. 1, Ln. 379, Zhongzheng Rd., Banqiao Dist., New Taipei City 220038, Taiwan (R.O.C.)","陳O逸","02-25968801","","無","無"
"04294365","19741101","20230706","綿興紡織股份有限公司","MEN HSING TEXTILE CO., LTD.","臺北市大同區迪化街1段24號1樓","1 F., No. 24, Sec. 1, Dihua St., Datong Dist., Taipei City 103012, Taiwan (R.O.C.)","施O安","02-25562257","","有","有"
"04294415","19960730","20210814","台信有限公司","TAI HSIN FABRIC CO., LTD.","臺北市大同區迪化街1段21號2樓2047室","Rm. 2047, 2 F., No. 21, Sec. 1, Dihua St., Datong Dist., Taipei City 10343, Taiwan (R.O.C.)","黃O倫","02-25566257","","有","有"
"04294436","19780601","20210813","現代印染整理股份有限公司","MODERN PRINTING DYEING & FINISHING CO., LTD.","臺北市大同區西寧北路62之5號5樓之1","5 F.-1, No. 62-5, Xining N. Rd., Datong Dist., Taipei City 10343, Taiwan (R.O.C.)","李O德","02-25525396","02-25523281","有","有"
"04295245","19721221","20210814","月光貿易股份有限公司","MOON LIGHT TRADING CO., LTD.","臺北市大同區重慶北路2段64巷16號1樓","1 F., No. 16, Ln. 64, Sec. 2, Chongqing N. Rd., Datong Dist., Taipei City 10345, Taiwan (R.O.C.)","王O立","02-25550656","02-25569204","有","有"
"04295667","20010830","20210814","萬英工業有限公司","WANN ING INDUSTRY CO., LTD.","臺北市中山區民生西路425之1號2樓","2 F., No. 425-1, Minsheng W. Rd., Zhongshan Dist., Taipei City 104, Taiwan (R.O.C.)","尤O義","02-2299-3737","02-2299-2300","有","有"
"04295815","20200309","20240826","東睿貨物通運企業股份有限公司","Ray Express co., Ltd.","臺北市信義區松德路161號21樓之1","21 F.-1, No. 161, Songde Rd., Xinyi Dist., Taipei City 110032, Taiwan (R.O.C.)","賴O齊","03-3933357","","有","有"
"04295879","19880502","20230401","台北永昌印刷股份有限公司","TAIPEI YUNG CHANG PRINTING CO., LTD.","臺北市大同區重慶北路3段252巷9號1樓","1 F., No. 9, Ln. 252, Sec. 3, Chongqing N. Rd., Datong Dist., Taipei City 103043, Taiwan (R.O.C.)","施O榕","02-25932392","02-25932763","有","有"
"04295961","19920818","20230526","昌易實業股份有限公司","CHUNG YUE TEXTILE CO., LTD.","臺北市大同區迪化街1段48號11樓","11 F., No. 48, Sec. 1, Dihua St., Datong Dist., Taipei City 103003, Taiwan (R.O.C.)","邱O江","02-25558200","02-25557200","有","有"
"04296292","19760623","20210813","富隆企業股份有限公司","FULL LONG ENTERPRISE CO., LTD.","臺北市中山區錦州街315號","No. 315, Jinzhou St., Zhongshan Dist., Taipei City 10477, Taiwan (R.O.C.)","陳O銘","02-25012683","02-25053979","有","有"
"04296384","19790524","20210814","伊蒂有限公司","ELIS INDUSTRIAL CORPORATION","臺北市內湖區洲子街75號9樓","9 F., No. 75, Zhouzi St., Neihu Dist., Taipei City 11493, Taiwan (R.O.C.)","林O鋒","02-26274132","02-26275128","有","有"
"04296482","19760930","20230621","宇全產業股份有限公司","SUN MARK INDUSTRIAL CORP.","臺北市中山區南京東路3段201號7樓","7 F., No. 201, Sec. 3, Nanjing E. Rd., Zhongshan Dist., Taipei City 104506, Taiwan (R.O.C.)","顏O緯","02-27128100-5","","有","有"
"04296602","20021028","20210815","立國工商企業有限公司","LIQU WIN ENTERPRISE CO., LTD.","臺北市大安區和平東路3段63號11樓7室","Rm. 7, 11 F., No. 63, Sec. 3, Heping E. Rd., Da’an Dist., Taipei City 10675, Taiwan (R.O.C.)","魯O萍","02-2736-2110","27262112","有","有"
"04296700","19781212","20250125","美冠織造股份有限公司","MAY CROWN TEXTILE CORPORATION.","臺北市中山區南京東路2段90號4樓","4 F., No. 90, Sec. 2, Nanjing E. Rd., Zhongshan Dist., Taipei City 104491, Taiwan (R.O.C.)","丁O盛","02-25968011","02-25968173","有","有"
"04296862","20021108","20210814","台北軸承股份有限公司","TAIPEI BEARING CO., LTD.","臺北市大同區南京西路344巷37號1樓","1 F., No. 37, Ln. 344, Nanjing W. Rd., Datong Dist., Taipei City 10345, Taiwan (R.O.C.)","陳O淵","02-2559-6214","02-2559-3573","有","有"
"04297519","19991213","20210815","昭南銘版工業股份有限公司","CHAU NAN PLATE INDUSTRIAL CO., LTD.","新北市新莊區中正路853號5樓","5 F., No. 853, Zhongzheng Rd., Xinzhuang Dist., New Taipei City 24261, Taiwan (R.O.C.)","林O欽","02-22092385","","有","有"
"04297692","20061017","20210812","昆信五金有限公司","KUN HSIN HARDWARE CO., LTD.","臺北市大同區重慶北路3段223巷35號","No. 35, Ln. 223, Sec. 3, Chongqing N. Rd., Datong Dist., Taipei City 10369, Taiwan (R.O.C.)","秦O煌","02-25928431","02-25970921","有","有"
"04297898","19780919","20210813","志福企業股份有限公司","VELOUR & PILE CO., LTD.","桃園市中壢區大圳路3段151號","No. 151, Sec. 3, Dazun Rd., Zhongli Dist., Taoyuan City 32051, Taiwan (R.O.C.)","林O和","02-25924723","","有","有"
"04298186","20091204","20221122","溪水鞋釦工藝社","SISE CLOTHING METAL ACCESSORIES COMPANY","臺北市大同區長安西路278號","No. 278, Chang’an W. Rd., Datong Dist., Taipei City 103012, Taiwan (R.O.C.)","林O水","02-25583957","02-25569869","有","有"
"04298480","19790517","20241109","欣安實業股份有限公司","GREAT SHINE INDUSTRIES CO., LTD.","臺北市北投區新市街16號","No. 16, Xinshi St., Beitou Dist., Taipei City 11264, Taiwan (R.O.C.)","","02-25926530","02-25917856","無","無"
"04298974","19750303","20231216","三和合成股份有限公司","SANHO CHEMICAL CO., LTD.","高雄市路竹區中山南路1號","No. 1, Zhongshan S. Rd., Luzhu Dist., Kaohsiung City 821011, Taiwan (R.O.C.)","吳O榮","886-7-6962211-3","886-7-6961782","有","有"
"04299278","20021223","20210812","錦安商號有限公司","GIM AN CO., LTD.","新北市三重區忠孝路三段15巷34號1樓","1 F., No. 34, Ln. 15, Sec. 3, Zhongxiao Rd., Sanchong Dist., New Taipei City 24162, Taiwan (R.O.C.)","陳O卿","89830202","89830505","有","有"
"04299447","20091016","20210813","劉福摩托車有限公司","LIU FU MOTOR CO., LTD.","臺北市萬華區中華路2段12號1樓","1 F., No. 12, Sec. 2, Zhonghua Rd., Wanhua Dist., Taipei City 10862, Taiwan (R.O.C.)","劉O安","02-23122326","","有","有"
"04300113","19870310","20210814","青宏企業有限公司","CHAIN HOMER ENTERPRISES CO., LTD.","臺北市大同區承德路3段127號1樓","1 F., No. 127, Sec. 3, Chengde Rd., Datong Dist., Taipei City 10364, Taiwan (R.O.C.)","張O芳","02-25918811","","有","有"
"04301295","19860902","20210812","協仲企業有限公司","HSIEA CHONG ENTERPRISES CO., LTD.","臺北市大同區承德路3段171號2樓","2 F., No. 171, Sec. 3, Chengde Rd., Datong Dist., Taipei City 10365, Taiwan (R.O.C.)","李O歷","02-25968700","02-25928003","有","有"
"04301485","19790724","20221201","佳豐機械設計工業股份有限公司","UNITED SEATING INDUSTRIAL & DESIGN CO., LTD.","新北市三芝區田心子26之1號","No. 26-1, Tianxinzi, Sanzhi Dist., New Taipei City 252001, Taiwan (R.O.C.)","高O伶","02-2637-2595","02-2637-2869","有","有"
"04301491","19790310","20221111","莎美娜實業股份有限公司","SABRINA FASHION INDUSTRIAL CORP.","新北市新店區北新路3段207之5號9樓","9 F., No. 207-5, Sec. 3, Beixin Rd., Xindian Dist., New Taipei City 231030, Taiwan (R.O.C.)","周O聆","8913-1415","8913-2120","有","有"
"04301725","20020919","20210813","千通遊覽有限公司","SCREENINGS CO., LTD.","臺北市大安區和平東路2段203號6樓之1","6 F.-1, No. 203, Sec. 2, Heping E. Rd., Da’an Dist., Taipei City 10664, Taiwan (R.O.C.)","張O芬","05-7887307","05-7887306","有","有"
"04301794","19741206","20220713","台灣富綢纖維股份有限公司","TAIWAN TAFFETA FABRIC CO., LTD.","臺北市大同區西寧北路70-1號8樓","8 F., No. 70-1, Xining N. Rd., Datong Dist., Taipei City 10342, Taiwan (R.O.C.)","莊O銘","02-25568282","02-25597309","有","有"
"04301859","19920610","20230627","慶寶企業股份有限公司","CHAIN PROFIT ENTERPRISES CO., LTD.","臺北市大同區重慶北路3段235之1號","No. 235-1, Sec. 3, Chongqing N. Rd., Datong Dist., Taipei City 103029, Taiwan (R.O.C.)","黃O然","02-25968191","02-25942647","有","有"
"04302132","19790306","20250415","欣洲股份有限公司","SHEN JOU & CO., LTD.","臺北市中山區松江路50號8樓","8 F., No. 50, Songjiang Rd., Zhongshan Dist., Taipei City 104094, Taiwan (R.O.C.)","楊O美","02-25927583","","無","無"
"04302219","19740806","20230712","國興機電股份有限公司","KO SHIN ELECTRIC & MACHINERY CO., LTD.","臺北市大同區重慶北路3段230號","No. 230, Sec. 3, Chongqing N. Rd., Datong Dist., Taipei City 103043, Taiwan (R.O.C.)","陳O佑","02-25948311","02-25914209","有","有"
"04303977","19940203","20221127","國棋五金機械有限公司","KUO CHYI MACHINERY CO., LTD.","新北市三重區中興北路136巷18弄6號","No. 6, Aly. 18, Ln. 136, Zhongxing N. St., Sanchong Dist., New Taipei City 241022, Taiwan (R.O.C.)","林O儀","02-29950219","","無","無"
"04304770","20070213","20241030","茂東國際企業有限公司","PRO-EAST WORLD, INC.","新北市新店區北新路2段228巷10號2樓","2 F., No. 10, Ln. 228, Sec. 2, Beixin Rd., Xindian Dist., New Taipei City 231007, Taiwan (R.O.C.)","","02-25565678","02-25503567","無","無"
"04304960","19850531","20220903","鉅仁企業有限公司","KEI-KING ENTERPRISE CO., LTD.","臺北市中山區中山北路3段27號12樓之2","12 F.-2, No. 27, Sec. 3, Zhongshan N. Rd., Zhongshan Dist., Taipei City 104429, Taiwan (R.O.C.)","吳O錫","02-25951131","25955361","有","有"
"04305102","19780602","20210813","仁湧紡織股份有限公司","J.JOHN TEXTILE CO., LTD.","桃園市楊梅區高山里青年路1號","No. 1, Qingnian Rd., Gaoshan Vil., Yangmei Dist., Taoyuan City 32657, Taiwan (R.O.C.)","周O暉","03-4641582","03-4641954","有","有"
"04305237","20000721","20210813","王瑞珍茶業有限公司","WANG RWEI JEN TEA CO., LTD.","臺北市大同區歸綏街301號1樓","1 F., No. 301, Guisui St., Datong Dist., Taipei City 10347, Taiwan (R.O.C.)","王O珊","02-25578713","02-25532711","有","有"
"04305551","19790917","20221117","泉萬機器工業股份有限公司","CHUAN WAN MACHINERY INDUSTRIAL CO., LTD.","臺北市大同區承德路1段17號16樓之1","16 F.-1, No. 17, Sec. 1, Chengde Rd., Datong Dist., Taipei City 103613, Taiwan (R.O.C.)","陳O裕","02-25582236","02-25592167","有","有"
"04305665","19790105","20210812","建渠實業股份有限公司","GENTRY TRADING CO., LTD.","臺北市中正區水源路55號12樓","12 F., No. 55, Shuiyuan Rd., Zhongzheng Dist., Taipei City 10081, Taiwan (R.O.C.)","施O智","02-23677456","","有","有"
"04308163","19960618","20220429","顯傑化工股份有限公司","LYSURF CHEMICAL CO., LTD.","桃園市觀音區大同一路9號","No. 9, Datong 1st Rd., Guanyin Dist., Taoyuan City 32849, Taiwan (R.O.C.)","許O奇","02-22997880","02-22997883","有","有"
"04308375","20040720","20210812","佳懋實業有限公司","GEMO CORPORATION","新北市中和區員山路327巷68號5樓","5 F., No. 68, Ln. 327, Yuanshan Rd., Zhonghe Dist., New Taipei City 23552, Taiwan (R.O.C.)","鄭O銘","02-82216675","02-82216676","有","有"
"04308451","19920430","20221119","元利水電工程股份有限公司","YUAN LIH ELECTRICAL ENGINEERING CO., LTD.","臺北市北投區大興街55號","No. 55, Daxing St., Beitou Dist., Taipei City 112030, Taiwan (R.O.C.)","潘O義","02-28979933","02-28916611","有","有"
"04308537","19721123","20210815","瑞鋼貿易股份有限公司","SWEDISH TRADING CO., LTD.","臺北市大同區南京西路76號3樓之3","3 F.-3, No. 76, Nanjing W. Rd., Datong Dist., Taipei City 10352, Taiwan (R.O.C.)","盧O鑑","02-25591313","02-25591311","有","有"
"04308810","20020401","20240514","滋生青草店","FUYUAN RICE-HUSKING MILL","臺北市大同區民樂街8號","No. 8, Minle St., Datong Dist., Taipei City 103005, Taiwan (R.O.C.)","李O欣","05-5912050","05-5346010","有","有"
"04309120","19970418","20210815","新士實業股份有限公司","SHIN SYH INDUSTRIAL CO., LTD.","新北市樹林區中華路379巷19弄2號1樓","1 F., No. 2, Aly. 19, Ln. 379, Zhonghua Rd., Shulin Dist., New Taipei City 23858, Taiwan (R.O.C.)","劉O敏","02-86864928","02-86857885","有","有"
"04309634","19830420","20210814","雅順工業股份有限公司","YEAR SUN INDUSTRY CO., LTD.","新北市三重區光復路2段80號5樓之3","5 F.-3, No. 80, Sec. 2, Guangfu Rd., Sanchong Dist., New Taipei City 24158, Taiwan (R.O.C.)","郭O融","02-25921444","","有","有"
"04309819","19911119","20230711","濟生股份有限公司","CHISENG HONG LTD.","臺北市大同區安西街116號","No. 116, Anxi St., Datong Dist., Taipei City 103004, Taiwan (R.O.C.)","陳O志","02-25533107","02-25575779","有","有"
"04310203","19820225","20210815","仁川國藥有限公司","CHERN EAN CO., LTD.","臺北市大同區西寧北路56號","No. 56, Xining N. Rd., Datong Dist., Taipei City 10343, Taiwan (R.O.C.)","戴O宇","02-25566169","02-25590504","有","有"
"04310365","20020517","20210812","仙盈企業有限公司","KIDDYLAND ENTERPRISES, LTD.","臺北市大同區大龍街36號","No. 36, Dalong St., Datong Dist., Taipei City 10362, Taiwan (R.O.C.)","張O智","25967718","25930582","無","無"
"04310533","19841015","20230111","瑞昶貿易股份有限公司","TAIWAN J. & C. TRADING CO., LTD.","新北市五股區五工二路116巷9號","No. 9, Ln. 116, Wugong 2nd Rd., Wugu Dist., New Taipei City 248018, Taiwan (R.O.C.)","劉O銘","02-2298-3888","02-2298-3666","有","有"
"04310822","20031107","20210813","金霸實業股份有限公司","KING PAN ENTERPRISE CO., LTD","新北市三重區重新路3段105號5樓","5 F., No. 105, Sec. 3, Chongxin Rd., Sanchong Dist., New Taipei City 24141, Taiwan (R.O.C.)","林O弘","02-2985-1071","02-2988-3108","有","有"
"04310837","19780912","20210815","朝泰實業股份有限公司","SUNBLESS ENTERPRISE CO., LTD.","新北市新莊區新豐街34號1樓","1 F., No. 34, Xinfeng St., Xinzhuang Dist., New Taipei City 24244, Taiwan (R.O.C.)","林O吉","02-22016593","02-201-9324","有","有"
"04310885","19960604","20220425","台灣愛佳寶有限公司","K & J WANG BROS CO.","臺北市大同區大龍街194號1樓","1 F., No. 194, Dalong St., Datong Dist., Taipei City 10369, Taiwan (R.O.C.)","王O唐","02-25942103","02-25916429","有","有"
"04312878","19790514","20240913","和益化學工業股份有限公司","Formosan Union Chemical CORP.","臺北市萬華區柳州街80號7樓","7 F., No. 80, Liuzhou St., Wanhua Dist., Taipei City 108012, Taiwan (R.O.C.)","黃O材","02-25071234","02-25071664","有","有"
"04313172","19801022","20210815","光泉牧場股份有限公司","KUANG CHUAN DAIRY CO., LTD.","臺北市內湖區瑞光路502號4樓","4 F., No. 502, Ruiguang Rd., Neihu Dist., Taipei City 11492, Taiwan (R.O.C.)","汪O祥","02-8751-8788","02-6600-9522","有","有"
"04313779","19931110","20210815","日勝齒輪工廠股份有限公司","JIH SHENG GEAR WORKS CORP.","臺北市大同區重慶北路3段137巷41號1樓","1 F., No. 41, Ln. 137, Sec. 3, Chongqing N. Rd., Datong Dist., Taipei City 10364, Taiwan (R.O.C.)","楊O仁","02-25942096","","有","有"
"04314159","19950516","20210812","大化布行有限公司","HO-TIA CO., LTD.","臺北市大同區迪化街1段4號","No. 4, Sec. 1, Dihua St., Datong Dist., Taipei City 10343, Taiwan (R.O.C.)","楊O玉","02-25596387","","有","有"
"04314284","19831227","20210814","榮珍針織股份有限公司","LUNG CHEN KNITTING CO., LTD.","新北市中和區中正路786號13樓","13 F., No. 786, Zhongzheng Rd., Zhonghe Dist., New Taipei City 23586, Taiwan (R.O.C.)","黃O興","02-3234-0205","02-3234-0181","有","有"
"04314518","19960419","20221025","峰裕工業有限公司","FONG YU INDUSTRIAL CO., LTD.","桃園市觀音區中山路1段887號","No. 887, Sec. 1, Zhongshan Rd., Guanyin Dist., Taoyuan City 32842, Taiwan (R.O.C.)","黃O智","03-2825508","03-2825510","有","有"
"04314524","19860116","20210814","達英企業有限公司","DA ING ENTERPRISE CO., LTD.","新北市三重區重新路5段627巷7號","No. 7, Ln. 627, Sec. 5, Chongxin Rd., Sanchong Dist., New Taipei City 24158, Taiwan (R.O.C.)","蔡O福","02-22782938","02-22782296","有","有"
"04314833","19880917","20210815","麟鑫貿易有限公司","LYNCEAN TRADING CO., LTD.","臺北市內湖區瑞光路258巷2號9樓","9 F., No. 2, Ln. 258, Ruiguang Rd., Neihu Dist., Taipei City 11491, Taiwan (R.O.C.)","黃O祥","02-25626932","02-22228700","有","有"
"04316380","19810619","20220709","鴻傑股份有限公司","SAN YAN SPRING BED CO., LTD.","新北市新莊區五工三路93號2樓","2 F., No. 93, Wugong 3rd Rd., Xinzhuang Dist., New Taipei City 248019, Taiwan (R.O.C.)","陳O飛","03-4331219","03-4639542","有","有"
"04317466","20120117","20230515","豪倡化工股份有限公司","HAO CHANG CHEMICAL CO., LTD.","臺北市松山區復興北路201號5樓之2","5 F.-2, No. 201, Fuxing N. Rd., Songshan Dist., Taipei City 105403, Taiwan (R.O.C.)","黃O樹","02-27139017","02-27194493","無","無"
"04317521","19900912","20210815","坤溢企業股份有限公司","KUNYEE INDUSTRIAL LTD.","臺北市大同區大龍街22巷2號","No. 2, Ln. 22, Dalong St., Datong Dist., Taipei City 10362, Taiwan (R.O.C.)","邱O香","02-25948345","02-25968846","有","有"
"04317629","19790516","20220317","震易股份有限公司","GREATION MANUFACTURING INC.","桃園市蘆竹區南青路1156巷5號","No. 5, Ln. 1156, Nanqing Rd., Luzhu Dist., Taoyuan City 33855, Taiwan (R.O.C.)","黃O中","02-26592800","02-26592951","有","有"
"04317867","19781030","20210813","豪商企業有限公司","GOSHO TRADING CO., LTD.","臺北市松山區南京東路4段17號7樓之1","7 F.-1, No. 17, Sec. 4, Nanjing E. Rd., Songshan Dist., Taipei City 10550, Taiwan (R.O.C.)","張O和","02-27136268","","有","有"
"04318205","19950621","20220427","惠吉有限公司","HUICHISEN CO., LTD.","臺北市大同區民權西路238號8樓","8 F., No. 238, Minquan W. Rd., Datong Dist., Taipei City 10357, Taiwan (R.O.C.)","詹O瑜","02-25532366","02-25577766","有","有"
"04318303","19790301","20240928","亞美海洋有限公司","SINO-AMERICAN OFFSHORE SUPPLIES LTD.","臺北市松山區南京東路4段103號8樓之2","8 F.-2, No. 103, Sec. 4, Nanjing E. Rd., Songshan Dist., Taipei City 105023, Taiwan (R.O.C.)","劉O娜","07-3392158","07-3392159","有","有"
"04319083","19671116","20210813","震隆貿易股份有限公司","JEENLON TRADING CO., LTD.","新北市五股區五工二路116巷9號","No. 9, Ln. 116, Wugong 2nd Rd., Wugu Dist., New Taipei City 24888, Taiwan (R.O.C.)","劉O傑","02-2298-3888","02-2298-3666","有","有"
"04319302","19790413","20210815","華聲電子工業股份有限公司","FARSONICS SOLID STATE CO., LTD.","臺北市大同區重慶北路3段276號11樓","11 F., No. 276, Sec. 3, Chongqing N. Rd., Datong Dist., Taipei City 10372, Taiwan (R.O.C.)","張O欽","02-25961524-6","","有","有"
"04319794","19780907","20230509","實力機械五金股份有限公司","SHIH LI MACHINE & HARDWARE CO., LTD.","臺北市信義區基隆路1段380號3樓","3 F., No. 380, Sec. 1, Keelung Rd., Xinyi Dist., Taipei City 110053, Taiwan (R.O.C.)","王O幸","886-2-27589175","886-2-2758-3564","有","有"
"04319865","19780710","20240821","東山茶業有限公司","TONG SAN TEA FACTORY LTD.","臺北市大同區寧夏路97號2樓","2 F., No. 97, Ningxia Rd., Datong Dist., Taipei City 103024, Taiwan (R.O.C.)","","02-25573118","","無","無"
"04320069","19961231","20210813","柚明藥品化工有限公司","YU MING DRUG & CHEMICAL CO., LTD.","臺北市大同區重慶北路3段173號1樓","1 F., No. 173, Sec. 3, Chongqing N. Rd., Datong Dist., Taipei City 10369, Taiwan (R.O.C.)","林O誼","02-25931859","02-25948598","有","有"
"04320791","20020920","20220624","梅卿肉店","MEI CHING MEAT STORE","臺北市大同區民權西路273號","No. 273, Minquan W. Rd., Datong Dist., Taipei City 10376, Taiwan (R.O.C.)","林O祥","02-25213771","","有","有"
"04321623","19761229","20210813","崇岱企業股份有限公司","EVER LIGHT BAN HON INC.","臺中市西屯區河南路二段262號12樓之8","12 F.-8, No. 262, Sec. 2, Henan Rd., Xitun Dist., Taichung City 40744, Taiwan (R.O.C.)","陳O成","27200033","27290321","有","有"
"04321692","20020920","20210812","淵源肉店","YUAN YUAN MEAT STORE","臺北市大同區民權西路公有大橋綜合市場94號攤位","No. 94, Minquan W. Rd., Datong Dist., Taipei City 10365, Taiwan (R.O.C.)","張O源","02-25213771","","有","有"
"04322046","19780609","20230620","英業達股份有限公司","INVENTEC CORPORATION","臺北市士林區後港街66號","No. 66, Hougang St., Shilin Dist., Taipei City 111059, Taiwan (R.O.C.)","葉O誠","02-28810721","02-28828086","有","有"
"04322398","19880427","20230316","衡昌藝品實業股份有限公司","FINEMAX CO., LTD.","臺北市內湖區文湖街81巷22號8樓","8 F., No. 22, Ln. 81, Wenhu St., Neihu Dist., Taipei City 114005, Taiwan (R.O.C.)","房O泰","02-23944415","02-86926510","有","有"
"04322453","19801007","20210812","火牛企業股份有限公司","FOR NEW ENTERPRISES CORP.","臺北市士林區重慶北路4段90號1樓","1 F., No. 90, Sec. 4, Chongqing N. Rd., Shilin Dist., Taipei City 11164, Taiwan (R.O.C.)","林O湧","02-28131800","","有","有"
"04322762","20190122","20210815","志祥國際企業有限公司","Chih Hsiang international limited","臺北市大同區民樂街73號","No. 73, Minle St., Datong Dist., Taipei City 10344, Taiwan (R.O.C.)","吳O道惠","02-25590936","02-25569356","有","有"
"04323158","19860523","20220129","雙冠企業股份有限公司","SWAN KUWAN ENTERPRISE CO., LTD.","臺北市大安區忠孝東路4段148號8樓之5","8F.-5, No. 148, Sec. 4, Zhongxiao E. Rd., Da’an Dist., Taipei City 10627, Taiwan (R.O.C.)","王O弘","27312366","27312365","有","有"
"04323517","20040930","20210814","雷力電機有限公司","RENY ELECTRIC CO., LTD.","臺北市萬華區雙園街67巷3弄2號1樓","1 F., No. 2, Aly. 3, Ln. 67, Shuangyuan St., Wanhua Dist., Taipei City 10884, Taiwan (R.O.C.)","林O祺","02-2308-2858","02-2306-2115","有","有"
"04324494","19920226","20210814","國富彩色印刷股份有限公司","KOU FU COLOR PRINTING CO., LTD.","新北市樹林區大義路230號6樓","6 F., No. 230, Dayi Rd., Shulin Dist., New Taipei City 23854, Taiwan (R.O.C.)","游O雪嬌","02-26800383","02-26800320","有","有"
"04324760","19880429","20231013","宜星企業有限公司","IPSILON CO., LTD.","臺北市萬華區開封街2段36號5樓之3","5 F.-3, No. 36, Sec. 2, Kaifeng St., Wanhua Dist., Taipei City 10841, Taiwan (R.O.C.)","黃O芽","02-23148572","02-23318436","有","有"
"04324895","19750702","20211117","金慧貿易有限公司","KINT FLY TRADING CO., LTD.","桃園市大溪區普濟路72號1樓","1 F., No. 72, Puji Rd., Daxi Dist., Taoyuan City 33541, Taiwan (R.O.C.)","江O諭","03-3883444","","有","有"
"04324972","19840611","20211109","偉豐纖維有限公司","WAI FUNG FIBER CO., LTD.","臺北市大同區民樂街97號1樓","1 F., No. 97, Minle St., Datong Dist., Taipei City 10344, Taiwan (R.O.C.)","吳O徹","02-25624177","","有","有"
"04325108","19880810","20230512","皇銘五金有限公司","HUOM MING METAL CO., LTD.","新北市五股區成泰路3段607號（2樓）","2F., No. 607, Sec. 3, Chengtai Rd., Wugu Dist.,  New Taipei City 248001, Taiwan (R.O.C.)","陳O明","02-22928581","02-22928592","有","有"
"04325228","19870817","20210814","勝華國際開發股份有限公司","SHENG HUA INTERNATIONAL DEVELOPMENT CO., LTD.","臺北市中山區中山北路2段45巷23號7樓","7 F., No. 23, Ln. 45, Sec. 2, Zhongshan N. Rd., Zhongshan Dist., Taipei City 10450, Taiwan (R.O.C.)","陳O順","02-25641656","02-25219753","有","有"
"04326036","19850311","20210814","漢克股份有限公司","HANK COMPANY LTD.","臺北市中正區新生南路1段122號4樓","4 F., No. 122, Sec. 1, Xinsheng S. Rd., Zhongzheng Dist., Taipei City 10062, Taiwan (R.O.C.)","廖O亮","02-23514374","","有","有"
"04326726","20181203","20221008","欣新印刷文具股份有限公司","DSIN Printing Co, LTD.","新北市中和區板南路667號5樓","5 F., No. 667, Bannan Rd., Zhonghe Dist., New Taipei City 235030, Taiwan (R.O.C.)","周O絨","02-25950036#35","02-25950038","無","無"
"04327210","19810420","20210814","自力企業有限公司","CLEVER STONE ENTERPRISE CO., LTD.","臺北市大同區重慶北路3段113巷19號1樓","1 F., No. 19, Ln. 113, Sec. 3, Chongqing N. Rd., Datong Dist., Taipei City 10362, Taiwan (R.O.C.)","吳O綉","02-25943923","","有","有"
"04327231","20030207","20240113","明豐科技股份有限公司","MAN FORCE TECHNOLOGY CO., LTD.","臺北市萬華區康定路20號10樓之8","10F.-8, No. 20, Kangding Rd., Wanhua Dist., Taipei City 10843, Taiwan (R.O.C.)","","02-25930309","02-8771-6714","無","無"
"04327669","19830822","20210813","力春實業股份有限公司","LIH CHUN ENTERPRISE CORP.","臺北市大同區承德路3段58號6樓之3","6 F.-3, No. 58, Sec. 3, Chengde Rd., Datong Dist., Taipei City 10363, Taiwan (R.O.C.)","郭O城","02-25912118","","有","有"
"04327859","19781226","20230706","臺鍊企業股份有限公司","TAIREN ENTERPRISE CO., LTD.","臺北市中正區漢口街1段82號5樓","5 F., No. 82, Sec. 1, Hankou St., Zhongzheng Dist., Taipei City 100006, Taiwan (R.O.C.)","陳O雄","02-23147311-3","02-23885346","有","有"
"04327921","19940812","20210812","大豐工業縫衣機股份有限公司","TAH FENG INDUSTRIAL SEWING MACHINE CO., LTD.","新北市三重區重陽路三段四九號一樓","1 F., No. 49, Sec. 3, Chongyang Rd., Sanchong Dist., New Taipei City 24145, Taiwan (R.O.C.)","楊O勳","02-29836322","02-29836323","有","有"
"04328175","19741205","20230211","明社貿易有限公司","MING SHEH TRADING CO., LTD.","新北市永和區自強街12號2樓","2 F., No. 12, Ziqiang St., Yonghe Dist., New Taipei City 234022, Taiwan (R.O.C.)","洪O光","02-22233771","02-22223336","無","無"
"04328610","19831212","20210814","軍達企業股份有限公司","CIUN TA ENTERPRISE CO., LTD.","臺北市大同區重慶北路3段91號1樓","1 F., No. 91, Sec. 3, Chongqing N. Rd., Datong Dist., Taipei City 10362, Taiwan (R.O.C.)","林O明","02-25941188","02-25977636","有","有"
"04329104","19910201","20210815","固特企業股份有限公司","GOOD EDUCATIONAL TRAINER SYSTEM CO., LTD.","臺北市大同區承德路3段58號8樓之1","8 F.-1, No. 58, Sec. 3, Chengde Rd., Datong Dist., Taipei City 10363, Taiwan (R.O.C.)","廖O廷","02-25911039","02-25951731","有","有"
"04329168","19801128","20221021","海韻電子工業股份有限公司","SEA SONIC ELECTRONICS CO., LTD.","臺北市內湖區內湖路1段360巷17號8樓","8 F., No. 17, Ln. 360, Sec. 1, Neihu Rd., Neihu Dist., Taipei City 114683, Taiwan (R.O.C.)","張O誠","02-26590338","02-26590530","有","有"
"04329575","19840613","20230324","錦苑實業有限公司","GIMWAN INDUSTRIAL CO., LTD.","宜蘭縣五結鄉清水路15巷22號","No. 22, Ln. 15, Qingshui Rd., Wujie Township, Yilan County 268034, Taiwan (R.O.C.)","許O勳","02-22403137","02-27112626","有","有"
"04329809","19781117","20210815","英博實業有限公司","YING POL INDUSTRIAL CORP.","臺北市大同區承德路3段229號4樓405室","Rm. 405, 4 F., No. 229, Sec. 3, Chengde Rd., Datong Dist., Taipei City 10366, Taiwan (R.O.C.)","張O江","02-2591-0295","02-2597-0362","有","有"
"04330313","20030512","20250326","明泰實業有限公司","LUX JOINT CO., LTD.","新北市淡水區中正東路1段3巷33、41號4樓","4 F., No. 41, Ln. 3, Sec. 1, Zhongzheng E. Rd., Tamsui Dist., New Taipei City 251007, Taiwan (R.O.C.)","高O翔","02-2591-1185","02-2596-6768","有","有"
"04330720","19940224","20230429","北興塑膠有限公司","PEI HSING PLASTIC CO., LTD.","臺北市大同區重慶北路2段31號1樓","1 F., No. 31, Sec. 2, Chongqing N. Rd., Datong Dist., Taipei City 103019, Taiwan (R.O.C.)","黃O興","02-25551146","","有","有"
"04330968","19770720","20210813","欣明實業股份有限公司","GOLDEN PEACOCK INDUSTRIAL CO., LTD.","新北市三重區重新路4段97號28樓之1","28 F.-1, No. 97, Sec. 4, Chongxin Rd., Sanchong Dist., New Taipei City 24161, Taiwan (R.O.C.)","何O欣","02-29733368","02-29733018","有","有"
"04331241","19880423","20210815","昇村企業有限公司","RIFE ENTERPRISE CO., LTD.","臺北市大同區民樂街99號","No. 99, Minle St., Datong Dist., Taipei City 10344, Taiwan (R.O.C.)","楊O村","02-25550863","02-25564131","有","有"
"04332229","19780617","20210814","瑞雨貿易有限公司","PANNEX INTERNATIONAL CORP.","臺北市大安區信義路4段296號10樓","10 F., No. 296, Sec. 4, Xinyi Rd., Da’an Dist., Taipei City 10679, Taiwan (R.O.C.)","徐O欽","02-27556185","","有","有"
"04332516","20220802","20220802","泉發鐵工廠有限公司","chuan fa iron factory co., ltd.","新北市新莊區化成路287號","No. 287, Huacheng Rd., Xinzhuang Dist., New Taipei City 242042, Taiwan (R.O.C.)","余O樑","02-85211234","","有","有"
"04332797","19780913","20230802","台灣優氏企業股份有限公司","UC GROUP LIMITED","臺北市內湖區新湖一路360號1樓","1 F., No. 360, Xinhu 1st Rd., Neihu Dist., Taipei City 114065, Taiwan (R.O.C.)","陳O","02-27942588","02-27943789","有","有"
"04333064","19890511","20240321","天馬服裝材料有限公司","HEAVENLY HORSE CO., LTD.","臺北市大同區南京西路155巷29號1樓","1 F., No. 29, Ln. 155, Nanjing W. Rd., Datong Dist., Taipei City 10345, Taiwan (R.O.C.)","","02-25365167","","無","無"
"04333563","19740830","20210812","宏昭貿易有限公司","HUNG JAU TRADING CO., LTD.","臺北市大同區歸綏街209號7樓之5","7 F.-5, No. 209, Guisui St., Datong Dist., Taipei City 10346, Taiwan (R.O.C.)","黃O雄","02-25577187","02-25577189","有","有"
"04334514","19880120","20220222","培頓企業有限公司","BAYTON ENTERPRISES CO., LTD.","臺北市中正區忠孝東路1段76號12樓之1","12F.-1, No. 76, Sec. 1, Zhongxiao E. Rd., Zhongzheng Dist., Taipei City 10050, Taiwan (R.O.C.)","賴O美","02-25850259","","有","有"
"04334845","20160415","20210813","力宏營造股份有限公司","LI HO CONSTRUCTION CO., LTD.","臺北市大同區重慶北路1段22號11樓","11 F., No. 22, Sec. 1, Chongqing N. Rd., Datong Dist., Taipei City 10350, Taiwan (R.O.C.)","王O誠","02-25568579","2558-6783","有","有"
"04335268","19751004","20210812","啟弘貿易股份有限公司","CHIHO TRADING CO., LTD.","新北市五股區五權七路32號","No. 32, Wuquan 7th Rd., Wugu Dist., New Taipei City 24890, Taiwan (R.O.C.)","陳O彩雲","02-2299-9518","02-2299-9519","有","有"
"04335963","19940609","20230114","模登寶貝股份有限公司","MODA IN BABY CO., LTD.","臺北市士林區重慶北路4段79號4樓之8","4 F.-8, No. 79, Sec. 4, Chongqing N. Rd., Shilin Dist., Taipei City 111061, Taiwan (R.O.C.)","許O雱","02-2812-9763","02-2811-8257","無","無"
"04336225","19801120","20210812","鑫村貿易有限公司","KANEMURA TRADING CO., LTD.","臺北市大同區承德路3段225巷3號1樓","1 F., No. 3, Ln. 225, Sec. 3, Chengde Rd., Datong Dist., Taipei City 10365, Taiwan (R.O.C.)","傅O雄","02-25912362","02-25959532","有","有"
"04336528","19990622","20210814","昇廣工業股份有限公司","SHENG KUANG INDUSTRIAL CO., LTD.","臺北市士林區通河西街2段225號","No. 225, Sec. 2, Tonghe W. St., Shilin Dist., Taipei City 11175, Taiwan (R.O.C.)","張O隆","02-28125192","02-28133251","有","有"
"04336581","19790626","20210815","世杰有限公司","CHI CHIEH INTERNATIONAL CO., LTD.","新北市鶯歌區鶯桃路67巷9號1樓","1 F., No. 9, Ln. 67, Yingtao Rd., Yingge Dist., New Taipei City 23942, Taiwan (R.O.C.)","朱O良","02-86775488","02-86775489","有","有"
"04336597","19770620","20240917","長鼎工業股份有限公司","LIANGS BROTHERS INDUSTRIAL CO., LTD.","新北市鶯歌區德昌街201號","No. 201, Dechang St., Yingge Dist., New Taipei City 239015, Taiwan (R.O.C.)","梁O浩","02-2670-4288","02-2670-1345","有","有"
"04336843","19810430","20221210","美諾企業股份有限公司","TAIWAN MINO GROUP CO., LTD.","臺北市大同區蘭州街53號1樓","1 F., No. 53, Lanzhou St., Datong Dist., Taipei City 103025, Taiwan (R.O.C.)","花O雄","02-25968337","","有","有"
"04336920","19960108","20210814","東浩有限公司","TUNG HAOU CO., LTD.","新北市新莊區華興街33號","No. 33, Huaxing St., Xinzhuang Dist., New Taipei City 24256, Taiwan (R.O.C.)","張O峰","02-2296-7014","02-2297-4133","有","有"
"04337907","19831022","20210814","海育實業有限公司","HIGER CHEMICAL INDUSTRY CO., LTD.","臺北市大安區新生南路3段19巷19號1樓","1 F., No. 19, Ln. 19, Sec. 3, Xinsheng S. Rd., Da’an Dist., Taipei City 10660, Taiwan (R.O.C.)","高O國","02-25918226","034-224276","有","有"
"04338167","19781120","20210813","衡德貿易有限公司","HENG TEH MERCANTILE CO., LTD.","新北市中和區中正路738號5樓之1","5 F.-1, No. 738, Zhongzheng Rd., Zhonghe Dist., New Taipei City 23511, Taiwan (R.O.C.)","林O玉","82269440","","有","有"
"04338238","19800815","20210813","得望股份有限公司","NEWMAN, HOPE & CO., INC.","新北市淡水區中正東路2段29之2號31樓","31 F., No. 29-2, Sec. 2, Zhongzheng E. Rd., Tamsui Dist., New Taipei City 25170, Taiwan (R.O.C.)","徐O花","02-28765517","02-28765527","有","有"
"04338666","19721204","20210815","見通貿易股份有限公司","KEN TONG TRADING CO., LTD.","臺北市大同區重慶北路2段43號","No. 43, Sec. 2, Chongqing N. Rd., Datong Dist., Taipei City 10356, Taiwan (R.O.C.)","曹O興","02-25553566","02-25596349","有","有"
"04338856","19990512","20230111","宏榮企業社","HUNG RONG ENTERPRISE CO.","臺北市士林區中山北路5段811巷30弄6號3樓","3 F., No. 6, Aly. 30, Ln. 811, Sec. 5, Zhongshan N. Rd., Shilin Dist., Taipei City 111042, Taiwan (R.O.C.)","謝O琳","02-2831-4936","","無","無"
"04339089","20060607","20210813","成昌印刷事業股份有限公司","CHENG CHANG PRINTING CO., LTD.","臺北市大同區延平北路4段179巷8號1樓","1 F., No. 8, Ln. 179, Sec. 4, Yanping N. Rd., Datong Dist., Taipei City 10372, Taiwan (R.O.C.)","謝O娟娟","02-25932293","02-25929375","有","有"
"04339356","19760731","20240517","鴻明實業股份有限公司","HUNG MING ENTERPRISES CO., LTD.","臺北市士林區延平北路6段475號12樓","12 F., No. 475, Sec. 6, Yanping N. Rd., Shilin Dist., Taipei City 111070, Taiwan (R.O.C.)","黃O穎","02-28383711","02-28383263","有","有"
"04339460","19770303","20221111","志新貿易有限公司","UNIVERSTAR ORTHODOX CO., LTD.","臺北市中山區建國北路2段88號6樓","6 F., No. 88, Sec. 2, Jianguo N. Rd., Zhongshan Dist., Taipei City 104073, Taiwan (R.O.C.)","林O山","02-25023331","02-25041094","有","有"
"04339530","19780713","20210813","台辰股份有限公司","TAI SHEEN CO., LTD.","臺北市中山區吉林路12巷23號","No. 23, Ln. 12, Jilin Rd., Zhongshan Dist., Taipei City 10457, Taiwan (R.O.C.)","陳O源","02-25210771","","有","有"
"04339617","19790705","20240705","恩啟實業有限公司","WINKIE CORPORATION","臺北市中正區延平南路226號5樓之1","5 F.-1, No. 226, Yanping S. Rd., Zhongzheng Dist., Taipei City 10065, Taiwan (R.O.C.)","張O慈","02-2311-1213","","有","有"
"04340023","19830915","20210813","齊昇企業有限公司","PLASART ENTERPRISE CO., LTD.","臺北市中山區復興北路432號4樓","4 F., No. 432, Fuxing N. Rd., Zhongshan Dist., Taipei City 10476, Taiwan (R.O.C.)","曾O偉","02-25156753","02-25156761","有","有"
"04340591","19781219","20210813","宗億興業股份有限公司","TZONG YEE INDUSTRIAL CO., LTD.","新北市三重區新北大道2段91號","No. 91, Sec. 2, New Taipei Blvd., Sanchong Dist., New Taipei City 24158, Taiwan (R.O.C.)","林O麗","02-29959900","","有","有"
"04340760","20110120","20210813","德興茶業有限公司","DER SHINGE TEA CO., LTD.","臺北市大同區重慶北路2段70巷13號","No. 13, Ln. 70, Sec. 2, Chongqing N. Rd., Datong Dist., Taipei City 10345, Taiwan (R.O.C.)","蔡O燈","02-25598268","02-25599008","有","有"
"04341260","19981002","20210814","義信縫機有限公司","YI HSIN SEWING MACHINE CO., LTD.","臺北市大同區重慶北路3段191巷12號1樓","1 F., No. 12, Ln. 191, Sec. 3, Chongqing N. Rd., Datong Dist., Taipei City 10369, Taiwan (R.O.C.)","王O義","02-25931811","02-25931868","有","有"
"04341304","19910723","20210814","金賢發機械有限公司","CHIN HSIEN FA MACHINERY CO., LTD.","新北市新莊區思源路94巷17號1樓","1 F., No. 17, Ln. 94, Siyuan Rd., Xinzhuang Dist., New Taipei City 24250, Taiwan (R.O.C.)","張O發","02-29911949","","有","有"
"04341466","20000315","20210813","福貿行纖維有限公司","FULMAU FIBER CO., LTD.","臺北市北投區榮華三路25號1樓","1 F., No. 25, Ronghua 3rd Rd., Beitou Dist., Taipei City 11279, Taiwan (R.O.C.)","陳O泉","02-28263839","","有","有"
"04341487","19780815","20210812","新捷國際股份有限公司","ARIES INTERNATIONAL COMPANY","臺北市中山區復興北路201號11樓之1","11 F.-1, No. 201, Fuxing N. Rd., Zhongshan Dist., Taipei City 104, Taiwan (R.O.C.)","凌O明","02-27169751","","有","有"
"04341971","20020923","20210811","欽發號","CHIN FA MEAT STORE","臺北市大同區迪化街1段21號1樓永樂市場1084號","1 F., No. 21, Sec. 1, Dihua St., Datong Dist., Taipei City 10343, Taiwan (R.O.C.)","蘇O然","02-25213771","","無","無"
"04342140","19780306","20210812","良健貿易有限公司","LEGEND TRADING COMPANY LTD.","臺北市大同區承德路3段229號5樓之7","5 F.-7, No. 229, Sec. 3, Chengde Rd., Datong Dist., Taipei City 10366, Taiwan (R.O.C.)","趙O溪","02-25940330","02-25953946","無","無"
"04342388","19810710","20230612","見豐貿易有限公司","KEN PHONE TRADING CO., LTD.","臺北市中山區雙城街18巷18號1樓","1 F., No. 18, Ln. 18, Shuangcheng St., Zhongshan Dist., Taipei City 104039, Taiwan (R.O.C.)","鄭O珠","02-26183070","02-26181269","無","無"
"04342697","19990628","20241120","亨泰光學股份有限公司","BRIGHTEN OPTIX CORPORATION","臺北市士林區承德路4段150號6樓之1、152號6樓之1","No. 152, 6 F.-1, No. 150, Sec. 4, Chengde Rd., Shilin Dist.,  Taipei City 111052, Taiwan (R.O.C.)","吳O雄","02-28801778","02-28821389","有","有"
"04343226","19981019","20241130","金群工業有限公司","JIN CHYUN INDUSTRIAL CO., LTD.","新北市三重區仁華街80巷20號","No. 20, Ln. 80, Renhua St., Sanchong Dist., New Taipei City 241084, Taiwan (R.O.C.)","","02-25925771","02-25916368","無","無"
"04343324","19760520","20210814","正泰特殊金屬股份有限公司","CHENTAI SPECIAL STEEL CORP.","新北市五股區五工一路120號","No. 120, Wugong 1st Rd., Wugu Dist., New Taipei City 24887, Taiwan (R.O.C.)","張O主","02-22980101","02-22982982","有","有"
"04343416","19890112","20230805","宜人實業有限公司","YEA ZIEN INDUSTRIES CO., LTD.","臺北市士林區重慶北路4段81號2樓之2","2 F.-2, No. 81, Sec. 4, Chongqing N. Rd., Shilin Dist., Taipei City 111061, Taiwan (R.O.C.)","","02-28125758","02-28123310","無","無"
"04344061","19780930","20210815","邦旭股份有限公司","JANG JANG CO., LTD.","臺北市大同區西寧北路62之5號9樓","9 F., No. 62-5, Xining N. Rd., Datong Dist., Taipei City 10343, Taiwan (R.O.C.)","張O旭","02-25522333","02-25521372","有","有"
"04344338","19930428","20210814","喬大企業有限公司","JOTTA ENTERPRISE CO., LTD.","臺北市大同區民生西路249號13樓","13 F., No. 249, Minsheng W. Rd., Datong Dist., Taipei City 10358, Taiwan (R.O.C.)","陳O典","02-25579922","02-25501322","有","有"
"04345646","19790402","20210813","三環織針工業股份有限公司","THREE CIRCLES KNITTING NEEDLES INDUSTRY CO., LTD.","新北市新莊區化成路11巷43號","No. 43, Ln. 11, Huacheng Rd., Xinzhuang Dist., New Taipei City 24252, Taiwan (R.O.C.)","陳O德","02-2992-6336","02-2994-8336","有","有"
"04345673","19780727","20210814","高通貿易有限公司","KAO TONG TRADING CO., LTD.","臺北市大同區重慶北路2段46巷34號2樓","2 F., No. 34, Ln. 46, Sec. 2, Chongqing N. Rd., Datong Dist., Taipei City 10345, Taiwan (R.O.C.)","高O金","02-82862727","82851010","有","有"
"04346223","19790727","20240202","逸祥國際股份有限公司","TRIAD INTERNATIONAL CORPORATION","臺北市信義區東興路57號8樓","8 F., No. 57, Dongxing Rd., Xinyi Dist., Taipei City 11070, Taiwan (R.O.C.)","李O珍","02-77370399","02-77180205","有","有"
"04346244","19771227","20210813","路昌電子企業股份有限公司","LUTRON ELECTRONIC ENTERPRISE CO., LTD.","臺北市大同區民權西路106號4樓","4 F., No. 106, Minquan W. Rd., Datong Dist., Taipei City 10361, Taiwan (R.O.C.)","林O昌","02-25570844","02-25577132","有","有"
"04346363","20151217","20210812","富億企業有限公司","FULJOY CO., LTD.","臺北市松山區民權東路3段170號5樓之4","5 F.-4, No. 170, Sec. 3, Minquan E. Rd., Songshan Dist., Taipei City 10542, Taiwan (R.O.C.)","陳O毅","02-27123331#333","02-27121658","有","有"
"04346639","19791102","20210812","萬琛企業有限公司","ONECERA CO., LTD.","臺北市文山區興隆路4段74巷10號7樓","7 F., No. 10, Ln. 74, Sec. 4, Xinglong Rd., Wenshan Dist., Taipei City 11663, Taiwan (R.O.C.)","黃O仁","02-2937-8181","02-2937-8928","有","有"
"04346758","19930820","20230514","北億實業有限公司","PEP YI ENTERPRISE CO., LTD.","臺北市大安區辛亥路2段199號4樓","4 F., No. 199, Sec. 2, Xinhai Rd., Da’an Dist., Taipei City 106031, Taiwan (R.O.C.)","楊O東","02-22252567","","無","無"
"04346981","19821229","20211001","國泰塗料油墨股份有限公司","CATHAY COATING MFG CO., LTD","新北市土城區永豐路195巷24號","NO. 24, LN. 195, YONGFENG RD., TUCHENG DIST., NEW TAIPEI CITY 236004, TAIWAN (R.O.C.)","阮O秀鸝","02-22627156-8","02-22612792","有","有"
"04347193","20090213","20210812","新新儀器股份有限公司","HSIN HSIN INSTRUMENTS CO., LTD.","臺北市大同區環河北路2段283號1樓","1 F., No. 283, Sec. 2, Huanhe N. Rd., Datong Dist., Taipei City 10376, Taiwan (R.O.C.)","許O書","02-25353655","02-25351639","有","有"
"04347264","19810113","20210815","秉承企業股份有限公司","BIG BEN INDUSTRIES INC.","新北市汐止區新台五路1段98號17樓","17 F., No. 98, Sec. 1, Xintai 5th Rd., Xizhi Dist., New Taipei City 22102, Taiwan (R.O.C.)","郭O圭","02-26962556","02-26962555","有","有"
"04347341","19780419","20220430","敦光國際貿易有限公司","TUN KUANG WORLD TRADE CORP.","臺北市中正區重慶南路1段57號11樓之14","11 F.-14, No. 57, Sec. 1, Chongqing S. Rd., Zhongzheng Dist., Taipei City 10045, Taiwan (R.O.C.)","鄭O宣","02-2388-9555","02-2388-9333","有","有"
"04347362","19910121","20210813","一流印刷企業有限公司","FIRSTONE COLOR PRINTING CO., LTD.","臺北市士林區葫蘆街135巷12號1樓","1 F., No. 12, Ln. 135, Hulu St., Shilin Dist., Taipei City 11171, Taiwan (R.O.C.)","詹O世","02-28123400","02-28123440","有","有"
"04347659","19901120","20230104","名盛有限公司","MEAN SHIN CO., LTD.","臺北市大安區安和路1段117巷16號1樓","1 F., No. 16, Ln. 117, Sec. 1, Anhe Rd., Da’an Dist., Taipei City 106066, Taiwan (R.O.C.)","鄭O義","02-23258811","02-23259216","無","無"
"04348236","19820428","20210814","大寧貴金屬工業股份有限公司","TA LING PRECIOUS METALS INDUSTRY LTD.","新北市汐止區福德一路342巷1弄25號","No. 25, Aly. 1, Ln. 342, Fude 1st Rd., Xizhi Dist., New Taipei City 22150, Taiwan (R.O.C.)","闕O光","02-26931107","02-26931921","有","有"
"04348453","19780719","20210815","七銘企業股份有限公司","SEVEN PYRAMID ENTERPRISE CO., LTD.","臺北市內湖區新明路333巷14弄4號1樓","1 F., No. 4, Aly. 14, Ln. 333, Xinming Rd., Neihu Dist., Taipei City 11471, Taiwan (R.O.C.)","何O","02-27912147","02-27928345","有","有"
"04348572","19880405","20210814","文聲電子工業股份有限公司","VINCENT (V.G.) ELECTRONICS CO., LTD.","新北市三重區力行路1段58巷2號1樓","1 F., No. 2, Ln. 58, Sec. 1, Lixing Rd., Sanchong Dist., New Taipei City 24162, Taiwan (R.O.C.)","黃O恩","02-29879561-2","","有","有"
"04348828","19830609","20240925","高頂貿易股份有限公司","KAO DING TRADING CO., LTD.","臺北市大同區民權西路144巷5弄5號2樓之3","2 F.-3, No. 5, Aly. 5, Ln. 144, Minquan W. Rd., Datong Dist., Taipei City 10361, Taiwan (R.O.C.)","林O書","02-25537850","02-25537862","有","有"
"04348947","19750501","20250409","新台塑膠工業股份有限公司","SHIN TAI PLASTICS INDUSTRIAL CO., LTD.","臺北市大同區重慶北路3段9巷31號","No. 31, Ln. 9, Sec. 3, Chongqing N. Rd., Datong Dist., Taipei City 10362, Taiwan (R.O.C.)","劉O隆","02-25940418","","有","有"
"04349191","19941219","20210812","隆隆皮飾有限公司","LUNG LUNG CLOTHE LEATHERS CO., LTD.","臺北市大同區南京西路155巷6號1樓","1 F., No. 6, Ln. 155, Nanjing W. Rd., Datong Dist., Taipei City 10345, Taiwan (R.O.C.)","林O春","02-25562308","02-25581952","有","有"
"04349740","19790122","20230111","承暉企業有限公司","POWERCHANNEL MANUFACTURERS CORPORATION","臺北市大同區承德路3段159巷9號1樓","1 F., No. 9, Ln. 159, Sec. 3, Chengde Rd., Datong Dist., Taipei City 103031, Taiwan (R.O.C.)","魏O秀","02-25526826","02-25521597","有","有"
"04349994","19770601","20210813","欣榮橡膠工業有限公司","SUNZE RUBBER INDUSTRY CO., LTD.","臺北市中山區中山北路1段83巷9號7樓之1","7 F.-1, No. 9, Ln. 83, Sec. 1, Zhongshan N. Rd., Zhongshan Dist., Taipei City 10446, Taiwan (R.O.C.)","王O堂","02-25626456","","有","有"
"04350746","19811202","20230414","麥海國際有限公司","MAIHAI CO., LTD.","臺北市中山區新生北路2段31之1號5樓之2","5 F.-2, No. 31-1, Sec. 2, Xinsheng N. Rd., Zhongshan Dist., Taipei City 104489, Taiwan (R.O.C.)","顏O麥","02-25614265","02-25512622","有","有"
"04351082","19790609","20210815","偉富工業股份有限公司","WEI FU INDUSTRIES CO., LTD.","桃園市楊梅區富聯路221巷71號1樓","1 F., No. 71, Ln. 221, Fulian Rd., Yangmei Dist., Taoyuan City 32649, Taiwan (R.O.C.)","徐O華","03-4724253-4","03-4722071","有","有"
"04351132","20150825","20210814","三寶建設股份有限公司","SUNPOWER CONSTRUCTION CO., LTD.","臺北市信義區松仁路89號5樓之2","5 F.-2, No. 89, Songren Rd., Xinyi Dist., Taipei City 11073, Taiwan (R.O.C.)","李O原","02-8712-6368","02-8712-0055","有","有"
"04351626","19960724","20210814","光泉食品股份有限公司","KUANG CHUAN FOODS LTD.","臺北市內湖區瑞光路502號4樓","4 F., No. 502, Ruiguang Rd., Neihu Dist., Taipei City 11492, Taiwan (R.O.C.)","汪O祥","02-8751-8788","02-2657-8387","有","有"
"04351750","19920522","20210813","日山實業有限公司","VERRINI ENTERPRISE CO., LTD.","新北市五股區五權八路45號","No. 45, Wuquan 8th Rd., Wugu Dist., New Taipei City 24891, Taiwan (R.O.C.)","許O欽","02-22999023","","有","有"
"04352250","19820225","20210814","宏直企業股份有限公司","HUNG CHIN ENTERPRISE CO., LTD.","臺北市大同區甘谷街24之1號","No. 24-1, Gangu St., Datong Dist., Taipei City 10343, Taiwan (R.O.C.)","林O德","02-25563699","02-25561739","有","有"
"04352771","19800110","20210812","振軒企業有限公司","RICHARD HSU ENTERPRISE CO., LTD.","臺北市大同區長安西路289號4樓之2","4 F.-2, No. 289, Chang’an W. Rd., Datong Dist., Taipei City 10341, Taiwan (R.O.C.)","梁O枝","02-25415114","","有","有"
"04353315","20140912","20210814","北華工藝有限公司","PEIHUA CRAFTS CORPORATION","新北市中和區連城路137之2號","No. 137-2, Liancheng Rd., Zhonghe Dist., New Taipei City 23559, Taiwan (R.O.C.)","呂O秀鳳","02-29417826","02-29419416","有","有"
"04353997","20060831","20210813","冠福五金有限公司","KWAN FU METAL CO., LTD.","新北市樹林區三俊街296號","No. 296, Sanjun St., Shulin Dist., New Taipei City 23865, Taiwan (R.O.C.)","陳O薰","02-26898509","02-26891131","有","有"
"04354291","19930602","20210812","禾年實業有限公司","HOLD LAND INDUSTRIAL CO., LTD.","臺北市中山區中山北路2段112號8樓之3","8 F.-3, No. 112, Sec. 2, Zhongshan N. Rd., Zhongshan Dist., Taipei City 10449, Taiwan (R.O.C.)","張O玲","02-25117257-9","02-25417406","有","有"
"04354927","19750311","20220803","長明貿易有限公司","CHAN MING TRADE & CO.","臺北市大同區迪化街1段89號3樓","3 F., No. 89, Sec. 1, Dihua St., Datong Dist., Taipei City 10344, Taiwan (R.O.C.)","郭O美惠","02-2556-1199","02-2559-5166","有","有"
"04354969","19871229","20230610","南榮倉儲股份有限公司","LYON BULK TERMINALS CORPORATION","臺北市松山區復興北路1號9樓之6","9 F.-6, No. 1, Fuxing N. Rd., Songshan Dist., Taipei City 105611, Taiwan (R.O.C.)","言O修","02-27412248","02-27412249","有","有"
"04355192","19860205","20230706","唯益實業股份有限公司","GREAT WEI YIH INDUSTRIAL CO., LTD.","臺北市大同區貴德街44巷2號","No. 2, Ln. 44, Guide St., Datong Dist., Taipei City 103002, Taiwan (R.O.C.)","陳O隆","02-25554851","02-25563881","有","有"
"04355329","19950926","20210814","宏光布行有限公司","PRISTINE TEXTILE CO., LTD.","臺北市大同區迪化街1段21號2樓5號","2 F.-5, No. 21, Sec. 1, Dihua St., Datong Dist., Taipei City 10343, Taiwan (R.O.C.)","謝O芬","02-25580225","02-25559476","有","有"
"04355361","19790622","20210814","興蘭貿易有限公司","ORCHARD-LAND TRADING COMPANY.","臺北市大同區民生西路396號7樓","7 F., No. 396, Minsheng W. Rd., Datong Dist., Taipei City 10342, Taiwan (R.O.C.)","蔡O樑","02-25594756","02-25599445","有","有"
"04355637","19880528","20210813","聯亞先進科技股份有限公司","DOERS TECHNOLOGY CORPORATION","新北市土城區自強街11巷1號4樓","4 F., No. 1, Ln. 11, Ziqiang St., Tucheng Dist., New Taipei City 23678, Taiwan (R.O.C.)","王O傑","22682689","22681248","有","有"
"04356087","19940105","20210814","愛華音樂出版社有限公司","AIFA PUBLISHING CO., LTD.","臺北市大同區太原路199號7樓","7 F., No. 199, Taiyuan Rd., Datong Dist., Taipei City 10356, Taiwan (R.O.C.)","林O綺","02-25598382","02-25598922","有","有"
"04356185","19790628","20221022","萬春實業股份有限公司","WIN CHANCE ENTERPRISES CO., LTD.","臺北市大安區和平東路2段201號2樓之2","2 F.-2, No. 201, Sec. 2, Heping E. Rd., Da'an Dist., Taipei City 106629, Taiwan (R.O.C.)","吳O偉","02-27082522","","無","無"
"04356397","19770616","20210813","坤龍紡織股份有限公司","KUEN LONG TEXTILE CO., LTD.","臺北市中山區松江路63巷7號1樓","1 F., No. 7, Ln. 63, Songjiang Rd., Zhongshan Dist., Taipei City 10455, Taiwan (R.O.C.)","柯O讚","02-25065111","02-25066101","有","有"
"04356592","20020920","20240713","朝和肉店","CHAO HO MEAT STORE","臺北市大同區迪化街1段21號1樓(永樂市場1樓1715號攤位)","1 F., No. 21, Sec. 1, Dihua St., Datong Dist., Taipei City 10343, Taiwan (R.O.C.)","張O隆","02-25213771","","有","有"
"04356994","19770802","20250215","納爾科股份有限公司","NALCO TAIWAN CO., LTD.","臺北市士林區承德路4段172號10樓及174號10樓","10 F., No. 172, Sec. 4, Chengde Rd., Shilin Dist., Taipei City 11167, Taiwan (R.O.C.)","塗O仁","02-89781234","02-28823507","有","有"
"04357044","19820120","20210814","樺利綜合企業有限公司","WARRIOR & ASSOCIATES, INC.","基隆市七堵區堵南街18之15號","No. 18-15, Dunan St., Qidu Dist., Keelung City 20650, Taiwan (R.O.C.)","王O財","02-24526999","","有","有"
"04357179","19780921","20231013","筌譽企業有限公司","CHAINYEAR ASSOCIATES INCORPORATION","臺北市大同區民權西路144巷5弄7號6樓之1","6 F.-1, No. 7, Aly. 5, Ln. 144, Minquan W. Rd., Datong Dist., Taipei City 103046, Taiwan (R.O.C.)","吳O詩","02-25672262","","有","有"
"04357656","19790412","20230929","協忠企業有限公司","SHYE JONG ENTERPRISE CO., LTD.","臺北市大安區敦化南路1段225號6樓之9","6 F.-9, No. 225, Sec. 1, Dunhua S. Rd., Da’an Dist., Taipei City 106057, Taiwan (R.O.C.)","邱O意","02-27053973","","有","有"
"04357889","19960409","20210811","國茂纖維行","KUO MAU TEXTILE COMPANY","臺北市士林區社子街25巷6號3樓","3 F., No. 6, Ln. 25, Shezi St., Shilin Dist., Taipei City 11173, Taiwan (R.O.C.)","洪O樹","02-28124663","","有","有"
"04358091","19770503","20210813","百洲化學工業股份有限公司","CONTINENTAL CHEMICAL INDUSTRIES CO., LTD.","臺北市大同區民族西路126號7樓","7 F., No. 126, Minzu W. Rd., Datong Dist., Taipei City 10364, Taiwan (R.O.C.)","楊O隆","02-25926238","","有","有"
"04358108","19790303","20230630","宇井企業股份有限公司","SUN PORT INDUSTRIAL CORP.","臺北市中山區南京東路3段201號7樓之1","7 F.-1, No. 201, Sec. 3, Nanjing E. Rd., Zhongshan Dist., Taipei City 104506, Taiwan (R.O.C.)","顏O緯","02-27128100-5","02-27161780","無","無"
"04358178","19880520","20210814","鑑華有限公司","CHEMIWELL CORPORATION","臺北市中山區農安街117號之1、2樓","2 F., No. 117-1, Nong’an St., Zhongshan Dist., Taipei City 10470, Taiwan (R.O.C.)","李O秀鳳","02-25865985","02-25853451","有","有"
"04358368","19840112","20210814","寶源企業有限公司","Microstone Mining Co., Ltd","臺北市大同區承德路3段8巷17號1樓","1 F., No. 17, Ln. 8, Sec. 3, Chengde Rd., Datong Dist., Taipei City 10361, Taiwan (R.O.C.)","陳O隆","02-25919632","02-25923418","有","有"
"04358888","19930616","20231101","十全物業股份有限公司","SHYR CHYUAN APPAREL FASHION CO., LTD.","臺北市大同區南京西路76號5樓","5 F., No. 76, Nanjing W. Rd., Datong Dist., Taipei City 103614, Taiwan (R.O.C.)","張O","02-25612640","","無","無"
"04359731","19971218","20221117","力樹有限公司","LIH SHUE CO., LTD.","臺北市大同區塔城街51號","No. 51, Tacheng St., Datong Dist., Taipei City 103005, Taiwan (R.O.C.)","李O文","02-25559582","","有","有"
"04359789","19810410","20240713","劍麟股份有限公司","IRON FORCE INDUSTRIAL CO.,  LTD.","新北市汐止區新台五路一段98號19樓","19 F., No. 98, Sec. 1, Xintai 5th Rd., Xizhi Dist., New Taipei City 221411, Taiwan (R.O.C.)","黃O怡","02-26962818","02-26963077","有","有"
"04359802","20040212","20210814","海霸王餐廳股份有限公司","HAI PA WANG RESTAURANT CO., LTD.","臺北市大同區西寧北路62號2至7樓","7 F., No. 62, Xining N. Rd., Datong Dist., Taipei City 10343, Taiwan (R.O.C.)","莊O強","02-2552-2181","02-2552-7185","有","有"
"04359958","19990304","20210812","全美造漆工業有限公司","CHUAN MEI TSAO CHI ENTERPRISE CO., LTD.","臺北市大同區重慶北路3段296巷9號1樓","1 F., No. 9, Ln. 296, Sec. 3, Chongqing N. Rd., Datong Dist., Taipei City 10371, Taiwan (R.O.C.)","謝O昌","02-22897625","","有","有"
"04360081","19770610","20250218","仁纖實業股份有限公司","JEN HSIEN INDUSTRIAL CO., LTD.","新北市土城區中央路2段19號","No. 19, Sec. 2, Zhongyang Rd., Tucheng Dist., New Taipei City 23668, Taiwan (R.O.C.)","楊O傑","02-22616151","","有","有"
"04361119","19810409","20210812","嘉文企業有限公司","GEVIN ENTERPRISES CO., LTD.","臺北市內湖區瑞光路358巷32號6樓","6 F., No. 32, Ln. 358, Ruiguang Rd., Neihu Dist., Taipei City 11492, Taiwan (R.O.C.)","邱O龍","02-8797-8117","02-8797-2971","有","有"
"04361321","19791016","20210813","宜欣股份有限公司","YI SHIN TRADING CO., LTD.","臺北市大安區復興南路1段239號11樓","11 F., No. 239, Sec. 1, Fuxing S. Rd., Da’an Dist., Taipei City 10666, Taiwan (R.O.C.)","林O德","02-27079998","02-27067397","有","有"
"04361342","19790227","20210812","冠星股份有限公司","GORDONCRAFT COMPANY LTD.","臺北市松山區南京東路3段338巷5號5樓","5 F., No. 5, Ln. 338, Sec. 3, Nanjing E. Rd., Songshan Dist., Taipei City 10551, Taiwan (R.O.C.)","吳O雄","02-27723811","02-27212595","有","有"
"04361357","19951005","20250319","英偉船務代理有限公司","WORLD-LINK GROUP SHIPPING AGENCIES INC.","臺北市內湖區堤頂大道2段477號8樓之1","8 F.-1, No. 477, Sec. 2, Tiding Blvd., Neihu Dist., Taipei City 11493, Taiwan (R.O.C.)","陳O傑","02-25568838","02-25586785","有","有"
"04361498","19831206","20210813","亞力太企業有限公司","ALIXTAI ENTERPRISES (TAIWAN) CO., LTD.","臺北市士林區大南路321號3樓","3 F., No. 321, Danan Rd., Shilin Dist., Taipei City 11161, Taiwan (R.O.C.)","陳O卿","02-28824613","02-28817754","有","有"
"04362243","19751003","20240509","鴻成工業股份有限公司","EVEREST INDUSTRIAL CO., INC.","新竹縣新豐鄉鳳坑村坑子口669號","No. 669, Keng Tze kou, Fengkeng Tsun., Hsinfeng ,  Hsinchu 304122, Taiwan (R.O.C.)","簡O毅","03-5596135","03-5572942","有","有"
"04362623","19780831","20250111","有穗國際股份有限公司","HARVESTER INTERNATIONAL, INC.","臺北市信義區基隆路1段159號16樓之1","16 F.-1, No. 159, Sec. 1, Keelung Rd., Xinyi Dist., Taipei City 11070, Taiwan (R.O.C.)","","04-24715778","04-24710947","無","無"
"04363215","20020802","20220930","內外資訊網絡國際股份有限公司","INSIGHT-OUT INFOTECH LTD.","臺北市中山區南京東路2段150號10樓","10 F., No. 150, Sec. 2, Nanjing E. Rd., Zhongshan Dist., Taipei City 104695, Taiwan (R.O.C.)","劉O鐘","02-25070677","","無","無"
"04363448","19770912","20240425","海星工業股份有限公司","MELCO INDUSTRIES CO., LTD.","臺北市中山區南京東路2段100號10樓","10 F., No. 100, Sec. 2, Nanjing E. Rd., Zhongshan Dist., Taipei City 10457, Taiwan (R.O.C.)","","02-25634241","02-25815307","無","無"
"04363469","19800213","20241122","志伸股份有限公司","CONFUCIAN CO., LTD.","臺北市內湖區新湖三路168號6樓","6 F., No. 168, Xinhu 3rd Rd., Neihu Dist., Taipei City 114065, Taiwan (R.O.C.)","謝O源","02-87918399","02-27925679","有","有"
"04363658","20000622","20240814","柏瑞科技股份有限公司","BORAY TECH CO., LTD.","臺北市信義區忠孝東路5段1之2號5樓","5 F., No. 1-2, Sec. 5, Zhongxiao E. Rd., Xinyi Dist., Taipei City 110410, Taiwan (R.O.C.)","翁O銨","28121091","28110251","有","有"
"04363664","19780825","20230111","羊洋實業有限公司","YAUNG YAUNG ENTERPRISE CO., LTD.","臺北市中正區福州街1號4樓之1","4 F.-1, No. 1, Fuzhou St., Zhongzheng Dist., Taipei City 100027, Taiwan (R.O.C.)","楊O筠","02-25119479","02-25078833","有","有"
"04363904","19791217","20230613","常榮機械股份有限公司","PROSPRISE INTERNATIONAL CORPORATION","新北市五股區五權五路21號","No. 21, Wuquan 5th Rd., Wugu Dist., New Taipei City 248018, Taiwan (R.O.C.)","周O君","02-22996755","02-22996422","有","有"
"04364143","19770623","20210813","鴻禧實業有限公司","HENRY INDUSTRIES LTD.","臺北市松山區八德路2段358號9樓","9 F., No. 358, Sec. 2, Bade Rd., Songshan Dist., Taipei City 10556, Taiwan (R.O.C.)","余O禧","02-29319359","02-29325568","有","有"
"04364381","19790118","20230919","世宇實業有限公司","FAIRWOOD CORPORATION","臺北市大安區敦化南路1段161巷69弄6號2樓","2 F., No. 6, Aly. 69, Ln. 161, Sec. 1, Dunhua S. Rd., Da’an Dist., Taipei City 10690, Taiwan (R.O.C.)","葉O軒","02-2741-9716","02-2778-0163","有","有"
"04365332","19790503","20210812","寶弘實業股份有限公司","W. K. WU PRODUCTS INC.","新北市林口區文化二路一段二六六號十二樓之三","12 F.-3, No. 266, Sec. 1, Wenhua 2nd Rd., Linkou Dist., New Taipei City 24448, Taiwan (R.O.C.)","吳O昇","02-26081699","02-26095701","有","有"
"04365522","19781120","20210815","強新企業有限公司","JARDINE ENTERPRISE LTD.","臺北市士林區中山北路6段726號4樓","4 F., No. 726, Sec. 6, Zhongshan N. Rd., Shilin Dist., Taipei City 11152, Taiwan (R.O.C.)","季O雨","02-28768710","02-28768707","有","有"
"04365570","19780526","20210814","偉新紡織股份有限公司","WEI HSIN TEXTILES LTD.","臺北市松山區敦化北路303號5樓之1","5 F.-1, No. 303, Dunhua N. Rd., Songshan Dist., Taipei City 10583, Taiwan (R.O.C.)","黃O偉","02-27130236","","有","有"
"04365614","19781125","20210814","正騰實業有限公司","CHOICEST INDUSTRIAL CO., LTD.","臺北市中山區民權西路20號10樓5室","Rm. 5, 10 F., No. 20, Minquan W. Rd., Zhongshan Dist., Taipei City 10449, Taiwan (R.O.C.)","施O憲","02-25810594","02-25421633","有","有"
"04365699","19821109","20231011","綠光量子科技有限公司","Greenlight Quantum Technology CO., LTD.","新北市新莊區五權一路7號5樓之7","5 F.-7, No. 7, Wuquan 1st Rd., Xinzhuang Dist., New Taipei City 248022, Taiwan (R.O.C.)","許O清","02-22997999","02-22993999","有","有"
"04365902","19801113","20210812","友盟企業有限公司","YUMENG ENTERPRISE CO., LTD.","臺北市中山區華陰街22號3樓","3 F., No. 22, Huayin St., Zhongshan Dist., Taipei City 10444, Taiwan (R.O.C.)","劉O堅","02-25416337","","有","有"
"04366064","19820917","20210812","淮陽有限公司","TAN KANG CO., LTD.","臺北市中山區松江路328號9樓之10","9 F.-10, No. 328, Songjiang Rd., Zhongshan Dist., Taipei City 10468, Taiwan (R.O.C.)","王O","02-25214991","","有","有"
"04366199","19780510","20221128","汎瑩企業有限公司","TWO UP ENTERPRISES CO., LTD.","臺北市中正區博愛路122號","No. 122, Bo’ai Rd., Zhongzheng Dist., Taipei City 100001, Taiwan (R.O.C.)","吳O蓉","02-29230866","02-29201458","無","無"
"04366579","19781218","20210812","艾盟企業有限公司","AMARANTH ENTERPRISE CO.","臺北市中正區博愛路80號5樓","5 F., No. 80, Bo’ai Rd., Zhongzheng Dist., Taipei City 10043, Taiwan (R.O.C.)","黃O柔","02-23616428","","有","有"
"04367042","19780114","20250430","海外窯業股份有限公司","OEMEC CERAMIC CORPORATION","臺北市大同區南京西路57號5樓之10","5 F.-10, No. 57, Nanjing W. Rd., Datong Dist., Taipei City 103022, Taiwan (R.O.C.)","劉O慶","02-23120182","02-23121489","有","有"
"04367057","19780818","20210815","台灣美聲企業股份有限公司","MAXIM COMPANY (TAIWAN) LIMITED","臺北市中山區松江路67號2樓","2 F., No. 67, Songjiang Rd., Zhongshan Dist., Taipei City 10455, Taiwan (R.O.C.)","翟O領","02-2541-2591","02-25074031","有","有"
"04367211","19781004","20210814","恆商股份有限公司","CRESCO INCORPORATED","臺北市中山區松江路328號7樓之2","7 F.-2, No. 328, Songjiang Rd., Zhongshan Dist., Taipei City 10468, Taiwan (R.O.C.)","郭O","02-25311618","02-25417979","有","有"
"04367649","19760331","20210812","樂穗開發有限公司","ROCKWILL DEVELOPMENT INC.","新北市林口區文化二路一段三八四號之二","No. 384-2, Sec. 1, Wenhua 2nd Rd., Linkou Dist., New Taipei City 24441, Taiwan (R.O.C.)","鄔O平","02-26002222","","有","有"
"04367916","20130322","20230107","有怡企業有限公司","YEOU II ENTERPRISE CO., LTD.","臺北市內湖區內湖路1段91巷62號1樓","1 F., No. 62, Ln. 91, Sec. 1, Neihu Rd., Neihu Dist., Taipei City 114061, Taiwan (R.O.C.)","翁O堯","02-27993418","02-27993965","無","無"
"04368056","20020305","20210814","台洋化學工業股份有限公司","YOUNG BROTHERS CHEMICAL IND. CO., LTD.","新北市五股區五工一路104號(3樓)","3 F., No. 104, Wugong 1st Rd., Wugu Dist., New Taipei City 24887, Taiwan (R.O.C.)","鄭O義","03-4643121","03-4643120","有","有"
"04368231","20090407","20221120","東田成機行","BOMG-TIAN-CHENG MACHINERY CO.","新北市深坑區翠谷街７０號","No. 70, Cuigu St., Shenkeng Dist., New Taipei City 222006, Taiwan (R.O.C.)","簡O仁","02-26627176","02-26640519","無","無"
"04368318","19780106","20220928","台美壓克力股份有限公司","TAI MEI ACRYLIC CO., LTD.","臺北市中山區中山北路2段46號12樓之1","12 F.-1, No. 46, Sec. 2, Zhongshan N. Rd., Zhongshan Dist., Taipei City 104016, Taiwan (R.O.C.)","許O堤","02-2559-7599","02-2559-7300","有","有"
"04368669","19750319","20210814","慶宜股份有限公司","KINGTEX CORPORATION","臺北市松山區南京東路3段346號3樓","3 F., No. 346, Sec. 3, Nanjing E. Rd., Songshan Dist., Taipei City 10595, Taiwan (R.O.C.)","嚴O蓉","02-27523369","","有","有"
"04368767","19931009","20210815","永光彩色印刷股份有限公司","FOREVER COLOR PRINTING CO., LTD.","新北市中和區建三路9號","No. 9, Jian 3rd Rd., Zhonghe Dist., New Taipei City 23585, Taiwan (R.O.C.)","陳O超","02-22237072","02-22236065","有","有"
"04368788","19790409","20230713","嘉信遊艇股份有限公司","KHA SHING ENTERPRISE COMPANY LTD.","高雄市小港區光陽街10號","No. 10, Guangyang St., Xiaogang Dist., Kaohsiung City 812010, Taiwan (R.O.C.)","何O娟","07-8020345","07-8021138","有","有"
"04368865","19800916","20210814","楠茂股份有限公司","NANMAW CO., LTD.","臺北市中山區林森北路510號5樓","5 F., No. 510, Linsen N. Rd., Zhongshan Dist., Taipei City 10451, Taiwan (R.O.C.)","施O蓮","02-25710163","02-25813467","有","有"
"04369267","19750515","20210814","康合國際貿易股份有限公司","CONCOURSE INTERNATIONAL INC.","臺北市中山區松江路127號9樓","9 F., No. 127, Songjiang Rd., Zhongshan Dist., Taipei City 10485, Taiwan (R.O.C.)","黃O玲","02-25065020","02-25178342","有","有"
"04369386","19830425","20231124","友祿股份有限公司","EURO LIMITED","臺北市信義區基隆路2段77號5樓","5 F., No. 77, Sec. 2, Keelung Rd., Xinyi Dist., Taipei City 11052, Taiwan (R.O.C.)","","87333007","87333008","無","無"
"04369442","19760807","20230328","偉得益股份有限公司","TAIWAN WITEKO CO., LTD.","臺中市西區公益路155巷100號12樓之1","12 F.-1, No. 100, Ln. 155, Gongyi Rd., West Dist., Taichung City 403024, Taiwan (R.O.C.)","張O星","04-23054171","04-22555866","有","有"
"04369506","19780905","20250418","華誼股份有限公司","HUAI COMPANY, LIMITED","臺北市中山區錦州街288號1樓","1 F., No. 288, Jinzhou St., Zhongshan Dist., Taipei City 10477, Taiwan (R.O.C.)","郭O軒","02-25223161","","有","有"
"04370118","19840723","20210815","和毅股份有限公司","THE FORTUNER CO., LTD.","臺北市內湖區瑞光路358巷30弄1號11樓","11 F., No. 1, Aly. 30, Ln. 358, Ruiguang Rd., Neihu Dist., Taipei City 11492, Taiwan (R.O.C.)","王O珍","02-77210055","02-77210099","有","有"
"04370412","19771130","20250110","飛泰貿易有限公司","FEDERAL WORLD-WIDE CO., LTD.","新北市中和區建一路150號14樓之1","14 F.-1, No. 150, Jian 1st Rd., Zhonghe Dist., New Taipei City 23511, Taiwan (R.O.C.)","范O正","02-82265570","02-82265432","有","有"
"04370927","19750704","20241005","金寶電子工業股份有限公司","KINPO ELECTRONICS, INC.","臺北市松山區南京東路五段99號10樓","10 F., No. 99, Sec. 5, Nanjing E. Rd., Songshan Dist., Taipei City 105031, Taiwan (R.O.C.)","許O雄","02-27644560","","有","有"
"04371284","19781230","20241105","福桑聯合企業股份有限公司","FORMOSAN UNITED CORPORATION","臺北市內湖區環山路1段28巷15號4樓","4 F., No. 15, Ln. 28, Sec. 1, Huanshan Rd., Neihu Dist., Taipei City 11442, Taiwan (R.O.C.)","范O菁","02-26587898","02-26587758","有","有"
"04371539","19790315","20230720","鉅達化學股份有限公司","SUNGIANT CHEMICALS CORP.","臺北市文山區興隆路4段50之3號9樓","9 F., No. 50-3, Sec. 4, Xinglong Rd., Wenshan Dist., Taipei City 116006, Taiwan (R.O.C.)","沈O中","02-29376896","02-29376885","有","有"
"04371860","19981014","20230708","華怡實業有限公司","HUA YI PRECISION CO., LTD.","新北市三重區三和路4段101巷26號","No. 26, Ln. 101, Sec. 4, Sanhe Rd., Sanchong Dist., New Taipei City 241080, Taiwan (R.O.C.)","朱O鳴","02-22871212","02-22878762","有","有"
"04371989","19880505","20230302","鍾氏企業股份有限公司","TAIWAN JONES & COMPANY LTD.","臺北市中正區愛國東路60號10樓","10 F., No. 60, Aiguo E. Rd., Zhongzheng Dist., Taipei City 100031, Taiwan (R.O.C.)","陳O麟","02-33222568","02-33222569","有","有"
"04372299","19750106","20240302","樹東企業股份有限公司","SNOWDOWN MERCHANDISE CORP.","臺北市大安區敦化南路2段77號3樓","3 F., No. 77, Sec. 2, Dunhua S. Rd., Da’an Dist., Taipei City 106414, Taiwan (R.O.C.)","詹O如","02-27092550","","有","有"
"04372306","19741209","20210814","南海遊艇製造股份有限公司","BLUEWATER YACHT BUILDERS LTD.","臺北市中山區南京東路2段125號8樓之2","8 F.-2, No. 125, Sec. 2, Nanjing E. Rd., Zhongshan Dist., Taipei City 10485, Taiwan (R.O.C.)","陳O南","02-25082672-5","02-25069868","有","有"
"04372827","19780711","20221112","櫻花企業有限公司","CHERRY HANDICRAFT LTD.","臺北市中山區民權東路2段50號1樓","1 F., No. 50, Sec. 2, Minquan E. Rd., Zhongshan Dist., Taipei City 104023, Taiwan (R.O.C.)","黃O光","02-25630012","","無","無"
"04372994","19721125","20210814","育豐企業有限公司","EUPHONIOUS TRADING CO., LTD.","臺北市中山區民生東路2段176號8樓","8 F., No. 176, Sec. 2, Minsheng E. Rd., Zhongshan Dist., Taipei City 10480, Taiwan (R.O.C.)","李O娥","02-25014242","","有","有"
"04373234","19721207","20230107","瑩隆貿易股份有限公司","YING LUNG TRADING CO., LTD.","臺北市大同區蘭州街124巷12號1樓","1 F., No. 12, Ln. 124, Lanzhou St., Datong Dist., Taipei City 103025, Taiwan (R.O.C.)","張O鴻","02-25949181","","無","無"
"04373353","19141219","20210813","東電股份有限公司","TONE TECK CORPORATION","臺北市南港區重陽路223號3樓","3 F., No. 223, Chongyang Rd., Nangang Dist., Taipei City 11573, Taiwan (R.O.C.)","顏O美玉","02-26516977","","有","有"
"04373375","19781216","20210812","台灣華協企業有限公司","ELECTRONIC ASSOCIATES (TAIWAN) LTD.","臺北市內湖區基湖路10巷52號2樓","2 F., No. 52, Ln. 10, Jihu Rd., Neihu Dist., Taipei City 11492, Taiwan (R.O.C.)","謝O杰","02-87975009","02-87975228","有","有"
"04373451","19760114","20230325","建福紡織股份有限公司","CHIEF TEXTILE CO., LTD.","臺北市松山區復興北路181號3樓之4","3 F.-4, No. 181, Fuxing N. Rd., Songshan Dist., Taipei City 105403, Taiwan (R.O.C.)","莊O慧","02-27172219","02-27182227","有","有"
"04373494","19871005","20210813","慶人企業有限公司","CHIN JEN ENTERPRISE CO., LTD.","臺北市大同區重慶北路2段67號12樓之2","12 F.-2, No. 67, Sec. 2, Chongqing N. Rd., Datong Dist., Taipei City 10356, Taiwan (R.O.C.)","王O宏","02-2556-6016","02-2558-2957","有","有"
"04373591","19820703","20210814","固來有限公司","GOOD LIFE CO., LTD.","臺北市士林區磺溪街36之1號6樓","6 F., No. 36-1, Huangxi St., Shilin Dist., Taipei City 11157, Taiwan (R.O.C.)","林O平","02-28321332","02-28385397","有","有"
"04373733","19801209","20250430","華野股份有限公司","FINE YEAR INTERNATIONAL CO., LTD.","臺北市中山區中山北路2段62巷33號2樓","2 F., No. 33, Ln. 62, Sec. 2, Zhongshan N. Rd., Zhongshan Dist., Taipei City 104016, Taiwan (R.O.C.)","","02-25612773","","無","無"
"04373847","19790918","20221008","英伍實業有限公司","INWOOD INDUSTRIES CO., LTD.","新北市中和區圓通路367巷33弄90號3樓","3 F., No. 90, Aly. 33, Ln. 367, Yuantong Rd., Zhonghe Dist., New Taipei City 235603, Taiwan (R.O.C.)","賴O民","02-82265188","02-82265187","有","有"
"04374424","19780825","20230714","建全工業股份有限公司","PERFECT CHEMICAL INDUSTRIAL CO., LTD.","桃園市蘆竹區富竹里南竹路三段51號","No. 51, Sec. 3, Nanzhu Rd., Fuzhu Vil., Luzhu Dist., Taoyuan City 338006, Taiwan (R.O.C.)","楊O漢","03-3234211","03-3236089","有","有"
"04374888","19830302","20210814","台灣富治油墨工業股份有限公司","TAIWAN FUJI PRINTING INK MFG. CO., LTD.","新北市新莊區新樹路244巷37號","No. 37, Ln. 244, Xinshu Rd., Xinzhuang Dist., New Taipei City 24262, Taiwan (R.O.C.)","徐O珠","02-2205-2771","2204-3814","有","有"
"04375444","20170323","20240621","中央貨櫃倉儲股份有限公司","CENTRAL FREIGHT TERMINAL CO., LTD.","新北市瑞芳區楓子瀨路36號","No. 36, Fengzilai Rd., Ruifang Dist., New Taipei City 224009, Taiwan (R.O.C.)","洪O陽","02-24261917","02-24261967","有","有"
"04376133","19760409","20210813","和慶針織廠股份有限公司","HER CHING KNITTING CO., LTD.","新北市泰山區壽山路100號","No. 100, Shoushan Rd., Taishan Dist., New Taipei City 24391, Taiwan (R.O.C.)","廖O祥","02-29024646","02-25522686","有","有"
"04376295","19780819","20210814","博德國際股份有限公司","PADO INTERNATIONAL CORP.","臺北市松山區復興北路57號13樓","13 F., No. 57, Fuxing N. Rd., Songshan Dist., Taipei City 10595, Taiwan (R.O.C.)","黃O藏","02-27766369","","有","有"
"04376540","19781118","20230420","亞商聯業有限公司","ASIAN ALLIED LTD.","臺北市中山區南京東路2段132號10樓","10 F., No. 132, Sec. 2, Nanjing E. Rd., Zhongshan Dist., Taipei City 104095, Taiwan (R.O.C.)","王O帆","02-25065901-2","","有","有"
"04376892","19780907","20210815","合森股份有限公司","JOHNSON ASSOCIATES CORP.","臺北市中山區松江路206號8樓之5","8 F.-5, No. 206, Songjiang Rd., Zhongshan Dist., Taipei City 10467, Taiwan (R.O.C.)","戴O珍芳","02-2571-6633","02-2563-0876","有","有"
"04377098","19820429","20250104","世企股份有限公司","SKILLS CO., LTD.","臺北市中山區長安東路2段108號10Ｆ1003室","Rm. 10Ｆ1003, No. 108, Sec. 2, Chang'an E. Rd., Zhongshan Dist.,  Taipei City 104094, Taiwan (R.O.C.)","","02-25072794","","無","無"
"04377338","19790723","20210812","艾康企業股份有限公司","ICON INC.","新北市林口區文化二路1段266號13樓之3","13 F.-3, No. 266, Sec. 1, Wenhua 2nd Rd., Linkou Dist., New Taipei City 24448, Taiwan (R.O.C.)","鄭O菁","02-2609-2366","02-2609-2377","有","有"
"04377371","19871021","20230427","麗嬰房股份有限公司","LES ENPHANTS CO., LTD.","臺北市內湖區陽光街321巷60號","No. 60, Ln. 321, Yangguang St., Neihu Dist., Taipei City 114717, Taiwan (R.O.C.)","林O蒼","02-87976699","02-87978698","有","有"
"04377610","19770307","20220504","聯合拉鍊企業股份有限公司","UNION ZIPPER INDUSTRIAL CO., LTD.","臺北市士林區承德路4段220號5樓","5 F., No. 220, Sec. 4, Chengde Rd., Shilin Dist., Taipei City 11167, Taiwan (R.O.C.)","陳O鐘","02-28881121","02-28125272","有","有"
"04377822","19781026","20210815","國貿股份有限公司","TRADE INTERNATIONAL TAIWAN LTD.","臺北市內湖區堤頂大道2段201號3樓","3 F., No. 201, Sec. 2, Tiding Blvd., Neihu Dist., Taipei City 11493, Taiwan (R.O.C.)","陳O鋒","02-26590900","02-26585505","有","有"
"04377864","19721221","20230707","群龍股份有限公司","CHUNLON CORPORATION","臺北市中山區南京東路2段124號6樓","6F., No. 124, Sec. 2, Nanjing E. Rd., Zhongshan Dist.,  Taipei City 104695, Taiwan (R.O.C.)","王O龍","02-25064107","02-25060618","有","有"
"04377983","19790719","20210815","台灣海州股份有限公司","PACIFIC IMPEX, (TAIWAN) LTD.","臺北市中山區復興北路366號5樓","5 F., No. 366, Fuxing N. Rd., Zhongshan Dist., Taipei City 10476, Taiwan (R.O.C.)","孫O斌","02-25121386","02-25080069","有","有"
"04378391","19800513","20230408","宏衡實業股份有限公司","HONG HENG CHEMICAL CO., LTD.","苗栗縣頭份市蘆竹里中華路442號","No. 442, Zhonghua Rd., Luzhu Vil., Toufen City, Miaoli County 351029, Taiwan (R.O.C.)","蔡O生","037-627745","037-612145","有","有"
"04378723","19781125","20210814","至美電器股份有限公司","GEMMY ELECTRONICS CO., LTD.","高雄市大寮區大有二街7號","No. 7, Dayou 2nd St., Daliao Dist., Kaohsiung City 83163, Taiwan (R.O.C.)","林O夫","07-7874316","07-7871846","有","有"
"04378977","19970107","20210812","昶宗隆企業有限公司","CHANG ZONG LONG ENTERPRISE CO., LTD.","臺北市中山區中山北路2段93巷9之3號2樓","2 F., No. 9-3, Ln. 93, Sec. 2, Zhongshan N. Rd., Zhongshan Dist., Taipei City 10451, Taiwan (R.O.C.)","楊O源","03-475-5259","03-475-7280","有","有"
"04379238","19760909","20210812","新瀛企業有限公司","SINEW ENTERPRISE CO., LTD.","臺北市松山區南京東路4段17號9樓之1","9 F.-1, No. 17, Sec. 4, Nanjing E. Rd., Songshan Dist., Taipei City 10550, Taiwan (R.O.C.)","蔡O平","02-27123111","","有","有"
"04379292","19760703","20210813","松華實業股份有限公司","SUNFLOWER CORPORATION","臺北市中山區松江路82號12樓","12 F., No. 82, Songjiang Rd., Zhongshan Dist., Taipei City 10456, Taiwan (R.O.C.)","楊O信","02-25517700","02-25517280","有","有"
"04379336","20111006","20210812","柳川企業有限公司","LEOU CHUAN ENTERPRISE CO., LTD.","臺北市士林區通河街72號1樓","1 F., No. 72, Tonghe St., Shilin Dist., Taipei City 11166, Taiwan (R.O.C.)","李O玲","02-28852622","02-28851087","有","有"
"04379526","19740411","20221103","大楠有限公司","TA NAN COMPANY LTD.","臺北市中山區長安東路1段43巷4號1樓","1 F., No. 4, Ln. 43, Sec. 1, Chang'an E. Rd., Zhongshan Dist., Taipei City 104009, Taiwan (R.O.C.)","許O文","02-2599-6730","02-2599-7619","有","有"
"04379700","19890320","20210813","工興實業股份有限公司","CONSCIOUS ENTERPRISES CO., LTD.","臺北市中山區民權東路1段53號11樓","11 F., No. 53, Sec. 1, Minquan E. Rd., Zhongshan Dist., Taipei City 10452, Taiwan (R.O.C.)","張O吉","02-25993678","02-25972745","有","有"
"04379791","19721222","20210814","金敏貿易有限公司","CHIN MING TRADING CO., LTD.","新北市樹林區中山路1段296號3樓","3 F., No. 296, Sec. 1, Zhongshan Rd., Shulin Dist., New Taipei City 23844, Taiwan (R.O.C.)","郭O豐","02-23091580","02-23050653","有","有"
"04380066","19790626","20210813","盛益貿易有限公司","SUNYET TRADING CO., LTD.","新北市汐止區新台五路1段75號7樓之7","7 F.-7, No. 75, Sec. 1, Xintai 5th Rd., Xizhi Dist., New Taipei City 22101, Taiwan (R.O.C.)","葉O河","02-26982586","02-26982596","有","有"
"04380087","19740927","20230719","合眾紙業股份有限公司","UNION PAPER CORPORATION","雲林縣林內鄉林中村瑞農65號","No. 65, Ruinong, Linnei Township, Yunlin County 643005, Taiwan (R.O.C.)","劉O言","05-589-6666","05-589-6222","有","有"
"04380235","19790525","20210815","強宇企業股份有限公司","GREATLAND ENTERPRISE CO., LTD.","臺北市中山區長安東路2段50號7樓之1","7 F.-1, No. 50, Sec. 2, Chang’an E. Rd., Zhongshan Dist., Taipei City 10456, Taiwan (R.O.C.)","許O郁","02-25511212","02-25372711","有","有"
"04380538","20080826","20250416","威爾森通運股份有限公司","Wilhelmsen Port Services (Taiwan) INC.","臺北市中山區松江路169號6樓之1","6 F.-1, No. 169, Songjiang Rd., Zhongshan Dist., Taipei City 104072, Taiwan (R.O.C.)","王O賢(SteveWang)","02-77015260","02-25183456","有","有"
"04380657","19790312","20210813","商瑞有限公司","SUNRISE MFG. CO., LTD.","桃園市蘆竹區羊稠里仁愛路三段226號","No. 226, Sec. 3, Ren’ai Rd., Yangchou Vil., Luzhu Dist., Taoyuan City 33850, Taiwan (R.O.C.)","楊O凱","03-3113756 #11","03-3113757","有","有"
"04380690","19780321","20230318","愛米斯機械工業股份有限公司","A.B.C. MACHINERY INDUSTRIAL CO., LTD.","新北市新莊區民安路387巷19號","No. 19, Ln. 387, Min’an Rd., Xinzhuang Dist., New Taipei City 242053, Taiwan (R.O.C.)","高O直","02-29025822","","有","有"
"04380729","19940408","20241224","大竹汽車有限公司","TA CHU AUTOMOBILE CO., LTD.","臺北市中山區濱江街178之3號","No. 178-3, Binjiang St., Zhongshan Dist., Taipei City 10472, Taiwan (R.O.C.)","","02-25036555","","無","無"
"04381109","19730606","20230113","美寧實業股份有限公司","MEI-NING LIMITED","臺北市大安區忠孝東路4段120之16號","No. 120-16, Sec. 4, Zhongxiao E. Rd., Da’an Dist., Taipei City 106071, Taiwan (R.O.C.)","胡O平","02-27111860","02-2721-7124","有","有"
"04382000","19780714","20210814","宜鳴貿易有限公司","GUE MING INTERNATIONAL CORP.","臺北市北投區清江路25巷28號4樓","4 F., No. 28, Ln. 25, Qingjiang Rd., Beitou Dist., Taipei City 11264, Taiwan (R.O.C.)","盧O民","02-25219227","","有","有"
"04382326","19780929","20221015","光和耐火工業股份有限公司","KUAN-HO REFRACTORIES INDUSTRY CORPORATION","苗栗縣頭份市濫坑里13鄰尖豐路932號","No. 932, Jianfeng Rd., 13th Neighborhood, Lankeng Vil., Toufen City, Miaoli County 351016, Taiwan (R.O.C.)","王O全","037-542873-7","037-541574","有","有"
"04382698","19760304","20221223","勝暉化成股份有限公司","HAILSUN CHEMICAL CO., LTD.","臺北市大安區忠孝東路3段249之1號9樓","9 F., No. 249-1, Sec. 3, Zhongxiao E. Rd., Da’an Dist., Taipei City 106082, Taiwan (R.O.C.)","黃O嬌","02-27411834","02-27716230","有","有"
"04383021","19780721","20210813","康能實業有限公司","KANON INDUSTRIAL CO., LTD.","新北市汐止區環河街66號","No. 66, Huanhe St., Xizhi Dist., New Taipei City 22154, Taiwan (R.O.C.)","許O捷","02-26925660","02-26957799","有","有"
"04383084","19790608","20231017","台灣不二實業股份有限公司","TAIWAN FUJI LATEX CO., LTD.","新北市淡水區行忠路132號","No. 132, Xingzhong Rd., Tamsui Dist., New Taipei City 251012, Taiwan (R.O.C.)","王O福","02-26213931","02-26203319","有","有"
"04383129","19930913","20210815","全華圖書股份有限公司","CHUAN HWA BOOK CO., LTD.","新北市土城區忠義路21號","No. 21, Zhongyi Rd., Tucheng Dist., New Taipei City 23671, Taiwan (R.O.C.)","陳O源","02-22625666","02-22621868","有","有"
"04383459","19790222","20241119","捷昇有限公司","GLORIA TRADING SERVICE","彰化縣彰化市彰安里中正路二段六００之一號五樓","5 F., No. 600-1, Sec. 2, Zhongzheng Rd., Zhang’an Vil., Changhua City, Changhua County 500008, Taiwan (R.O.C.)","","047-622155","","無","無"
"04383578","19770811","20210814","世紀貿易股份有限公司","CENTURY TRADING CORPORATION","臺北市士林區通河西街2段232之3號1樓","1 F., No. 232-3, Sec. 2, Tonghe W. St., Shilin Dist., Taipei City 11175, Taiwan (R.O.C.)","鄭O哲","02-22988336","02-22988338","有","有"
"04383802","20190527","20210813","摩根生化科技管理顧問股份有限公司","MORGAN CONSULTANCY CORP.","臺北市松山區光復南路58巷48號3樓","3 F., No. 48, Ln. 58, Guangfu S. Rd., Songshan Dist., Taipei City 10562, Taiwan (R.O.C.)","胡O傑","02-25775169","","有","有"
"04384112","19790609","20240711","合發興業股份有限公司","UNION LEATHER & PRINTING CORP.","新北市新莊區新北大道三段5號16樓之8","16 F.-8, No. 5, Sec. 3, New Taipei Blvd., Xinzhuang Dist., New Taipei City 242032, Taiwan (R.O.C.)","王O華","02-2581-9191","2571-2267","有","有"
"04384204","19830922","20230315","台灣愛拔益加股份有限公司","ARBOR ACRES TAIWAN CO., LTD.","臺北市中山區松江路87號17樓","17 F., No. 87, Songjiang Rd., Zhongshan Dist., Taipei City 104495, Taiwan (R.O.C.)","林O雄","02-25077071","02-25077834","有","有"
"04384437","19990910","20210812","百可實業有限公司","PEPASOS & ASSOCIATE., INC.","臺北市松山區八德路4段797號6樓","6 F., No. 797, Sec. 4, Bade Rd., Songshan Dist., Taipei City 10567, Taiwan (R.O.C.)","張O華","02-2736-6111","02-2742-0698","有","有"
"04384470","19841208","20240807","益明影音有限公司","YANG'S AUDIO VISUAL LABORATORIES CO., LTD.","臺北市中山區民權西路58號4樓","4 F., No. 58, Minquan W. Rd., Zhongshan Dist., Taipei City 10449, Taiwan (R.O.C.)","","02-25652276","","無","無"
"04384598","19741204","20210815","寶通實業股份有限公司","EVERBEST INDUSTRIES LIMITED","臺北市中山區復興北路369號4樓","4 F., No. 369, Fuxing N. Rd., Zhongshan Dist., Taipei City 104, Taiwan (R.O.C.)","高O芳","02-23925670","","無","無"
"04384719","19780407","20220318","聖利有限公司","C. & L. UNION CO.","新北市淡水區新市二路4段60號2樓","2 F., No. 60, Sec. 4, Xinshi 2nd Rd., Tamsui Dist., New Taipei City 25172, Taiwan (R.O.C.)","趙O彥","02-28311161","02-28316989","有","有"
"04385359","19760929","20221103","弘友股份有限公司","INTERNATIONAL HOLY INC.","臺北市松山區南京東路4段164號6樓","6 F., No. 164, Sec. 4, Nanjing E. Rd., Songshan Dist., Taipei City 105407, Taiwan (R.O.C.)","吳O次","02-27516181","","有","有"
"04385442","19780911","20210813","友喜有限公司","U.C.G.C. (TAIWAN) INC.","臺北市中山區中山北路2段129號6樓之1","6 F.-1, No. 129, Sec. 2, Zhongshan N. Rd., Zhongshan Dist., Taipei City 10448, Taiwan (R.O.C.)","李O文","02-25716698","02-25712879","有","有"
"04386575","19790912","20240423","浪凡網路科技股份有限公司","Lang Inc.","臺北市士林區中山北路五段506號4樓","4 F., No. 506, Sec. 5, Zhongshan N. Rd., Shilin Dist., Taipei City 111005, Taiwan (R.O.C.)","王O中","02-27310868","02-27311508","有","有"
"04386857","19820818","20221015","榮晉實業股份有限公司","MONARCH INDUSTRIAL CORP.","臺北市中山區長安東路2段181號10樓之2","10 F.-2, No. 181, Sec. 2, Chang'an E. Rd., Zhongshan Dist., Taipei City 104102, Taiwan (R.O.C.)","洪O端","02-27312551","","有","有"
"04387005","19810311","20220830","優美股份有限公司","UB OFFICE SYSTEMS INCORPORATION","臺北市松山區光復北路11巷44號13樓","13 F., No. 44, Ln. 11, Guangfu N. Rd., Songshan Dist., Taipei City 105410, Taiwan (R.O.C.)","鄭O榮","02-22996666","02-22994655","有","有"
"04387357","19920125","20210814","輝力企業有限公司","HUANG HUEI LIH ENTERPRISE CO., LTD.","臺北市士林區文林路740巷7號","No. 7, Ln. 740, Wenlin Rd., Shilin Dist., Taipei City 11159, Taiwan (R.O.C.)","黃O輝","02-28223235","02-28337303","有","有"
"04387434","19780429","20230607","雪山企業股份有限公司","SHAXON INTERNATIONAL LTD.","臺北市中山區南京東路3段61號11樓","11 F., No. 61, Sec. 3, Nanjing E. Rd., Zhongshan Dist., Taipei City 104507, Taiwan (R.O.C.)","汪O慶","02-25083300","","有","有"
"04387618","19781221","20210812","耶嶺貿易有限公司","YELIN TRADING CO., LTD.","臺北市松山區南京東路4段171號2樓之1","2 F.-1, No. 171, Sec. 4, Nanjing E. Rd., Songshan Dist., Taipei City 10579, Taiwan (R.O.C.)","陳O祺","02-27123775","","有","有"
"04387906","19790323","20230402","誼賓國際有限公司","YIBIN FRIENDSHIP TRADING CO., LTD.","高雄市左營區重信路458號2樓","2 F., No. 458, Chongxin Rd., Zuoying Dist., Kaohsiung City 813545, Taiwan (R.O.C.)","洪O盛","07-3430458","07-3453450","無","無"
"04387928","19950110","20210812","啟華儀器有限公司","OPTAI CORPORATION LIMITED","新北市樹林區南園里學成路593號3樓","3 F., No. 593, Xuecheng Rd., Nanyuan Vil., Shulin Dist., New Taipei City 23854, Taiwan (R.O.C.)","張O仲恒","02-26805383","02-26801559","有","有"
"04387933","19810810","20210812","永堂企業有限公司","ETERNAL INDUSTRIAL CO., LTD.","臺北市松山區復興北路303號12樓","12 F., No. 303, Fuxing N. Rd., Songshan Dist., Taipei City 10544, Taiwan (R.O.C.)","黃O全","02-27121179","02-27134756","有","有"
"04388118","19721206","20210813","開昌貿易股份有限公司","KAIZER TRADING CO., LTD.","臺北市中山區松江路71號7樓","7 F., No. 71, Songjiang Rd., Zhongshan Dist., Taipei City 10486, Taiwan (R.O.C.)","謝O榮","02-25060980","","有","有"
"04388145","19790302","20220805","台灣康寧顯示玻璃股份有限公司","CORNING DISPLAY TECHNOLOGIES TAIWAN CO., LTD.","中部科學園區臺中市西屯區科園路1號","No. 1, Keyuan Rd., Xitun Dist., Taichung City 407721, Taiwan (R.O.C.)","張O(JohnZhang)","0424658999-3467","","有","有"
"04388193","19871020","20210814","立源企業股份有限公司","LEE YUAN CHEMICAL ENTERPRISE CO., LTD.","臺北市信義區光復南路421巷6弄3號1樓","1 F., No. 3, Aly. 6, Ln. 421, Guangfu S. Rd., Xinyi Dist., Taipei City 11074, Taiwan (R.O.C.)","錢O啟","02-27082184","","有","有"
"04388341","19770920","20230713","和泰鋼模股份有限公司","HO TAI STEEL MOLD CO., LTD.","新北市新莊區大安路11號1樓","1 F., No. 11, Da’an Rd., Xinzhuang Dist., New Taipei City 242065, Taiwan (R.O.C.)","周O典","02-82012829","02-82012840","有","有"
"04388779","19851120","20210813","達勝有限公司","DOUBLE-SUCCESS CO., LTD.","臺北市中正區金門街24巷16之1號1樓","1 F., No. 16-1, Ln. 24, Kinmen St., Zhongzheng Dist., Taipei City 10081, Taiwan (R.O.C.)","李O濬","02-23924222","02-2391-1418","有","有"
"04388829","19941129","20210815","大仁室內裝修股份有限公司","DAZA INTERIOR PLANNING CO., LTD.","臺北市信義區松仁路89號8樓之4","8 F.-4, No. 89, Songren Rd., Xinyi Dist., Taipei City 11073, Taiwan (R.O.C.)","陶O良","02-77183100","02-77183200","有","有"
"04388861","19781127","20210813","欣碩企業有限公司","SHIN SHYU ENTERPRISE CO., LTD.","臺北市信義區光復南路505號3樓","3 F., No. 505, Guangfu S. Rd., Xinyi Dist., Taipei City 11074, Taiwan (R.O.C.)","徐O呈","02-23458096","02-23458090","有","有"
"04389046","19771207","20221226","鉅盈股份有限公司","JUMBO BRICO ASSOCIATED CO., LTD.","臺北市松山區南京東路4段77號11樓","11 F., No. 77, Sec. 4, Nanjing E. Rd., Songshan Dist., Taipei City 105406, Taiwan (R.O.C.)","翁O章","02-27151031","","有","有"
"04389073","19931019","20221111","葡其實業股份有限公司","PUCCI CO., LTD.","臺北市大同區南京西路18巷10號2樓之1","2 F.-1, No. 10, Ln. 18, Nanjing W. Rd., Datong Dist., Taipei City 103014, Taiwan (R.O.C.)","孫O福","02-25212001","02-25429088","有","有"
"04389398","19781219","20210812","宏運實業股份有限公司","THE GRAND PRODUCTION CO., LTD.","臺北市大安區復興南路2段45號5樓","5 F., No. 45, Sec. 2, Fuxing S. Rd., Da’an Dist., Taipei City 10665, Taiwan (R.O.C.)","張O惠","02-2704-7061-5","2704-7873","有","有"
"04389587","19790220","20210813","永而盛股份有限公司","THE UNIVERSAL TRADING COMPANY","臺北市中山區龍江路328巷4號1樓","1 F., No. 4, Ln. 328, Longjiang Rd., Zhongshan Dist., Taipei City 10473, Taiwan (R.O.C.)","吳O銘","02-25063562","02-25070003","有","有"
"04390120","19760217","20230522","香港美藝傢俬股份有限公司","H.K.T. ARTISTIC FURNITURE CO., LTD.","臺北市中山區樂群二路93號5樓之3","5 F.-3, No. 93, Lequn 2nd Rd., Zhongshan Dist., Taipei City 104052, Taiwan (R.O.C.)","陸O富","02-23783781-3","02-23776646","無","無"
"04390331","19960518","20210815","百業開發股份有限公司","PANTA DEVELOPMENT CO., LTD.","桃園市桃園區新埔里經國路391號6樓","6 F., No. 391, Jingguo Rd., Xinpu Vil., Taoyuan Dist., Taoyuan City 33044, Taiwan (R.O.C.)","江O男","03-3563101","03-3565781","有","有"
"04390629","19780628","20210816","美商凱飛股份有限公司台灣分公司","GFX, INC. TAIWAN BRANCH (U.S.A.)","臺北市中山區民權東路3段35號13樓","13 F., No. 35, Sec. 3, Minquan E. Rd., Zhongshan Dist., Taipei City 10476, Taiwan (R.O.C.)","潘O娟CindyPan","02-25182290","02-25075725","有","有"
"04390698","19781124","20210812","洽利賓國際企業有限公司","CHERRYPING INTERNATIONAL CO., LTD.","新北市三重區集美街八九巷四號三樓","3 F., No. 4, Ln. 89, Jimei St., Sanchong Dist., New Taipei City 24144, Taiwan (R.O.C.)","林O平","02-29762358","02-29773359","有","有"
"04390803","19820601","20210814","弘程企業股份有限公司","PLENTIFUL INDUSTRIAL CO., LTD.","臺北市中山區松江路67號松江商業大樓8樓","8 F., No. 67, Songjiang Rd., Zhongshan Dist., Taipei City 10455, Taiwan (R.O.C.)","洪O文","02-25065177","02-25083909","有","有"
"04391438","19800715","20220518","總欣實業股份有限公司","REBECCA ENTERPRISE CO., LTD.","臺中市神岡區神岡里中山路1598之7號","No. 1598-7, Zhongshan Rd., Shengang Vil., Shengang Dist., Taichung City 42955, Taiwan (R.O.C.)","王O智","04-25623221","","有","有"
"04391681","19780905","20250227","加麥股份有限公司","GAMMA INC.","","","","0937888991","","無","無"
"04391839","19780911","20210813","隆鑫工業有限公司","LUNG CIN INDUSTRIAL CO., LTD.","臺北市中山區八德路2段267巷9弄4號1樓","1 F., No. 4, Aly. 9, Ln. 267, Sec. 2, Bade Rd., Zhongshan Dist., Taipei City 10491, Taiwan (R.O.C.)","張O隆","02-27219736","","有","有"
"04393338","19940425","20210814","偉振企業有限公司","VIRGIN ENTERPRISES CO., LTD.","臺北市信義區信義路5段5號","No. 5, Sec. 5, Xinyi Rd., Xinyi Dist., Taipei City 11011, Taiwan (R.O.C.)","李O昌","02-27168571","02-27168573","有","有"
"04393724","19880607","20210815","九龍有限公司","DRAGON CARDS CORPORATION","臺北市南港區昆陽街140巷30號1樓","1 F., No. 30, Ln. 140, Kunyang St., Nangang Dist., Taipei City 11561, Taiwan (R.O.C.)","程O君","02-2783-9339","02-2783-3357","有","有"
"04393941","19790223","20220616","亞泰金屬工業股份有限公司","ASIA METAL INDUSTRIES, INC.","桃園市楊梅區民富路2段199巷16號","No. 16, Ln. 199, Sec. 2, Minfu Rd., Yangmei Dist., Taoyuan City 326019, Taiwan (R.O.C.)","鄒O銓","03-4727111","03-4723418","有","有"
"04393999","19820324","20210814","偉文企業有限公司","WEI WEN ENTERPRISE CO., LTD.","臺北市中山區長安東路2段142號7樓之7","7 F.-7, No. 142, Sec. 2, Chang’an E. Rd., Zhongshan Dist., Taipei City 10491, Taiwan (R.O.C.)","廖O鈞","02-27520156","02-27520256","有","有"
"04394033","19790316","20211113","頂榮實業有限公司","DING RONG INDUSTRIAL CO., LTD.","臺北市中山區明水路672巷25號5樓","5 F., No. 25, Ln. 672, Mingshui Rd., Zhongshan Dist., Taipei City 10462, Taiwan (R.O.C.)","賴O綸","02-27962250","","有","有"
"04394054","20020131","20210813","至隆工業有限公司","JEMMI ELECTRONICS INDUSTRIAL CO., LTD.","臺北市中正區新生南路1段50號7樓之1","7 F.-1, No. 50, Sec. 1, Xinsheng S. Rd., Zhongzheng Dist., Taipei City 10059, Taiwan (R.O.C.)","陳O濱","02-23939171","02-23916662","有","有"
"04394266","19810522","20221202","湧洲生化科技有限公司","GOODRICH BIOCARE INC.","臺北市中山區林森北路575號7樓之4","7 F.-4, No. 575, Linsen N. Rd., Zhongshan Dist., Taipei City 104431, Taiwan (R.O.C.)","許O舜","02-2562-9904","02-2567-1717","無","無"
"04394322","19790111","20210813","將帥企業有限公司","HICLASS COMPANY LTD.","臺北市中山區復興北路38號4樓","4 F., No. 38, Fuxing N. Rd., Zhongshan Dist., Taipei City 10488, Taiwan (R.O.C.)","宋O宏","02-27411063","","有","有"
"04394370","20081002","20210816","香港商太吉採購服務亞洲股份有限公司台灣分公司","TARGET GLOBAL SOURCING LIMITED TAIWAN BRANCH (H.K.)","臺北市信義區松仁路89號16樓","16 F., No. 89, Songren Rd., Xinyi Dist., Taipei City 11073, Taiwan (R.O.C.)","王O琪WONG,PUIKEI","02-27239300","02-27239400","有","有"
"04394723","19920708","20210815","善仁企業股份有限公司","SUN-JAN INDUSTRIES INC.","臺北市內湖區內湖路1段92號2樓之1","2 F.-1, No. 92, Sec. 1, Neihu Rd., Neihu Dist., Taipei City 11493, Taiwan (R.O.C.)","李O龍","02-26572177","02-26571713","有","有"
"04394884","19770929","20220307","汎城企業有限公司","PAN CASTLE ENTERPRISES LTD.","新北市林口區東湖路16號7樓","7 F., No. 16, Donghu Rd., Linkou Dist., New Taipei City 24449, Taiwan (R.O.C.)","陳O傑","02-86011415","02-86011413","有","有"
"04395379","19741203","20221221","凱傑國際股份有限公司","FREJOTH INTERNATIONAL LTD.","臺中市南屯區田心里五權西路二段501號8樓","8 F., No. 501, Sec. 2, Wuquan W. Rd., Tianxin Vil., Nantun Dist., Taichung City 408349, Taiwan (R.O.C.)","黃O?O?","04-23816977","04-23813584","有","有"
"04395547","19990603","20241207","中天運通股份有限公司","SKYROC EXPRESS LTD.","桃園市大園區海口里三民路一段122巷12之2號2樓","2 F., No. 12-2, Ln. 122, Sec. 1, Sanmin Rd., Haikou Vil., Dayuan Dist., Taoyuan City 33747, Taiwan (R.O.C.)","","03-3213338","03-3213336","無","無"
"04395906","19831231","20210813","艾力企業股份有限公司","TAIWAN NEW IDEA SERVICE ENTERPRISES CO., LTD.","臺北市松山區光復北路11巷44號2樓","2 F., No. 44, Ln. 11, Guangfu N. Rd., Songshan Dist., Taipei City 10560, Taiwan (R.O.C.)","蘇O枝","02-27635200","02-27641102","有","有"
"04396948","19801211","20210815","益佳股份有限公司","E JIA CO., LTD.","臺北市中山區松江路84巷4之2號1樓","1 F., No. 4-2, Ln. 84, Songjiang Rd., Zhongshan Dist., Taipei City 10456, Taiwan (R.O.C.)","陳O升","02-2542-6300","02-2521-0554","有","有"
"04397411","19771013","20250426","高銀化學工業股份有限公司","COIN CHEMICAL INDUSTRIAL CO., LTD.","新北市汐止區中興路95號7樓之3","7 F.-3, No. 95, Zhongxing Rd., Xizhi Dist., New Taipei City 221018, Taiwan (R.O.C.)","鄔O宇","02-26983896","02-26983880-3","無","無"
"04397427","19721218","20210812","嘉伸企業股份有限公司","CHIA SHEN ENTERPRISE CO., LTD.","臺中市豐原區西安里圓環南路215號1樓","1 F., No. 215, Yuanhuan S. Rd., Xi’an Vil., Fengyuan Dist., Taichung City 42041, Taiwan (R.O.C.)","張O光","045-226669","","有","有"
"04398241","19830830","20250418","台灣三菱電機自動化股份有限公司","MITSUBISHI ELECTRIC AUTOMATION (TAIWAN) CO., LTD.","新北市五股區五工三路105號5樓","5 F., No. 105, Wugong 3rd Rd., Wugu Dist., New Taipei City 248019, Taiwan (R.O.C.)","西O久浩","02-22999985","02-22988181","有","有"
"04398474","19790522","20231007","貿聯企業股份有限公司","ASSOCIATED INTERNATIONAL INC.","臺北市中正區濟南路一段15號","No. 15, Sec. 1, Jinan Rd., Zhongzheng Dist., Taipei City 100025, Taiwan (R.O.C.)","朱O翎","02-23963282","02-23916160","有","有"
"04398684","20060426","20241210","鏗鼎企業股份有限公司","KENG DING ENTERPRISE CORP.","桃園市新屋區清華里中山東路1段239號","No. 239, Sec. 1, Zhongshan E. Rd., Qinghua Vil., Xinwu Dist., Taoyuan City 327008, Taiwan (R.O.C.)","謝O霖","03-4772132","03-4775076","有","有"
"04399017","19901016","20230606","盛達國際物流股份有限公司","TRUSTLOGISTICS CORP.","臺北市中山區松江路100巷1號2樓","2 F., No. 1, Ln. 100, Songjiang Rd., Zhongshan Dist., Taipei City 104091, Taiwan (R.O.C.)","蕭O哲","02-25433388","02-25410093","有","有"
"04399059","19850920","20221105","九如實業股份有限公司","ENNEAD INC.","臺北市中山區建國北路1段90號9樓","9 F., No. 90, Sec. 1, Jianguo N. Rd., Zhongshan Dist., Taipei City 104496, Taiwan (R.O.C.)","林O閎","02-25062585","02-25076971","有","有"
"04399353","20081118","20221223","立盟全球供應鏈股份有限公司","LEADER MUTUAL FREIGHT SYSTEM INC.","臺北市內湖區瑞光路76巷59號5樓","5 F., No. 59, Ln. 76, Ruiguang Rd., Neihu Dist., Taipei City 114665, Taiwan (R.O.C.)","鍾O志","02-87920688","02-87923228","有","有"
"04400133","19800625","20230111","成竹企業有限公司","CHERNG JWU ENTERPRISE CO., LTD.","臺北市大安區忠孝東路4段320號2樓","2 F., No. 320, Sec. 4, Zhongxiao E. Rd., Da’an Dist., Taipei City 106433, Taiwan (R.O.C.)","陳O主","02-25855822","02-25957399","有","有"
"04400295","20221109","20221109","擎天通運股份有限公司","UNIQUE EXPRESS CO., LTD.","臺北市大安區復興南路1段135巷15號3樓之3","3 F.-3, No. 15, Ln. 135, Sec. 1, Fuxing S. Rd., Da’an Dist., Taipei City 106070, Taiwan (R.O.C.)","蔡O淳","02-27732560","","有","有"
"04400387","19870312","20240613","臺灣愛丁頓股份有限公司","EDRINGTON TAIWAN LTD.","臺北市信義區松高路9號9樓","9 F., No. 9, Songgao Rd., Xinyi Dist., Taipei City 110206, Taiwan (R.O.C.)","黃O茵(WongHoYanHelen)","02-87869068","02-87869069","有","有"
"04401230","19901121","20230607","嘉新國際股份有限公司","TONG YANG CHIA HSIN INTERNATIONAL CORPORATION","臺北市中山區中山北路2段96號1樓","1 F., No. 96, Sec. 2, Zhongshan N. Rd., Zhongshan Dist., Taipei City 104218, Taiwan (R.O.C.)","張O綸","02-25515211","02-25635950","有","有"
"04401323","19721116","20230516","恆昶實業股份有限公司","HUNG CHONG CORP.","臺北市內湖區民權東路6段38號","No. 38, Sec. 6, Minquan E. Rd., Neihu Dist., Taipei City 114067, Taiwan (R.O.C.)","沈O根","02-2791-1188","02-2791-2842","有","有"
"04401344","19780627","20210813","祥霖實業有限公司","SIANG LIN INDUSTRY CO., LTD.","臺北市松山區復興南路1段1號7樓706室","Rm. 706, 7 F., No. 1, Sec. 1, Fuxing S. Rd., Songshan Dist., Taipei City 10556, Taiwan (R.O.C.)","梁O順","02-27523950","","有","有"
"04401392","19770526","20221214","華通電腦股份有限公司","COMPEQ MANUFACTURING COMPANY LIMITED","桃園市蘆竹區新莊里大新路814巷91號","No. 91, Ln. 814, Daxin Rd., Xinzhuang Vil., Luzhu Dist., Taoyuan City 338114, Taiwan (R.O.C.)","江O琨","03-3231111-9","03-3235566","有","有"
"04401597","19741219","20230526","恒美化工股份有限公司","HENME CHEMICAL INDUSTRIAL CO., LTD.","臺北市中山區復興北路156號8樓","8 F., No. 156, Fuxing N. Rd., Zhongshan Dist., Taipei City 104509, Taiwan (R.O.C.)","林O亮","04-7810280","04-7810369","有","有"
"04402097","19781009","20210812","港興行有限公司","GENERAL TRADING (TAIWAN) LTD.","臺北市松山區復興北路57號11樓之3","11 F.-3, No. 57, Fuxing N. Rd., Songshan Dist., Taipei City 10595, Taiwan (R.O.C.)","陳O怡","02-27312443","02-27411591","有","有"
"04402131","19941216","20241002","僑果實業股份有限公司","OVERSEAS BROS. CO., LTD.","臺北市中山區中山北路2段79號3樓","3 F., No. 79, Sec. 2, Zhongshan N. Rd., Zhongshan Dist., Taipei City 10448, Taiwan (R.O.C.)","頴O浩和","02-25713216","02-25362402","有","有"
"04402483","19991229","20210812","宇鵬企業有限公司","JASON FAMILY ENTERPRISE CO., LTD.","臺北市士林區承德路4段325號","No. 325, Sec. 4, Chengde Rd., Shilin Dist., Taipei City 11168, Taiwan (R.O.C.)","王O祥","02-2883-7267","02-2881-4158","有","有"
"04402786","19770404","20210812","昌成貿易有限公司","CHANG CHENG TRADING CO., LTD.","臺北市士林區忠誠路1段69號1樓","1 F., No. 69, Sec. 1, Zhongcheng Rd., Shilin Dist., Taipei City 11148, Taiwan (R.O.C.)","陳O達","02-28325988","","有","有"
"04402815","19790220","20230324","台灣電路股份有限公司","PRINTED WIRE CORPORATION","桃園市平鎮區平鎮工業區工業六路６號","No. 6, Gongye 6th Rd., Pingzhen Dist.,  Taoyuan City 324, Taiwan (R.O.C.)","周O喜","03-4696141-3","89931083","無","無"
"04403309","19780619","20221124","伸達貿易股份有限公司","VASTO TAIWAN CO., LTD.","新北市三重區三和路四段118巷11號","No. 11, Ln. 118, Sec. 4, Sanhe Rd., Sanchong Dist., New Taipei City 241068, Taiwan (R.O.C.)","林O庸","02-22879460-3","02-22867971","有","有"
"04403363","19761117","20211202","大華金屬工業股份有限公司","GREAT CHINA METAL IND. CO., LTD.","臺北市中山區松江路293之805號","No. 293-805, Songjiang Rd., Zhongshan Dist., Taipei City 10483, Taiwan (R.O.C.)","姜O理","02-29015153","02-29018427","有","有"
"04403568","19771222","20221103","鉅祥企業股份有限公司","G-SHANK ENTERPRISE CO., LTD.","桃園市新屋區九斗里8鄰九洲路1號","No. 1, Jiuzhou Rd., 8th Neighborhood, Jiudou Vil., Xinwu Dist., Taoyuan City 327401, Taiwan (R.O.C.)","林O晃","03-4775141","03-4778479","有","有"
"04403672","19810502","20230309","海立電氣股份有限公司","HIGHLY ELECTRIC CO., LTD.","新北市中和區中山路2段359巷5號5樓","5 F., No. 5, Ln. 359, Sec. 2, Zhongshan Rd., Zhonghe Dist., New Taipei City 235029, Taiwan (R.O.C.)","徐O輝","82261688","82261600","有","有"
"04403687","19850202","20210813","克祥股份有限公司","GOOD IDEA CORP.","臺北市中山區中山北路2段112號6樓之4","6 F.-4, No. 112, Sec. 2, Zhongshan N. Rd., Zhongshan Dist., Taipei City 10449, Taiwan (R.O.C.)","吳O發","02-25619636","","有","有"
"04403862","19770420","20231007","鴻元生技股份有限公司","DAY SPRING BIOTECH CO., LTD.","臺中市北屯區崇德路二段128號6樓之2","6 F.-2, No. 128, Sec. 2, Chongde Rd., Beitun Dist., Taichung City 406503, Taiwan (R.O.C.)","謝O美蘭","04-22373397","04-22373384","有","有"
"04403933","19770406","20230422","盛年股份有限公司","GOODYEAR COMMERCIAL CO., LTD.","臺北市大安區安和路1段21巷10號1樓","1 F., No. 10, Ln. 21, Sec. 1, Anhe Rd., Da’an Dist., Taipei City 106057, Taiwan (R.O.C.)","沈O億","02-27763146","02-27117765","有","有"
"04404476","19760818","20210813","北花針織股份有限公司","BAY FLOWER KNITTING CO., LTD.","臺北市文山區興隆路2段220巷29號3樓","3 F., No. 29, Ln. 220, Sec. 2, Xinglong Rd., Wenshan Dist., Taipei City 11690, Taiwan (R.O.C.)","周O艾","02-27150335","","有","有"
"04404855","19780729","20250219","昭元化成股份有限公司","SUNLITE CHEMICAL INDUSTRIES CO., LTD.","臺北市中山區松江路129號9樓","9 F., No. 129, Songjiang Rd., Zhongshan Dist., Taipei City 10485, Taiwan (R.O.C.)","林O修","02-2506-2356","02-2506-8505","有","有"
"04404980","20021001","20210812","世維企業有限公司","SHR WEI ENTERPRISE COMPANY","臺北市中正區青島東路25號1樓","1 F., No. 25, Qingdao E. Rd., Zhongzheng Dist., Taipei City 10050, Taiwan (R.O.C.)","李O春","02-69922564","","有","有"
"04405123","19780309","20210815","威尼都貿易有限公司","VINIDU INTERNATIONAL CORPORATION","臺北市士林區中山北路7段54之3號","No. 54-3, Sec. 7, Zhongshan N. Rd., Shilin Dist., Taipei City 11152, Taiwan (R.O.C.)","廖O雄","02-28745267","02-28745263","有","有"
"04405242","19820515","20221212","泰育企業有限公司","FORMULABS ENTERPRISE CO., LTD.","臺北市中山區合江街93巷16號","No. 16, Ln. 93, Hejiang St., Zhongshan Dist., Taipei City 104081, Taiwan (R.O.C.)","朱O鳳","02-2502-4561","02-2502-4129","無","無"
"04405405","19700319","20210813","生力化學工業股份有限公司","SUNLEAD CHEMICAL INDUSTRY CO., LTD.","臺北市中山區長春路65號7樓","7 F., No. 65, Changchun Rd., Zhongshan Dist., Taipei City 10447, Taiwan (R.O.C.)","陳O美","02-25113151","02-25361656","有","有"
"04405518","19810307","20240521","巍昌兄弟股份有限公司","WEYCHANG BROTHERS' COMPANY LTD.","臺北市中山區長安東路2段173號9樓","9 F., No. 173, Sec. 2, Chang’an E. Rd., Zhongshan Dist., Taipei City 104102, Taiwan (R.O.C.)","林O立","02-27406718","02-27113862","有","有"
"04405741","19780309","20210812","杉和實業股份有限公司","CONCORD INTERNATIONAL ENGINEERING & TRADING CO., LTD.","臺北市南港區三重路19之13號14樓","14 F., No. 19-13, Sanchong Rd., Nangang Dist., Taipei City 11501, Taiwan (R.O.C.)","鄭O皇","02-2655-2299","02-2655-1249","有","有"
"04406559","20030418","20230414","長榮國際儲運股份有限公司","EVERGREEN INTERNATIONAL STORAGE & TRANSPORT CORPORATION","桃園市桃園區經國路899號","No. 899, Jingguo Rd., Taoyuan Dist., Taoyuan City 330063, Taiwan (R.O.C.)","邱O育","03-325-2060","03-346-2009","有","有"
"04406609","19751004","20210814","隆樺企業有限公司","MAXWELL CO., LTD.","臺北市信義區信義路5段5號","No. 5, Sec. 5, Xinyi Rd., Xinyi Dist., Taipei City 11011, Taiwan (R.O.C.)","林O猛","02-27252345","02-27252978","有","有"
"04407380","19781213","20210812","弘璋企業股份有限公司","FORTUNE DEVELOPMENT CORPORATION","臺北市中正區仁愛路2段1號5樓","5 F., No. 1, Sec. 2, Ren’ai Rd., Zhongzheng Dist., Taipei City 10055, Taiwan (R.O.C.)","劉O誠","02-23959777","","無","無"
"04407570","19910914","20220903","金懋企業股份有限公司","UNITED METALS ENTERPRISE CO., LTD.","新北市淡水區自立路15巷9號20樓","20 F., No. 9, Ln. 15, Zili Rd., Tamsui Dist., New Taipei City 251622, Taiwan (R.O.C.)","陳O福","02-25682278","02-81926674","無","無"
"04407889","19760301","20210813","豫成企業股份有限公司","C.YU-CHENG ENTERPRISE INC.","臺北市大安區敦化南路2段267號7樓之4","7 F.-4, No. 267, Sec. 2, Dunhua S. Rd., Da’an Dist., Taipei City 10675, Taiwan (R.O.C.)","常O堅","02-27371879","02-27368608","有","有"
"04408000","19861203","20210812","成鴻企業有限公司","TAIWAN SEIKOENT CO., LTD.","臺北市中山區中山北路2段44巷21之1號1樓","1 F., No. 21-1, Ln. 44, Sec. 2, Zhongshan N. Rd., Zhongshan Dist., Taipei City 10448, Taiwan (R.O.C.)","高O春","02-25511791","","有","有"
"04408141","19841023","20210814","汎佳企業有限公司","FANN JIA ENTERPRISE CO., LTD.","臺北市松山區敦化北路222巷23號1樓","1 F., No. 23, Ln. 222, Dunhua N. Rd., Songshan Dist., Taipei City 10546, Taiwan (R.O.C.)","黃O權","02-87121388","02-87121389","有","有"
"04408228","19780825","20211113","台灣平井國際有限公司","H. HIRAI INTERNATIONAL (TAIWAN) LTD.","新北市土城區延和路105巷3弄3號2樓","2 F., No. 3, Aly. 3, Ln. 105, Yanhe Rd., Tucheng Dist., New Taipei City 23647, Taiwan (R.O.C.)","黃O屏","02-27021721","02-27026541","有","有"
"04408775","19790806","20210813","武昌貿易有限公司","TAIWAN FU CHON INTERNATIONAL TRADING CO., LTD.","臺北市中山區南京西路13號8樓","8 F., No. 13, Nanjing W. Rd., Zhongshan Dist., Taipei City 10444, Taiwan (R.O.C.)","羅O暇","02-25219097","02-25361772","有","有"
"04408830","19981203","20210812","東君股份有限公司","TOMKINGS COMPANY LIMITED","臺北市大安區大安路2段132巷8號1樓","1 F., No. 8, Ln. 132, Sec. 2, Da’an Rd., Da’an Dist., Taipei City 10667, Taiwan (R.O.C.)","朱O樑","02-2701-2225","02-2705-8327","有","有"
"04409373","19780717","20210815","創藝企業股份有限公司","CRESCENT ENTERPRISE CO., LTD.","新北市新店區寶橋路235巷118號5樓之2","5 F.-2, No. 118, Ln. 235, Baoqiao Rd., Xindian Dist., New Taipei City 23145, Taiwan (R.O.C.)","游O治","02-29177367","02-29177438","有","有"
"04409401","19801016","20240315","來裕企業股份有限公司","LICA ENTERPRISES CORPORATION","臺北市大安區安和路2段7號4樓之1","4 F.-1, No. 7, Sec. 2, Anhe Rd., Da’an Dist., Taipei City 10680, Taiwan (R.O.C.)","許O誦","02-27028147-9","02-27097392","有","有"
"04409492","19860207","20240625","山仁實業有限公司","SHANGERN INDUSTRIAL CO., LTD.","桃園市蘆竹區長安路一段164號","No. 164, Sec. 1, Chang’an Rd., Luzhu Dist., Taoyuan City 338020, Taiwan (R.O.C.)","曾O綱","03-3129258","","有","有"
"04409514","19780221","20210813","正同開發股份有限公司","AGRIASIA DEVELOPMENT CORPORATION","臺北市大安區忠孝東路4段222號3樓","3 F., No. 222, Sec. 4, Zhongxiao E. Rd., Da’an Dist., Taipei City 10692, Taiwan (R.O.C.)","高O吉","02-24347617","","有","有"
"04409839","19780911","20210815","和諧影業有限公司","THE UNISON PRODUCTION COMPANY LIMITED","臺北市中山區松江路131號5樓502室","Rm. 502, 5 F., No. 131, Songjiang Rd., Zhongshan Dist., Taipei City 10485, Taiwan (R.O.C.)","林O雄","02-25167333","02-25075738","有","有"
"04409850","19920803","20210812","鑫億企業有限公司","KING-E LU LTD.","臺北市中山區民權西路20號10樓之3","10 F.-3, No. 20, Minquan W. Rd., Zhongshan Dist., Taipei City 10449, Taiwan (R.O.C.)","江O珍","02-25223056","02-25319692","有","有"
"04409943","19771017","20221214","生明貿易有限公司","SHEN MIN TRADING CO., LTD.","臺北市大安區復興南路1段107巷5弄13之1號2樓","2 F., No. 13-1, Aly. 5, Ln. 107, Sec. 1, Fuxing S. Rd., Da’an Dist., Taipei City 106070, Taiwan (R.O.C.)","趙O光","26521000","27856259","有","有"
"04410343","19771122","20240717","嘉美工業股份有限公司","JIA MEEI INDUSTRIAL CO., LTD.","嘉義縣太保市嘉太工業區中興路5號","No. 5, Zhongxing Rd., Jiatai Industrial Park, Taibao City, Chiayi County 612012, Taiwan (R.O.C.)","劉O洲","02-25078226-8","","有","有"
"04410532","19910913","20210815","聯邦育樂事業股份有限公司","UNION RECREATION ENTERPRISE CORP.","臺北市中山區松江路235巷16號","No. 16, Ln. 235, Songjiang Rd., Zhongshan Dist., Taipei City 10483, Taiwan (R.O.C.)","陳O棟","02-27177799","02-27195500","有","有"
"04410580","20110222","20210814","健旭企業有限公司","JIEN SHIUH ENTERPRISE CO., LTD.","臺北市中山區林森北路67巷78號1樓","1 F., No. 78, Ln. 67, Linsen N. Rd., Zhongshan Dist., Taipei City 10442, Taiwan (R.O.C.)","溫O珠","02-25415513","02-25626187","有","有"
"04411568","19831124","20210815","豪祥實業股份有限公司","HAUR SHIANG INDUSTRIES CO., LTD.","臺北市大安區復興南路2段166號12樓","12 F., No. 166, Sec. 2, Fuxing S. Rd., Da’an Dist., Taipei City 10664, Taiwan (R.O.C.)","林O爐","02-27051922","02-27051918","有","有"
"04411770","20191218","20221103","誠泉企業有限公司","Chen Chuan Construction Co. Ltd.","臺北市北投區裕民六路120號4樓","4 F., No. 120, Yumin 6th Rd., Beitou Dist., Taipei City 112042, Taiwan (R.O.C.)","江O庭","02-28225555","02-28227777","有","有"
"04411862","19780920","20210815","雷馳貿易有限公司","REX TOOL & HARDWARE CORP.","臺北市中山區松江路152號13樓","13 F., No. 152, Songjiang Rd., Zhongshan Dist., Taipei City 10458, Taiwan (R.O.C.)","黃O琦","02-25612776","","有","有"
"04412004","20120116","20210821","大禮珠寶有限公司","DELIGHT JEWELRY CO., LTD.","臺北市信義區信義路5段5號5樓","5 F., No. 5, Sec. 5, Xinyi Rd., Xinyi Dist., Taipei City 11011, Taiwan (R.O.C.)","江O祝","02-25873377","02-25875533","有","有"
"04412118","19980612","20230110","新台農牧有限公司","HSIN TAI HUSBANDRY & VETERINARY SUPPLIES CO., LTD.","臺北市信義區基隆路1段141號13之3","No. 141, Sec. 1, Keelung Rd., Xinyi Dist., Taipei City 110058, Taiwan (R.O.C.)","王O鳳","02-23917253","","有","有"
"04412124","19800904","20221102","欣臨企業股份有限公司","TAIWAN HSIN LIN ENTERPRISES CO., LTD.","臺北市中山區南京東路3段70號4樓","4 F., No. 70, Sec. 3, Nanjing E. Rd., Zhongshan Dist., Taipei City 104503, Taiwan (R.O.C.)","陳O天","02-25067777","02-25077687","有","有"
"04412200","19870917","20210813","榮春企業股份有限公司","RUNG TSWEN ENTERPRISE CO., LTD.","臺北市信義區松德路171號6樓之3","6 F.-3, No. 171, Songde Rd., Xinyi Dist., Taipei City 11085, Taiwan (R.O.C.)","林O民","02-27260033","","有","有"
"04412594","19731114","20210814","安貿企業股份有限公司","WIN MARK ENTERPRISE CO., LTD.","臺北市中山區松江路132巷17之4號","No. 17-4, Ln. 132, Songjiang Rd., Zhongshan Dist., Taipei City 10457, Taiwan (R.O.C.)","李O平","02-25810056","","有","有"
"04412813","19801124","20210814","春裕企業有限公司","SUNSHINY ENTERPRISE CO., LTD.","臺中市南屯區大業里東興路三段239號5樓之2","5 F.-2, No. 239, Sec. 3, Dongxing Rd., Daye Vil., Nantun Dist., Taichung City 40848, Taiwan (R.O.C.)","吳O章","04-22599292","","有","有"
"04412882","19780824","20241119","勁年企業有限公司","KING LAND ENTERPRISE CO., INC.","新北市汐止區伯爵街41巷8號","No. 8, Ln. 41, Bojue St., Xizhi Dist., New Taipei City 22156, Taiwan (R.O.C.)","","02-26438361","02-26435411","無","無"
"04413242","19781122","20210813","佳群貿易有限公司","LEE'S INTERNATIONAL LTD.","臺北市中山區南京東路3段65號9樓","9 F., No. 65, Sec. 3, Nanjing E. Rd., Zhongshan Dist., Taipei City 10487, Taiwan (R.O.C.)","李O氷沁","02-2506-7398","02-2506-4568","有","有"
"04413377","19781220","20210813","森達企業有限公司","SEN TA ENTERPRISE CO., LTD.","臺北市松山區新東街20巷42號","No. 42, Ln. 20, Xindong St., Songshan Dist., Taipei City 10591, Taiwan (R.O.C.)","藍O慈","02-27677283","02-27719266","有","有"
"04413720","19830628","20210813","龍臣股份有限公司","LASERBLACK INTERNATIONAL CORPORATION","臺北市中山區錦州街175巷23號1樓","1 F., No. 23, Ln. 175, Jinzhou St., Zhongshan Dist., Taipei City 10468, Taiwan (R.O.C.)","黃O臣","02-22990555","02-22990013","有","有"
"04413897","19790425","20230421","百輔企業有限公司","PAIFU ENTERPRISE CORPORATION","臺北市內湖區內湖路2段466號3樓之1","3 F.-1, No. 466, Sec. 2, Neihu Rd., Neihu Dist., Taipei City 114023, Taiwan (R.O.C.)","黃O隆","02-25811926","02-25613778","有","有"
"04414278","19790110","20230304","頂貿股份有限公司","TING MAW INDUSTRIAL CO., LTD.","臺中市太平區中山路二段100巷89號1樓","1 F., No. 89, Ln. 100, Sec. 2, Zhongshan Rd., Taiping Dist., Taichung City 411013, Taiwan (R.O.C.)","李O玲","04-23933952","04-23928039","有","有"
"04414517","19841219","20210814","泉木實業有限公司","GENERAL ACCESSORIES CORP.","臺北市松山區復興北路57號9樓","9 F., No. 57, Fuxing N. Rd., Songshan Dist., Taipei City 10595, Taiwan (R.O.C.)","周O隆","02-27528322","","有","有"
"04414586","19941114","20210812","海盟實業有限公司","HIEMON ENTERPRISES CO., LTD.","臺北市中山區南京東路2段41巷7號","No. 7, Ln. 41, Sec. 2, Nanjing E. Rd., Zhongshan Dist., Taipei City 10457, Taiwan (R.O.C.)","劉O瑝","02-25432608","02-25310856","有","有"
"04414951","19790605","20230302","謙輝貿易股份有限公司","CHIEEN FUI TRADING CO., LTD.","臺南市中西區臨安路1段239號","No. 239, Sec. 1, Lin’an Rd., West Central Dist., Tainan City 700018, Taiwan (R.O.C.)","魏O卿","06-2613142","06-2645032","有","有"
"04415023","20150917","20210814","鉅中企業有限公司","JADIA INDUSTRIAL CO., LTD.","臺北市中正區忠孝東路2段80號8樓","8 F., No. 80, Sec. 2, Zhongxiao E. Rd., Zhongzheng Dist., Taipei City 10050, Taiwan (R.O.C.)","胡O行","02-23975537","02-23975963","有","有"
"04415332","19790328","20221230","陸寶企業股份有限公司","LU PAO FINE CHINA CO., LTD.","桃園市中壢區後寮里中山東路二段422巷120號","No. 120, Ln. 422, Sec. 2, Zhongshan E. Rd., Houliao Vil., Zhongli Dist., Taoyuan City 320042, Taiwan (R.O.C.)","呂O誼","03-4563125","03-4563127","有","有"
"04415419","19781222","20210812","雅安國際企業股份有限公司","ASIAM INTERNATIONAL (TAIWAN), INC.","臺北市內湖區瑞光路298號3樓之1、之2","3 F.-1, No. 298, Ruiguang Rd., Neihu Dist., Taipei City 11491, Taiwan (R.O.C.)","劉O洲","02-87972558","02-87972528","有","有"
"04415570","19740424","20210812","明捷行有限公司","MING KIT HONG TRADING CO.","高雄市前鎮區新福路7號2樓","2 F., No. 7, Xinfu Rd., Cianjhen Dist., Kaohsiung City 80672, Taiwan (R.O.C.)","卓O凱","07-8132200","07-8136622","有","有"
"04415781","19770401","20250125","尚德實業股份有限公司","TATEH INDUSTRY CO., LTD.","新北市三重區重新路4段97號19樓之2","19 F.-2, No. 97, Sec. 4, Chongxin Rd., Sanchong Dist., New Taipei City 241513, Taiwan (R.O.C.)","洪O雄","02-29738981","02-29756511","無","無"
"04415810","19820708","20210813","凱信企業股份有限公司","CASSEN ENTERPRISES CO., LTD.","臺北市松山區南京東路4段50號10樓之1","10 F.-1, No. 50, Sec. 4, Nanjing E. Rd., Songshan Dist., Taipei City 10553, Taiwan (R.O.C.)","李O宏","02-25788077","02-25780618","有","有"
"04416206","19910112","20210815","友偉工業股份有限公司","GOODWILL CHEMICAL CORPORATION","臺北市中山區新生北路2段119巷9號1樓","1 F., No. 9, Ln. 119, Sec. 2, Xinsheng N. Rd., Zhongshan Dist., Taipei City 10469, Taiwan (R.O.C.)","蔡O美","02-2542-7646","02-2542-7744","有","有"
"04416677","19831018","20230425","尚上國際股份有限公司","BESTWAY SCIENTIFIC CORPORATION","臺北市中山區長安東路2段169之6號3樓之3","3 F.-3, No. 169-6, Sec. 2, Chang’an E. Rd., Zhongshan Dist., Taipei City 104102, Taiwan (R.O.C.)","許O南","27416763","27313646","有","有"
"04416803","19790303","20250328","神功企業股份有限公司","XENCO INC.","臺北市中山區南京西路5之1號9樓之3","9 F.-3, No. 5-1, Nanjing W. Rd., Zhongshan Dist., Taipei City 10444, Taiwan (R.O.C.)","莊O熙","02-25224457","","有","有"
"04416894","19770728","20230105","崇友實業股份有限公司","GOLDEN FRIENDS (GFC, LTD.) CORPORATION","臺北市中山區南京東路2段88號13樓","13 F., No. 88, Sec. 2, Nanjing E. Rd., Zhongshan Dist., Taipei City 104491, Taiwan (R.O.C.)","唐O龍","02-25511166","25426698","有","有"
"04416938","19820309","20221221","金唐茂事業股份有限公司","KING THOMAS MARKETING CORP.","臺北市中山區長安東路2段142號8樓","8 F., No. 142, Sec. 2, Chang’an E. Rd., Zhongshan Dist., Taipei City 104499, Taiwan (R.O.C.)","吳O洲","25073347","25073354","無","無"
"04417459","19920427","20221117","海外林業開發股份有限公司","PAN-OCEAN FOREST DEVELOPMENT CO., LTD.","臺北市內湖區環山路1段3號2樓","2 F., No. 3, Sec. 1, Huanshan Rd., Neihu Dist., Taipei City 114003, Taiwan (R.O.C.)","葉O峰","02-26585211","02-26277442","無","無"
"04417508","19780321","20210815","冠軍股份有限公司","THE WORLD CHAMPION CO., LTD.","臺北市中山區中山北路2段79號7樓","7 F., No. 79, Sec. 2, Zhongshan N. Rd., Zhongshan Dist., Taipei City 10448, Taiwan (R.O.C.)","陳O福","02-2571-7271","02-2562-9689","有","有"
"04417916","19780818","20210815","蔘興貿易股份有限公司","SENG SHIN TRADING CO., LTD.","臺北市大同區民生西路323號5樓之5","5 F.-5, No. 323, Minsheng W. Rd., Datong Dist., Taipei City 10345, Taiwan (R.O.C.)","余O岳","02-25814733","","有","有"
"04418458","19780907","20240103","延德貿易有限公司","TAIWAN HIDA INC.","臺北市信義區忠孝東路5段363號6樓之8","6 F.-8, No. 363, Sec. 5, Zhongxiao E. Rd., Xinyi Dist., Taipei City 11061, Taiwan (R.O.C.)","","02-26275668","02-87972899","無","無"
"04418627","19770505","20240920","利鋒實業股份有限公司","LION ENTERPRISES CORPORATION","臺北市中山區民生東路1段25號11樓之37室","Rm. 37, 11 F., No. 25, Sec. 1, Minsheng E. Rd., Zhongshan Dist., Taipei City 10451, Taiwan (R.O.C.)","蕭O鑫","02-25421289","02-25619250","有","有"
"04418675","19780930","20210813","英霸國際商業有限公司","EMPIRE INTERNATIONAL COMMERCE CO., LTD.","臺北市中山區雙城街32巷12之1號2樓","2 F., No. 12-1, Ln. 32, Shuangcheng St., Zhongshan Dist., Taipei City 10461, Taiwan (R.O.C.)","陳O雄","02-25931468","","有","有"
"04418746","19910727","20210814","大帝企業有限公司","DAH DIH ENTERPRISES CORPORATION","臺北市內湖區新湖三路189號2樓","2 F., No. 189, Xinhu 3rd Rd., Neihu Dist., Taipei City 11494, Taiwan (R.O.C.)","吳O傑","02-27888211","02-27880422","有","有"
"04418871","19810828","20231220","力煌企業有限公司","LIHUANG DEVELOPMENT CORPORATION","臺北市中山區錦州街426巷1之1號2樓","2 F., No. 1-1, Ln. 426, Jinzhou St., Zhongshan Dist., Taipei City 104081, Taiwan (R.O.C.)","","02-25034359","02-29436984","無","無"
"04419007","19910814","20210812","世眾展業股份有限公司","GLOBAL INDUSTRIAL DEVELOPMENT CORPORATION","臺北市信義區忠孝東路5段552號9樓","9 F., No. 552, Sec. 5, Zhongxiao E. Rd., Xinyi Dist., Taipei City 11081, Taiwan (R.O.C.)","李O倉","02-87858668","02-87858669","有","有"
"04419105","19741114","20220930","惟達電股份有限公司","NEWDIGI TECH INC.","新北市淡水區頂田寮路133號","No. 133, Dingtianliao Rd., Tamsui Dist., New Taipei City 251001, Taiwan (R.O.C.)","翁O山","02-25211100","02-25514156","無","無"
"04419626","19920125","20210813","添新五金有限公司","TAN SHING HARDWARE COMPANY","臺北市中山區雙城街28巷11之1號1樓","1 F., No. 11-1, Ln. 28, Shuangcheng St., Zhongshan Dist., Taipei City 10460, Taiwan (R.O.C.)","高O哲","02-25966271","02-25953611","有","有"
"04419668","19781221","20210814","錦璘企業股份有限公司","TAIWAN ACTIVE ENTERPRISES CO., LTD.","臺北市大安區仁愛路4段147號10樓","10 F., No. 147, Sec. 4, Ren’ai Rd., Da’an Dist., Taipei City 10686, Taiwan (R.O.C.)","蔡O梅","02-27529350-3","02-27218169","有","有"
"04419793","19820521","20210812","納美斯企業股份有限公司","LAMICINE ENTERPRISE CO., LTD.","臺北市萬華區中華路1段192號9樓之1","9 F.-1, No. 192, Sec. 1, Zhonghua Rd., Wanhua Dist., Taipei City 10850, Taiwan (R.O.C.)","黃O弘","02-23810647","02-23616391","有","有"
"04420335","19790601","20220926","衆望企業有限公司","REX ENTERPRISES CO., LTD.","臺北市內湖區內湖路3段333之1號1樓","1 F., No. 333-1, Sec. 3, Neihu Rd., Neihu Dist., Taipei City 114014, Taiwan (R.O.C.)","林O珠","02-27682120-9","","無","無"
"04420588","19790504","20220310","台灣交邦股份有限公司","KOHO (TAIWAN) CO., LTD.","新北市新店區中正路四維巷1弄2號3樓","3 F., No. 2, Aly. 1, Siwei Ln., Zhongzheng Rd., Xindian Dist., New Taipei City 23148, Taiwan (R.O.C.)","李O蒼","02-22198088","02-25411301","有","有"
"04420898","19930507","20210813","正豐機械工業有限公司","CHEN FONG MACHINERY IND. CO., LTD.","桃園市中壢區內定里合圳北路17號","No. 17, Hezun N. Rd., Neiding Vil., Zhongli Dist., Taoyuan City 32061, Taiwan (R.O.C.)","高O崎","03-4523363","03-4514169","有","有"
"04421329","19960724","20230329","亨倫企業有限公司","HENG LUEN ENTERPRISE CO., LTD.","新北市永和區保生路1號10樓之1","10 F.-1, No. 1, Baosheng Rd., Yonghe Dist., New Taipei City 234635, Taiwan (R.O.C.)","林O志","02-29241488","02-29256251","有","有"
"04421670","19771104","20210813","喬文實業股份有限公司","JOVE ENTERPRISE CORP.","臺北市中山區民權東路1段42號5樓","5 F., No. 42, Sec. 1, Minquan E. Rd., Zhongshan Dist., Taipei City 10452, Taiwan (R.O.C.)","呂O宇","02-2522-2405","02-2536-6115","有","有"
"04421860","20170815","20210814","統帥航空貨運代理股份有限公司","U-FREIGHT (TAIWAN) LTD.","臺北市松山區南京東路5段14號1樓","1 F., No. 14, Sec. 5, Nanjing E. Rd., Songshan Dist., Taipei City 10597, Taiwan (R.O.C.)","何O熊","02-27622633","02-27533114","有","有"
"04422137","19770920","20210813","東經貿易股份有限公司","TOO KEI TRADING CO., LTD.","臺北市中正區延平南路216巷7號5樓","5 F., No. 7, Ln. 216, Yanping S. Rd., Zhongzheng Dist., Taipei City 10065, Taiwan (R.O.C.)","郭O儀","02-23880353","02-23753696","有","有"
"04422501","19790418","20230607","佐佑投資股份有限公司","INTERNATIONAL CHIA HSIN CORPORATION","臺北市中山區中山北路2段96號","No. 96, Sec. 2, Zhongshan N. Rd., Zhongshan Dist., Taipei City 104218, Taiwan (R.O.C.)","陳O凌","02-25611670","25416993","有","有"
"04422973","19740904","20231205","清隆企業股份有限公司","MORRISON & CO., LTD.","臺北市中山區中山北路2段112號11樓","11 F., No. 112, Sec. 2, Zhongshan N. Rd., Zhongshan Dist., Taipei City 10449, Taiwan (R.O.C.)","鄭O民","02-25633881-5","","有","有"
"04423380","19870718","20210814","世益化工股份有限公司","WORLDWIDE CHEMICAL CO., LTD.","新北市板橋區銘傳街68號(1樓)","1 F., No. 68, Mingchuan St., Banqiao Dist., New Taipei City 22046, Taiwan (R.O.C.)","徐O","02-26623316","02-26625135","有","有"
"04423728","19810120","20240531","香港商晉盛股份有限公司台灣分公司","GENIMEX (HONG KONG) LTD. TAIWAN BRANCH","臺北市中山區民權東路三段144號10樓21室","Rm. 21, 10 F., No. 144, Sec. 3, Minquan E. Rd., Zhongshan Dist., Taipei City 104, Taiwan (R.O.C.)","齊O亞ELICHOUCHITAYAT","02-2717-2720-1","02-2716-8654","無","無"
"04424022","20090814","20210815","環宙航空貨運有限公司","COSMO AIR FREIGHT (TAIWAN) LTD.","臺北市內湖區瑞光路258巷55號4樓","4 F., No. 55, Ln. 258, Ruiguang Rd., Neihu Dist., Taipei City 11491, Taiwan (R.O.C.)","劉O瑋","02-87519299","02-87519266","有","有"
"04424141","19850307","20210814","居隆實業有限公司","MANKIE CORPORATION","臺北市中山區四平街32號6樓","6 F., No. 32, Siping St., Zhongshan Dist., Taipei City 10458, Taiwan (R.O.C.)","高O慧","02-25310818","02-25818289","有","有"
"04424206","19950915","20210812","七星香料股份有限公司","MASCOT STAR CO., LTD.","新北市新莊區化成路11巷89弄11號","No. 11, Aly. 89, Ln. 11, Huacheng Rd., Xinzhuang Dist., New Taipei City 24252, Taiwan (R.O.C.)","何O碧","02-25211381","02-25623166","有","有"
"04424613","19790822","20230922","松利塑膠股份有限公司","SUNNY PLASTIC MANUFACTURER CO., LTD.","新北市林口區工二區工四路6號","No. 6, Gong 4th Rd., 2nd Industrial Park, Linkou Dist., New Taipei City 244010, Taiwan (R.O.C.)","謝O和","02-26017992","","有","有"
"04424677","19891201","20210814","台灣威德機電工業有限公司","TAIWAN WITTER ENGINEERING CO., LTD.","新北市中和區南山路18號1樓","1 F., No. 18, Nanshan Rd., Zhonghe Dist., New Taipei City 23560, Taiwan (R.O.C.)","江O儀","02-22302222","02-22300022","有","有"
"04425036","19780324","20241225","琅富國際企業股份有限公司","SUPER OVERSEAS INTERNAIONAL CO.,LTD","新北市汐止區樟樹一路1巷22號9樓","9 F., No. 22, Ln. 1, Zhangshu 1st Rd., Xizhi Dist., New Taipei City 22146, Taiwan (R.O.C.)","","02-26437298","02-26903841","無","無"
"04425198","19780220","20210814","慶林實業股份有限公司","3L MANUFACTURER ASSOCIATES, INC.","臺北市中山區德惠街55號之1、1樓","1 F., No. 55-1, Dehui St., Zhongshan Dist., Taipei City 10460, Taiwan (R.O.C.)","林O寅","02-25859650","02-25862391","有","有"
"04426247","20021209","20210812","可好企業股份有限公司","KO HAO SOLUTION INC.","臺北市內湖區南京東路6段330巷18弄11號1樓","1 F., No. 11, Aly. 18, Ln. 330, Sec. 6, Nanjing E. Rd., Neihu Dist., Taipei City 11470, Taiwan (R.O.C.)","李O運","02-27941331","02-27926203","有","有"
"04426366","19790214","20210814","甘德股份有限公司","KENT CORPORATION","臺北市中山區民族東路96號3樓","3 F., No. 96, Minzu E. Rd., Zhongshan Dist., Taipei City 10461, Taiwan (R.O.C.)","林O瑤","02-25918600","02-25918477","有","有"
"04426529","19790416","20230523","攸聯企業股份有限公司","AIMS INDUSTRIAL CO., LTD.","新北市三重區重新路5段609巷8號2樓之5","2 F.-5, No. 8, Ln. 609, Sec. 5, Chongxin Rd., Sanchong Dist., New Taipei City 241404, Taiwan (R.O.C.)","劉O彰","02-29991666","02-29991492","有","有"
"04426963","19790309","20210814","衡光企業股份有限公司","KING HAT ENTERPRISE CO., LTD.","臺北市信義區信義路5段5號","No. 5, Sec. 5, Xinyi Rd., Xinyi Dist., Taipei City 11011, Taiwan (R.O.C.)","蔡O娟","02-2725-2118","02-2725-2589","有","有"
"04427169","19870922","20221231","東群五金防火門股份有限公司","TUNG CHUNG HARDWARE & FIRE DOOR CORPORATION","臺北市中山區松江路200號9樓之5","9 F.-5, No. 200, Songjiang Rd., Zhongshan Dist., Taipei City 104486, Taiwan (R.O.C.)","劉O月娥","02-25673377","02-25111047","有","有"
"04427175","19810716","20250117","台北翊利股份有限公司","ILLIES ENGINEERING (TAIPEI) LTD.","臺北市信義區光復南路495號6樓之4","6 F.-4, No. 495, Guangfu S. Rd., Xinyi Dist., Taipei City 110007, Taiwan (R.O.C.)","COrlMichOelIllies","02-27132181","02-27121881","有","有"
"04427533","19790407","20210815","双安有限公司","SO AN CO., LTD.","臺北市中山區長安東路1段2之1號3樓","3 F., No. 2-1, Sec. 1, Chang’an E. Rd., Zhongshan Dist., Taipei City 10441, Taiwan (R.O.C.)","黄O力","02-25377654","02-25216658","有","有"
"04428717","19770406","20230603","唐大企業股份有限公司","TANG TA ENTERPRISE CO., LTD.","臺北市中山區中山北路2段27巷4號5樓","5 F., No. 4, Ln. 27, Sec. 2, Zhongshan N. Rd., Zhongshan Dist., Taipei City 104004, Taiwan (R.O.C.)","","02-25811381","","無","無"
"04428884","19770303","20210814","菱鵬貿易股份有限公司","LIN PONG TRADING CO., LTD.","新北市三重區三和路4段111之33號6樓","6 F., No. 111-33, Sec. 4, Sanhe Rd., Sanchong Dist., New Taipei City 24152, Taiwan (R.O.C.)","游O祿","02-2286-4600","02-2287-9651","有","有"
"04429672","20131205","20230420","晏全石礦股份有限公司","YEN CHUAN QUARRY. CO., LTD.","花蓮縣花蓮市民樂里10鄰中興路29號","No. 29, Zhongxing Rd., 10th Neighborhood, Minle Vil., Hualien City, Hualien County 970064, Taiwan (R.O.C.)","陳O華","0985-373812","","無","無"
"04429899","19780817","20240812","恆東貿易有限公司","HENG TONG TRADING CO., LTD.","臺北市中山區復興北路402巷16號2樓","2 F., No. 16, Ln. 402, Fuxing N. Rd., Zhongshan Dist., Taipei City 104079, Taiwan (R.O.C.)","傅O須美","02-27722022","","有","有"
"04430354","19780815","20250117","天山金屬工業股份有限公司","TIEN SHAN WIRE INDUSTRIES CORP.","臺北市信義區福德街165巷12號3樓","3 F., No. 12, Ln. 165, Fude St., Xinyi Dist., Taipei City 110035, Taiwan (R.O.C.)","李O瑩","02-23416236","02-23936850","有","有"
"04430875","19930412","20210814","啟暢企業有限公司","CHIE TSIANG ENTERPRISE CO., LTD.","臺北市中山區復興北路344號5樓","5 F., No. 344, Fuxing N. Rd., Zhongshan Dist., Taipei City 10478, Taiwan (R.O.C.)","陳O君","02-25052525","02-25031275","有","有"
"04430988","19970113","20210814","欣恒股份有限公司","HSIN & HENG INDUSTRIAL CORP.","臺北市松山區復興北路1號11樓之4","11 F.-4, No. 1, Fuxing N. Rd., Songshan Dist., Taipei City 10595, Taiwan (R.O.C.)","李OO","02-27731661","","有","有"
"04431071","19970416","20210814","成功體育文具股份有限公司","SUCCESS SPORTS & STATIONERY CORP.","新北市汐止區康寧街149號1樓","1 F., No. 149, Kangning St., Xizhi Dist., New Taipei City 22105, Taiwan (R.O.C.)","林O弘","02-2695-7030","02-2695-7031","有","有"
"04431380","19910116","20210814","鴻鈴企業有限公司","CHIANG'S HUNG LING ENTERPRISES CO., LTD.","臺北市北投區中和街505號5樓","5 F., No. 505, Zhonghe St., Beitou Dist., Taipei City 11252, Taiwan (R.O.C.)","李O慧","02-2782-6829","02-2783-7538","有","有"
"04431804","19760121","20230720","寶一科技股份有限公司","AERO WIN TECHNOLOGY CORPORATION","臺南市新營區新工路13巷1號","No. 1, Ln. 13, Xingong Rd., Xinying Dist., Tainan City 730014, Taiwan (R.O.C.)","曾O浩","06-6535001","06-6535057","有","有"
"04431939","19771022","20210813","豪仁貿易股份有限公司","HOWREN TRADING CO., LTD.","新竹市香山區南港里南港街52巷9-1號","No. 9-1, Ln. 52, Nangang St., Nangang Vil., Xiangshan Dist., Hsinchu City 30095, Taiwan (R.O.C.)","林O彬","03-5372181","03-5377508","有","有"
"04432304","20040428","20240912","眾利工程股份有限公司","JL ENGINEERING CO., LTD.","臺北市信義區信義路5段8巷19號2樓","2 F., No. 19, Ln. 8, Sec. 5, Xinyi Rd., Xinyi Dist., Taipei City 11049, Taiwan (R.O.C.)","張O雄","02-27226621","02-27221393","有","有"
"04432711","19780302","20230303","安第斯企業股份有限公司","ANDES ENTERPRISES CO., LTD.","臺北市大安區安和路2段60號18樓","18 F., No. 60, Sec. 2, Anhe Rd., Da’an Dist., Taipei City 106418, Taiwan (R.O.C.)","陳O澍","02-27017330","","有","有"
"04433205","19781130","20210815","明志玻璃股份有限公司","MENTEX GLASS INDUSTRY DEVELOPMENT, INC.","臺北市松山區南京東路5段56號6樓","6 F., No. 56, Sec. 5, Nanjing E. Rd., Songshan Dist., Taipei City 10597, Taiwan (R.O.C.)","戴O雯","02-27642115-6","02-27648221","有","有"
"04433275","19810117","20210815","亞達企業有限公司","YON DON ENTERPRISE CO., LTD.","臺北市南港區南港路3段80巷34號2樓","2 F., No. 34, Ln. 80, Sec. 3, Nangang Rd., Nangang Dist., Taipei City 11570, Taiwan (R.O.C.)","洪O文","02-27839583","02-27865539","有","有"
"04433893","19770116","20210814","勝有貿易有限公司","SHENQ YEOU TRADING CO., LTD.","臺北市大安區和平東路1段183巷11弄8號1樓","1 F., No. 8, Aly. 11, Ln. 183, Sec. 1, Heping E. Rd., Da’an Dist., Taipei City 10649, Taiwan (R.O.C.)","張O榛","02-23960036-8","","有","有"
"04434416","19821123","20210815","泰誼貿易股份有限公司","TAI E TRADING CO., LTD.","臺北市松山區南京東路4段130號4樓之1","4 F.-1, No. 130, Sec. 4, Nanjing E. Rd., Songshan Dist., Taipei City 10553, Taiwan (R.O.C.)","賴O美珠","25773325","25779951","有","有"
"04434773","19830916","20210813","福宮通商股份有限公司","FULL BRIGHT INDUSTRIAL SUPPLY CENTER","新北市中和區連城路258號3樓之3","3 F.-3, No. 258, Liancheng Rd., Zhonghe Dist., New Taipei City 23553, Taiwan (R.O.C.)","陳O錦","886-2-82271200","886-2-82271266","有","有"
"04435127","19751230","20221013","祥弘通商股份有限公司","SHINE-WORLD COMMERCE LTD.","臺北市中山區松江路101號5樓之2","5 F.-2, No. 101, Songjiang Rd., Zhongshan Dist., Taipei City 104495, Taiwan (R.O.C.)","賴O純","02-25080866","02-25062043","有","有"
"04435344","19780918","20210813","凱記有限公司","CARGILE & COMPANY LTD.","臺北市中正區忠孝東路2段122號7樓","7 F., No. 122, Sec. 2, Zhongxiao E. Rd., Zhongzheng Dist., Taipei City 10053, Taiwan (R.O.C.)","蕭O壽榮","02-23910237-9","","有","有"
"04435512","19760305","20240801","台灣士敏工程企業股份有限公司","TCEC CORPORATION","臺北市中山區中山北路二段113號10樓","10 F., No. 113, Sec. 2, Zhongshan N. Rd., Zhongshan Dist., Taipei City 104414, Taiwan (R.O.C.)","呂O甫","02-25222698","02-25222882","有","有"
"04435647","19950605","20230326","幸邦企業股份有限公司","HSING PANG INDUSTRIAL CO., LTD.","新北市五股區五工一路109號","No. 109, Wugong 1st Rd., Wugu Dist., New Taipei City 248018, Taiwan (R.O.C.)","陳O皇","02-22050998","","有","有"
"04435652","19780211","20210815","鐵甲工業股份有限公司","ARMOR MANUFACTURING CORPORATION","臺北市信義區信義路4段458號9樓","9 F., No. 458, Sec. 4, Xinyi Rd., Xinyi Dist., Taipei City 11052, Taiwan (R.O.C.)","林O青","02-77105588","02-77225588","有","有"
"04435920","19781218","20210813","花奇有限公司","TOPS MAKERS GROUP INC.","臺北市中山區復興北路290號6樓之2","6 F.-2, No. 290, Fuxing N. Rd., Zhongshan Dist., Taipei City 10478, Taiwan (R.O.C.)","劉O銘","02-25015977","","有","有"
"04436033","19780216","20210815","星翁企業有限公司","GRAND STAR ENTERPRISE CO., LTD.","臺北市中山區林森北路133巷63號1樓","1 F., No. 63, Ln. 133, Linsen N. Rd., Zhongshan Dist., Taipei City 10454, Taiwan (R.O.C.)","林O華","02-25433783","02-25318952","有","有"
"04436202","19780424","20240810","台成商事股份有限公司","D.S. TRADING OF TAIWAN CO., LTD.","臺北市大同區重慶北路3段139號6樓之1、6樓之2","6F.-2, 6 F.-1, No. 139, Sec. 3, Chongqing N. Rd., Datong Dist.,  Taipei City 103626, Taiwan (R.O.C.)","江O閔","02-25578518","02-25572218","有","有"
"04436385","19781221","20230407","福銘貿易有限公司","FRAMICK CORPORATION","臺北市中山區林森北路609號10樓","10 F., No. 609, Linsen N. Rd., Zhongshan Dist., Taipei City 104031, Taiwan (R.O.C.)","吳O旻","02-25944290-3","","有","有"
"04437119","19830222","20210815","瑋泰金屬工業股份有限公司","WILLINGTON FABRICATIONS CO., LTD.","臺北市中山區林森北路356號4樓","4 F., No. 356, Linsen N. Rd., Zhongshan Dist., Taipei City 10450, Taiwan (R.O.C.)","林O昱","02-25115167","02-25222521","有","有"
"04437737","19781027","20210814","匯大國際貿易有限公司","AURIENT INTERNATIONAL CORP.","臺北市大同區長安西路106號8樓之3","8 F.-3, No. 106, Chang’an W. Rd., Datong Dist., Taipei City 10351, Taiwan (R.O.C.)","吳O清","02-25523998","02-25523996","有","有"
"04437820","19881028","20221116","勝日化工股份有限公司","SHIONY CHEMICAL CO., LTD.","臺北市中正區羅斯福路2段70號12樓之8","12 F.-8, No. 70, Sec. 2, Roosevelt Rd., Zhongzheng Dist., Taipei City 100028, Taiwan (R.O.C.)","周O宇","02-2356-0258","02-2396-8928","有","有"
"04437841","19770209","20210815","哈利歐股份有限公司","CHARLES WAIN CO., LTD.","臺北市中山區建國北路2段85號5樓","5 F., No. 85, Sec. 2, Jianguo N. Rd., Zhongshan Dist., Taipei City 10438, Taiwan (R.O.C.)","李O貞","02-25013513","02-25051900","有","有"
"04437928","20170421","20210815","綺歐有限公司","BOOST AUTO WORKS CO., LTD.","臺北市中山區松江路297巷2號1樓","1 F., No. 2, Ln. 297, Songjiang Rd., Zhongshan Dist., Taipei City 10483, Taiwan (R.O.C.)","葉O琦","02-26647330","","有","有"
"04438172","19950518","20210812","聯棟實業有限公司","LIEN TONG CORPORATION","臺北市大安區安居街60巷4號2樓","2 F., No. 4, Ln. 60, Anju St., Da’an Dist., Taipei City 10672, Taiwan (R.O.C.)","陳O童","02-27096630","02-27069635","有","有"
"04438601","19770402","20230205","宇傑有限公司","YUE CHIEH INTERNATIONAL","臺北市大安區復興南路1段206號3樓之2","3 F.-2, No. 206, Sec. 1, Fuxing S. Rd., Da’an Dist., Taipei City 106457, Taiwan (R.O.C.)","周O聰","02-27723628","","有","有"
"04438721","19930506","20230111","華奇實業有限公司","FARTECH CORPORATION","臺北市北投區西安街1段367號2樓之5","2 F.-5, No. 367, Sec. 1, Xi’an St., Beitou Dist., Taipei City 112048, Taiwan (R.O.C.)","許O文","02-28289789","02-28202088","有","有"
"04438855","19810121","20210813","南貿商事有限公司","BOLNUS INDUSTRIAL CO., LTD.","臺北市中山區中山北路2段114號3樓","3 F., No. 114, Sec. 2, Zhongshan N. Rd., Zhongshan Dist., Taipei City 10449, Taiwan (R.O.C.)","蔡O貞","02-25671997","02-25672159","有","有"
"04438898","19780829","20210812","利若艾企業有限公司","LEROY INTERNATIONAL CORP.","臺北市中山區松江路152號8樓之6、808室","Rm. 6, 8 F., No. 152, Songjiang Rd., Zhongshan Dist., Taipei City 10458, Taiwan (R.O.C.)","張O良","02-25313834","","有","有"
"04438975","19960120","20230108","力泰冷氣冷凍材料有限公司","LI TAI AIR-CONDITION MATERIAL CO., LTD.","臺北市中山區民生東路2段147巷5弄17號1樓","1 F., No. 17, Aly. 5, Ln. 147, Sec. 2, Minsheng E. Rd., Zhongshan Dist., Taipei City 104073, Taiwan (R.O.C.)","施O志","02-25017878","02-25165261","有","有"
"04439221","19790125","20210813","七茂貿易股份有限公司","UP SEVEN TRADING CO., LTD.","臺北市中山區長安東路2段110號5樓","5 F., No. 110, Sec. 2, Chang’an E. Rd., Zhongshan Dist., Taipei City 10491, Taiwan (R.O.C.)","張O宗","02-25066681","02-25079633","有","有"
"04439313","19951206","20230308","英建工程股份有限公司","INGENIOUS ENGINEERING CORP.","臺北市大安區和平東路2段107巷23之9號2樓","2 F., No. 23-9, Ln. 107, Sec. 2, Heping E. Rd., Da’an Dist., Taipei City 106025, Taiwan (R.O.C.)","謝O勇","02-27047116","27050501","有","有"
"04439600","19800811","20210815","普合股份有限公司","ENMART PRODUCTS CO., LTD.","臺北市內湖區瑞湖街99號7樓","7 F., No. 99, Ruihu St., Neihu Dist., Taipei City 11494, Taiwan (R.O.C.)","陳O男","02-26585188","02-26585299","有","有"
"04439783","19781109","20210915","銘誠有限公司","MCLEAN CO., LTD.","臺北市信義區松勤街148號","No. 148, Songqin St., Xinyi Dist., Taipei City 11058, Taiwan (R.O.C.)","陳O光","02-25069177","02-25069143","有","有"
"04439910","19930614","20240218","錦源水泥製品股份有限公司","GIN YUANG CEMENT PRODUCTS CO., LTD.","臺北市中山區建國北路1段69號9樓","9 F., No. 69, Sec. 1, Jianguo N. Rd., Zhongshan Dist., Taipei City 10489, Taiwan (R.O.C.)","王O賢","02-2508-2976","02-2508-2980","有","有"
"04440472","19870930","20250408","台灣中外爐工業股份有限公司","TAIWAN CHUGAI RO CO., LTD.","高雄市苓雅區四維三路6號21樓之1","21 F.-1, No. 6, Siwei 3rd Rd., Lingya Dist., Kaohsiung City 802701, Taiwan (R.O.C.)","今O雅司","07-5357898","07-5357897","有","有"
"04440825","19721221","20210815","日大電子工業股份有限公司","JIH TA ELECTRONICS INDUSTRIAL CO., LTD.","臺北市大同區承德路1段77巷11號1樓","1 F., No. 11, Ln. 77, Sec. 1, Chengde Rd., Datong Dist., Taipei City 10351, Taiwan (R.O.C.)","林O德","02-25315711","02-25617876","有","有"
"04440851","19790110","20250104","泰北自行車股份有限公司","TAIPEI BICYCLE CO., LTD.","臺北市中山區建國北路2段90號8樓","8 F., No. 90, Sec. 2, Jianguo N. Rd., Zhongshan Dist., Taipei City 104073, Taiwan (R.O.C.)","","02-25033551","02-25015195","無","無"
"04440938","19950321","20230111","正商工業有限公司","CHERRY SUN INDUSTRIAL CO., LTD.","臺北市中山區新生北路3段93巷35號︹之1︺2樓","2 F., No. 35, Ln. 93, Sec. 3, Xinsheng N. Rd., Zhongshan Dist., Taipei City 104033, Taiwan (R.O.C.)","李O庭","02-25951061","","有","有"
"04441042","19950327","20230701","九和汽車股份有限公司","CHIUO HO AUTOMOTIVE SALES CO., LTD.","臺北市大同區承德路1段40號12樓","12 F., No. 40, Sec. 1, Chengde Rd., Datong Dist., Taipei City 103622, Taiwan (R.O.C.)","宗O道","02-25559211","02-25599330","有","有"
"04441486","19940621","20210814","五忠企業股份有限公司","WU CHUNG ENTERPRISES CO., LTD.","臺北市大同區民生西路288號8樓之1","8 F.-1, No. 288, Minsheng W. Rd., Datong Dist., Taipei City 10345, Taiwan (R.O.C.)","黃O月","02-25943167","02-25861860","有","有"
"04441916","19971124","20230112","一春實業有限公司","SPRINGTIME INDUSTRY CO., LTD.","臺北市大同區塔城街7號8樓","8 F., No. 7, Tacheng St., Datong Dist., Taipei City 103605, Taiwan (R.O.C.)","周O誠","02-25567569","02-25567566","無","無"
"04441943","19781130","20210815","賀華實業股份有限公司","HARVARD ENTERPRISES INC.","臺北市中山區中山北路1段27號11樓之1","11 F.-1, No. 27, Sec. 1, Zhongshan N. Rd., Zhongshan Dist., Taipei City 10441, Taiwan (R.O.C.)","林O夫","02-25424323-7","02-25361945","有","有"
"04441958","19760223","20210812","福隆棉紙廠有限公司","FU LUNG COTTON PAPER CO., LTD.","臺北市中山區長春路89號1樓","1 F., No. 89, Changchun Rd., Zhongshan Dist., Taipei City 10459, Taiwan (R.O.C.)","黃O權","02-25512453","02-26814748","有","有"
"04441970","20130415","20210815","福昇儀器有限公司","FU-SHENG INSTRUMENT CO., LTD.","臺北市大同區長安西路276號1樓","1 F., No. 276, Chang’an W. Rd., Datong Dist., Taipei City 10341, Taiwan (R.O.C.)","林O美珠","02-25581334","02-25589322","有","有"
"04442083","19961007","20210812","可特企業有限公司","EXTRA KOTA ENTERPRISE CO., LTD.","新北市汐止區大同路1段292巷2號","No. 2, Ln. 292, Sec. 1, Datong Rd., Xizhi Dist., New Taipei City 22146, Taiwan (R.O.C.)","郭O金","02-26439234","02-26439235","有","有"
"04442422","20181127","20210815","泉榮膠業股份有限公司","Chanlong Bag Co.,Ltd.","臺北市大同區太原路11之6號1樓","1 F., No. 11-6, Taiyuan Rd., Datong Dist., Taipei City 10349, Taiwan (R.O.C.)","許OO","02-25561551","02-25500438","有","有"
"04442675","20100521","20210815","祥原工業原料股份有限公司","SHIANG YUAN INDUSTRIAL MATERIAL CO., LTD.","新北市汐止區大同路1段308之9號5樓","5 F., No. 308-9, Sec. 1, Datong Rd., Xizhi Dist., New Taipei City 22146, Taiwan (R.O.C.)","倪O寶桂","02-25923969","02-25983560","有","有"
"04443962","19721116","20210812","春聯貿易股份有限公司","CHUN LIEN TRADING CORPORATION","臺北市松山區南京東路5段251巷38號1樓","1 F., No. 38, Ln. 251, Sec. 5, Nanjing E. Rd., Songshan Dist., Taipei City 10569, Taiwan (R.O.C.)","曲O君","02-27676554","","有","有"
"04444195","19770530","20230718","泰泉貿易有限公司","THAI CHUAN TRADING CO., LTD.","臺北市大同區延平北路4段153巷18號5樓","5 F., No. 18, Ln. 153, Sec. 4, Yanping N. Rd., Datong Dist., Taipei City 103035, Taiwan (R.O.C.)","施O勲","02-2768-2192","02-2765-2939","有","有"
"04444688","19840109","20230117","永好企業股份有限公司","YUUNG HAAU ENTERPRISE CO., LTD.","臺北市大同區長安西路29號7樓、7樓之1","7F.-1, 7 F., No. 29, Chang'an W. Rd., Datong Dist.,  Taipei City 103013, Taiwan (R.O.C.)","方O弗","02-25517513","","有","有"
"04444836","19760629","20210812","建興機器廠有限公司","CHEN CIN MACHINERY FACTORY CO., LTD.","新北市蘆洲區正義里長榮路502號2樓","2 F., No. 502, Changrong Rd., Zhengyi Vil., Luzhou Dist., New Taipei City 24765, Taiwan (R.O.C.)","李O清","02-2292-7447","02-2292-5610","有","有"
"04444913","20090910","20241227","雄獅圖書股份有限公司","HSIUNG SHIH ART BOOKS CO., LTD.","臺北市中山區南京西路9號3樓","3 F., No. 9, Nanjing W. Rd., Zhongshan Dist., Taipei City 10444, Taiwan (R.O.C.)","","02-27726311","02-27815696","無","無"
"04445223","19760227","20210814","天隆實業股份有限公司","TIEN LONG CO., LTD.","臺北市中山區雙城街4巷4號1樓","1 F., No. 4, Ln. 4, Shuangcheng St., Zhongshan Dist., Taipei City 10453, Taiwan (R.O.C.)","陳O鋆","25959838","25942322","有","有"
"04445477","19780317","20210813","文來金屬工業股份有限公司","MANLOY METAL INDUSTRIAL CO., LTD.","臺北市大同區太原路7之4號1樓","1 F., No. 7-4, Taiyuan Rd., Datong Dist., Taipei City 10349, Taiwan (R.O.C.)","黃O寶鳳","02-25551154","02-25557771","有","有"
"04445666","19731102","20210815","浩陽貿易有限公司","HAO YANG CHEMICALS TRADING CO., LTD.","臺北市中山區吉林路10號","No. 10, Jilin Rd., Zhongshan Dist., Taipei City 10457, Taiwan (R.O.C.)","邱O貴","02-25715228","02-25312808","有","有"
"04445928","19840709","20210812","華信洋傘工業股份有限公司","HWA SHIN UMBRELLA INDUSTRY CO., LTD.","臺北市中山區林森北路372號7樓","7 F., No. 372, Linsen N. Rd., Zhongshan Dist., Taipei City 10446, Taiwan (R.O.C.)","姜O穎","02-25314225-8","","有","有"
"04446139","20030212","20210812","景旭企業有限公司","SUNNY KINGDOM CO., LTD.","臺北市大同區太原路175巷15號","No. 15, Ln. 175, Taiyuan Rd., Datong Dist., Taipei City 10356, Taiwan (R.O.C.)","林O盛","02-2558-4387","","有","有"
"04446721","19780418","20210815","長瑩國際股份有限公司","EVER PROSPEROUS INTERNATIONAL CO., LTD.","臺北市中山區長安東路2段63號5樓之2","5 F.-2, No. 63, Sec. 2, Chang’an E. Rd., Zhongshan Dist., Taipei City 10455, Taiwan (R.O.C.)","陳O宗","02-22990979","02-22995277","有","有"
"04446813","20070604","20210813","金觀誠金屬有限公司","JING GUAN CHENG METAL CO., LTD.","臺北市大同區太原路90號1樓","1 F., No. 90, Taiyuan Rd., Datong Dist., Taipei City 10356, Taiwan (R.O.C.)","謝O志","02-25584257","","有","有"
"04447088","19790618","20240802","富達鋼鐵股份有限公司","FU TAH STEEL CORPORATION","臺北市大安區錦安里金山南路2段165號4樓","4 F., No. 165, Sec. 2, Jinshan S. Rd., Jin’an Vil., Da'an Dist., Taipei City 106005, Taiwan (R.O.C.)","林O富","02-25098530-5","","有","有"
"04447186","19771125","20210814","高世紀工業股份有限公司","ADVANCED CENTURY INDUSTRY CO., LTD.","新北市鶯歌區八德路3之1號1樓","1 F., No. 3-1, Bade Rd., Yingge Dist., New Taipei City 23942, Taiwan (R.O.C.)","陳O隆","02-2679-5111","02-2679-0917","有","有"
"04447572","20141112","20210811","高興記","KAOHSINGCHI CO.","臺北市大同區重慶北路1段22號1樓","1 F., No. 22, Sec. 1, Chongqing N. Rd., Datong Dist., Taipei City 10350, Taiwan (R.O.C.)","高O問","02-25595656","02-255637327","有","有"
"04447741","19790227","20210813","印森企業股份有限公司","IN SUN ENTERPRISES CO., LTD.","臺北市大同區重慶北路1段22號11樓之1","11 F.-1, No. 22, Sec. 1, Chongqing N. Rd., Datong Dist., Taipei City 10350, Taiwan (R.O.C.)","王O騏","02-25310912","","有","有"
"04448299","19860712","20220709","臺陽儲運股份有限公司","TAIWAN CONTAINER TERMINAL CO., LTD.","臺北市中正區紹興北街5號3樓","3 F., No. 5, Shaoxing N. St., Zhongzheng Dist., Taipei City 10049, Taiwan (R.O.C.)","陳O信","02-23212411","02-23413959","有","有"
"04448523","19790628","20230414","同成電機股份有限公司","MAXWELL ELECTRIC CO., LTD.","臺北市松山區光復北路11巷46號9樓","9 F., No. 46, Ln. 11, Guangfu N. Rd., Songshan Dist., Taipei City 105410, Taiwan (R.O.C.)","吳O忠","02-27601369","02-27614838","有","有"
"04448544","19790111","20210812","意成國際有限公司","ETHER INTERNATIONAL CORPORATION","臺北市大同區長安西路82號10樓之1","10 F.-1, No. 82, Chang’an W. Rd., Datong Dist., Taipei City 10351, Taiwan (R.O.C.)","張O章","02-25519279","","有","有"
"04448880","19781013","20230114","藍立企業有限公司","LANNY CO., LTD.","臺北市松山區南京東路5段59巷31弄6號","No. 6, Aly. 31, Ln. 59, Sec. 5, Nanjing E. Rd., Songshan Dist., Taipei City 105030, Taiwan (R.O.C.)","李O嬌","02-28322482","02-28327165","無","無"
"04448973","19760302","20210815","北昌貿易股份有限公司","JUMBO POWER TRADING CO., LTD.","臺北市大同區民族西路145號1樓","1 F., No. 145, Minzu W. Rd., Datong Dist., Taipei City 10369, Taiwan (R.O.C.)","陳O雄","02-25989266","02-25989277","有","有"
"04449121","19740318","20241018","一龍化學貿易股份有限公司","ELANC CHEMICAL CO., LTD.","臺北市大同區長安西路78巷1弄10號2樓","2 F., No. 10, Aly. 1, Ln. 78, Chang’an W. Rd., Datong Dist., Taipei City 10351, Taiwan (R.O.C.)","劉O瑞","02-25319022","","有","有"
"04449614","19751030","20230401","臺聯鋁業股份有限公司","TAI LAIN ALUMINUM CO., LTD.","臺北市大同區天水路42號10樓","10 F., No. 42, Tianshui Rd., Datong Dist., Taipei City 103007, Taiwan (R.O.C.)","吳O淞","02-25556370","02-25563203","有","有"
"04449733","20020913","20221221","長榮金屬家具有限公司","CHANG RONG FURNITURE CO., LTD.","臺北市中山區長安東路2段50號1樓","1 F., No. 50, Sec. 2, Chang’an E. Rd., Zhongshan Dist., Taipei City 104093, Taiwan (R.O.C.)","何O筆","04-8941111","04-8945309","無","無"
"04450554","19810827","20230523","台灣特康有限公司","TELTAI (TAIWAN) LTD.","臺北市中正區館前路2號12樓","12 F., No. 2, Guanqian Rd., Zhongzheng Dist., Taipei City 100007, Taiwan (R.O.C.)","駱O春梅","02-27733237","02-27210296","有","有"
"04450604","19780720","20250510","鼎聯行銷顧問有限公司","ZODIAC COMPANY LIMITED","苗栗縣頭份市忠孝里信東路129號","No. 129, Xindong Rd., Zhongxiao Vil., Toufen City, Miaoli County 35149, Taiwan (R.O.C.)","徐O成","037-673948","037-672006","有","有"
"04451126","19790425","20241211","嘉政有限公司","CHIA JEN CO., LTD.","臺北市南港區福山街2巷1弄19號","No. 19, Aly. 1, Ln. 2, Fushan St., Nangang Dist., Taipei City 115015, Taiwan (R.O.C.)","","02-26519913","02-26519913","無","無"
"04451131","20040528","20240412","展電股份有限公司","CREATION O. T. CO., LTD.","臺北市中山區南京東路1段25號4樓之1","4 F.-1, No. 25, Sec. 1, Nanjing E. Rd., Zhongshan Dist., Taipei City 104404, Taiwan (R.O.C.)","葉O槐","02-2556-5022","02-2721-0300","有","有"
"04451603","19870109","20230621","承大電氣有限公司","HITRON TRADING CO., LTD.","桃園市觀音區新坡里文林路418巷60號","No. 60, Ln. 418, Wenlin Rd., Xinpo Vil., Guanyin Dist., Taoyuan City 328015, Taiwan (R.O.C.)","周O裕","03-4981735","03-4987553","有","有"
"04452693","19761123","20210815","利商股份有限公司","FORMOSA UNION CORPORATION","臺北市中山區民生東路2段176號8樓","8 F., No. 176, Sec. 2, Minsheng E. Rd., Zhongshan Dist., Taipei City 10480, Taiwan (R.O.C.)","曹O雄","02-25014242","","有","有"
"04452758","20160329","20210815","三冠電器有限公司","SAN GUAN CO., LTD.","臺北市大同區長安西路84號1樓","1 F., No. 84, Chang’an W. Rd., Datong Dist., Taipei City 10351, Taiwan (R.O.C.)","蘇O連","02-25596677","02-25565843","無","無"
"04452820","19780524","20210815","東三積體電子股份有限公司","TONG SAN ELECTRIC CO., LTD.","臺北市中山區林森北路372號9樓","9 F., No. 372, Linsen N. Rd., Zhongshan Dist., Taipei City 10446, Taiwan (R.O.C.)","石O英知","02-25610381","02-25433111","有","有"
"04452960","19831212","20210813","三九貿易有限公司","SHANG JOUH INDUSTRIAL CO., LTD.","臺北市大安區和平東路1段14號4樓","4 F., No. 14, Sec. 1, Heping E. Rd., Da’an Dist., Taipei City 10643, Taiwan (R.O.C.)","陳O樂","02-23681696","","有","有"
"04454101","19750825","20240105","脫普聚益股份有限公司","NEW TOP CORP.","臺北市松山區南京東路3段275號5樓","5 F., No. 275, Sec. 3, Nanjing E. Rd., Songshan Dist., Taipei City 105405, Taiwan (R.O.C.)","洪O輝","02-23931683#26","02-23931731","有","有"
"04454159","19980414","20241211","韋祥企業有限公司","WEAY SHANG ENTERPRISE CO., LTD.","臺北市大同區南京西路62號7樓","7 F., No. 62, Nanjing W. Rd., Datong Dist., Taipei City 103014, Taiwan (R.O.C.)","林O原","02-25638258","02-25111538","有","有"
"04454741","19790516","20210813","黎都興業股份有限公司","RIDO ENTERPRISES CO., LTD.","臺北市大安區仁愛路4段230號9樓之5","9 F.-5, No. 230, Sec. 4, Ren’ai Rd., Da’an Dist., Taipei City 10687, Taiwan (R.O.C.)","邱O潛","02-27081153","","有","有"
"04455431","19781219","20230330","五礽貿易有限公司","WU RENG TRADING CO., LTD.","臺北市大安區青田街7巷1之4號1樓","1 F., No. 1-4, Ln. 7, Qingtian St., Da’an Dist., Taipei City 106011, Taiwan (R.O.C.)","黃O民","02-23215450","23949589","無","無"
"04455994","19790606","20210814","添誠企業股份有限公司","TIAN CHERNG ENTERPRISE CO., LTD.","新北市三重區中興北街42巷33號1樓","1 F., No. 33, Ln. 42, Zhongxing N. St., Sanchong Dist., New Taipei City 24158, Taiwan (R.O.C.)","林O坪","02-29959121","02-29956318","有","有"
"04456451","19820617","20231103","瑞南交通器材有限公司","SUI NAN AUTO SUPPLY CO., LTD.","臺北市中山區德惠街197號1樓","1 F., No. 197, Dehui St., Zhongshan Dist., Taipei City 104054, Taiwan (R.O.C.)","","02-25976326","","無","無"
"04456712","19760501","20210813","劦寬貿易股份有限公司","HSIE KUAN TRADING CO., LTD.","新北市汐止區大同路1段308之9號5樓","5 F., No. 308-9, Sec. 1, Datong Rd., Xizhi Dist., New Taipei City 22146, Taiwan (R.O.C.)","倪O寶桂","02-86916458","02-86917458","有","有"
"04457108","19891007","20210813","高氏金屬工業有限公司","KAO SHIH METALS INDUSTRIES CO., LTD.","新北市樹林區西圳街2段42巷23號","No. 23, Ln. 42, Sec. 2, Xizun St., Shulin Dist., New Taipei City 23853, Taiwan (R.O.C.)","陳O銘","02-26803757","02-26803761","有","有"
"04457135","19780919","20210812","有邦股份有限公司","YU BONG INDUSTRIAL CO., LTD.","臺北市大安區和平東路1段177-1號5樓","5 F., No. 177-1, Sec. 1, Heping E. Rd., Da’an Dist., Taipei City 10644, Taiwan (R.O.C.)","黃O恭","02-23959550","02-23959550","有","有"
"04457563","19750530","20240222","嘉發實業工廠股份有限公司","CHIA FAR INDUSTRIAL FACTORY CO., LTD.","臺北市大同區太原路83號2樓","2 F., No. 83, Taiyuan Rd., Datong Dist., Taipei City 10356, Taiwan (R.O.C.)","楊O智","02-25553380","","有","有"
"04457803","19770222","20210815","辰香化學股份有限公司","SUN SHINE CHEMICAL CO., LTD.","臺北市大安區瑞安街49之3號","No. 49-3, Rui’an St., Da’an Dist., Taipei City 10661, Taiwan (R.O.C.)","鄭O鈞","02-27037010","02-27098742","有","有"
"04457959","19970108","20210813","橋達壓克力廣告有限公司","CHIAO DAR ACRY & ADVERTISEMENT CO., LTD.","臺北市中山區吉林路127之1號1樓","1 F., No. 127-1, Jilin Rd., Zhongshan Dist., Taipei City 10467, Taiwan (R.O.C.)","蕭O相","02-25623486","02-25419975","有","有"
"04458198","19790111","20210813","全冠企業有限公司","AVC INDUSTRIAL CORP.","新北市五股區興珍里五工五路58號","No. 58, Wugong 5th Rd., Xingzhen Vil., Wugu Dist., New Taipei City 24890, Taiwan (R.O.C.)","邱O聰","02-22991818","02-22991119","有","有"
"04458253","19950705","20221229","星記鋼鐵股份有限公司","SHING JIH STEEL CO., LTD.","臺北市中山區吉林路24號5樓G室","5 F., No. 24, Jilin Rd., Zhongshan Dist., Taipei City 104484, Taiwan (R.O.C.)","羅O欣","02-25417844","","有","有"
"04458747","19790406","20221215","龍西企業股份有限公司","LONG SEA ANG ENTERPRISE CO., LTD.","臺北市大安區和平東路3段49號2樓","2 F., No. 49, Sec. 3, Heping E. Rd., Da’an Dist., Taipei City 106711, Taiwan (R.O.C.)","廖O豪","02-27085457","02-27051293","有","有"
"04458768","19940507","20210815","勤泰軸承股份有限公司","CHYN TAY BEARING CO., LTD.","臺北市中山區林森北路67巷30號1樓","1 F., No. 30, Ln. 67, Linsen N. Rd., Zhongshan Dist., Taipei City 10442, Taiwan (R.O.C.)","黃O嘉","02-22996555","","有","有"
"04459372","19990106","20221014","城一化工原料有限公司","CHENG J CHEMICAL MATERIAL CO., LTD.","臺北市大同區天水路10號","No. 10, Tianshui Rd., Datong Dist., Taipei City 103007, Taiwan (R.O.C.)","張O揚","02-25552136","02-25581996","有","有"
"04459719","19780520","20230315","川方企業股份有限公司","COMEUP INDUSTRIES INC.","新北市瑞芳區𫙮魚坑路139號","No. 139, Ruifang Dist., New Taipei City 224, Taiwan (R.O.C.)","黃O欣","02-24971788","02-24971699","有","有"
"04459892","19780825","20210814","暉順機電有限公司","HUEI SHUNG MECHANIC & ELECTRIC CO., LTD.","新北市新店區寶中路123巷1號(1樓)","1 F., No. 1, Ln. 123, Baozhong Rd., Xindian Dist., New Taipei City 23144, Taiwan (R.O.C.)","官O崇","02-29113789","02-29115279","有","有"
"04460315","20031112","20250502","鶴記企業股份有限公司","APEC PUMP ENTERPRISE CORP.","新北市泰山區明志路2段394號3樓","3 F., No. 394, Sec. 2, Mingzhi Rd., Taishan Dist., New Taipei City 243087, Taiwan (R.O.C.)","耿O和","02-2903-4567","02-2906-4567","有","有"
"04460407","19761123","20210813","瑞馥貿易有限公司","REVOX TRADING CO., LTD.","臺北市北投區北投路2段13號4樓之1","4 F.-1, No. 13, Sec. 2, Beitou Rd., Beitou Dist., Taipei City 11268, Taiwan (R.O.C.)","施O瑜","02-28952888","02-28962861","有","有"
"04460568","19780629","20210813","艾隆有限公司","ALUNG CO., LTD.","臺北市大同區承德路3段223之1號7樓","7 F., No. 223-1, Sec. 3, Chengde Rd., Datong Dist., Taipei City 10365, Taiwan (R.O.C.)","王O祥","02-25971117-9","","有","有"
"04461010","20100603","20230613","福君海悅大飯店股份有限公司","FORTUNE HYATT HOTEL CORP.","臺北市大同區重慶北路1段62號1-10樓","1 F.-10, No. 62, Sec. 1, Chongqing N. Rd., Datong Dist., Taipei City 103007, Taiwan (R.O.C.)","毛O賢","02-25551121","02-25507188","有","有"
"04461074","19820120","20210813","聯品企業有限公司","KIN-PIN INDUSTRIAL CORP.","臺中市大里區內新里新忠路30號","No. 30, Xinzhong Rd., Neixin Vil., Dali Dist., Taichung City 41241, Taiwan (R.O.C.)","蔡O珍","047-784506","","有","有"
"04461166","19760209","20221012","昌興電機實業股份有限公司","CHANG SHING TAIWAN INDUSTRY CO., LTD.","臺北市中山區長安東路1段27號3樓","3 F., No. 27, Sec. 1, Chang'an E. Rd., Zhongshan Dist., Taipei City 104003, Taiwan (R.O.C.)","陳O勝","02-2562-5382","02-2523-3976","有","有"
"04461948","20060718","20211028","祥銘五金有限公司","SHYANG MING CO., LTD.","臺北市大同區長安西路91號","No. 91, Chang’an W. Rd., Datong Dist., Taipei City 10355, Taiwan (R.O.C.)","蔣O苓","02-25564879","02-255886669","有","有"
"04462144","19830506","20220315","志行企業有限公司","SUPER BRIGHT CO., LTD.","臺北市萬華區大理街1之6號1樓","1 F., No. 1-6, Dali St., Wanhua Dist., Taipei City 10852, Taiwan (R.O.C.)","葉O辰","02-23086680","02-23082466","有","有"
"04462377","19760115","20210814","台灣三條股份有限公司","TAIWAN SAN TYAU CO., LTD.","新北市新店區寶中路123巷5號3樓","3 F., No. 5, Ln. 123, Baozhong Rd., Xindian Dist., New Taipei City 23144, Taiwan (R.O.C.)","鍾O華","02-29119183","02-29157586","有","有"
"04462658","19810417","20210815","建工企業有限公司","SUN RUDDER INDUSTRY INC.","臺北市信義區松德路161號27樓","27 F., No. 161, Songde Rd., Xinyi Dist., Taipei City 11085, Taiwan (R.O.C.)","陳O旭","02-23461155","","有","有"
"04462741","20071120","20210812","雄兵企業有限公司","SHYONG BING ENTERPRISE CO., LTD.","臺北市大同區承德路1段10號1樓","1 F., No. 10, Sec. 1, Chengde Rd., Datong Dist., Taipei City 10349, Taiwan (R.O.C.)","黃O昌","02-25580230","02-25500631","有","有"
"04462974","19940705","20231103","公冠服裝有限公司","KOKAN CO., LTD.","臺北市大同區重慶北路1段22號地下1樓之21","1 F.-21, No. 22, Sec. 1, Chongqing N. Rd., Datong Dist., Taipei City 10350, Taiwan (R.O.C.)","顏O弘","02-25595262","02-25599369","有","有"
"04463880","19750620","20210813","合力貿易股份有限公司","HOH LI TRADING CO., LTD.","新北市三重區三和路4段111之32號8樓","8 F., No. 111-32, Sec. 4, Sanhe Rd., Sanchong Dist., New Taipei City 24152, Taiwan (R.O.C.)","紀O倉","02-22806655","02-22809977","有","有"
"04464071","19980513","20240504","國明鐵櫃家具有限公司","KUO-MING FILING CABINET FURNITURE CO., LTD.","新北市板橋區吳鳳路78號3樓","3 F., No. 78, Wufeng Rd., Banqiao Dist., New Taipei City 220027, Taiwan (R.O.C.)","林O源","02-25555700","02-25556116","有","有"
"04464706","19860703","20230428","綠的毛衣服裝有限公司","GREEN SWEATER CO., LTD.","臺北市大同區重慶北路1段26巷9弄1號4樓","4 F., No. 1, Aly. 9, Ln. 26, Sec. 1, Chongqing N. Rd., Datong Dist., Taipei City 103007, Taiwan (R.O.C.)","王O國","02-25316627","","無","無"
"04465043","20050217","20210812","界吉五金有限公司","JIEJI WUJIN LTD.","臺北市大同區歸綏街97巷29號1樓","1 F., No. 29, Ln. 97, Guisui St., Datong Dist., Taipei City 10359, Taiwan (R.O.C.)","陳O居","02-25571687","02-25571626","有","有"
"04465108","19770906","20210812","力福實業股份有限公司","LEAD-FU INDUSTRIALS CORPORATION","臺北市大同區太原路77號1樓","1 F., No. 77, Taiyuan Rd., Datong Dist., Taipei City 10356, Taiwan (R.O.C.)","蘇O松","02-2555-4566","02-2555-4537","有","有"
"04465326","19780707","20221019","愛智企業股份有限公司","SCEPTRE INDUSTRY CO., LTD.","臺北市大安區敦化南路1段218號3樓","3 F., No. 218, Sec. 1, Dunhua S. Rd., Da'an Dist., Taipei City 106074, Taiwan (R.O.C.)","周O嘉","02-27212225","02-27411960","有","有"
"04465521","19790720","20221202","德淵企業股份有限公司","TEX YEAR INDUSTRIES INC.","新北市五股區五權六路9號3樓","3 F., No. 9, Wuquan 6th Rd., Wugu Dist., New Taipei City 248019, Taiwan (R.O.C.)","蕭O志","02-22992121","02-22992888","有","有"
"04465819","20020904","20230825","啟坤科技股份有限公司","FEMCO STEEL TECHNOLOGY CO., LTD.","嘉義縣民雄鄉興南村工業一路3號","No. 3, Gongye 1st Road , Minxiong Township , Chiayi County 621018 , Taiwan (R.O.C.)","莊O龍","05-2212555#2113","05-2212911","有","有"
"04466438","20111226","20210812","世銓行","SHIH CHUNG TABLEWARE CO.","臺北市大同區長安西路206號1樓","1 F., No. 206, Chang’an W. Rd., Datong Dist., Taipei City 10349, Taiwan (R.O.C.)","童O宗","02-25584276","02-25508739","有","有"
"04466514","19780830","20210814","青鷹國際有限公司","CHEM-EAGLE TRADING CO., LTD.","新北市五股區五權六路15號(3樓)","3 F., No. 15, Wuquan 6th Rd., Wugu Dist., New Taipei City 24889, Taiwan (R.O.C.)","林O錦","02-22988323","02-22991796","有","有"
"04466845","20120405","20210812","宏原行","HONG YUAN GIFT CO.","臺北市中正區齊東街82巷36號1樓","1 F., No. 36, Ln. 82, Qidong St., Zhongzheng Dist., Taipei City 10053, Taiwan (R.O.C.)","李O原","02-23513100","02-23215805","有","有"
"04467112","19780323","20210815","軍陽股份有限公司","SUN CONTINENTAL TAIWAN LTD.","新北市三重區集智街66號(1樓)","1 F., No. 66, Jizhi St., Sanchong Dist., New Taipei City 24153, Taiwan (R.O.C.)","鄭O傳","02-2857-0567","","有","有"
"04467274","19890420","20210812","茂鎰行有限公司","METATRADE INCORPORATED","新北市中和區中山路二段二五○巷十六之二號","No. 16-2, Ln. 250, Sec. 2, Zhongshan Rd., Zhonghe Dist., New Taipei City 23557, Taiwan (R.O.C.)","賴O雀","22494885","22494865","有","有"
"04467318","20020612","20210813","幸全企業有限公司","HSIN CHUAN WOODS CO., LTD.","新北市永和區永元路89號7樓","7 F., No. 89, Yongyuan Rd., Yonghe Dist., New Taipei City 23451, Taiwan (R.O.C.)","李O洸","02-8668-5500","02-3151-7511","有","有"
"04467366","19931007","20210814","享穎企業有限公司","SHANG YING ENTERPRISE CO., LTD.","臺北市大同區承德路3段299巷4號1樓","1 F., No. 4, Ln. 299, Sec. 3, Chengde Rd., Datong Dist., Taipei City 10367, Taiwan (R.O.C.)","周O泉","02-2585-9113","02-2585-7000","有","有"
"04467746","19691202","20210815","旭鋒企業股份有限公司","COMET ENTERPRISE CORP.","新北市五股區五權八路23號","No. 23, Wuquan 8th Rd., Wugu Dist., New Taipei City 24891, Taiwan (R.O.C.)","張O豪","02-22996555","02-22996376","有","有"
"04468007","19770624","20210815","大嘉眼鏡實業有限公司","EVERGREAT OPTICAL INDUSTRIAL CO., LTD.","臺北市大安區新生南路3段36號2樓","2 F., No. 36, Sec. 3, Xinsheng S. Rd., Da’an Dist., Taipei City 10660, Taiwan (R.O.C.)","周O賢","02-23622336","02-23635019","有","有"
"04468111","19791008","20220809","富士濾器製造股份有限公司","FUJI FILTER MFG. CO., LTD.","臺北市大同區承德路3段174號3樓","3 F., No. 174, Sec. 3, Chengde Rd., Datong Dist., Taipei City 103034, Taiwan (R.O.C.)","陳O玉","02-2558-1719","02-2550-6193","有","有"
"04468148","19900912","20210813","文鶴出版有限公司","THE CRANE PUBLISHING CO., LTD.","臺北市大安區金山南路2段200號8樓","8 F., No. 200, Sec. 2, Jinshan S. Rd., Da’an Dist., Taipei City 10643, Taiwan (R.O.C.)","張O恭","02-23934497","02-23924830","有","有"
"04468203","19760513","20230328","岱康貿易股份有限公司","TAICOMS TRADING CO., LTD.","臺北市內湖區大湖街131巷2弄6號3樓之2","3 F.-2, No. 6, Aly. 2, Ln. 131, Dahu St., Neihu Dist., Taipei City 114041, Taiwan (R.O.C.)","林O仁","02-27936488","","有","有"
"04468301","19920729","20210813","順益電機有限公司","SHUENN-YIH ELECTRIC & MACHINERY CORP.","臺北市大同區南京西路30號4樓之3","4 F.-3, No. 30, Nanjing W. Rd., Datong Dist., Taipei City 10352, Taiwan (R.O.C.)","林O英","02-2556-2136","","有","有"
"04468371","19780921","20210815","廣協有限公司","KWANG HSIEH ENTERPRISE CO., LTD.","臺北市文山區興隆路2段194號6樓","6 F., No. 194, Sec. 2, Xinglong Rd., Wenshan Dist., Taipei City 11690, Taiwan (R.O.C.)","曾O萱","02-25035679","02-25161228","有","有"
"04468581","19790410","20230618","盛旭有限公司","SAN SHUE INDUSTRIAL CO., LTD.","新北市板橋區四川路2段16巷8號","No. 8, Ln. 16, Sec. 2, Sichuan Rd., Banqiao Dist., New Taipei City 220620, Taiwan (R.O.C.)","","02-29562646","","無","無"
"04468800","19801209","20210814","美瑜企業股份有限公司","MAIZ ENTERPRISES CO., LTD.","新北市三重區新北大道2段252號4樓","4 F., No. 252, Sec. 2, New Taipei Blvd., Sanchong Dist., New Taipei City 24158, Taiwan (R.O.C.)","伍O雄","02-8511-0128","02-8511-0177","有","有"
"04469006","19841217","20240525","錦豐彫刻工業有限公司","JIN FONG CARVING INDUSTRY CO., LTD.","","","","02-25558608","02-25584650","無","無"
"04469293","19840421","20211208","王冠交通器材企業有限公司","KING CROWN AUTOMOTIVE CORPORATION","臺北市大同區華陰街99號","No. 99, Huayin St., Datong Dist., Taipei City 10351, Taiwan (R.O.C.)","王O宇","02-25216789","","有","有"
"04469511","19790514","20210814","聯銘貿易股份有限公司","RENME TRADING CO., LTD.","臺北市中山區南京西路5之1號9樓","9 F., No. 5-1, Nanjing W. Rd., Zhongshan Dist., Taipei City 10444, Taiwan (R.O.C.)","李O森","02-25116335","02-25427288","有","有"
"04469809","19780925","20240814","允嘉股份有限公司","NEW WINKER TRADING CO.","臺南市仁德區保安里文賢路1段554巷8弄8號2樓","2 F., No. 8, Aly. 8, Ln. 554, Sec. 1, Wenxian Rd., Bao’an Vil., Rende Dist., Tainan City 717015, Taiwan (R.O.C.)","周O盛","06-2663721","06-2664301","有","有"
"04469821","19780417","20240307","佳美嬰兒用品股份有限公司","CAMAY INFANTS CO., LTD.","臺北市大安區復興南路1段287號3樓之1","3 F.-1, No. 287, Sec. 1, Fuxing S. Rd., Da’an Dist., Taipei City 106687, Taiwan (R.O.C.)","俞O雪月","02-2700-7215","02-2700-7218","有","有"
"04470117","19761026","20220429","漢川貿易有限公司","HAN CHUN TRADING CO., LTD.","臺北市大同區太原路175巷19號","No. 19, Ln. 175, Taiyuan Rd., Datong Dist., Taipei City 10356, Taiwan (R.O.C.)","林O元","02-25714283","","有","有"
"04470209","19830624","20210812","千活企業有限公司","CHIAN HWO ENTERPRISE CO., LTD.","臺北市中山區民生東路2段24號1樓","1 F., No. 24, Sec. 2, Minsheng E. Rd., Zhongshan Dist., Taipei City 10459, Taiwan (R.O.C.)","楊O忠","02-25624580","886-2-5361929","有","有"
"04470502","19950119","20210814","峰源興業有限公司","PROSPERITY TRADING CO.,  LTD.","臺北市大同區承德路3段78號","No. 78, Sec. 3, Chengde Rd., Datong Dist., Taipei City 10363, Taiwan (R.O.C.)","巫O峯","02-25931289","02-25931558","有","有"
"04471256","19810929","20241204","泓亞企業有限公司","GIANT ASIA ENTERPRISE CO., LTD.","臺北市大同區承德路3段20號2樓","2 F., No. 20, Sec. 3, Chengde Rd., Datong Dist., Taipei City 103038, Taiwan (R.O.C.)","","02-25932266","","無","無"
"04471452","19870804","20210814","易春企業有限公司","EASY CHUN ENTERPRISE CO., LTD.","臺北市大同區太原路97巷25號1樓","1 F., No. 25, Ln. 97, Taiyuan Rd., Datong Dist., Taipei City 10356, Taiwan (R.O.C.)","呂O綉春","02-25217926","","有","有"
"04471657","19930218","20210812","鋼聯企業有限公司","STEEL UNION CO., LTD.","高雄市苓雅區海邊路29號13樓之7","13 F.-7, No. 29, Haibian Rd., Lingya Dist., Kaohsiung City 80248, Taiwan (R.O.C.)","吳O城","07-2696899","07-2695688","有","有"
"04472136","19721204","20230407","立業貿易股份有限公司","LI YEH TRADING CO., LTD.","臺北市大同區南京西路22號8樓之1","8 F.-1, No. 22, Nanjing W. Rd., Datong Dist., Taipei City 103614, Taiwan (R.O.C.)","郭O安","02-25567716","02-25567712","有","有"
"04472419","19780223","20210812","長廣實業股份有限公司","CHANG KWANG INDUSTRY CO., LTD.","臺北市松山區復興北路1號8樓之4","8 F.-4, No. 1, Fuxing N. Rd., Songshan Dist., Taipei City 10595, Taiwan (R.O.C.)","陳O鈞","02-77070235","02-77075500","有","有"
"04472810","20150430","20210812","明真交通器材有限公司","MING GIANT AUTOPARTS CO., LTD.","臺北市大同區赤峯街41巷11號1樓","1 F., No. 11, Ln. 41, Datong Dist., Taipei City 103, Taiwan (R.O.C.)","劉O瑞","02-25887366","02-25569760","有","有"
"04473141","19820415","20220921","嵩偉企業股份有限公司","SUNNY YANG & CO., LTD.","臺北市大同區承德路2段159號2樓","2 F., No. 159, Sec. 2, Chengde Rd., Datong Dist., Taipei City 103045, Taiwan (R.O.C.)","楊O娟","02-25539161-2","","有","有"
"04473640","19721219","20210815","陸榮貿易股份有限公司","LUH RONG TRADING CO., LTD.","臺北市中山區中山北路2段20巷22號1樓","1 F., No. 22, Ln. 20, Sec. 2, Zhongshan N. Rd., Zhongshan Dist., Taipei City 10445, Taiwan (R.O.C.)","張O章","02-25710123","02-25310295","有","有"
"04473780","19721130","20230401","立大貿易股份有限公司","LIDYE TRADING CO., LTD.","臺北市大同區南京西路22號12樓","12 F., No. 22, Nanjing W. Rd., Datong Dist., Taipei City 103614, Taiwan (R.O.C.)","陳O志","25559231","25583446","有","有"
"04474227","20140627","20210811","日星鑄字行","RI XING TYPE FOUNDRY CO.","臺北市大同區太原路97巷13號1樓","1 F., No. 13, Ln. 97, Taiyuan Rd., Datong Dist., Taipei City 10356, Taiwan (R.O.C.)","張O冠","02-25564626","02-25596519","有","有"
"04474599","19780617","20221021","鑫榮機械工業股份有限公司","SING YUNG MACHINERY CO., LTD.","嘉義縣民雄鄉興南村頭橋工業區工業三路3號","No. 3, Gongye 3rd Rd., Xingnan Vil., Minxiong Township,  Chiayi County 621018, Taiwan (R.O.C.)","王O榮","05-2211211-3","05-2218217","有","有"
"04474633","19830107","20210814","拱辰企業有限公司","SEA-LAND-AERO INDUSTRIAL CORP.","臺北市中山區復興北路356號3樓","3 F., No. 356, Fuxing N. Rd., Zhongshan Dist., Taipei City 10476, Taiwan (R.O.C.)","吳O辰","02-25172700","02-25171358","有","有"
"04474768","19790716","20241016","達友資訊服務股份有限公司","Docutek Services Corporation","新竹縣竹北市高鐵二路32號14樓之2","14 F.-2, No. 32, Gaotie 2nd Rd., Zhubei City, Hsinchu County 302052, Taiwan (R.O.C.)","","02-26588970","02-87523116","無","無"
"04474872","20030403","20211007","丁新企業有限公司","TING SING ENGINE PARTS CO., LTD.","臺北市中山區林森北路107巷87號","No. 87, Ln. 107, Linsen N. Rd., Zhongshan Dist., Taipei City 10443, Taiwan (R.O.C.)","黃O淵","02-2558-0088","02-2558-9009","有","有"
"04474893","20061124","20210812","利人印材有限公司","LI REN SEAL MATERIAL CO., LTD.","臺北市大同區華陰街42之2號1樓","1 F., No. 42-2, Huayin St., Datong Dist., Taipei City 10349, Taiwan (R.O.C.)","林O光","02-25558069","","有","有"
"04475648","19780412","20250410","富銓貿易有限公司","PHUL CHEN TRADING COMPANY","新北市五股區五權六路3號1樓","1 F., No. 3, Wuquan 6th Rd., Wugu Dist., New Taipei City 24889, Taiwan (R.O.C.)","高O倫","02-22993751","02-22990754","有","有"
"04476652","19771130","20230815","晉一化工股份有限公司","CHIN YEE CHEMICAL INDUSTRIES CO., LTD.","臺北市大同區南京西路22號11樓","11 F., No. 22, Nanjing W. Rd., Datong Dist., Taipei City 103614, Taiwan (R.O.C.)","賴O榮","02-77335355","02-77335363","有","有"
"04476843","19820816","20210815","恆成貿易股份有限公司","HUM CHUN TRADING CO., LTD.","新北市新店區民權路130巷9號(1樓)","1 F., No. 9, Ln. 130, Minquan Rd., Xindian Dist., New Taipei City 23141, Taiwan (R.O.C.)","鄭O杰","02-22186542","02-22188046","有","有"
"04476864","20060315","20240328","北區膠業有限公司","NORTH ZONE PLASTIC & RUBBER CO., LTD.","臺北市大安區信義路4段380號3樓","3 F., No. 380, Sec. 4, Xinyi Rd., Da’an Dist., Taipei City 106050, Taiwan (R.O.C.)","張O淵","02-25552770","02-25558994","有","有"
"04477033","19810710","20210813","上嵐企業有限公司","SUN NAN ENTERPRISES CO., LTD.","新北市新店區寶橋路235巷6弄7號1樓","1 F., No. 7, Aly. 6, Ln. 235, Baoqiao Rd., Xindian Dist., New Taipei City 23145, Taiwan (R.O.C.)","陳O華","02-29176454","","有","有"
"04477060","20010613","20210812","新聲寶石工具有限公司","SHIN SHEN GEM CO., LTD.","臺北市中山區中山北路2段26巷32號","No. 32, Ln. 26, Sec. 2, Zhongshan N. Rd., Zhongshan Dist., Taipei City 10445, Taiwan (R.O.C.)","蕭O才","25518598","25636395","有","有"
"04477168","19770912","20230304","信商有限公司","SINCERE BIDDER, INC.","臺北市大安區羅斯福路3段253號9樓之2、9樓之3","9F.-3, 9 F.-2, No. 253, Sec. 3, Roosevelt Rd., Da’an Dist.,  Taipei City 106019, Taiwan (R.O.C.)","林O添","02-23628189","02-23622374","有","有"
"04477239","19761013","20230716","瑩順貿易行股份有限公司","YANG SHUNG TRADING CO., LTD.","臺北市大同區承德路3段34號2樓","2 F., No. 34, Sec. 3, Chengde Rd., Datong Dist., Taipei City 103038, Taiwan (R.O.C.)","林O蓁","02-25866086","02-25866080","無","無"
"04477370","19930402","20210813","青山儀器容器有限公司","CHING SHAN INSTRUMENTS & CONTAINERS CO., LTD.","臺北市大同區鄭州路31號1樓","1 F., No. 31, Zhengzhou Rd., Datong Dist., Taipei City 10349, Taiwan (R.O.C.)","陳O","02-25587181","02-25587184","有","有"
"04477385","19810131","20210815","山智企業有限公司","SANGEE ENTERPRISE CO., LTD.","臺北市中山區建國北路1段78巷18號2樓","2 F., No. 18, Ln. 78, Sec. 1, Jianguo N. Rd., Zhongshan Dist., Taipei City 10491, Taiwan (R.O.C.)","陳O雄","02-25069269","","有","有"
"04477420","19780530","20240521","達麗建設事業股份有限公司","DA-LI DEVELOPMENT CO., LTD.","臺北市中山區建國北路一段96號10樓","10 F., No. 96, Sec. 1, Jianguo N. Rd., Zhongshan Dist., Taipei City 104496, Taiwan (R.O.C.)","謝O長","02-25061966","02-25061989","有","有"
"04477462","19960913","20230707","楊格服裝有限公司","HAI COORDINATE FASHION CO., LTD.","臺北市士林區重慶北路4段130號1樓","1F., No. 130, Sec. 4, Chongqing N. Rd., Shilin Dist.,  Taipei City 111062, Taiwan (R.O.C.)","蔡O欽","88112535","88112526","無","無"
"04477499","19780519","20240119","正嚮實業有限公司","TAIWAN TORCHLIGHT ENTERPRISE CO., LTD.","臺北市大安區羅斯福路2段95號14樓之1","14 F.-1, No. 95, Sec. 2, Roosevelt Rd., Da’an Dist., Taipei City 10646, Taiwan (R.O.C.)","孫O源","03-3660828","","有","有"
"04477717","19941019","20210815","億芳實業股份有限公司","E FANG INDUSTRY LTD.","臺北市內湖區新明路247號","No. 247, Xinming Rd., Neihu Dist., Taipei City 11471, Taiwan (R.O.C.)","方O雲","02-2791-3103","02-2791-2283","有","有"
"04478407","19870520","20210812","可泰鋼鐵有限公司","KO TAI STEEL PIPE CO., LTD.","臺北市大同區承德路2段55號6樓","6 F., No. 55, Sec. 2, Chengde Rd., Datong Dist., Taipei City 10353, Taiwan (R.O.C.)","吳O雄","02-2558-3286","02-2550-5745","有","有"
"04478461","19941110","20210813","明發汽車材料有限公司","MING-FA AUTOMOBILE PARTS CO., LTD.","臺北市中山區農安街77巷1弄8號2樓","2 F., No. 8, Aly. 1, Ln. 77, Nong’an St., Zhongshan Dist., Taipei City 10470, Taiwan (R.O.C.)","張O翔","02-2502-1816","02-2503-3910","有","有"
"04479031","19960118","20210813","李木清實業有限公司","LEE. MU CHING INDUSTRIAL CO., LTD.","臺北市大同區赤峰街49巷13號1樓","1 F., No. 13, Ln. 49, Chifeng St., Datong Dist., Taipei City 10353, Taiwan (R.O.C.)","李O岳","02-25560422","","有","有"
"04479200","20050830","20220527","廣豐百貨有限公司","COSLINE DEPARTMENT CO., LTD.","臺北市大同區鄭州路83巷7號1樓","1 F., No. 7, Ln. 83, Zhengzhou Rd., Datong Dist., Taipei City 10349, Taiwan (R.O.C.)","李O峯","02-25565869","02-25580546","有","有"
"04479356","19841106","20230706","貂峰股份有限公司","TAIWAN TIAO FENG CO., LTD.","臺北市中山區中山北路2段162號10樓","10 F., No. 162, Sec. 2, Zhongshan N. Rd., Zhongshan Dist., Taipei City 104027, Taiwan (R.O.C.)","施O芬","02-25317646","","有","有"
"04479623","20091112","20210813","基陽電機有限公司","KEE YANG ELECTRIC CO., LTD.","臺北市大同區赤峯街49巷12號1樓","1 F., No. 12, Ln. 49, Datong Dist., Taipei City 103, Taiwan (R.O.C.)","洪O賓","02-25581883","02-25590494","有","有"
"04479779","19820326","20210813","金邦貿易有限公司","KING BOND TRADING CO., LTD.","臺北市大同區華亭街27號","No. 27, Huating St., Datong Dist., Taipei City 10350, Taiwan (R.O.C.)","曲O忠","02-25516651","","有","有"
"04479784","19920514","20210812","華竹橡膠有限公司","HWA CHU RUBBER CO., LTD.","臺北市大同區錦西街38巷8號1樓","1 F., No. 8, Ln. 38, Jinxi St., Datong Dist., Taipei City 10364, Taiwan (R.O.C.)","蔡O慶","02-25534333","02-25536222","有","有"
"04479898","19771123","20210812","正大特殊金屬股份有限公司","CHENTAH SPECIAL METAL COMPANY","臺北市大同區承德路2段82號1樓","1 F., No. 82, Sec. 2, Chengde Rd., Datong Dist., Taipei City 10354, Taiwan (R.O.C.)","林O賢","02-29951331","02-29952635","有","有"
"04480092","19980126","20210812","弘州交通器材有限公司","HORNG JOU AUTO PARTS CO., LTD.","臺北市大同區承德路1段41巷27號1樓","1 F., No. 27, Ln. 41, Sec. 1, Chengde Rd., Datong Dist., Taipei City 10351, Taiwan (R.O.C.)","劉O鈞","02-25595695","02-25584519","有","有"
"04480184","20060911","20210812","大億毛巾企業有限公司","DAYI MALL COMPANY LIMITED","臺北市大同區太原路39號1樓","1 F., No. 39, Taiyuan Rd., Datong Dist., Taipei City 10349, Taiwan (R.O.C.)","林O義","02-25593818","02-25593079","有","有"
"04480728","19901220","20210815","華峰交通器材科技有限公司","NUK AUTO PARTS CO., LTD.","臺北市大同區雙連街11巷28號1樓","1 F., No. 28, Ln. 11, Shuanglian St., Datong Dist., Taipei City 10354, Taiwan (R.O.C.)","劉O雄","02-2553-8118","02-2553-8124","有","有"
"04480831","20020904","20240820","大連膠業有限公司","DARLING PLASTICS CO., LTD.","臺北市大同區長安西路177巷12號2樓","2 F., No. 12, Ln. 177, Chang’an W. Rd., Datong Dist., Taipei City 103012, Taiwan (R.O.C.)","","02-2356-7679","02-2393-5090","無","無"
"04480874","19830621","20210814","台市貿易有限公司","TAIPEI CITY TRADING CO., LTD.","臺北市大同區承德路3段299巷4號1樓","1 F., No. 4, Ln. 299, Sec. 3, Chengde Rd., Datong Dist., Taipei City 10367, Taiwan (R.O.C.)","周O泉","02-25859113","02-25857000","有","有"
"04481037","19920826","20221004","大井泵浦工業股份有限公司","WALRUS PUMP CO., LTD.","新北市三芝區大片頭83之14號","No. 83-14, Dapiantou, Sanzhi Dist., New Taipei City 252002, Taiwan (R.O.C.)","黃O豐","02-26361123","02-86352660","有","有"
"04481515","19910314","20210814","台羚有限公司","ATAINS LINING CO., LTD.","臺北市中山區建國北路2段33號14樓","14 F., No. 33, Sec. 2, Jianguo N. Rd., Zhongshan Dist., Taipei City 10479, Taiwan (R.O.C.)","林O盛","02-8511-1266","02-8511-1273","有","有"
"04481677","20080327","20210813","臺一鋼鐵股份有限公司","TAI I STEEL CO., LTD.","新北市三重區自強路4段33號3樓","3 F., No. 33, Sec. 4, Ziqiang Rd., Sanchong Dist., New Taipei City 24151, Taiwan (R.O.C.)","王O德","02-22862340","03-4833093","有","有"
"04481732","19940628","20250418","盈樺實業有限公司","YIN HWA INDUSTRY CO., LTD.","臺北市大同區長安西路115號4樓","6 F., No. 115, Chang’an W. Rd., Datong Dist., Taipei City 10355, Taiwan (R.O.C.)","郭O順","02-25506000","02-25506006","有","有"
"04481780","19790526","20241225","李士股份有限公司","LEE BROS. MFG. & CO.","臺北市中正區忠孝西路1段41號10樓之1","10 F.-1, No. 41, Sec. 1, Zhongxiao W. Rd., Zhongzheng Dist., Taipei City 10041, Taiwan (R.O.C.)","","02-23611666","","無","無"
"04481803","19800715","20250415","世純企業股份有限公司","EVERPURE CO., LTD.","臺北市中山區民生東路2段176號7樓","7 F., No. 176, Sec. 2, Minsheng E. Rd., Zhongshan Dist., Taipei City 10480, Taiwan (R.O.C.)","曾O豪","02-25055566","02-25059682","有","有"
"04481873","20110809","20210812","協億交通器材有限公司","SEI-YI AUTO PARTS CO., LTD.","臺北市大同區五原路18號","No. 18, Wuyuan Rd., Datong Dist., Taipei City 10353, Taiwan (R.O.C.)","張O和","02-25581588","02-25581599","有","有"
"04482253","19800313","20210814","忠昌貿易股份有限公司","THREE UP COMPANY LTD.","臺北市中山區南京東路1段25號7樓","7 F., No. 25, Sec. 1, Nanjing E. Rd., Zhongshan Dist., Taipei City 10450, Taiwan (R.O.C.)","吳O洲","02-25713723","","有","有"
"04482583","19800712","20210815","珪昌企業有限公司","GREAT & GLORY ENTERPRISE CORP.","臺北市中山區民權東路3段58號3樓之6","3 F.-6, No. 58, Sec. 3, Minquan E. Rd., Zhongshan Dist., Taipei City 10477, Taiwan (R.O.C.)","陳O恕","02-25030995-7","02-25016660","有","有"
"04482628","19980923","20210812","鉅辰企業有限公司","GREAT CHEN GLOVES CO., LTD.","臺北市中山區長安東路2段178號10樓之8","10 F.-8, No. 178, Sec. 2, Chang’an E. Rd., Zhongshan Dist., Taipei City 10491, Taiwan (R.O.C.)","李O玲","02-25518864","","有","有"
"04482676","20121114","20241225","名紀企業有限公司","MING JI ROPE CO., LTD.","桃園市新屋區槺榔里002鄰下槺榔45之19號","No. 45-19, Xiakanglang, 2nd Neighborhood, Xinwu Dist., Taoyuan City 327011, Taiwan (R.O.C.)","鄭O行","02-2555-0586","02-2556-2820","有","有"
"04482845","19951014","20210812","松濱企業有限公司","DIESEL SQUARE ENTERPRISE CO., LTD.","新北市三重區興德路141巷6號","No. 6, Ln. 141, Xingde Rd., Sanchong Dist., New Taipei City 24158, Taiwan (R.O.C.)","翁O祥","02-29958004","","有","有"
"04482937","19950810","20210813","寶盛交通器材有限公司","BAO SHENG AUTO PARTS CO., LTD.","新北市樹林區新興街19巷3號","No. 3, Ln. 19, Xinxing St., Shulin Dist., New Taipei City 23877, Taiwan (R.O.C.)","宋O瑛","","","有","有"
"04483252","19980904","20241211","信貿機械五金有限公司","SING-MAOU INDUSTRY CO., LTD.","新北市板橋區永豐街89巷5弄8號","No. 8, Aly. 5, Ln. 89, Yongfeng St., Banqiao Dist., New Taipei City 22070, Taiwan (R.O.C.)","","02-29627106","02-29627108","無","無"
"04483915","20030120","20210812","添錦企業有限公司","TEM GEM INDUSTRIL CO., LTD.","新北市五股區自強路113巷1弄5號","No. 5, Aly. 1, Ln. 113, Ziqiang Rd., Wugu Dist., New Taipei City 24869, Taiwan (R.O.C.)","李O連","02-2292-5690","02-22924675","有","有"
"04483957","19790116","20230720","寶華貿易股份有限公司","PAO HWA TRADING CO., LTD.","臺北市大同區長安西路150號3樓、3樓之1、4樓、4樓之1","3F.-1, 3 F., No. 150, Chang'an W. Rd., Datong Dist.,  Taipei City 103616, Taiwan (R.O.C.)","孫O恩","02-25556504","02-25566505","有","有"
"04484581","20161118","20210815","慶逢企業有限公司","CHING FORNG ENTERPPISE CO., LTD.","臺北市大同區大龍街242號1樓","1 F., No. 242, Dalong St., Datong Dist., Taipei City 10369, Taiwan (R.O.C.)","黃O全","02-25924041","02-25967728","有","有"
"04484652","19781215","20210814","泉堡貿易股份有限公司","HARRIES TRADING CO., LTD.","臺北市士林區倫等街43號1樓","1 F., No. 43, Lundeng St., Shilin Dist., Taipei City 11175, Taiwan (R.O.C.)","林O祥","02-2299-7090","02-2299-7095","有","有"
"04484750","19990121","20210812","協泰成國際有限公司","TWSTS INTERNATIONAL CORP","新北市中和區中山路二段三二三號","No. 323, Sec. 2, Zhongshan Rd., Zhonghe Dist., New Taipei City 23558, Taiwan (R.O.C.)","王O明","02-27621176","02-27621601","有","有"
"04484858","19770131","20250426","正好貿易股份有限公司","SENSE HOW TRADING CO., LTD.","新北市板橋區文化路1段329號4樓","4 F., No. 329, Sec. 1, Wenhua Rd., Banqiao Dist., New Taipei City 220014, Taiwan (R.O.C.)","王O均","02-25223590","","有","有"
"04484891","19890119","20210813","三瑋五金有限公司","SAN WOEI METALS CO., LTD.","臺北市大同區太原路175巷10號1樓","1 F., No. 10, Ln. 175, Taiyuan Rd., Datong Dist., Taipei City 10356, Taiwan (R.O.C.)","莊O龍","02-25559973","02-25584303","有","有"
"04484914","19991222","20210812","輝哲電機有限公司","HUEI JER ELECTRIC CO., LTD.","臺北市大同區赤峯街33巷22之3號4樓","4 F., No. 22-3, Ln. 33, Datong Dist., Taipei City 103, Taiwan (R.O.C.)","潘O輝","25586068","82954979","有","有"
"04484956","19800902","20210814","宗一交通器材有限公司","CHUNG I TRAFFIC EQUIPMENT CO., LTD.","新北市五股區五權七路69號","No. 69, Wuquan 7th Rd., Wugu Dist., New Taipei City 24890, Taiwan (R.O.C.)","鄞O敏","02-22984848","","有","有"
"04485054","20060822","20230712","灃利汽材企業有限公司","FENG-LI AUTO PARTS ENTERPRISE CO., LTD.","桃園市觀音區大潭里濱海路大潭段318號","No. 318, Datan Sec., Binhai Rd., Datan Vil., Guanyin Dist., Taoyuan City 328001, Taiwan (R.O.C.)","王O佑","03-4731543","03-4732347","有","有"
"04485060","19790628","20210815","資商貿易有限公司","TWOSOME TRADING CORP.","臺北市中山區吉林路51巷11號","No. 11, Ln. 51, Jilin Rd., Zhongshan Dist., Taipei City 10458, Taiwan (R.O.C.)","陳O梅","02-25117382","","有","有"
"04485189","19860731","20221203","璧洋實業股份有限公司","JADE OCEAN TRADING CO., LTD.","臺北市萬華區武昌街2段124之2號8樓","8 F., No. 124-2, Sec. 2, Wuchang St., Wanhua Dist., Taipei City 108003, Taiwan (R.O.C.)","黃O茜","02-23310028","02-23314040","無","無"
"04485218","19810211","20230313","佳佩企業有限公司","BESCO INDUSTRIAL CORP.","臺北市士林區忠誠路2段5號12樓","12 F., No. 5, Sec. 2, Zhongcheng Rd., Shilin Dist., Taipei City 111027, Taiwan (R.O.C.)","蔡O如","02-28341155","","有","有"
"04485603","19721122","20210813","鍵發股份有限公司","JIAN FA TRADING CO., LTD.","新北市五股區五權路25之4號1樓","1 F., No. 25-4, Wuquan Rd., Wugu Dist., New Taipei City 24886, Taiwan (R.O.C.)","葉O林","02-2298-9101","02-2298-9034","有","有"
"04485701","19790305","20220415","得壹有限公司","THE GAIN CO., LTD.","臺北市信義區虎林街242巷72號1樓","1 F., No. 72, Ln. 242, Hulin St., Xinyi Dist., Taipei City 11085, Taiwan (R.O.C.)","鄭O典","02-27285730","02-27274782","有","有"
"04485857","19800419","20210813","衡泰實業有限公司","HENG TAI INDUSTRIAL CORP.","新北市永和區中山路1段108巷5之1號1樓","1 F., No. 5-1, Ln. 108, Sec. 1, Zhongshan Rd., Yonghe Dist., New Taipei City 23443, Taiwan (R.O.C.)","孫O月雲","02-29207641-3","02-2920-7550","有","有"
"04485890","20000622","20221228","金鷹過濾工業有限公司","IODIZE FILTRATION LTD.","宜蘭縣五結鄉福興村五結路三段630巷101號","No. 101, Ln. 630, Sec. 3,  Wujie Rd., Fuxing Vil., Wujie Township,  Yilan County 268038, Taiwan (R.O.C.)","許O璞","02-25012710","02-25012745","有","有"
"04486005","19801021","20210815","金器工業股份有限公司","MINDMAN INDUSTRIAL CO., LTD.","臺北市大同區承德路3段106號1樓","1 F., No. 106, Sec. 3, Chengde Rd., Datong Dist., Taipei City 10363, Taiwan (R.O.C.)","黃O成","02-25976201","02-25976209","有","有"
"04486602","19930607","20210813","百灥五金貿易有限公司","PAI-CHUAN METAL TRADING CO., LTD.","臺北市大同區承德路2段175巷2號1樓","1 F., No. 2, Ln. 175, Sec. 2, Chengde Rd., Datong Dist., Taipei City 10354, Taiwan (R.O.C.)","陳O章","02-25539226","02-25537026","有","有"
"04486650","19940609","20240422","通陽企業股份有限公司","TUNG YANG ENTERPRISE CO., LTD.","臺北市中山區松江路148號9樓","9 F., No. 148, Songjiang Rd., Zhongshan Dist., Taipei City 10458, Taiwan (R.O.C.)","許O筆","02-26008008","02-26095655","有","有"
"04486976","19800429","20210814","元野企業有限公司","YUAN YEH INDUSTRIAL CO., LTD.","臺北市大同區太原路79巷24號1樓","1 F., No. 24, Ln. 79, Taiyuan Rd., Datong Dist., Taipei City 10356, Taiwan (R.O.C.)","蘇O雄","02-25557182","02-25589577","有","有"
"04487052","19841212","20210812","貫宏國際有限公司","GOODSHOME INTERNATIONAL CO., LTD.","新北市板橋區四川路1段143號6樓","6 F., No. 143, Sec. 1, Sichuan Rd., Banqiao Dist., New Taipei City 22063, Taiwan (R.O.C.)","陳O倖","02-82921656","02-82921666","有","有"
"04487519","19801126","20210812","廣彬貿易有限公司","GOANG BING TRADING CO., LTD.","新北市三重區大同北路167巷49弄2號","No. 2, Aly. 49, Ln. 167, Datong N. Rd., Sanchong Dist., New Taipei City 24145, Taiwan (R.O.C.)","吳O成","29834214","","無","無"
"04487905","19790706","20210814","耀瀚股份有限公司","YAO HAN INDUSTRIES CO., LTD.","新北市新莊區福營路145巷31號","No. 31, Ln. 145, Fuying Rd., Xinzhuang Dist., New Taipei City 24258, Taiwan (R.O.C.)","方O順","02-29042223","02-29033598","有","有"
"04488138","20150521","20210815","寶聖汽車材料有限公司","BOUSANG CO., LTD.","臺北市大同區太原路97巷21號1樓","1 F., No. 21, Ln. 97, Taiyuan Rd., Datong Dist., Taipei City 10356, Taiwan (R.O.C.)","朱O書","02-25555631","02-25552390","有","有"
"04488186","20020527","20210812","中揚精緻生活館有限公司","VIC - VOYAGE CREATIVE INC.","新北市新莊區五權一路3號8樓之3","8 F.-3, No. 3, Wuquan 1st Rd., Xinzhuang Dist., New Taipei City 24892, Taiwan (R.O.C.)","李O嗣","02-7716-0789","02-7716-1866","有","有"
"04488284","19800829","20231130","瑞今股份有限公司","JUI HARVEST CO., LTD.","新北市五股區五權七路50號","No. 50, Wuquan 7th Rd., Wugu Dist., New Taipei City 24890, Taiwan (R.O.C.)","","02-22995609","02-22995608","無","無"
"04488398","19810813","20221004","久聯化學工業股份有限公司","CROSLENE CHEMICAL INDUSTRIES LTD.","臺北市大同區南京西路22號11樓","11 F., No. 22, Nanjing W. Rd., Datong Dist., Taipei City 103614, Taiwan (R.O.C.)","蔡O祥","02-25556661","02-25585135","有","有"
"04488475","19800104","20210813","萬線實業有限公司","NEOSONIC ENERGY TECHNOLOGY CORP.","新北市汐止區康寧街336號6樓","6 F., No. 336, Kangning St., Xizhi Dist., New Taipei City 22157, Taiwan (R.O.C.)","李O倫","02-26950378","","有","有"
"04488587","19920618","20210814","欣益研磨材有限公司","ACE-ONE ABRASIVE CO., LTD.","臺北市文山區忠順街1段26巷30弄3號(1樓)","1 F., No. 3, Aly. 30, Ln. 26, Sec. 1, Zhongshun St., Wenshan Dist., Taipei City 11662, Taiwan (R.O.C.)","林O輝","02-25616594","","有","有"
"04488664","20010731","20220726","常泰茶行","TSUAN TAI TEA CO.","臺北市大同區重慶北路3段172號1樓","1 F., No. 172, Sec. 3, Chongqing N. Rd., Datong Dist., Taipei City 10374, Taiwan (R.O.C.)","李O勇","","","有","有"
"04488720","19890330","20241228","生光鋁業有限公司","SHENG KWANG ALUMINIUM CO., LTD.","臺北市大同區敦煌路70號1樓","1 F., No. 70, Dunhuang Rd., Datong Dist., Taipei City 103048, Taiwan (R.O.C.)","余O澤","02-28101023","02-28101041","有","有"
"04488756","19821028","20230427","德昌皮革製品股份有限公司","TEHCHANG LEATHER PRODUCTS CO., LTD.","桃園市中壢區青峰路1段39號7樓","7 F., No. 39, Sec. 1, Qingfeng Rd., Zhongli Dist., Taoyuan City 320016, Taiwan (R.O.C.)","白O正","03-3867649","03-3865008","有","有"
"04489185","19790611","20210814","日新不銹鋼工業股份有限公司","SUN NEW STAINLESS STEEL IND. LTD.","臺北市中山區南京西路10號6樓","6 F., No. 10, Nanjing W. Rd., Zhongshan Dist., Taipei City 10444, Taiwan (R.O.C.)","蕭O欣","02-25517257","","有","有"
"04489312","19980304","20210813","元明企業有限公司","YHN MEN ENTERPRISE CO., LTD.","臺北市大同區承德路3段8巷25號1樓","1 F., No. 25, Ln. 8, Sec. 3, Chengde Rd., Datong Dist., Taipei City 10361, Taiwan (R.O.C.)","陳O明","02-25926977","02-25927122","有","有"
"04489657","19910104","20220112","坤嶸企業有限公司","KUNJUNG CORPORATION","新北市新莊區中原路552號11樓","11 F., No. 552, Zhongyuan Rd., Xinzhuang Dist., New Taipei City 24248, Taiwan (R.O.C.)","蔡O盛","02-2290-2500","02-2290-2515","有","有"
"04489663","19820302","20221125","奇商企業有限公司","CREATIVE MERCHANDISE CORP.","臺北市中山區復興北路150號10樓之8","10 F.-8, No. 150, Fuxing N. Rd., Zhongshan Dist., Taipei City 104509, Taiwan (R.O.C.)","楊O謙","02-26571066","02-27991310","無","無"
"04489973","19801120","20230811","生強企業股份有限公司","K.K.K. ENTERPRISE CO., LTD.","臺北市大同區太原路115巷11號4樓","4 F., No. 11, Ln. 115, Taiyuan Rd., Datong Dist., Taipei City 10356, Taiwan (R.O.C.)","","02-29001188","02-29001199","無","無"
"04490211","19951220","20210814","光聯交通器材有限公司","KUANG LYEN TRADING CO., LTD.","臺北市大同區太原路133巷20號1樓","1 F., No. 20, Ln. 133, Taiyuan Rd., Datong Dist., Taipei City 10356, Taiwan (R.O.C.)","黃O明","02-25595145","","有","有"
"04490459","19800517","20210812","三燁企業股份有限公司","AAA ENTERPRISE CO., LTD.","新北市汐止區福德一路438號","No. 438, Fude 1st Rd., Xizhi Dist., New Taipei City 22150, Taiwan (R.O.C.)","龔O福","02-26923239","02-26940348","有","有"
"04490633","20110701","20240202","萬全實業社有限公司","WAN CHUAN INDUSTRIAL CO., LTD.","臺北市大同區萬全街38號1樓","1 F., No. 38, Wanquan St., Datong Dist., Taipei City 10354, Taiwan (R.O.C.)","謝O曉","02-25575012","02-25535789","有","有"
"04490660","20181112","20220709","蘭庭商務旅店有限公司","Lanting hotel limited","臺北市大同區太原路50號","No. 50, Taiyuan Rd., Datong Dist., Taipei City 103015, Taiwan (R.O.C.)","李O翰","02-25505005","02-25501821","有","有"
"04490916","19800119","20210813","竹祥燈業股份有限公司","NFK LITE MFG. CO., LTD.","桃園市蘆竹區蘆竹里蘆興街51之4號","No. 51-4, Luxing St., Luzhu Vil., Luzhu Dist., Taoyuan City 33849, Taiwan (R.O.C.)","林O澤","03-3527666","","有","有"
"04490943","19800118","20210812","鋅利貿易股份有限公司","SEN LEE TRADING CO., LTD.","臺北市大同區承德路1段24巷1號8樓","8 F., No. 1, Ln. 24, Sec. 1, Chengde Rd., Datong Dist., Taipei City 10349, Taiwan (R.O.C.)","葉O治","02-25411217","02-25315839","有","有"
"04491020","19931020","20221015","盛毅實業股份有限公司","SHENG YE INDUSTRIAL CO., LTD.","新北市五股區五權三路42號","No. 42, Wuquan 3rd Rd., Wugu Dist., New Taipei City 248021, Taiwan (R.O.C.)","連O嬌","02-22982811","02-22980409","有","有"
"04491318","19800922","20220617","安汶貿易有限公司","ANN VENG TRADING CO., LTD.","新北市中和區中正路797號25樓","25 F., No. 797, Zhongzheng Rd., Zhonghe Dist., New Taipei City 235019, Taiwan (R.O.C.)","陳O燦","23327093","02-23327044","有","有"
"04491400","19930203","20210815","臺興印刷裝訂股份有限公司","TAI HSING PRINTING & BOOKBINDING CO., LTD.","新北市新店區寶興路33號1樓","1 F., No. 33, Baoxing Rd., Xindian Dist., New Taipei City 23145, Taiwan (R.O.C.)","林O君","02-29138623","","有","有"
"04491507","19810212","20230603","聯國醫療氣體股份有限公司","LIEN HWA COMMONWEALTH CORPORATION","臺北市大同區長安西路150號3樓","3 F., No. 150, Chang’an W. Rd., Datong Dist., Taipei City 103616, Taiwan (R.O.C.)","沈O儒","02-25555981","02-25553819","有","有"
"04491605","19800129","20210812","伊揚實業有限公司","MAHOGANY TAIWAN CO. INC.","臺北市信義區忠孝東路5段236巷37弄25號5樓","5 F., No. 25, Aly. 37, Ln. 236, Sec. 5, Zhongxiao E. Rd., Xinyi Dist., Taipei City 11060, Taiwan (R.O.C.)","謝O姍","02-27612601","","有","有"
"04491653","19930120","20231207","勇誼股份有限公司","YEONG YI ASIA CORP.","臺北市內湖區行愛路140巷28號6樓","6 F., No. 28, Ln. 140, Xing’ai Rd., Neihu Dist., Taipei City 114067, Taiwan (R.O.C.)","陳O遠","02-25677961","02-25216000","有","有"
"04491669","19930201","20240307","勇春股份有限公司","TAIWAN EVERVALIANT CORP.","臺北市內湖區行愛路140巷28號6樓","6 F., No. 28, Ln. 140, Xing’ai Rd., Neihu Dist., Taipei City 114067, Taiwan (R.O.C.)","陳O治","02-25677961","02-25216000","有","有"
"04491838","19980806","20221207","源泰交通器材工業股份有限公司","YUAN TAI CONTROL CABLE IND. CO., LTD.","雲林縣斗六市榴南里斗工六路23號","No. 23, Dougong 6th Rd., Liunan Vil., Douliu City, Yunlin County 640153, Taiwan (R.O.C.)","劉O山","05-5575511","05-5575510","有","有"
"04492127","19801120","20210814","德麥貿易有限公司","CREDIT & FINDER INTERNATIONAL CORP.","新北市中和區中正路716號4樓之5","4 F.-5, No. 716, Zhongzheng Rd., Zhonghe Dist., New Taipei City 23552, Taiwan (R.O.C.)","戴O雲","02-82278375","02-82278379","有","有"
"04492317","19800724","20210812","德吏貿易股份有限公司","DEH LEE TRADING CO., LTD.","臺北市大同區承德路1段24巷1號8樓","8 F., No. 1, Ln. 24, Sec. 1, Chengde Rd., Datong Dist., Taipei City 10349, Taiwan (R.O.C.)","黃O德","02-25628590","02-25315839","有","有"
"04492338","19800503","20221215","國高紙品股份有限公司","KUO KAU PAPER PRODUCTS CO., LTD.","臺北市大同區天水路31號","NO.31, TIEN SHUI ROAD, TAIPEI, TAIWAN, R.O.C.","陳O紅鳳","02-25595660","02-25595668","有","有"
"04492750","19960123","20210918","諸昇汽車材料有限公司","CHU SHENG AUTOMOBILE MATERIAL CO., LTD.","臺北市大同區赤峰街53巷24號1樓","1 F., No. 24, Ln. 53, Chifeng St., Datong Dist., Taipei City 10353, Taiwan (R.O.C.)","陳O露","02-25555748","02-25591959","有","有"
"04492843","19800708","20210812","大益有限公司","TA-YIH DEVELOPMENT & TRADING CORP.","臺北市中山區吉林路424號","No. 424, Jilin Rd., Zhongshan Dist., Taipei City 10471, Taiwan (R.O.C.)","鄭O春","02-2592-2066","02-2594-6150","有","有"
"04493189","19880818","20210814","成公貿易有限公司","CHEER KUNG TRADING CO., LTD.","臺北市大同區華陰街41號","No. 41, Huayin St., Datong Dist., Taipei City 10351, Taiwan (R.O.C.)","余O峰","02-25559534","02-25559575","有","有"
"04493266","19930614","20230711","太豐企業股份有限公司","TYPHOON ENTERPRISE CO., LTD.","臺北市中山區松江路139號10樓之1","10 F.-1, No. 139, Songjiang Rd., Zhongshan Dist., Taipei City 104072, Taiwan (R.O.C.)","","02-27812727","02-27811208","無","無"
"04493300","19791027","20210814","三青貿易股份有限公司","SHAN CHING TRADING CO., LTD.","臺北市中山區松江路108巷23號1樓","1 F., No. 23, Ln. 108, Songjiang Rd., Zhongshan Dist., Taipei City 10457, Taiwan (R.O.C.)","張O鋆","02-25651712","02-25113376","有","有"
"04493408","19930427","20230519","五度空間企業股份有限公司","FIVE DEGREE FASHION DEVELOP CO., LTD.","新北市三重區國道路1段58巷16號","No. 16, Ln. 58, Sec. 1, Guodao Rd., Sanchong Dist., New Taipei City 241065, Taiwan (R.O.C.)","高O義","02-25235555","02-25235577","有","有"
"04493483","19820714","20210813","雷堡貿易股份有限公司","LEI BAO TRADING CO., LTD.","臺北市大同區承德路3段129巷14、16號1樓","1 F., No. 16, Ln. 129, Sec. 3, Chengde Rd., Datong Dist., Taipei City 10364, Taiwan (R.O.C.)","雷O強","02-25857131","02-25861455","有","有"
"04493548","20000727","20210813","生華紙器股份有限公司","SHENG HWA PAPER PRODUCTS CO., LTD.","臺北市大同區承德路2段1巷29號1樓","1 F., No. 29, Ln. 1, Sec. 2, Chengde Rd., Datong Dist., Taipei City 10352, Taiwan (R.O.C.)","楊O發","28108015","28101829","有","有"
"04493553","19941017","20210811","德記儀器商行","DOGGER CO.","臺北市大同區長安西路141號1樓","1 F., No. 141, Chang’an W. Rd., Datong Dist., Taipei City 10355, Taiwan (R.O.C.)","吳O玉葉","02-25551870","","有","有"
"04493596","20051122","20210814","瑞麒有限公司","JUI CHI MACHINERY CO., LTD.","臺北市大同區興城街37號1樓","1 F., No. 37, Xingcheng St., Datong Dist., Taipei City 10359, Taiwan (R.O.C.)","卓O雄","2557-6314","2557-1113","有","有"
"04493694","19800530","20210813","連英企業有限公司","LIEN-YING TRADING CO., LTD.","新北市新莊區新樹路207-31號2樓","2 F., No. 207-31, Xinshu Rd., Xinzhuang Dist., New Taipei City 24262, Taiwan (R.O.C.)","王O勲","02-25575281","02-25502638","有","有"
"04493884","19950717","20230522","天詮企業有限公司","TOP CHUM CORPORATION","臺北市中山區中山北路2段59巷21號12樓之5","12 F.-5, No. 21, Ln. 59, Sec. 2, Zhongshan N. Rd., Zhongshan Dist., Taipei City 104011, Taiwan (R.O.C.)","陳O真","02-29094162","02-29094164","有","有"
"04494440","20020125","20210815","久榮服裝股份有限公司","CHIU-LUNG CLOTHING CO., LTD.","新北市三重區秀江街3號1樓","1 F., No. 3, Xiujiang St., Sanchong Dist., New Taipei City 24149, Taiwan (R.O.C.)","王O郁","02-29761147","02-29764880","有","有"
"04494504","19930916","20210814","千豐交通器材有限公司","CHAIN FONG AUTO PARTS CO., LTD.","臺北市中山區林森北路67巷20號1樓","1 F., No. 20, Ln. 67, Linsen N. Rd., Zhongshan Dist., Taipei City 10442, Taiwan (R.O.C.)","呂O昌","02-25427939","02-25817817","有","有"
"04494568","20050316","20210813","儀誠貿易有限公司","GERRY TRADING CO., LTD.","新北市八里區中山路1段65巷15號14樓","14 F., No. 15, Ln. 65, Sec. 1, Zhongshan Rd., Bali Dist., New Taipei City 24944, Taiwan (R.O.C.)","許O俊","02-25581824","02-22941847","有","有"
"04494672","19910228","20210814","盛達交通器材有限公司","CHEN DAR SUPPLY CO., LTD.","臺北市中山區新生北路1段43號1樓","1 F., No. 43, Sec. 1, Xinsheng N. Rd., Zhongshan Dist., Taipei City 10455, Taiwan (R.O.C.)","吳O夫","02-25510710","02-25428376","有","有"
"04495150","19811102","20230706","震興實業股份有限公司","SHING MARK ENTERPRISE CO., LTD.","臺北市南港區市民大道7段9號2樓","2 F., No. 9, Sec. 7, Civic Blvd., Nangang Dist., Taipei City 115012, Taiwan (R.O.C.)","趙O禮","02-2788-1608","02-2788-1432","有","有"
"04495270","19830930","20230324","博建企業股份有限公司","HAKKEN ENTERPRISE CO., LTD.","桃園市龍潭區中豐路533巷70號","No. 70, Ln. 533, Zhongfeng Rd., Longtan Dist., Taoyuan City 325025, Taiwan (R.O.C.)","林O芬","03-4891033","03-4891037","有","有"
"04495519","19990406","20210812","同漢彩色紙品企業有限公司","ABC CALENDAR CO.","臺北市大同區承德路1段68號1樓","1 F., No. 68, Sec. 1, Chengde Rd., Datong Dist., Taipei City 10355, Taiwan (R.O.C.)","蘇O水","02-25591122","02-25584951","有","有"
"04495911","19800902","20210812","宜德貿易股份有限公司","E TEH TRADING CO., LTD.","臺北市大同區承德路1段24巷13號","No. 13, Ln. 24, Sec. 1, Chengde Rd., Datong Dist., Taipei City 10349, Taiwan (R.O.C.)","張O達","02-25559339","02-25591798","有","有"
"04495927","19900821","20210814","康德克企業有限公司","CONTROLTEK INTERNATIONAL CO., LTD.","臺北市內湖區瑞光路478巷18弄20號4樓","4 F., No. 20, Aly. 18, Ln. 478, Ruiguang Rd., Neihu Dist., Taipei City 11492, Taiwan (R.O.C.)","林O桂","02-2627-7671","02-2627-7673","有","有"
"04496046","20100311","20210814","巨騰工業股份有限公司","GIANT TEAM INDUSTRIAL CO., LTD.","桃園市中壢區過嶺里福嶺路239號","No. 239, Fuling Rd., Guoling Vil., Zhongli Dist., Taoyuan City 32050, Taiwan (R.O.C.)","詹O貞","03-4206071","03-4206070","無","無"
"04496171","20180419","20210813","王秀交通器材有限公司","Wang Show Traffic Equipment Co., Ltd.","新北市三峽區民權街170巷16號2樓","2 F., No. 16, Ln. 170, Minquan St., Sanxia Dist., New Taipei City 23741, Taiwan (R.O.C.)","洪O倫","02-25558800","02-25583322","有","有"
"04496284","19801212","20221227","永基貿易有限公司","YOUNG JEE CO.","臺北市中山區民生東路1段37號6樓","6 F., No. 37, Sec. 1, Minsheng E. Rd., Zhongshan Dist., Taipei City 104019, Taiwan (R.O.C.)","黃O祥","02-25365951","","有","有"
"04496833","20010801","20210814","健豐水電材料有限公司","HEALTHY FULL CO., LTD.","臺北市中山區吉林路140號1樓","1 F., No. 140, Jilin Rd., Zhongshan Dist., Taipei City 10458, Taiwan (R.O.C.)","黃O富","02-2531-4855","02-2571-5566","有","有"
"04497039","19820106","20221223","吉明美股份有限公司","GMB TRANSPORTATION EQUIPMENT CO., LTD.","臺北市大同區長安西路121號2樓","2 F., No. 121, Chang’an W. Rd., Datong Dist., Taipei City 103022, Taiwan (R.O.C.)","黃O國","02-25565835","","有","有"
"04497100","19810115","20210815","越晟貿易有限公司","ACCESS CO., LTD.","臺北市大安區仁愛路4段112巷50號1樓","1 F., No. 50, Ln. 112, Sec. 4, Ren’ai Rd., Da’an Dist., Taipei City 10689, Taiwan (R.O.C.)","鄭O杰","02-27020114-6","","有","有"
"04497278","19930524","20210813","勝榮電子器材有限公司","SHIN RON ELECTRONICS CO., LTD.","桃園市桃園區汴洲里經國路888號9樓之2","9 F.-2, No. 888, Jingguo Rd., Bianzhou Vil., Taoyuan Dist., Taoyuan City 33051, Taiwan (R.O.C.)","陳O貴","03-3589165","03-3589327","有","有"
"04497312","19810323","20211211","一心堂股份有限公司","I HSIN TANG CO., LTD.","臺北市萬華區廣州街206號2樓","2 F., No. 206, Guangzhou St., Wanhua Dist., Taipei City 10853, Taiwan (R.O.C.)","羅O蓁","02-23062318","02-23067550","有","有"
"04497360","19810616","20210815","立崙電業股份有限公司","TOP ENGINEERING & TRADING CO., LTD.","桃園市中壢區興南里大同路31號6樓","6 F., No. 31, Datong Rd., Xingnan Vil., Zhongli Dist., Taoyuan City 32085, Taiwan (R.O.C.)","邱O森","03-4270958","03-4271058","有","有"
"04497571","19810615","20210814","歐橋國際股份有限公司","O. CHIAO CO., LTD.","臺北市內湖區基湖路35巷16號4樓之2","4 F.-2, No. 16, Ln. 35, Jihu Rd., Neihu Dist., Taipei City 11492, Taiwan (R.O.C.)","李O光","02-26570730","02-87973814","有","有"
"04497951","20050127","20240103","紅點企業有限公司","HONTEN ENTERPRISES LIMITED","新北市永和區水源街30巷5號2樓","2 F., No. 5, Ln. 30, Shuiyuan St., Yonghe Dist., New Taipei City 23447, Taiwan (R.O.C.)","","02-2923-2533","02-2218-8099","無","無"
"04498044","19810409","20210815","捷生股份有限公司","JACSON INTERNATIONAL CORP.","臺北市大同區長安西路252號1樓","1 F., No. 252, Chang’an W. Rd., Datong Dist., Taipei City 10341, Taiwan (R.O.C.)","鄭O","02-25599990","02-25567658","有","有"
"04498656","19820717","20210812","東艾貿易股份有限公司","TUNG SHENG INTERNATIONAL INC.","臺北市大同區長安西路306號3樓","3 F., No. 306, Chang’an W. Rd., Datong Dist., Taipei City 10341, Taiwan (R.O.C.)","蘇O全","02-25718198","","有","有"
"04498797","19810708","20210812","福壽貿易股份有限公司","FU SHOU TRADING CO., LTD.","臺北市大同區長安西路119號6樓","6 F., No. 119, Chang’an W. Rd., Datong Dist., Taipei City 10355, Taiwan (R.O.C.)","吳O銘","02-2558-1111","02-2556-2222","有","有"
"04498895","20191217","20210814","北有機械工業有限公司","PEI-YU MECHANICAL CO., LTD.","臺北市大同區赤峰街44巷6號1樓","1 F., No. 6, Ln. 44, Chifeng St., Datong Dist., Taipei City 10353, Taiwan (R.O.C.)","黃O盛","02-25581601","","有","有"
"04499487","20110831","20210814","朋城股份有限公司","PAN CITY CO., LTD.","臺北市松山區南京東路3段311號11樓","11 F., No. 311, Sec. 3, Nanjing E. Rd., Songshan Dist., Taipei City 10595, Taiwan (R.O.C.)","王O展","02-25455366","02-25455758","有","有"
"04499992","19990503","20210815","力躍有限公司","LEEYAOW CO., LTD.","桃園市蘆竹區內厝里長興路1段105號","No. 105, Sec. 1, Changxing Rd., Neicuo Vil., Luzhu Dist., Taoyuan City 33860, Taiwan (R.O.C.)","張O","03-3520078","03-3127460","有","有"
"04500040","19840904","20210815","喬政企業有限公司","TAIWAN CHYAN CHENG ENTERPRISE CO., LTD.","臺北市大同區承德路1段69巷4號","No. 4, Ln. 69, Sec. 1, Chengde Rd., Datong Dist., Taipei City 10351, Taiwan (R.O.C.)","鄭O南","02-25550135","02-25560058","有","有"
"04500175","19810910","20210814","大碩科技股份有限公司","FAMETECH INC.","新北市汐止區大同路2段167號2樓","2 F., No. 167, Sec. 2, Datong Rd., Xizhi Dist., New Taipei City 22183, Taiwan (R.O.C.)","黃O傑","02-86926300","02-86926301","有","有"
"04500219","19940425","20210812","漢剛機械有限公司","HAN KANG MACHINERY CO., LTD.","新北市三峽區介壽路一段311巷31號1樓","1 F., No. 31, Ln. 311, Sec. 1, Jieshou Rd., Sanxia Dist., New Taipei City 23743, Taiwan (R.O.C.)","郭O龍","02-26732995","02-26735237","有","有"
"04500246","19991129","20241217","高全軸承有限公司","DUO-WIN ENTERPRISE CO., LTD.","臺北市中山區中山北路2段36巷21號7樓","7 F., No. 21, Ln. 36, Sec. 2, Zhongshan N. Rd., Zhongshan Dist., Taipei City 10445, Taiwan (R.O.C.)","","886-2-25426621","886-2-25427381","無","無"
"04500724","20011019","20210812","日上有限公司","SUN RISING PRINTING COMPANY LIMITED","臺北市中山區中山北路2段59巷41弄3號","No. 3, Aly. 41, Ln. 59, Sec. 2, Zhongshan N. Rd., Zhongshan Dist., Taipei City 10446, Taiwan (R.O.C.)","胡O秋","02-23965057","","有","有"
"04500914","19910429","20210812","明年工業有限公司","MING NEME INDUSTRY CO., LTD.","臺北市大同區赤峯街41巷11號1樓","1 F., No. 11, Ln. 41, Datong Dist., Taipei City 103, Taiwan (R.O.C.)","劉O隆","02-2531-7366","02-2571-9760","有","有"
"04500983","19820503","20210813","捷歐企業股份有限公司","PANZER ENTERPRISE CO., LTD.","臺北市大安區忠孝東路4段310號10樓","10 F., No. 310, Sec. 4, Zhongxiao E. Rd., Da’an Dist., Taipei City 10694, Taiwan (R.O.C.)","田O遠","02-25281270","02-25281502","有","有"
"04501435","20040714","20210815","誠元汽車材料有限公司","ADVANCE CHASSIS CO., LTD.","臺北市大同區承德路1段69巷28號","No. 28, Ln. 69, Sec. 1, Chengde Rd., Datong Dist., Taipei City 10351, Taiwan (R.O.C.)","劉O森","02-2556-1203","02-2555-5641","有","有"
"04501998","20190806","20210814","福晟汽車材料有限公司","Full Success Automobile Parts CO., Ltd.","臺北市大同區重慶北路3段137巷29號1樓","1 F., No. 29, Ln. 137, Sec. 3, Chongqing N. Rd., Datong Dist., Taipei City 10364, Taiwan (R.O.C.)","劉O源","02-25537032","02-25534892","有","有"
"04502217","19820427","20210815","上友企業有限公司","GOOD PARTNERS ENTERPRISES CORP.","臺北市大同區太原路97巷9號1樓","1 F., No. 9, Ln. 97, Taiyuan Rd., Datong Dist., Taipei City 10356, Taiwan (R.O.C.)","李O星","02-25553958","02-25561529","有","有"
"04502265","19860423","20210813","新北台機械有限公司","NEW PEITAI MACHINERY CO., LTD.","臺北市大同區承德路3段51巷24號1樓","1 F., No. 24, Ln. 51, Sec. 3, Chengde Rd., Datong Dist., Taipei City 10364, Taiwan (R.O.C.)","楊O德","02-25956136-7","","有","有"
"04502716","19971226","20210813","金瑩銀樓有限公司","JING YING JEWELLERY CO., LTD.","臺北市大同區長安西路45之1號8樓之2","8 F.-2, No. 45-1, Chang’an W. Rd., Datong Dist., Taipei City 10351, Taiwan (R.O.C.)","陳O勳","02-25560101","02-25560353","有","有"
"04502835","19820904","20210815","山下有限公司","SAN HSIA TRADING CO., LTD.","臺中市北屯區仁美里豐樂路19之11號","No. 19-11, Fengle Rd., Renmei Vil., Beitun Dist., Taichung City 40673, Taiwan (R.O.C.)","林O下","04-22363065","04-22357720","有","有"
"04502841","20040416","20220527","永光行毛線有限公司","WING KWONG HARNG WOOLS CO., LTD.","臺北市大同區重慶北路1段30號3樓","3 F., No. 30, Sec. 1, Chongqing N. Rd., Datong Dist., Taipei City 10350, Taiwan (R.O.C.)","郭O達","02-25558658","02-25552658","有","有"
"04502856","19820115","20210814","景春貿易有限公司","JIIN CHUEN TRADING CO., LTD.","臺北市大同區太原路97巷5號2樓","2 F., No. 5, Ln. 97, Taiyuan Rd., Datong Dist., Taipei City 10356, Taiwan (R.O.C.)","李O元","02-25561427","","有","有"
"04503010","20010430","20210814","紅蕃企業股份有限公司","TAIWAN WIKUS CO., LTD.","新北市三重區光復路1段83巷14號5樓","5 F., No. 14, Ln. 83, Sec. 1, Guangfu Rd., Sanchong Dist., New Taipei City 24158, Taiwan (R.O.C.)","江O勳","02-29990921","02-29990868","有","有"
"04503145","19820211","20210814","暢航有限公司","FULL LINE & CO., LTD.","臺北市大同區重慶北路2段15號3樓","3 F., No. 15, Sec. 2, Chongqing N. Rd., Datong Dist., Taipei City 10356, Taiwan (R.O.C.)","陳O芳","25551806","25559631","有","有"
"04503187","19921003","20210814","東光百貨股份有限公司","TONG KWANG DEPARTMENT STORE CO., LTD.","臺北市中山區林森北路413號13樓之5","13 F.-5, No. 413, Linsen N. Rd., Zhongshan Dist., Taipei City 10451, Taiwan (R.O.C.)","張O㨗","02-25361234","02-25632179","有","有"
"04503237","19950109","20210814","輝鋐工業股份有限公司","HUI HUNG INDUSTRY CO., LTD.","新北市泰山區漢口街22巷2弄2號4樓","4 F., No. 2, Aly. 2, Ln. 22, Hankou St., Taishan Dist., New Taipei City 24353, Taiwan (R.O.C.)","張O坪","02-22813546","02-22818169","有","有"
"04503264","19820316","20210813","春積企業有限公司","TWIGGY CO., LTD.","臺北市內湖區堤頂大道2段17號1樓","1 F., No. 17, Sec. 2, Tiding Blvd., Neihu Dist., Taipei City 11493, Taiwan (R.O.C.)","陳O倫","02-27979222","02-27979116","有","有"
"04503356","19900817","20210813","七宏印刷有限公司","SEVEN DEVELOPMENT PRINTING CO., LTD.","臺北市大同區南京西路167巷8號1樓","1 F., No. 8, Ln. 167, Nanjing W. Rd., Datong Dist., Taipei City 10345, Taiwan (R.O.C.)","歐O麗琴","02-25592780","02-25563546","有","有"
"04503362","19980216","20221004","奇威行有限公司","KEY WEAR CO., LTD.","臺北市大同區太原路11之3號1樓","1 F., No. 11-3, Taiyuan Rd., Datong Dist., Taipei City 103015, Taiwan (R.O.C.)","何O文","02-25591842","02-25552948","有","有"
"04503383","19911125","20210815","錦賢凡而股份有限公司","ACCRUAL VALVE MANUFACTURING CO., LTD.","新北市泰山區泰林路2段292巷17號(2樓)","2 F., No. 17, Ln. 292, Sec. 2, Tailin Rd., Taishan Dist., New Taipei City 24344, Taiwan (R.O.C.)","陳O欽","02-22975932","02-22975935","有","有"
"04505306","19820617","20210813","大岧楊貿易有限公司","CHAO YANE TRADING CO., LTD.","桃園市桃園區民有六街111號2樓","2 F., No. 111, Minyou 6th St., Taoyuan Dist., Taoyuan City 33052, Taiwan (R.O.C.)","廖O中","03-327-2356","","有","有"
"04505729","19970403","20210812","神祺股份有限公司","SUNCHI AUTOMATIC CORPORATION","臺北市大同區民權西路136號14樓之4","14 F.-4, No. 136, Minquan W. Rd., Datong Dist., Taipei City 10361, Taiwan (R.O.C.)","解O民","02-25530255","02-25573246","有","有"
"04505994","19900828","20240224","慶百企業股份有限公司","CHIIN BAI ENTERPRISE CO., LTD.","臺北市中山區長春路172號5樓之1","5 F.-1, No. 172, Changchun Rd., Zhongshan Dist., Taipei City 10485, Taiwan (R.O.C.)","","02-25067785","02-25076412","無","無"
"04506522","20001124","20230309","享展股份有限公司","SHAEF INDUSTRIAL CO., LTD.","臺北市松山區南京東路5段123巷4弄26號1樓","1 F., No. 26, Aly. 4, Ln. 123, Sec. 5, Nanjing E. Rd., Songshan Dist., Taipei City 105032, Taiwan (R.O.C.)","游O如","02-2756-7157","02-2763-5469","有","有"
"04506558","19910921","20210812","昇磯實業有限公司","OLY SCIENTIFIC EQUIPMENT LTD.","新北市三重區興德路123之9號7樓","7 F., No. 123-9, Xingde Rd., Sanchong Dist., New Taipei City 24158, Taiwan (R.O.C.)","林O凰","02-85123459","02-85123470","有","有"
"04506826","19900605","20210815","泰新不銹鋼股份有限公司","TAI HSIN STAINLESS STEEL CO., LTD.","臺北市士林區社中街241號1樓","1 F., No. 241, Shezhong St., Shilin Dist., Taipei City 11175, Taiwan (R.O.C.)","蔡O村","02-28108181","02-28106466","有","有"
"04506874","19820611","20210812","青怡企業有限公司","VANGUARD PRODUCTS CORPORATION","臺北市中正區濟南路2段21號3樓之1","3 F.-1, No. 21, Sec. 2, Jinan Rd., Zhongzheng Dist., Taipei City 10054, Taiwan (R.O.C.)","賴O齡","02-27415676","02-27514537","無","無"
"04507402","19930528","20210812","遠大培林有限公司","YUAN DAI BEARING CO., LTD.","臺北市大同區興城街49號1樓","1 F., No. 49, Xingcheng St., Datong Dist., Taipei City 10359, Taiwan (R.O.C.)","洪O生","02-25502660","02-25501409","有","有"
"04507521","19881111","20210812","上合實業有限公司","GOOD COOPERATE INDUSTRY CO., LTD.","新北市泰山區貴賢里貴子路４５號","No. 45, Guizi Rd., Guixian Vil., Taishan Dist., New Taipei City 24352, Taiwan (R.O.C.)","連O智","02-2907-6906","02-2907-6918","有","有"
"04507557","19980526","20210813","尚弘實業有限公司","SUN GREAT ENGINEER CO., LTD.","新北市新店區中正路518巷11號1樓","1 F., No. 11, Ln. 518, Zhongzheng Rd., Xindian Dist., New Taipei City 23141, Taiwan (R.O.C.)","于O琴","82186618","82186707","有","有"
"04508021","19820825","20210814","星記實業有限公司","STAR GROUP INDUSTRIAL LTD.","臺北市士林區重慶北路4段176號1樓","1 F., No. 176, Sec. 4, Chongqing N. Rd., Shilin Dist., Taipei City 11164, Taiwan (R.O.C.)","黃O星","02-2812-2428","02-28132916","有","有"
"04508042","20110406","20210811","金寶山藝品工具店","JIN BAO SHAN JEWELRY TOOL STORE","臺北市中山區新生北路1段80號1樓","1 F., No. 80, Sec. 1, Xinsheng N. Rd., Zhongshan Dist., Taipei City 10442, Taiwan (R.O.C.)","王O弓","02-25223079","","有","有"
"04508057","19830622","20250612","必珈企業有限公司","SHINE KINGDOM CO., LTD.","臺北市大同區太原路79巷13號1樓","1 F., No. 13, Ln. 79, Taiyuan Rd., Datong Dist., Taipei City 10356, Taiwan (R.O.C.)","","02-25622678","","有","有"
"04508079","19820826","20210814","東峻有限公司","JANDLE PRODUCTS CO., LTD.","臺北市大安區仁愛路4段112巷50號1樓","1 F., No. 50, Ln. 112, Sec. 4, Ren’ai Rd., Da’an Dist., Taipei City 10689, Taiwan (R.O.C.)","李O玲","02-27020114-6","","有","有"
"04508227","19930531","20230402","誠邦交通器材有限公司","CHERNG BANG AUTO ACCESSORIES CO., LTD.","臺北市中山區龍江路457巷15號1樓","1 F., No. 15, Ln. 457, Longjiang Rd., Zhongshan Dist., Taipei City 104061, Taiwan (R.O.C.)","莊O傑","02-25092139","02-25024564","無","無"
"04508367","19910910","20220903","喬鈺實業股份有限公司","RED HOUSE CO., LTD.","新北市三重區五華街35巷80號(1樓)","1 F., No. 80, Ln. 35, Wuhua St., Sanchong Dist., New Taipei City 241078, Taiwan (R.O.C.)","李O欽","02-2568-4676","02-2523-2081","有","有"
"04515796","19841122","20210814","凱田實業有限公司","KAITIEN ENTERPRISE CO., LTD.","臺北市大同區延平北路1段38號1樓","1 F., No. 38, Sec. 1, Yanping N. Rd., Datong Dist., Taipei City 10341, Taiwan (R.O.C.)","邱O雄","02-25613336","","有","有"
"04516021","19970710","20240111","上暙工業有限公司","SHUNG CHUN INDUSTRIAL CO., LTD.","桃園市平鎮區平興里延平路二段372號5樓","5 F., No. 372, Sec. 2, Yanping Rd., Pingxing Vil., Pingzhen Dist., Taoyuan City 324012, Taiwan (R.O.C.)","劉O斌","03-4014210","03-4013130","有","有"
"04516296","19850211","20210816","展松有限公司","TANGO SONG CO., LTD.","新北市新莊區新泰路347巷5弄15號","No. 15, Aly. 5, Ln. 347, Xintai Rd., Xinzhuang Dist., New Taipei City 24242, Taiwan (R.O.C.)","劉O香","02-29968025","02-29968001","有","有"
"04516438","19910327","20210813","俞昇企業有限公司","NEW LEAF ENTERPRISE CO., LTD.","新北市新莊區化成路43巷56號","No. 56, Ln. 43, Huacheng Rd., Xinzhuang Dist., New Taipei City 24252, Taiwan (R.O.C.)","侯O德","22782101","22782105","有","有"
"04516520","20201116","20210813","茂旺建設機械有限公司","Golden My Way Industry Co., LTD","臺北市大同區承德路2段75巷25號","No. 25, Ln. 75, Sec. 2, Chengde Rd., Datong Dist., Taipei City 10353, Taiwan (R.O.C.)","洪O達","02-89917746","","有","有"
"04516628","20050819","20210813","視華國際有限公司","BIO GENOMIC CO., LTD.","臺北市中山區長安東路2段31號5樓","5 F., No. 31, Sec. 2, Chang’an E. Rd., Zhongshan Dist., Taipei City 10456, Taiwan (R.O.C.)","陳O元","02-5314195-8","","有","有"
"04516839","19821204","20230420","悅富國際企業股份有限公司","R&B JEWELRY CORP.","臺北市松山區復興北路1號8樓之4","8 F.-4, No. 1, Fuxing N. Rd., Songshan Dist., Taipei City 105611, Taiwan (R.O.C.)","李O修","02-77070235","02-77075005","無","無"
"04516916","20000321","20210813","裕樺服裝股份有限公司","YU HWA DRESS CO., LTD.","臺北市大同區長安西路115號5樓","5 F., No. 115, Chang’an W. Rd., Datong Dist., Taipei City 10355, Taiwan (R.O.C.)","郭O順","02-25506000","02-25506006","有","有"
"04516922","19911015","20210813","新進機電廠股份有限公司","SHIN JIN ELECTRICAL INDUSTRIAL CO., LTD.","桃園市龜山區樂善里文明路70號","No. 70, Wenming Rd., Leshan Vil., Guishan Dist., Taoyuan City 33382, Taiwan (R.O.C.)","章O明","03-3282243","03-3974979","有","有"
"04517942","19920425","20210812","高維五金企業有限公司","KAOWEI HOME WARE CORP.","新北市新莊區新莊路395之2號3樓","3 F., No. 395-2, Xinzhuang Rd., Xinzhuang Dist., New Taipei City 24250, Taiwan (R.O.C.)","林O爵","02-2990-5511","02-2990-6868","有","有"
"04518013","19900621","20210812","樺邦興業有限公司","HUAH BANG ENTERPRISE CO., LTD.","新北市汐止區忠三街118巷45號3樓","3 F., No. 45, Ln. 118, Zhong 3rd St., Xizhi Dist., New Taipei City 22153, Taiwan (R.O.C.)","謝O宏","02-26490056","02- 26484388","有","有"
"04518225","20040421","20210812","協和工藝材料行","SHIE HO CRAFT CO.","臺北市大同區天水路51巷18號","No. 18, Ln. 51, Tianshui Rd., Datong Dist., Taipei City 10350, Taiwan (R.O.C.)","劉O和","886-2-2555-9680","886-2-2549-1363","有","有"
"04518484","20020829","20250315","仕旻企業有限公司","MULTITEK TECHNOLOGY CO., LTD","臺北市士林區文昌路179巷16號1樓","1 F., No. 16, Ln. 179, Wenchang Rd., Shilin Dist., Taipei City 111045, Taiwan (R.O.C.)","蔡O惠","02-2883-8708","","有","有"
"04518506","19880628","20210814","民章企業股份有限公司","MOON CHAN ENTERPRISE CORP.","南投縣南投市同源路二街34巷18號","No. 18, Ln. 34, 2nd St., Tongyuan Rd., Nantou City, Nantou County 54065, Taiwan (R.O.C.)","吳O雁","049-2256960","049-2256954","有","有"
"04518870","19901106","20210813","今英百貨批發股份有限公司","KING & LADY MATE CO., LTD.","臺北市大同區塔城街7號17樓","17 F., No. 7, Tacheng St., Datong Dist., Taipei City 10341, Taiwan (R.O.C.)","陳O祥","02-25565645","02-25565605","有","有"
"04519224","20050513","20230524","億檳企業有限公司","CASROMA CORPORATION","臺北市中山區松江路132巷26號1樓","1 F., No. 26, Ln. 132, Songjiang Rd., Zhongshan Dist., Taipei City 104092, Taiwan (R.O.C.)","林O峰","02-2523-8503","02-2563-1571","有","有"
"04519245","19930105","20210815","常源股份有限公司","MAGMUM CO., LTD.","臺北市大同區長安西路201號1樓","1 F., No. 201, Chang’an W. Rd., Datong Dist., Taipei City 10350, Taiwan (R.O.C.)","顏O輝","02-2556-7182","02-2559-3333","有","有"
"04519358","20050502","20210813","熾燊企業有限公司","Z.SHEN ENTERPRISE CO., LTD.","桃園市楊梅區富岡里中華街6號1樓","1 F., No. 6, Zhonghua St., Fugang Vil., Yangmei Dist., Taoyuan City 32649, Taiwan (R.O.C.)","賴O堂","03-4723381","03-4728909","有","有"
"04519370","19830404","20210814","王冠實業股份有限公司","CROWNTEK CO., LTD.","臺北市中山區民權東路2段19號5樓","5 F., No. 19, Sec. 2, Minquan E. Rd., Zhongshan Dist., Taipei City 10470, Taiwan (R.O.C.)","吳O權","02-25642963","","有","有"
"04519809","19921013","20231017","有亮美術實業有限公司","YO LIANG ART INDUSTRIAL CO., LTD.","臺北市中山區新生北路2段149巷2號1樓","1 F., No. 2, Ln. 149, Sec. 2, Xinsheng N. Rd., Zhongshan Dist., Taipei City 10469, Taiwan (R.O.C.)","","02-25218571","02-25416160","無","無"
"04519879","19890220","20221116","大觀興業有限公司","DAR GWN HSING INDUSTRIAL CO., LTD.","臺北市大同區長安西路320號1樓","1 F., No. 320, Chang'an W. Rd., Datong Dist., Taipei City 103002, Taiwan (R.O.C.)","章O麟","02-2555-1825","02-2559-5798","有","有"
"04519913","19890410","20210813","詠生有限公司","NEW YUNG SHENG CO., LTD.","臺北市大同區貴德街34之5號","No. 34-5, Guide St., Datong Dist., Taipei City 10342, Taiwan (R.O.C.)","陳O雪","02-25614948","","有","有"
"04520257","19780515","20210812","中國衡機工程有限公司","CHINA SCALES ENGINEERING CO.","臺北市萬華區環河南路3段59號1樓","1 F., No. 59, Sec. 3, Huanhe S. Rd., Wanhua Dist., Taipei City 10865, Taiwan (R.O.C.)","李O鋒","02-23056668","","有","有"
"04520329","19780708","20210813","華峰密機廠有限公司","HUA FENG MACHINERY CO., LTD.","新北市新莊區化成路554巷23號1樓","1 F., No. 23, Ln. 554, Huacheng Rd., Xinzhuang Dist., New Taipei City 24252, Taiwan (R.O.C.)","楊O銓","02-22763976","","有","有"
"04520860","19780916","20230307","祥益鋼鐵股份有限公司","SHIONG YEK STEEL CORPORATION","臺北市萬華區成都路104號1樓","1 F., No. 104, Chengdu Rd., Wanhua Dist., Taipei City 108008, Taiwan (R.O.C.)","陳O智","02-23118161","","有","有"
"04521919","20001122","20250319","得成國際股份有限公司","TEH CHENG LU INTERNATIONAL CO., LTD.","臺北市大同區市民大道1段211號10樓之16","10 F.-16, No. 211, Sec. 1, Civic Blvd., Datong Dist., Taipei City 103015, Taiwan (R.O.C.)","呂O婷","02-28972798","","有","有"
"04522059","19920220","20230216","上圓實業有限公司","T'SAN YUON DEVELOPER & TRADE CO., LTD.","臺北市萬華區環河南路2段250巷56弄2之1號1樓","1 F., No. 2-1, Aly. 56, Ln. 250, Sec. 2, Huanhe S. Rd., Wanhua Dist., Taipei City 108023, Taiwan (R.O.C.)","陳O桐","02-23041721","02-23089283","有","有"
"04522261","19910822","20210813","華裕精機工業股份有限公司","FAR YUE PRECISION INDUSTRY CO., LTD.","新北市中和區員山路581巷31弄18號","No. 18, Aly. 31, Ln. 581, Yuanshan Rd., Zhonghe Dist., New Taipei City 23545, Taiwan (R.O.C.)","吳O裕","02-22236159","","有","有"
"04522797","19721127","20230629","信成商行股份有限公司","SIN CHENG CO., LTD.","臺北市松山區八德路3段2號7樓之3","7-3 F, No. 2, Sec. 3, Bade Rd., Songshan Dist., Taipei City 10558, Taiwan (R.O.C.)","黃O德","02-25700005","02-25703368","有","有"
"04524280","19780828","20230315","新文豐出版股份有限公司","SHIN WEN FENG PRINT CO.","臺北市萬華區雙園街96號","No. 96, Shuangyuan St., Wanhua Dist., Taipei City 108024, Taiwan (R.O.C.)","高O鵬","02-23415293","","有","有"
"04524508","19761119","20210813","洽裕貿易股份有限公司","CHIA YUH TRADING CO., LTD.","臺中市沙鹿區大同街33號","No. 33, Datong St., Shalu Dist., Taichung City 43353, Taiwan (R.O.C.)","王O群","046-362111-20","","有","有"
"04524628","20090508","20230729","瑞升貿易有限公司","RISE STAR CHEM & PHARMA TRADING CO.","臺北市中正區和平西路2段160之2號5樓","5 F., No. 160-2, Sec. 2, Heping W. Rd., Zhongzheng Dist., Taipei City 100060, Taiwan (R.O.C.)","趙O傑","02-23066135","02-23083715","有","有"
"04524818","20120210","20210813","德元印刷企業有限公司","DY PRINTING ENTERPRISE LIMITED COMPANY","新北市中和區中正路988巷13弄8號","No. 8, Aly. 13, Ln. 988, Zhongzheng Rd., Zhonghe Dist., New Taipei City 23586, Taiwan (R.O.C.)","吳O鴻","02-22228156","02-22232337","有","有"
"04525020","19781119","20221231","巨航企業有限公司","TAIWAN AI DI MANUFACTURING CO., LTD.","新北市永和區保生路2號12樓之1","12 F.-1, No. 2, Baosheng Rd., Yonghe Dist., New Taipei City 234603, Taiwan (R.O.C.)","陳O川","02-82316008","02-82316006","有","有"
"04525555","20210412","20210813","協宏消防實業有限公司","Xiehong Fire Industry Co. Ltd.","臺北市萬華區雙園街60巷46弄12號1樓","1 F., No. 12, Aly. 46, Ln. 60, Shuangyuan St., Wanhua Dist., Taipei City 10883, Taiwan (R.O.C.)","邱O國","02-23083368","02-23085233","有","有"
"04526457","19980119","20210813","艾妮服飾有限公司","AI NI KEN WU INTERNATIONAL TRADE CO., LTD.","臺北市萬華區峨嵋街5號3樓10室","Rm. 10, 3 F., No. 5, Emei St., Wanhua Dist., Taipei City 10844, Taiwan (R.O.C.)","廖O領","02-23718368","","有","有"
"04526674","19780904","20210812","長豐智能科技股份有限公司","EverFine Industrial Co., Ltd.","臺北市大安區忠孝東路4段270號10樓之3","10 F.-3, No. 270, Sec. 4, Zhongxiao E. Rd., Da’an Dist., Taipei City 10694, Taiwan (R.O.C.)","趙O中","02-2751-7192","02-2772-0314","有","有"
"04526822","19810128","20210814","松谷企業股份有限公司","SONG VALE CO., LTD.","臺北市信義區信義路5段5號6樓","6 F., No. 5, Sec. 5, Xinyi Rd., Xinyi Dist., Taipei City 11011, Taiwan (R.O.C.)","林O民","02-27209515","02-27209503","有","有"
"04527646","19781024","20230117","元孚貿易股份有限公司","YUANF TRADING CO., LTD.","臺中市石岡區和盛街1號1樓","1 F., No. 1, Hesheng St., Shigang Dist., Taichung City 422001, Taiwan (R.O.C.)","劉O民","04-25293973","","有","有"
"04528390","19760527","20220318","長春雜糧股份有限公司","CHANG CHUNG CEREAL CO., LTD.","臺北市萬華區昆明街306號3樓","3 F., No. 306, Kunming St., Wanhua Dist., Taipei City 10851, Taiwan (R.O.C.)","邱O敏珠","02-2306-1181","02-2306-5652","有","有"
"04528820","19880519","20210813","貝多芬有限公司","BEETHOVEN CO., LTD.","臺北市士林區環河北路3段181號1樓","1 F., No. 181, Sec. 3, Huanhe N. Rd., Shilin Dist., Taipei City 11173, Taiwan (R.O.C.)","鍾O","02-28128566","02-28124446","有","有"
"04531347","19890911","20210813","正大特殊印刷廠股份有限公司","CHENG TA LABEL & SEAL PRINTING CO., LTD.","新北市中和區建一路103號5樓","5 F., No. 103, Jian 1st Rd., Zhonghe Dist., New Taipei City 23585, Taiwan (R.O.C.)","林O聰","02-29955260","02-29955145","有","有"
"04531769","19790217","20210814","德盟企業股份有限公司","TEXMEN ENTERPRISES CORP.","臺北市中山區松江路85巷7號7之1號5樓","5 F., No. 7, Ln. 85, Songjiang Rd., Zhongshan Dist., Taipei City 10486, Taiwan (R.O.C.)","徐O淇","02-25060080","02-25060086","有","有"
"04532182","19790608","20210814","康宏貿易股份有限公司","COMHOME INTERNATIONAL CO., LTD.","臺北市中正區和平西路1段150號5樓之3","5 F.-3, No. 150, Sec. 1, Heping W. Rd., Zhongzheng Dist., Taipei City 10079, Taiwan (R.O.C.)","吳O美","02-23091635","02-23031042","有","有"
"04532578","20171228","20210813","天原室內裝修企業有限公司","TANYEAR INTERIOR DECORATION CO., LTD.","高雄市小港區明聖街245巷2之1號2樓","2 F., No. 2-1, Ln. 245, Mingsheng St., Xiaogang Dist., Kaohsiung City 81275, Taiwan (R.O.C.)","許O良","07-7933456","","有","有"
"04532774","19780916","20210815","一菖企業有限公司","FIRST FLAG ENTERPRISE CO., LTD.","臺中市西屯區市政北一路198號4樓之5","4 F.-5, No. 198, Shizheng N. 1st Rd., Xitun Dist., Taichung City 40756, Taiwan (R.O.C.)","李O慶","04-25666722","","有","有"
"04533056","19880914","20210814","宜和興業股份有限公司","ALL PROSPERITY ENTERPRISE CO., LTD.","臺北市中山區長安東路2段52號6樓605室","Rm. 605, 6 F., No. 52, Sec. 2, Chang’an E. Rd., Zhongshan Dist., Taipei City 10456, Taiwan (R.O.C.)","王O芬","02-25217794-6","02-25429613","有","有"
"04533062","19890418","20210815","龍村實業股份有限公司","LONG TSUEN INDUSTRIAL CO., LTD.","臺北市中山區長安東路2段52號6樓605室","Rm. 605, 6 F., No. 52, Sec. 2, Chang’an E. Rd., Zhongshan Dist., Taipei City 10456, Taiwan (R.O.C.)","柯O文","02-25217794-6","02-25429613","有","有"
"04533400","19780829","20221230","青鋒實業有限公司","CHING FON INDUSTRIAL CO., LTD.","臺北市信義區永吉路350號8樓之3","8 F.-3, No. 350, Yongji Rd., Xinyi Dist., Taipei City 110071, Taiwan (R.O.C.)","江O鐺","02-26435177","02-26435089","有","有"
"04533513","19990610","20210814","東鐵企業股份有限公司","EASTERN IRON ENTERPRISE CO., LTD.","臺北市中山區長安東路1段81號4樓","4 F., No. 81, Sec. 1, Chang’an E. Rd., Zhongshan Dist., Taipei City 10442, Taiwan (R.O.C.)","周O陽","02-2571-5271","2581-4487","有","有"
"04536244","20141105","20210814","美嘉彩藝印製有限公司","MEI CHIA PRINTING CO., LTD.","新北市中和區連城路222巷4弄6號1樓","1 F., No. 6, Aly. 4, Ln. 222, Liancheng Rd., Zhonghe Dist., New Taipei City 23553, Taiwan (R.O.C.)","梁O傑","02-22458094","02-22407499","有","有"
"04536568","20001205","20210813","江偉工業有限公司","CHAMPION INSTRUMENTS INDUSTRIAL CO., LTD.","臺北市文山區木新路3段172巷2弄2號1樓","1 F., No. 2, Aly. 2, Ln. 172, Sec. 3, Muxin Rd., Wenshan Dist., Taipei City 11662, Taiwan (R.O.C.)","林O昌","02-29386540","02-29383857","有","有"
"04536666","19740729","20250117","永嘉電子工業股份有限公司","EVER GRACE ELECTRONIC INDUSTRIALS CO., LTD.","新北市土城區青雲路69號","No. 69, Qingyun Rd., Tucheng Dist., New Taipei City 236013, Taiwan (R.O.C.)","陳O萍","02-22628603","02-22628642","有","有"
"04537383","19831201","20221206","神電電機股份有限公司","SHERN DIAN ELECTRIC CORPORATION","新北市中和區建一路100號2樓","2 F., No. 100, Jian 1st Rd., Zhonghe Dist., New Taipei City 235045, Taiwan (R.O.C.)","江O銘","02-22214081-3","","有","有"
"04538263","19910425","20210813","瑋利印刷材料有限公司","WELL LEAD PRINTING MATERIALS CO., LTD.","臺北市萬華區萬大路424巷112之3號1樓","1 F., No. 112-3, Ln. 424, Wanda Rd., Wanhua Dist., Taipei City 10885, Taiwan (R.O.C.)","林O裕","02-23035058","02-23035421","有","有"
"04538616","20160704","20240307","啟展企業股份有限公司","CHIGAN ENTERPRISE CO., LTD.","新北市土城區永安街81號","No. 81, Yong’an St., Tucheng Dist., New Taipei City 23672, Taiwan (R.O.C.)","吳O賢","02-22672316","","有","有"
"04539241","19821111","20250115","百陽企業有限公司","BAE YANG ENTERPRISE CO., LTD.","新北市汐止區南興路82巷3號4樓","4 F., No. 3, Ln. 82, Nanxing Rd., Xizhi Dist., New Taipei City 221025, Taiwan (R.O.C.)","吳O吉","02-25919771","02-25861699","無","無"
"04539426","19880823","20231219","凱工企業有限公司","A&P ENTERPRISE CO., LTD.","臺北市中山區松江路431巷27號6樓","6 F., No. 27, Ln. 431, Songjiang Rd., Zhongshan Dist., Taipei City 10482, Taiwan (R.O.C.)","","02-25082650","","無","無"
"04539592","19861119","20230218","三葉造漆工業股份有限公司","SHAN YEH PAINT INDUSTRIAL CO., LTD.","桃園市平鎮區新安里洪圳路207之1號、205號","No. 207-1, Hongzun Rd., Xin’an Vil., Pingzhen Dist., Taoyuan City 324026, Taiwan (R.O.C.)","林O興","03-4509121","03-4509161","有","有"
"04539684","19780529","20230106","立煒工業有限公司","LIH WOEI INDUSTRIAL CO., LTD.","臺北市松山區南京東路5段356號9樓之2","9 F.-2, No. 356, Sec. 5, Nanjing E. Rd., Songshan Dist., Taipei City 105054, Taiwan (R.O.C.)","林O雄","02-23924177","02-23967570","有","有"
"04539761","19780922","20230824","齊榮實業有限公司","CHI RONG INDUSTRIAL CO., LTD.","臺北市中山區明水路457號2樓","2 F., No. 457, Mingshui Rd., Zhongshan Dist., Taipei City 10462, Taiwan (R.O.C.)","","02-2532-1396","02-85093307","無","無"
"04540036","20141203","20210812","北維企業有限公司","PEI WEI LTD.","臺北市萬華區德昌街150號","No. 150, Dechang St., Wanhua Dist., Taipei City 10867, Taiwan (R.O.C.)","黃O秀緞","02-23033485","02-23033975","有","有"
"04541160","19790704","20230620","協宇企業有限公司","SHA EI ENTERPRISE CO., LTD.","臺北市士林區中山北路6段160號1樓","1 F., No. 160, Sec. 6, Zhongshan N. Rd., Shilin Dist., Taipei City 111032, Taiwan (R.O.C.)","劉O雄","02-28325400","02-28343111","無","無"
"04541302","19790202","20210815","鴻海精密工業股份有限公司","HON HAI PRECISION INDUSTRY CO., LTD.","新北市土城區中山路66號","No. 66, Zhongshan Rd., Tucheng Dist., New Taipei City 23680, Taiwan (R.O.C.)","劉O偉","02-22683466","02-22686216","有","有"
"04541794","19780919","20230712","李洲科技股份有限公司","TAIWAN OASIS TECHNOLOGY CO., LTD.","新北市汐止區新台五路1段97號27樓","27 F., No. 97, Sec. 1, Xintai 5th Rd., Xizhi Dist., New Taipei City 221416, Taiwan (R.O.C.)","李O順","02-77286688","02-26973658","有","有"
"04542013","19930501","20240711","迪惠貿易股份有限公司","TAIWAN MERCHANDISE DEVELOPMENT CORP.","臺北市松山區民族東路707號6樓","6 F., No. 707, Minzu E. Rd., Songshan Dist., Taipei City 105001, Taiwan (R.O.C.)","","02-27125974","","無","無"
"04542739","19760126","20210813","新剛電機廠股份有限公司","HSIN KANG ELECTRIC MFG. CO., LTD.","臺北市中山區吉林路12之3號4樓之2","4 F.-2, No. 12-3, Jilin Rd., Zhongshan Dist., Taipei City 10457, Taiwan (R.O.C.)","曾O杰","02-25312137-9","","有","有"
"04543028","20070417","20210811","福隆誠機器工廠","FU LUNG CHENG MACHINE REPAIR MANUFACTURE FACTORY","臺北市萬華區環河南路3段187號1樓","1 F., No. 187, Sec. 3, Huanhe S. Rd., Wanhua Dist., Taipei City 10885, Taiwan (R.O.C.)","李O誠","02-22919210","02-22919280","有","有"
"04543250","20050418","20210814","天生塑膠實業有限公司","TIAN SHENG PLASTICS INDUSTRIAL CO., LTD.","新北市土城區中央路1段246號1樓","1 F., No. 246, Sec. 1, Zhongyang Rd., Tucheng Dist., New Taipei City 23665, Taiwan (R.O.C.)","湯O恭","02-22663640","02-22623223","有","有"
"04543358","19780826","20210814","泰格貿易有限公司","TIGER CORPORATION","臺北市松山區復興北路191號8樓之1","8 F.-1, No. 191, Fuxing N. Rd., Songshan Dist., Taipei City 10596, Taiwan (R.O.C.)","曾O豪","02-27171925","27171042","有","有"
"04544531","19770812","20210812","白宮樂器企業有限公司","WHITE HOUSE MUSICAL INSTRUMENT ENTERPRISES CO., LTD.","臺北市萬華區艋舺大道51號2樓","2 F., No. 51, Bangka Blvd., Wanhua Dist., Taipei City 10851, Taiwan (R.O.C.)","洪O山","02-23143010","","有","有"
"04544624","19930520","20230504","光華礦務股份有限公司","GRAND MINERALS & CHEMICAL CORPORATION","花蓮縣花蓮市民運里民權路158號4樓","4 F., No. 158, Minquan Rd., Minyun Vil., Hualien City, Hualien County 970020, Taiwan (R.O.C.)","劉O生","03-8223131-3","03-8225678","無","無"
"04544954","19780627","20210813","志喬企業有限公司","SPARKLING INDUSTRIAL CO., LTD.","臺北市中正區重慶南路3段128號5樓之2","5 F.-2, No. 128, Sec. 3, Chongqing S. Rd., Zhongzheng Dist., Taipei City 10071, Taiwan (R.O.C.)","柯O志","02-23056418","02-23053423","有","有"
"04545428","19770930","20210813","鴻明冷凍食品股份有限公司","HONG MING FROZEN FOOD CO., LTD.","新北市瑞芳區大寮路84號","No. 84, Daliao Rd., Ruifang Dist., New Taipei City 22452, Taiwan (R.O.C.)","蔡O輝","02-25577282","02-24979785","有","有"
"04545454","19781019","20210812","彰森貿易有限公司","CHAO CHERNG TRADING CO., LTD.","高雄市三民區建國三路495號7樓之8","7 F.-8, No. 495, Jianguo 3rd Rd., Sanmin Dist., Kaohsiung City 80748, Taiwan (R.O.C.)","林O傳","07-2816976","07-2816976","有","有"
"04545898","19780621","20210814","白王企業股份有限公司","WHITE KING ENTERPRISE CO., LTD.","臺北市松山區復興北路333號8樓之4","8 F.-4, No. 333, Fuxing N. Rd., Songshan Dist., Taipei City 10544, Taiwan (R.O.C.)","侯O興","02-27138251","","有","有"
"04546067","19780719","20210812","飛旭貿易有限公司","C.S.G. (TAIWAN) LTD.","臺北市中山區長春路17號9樓","9 F., No. 17, Changchun Rd., Zhongshan Dist., Taipei City 10450, Taiwan (R.O.C.)","劉O基","02-25116577","02-25116700","有","有"
"04549347","19780822","20210814","合成軟木廠股份有限公司","HOP CHENG CORK CO., LTD.","新北市新莊區新樹路308號","No. 308, Xinshu Rd., Xinzhuang Dist., New Taipei City 24262, Taiwan (R.O.C.)","林O昌","02-22022158","","有","有"
"04549579","19910607","20210813","沛新實業有限公司","PACIEN DEVELOPMENT CORP.","臺北市中山區中山北路2段46號9樓之6","9 F.-6, No. 46, Sec. 2, Zhongshan N. Rd., Zhongshan Dist., Taipei City 10448, Taiwan (R.O.C.)","嚴O益","02-2511-7588","02-2561-2458","有","有"
"04550147","20000529","20230721","臺北農產運銷股份有限公司","TAIPEI AGRICULTURAL PRODUCTS MARKETING CORPORATION","臺北市中山區民族東路336號","No. 336, Minzu E. Rd., Zhongshan Dist., Taipei City 104267, Taiwan (R.O.C.)","楊O浯","02-25162519","02-25160053","有","有"
"04557417","20160822","20250116","華盈膠業有限公司","HUA ING RUBBER CO., LTD.","新北市板橋區富山街109巷65弄11號","No. 11, Aly. 65, Ln. 109, Fushan St., Banqiao Dist., New Taipei City 220088, Taiwan (R.O.C.)","王O恩","02-29594411","02-29519797","有","有"
"04560335","19970913","20210812","帝新實業股份有限公司","DIXIN CHEMICAL TRADING CO.,  LTD.","臺北市萬華區雅江街58號","No. 58, Yajiang St., Wanhua Dist., Taipei City 10847, Taiwan (R.O.C.)","黃O源","02-23111047","02-23319300","有","有"
"04560601","19881020","20230111","東飛企業有限公司","POMGIFT CO., LTD.","新北市三重區大同北路72號","No. 72, Datong N. Rd., Sanchong Dist., New Taipei City 241032, Taiwan (R.O.C.)","陳O永","02-29878322","","有","有"
"04560757","19751119","20210814","新記企業股份有限公司","MODERN MATERIAL ENTERPRISES CO., LTD.","臺北市大安區光復南路290巷3號7樓","7 F., No. 3, Ln. 290, Guangfu S. Rd., Da’an Dist., Taipei City 10694, Taiwan (R.O.C.)","廖O國","02-27516666","02-27521732","有","有"
"04561165","19970528","20220527","西法室內裝修企業有限公司","SIFAR E&P ENTERPRISE CO., LTD.","臺北市大安區仁愛路3段123巷9弄4號1樓","1 F., No. 4, Aly. 9, Ln. 123, Sec. 3, Ren’ai Rd., Da’an Dist., Taipei City 10656, Taiwan (R.O.C.)","陳O宗","02-27735151","02-87735151","有","有"
"04561833","19800818","20210815","志仁實業有限公司","JANUARY INDUSTRIAL CO., LTD.","新北市板橋區仁化街48號4樓","4 F., No. 48, Renhua St., Banqiao Dist., New Taipei City 22045, Taiwan (R.O.C.)","葉O賢","02-22683268","02-22684021","有","有"
"04562235","19750402","20230313","一加一工業股份有限公司","IJI VEHICLE INDUSTRY CO., LTD.","臺北市信義區基隆路1段398號7樓","7 F., No. 398, Sec. 1, Keelung Rd., Xinyi Dist., Taipei City 110053, Taiwan (R.O.C.)","王O傑","03-3520277","03-3521885","有","有"
"04563488","19840511","20210815","億兆企業股份有限公司","MIDAS TRADING CO., LTD.","臺北市萬華區成都路153號5樓","5 F., No. 153, Chengdu Rd., Wanhua Dist., Taipei City 10844, Taiwan (R.O.C.)","陳O賢","02-23618538","02-23810364","有","有"
"04565747","19700902","20210815","台灣優麗股份有限公司","TAIWAN URETHANE CO., LTD.","臺北市萬華區大理街157號1樓","1 F., No. 157, Dali St., Wanhua Dist., Taipei City 10855, Taiwan (R.O.C.)","曾O利","02-23061164","02-23026124","有","有"
"04567007","19750807","20210813","理研電器股份有限公司","RIKEN ELECTRIC CO., LTD.","新北市中和區錦和路59號","No. 59, Jinhe Rd., Zhonghe Dist., New Taipei City 23585, Taiwan (R.O.C.)","黃O靜如","02-22225100","02-22226600","有","有"
"04567560","19810930","20240222","豐全化工實業有限公司","FENG CHUAN CHEMICAL & ENTERPRISE CO., LTD.","臺北市松山區富錦街510號","No. 510, Fujin St., Songshan Dist., Taipei City 105070, Taiwan (R.O.C.)","李O慈","02-2371-6665","03-5986959","有","有"
"04567581","19781220","20210815","振良貿易有限公司","CHEN LIANG UNION TRADING CO., LTD.","臺北市中正區仁愛路2段39號5樓","5 F., No. 39, Sec. 2, Ren’ai Rd., Zhongzheng Dist., Taipei City 10056, Taiwan (R.O.C.)","周O蕨","02-23951102-4","","有","有"
"04567604","19960109","20210813","華夏科學有限公司","MANDARIN SCIENTIFIC CO., LTD.","新北市新莊區中正路215號6樓","6 F., No. 215, Zhongzheng Rd., Xinzhuang Dist., New Taipei City 24243, Taiwan (R.O.C.)","黃O成","02-29939724","","有","有"
"04570615","19890909","20210813","都寶企業有限公司","DU BAO COMPANY LIMITED","臺北市萬華區環河南路2段250巷3弄18號1樓","1 F., No. 18, Aly. 3, Ln. 250, Sec. 2, Huanhe S. Rd., Wanhua Dist., Taipei City 10857, Taiwan (R.O.C.)","許O雄","02-23063265","02-23029451","有","有"
"04570690","19750908","20211210","安振企業股份有限公司","ANTZEN ENTERPRISE CO., LTD.","臺北市萬華區康定路60號8樓之5","8F.-5, No. 60, Kangding Rd., Wanhua Dist., Taipei City 10845, Taiwan (R.O.C.)","黃O茹云","02-23815453","","有","有"
"04571255","19790823","20221019","崑印企業股份有限公司","QUINN INTERNATIONAL CORP.","臺北市中正區忠孝東路1段54號7樓","7 F., No. 54, Sec. 1, Zhongxiao E. Rd., Zhongzheng Dist., Taipei City 100406, Taiwan (R.O.C.)","黃O初","02-23916496","02-23912729","有","有"
"04571852","19790316","20250603","新華工藝股份有限公司","HANDERSON HANDICRAFT MFG. CO.","新北市中和區中山路2段332巷19號5樓","5 F., No. 19, Ln. 332, Sec. 2, Zhongshan Rd., Zhonghe Dist., New Taipei City 235026, Taiwan (R.O.C.)","曾O豪","02-82261266","","有","有"
"04572085","19760809","20230504","太緯國際貿易股份有限公司","KU BROS INTERNATIONAL TRADING CO., LTD.","臺北市大安區和平東路1段6號3樓","3 F., No. 6, Sec. 1, Heping E. Rd., Da’an Dist., Taipei City 106012, Taiwan (R.O.C.)","許O慧","02-2369-9828","2369-8998","有","有"
"04573802","19790529","20210815","河榮機械工廠有限公司","HO JOHN MACHINERY CO., LTD.","臺北市中正區中華路2段75巷1弄2號1樓","1 F., No. 2, Aly. 1, Ln. 75, Sec. 2, Zhonghua Rd., Zhongzheng Dist., Taipei City 10065, Taiwan (R.O.C.)","陳O斌","02-22398279","02-22393723","有","有"
"04574892","20101125","20210813","國賓壓克力企業有限公司","AMBASSADOR ACRY ENTERPRISE LTD.","新北市中和區中山路2段366巷17號","No. 17, Ln. 366, Sec. 2, Zhongshan Rd., Zhonghe Dist., New Taipei City 23584, Taiwan (R.O.C.)","吳O真","02-82455899","02-82455848","有","有"
"04574921","19890113","20240524","雙春國際企業有限公司","SWANG-CHUNG ENTERPRISE LTD.","臺北市萬華區成都路118號","No. 118, Chengdu Rd., Wanhua Dist., Taipei City 10847, Taiwan (R.O.C.)","謝O來春","02-23316969","02-23310707","無","無"
"04575111","20180808","20210811","三和衡器行","SAN HO SCALES CO.","臺北市萬華區萬大路504號","No. 504, Wanda Rd., Wanhua Dist., Taipei City 10872, Taiwan (R.O.C.)","李O文","02-23018688","02-23075891","有","有"
"04575175","19910628","20241030","長振儀器股份有限公司","CHANCELLOR INSTRUMENT CO., LTD.","臺北市內湖區陽光街345巷5號2樓","2 F., No. 5, Ln. 345, Yangguang St., Neihu Dist., Taipei City 114067, Taiwan (R.O.C.)","李O萱","02-25056996","02-25056922","有","有"
"04575273","19790223","20230111","永儒貿易股份有限公司","YANG JU INDUSTRIES CORP.","臺北市松山區敦化北路303號6樓之7","6 F.-7, No. 303, Dunhua N. Rd., Songshan Dist., Taipei City 105401, Taiwan (R.O.C.)","周O郎","02-27131653","","有","有"
"04575386","19810909","20221230","浩光企業股份有限公司","HAU KWANG ENTERPRISE CO., LTD.","高雄市湖內區中正路2段522巷20之1號","No. 20-1, Ln. 522, Sec. 2, Zhongzheng Rd., Hunei Dist., Kaohsiung City 829002, Taiwan (R.O.C.)","蘇O宗","07-6996516","07-6996310","有","有"
"04575409","19880909","20210813","慶奉企業有限公司","KEEN HONG ENTERPRISE CO., LTD.","桃園市龜山區萬壽路一段492之19號4樓之2及4樓之3","4 F.-2, No. 492-19, Sec. 1, Wanshou Rd., Guishan Dist., Taoyuan City 33350, Taiwan (R.O.C.)","林O良","02-82093045","02-82092014","有","有"
"04576293","19880321","20210814","華揚塗料有限公司","HWA YANG LACQUER CORP.","臺北市內湖區民權東路6段296巷31弄4號1樓","1 F., No. 4, Aly. 31, Ln. 296, Sec. 6, Minquan E. Rd., Neihu Dist., Taipei City 11483, Taiwan (R.O.C.)","詹O玲","02-85213577","02-85213573","有","有"
"04576723","19790809","20210814","敏弘企業有限公司","SUMY CORPORATION","臺北市中山區建國北路2段121號6樓","6 F., No. 121, Sec. 2, Jianguo N. Rd., Zhongshan Dist., Taipei City 10478, Taiwan (R.O.C.)","劉O誠","02-25057981","","有","有"
"04577265","19780710","20210814","聚洋國際股份有限公司","GROUP WEST INTERNATIONAL CO., LTD.","新北市五股區五權六路17號1樓","1 F., No. 17, Wuquan 6th Rd., Wugu Dist., New Taipei City 24889, Taiwan (R.O.C.)","陳O霞","02-299-1889","","有","有"
"04577504","19790926","20210812","天繡文教科技有限公司","TIAN SHIOW TECH CO., LTD.","臺北市中山區林森北路413號10樓","10 F., No. 413, Linsen N. Rd., Zhongshan Dist., Taipei City 10451, Taiwan (R.O.C.)","徐O東","02-2541-9625","02-25376435","有","有"
"04577997","19810725","20241108","國榮造漆有限公司","KUO RONG PAINT MANUFACTURE CO., LTD.","新北市土城區中華路1段56巷12號","No. 12, Ln. 56, Sec. 1, Zhonghua Rd., Tucheng Dist., New Taipei City 236029, Taiwan (R.O.C.)","","02-22613116","02-22655526","無","無"
"04578454","19781103","20210815","可泰塑膠股份有限公司","KO THAI PLASTIC CO., LTD.","新北市板橋區信義路163巷1號7樓","7 F., No. 1, Ln. 163, Xinyi Rd., Banqiao Dist., New Taipei City 22061, Taiwan (R.O.C.)","洪O蘭","02-29643101","02-29643105","有","有"
"04578573","19790310","20220930","小倉企業有限公司","SHIAO-CHANG ENTERPRISE CO., LTD.","臺北市萬華區華西街49號1樓","1 F., No. 49, Huaxi St., Wanhua Dist., Taipei City 108016, Taiwan (R.O.C.)","郭O貢","02-23084874","","無","無"
"04579496","19890510","20210812","台星儀器有限公司","TAI SHING INSTRUMENTS CO., LTD.","臺北市中正區中華路2段75巷1弄6號1樓","1 F., No. 6, Aly. 1, Ln. 75, Sec. 2, Zhonghua Rd., Zhongzheng Dist., Taipei City 10065, Taiwan (R.O.C.)","郭O全","02-23312384","02-23319007","有","有"
"04580058","19771202","20210814","台灣優力膠業股份有限公司","TAIWAN URETHANECAST INDUSTRIES CO., LTD.","臺北市中山區長安東路2段112號11樓之3","11 F.-3, No. 112, Sec. 2, Chang’an E. Rd., Zhongshan Dist., Taipei City 10491, Taiwan (R.O.C.)","陳O平","02-25068245","","有","有"
"04580634","19980504","20210815","信忠化工原料有限公司","SHIN CHUNG CHEMICAL COMPANY LTD.","臺北市中山區中山北路1段105巷20號4樓之3","4 F.-3, No. 20, Ln. 105, Sec. 1, Zhongshan N. Rd., Zhongshan Dist., Taipei City 10446, Taiwan (R.O.C.)","王O煌","02-23037020","02-23072383","有","有"
"04580682","19790503","20230819","貿洋企業有限公司","CENTRAL PACIFIC CO.","新北市中和區中正路957號6樓","6 F., No. 957, Zhongzheng Rd., Zhonghe Dist., New Taipei City 235601, Taiwan (R.O.C.)","林O基","02-25465616","02-25466622","有","有"
"04581394","19890519","20250409","敦德車電股份有限公司","DURIGHT Motor Electronics CORP.","新北市中和區中正路782號2樓","2 F., No. 782, Zhongzheng Rd., Zhonghe Dist., New Taipei City 235601, Taiwan (R.O.C.)","黃O勲","02-22239423","","有","有"
"04581578","19880322","20210812","全昶企業有限公司","JET CYCLE ENTERPRISE CO., LTD.","臺北市萬華區萬大路172號1樓","1 F., No. 172, Wanda Rd., Wanhua Dist., Taipei City 10863, Taiwan (R.O.C.)","吳O雲","02-23030851","","有","有"
"04581850","19930809","20210812","新松企業有限公司","SHINY - SUN ACCESSORIES CO., LTD.","臺北市萬華區萬大路493巷58弄9號1樓","1 F., No. 9, Aly. 58, Ln. 493, Wanda Rd., Wanhua Dist., Taipei City 10873, Taiwan (R.O.C.)","林O","02-23075888","02-23090300","有","有"
"04582921","19970830","20210813","龍龍企業有限公司","LON-LON ENTERPRISE CO., LTD.","新北市新莊區頭興街1-7號","No. 1-7, Touxing St., Xinzhuang Dist., New Taipei City 24252, Taiwan (R.O.C.)","鄭O玫","02-29936170","02-22765363","有","有"
"04583098","19930715","20210813","今日油墨有限公司","TODAY PRINTING INK CO., LTD.","臺北市萬華區三水街97巷3號1樓","1 F., No. 3, Ln. 97, Sanshui St., Wanhua Dist., Taipei City 10851, Taiwan (R.O.C.)","陳O雄","02-23069206","02-23066082","有","有"
"04583392","19890301","20210815","鑫傑企業有限公司","SHIN-JARL INTERNATIONAL CO., LTD.","臺北市大安區信義路2段230號11樓之5","11 F.-5, No. 230, Sec. 2, Xinyi Rd., Da’an Dist., Taipei City 10651, Taiwan (R.O.C.)","郭O河","02-23941028","02-2394-1646","有","有"
"04584081","20250319","20250319","國惠商行","Kuohui Store","臺北市中正區寶慶路41號1樓","1 F., No. 41, Baoqing Rd., Zhongzheng Dist., Taipei City 100005, Taiwan (R.O.C.)","許O鈞","0223117768","","有","有"
"04584293","19921119","20210815","華怡信股份有限公司","HO LIN ARCHITECTURE CO., LTD.","臺北市大安區忠孝東路3段8號2樓","2 F., No. 8, Sec. 3, Zhongxiao E. Rd., Da’an Dist., Taipei City 10652, Taiwan (R.O.C.)","李O賢","02-27771127","","有","有"
"04584759","19841121","20210813","金統企業股份有限公司","HUNTINGTON ENTERPRISE CO., LTD.","臺北市大安區信義路4段296號11樓之4","11 F.-4, No. 296, Sec. 4, Xinyi Rd., Da’an Dist., Taipei City 10679, Taiwan (R.O.C.)","林O家","02-27045971","","有","有"
"04584857","19970910","20221119","弘盛彩色印刷股份有限公司","HUNG SHAN COLOR PRINTING CO., LTD.","新北市中和區中板路5巷8號","No. 8, Ln. 5, Zhongban Rd., Zhonghe Dist., New Taipei City 235024, Taiwan (R.O.C.)","陳O茵","02-22220022","","無","無"
"04585167","19870309","20210813","福磊企業有限公司","LUCKY SPOT ENTERPRISE CO., LTD.","新北市鶯歌區大湖路734號","No. 734, Dahu Rd., Yingge Dist., New Taipei City 23941, Taiwan (R.O.C.)","石O峯","02-26705688","","有","有"
"04586433","19920314","20210812","國峰電機工業有限公司","GWO FENG ELECTRIC INDUSTRIAL LTD.","新北市土城區承天路4巷1之1號","No. 1-1, Ln. 4, Chengtian Rd., Tucheng Dist., New Taipei City 23674, Taiwan (R.O.C.)","林O峰","02-22689900","02-22688800","有","有"
"04587101","19780522","20221029","杉簡事業有限公司","SAN JEN INDUSTRIAL CORP., LTD.","新北市中和區中山路2段366巷15號","No. 15, Ln. 366, Sec. 2, Zhongshan Rd., Zhonghe Dist., New Taipei City 235026, Taiwan (R.O.C.)","王O華","02-22400246","02-22404658","有","有"
"04588262","19781128","20230422","高新貿易有限公司","KAO SHIN LIMITED","臺北市中正區杭州南路1段14巷17號地下1樓","1 F., No. 17, Ln. 14, Sec. 1, Hangzhou S. Rd., Zhongzheng Dist., Taipei City 100026, Taiwan (R.O.C.)","莊O朱","02-2396-2233","02-2394-4173","有","有"
"04589733","19980303","20210815","華穩企業有限公司","HWEWEN ENTERPRISE CO., LTD.","新北市板橋區中山路2段505巷19弄2號5樓","5 F., No. 2, Aly. 19, Ln. 505, Sec. 2, Zhongshan Rd., Banqiao Dist., New Taipei City 22068, Taiwan (R.O.C.)","陳O昌","02-23816176","","有","有"
"04590041","19820601","20210814","嵐川企業有限公司","LAN CHUAN ENTERPRISE CO., LTD.","臺北市中山區龍江路342巷7號","No. 7, Ln. 342, Longjiang Rd., Zhongshan Dist., Taipei City 10474, Taiwan (R.O.C.)","許O端","02-25040101","02-25042323","無","無"
"04590387","19781101","20230331","伍舜貿易股份有限公司","NEW WOOSUN TRADING CO., LTD.","臺北市大安區新生南路1段161巷31號1樓","1 F., No. 31, Ln. 161, Sec. 1, Xinsheng S. Rd., Da’an Dist., Taipei City 106090, Taiwan (R.O.C.)","陳O文","02-27049590","02-27005710","有","有"
"04590577","19830430","20250124","冠宇國際電訊股份有限公司","KYLINK COMMUNICATIONS CORP.","新北市中和區建康路158號8樓","8 F., No. 158, Jiankang Rd., Zhonghe Dist., New Taipei City 235603, Taiwan (R.O.C.)","黃O南","02-3234-9898","02-8228-1199","有","有"
"04591858","19770128","20210814","順日國際貿易有限公司","SHUENN JIH INTERNATIONAL TRADING CO., LTD.","臺北市萬華區桂林路246巷28號1樓","1 F., No. 28, Ln. 246, Guilin Rd., Wanhua Dist., Taipei City 10854, Taiwan (R.O.C.)","秦O榮","02-23082211","23068219","有","有"
"04592168","19960203","20241008","錦暉企業股份有限公司","JIMWELL CO., LTD.","臺北市信義區信義路4段415號4樓之3","4 F.-3, No. 415, Sec. 4, Xinyi Rd., Xinyi Dist., Taipei City 11051, Taiwan (R.O.C.)","","02-23257235","02-27036565","無","無"
"04592358","19870921","20210814","伍美實業股份有限公司","WORLD MATE INTERNATIONAL CORP.","臺北市大同區民族西路187巷27號1樓","1 F., No. 27, Ln. 187, Minzu W. Rd., Datong Dist., Taipei City 10369, Taiwan (R.O.C.)","簡O鄉","02-25953458","02-25915917","有","有"
"04592511","20160218","20240508","協利起重有限公司","MEGA CRANE AND TOOLS CO., LTD.","臺北市萬華區萬大路534巷31號1樓","1 F., No. 31, Ln. 534, Wanda Rd., Wanhua Dist., Taipei City 10872, Taiwan (R.O.C.)","","02-23074377","02-23010721","無","無"
"04592694","20160607","20220625","嘉華化學有限公司","JIA HWA CHEMICAL COMPANY LIMITED","臺北市萬華區大理街109號1樓","1 F., No. 109, Dali St., Wanhua Dist., Taipei City 10855, Taiwan (R.O.C.)","鄭O嘉","02-23021124","02-23066290","有","有"
"04594623","19930707","20230825","四分之一自然睡眠股份有限公司","HON GUAN BEDDING CO., LTD.","臺北市萬華區萬大路359號1樓","1 F., No. 359, Wanda Rd., Wanhua Dist., Taipei City 108653, Taiwan (R.O.C.)","江O鑫","02-29098656","02-29095453","有","有"
"04595926","20190319","20210813","福翁工業股份有限公司","Fwu Wong Industrial Co.,Ltd","桃園市桃園區大智路10號","No. 10, Dazhi Rd., Taoyuan Dist., Taoyuan City 33068, Taiwan (R.O.C.)","陳O","03-3676151","03-3666738","有","有"
"04596707","20020524","20210814","海鵬影業有限公司","SWALLOW WINGS FILMS CO., LTD.","臺北市萬華區昆明街76號7樓之6","7 F.-6, No. 76, Kunming St., Wanhua Dist., Taipei City 10843, Taiwan (R.O.C.)","姚O洋","886-2-23610873","886-2-23710733","有","有"
"04596919","19911003","20241001","萬觀實業有限公司","WORKING KINGDOM INDUSTRIAL CO., LTD.","臺北市萬華區長泰街156巷12號1樓","1 F., No. 12, Ln. 156, Changtai St., Wanhua Dist., Taipei City 10869, Taiwan (R.O.C.)","","02-22032578","02-23036357","無","無"
"04597776","20020419","20210812","鐸貿企業有限公司","DWOMAW COMPANY, LTD.","臺北市中山區南京東路2段115巷3弄4之1號3樓","3 F., No. 4-1, Aly. 3, Ln. 115, Sec. 2, Nanjing E. Rd., Zhongshan Dist., Taipei City 10485, Taiwan (R.O.C.)","李O明","02-25061928","02-25063782","有","有"
"04597826","19780821","20210815","農庭企業有限公司","HAO TIENG ENTERPRISES CO.","臺北市萬華區武成街80巷53號2樓","2 F., No. 53, Ln. 80, Wucheng St., Wanhua Dist., Taipei City 10871, Taiwan (R.O.C.)","曾O痕","02-23052387","02-23052400","有","有"
"04601271","19781211","20231201","康可國際有限公司","CONCORD INTERNATIONAL LTD.","新北市永和區竹林路７５巷４弄１８號２樓","2 F., No. 18, Aly. 4, Ln. 75, Zhulin Rd., Yonghe Dist., New Taipei City 23441, Taiwan (R.O.C.)","","02-8522-2359","8522-2360","無","無"
"04601434","19790526","20210813","汎歐股份有限公司","PAN EUROPE CORPORATION","新北市汐止區康寧街169巷29-1號","No. 29-1, Ln. 169, Kangning St., Xizhi Dist., New Taipei City 22180, Taiwan (R.O.C.)","陳O年","02-26952881","02-26952826","有","有"
"04601672","20001027","20210813","鈺龍數位印刷有限公司","YUHLUNG DIGITAL PRINTING CO., LTD.","新北市中和區橋和路115號2樓117號2樓","2 F.-117, No. 115, Qiaohe Rd., Zhonghe Dist., New Taipei City 23584, Taiwan (R.O.C.)","張O昌","02-2395-5331","02-23410028","有","有"
"04601820","19810126","20210815","大貴實業股份有限公司","GLORY UNITED ENTERPRISES CO., LTD.","新北市永和區竹林路119巷1號1樓","1 F., No. 1, Ln. 119, Zhulin Rd., Yonghe Dist., New Taipei City 23448, Taiwan (R.O.C.)","郭O琳","02-23071156","02-23039843","有","有"
"04602341","19760609","20220908","美和紙布股份有限公司","MAY-HO PAPER & CLOTH CO., LTD.","桃園市蘆竹區海山路二段149號","No. 149, Sec. 2, Haishan Rd., Luzhu Dist., Taoyuan City 338016, Taiwan (R.O.C.)","傅O揚","02-2595-4074","02-2592-2946","有","有"
"04602975","19950824","20210812","復聲水電工程有限公司","FU SHING ENGINEERING CO., LTD.","新北市土城區中央路二段三三○號一樓","1 F., No. 330, Sec. 2, Zhongyang Rd., Tucheng Dist., New Taipei City 23669, Taiwan (R.O.C.)","盧O","02-22606005","02-22602873","有","有"
"04604312","19840127","20210813","保達股份有限公司","BOULDER ENTERPRISE CO., LTD.","臺北市大安區光復南路202號4樓之7","4 F.-7, No. 202, Guangfu S. Rd., Da’an Dist., Taipei City 10694, Taiwan (R.O.C.)","徐O壽","02-27519651","","有","有"
"04604376","19960904","20210813","恆富企業有限公司","HERN FU ENTERPRISE CO., LTD.","臺北市信義區永吉路302號4樓之3","4 F.-3, No. 302, Yongji Rd., Xinyi Dist., Taipei City 11068, Taiwan (R.O.C.)","莊O夫","02-27495811","","有","有"
"04604517","19780805","20210812","旭欣企業有限公司","GRAND FUHSING IND. CO., LTD.","臺北市松山區敦化南路2段59號12樓之1","12 F.-1, No. 59, Sec. 2, Dunhua S. Rd., Songshan Dist., Taipei City 105, Taiwan (R.O.C.)","邱O芳","02-27011121","","有","有"
"04604734","19780918","20210814","昇志企業有限公司","SHEN CHI ENTERPRISE CO., LTD.","臺北市大安區師大路93巷1號7樓","7 F., No. 1, Ln. 93, Shida Rd., Da’an Dist., Taipei City 10646, Taiwan (R.O.C.)","鄧O容","02-23635639","","有","有"
"04604967","19780923","20210812","國綸企業有限公司","COLUMN CO., LTD.","臺北市萬華區莒光路140號1樓","1 F., No. 140, Juguang Rd., Wanhua Dist., Taipei City 10862, Taiwan (R.O.C.)","鄭O淮","02-23922153-5","02-23516298","有","有"
"04605207","19940606","20210813","天宇實業股份有限公司","ARROWIND INTERNATIONAL CO., LTD.","臺北市中山區長安東路2段162號4樓之2","4 F.-2, No. 162, Sec. 2, Chang’an E. Rd., Zhongshan Dist., Taipei City 10491, Taiwan (R.O.C.)","廖O峰","02-27774580","02-27774523","有","有"
"04605797","20140318","20210813","得記食品有限公司","TARGET FOOD CO., LTD.","臺北市中正區羅斯福路4段26號1樓","1 F., No. 26, Sec. 4, Roosevelt Rd., Zhongzheng Dist., Taipei City 10090, Taiwan (R.O.C.)","陳O富","(02)2367-3611","(02)2369-7756","無","無"
"04606297","19870623","20210812","信安儀器有限公司","HSIN AN INSTRUMENTS CO., LTD.","臺北市中正區羅斯福路3段244巷9弄2之3號1樓","1 F., No. 2-3, Aly. 9, Ln. 244, Sec. 3, Roosevelt Rd., Zhongzheng Dist., Taipei City 10089, Taiwan (R.O.C.)","楊O喜","02-23414317","","有","有"
"04606389","19800516","20210814","美譽國際企業有限公司","BLUE EAGLE INTERNATIONAL ENTERPRISE LTD.","臺北市大安區基隆路2段140號3樓","3 F., No. 140, Sec. 2, Keelung Rd., Da’an Dist., Taipei City 10677, Taiwan (R.O.C.)","賴O鐘","02-27386447","02-27353304","有","有"
"04608295","20070319","20231215","梧棲有限公司","DIANE INTERNATIONAL CORPORATION","臺北市中山區民權東路3段74號17樓","17 F., No. 74, Sec. 3, Minquan E. Rd., Zhongshan Dist., Taipei City 10476, Taiwan (R.O.C.)","","02-23637755","02-23637795","無","無"
"04609111","19861216","20230722","三木工程股份有限公司","SAM BOND INTERNATIONAL CORPORATION","高雄市大寮區華中路30號","No. 30, Huazhong Rd., Daliao Dist., Kaohsiung City 831136, Taiwan (R.O.C.)","陳O昌","07-7871385","07-7871487","有","有"
"04609196","19750505","20240923","大眾武道用具股份有限公司","TA CHUNG MARTIAL ARTS SUPPLIES CO., LTD.","臺北市中正區南昌路1段89號1樓","1 F., No. 89, Sec. 1, Nanchang Rd., Zhongzheng Dist., Taipei City 100028, Taiwan (R.O.C.)","林O文","02-23212865","","有","有"
"04609718","20110722","20230419","永祥建設股份有限公司","YONG XIANG CONSTRUCTION COMPANY LIMITED","臺北市松山區八德路4段465號12樓","12 F., No. 465, Sec. 4, Bade Rd., Songshan Dist., Taipei City 105059, Taiwan (R.O.C.)","葉O毅","02-27491551#105","02-27495310","有","有"
"04610454","19750930","20210814","順華藥品工業股份有限公司","SHUN HWA PHARMACEUTICAL CO., LTD.","臺北市中正區重慶南路3段36巷12號1樓","1 F., No. 12, Ln. 36, Sec. 3, Chongqing S. Rd., Zhongzheng Dist., Taipei City 10076, Taiwan (R.O.C.)","張O德","02-23037111","02-23079171","有","有"
"04610519","19990923","20210815","左氏美術設計工程有限公司","TSO ARTISTICAL & DESIGN ENGINEERING CO., LTD.","臺北市萬華區青年路178巷40號1樓","1 F., No. 40, Ln. 178, Qingnian Rd., Wanhua Dist., Taipei City 10882, Taiwan (R.O.C.)","陳O媛","02-23010836","02-23010836","有","有"
"04610659","20090204","20210814","真珠織造廠股份有限公司","PEARL KING KNITTING CO., LTD.","臺北市大安區信義路4段306號10樓之1","10 F.-1, No. 306, Sec. 4, Xinyi Rd., Da’an Dist., Taipei City 10679, Taiwan (R.O.C.)","王O交","02-2705-4084","02-2702-8120","有","有"
"04610980","19951125","20240709","能源航運股份有限公司","ENERGY SHIPPING CO., LTD.","臺北市中山區八德路2段260號3樓","3 F., No. 260, Sec. 2, Bade Rd., Zhongshan Dist., Taipei City 10492, Taiwan (R.O.C.)","成O達","02-27215288","02-27213298","有","有"
"04612381","19910626","20210815","慶和圖書館企業股份有限公司","KEWA OFFICE AND LIBRARY PRODUCTS CO., LTD.","新北市新店區寶高路七二號一樓","1 F., No. 72, Baogao Rd., Xindian Dist., New Taipei City 23144, Taiwan (R.O.C.)","翁O安","02-29142727","","有","有"
"04612615","19901203","20220525","樺萊高分子工業股份有限公司","FAIRY POLYMER INDUSTRY CO., LTD.","臺南市佳里區嘉福里115之1號","No. 115-1, Jiafu Vil., Jiali Dist., Tainan City 722, Taiwan (R.O.C.)","賴O楹","06-7224935","06-7224618","有","有"
"04613017","19781208","20220111","昇易貿易有限公司","SHENG YIH TRADING CO., LTD.","新北市林口區八德路18號","No. 18, Bade Rd., Linkou Dist., New Taipei City 24453, Taiwan (R.O.C.)","楊O峯","02-26092575","","有","有"
"04613157","19820806","20230901","瑞青企業股份有限公司","RESIN ENTERPRISE CO., LTD.","新北市石碇區靜安路1段97號","No. 97, Sec. 1, Jing'an Rd., Shiding Dist., New Taipei City 223001, Taiwan (R.O.C.)","王O志","02-26631611","02-26631112","有","有"
"04613298","19790614","20210814","億企實業有限公司","E-CHI ENTERPRISE CO., LTD.","臺北市松山區八德路4段115號2樓","2 F., No. 115, Sec. 4, Bade Rd., Songshan Dist., Taipei City 10561, Taiwan (R.O.C.)","沈O偉","02-27663941","02-27663841","有","有"
"04613733","19860722","20210815","文泰文化企業股份有限公司","WEN TAI CULTURE ENTERPRISE CO., LTD.","臺北市中山區松江路65號8樓","8 F., No. 65, Songjiang Rd., Zhongshan Dist., Taipei City 10455, Taiwan (R.O.C.)","何O耀","02-25075668","02-25079292","有","有"
"04614439","19761124","20230706","淵峰企業股份有限公司","YOUN FOUNG ENTERPRISES CO., LTD.","新北市林口區東林里工八路1號","No. 1, Gong 8th Rd., 2nd Industrial Park, Donglin Vil., Linkou Dist., New Taipei City 244010, Taiwan (R.O.C.)","徐O強","02-26035382","02-26012938","有","有"
"04614971","19790305","20210815","聯江實業股份有限公司","VAN CHIANG INDUSTRIAL CORP.","新北市淡水區民族路132巷1弄1之2號3樓","3 F., No. 1-2, Aly. 1, Ln. 132, Minzu Rd., Tamsui Dist., New Taipei City 25167, Taiwan (R.O.C.)","江O焄","02-29991462","02-23028409","有","有"
"04615057","19770520","20240905","名軒開發股份有限公司","ADVANCETEK ENTERPRISE CO., LTD.","新北市新莊區中華路三段218號8樓","8F., No. 218, Sec. 3,  Zhonghua Rd., Xinzhuang Dist.,  New Taipei City 242018, Taiwan (R.O.C.)","吳O瑩","","","有","有"
"04616226","19830316","20210814","神鵬實業有限公司","CONITRON ENTERPRISE CO., LTD.","臺北市文山區木新路2段69巷2號2樓","2 F., No. 2, Ln. 69, Sec. 2, Muxin Rd., Wenshan Dist., Taipei City 11657, Taiwan (R.O.C.)","余O忠","02-27821366","","有","有"
"04616859","19770504","20230530","信達電工股份有限公司","SIN TA ELECTRIC ENGINEERING CO., LTD.","臺北市中正區師大路184號6樓","6 F., No. 184, Shida Rd., Zhongzheng Dist., Taipei City 100033, Taiwan (R.O.C.)","顏O","02-23511155","","有","有"
"04619321","19780523","20210813","怡大實業股份有限公司","ELDER INDUSTRIAL CO., LTD.","臺北市大安區四維路170巷36號7樓之12","7 F.-12, No. 36, Ln. 170, Siwei Rd., Da’an Dist., Taipei City 10668, Taiwan (R.O.C.)","施O娥","02-27011509","","有","有"
"04621939","19790426","20221026","台豐輕量鋼管股份有限公司","TAIFLEX HOSE MFG. CORP.","臺北市大安區和平東路2段18巷17號3樓","3 F., No. 17, Ln. 18, Sec. 2, Heping E. Rd., Da'an Dist., Taipei City 106026, Taiwan (R.O.C.)","劉O煥","02-23623627","04-25389033","有","有"
"04622085","19781221","20210818","乃德企業股份有限公司","NAIAD INDUSTRIAL COMPANY","臺北市中山區林森北路50號8樓","8 F., No. 50, Linsen N. Rd., Zhongshan Dist., Taipei City 10441, Taiwan (R.O.C.)","徐O","02-23693666","","有","有"
"04622450","20091223","20230614","詮華國土測繪有限公司","REALWORLD ENGINEERING CONSULTANTS INC.","新北市汐止區新台五路1段159號5樓之1","5 F.-1, No. 159, Sec. 1, Xintai 5th Rd., Xizhi Dist., New Taipei City 221634, Taiwan (R.O.C.)","王O鋒","02-26439699","02-26439599","有","有"
"04622563","19861218","20230801","台灣富士通股份有限公司","FUJITSU TAIWAN LTD.","臺北市中正區中華路1段39號19樓","19 F., No. 39, Sec. 1, Zhonghua Rd., Zhongzheng Dist., Taipei City 100413, Taiwan (R.O.C.)","王O人","02-23112255","02-23112277","有","有"
"04622634","19950722","20250421","財團法人台北市基督教校園福音團契附屬校園書房出版社","CAMPUS EVANGELICAL FELLOWSHIP PRESS","台北巿羅斯福路４段２２號","NO.22, SEC.4, ROOSEVELT RD., TAIPEI, TAIWAN, R.O.C.","丁O剛","02-29182460#265","02-29182462","有","有"
"04622888","19780622","20210812","朝洋企業有限公司","CHAOYANG ENTERPRISE CO., LTD.","臺北市中正區羅斯福路3段240巷12號4樓","4 F., No. 12, Ln. 240, Sec. 3, Roosevelt Rd., Zhongzheng Dist., Taipei City 10089, Taiwan (R.O.C.)","林O合","02-23414877","","有","有"
"04623676","20150728","20240227","華昇電機股份有限公司","HUA SHENG ELECTRIC CO., LTD","新北市五股區五權三路48號1樓","1 F., No. 48, Wuquan 3rd Rd., Wugu Dist., New Taipei City 24891, Taiwan (R.O.C.)","","02-22991288","02-22991286","無","無"
"04627011","20040709","20210815","瑞鋒企業有限公司","RUEI FONG ENT. CORP.","臺北市文山區萬利街1號1樓","1 F., No. 1, Wanli St., Wenshan Dist., Taipei City 11654, Taiwan (R.O.C.)","林O真","02-22305678","02-22305527","有","有"
"04627700","19950304","20210813","九富企業有限公司","JOFULL ENTERPRISE CO., LTD.","新北市新莊區新樹路497巷13弄21號","No. 21, Aly. 13, Ln. 497, Xinshu Rd., Xinzhuang Dist., New Taipei City 24262, Taiwan (R.O.C.)","葉O麟","02-22038368","","有","有"
"04627791","19801129","20210813","裕運實業股份有限公司","RICH WIN INDUSTRIAL CO., LTD.","臺北市大安區羅斯福路3段17巷8號1樓","1 F., No. 8, Ln. 17, Sec. 3, Roosevelt Rd., Da’an Dist., Taipei City 10646, Taiwan (R.O.C.)","羅O杰","02-22055252","02-22047449","有","有"
"04628692","19770823","20230310","明甸行股份有限公司","MT RACING, INCORPORATED","臺中市后里區甲后路一段869巷42號","No. 42, Ln. 869, Sec. 1, Jiahou Rd., Houli Dist., Taichung City 421011, Taiwan (R.O.C.)","白O松","04-25563568","04-25572352","有","有"
"04629398","19770312","20210813","新雅貿易有限公司","SHIN YEAN TRADING CO., LTD.","臺北市中正區南昌路1段147巷2弄2號1樓","1 F., No. 2, Aly. 2, Ln. 147, Sec. 1, Nanchang Rd., Zhongzheng Dist., Taipei City 10078, Taiwan (R.O.C.)","陳O美秀","02-23918481","","有","有"
"04629735","20011109","20210811","新錦興汽車材料行","HSIN JIIN SHING AUTO MATRIALS CO.","臺北市南港區忠孝東路6段268號1樓","1 F., No. 268, Sec. 6, Zhongxiao E. Rd., Nangang Dist., Taipei City 11576, Taiwan (R.O.C.)","李O任","02-27911210","02-87918582","有","有"
"04630374","20180816","20211020","名華企業有限公司","MIN SERVICE LOGISTIC LTD.","新北市新店區安興路5號地下二層之25","B2-25, NO. 5, ANXING RD., XINDIAN DIST., NEW TAIPEI CITY 231, TAIWAN (R.O.C.)","周O玲","02-86666298","02-86663235","有","有"
"04630424","19790518","20230602","承泓企業股份有限公司","STARKING TECHNOLOGY CORP.","新北市中和區中山路3段37巷12號12樓","12 F., No. 12, Ln. 37, Sec. 3, Zhongshan Rd., Zhonghe Dist., New Taipei City 235601, Taiwan (R.O.C.)","李O琛","02-2736-3200","02-2736-3339","有","有"
"04630487","19790404","20210813","成文企業有限公司","HANSTANG ENTERPRISES CO., LTD.","臺北市大安區溫州街84號1樓","1 F., No. 84, Wenzhou St., Da’an Dist., Taipei City 10660, Taiwan (R.O.C.)","唐O傑","02-23621068","02-23625945","有","有"
"04630867","19800618","20230111","愛士實業有限公司","ASTER INTERNATIONAL CO., LTD.","臺北市松山區新東街41之1號3樓","3 F., No. 41-1, Xindong St., Songshan Dist., Taipei City 105065, Taiwan (R.O.C.)","吳O芳","02-27662615-6","02-27675546","有","有"
"04630986","19830604","20210814","馥新服裝有限公司","FU-HSIN KNITTING CO., LTD.","臺北市中正區三元街180號","No. 180, Sanyuan St., Zhongzheng Dist., Taipei City 10079, Taiwan (R.O.C.)","林O隆","02-23030462","","有","有"
"04631090","19790106","20250605","華鈉實業有限公司","FANAL INDUSTRIAL CO., LTD.","臺北市大安區忠孝東路4段300號5樓","5 F., No. 300, Sec. 4, Zhongxiao E. Rd., Da'an Dist., Taipei City 106433, Taiwan (R.O.C.)","賴O祐","02-2362-2127","02-2365-2527","有","有"
"04631232","19780802","20221130","恆進企業股份有限公司","HENG GIN ENTERPRISE CO., LTD.","臺北市中山區南京東路1段138號7樓","7 F., No. 138, Sec. 1, Nanjing E. Rd., Zhongshan Dist., Taipei City 104008, Taiwan (R.O.C.)","陳O文","02-21001211","02-21001011","有","有"
"04631660","19880415","20210815","九義股份有限公司","NINE E CO., LTD.","臺北市信義區松德路171號7樓之7","7 F.-7, No. 171, Songde Rd., Xinyi Dist., Taipei City 11085, Taiwan (R.O.C.)","蔡O榮","02-27599188","02-27590333","有","有"
"04631795","19790718","20241024","台灣雍寶有限公司","INTER DYNAMIC (TAIWAN) CO., LTD.","桃園市龜山區萬壽路一段492號11樓之2","11 F.-2, No. 492, Sec. 1, Wanshou Rd., Guishan Dist., Taoyuan City 33350, Taiwan (R.O.C.)","朱O雪","02-77313717","02-77313716","有","有"
"04633533","19990623","20210812","知音出版社","CHIH YIN PUBLISHING CO.","臺北市士林區格致路20巷1號7樓之8","7 F.-8, No. 1, Ln. 20, Gezhi Rd., Shilin Dist., Taipei City 11191, Taiwan (R.O.C.)","何O韶","02-2393-3505","2397-2127","有","有"
"04633597","20170725","20230721","長虹建設股份有限公司","CHONG HONG CONSTRUCTION CO., LTD.","臺北市中正區北平東路30號11樓","11 F., No. 30, Beiping E. Rd., Zhongzheng Dist., Taipei City 100009, Taiwan (R.O.C.)","李O造","02-23963280","02-23969808","有","有"
"04633983","19780925","20221230","志成股份有限公司","CHU CHEN INDUSTRIAL CO., LTD.","臺北市中正區羅斯福路3段230號","No. 230, Sec. 3, Roosevelt Rd., Zhongzheng Dist., Taipei City 100045, Taiwan (R.O.C.)","李O財","02-23656551","02-23688128","有","有"
"04634293","20140501","20230718","台昶工業有限公司","FORMOSA SUNNY INDUSTRIES INC.","基隆市中正區新豐里新豐街二九四號一九樓","19 F., No. 294, Xinfeng St., Xinfeng Vil., Zhongzheng Dist., Keelung City 202014, Taiwan (R.O.C.)","","02-28737697","02-28737797","無","無"
"04635835","19790717","20230706","久展玻璃企業股份有限公司","JIU ZHAN GLASS ENTERPRISE CORP. LTD.","彰化縣秀水鄉安東村彰水路一段340號","No. 340, Sec. 1,  Zhangshui Rd., Andong Vil., Xiushui Township,  Changhua County 504005, Taiwan (R.O.C.)","周O峰","04-7695106","03-5822395","有","有"
"04636237","19780707","20210814","申虎實業有限公司","BISQUIT INDUSTRIAL CO.","臺北市士林區忠誠路2段140巷32號1樓","1 F., No. 32, Ln. 140, Sec. 2, Zhongcheng Rd., Shilin Dist., Taipei City 11148, Taiwan (R.O.C.)","呂O信","02-28351158","","有","有"
"04636503","19780711","20210814","巨東企業有限公司","JIUH DONG ENTERPRISES CO., LTD.","臺北市中山區松江路122號9樓","9 F., No. 122, Songjiang Rd., Zhongshan Dist., Taipei City 10457, Taiwan (R.O.C.)","吳O源","02-25418779","02-25418731","有","有"
"04637019","19760205","20210814","來和貿易股份有限公司","LAI HER TRADING CO., LTD.","臺北市大安區羅斯福路3段125號12樓","12 F., No. 125, Sec. 3, Roosevelt Rd., Da’an Dist., Taipei City 10647, Taiwan (R.O.C.)","陳O寬","02-23632156","02-23622727","有","有"
"04637995","19790515","20210815","一名工業股份有限公司","WINNER BROTHERS INDUSTRIAL CORP.","桃園市楊梅區幼獅工業區獅一路16號","No. 16, Shi 1st Rd., Yangmei Dist., Taoyuan City 32657, Taiwan (R.O.C.)","黃O頻","03-4642266","03-4642255","有","有"
"04638431","19780706","20210815","聯業針織股份有限公司","UNION CULLING KNITS GARMENTS FACTORY CORP.","新北市五股區五工二路106巷1號(3樓)","3 F., No. 1, Ln. 106, Wugong 2nd Rd., Wugu Dist., New Taipei City 24888, Taiwan (R.O.C.)","陳O蒂","02-22999500","02-22999511","有","有"
"04638740","19890807","20210815","永城家電有限公司","LONG CITY CO., LTD.","桃園市八德區豐德二路45巷26號(1樓)","1 F., No. 26, Ln. 45, Fengde 2nd Rd., Bade Dist., Taoyuan City 33454, Taiwan (R.O.C.)","黃O瑜","02-22181346","02-22185495","有","有"
"04639348","19790721","20210815","康開實業有限公司","KAUNG-KAI INDUSTRIAL CO., LTD.","臺北市中正區泉州街9巷10號1樓","1 F., No. 10, Ln. 9, Quanzhou St., Zhongzheng Dist., Taipei City 10076, Taiwan (R.O.C.)","吳O","02-23035115","","有","有"
"04639585","19921214","20220928","巨龍文化事業有限公司","CHU LUNG CULTURAL PROMOTION & PUBLICATION CO.","臺北市內湖區內湖路1段91巷102弄16號4樓","4 F., No. 16, Aly. 102, Ln. 91, Sec. 1, Neihu Rd., Neihu Dist., Taipei City 114001, Taiwan (R.O.C.)","鄭O書","02-27198798","02-27136208","無","無"
"04639760","19771130","20230720","育貿股份有限公司","UMIAK TECHNOLOGY CO., LTD.","臺北市中正區羅斯福路1段7號7樓","7 F., No. 7, Sec. 1, Roosevelt Rd., Zhongzheng Dist., Taipei City 100215, Taiwan (R.O.C.)","程O晋","02-2393-3283","02-2391-1552","有","有"
"04639781","19790628","20210814","寬鑫有限公司","T. K. CHIN COMPANY LTD.","臺北市大安區羅斯福路3段227號7樓","7 F., No. 227, Sec. 3, Roosevelt Rd., Da’an Dist., Taipei City 10647, Taiwan (R.O.C.)","秦O寬","02-23628828","02-23626409","有","有"
"04640400","19830314","20210813","富吉林實業有限公司","FU JYI LIN ENTERPRISE CO., LTD.","臺北市中正區詔安街17之1號1樓","1 F., No. 17-1, Zhao’an St., Zhongzheng Dist., Taipei City 10077, Taiwan (R.O.C.)","張O吉","02-23015900","02-23075424","有","有"
"04640491","19940511","20250325","豐誠建材有限公司","FENG CHENG BUILDING MATERIAL CO., LTD.","新北市板橋區三民路2段35巷7號8樓之2","8 F.-2, No. 7, Ln. 35, Sec. 2, Sanmin Rd., Banqiao Dist., New Taipei City 220338, Taiwan (R.O.C.)","陳O祿","02-26801946","02-26803367","有","有"
"04641175","19810307","20230202","明山茶業有限公司","MING SAN TEA CO., LTD.","臺北市大同區重慶北路2段80巷2號2樓","2 F., No. 2, Ln. 80, Sec. 2, Chongqing N. Rd., Datong Dist., Taipei City 103008, Taiwan (R.O.C.)","高O芳","02-25585739","","有","有"
"04641288","19780814","20210815","音喬股份有限公司","INCHIAO CORPORATION","新北市林口區文化二路1段260巷7之3號1樓","1 F., No. 7-3, Ln. 260, Sec. 1, Wenhua 2nd Rd., Linkou Dist., New Taipei City 24448, Taiwan (R.O.C.)","姚O喬","02-26001738","02-26001575","有","有"
"04641604","19820723","20221125","加騏股份有限公司","JACKEY INDUSTRIAL CO., LTD.","新北市新莊區化成路630巷19弄6號","No. 6, Aly. 19, Ln. 630, Huacheng Rd., Xinzhuang Dist., New Taipei City 242042, Taiwan (R.O.C.)","劉O銀","02-29927635-7","","有","有"
"04641724","20031016","20230305","勝貿交通器材有限公司","SHENG MAO TRAEEIC SUPPLIES CO., LTD.","臺北市大同區雙連街48號1樓","1 F., No. 48, Shuanglian St., Datong Dist., Taipei City 103018, Taiwan (R.O.C.)","施O香蘭","02-2393-3973","","無","無"
"04641739","19951212","20210813","文泉企業工程股份有限公司","WARM SPRING INDUSTRIAL CO., LTD.","新北市板橋區三民路2段35巷2號4樓","4 F., No. 2, Ln. 35, Sec. 2, Sanmin Rd., Banqiao Dist., New Taipei City 22069, Taiwan (R.O.C.)","盧O燕","02-29615668","02-29615376","有","有"
"04641772","19780626","20231206","邦瑞實業有限公司","BONTRADE ENTERPRISE CO., LTD.","臺北市信義區信義路5段5號","No. 5, Sec. 5, Xinyi Rd., Xinyi Dist., Taipei City 11011, Taiwan (R.O.C.)","","02-27251167","02-27232130","無","無"
"04643357","19960205","20240103","國興帆布企業有限公司","KUOHSING CANVAS CO., LTD.","臺北市大安區羅斯福路2段95號18樓之3","18 F.-3, No. 95, Sec. 2, Roosevelt Rd., Da’an Dist., Taipei City 106606, Taiwan (R.O.C.)","吳O瑕","02-25172600","","有","有"
"04643785","20021022","20210812","義興號","YI SHING MEAT STORE","臺北市萬華區富民街145巷2號","No. 2, Ln. 145, Fumin Rd., Wanhua Dist., Taipei City 10873, Taiwan (R.O.C.)","陳O志","02-25213771","","有","有"
"04644145","19780802","20210814","貿鴻企業股份有限公司","MORE ORE ENTERPRISE CORPORATION","臺北市文山區興隆路2段220巷53弄26號3樓","3 F., No. 26, Aly. 53, Ln. 220, Sec. 2, Xinglong Rd., Wenshan Dist., Taipei City 11690, Taiwan (R.O.C.)","姚O琪","02-29322722","","無","無"
"04644362","19920709","20210812","台鼎貿易有限公司","TOP TAI-DING TRADING CO., LTD.","臺北市中正區中華路2段399號1樓","1 F., No. 399, Sec. 2, Zhonghua Rd., Zhongzheng Dist., Taipei City 10067, Taiwan (R.O.C.)","王O慶","02-23058618","02-23056302","有","有"
"04644757","19780829","20210812","加惠福企業股份有限公司","JAFU FORTUNE COMPANY LIMITED","基隆市七堵區俊賢路45號6樓","6 F., No. 45, Junxian Rd., Qidu Dist., Keelung City 20653, Taiwan (R.O.C.)","蔣O平","02-25912506","02-25912573","有","有"
"04645019","19820217","20210812","巨踐企業有限公司","GIANT ARROW COMPANY LIMITED","臺北市大同區重慶北路3段294號2樓","2 F., No. 294, Sec. 3, Chongqing N. Rd., Datong Dist., Taipei City 10372, Taiwan (R.O.C.)","陳O壽","02-25969909","","有","有"
"04646376","20230928","20230928","王子登山體育用品有限公司","Prince Mountaineering Sports Goods Company Limited","臺北市大同區延平北路1段30號1樓","1 F., No. 30, Sec. 1, Yanping N. Rd., Datong Dist., Taipei City 103012, Taiwan (R.O.C.)","李O雄","02-25551583","","有","有"
"04646973","20030218","20210811","上品行","SHANG PIN HONG INTERNATIONAL COMPANY","臺北市文山區秀明路1段86號1樓","1 F., No. 86, Sec. 1, Xiuming Rd., Wenshan Dist., Taipei City 11649, Taiwan (R.O.C.)","李O丞","02-2392-3657","02-2394-5577","有","有"
"04647298","19781227","20231104","應拿實業有限公司","M. HSIEH'S INDUSTRY CORP.","臺北市大安區和平東路1段121之1號1樓","1 F., No. 121-1, Sec. 1, Heping E. Rd., Da’an Dist., Taipei City 10644, Taiwan (R.O.C.)","謝O泰","02-33225699","02-33225711","有","有"
"04647403","20031003","20210812","三協聯合企業有限公司","SUN HSIEH UNION ENTERPRISE CO., LTD.","臺北市萬華區西園路2段153號12樓","12 F., No. 153, Sec. 2, Xiyuan Rd., Wanhua Dist., Taipei City 10859, Taiwan (R.O.C.)","高O嘉慧","02-2306-1818","","無","無"
"04647522","19841202","20210813","東甫企業有限公司","TOBIA ENTERPRISE CO., LTD.","新北市板橋區大明街10號1樓","1 F., No. 10, Daming St., Banqiao Dist., New Taipei City 22060, Taiwan (R.O.C.)","曾O人","02-29562459","02-29631593","有","有"
"04647635","19850412","20221124","崧博科技股份有限公司","SONG PO TECHNOLOGY CORPORATION","臺北市大安區忠孝東路4段169號12樓之2","12 F.-2, No. 169, Sec. 4, Zhongxiao E. Rd., Da’an Dist., Taipei City 106662, Taiwan (R.O.C.)","許O銘","02-27213624","02-27312978","無","無"
"04647950","19721123","20241205","詮晟實業股份有限公司","LOOVER INDUSTRIAL CO., LTD.","新北市新莊區新北大道4段187號11樓之1","11 F.-1, No. 187, Sec. 4, New Taipei Blvd., Xinzhuang Dist., New Taipei City 242032, Taiwan (R.O.C.)","趙O莉","02-27732311","","有","有"
"04648769","19780424","20210812","合技貿易有限公司","HO JIH SUPPLY CO., LTD.","臺北市大安區安和路2段5號10樓之2","10 F.-2, No. 5, Sec. 2, Anhe Rd., Da’an Dist., Taipei City 10680, Taiwan (R.O.C.)","潘O勇","02-27092162","","有","有"
"04648938","19781102","20241105","威健實業股份有限公司","WEIKENG INDUSTRIAL CO., LTD.","臺北市內湖區內湖路一段308號11樓","11 F., No. 308, Sec. 1, Neihu Rd., Neihu Dist., Taipei City 114663, Taiwan (R.O.C.)","胡O江","02-2659-0202","02-2658-0959","有","有"
"04649731","19890116","20210812","特基工程股份有限公司","TECH-POWER ENGINEERING CORP.","臺北市大安區辛亥路2段43號17樓","17 F., No. 43, Sec. 2, Xinhai Rd., Da’an Dist., Taipei City 10660, Taiwan (R.O.C.)","朱O貴","02-2366-0088","2362-3603","有","有"
"04649752","20070516","20210818","總大股份有限公司","TSUNG TA CO., LTD.","臺北市中正區寧波西街81號2樓","2 F., No. 81, Ningbo W. St., Zhongzheng Dist., Taipei City 10075, Taiwan (R.O.C.)","陳O沿","02-23910425","02-23915887","有","有"
"04649872","20150518","20210813","明河印刷企業有限公司","MINGHO PRINTING ENTERPRISES CO., LTD.","臺北市中山區龍江路95之1號2樓","2 F., No. 95-1, Longjiang Rd., Zhongshan Dist., Taipei City 10489, Taiwan (R.O.C.)","施O文","02-27813279","02-27815279","有","有"
"04650125","19800917","20210812","雅勤工業股份有限公司","AI-CHING INDUSTRIAL CORP.","新北市三重區光復路2段39巷11號1樓","1 F., No. 11, Ln. 39, Sec. 2, Guangfu Rd., Sanchong Dist., New Taipei City 24158, Taiwan (R.O.C.)","柯O瑤","02-29996015","02-29994716","有","有"
"04651623","19770913","20230721","錫記貿易股份有限公司","SHI KEE TRADING CO., LTD.","臺北市萬華區中華路2段6號6樓","6 F., No. 6, Sec. 2, Zhonghua Rd., Wanhua Dist., Taipei City 108028, Taiwan (R.O.C.)","李O信","02-23814721","","有","有"
"04651686","20070621","20210814","郁豐文具印刷有限公司","YU FENG STATIONARY & PRINTING CO., LTD.","臺北市北投區振華街10號2樓","2 F., No. 10, Zhenhua St., Beitou Dist., Taipei City 11282, Taiwan (R.O.C.)","江O榛","02-28200208","02-25431995","有","有"
"04651715","19830730","20210814","華華洋傘股份有限公司","FLOWERS UMBRELLA CO., LTD.","臺北市大安區羅斯福路2段91號23樓之2","23 F.-2, No. 91, Sec. 2, Roosevelt Rd., Da’an Dist., Taipei City 10646, Taiwan (R.O.C.)","楊O誠","02-23639977","02-23656430","有","有"
"04651840","19851230","20210812","峯幸企業有限公司","PERFECT FONG SHING ENTERPRISE CO., LTD.","新北市三重區光華路９號１樓","1 F., No. 9, Guanghua Rd., Sanchong Dist., New Taipei City 24158, Taiwan (R.O.C.)","楊O智","02-85111176","02-85111175","有","有"
"04652003","19840106","20210815","珠江營造工程股份有限公司","CHU-CHIANG CONSTRUCTION CO., LTD.","臺北市萬華區騰雲里1鄰中華路2段666-6號3樓之2","3 F.-2, No. 666-6, Sec. 2, Zhonghua Rd., 1st Neighborhood, Tengyun Vil., Wanhua Dist., Taipei City 10882, Taiwan (R.O.C.)","宋O華","02-25092066","02-25092488","有","有"
"04652073","19831115","20211222","逸揚企業有限公司","EA YOUNG CO., LTD.","臺北市中正區延平南路230巷19號","No. 19, Ln. 230, Yanping S. Rd., Zhongzheng Dist., Taipei City 10065, Taiwan (R.O.C.)","林O仁","02-23814002","02-23817976","有","有"
"04652144","19930428","20230417","聯家實業股份有限公司","LIENG CHIAE CO., LTD.","臺中市南屯區文心南七路一六八號一樓","1 F., No. 168, Wenxin S. 7th Rd., Nantun Dist., Taichung City 408025, Taiwan (R.O.C.)","周O彩雲","04-23819988","04-23833838","無","無"
"04653235","19941227","20221122","華冠船務代理股份有限公司","CHAMPION SHIPPING AGENCY CO., LTD.","臺北市中山區長春路380號6樓之1","6 F.-1, No. 380, Changchun Rd., Zhongshan Dist., Taipei City 104706, Taiwan (R.O.C.)","何O津","02-2718-8599","02-2718-8598","有","有"
"04654157","20130313","20230602","怡原系統股份有限公司","YI YUAN SYSTEM CORP.","桃園市楊梅區上田里和平路173巷85號","No. 85, Ln. 173, Heping Rd., Shangtian Vil., Yangmei Dist., Taoyuan City 326003, Taiwan (R.O.C.)","林O秀華","05-5849682","","有","有"
"04654277","19780622","20241031","威樺實業有限公司","WAY FAR INDUSTRIAL CO., LTD.","新北市板橋區中山路2段326之2號12樓","12 F., No. 326-2, Sec. 2, Zhongshan Rd., Banqiao Dist., New Taipei City 220760, Taiwan (R.O.C.)","李O霖","02-23711387","02-23315037","有","有"
"04654494","19790518","20231114","千海企業有限公司","GREAT ATLANTIC ENTERPRISE INC.","臺北市大安區忠孝東路4段293號12樓","12 F., No. 293, Section 4, Chung Hsiao East Road, Daan District, Taipei City, 106, Taiwan (R.O.C.)","張O凱","02-27518147","02-27415805","有","有"
"04655310","19790203","20241123","台灣港建股份有限公司","TAIWAN KONG KING CO., LTD.","桃園市蘆竹區長興里南崁路二段66號5樓之4","5 F.-4, No. 66, Sec. 2, Nankan Rd., Changxing Vil., Luzhu Dist., Taoyuan City 338205, Taiwan (R.O.C.)","張O燊","03-3524658","03-3524566","有","有"
"04655326","19970530","20210815","曲記食品有限公司","CHU CHI PROVISIONS CO., LTD.","新北市蘆洲區信義路59巷8弄3號","No. 3, Aly. 8, Ln. 59, Xinyi Rd., Luzhou Dist., New Taipei City 24746, Taiwan (R.O.C.)","陳O英","02-22810074","","有","有"
"04655613","20101119","20230531","天元茶莊","TEN YEN TEA HOUSE","臺北市中正區羅斯福路1段57號1樓","1 F., No. 57, Sec. 1, Roosevelt Rd., Zhongzheng Dist., Taipei City 100029, Taiwan (R.O.C.)","謝O碧","02-23412640","02-23416246","有","有"
"04655780","19921027","20210813","達衛企業工程有限公司","DA WEI ENGINEER CO., LTD.","桃園市龜山區大坑里南上路401號","No. 401, Nanshang Rd., Dakeng Vil., Guishan Dist., Taoyuan City 33392, Taiwan (R.O.C.)","劉O國","03-3525771-2","03-3228597","有","有"
"04655944","19880502","20210814","仁力誌企業有限公司","UTTERLY METAL CO., LTD.","新北市三重區大同北路190巷8號(1樓)","1 F., No. 8, Ln. 190, Datong N. Rd., Sanchong Dist., New Taipei City 24145, Taiwan (R.O.C.)","陳O義","02-29888228","0229888238","有","有"
"04656373","19790529","20210813","士代有限公司","STYLISH PRODUCTS CO., LTD.","臺北市大安區仁愛路4段300巷26弄7號6樓","6 F., No. 7, Aly. 26, Ln. 300, Sec. 4, Ren’ai Rd., Da’an Dist., Taipei City 10693, Taiwan (R.O.C.)","陳O婷","02-27036276","","有","有"
"04656508","19841217","20220922","暉昌企業股份有限公司","FAITHSUN ENTERPRISE CO., LTD.","臺北市中正區和平西路1段80號9樓","9 F., No. 80, Sec. 1, Heping W. Rd., Zhongzheng Dist., Taipei City 100027, Taiwan (R.O.C.)","潘O昌","02-23651338","02-23683954","有","有"
"04656970","19870312","20230210","連星有限公司","LANDSING CORPORATION","臺北市大同區重慶北路3段113巷18號","No. 18, Ln. 113, Sec. 3, Chongqing N. Rd., Datong Dist., Taipei City 103026, Taiwan (R.O.C.)","趙O良","02-25977368","02-25973492","有","有"
"04657112","19940907","20210813","宏甫國際有限公司","HANG FOW INTERNATIONAL CO., LTD.","臺北市中正區羅斯福路2段140號3樓之3","3 F.-3, No. 140, Sec. 2, Roosevelt Rd., Zhongzheng Dist., Taipei City 10084, Taiwan (R.O.C.)","王O茵","02-23653550","02-23652058","有","有"
"04657491","19880716","20240827","盛合有限公司","SHINE HOLD CO., LTD.","臺北市文山區景福街208號3樓","3 F., No. 208, Jingfu St., Wenshan Dist., Taipei City 11673, Taiwan (R.O.C.)","張O瑋","02-27049983","","有","有"
"04657507","19800310","20210814","中天企業有限公司","CHUNG TIEN ENTERPRISE CO., LTD.","新北市三重區重新路5段639之1號(1樓及2樓)","1 F., No. 639-1, Sec. 5, Chongxin Rd., Sanchong Dist., New Taipei City 24158, Taiwan (R.O.C.)","侯O隆","02-85122819","02-85121325","有","有"
"04658153","19921013","20221209","裕舜企業股份有限公司","U-SHUN ENTERPRISE CO., LTD.","臺北市中山區龍江路36號2樓","2 F., No. 36, Longjiang Rd., Zhongshan Dist., Taipei City 104102, Taiwan (R.O.C.)","鍾O吉","02-27217667","02-27116171","有","有"
"04658689","20081224","20210814","圓圓有限公司","HONESTY GREAT CO., LTD.","臺北市萬華區西藏路272號5樓","5 F., No. 272, Xizang Rd., Wanhua Dist., Taipei City 10861, Taiwan (R.O.C.)","溫O翰","02-23043456","02-23040788","有","有"
"04658858","19790413","20240912","昱泰貿易有限公司","LUCKY CLOVER CO.","高雄市前金區中正四路235號11樓之4","11 F.-4, No. 235, Zhongzheng 4th Rd., Qianjin Dist., Kaohsiung City 801648, Taiwan (R.O.C.)","詹O志","07-2010111-5","07-2010115","有","有"
"04659245","19931022","20210814","幼福文化事業股份有限公司","You Fu Culture Publishing Co., Ltd.","新北市中和區建一路176號12樓之1","12 F.-1, No. 176, Jian 1st Rd., Zhonghe Dist., New Taipei City 23553, Taiwan (R.O.C.)","黃O容","02-22696367","02-22690299","有","有"
"04659548","19791210","20220818","保信實業有限公司","PAO SING INDUSTRIAL CO., LTD.","新北市土城區承天路8巷11號","No. 11, Ln. 8, Chengtian Rd., Tucheng Dist., New Taipei City 23674, Taiwan (R.O.C.)","鍾O民","02-22671558","","有","有"
"04659890","19810924","20210813","合謙實業股份有限公司","PERFORMANCE OIL (TAIWAN) CO., LTD.","新北市板橋區文化路2段182巷3弄95號16樓","16 F., No. 95, Aly. 3, Ln. 182, Sec. 2, Wenhua Rd., Banqiao Dist., New Taipei City 22044, Taiwan (R.O.C.)","秦O利","02-2250-5561","02-82521305","有","有"
"04659934","19860331","20210813","雙葉書廊有限公司","YEH YEH BOOK GALLERY LTD.","臺北市大安區羅斯福路3段269巷12號1樓","1 F., No. 12, Ln. 269, Sec. 3, Roosevelt Rd., Da’an Dist., Taipei City 10647, Taiwan (R.O.C.)","張O隆","02-23684198","02-23657990","有","有"
"04660003","19930915","20210815","中懋化學股份有限公司","JONG MAW CHEMICAL CO., LTD.","臺南市永康區王行里經華路6號","No. 6, Jinghua Rd., Wangxing Vil., Yongkang Dist., Tainan City 71041, Taiwan (R.O.C.)","郭O麟","06-2333503","06-2336125","有","有"
"04660123","19780303","20210813","群宜科技股份有限公司","CONTINENTAL WORLDWIDE ENTERPRISES CO., LTD.","臺北市大安區羅斯福路3段333巷12號1樓","1 F., No. 12, Ln. 333, Sec. 3, Roosevelt Rd., Da’an Dist., Taipei City 10647, Taiwan (R.O.C.)","黃O懿","02-2786-7288","02-2788-5728","有","有"
"04660313","19790716","20210814","台灣百利達股份有限公司","TAIWANABRATOR CO., LTD.","臺北市松山區復興北路57號3樓","3 F., No. 57, Fuxing N. Rd., Songshan Dist., Taipei City 10595, Taiwan (R.O.C.)","顏O宗","03-3813812","03-3818329","有","有"
"04660453","20190826","20210814","鐘億企業有限公司","KANEOKU ENTERPRISES CO., LTD.","臺北市中正區愛國西路9號3樓之12","3 F.-12, No. 9, Aiguo W. Rd., Zhongzheng Dist., Taipei City 10042, Taiwan (R.O.C.)","周O華","02-23141231","02-23822728","有","有"
"04660664","19780614","20210814","世喆企業有限公司","HEART WELL INCORPORATION","臺北市大安區忠孝東路3段217巷6弄1號5樓","5 F., No. 1, Aly. 6, Ln. 217, Sec. 3, Zhongxiao E. Rd., Da’an Dist., Taipei City 10653, Taiwan (R.O.C.)","陳O惠","02-27210881","","有","有"
"04660860","19810706","20230209","懋亞實業有限公司","FINE ASIA INDUSTRIAL CO., LTD.","臺北市中正區師大路180號1樓","1 F., No. 180, Shida Rd., Zhongzheng Dist., Taipei City 100033, Taiwan (R.O.C.)","王O麟","02-23686767","02-23687899","有","有"
"04660897","19781013","20210814","馥禮有限公司","FULLY-KUO INTERNATIONAL CO., LTD.","新北市新店區安祥路99號8樓之5","8 F.-5, No. 99, Anxiang Rd., Xindian Dist., New Taipei City 23158, Taiwan (R.O.C.)","郭O愛","02-29183894","02-29183892","有","有"
"04661066","19850104","20210812","赫晟精密股份有限公司","MOLDTEK PRECISION CORP.","新北市五股區中興路1段10號3樓-6","3 F.-6, No. 10, Sec. 1, Zhongxing Rd., Wugu Dist., New Taipei City 24872, Taiwan (R.O.C.)","李O興","02-89769736","02-89769213","有","有"
"04661565","20071017","20210812","宜美家具有限公司","PERMARK CO., LTD.","臺北市中正區南昌路2段45號1樓","1 F., No. 45, Sec. 2, Nanchang Rd., Zhongzheng Dist., Taipei City 10084, Taiwan (R.O.C.)","黃O峯","02-26023155","","有","有"
"04662001","19820706","20210814","複成企業股份有限公司","FREESPORT CORP.","臺北市內湖區堤頂大道2段475號3樓","3 F., No. 475, Sec. 2, Tiding Blvd., Neihu Dist., Taipei City 11493, Taiwan (R.O.C.)","林O文","02-8797-4788","02-8797-4288","有","有"
"04662086","19960921","20210814","鑫至企業有限公司","SHIN GI ENTERPRISE CO., LTD.","臺北市中正區水源路89號8樓","8 F., No. 89, Shuiyuan Rd., Zhongzheng Dist., Taipei City 10083, Taiwan (R.O.C.)","呂O雄","02-23914242","02-23938399","有","有"
"04662255","19790319","20210812","昇亞股份有限公司","SHENG YA CO., LTD.","臺北市信義區松德路171號7樓之7","7 F.-7, No. 171, Songde Rd., Xinyi Dist., Taipei City 11085, Taiwan (R.O.C.)","蔡O榮","02-27599188","02-27590333","有","有"
"04662500","19850406","20230714","嘉成營造工程股份有限公司","CHIA CHENG CONSTRUCTION CO., LTD.","臺北市大安區仁愛路4段376號9樓","9 F., No. 376, Sec. 4, Ren'ai Rd., Da'an Dist., Taipei City 106434, Taiwan (R.O.C.)","陳O義","02-27092706","02-27071079","有","有"
"04662950","19800418","20210815","欽定股份有限公司","NIDIN INDUSTRIAL CO., LTD.","臺北市中山區明水路397巷19弄32號B1","B1 F., No. 32, Aly. 19, Ln. 397, Mingshui Rd., Zhongshan Dist., Taipei City 10466, Taiwan (R.O.C.)","張O明","25321805","25321845","有","有"
"04663780","19881114","20231215","康順興業股份有限公司","COSO SUPPLIES, INC.","新北市板橋區信義路221之1號2樓","2 F., No. 221-1, Xinyi Rd., Banqiao Dist., New Taipei City 220059, Taiwan (R.O.C.)","陳O雯","02-23056834","02-23099734","有","有"
"04664036","19930511","20210814","全音樂譜出版社有限公司","CHUAN YIN MUSIC PUBLISHERS, CO.","臺北市中正區汀州路1段105號6樓","6 F., No. 105, Sec. 1, Tingzhou Rd., Zhongzheng Dist., Taipei City 10069, Taiwan (R.O.C.)","張O鈞","02-23113914","02-23071666","有","有"
"04664367","19780303","20210813","及邇實業股份有限公司","TAIWAN ANGELA CORP.","新北市新店區寶元路1段42-5號11樓","11 F., No. 42-5, Sec. 1, Baoyuan Rd., Xindian Dist., New Taipei City 23144, Taiwan (R.O.C.)","湛O和","02-29181458","02-29181479","有","有"
"04665149","19790514","20210815","汎宇股份有限公司","PAN-CO INTERNATIONAL CO., LTD.","臺北市中正區忠孝東路1段85號15樓之3","15 F.-3, No. 85, Sec. 1, Zhongxiao E. Rd., Zhongzheng Dist., Taipei City 10049, Taiwan (R.O.C.)","郭O璋","02-2397-2838","02-23948484","有","有"
"04665345","19781109","20230418","洋鵬企業股份有限公司","YUNG PONG ENTERPRISES CO., LTD.","新北市林口區工二工業區工五路11號","No. 11, Gong 5th Rd., 2nd Industrial Park, Linkou Dist., New Taipei City 244010, Taiwan (R.O.C.)","游O裡","02-22817161","","有","有"
"04665788","19880425","20240724","葆利企業有限公司","S.B. WORLD ENTERPRISE CORPORATION","臺北市中山區新生北路2段36號13樓之6","13 F.-6, No. 36, Sec. 2, Xinsheng N. Rd., Zhongshan Dist., Taipei City 104612, Taiwan (R.O.C.)","曹O義","02-23952521","02-23962609","有","有"
"04665915","19881020","20221125","永燁橡膠有限公司","YUNG HUA RUBBER INDUSTRIAL CO., LTD.","新北市新莊區思源路112巷6號","No. 6, Ln. 112, Siyuan Rd., Xinzhuang Dist., New Taipei City 242033, Taiwan (R.O.C.)","廖O源","02-29944852","","有","有"
"04666127","20011024","20230515","東海塗料有限公司","TONG HAI PAINT CO., LTD.","新北市深坑區北深路3段141巷17號","No. 17, Ln. 141, Sec. 3, Beishen Rd., Shenkeng Dist., New Taipei City 222004, Taiwan (R.O.C.)","謝O聖","02-26622121","02-26625051","無","無"
"04666386","19890818","20220329","嵩億工業股份有限公司","SONG YIH MACHINERY CO., LTD.","新北市三重區中正北路193巷21弄35、37號","No. 37, Aly. 21, Ln. 193, Zhongzheng N. Rd., Sanchong Dist., New Taipei City 24157, Taiwan (R.O.C.)","蔡O琼","02-29715059","","有","有"
"04667202","19990402","20221022","拓暢企業有限公司","TO CHANG ENTERPRISE CO., LTD.","臺北市內湖區麗山街41號1樓","1 F., No. 41, Lishan St., Neihu Dist., Taipei City 114009, Taiwan (R.O.C.)","張O玲","02-27990968","02-26582089","無","無"
"04667603","19831215","20210815","菱正環保實業股份有限公司","RYOSEI ENVIRONMENTAL INDUSTRIAL CO., LTD.","新北市土城區中央路2段191號8樓之3","8 F.-3, No. 191, Sec. 2, Zhongyang Rd., Tucheng Dist., New Taipei City 23669, Taiwan (R.O.C.)","林O源","02-23811668","02-23712769","有","有"
"04667786","19830825","20210813","詮順有限公司","CHAN SIUN COMPANY","臺北市文山區萬利街1號1樓","1 F., No. 1, Wanli St., Wenshan Dist., Taipei City 11654, Taiwan (R.O.C.)","林O榮","02-230-5678","02-230-5527","有","有"
"04668309","19790713","20210814","誼林企業有限公司","YELIN ENTERPRISE CO., LTD.","臺北市中山區民權西路70號6樓","6 F., No. 70, Minquan W. Rd., Zhongshan Dist., Taipei City 10449, Taiwan (R.O.C.)","呂O筠","02-25615689","","有","有"
"04669258","19881018","20210812","鈺井企業有限公司","YUE JING ENTERPRISES CO., LTD.","臺北市松山區敦化北路218號2樓","2 F., No. 218, Dunhua N. Rd., Songshan Dist., Taipei City 10546, Taiwan (R.O.C.)","蘇O美","02-27150665-6","","有","有"
"04669308","19880527","20210813","北河企業有限公司","NRC ENGINEERING & TRADING CO., LTD.","臺北市大同區迪化街1段63號8樓","8 F., No. 63, Sec. 1, Dihua St., Datong Dist., Taipei City 10344, Taiwan (R.O.C.)","陳O揚","02-2555-7246","02-2558-4041","有","有"
"04669433","19970814","20221130","金品實業有限公司","KING PING TEA INC.","臺北市士林區中山北路7段124巷2號1樓","1 F., No. 2, Ln. 124, Sec. 7, Zhongshan N. Rd., Shilin Dist., Taipei City 111029, Taiwan (R.O.C.)","黃O宏","02-28717811","02-28738763","有","有"
"04669617","19950622","20210812","兆智貿易有限公司","BRAND DESIGN INTERNATIONAL CO., LTD.","新北市三重區成功路三五號二樓之一","2 F.-1, No. 35, Chenggong Rd., Sanchong Dist., New Taipei City 24144, Taiwan (R.O.C.)","李O祥","02-2729-8215","","有","有"
"04669623","19820112","20230420","慕康生技醫藥股份有限公司","Mediera Corporation","新北市汐止區大同路1段239號16樓之1","16 F.-1, No. 239, Sec. 1, Datong Rd., Xizhi Dist., New Taipei City 221006, Taiwan (R.O.C.)","沈O榮","02-26415398","02-26416328","有","有"
"04669813","20070914","20210813","申通電業有限公司","SEN-TONG COMMUNICATION CO., LTD.","臺北市中正區泉州街20巷31號1樓","1 F., No. 31, Ln. 20, Quanzhou St., Zhongzheng Dist., Taipei City 10079, Taiwan (R.O.C.)","黃O月娥","02-23052509","02-23010233","有","有"
"04670017","19801021","20210812","凱驪股份有限公司","ORTTA INDUSTRIES INC.","臺北市大安區敦化南路1段187巷75號3樓","3 F., No. 75, Ln. 187, Sec. 1, Dunhua S. Rd., Da’an Dist., Taipei City 10690, Taiwan (R.O.C.)","殷O美媛","02-25282587","02-25282683","有","有"
"04670902","19820614","20210813","尚祥國際有限公司","ALVIN LEE CO., LTD.","臺北市內湖區民權東路6段90巷16弄3號3樓","3 F., No. 3, Aly. 16, Ln. 90, Sec. 6, Minquan E. Rd., Neihu Dist., Taipei City 11465, Taiwan (R.O.C.)","李O祺","02-87925536","","有","有"
"04671711","20030313","20210813","凱王烘焙藝術有限公司","KELLYER ENTERPRISE CO., LTD.","臺北市中正區羅斯福路2段50號7樓之2","7 F.-2, No. 50, Sec. 2, Roosevelt Rd., Zhongzheng Dist., Taipei City 10084, Taiwan (R.O.C.)","江O祥","02-2394-6211","02-2391-3135","有","有"
"04673106","19900521","20210811","國泰有聲出版社","KOTAI AUDIO INC.","新北市新店區寶興路４５巷８弄１４號４樓","4 F., No. 14, Aly. 8, Ln. 45, Baoxing Rd., Xindian Dist., New Taipei City 23145, Taiwan (R.O.C.)","閻O山","02-29150226","02-29121541","有","有"
"04673318","20111129","20240716","遠雄建設事業股份有限公司","FARGLORY LAND DEVELOPMENT CO., LTD.","臺北市信義區基隆路一段200號16樓","16 F., No. 200, Sec. 1, Keelung Rd., Xinyi Dist., Taipei City 110406, Taiwan (R.O.C.)","趙O嘉","02-27239999","02-23451717","有","有"
"04673350","19791205","20210815","昭富實業股份有限公司","HARVARD INDUSTRIES CO., LTD.","臺北市中山區建國北路2段90號5樓","5 F., No. 90, Sec. 2, Jianguo N. Rd., Zhongshan Dist., Taipei City 10479, Taiwan (R.O.C.)","李O玲","02-25033333","","有","有"
"04673387","19780904","20210815","兆鑫企業有限公司","VULCANSON CO., LTD.","臺北市大安區仁愛路3段28號10樓之7","10 F.-7, No. 28, Sec. 3, Ren’ai Rd., Da’an Dist., Taipei City 10653, Taiwan (R.O.C.)","許O成","02-27091757-9","02-27556758","有","有"
"04673534","19780908","20240713","經奇有限公司","KING KEY CORPORATION","臺北市文山區羅斯福路5段176巷38號","No. 38, Ln. 176, Sec. 5, Roosevelt Rd., Wenshan Dist., Taipei City 116058, Taiwan (R.O.C.)","范O宇","02-29355691","02-29353897","有","有"
"04673936","19780915","20250614","幸欣實業有限公司","HSIN SIN ENTERPRISES CORP.","臺北市中正區重慶南路3段1號6樓","6 F., No. 1, Sec. 3, Chongqing S. Rd., Zhongzheng Dist., Taipei City 10076, Taiwan (R.O.C.)","潘O浩","02-23214536-9","","有","有"
"04673990","19790612","20240330","安復有限公司","ANDES INDUSTRY CO., LTD.","新北市板橋區縣民大道1段106巷10號5樓","5 F., No. 10, Ln. 106, Sec. 1, Xianmin Blvd., Banqiao Dist., New Taipei City 22060, Taiwan (R.O.C.)","劉O威","02-29558602","","有","有"
"04674055","19910720","20210814","久豐服裝材料有限公司","EVERICH ZIPPERS CO., LTD.","臺北市萬華區萬大路235號2樓","2 F., No. 235, Wanda Rd., Wanhua Dist., Taipei City 10878, Taiwan (R.O.C.)","詹O琳","02-23054604","02-23076933","有","有"
"04674111","19780919","20210815","一修有限公司","E. &. H. CO., LTD.","臺北市萬華區南寧路41號3樓之3","3 F.-3, No. 41, Nanning Rd., Wanhua Dist., Taipei City 10851, Taiwan (R.O.C.)","倪O棠","02-25714640","02-25365742","有","有"
"04674153","19790809","20230701","萬泰科技股份有限公司","WONDERFUL HI-TECH CO., LTD.","桃園市中壢區復興里北園路17號","No. 17, Beiyuan Rd., Fuxing Vil., Zhongli Dist., Taoyuan City 320023, Taiwan (R.O.C.)","張O烈","02-22988033","02-22988031","有","有"
"04674301","20040519","20210815","友生昌毛筆有限公司","YO SHENG CHONG CO., LTD.","臺北市大安區和平東路1段23號1樓","1 F., No. 23, Sec. 1, Heping E. Rd., Da’an Dist., Taipei City 10643, Taiwan (R.O.C.)","潘O登","02-2341-7580","02-2394-3965","有","有"
"04674421","20040617","20230426","盛源食品原料股份有限公司","SHENG YUANG FOOD INDUSTRIAL CO., LTD.","臺北市大安區和平東路1段6號3樓","3 F., No. 6, Sec. 1, Heping E. Rd., Da’an Dist., Taipei City 106012, Taiwan (R.O.C.)","許O盛","02-23699828","02-23698998","有","有"
"04674604","20091217","20250605","廣和儀器有限公司","KONG HO INSTRUMENTS CO., LTD.","新北市深坑區北深路3段155巷23號10樓","10 F., No. 23, Ln. 155, Sec. 3, Beishen Rd., Shenkeng Dist., New Taipei City 22203, Taiwan (R.O.C.)","陳O翰","02-26628499","02-26629567","有","有"
"04674787","19810313","20210812","詮安企業股份有限公司","KINGSTONE PRODUCTS (TAIWAN) LTD.","臺北市中山區中山北路2段185號9樓","9 F., No. 185, Sec. 2, Zhongshan N. Rd., Zhongshan Dist., Taipei City 10453, Taiwan (R.O.C.)","江O恩","02-2596-2185","","有","有"
"04675266","19880425","20250520","佑春有限公司","HI-BRITE CO., LTD.","新北市三重區光復路1段30巷17號(1樓)","1 F., No. 17, Ln. 30, Sec. 1, Guangfu Rd., Sanchong Dist., New Taipei City 241019, Taiwan (R.O.C.)","林O道","02-23930211","02-23972141","有","有"
"04675300","19781019","20210814","山誠企業有限公司","SAN CHEN COMPANY.","臺北市大安區金山南路2段18號5樓","5 F., No. 18, Sec. 2, Jinshan S. Rd., Da’an Dist., Taipei City 10641, Taiwan (R.O.C.)","方O國瑞","02-22227249","02-22233924","有","有"
"04676309","19810829","20210812","夷帝企業有限公司","CNC ENTERPRISES CO., LTD.","臺北市中山區林森北路50號3樓之5","3 F.-5, No. 50, Linsen N. Rd., Zhongshan Dist., Taipei City 10441, Taiwan (R.O.C.)","林O貞","02-25679977","","有","有"
"04676650","20010118","20240202","永達企業管理顧問有限公司","ETERNAL PROSPERITY CONSULTANT CO., LTD.","臺北市中正區羅斯福路3段126號6樓之3","6 F.-3, No. 126, Sec. 3, Roosevelt Rd., Zhongzheng Dist., Taipei City 100032, Taiwan (R.O.C.)","","02-23670275","02-23673974","無","無"
"04676912","19791016","20210814","大仕有限公司","EVER MUTUAL ENTERPRISES CO., LTD.","臺北市大安區新生南路3段8號9樓","9 F., No. 8, Sec. 3, Xinsheng S. Rd., Da’an Dist., Taipei City 10660, Taiwan (R.O.C.)","歐O錪","02-23685399","02-23685322","有","有"
"04677686","19790108","20210813","亞來股份有限公司","ALLIED MANUFACTURING CORPORATION","臺北市中山區松江路206號14樓之5","14 F.-5, No. 206, Songjiang Rd., Zhongshan Dist., Taipei City 10467, Taiwan (R.O.C.)","劉O木","02-25217338","","有","有"
"04677692","20021210","20230706","忠建工業股份有限公司","JONG JIANN INDUSTRY LTD.","新北市鶯歌區大湖路335號","No. 335, Dahu Rd., Yingge Dist., New Taipei City 239006, Taiwan (R.O.C.)","林O松","26790666","26708639","有","有"
"04677709","19820731","20221026","威琳企業有限公司","WEI LIN ENTERPRISE CO.","臺北市信義區莊敬路238號7樓","7 F., No. 238, Zhuangjing Rd., Xinyi Dist., Taipei City 110014, Taiwan (R.O.C.)","黃O賢","02-25159260","02-25159141","無","無"
"04678334","19920803","20210812","巨軒企業有限公司","CHISHAN METAL INDUSTRY CO., LTD.","新北市永和區民族街三七巷一弄七號一樓","1 F., No. 7, Aly. 1, Ln. 37, Minzu St., Yonghe Dist., New Taipei City 23454, Taiwan (R.O.C.)","羅O燈","02-29442069","","有","有"
"04678377","20001110","20241024","龍河企業有限公司","LUNG HO TRANSFORMER ENTERPRISE CO., LTD.","新北市中和區建八路138號(1樓)","1 F., No. 138, Jian 8th Rd., Zhonghe Dist., New Taipei City 235042, Taiwan (R.O.C.)","楊OO","22232447","22219748","有","有"
"04678593","19830621","20220625","高宗股份有限公司","GOLDEN STATE INDUSTRIES CO., LTD.","新北市永和區博愛街20巷2號5樓","5 F., No. 2, Ln. 20, Bo'ai St., Yonghe Dist., New Taipei City 234003, Taiwan (R.O.C.)","郭O","02-23071161","","有","有"
"04678799","19790116","20210813","得一金屬股份有限公司","AMEX HARDWARE CO., LTD.","臺北市中正區汀州路2段38號14樓","14 F., No. 38, Sec. 2, Tingzhou Rd., Zhongzheng Dist., Taipei City 10080, Taiwan (R.O.C.)","黃O音","02-23677792","02-23677794","有","有"
"04678931","19810718","20210815","永明水泥製品廠股份有限公司","YUNG MING PRECAST CONCRETE CO., LTD.","新北市三峽區隆恩街178巷30號","No. 30, Ln. 178, Long’en St., Sanxia Dist., New Taipei City 23741, Taiwan (R.O.C.)","賴O峯","02-26712317","02-26714972","有","有"
"04679642","19800122","20210815","樹賢企業股份有限公司","SUN SHINE COMMERCIAL & INDUSTRIAL CORP.","臺北市中正區寧波西街126號5樓","5 F., No. 126, Ningbo W. St., Zhongzheng Dist., Taipei City 10076, Taiwan (R.O.C.)","王O彬","02-23015065","","有","有"
"04679663","19790305","20220114","鼎創達股份有限公司","DBTEL INCORPORATED","新北市土城區中央路4段51號8樓之3","8 F.-3, No. 51, Sec. 4, Zhongyang Rd., Tucheng Dist., New Taipei City 23675, Taiwan (R.O.C.)","莫O然","02-7715-8588","02-22681964","有","有"
"04679869","19790423","20211108","台灣福泰克股份有限公司","TAIWAN HEWTECH CORP.","新北市板橋區雙十路2段79號12樓之2","12F.-2, NO. 79, SEC. 2, SHUANGSHI RD., BANQIAO DIST., NEW TAIPEI CITY 22043, TAIWAN (R.O.C.)","茂O新市","02-82512228","02-82512328","有","有"
"04680198","20150120","20240706","慶順國際股份有限公司","KING SHUN INTERNATIONAL CO., LTD","臺北市內湖區環山路2段123號2樓","2 F., No. 123, Sec. 2, Huanshan Rd., Neihu Dist., Taipei City 11452, Taiwan (R.O.C.)","","0939-036812","","無","無"
"04680676","20020823","20210815","韋馱傳播有限公司","WE TALL PRODUCTION CO.","臺北市大安區四維路52巷7號2樓","2 F., No. 7, Ln. 52, Siwei Rd., Da’an Dist., Taipei City 10684, Taiwan (R.O.C.)","張O瑄","02-2754-7878","02-2754-7979","有","有"
"04681112","20141230","20210815","泰豐建材企業有限公司","MOST ENRICH BUILDING MATERIALS CO., LTD.","臺北市松山區健康路208號1樓","1 F., No. 208, Jiankang Rd., Songshan Dist., Taipei City 10586, Taiwan (R.O.C.)","潘O基","02-27648848","02-27693182","有","有"
"04681268","19771216","20210813","海山銼刀製造廠有限公司","TAIWAN HAISAN FILE WORKS CO., LTD.","新北市汐止區汐萬路2段145號","No. 145, Sec. 2, Xiwan Rd., Xizhi Dist., New Taipei City 22170, Taiwan (R.O.C.)","沈O信","02-26462846","02-26463661","有","有"
"04681318","19890221","20210814","瑋士傑企業有限公司","WHISGE ENTERPRISE CO., LTD.","新北市中和區立業路61巷10號1樓","1 F., No. 10, Ln. 61, Liye Rd., Zhonghe Dist., New Taipei City 23558, Taiwan (R.O.C.)","吳O村","02-22484285","","有","有"
"04681491","19931102","20210815","前豐知識科技有限公司","CHIAN-FENG INTELLECTUAL PROPERTY TECHNOLOGY CO., LTD.","臺北市文山區辛亥路4段77巷104號11樓","11 F., No. 104, Ln. 77, Sec. 4, Xinhai Rd., Wenshan Dist., Taipei City 11693, Taiwan (R.O.C.)","焦O齊","03-5825106","03-5825106","有","有"
"04682111","19940514","20230622","立怡實業有限公司","LEADFORD INDUSTRIAL CORPORATION","臺北市松山區南京東路4段133巷8弄30號","No. 30, Aly. 8, Ln. 133, Sec. 4, Nanjing E. Rd., Songshan Dist., Taipei City 105023, Taiwan (R.O.C.)","陳O凡","02-27126808","02-27191785","無","無"
"04682288","19790512","20210813","宏宇實業股份有限公司","GREAT UNIVERSE ENTERPRISES CO., LTD.","臺北市中山區中山北路3段58號5樓之2","5 F.-2, No. 58, Sec. 3, Zhongshan N. Rd., Zhongshan Dist., Taipei City 10452, Taiwan (R.O.C.)","陳O原","02-25936608","02-25868889","有","有"
"04682392","19890802","20210812","天綸企業有限公司","TIEN RUEN ENTERPRISE CO., LTD.","臺北市松山區新東街16巷3號1樓","1 F., No. 3, Ln. 16, Xindong St., Songshan Dist., Taipei City 10591, Taiwan (R.O.C.)","伍O一","02-27685535","","有","有"
"04683202","19780915","20210815","查禮企業股份有限公司","CHARLES ENTERPRISE CO., LTD.","臺北市松山區民生東路4段112巷1弄11號3樓","3 F., No. 11, Aly. 1, Ln. 112, Sec. 4, Minsheng E. Rd., Songshan Dist., Taipei City 10576, Taiwan (R.O.C.)","趙O誠","02-27122202","","有","有"
"04683462","19781127","20230725","隆寶貿易開發有限公司","BEAUTIFUL FORMOSA TRADING CORP.","臺北市松山區永吉路30巷151弄2號4樓","4F., No. 2, Aly. 151, Ln. 30, Yongji Rd., Songshan Dist.,  Taipei City 105, Taiwan (R.O.C.)","","02-27655301","","無","無"
"04684005","20081021","20220112","宏林營造廠股份有限公司","HONG LIN CONSTRUCTION CO., LTD.","臺北市中正區北平東路30號11樓之1","11 F.-1, No. 30, Beiping E. Rd., Zhongzheng Dist., Taipei City 10049, Taiwan (R.O.C.)","王O山","02-23963280","02-23969808","有","有"
"04684390","19940708","20221206","騰隆工業工程股份有限公司","TENG LUNG INDUSTRIAL CORPORATION","臺北市南港區忠孝東路6段85號5樓","5 F., No. 85, Sec. 6, Zhongxiao E. Rd., Nangang Dist., Taipei City 115025, Taiwan (R.O.C.)","王O偉","02-27858989","02-27853899","有","有"
"04684933","19781222","20210815","敏德企業股份有限公司","MADY ENTERPRISE CO., LTD.","臺北市信義區永吉路32號5樓之5","5 F.-5, No. 32, Yongji Rd., Xinyi Dist., Taipei City 11070, Taiwan (R.O.C.)","萬O玲","02-27661908","02-27661980","有","有"
"04685279","19750906","20231005","信誼機器工業股份有限公司","HSIN II ENGINEERING CO., LTD.","臺北市北投區承德路7段376號6樓","6 F., No. 376, Sec. 7, Chengde Rd., Beitou Dist., Taipei City 112022, Taiwan (R.O.C.)","","02-28802055","02-28801199","無","無"
"04685503","19880505","20220901","泰孚電器工業股份有限公司","BETA ELECTRIC INDUSTRY CO., LTD.","新北市中和區中正路716號9樓之5","9 F.-5, No. 716, Zhongzheng Rd., Zhonghe Dist., New Taipei City 235603, Taiwan (R.O.C.)","黃O吉","02-82269400","02-82269399","有","有"
"04685530","19920116","20210814","綠洲化學工業有限公司","OASIS CHEMICAL INDUSTRIES CO., LTD.","宜蘭縣蘇澳鎮龍德里德興八路11號","No. 11, Dexing 8th Rd., Longde Vil., Su’ao Township, Yilan County 270, Taiwan (R.O.C.)","劉O猷","02-27671288","02-27683883","有","有"
"04686854","19770901","20210815","成裕貿易股份有限公司","SUPERIER TRADERS INTERNATIONAL LTD.","臺北市大安區信義路4段256號5樓之1","5 F.-1, No. 256, Sec. 4, Xinyi Rd., Da’an Dist., Taipei City 10680, Taiwan (R.O.C.)","周O源","02-23254351","02-27097102","有","有"
"04687100","19781130","20230506","澤煒事業有限公司","POWERFUL MANUFACTURER & TRADING COMPANY","臺北市松山區市民大道4段53號3樓","3 F., No. 53, Sec. 4, Civic Blvd., Songshan Dist., Taipei City 105041, Taiwan (R.O.C.)","謝O榮","02-27211048","","無","無"
"04687354","20041019","20210814","正良工程有限公司","CHEN LIANG ENGINEERING CO., LTD.","臺北市松山區寶清街17號7樓","7 F., No. 17, Baoqing St., Songshan Dist., Taipei City 10585, Taiwan (R.O.C.)","陳O良","02-27651684","02-27600325","有","有"
"04687381","19970304","20210812","展輝實業有限公司","TSAN FEY ENGINEERING CO., LTD.","臺北市中山區吉林路466號1樓","1 F., No. 466, Jilin Rd., Zhongshan Dist., Taipei City 10471, Taiwan (R.O.C.)","王O峰","02-25913285","","有","有"
"04687431","19741231","20240411","翠峰實業有限公司","SWEET-HOME ENTERPRISE CO., LTD.","臺北市信義區松德路159號29樓之2","29 F.-2, No. 159, Songde Rd., Xinyi Dist., Taipei City 11085, Taiwan (R.O.C.)","林O貴惠","02-27596799","02-27596802","有","有"
"04688810","19790327","20240704","邏輯電子股份有限公司","LOGICOM INC.","臺北市松山區南京東路4段56號8樓之1","8 F.-1, No. 56, Sec. 4, Nanjing E. Rd., Songshan Dist., Taipei City 105407, Taiwan (R.O.C.)","莊O傑","02-25780235","02-25783137","有","有"
"04689347","19780719","20210815","堅新電子工業股份有限公司","JIAN SHIN ELECTRONICS CO., LTD.","臺北市松山區三民路113巷11號","No. 11, Ln. 113, Sanmin Rd., Songshan Dist., Taipei City 10582, Taiwan (R.O.C.)","吳O雄","02-27610036","","有","有"
"04689698","19810313","20230819","翊泰實業股份有限公司","YIH TAI INDUSTRIES CO., LTD.","臺北市松山區復興北路57號12樓之1","12 F.-1, No. 57, Fuxing N. Rd., Songshan Dist., Taipei City 105404, Taiwan (R.O.C.)","吳O貿","02-27766455-9","02-27765795","有","有"
"04689711","20230303","20250522","德邦企業有限公司","DE-BORNE ENTERPRISE CO., LTD.","臺北市中山區松江路67號9樓之2","9 F.-2, No. 67, Songjiang Rd., Zhongshan Dist., Taipei City 104695, Taiwan (R.O.C.)","繆O琳","02-25280696","","有","有"
"04690055","20040331","20240425","洋基通運股份有限公司","DHL EXPRESS (TAIWAN) CORP.","臺北市中山區建國北路2段82號1樓","1 F., No. 82, Sec. 2, Jianguo N. Rd., Zhongshan Dist., Taipei City 10416, Taiwan (R.O.C.)","吳O忠(NGCheeChoong)","02-25036858","02-25031108","有","有"
"04690484","19860723","20210813","良福企業股份有限公司","LUCKY FORTUNE ENTERPRISE CO., LTD.","臺北市中山區南京東路2段174號11樓","11 F., No. 174, Sec. 2, Nanjing E. Rd., Zhongshan Dist., Taipei City 10489, Taiwan (R.O.C.)","林O昌","02-25061658","02-25061679","有","有"
"04690512","19890428","20231220","克硬企業有限公司","LAPIDARY & SONIC ENTERPRISES CO., LTD.","臺北市中山區松江路532號4樓","4 F., No. 532, Songjiang Rd., Zhongshan Dist., Taipei City 10471, Taiwan (R.O.C.)","","02-25917972-4","","無","無"
"04690843","19791018","20210815","瑞志實業股份有限公司","ZUITOP DEVELOPMENT CORPORATION","臺北市大安區安和路1段29號13樓","13 F., No. 29, Sec. 1, Anhe Rd., Da’an Dist., Taipei City 10688, Taiwan (R.O.C.)","許O賢","02-87730128","02-87730047","有","有"
"04690983","19770617","20250429","大魯閣實業股份有限公司","TRK Corporation","臺中市東區復興路四段186號","No. 186, Sec. 4, Fuxing Rd., East Dist., Taichung City 401211, Taiwan (R.O.C.)","林O麗","04-36118888","02-87911116","有","有"
"04691033","19790205","20210814","陽盟貿易股份有限公司","YOUNGMART TRADING CO., LTD.","臺北市信義區基隆路1段155號7樓","7 F., No. 155, Sec. 1, Keelung Rd., Xinyi Dist., Taipei City 11070, Taiwan (R.O.C.)","周O臣","02-27639348","","有","有"
"04691152","19780815","20210813","富茂電子股份有限公司","FOREMOST ELECTRONIC CO., LTD.","新北市中和區中正路953號10樓","10 F., No. 953, Zhongzheng Rd., Zhonghe Dist., New Taipei City 23544, Taiwan (R.O.C.)","林O如","02-22265568","02-22267286","有","有"
"04691821","19731205","20230309","菱友股份有限公司","DIAFRIEND CORPORATION","臺中市東區東門里振興路232號二樓","2 F., No. 232, Zhenxing Rd., Dongmen Vil., East Dist., Taichung City 401011, Taiwan (R.O.C.)","周O有","04-22112626","04-22130010","有","有"
"04692379","19860804","20210813","陵勝企業有限公司","KINDLEURO CO., LTD.","新北市新店區民權路130巷1號","No. 1, Ln. 130, Minquan Rd., Xindian Dist., New Taipei City 23141, Taiwan (R.O.C.)","周O華","02-82186711","02-82187430","有","有"
"04693026","19930910","20210815","元順有限公司","MOTOR-ROX CO., LTD.","新北市新店區吉祥街15巷51號3樓","3 F., No. 51, Ln. 15, Jixiang St., Xindian Dist., New Taipei City 23156, Taiwan (R.O.C.)","左O崗","02-29385812","","有","有"
"04693222","19781021","20210815","百鋒企業有限公司","PIONEER ENTERPRISE CO., LTD.","臺北市信義區松山路465巷20號","No. 20, Ln. 465, Songshan Rd., Xinyi Dist., Taipei City 11083, Taiwan (R.O.C.)","郭O宗","02-27260439","02-27268510","有","有"
"04694496","19970328","20210815","茂嘉實業有限公司","SUNNY PRODUCTS CORPORATION.","桃園市新屋區永安里12鄰永三街16號","No. 16, Yong 3rd St., 12th Neighborhood, Yong’an Vil., Xinwu Dist., Taoyuan City 32748, Taiwan (R.O.C.)","徐O忠","03-4762639","03-4762061","有","有"
"04694518","19840523","20210815","華納夢幻科技股份有限公司","HONOR CO., LTD.","新北市雙溪區中華路六七號一樓","1 F., No. 67, Zhonghua Rd., Shuangxi Dist., New Taipei City 22744, Taiwan (R.O.C.)","許O華","02-24941108","02-24941618","有","無"
"04694762","19760830","20211016","中誠金屬工業股份有限公司","CHUNG CHEN METAL INDUSTRY CO., LTD.","桃園市大園區民生路119之1號","No. 119-1, Minsheng Rd., Dayuan Dist., Taoyuan City 33759, Taiwan (R.O.C.)","張O敏","03-3851823","03-3851475","有","有"
"04694897","19920728","20230526","弘然企業有限公司","HORNG RANING ENTERPRISE CO., LTD.","臺北市大安區復興南路1段107巷5弄2號1樓","1 F., No. 2, Aly. 5, Ln. 107, Sec. 1, Fuxing S. Rd., Da’an Dist., Taipei City 106070, Taiwan (R.O.C.)","楊O政","02-27814709","02-27725979","無","無"
"04695235","19831223","20240910","台灣國際造船股份有限公司","CSBC CORPORATION, TAIWAN","高雄市小港區中鋼路3號","No. 3, Zhonggang Rd., Xiaogang Dist., Kaohsiung City 81234, Taiwan (R.O.C.)","黃O弘","07-8010111","07-8020805","有","有"
"04696207","19821213","20210813","英象有限公司","BRAVE CHEMICAL COMPANY","新北市新店區北新路3段205之2號7樓","7 F., No. 205-2, Sec. 3, Beixin Rd., Xindian Dist., New Taipei City 23143, Taiwan (R.O.C.)","陳O盛","02-8913-1433","","有","有"
"04696749","19790702","20210815","友發化工股份有限公司","YEOU FA CHEMICAL CO., LTD.","臺北市中正區忠孝東路1段85號16樓","16 F., No. 85, Sec. 1, Zhongxiao E. Rd., Zhongzheng Dist., Taipei City 10049, Taiwan (R.O.C.)","許O里","02-23970988","02-23560957","有","有"
"04697310","19811216","20210812","海益企業股份有限公司","SEA UNION ENGINEERING ENTERPRISES LTD.","臺北市南港區三重路19之3號9樓之1","9 F.-1, No. 19-3, Sanchong Rd., Nangang Dist., Taipei City 11501, Taiwan (R.O.C.)","鄭O嬌","02-26553989","02-26553918","有","有"
"04697347","19780912","20250114","台灣國際標準電子股份有限公司","TAIWAN INTERNATIONAL STANDARD ELECTRONICS LTD.","臺北市松山區民生東路3段100號9樓","9 F., No. 100, Sec. 3, Minsheng E. Rd., Songshan Dist., Taipei City 105402, Taiwan (R.O.C.)","陳O榮","02-27159968","02-27188896","有","有"
"04697368","19790423","20230603","台灣鐵塔股份有限公司","TAIWAN STEEL TOWER CO., LTD.","臺北市中山區長春路19號9樓","9 F., No. 19, Changchun Rd., Zhongshan Dist., Taipei City 104610, Taiwan (R.O.C.)","李O隆","02-25431111","02-25410605","有","有"
"04697557","20090605","20230324","聯盈有限公司","FULLIN EXPRESS LIMITED","臺北市中正區漢口街1段110號4樓之13","4 F.-13, No. 110, Sec. 1, Hankou St., Zhongzheng Dist., Taipei City 100009, Taiwan (R.O.C.)","黃O堯","02-23822735","02-23810276","無","無"
"04697607","20000324","20210814","弘聖工業有限公司","UNIFANN INDUSTRIAL CO., LTD.","新北市汐止區茄安路168號","No. 168, Jia’an Rd., Xizhi Dist., New Taipei City 22172, Taiwan (R.O.C.)","高O昌","26416185","26415931","有","有"
"04698232","19771203","20221028","宏業電化股份有限公司","MAGNET INDUSTRY LTD.","苗栗縣銅鑼鄉中平村中興工業區中興路6號","No. 6, Zhongxing Rd., Zhongping Vil., Tongluo Township,  Miaoli County 366005, Taiwan (R.O.C.)","曹O北","037-226363","037-221825","有","有"
"04698269","19780830","20221115","中國端子電業股份有限公司","CTE TECH CORP.","基隆市七堵區六堵里工建路1-7號","No. 1-7, Gongjian Rd., Liudu Vil., Qidu Dist., Keelung City 206007, Taiwan (R.O.C.)","謝O輝","02-24522431","02-24522559","有","有"
"04698438","19921016","20250207","欣川工業有限公司","SHIN CHUAN INDUSTRIAL CO.","新北市汐止區南陽街256巷2號1樓","1 F., No. 2, Ln. 256, Nanyang St., Xizhi Dist., New Taipei City 22154, Taiwan (R.O.C.)","蕭O文","02-26940421-9","26945195","有","有"
"04698958","19780822","20210813","邦蒂企業有限公司","PENNY ENTERPRISE CO., LTD.","臺北市中山區南京東路2段66號8樓","8 F., No. 66, Sec. 2, Nanjing E. Rd., Zhongshan Dist., Taipei City 10457, Taiwan (R.O.C.)","鄭O玲","02-25718988","02-25817688","有","有"
"04699302","19790306","20240904","波電企業股份有限公司","POTENTIAL ELECTRIC CO., LTD.","新北市新店區安康路2段319號","No. 319, Sec. 2, Ankang Rd., Xindian Dist., New Taipei City 231068, Taiwan (R.O.C.)","賴O儀","22156939","22156946","有","有"
"04699350","19920212","20221004","順康貿易股份有限公司","SYLKONG TRADING CO., LTD.","臺北市內湖區瑞光路583巷26號5樓","5 F., No. 26, Ln. 583, Ruiguang Rd., Neihu Dist., Taipei City 114695, Taiwan (R.O.C.)","鄭O生","02-87976006","02-87976016","有","有"
"04699540","19971227","20210812","新年代實業股份有限公司","HSIN NIEN TAI INDUSTRIAL COMPANY LTD.","新北市林口區工二工業區工七路2號","No. 2, Gong 7th Rd., Gong’er Industrial Park, Linkou Dist., New Taipei City 24450, Taiwan (R.O.C.)","謝O峰","26015151","26015269","有","有"
"04699561","19850716","20230721","仕農工商有限公司","UIR INC.","新北市新店區華中街26號4樓","4 F., No. 26, Huazhong St., Xindian Dist., New Taipei City 231005, Taiwan (R.O.C.)","劉O洛","02-22680026","02-22681099","有","有"
"04699577","19970122","20210814","源協企業有限公司","YUAN SHIEH ENTERPRISE CO., LTD.","臺北市中山區松江路426號12樓","12 F., No. 426, Songjiang Rd., Zhongshan Dist., Taipei City 10471, Taiwan (R.O.C.)","張O泉","02-27680404","","有","有"
"04699730","19880114","20210814","海大實業有限公司","HARDWARE PRODUCTS CORPORATION","桃園市中壢區芝芭里1鄰領航南路1段178號8樓","8 F., No. 178, Sec. 1, Linghang S. Rd., 1st Neighborhood, Zhiba Vil., Zhongli Dist., Taoyuan City 32054, Taiwan (R.O.C.)","張O雪","02-27467939","02-27467940","有","有"
"04700201","19891221","20210814","元烽企業有限公司","AACHEN PLASTIC EQUIPMENT CO., LTD.","新竹縣芎林鄉上山村文德路206巷15號","No. 15, Ln. 206, Wende Rd., Qionglin Township, Hsinchu County 30745, Taiwan (R.O.C.)","謝O康","035-921028","035-921027","有","有"
"04700547","19770322","20240828","龍誠企業有限公司","LONGSIX ENTERPRISE CO., LTD.","臺北市松山區民生東路5段184號5樓之1","5 F.-1, No. 184, Sec. 5, Minsheng E. Rd., Songshan Dist., Taipei City 10589, Taiwan (R.O.C.)","","02-27615770","02-27625676","無","無"
"04701378","19791030","20240719","台灣科思創股份有限公司","COVESTRO (TAIWAN) LTD.","臺北市信義區信義路五段2號10樓","10 F., No. 2, Sec. 5, Xinyi Rd., Xinyi Dist., Taipei City 110013, Taiwan (R.O.C.)","溫O登CarstenWildebrand","02-87262600","02-81011180","有","有"
"04701975","19820203","20210814","峰旗企業有限公司","FOUNDER ENTERPRISE CO., LTD.","臺北市大安區仁愛路3段18之1號7樓","7 F., No. 18-1, Sec. 3, Ren’ai Rd., Da’an Dist., Taipei City 10653, Taiwan (R.O.C.)","徐O方","02-27052412","02-27557652","有","有"
"04702329","19780805","20221025","麥豐密封科技股份有限公司","MFC SEALING TECHNOLOGY CO., LTD.","新北市五股區五權五路41號","NO. 41, WU-CHUAN-WU ROAD, NEW TAIPEI INDUSTRIAL PARK, NEW TAIPEI CITY,24888,TAIWAN","陳O雄","02-22988556","02-22992189","有","有"
"04702947","19861004","20250515","豐有企業股份有限公司","LIGNAL ENTERPRISE CO., LTD.","桃園市平鎮區新貴里中豐路665號1樓","1 F., No. 665, Zhongfeng Rd., Xingui Vil., Pingzhen Dist., Taoyuan City 324017, Taiwan (R.O.C.)","","02-28733905","02-28742652","無","無"
"04704023","19860310","20210815","聯經出版事業股份有限公司","LINKING PUBLISHING CO., LTD.","新北市汐止區大同路1段369號1樓","1 F., No. 369, Sec. 1, Datong Rd., Xizhi Dist., New Taipei City 22161, Taiwan (R.O.C.)","王O杉","02-86925588","02-86925862","有","有"
"04704924","19790111","20210815","英光股份有限公司","EIKO ELECTRIC PRODUCTS CORP.","臺北市內湖區內湖路1段388號9樓","9 F., No. 388, Sec. 1, Neihu Rd., Neihu Dist., Taipei City 11493, Taiwan (R.O.C.)","王O卿","02-26271555","02-26271556","有","有"
"04705000","19880916","20210814","宏郁實業股份有限公司","HONN YIU INDUSTRIAL CO., LTD.","臺北市松山區南京東路5段250巷3之6號","No. 3-6, Ln. 250, Sec. 5, Nanjing E. Rd., Songshan Dist., Taipei City 10568, Taiwan (R.O.C.)","黃O素霞","02-24512133","02-24518970","有","有"
"04705536","19820826","20230608","勤友企業股份有限公司","KINGYOUP ENTERPRISES CO., LTD.","新北市三重區重新路5段609巷16號4樓之13至16","4 F.-13, No. 16, Ln. 609, Sec. 5, Chongxin Rd., Sanchong Dist., New Taipei City 241408, Taiwan (R.O.C.)","王O三","02-29991750","02-29991747","有","有"
"04705661","20081211","20210811","六合水電工程行","LIU HO ENGINEERING CO.","臺北市信義區忠孝東路5段790巷24弄1號","No. 1, Aly. 24, Ln. 790, Sec. 5, Zhongxiao E. Rd., Xinyi Dist., Taipei City 11082, Taiwan (R.O.C.)","賴O洲","02-27591857","02-27596824","有","有"
"04706198","19721208","20210815","大統貿易股份有限公司","GREAT UNION TRADING CO., LTD.","臺北市松山區南京東路5段188號6樓","6 F., No. 188, Sec. 5, Nanjing E. Rd., Songshan Dist., Taipei City 10571, Taiwan (R.O.C.)","黨O健","02-27615111","02-27611726","有","有"
"04706351","20061124","20220727","嘉德藥品企業股份有限公司","CHAR DEH DRUGS ENTERPRISE CO., LTD.","臺北市中山區民生東路2段176號5樓","5 F., No. 176, Sec. 2, Minsheng E. Rd., Zhongshan Dist., Taipei City 10480, Taiwan (R.O.C.)","王O文","02-25078921","02-25082524","有","有"
"04706459","19810302","20210814","陸益企業有限公司","ROYCE ENTERPRISE CO., LTD.","臺北市信義區忠孝東路5段508號23樓之3","23 F.-3, No. 508, Sec. 5, Zhongxiao E. Rd., Xinyi Dist., Taipei City 11083, Taiwan (R.O.C.)","高O民","02-23465160","","有","有"
"04707470","19780918","20210815","錫隆企業股份有限公司","SHI-LUNG ENTERPRISE CORP.","桃園市平鎮區湧光里平鎮工業區工業九路3號","No. 3, Gongye 9th Rd., Yongguang Vil., Pingzhen Dist., Taoyuan City 32459, Taiwan (R.O.C.)","林O宏","02-25866056","","有","有"
"04707909","19790305","20210813","光亨企業有限公司","GUANG HENG ENTERPRISE CO., LTD.","新北市汐止區新台五路1段97號26樓之1","26 F.-1, No. 97, Sec. 1, Xintai 5th Rd., Xizhi Dist., New Taipei City 22175, Taiwan (R.O.C.)","曾O本","02-26972368","02-26972370","有","有"
"04708415","19820503","20210812","彭成企業有限公司","PONG CHENG INC.","臺中市西區大墩十二街29號","No. 29, Dadun 12th St., West Dist., Taichung City 40356, Taiwan (R.O.C.)","賴O良","02-29989236","02-28358117","有","有"
"04710019","19980528","20210813","順利空調工程有限公司","TECHTROL ENGINEERING CO., LTD.","臺北市信義區永吉路225巷32弄18號1樓","1 F., No. 18, Aly. 32, Ln. 225, Yongji Rd., Xinyi Dist., Taipei City 11063, Taiwan (R.O.C.)","林O鋒","02-27653991","02-27624247","有","有"
"04710741","20000308","20210813","誌華有限公司","CHIH HUA WIRE & METAL MATERIAL CO., LTD.","臺北市南港區成福路149巷3號1樓","1 F., No. 3, Ln. 149, Chengfu Rd., Nangang Dist., Taipei City 11566, Taiwan (R.O.C.)","李O雄","02-2786-1490","02-2786-7803","有","有"
"04711452","19850829","20210813","申業股份有限公司","LUCKY SEVEN KITCHEN CO., LTD.","彰化縣溪湖鎮中山里大溪路1段619巷87號","No. 87, Ln. 619, Sec. 1, Daxi Rd., Zhongshan Vil., Xihu Township, Changhua County 51453, Taiwan (R.O.C.)","陳O川","04-8817393","04-8853807","有","有"
"04711875","20060607","20210812","台灣根德股份有限公司","GRUNDIG (TAIWAN) LTD.","新北市新店區中正路533號9樓","9 F., No. 533, Zhongzheng Rd., Xindian Dist., New Taipei City 23148, Taiwan (R.O.C.)","劉O輔","02-22184641","02-22180896","有","有"
"04712109","19980605","20221026","于倫實業有限公司","PANTECH DIGITAL EQUIPMENT LTD.","臺北市松山區敦化北路238巷15號2樓","2 F., No. 15, Ln. 238, Dunhua N. Rd., Songshan Dist., Taipei City 105004, Taiwan (R.O.C.)","彭O倫","02-27171899","02-27171899","無","無"
"04712662","19971205","20230209","信溢有限公司","JUPON CO., LTD.","臺北市松山區敦化北路165巷52號","No. 52, Ln. 165, Dunhua N. Rd., Songshan Dist., Taipei City 105026, Taiwan (R.O.C.)","鄭O卿","02-23636356","","無","無"
"04713183","19781003","20230711","信功實業股份有限公司","SINGS KOUT TRADING CO., LTD.","臺北市大安區復興南路1段82號2樓之3","2F.-3, No. 82, Sec. 1, Fuxing S. Rd., Da’an Dist.,  Taipei City 106668, Taiwan (R.O.C.)","楊O仁","02-27315803","","有","有"
"04713260","19770204","20221111","汎飛股份有限公司","FORTH INDUSTRIAL INC.","臺北市松山區南京東路4段164號6樓","6 F., No. 164, Sec. 4, Nanjing E. Rd., Songshan Dist., Taipei City 105407, Taiwan (R.O.C.)","陳O菊","02-25776181","02-25785213","有","有"
"04713281","19741108","20230616","緯西企業股份有限公司","EASTWEST INTERNATIONAL (TAIWAN) ENTERPRISES","彰化縣芬園鄉彰南路二段356巷7號","No. 7, Ln. 356, Sec. 2, Zhangnan Rd., Fenyuan Township, Changhua County 502005, Taiwan (R.O.C.)","張O漳","049-2525362","049-524577","有","有"
"04713326","19790427","20210813","竹記貿易股份有限公司","TRUKEY TRADING CORPORATION","臺北市松山區北寧路58號1樓","1 F., No. 58, Beining Rd., Songshan Dist., Taipei City 10552, Taiwan (R.O.C.)","張O良","02-25781166","02-25701090","有","有"
"04713579","20140808","20210812","廣泰有限公司","KWAN TAI CO., LTD.","臺北市松山區南京東路4段197號10樓","10 F., No. 197, Sec. 4, Nanjing E. Rd., Songshan Dist., Taipei City 10579, Taiwan (R.O.C.)","劉O博","02-22981666","02-22981727","有","有"
"04714036","19820209","20210814","羅仙貿易有限公司","TAIWAN AIRO PRODUCTS COMPANY","臺北市大同區延平北路4段282巷30號1樓","1 F., No. 30, Ln. 282, Sec. 4, Yanping N. Rd., Datong Dist., Taipei City 10372, Taiwan (R.O.C.)","陳O祥","02-25951319","","有","有"
"04714958","19931224","20210815","嘉欣鋼鐵股份有限公司","CHIA HSIN STEEL INDUSTRIAL CO., LTD.","臺北市大安區安和路1段112巷17號1樓","1 F., No. 17, Ln. 112, Sec. 1, Anhe Rd., Da’an Dist., Taipei City 10685, Taiwan (R.O.C.)","王O男","02-27005839","02-26945288","有","有"
"04715942","19820707","20231107","佳泰工程股份有限公司","CHIA TAI ENGINEERING CO., LTD.","臺北市大安區信義路4段141號3樓","3 F., No. 141, Sec. 4, Xinyi Rd., Da’an Dist., Taipei City 10681, Taiwan (R.O.C.)","謝O田","02-27084791","","有","有"
"04716029","19830406","20210814","保怡有限公司","POLYTECH INTERNATIONAL LTD.","新北市三重區重新路5段609巷4號10樓之9","10 F.-9, No. 4, Ln. 609, Sec. 5, Chongxin Rd., Sanchong Dist., New Taipei City 24159, Taiwan (R.O.C.)","葉O讚","02-29991818","02-29992070","有","有"
"04716983","19770913","20210814","王記電子股份有限公司","WANGINE ELECTRONICS CO., LTD.","臺北市內湖區瑞光路478巷18弄30號3樓","3 F., No. 30, Aly. 18, Ln. 478, Ruiguang Rd., Neihu Dist., Taipei City 11492, Taiwan (R.O.C.)","王O重","02-26598918","02-26590488","有","有"
"04717441","19760312","20230707","台森機電股份有限公司","SEMCO ELECTRONICS & MACHINERY CORP.","臺北市內湖區南京東路6段348號3樓","3F., No. 348, Sec. 6, Nanjing E. Rd., Neihu Dist.,  Taipei City 114030, Taiwan (R.O.C.)","李O淵","02-2791-1598","02-8792-0177","有","有"
"04717884","20060717","20211126","豪伯登有限公司","CENTLE HANDLEMAN TAILOR CO., LTD.","臺北市大安區仁愛路3段160號地下1樓","1 F., No. 160, Sec. 3, Ren’ai Rd., Da’an Dist., Taipei City 10657, Taiwan (R.O.C.)","廖O偉","02-27008573","","有","有"
"04717913","19830728","20230928","久尹股份有限公司","JOYIN CO., LTD.","桃園市楊梅區東流里18鄰甡甡路623巷160號","No. 160, Ln. 623, Shenshen Rd., 18th Neighborhood, Dongliu Vil., Yangmei Dist., Taoyuan City 326007, Taiwan (R.O.C.)","張O宗","03-4755094","03-4757475","有","有"
"04718080","19880318","20230325","聯盟染料化學有限公司","AFFILIATED DYESTUFFS & CHEMICALS INC.","臺北市松山區八德路2段406號6樓","6 F., No. 406, Sec. 2, Bade Rd., Songshan Dist., Taipei City 105040, Taiwan (R.O.C.)","王O倫","02-27722070","02-27415462","有","有"
"04718574","19780818","20210814","蘭克斯股份有限公司","LANCASTER CO., LTD.","臺北市信義區松山路323號1樓","1 F., No. 323, Songshan Rd., Xinyi Dist., Taipei City 11061, Taiwan (R.O.C.)","林O菴","02-27535419","02-27654725","有","有"
"04719383","19791220","20210814","大肯有限公司","KENSTAR INDUSTRY CO., LTD.","新北市汐止區新台五路1段99號13樓之8","13 F.-8, No. 99, Sec. 1, Xintai 5th Rd., Xizhi Dist., New Taipei City 22175, Taiwan (R.O.C.)","黃O錠","02-26975210","02-26975209","有","有"
"04719736","19781005","20221221","譽仟世實業股份有限公司","YUE SENTION CO., LTD.","新竹縣關西鎮東光里四鄰一六張一一五號","No. 115, 4th Neighborhood, Dongguang Vil., Guanxi Township, Hsinchu County 306, Taiwan (R.O.C.)","","035-875166","","無","無"
"04720121","19940318","20210812","吉昱企業有限公司","GALLEON ENTERPRISE CO., LTD.","新北市新莊區中港二街96號1樓","1 F., No. 96, Zhonggang 2nd St., Xinzhuang Dist., New Taipei City 24246, Taiwan (R.O.C.)","吳O然","02-2211-5158","02-2211-1728","有","有"
"04720261","19781122","20210812","傑煌企業有限公司","J. HUAN & CO., LTD.","臺北市大安區復興南路1段380號2樓之1","2 F.-1, No. 380, Sec. 1, Fuxing S. Rd., Da’an Dist., Taipei City 10656, Taiwan (R.O.C.)","黃O中","02-27051053","","有","有"
"04720473","19840417","20210812","東之吳有限公司","EAST OF WU CO., LTD.","臺北市松山區八德路3段74巷14弄10號1樓","1 F., No. 10, Aly. 14, Ln. 74, Sec. 3, Bade Rd., Songshan Dist., Taipei City 10559, Taiwan (R.O.C.)","吳O聲","02-27811370","","有","有"
"04720852","19780615","20240829","鼎昇電子股份有限公司","TENSHINE ELECTRONIC MFG. CO., LTD.","新竹縣竹東鎮中興路三段416之1號","No. 416-1, Sec. 3,  Zhongxing Rd., Zhudong Township,  Hsinchu County 310016, Taiwan (R.O.C.)","","036-966126","","無","無"
"04720950","19780824","20240106","欣威實業有限公司","HSINWELL CO., LTD.","臺北市松山區南京東路5段202號11樓之2","11 F.-2, No. 202, Sec. 5, Nanjing E. Rd., Songshan Dist., Taipei City 10570, Taiwan (R.O.C.)","","02-27670414","","無","無"
"04721487","19790308","20221208","信偉電子有限公司","SHINWEI ELECTRONIC CO., LTD.","新北市汐止區秀山路74號","No. 74, Xiushan Rd., Xizhi Dist., New Taipei City 221038, Taiwan (R.O.C.)","林O仲","02-27025301","","有","有"
"04721515","20020227","20210814","聖豐實業股份有限公司","SHANG FONG INDUSTRIAL CO., LTD.","彰化縣彰化市長樂里三民路41號","No. 41, Sanmin Rd., Changle Vil., Changhua City, Changhua County 50043, Taiwan (R.O.C.)","林O豐","04-7225136","04-7253998","有","有"
"04722036","20101104","20210813","好康企業有限公司","HOW KANG CARPET CO., LTD.","臺北市松山區民生東路5段36巷8弄9之2號1樓","1 F., No. 9-2, Aly. 8, Ln. 36, Sec. 5, Minsheng E. Rd., Songshan Dist., Taipei City 10576, Taiwan (R.O.C.)","李O碧雲","02-27533601","02-27533347","有","有"
"04722107","20171129","20250320","僑福建設股份有限公司","Chyau Fwu Properties Company Limited","臺北市內湖區堤頂大道2段407巷32號7樓","7 F., No. 32, Ln. 407, Sec. 2, Tiding Blvd., Neihu Dist., Taipei City 114064, Taiwan (R.O.C.)","黃O華","02-27092721","02-27098257","有","有"
"04722248","19890414","20240413","華視文化事業股份有限公司","CHINESE TELEVISION SYSTEM CULTURE ENTERPRISE CORPORATION","臺北市大安區光復南路72巷73號","No. 73, Ln. 72, Guangfu S. Rd., Da’an Dist., Taipei City 106079, Taiwan (R.O.C.)","劉O德","02-27735591","02-27732032","有","有"
"04723083","19810915","20230629","協禮國際有限公司","L & H INTERNATIONAL COMPANY","臺北市大安區信義路3段192號8樓","8 F., No. 192, Sec. 3, Xinyi Rd., Da’an Dist., Taipei City 106028, Taiwan (R.O.C.)","謝O詒","02-27008260","02-27008262","無","無"
"04723458","19790815","20210814","松基企業股份有限公司","SUN KING METAL WORKS CORP.","新北市新店區安康路2段323號","No. 323, Sec. 2, Ankang Rd., Xindian Dist., New Taipei City 23153, Taiwan (R.O.C.)","鄭O和","02-22159533","02-22153084","有","有"
"04723534","19750729","20221019","益鏈實業有限公司","EAREN INTERNATIONAL, INC.","臺中市大甲區江南里南北一路105號","No. 105, Nanbei 1st Rd., Jiangnan Vil., Dajia Dist., Taichung City 437015, Taiwan (R.O.C.)","李O嘉","04-26868631","04-26874396","有","有"
"04723653","20170922","20230622","亞新工程顧問股份有限公司","MOH AND ASSOCIATES, INC.","新北市汐止區新台五路1段112號22樓","22 F., No. 112, Sec. 1, Xintai 5th Rd., Xizhi Dist., New Taipei City 221411, Taiwan (R.O.C.)","莫O維","02-26961555","02-26961166","有","有"
"04724409","19790222","20210813","仕福國際股份有限公司","TARCO INTERNATIONAL, INC.","臺北市中山區復興北路168號12樓","12 F., No. 168, Fuxing N. Rd., Zhongshan Dist., Taipei City 10487, Taiwan (R.O.C.)","鄭O征","02-27172621-5","","有","有"
"04724436","19850129","20250506","眾力基礎營造股份有限公司","UNION FOUNDATION & CONSTRUCTION CO., LTD.","新北市蘆洲區光華路162巷19號4樓","4 F., No. 19, Ln. 162, Guanghua Rd., Luzhou Dist., New Taipei City 247028, Taiwan (R.O.C.)","龔O潭","02-25019788","","有","有"
"04724914","19940423","20210815","嘉泰機械工業股份有限公司","JACKSON MACHINERY INDUSTRIES CORPORATION","臺北市內湖區民權東路6段94號5樓","5 F., No. 94, Sec. 6, Minquan E. Rd., Neihu Dist., Taipei City 11466, Taiwan (R.O.C.)","許O嘉","03-4695628","03-4694826","無","無"
"04724920","19940509","20210812","全國通信企業有限公司","CHUAN KUO SIGNAL EQUIPMENT ENTERPRISE CO., LTD.","臺北市大安區建國南路1段287號2樓","2 F., No. 287, Sec. 1, Jianguo S. Rd., Da’an Dist., Taipei City 10657, Taiwan (R.O.C.)","秦O宏","02-27063598","02-27003191","有","有"
"04724941","19941129","20221227","霙達企業有限公司","LEADING SOURCE CORPORATION","臺北市松山區東興路26號10樓","10 F., No. 26, Dongxing Rd., Songshan Dist., Taipei City 105612, Taiwan (R.O.C.)","何O美盈","02-27477000","02-27482211","有","有"
"04727095","19821120","20210815","誼欣國際有限公司","SAN YAKOS ENTERPRISE CO., LTD.","臺北市內湖區大湖街158巷2之1號","No. 2-1, Ln. 158, Dahu St., Neihu Dist., Taipei City 11481, Taiwan (R.O.C.)","湛O華","02-87925096","02-87925563","有","有"
"04727308","19790320","20210813","千陸企業有限公司","CHIEN LUE ENTERPRISE CO., LTD.","臺北市信義區基隆路2段149之16號4樓","4 F., No. 149-16, Sec. 2, Keelung Rd., Xinyi Dist., Taipei City 11054, Taiwan (R.O.C.)","張O陸","02-27332388","","有","有"
"04727341","19780822","20241204","唯林企業股份有限公司","VICTORY LAND ENTERPRISES CO., LTD.","臺北市內湖區瑞光路208號7樓","7 F., No. 208, Ruiguang Rd., Neihu Dist., Taipei City 11491, Taiwan (R.O.C.)","","02-2798-9288","02-2799-2255","無","無"
"04727449","19950123","20210815","自立藥片沖模有限公司","TZU LI TABLET PUNCHES & DIES CO., LTD.","臺北市南港區成福路121巷43弄11號1樓","1 F., No. 11, Aly. 43, Ln. 121, Chengfu Rd., Nangang Dist., Taipei City 11566, Taiwan (R.O.C.)","楊O忠","02-27863504","02-27865237","有","有"
"04728094","19810202","20210814","玉翁寶石有限公司","ANCIENT STONE JEWELRY & HANDICRAFT CO.","臺北市信義區松信路137號2樓","2 F., No. 137, Songxin Rd., Xinyi Dist., Taipei City 11066, Taiwan (R.O.C.)","林O昌","02-27481466","02-27625622","無","無"
"04728209","19920601","20221213","三際企業股份有限公司","INNERSBROOK CORP.","臺北市大安區忠孝東路4段71之5號6樓","6 F., No. 71-5, Sec. 4, Zhongxiao E. Rd., Da’an Dist., Taipei City 106071, Taiwan (R.O.C.)","林O緯","02-25036202","","有","有"
"04728215","20121113","20210813","金通企業有限公司","KING TONE ENTERPRISE CO. LTD.","臺北市松山區富錦街491號1樓","1 F., No. 491, Fujin St., Songshan Dist., Taipei City 10590, Taiwan (R.O.C.)","張O誌","02-26940110","02-26943111","有","有"
"04729586","19770528","20210814","維世其實業股份有限公司","HOWDTECH CO., LTD","臺北市信義區忠孝東路5段552號9樓","9 F., No. 552, Sec. 5, Zhongxiao E. Rd., Xinyi Dist., Taipei City 11081, Taiwan (R.O.C.)","詹O文","02-27150551-5","","有","有"
"04731696","19820717","20240119","大傳企業股份有限公司","AECO TECHNOLOGY CO., LTD.","臺北市南港區經貿二路189號6樓","6 F., No. 189, Jingmao 2nd Rd., Nangang Dist., Taipei City 11568, Taiwan (R.O.C.)","何O洲","02-21910158","02-26533520","有","有"
"04731801","19790507","20210814","南田企業有限公司","SOUTH WOLD ENTERPRISES CO., LTD.","臺北市松山區民生東路5段146號12樓","12 F., No. 146, Sec. 5, Minsheng E. Rd., Songshan Dist., Taipei City 10576, Taiwan (R.O.C.)","邱O正","02-27676768","02-27658600","有","有"
"04731859","19811204","20230809","陸商電子股份有限公司","MEGATONE ELECTRONICS CORP.","臺北市中山區南京東路2段20號6樓","6 F., No. 20, Sec. 2, Nanjing E. Rd., Zhongshan Dist., Taipei City 10457, Taiwan (R.O.C.)","胡O雰","02-25628238","02-25628169","有","有"
"04732203","19850301","20230522","川源股份有限公司","GSD INDUSTRIAL CO., LTD.","新北市汐止區環河街206號","No. 206, Huanhe St., Xizhi Dist., New Taipei City 221014, Taiwan (R.O.C.)","周O麒","02-26942732","02-26943375","有","有"
"04732442","19820122","20230707","公祥貿易有限公司","KONSON TRADING CO., LTD.","臺北市信義區信義路5段5號","No. 5, Sec. 5, Xinyi Rd., Xinyi Dist., Taipei City 110202, Taiwan (R.O.C.)","潘O雲","02-27231788","02-27231758","有","有"
"04732512","19810625","20210812","杰祥企業有限公司","YAO HAN ENTERPRISES CO., LTD.","臺北市松山區八德路3段12巷5弄17號5樓","5 F., No. 17, Aly. 5, Ln. 12, Sec. 3, Bade Rd., Songshan Dist., Taipei City 10559, Taiwan (R.O.C.)","陳O文","02-27810095","02-27772741","有","有"
"04733940","19880226","20210813","日交國際貿易股份有限公司","NIKKO EVERDIA INTERNATIONAL TRADING CO., LTD.","臺北市松山區健康路400號","No. 400, Jiankang Rd., Songshan Dist., Taipei City 10586, Taiwan (R.O.C.)","洪O陞","02-27681237","02-27660550","無","無"
"04734103","19760117","20210812","寧康股份有限公司","TAIWAN LYNX COMPANY LIMITED.","臺北市松山區民生東路5段153號12樓之3","12 F.-3, No. 153, Sec. 5, Minsheng E. Rd., Songshan Dist., Taipei City 10573, Taiwan (R.O.C.)","呂O炫","02-27642159","","有","有"
"04734201","20180605","20210819","力霸輪胎五金股份有限公司","LIPA TIRE AND HARDWARE CO., LTD","新北市林口區文化北路1段271號","No. 271, Sec. 1, Wenhua N. Rd., Linkou Dist., New Taipei City 24446, Taiwan (R.O.C.)","李O琨","02-24516567","02-24516569","有","有"
"04734244","19820309","20210814","伯昆實業股份有限公司","POPUTOP ENTERPRISE CORP.","臺北市大安區復興南路1段321之3號8樓","8 F., No. 321-3, Sec. 1, Fuxing S. Rd., Da’an Dist., Taipei City 10665, Taiwan (R.O.C.)","林O香","02-27554380","02-27554462","有","有"
"04734912","19780825","20241026","昭堤企業有限公司","GREAT CATHAY PRODUCTS MFG. INC.","新北市中和區中正路716號11樓之7","11 F.-7, No. 716, Zhongzheng Rd., Zhonghe Dist., New Taipei City 235603, Taiwan (R.O.C.)","楊O雯","02-25811817","02-25221161","有","有"
"04735004","19800815","20210813","固緯電子實業股份有限公司","GOOD WILL INSTRUMENT CO., LTD.","新北市土城區中興路7-1號1樓","1 F., No. 7-1, Zhongxing Rd., Tucheng Dist., New Taipei City 23678, Taiwan (R.O.C.)","林O章","02-22680389","02-22681086","有","有"
"04735193","19860115","20210812","泰登塗料股份有限公司","TITAN PAINT CO., LTD.","新北市汐止區大同路1段241號","No. 241, Sec. 1, Datong Rd., Xizhi Dist., New Taipei City 22161, Taiwan (R.O.C.)","田O材","02-26422323","02-26422326","有","有"
"04735270","20090521","20221202","弘明廣告事業有限公司","HOMEX ADVERTISING CO., LTD.","臺北市信義區基隆路1段147巷32號1樓","1 F., No. 32, Ln. 147, Sec. 1, Keelung Rd., Xinyi Dist., Taipei City 110058, Taiwan (R.O.C.)","蔡O玲","02-27696669","02-27696669","無","無"
"04735341","19780729","20210814","功福企業有限公司","KONFU ENTERPRISE CO., LTD.","臺北市松山區八德路3段158巷8弄18號4樓","4 F., No. 18, Aly. 8, Ln. 158, Sec. 3, Bade Rd., Songshan Dist., Taipei City 10555, Taiwan (R.O.C.)","劉O鋐","02-25776800","02-25779555","有","有"
"04735807","19880425","20210815","傑信工業股份有限公司","JET SIGNAL INDUSTRIES CO., LTD.","臺北市內湖區新明路246巷3弄27號1樓","1 F., No. 27, Aly. 3, Ln. 246, Xinming Rd., Neihu Dist., Taipei City 11470, Taiwan (R.O.C.)","洪O文","02-27924181","02-27918834","有","有"
"04736313","20090909","20210813","川太金屬有限公司","EAGLE METAL CO., LTD.","桃園市桃園區文明里大同路112-6號1樓","1 F., No. 112-6, Datong Rd., Wenming Vil., Taoyuan Dist., Taoyuan City 33065, Taiwan (R.O.C.)","王O筠","03-3474341","","有","有"
"04736398","19820121","20230718","隆寬企業有限公司","LUNG KUAN ENTERPRISE CO., LTD.","臺北市松山區八德路4段602號11樓之4","11 F.-4, No. 602, Sec. 4, Bade Rd., Songshan Dist., Taipei City 105612, Taiwan (R.O.C.)","陳O陽","02-2720414","02-2720415","無","無"
"04736566","19870715","20230111","光華包裝有限公司","KWANG HWA VAN LINE CO., LTD.","臺北市松山區忠孝東路5段743巷23號1樓","1F., No. 23, Ln. 743, Sec. 5, Zhongxiao E. Rd., Songshan Dist.,  Taipei City 105, Taiwan (R.O.C.)","楊O漢","02-27651758","","有","有"
"04736643","19770214","20210812","興冠實業有限公司","KINGSHEAD CO., LTD.","臺北市南港區中坡北路30巷15號1樓","1 F., No. 15, Ln. 30, Zhongpo N. Rd., Nangang Dist., Taipei City 11562, Taiwan (R.O.C.)","葉O珠","02-27857701","02-27852201","有","有"
"04736881","20121101","20210813","昇臺實業有限公司","SHENG TAIR COMPANY LTD.","臺北市大安區安和路2段231號2樓","2 F., No. 231, Sec. 2, Anhe Rd., Da’an Dist., Taipei City 10679, Taiwan (R.O.C.)","陳O成","02-27357881","02-27357982","有","有"
"04737426","19930818","20221028","來富氣體股份有限公司","LAI FU GAS CO., LTD.","臺北市大同區長安西路291號9樓","9 F., No. 291, Chang'an W. Rd., Datong Dist., Taipei City 103002, Taiwan (R.O.C.)","王O平","02-25523133","","無","無"
"04737609","19930724","20210812","尚利企業有限公司","SHI-MAY CO., LTD.","臺北市中山區龍江路433號1樓","1 F., No. 433, Longjiang Rd., Zhongshan Dist., Taipei City 10475, Taiwan (R.O.C.)","蕭O霖","","","有","有"
"04737684","19800429","20210813","新晃化工有限公司","NEW WONDERFUL CHEMICAL CORPORATION","臺中市外埔區中山里大馬路一五五號","No. 155, Dama Rd., Zhongshan Vil., Waipu Dist., Taichung City 43860, Taiwan (R.O.C.)","吳O碧連","873631","","有","有"
"04737848","19790514","20230425","玉得國際有限公司","E-DEAL INTERNATIONAL CORP.","臺北市松山區健康路180之1號2樓","2 F., No. 180-1, Jiankang Rd., Songshan Dist., Taipei City 105030, Taiwan (R.O.C.)","林O麟","02-2218316","02-22180919","有","有"
"04737880","19790224","20210813","永新圖染工業股份有限公司","WING CHERNG TRANSFER PRINTING CO., LTD.","新北市樹林區味王街1號","No. 1, Weiwang St., Shulin Dist., New Taipei City 23872, Taiwan (R.O.C.)","葉O棋","02-26806388","","有","有"
"04738213","19960815","20210813","百昌運通有限公司","PIONEER EXPRESS CO., LTD.","臺北市中山區林森北路483號4樓之2","4 F.-2, No. 483, Linsen N. Rd., Zhongshan Dist., Taipei City 10451, Taiwan (R.O.C.)","林O娟","02-25634199","02-25634248","有","有"
"04738240","19831123","20230701","坤悅開發股份有限公司","KUNYUE DEVELOPMENT CO., LTD.","臺中市西屯區市政路402號19樓之2","19 F.-2, No. 402, Shizheng Rd., Xitun Dist., Taichung City 407619, Taiwan (R.O.C.)","陳O岳","04-22588809","04-22586252","有","有"
"04738369","19920122","20220112","翠德實業股份有限公司","TRIVET INDUSTRIAL CORPORATION","臺北市中山區長安東路2段80號10樓","10 F., No. 80, Sec. 2, Chang’an E. Rd., Zhongshan Dist., Taipei City 10455, Taiwan (R.O.C.)","顏O文","02-29550700","02-29550797","有","有"
"04738375","19790927","20221126","志邦企業股份有限公司","YUMARK ENTERPRISES CORPORATION","臺北市大安區敦化南路2段67、69號14樓","14 F., No. 69, Sec. 2, Dunhua S. Rd., Da’an Dist., Taipei City 106045, Taiwan (R.O.C.)","陳O宏","02-27003435-9","","有","有"
"04738522","19821209","20210812","齊勝貿易有限公司","TAIWAN WIN ASSOCIATES LTD.","臺北市中山區長安東路2段169之6號5樓之3","5 F.-3, No. 169-6, Sec. 2, Chang’an E. Rd., Zhongshan Dist., Taipei City 10490, Taiwan (R.O.C.)","羅O慧","02-27252100","","有","有"
"04738804","19781030","20230211","禾青實業有限公司","GREEN SPRING CO., LTD.","臺北市信義區永吉路30巷178弄2號1樓","1 F., No. 2, Aly. 178, Ln. 30, Yongji Rd., Xinyi Dist., Taipei City 110067, Taiwan (R.O.C.)","陳O村","02-27684642","02-27643628","無","無"
"04739120","19780728","20210815","榮能國際有限公司","RONGINE INTERNATIONAL CORPORATION","臺北市信義區忠孝東路5段259號6樓","6 F., No. 259, Sec. 5, Zhongxiao E. Rd., Xinyi Dist., Taipei City 11065, Taiwan (R.O.C.)","蘇O男","02-27666377-9","02-27685190","有","有"
"04739331","19881008","20210813","新宇工程股份有限公司","SHIN YEU ENGINEERING CONSTRUCTION CO., LTD.","臺北市松山區民生東路5段59號2樓","2 F., No. 59, Sec. 5, Minsheng E. Rd., Songshan Dist., Taipei City 10575, Taiwan (R.O.C.)","陳O薇","02-27650516","02-27686093","有","有"
"04739487","19751212","20240411","福廣物產股份有限公司","YI YOUNG DEVELOPMENT CO., LTD.","臺北市松山區復興北路73號6樓","6 F., No. 73, Fuxing N. Rd., Songshan Dist., Taipei City 10552, Taiwan (R.O.C.)","林O宏","02-27521337-9","","有","有"
"04739780","20050325","20210812","晶磊電腦自動化有限公司","X'LAP ELECTRONICS CO., LTD.","新北市新店區中正路四維巷四號四樓","4 F., No. 4, Siwei Ln., Zhongzheng Rd., Xindian Dist., New Taipei City 23148, Taiwan (R.O.C.)","廖O藩","02-22189638","02-22182669","有","有"
"04740392","19780722","20210814","加敬有限公司","C.G.C. CORPORATION","臺北市大安區仁愛路4段101號12樓之1","12 F.-1, No. 101, Sec. 4, Ren’ai Rd., Da’an Dist., Taipei City 10688, Taiwan (R.O.C.)","吳O沛","02-2299-7291","","有","有"
"04740668","19770829","20210814","東興科技股份有限公司","TUNG HSING TECHNOLOGY CORPORATION","臺北市大安區忠孝東路4段270號12樓之5","12 F.-5, No. 270, Sec. 4, Zhongxiao E. Rd., Da’an Dist., Taipei City 10694, Taiwan (R.O.C.)","顏O","02-27781122","02-27419346","有","有"
"04740885","19780628","20210812","臺灣鵬霸企業有限公司","PAMPAS INTERNATIONAL (TAIWAN) CORP. LTD.","臺北市中山區復興北路62號10樓","10 F., No. 62, Fuxing N. Rd., Zhongshan Dist., Taipei City 10488, Taiwan (R.O.C.)","張O德","02-27728385-7","","有","有"
"04741385","19800425","20221202","隆大貿易有限公司","MILLER INTERNATIONAL CORP.","臺北市大安區忠孝東路4段235號8樓","8 F., No. 235, Sec. 4, Zhongxiao E. Rd., Da’an Dist., Taipei City 106077, Taiwan (R.O.C.)","郭O怡","02-27411432","02-27311736","有","有"
"04741462","20030617","20210813","昌久金屬科技有限公司","CHANG JEOU METAL TECHNOLOGY CO., LTD.","臺北市信義區松隆路159巷3號1樓","1 F., No. 3, Ln. 159, Songlong Rd., Xinyi Dist., Taipei City 11069, Taiwan (R.O.C.)","劉O慈","02-2768-3575","02-2768-2103","有","有"
"04742770","19780711","20221221","利榮刷子股份有限公司","LY-LONG BRUSH CO., LTD.","臺北市內湖區民權東路6段160號9樓之1","9 F.-1, No. 160, Sec. 6, Minquan E. Rd., Neihu Dist., Taipei City 114025, Taiwan (R.O.C.)","郭O華","02-27918556","","有","有"
"04742997","19781207","20210814","寶齡富錦生技股份有限公司","PANION & BF BIOTECH INC.","臺北市南港區園區街3號16樓","16 F., No. 3, Park St., Nangang Dist., Taipei City 11503, Taiwan (R.O.C.)","張O秋","02-26558218","02-26558318","有","有"
"04743010","19781229","20220929","富太股份有限公司","FORTEX INC.","臺北市松山區南京東路3段311號12樓","12 F., No. 311, Sec. 3, Nanjing E. Rd., Songshan Dist., Taipei City 105405, Taiwan (R.O.C.)","朱O南","02-25459000","02-25452349","有","有"
"04744355","19790124","20210814","海雁企業股份有限公司","HAI YEN ENTERPRISES CO., LTD.","臺北市內湖區港墘路221巷41號5樓之2","5 F.-2, No. 41, Ln. 221, Gangqian Rd., Neihu Dist., Taipei City 11494, Taiwan (R.O.C.)","陳O雄","87513771","26596328","有","有"
"04744405","20091026","20210812","博奇企業有限公司","PRODIGY LUBRICANTS CO., LTD.","臺北市松山區南京東路4段197號10樓","10 F., No. 197, Sec. 4, Nanjing E. Rd., Songshan Dist., Taipei City 10579, Taiwan (R.O.C.)","劉O博","03-4333125","03-4521665","有","有"
"04745024","19920326","20210814","翡翠音響股份有限公司","EMERALD SOUND ENGINEERING CO., LTD.","臺北市中正區和平西路1段56號12樓之7","12 F.-7, No. 56, Sec. 1, Heping W. Rd., Zhongzheng Dist., Taipei City 10078, Taiwan (R.O.C.)","傅O渝","02-23652509","","有","有"
"04745740","19790606","20240411","內外實業股份有限公司","NAIGAI INDUSTRIAL CO., LTD.","臺北市信義區基隆路2段149之17號10樓","10 F., No. 149-17, Sec. 2, Keelung Rd., Xinyi Dist., Taipei City 110005, Taiwan (R.O.C.)","","02-27391100","02-27362107","無","無"
"04746488","19791114","20230111","長古企業有限公司","FORMOSA ALFA MERCHANDISE CORP.","臺北市中山區長安東路1段16號9樓之2","9 F.-2, No. 16, Sec. 1, Chang’an E. Rd., Zhongshan Dist., Taipei City 104006, Taiwan (R.O.C.)","錢O怡","02-27588890","02-27587418","有","有"
"04746558","19820806","20210814","立生精密工業股份有限公司","LIH SHENG PRECISION INDUSTRIAL CO., LTD.","新北市三重區光復路1段82號4樓","4 F., No. 82, Sec. 1, Guangfu Rd., Sanchong Dist., New Taipei City 24158, Taiwan (R.O.C.)","周O富","29956555","02-29956551","有","有"
"04746614","19770504","20230414","豐瑞美股份有限公司","HOMESWEET COMPANY LIMITED","臺北市松山區八德路3段12巷20弄11號3樓","3 F., No. 11, Aly. 20, Ln. 12, Sec. 3, Bade Rd., Songshan Dist., Taipei City 105045, Taiwan (R.O.C.)","蕭O森","02-27118829","","無","無"
"04746804","19791205","20230112","達利纖維股份有限公司","TALIE TEXTILE CO., LTD.","桃園市中壢區工業區東園路7號","No. 7, Dongyuan Rd., Zhongli Dist., Taoyuan City 320023, Taiwan (R.O.C.)","張O賢","034-523890","","有","有"
"04747058","19790614","20220929","帆信企業有限公司","FARN SHINN ENTERPRISE CO., LTD.","臺北市信義區信義路4段375號4樓之5","4 F.-5, No. 375, Sec. 4, Xinyi Rd., Xinyi Dist., Taipei City 110604, Taiwan (R.O.C.)","呂O臻","02-23011123-4","","無","無"
"04747563","19780814","20230907","豐譽實業股份有限公司","GOODFAME ENTERPRISE CO., LTD.","臺北市中山區建國北路3段109號","No. 109, Sec. 3, Jianguo N. Rd., Zhongshan Dist., Taipei City 104066, Taiwan (R.O.C.)","","02-27714500","","無","無"
"04747796","19810115","20210814","瑞順企業股份有限公司","JADE SUN TRADING CO., LTD.","臺北市中正區重慶南路1段121號4樓之9","4 F.-9, No. 121, Sec. 1, Chongqing S. Rd., Zhongzheng Dist., Taipei City 10045, Taiwan (R.O.C.)","黃O崧","02-2331-1097","02-2331-9629","有","有"
"04747846","19830920","20210812","震寰實業股份有限公司","STEVEN INTERNATIONAL ENTERPRISE CO., LTD.","新北市中和區建一路83號5樓","5 F., No. 83, Jian 1st Rd., Zhonghe Dist., New Taipei City 23585, Taiwan (R.O.C.)","王O淼","02-22236805","02-22257463","有","有"
"04748423","19860708","20210814","嘉信旋鈕股份有限公司","CHIA SHIN KNOBS CO., LTD.","新北市中和區中板路35號","No. 35, Zhongban Rd., Zhonghe Dist., New Taipei City 23556, Taiwan (R.O.C.)","方O慶","02-22227312","02-22251216","有","有"
"04748556","20060522","20210814","虎昌企業有限公司","LONGKEY PROFESSIONAL & LTD.","臺北市士林區中山北路6段157巷18號4樓","4 F., No. 18, Ln. 157, Sec. 6, Zhongshan N. Rd., Shilin Dist., Taipei City 11155, Taiwan (R.O.C.)","林O昌","02-28345104","","有","有"
"04748660","19800822","20240626","聯成化學科技股份有限公司","UPC TECHNOLOGY CORPORATION","臺北市南港區南港路一段209號A棟9樓","9F., Unit.A, No. 209, Sec. 1,  Nangang Rd., Nangang Dist.,  Taipei City 115018, Taiwan (R.O.C.)","苗O強","02-26517889","02-26515818","有","有"
"04748726","19790919","20210813","鋒明有限公司","PEAK SECURITY SYSTEMS CO., LTD.","新北市板橋區成功路36號1樓","1 F., No. 36, Chenggong Rd., Banqiao Dist., New Taipei City 22070, Taiwan (R.O.C.)","陳O連","02-29500008","","有","有"
"04749909","19860331","20230822","亞麟企業股份有限公司","ALLEGRO TAIWAN LTD.","臺北市大安區新生南路3段19巷8號2樓","2 F., No. 8, Ln. 19, Sec. 3, Xinsheng S. Rd., Da’an Dist., Taipei City 106026, Taiwan (R.O.C.)","黃O華","02-27091422-3","02-27091424","有","有"
"04749921","19921013","20210813","年達行商業有限公司","NICEYEAR AIR CONDITIONING & REFRIGERATION CORP.","臺北市大安區延吉街233巷16號1樓","1 F., No. 16, Ln. 233, Yanji St., Da’an Dist., Taipei City 10696, Taiwan (R.O.C.)","胡O琴","02-27055331-2","","有","有"
"04749957","19840913","20220715","東頂電化製品股份有限公司","TONG TENG ELECTRIC CO., LTD.","新北市汐止區康寧街459巷3號10樓","10 F., No. 3, Ln. 459, Kangning St., Xizhi Dist., New Taipei City 22157, Taiwan (R.O.C.)","許O蘭","02-27962500","02-27962502","有","有"
"04750638","19760531","20241123","科音國際股份有限公司","Sound Land Corporation","桃園市龜山區文化里科技一路32號","No. 32, Keji 1st Rd., Wenhua Vil., Guishan Dist., Taoyuan City 33383, Taiwan (R.O.C.)","邵O元","03-3961958","03-3960153","有","有"
"04751171","19790711","20210812","汎浩股份有限公司","PAN HAO COMPANY LIMITED.","臺北市內湖區瑞光路192號8樓之2","8 F.-2, No. 192, Ruiguang Rd., Neihu Dist., Taipei City 11491, Taiwan (R.O.C.)","曾O傑","02-27996010","02-27996035","有","有"
"04752050","20100719","20240919","賽峰家樂茶行","SAIFENG JIALE TEA CO.","臺北市信義區松山路255號1樓","1 F., No. 255, Songshan Rd., Xinyi Dist., Taipei City 110044, Taiwan (R.O.C.)","張O熙","02-27671449","02-27671449","有","有"
"04752306","19880607","20210812","松芬貿易有限公司","GEORGE CHIU TRADING CO., LTD.","臺北市松山區南京東路5段250巷36弄41之1號3樓","3 F., No. 41-1, Aly. 36, Ln. 250, Sec. 5, Nanjing E. Rd., Songshan Dist., Taipei City 10568, Taiwan (R.O.C.)","邱O蘭","02-23948747","02-23948965","有","有"
"04752798","20031014","20210812","威鎮股份有限公司","WEI ZHEN MACHINERY CO., LTD.","臺北市內湖區瑞光路319號5樓","5 F., No. 319, Ruiguang Rd., Neihu Dist., Taipei City 11474, Taiwan (R.O.C.)","陳O明","02-2760-8155","02-2763-3060","有","有"
"04753380","19790124","20221007","松下產業科技股份有限公司","PANASONIC INDUSTRIAL DEVICES SALES TAIWAN CO., LTD.","臺北市信義區松高路9號12樓","12 F., No. 9, Songgao Rd., Xinyi Dist., Taipei City 110206, Taiwan (R.O.C.)","簡O華","02-27571900","02-27571906","有","有"
"04753396","19790221","20230227","泰鐘紡織廠股份有限公司","TAI CHUNG SPINNING & WEAVING FACTORY CO., LTD.","桃園市中壢區後寮里中山東路三段88號","No. 88, Sec. 3, Zhongshan E. Rd., Houliao Vil., Zhongli Dist., Taoyuan City 320073, Taiwan (R.O.C.)","謝O煌","03-4561787","03-4653265","無","無"
"04753419","19841215","20210813","雷耀企業股份有限公司","LEI YUEH ENTERPRISE CO., LTD.","新北市淡水區中正東路2段69之7號2樓","2 F., No. 69-7, Sec. 2, Zhongzheng E. Rd., Tamsui Dist., New Taipei City 25170, Taiwan (R.O.C.)","林O","02-2808-1280","02-2808-1230","有","有"
"04753543","19780921","20210812","民福工藝有限公司","MINIFUR, INC.","臺北市中山區南京東路3段63號10樓","10 F., No. 63, Sec. 3, Nanjing E. Rd., Zhongshan Dist., Taipei City 10487, Taiwan (R.O.C.)","王O民","02-25063111","02-25070564","有","有"
"04754682","19981116","20210814","毅隆興業有限公司","YIU LONG CO., LTD.","新北市新店區吉祥街3巷4號","No. 4, Ln. 3, Jixiang St., Xindian Dist., New Taipei City 23156, Taiwan (R.O.C.)","梁O雯","02-22103253","02-22157236","有","有"
"04755015","19810611","20210815","東祺機電工業股份有限公司","TON CHI ENGINEERING CO., LTD.","臺北市信義區虎林街164巷36號2樓","2 F., No. 36, Ln. 164, Hulin St., Xinyi Dist., Taipei City 11075, Taiwan (R.O.C.)","游O寶","02-87809658","02-87809657","有","有"
"04756387","19880421","20210814","太東實業有限公司","TAI TORCH TRADING CO., LTD.","臺北市萬華區和平西路3段384號7樓","7 F., No. 384, Sec. 3, Heping W. Rd., Wanhua Dist., Taipei City 10857, Taiwan (R.O.C.)","黃O灶","02-23046512","","有","有"
"04756400","19780907","20210923","奇光實業有限公司","CHIEKONG INDUSTRIAL MFG CO., LTD.","臺北市信義區忠孝東路5段790巷57弄28號3樓","3 F., No. 28, Aly. 57, Ln. 790, Sec. 5, Zhongxiao E. Rd., Xinyi Dist., Taipei City 11082, Taiwan (R.O.C.)","張O憲","02-27687961","","有","有"
"04756540","19880829","20250211","邦成企業股份有限公司","BAN CHEN ENTERPRISE CO., LTD.","臺北市中正區汀州路2段84號3樓","3 F., No. 84, Sec. 2, Tingzhou Rd., Zhongzheng Dist., Taipei City 100049, Taiwan (R.O.C.)","嚴O峰","02-23652739","02-23655905","有","有"
"04757148","20010205","20210814","盛資機電工業有限公司","SHENG ZI INDUSTRIAL CO., LTD.","新北市八里區忠孝路178號","No. 178, Zhongxiao Rd., Bali Dist., New Taipei City 24944, Taiwan (R.O.C.)","林O慧","26191588","26191587","有","有"
"04757273","19831216","20250104","聯弘塑膠有限公司","SUNNY INDUSTRIAL ENGINEERING CO., LTD.","桃園市桃園區中正路1050號10樓","10 F., No. 1050, Zhongzheng Rd., Taoyuan Dist., Taoyuan City 330010, Taiwan (R.O.C.)","陳O達","02-26426506","","有","有"
"04757392","19780412","20250426","緒嘉實業股份有限公司","HSICHA CO., LTD.","臺北市中正區濟南路2段15號3樓之1","3 F.-1, No. 15, Sec. 2, Jinan Rd., Zhongzheng Dist., Taipei City 10054, Taiwan (R.O.C.)","許O荃","02-27134364","","有","有"
"04757436","20041216","20210814","寶發興業有限公司","BOA FA CO., LTD.","新北市汐止區樟樹二路468號10樓","10 F., No. 468, Zhangshu 2nd Rd., Xizhi Dist., New Taipei City 22159, Taiwan (R.O.C.)","葉O玉枝","02-27622896","","有","有"
"04757506","19790331","20231219","福達食品股份有限公司","FUDA FOOD CO., LTD.","臺北市大同區南京西路360之2號3樓之4","3 F.-4, No. 360-2, Nanjing W. Rd., Datong Dist., Taipei City 103005, Taiwan (R.O.C.)","陳O鶯","02-25490765","02-25585501","有","有"
"04757581","19990520","20210813","台股企業有限公司","TAI GUU ENTERPRISE CO., LTD.","新北市樹林區大安路121號","No. 121, Da’an Rd., Shulin Dist., New Taipei City 23847, Taiwan (R.O.C.)","張O超","02-2686-8161","","有","有"
"04757631","19780324","20230426","和騰國際有限公司","TRADELINK LTD.","臺北市內湖區內湖路1段360巷19號4樓","4 F., No. 19, Ln. 360, Sec. 1, Neihu Rd., Neihu Dist., Taipei City 11493, Taiwan (R.O.C.)","謝O慧","02-87972130","02-87972701","有","有"
"04757891","19860820","20230713","廣運機械工程股份有限公司","KENMEC MECHANICAL ENGINEERING CO., LTD.","新北市瑞芳區頂坪路瑞芳工業區69號1樓","1 F., No. 69, Ruifang Industrial Park, Dingping Rd., Ruifang Dist., New Taipei City 224012, Taiwan (R.O.C.)","謝O福","02-27863797","","有","有"
"04757908","20080507","20210812","順鵬實業有限公司","HOLY EAGLE ENTERPRISE INC.","臺北市中山區建國北路2段29之3號","No. 29-3, Sec. 2, Jianguo N. Rd., Zhongshan Dist., Taipei City 10487, Taiwan (R.O.C.)","范O瑞","02-25071697","02-25154533","有","有"
"04758174","19811106","20221007","進丁企業有限公司","CHINA CHIN TING ENTERPRISE CO., LTD.","臺北市大同區民生西路323號9樓之5","9 F.-5, No. 323, Minsheng W. Rd., Datong Dist., Taipei City 103009, Taiwan (R.O.C.)","林O奇","02-25531966","","有","有"
"04758478","19840517","20220611","和金閥門管件有限公司","HO KING VALVE & FITTING CO., LTD.","臺北市信義區松德路171號13樓之2","13 F.-2, No. 171, Songde Rd., Xinyi Dist., Taipei City 110030, Taiwan (R.O.C.)","陳O素珍","02-27674992","02-27566706","有","有"
"04758673","19790501","20230706","成鉅實業有限公司","DAWN LONG CO., LTD.","臺北市中山區龍江路38巷4號3樓","3 F., No. 4, Ln. 38, Longjiang Rd., Zhongshan Dist., Taipei City 104102, Taiwan (R.O.C.)","江O東","02-27813040","","無","無"
"04759048","19810910","20230608","吉星國際有限公司","STARTRONICS CO., LTD.","臺北市大安區復興南路2段157號5樓之2","5 F.-2, No. 157, Sec. 2, Fuxing S. Rd., Da’an Dist., Taipei City 106479, Taiwan (R.O.C.)","李O彩金","02-27467326","02-89522218","無","無"
"04759265","19780912","20220810","台飾實業有限公司","TAISOURCE INDUSTRIES, INC.","臺北市松山區敦化南路1段102號2樓之1","2 F.-1, No. 102, Sec. 1, Dunhua S. Rd., Songshan Dist., Taipei City 10557, Taiwan (R.O.C.)","何O珍","02-27763080","","有","有"
"04759477","19780715","20210815","陸運電子工業有限公司","LU YUN ELECTRONIC INDUSTRIAL CO., LTD.","新北市瑞芳區大寮路瑞芳工業區157號1樓","1 F., No. 157, Ruifang Industrial Park, Daliao Rd., Ruifang Dist., New Taipei City 22452, Taiwan (R.O.C.)","張O堂","02-24971111","02-24971113","有","有"
"04761086","20140305","20230427","舜翔貨櫃倉儲股份有限公司","CONTAINER WAREHOUSING CO., LTD.","臺中市神岡區新庄里和睦路一段861之1號","No. 861-1, Sec. 1, Hemu Rd., Xinzhuang Vil., Shengang Dist., Taichung City 429013, Taiwan (R.O.C.)","林O全","04-25614699","25614363","有","有"
"04761754","19850216","20210815","春鴻工業有限公司","CH CHUEN HONG INDUSTRIAL CO., LTD.","臺北市南港區市民大道8段555號2樓","2 F., No. 555, Sec. 8, Civic Blvd., Nangang Dist., Taipei City 11552, Taiwan (R.O.C.)","許O昌","02-27831626","02-27831628","有","有"
"04763198","19750120","20230725","勝利體育事業股份有限公司","VICTOR RACKETS INDUSTRIAL CORP.","臺北市南港區南港路3段67巷3之2號1樓","1 F., No. 3-2, Ln. 67, Sec. 3, Nangang Rd., Nangang Dist., Taipei City 115004, Taiwan (R.O.C.)","陳O榮","02-27830511-6","02-27832636","有","有"
"04763325","19781109","20220924","駿德企業股份有限公司","GENTLER INDUSTRIAL CO., LTD.","臺北市南港區忠孝東路5段986號","No. 986, Sec. 5, Zhongxiao E. Rd., Nangang Dist., Taipei City 115025, Taiwan (R.O.C.)","黃O緯","02-26519252","02-27863294","有","有"
"04763535","19760423","20210814","連昌工業股份有限公司","NIEH CHUANG INDUSTRIAL CO., LTD.","臺北市內湖區康寧路3段99巷39弄60號","No. 60, Aly. 39, Ln. 99, Sec. 3, Kangning Rd., Neihu Dist., Taipei City 11485, Taiwan (R.O.C.)","陳O玲","02-26327799","02-26328181","有","有"
"04763710","19770131","20210815","余氏電子工業股份有限公司","YU BROTHER ELECTRONICS CO., LTD.","臺北市南港區忠孝東路6段159巷2弄10號2樓","2 F., No. 10, Aly. 2, Ln. 159, Sec. 6, Zhongxiao E. Rd., Nangang Dist., Taipei City 11557, Taiwan (R.O.C.)","余O耀","03-3222200","03-3221700","有","有"
"04763789","19830606","20210815","和盈機械有限公司","HO YING MACHINERY CO., LTD.","臺北市南港區忠孝東路6段269巷1弄1號","No. 1, Aly. 1, Ln. 269, Sec. 6, Zhongxiao E. Rd., Nangang Dist., Taipei City 11557, Taiwan (R.O.C.)","陳O玲","02-27850029-32","","有","有"
"04763839","19911210","20250408","輝隆機械有限公司","HUEI LONG MACHINE CO., LTD.","新北市汐止區福德一路392巷37弄21號","No. 21, Aly. 37, Ln. 392, Fude 1st Rd., Xizhi Dist., New Taipei City 22150, Taiwan (R.O.C.)","黃O明","02-26437511","","有","有"
"04763872","19790308","20210812","再枝企業有限公司","LIN TA LO LTD.","臺北市內湖區金龍路215號8樓","8 F., No. 215, Jinlong Rd., Neihu Dist., Taipei City 11455, Taiwan (R.O.C.)","林O枝","02-27662471","","有","有"
"04763887","19930621","20221013","聯誼紙器工業股份有限公司","LAN YEE PAPER PRODUCTS INDUSTRIES INC.","桃園市龍潭區高原里中原路二段400號","No. 400, Sec. 2, Zhongyuan Rd., Gaoyuan Vil., Longtan Dist., Taoyuan City 325021, Taiwan (R.O.C.)","陳O裡","02-26571136","","有","有"
"04764056","19741107","20221214","五力機電廠股份有限公司","FIVE POWER ELECTRIC MACHINERY MFG. CO., LTD.","臺北市內湖區民權東路6段11巷25號","No. 25, Ln. 11, Sec. 6, Minquan E. Rd., Neihu Dist., Taipei City 114067, Taiwan (R.O.C.)","陳O圳","02-27965148","02-27919125","有","有"
"04764204","19781204","20221213","東鋼工業股份有限公司","TUNG KANG INDUSTRIAL CO., LTD.","臺北市內湖區瑞光路358巷30弄12號7樓","7 F., No. 12, Aly. 30, Ln. 358, Ruiguang Rd., Neihu Dist., Taipei City 114751, Taiwan (R.O.C.)","陳O華","02-26413321-4","","有","有"
"04764416","19750704","20210815","惠康化學工業有限公司","WELCOME CHEMICAL INDUSTRIAL CO., LTD.","臺北市文山區羅斯福路6段285號7樓之1","7 F.-1, No. 285, Sec. 6, Roosevelt Rd., Wenshan Dist., Taipei City 11670, Taiwan (R.O.C.)","彭O宏","02-29305027","02-29305129","有","有"
"04764632","19940708","20220503","勵台企業有限公司","NAKING ENTERPRISE CO. LTD.","臺北市內湖區安康路108號","No. 108, Ankang Rd., Neihu Dist., Taipei City 11484, Taiwan (R.O.C.)","張O芳","02-27924870","02-27960302","有","有"
"04765055","19980401","20210813","伸松企業有限公司","SHEN SUNG ENTERPRISE CO., LTD.","臺北市內湖區新明路333巷5號1樓","1 F., No. 5, Ln. 333, Xinming Rd., Neihu Dist., Taipei City 11471, Taiwan (R.O.C.)","黃O豪","02-27911780","02-27920365","有","有"
"04765180","19761019","20230517","化新精密工業股份有限公司","ATRANS PRECISION INDUSTRIES CO., LTD.","桃園市楊梅區高青路3號","No. 3, Gaoqing Rd., Yangmei Dist., Taoyuan City 326023, Taiwan (R.O.C.)","林O芳","03-2726010","03-2726011","有","有"
"04765317","19790424","20230530","宜大機械股份有限公司","IDAH MACHINERY CO., LTD.","宜蘭縣羅東鎮純精路1段107巷9號","No. 9, Ln. 107, Sec. 1, Chunjing Rd., Luodong Township,  Yilan County 265, Taiwan (R.O.C.)","張O原","02-23684501","03-9905638","無","無"
"04765626","19760519","20210815","惠豐特殊電線股份有限公司","WELL FORE SPECIAL WIRE CORPORATION","桃園市中壢區中壢工業區自強七路10號","No. 10, Ziqiang 7th Rd., Zhongli Dist., Taoyuan City 32063, Taiwan (R.O.C.)","余O雄","03-4511886-8","03-4524288","有","有"
"04765745","19951019","20250227","吉林建設機械有限公司","CHI LIN CONSTRUCTION MACHINE CO., LTD.","臺北市內湖區成功路4段70號6樓之5","6 F.-5, No. 70, Sec. 4, Chenggong Rd., Neihu Dist., Taipei City 11489, Taiwan (R.O.C.)","","02-26935985","02-26935986","無","無"
"04766358","19761217","20230819","國禎工業股份有限公司","KUO JEN INDUSTRY CO., LTD.","臺北市南港區南港路3段149巷49弄18號及20號","No. 18, Aly. 49, Ln. 149, Sec. 3, Nangang Rd., Nangang Dist., Taipei City 11563, Taiwan (R.O.C.)","","02-27838410","","無","無"
"04766532","20200901","20230621","陸翔企業有限公司","LU SHIAN. IND. CO., LTD.","臺北市南港區忠孝東路5段986號","No. 986, Sec. 5, Zhongxiao E. Rd., Nangang Dist., Taipei City 115025, Taiwan (R.O.C.)","黃O源","02-27855756","","有","有"
"04766842","19781227","20210814","麥登工業股份有限公司","MIDEN INC.","新竹縣湖口鄉新竹工業區仁政路13號","No. 13, Renzheng Rd., Hukou Township, Hsinchu County 30352, Taiwan (R.O.C.)","黃O民","035-981-626","035-981-628","有","有"
"04767820","20020723","20210813","超久行精密股份有限公司","CHAU JIUO CO., LTD.","桃園市蘆竹區南山路2段205巷22弄26號","No. 26, Aly. 22, Ln. 205, Sec. 2, Nanshan Rd., Luzhu Dist., Taoyuan City 33852, Taiwan (R.O.C.)","游O彥","03-3219670","03-3219673","有","有"
"04768362","19780930","20240522","忠泰毛刷股份有限公司","CHUNG THAI BRUSHES CO., LTD.","臺北市內湖區安康路148號","No. 148, Ankang Rd., Neihu Dist., Taipei City 11484, Taiwan (R.O.C.)","劉O義","02-27911612","","有","有"
"04768378","19780905","20221213","東力精機工業股份有限公司","TUNG LE PRECISION MACHINE IND. CO.","新北市新莊區瓊林南路177號1樓","1 F., No. 177, Qionglin S. Rd., Xinzhuang Dist., New Taipei City 242067, Taiwan (R.O.C.)","陳O新","02-22020536","02-22020530","有","有"
"04768692","19811001","20230616","拓商企業有限公司","TUOH SHANG ENTERPRISE CORP.","新北市汐止區橫科路4巷1弄4號","No. 4, Aly. 1, Ln. 4, Hengke Rd., Xizhi Dist., New Taipei City 221004, Taiwan (R.O.C.)","李O宇","02-27832889","02-27825551","有","有"
"04768715","20100329","20211207","勝申機械有限公司","SHENG SHEN MACHINERY CO., LTD.","新北市汐止區環河街157號","No. 157, Huanhe St., Xizhi Dist., New Taipei City 22154, Taiwan (R.O.C.)","王O華","02-26946325-8","02-26946329","有","有"
"04768861","19880428","20240920","均信貿易股份有限公司","JASA TRADING CO., LTD.","新北市五股區五工六路42號","No. 42, Wugong 6th Rd., Wugu Dist., New Taipei City 24891, Taiwan (R.O.C.)","洪O青","02-22980535","02-22980539","有","有"
"04769405","19950904","20210814","兆旭股份有限公司","JAWS CO., LTD.","新北市汐止區康寧街169巷31號7樓-1","7 F.-1, No. 31, Ln. 169, Kangning St., Xizhi Dist., New Taipei City 22180, Taiwan (R.O.C.)","郭O上","02-26922898","02-26922618","有","有"
"04769480","19751230","20220929","大菱鋼鐵股份有限公司","TA-LING IRON CO., LTD.","臺北市南港區南港路3段109巷1之2號","No. 1-2, Ln. 109, Sec. 3, Nangang Rd., Nangang Dist., Taipei City 115027, Taiwan (R.O.C.)","陳O華","02-27825450","02-27828350","有","有"
"04769518","19920214","20210812","輝奇氣體有限公司","HUEI CHYI GAS CO., LTD.","臺北市南港區忠孝東路6段225巷2弄12號1樓","1 F., No. 12, Aly. 2, Ln. 225, Sec. 6, Zhongxiao E. Rd., Nangang Dist., Taipei City 11557, Taiwan (R.O.C.)","林O輝","02-27856206","02-27836239","有","有"
"04769720","19760117","20210812","永鐘企業股份有限公司","GOLD BELL ENTERPRISE CO., LTD.","臺北市南港區忠孝東路6段185巷2弄1號2樓","2 F., No. 1, Aly. 2, Ln. 185, Sec. 6, Zhongxiao E. Rd., Nangang Dist., Taipei City 11557, Taiwan (R.O.C.)","林O鐘","02-27850051","","無","無"
"04769741","19860429","20210812","精銘塑膠股份有限公司","JING MANG PLASTIC CORP.","臺北市南港區中南街74巷26號、28號","No. 26, Ln. 74, Zhongnan St., Nangang Dist., Taipei City 11552, Taiwan (R.O.C.)","詹O溢","02-27832175","","有","有"
"04771021","19840105","20230718","台琪實業股份有限公司","TACTICIAN INDUSTRIAL CO., LTD.","新北市三重區中興南街33之1號2樓","2 F., No. 33-1, Zhongxing S. St., Sanchong Dist., New Taipei City 241017, Taiwan (R.O.C.)","莊O美","2995-7121","2995-7982","有","有"
"04771541","19920703","20220723","全力商業股份有限公司","CHAUNG LI ELECTRIC CO., LTD.","臺北市信義區光復南路495號9樓之1","9 F.-1, No. 495, Guangfu S. Rd., Xinyi Dist., Taipei City 110007, Taiwan (R.O.C.)","顏O均","02-27673794","02-27673798","有","有"
"04771710","19810915","20210814","皓鑫實業股份有限公司","CHEMY & COMPANY, LTD.","高雄市左營區文川路431號3樓","3 F., No. 431, Wenchuan Rd., Zuoying Dist., Kaohsiung City 81361, Taiwan (R.O.C.)","鄭O銘","07-3416639","07-3416679","無","無"
"04772725","19800118","20221228","高有企業有限公司","JOEMASTER SYSTEMS LTD.","新北市汐止區大同路3段196號8樓","8 F., No. 196, Sec. 3, Datong Rd., Xizhi Dist., New Taipei City 221412, Taiwan (R.O.C.)","陳O忠","02-86471717","02-86471716","有","有"
"04773864","19780703","20210814","金球工業股份有限公司","TAIWAN GOLDEN BALL INDUSTRIAL CO., LTD.","新北市汐止區茄苳路225巷11弄35號2樓","2 F., No. 35, Aly. 11, Ln. 225, Jiadong Rd., Xizhi Dist., New Taipei City 22177, Taiwan (R.O.C.)","吳O雄","02-26423621","","有","有"
"04774929","19951005","20221229","隆山元工業股份有限公司","LONG SUN YUAN INDUSTRIAL CO., LTD.","新竹縣湖口鄉鳳山村復興路38號","No. 38, Fuxing Rd., Fengshan Vil., Hukou Township,  Hsinchu County 303035, Taiwan (R.O.C.)","鄭O勝","03-5981316","03-5981106","有","有"
"04775188","19860926","20230321","宗孺工業股份有限公司","GHON ZU INDUSTRIAL CORPORATION","新北市汐止區環河街218號1樓","1 F., No. 218, Huanhe St., Xizhi Dist., New Taipei City 221014, Taiwan (R.O.C.)","徐O華","02-26412509","","有","有"
"04775363","20121123","20210811","三協成企業行","SUN SHARE ENTERPRISE CO.","臺北市內湖區康寧路3段16巷80號2樓","2 F., No. 80, Ln. 16, Sec. 3, Kangning Rd., Neihu Dist., Taipei City 11486, Taiwan (R.O.C.)","郭O榮","02-27925942","02-27925945","有","有"
"04775700","19740810","20210812","第一商標股份有限公司","FIRST LABELING CORPORATION","臺北市內湖區新明路174巷16號1樓","1 F., No. 16, Ln. 174, Xinming Rd., Neihu Dist., Taipei City 11470, Taiwan (R.O.C.)","許O益","02-27914175-9","02-27926262","無","無"
"04776010","19830715","20210814","雄茂工業有限公司","HSIUNG MAO INDUSTRIAL CO., LTD.","臺北市南港區研究院路2段34巷6號1樓","1 F., No. 6, Ln. 34, Sec. 2, Academia Rd., Nangang Dist., Taipei City 11564, Taiwan (R.O.C.)","張O光","02-2782-1360","037-540-181","有","有"
"04776335","20070316","20250527","和昌塑膠有限公司","HFOR CHING PLASTIC CO., LTD.","臺北市信義區松山路202號1樓","1 F., No. 202, Songshan Rd., Xinyi Dist., Taipei City 110062, Taiwan (R.O.C.)","何O源","02-82611850","02-82611766","有","有"
"04776665","19880728","20230415","協固國際股份有限公司","SOGOOD CORPORATION","臺北市中山區撫順街33號4樓之1","4 F.-1, No. 33, Fushun St., Zhongshan Dist., Taipei City 104027, Taiwan (R.O.C.)","謝O瑞","02-25965368","02-25962989","有","有"
"04777186","19860306","20240516","晟銘電子科技股份有限公司","CHENMING ELECTRONIC TECHNOLOGY CORPORATION","臺北市內湖區民權東路六段27號2、3、4、5、6樓","No. 27, Sec. 6,  Minquan E. Rd., Neihu Dist.,  Taipei City 114067, Taiwan (R.O.C.)","林O和","02-27973999","02-27973699","有","有"
"04777279","19821110","20240521","渤維有限公司","PROWELLS PRODUCTS, LTD.","臺北市士林區中正路120之2號5樓","5 F., No. 120-2, Zhongzheng Rd., Shilin Dist., Taipei City 11145, Taiwan (R.O.C.)","賴O棋","02-28361936-7","","有","有"
"04777405","20060803","20210813","東辰儀器工業有限公司","DONJON INSTRUMENT COMPANY","臺北市南港區舊莊街1段255號2樓","2 F., No. 255, Sec. 1, Jiuzhuang St., Nangang Dist., Taipei City 11580, Taiwan (R.O.C.)","廖O玄","02-26601362","02-26601008","有","有"
"04777432","19790807","20210813","日宏精密工業有限公司","ZEIHON PRECISION INDUSTRIAL CO., LTD.","臺北市南港區向陽路88號1樓","1 F., No. 88, Xiangyang Rd., Nangang Dist., Taipei City 11551, Taiwan (R.O.C.)","黃O貴","2627-8781","2627-5805","有","有"
"04777714","19990917","20210812","鋼興鐵工廠有限公司","KANG SHING STEEL FACTORY CO., LTD.","臺北市南港區忠孝東路6段185巷4弄12號1樓","1 F., No. 12, Aly. 4, Ln. 185, Sec. 6, Zhongxiao E. Rd., Nangang Dist., Taipei City 11557, Taiwan (R.O.C.)","彭O芬","02-27857879","","有","有"
"04777995","19770429","20210812","永芳毛刷廠有限公司","YUEN FONG BRUSH FACTORY CO., LTD.","臺北市內湖區新明路113號","No. 113, Xinming Rd., Neihu Dist., Taipei City 11471, Taiwan (R.O.C.)","方O仁","02-27911182","","有","有"
"04779353","19941125","20230314","欣湖天然氣股份有限公司","SHIN-HU NATURAL GAS CO., LTD.","臺北市內湖區新湖二路180號5樓","5 F., No. 180, Xinhu 2nd Rd., Neihu Dist., Taipei City 114065, Taiwan (R.O.C.)","許O陵","02-27913491","02-27917441","有","有"
"04779369","19870608","20210812","正隆工業股份有限公司","JEN LUNG INDUSTRIAL CO., LTD.","臺北市南港區忠孝東路6段403巷1弄4號2樓","2 F., No. 4, Aly. 1, Ln. 403, Sec. 6, Zhongxiao E. Rd., Nangang Dist., Taipei City 11557, Taiwan (R.O.C.)","陳O和","02-27850251-3","","有","有"
"04779781","19780919","20210813","弘音多媒體科技股份有限公司","MDS MULTIMEDIA CORP.","新北市新店區北新路3段207之2號2樓","2 F., No. 207-2, Sec. 3, Beixin Rd., Xindian Dist., New Taipei City 23143, Taiwan (R.O.C.)","許O貴","02-8913-1968","02-8913-2168","有","有"
"04780099","19930803","20221215","年勝工業股份有限公司","BICANS INDUSTRY CO., LTD.","新北市汐止區南陽街90巷26號","No. 26, Ln. 90, Nanyang St., Xizhi Dist., New Taipei City 221009, Taiwan (R.O.C.)","吳O源","02-26940561","02-26945572","有","有"
"04780160","19900306","20210814","多億實業股份有限公司","TW YIH ENTERPRISE CO., LTD.","臺北市南港區忠孝東路6段267號1樓","1 F., No. 267, Sec. 6, Zhongxiao E. Rd., Nangang Dist., Taipei City 11557, Taiwan (R.O.C.)","李O娥","02-27856343","","有","有"
"04780582","20010704","20210812","電山工業電機廠股份有限公司","DIXSON ELECTRIC & MACHINERY MFG. CO., LTD.","臺北市中山區吉林路26巷5號1樓","1 F., No. 5, Ln. 26, Jilin Rd., Zhongshan Dist., Taipei City 10457, Taiwan (R.O.C.)","宋O德","25410524","25116093","有","有"
"04781392","19801229","20210814","麗德精密工業股份有限公司","LEAD PRECISION INDUSTRY CO., LTD.","新北市土城區自強街27、27之1號2樓","2 F., No. 27-1, Ziqiang St., Tucheng Dist., New Taipei City 23678, Taiwan (R.O.C.)","陳O中","02-22685366","02-22694804","有","有"
"04781891","20060329","20210813","榮村螺絲工業有限公司","R & T SCREW FACTORY CO., LTD.","臺北市南港區興中路44巷20號3樓","3 F., No. 20, Ln. 44, Xingzhong Rd., Nangang Dist., Taipei City 11579, Taiwan (R.O.C.)","王O村","02-26948109","02-26947314","有","有"
"04781956","19770627","20230401","聯電電器股份有限公司","UNION ELECTRIC PLUG & CONNECTOR CORP.","臺北市內湖區民權東路6段160號11樓之4","11 F.-4, No. 160, Sec. 6, Minquan E. Rd., Neihu Dist., Taipei City 114025, Taiwan (R.O.C.)","林O陽","02-27955711","02-27953366","有","有"
"04782110","19780920","20221221","晨英塑膠企業股份有限公司","CHIENG YENG ENTERPRISE CO., LTD.","新北市汐止區南興路27號","No. 27, Nanxing Rd., Xizhi Dist., New Taipei City 221026, Taiwan (R.O.C.)","鄭O","02-26435860","02-26418464","有","有"
"04782300","19960624","20210815","厚昌工程企業股份有限公司","HOU CHANG HALLOW METAL DOOR ENTERPRISE CO., LTD.","新北市瑞芳區𫙮魚坑路３１９號","No. 319, Ruifang Dist., New Taipei City 224, Taiwan (R.O.C.)","楊O福","03-3543799","03-3541566","有","有"
"04782771","19790313","20220729","上聲電子股份有限公司","SONAVOX ELECTRONIC INC.","臺北市中山區復興北路154號11樓","11 F., No. 154, Fuxing N. Rd., Zhongshan Dist., Taipei City 10487, Taiwan (R.O.C.)","楊O堯","02-25014788","02-25014088","有","有"
"04783434","19940411","20210813","村松有限公司","PSUEN SONG CO., LTD.","桃園市平鎮區北興里金陵路二段530號1樓","1 F., No. 530, Sec. 2, Jinling Rd., Beixing Vil., Pingzhen Dist., Taoyuan City 32471, Taiwan (R.O.C.)","謝O湉","03-4696027","03-4693078","有","有"
"04783666","19890818","20210813","立昇電子工業有限公司","LUCENT ELECTRONICS CO., LTD.","新北市汐止區康寧街169巷31之1號12樓","12 F., No. 31-1, Ln. 169, Kangning St., Xizhi Dist., New Taipei City 22180, Taiwan (R.O.C.)","黃O山","02-26959999","02-26957716","有","有"
"04783758","19840510","20221004","吉昌衡器股份有限公司","JACKSON SCALE CO., LTD.","臺北市內湖區文德路66巷38弄10號6樓","6 F., No. 10, Aly. 38, Ln. 66, Wende Rd., Neihu Dist., Taipei City 114036, Taiwan (R.O.C.)","亓O源","02-27834927","","有","有"
"04784089","19930205","20210813","弘達消防器材有限公司","HONDAR FIRE INDUSTRY CO., LTD.","臺北市內湖區民權東路6段136巷33弄8號1樓","1 F., No. 8, Aly. 33, Ln. 136, Sec. 6, Minquan E. Rd., Neihu Dist., Taipei City 11465, Taiwan (R.O.C.)","高O郎","02-27912107","02-27913668","有","有"
"04784911","19950223","20230414","福泉工程股份有限公司","FULLTECH ENGINEERING CO., LTD.","臺北市松山區健康路325巷26號","No. 26, Ln. 325, Jiankang Rd., Songshan Dist., Taipei City 105067, Taiwan (R.O.C.)","黃O博","02-25453377","02-25455677","有","有"
"04785051","19771013","20210812","智貿興業有限公司","J & M ASSOCIATED CO., LTD.","臺北市內湖區康樂街72巷17弄162號1樓","1 F., No. 162, Aly. 17, Ln. 72, Kangle St., Neihu Dist., Taipei City 11479, Taiwan (R.O.C.)","郭O寶鉅","02-27963256","02-27915411","有","有"
"04785806","20031016","20210813","吉麟實業有限公司","JI LIN SHI CO., LTD.","新北市汐止區中興路183巷4號2樓","2 F., No. 4, Ln. 183, Zhongxing Rd., Xizhi Dist., New Taipei City 22158, Taiwan (R.O.C.)","張O和","02-2393-3973","","有","有"
"04785876","19780810","20230219","利鉅工業股份有限公司","LEE CHU INDUSTRY CORPORATION","臺北市內湖區新明路143巷8號1樓","1 F., No. 8, Ln. 143, Xinming Rd., Neihu Dist., Taipei City 114031, Taiwan (R.O.C.)","張O治","02-27911179","02-27914727","無","無"
"04786256","19880613","20210812","雄義實業有限公司","HSIOUNG YI INDUSTRIAL CO., LTD.","新北市汐止區福德一路430巷2號1樓","1 F., No. 2, Ln. 430, Fude 1st Rd., Xizhi Dist., New Taipei City 22150, Taiwan (R.O.C.)","張O雄","02-26945252","02-26943271","有","有"
"04786431","19801114","20220428","志祥精密工業股份有限公司","JYH SHYANG INDUSTRIAL CO., LTD.","臺北市信義區中坡南路180號2樓","2 F., No. 180, Zhongpo S. Rd., Xinyi Dist., Taipei City 11077, Taiwan (R.O.C.)","林O平","02-2726-1888","","有","有"
"04786713","19820107","20210813","昌茂企業股份有限公司","CHANCE MOST ENTERPRISE CORP.","新北市汐止區南陽街90巷22號","No. 22, Ln. 90, Nanyang St., Xizhi Dist., New Taipei City 22152, Taiwan (R.O.C.)","呂O霖","02-26946434","02-26949370","有","有"
"04786973","19800228","20230316","凱旭有限公司","KAE HSIUH INTERNATIONAL CO., LTD.","臺北市信義區基隆路2段189號11樓之1","11 F.-1, No. 189, Sec. 2, Keelung Rd., Xinyi Dist., Taipei City 110609, Taiwan (R.O.C.)","郭O鼎","02-27397530","","有","有"
"04787065","19881027","20210812","電元企業有限公司","DC POWER SYSTEM CO., LTD.","新北市新店區頂城里安康路1段78號","No. 78, Sec. 1, Ankang Rd., Dingcheng Vil., Xindian Dist., New Taipei City 23153, Taiwan (R.O.C.)","周O瑩","02-86661885","02-86660235","有","有"
"04787179","19780607","20210814","泰定企業股份有限公司","TAI TIN ENTERPRISE CO., LTD","新北市汐止區康寧街169巷31之1號4樓之1","4 F.-1, No. 31-1, Ln. 169, Kangning St., Xizhi Dist., New Taipei City 22180, Taiwan (R.O.C.)","王O澤","02-26957348","","有","有"
"04787620","19840723","20210815","上祐實業股份有限公司","PERFECT & GLORY ENTERPRISE CO., LTD.","苗栗縣頭份市濫坑里13鄰尖豐路828號","No. 828, Jianfeng Rd., 13th Neighborhood, Lankeng Vil., Toufen City, Miaoli County 35161, Taiwan (R.O.C.)","謝O悌","037-543193","037-540620","有","有"
"04788281","19871208","20231012","天盛精微科技有限公司","TIEN SHENG MOLDING TECHNOLOGY INCORPORATED","桃園市楊梅區民富路三段454巷26號 (1樓)","1 F., No. 26, Ln. 454, Sec. 3, Minfu Rd., Yangmei Dist., Taoyuan City 326019, Taiwan (R.O.C.)","林O銘","03-4727239","03-4726870","無","無"
"04788374","19850322","20210812","兆泰股份有限公司","JAWS ELECTRONIC CO., LTD.","臺北市南港區南港路3段50巷15號地下1樓","1 F., No. 15, Ln. 50, Sec. 3, Nangang Rd., Nangang Dist., Taipei City 11510, Taiwan (R.O.C.)","魏O海","02-27834107","02-27827220","有","有"
"04788402","19910125","20210815","名品股份有限公司","ADVANCE SCREWDRIVER AUTOMATIC ENTERPRISE CORPORATION","臺北市內湖區南京東路6段348號9樓","9 F., No. 348, Sec. 6, Nanjing E. Rd., Neihu Dist., Taipei City 11470, Taiwan (R.O.C.)","洪O珍","02-27900535","02-27949952","無","無"
"04788536","19780802","20210815","業德實業有限公司","T.W.N. PRODUCTS CENTER CO., LTD.","臺北市萬華區長沙街2段57號7樓","7 F., No. 57, Sec. 2, Changsha St., Wanhua Dist., Taipei City 10846, Taiwan (R.O.C.)","林O珠","02-23123393","02-23812397","有","有"
"04788825","19800409","20210814","祥溢企業有限公司","WILL ENTERPRISE CO.","臺北市中山區民族東路228號1樓","1 F., No. 228, Minzu E. Rd., Zhongshan Dist., Taipei City 10471, Taiwan (R.O.C.)","翁O雄","02-25966156","02-25960992","有","有"
"04789211","19790213","20220323","昇貿科技股份有限公司","SHENMAO TECHNOLOGY INC.","桃園市觀音區大潭北路665號","No. 665, Datan N. Rd., Guanyin Dist., Taoyuan City 32841, Taiwan (R.O.C.)","李O蓮","03-4160177","03-4160023","有","有"
"04789401","20100928","20210814","全盛刷子有限公司","CHUAN SHENG BRUSH CO., LTD.","新北市汐止區環河街90號","No. 90, Huanhe St., Xizhi Dist., New Taipei City 22154, Taiwan (R.O.C.)","鄭O堅","02-26946624","02-26947473","有","有"
"04789471","19970422","20210812","進誠機械有限公司","JIN SHENG MACHINERY CO., LTD.","臺北市大安區忠孝東路4段176號7樓","7 F., No. 176, Sec. 4, Zhongxiao E. Rd., Da’an Dist., Taipei City 10686, Taiwan (R.O.C.)","陳O華","02-27826059","","有","有"
"04789985","19950215","20240223","高榮電子股份有限公司","AUTECH CIRCUITS CO.","桃園市龜山區南上里民生北路1段2巷6弄10號","No. 10, Aly. 6, Ln. 2, Sec. 1, Minsheng N. Rd., Nanshang Vil., Guishan Dist., Taoyuan City 333016, Taiwan (R.O.C.)","范O真","03-3254641","","無","無"
"04790147","19780703","20210815","宇望實業股份有限公司","YOUWON ENTERPRISES CO., LTD.","臺北市南港區南港路3段80巷46號5樓","5 F., No. 46, Ln. 80, Sec. 3, Nangang Rd., Nangang Dist., Taipei City 11570, Taiwan (R.O.C.)","黃O隆","02-27837566","02-27837570","有","有"
"04790940","19940923","20230603","沛林企業有限公司","PORIN INDUSTRIES LTD.","臺北市士林區華齡街1巷16號2樓","2 F., No. 16, Ln. 1, Hualing St., Shilin Dist., Taipei City 111056, Taiwan (R.O.C.)","","02-28819297","02-28822447","無","無"
"04791048","20031028","20230825","易隆實業有限公司","YIH LUNG DEVELOPMENT CO., LTD.","臺北市內湖區南京東路6段250號4樓","4 F., No. 250, Sec. 6, Nanjing E. Rd., Neihu Dist., Taipei City 114030, Taiwan (R.O.C.)","","02-2791-8355","02-2791-0948","無","無"
"04791342","19790522","20241025","文權機械工業有限公司","WEN CHYUAN MACHINERY CO., LTD.","新北市林口區林口工二工業區工三路19號","No. 19, Gong 3rd Rd., Gong’er Industrial Park, Linkou Dist., New Taipei City 24450, Taiwan (R.O.C.)","林O文","02-26018981-3","","有","有"
"04791672","19920323","20230331","富保實業股份有限公司","FULL PRO INDUSTRIAL CO., LTD.","臺北市內湖區潭美街333號1樓","1 F., No. 333, Tanmei St., Neihu Dist., Taipei City 114031, Taiwan (R.O.C.)","方O泰","02-27911152~9","02-27953647","有","有"
"04791997","19870910","20230615","佳商企業股份有限公司","BEST BUSINESS TRADING CO., LTD.","臺北市內湖區洲子街77號","No. 77, Zhouzi St., Neihu Dist., Taipei City 114680, Taiwan (R.O.C.)","吳O標","02-26588777","02-26585777","有","有"
"04792150","19781206","20210815","準記貿易有限公司","STERLING INDUSTRIES LTD.","新北市汐止區福德二路79號2樓","2 F., No. 79, Fude 2nd Rd., Xizhi Dist., New Taipei City 22151, Taiwan (R.O.C.)","王O台","02-24584426","","有","有"
"04792308","19821105","20210814","大渝針織機械股份有限公司","TA YU KNITTING MACHINERY CO., LTD.","新北市林口區寶林路111號(1樓)","1 F., No. 111, Baolin Rd., Linkou Dist., New Taipei City 24451, Taiwan (R.O.C.)","邵O俊","02-26015547","02-26015982","有","有"
"04792454","20170908","20230110","偉鋼機械工程有限公司","WEI-KUNG MACHINERY & ENGINEERING CO., LTD.","臺北市南港區中坡北路40巷21號2樓","2 F., No. 21, Ln. 40, Zhongpo N. Rd., Nangang Dist., Taipei City 115012, Taiwan (R.O.C.)","游O華","0423195529","04-23598901","有","有"
"04792546","19860121","20210815","祺林工業股份有限公司","CHILIN ELECTRONICS CO., LTD.","新北市中和區建一路81巷4號3樓","3 F., No. 4, Ln. 81, Jian 1st Rd., Zhonghe Dist., New Taipei City 23585, Taiwan (R.O.C.)","温O海","02-22251942-3","02-22251944","有","有"
"04792551","19960719","20210813","永大抽水機企業股份有限公司","YUNG TA PUMPS ENTERPRISE CO., LTD.","臺北市信義區福德街221巷2弄13號2樓","2 F., No. 13, Aly. 2, Ln. 221, Fude St., Xinyi Dist., Taipei City 11078, Taiwan (R.O.C.)","鄭O輝","02-27271717","02-27261818","有","有"
"04792742","19951101","20230117","甘霖國際物流股份有限公司","FOUR SEASON'S LOGISTICS SERVICES INT'L CORP.","臺北市中山區中山北路2段68號3樓","3 F., No. 68, Sec. 2, Zhongshan N. Rd., Zhongshan Dist., Taipei City 104016, Taiwan (R.O.C.)","甘O榮玉","02-25361235","02-25361239","有","有"
"04793101","20250310","20250310","清河工程有限公司","Ching He engineering Ltd.","新北市汐止區福德一路392巷21號之3","No. 21-3, Ln. 392, Fude 1st Rd., Xizhi Dist., New Taipei City 221010, Taiwan (R.O.C.)","張O照","","","有","有"
"04793480","19781121","20210813","宏知東股份有限公司","MSK TECHNOLOGY CORP.","臺北市中山區長安東路2段189號10樓之7","10 F.-7, No. 189, Sec. 2, Chang’an E. Rd., Zhongshan Dist., Taipei City 10490, Taiwan (R.O.C.)","蔡O百合","03-3800010","03-3891928","有","有"
"04793658","20030519","20210812","玉瑞有限公司","YU REI CO., LTD.","臺北市南港區成福路79巷2弄16號","No. 16, Aly. 2, Ln. 79, Chengfu Rd., Nangang Dist., Taipei City 11559, Taiwan (R.O.C.)","白O賢","","","有","有"
"04793685","20070227","20210813","捷霸企業有限公司","JYE PA CO., LTD.","新北市汐止區福德一路342巷1弄22號","No. 22, Aly. 1, Ln. 342, Fude 1st Rd., Xizhi Dist., New Taipei City 22150, Taiwan (R.O.C.)","陳O旭","02-26942979","02-26934834","有","有"
"04793854","19860407","20221221","復記工業股份有限公司","FU JIH COMPRESSOR INDUSTRIES CO., LTD.","桃園市觀音區草漯里16鄰大同二路4號","No. 4, Datong 2nd Rd., 16th Neighborhood, Caota Vil., Guanyin Dist., Taoyuan City 328413, Taiwan (R.O.C.)","許O祥","03-4839252","03-4839254","有","有"
"04794262","19830401","20210812","劍虹貿易有限公司","JAMESTAR DEVELOPMENT CO., LTD.","臺北市大安區信義路4段25號4樓之2","4 F.-2, No. 25, Sec. 4, Xinyi Rd., Da’an Dist., Taipei City 10684, Taiwan (R.O.C.)","鄭O乃","02-27528631","02-27528624","有","有"
"04794729","20180625","20210813","永瑞紙業有限公司","ON RAY PAPER CO., LTD.","新北市汐止區康寧街153號","No. 153, Kangning St., Xizhi Dist., New Taipei City 22105, Taiwan (R.O.C.)","王O珍","02-26923792","02-26923794","有","有"
"04795023","19900516","20230223","世鴻工業股份有限公司","WORFIN ENGINEERING CO., LTD.","新北市三重區中正北路191巷6號2樓","2 F., No. 6, Ln. 191, Zhongzheng N. Rd., Sanchong Dist., New Taipei City 241026, Taiwan (R.O.C.)","粘O煌","02-22992191","","有","有"
"04795121","19821222","20210814","詠德企業有限公司","YEONG DER ENTERPRISES CO., LTD.","新北市汐止區福德一路347號","No. 347, Fude 1st Rd., Xizhi Dist., New Taipei City 22149, Taiwan (R.O.C.)","胡O興","02-26942277","","有","有"
"04795425","19811020","20210812","明珊機械有限公司","MING SHAN MACHINERY CO., LTD.","臺北市南港區南港路3段149巷49弄10號1樓","1 F., No. 10, Aly. 49, Ln. 149, Sec. 3, Nangang Rd., Nangang Dist., Taipei City 11563, Taiwan (R.O.C.)","吳O安","02-27919603","","有","有"
"04795500","20040609","20230328","榮夏科技有限公司","LONG SUMMER CO., LTD.","新北市三重區光復路1段47號7樓之3","7 F.-3, No. 47, Sec. 1, Guangfu Rd., Sanchong Dist., New Taipei City 241018, Taiwan (R.O.C.)","游O娟","02-29998270","02-29998284","有","有"
"04795516","19800130","20210815","光淙股份有限公司","W & W CO., INC.","新北市林口區粉寮路1段104號","No. 104, Sec. 1, Fenliao Rd., Linkou Dist., New Taipei City 24452, Taiwan (R.O.C.)","吳O一","02-86011732","02-26017600","有","有"
"04795728","19880714","20210813","大菱電器有限公司","OBISHI ELECTRIC CORPORATION","新北市中和區建八路125巷8號","No. 8, Ln. 125, Jian 8th Rd., Zhonghe Dist., New Taipei City 23585, Taiwan (R.O.C.)","黃O松","02-22213317-9","","有","有"
"04795776","19920326","20210814","佳欣生技藥粧有限公司","CHIA HSIN BIOTECH. COSMETICS CO., LTD.","桃園市桃園區興華路8號、8之2號","No. 8, Xinghua Rd., Taoyuan Dist., Taoyuan City 33068, Taiwan (R.O.C.)","王O鴻","03-3716388","03-3774268","有","有"
"04796022","19800405","20210815","嘉馬電子工業股份有限公司","TAIWAN GAMMA ELECTRONIC INC.","臺北市內湖區舊宗路2段97號","No. 97, Sec. 2, Jiuzong Rd., Neihu Dist., Taipei City 11494, Taiwan (R.O.C.)","姚O壽","02-27907577","02-87918059","有","有"
"04796162","19861113","20220715","晴盛工業股份有限公司","CHING SHENG CHIN INDUSTRIAL CO., LTD.","桃園市桃園區汴洲里水汴二路29號6樓之1","1F., NO.29, SHUEIBIAN 2ND RD., TAOYUAN DIST., TAOYUAN CITY 330, TAIWAN (R.O.C.)","鄭O雄","03-3582628","03-3166548","有","有"
"04796894","20000803","20241017","弘太實業有限公司","POINTED END INDUSTRIAL CO., LTD.","臺北市南港區向陽路258巷9號6樓","6 F., No. 9, Ln. 258, Xiangyang Rd., Nangang Dist., Taipei City 115001, Taiwan (R.O.C.)","湯O輝","02-27820907","02-27828946","有","有"
"04797140","19790521","20231030","毅荃企業有限公司","GAY CHUN INDUSTRIES CO., LTD.","臺北市松山區八德路4段455號3樓","3 F., No. 455, Sec. 4, Bade Rd., Songshan Dist., Taipei City 105059, Taiwan (R.O.C.)","翁O茵","02-26974134","","有","有"
"04797161","19791201","20210815","宏凱鞋業股份有限公司","SERENA SHOE CO., LTD.","新北市三重區溪尾街94號5樓","5 F., No. 94, Xiwei St., Sanchong Dist., New Taipei City 24152, Taiwan (R.O.C.)","王O華","02-29884936","","有","有"
"04797280","19850325","20210812","純毅機械有限公司","CHIWEN YIH MACHINERY CO., LTD.","新北市樹林區俊英街116巷29弄10號","No. 10, Aly. 29, Ln. 116, Junying St., Shulin Dist., New Taipei City 23863, Taiwan (R.O.C.)","陳O鑾","02-26832996","02-26839009","有","有"
"04797612","20070801","20210815","喬豐紙器有限公司","JOU FONA CARTON CO., LTD.","新北市汐止區樟樹二路36號","No. 36, Zhangshu 2nd Rd., Xizhi Dist., New Taipei City 22159, Taiwan (R.O.C.)","林O宏","02-26421520","02-26420563","有","有"
"04798366","19970603","20210814","大千興業有限公司","BOBDIN-TECH CO., LTD.","臺北市松山區南京東路3段335巷15號4樓","4 F., No. 15, Ln. 335, Sec. 3, Nanjing E. Rd., Songshan Dist., Taipei City 10550, Taiwan (R.O.C.)","周O華","02-26947533","","有","無"
"04799077","19820712","20210813","正新鋁業股份有限公司","CHENG HSIN ALUMINUM CORP.","臺北市內湖區成功路5段83號3樓","3 F., No. 83, Sec. 5, Chenggong Rd., Neihu Dist., Taipei City 11477, Taiwan (R.O.C.)","劉O苓","02-26340909","03-4520288","有","有"
"04799169","19840927","20240119","本源興股份有限公司","BENISON & CO., LTD.","臺北市大安區忠孝東路4段278號5樓","5 F., No. 278, Sec. 4, Zhongxiao E. Rd., Da’an Dist., Taipei City 106061, Taiwan (R.O.C.)","廖O泉","02-27725566-9","2772-8793","有","有"
"04799175","20010607","20210814","雍騰企業有限公司","YON TERN ENTERPRISE CO., LTD.","臺北市南港區興中路80巷1號","No. 1, Ln. 80, Xingzhong Rd., Nangang Dist., Taipei City 11579, Taiwan (R.O.C.)","李O誌","02-27834120","","有","有"
"04799288","20020326","20241129","純暉機械工業股份有限公司","CHUN HUIW MACHINE INDUSTRIAL CO., LTD","桃園市桃園區大興西路二段139巷105號11樓","11 F., No. 105, Ln. 139, Sec. 2, Daxing W. Rd., Taoyuan Dist., Taoyuan City 330718, Taiwan (R.O.C.)","吳O鐘","03-4357179","03-4357180","有","有"
"04799294","19790914","20210812","淇君企業有限公司","GENTLEKING CO., LTD.","臺北市大安區復興南路2段200號9樓之2","9 F.-2, No. 200, Sec. 2, Fuxing S. Rd., Da’an Dist., Taipei City 10664, Taiwan (R.O.C.)","廖O一","02-27014509","02-27004060","有","有"
"04799512","19880622","20210813","尚昇貿易有限公司","SHUNG SENING TRADING CO., LTD.","臺北市松山區南京東路5段202號12樓之2","12 F.-2, No. 202, Sec. 5, Nanjing E. Rd., Songshan Dist., Taipei City 10570, Taiwan (R.O.C.)","黃O國","02-27643252","","有","有"
"04799766","19780803","20210814","創昇股份有限公司","CHUANG SHENG CO., LTD.","基隆市七堵區大成街49-4號","No. 49-4, Dacheng St., Qidu Dist., Keelung City 20653, Taiwan (R.O.C.)","郭O彰","02-24551823","02-24552086","有","有"
"04799858","20041006","20210812","萇虹有限公司","CHN HON CO., LTD.","新北市永和區成功路1段82號11樓之5","11 F.-5, No. 82, Sec. 1, Chenggong Rd., Yonghe Dist., New Taipei City 23452, Taiwan (R.O.C.)","曾O元","02-22320739","02-29209724","有","有"
"04800503","19940125","20210813","全杰企業股份有限公司","CEN JEY ENTERPRISES CO., LTD.","新北市汐止區福德一路342巷1弄26、28號","No. 28, Aly. 1, Ln. 342, Fude 1st Rd., Xizhi Dist., New Taipei City 22150, Taiwan (R.O.C.)","周O坤","02-26943301","","有","有"
"04800807","20050602","20210814","吉翁企業有限公司","JI WENG LTD.","新北市汐止區民族五街89號","No. 89, Minzu 5th St., Xizhi Dist., New Taipei City 22160, Taiwan (R.O.C.)","陳O緯","02-26411008","02-26411425","有","有"
"04800969","19950815","20210814","玖芳企業有限公司","JOINT-FORT ENTERPRISE CO., LTD.","臺北市內湖區新明路371之14號","No. 371-14, Xinming Rd., Neihu Dist., Taipei City 11471, Taiwan (R.O.C.)","鄞O土","02-27915468","","有","有"
"04801539","20170214","20210813","奇鐵企業股份有限公司","CHI-TIEH CO., LTD.","苗栗縣三義鄉西湖村八櫃39之1號","No. 39-1, Bagui, Sanyi Township, Miaoli County 36742, Taiwan (R.O.C.)","徐O淼","037-871155","037-873545","有","有"
"04801691","19791212","20210812","君輝企業有限公司","SEAL CREST INC.","新北市中和區環中路128號、130號1樓","1 F., No. 128, Huanzhong Rd., Zhonghe Dist., New Taipei City 23556, Taiwan (R.O.C.)","何O雄","02-22220984","02-22220964","有","有"
"04801828","20140221","20230616","惠宇企業有限公司","HUEI YU MATERIAL CO., LTD.","臺北市南港區成福路92號2樓","2 F., No. 92, Chengfu Rd., Nangang Dist., Taipei City 115009, Taiwan (R.O.C.)","詹O翔","02-27855097","02-27855112","有","有"
"04802214","20041111","20240417","益隆精密壓鑄有限公司","YI LONG PRECISION DIE CASTING CO., LTD.","新北市淡水區鄒厝崙1之12號","No. 1-12, Zoucuolun, Tamsui Dist., New Taipei City 251029, Taiwan (R.O.C.)","李O隆","2629-4120","2623-9389","有","有"
"04802381","20130129","20230528","佳坊企業有限公司","KING HOPE TOYS IND. CO., LTD","新北市汐止區康寧街一六九巷二三號二樓之三","2 F.-3, No. 23, Ln. 169, Kangning St., Xizhi Dist., New Taipei City 221425, Taiwan (R.O.C.)","林O睿","02-26951560","02-26951561","有","有"
"04803282","19931231","20210815","杰成企業有限公司","CHIEH CHENG ENTERPRISE CO., LTD.","基隆市七堵區俊賢路55號3樓","3 F., No. 55, Junxian Rd., Qidu Dist., Keelung City 20653, Taiwan (R.O.C.)","林O珠","02-24553109","","有","有"
"04803369","19800403","20210813","集運有限公司","CONSOLIDATION SERVICE LTD.","臺北市中山區建國北路2段96號8樓","8 F., No. 96, Sec. 2, Jianguo N. Rd., Zhongshan Dist., Taipei City 10479, Taiwan (R.O.C.)","王O威","02-25028003","02-25013299","有","有"
"04803430","20060328","20250226","忠合機械有限公司","CHUNG-HOU MACHINERY CO., LTD.","新北市蘆洲區民義街86巷24號","No. 24, Ln. 86, Minyi St., Luzhou Dist., New Taipei City 24745, Taiwan (R.O.C.)","陳O璋","02-22828836","02-82862311","有","有"
"04803543","19930420","20211021","上水股份有限公司","ULPU INTERNATIONAL CO., LTD.","臺北市中山區德惠街16之5號7樓","7 F., No. 16-5, Dehui St., Zhongshan Dist., Taipei City 10461, Taiwan (R.O.C.)","簡O議","02-25860177","02-25866700","有","有"
"04804254","19800627","20210815","奐鑫股份有限公司","HUAN HSIN CO., LTD.","新北市汐止區大同路1段337巷16弄27號(3樓)","3 F., No. 27, Aly. 16, Ln. 337, Sec. 1, Datong Rd., Xizhi Dist., New Taipei City 22161, Taiwan (R.O.C.)","徐O鈞","02-86919298","02-86463366","有","有"
"04804579","19911030","20210815","千固實業股份有限公司","CHEMCO INDUSTRY CORP.","新北市新莊區五權二路22號8樓之3","8 F.-3, No. 22, Wuquan 2nd Rd., Xinzhuang Dist., New Taipei City 24892, Taiwan (R.O.C.)","曾O齊","02-22991983","02-22991985","有","有"
"04804640","19800523","20210817","展林企業股份有限公司","FAYIN ENTERPRISE LIMITED","臺北市南港區園區街3之1號5樓之3","5 F.-3, No. 3-1, Park St., Nangang Dist., Taipei City 11503, Taiwan (R.O.C.)","李O松","02-27723316","02-81926485","有","有"
"04804986","20030812","20240112","宏梅印刷有限公司","HORMEI PRINTING CO., LTD.","臺北市南港區松河路654號4樓","4 F., No. 654, Songhe St., Nangang Dist., Taipei City 115010, Taiwan (R.O.C.)","","02-2783-2285","02-2782-7022","無","無"
"04805367","19840303","20210812","同泰工藝股份有限公司","TONG TAY INDUSTRIAL CO., LTD.","臺北市南港區忠孝東路6段83及85號2樓","2 F., No. 85, Sec. 6, Zhongxiao E. Rd., Nangang Dist., Taipei City 11575, Taiwan (R.O.C.)","黃O玲","02-27737169","02-27738651","有","有"
"04805423","19970816","20210813","台嵩電子股份有限公司","TAI SOAR ELECTRONIC CO., LTD.","臺北市內湖區內湖路1段737巷108號2樓","2 F., No. 108, Ln. 737, Sec. 1, Neihu Rd., Neihu Dist., Taipei City 11447, Taiwan (R.O.C.)","張O蘭","02-27972352","","有","有"
"04805937","19800725","20210815","奇富化工行有限公司","CHIEF CHEMICAL COMPANY","臺北市信義區忠孝東路5段784號9樓","9 F., No. 784, Sec. 5, Zhongxiao E. Rd., Xinyi Dist., Taipei City 11082, Taiwan (R.O.C.)","林O奇","02-86712994","02-86714030","有","有"
"04805985","20010212","20240301","通宇工業有限公司","TUNG YEU INDUSTRIAL LTD.","基隆市中正區義二路206號","No. 206, Yi 2nd Rd., Zhongzheng Dist., Keelung City 202002, Taiwan (R.O.C.)","郭O姿","02-24552002","02-24552170","有","有"
"04806788","19800821","20210813","均芸科技有限公司","CHAIN YEAR INDUSTRIAL CORPORATION","新北市汐止區東勢街201巷325號","No. 325, Ln. 201, Dongshi St., Xizhi Dist., New Taipei City 22141, Taiwan (R.O.C.)","陳O男","02-2691-3568","02-2691-3586","有","有"
"04807246","19820807","20230907","彥竹企業有限公司","YANN JWU ENTERPRISE CO., LTD.","臺北市中山區長安東路1段16號12樓之5","12 F.-5, No. 16, Sec. 1, Chang’an E. Rd., Zhongshan Dist., Taipei City 10442, Taiwan (R.O.C.)","","02-25230906","02-25237561","無","無"
"04807338","20061215","20210814","同暐企業有限公司","TOAN WEI CO., LTD.","臺北市內湖區內湖路2段462號3樓","3 F., No. 462, Sec. 2, Neihu Rd., Neihu Dist., Taipei City 11450, Taiwan (R.O.C.)","杜O毅","03-3289288","03-3277014","有","有"
"04807359","19931110","20210813","琮翔企業股份有限公司","TSUNG HSIANG MECHANICALS INC.","桃園市新屋區民族路6段445號1樓","1 F., No. 445, Sec. 6, Minzu Rd., Xinwu Dist., Taoyuan City 32741, Taiwan (R.O.C.)","劉O麗","03-4203876","03-4203828","有","有"
"04807528","19820819","20221122","福基創新材料股份有限公司","FU-CHI INNOVATION TECHNOLOGY CO., LTD.","基隆市七堵區大華二路144號","No. 144, Dahua 2nd Rd., Qidu Dist., Keelung City 206013, Taiwan (R.O.C.)","陳O聰","02-24566181","02-24554712","有","有"
"04807689","19810605","20210812","百律有限公司","BLUEBERRY CO., LTD.","臺北市大安區辛亥路2段143號3樓","3 F., No. 143, Sec. 2, Xinhai Rd., Da’an Dist., Taipei City 10663, Taiwan (R.O.C.)","林O坤","02-27336131","02-27338384","有","有"
"04808890","19801119","20210813","得門有限公司","TEKMAN CO., LTD.","新北市新店區民權路108之1號3樓","3 F., No. 108-1, Minquan Rd., Xindian Dist., New Taipei City 23141, Taiwan (R.O.C.)","連O壽","02-22188336","02-22182370","有","有"
"04809032","19921109","20210814","臺聘股份有限公司","TAIPIN CO., LTD.","新北市汐止區工建路201號","No. 201, Gongjian Rd., Xizhi Dist., New Taipei City 22159, Taiwan (R.O.C.)","李O月雲","02-26413316","02-26418733","有","有"
"04809461","19821008","20210814","炅陽實業股份有限公司","PERFECT MOLD & CASTING CO., LTD.","新北市林口區工二工業區工九路15號","No. 15, Gong 9th Rd., Gong’er Industrial Park, Linkou Dist., New Taipei City 24452, Taiwan (R.O.C.)","吳O泉","02-2601-5275","2601-6756","有","有"
"04809758","19840106","20210813","聖琪實業有限公司","SAINT GIANT INDUSTRIAL CO., LTD.","臺北市萬華區萬大路323號7樓","7 F., No. 323, Wanda Rd., Wanhua Dist., Taipei City 10874, Taiwan (R.O.C.)","劉O嬅","02-87737350","02-87732966","有","有"
"04810544","20040302","20210811","周錦香香舖","C.C.S BUDDHISM SHOP","臺北市內湖區內湖路2段64號1樓","1 F., No. 64, Sec. 2, Neihu Rd., Neihu Dist., Taipei City 11464, Taiwan (R.O.C.)","周O昇","02-2799-0833","02-2798-8242","有","有"
"04810875","20111117","20210812","宏修交通實業有限公司","HONG XIU TRAFFIC INDUSTRY CO., LTD.","臺北市內湖區內湖路3段98號1樓","1 F., No. 98, Sec. 3, Neihu Rd., Neihu Dist., Taipei City 11453, Taiwan (R.O.C.)","黃O忠","03-4838075","03-4838090","有","有"
"04811001","19830205","20220726","加瑞實業股份有限公司","GARRETT INDUSTRIAL CORPORATION","彰化縣秀水鄉金陵村番花路363-1號","No. 363-1, Fanhua Rd., Xiushui Township, Changhua County 504006, Taiwan (R.O.C.)","何O勝","04-7692103","","有","無"
"04811017","20010530","20240508","全林飲料有限公司","CHAIN LIN CORPORATION","臺北市南港區研究院路2段165號1樓","1 F., No. 165, Sec. 2, Academia Rd., Nangang Dist., Taipei City 11572, Taiwan (R.O.C.)","","02-27825597","02-27888821","無","無"
"04811950","19980513","20210814","昱久機械有限公司","EVERBRIGHT MACHINERY CO., LTD.","臺北市內湖區新明路321巷10弄21號5樓","5 F., No. 21, Aly. 10, Ln. 321, Xinming Rd., Neihu Dist., Taipei City 11471, Taiwan (R.O.C.)","周O茂","02-27910470","02-27926364","有","有"
"04812016","19820709","20240823","實盈股份有限公司","SUYIN CORPORATION","臺北市南港區舊庄街一段59號1樓","1 F., No. 59, Sec. 1, Jiuzhuang St., Nangang Dist., Taipei City 115022, Taiwan (R.O.C.)","黃O洲","02-27821089","","有","有"
"04812521","19880728","20210815","翰成冠實業股份有限公司","TIME VALUE LIMITED","臺北市大安區忠孝東路4段222號3樓","3 F., No. 222, Sec. 4, Zhongxiao E. Rd., Da’an Dist., Taipei City 10692, Taiwan (R.O.C.)","賴O濱","02-29860390","","有","有"
"04812557","19940627","20210814","銓暉企業股份有限公司","CHUAN HUI NET CO., LTD.","臺北市松山區延壽街17號1樓","1 F., No. 17, Yanshou St., Songshan Dist., Taipei City 10578, Taiwan (R.O.C.)","石O芬","02-27643212","","有","有"
"04812753","19881104","20220922","三橋科技股份有限公司","3-BRIDGE AUTOTECH CO., LTD.","桃園市桃園區大林里興華路2號4樓","4 F., No. 2, Xinghua Rd., Dalin Vil., Taoyuan Dist., Taoyuan City 330467, Taiwan (R.O.C.)","侯O楨","03-3665037","03-3665937","有","有"
"04812796","19830521","20210812","吉是福企業股份有限公司","J'S HOPE INC.","臺北市內湖區新明路143巷7號6樓","6 F., No. 7, Ln. 143, Xinming Rd., Neihu Dist., Taipei City 11471, Taiwan (R.O.C.)","葉O惠","02-27908778","","有","有"
"04813850","20021216","20210813","上強電工器材有限公司","SHANG CHIANG ELECTRONICS APPLIANCE CO., LTD.","新北市八里區中山路2段113號","No. 113, Sec. 2, Zhongshan Rd., Bali Dist., New Taipei City 24943, Taiwan (R.O.C.)","劉O錫","02-26103818","02-26103919","有","有"
"04814041","20020404","20250326","銘工企業有限公司","MIU KONG CO., LTD.","新北市板橋區中山路2段465巷7弄2號","No. 2, Aly. 7, Ln. 465, Sec. 2, Zhongshan Rd., Banqiao Dist., New Taipei City 220085, Taiwan (R.O.C.)","張O慈","27910303","","有","有"
"04814627","19910311","20210812","陸樂電子工業有限公司","LU-LER ELECTRONICS (PTY) LTD.","新北市汐止區仁愛路122巷8號","No. 8, Ln. 122, Ren’ai Rd., Xizhi Dist., New Taipei City 22164, Taiwan (R.O.C.)","陳O和","02-26423417","02-26423418","有","有"
"04814801","19810703","20210812","齊躍企業有限公司","TOPVISION ENTERPRISE CO., LTD.","臺北市大安區敦化南路2段57號8樓","8 F., No. 57, Sec. 2, Dunhua S. Rd., Da’an Dist., Taipei City 10681, Taiwan (R.O.C.)","顧O芬","02-27048798","","無","無"
"04814942","19831116","20230327","飛驊企業股份有限公司","FAY HUA ENTERPRISE COMPANY LTD.","臺北市內湖區內湖路1段339巷16號","No. 16, Ln. 339, Sec. 1, Neihu Rd., Neihu Dist., Taipei City 114004, Taiwan (R.O.C.)","王O進","02-27975045","","無","無"
"04815409","19810801","20230729","欽立企業有限公司","EVERITE ENTERPRISE COMPANY LIMITED","新北市林口區文化一路1段100巷17號","No. 17, Ln. 100, Sec. 1, Wenhua 1st Rd., Linkou Dist., New Taipei City 244019, Taiwan (R.O.C.)","許O傑","02-28813311","","有","有"
"04815870","19921103","20210814","恩榮電器有限公司","A BOON ELECTRIC CO., LTD.","桃園市中壢區內定里合圳北路二段465號","No. 465, Sec. 2, Hezun N. Rd., Neiding Vil., Zhongli Dist., Taoyuan City 32060, Taiwan (R.O.C.)","彭O勝","03-4623870","03-4623872","有","有"
"04815999","20051108","20240903","怡大軟木企業社","YIDAH CORK ENTERPRISE CO.","臺北市南港區忠孝東路6段269巷2弄16號","No. 16, Aly. 2, Ln. 269, Sec. 6, Zhongxiao E. Rd., Nangang Dist., Taipei City 11557, Taiwan (R.O.C.)","李O玲","02-2785-9161","02-2651-1525","有","有"
"04816006","19950719","20210813","家芳企業有限公司","FAMILY PERFECT INDUSTRIAL CO., LTD.","新北市汐止區南陽街90巷15號","No. 15, Ln. 90, Nanyang St., Xizhi Dist., New Taipei City 22152, Taiwan (R.O.C.)","謝O甫","02-26943205","02-26943200","有","有"
"04816385","19810924","20210815","卓利電子股份有限公司","ELELUX ELECTRONICS CO., LTD.","臺北市內湖區洲子街103號3樓","3 F., No. 103, Zhouzi St., Neihu Dist., Taipei City 11493, Taiwan (R.O.C.)","吳O光","02-2627-2291","02-2659-6726","有","有"
"04816630","20060313","20241017","奇羽企業有限公司","CHEE YUE ENTERPRISE CO., LTD.","臺北市南港區興南街36號2樓","2 F., No. 36, Xingnan St., Nangang Dist., Taipei City 115001, Taiwan (R.O.C.)","闕O旺","02-27820736","02-27850938","有","有"
"04817130","19990927","20210814","慧璨企業有限公司","WEAL WAY ENTERPRISE CO., LTD.","桃園市蘆竹區富國路2段89號","No. 89, Sec. 2, Fuguo Rd., Luzhu Dist., Taoyuan City 33849, Taiwan (R.O.C.)","許O予","03-3238300","","有","有"
"04817146","20011102","20210814","麒福食品工業有限公司","SEVEN LUCK FOOD INDUSTRY CO., LTD.","新北市汐止區福德二路234號2樓","2 F., No. 234, Fude 2nd Rd., Xizhi Dist., New Taipei City 22151, Taiwan (R.O.C.)","謝O麒","02-26934412","02-86932341","有","有"
"04817954","19951028","20241107","英波電子有限公司","SONIC ELECTRONIC CO., LTD.","新北市汐止區東勢街216巷22弄21號","No. 21, Aly. 22, Ln. 216, Dongshi St., Xizhi Dist., New Taipei City 221001, Taiwan (R.O.C.)","黃O聯","02-26943949","","無","無"
"04818052","19821007","20250326","陸仕貿易有限公司","ROOTSMEN COMPANY","新北市新店區中正路54巷16號2樓","2 F., No. 16, Ln. 54, Zhongzheng Rd., Xindian Dist., New Taipei City 23146, Taiwan (R.O.C.)","張O升","02-29154821","29179662","有","有"
"04818601","19811230","20240619","盟商投資股份有限公司","LWTT TRADING CO., LTD.","臺北市中山區中山北路2段99號12樓之2","12 F.-2, No. 99, Sec. 2, Zhongshan N. Rd., Zhongshan Dist., Taipei City 10448, Taiwan (R.O.C.)","林O棠","02-25624521","02-25610732","有","有"
"04818757","19990310","20230316","嘉建電子有限公司","CHIA CHIEN ELECTRONIC CO., LTD.","臺北市內湖區康寧路1段204號1樓","1 F., No. 204, Sec. 1, Kangning Rd., Neihu Dist., Taipei City 114021, Taiwan (R.O.C.)","江O賜","02-27926342","02-27926143","無","無"
"04818969","19811118","20240709","台灣義梅企業有限公司","EN MAN ENTERPRISE CORP.","臺北市松山區寶清街10號地下","No. 10, Baoqing St., Songshan Dist., Taipei City 105054, Taiwan (R.O.C.)","陳O貞","02-27425728","","有","有"
"04819019","20101210","20210812","源祺企業有限公司","YUANN CHYI ENTERPRISE CO., LTD.","新北市汐止區樟樹里大同路1段92號","No. 92, Sec. 1, Datong Rd., Zhangshu Vil., Xizhi Dist., New Taipei City 22145, Taiwan (R.O.C.)","沈O隨","02-26402383","02-26404039","有","有"
"04819398","19811204","20210814","佑恩企業有限公司","CAMEL PRODUCTS INC.","臺北市松山區南京東路5段52號8樓","8 F., No. 52, Sec. 5, Nanjing E. Rd., Songshan Dist., Taipei City 10597, Taiwan (R.O.C.)","孫O麗","02-2760-0085","02-2756-6148","有","有"
"04819622","19820426","20241126","弓鴻實業有限公司","TAIWAN CAB-TECH FITTINGS CO., LTD.","臺北市信義區松山路287巷6弄3號1樓","1 F., No. 3, Aly. 6, Ln. 287, Songshan Rd., Xinyi Dist., Taipei City 11062, Taiwan (R.O.C.)","吳O鳳","02-2767-6166","02-2767-4450","有","有"
"04820058","19930521","20240119","萬矗實業有限公司","MOUNTAIN INDUSTRY CO., LTD.","基隆市信義區深澳坑路172巷44-19號","No. 44-19, Ln. 172, Shen’aokeng Rd., Xinyi Dist., Keelung City 201007, Taiwan (R.O.C.)","王O金","02-24975746","","有","有"
"04820347","19830502","20250416","安斯泰莫台中股份有限公司","Astemo Taichung CO., LTD.","臺中市西屯區工業區七路7號","No. 7, Gongyequ 7th Rd., Xitun Dist., Taichung City 407019, Taiwan (R.O.C.)","高O勇","04-23591483","04-23593625","有","有"
"04820819","19870728","20210814","豐兆精機廠股份有限公司","FONG JAW PRECISION MACHINERY WORKS CORP.","新北市瑞芳區頂坪路117號1樓","1 F., No. 117, Dingping Rd., Ruifang Dist., New Taipei City 22452, Taiwan (R.O.C.)","蔡O龍","032-971115","","有","有"
"04820901","19850313","20210813","光州工業股份有限公司","KING-CORD CO., LTD.","新竹縣竹北市斗崙里縣政三街124號8樓之3","8 F.-3, No. 124, Xianzheng 3rd St., Doulun Vil., Zhubei City, Hsinchu County 30268, Taiwan (R.O.C.)","程O屳","03-4726208","03-4727751","有","有"
"04820917","19820218","20210813","史曼斯有限公司","SIMMONS CO., LTD.","桃園市龜山區文二一街16號8樓之2","8 F.-2, No. 16, Wen 21st St., Guishan Dist., Taoyuan City 33380, Taiwan (R.O.C.)","廖O伶","03-3972469","","無","無"
"04821161","19820512","20210814","七嘉光學工業股份有限公司","SEVEN PRAISE OPTICAL INDUSTRY CO., LTD.","臺北市內湖區潭美街195號","No. 195, Tanmei St., Neihu Dist., Taipei City 11471, Taiwan (R.O.C.)","何O","02-27912147","02-27928345","有","有"
"04822324","19980924","20210812","冠同企業有限公司","KWAN TONG ENTERPRISE CO., LTD.","新北市汐止區福德一路392巷37弄15號","No. 15, Aly. 37, Ln. 392, Fude 1st Rd., Xizhi Dist., New Taipei City 22150, Taiwan (R.O.C.)","黃O燦","02-26948359","02-26947360","有","有"
"04822555","19820323","20210813","海集股份有限公司","HAI GROUP INDUSTRIES LTD.","臺北市南港區研究院路3段80號1樓","1 F., No. 80, Sec. 3, Academia Rd., Nangang Dist., Taipei City 11581, Taiwan (R.O.C.)","陳O華","02-2782-1616","02-2782-1595","有","有"
"04822696","19930416","20240509","亞富實業股份有限公司","ORIGO TECHNIK CO., LTD.","彰化縣永靖鄉五汴村中山路三段275號","No. 275, Sec. 3, Zhongshan Rd., Yongjing Township, Changhua County 51245, Taiwan (R.O.C.)","","02-29174266","02-29174266","無","無"
"04822730","19930511","20210814","基丞科技股份有限公司","KI GIANT TECHNOLOGY INC.","桃園市大園區內海里13鄰民權路9號","No. 9, Minquan Rd., 13th Neighborhood, Neihai Vil., Dayuan Dist., Taoyuan City 33759, Taiwan (R.O.C.)","江O杰","03-3867671","03-3867675","有","有"
"04822794","20001109","20210813","宏羚股份有限公司","HONLYNN CO., LTD.","新北市五股區五工二路114號6樓","6 F., No. 114, Wugong 2nd Rd., Wugu Dist., New Taipei City 24888, Taiwan (R.O.C.)","章O祺","02-2299-9889","02-2299-9559","有","有"
"04822871","19820721","20240424","百略醫學科技股份有限公司","MICROLIFE CORPORATION","臺北市內湖區瑞光路431號9樓","9 F., No. 431, Ruiguang Rd., Neihu Dist., Taipei City 114691, Taiwan (R.O.C.)","方O和","02-87971288","02-87971284","有","有"
"04822990","20031126","20250208","弘專股份有限公司","HONG ZHUAN INDUSTRIAL LTD.","新北市板橋區縣民大道3段262-1號3樓","3 F., No. 262-1, Sec. 3, Xianmin Blvd., Banqiao Dist., New Taipei City 220773, Taiwan (R.O.C.)","莊O統","02-2647-2881","02-2647-8015","有","有"
"04823132","19831209","20210815","唯運企業股份有限公司","WIN GARMENTS MFG. CO., LTD.","臺北市內湖區瑞光路192號10樓","10 F., No. 192, Ruiguang Rd., Neihu Dist., Taipei City 11491, Taiwan (R.O.C.)","陳O","02-87976388","02-87976368","有","有"
"04823301","20050628","20210813","安成通運股份有限公司","ANCHENG TRANSPORT  CO., LTD.","臺北市松山區民生東路5段221號2樓","2 F., No. 221, Sec. 5, Minsheng E. Rd., Songshan Dist., Taipei City 10589, Taiwan (R.O.C.)","許O堅","02-27691511","02-87874435","有","有"
"04824033","19820624","20210815","仁華電子科技股份有限公司","VOICE-CRAFT ELECTRONICS CO., LTD.","新北市汐止區康寧街169巷29號11樓、11樓之1、11樓之3","11 F., No. 29, Ln. 169, Kangning St., Xizhi Dist., New Taipei City 22180, Taiwan (R.O.C.)","余O雄","02-26959661","02-26953793","有","有"
"04824322","19940617","20210813","琦剛精密工業股份有限公司","CHEE KANG PRECISION INDUSTRY CO., LTD.","臺北市南港區南港路3段149巷41號2樓","2 F., No. 41, Ln. 149, Sec. 3, Nangang Rd., Nangang Dist., Taipei City 11563, Taiwan (R.O.C.)","莊O兒","02-27868746","","有","有"
"04824343","20161117","20221029","和熠有限公司","HEYI PLASTIC INJECTION FORMING CO., LTD.","新北市汐止區福德一路351巷2號","No. 2, Ln. 351, Fude 1st Rd., Xizhi Dist., New Taipei City 221009, Taiwan (R.O.C.)","林O仁","02-26945577","02-26948132","有","有"
"04824364","19950624","20230331","鑫匯國際開發有限公司","SHANG SHIN HANDICRAFTS CO., LTD.","臺北市信義區基隆路1段155號11樓之2","11 F.-2, No. 155, Sec. 1, Keelung Rd., Xinyi Dist., Taipei City 110058, Taiwan (R.O.C.)","顏O倫","02-27826797","02-27864408","有","有"
"04824499","19991027","20230707","智彬電機有限公司","HONG YOUN CONTROL PANELS INDUSTRIAL CO., LTD.","臺北市內湖區內湖路1段91巷24弄2號","No. 2, Aly. 24, Ln. 91, Sec. 1, Neihu Rd., Neihu Dist., Taipei City 114061, Taiwan (R.O.C.)","何O雪","02-26571766","02-26572367","有","有"
"04824575","20100304","20240911","李奇恩科技股份有限公司","LEECHIN TECHNOLOGY CORPORATION","新北市新莊區新北大道2段280號9樓","9 F., No. 280, Sec. 2, New Taipei Blvd., Xinzhuang Dist., New Taipei City 242043, Taiwan (R.O.C.)","王O暐","02-23958468","02-23578957","有","有"
"04824913","20020816","20210813","台灣千妥化學股份有限公司","TAIWAN CHANTAL COMPANY LIMITED","臺北市南港區重陽路263巷6號4樓","4 F., No. 6, Ln. 263, Chongyang Rd., Nangang Dist., Taipei City 11573, Taiwan (R.O.C.)","劉O榮","02-2651-7399","02-2651-5407","有","有"
"04825223","19830524","20221115","欣原精機股份有限公司","SHIN YUAN PRECISION MACHINERY CO., LTD.","臺北市大安區忠孝東路4段233號5樓之3","5 F.-3, No. 233, Sec. 4, Zhongxiao E. Rd., Da’an Dist., Taipei City 106077, Taiwan (R.O.C.)","陳O輝","02-26957966","02-26957956","有","有"
"04825342","19820719","20240203","福而康實業股份有限公司","FORCOIN INDUSTRY CO., LTD.","新北市新莊區瓊林路104之1號3樓","3 F., No. 104-1, Qionglin Rd., Xinzhuang Dist., New Taipei City 24263, Taiwan (R.O.C.)","","02-27616138","","無","無"
"04825440","19890726","20221026","永馳電子企業股份有限公司","YOUTH ELECTRONICS CO., LTD.","新北市汐止區工建路366號2樓","2 F., No. 366, Gongjian Rd., Xizhi Dist., New Taipei City 221012, Taiwan (R.O.C.)","連O柏","02-26422315","02-26425275","有","有"
"04825693","20020404","20210815","明晴企業有限公司","MENG CHENG PRODUCTS CO., LTD.","新北市汐止區大同路1段337巷16弄13號1樓","1 F., No. 13, Aly. 16, Ln. 337, Sec. 1, Datong Rd., Xizhi Dist., New Taipei City 22161, Taiwan (R.O.C.)","廖O珀","02-26414134","02-26435381","有","有"
"04825862","19820726","20210815","達融貿易有限公司","ORIENTAL PIONEER ENTERPRISE CO., LTD.","臺北市松山區南京東路5段188號9樓之12","9 F.-12, No. 188, Sec. 5, Nanjing E. Rd., Songshan Dist., Taipei City 10571, Taiwan (R.O.C.)","李O典","02-27606742","02-27697024","有","有"
"04826118","19820828","20210812","可運有限公司","STANDARD HANGERS INDUSTRIAL CO.","臺北市內湖區南京東路6段330巷18弄11號3樓","3 F., No. 11, Aly. 18, Ln. 330, Sec. 6, Nanjing E. Rd., Neihu Dist., Taipei City 11470, Taiwan (R.O.C.)","李O運","02-27941331(10L","02-27926203","有","有"
"04826270","19820803","20230602","智元福聚股份有限公司","BRAINS MASTER CORPORATION","新北市汐止區康寧街281號2樓","2 F., No. 281, Kangning St., Xizhi Dist., New Taipei City 221013, Taiwan (R.O.C.)","","02-26958899","02-26953933","無","無"
"04826341","19930427","20210812","泰普膠帶實業股份有限公司","TAI PUU TAPE CO., LTD.","新北市五股區成泰路3段72號","No. 72, Sec. 3, Chengtai Rd., Wugu Dist., New Taipei City 24843, Taiwan (R.O.C.)","邱O昌","02-2913246-8","02-22912044","有","有"
"04827003","20131111","20210812","乾恩工廠有限公司","CHAN-AN FACTORY CO.","臺北市南港區南港路1段4之2號","No. 4-2, Sec. 1, Nangang Rd., Nangang Dist., Taipei City 11568, Taiwan (R.O.C.)","林O秋香","02-27834924","02-27825532","有","有"
"04827138","19820922","20230213","車王電子股份有限公司","MOBILETRON ELECTRONICS CO., LTD.","臺中市大雅區文雅里20鄰中清路4段85號","No. 85, Sec. 4, Zhongqing Rd., 20th Neighborhood, Wenya Vil., Daya Dist., Taichung City 42880, Taiwan (R.O.C.)","蔡O慶","04-25683366","04-25673069","有","有"
"04827475","19820831","20210812","祥銅實業有限公司","BEST METAL CORP.","臺北市南港區向陽路120巷2弄9號1樓","1 F., No. 9, Aly. 2, Ln. 120, Xiangyang Rd., Nangang Dist., Taipei City 11551, Taiwan (R.O.C.)","廖O來","02-27834205-5","","有","有"
"04827799","19920708","20210813","世勳端子有限公司","SHYH SHIUN TERMINALS CO., LTD.","新北市深坑區北深路三段270巷7號2樓","2 F., No. 7, Ln. 270, Sec. 3, Beishen Rd., Shenkeng Dist., New Taipei City 22206, Taiwan (R.O.C.)","鄭O柔","02-26625147","02-26623439","有","有"
"04828278","19940720","20210814","安城化工廠有限公司","AN CHEN CHEMISTRY FACTORY CO., LTD.","臺北市內湖區內湖路1段91巷12弄27號2樓","2 F., No. 27, Aly. 12, Ln. 91, Sec. 1, Neihu Rd., Neihu Dist., Taipei City 11442, Taiwan (R.O.C.)","黃O為","02-2798-5481","02-2798-8234","有","有"
"04829184","20090318","20210811","百松教學用品社","BAI SONG STATIONERY COMPANY","臺北市信義區基隆路2段22號6樓之6","6 F.-6, No. 22, Sec. 2, Keelung Rd., Xinyi Dist., Taipei City 11052, Taiwan (R.O.C.)","陳O銘","02-27927543","02-27921397","有","有"
"04829311","19871113","20220930","佳順印刷器材有限公司","JARSIUN LTD.","臺北市南港區南港路3段50巷20號1樓","1 F., No. 20, Ln. 50, Sec. 3, Nangang Rd., Nangang Dist., Taipei City 115607, Taiwan (R.O.C.)","林O生","02-26510566","02-27888833","有","有"
"04832478","19930810","20210812","百倫電子有限公司","PYLON ELECTRONICS CO., LTD.","臺北市南港區重陽路433號3樓","3 F., No. 433, Chongyang Rd., Nangang Dist., Taipei City 11560, Taiwan (R.O.C.)","王O淦","02-27824331","","有","有"
"04832929","20040916","20210813","能誌機械工程有限公司","N J MACHINERY ENGINEERING CO., LTD.","臺北市南港區東新街170巷11號3樓","3 F., No. 11, Ln. 170, Dongxin St., Nangang Dist., Taipei City 11569, Taiwan (R.O.C.)","周O和","02-24523350","02-24523351","有","有"
"04832934","20070622","20210813","日中有限公司","HIGHNOON CO., LTD.","臺北市南港區向陽路199巷8號1樓","1 F., No. 8, Ln. 199, Xiangyang Rd., Nangang Dist., Taipei City 11551, Taiwan (R.O.C.)","林O廷","02-27826858","02-27859951","有","有"
"04833981","19891215","20210814","維峰工業股份有限公司","VITA FOM INDUSTRIAL CO., LTD.","桃園市楊梅區幼獅工業區獅四路6號","No. 6, Shi 4th Rd., Yangmei Dist., Taoyuan City 32657, Taiwan (R.O.C.)","廖O助","03-4642772","03-4641773","有","有"
"04834089","20010601","20210815","亞樺電機有限公司","YA HUA ELECTRONICS CO., LTD.","新北市汐止區環河街88巷3弄12號","No. 12, Aly. 3, Ln. 88, Huanhe St., Xizhi Dist., New Taipei City 22154, Taiwan (R.O.C.)","葉O宏","02-26941325","02-26942617","有","有"
"04834237","19830618","20221112","維昌精密股份有限公司","WALLY INDUSTRIAL CO., LTD.","臺北市內湖區陽光街347號5樓之1","5 F.-1, No. 347, Yangguang St., Neihu Dist., Taipei City 114715, Taiwan (R.O.C.)","張O甄","02-26595035","02-26575189","有","有"
"04834314","19830514","20210814","鼎欽電子工業有限公司","BEST-TRANS ELECTRONICS CORP.","桃園市中壢區忠福里育英路46、48號","No. 48, Yuying Rd., Zhongfu Vil., Zhongli Dist., Taoyuan City 32057, Taiwan (R.O.C.)","曹O鱗","03-433-5095","03-433-5098","有","有"
"04835405","19830818","20210814","俐達機械有限公司","TAIWAN REACTOR MACHINERY CO., LTD.","臺北市內湖區安康路228巷5號1樓","1 F., No. 5, Ln. 228, Ankang Rd., Neihu Dist., Taipei City 11484, Taiwan (R.O.C.)","陳O南","02-29957738","02-29957013","有","有"
"04835475","20040728","20230427","新視介有限公司","NEW VISUAL FIELD CO., LTD.","臺中市西屯區福順路462巷6號1樓","1 F., No. 6, Ln. 462, Fushun Rd., Xitun Dist., Taichung City 407003, Taiwan (R.O.C.)","林O依","04-24639900","04-24631500","有","有"
"04836100","19880114","20210814","又增企業股份有限公司","DECA FORTUNE ENTERPRISE CO., LTD.","新北市汐止區福德一路392巷22弄20號","No. 20, Aly. 22, Ln. 392, Fude 1st Rd., Xizhi Dist., New Taipei City 22150, Taiwan (R.O.C.)","簡O明","02-26946589","02-26949745","有","有"
"04837608","19900825","20231107","德誠食品有限公司","GLORY FOOD CO., LTD.","臺北市南港區成功路1段38號1樓","1 F., No. 38, Sec. 1, Chenggong Rd., Nangang Dist., Taipei City 11570, Taiwan (R.O.C.)","王O雀","02-27830590","","有","有"
"04837656","20100730","20230407","宗銘工業有限公司","ANCESTOR INSCRIPTION INDUSTRY LIMITED COMPANY","臺北市內湖區新明路321巷10弄5號3樓","3 F., No. 5, Aly. 10, Ln. 321, Xinming Rd., Neihu Dist., Taipei City 114031, Taiwan (R.O.C.)","洪O偉","02-27962889","02-27919652","有","有"
"04837706","19880514","20210814","佳珣電業有限公司","JIA SHYUN ELECTRIC CO., LTD.","臺北市南港區重陽路166巷1號2樓","2 F., No. 1, Ln. 166, Chongyang Rd., Nangang Dist., Taipei City 11573, Taiwan (R.O.C.)","謝O興","02-27838167","","無","無"
"04837966","20241021","20241021","天國茗茶企業有限公司","Tengo Tea CO., LTD.","臺北市中山區錦州街229號1樓","1 F., No. 229, Jinzhou St., Zhongshan Dist., Taipei City 104022, Taiwan (R.O.C.)","陳O娥","2516-9702","","有","有"
"04838276","19841105","20210814","整合股份有限公司","RADISTAR CORP.","新北市新莊區化成路403巷4號","No. 4, Ln. 403, Huacheng Rd., Xinzhuang Dist., New Taipei City 24253, Taiwan (R.O.C.)","梁O文","02-29922817","02-29922819","有","有"
"04839140","19830912","20210814","兆星國際有限公司","STARBRIGHT CO., LTD.","臺北市內湖區瑞光路76巷33號6樓","6 F., No. 33, Ln. 76, Ruiguang Rd., Neihu Dist., Taipei City 11491, Taiwan (R.O.C.)","陳O妙","02-2795-6666","02-2792-6688","有","有"
"04839916","19990419","20210815","專用紙器有限公司","CHUAN YONG PAPER CO., LTD.","桃園市龜山區萬壽路一段132號14樓","14 F., No. 132, Sec. 1, Wanshou Rd., Guishan Dist., Taoyuan City 33350, Taiwan (R.O.C.)","董O美","02-28815011","","有","有"
"04839943","19830819","20210815","王麥企業有限公司","VIMMAX INDUSTRIAL CO., LTD.","臺北市信義區永吉路348號7樓","7 F., No. 348, Yongji Rd., Xinyi Dist., Taipei City 11068, Taiwan (R.O.C.)","黃O齡","02-27533200","02-27663093","有","有"
"04840890","19930518","20240730","威宇企業有限公司","WOEI YUIH ENTERPRISE CO., LTD.","臺北市文山區興隆路1段88號1樓","1 F., No. 88, Sec. 1, Xinglong Rd., Wenshan Dist., Taipei City 116061, Taiwan (R.O.C.)","林O萱","02-27084898","","有","有"
"04841096","19790215","20210812","益將企業股份有限公司","TROPICS ENTERPRISE CO., LTD.","新北市新店區寶橋路235巷137號8樓之4","8 F.-4, No. 137, Ln. 235, Baoqiao Rd., Xindian Dist., New Taipei City 23145, Taiwan (R.O.C.)","陳O蓮","02-89191169","02-89191167","有","有"
"04842932","19780929","20210815","創意企業有限公司","IDEA-CRAFT ENTERPRISE CO., LTD.","新北市深坑區北深路3段141巷10號","No. 10, Ln. 141, Sec. 3, Beishen Rd., Shenkeng Dist., New Taipei City 22244, Taiwan (R.O.C.)","潘O琪","02-86631366","02-29330324","有","有"
"04844404","19740830","20240516","牧人企業有限公司","HERDSMAN ENTERPRISES CO., LTD.","臺北市文山區羅斯福路5段166號6樓","6 F., No. 166, Sec. 5, Roosevelt Rd., Wenshan Dist., Taipei City 116059, Taiwan (R.O.C.)","鄭O明","02-29315691","","有","有"
"04845591","19780511","20210813","史谷脫兄弟企業有限公司","SEVEN STARS ELECTRONICS TAIWAN LTD.","新北市新店區中正路542之7號8樓","8 F., No. 542-7, Zhongzheng Rd., Xindian Dist., New Taipei City 23148, Taiwan (R.O.C.)","郭O隆","02-22183165","02-22187077","有","有"
"04846445","19790205","20230706","偉靂企業有限公司","WOEI LIH CO., LTD.","新北市新店區中正路538巷1號2樓","2 F., No. 1, Ln. 538, Zhongzheng Rd., Xindian Dist., New Taipei City 231021, Taiwan (R.O.C.)","林O章","02-29185107","","有","有"
"04846894","19971028","20210814","宏鳴有限公司","HOMIN AUDIO & VISION CO., LTD.","臺北市文山區興隆路1段227號1樓","1 F., No. 227, Sec. 1, Xinglong Rd., Wenshan Dist., Taipei City 11680, Taiwan (R.O.C.)","簡O嬌","02-29329187","02-29349049","有","有"
"04847036","19810106","20210815","權鋒有限公司","CPC & LIU CO., LTD.","新北市新店區民生路19號4樓","4 F., No. 19, Minsheng Rd., Xindian Dist., New Taipei City 23150, Taiwan (R.O.C.)","林O珊","02-22185609","02-22187419","有","有"
"04848513","20020923","20210811","雲玉獸肉號","YUN YU MEAT STORE","臺北市文山區木柵路1段260巷1號光明市場內17之1號","No. 1, Ln. 260, Sec. 1, Muzha Rd., Wenshan Dist., Taipei City 11645, Taiwan (R.O.C.)","陳O雲玉","02-25213771","","有","有"
"04850123","20050223","20221111","中祥食品工業股份有限公司","CHUNG HSIANG FOODS IND CO., LTD.","桃園市八德區廣福路613號","No. 613, Guangfu Rd., Bade Dist., Taoyuan City 334020, Taiwan (R.O.C.)","李O志","03-3713688","03-3714588","有","有"
"04852662","19830321","20221011","商登貿易有限公司","SUNDENT CORPORATION","臺中市西區臺灣大道二段186號13樓之1","13 F.-1, No. 186, Sec. 2, Taiwan Blvd., West Dist., Taichung City 40354, Taiwan (R.O.C.)","李O瀅","04-23266660","04-23262700","有","有"
"04853748","19950829","20210815","永安雅企業有限公司","YUNG AN YA ENTERPRISE CO., LTD.","臺中市南屯區工業區23路1號1樓","1 F., No. 1, Gongyequ 23rd Rd., Nantun Dist., Taichung City 40850, Taiwan (R.O.C.)","吳O穎","04-23594290","04-23500297","有","有"
"04855008","20000614","20210812","宇于實業有限公司","RICH RICE ENTERPRISE CO., LTD.","臺北市文山區汀州路4段170號","No. 170, Sec. 4, Tingzhou Rd., Wenshan Dist., Taipei City 11676, Taiwan (R.O.C.)","阮O清鸞","02-23657922","02-23654657","有","有"
"04855942","19890414","20210812","祥惠企業有限公司","FOLUS ENTERPRISE CO., LTD.","臺北市文山區興隆路2段217巷6弄2號","No. 2, Aly. 6, Ln. 217, Sec. 2, Xinglong Rd., Wenshan Dist., Taipei City 11689, Taiwan (R.O.C.)","顏O霞","02-2932-4367","","有","有"
"04856816","19851217","20210812","藝軒圖書文具有限公司","YI HSIEN PUBLISHING CO., LTD.","新北市新店區寶高路7巷3號2樓","2 F., No. 3, Ln. 7, Baogao Rd., Xindian Dist., New Taipei City 23144, Taiwan (R.O.C.)","董O重","02-29182288","02-29172266","有","有"
"04857343","19780519","20230530","龍偉實業股份有限公司","LONG WAY ENTERPRISE CO., LTD.","新北市新店區北新路3段207號14樓","14 F., No. 207, Sec. 3, Beixin Rd., Xindian Dist., New Taipei City 231030, Taiwan (R.O.C.)","許O標","02-29174000","02-29187065","有","有"
"04858672","19920812","20210815","堯泰實業有限公司","YAO-TAI CONSTRUCTION MATERIALS CO., LTD.","臺北市文山區羅斯福路5段252號1樓","1 F., No. 252, Sec. 5, Roosevelt Rd., Wenshan Dist., Taipei City 11675, Taiwan (R.O.C.)","黃O珍","02-29312110","02-29341268","有","有"
"04859877","19980218","20240403","桂華實業股份有限公司","KUEI HUA CONSTRUCTION COMPANY LTD.","高雄市鳳山區國富路27號13樓","13 F., No. 27, Guofu Rd., Fengshan Dist., Kaohsiung City 83075, Taiwan (R.O.C.)","","07-7633536","07-7637356","無","無"
"04860023","20220121","20220121","指南宮","CHEE NAM TEMPLE","台北市文山區萬壽路115號","No. 115, Wanshou Rd., Wenshan Dist., Taipei City 11666, Taiwan (R.O.C.)","高O文","02-29399922","02-29392272","有","有"
"04862063","19880202","20221019","大增鋼鐵金屬有限公司","TAI PACIFIC CO., LTD.","臺北市文山區羅斯福路6段204號1樓","1 F., No. 204, Sec. 6, Roosevelt Rd., Wenshan Dist., Taipei City 116056, Taiwan (R.O.C.)","許O仁","02-29313539","02-29318996","有","有"
"04863990","19761018","20210813","唐代企業有限公司","TOM DYNAMO CO., LTD.","新北市新莊區昌明街30巷5弄1號5樓","5 F., No. 1, Aly. 5, Ln. 30, Changming St., Xinzhuang Dist., New Taipei City 24251, Taiwan (R.O.C.)","洪O惠","02-29949537","02-22772121","有","有"
"04864196","20130426","20230316","鴻益化工原料有限公司","HUNG EI CHEMICAL CO., LTD","臺北市文山區羅斯福路6段183號","No. 183, Sec. 6, Roosevelt Rd., Wenshan Dist., Taipei City 116052, Taiwan (R.O.C.)","林O盛","02-29310809","02-29340966","有","有"
"04865462","19840711","20240830","金橋科技股份有限公司","GOLDEN BRIDGE ELECTECH INC.","新北市深坑區萬福里北深路三段270巷6號3樓","3 F., No. 6, Ln. 270, Sec. 3, Beishen Rd., Wanfu Vil., Shenkeng Dist., New Taipei City 222401, Taiwan (R.O.C.)","林O升","02-26627300","02-26620642","有","有"
"04865478","20250326","20250326","利達通運股份有限公司","Lida bus service CO., LTD.","臺北市文山區景興路21號2樓","2 F., No. 21, Jingxing Rd., Wenshan Dist., Taipei City 116067, Taiwan (R.O.C.)","許O棋","02-2932-9988","02-8931-2039","有","有"
"04865619","19781215","20230527","國哲企業股份有限公司","KUO JER ENTERPRISE CO., LTD.","高雄市新興區南港里仁愛一街291巷2號8樓之1","8 F.-1, No. 2, Ln. 291, Ren’ai 1st St., Nangang Vil., Xinxing Dist., Kaohsiung City 800010, Taiwan (R.O.C.)","鄭O隆","07-2373853","07-2373690","有","有"
"04866461","19870919","20210813","大統圖書股份有限公司","TA TONG BOOK COMPANY LTD.","新北市汐止區新台五路1段99號19樓之12","19 F.-12, No. 99, Sec. 1, Xintai 5th Rd., Xizhi Dist., New Taipei City 22175, Taiwan (R.O.C.)","何O榮","02-26975677","02-26975688","有","有"
"04866743","19780823","20231111","威肯企業有限公司","WEICAN INDUSTRIAL CO., LTD.","臺北市中山區錦州街159號3樓之2","3 F.-2, No. 159, Jinzhou St., Zhongshan Dist., Taipei City 104624, Taiwan (R.O.C.)","韋O利","02-23775011","02-27375971","有","有"
"04867433","20020920","20020920","佳天號","JIA TIAN MEAT STORE","台北市木柵區集英街１４號１樓","1FL., NO.14, MUCHA DIST., JI YING ST., TAIPEI, TAIWAN, R.O.C.","鄭O雄","02-25213771","","無","無"
"04868019","19780810","20210815","利權實業有限公司","RICH PALM ENTERPRISE CORPORATION LTD.","新北市深坑區北深路3段155巷23號4樓","4 F., No. 23, Ln. 155, Sec. 3, Beishen Rd., Shenkeng Dist., New Taipei City 22203, Taiwan (R.O.C.)","林O成","02-26627318","02-26627323","有","有"
"04868117","19811020","20230527","鹿奇企業有限公司","T. L. & E. INTERNATIONAL CORPORATION","新北市新莊區化成路764巷4號","No. 4, Ln. 764, Huacheng Rd., Xinzhuang Dist., New Taipei City 242043, Taiwan (R.O.C.)","閻O錚","02-29992428","02-29992738","無","無"
"04868881","19780126","20210812","勇生企業有限公司","YEONG SHENG ENTERPRISE CO., LTD.","臺北市文山區興順街167號1樓","1 F., No. 167, Xingshun St., Wenshan Dist., Taipei City 11687, Taiwan (R.O.C.)","劉O金","29317430","29331006","有","有"
"04869642","19780703","20241122","牧友實業有限公司","BEANNE CHEMICAL CO.","臺北市文山區羅斯福路5段166號6樓","6FL., NO.166, SECT.5, ROOSEVELT ROAD, WENSHAN DIST., TAIPEI CITY, TAIWAN. R.O.C.","鄭O明","02-29317272","02-29312900","有","有"
"04872007","20040310","20210815","天賜機器工業有限公司","TIAN SYH MACHINE INDUSTRIAL CO., LTD.","桃園市平鎮區建安里平東路659巷46號","No. 46, Ln. 659, Pingdong Rd., Jian’an Vil., Pingzhen Dist., Taoyuan City 32465, Taiwan (R.O.C.)","林O賜","03-4607515","03-4607517","有","有"
"04872421","19780224","20210812","春洋企業有限公司","SPRING OCEAN ENTERPRISE CO., LTD.","臺北市文山區興隆路1段251巷6號1樓","1 F., No. 6, Ln. 251, Sec. 1, Xinglong Rd., Wenshan Dist., Taipei City 11680, Taiwan (R.O.C.)","余O森","29350283","29301326","有","有"
"04873049","19790416","20210813","肯大實業有限公司","KENTEX INDUSTRY CO., LTD.","新北市汐止區翠峰街8巷5弄4號","No. 4, Aly. 5, Ln. 8, Cuifeng St., Xizhi Dist., New Taipei City 22169, Taiwan (R.O.C.)","劉O蘭","02-26476929","02-26498967","有","有"
"04873385","20120523","20221004","弘美育樂股份有限公司","HONG-MEI RECREATION CO., LTD.","臺北市文山區羅斯福路6段403號4-6樓","4F.-6F., No. 403, Sec. 6, Roosevelt Rd., Wenshan Dist., Taipei City 116052, Taiwan (R.O.C.)","陳O勝","(02)2934-6494","(02)2557-3155","有","有"
"04873667","20090422","20210813","豐明興業有限公司","FONG-MING GASES INDUSTRIAL CO., LTD.","臺北市文山區景明街3之4號1樓","1 F., No. 3-4, Jingming St., Wenshan Dist., Taipei City 11679, Taiwan (R.O.C.)","詹O煌","02-29331892","02-29342142","有","有"
"04875026","19791008","20230526","金翎企業有限公司","CARMAN INDUSTRIAL CO., LTD.","新北市新莊區化成路764巷4號","No. 4, Ln. 764, Huacheng Rd., Xinzhuang Dist., New Taipei City 242043, Taiwan (R.O.C.)","閻O麟","02-29992428","02-29992738","無","無"
"04875074","19961213","20210815","高工企業有限公司","KAO KONG ENTERPRISE CO., LTD.","臺北市文山區辛亥路7段76巷27號1樓","1 F., No. 27, Ln. 76, Sec. 7, Xinhai Rd., Wenshan Dist., Taipei City 11643, Taiwan (R.O.C.)","賴O敏","02-22363549","","有","有"
"04875314","20020927","20221117","北昌五金有限公司","PEI CHANG HARDWARE CO., LTD.","臺北市文山區木柵路1段329號1樓","1 F., No. 329, Sec. 1, Muzha Rd., Wenshan Dist., Taipei City 116005, Taiwan (R.O.C.)","李O娟","02-29318939","02-29353367","無","無"
"04875905","20020920","20020920","志鴻號","JR HUNG MEAT STORE","台北市木柵區集英街９號１樓（木柵市場外１１３號攤位）","1FL.,NO.9, JI YING ST., MU CHA DIST. MU CHA SHICHANG WAI STALL 113, TAIPEI,TAIWAN,R.O.C.","高O益","02-25213771","","無","無"
"04875969","19800314","20210815","偉斯企業股份有限公司","WELL-BEING ENTERPRISE CO., LTD.","臺北市松山區民權東路3段170號9樓之2","9 F.-2, No. 170, Sec. 3, Minquan E. Rd., Songshan Dist., Taipei City 10542, Taiwan (R.O.C.)","葉O誠","02-2719-3456","02-2716-5522","有","有"
"04876279","19941210","20210815","臺鴻機電工程有限公司","TAIHONG ELECTRIC CO., LTD.","新北市新店區檳榔路14號","No. 14, Binlang Rd., Xindian Dist., New Taipei City 23147, Taiwan (R.O.C.)","林O興","02-29155211","02-29155211","有","有"
"04877349","19971028","20210814","鈉德股份有限公司","NA-TE ENTERPRISE CO., LTD.","新北市新店區寶橋路235巷6弄4號5樓","5 F., No. 4, Aly. 6, Ln. 235, Baoqiao Rd., Xindian Dist., New Taipei City 23145, Taiwan (R.O.C.)","廖O嬌","8911-5316","2915-7227","有","有"
"04877657","19830726","20230722","台灣良得電子股份有限公司","TAIWAN LINE TEK ELECTRONIC CO., LTD.","新北市深坑區北深路3段272號1樓","1 F., No. 272, Sec. 3, Beishen Rd., Shenkeng Dist., New Taipei City 222401, Taiwan (R.O.C.)","陳O水","02-2662-5600","02-2662-9132","有","有"
"04877777","19781121","20230407","正盟有限公司","RIGHTEOUS CO., LTD.","臺北市松山區復興北路57號5樓之3","5 F.-3, No. 57, Fuxing N. Rd., Songshan Dist., Taipei City 105404, Taiwan (R.O.C.)","胡O強","02-27731206","","有","有"
"04878065","19840211","20210813","笙龍實業有限公司","SONION INDUSTRIAL CO., LTD.","臺北市文山區興隆路2段22巷14號","No. 14, Ln. 22, Sec. 2, Xinglong Rd., Wenshan Dist., Taipei City 11687, Taiwan (R.O.C.)","洪O治","02-29326282","29310601","無","無"
"04878728","19830207","20250403","好有貿易有限公司","TAIWAN BONACO INC.","臺北市信義區吳興街284巷36弄18號1樓","1 F., No. 18, Aly. 36, Ln. 284, Wuxing St., Xinyi Dist., Taipei City 110012, Taiwan (R.O.C.)","","02-27365724","02-27365788","無","無"
"04879389","20040319","20230203","利辰股份有限公司","LEADER GLOBAL LTD.","臺北市文山區景福街210號1樓","1 F., No. 210, Jingfu St., Wenshan Dist., Taipei City 116055, Taiwan (R.O.C.)","張O","02-29327162","","無","無"
"04880077","19950322","20210812","宏溪企業有限公司","GREAT STREAM ENTERPRISE CO., LTD.","新北市中和區中山路二段三八○巷二三號","No. 23, Ln. 380, Sec. 2, Zhongshan Rd., Zhonghe Dist., New Taipei City 23584, Taiwan (R.O.C.)","陳O珠","02-22427755","","有","有"
"04880668","19790824","20210813","誌榮電機有限公司","JYH-RONG ELECTRIC CO., LTD.","新北市中和區建六路78號","No. 78, Jian 6th Rd., Zhonghe Dist., New Taipei City 23585, Taiwan (R.O.C.)","許O愈","02-22232282","02-22235284","有","有"
"04880858","19790814","20210812","森基有限公司","FAR STAR TRADING CO., LTD.","臺北市中山區長春路172號9樓之2","9 F.-2, No. 172, Changchun Rd., Zhongshan Dist., Taipei City 10485, Taiwan (R.O.C.)","劉O娟","02-25081962","25071764","無","無"
"04880962","19860430","20210814","盛通實業股份有限公司","SHENG TUNG POLYURETHANE CO., LTD.","桃園市觀音區中山路一段350號","No. 350, Sec. 1, Zhongshan Rd., Guanyin Dist., Taoyuan City 32842, Taiwan (R.O.C.)","張O程","03-4734877","03-4731507","有","有"
"04881168","20040513","20210815","隆友汽車有限公司","LONG YO MOTOR LTD.","臺北市文山區興隆路2段216號218號1樓","1 F., No. 216, Sec. 2, Xinglong Rd., Wenshan Dist., Taipei City 11690, Taiwan (R.O.C.)","林O財","02-29315265","02-29318219","有","有"
"04881370","19870924","20210814","力明儀器有限公司","L.M.I. CO., LTD.","臺北市文山區羅斯福路6段150巷22號4樓之1","4 F.-1, No. 22, Ln. 150, Sec. 6, Roosevelt Rd., Wenshan Dist., Taipei City 11674, Taiwan (R.O.C.)","陳O偉","02-29342812","02-29352548","有","有"
"04882173","20041005","20210912","忠順木箱包裝有限公司","CSC WOOD INDUSTRIAL CORPORATION","臺北市中正區水源路49之1號","No. 49-1, Shuiyuan Rd., Zhongzheng Dist., Taipei City 10086, Taiwan (R.O.C.)","許O榮","02-2214-4858","02-2214-2262","有","有"
"04882429","19800911","20230111","易城股份有限公司","TAIWAN E. CHIOUNG CO., LTD.","臺北市文山區興隆路1段179號4樓","4 F., No. 179, Sec. 1, Xinglong Rd., Wenshan Dist., Taipei City 116064, Taiwan (R.O.C.)","高O卿","02-29311929","","有","有"
"04882498","19920820","20210814","秀雄企業股份有限公司","SHIU HSIUNG ENTERPRISE CO., LTD.","新北市新店區中正路四維巷2弄11號1樓","1 F., No. 11, Aly. 2, Siwei Ln., Zhongzheng Rd., Xindian Dist., New Taipei City 23148, Taiwan (R.O.C.)","戴O雄","02-22185475","","有","有"
"04882814","19790829","20210814","百平投資股份有限公司","CHRISA INTERNATIONAL CORPORATION","臺北市萬華區莒光路310號3樓","3 F., No. 310, Juguang Rd., Wanhua Dist., Taipei City 10860, Taiwan (R.O.C.)","徐O春","02-27210785","","有","有"
"04882883","19790910","20230414","百鈞電子工業股份有限公司","PAI JUNG ELECTRONIC INDUSTRIAL CO., LTD.","臺北市北投區公館路423巷8弄9號1樓","1 F., No. 9, Aly. 8, Ln. 423, Gongguan Rd., Beitou Dist., Taipei City 112057, Taiwan (R.O.C.)","林O卿","02-28322976","","無","無"
"04883172","19980514","20221221","中生生技製藥股份有限公司","CBC BIOTECHNOLOGICAL & PHARMACEUTICAL CO., LTD.","新北市淡水區埤島里行忠路120號","No. 120, Xingzhong Rd., Pidao Vil., Tamsui Dist., New Taipei City 251012, Taiwan (R.O.C.)","郭O文","02-86310018","02-86310200","有","有"
"04883840","19850205","20210814","大連電子工業股份有限公司","GREATLINK ELECTRONICS TAIWAN LTD.","新北市新店區寶興路45巷5號3樓","3 F., No. 5, Ln. 45, Baoxing Rd., Xindian Dist., New Taipei City 23145, Taiwan (R.O.C.)","張O卿","02-29179261","02-29178260","有","有"
"04884073","20030213","20210812","唯福有限公司","WEIFULL COMPANY LIMITED","臺北市文山區景興路14號2樓","2 F., No. 14, Jingxing Rd., Wenshan Dist., Taipei City 11685, Taiwan (R.O.C.)","蘇O興","02-2932-0550","02-2934-0842","有","有"
"04884593","20031015","20210812","正韻實業有限公司","JOIN CABLE INDUSTRIAL CO., LTD.","新北市新店區中正路54巷12號4樓","4 F., No. 12, Ln. 54, Zhongzheng Rd., Xindian Dist., New Taipei City 23146, Taiwan (R.O.C.)","高O寶珠","02-2917-8988","02-2912-7651","有","有"
"04884600","19980424","20210813","凱達塑膠股份有限公司","KAE DAR PLASTICS CO., LTD.","臺北市文山區木新路3段155巷4弄12號","No. 12, Aly. 4, Ln. 155, Sec. 3, Muxin Rd., Wenshan Dist., Taipei City 11658, Taiwan (R.O.C.)","高O輝","02-29366195","","有","無"
"04884926","19811105","20230216","岱暉股份有限公司","DYFENCO INTERNATIONAL CO., LTD.","高雄市燕巢區四林路136號","No. 136, Silin Rd., Yanchao Dist., Kaohsiung City 824006, Taiwan (R.O.C.)","徐O耀","07-6160317","07-6161639","有","有"
"04885002","19850328","20210812","隆煌有限公司","LONG HWANG COMPANY LTD.","臺北市大安區基隆路2段142號4樓之1","4 F.-1, No. 142, Sec. 2, Keelung Rd., Da’an Dist., Taipei City 10677, Taiwan (R.O.C.)","溫O煌","02-27056486","","有","有"
"04885122","19940422","20230425","明輝化工實業有限公司","MIN HUEY CHEMICALS INDUSTRIES CO., LTD.","新北市土城區大安路138巷32號","No. 32, Ln. 138, Da’an Rd., Tucheng Dist., New Taipei City 236042, Taiwan (R.O.C.)","黃O卿","02-22692527","02-22691802","有","有"
"04885468","19830226","20210813","得賓實業有限公司","DOBBIN CORP.","新北市板橋區實踐路128號6樓之1","6 F.-1, No. 128, Shijian Rd., Banqiao Dist., New Taipei City 22064, Taiwan (R.O.C.)","謝O容","02-29598178","","有","有"
"04885880","19880415","20230313","斌聖企業有限公司","BIN SHENG ENTERPRISE CO., LTD.","臺北市大安區和平東路1段73號12樓之3","12 F.-3, No. 73, Sec. 1, Heping E. Rd., Da’an Dist., Taipei City 106004, Taiwan (R.O.C.)","黃O貞","02-23944242","","無","無"
"04886277","19860407","20210814","乾傑工業股份有限公司","CHYAN JYE INDUSTRIAL CO., LTD.","新北市土城區亞洲路58巷3弄1號","No. 1, Aly. 3, Ln. 58, Yazhou Rd., Tucheng Dist., New Taipei City 23677, Taiwan (R.O.C.)","張O乾","02-2965-5832","02-2967-0831","有","有"
"04886522","19800311","20210815","道道實業股份有限公司","DORIS INDUSTRIAL CO., LTD.","臺北市中正區寧波西街92號3樓","3 F., No. 92, Ningbo W. St., Zhongzheng Dist., Taipei City 10076, Taiwan (R.O.C.)","熊O賢","02-23961663","02-23961683","有","有"
"04886641","19831020","20210815","冠茂企業有限公司","GEM MARK ENTERPRISE CO., LTD.","臺北市大安區信義路4段306號5樓","5 F., No. 306, Sec. 4, Xinyi Rd., Da’an Dist., Taipei City 10679, Taiwan (R.O.C.)","黃O秋","02-27042023","","有","有"
"04887162","20060607","20220108","一展工程有限公司","E ZHAN ENGINEERING CO., LTD.","新北市新店區華城路36巷10之2號","1 F., No. 6, Ln. 154, Baoqiao Rd., Xindian Dist., New Taipei City 23145, Taiwan (R.O.C.)","陳O姍","02-22121099","02-22113823","有","有"
"04887418","19820218","20221104","頤坊企業有限公司","IVAN LEATHERCRAFT CO., LTD.","臺北市內湖區洲子街100號4樓","4 F., No. 100, Zhouzi St., Neihu Dist., Taipei City 114684, Taiwan (R.O.C.)","陳O肯","02-87978271","02-87978610","有","有"
"04887536","19800516","20210812","長盛國際貿易股份有限公司","TRANSCEND INTERNATIONAL COMPANY","臺北市內湖區陽光街321巷26號3樓之17","3 F.-17, No. 26, Ln. 321, Yangguang St., Neihu Dist., Taipei City 11491, Taiwan (R.O.C.)","趙O源","02-27361021-4","02-27363675","有","有"
"04887557","19881231","20230707","術頂企業有限公司","SOUNDTECH MULTIMEDIA CO., LTD.","臺北市中山區長安東路2段162號7樓","7 F., No. 162, Sec. 2, Chang'an E. Rd., Zhongshan Dist., Taipei City 104499, Taiwan (R.O.C.)","","02-29347825","02-29342792","無","無"
"04887769","19930311","20210813","冠杰企業有限公司","GRAN JYE ENTERPRISE CO., LTD.","臺北市文山區興隆路2段301巷6號1樓","1 F., No. 6, Ln. 301, Sec. 2, Xinglong Rd., Wenshan Dist., Taipei City 11692, Taiwan (R.O.C.)","翁O榮","02-29352727","02-29345822","有","有"
"04889041","19920630","20221021","樹樺電子股份有限公司","SHU HWA ELECTRONIC CO., LTD.","臺北市內湖區潭美街588號8樓","8 F., No. 588, Tanmei St., Neihu Dist., Taipei City 114044, Taiwan (R.O.C.)","高O元","02-2792-3447","02-27601039","有","有"
"04890011","20020920","20210811","文樟號","WEN JANG MEAT STORE","臺北市文山區保儀路76號木柵市場7號","No. 76, Baoyi Rd., Wenshan Dist., Taipei City 11650, Taiwan (R.O.C.)","鄭O樟","02-25213771","","有","有"
"04890048","20020920","20210811","芬香肉號","FEN SHIANG MEAT STORE","臺北市文山區保儀路76號木柵市場58號","No. 76, Baoyi Rd., Wenshan Dist., Taipei City 11650, Taiwan (R.O.C.)","張O媛","02-25213771","","有","有"
"04890146","19810916","20230522","金久有限公司","KING JOY CORPORATION","臺北市中正區博愛路30號1樓","1 F., No. 30, Bo’ai Rd., Zhongzheng Dist., Taipei City 100001, Taiwan (R.O.C.)","陳O儒","02-23753378","02-23753894","無","無"
"04890217","19920505","20210812","雲威企業有限公司","CLOUD POWER ENTERPRISES CO., LTD.","臺北市信義區松德路83號地下層","No. 83, Songde Rd., Xinyi Dist., Taipei City 11075, Taiwan (R.O.C.)","張O賢","02-23412113","","有","有"
"04890589","19930831","20241009","泰力機械有限公司","TAY LYNX MECHANICAL CO., LTD.","臺北市文山區景興路15號1樓","1 F., No. 15, Jingxing Rd., Wenshan Dist., Taipei City 116067, Taiwan (R.O.C.)","高O碩","02-26681018","02-26681021","有","有"
"04890618","19870109","20250101","國暉國際有限公司","SOUND FOOD INTERNATIONAL CO., LTD.","新北市新店區中正路542之1號4樓","4 F., No. 542-1, Zhongzheng Rd., Xindian Dist., New Taipei City 231021, Taiwan (R.O.C.)","程O鈞","02-22187121","02-22181741","有","有"
"04890624","19820217","20220505","崑義實業股份有限公司","KUON YI INDUSTRIAL CORP.","臺北市文山區萬慶街44號1樓","1 F., No. 44, Wanqing St., Wenshan Dist., Taipei City 11672, Taiwan (R.O.C.)","嚴O意","02-22180519","02-86676760","有","有"
"04891089","19880706","20240719","建和製麵工廠有限公司","CHIEN HO NOODLE MFG. CO., LTD.","臺北市文山區指南路1段65號2樓","2 F., No. 65, Sec. 1, Zhinan Rd., Wenshan Dist., Taipei City 116024, Taiwan (R.O.C.)","鄭O富","02-29392780","","有","有"
"04891454","19800917","20210812","喆龍實業有限公司","SOLID GOLD INDUSTRIAL CO., LTD.","臺北市大安區仁愛路3段24巷11號2樓","2 F., No. 11, Ln. 24, Sec. 3, Ren’ai Rd., Da’an Dist., Taipei City 10656, Taiwan (R.O.C.)","陳O枝","02-2709-2135","02-2703-6135","有","有"
"04891476","19801001","20210814","合璿實業有限公司","SPARK WORLD INDUSTRIAL CO., LTD.","臺北市文山區辛亥路5段92之2號地下1樓","1 F., No. 92-2, Sec. 5, Xinhai Rd., Wenshan Dist., Taipei City 11695, Taiwan (R.O.C.)","鮑O珍","02-29318803","02-29326674","有","有"
"04891497","19800926","20210814","勝甲企業有限公司","SAN GEORGE ENTERPRISE CO., LTD","臺北市松山區南京東路5段163號4樓之7","4 F.-7, No. 163, Sec. 5, Nanjing E. Rd., Songshan Dist., Taipei City 10570, Taiwan (R.O.C.)","黃O業","02-27601861","02-27612615","有","有"
"04892587","20070118","20250109","合歷紙器股份有限公司","HOLY PAPER CONTAINERS CO., LTD.","新北市五股區成泰路1段7巷13號(1樓)","1 F., No. 13, Ln. 7, Sec. 1, Chengtai Rd., Wugu Dist., New Taipei City 248009, Taiwan (R.O.C.)","張O福","02-29099426","02-29093653","有","有"
"04892691","20060421","20210812","亞達工程有限公司","YA DA ENGINEERING CO., LTD.","臺北市大安區復興南路2段111巷17弄8號1樓","1 F., No. 8, Aly. 17, Ln. 111, Sec. 2, Fuxing S. Rd., Da’an Dist., Taipei City 10665, Taiwan (R.O.C.)","陳O慶","02-27036808","02-27095627","有","有"
"04892714","20020814","20240112","上升工業有限公司","SAN SUN INDUSTRY COMPANY","新北市新店區建安街15巷8號1樓","1 F., No. 8, Ln. 15, Jian’an St., Xindian Dist., New Taipei City 231030, Taiwan (R.O.C.)","周O麗卿","02-29121681","02-29121685","有","有"
"04892741","19880426","20210813","百控企業股份有限公司","BARCOL INDUSTRIES INC.","新北市新店區中興路2段192號4樓","4 F., No. 192, Sec. 2, Zhongxing Rd., Xindian Dist., New Taipei City 23146, Taiwan (R.O.C.)","龍O道","02-29189655","02-29189656","有","有"
"04893306","19820701","20210815","鉅合企業股份有限公司","SUMMIT UNION ENTERPRISE CO.","臺北市士林區承德路4段306號8樓","8 F., No. 306, Sec. 4, Chengde Rd., Shilin Dist., Taipei City 11168, Taiwan (R.O.C.)","陳O源","02-28881600","02-28832250","有","有"
"04893523","19911119","20210815","恩峯企業有限公司","ENTEK ELECTRIC CO., LTD.","新北市新店區中正路四維巷1弄4號5樓","5 F., No. 4, Aly. 1, Siwei Ln., Zhongzheng Rd., Xindian Dist., New Taipei City 23148, Taiwan (R.O.C.)","黃O台","02-29316870","02-29345816","有","有"
"04893827","19900508","20210814","新丹企業有限公司","SCIENTIFIC HIGHTEK CO., LTD.","臺北市南港區忠孝東路6段21號10樓之5","10 F.-5, No. 21, Sec. 6, Zhongxiao E. Rd., Nangang Dist., Taipei City 11575, Taiwan (R.O.C.)","王O凰","02-26522200","02-26530022","有","有"
"04894234","19880921","20210812","全程企業有限公司","CHUA CHEN ENTERPRISE CO., LTD.","新北市新店區寶興路五八巷九號地下層","No. 9, Ln. 58, Baoxing Rd., Xindian Dist., New Taipei City 23145, Taiwan (R.O.C.)","黃O山","02-29113356","","有","有"
"04894425","19961219","20210814","高明實業有限公司","KAUDER INDUSTRY CO., LTD.","新北市新店區安興路69號1樓","1 F., No. 69, Anxing Rd., Xindian Dist., New Taipei City 23159, Taiwan (R.O.C.)","高O忠","02-29153384","","有","有"
"04895515","19830322","20210813","漢全興業有限公司","HAN CHUAN INC.","新北市新店區寶強路16號17樓","17 F., No. 16, Baoqiang Rd., Xindian Dist., New Taipei City 23144, Taiwan (R.O.C.)","高O賢","02-2912-1277","02-8911-1579","有","有"
"04895557","19810502","20210813","家煌實業有限公司","AMINCO ORIENT LIMITED.","臺北市文山區興隆路2段153巷2弄17號4樓","4 F., No. 17, Aly. 2, Ln. 153, Sec. 2, Xinglong Rd., Wenshan Dist., Taipei City 11689, Taiwan (R.O.C.)","方O家","02-27522025","02-2741-5386","有","有"
"04895727","19820825","20220922","力永實業有限公司","LYEDM INDUSTRIAL CORP.","新北市新店區中正路531號7樓","7 F., No. 531, Zhongzheng Rd., Xindian Dist., New Taipei City 231615, Taiwan (R.O.C.)","陳O波","02-22184996","02-22185356","有","有"
"04895825","19810721","20220924","彰京開發股份有限公司","GOLD STONE DEVELOPMENT CO., LTD.","臺北市大安區基隆路2段164號10樓之2","10 F.-2, No. 164, Sec. 2, Keelung Rd., Da'an Dist., Taipei City 106644, Taiwan (R.O.C.)","吳O琪","02-2737-3213","02-2737-3363","有","有"
"04896036","19950719","20240925","偉煬企業有限公司","WOEI-YANG (SWEATER) CO., LTD.","新北市新店區中正路538巷1號2樓","2 F., No. 1, Ln. 538, Zhongzheng Rd., Xindian Dist., New Taipei City 231021, Taiwan (R.O.C.)","林O章","02-22185107","","有","有"
"04896319","19900830","20230609","司峰電子股份有限公司","SZ FONG ELECTRONICS CO., LTD.","新北市深坑區北深路3段155巷17號5樓","5 F., No. 17, Ln. 155, Sec. 3, Beishen Rd., Shenkeng Dist., New Taipei City 222404, Taiwan (R.O.C.)","高O雲","02-26625459","","無","無"
"04896556","19840627","20210813","三鋅企業有限公司","PAMA ELECTRIC EQUIPMENT CO., LTD.","臺北市文山區和興路6巷6號2樓","2 F., No. 6, Ln. 6, Hexing Rd., Wenshan Dist., Taipei City 11641, Taiwan (R.O.C.)","溫O全","02-22369980","02-22366383","有","有"
"04897680","19931224","20220326","業峰企業有限公司","YEH FENG TOYS ENTERPRISE CO., LTD.","新北市新店區寶元路2段36號(1樓)","1 F., No. 36, Sec. 2, Baoyuan Rd., Xindian Dist., New Taipei City 23144, Taiwan (R.O.C.)","周O生","03-3838680","03-3838680","有","有"
"04897865","20140624","20210812","鴻展彩色印刷股份有限公司","HONG JAAN PRINTING CO., LTD.","新北市新店區中正路四維巷2弄3號1樓","1 F., No. 3, Aly. 2, Siwei Ln., Zhongzheng Rd., Xindian Dist., New Taipei City 23148, Taiwan (R.O.C.)","朱O","02-2218-2337","02-22180723","有","有"
"04898225","19950908","20210813","啟輝電機有限公司","CHII HUEI ELECTRIC CO.","新北市新店區民生路19號2樓","2 F., No. 19, Minsheng Rd., Xindian Dist., New Taipei City 23150, Taiwan (R.O.C.)","陳O宏","02-22185533","02-22184841","有","有"
"04898597","19850706","20210812","厚恆企業有限公司","HOLLY HAND ENTERPRISE CO., LTD.","臺北市中山區中山北路2段112號13樓之1","13 F.-1, No. 112, Sec. 2, Zhongshan N. Rd., Zhongshan Dist., Taipei City 10449, Taiwan (R.O.C.)","劉O剛","02-2523-5319","02-2563-1756","有","有"
"04898908","19820202","20230501","歷璟企業有限公司","SHINE HAND CO., LTD.","臺北市中正區廈門街113巷7號3樓","3 F., No. 7, Ln. 113, Xiamen St., Zhongzheng Dist., Taipei City 100039, Taiwan (R.O.C.)","陳O敵","02-2357-8405","02-2357-8401","無","無"
"04899126","19810917","20210814","必高有限公司","BOUNTIFUL SUPPLIER CO., LTD.","基隆市七堵區麗景一街60號","No. 60, Lijing 1st St., Qidu Dist., Keelung City 20652, Taiwan (R.O.C.)","王O高","02-27252663","02-27251039","有","有"
"04899147","19931106","20210813","金何企業有限公司","MARK HO INDUSTRIAL CO., LTD.","臺北市大安區敦化南路2段265巷9號4樓","4 F., No. 9, Ln. 265, Sec. 2, Dunhua S. Rd., Da’an Dist., Taipei City 10675, Taiwan (R.O.C.)","何O堅","02-27382157","02-27385234","有","有"
"04899202","20000526","20210811","新正新米行","HSIN CHENG HSIN COMPANY","臺北市文山區興隆路2段19號1樓","1 F., No. 19, Sec. 2, Xinglong Rd., Wenshan Dist., Taipei City 11687, Taiwan (R.O.C.)","劉O慧","02-29312004","02-29315399","有","有"
"04899688","19830121","20210813","辰彗股份有限公司","JANWAY ENTERPRISE CO., LTD.","新北市深坑區北深路3段248號1樓","1 F., No. 248, Sec. 3, Beishen Rd., Shenkeng Dist., New Taipei City 22204, Taiwan (R.O.C.)","張O譯","02-2664-7148","02-2664-7113","有","有"
"04900215","19820423","20220929","健群興業有限公司","GILMAN ENTERPRISE CO., LTD.","臺北市文山區萬利街30巷27號1樓","1 F., No. 27, Ln. 30, Wanli St., Wenshan Dist., Taipei City 116014, Taiwan (R.O.C.)","郭O旗","02-22393760","","有","有"
"04900910","19820109","20210813","靈象有限公司","LINGHSIANG CO., LTD.","臺北市中山區南京東路3段201號3樓","3 F., No. 201, Sec. 3, Nanjing E. Rd., Zhongshan Dist., Taipei City 10488, Taiwan (R.O.C.)","凌O","02-29364941","","有","有"
"04901410","19831004","20210812","偉的實業有限公司","EVER FELICITY INDUSTRIAL CO., LTD.","臺南市南區文南里永南4街58號","No. 58, Yongnan 4th St., Wennan Vil., South Dist., Tainan City 70262, Taiwan (R.O.C.)","吳O蓮","02-29349251","","有","有"
"04901805","19820602","20210813","龍錸企業股份有限公司","FASHION TIME CORP.","臺北市松山區復興南路1段1號10樓之1","10 F.-1, No. 1, Sec. 1, Fuxing S. Rd., Songshan Dist., Taipei City 10556, Taiwan (R.O.C.)","鍾O珍","02-29811113","02-29810623","有","有"
"04902240","19991101","20240710","竹一電子企業有限公司","CHOOSEK ELECTRONICS ENTERPRISE CO., LTD.","新北市新店區中興路2段190號9樓之1","9 F.-1, No. 190, Sec. 2, Zhongxing Rd., Xindian Dist., New Taipei City 23146, Taiwan (R.O.C.)","陳O帆","29184681","29155680","有","有"
"04902558","19830606","20210814","奇鋒電鬍刀工業股份有限公司","CHI FON SHAVER IND. CO., LTD.","臺北市中山區民權東路3段58號3樓之5","3 F.-5, No. 58, Sec. 3, Minquan E. Rd., Zhongshan Dist., Taipei City 10477, Taiwan (R.O.C.)","余O凱","(02)24967158","(02)24970613","有","有"
"04902614","19991007","20210814","倬立醫材興業股份有限公司","Sales Leader Medical Instrument Co., Ltd.","臺北市南港區南港路3段130巷5弄4號1樓","1 F., No. 4, Aly. 5, Ln. 130, Sec. 3, Nangang Rd., Nangang Dist., Taipei City 11554, Taiwan (R.O.C.)","李O真","02-27827726","02-27831470","有","有"
"04902754","19970515","20210813","春昇實業有限公司","CHEUN SUN ENTERPRISE CO., LTD.","新北市新店區僑信路115巷7號1樓","1 F., No. 7, Ln. 115, Qiaoxin Rd., Xindian Dist., New Taipei City 23156, Taiwan (R.O.C.)","邱O雅蕙","02-22159736","02-22157740","有","有"
"04902831","20070322","20230323","基泰營造股份有限公司","KITAI CONSTRUCTION & DEVELOPMENT,INC.","新北市土城區金城路2段241號2樓","2 F., No. 241, Sec. 2, Jincheng Rd., Tucheng Dist., New Taipei City 236012, Taiwan (R.O.C.)","洪O森","02-25569030","02-25569999","無","無"
"04904459","19850805","20240409","珅億金屬有限公司","CIVORD INDUSTRIAL CORP.","新北市新店區雙城路60巷30之2號","No. 30-2, Ln. 60, Shuangcheng Rd., Xindian Dist., New Taipei City 23156, Taiwan (R.O.C.)","吳O華","02-22813497","02-22828710","有","有"
"04904697","20101110","20230502","雅域全球股份有限公司","AMENITY GLOBAL INC.","新北市永和區中正路660號3樓","3 F., No. 660, Zhongzheng Rd., Yonghe Dist., New Taipei City 234023, Taiwan (R.O.C.)","李O貞","02-23956100","02-23956110","有","有"
"04905231","19920424","20210815","暉鵬實業有限公司","PHIPN INDUSTRIES LTD.","臺北市文山區興隆路2段154巷11號3樓","3 F., No. 11, Ln. 154, Sec. 2, Xinglong Rd., Wenshan Dist., Taipei City 11689, Taiwan (R.O.C.)","顏O娟","02-29332100","02-29332129","有","有"
"04905393","19961218","20221228","鼎裕企業股份有限公司","CORE MASTER ENTERPRISE CO., LTD.","新北市新店區寶橋路235巷129號7樓之1","7 F.-1, No. 129, Ln. 235, Baoqiao Rd., Xindian Dist., New Taipei City 231028, Taiwan (R.O.C.)","蔡O惠","02-89191288","02-89191298","有","有"
"04906111","19991027","20210813","皇星鋁業有限公司","HUANG SHIN ALUMINUM CO., LTD.","臺北市文山區興隆路3段209號1樓","1 F., No. 209, Sec. 3, Xinglong Rd., Wenshan Dist., Taipei City 11697, Taiwan (R.O.C.)","許O生","02-22392100","02-22392573","有","有"
"04907202","20031007","20250510","藍寶實業有限公司","LAN-BOW RECORDS. CO., LTD.","臺北市松山區興安街149號1樓","1 F., No. 149, Xing’an St., Songshan Dist., Taipei City 10545, Taiwan (R.O.C.)","黃O雯","02-2545-5656","02-2717-4819","有","有"
"04907744","19821021","20210813","盈根企業有限公司","YING GENE ENTERPRISES CO., LTD.","新北市新店區寶中路94號7樓之5","7 F.-5, No. 94, Baozhong Rd., Xindian Dist., New Taipei City 23144, Taiwan (R.O.C.)","謝O和","02-2917-0288","02-2917-0968","有","有"
"04908053","19821201","20231021","名霙科技股份有限公司","SKIPPER TECHNOLOGIES CORPORATION","桃園市平鎮區廣明路65巷2號9樓","9 F., No. 2, Ln. 65, Guangming Rd., Pingzhen Dist., Taoyuan City 324607, Taiwan (R.O.C.)","林O翰","03-4026969","03-4026767","有","有"
"04908201","19891110","20210814","基業生物科技股份有限公司","LORD DUKE BIOTECHNOLOGY CORPORATION","臺北市內湖區行忠路60號7樓之1","7 F.-1, No. 60, Xingzhong Rd., Neihu Dist., Taipei City 11494, Taiwan (R.O.C.)","劉O瓊","02-27923111","02-27909777","有","有"
"04908309","19821110","20250318","興圓通商有限公司","SHINYEN CO., LTD.","臺北市信義區松德路171號8樓之6","8 F.-6, No. 171, Songde Rd., Xinyi Dist., Taipei City 11085, Taiwan (R.O.C.)","李O樂","02-27272031","02-27279483","有","有"
"04908814","19830119","20210813","明江貿易股份有限公司","MTC-MERCURY TRADING CO., LTD.","臺北市松山區南京東路5段356號11樓","11 F., No. 356, Sec. 5, Nanjing E. Rd., Songshan Dist., Taipei City 10569, Taiwan (R.O.C.)","羅O原","02-2742-1118","02-2742-5855","有","有"
"04908883","20000616","20210811","聯友糧食行","LIEN YO RICE CO.","臺北市南港區忠孝東路7段511號1樓2樓","1 F.-2, No. 511, Sec. 7, Zhongxiao E. Rd., Nangang Dist., Taipei City 11561, Taiwan (R.O.C.)","吳O棟","02-27837033-4","","有","有"
"04909216","19840903","20241024","達禪企業有限公司","DITHEISM COMPANY LTD.","臺北市大安區敦化南路2段140號12樓","12 F., No. 140, Sec. 2, Dunhua S. Rd., Da'an Dist., Taipei City 106102, Taiwan (R.O.C.)","蔡O傳","02-27002197","02-27001647","無","無"
"04909546","19830111","20221018","虹凱實業有限公司","THOMAS HUNG INDUSTRIAL CO., LTD.","臺北市大安區復興南路2段237號9樓之7","9 F.-7, No. 237, Sec. 2, Fuxing S. Rd., Da'an Dist., Taipei City 106478, Taiwan (R.O.C.)","洪O","02-2704-1243","02-2704-1242","無","無"
"04910847","19971016","20240113","合威國際實業有限公司","HARDWARE COMPUTER CO., LTD.","臺北市文山區羅斯福路5段180號3樓","3 F., No. 180, Sec. 5, Roosevelt Rd., Wenshan Dist., Taipei City 116058, Taiwan (R.O.C.)","","02-29341408","02-29310138","無","無"
"04910939","19850301","20240826","中華憶電股份有限公司","EMERALD ELECTRIC CO., LTD.","臺北市文山區興隆路3段124號1、2樓","2 F., No. 124, Sec. 3, Xinglong Rd., Wenshan Dist., Taipei City 116077, Taiwan (R.O.C.)","","22391005","","無","無"
"04911424","20041028","20210818","大宇快印輸出行","TAWOO CO.","臺北市文山區羅斯福路6段102號","No. 102, Sec. 6, Roosevelt Rd., Wenshan Dist., Taipei City 11674, Taiwan (R.O.C.)","白O賢","(02)2934-0646","","有","有"
"04913416","20031225","20210813","正一乾冰有限公司","CHEN-E EFFECTS CO., LTD.","臺北市文山區羅斯福路5段192巷25號1樓","1 F., No. 25, Ln. 192, Sec. 5, Roosevelt Rd., Wenshan Dist., Taipei City 11678, Taiwan (R.O.C.)","詹O凱","02-2934-8169","02-2932-3820","有","有"
"04913605","19830520","20210815","勝佶企業有限公司","SHENG BILLY ENTERPRISE CO., LTD.","臺北市文山區育英街31巷34弄5號3樓","3 F., No. 5, Aly. 34, Ln. 31, Yuying St., Wenshan Dist., Taipei City 11671, Taiwan (R.O.C.)","賴O","02-29322077","","有","有"
"04913627","19830705","20210813","頂富實業有限公司","TEAMFORCE CO., LTD.","新北市新店區中興路2段190號6樓","6 F., No. 190, Sec. 2, Zhongxing Rd., Xindian Dist., New Taipei City 23146, Taiwan (R.O.C.)","劉O民","02-29187158","02-29150951","有","有"
"04913725","19871111","20230112","耀驊企業有限公司","YORK FATIC CHEMICAL CO., LTD.","桃園市桃園區中正路1071號10樓之4","10 F.-4, No. 1071, Zhongzheng Rd., Taoyuan Dist., Taoyuan City 330010, Taiwan (R.O.C.)","詹O奇","02-27910019","","有","有"
"04915879","19880425","20220706","詮順實業有限公司","Propulsion Material Technology Co., Ltd.","臺北市大安區和平東路2段90巷2號9樓之3","9 F.-3, No. 2, Ln. 90, Sec. 2, Heping E. Rd., Da'an Dist., Taipei City 106622, Taiwan (R.O.C.)","江O毅","02-27336224","02-27323221","有","有"
"04916011","19830619","20210814","永吉電腦股份有限公司","UNION GENIUS COMPUTER CO., LTD.","臺北市信義區莊敬路391巷16弄3號1樓","1 F., No. 3, Aly. 16, Ln. 391, Zhuangjing Rd., Xinyi Dist., Taipei City 11050, Taiwan (R.O.C.)","范O英","02-27383939","02-27387979","有","有"
"04916130","19850122","20211118","昌泰科技股份有限公司","PACIFIC DATA PRODUCTS INC.","臺北市大安區敦化南路1段192號13樓之6","13F.-6, NO. 192, SEC. 1, DUNHUA S. RD., DA-AN DIST., TAIPEI CITY 10691, TAIWAN (R.O.C.)","吳O雲","02-27961138","02-27963310","有","有"
"04916271","19830729","20210813","智星電子股份有限公司","TME ELECTRONICS CO., LTD.","臺北市中山區中山北路2段112號13樓之1","13 F.-1, No. 112, Sec. 2, Zhongshan N. Rd., Zhongshan Dist., Taipei City 10449, Taiwan (R.O.C.)","劉O剛","02-25235319","","有","有"
"04916510","19830719","20210814","翰飛實業有限公司","FLYING HORSE INDUSTRIAL CO., LTD.","臺北市文山區景興路222號8樓之2","8 F.-2, No. 222, Jingxing Rd., Wenshan Dist., Taipei City 11669, Taiwan (R.O.C.)","吳O哲","02-29313873","02-29350082","有","有"
"04916912","19920104","20210813","智楊企業股份有限公司","MK MASTER INC.","新北市中和區中山路3段110號6樓之1","6 F.-1, No. 110, Sec. 3, Zhongshan Rd., Zhonghe Dist., New Taipei City 23544, Taiwan (R.O.C.)","李O琴","02-22255230","02-22255264","有","有"
"04917285","19900518","20240906","啟悅國際股份有限公司","KEY JOY INTERNATIONAL CO., LTD.","桃園市中壢區文化里吉林路27號4樓","4 F., No. 27, Jilin Rd., Wenhua Vil., Zhongli Dist., Taoyuan City 320679, Taiwan (R.O.C.)","吳O和","03-4624700","","有","有"
"04917757","19830827","20210814","臨群企業有限公司","LIM KUANG ENTERPRISE CO., LTD.","嘉義縣朴子市仁和里小嫝榔五路248號","No. 248, Renhe Vil., Puzi City, Chiayi County 613, Taiwan (R.O.C.)","林O智","05-3693677","05-3693663","有","有"
"04918242","19960104","20231205","峯捷企業有限公司","FAN-JET ENTERPRISE CO., LTD.","臺北市文山區木柵路3段37號3樓","3 F., No. 37, Sec. 3, Muzha Rd., Wenshan Dist., Taipei City 11648, Taiwan (R.O.C.)","","02-29399602","","無","無"
"04918685","19831007","20230408","嵐凱企業股份有限公司","LANCAI TECHNOLOGY CO., LTD.","臺中市霧峰區北柳里四德路284之1號","No. 284-1, Side Rd., Beiliu Vil., Wufeng Dist., Taichung City 413003, Taiwan (R.O.C.)","李O聰","04-23300025","","有","有"
"04919116","19900723","20210812","友啟企業有限公司","EUOGE ENTERPRISE COMPANY LIMITED","臺北市大安區和平東路3段70之2號3樓","3 F., No. 70-2, Sec. 3, Heping E. Rd., Da’an Dist., Taipei City 10675, Taiwan (R.O.C.)","余O堂","02-25610705","02-25428488","有","有"
"04919559","19841003","20230707","迦密國際發展股份有限公司","CARMIL INTERNATIONAL DEVELOPMENT CO., LTD.","臺北市文山區育英街57巷24號1樓","1 F., No. 24, Ln. 57, Yuying St., Wenshan Dist., Taipei City 116053, Taiwan (R.O.C.)","林O民","02-29349123","02-29317722","有","有"
"04919880","19890822","20211018","穩態光電科技股份有限公司","WENTAI TECHNOLOGY CORPORATION","新北市新店區寶橋路235巷123號6樓之3","6F.-3, NO. 123, LN. 235, BAOQIAO RD., XINDIAN DIST., NEW TAIPEI CITY 231408, TAIWAN (R.O.C.)","李O傳","02-89192318","02-89192320","有","有"
"04920021","19790109","20221227","雙鷹企業有限公司","DOUBLE EAGLE ENTERPRISE CO., LTD.","新北市三重區重新路5段646號4樓","4 F., No. 646, Sec. 5, Chongxin Rd., Sanchong Dist., New Taipei City 241554, Taiwan (R.O.C.)","徐O玲","02-22783223","02-85123975","有","有"
"04920649","19790319","20220930","世福工業股份有限公司","WORLD FRIENDSHIP CO., LTD.","臺北市中山區復興北路168號12樓","12 F., No. 168, Fuxing N. Rd., Zhongshan Dist., Taipei City 104509, Taiwan (R.O.C.)","鄭O征","02-27172621-5","","有","有"
"04920704","19820823","20210814","培欣企業有限公司","TAIWAN BASIN INDUSTRIAL CORPORATION","臺北市大安區基隆路2段192號1樓","1 F., No. 192, Sec. 2, Keelung Rd., Da’an Dist., Taipei City 10675, Taiwan (R.O.C.)","蔡O欽","02-27328255-6","02-27335869","有","有"
"04920866","19910601","20210812","東燁國際工程貿易有限公司","STARKEY & SHEPHERD INC.","臺北市士林區中山北路6段450巷6弄11號1樓","1 F., No. 11, Aly. 6, Ln. 450, Sec. 6, Zhongshan N. Rd., Shilin Dist., Taipei City 11152, Taiwan (R.O.C.)","許O嘉","02-28314842","","有","有"
"04921056","19880503","20221108","全坤建設開發股份有限公司","CHAINQUI CONSTRUCTION DEVELOPMENT CO., LTD.","新北市三重區碧華里集賢路201-1號1樓","1 F., No. 201-1, Jixian Rd., Bihua Vil., Sanchong Dist., New Taipei City 241074, Taiwan (R.O.C.)","李O毅","02-87918888","02-87919113","有","有"
"04922098","19751224","20210815","勇力電機股份有限公司","POWER ELECTRIC CO., LTD.","新北市新店區中正路537號2樓","2 F., No. 537, Zhongzheng Rd., Xindian Dist., New Taipei City 23148, Taiwan (R.O.C.)","詹O昆","02-22187777","02-22187775","有","有"
"04923316","19780501","20210813","千強企業有限公司","C.C. ENTERPRISES CO., LTD.","臺北市大同區民族西路319號1樓","1 F., No. 319, Minzu W. Rd., Datong Dist., Taipei City 10376, Taiwan (R.O.C.)","翁O弘","02-25351687","02-25351686","有","有"
"04923532","19921027","20230707","康祥資本股份有限公司","SUHAI DESIGN AND PRODUCTION INC.","臺北市萬華區大理街132號","No. 132, Dali St., Wanhua Dist., Taipei City 108021, Taiwan (R.O.C.)","余O新","02-23067000","02-23380362","有","有"
"04923723","19930511","20221211","台灣力豪股份有限公司","ISLAND-WIDE SERVICE & TRADING CORP.","臺北市信義區松山路393巷6號","No. 6, Ln. 393, Songshan Rd., Xinyi Dist., Taipei City 110044, Taiwan (R.O.C.)","高O足","02-27075968","02-23463339","無","無"
"04924217","20021001","20210814","吉信圖書文具有限公司","CHI HSIN BOOKS STATIONERY CO., LTD.","臺北市大安區和平東路1段85巷7號地下","No. 7, Ln. 85, Sec. 1, Heping E. Rd., Da’an Dist., Taipei City 10643, Taiwan (R.O.C.)","黃O田","02-25987751","","有","有"
"04924407","19780725","20221008","江新股份有限公司","ALLIED DEVELOPMENT LTD.","臺北市大安區仁愛路4段33號7樓之2","7 F.-2, No. 33, Sec. 4, Ren'ai Rd., Da'an Dist., Taipei City 106073, Taiwan (R.O.C.)","江O德","02-27523390","02-27523393","有","有"
"04925010","19781122","20210812","美港實業股份有限公司","SEA PORT ENTERPRISE CO., LTD.","臺北市中山區長安東路2段171號8樓之2","8 F.-2, NO. 171, SEC. 2, CHANG AN E. RD., ZHONGSHAN DIST., TAIPEI CITY 10490, TAIWAN (R.O.C.)","周O杏","02-27529125-9","","有","有"
"04925285","19880209","20210812","大寬貿易有限公司","DA KWAN TRADING CO., LTD.","新北市新店區民權路141號1樓","1 F., No. 141, Minquan Rd., Xindian Dist., New Taipei City 23141, Taiwan (R.O.C.)","范O民","02-86672031","02-86672037","有","有"
"04925406","19820602","20250506","明園機電工業股份有限公司","BRIGHT GARDEN INDUSTRIAL CO., LTD.","臺北市松山區民生東路4段80巷3弄16號1樓","1 F., No. 16, Aly. 3, Ln. 80, Sec. 4, Minsheng E. Rd., Songshan Dist., Taipei City 105016, Taiwan (R.O.C.)","","02-27123378","","無","無"
"04925460","20001130","20210814","秀茂貿易有限公司","SHUNE MORE TRADING CO., LTD.","臺北市大安區忠孝東路3段217巷7弄17號10樓之3","10 F.-3, No. 17, Aly. 7, Ln. 217, Sec. 3, Zhongxiao E. Rd., Da’an Dist., Taipei City 10653, Taiwan (R.O.C.)","李O碧霜","02-2721-5643","02-2776-3856","有","有"
"04925503","19980302","20221004","歐文藥品股份有限公司","ERNE PHARMACY CO., LTD.","臺北市南港區忠孝東路7段518號2樓","2 F., No. 518, Sec. 7, Zhongxiao E. Rd., Nangang Dist., Taipei City 115011, Taiwan (R.O.C.)","詹O樑","02-24242389","","無","無"
"04925644","19791228","20210813","廠聯貿易有限公司","UNIFACMANU TRADING CO., LTD.","臺北市大安區和平東路1段91號4樓","4 F., No. 91, Sec. 1, Heping E. Rd., Da’an Dist., Taipei City 10643, Taiwan (R.O.C.)","林O明珠","02-23419646","02-23222676","有","有"
"04925692","19780929","20240824","金夏貿易股份有限公司","KING SHARP TRADING CO., LTD.","臺北市中山區中山北路3段27號10樓之4","10 F.-4, No. 27, Sec. 3, Zhongshan N. Rd., Zhongshan Dist., Taipei City 104429, Taiwan (R.O.C.)","張O訓","02-2594-6853","","有","有"
"04925877","19780731","20210812","金王實業有限公司","KINGWAND INDUSTRIES CO., LTD.","臺北市松山區南京東路5段156號7樓之1","7 F.-1, No. 156, Sec. 5, Nanjing E. Rd., Songshan Dist., Taipei City 10597, Taiwan (R.O.C.)","謝O文","02-25286650","","有","有"
"04925927","19771012","20240301","漢敦國際有限公司","HANTON INTERNATIONAL CO., LTD.","臺北市大安區復興南路1段259號3樓之1","3 F.-1, No. 259, Sec. 1, Fuxing S. Rd., Da’an Dist., Taipei City 10665, Taiwan (R.O.C.)","高O","02-27062223-5","","有","有"
"04926030","19830409","20230711","復泰電器股份有限公司","TAIWAN PROSPERITY ELECTRIC CO., LTD.","臺北市南港區重陽路263巷4號2樓","2 F., No. 4, Ln. 263, Chongyang Rd., Nangang Dist., Taipei City 115023, Taiwan (R.O.C.)","施O登","02-27820763","","有","有"
"04926215","19830511","20241214","健松有限公司","JACKSON DAI INDUSTRIAL CO., LTD.","臺北市大安區信義路4段58號12樓","12 F., No. 58, Sec. 4, Xinyi Rd., Da’an Dist., Taipei City 106097, Taiwan (R.O.C.)","","02-27058962","02-27068680","無","無"
"04926361","19920416","20230106","大明建材有限公司","DAH MING BUILDING MATERIAL CO., LTD.","臺北市大安區基隆路2段184巷1號1樓","1 F., No. 1, Ln. 184, Sec. 2, Keelung Rd., Da’an Dist., Taipei City 106052, Taiwan (R.O.C.)","莊O華","02-3322-1838","02-3322-1638","無","無"
"04926539","20051003","20210814","太平洋包裝材料有限公司","PACIFIC PACKAGING MATERIAL CO.","臺北市松山區八德路4段403-4號","No. 403-4, Sec. 4, Bade Rd., Songshan Dist., Taipei City 10566, Taiwan (R.O.C.)","張O彥","2760-3456","2769-9409","有","有"
"04926799","19880120","20210813","台大科學儀器有限公司","TAITEK SCIENTIFIC INC.","臺北市中正區信義路2段213號9樓","9 F., No. 213, Sec. 2, Xinyi Rd., Zhongzheng Dist., Taipei City 10061, Taiwan (R.O.C.)","譚O珠","0937-043082","","有","有"
"04926876","19790322","20241102","隴華電子股份有限公司","LUNG HWA ELECTRONICS CO., LTD.","臺北市松山區八德路三段32號15樓","15 F., No. 32, Sec. 3, Bade Rd., Songshan Dist., Taipei City 105608, Taiwan (R.O.C.)","王O祥","02-25787775","02-25787771","有","有"
"04927158","19880727","20230713","陸海股份有限公司","SEA & LAND INTEGRATED CORP.","臺北市松山區復興北路99號13樓","13 F., No. 99, Fuxing N. Rd., Songshan Dist., Taipei City 105403, Taiwan (R.O.C.)","何O津","02-86926001","02-86926080","有","有"
"04927333","19780907","20210813","三漢企業股份有限公司","SAMSONICO INTERNATIONAL (TAIWAN) CO., LTD.","臺北市內湖區內湖路1段322號10樓","10 F., No. 322, Sec. 1, Neihu Rd., Neihu Dist., Taipei City 11493, Taiwan (R.O.C.)","江O強","02-26270018","02-26272181","有","有"
"04927642","19740924","20211004","通越有限公司","TOSEVA TRADING CO., LTD.","新北市土城區中央路3段208號9樓","9F., NO. 208, SEC. 3, JUNGYANG RD., TUCHENG DIST., NEW TAIPEI CITY 236, TAIWAN (R.O.C.)","周O賞","02-22698066","","有","有"
"04928044","20010705","20210815","長流美術館股份有限公司","CHANLIU ART MUSEUM CO., LTD.","臺北市中正區仁愛路2段63號地下1樓","1 F., No. 63, Sec. 2, Ren’ai Rd., Zhongzheng Dist., Taipei City 10062, Taiwan (R.O.C.)","黃O志","03-2124000","03-2126833","有","有"
"04928380","19750411","20210814","介豪科技股份有限公司","JEHO TEXTILE CORPORATION","臺北市大安區復興南路1段82號3樓之3","3 F.-3, No. 82, Sec. 1, Fuxing S. Rd., Da’an Dist., Taipei City 10666, Taiwan (R.O.C.)","黃O勇","02-25052166","","有","有"
"04928868","19770228","20240713","大乙海外有限公司","KEYWOOD INTERNATIONAL, INC.","臺北市大安區仁愛路4段4號10樓","10 F., No. 4, Sec. 4, Ren’ai Rd., Da’an Dist., Taipei City 10684, Taiwan (R.O.C.)","葉O鑑","02-27075555","02-27035588","有","有"
"04929156","19980612","20241114","臺灣英積科技股份有限公司","ENGEE CORPORATION","臺中市龍井區龍泉里龍新路264巷20號","No. 20, Ln. 264, Longxin Rd., Longquan Vil., Longjing Dist., Taichung City 43452, Taiwan (R.O.C.)","","02-27667669","02-27669619","無","無"
"04929228","19790108","20221018","安笙企業有限公司","ACTION ENTERPRISES, INC.","臺北市中正區公園路30之1號12樓","12 F., No. 30-1, Gongyuan Rd., Zhongzheng Dist., Taipei City 100008, Taiwan (R.O.C.)","蘇O雄","02-23140707","02-23816915","有","有"
"04929281","19781016","20210814","永暹貿易有限公司","YEONG SHIEN INDUSTRIAL CO., LTD.","臺北市中正區和平西路1段34號3樓","3 F., No. 34, Sec. 1, Heping W. Rd., Zhongzheng Dist., Taipei City 10078, Taiwan (R.O.C.)","謝O志","02-23928103","","有","有"
"04930371","19780825","20220922","萬民通商股份有限公司","OXFORD INTERNATIONAL CORPORATION","臺北市大安區通化街111號5樓","5 F., No. 111, Tonghua St., Da'an Dist., Taipei City 106051, Taiwan (R.O.C.)","賴O維","02-27025067","","無","無"
"04931435","19741223","20210815","鑫昌機械工業股份有限公司","GOOD HARVEST MACHINERY INDUSTRIAL CO., LTD.","苗栗縣竹南鎮和誠街24號","No. 24, Hecheng St., Zhunan Township, Miaoli County 35048, Taiwan (R.O.C.)","胡O墩","037-469511","02-27400893","有","有"
"04931759","19980402","20220106","理功企業股份有限公司","ST. RECO ENTERPRISE CO., LTD.","臺北市大安區金華街203之1號2樓","2 F., No. 203-1, Jinhua St., Da’an Dist., Taipei City 10642, Taiwan (R.O.C.)","黃O偉","02-23519492","","有","有"
"04932568","19760330","20210812","天鷹實業股份有限公司","THE EAGLE INDUSTRY CO., LTD.","臺北市大安區復興南路1段129號6樓","6 F., No. 129, Sec. 1, Fuxing S. Rd., Da’an Dist., Taipei City 10666, Taiwan (R.O.C.)","彭O君","02-27315437","02-27411520","有","有"
"04932700","19780926","20210812","通邦實業股份有限公司","TONPAN ENTERPRISES CORPORATION","臺北市大安區信義路4段258號10樓","10 F., No. 258, Sec. 4, Xinyi Rd., Da’an Dist., Taipei City 10680, Taiwan (R.O.C.)","湯O崧","02-27032141","02-2705-6456","有","有"
"04932820","19781227","20210814","允昇貿易有限公司","EAST TOWN ENTERPRISE CO., LTD.","臺北市信義區松德路83號4樓","4 F., No. 83, Songde Rd., Xinyi Dist., Taipei City 11075, Taiwan (R.O.C.)","楊O達","02-27626886","02-27626088","有","有"
"04933320","19790911","20240314","鉅益金屬工業股份有限公司","JIUH YIH METAL INDUSTRIAL CO., LTD.","臺北市士林區重慶北路4段81號6樓之9","6 F.-9, No. 81, Sec. 4, Chongqing N. Rd., Shilin Dist., Taipei City 11165, Taiwan (R.O.C.)","","02-29811723","","無","無"
"04933975","19861024","20210815","美孚建設股份有限公司","MEIFU DEVELOPMENT CO., LTD.","臺北市中山區建國北路1段80號6樓","6 F., No. 80, Sec. 1, Jianguo N. Rd., Zhongshan Dist., Taipei City 10491, Taiwan (R.O.C.)","彭O浩","02-2711-5688","02-2771-9138","有","有"
"04934334","19790611","20240713","全域股份有限公司","PNC INTERNATIONAL INC.","臺北市內湖區瑞光路358巷38弄36號6樓之1","6 F.-1, No. 36, Aly. 38, Ln. 358, Ruiguang Rd., Neihu Dist., Taipei City 114063, Taiwan (R.O.C.)","姚O齊","02-26592166","02-26592359","有","有"
"04934664","20120724","20230526","三大鋼鐵工業股份有限公司","SANDA STEEL INDUSTRY CO., LTD.","新北市永和區福和路389號10樓之2","10 F.-2, No. 389, Fuhe Rd., Yonghe Dist., New Taipei City 234030, Taiwan (R.O.C.)","李O秋","02-89214441","02-29293800","有","有"
"04934756","19940426","20210813","古代工藝股份有限公司","ANCIENT CRAFT DESIGN CENTER.","新北市新店區寶橋路235巷118號5樓之2","5 F.-2, No. 118, Ln. 235, Baoqiao Rd., Xindian Dist., New Taipei City 23145, Taiwan (R.O.C.)","游O治","02-29177367","","有","有"
"04935404","19790126","20230407","安太國際股份有限公司","FORMOSA MERCHANDISE INC.","臺北市信義區信義路5段150巷2號15樓","15 F., No. 2, Ln. 150, Sec. 5, Xinyi Rd., Xinyi Dist., Taipei City 110416, Taiwan (R.O.C.)","陳O信","02-27136070","02-27131406","有","有"
"04935495","19920710","20210814","迪奧實業有限公司","CHINA DIOR INDUSTRIAL CO., LTD.","臺北市大安區東豐街16號2樓之3","2 F.-3, No. 16, Dongfeng St., Da’an Dist., Taipei City 10684, Taiwan (R.O.C.)","李O豪","02-27312111-3","02-2751-8321","有","有"
"04936071","19780823","20210812","大廣綜合股份有限公司","DA GOANG ASSORTED CO., LTD.","臺北市大安區信義路4段58號4樓之1","4 F.-1, No. 58, Sec. 4, Xinyi Rd., Da’an Dist., Taipei City 10683, Taiwan (R.O.C.)","吳O全","02-27023519","","無","無"
"04937347","19931206","20220311","得基企業股份有限公司","DEGI CO., LTD.","新北市中和區板南路490號5樓之7","5F.-7, NO. 490, BANNAN RD., ZHONGHE DIST., NEW TAIPEI CITY 23556, TAIWAN (R.O.C.)","吳O瑜","02-2221-5828","02-2221-5820","有","有"
"04938090","19870801","20210815","比特音響電子企業有限公司","PETER SOUND ENGINEERING CO., LTD.","臺北市中正區和平西路1段56號4樓之2","4 F.-2, No. 56, Sec. 1, Heping W. Rd., Zhongzheng Dist., Taipei City 10078, Taiwan (R.O.C.)","吳O之","23657020-1","23677634","有","有"
"04938198","19780124","20231128","謙迅國際企業股份有限公司","CASSNA INTERNATIONAL CO., LTD.","臺北市信義區信義路4段415號9樓A室","9 F., No. 415, Sec. 4, Xinyi Rd., Xinyi Dist., Taipei City 11051, Taiwan (R.O.C.)","方O濤","02-27583626","","有","有"
"04938459","19800317","20210813","英翰企業有限公司","GREAT HAND COMPANY, LTD.","桃園市桃園區中正路1416-1號8樓","8 F., No. 1416-1, Zhongzheng Rd., Taoyuan Dist., Taoyuan City 33071, Taiwan (R.O.C.)","黃O卿","02-23935871","","有","有"
"04938486","19990210","20210811","裕明企業商行","YUH MING M. W. CO., LTD.","臺北市大安區臨沂街71巷15弄2號1樓","1 F., No. 2, Aly. 15, Ln. 71, Linyi St., Da’an Dist., Taipei City 106, Taiwan (R.O.C.)","魏O玉華","02-23414783","02-23941276","有","有"
"04938839","20040924","20231018","日高工程實業股份有限公司","JUKAO ENGINEERING CORP.","高雄市小港區其美街19巷4號","No. 4, Ln. 19, Qimei St., Xiaogang Dist., Kaohsiung City 812008, Taiwan (R.O.C.)","陳O文","07-8016890","07-8016830","有","有"
"04939555","19970220","20240905","千欣企業有限公司","CHIEM HSIM ENTERPRISE CO., LTD.","臺北市中山區新生北路2段29號12樓","12 F., No. 29, Sec. 2, Xinsheng N. Rd., Zhongshan Dist., Taipei City 104089, Taiwan (R.O.C.)","李O寬","02-26331318","","有","有"
"04940125","19800715","20210814","愷悌企業有限公司","KAITI ENTERPRISE CO., LTD.","臺北市大安區仁愛路3段18之1號7樓","7 F., No. 18-1, Sec. 3, Ren’ai Rd., Da’an Dist., Taipei City 10653, Taiwan (R.O.C.)","王O","02-27052411","02-27557652","有","有"
"04940244","20110726","20210815","興南鋁業股份有限公司","HSING NAN ALUMINIUM CO., LTD.","新北市八里區忠孝路168號1樓","1 F., No. 168, Zhongxiao Rd., Bali Dist., New Taipei City 24944, Taiwan (R.O.C.)","陳O山","02-26191858","02-26191833","有","有"
"04940271","19801227","20210815","憶中企業有限公司","SAMAR ENTERPRISES CO., LTD.","新北市汐止區大同路1段290號2樓","2 F., No. 290, Sec. 1, Datong Rd., Xizhi Dist., New Taipei City 22146, Taiwan (R.O.C.)","李O昌","02-26421661","02-26421675","有","有"
"04940770","19761001","20210814","新民石材廠股份有限公司","SUNMIN MARBLE CO., LTD.","花蓮縣花蓮市建華路163號、165號","No. 163, Jianhua Rd., Hualien City, Hualien County 97074, Taiwan (R.O.C.)","吳O村","03-8561230","03-8561345","有","有"
"04940785","19790521","20230419","金錩工業股份有限公司","GOLDEN CHANG INDUSTRIAL CO., LTD.","新北市三重區萬全街15號","No. 15, Wanquan St., Sanchong Dist., New Taipei City 241051, Taiwan (R.O.C.)","何O馨","02-29738364","02-29730859","有","有"
"04941525","19781020","20230728","榮騰企業股份有限公司","LONG TERM INDUSTRIAL CO., LTD.","臺北市大安區四維路34之1號2樓","2 F., No. 34-1, Siwei Rd., Da’an Dist., Taipei City 106092, Taiwan (R.O.C.)","曾O雲","02-27051588","","有","有"
"04941573","19771222","20240608","順嘉實業股份有限公司","SHUN CHIA INDUSTRIAL CO., LTD.","臺北市大安區忠孝東路4段107號12樓","12 F., No. 107, Sec. 4, Zhongxiao E. Rd., Da’an Dist., Taipei City 106076, Taiwan (R.O.C.)","潘O元","02-27049445","02-27066524","有","有"
"04941757","19820820","20241219","旭怡實業股份有限公司","HSU YEE ENTERPRISE CO., LTD.","臺北市大安區信義路3段147巷5弄3之4號5樓","5 F., No. 3-4, Aly. 5, Ln. 147, Sec. 3, Xinyi Rd., Da’an Dist., Taipei City 10658, Taiwan (R.O.C.)","張O禎","02-27097457","02-27090179","有","有"
"04942088","19940423","20210815","永運國際有限公司","JUBI YUNING INTERNATIONAL & CO. TAIWAN","臺北市大同區承德路2段47號11樓之1","11 F.-1, No. 47, Sec. 2, Chengde Rd., Datong Dist., Taipei City 10353, Taiwan (R.O.C.)","陳O","02-25051421","02-25013065","有","有"
"04942209","19810528","20210813","吉景有限公司","ENAMON INDUSTRIAL CORP.","新北市五股區五權七路30號2樓","2 F., No. 30, Wuquan 7th Rd., Wugu Dist., New Taipei City 24890, Taiwan (R.O.C.)","王O興","02-29803811","","有","有"
"04942453","19820608","20240508","金晃有限公司","KING BALL INTERNATIONAL CORP.","臺中市西區後龍街50號1樓","1 F., No. 50, Houlong St., West Dist., Taichung City 403010, Taiwan (R.O.C.)","林O中","04-23017116","04-23053558","有","有"
"04942643","19790611","20210812","全士實業有限公司","ZINMER INDUSTRIAL CO., LTD.","臺北市中正區新生南路1段50號9樓之1","9 F.-1, No. 50, Sec. 1, Xinsheng S. Rd., Zhongzheng Dist., Taipei City 10059, Taiwan (R.O.C.)","李O嘉","02-23921194-6","","有","有"
"04943495","20150528","20210812","荃強國際傳播有限公司","ECHO RECORDING CO., LTD.","臺北市大安區大安路1段188號4樓","4 F., No. 188, Sec. 1, Da’an Rd., Da’an Dist., Taipei City 10684, Taiwan (R.O.C.)","陳O藺","02-27042068","","有","有"
"04944282","19740911","20210814","永好合成化學工業股份有限公司","YUNG HAW CHEMICAL INDUSTRIAL CO., LTD.","臺北市中山區長安東路2段112號2樓之2","2 F.-2, No. 112, Sec. 2, Chang’an E. Rd., Zhongshan Dist., Taipei City 10491, Taiwan (R.O.C.)","周O純","02-25072426","02-25082293","有","有"
"04944446","19890318","20240704","文林電子有限公司","WUN LIN ELECTRONIC CO., LTD.","新北市中和區中山路2段97號","No. 97, Sec. 2, Zhongshan Rd., Zhonghe Dist., New Taipei City 23554, Taiwan (R.O.C.)","","02-22481129","","無","無"
"04944683","19790210","20221101","超偶像股份有限公司","IDOLYES INC","臺北市大安區金華街223之8號","No. 223-8, Jinhua St., Da'an Dist., Taipei City 106007, Taiwan (R.O.C.)","黃O晉","02-23922196","02-23414888","有","有"
"04944781","19840825","20210813","秋光企業股份有限公司","CHIO KUANG ENTERPRISE CO., LTD.","臺北市中正區金山南路1段108號2樓之2","2 F.-2, No. 108, Sec. 1, Jinshan S. Rd., Zhongzheng Dist., Taipei City 10057, Taiwan (R.O.C.)","張O功","02-23514741","02-23936601","有","有"
"04944889","19780706","19780706","鴻霖電器工業有限公司","HONG-LIN ELECTRIC INDUSTRY CO., LTD.","台北巿忠孝東路３段２５１巷８弄１２號之３．４樓","NO.12-3, ALLEY 8, LANE 251, SEC.3, CHUNG HSIAO E. RD., TAIPEI.","陳O綢","02-27410823","","有","有"
"04944924","20090216","20090216","財團法人自強工業科學基金會","TZE-CHIANG FOUNDATION OF SCIENCE & TECHNOLOGY","新竹市光復路２段１０１號研發大樓２樓","NO.101, SEC. 2, GUANGFU RD., EAST DISTRICT, HSINCHU CITY 30013, TAIWAN (R.O.C.)","許O德","03-5735521","03-5717806","有","有"
"04945819","19880513","20210813","羅遠實業有限公司","LORAN INDUSTRIAL CO., LTD.","臺北市松山區南京東路3段303巷8弄4之1號1樓","1 F., No. 4-1, Aly. 8, Ln. 303, Sec. 3, Nanjing E. Rd., Songshan Dist., Taipei City 10550, Taiwan (R.O.C.)","何O芬","02-27135942","","有","有"
"04946319","19980901","20210812","增旺工業股份有限公司","NEUMEYER INDUSTRIAL CORPORATION","臺北市大安區信義路2段28號3樓之2","3 F.-2, No. 28, Sec. 2, Xinyi Rd., Da’an Dist., Taipei City 10641, Taiwan (R.O.C.)","文O明","07-3332441-2","07-3332444","有","有"
"04946373","19781226","20210814","信超實業股份有限公司","TAIWAN BANKERS ENTERPRISE INC.","臺北市中正區仁愛路1段4號2樓之3","2 F.-3, No. 4, Sec. 1, Ren’ai Rd., Zhongzheng Dist., Taipei City 10052, Taiwan (R.O.C.)","許O琮","02-23948802","02-23516352","有","有"
"04946900","19780414","20210814","聖霖企業有限公司","TRISTAN COMPANY LIMITED.","臺北市松山區復興北路179號6樓之6","6 F.-6, No. 179, Fuxing N. Rd., Songshan Dist., Taipei City 10547, Taiwan (R.O.C.)","葉O珠","02-27127853","","有","有"
"04948040","19780627","20210812","好來藝廊有限公司","HOLLY ART GALLERY","臺北市大安區忠孝東路3段251巷14弄14之2號3樓","3 F., No. 14-2, Aly. 14, Ln. 251, Sec. 3, Zhongxiao E. Rd., Da’an Dist., Taipei City 10654, Taiwan (R.O.C.)","蔡O雄","02-28349702","","有","有"
"04948230","20011224","20210813","榮捷企業有限公司","RUNG CHI ENTERPRISE CO., LTD.","臺北市中正區重慶南路3段65巷4弄9號1樓","1 F., No. 9, Aly. 4, Ln. 65, Sec. 3, Chongqing S. Rd., Zhongzheng Dist., Taipei City 10077, Taiwan (R.O.C.)","曲O傑","02-23677903","02-2365-8336","有","有"
"04948294","19900426","20240822","蓮盛企業股份有限公司","APOLLO INDUSTRIAL MANAGEMENT CO., LTD.","臺北市松山區民生東路4段54號6樓之11","6 F.-11, No. 54, Sec. 4, Minsheng E. Rd., Songshan Dist., Taipei City 105017, Taiwan (R.O.C.)","高O偉","02-24685901","02-24684127","有","有"
"04948484","19771202","20231017","瑪居禮電波工業股份有限公司","MERCURY ELECTRONIC INDUSTRIAL CO., LTD.","新北市瑞芳區頂坪路瑞芳工業區31號","No. 31, Ruifang Industrial Park, Dingping Rd., Ruifang Dist., New Taipei City 224012, Taiwan (R.O.C.)","MOtchellFranklOnAOello","02-24062779","02-24960769","有","有"
"04949603","19790502","20210813","旭星貿易有限公司","SHINING STAR TRADING CO., LTD.","臺北市大安區通化街159號","No. 159, Tonghua St., Da’an Dist., Taipei City 10677, Taiwan (R.O.C.)","何O娟","02-27020504","","有","有"
"04950143","19780520","20220827","威勇企業有限公司","TAIWAN SAFE MANUFACTURING & MERCHANDISING CO., LTD.","臺北市信義區基隆路1段109之6號3樓之2","3 F.-2, No. 109-6, Sec. 1, Keelung Rd., Xinyi Dist., Taipei City 11070, Taiwan (R.O.C.)","單O武","02-87876588","","有","有"
"04950896","19840321","20210814","加全工業股份有限公司","SUN YORKOS ENTERPRISE CO., LTD.","臺北市中正區臨沂街24巷7號","No. 7, Ln. 24, Linyi St., Zhongzheng Dist., Taipei City 10056, Taiwan (R.O.C.)","丁O和","02-23938135-7","02-23510622","有","有"
"04950925","19780921","20210814","丞泰企業有限公司","FOREFRONT ENTERPRISE CO., LTD.","臺北市中山區復興北路156號7樓","7 F., No. 156, Fuxing N. Rd., Zhongshan Dist., Taipei City 10487, Taiwan (R.O.C.)","黎O汝","02-27133921","02-27130828","有","有"
"04954915","19790301","20231130","吾昇貿易有限公司","WU SHENG TRADING CO., LTD.","新北市永和區中和路305巷4弄8號4樓","4 F., No. 8, Aly. 4, Ln. 305, Zhonghe Rd., Yonghe Dist., New Taipei City 23447, Taiwan (R.O.C.)","","02-32334128","02-29206970","無","無"
"04955864","19801008","20210813","殷朋有限公司","GOOD-MEN ASSOCIATES INC.","新北市中和區建一路150號6樓之４","6 F.-4, No. 150, Jian 1st Rd., Zhonghe Dist., New Taipei City 23511, Taiwan (R.O.C.)","殷O宏","8226-3366","8226-3388","有","有"
"04956104","19781114","20210815","匯傑股份有限公司","SONNET INTERNATIONAL, INC.","臺北市大安區忠孝東路4段218之2號8樓","8 F., No. 218-2, Sec. 4, Zhongxiao E. Rd., Da’an Dist., Taipei City 10692, Taiwan (R.O.C.)","林O維","02-27529259","02-27212408","有","有"
"04956337","19780926","20210814","俊昇科技有限公司","JIUNN SHENG ENTERPRISES CO., LTD.","臺北市大安區羅斯福路2段41號10樓之4","10 F.-4, No. 41, Sec. 2, Roosevelt Rd., Da’an Dist., Taipei City 10643, Taiwan (R.O.C.)","吳O晴","02-23915659","02-23965659","有","有"
"04956759","19790716","20230615","任氏電子工業股份有限公司","JENCO ELECTRONICS, LTD.","臺北市中山區長安東路2段81號6樓","6 F., No. 81, Sec. 2, Chang’an E. Rd., Zhongshan Dist., Taipei City 104097, Taiwan (R.O.C.)","任O俊(JENSTEPHENJEN-CHUEN)","02-25082928","02-25082938","有","有"
"04956890","19790416","20210815","意通企業股份有限公司","YUETONE INDUSTRIAL CO., LTD.","臺北市大安區文昌街210巷9號1樓","1 F., No. 9, Ln. 210, Wenchang St., Da’an Dist., Taipei City 10679, Taiwan (R.O.C.)","呂O清","02-27092500","02-27087655","有","有"
"04956982","19750207","20220127","昇新製衣股份有限公司","SINCERE GARMENT & SPORTING GOODS MFG. CO., LTD.","臺北市大安區仁愛路4段25之2號8樓","8 F., No. 25-2, Sec. 4, Ren’ai Rd., Da’an Dist., Taipei City 10685, Taiwan (R.O.C.)","邢O英","02-27406298","02-27527918","有","有"
"04957758","19790608","20210813","弘博實業有限公司","GRANDEUL CORPORATION","臺北市大安區忠孝東路4段54號7樓","7 F., No. 54, Sec. 4, Zhongxiao E. Rd., Da’an Dist., Taipei City 10688, Taiwan (R.O.C.)","郭O和","02-27315591-2","02-27714467","有","有"
"04958200","19790321","20210813","今世威貿易有限公司","CHINGSWAY TRADING CO., LTD.","彰化縣彰化市成功路274號","No. 274, Chenggong Rd., Changhua City, Changhua County 50045, Taiwan (R.O.C.)","林O弘","04-7223933","04-7226608","有","有"
"04959496","19780421","20210815","美菲企業股份有限公司","MAYFAIR GARMENTS & ENTERPRISE CORPORATION","臺北市中山區民族東路32號4樓","4 F., No. 32, Minzu E. Rd., Zhongshan Dist., Taipei City 10461, Taiwan (R.O.C.)","方O梅","02-25940104","02-25940106","有","有"
"04959524","19840305","20220114","欣正企業股份有限公司","FORMOSA SHIN CHENG ENTERPRISE CORPORATION","臺北市松山區南京東路4段53巷8弄19號","No. 19, Aly. 8, Ln. 53, Sec. 4, Nanjing E. Rd., Songshan Dist., Taipei City 10550, Taiwan (R.O.C.)","呂O玉","02-27413231","02-27733426","有","有"
"04960070","19790426","20210812","聖茂實業有限公司","Q-TASMAN INDUSTRIAL CO., LTD.","臺北市大同區南京西路406號6樓","6 F., No. 406, Nanjing W. Rd., Datong Dist., Taipei City 10343, Taiwan (R.O.C.)","陳O青","02-22972090","02-29097049","有","有"
"04960579","19810723","20230117","錦貿興業股份有限公司","ELEGANT OVERSEAS CO., LTD.","臺北市大安區復興南路2段381號2樓","2 F., No. 381, Sec. 2, Fuxing S. Rd., Da’an Dist., Taipei City 106636, Taiwan (R.O.C.)","王O翔","02-27320837","02-27329842","有","有"
"04960944","19790403","20221103","昇遠實業有限公司","KEVIN INDUSTRIAL CO., LTD.","新北市五股區五權三路22號","No. 22, Wuquan 3rd Rd., Wugu Dist., New Taipei City 248021, Taiwan (R.O.C.)","林O鳳","02-2298-2778#23","02-2298-8581","無","無"
"04962437","19780712","20210814","宏羿企業股份有限公司","INDUSTRIAL FOREMOST ASSOCIATES LTD.","臺北市內湖區成功路4段192號11樓之8","11 F.-8, No. 192, Sec. 4, Chenggong Rd., Neihu Dist., Taipei City 11489, Taiwan (R.O.C.)","屠O智","02-27581530","02-27297034","有","有"
"04963082","19780829","20210814","孚實懋有限公司","FAITHMEN CORPORATION","臺北市中山區松江路200號6樓之2","6 F.-2, No. 200, Songjiang Rd., Zhongshan Dist., Taipei City 10467, Taiwan (R.O.C.)","葉O美","02-2537-5011","","有","有"
"04963098","19920530","20210812","毅東工業有限公司","MOLDWANG INDUSTRY CO., LTD.","臺北市中正區信義路2段63號5樓","5 F., No. 63, Sec. 2, Xinyi Rd., Zhongzheng Dist., Taipei City 10057, Taiwan (R.O.C.)","王O群","02-23418343","","有","有"
"04963533","19850128","20210814","銘瑋實業有限公司","MING WEI CHEMTRADE CO., LTD.","臺北市中正區詔安街46號5樓之3","5 F.-3, No. 46, Zhao’an St., Zhongzheng Dist., Taipei City 10071, Taiwan (R.O.C.)","張O謨","02-23018418","02-2307-2950","有","有"
"04963745","20200619","20210813","景翼有限公司","Jing Yi Infinite Corp.","新北市板橋區三民路1段31巷96號","No. 96, Ln. 31, Sec. 1, Sanmin Rd., Banqiao Dist., New Taipei City 22070, Taiwan (R.O.C.)","蔡O宇","02-29633905","02-29633907","有","有"
"04963983","19831007","20210812","皇冠壁紙工業股份有限公司","CROWN WALL PAPER INDUSTRIAL CO., LTD.","新北市林口區工二工業區工四路39號","No. 39, Gong 4th Rd., Gong’er Industrial Park, Linkou Dist., New Taipei City 24452, Taiwan (R.O.C.)","王O印","02-23932921","02-23912680","有","有"
"04964250","19840225","20250325","東森國際股份有限公司","EASTERN MEDIA INTERNATIONAL CORPORATION","臺北市大安區復興南路一段368號8樓","8 F., No. 368, Sec. 1, Fuxing S. Rd., Da'an Dist., Taipei City 106468, Taiwan (R.O.C.)","廖O文","02-27557565","02-27028079","有","有"
"04965188","20101124","20210815","內湖鐵工廠股份有限公司","NEI HU IRON WORKS CO., LTD.","新北市汐止區大安街56巷29號","No. 29, Ln. 56, Da’an St., Xizhi Dist., New Taipei City 22178, Taiwan (R.O.C.)","林O景","02-8648-6317","02-8648-6319","有","有"
"04965379","19850501","20221231","裕喬金屬化工股份有限公司","YU CHIAO METAL FINISHING CO., LTD.","臺北市大安區復興南路2段12巷13號1樓","1 F., No. 13, Ln. 12, Sec. 2, Fuxing S. Rd., Da’an Dist., Taipei City 106028, Taiwan (R.O.C.)","高O樹","02-27022104","","有","有"
"04965384","19780922","20210814","神箭企業有限公司","DIVINE ARROW (TAIWAN) CORPORATION.","臺北市大安區信義路4段170號8樓之1","8 F.-1, No. 170, Sec. 4, Xinyi Rd., Da’an Dist., Taipei City 10681, Taiwan (R.O.C.)","張O光","02-27035381-3","","有","有"
"04965526","19810323","20230614","瑞天貿易有限公司","INSPIRATION MANUFACTURING & TRADING CO.","新北市新店區北新路1段64巷6之5號","No. 6-5, Ln. 64, Sec. 1, Beixin Rd., Xindian Dist., New Taipei City 231003, Taiwan (R.O.C.)","陳O芝","02-27000022","","有","有"
"04965552","19880509","20250419","瑞澤企業股份有限公司","MACROGROUP ENTERPRISE CO., LTD.","臺北市信義區光復南路473巷11弄48號","No. 48, Aly. 11, Ln. 473, Guangfu S. Rd., Xinyi Dist., Taipei City 110053, Taiwan (R.O.C.)","郭O財","02-27229636","02-27251251","有","有"
"04965595","19770104","20210813","貿聖實業有限公司","TAIWAN LINDEN PRODUCTS CO., LTD.","臺北市大安區忠孝東路4段220號9樓","9 F., No. 220, Sec. 4, Zhongxiao E. Rd., Da’an Dist., Taipei City 10692, Taiwan (R.O.C.)","李O貞","02-27219331-3","02-27215482","有","有"
"04966010","19831107","20221111","卡東股份有限公司","CAR TONG CO., LTD.","臺北市大安區忠孝東路4段101巷43號","No. 43, Ln. 101, Sec. 4, Zhongxiao E. Rd., Da’an Dist., Taipei City 106071, Taiwan (R.O.C.)","蔡O楨","02-27111473","02-26621279","有","有"
"04967101","20010904","20210812","六合出版社","LIU HO PUBLISHER CO.","臺北市大安區新生南路1段103巷33號1樓","1 F., No. 33, Ln. 103, Sec. 1, Xinsheng S. Rd., Da’an Dist., Taipei City 10652, Taiwan (R.O.C.)","張O章","23563938","23418663","有","有"
"04967550","19790625","20221025","凌群電腦股份有限公司","SYSCOM COMPUTER ENGINEERING COMPANY","臺北市萬華區峨眉街115號6樓","6 F., No. 115, Emei St., Wanhua Dist., Taipei City 108004, Taiwan (R.O.C.)","劉O復","02-21916066","","有","有"
"04967637","19791229","20210815","勵業實業有限公司","LIYEH INTERNATIONAL CORPORATION","臺北市松山區敦化北路238巷16號3樓","3 F., No. 16, Ln. 238, Dunhua N. Rd., Songshan Dist., Taipei City 10544, Taiwan (R.O.C.)","陳O縈","02-27168320","02-27168321","有","有"
"04967670","20200713","20210815","府泉實業有限公司","U CHANG INTERNATIONAL COMPANY","臺北市大安區安和路2段118號5樓","5 F., No. 118, Sec. 2, Anhe Rd., Da’an Dist., Taipei City 10680, Taiwan (R.O.C.)","蘇O泉","02-27352233","02-27373977","有","有"
"04967947","19990712","20240220","通益鋁鋼有限公司","TUNG I ALUMINUM & STAINLESS CORP.","新北市樹林區太平路174巷5弄6號5樓","5 F., No. 6, Aly. 5, Ln. 174, Taiping Rd., Shulin Dist., New Taipei City 238016, Taiwan (R.O.C.)","陳O凱","02-2682-6652","","有","有"
"04968755","20010503","20240605","擎亞工程顧問股份有限公司","PAN ASIA CONSULTING ENGINEERS LTD.","臺北市中山區龍江路356巷20號5樓","5 F., No. 20, Ln. 356, Longjiang Rd., Zhongshan Dist., Taipei City 104065, Taiwan (R.O.C.)","","25431012","25099166","無","無"
"04968761","19780603","20221204","保吉企業有限公司","PLANTER ENTERPRISE CO., LTD.","臺北市中正區林森北路5巷10之1號、6樓","6 F., No. 10-1, Ln. 5, Linsen N. Rd., Zhongzheng Dist., Taipei City 100011, Taiwan (R.O.C.)","許O玉","02-25522733","02-25522730","無","無"
"04968811","20030826","20210814","毅全儀器有限公司","YE CHANCE ENTERPRISE CO., LTD.","臺北市大安區和平東路3段49號2樓之3","2 F.-3, No. 49, Sec. 3, Heping E. Rd., Da’an Dist., Taipei City 10670, Taiwan (R.O.C.)","林O原","02-2708-8835","02-2708-7671","有","有"
"04969179","19780714","20210814","博翔實業股份有限公司","POSHIANG CO., LTD.","臺北市萬華區康定路275號1樓","1 F., No. 275, Kangding Rd., Wanhua Dist., Taipei City 10852, Taiwan (R.O.C.)","林O琦","02-23066785","02-23087407","有","有"
"04969369","19830623","20210813","聯緯貿易有限公司","UNIST TRADING COMPANY","桃園市蘆竹區南崁路二段228巷266弄42號","No. 42, Aly. 266, Ln. 228, Sec. 2, Nankan Rd., Luzhu Dist., Taoyuan City 33855, Taiwan (R.O.C.)","彭O治","03-3113138","03-3113238","有","有"
"04969543","19780512","20210814","眾大股份有限公司","PRIZE PRODUCTS CORPORATION","臺北市大安區敦化南路2段97號17樓","17 F., No. 97, Sec. 2, Dunhua S. Rd., Da’an Dist., Taipei City 10682, Taiwan (R.O.C.)","陳O岳","02-27058016","02-27073157","有","有"
"04969620","19790319","20221231","大格化學工業股份有限公司","EPOLAB CHEMICAL INDUSTRIES INC.","桃園市中壢區內定里合圳北路11號","No. 11, Hezun N. Rd., Neiding Vil., Zhongli Dist., Taoyuan City 320030, Taiwan (R.O.C.)","朱O禔","03-4521501","03-4529318","有","有"
"04969874","19801015","20210815","三千貿易股份有限公司","SUN CHAIN TRADING CO., LTD.","臺北市中山區民權西路53號11樓","11 F., No. 53, Minquan W. Rd., Zhongshan Dist., Taipei City 10452, Taiwan (R.O.C.)","賴OO","02-25927733","02-25927300","有","有"
"04970611","19781215","20210814","良啟有限公司","LIENGCHI ENTERPRISE CO., LTD.","新北市新店區達觀路16號7樓之1","7 F.-1, No. 16, Daguan Rd., Xindian Dist., New Taipei City 23155, Taiwan (R.O.C.)","姚O英","02-22190241","02-22191251","有","有"
"04971288","19780608","20210815","登永實業有限公司","PACIFIC BUILDING SYSTEMS INTERNATIONAL CO.","高雄市苓雅區民權一路34號2樓之2","2 F.-2, No. 34, Minquan 1st Rd., Lingya Dist., Kaohsiung City 80251, Taiwan (R.O.C.)","吳O誼","07-3336858","07-3324843","有","有"
"04972343","19780808","20210814","泰韋企業有限公司","TAIE WEIE ENTERPRISE CO., LTD.","臺北市中正區水源路85號之1、1樓","1 F., No. 85-1, Shuiyuan Rd., Zhongzheng Dist., Taipei City 10082, Taiwan (R.O.C.)","陳O得","02-23672837","02-23688205","有","有"
"04972548","19790404","20210812","藝傑企業有限公司","I-CHIAH ENTERPRISES CO., LTD.","新北市中和區景平路71-6號12樓之8","12 F.-8, No. 71-6, Jingping Rd., Zhonghe Dist., New Taipei City 23578, Taiwan (R.O.C.)","陸O玉","02-27368520","02-27363191","有","有"
"04973271","19860609","20221008","衡美室內裝修企業股份有限公司","DYNASTY DESIGN CORPORATION","臺北市松山區復興北路99號4樓之6","4 F.-6, No. 99, Fuxing N. Rd., Songshan Dist., Taipei City 105403, Taiwan (R.O.C.)","陳O興","02-27130038","02-27160872","有","有"
"04973455","19790221","20210815","志運企業股份有限公司","THISWILL ENTERPRISE CORPORATION","臺北市中山區復興北路1號14樓之2","14 F.-2, No. 1, Fuxing N. Rd., Zhongshan Dist., Taipei City 104, Taiwan (R.O.C.)","劉O石","02-27723229","","無","無"
"04973650","19780926","20210812","海巨企業有限公司","HYGE ENTERPRISE CO., LTD.","臺北市中正區博愛路80號5樓","5 F., No. 80, Bo’ai Rd., Zhongzheng Dist., Taipei City 10043, Taiwan (R.O.C.)","黃O柔","02-23616428","","有","有"
"04973785","19780816","20210815","椰城股份有限公司","TRIM INTERNATIONAL INC.","臺北市信義區忠孝東路5段508號21樓","21 F., No. 508, Sec. 5, Zhongxiao E. Rd., Xinyi Dist., Taipei City 11083, Taiwan (R.O.C.)","蔡O甫","02-27596622","02-27596620","有","有"
"04974031","20041214","20210814","泳鋒興業有限公司","YONG FONG DEVELOPMENT CO., LTD.","新北市新店區北宜路3段132號","No. 132, Sec. 3, Beiyi Rd., Xindian Dist., New Taipei City 23151, Taiwan (R.O.C.)","廖O森","02-22171362","02-22172660","有","有"
"04974721","19800306","20210815","柚佳企業股份有限公司","YAUCA ENTERPRISE CO., LTD.","高雄市三民區信國路14號15樓","15 F., No. 14, Xinguo Rd., Sanmin Dist., Kaohsiung City 80772, Taiwan (R.O.C.)","黃O迪","07-","07-","有","有"
"04974813","19960910","20210813","大芹實業有限公司","SUN CONSTRUCTION CO., LTD.","桃園市桃園區瑞慶里寶慶路426號1樓","1 F., No. 426, Baoqing Rd., Ruiqing Vil., Taoyuan Dist., Taoyuan City 33046, Taiwan (R.O.C.)","江O然","02-27075507","02-27079497","有","有"
"04974975","19820921","20210814","達豐高級燈飾有限公司","TOPFANCY LIGHTS MFG. CO., LTD.","新北市三重區重新路5段498號","No. 498, Sec. 5, Chongxin Rd., Sanchong Dist., New Taipei City 24160, Taiwan (R.O.C.)","鄭O雄","02-29951186","02-29955283","有","有"
"04975019","19780830","20210828","冠盟股份有限公司","KWAN MONT MARKETING, INC.","新竹市北區士林二街66巷9號（1樓）","1 F., No. 9, Ln. 66, North Dist., Hsinchu City 300, Taiwan (R.O.C.)","楊O潔","02-27526691","","有","有"
"04975453","19780427","20220916","新美珍國際股份有限公司","NEW TERRITORY INT'L CORPORATION","臺南市南區大忠里大同路2段640巷94弄21號","No. 21, Aly. 94, Ln. 640, Sec. 2, Datong Rd., Dazhong Vil., South Dist., Tainan City 702003, Taiwan (R.O.C.)","褚O明","06-2690207-8","06-2675322","有","有"
"04976045","19790807","20230324","辰豐電器有限公司","T.F. TOPLIGHT CO., LTD.","新北市三重區重新路5段498號","No. 498, Sec. 5, Chongxin Rd., Sanchong Dist., New Taipei City 241017, Taiwan (R.O.C.)","鄭O雄","02-29851188","","無","無"
"04976278","19930108","20230323","裕喬企業有限公司","YU CHIAO MARBLE CO., LTD.","臺北市大安區復興南路2段12巷13號1樓","1 F., No. 13, Ln. 12, Sec. 2, Fuxing S. Rd., Da’an Dist., Taipei City 106028, Taiwan (R.O.C.)","高O明","02-27022104-6","","有","有"
"04978819","19780708","20210812","海麥企業有限公司","HIMAX INDUSTRIES CORPORATION","臺北市大安區和平東路3段70之3號3樓","3 F., No. 70-3, Sec. 3, Heping E. Rd., Da’an Dist., Taipei City 10675, Taiwan (R.O.C.)","呂O雄","02-27325291","02-27355719","有","有"
"04979916","20010403","20240503","鐵福防銹有限公司","TUFF-KOTE (TAIWAN) INC.","臺北市中山區濱江街303號","No. 303, Binjiang St., Zhongshan Dist., Taipei City 10472, Taiwan (R.O.C.)","林O儀","02-25164131","02-25175618","有","有"
"04979970","19780926","20240814","利行工業股份有限公司","LIH SHING PLASTICS CORPORATION","臺北市中山區中山北路3段27號10樓之5、10樓之6","10F.-6, 10 F.-5, No. 27, Sec. 3, Zhongshan N. Rd., Zhongshan Dist.,  Taipei City 104429, Taiwan (R.O.C.)","邱O容","02-2596-1236","02-25963608","無","無"
"04979991","19750103","20210815","天聲實業股份有限公司","Y.N. TIEN SENG INDUSTRIAL CO., LTD.","新北市板橋區南雅南路2段144巷4號2樓","2 F., No. 4, Ln. 144, Sec. 2, Nanya S. Rd., Banqiao Dist., New Taipei City 22060, Taiwan (R.O.C.)","簡O霞","02-29676464","","有","有"
"04980033","20141209","20230712","東鑫龍營造有限公司","TUNG HSING LONG CONSTRUCTION CO., LTD.","臺北市松山區健康路325巷24弄3號1樓","1 F., No. 3, Aly. 24, Ln. 325, Jiankang Rd., Songshan Dist., Taipei City 105067, Taiwan (R.O.C.)","郭O記","02-25283407","02-25283406","有","有"
"04980218","19831205","20210815","華泰文化事業股份有限公司","HWA TAI PUBLISHING CO., LTD.","臺北市內湖區新湖二路201號","No. 201, Xinhu 2nd Rd., Neihu Dist., Taipei City 11494, Taiwan (R.O.C.)","吳O慧","02-21621217","02-87916807","有","有"
"04980385","19800901","20210815","企盟貿易有限公司","KEYMAN INTERNATIONAL CORPORATION","臺北市松山區南京東路5段66巷12弄12號","No. 12, Aly. 12, Ln. 66, Sec. 5, Nanjing E. Rd., Songshan Dist., Taipei City 10564, Taiwan (R.O.C.)","許O惠","02-27691127","02-27669900","有","有"
"04980505","19790111","20210813","汎新企業股份有限公司","EASTERN UNION CO., LTD.","臺北市內湖區陽光街321巷18號","No. 18, Ln. 321, Yangguang St., Neihu Dist., Taipei City 11491, Taiwan (R.O.C.)","許O和","02-27998080","02-27998833","有","有"
"04980527","19781212","20210813","巨松企業股份有限公司","GESONG ENTERPRISES CO., LTD.","臺北市中山區民生東路3段57號5樓","5 F., No. 57, Sec. 3, Minsheng E. Rd., Zhongshan Dist., Taipei City 10478, Taiwan (R.O.C.)","陳O文","02-25055101","02-25056858","有","有"
"04980667","19790513","20210814","精度產品股份有限公司","EURASIAN PRECISION PRODUCTS LTD.","臺北市信義區松德路65號5樓之4","5 F.-4, No. 65, Songde Rd., Xinyi Dist., Taipei City 11075, Taiwan (R.O.C.)","王O音","02-2759-1765","2727-5996","有","有"
"04981357","19740617","20230226","勝公貿易股份有限公司","SHENG KUNG TRADING CO., LTD.","臺北市中山區興安街78之11號1樓","1 F., No. 78-11, Xing’an St., Zhongshan Dist., Taipei City 104110, Taiwan (R.O.C.)","吳O彥","02-25022286","02-25034704","無","無"
"04981960","19830303","20230106","錦旻企業股份有限公司","GIN WEN ENTERPRISE CO., LTD.","臺北市信義區基隆路1段109之6號5樓之1","5 F.-1, No. 109-6, Sec. 1, Keelung Rd., Xinyi Dist., Taipei City 110057, Taiwan (R.O.C.)","謝O廷","02-27474861","02-27474869","有","有"
"04982433","19780106","20230713","麗正國際科技股份有限公司","RECTRON LTD.","新北市土城區中山路71號","No. 71, Zhongshan Rd., Tucheng Dist., New Taipei City 236038, Taiwan (R.O.C.)","林O岑","02-22681314","02-22683703","有","有"
"04982567","20070102","20221221","立來企業股份有限公司","LI LAI ZIPPER ENTERPRISE CO., LTD.","桃園市中壢區中正路66號2樓","2 F., No. 66, Zhongzheng Rd., Zhongli Dist., Taoyuan City 320001, Taiwan (R.O.C.)","姜O經","03-4833070","03-4833628","無","無"
"04982588","19830111","20230717","東岱實業股份有限公司","EASTHILL INDUSTRIAL CO., LTD.","臺北市大安區仁愛路3段125號2樓","2 F., No. 125, Sec. 3, Ren’ai Rd., Da’an Dist., Taipei City 106672, Taiwan (R.O.C.)","陳O水","02-27731173","","無","無"
"04982807","19721214","20210815","子億管理顧問股份有限公司","TZUYIH TRADING CO., LTD.","臺北市內湖區行善路417巷32號5樓","5 F., No. 32, Ln. 417, Xingshan Rd., Neihu Dist., Taipei City 11469, Taiwan (R.O.C.)","陳O霖","02-27052386","02-27556546","有","有"
"04983340","19840128","20210815","智林企業股份有限公司","CONARY ENTERPRISE CO., LTD.","臺北市中山區南京東路3段28號10樓","10 F., No. 28, Sec. 3, Nanjing E. Rd., Zhongshan Dist., Taipei City 10489, Taiwan (R.O.C.)","林O誠","02-25091399","02-25016279","有","有"
"04983411","19910227","20210814","惟多有限公司","MENITA TECHNOLOGY CO., LTD.","桃園市龜山區大華里文東五街95號","No. 95, Wendong 5th St., Dahua Vil., Guishan Dist., Taoyuan City 33376, Taiwan (R.O.C.)","王O平","03-3492347","03-3495711","有","有"
"04983545","19790228","20210813","亞博貿易有限公司","MAYSONG CO., LTD.","臺北市內湖區文德路232號6樓","6 F., No. 232, Wende Rd., Neihu Dist., Taipei City 11475, Taiwan (R.O.C.)","鄭O博","02-2627-6090","","有","有"
"04983587","19960103","20210812","人人儀器有限公司","JEN JEN TESTING INSTRUMENTS CORP.","臺北市中正區羅斯福路1段119巷27號","No. 27, Ln. 119, Sec. 1, Roosevelt Rd., Zhongzheng Dist., Taipei City 10093, Taiwan (R.O.C.)","蔡O芬","02-23932125","02-23935193","有","有"
"04984045","19860224","20230321","輝東工業股份有限公司","WHIRLEX INDUSTRIES CORPORATION","新北市土城區承天路18號","No. 18, Chengtian Rd., Tucheng Dist., New Taipei City 236039, Taiwan (R.O.C.)","邱O清","02-22601838-9","","有","有"
"04984354","19821018","20220907","尚時股份有限公司","TAIWAN SUN SEA CO., LTD.","臺北市信義區基隆路1段432號3樓之7","3 F.-7, No. 432, Sec. 1, Keelung Rd., Xinyi Dist., Taipei City 11051, Taiwan (R.O.C.)","王O驊","02-27040955","","有","有"
"04984832","20050609","20210815","金鼎櫥櫃有限公司","KITENCH SYSTEM-KITCHEN CO., LTD.","臺北市大安區仁愛路4段416號4樓","4 F., No. 416, Sec. 4, Ren’ai Rd., Da’an Dist., Taipei City 10693, Taiwan (R.O.C.)","王O榮","02-27045518","02-27077838","有","有"
"04984973","19780915","20210814","均億企業有限公司","U & U INTERNATIONAL INC.","臺北市大安區敦化南路2段77號9樓之6","9 F.-6, No. 77, Sec. 2, Dunhua S. Rd., Da’an Dist., Taipei City 10682, Taiwan (R.O.C.)","鄭O","02-27062110","02-27063837","有","有"
"04985001","19980619","20210814","駿融蔘藥生技股份有限公司","CHUN-JUNG CHEN INTERNATIONAL CO., LTD.","臺北市士林區至誠路2段132號","No. 132, Sec. 2, Zhicheng Rd., Shilin Dist., Taipei City 11142, Taiwan (R.O.C.)","陳O榮","02-86875837","02-86875836","有","有"
"04985543","19880420","20210813","得皇企業有限公司","TE FOUNG ENTERPRISE CO., LTD.","臺北市松山區民族東路675之1號1樓","1 F., No. 675-1, Minzu E. Rd., Songshan Dist., Taipei City 10541, Taiwan (R.O.C.)","林O銘","02-27170165","","有","有"
"04985924","20091103","20240706","騰達營造股份有限公司","GRAND WILL ENGINEERING & CONSTRUCTION CORP.","新竹縣關西鎮南和里下南片6之6號1樓","1 F., No. 6-6, Xiananpian, Nanhe Vil., Guanxi Township, Hsinchu County 306006, Taiwan (R.O.C.)","謝O吾","02-24235155","02-27713549","有","有"
"04987107","19980307","20210813","台芳香料化學股份有限公司","TAIFANG AROMATICS CO., LTD.","新北市新店區寶橋路235巷8號6樓","6 F., No. 8, Ln. 235, Baoqiao Rd., Xindian Dist., New Taipei City 23145, Taiwan (R.O.C.)","林O樑","02-29172230","02-29146419","有","有"
"04987227","19920501","20210815","今日儀器股份有限公司","TODAY'S INSTRUMENTS CO., LTD.","新北市林口區中山路71號8樓","8 F., No. 71, Zhongshan Rd., Linkou Dist., New Taipei City 24446, Taiwan (R.O.C.)","吳O福","02-26032311","02-26032333","有","有"
"04987325","19790412","20230617","勝崴企業股份有限公司","JONI ENTERPRISES CO., LTD.","新北市三重區光華路34號1樓","1 F., No. 34, Guanghua Rd., Sanchong Dist., New Taipei City 241022, Taiwan (R.O.C.)","陳O修","02-2999-0096","02-2995-1329","有","有"
"04987388","19780912","20210813","乙農企業股份有限公司","YEE NONG ENTERPRISE CO., LTD.","臺北市中山區農安街57號2樓之6","2 F.-6, No. 57, Nong’an St., Zhongshan Dist., Taipei City 10460, Taiwan (R.O.C.)","潘O正","28939148","28939048","有","有"
"04987541","19780516","20210814","德士光學工業股份有限公司","TECHS OPTICAL INDUSTRIES LTD.","臺北市大安區忠孝東路4段2號7樓之2","7 F.-2, No. 2, Sec. 4, Zhongxiao E. Rd., Da’an Dist., Taipei City 10688, Taiwan (R.O.C.)","鄭O琴","02-25044502","02-25076758","無","無"
"04987606","19880730","20230321","亞洲空氣污染防治股份有限公司","ASIA AIR POLLUTION CONTROL SYSTEM ENGINEERING CORPORATION","高雄市鳳山區和成路486號","No. 486, Hecheng Rd., Fengshan Dist., Kaohsiung City 830060, Taiwan (R.O.C.)","邱O軍","07-8027260","07-8031281","有","有"
"04987726","19910823","20210814","蘋果樹科技有限公司","APPLEMOVIE INC.","臺北市大安區金華街223之8號5樓","5 F., No. 223-8, Jinhua St., Da’an Dist., Taipei City 10650, Taiwan (R.O.C.)","黃O晉","02-23922196","02-23414888","有","有"
"04988318","19790619","20240709","鉑錩有限公司","EUTECTOID MERCHANDISE CO., LTD.","臺北市信義區和平東路3段435巷32號1樓","1 F., No. 32, Ln. 435, Sec. 3, Heping E. Rd., Xinyi Dist., Taipei City 11057, Taiwan (R.O.C.)","謝O羣","02-27326495","","有","有"
"04988422","19870611","20210813","立前企業有限公司","LI CHANING INDUSTRIAL CO., LTD.","臺北市松山區八德路2段374號5樓之9","5 F.-9, No. 374, Sec. 2, Bade Rd., Songshan Dist., Taipei City 10556, Taiwan (R.O.C.)","鄭O銘","02-27213332","","有","有"
"04988534","19810324","20210815","柏昇企業股份有限公司","AUTOTRONIC ENTERPRISE CO., LTD.","新北市中和區中正路1226號3樓","3 F., No. 1226, Zhongzheng Rd., Zhonghe Dist., New Taipei City 23586, Taiwan (R.O.C.)","張O龍","02-22235889","02-82216662","有","有"
"04989013","19891204","20221012","華泰窯業股份有限公司","HWA TAI CERAMIC CO., LTD.","新北市鶯歌區東湖路14之1號","No. 14-1, Donghu Rd., Yingge Dist., New Taipei City 239006, Taiwan (R.O.C.)","林O男","02-26789950","02-26789953","有","有"
"04989055","19901210","20240507","裕工潤保股份有限公司","YUKO LUBRICANT INDUSTRY CO., LTD.","新北市三峽區中正路1段108巷7弄4號10樓之3","10 F.-3, No. 4, Aly. 7, Ln. 108, Sec. 1, Zhongzheng Rd., Sanxia Dist., New Taipei City 237001, Taiwan (R.O.C.)","","02-26726132","02-26727127","無","無"
"04989196","19780721","20220302","華甄企業有限公司","FURNACE ENGINEERING & TRADING CO., LTD.","新北市汐止區汐萬路2段228巷31弄92號2樓","2 F., No. 92, Aly. 31, Ln. 228, Sec. 2, Xiwan Rd., Xizhi Dist., New Taipei City 22179, Taiwan (R.O.C.)","林O登美","02-26466092-3","02-26466095","有","有"
"04989739","19770305","20210813","固乘貿易股份有限公司","KUSENG TRADING CO., LTD.","新北市新店區寶興路45巷8弄12號4樓","4 F., No. 12, Aly. 8, Ln. 45, Baoxing Rd., Xindian Dist., New Taipei City 23145, Taiwan (R.O.C.)","許O飛","02-29117151","02-29113393","有","有"
"04989750","19771111","20221205","志明光學廠股份有限公司","G-M OPTICAL MANUFACTURING INC.","臺北市大安區信義路3段162之4號","No. 162-4, Sec. 3, Xinyi Rd., Da’an Dist., Taipei City 106028, Taiwan (R.O.C.)","孫O欽","02-2704-1194","02-2754-5354","無","無"
"04989800","19780614","20221216","有泉行有限公司","NEDTEX COMPANY","臺北市大安區安和路2段112號5樓","5 F., No. 112, Sec. 2, Anhe Rd., Da’an Dist., Taipei City 106056, Taiwan (R.O.C.)","蘇O陵","02-27352233","02-27328834","有","有"
"04990010","19820907","20210814","峻青有限公司","ABLEGREEN COMPANY LIMITED","臺北市大同區承德路2段81號5樓之1","5 F.-1, No. 81, Sec. 2, Chengde Rd., Datong Dist., Taipei City 10353, Taiwan (R.O.C.)","章O誠","02-25561166","02-25558605","有","有"
"04990341","19790611","20230111","翰盟實業股份有限公司","HIMOUNT INDUSTRIAL CO., LTD.","臺北市松山區復興北路325號7樓","7 F., No. 325, Fuxing N. Rd., Songshan Dist., Taipei City 105007, Taiwan (R.O.C.)","簡O昱","02-27135577","02-27152218","有","有"
"04990519","19760407","20230627","丹華貿易股份有限公司","DANVER TRADING CO., LTD.","臺北市內湖區大湖街131巷2弄6號2樓之2","2 F.-2, No. 6, Aly. 2, Ln. 131, Dahu St., Neihu Dist., Taipei City 114041, Taiwan (R.O.C.)","李O斌","02-2793-8888","02-2793-6789","有","有"
"04990763","19790602","20210814","合馨貿易股份有限公司","HERBSHEEN TRADING CORPORATION","臺北市大安區安和路2段16號7樓","7 F., No. 16, Sec. 2, Anhe Rd., Da’an Dist., Taipei City 10680, Taiwan (R.O.C.)","徐O誠","02-2701-5165","","有","有"
"04991159","19791101","20210814","上運股份有限公司","GOLDEN SHINE CORPORATION","臺北市內湖區安康路152號3樓","3 F., No. 152, Ankang Rd., Neihu Dist., Taipei City 11484, Taiwan (R.O.C.)","李O振","02-27911194","","有","有"
"04991496","19780228","20210812","匯峰實業股份有限公司","WELLPHONE ENTERPRISES CO., LTD.","臺北市大安區仁愛路3段28號11樓之2","11 F.-2, No. 28, Sec. 3, Ren’ai Rd., Da’an Dist., Taipei City 10653, Taiwan (R.O.C.)","呂O堂","02-2704-5585","02-2703-2082","有","有"
"04991860","19820531","20210814","津秋企業股份有限公司","SPOONFUL INTERNATIONAL CO., LTD.","臺北市大安區新生南路3段20之3號地下一樓","1 F., No. 20-3, Sec. 3, Xinsheng S. Rd., Da’an Dist., Taipei City 10660, Taiwan (R.O.C.)","陳O秋","02-27881198","02-26538862","有","有"
"04992565","19780626","20230211","宗正企業有限公司","WACO CORPORATION","臺北市大安區仁愛路4段110號6樓之2","6 F.-2, No. 110, Sec. 4, Ren’ai Rd., Da’an Dist., Taipei City 106063, Taiwan (R.O.C.)","程O傑","02-27587077","02-27293366","無","無"
"04993543","19870905","20210815","漢鴻企業股份有限公司","CHAMPIONLITE ENTERPRISE CORPORATION","新北市新店區三民路51巷22號4樓","4 F., No. 22, Ln. 51, Sanmin Rd., Xindian Dist., New Taipei City 23149, Taiwan (R.O.C.)","施O揚","02-2701-4959","02-2703-2381","有","有"
"04993847","19780810","20210812","汎怡國際有限公司","FANYEE INTERNATIONAL COMPANY LTD.","臺中市沙鹿區南勢里南昌路42巷1號","No. 1, Ln. 42, Nanchang Rd., Nanshi Vil., Shalu Dist., Taichung City 43347, Taiwan (R.O.C.)","張O喬","04-26360619","04-26360136","有","有"
"04994091","19790319","20210814","啟大企業有限公司","FORMOSA MEDICAL INSTRUMENTS CO., LTD.","臺北市松山區南京東路4段170號6樓Ｃ室","6 F., No. 170, Sec. 4, Nanjing E. Rd., Songshan Dist., Taipei City 10553, Taiwan (R.O.C.)","闞O桂","02-25792299","","有","有"
"04994183","20150617","20210813","山湖金屬工業有限公司","SHAN HU METAL INDUSTRIAL CO., LTD.","桃園市龜山區兔坑里海坪路廿號","Tukeng Vil., Guishan Dist., Taoyuan City 333, Taiwan (R.O.C.)","陳O富","03-3503766","03-3298155","有","有"
"04994965","19800607","20220930","大輔企業有限公司","DA FU ENTERPRISE CO., LTD.","臺北市中山區林森北路554號10樓","10 F., No. 554, Linsen N. Rd., Zhongshan Dist., Taipei City 104030, Taiwan (R.O.C.)","楊O誠","02-25930028","02-25933737","有","有"
"04995394","19861205","20210815","勤禾實業有限公司","CHEN MORE INDUSTRIAL CORP.","臺北市松山區延壽街383號1樓","1 F., No. 383, Yanshou St., Songshan Dist., Taipei City 10577, Taiwan (R.O.C.)","陳O誠","02-27669699","02-27628881","有","有"
"04995795","19980921","20210815","美旗寶業有限公司","MEEI CHIR BAUUYEH CO., LTD.","臺北市文山區新光路1段104號","No. 104, Sec. 1, Xinguang Rd., Wenshan Dist., Taipei City 11652, Taiwan (R.O.C.)","賴O成","02-29278911","","有","有"
"04995985","19780708","20210813","寧遠科技有限公司","TGC TECHNOLOGY LIMITED","臺北市大安區敦化南路2段267號6樓","6 F., No. 267, Sec. 2, Dunhua S. Rd., Da’an Dist., Taipei City 10675, Taiwan (R.O.C.)","陳O宇","02-23789331","","有","有"
"04996393","19940503","20210812","鈞隆有限公司","CCT ASSOCIATES, INC.","臺北市中正區北平東路16號7樓之4","7 F.-4, No. 16, Beiping E. Rd., Zhongzheng Dist., Taipei City 10049, Taiwan (R.O.C.)","蔡O堯","02-23916894","02-23963959","有","有"
"04996817","19770504","20230113","三睦企業股份有限公司","SUN MIEN CO., LTD.","臺北市南港區市民大道7段196號","No. 196, Sec. 7, Civic Blvd., Nangang Dist., Taipei City 115007, Taiwan (R.O.C.)","洪O偉","02-26534156","02-26534157","無","無"
"04997914","19830224","20210812","輝建國際有限公司","CAFACT INTERNATIONAL CORPORATION","臺北市中山區復興北路70號3樓","3 F., No. 70, Fuxing N. Rd., Zhongshan Dist., Taipei City 10488, Taiwan (R.O.C.)","陳O見","02-27817902","","有","有"
"04998266","19821009","20210815","歐比有限公司","CELSIUS ELECTRIC INDUSTRIAL CORP.","新北市新店區民權路31號14樓","14 F., No. 31, Minquan Rd., Xindian Dist., New Taipei City 23141, Taiwan (R.O.C.)","高O容","02-89145865","02-89147727","有","有"
"04998343","19980112","20210814","福蒂汽車有限公司","FU TI AUTOMOBILES CO., LTD.","臺北市松山區光復南路420巷1弄12號","No. 12, Aly. 1, Ln. 420, Guangfu S. Rd., Songshan Dist., Taipei City 105, Taiwan (R.O.C.)","張O旻","02-27076311","","有","有"
"04999265","19890227","20241018","友聯光學有限公司","UNION OPTICAL & INSTRUMENTS LTD.","新北市汐止區新台五路1段81號4樓之3","4 F.-3, No. 81, Sec. 1, Xintai 5th Rd., Xizhi Dist., New Taipei City 22101, Taiwan (R.O.C.)","","886-2-26980508","886-2-26980389","無","無"
