"統一編號","原始登記日期","核發日期","廠商中文名稱","廠商英文名稱","中文營業地址","英文營業地址","代表人","電話號碼","傳真號碼","進口資格","出口資格"
"01006559","20240807","20240807","中華民國馬術協會","Chinese Taipei Equestrian Association","臺北市中山區朱崙街20號808室","Rm. 808, No. 20, Zhulun St., Zhongshan Dist., Taipei City 104703, Taiwan (R.O.C.)","許O進","02-87711439","02-27783740","有","有"
"01010511","20190408","20190408","財團法人科見藝術文教基金會","KOJEN Arts and Education Foundation","臺北市中山區松江路９０巷９號６樓","6F., NO. 9, LN. 90, SONGJIANG RD., ZHONGSHAN DIST., TAIPEI CITY 10456, TAIWAN (R.O.C.)","沈O香","02-25818511#27","02-25810947","有","有"
"01010553","19900505","20170707","醫療財團法人台灣血液基金會","TAIWAN BLOOD SERVICES FOUNDATION","臺北巿南海路３號３樓","3F., NO.3, NANHAI RD., TAIPEI, TAIWAN, R.O.C.","侯O茂","02-23511600","02-23570677","有","有"
"01010786","20200424","20200424","財團法人淨化社會文教基金會","JINGHUA SOCIETY CULTURAL FOUNDATION","新北市土城區學府路一段23巷21號","NO. 21, LN. 23, SEC. 1, XUEFU RD., TUCHENG DIST., NEW TAIPEI CITY 236, TAIWAN (R.O.C.)","徐O輝","8261-1993","","有","有"
"01012145","20120413","20160215","財團法人公共電視文化事業基金會","PUBLIC TELEVISION SERVICE FOUNDATION","臺北市內湖區康寧路３段７５巷５０號","NO.50, LN. 75, SEC. 3, KANGNING RD., NEIHU DIST., TAIPEI CITY 11485, TAIWAN (R.O.C.)","邵O銘","02-26332000","02-26341155","有","有"
"01013708","20190418","20230421","社團法人臺灣皮膚科醫學會","Taiwanese Dermatological Association","臺北市中正區武昌街一段１之２號４樓","4F., NO.1-2, SEC. 1, WUCHANG ST., ZHONGZHENG DIST., TAIPEI CITY 10046, TAIWAN (R.O.C.)","趙O秋","02-23880595","02-23880597","有","有"
"01017155","20240711","20240711","中華民國足球協會","CHINESE TAIPEI FOOTBALL ASSOCIATION","台北市大同區昌吉街55號2樓210室","Rm. 210, 2 F., No. 55, Changji St., Datong Dist., Taipei City 103026, Taiwan (R.O.C.)","王O祥","02-25961185","","有","有"
"01035436","20170406","20170406","當代傳奇劇場","THE CONTEMPORARY LEGEND THEATRE","臺北市中正區寧波西街７２號","NO.72, NINGBO W. ST., ZHONGZHENG DIST., TAIPEI CITY 10075, TAIWAN (R.O.C.)","林O偉","02-2392-3868","","有","有"
"01050816","20160624","20240619","財團法人中華福音道路德會","CHINA EVANGELICAL LUTHERAN CHURCH-LC","臺北市大安區復興南路一段１２７號４樓","4F., NO.127, SEC. 1, FUXING S. RD., DA-AN DIST., TAIPEI CITY 10666, TAIWAN (R.O.C.)","苗O華","02-2775-4145","02-2758-8318","有","有"
"01054806","20211119","20211119","財團法人中華民國帝門藝術教育基金會","Dimension Art Foundation","台北市中正區銅山街11巷6號1樓","1F., No. 6, Ln. 11, Tongshan St., Zhongzheng Dist., Taipei City 10054, Taiwan (R.O.C.)","王O山","02-23919394","","有","有"
"01061004","20150731","20150731","財團法人台北市中國基督教靈糧世界佈道會士林靈糧堂","BREAD OF LIFE CHRISTIAN CHURCH IN SHILIN","台北市社中街２９８巷４弄２號１樓","1F., NO.2, ALY. 4, LN. 298, SHEZHONG ST., SHILIN DIST., TAIPEI CITY 11175, TAIWAN (R.O.C.)","許O爵","02-28803408","02-27128005","有","有"
"01061855","20180321","20180321","社團法人中華民國真如苑佛教會","Shinnyo-en Taiwan Buddhist Association","臺北市中山區堤頂大道２段４８６號","NO.486, SEC. 2, TIDING BLVD., ZHONGSHAN DIST., TAIPEI CITY 10462, TAIWAN (R.O.C.)","陳O德","02-85097070","02-85097272","有","有"
"01069842","19910703","20230111","龍城工業有限公司","GREAT WALL INDUSTRIAL / COMBUSTION & HEAT TRANSFER CO., LTD.","臺北市中正區林森南路4之3號6樓","6 F., No. 4-3, Linsen S. Rd., Zhongzheng Dist., Taipei City 100008, Taiwan (R.O.C.)","汪O城","02-23939991","02-23968996","有","有"
"01071495","19850911","20250411","熙旺實業股份有限公司","CI-ONE ENTERPRISE CO., LTD.","臺北市大安區復興南路1段380號12樓之1","12 F.-1, No. 380, Sec. 1, Fuxing S. Rd., Da'an Dist., Taipei City 106469, Taiwan (R.O.C.)","張O煉","02-2773-1556","02-2711-4487","有","有"
"01071832","19850916","20210815","怡程股份有限公司","LIGHTWAY INTERNATIONAL CO., LTD.","臺北市中山區吉林路24號7樓之2","7 F.-2, No. 24, Jilin Rd., Zhongshan Dist., Taipei City 10457, Taiwan (R.O.C.)","程O國","02-25683681","02-25513803","有","有"
"01071848","19941222","20231219","欣聯害蟲防治系統有限公司","SHIN LIEN PEST CONTROL SYSTEM CO., LTD.","新北市新店區寶宏路34號","No. 34, Baohong Rd., Xindian Dist., New Taipei City 231028, Taiwan (R.O.C.)","符O云","02-25555208","","有","有"
"01072683","19851211","20210813","宇技企業有限公司","ULTECH ENGINEERING & DEVELOPMENT CO., LTD.","新北市新莊區五權一路3號6樓之8","6 F.-8, No. 3, Wuquan 1st Rd., Xinzhuang Dist., New Taipei City 24892, Taiwan (R.O.C.)","范O彬","02-22984370","02-22984372","有","有"
"01072918","19920803","20221120","秉宜彩藝印製股份有限公司","BING YI COLOR PRINTING CO., LTD.","臺北市中正區杭州南路1段133之2號1樓","1 F., No. 133-2, Sec. 1, Hangzhou S. Rd., Zhongzheng Dist., Taipei City 100019, Taiwan (R.O.C.)","蔡O煒","02-23217519","","無","無"
"01073634","19851024","20210815","伸亞國際有限公司","SHEN YA INT'L CO., LTD.","臺北市中山區林森北路306號13樓之8","13 F.-8, No. 306, Linsen N. Rd., Zhongshan Dist., Taipei City 10450, Taiwan (R.O.C.)","何O崙","02-25777746","02-25700138","有","有"
"01073769","19851030","20230307","全福種苗股份有限公司","ALL LUCKY SEED CO., LTD.","臺北市中山區南京東路2段75號12樓","12 F., No. 75, Sec. 2, Nanjing E. Rd., Zhongshan Dist., Taipei City 104089, Taiwan (R.O.C.)","詹O彥","02-25237809","02-25237810","有","有"
"01073830","19950408","20210814","麗慶工業股份有限公司","LEH CHING INDUSTRIAL CORPORATION","臺北市大安區敦化南路2段34號8樓","8 F., No. 34, Sec. 2, Dunhua S. Rd., Da’an Dist., Taipei City 10683, Taiwan (R.O.C.)","都O萍","02-27542580","02-27089978","有","有"
"01073917","19851206","20210814","恆琨企業股份有限公司","EVER PRODUCTS CORP.","臺北市松山區敦化北路207號11樓之2","11 F.-2, No. 207, Dunhua N. Rd., Songshan Dist., Taipei City 10595, Taiwan (R.O.C.)","劉O","02-27183738","02-27183833","有","有"
"01074009","19870915","20210814","準鑫企業股份有限公司","PRO ACCUTECH CO., LTD.","新北市三重區光復路1段61巷14號","No. 14, Ln. 61, Sec. 1, Guangfu Rd., Sanchong Dist., New Taipei City 24158, Taiwan (R.O.C.)","林O誠","02-29991111","03-3384808","有","有"
"01074042","20041206","20210814","新佳成電腦有限公司","SHNG JIA CHERN COMPUTER CO., LTD.","臺北市大同區民族西路225巷3弄9之7號4樓","4 F., No. 9-7, Aly. 3, Ln. 225, Minzu W. Rd., Datong Dist., Taipei City 10374, Taiwan (R.O.C.)","胡O正","02-25567441","02-25594678","有","有"
"01074227","19851108","20230720","兆崧企業股份有限公司","AMSTER ENTERPRISE CO., LTD.","臺北市文山區羅斯福路6段88號5樓","5 F., No. 88, Sec. 6, Roosevelt Rd., Wenshan Dist., Taipei City 116052, Taiwan (R.O.C.)","陳O安","02-29312845","02-29329792","有","有"
"01074303","19860109","20210815","台眾實業股份有限公司","NEW JOHNSON INTERNATIONAL CORPORATION","新北市新莊區中正路723號","No. 723, Zhongzheng Rd., Xinzhuang Dist., New Taipei City 24261, Taiwan (R.O.C.)","吳O山","02-2908-8700","02-2908-7020","有","有"
"01074325","19990413","20220720","吉輝機電工業有限公司","CHI HUI MACHINERY & ELECTRIC INDUSTRIAL CO., LTD.","新北市中和區民生街85巷6弄16號","No. 16, Aly. 6, Ln. 85, Minsheng St., Zhonghe Dist., New Taipei City 235004, Taiwan (R.O.C.)","游O麗","02-22516565","02-22525924","有","有"
"01074444","19851122","20210813","澳瑞實業有限公司","HYDROMECH INDUSTRIES CO., LTD.","臺北市中正區博愛路25號7樓之1","7 F.-1, No. 25, Bo’ai Rd., Zhongzheng Dist., Taipei City 10044, Taiwan (R.O.C.)","洪O庭","02-23817833","02-23712011","有","有"
"01074850","19851219","20250430","豐彤企業有限公司","FON TURNG ENTERPRISE CO., LTD.","臺北市中山區南京東路2段111號6樓","6 F., No. 111, Sec. 2, Nanjing E. Rd., Zhongshan Dist., Taipei City 104475, Taiwan (R.O.C.)","黃O宏","02-27658198","","有","有"
"01074887","19860130","20210815","安紳企業有限公司","ASSAI MARKETING CORP.","臺北市松山區復興北路101號6樓之11","6 F.-11, No. 101, Fuxing N. Rd., Songshan Dist., Taipei City 10595, Taiwan (R.O.C.)","陳O靜","02-2536-3171","02-2536-3173","有","有"
"01074922","20081110","20240216","糖福育樂股份有限公司","TAI SUGAR LOHAS CORPORATION","臺南市南區大林里大同路2段402號2樓","2 F., No. 402, Sec. 2, Datong Rd., Dalin Vil., South Dist., Tainan City 702029, Taiwan (R.O.C.)","鄭O昌","06-3378581","06-3378526","有","有"
"01075181","19910520","20221216","五和防音技術工程顧問股份有限公司","WU HO ACOUSTICAL ENGINEERING & CONSULTING CO., LTD.","臺北市中正區博愛路9號6樓之1","6 F.-1, No. 9, Bo’ai Rd., Zhongzheng Dist., Taipei City 100005, Taiwan (R.O.C.)","郭O文","02-2381-5057","","有","有"
"01075703","19860121","20210815","科頡工業股份有限公司","KUDOS MECHANICAL CO., LTD.","新北市深坑區北深路1段151號1樓、2樓、3樓","NO.151, SEC. 1, PEI SHEN RD., SHENKENG DIST., NEW TAIPEI CITY 22246, TAIWAN (R.O.C.)","權O","02-26627367","02-26627882","有","有"
"01076267","19860106","20210814","健能企業有限公司","EMPA ENTERPRISE CO., LTD.","高雄市大社區保社里民族路13之12號","No. 13-12, Minzu Rd., Baoshe Vil., Dashe Dist., Kaohsiung City 81546, Taiwan (R.O.C.)","林O豐","07-3532853","07-3526645","有","有"
"01076533","19880126","20210812","侑商企業有限公司","EUROSUN TRADING CO., LTD.","臺北市大安區敦化南路2段180號18樓","18 F., No. 180, Sec. 2, Dunhua S. Rd., Da’an Dist., Taipei City 10669, Taiwan (R.O.C.)","李O生","02-2733-0073","02-2733-0013","有","有"
"01076647","19971113","20210813","三星科學有限公司","SAN HSING SCIENTIFIC CO., LTD.","臺北市大安區建國南路2段294巷3號1樓","1 F., No. 3, Ln. 294, Sec. 2, Jianguo S. Rd., Da’an Dist., Taipei City 10662, Taiwan (R.O.C.)","陳O鳳","02-23637223","02-23627670","有","有"
"01076652","19970131","20230927","小書齋文化事業股份有限公司","SHEAU SHU JAI CULTURAL ENTERPRISES, CO., LTD.","臺北市中正區重慶南路1段11號2樓","2 F., No. 11, Sec. 1, Chongqing S. Rd., Zhongzheng Dist., Taipei City 10046, Taiwan (R.O.C.)","李O傑","02-23614231","02-23311061","有","有"
"01081727","20031209","20210811","成功旗幟禮品行","SUCCESS FLAGS & GIFT COMPANY","臺北市萬華區中華路1段192號8樓","8 F., No. 192, Sec. 1, Zhonghua Rd., Wanhua Dist., Taipei City 10850, Taiwan (R.O.C.)","張O發","02-2381-8309","02-2375-5332","無","無"
"01091540","20080328","20221225","哈佛英語出版社","HOWARD ENGLISH PUBLISHING CO.","臺中市南屯區溝墘里大業路３０７號１０樓","10 F., No. 307, Daye Rd., Gouqian Vil., Nantun Dist., Taichung City 408325, Taiwan (R.O.C.)","張O偉","02-23896403","02-23894059","無","無"
"01091725","20040301","20210811","新銳電業行","RF-PARTS TECHNOLOGY CO.","臺北市中正區市民大道3段8號4樓472室","Rm. 472, 4 F., No. 8, Sec. 3, Civic Blvd., Zhongzheng Dist., Taipei City 10058, Taiwan (R.O.C.)","董O威","02-86633218","02-86633219","有","有"
"01092533","20210616","20230602","新雨出版社","NEW RAIN PUBLISHING CO.","新北市三重區重安街102號8樓","8 F., No. 102, Chong’an St., Sanchong Dist., New Taipei City 241009, Taiwan (R.O.C.)","王O庭","02-29789528","02-29789518","有","有"
"01093104","20040303","20210811","大慶鐘錶行","DA CHIN TIMEPIECE COMPANY","新北市五股區五權七路１２號之１","No. 12-1, Wuquan 7th Rd., Wugu Dist., New Taipei City 24890, Taiwan (R.O.C.)","曾O來","02-8990-1606","02-8990-1607","有","有"
"01110624","20000524","20210811","九宏五金行","J-HOME HARDWARE CO.","臺北市萬華區康定路1之1號1樓","1 F., No. 1-1, Kangding Rd., Wanhua Dist., Taipei City 10843, Taiwan (R.O.C.)","江O庸","02-23753798","","有","有"
"01111588","20110530","20210811","良華行","AFARPINO COMPANY","臺北市中正區重慶南路1段88號1樓","1 F., No. 88, Sec. 1, Chongqing S. Rd., Zhongzheng Dist., Taipei City 10045, Taiwan (R.O.C.)","王O雲","02-23310426","","有","有"
"01125226","19940201","20210813","輝達印刷材料有限公司","FEDERAL PRINTING MATERIAL INC.","臺北市士林區福國路95號3樓之8","3 F.-8, No. 95, Fuguo Rd., Shilin Dist., Taipei City 11158, Taiwan (R.O.C.)","施O鳳","02-25945068","02-25941791","有","有"
"01125577","20130719","20210813","阡業印刷有限公司","QIAN YE PRINT CO., LTD","新北市蘆洲區中山二路176-2號7樓","7 F., No. 176-2, Zhongshan 2nd Rd., Luzhou Dist., New Taipei City 24756, Taiwan (R.O.C.)","周O文","02-82828447","","有","有"
"01125871","19850912","20250327","東乙興業有限公司","TONYTEC TRADING CO., LTD.","臺北市中山區建國北路2段35號6樓之1","6 F.-1, No. 35, Sec. 2, Jianguo N. Rd., Zhongshan Dist., Taipei City 10479, Taiwan (R.O.C.)","","02-25817246","","無","無"
"01125909","19930924","20210813","豐合開發股份有限公司","TAIWAN FIELDRICH CORPORATION","臺北市大安區仁愛路4段25號11樓A","11 F., No. 25, Sec. 4, Ren’ai Rd., Da’an Dist., Taipei City 10685, Taiwan (R.O.C.)","楊O月","02-27415577","02-27717331","有","有"
"01126029","19880523","20210815","煥翔實業有限公司","NEW HUAN HSIANG INDUSTRIAL CO., LTD.","新北市三重區過圳街7巷16號4樓之1","4 F.-1, No. 16, Ln. 7, Guozun St., Sanchong Dist., New Taipei City 24141, Taiwan (R.O.C.)","簡O富","02-26852695","","有","有"
"01126153","19870305","20240201","統明工業股份有限公司","MOONEY INDUSTRY CO., LTD.","臺北市中山區伊通街66巷13號1樓","1 F., No. 13, Ln. 66, Yitong St., Zhongshan Dist., Taipei City 104074, Taiwan (R.O.C.)","黃O宇","02-2601-0012","02-2601-0010","有","有"
"01126169","19870511","20230728","富昌皮飾實業有限公司","JAU YU LEATHER BUSINESS COMPANY LTD.","臺北市大同區重慶北路2段46巷5號","No. 5, Ln. 46, Sec. 2, Chongqing N. Rd., Datong Dist., Taipei City 10345, Taiwan (R.O.C.)","","02-25553306","","無","無"
"01126484","19851001","20230816","崇美股份有限公司","TEXWAY INC.","臺北市大同區迪化街1段46巷3號6樓","6 F., No. 3, Ln. 46, Sec. 1, Dihua St., Datong Dist., Taipei City 103003, Taiwan (R.O.C.)","陳O惠","02-25590422","02-25594320","有","有"
"01126647","19870304","20220119","榮隆參藥行有限公司","JUNG LOONG CO., LTD.","臺北市大同區西寧北路130號1樓","1 F., No. 130, Xining N. Rd., Datong Dist., Taipei City 10342, Taiwan (R.O.C.)","呂O榮","02-25556741","02-25568790","有","有"
"01126908","19950324","20210812","雨暉熱處理股份有限公司","YEU HUI TECHNOLOGY CO., LTD.","新北市新莊區化成路一五六巷六號","No. 6, Ln. 156, Huacheng Rd., Xinzhuang Dist., New Taipei City 24251, Taiwan (R.O.C.)","連O揚","02-29964256","","有","有"
"01127358","20240508","20240508","昆陽行","Kun-yang Peggy Hang","臺北市大同區酒泉街217號1樓","1 F., No. 217, Jiuquan St., Datong Dist., Taipei City 103036, Taiwan (R.O.C.)","劉O晴","02-25941771","","有","有"
"01127759","20071005","20210815","大車電業有限公司","TA-CHE ELECTRIC CO., LTD.","臺北市大同區重慶北路2段46巷5之3號1樓","1 F., No. 5-3, Ln. 46, Sec. 2, Chongqing N. Rd., Datong Dist., Taipei City 10345, Taiwan (R.O.C.)","陳O謀","02-25561566","02-25569821","有","有"
"01128011","19920925","20210813","光國文教資訊有限公司","SUN LIGHT EDUCATIONAL PRODUCTS CO., LTD.","臺北市大同區重慶北路2段46巷8號1樓","1 F., No. 8, Ln. 46, Sec. 2, Chongqing N. Rd., Datong Dist., Taipei City 10345, Taiwan (R.O.C.)","陳O卿","02-25554546","02-25597283","有","有"
"01128096","19851121","20210812","允助嘉實業有限公司","FANG CROWN ENTERPRISE CO., LTD.","臺北市大同區承德路3段227號3樓之1","3 F.-1, No. 227, Sec. 3, Chengde Rd., Datong Dist., Taipei City 10365, Taiwan (R.O.C.)","方O仁","02-25913116","02-25914687","有","有"
"01128461","20030512","20210812","全立興業有限公司","POWER CHUAN ENTERPRISE CO., LTD.","臺北市大同區民生西路362巷8號2樓","2 F., No. 8, Ln. 362, Minsheng W. Rd., Datong Dist., Taipei City 10344, Taiwan (R.O.C.)","曾O美佐","02-2555-7956","02-2558-7967","有","有"
"01128552","19870211","20210813","宇星鋼鐵有限公司","UNISTAR STEEL CO., LTD.","新北市三重區興德路96號12樓","12 F., No. 96, Xingde Rd., Sanchong Dist., New Taipei City 24158, Taiwan (R.O.C.)","黃O男","02-85112468","02-85112338","有","有"
"01128700","19861009","20210813","良忻企業有限公司","LIO KIN ENTERPRISE & CO., LTD.","新北市蘆洲區仁愛街50巷1號","No. 1, Ln. 50, Ren’ai St., Luzhou Dist., New Taipei City 24752, Taiwan (R.O.C.)","張O達","02-8282-1229","02-2289-5306","有","有"
"01128954","19880422","20231019","華新貿易有限公司","FAIR SHINE TRADING CO., LTD.","桃園市中壢區裕民街26之1號6樓","6 F., No. 26-1, Yumin St., Zhongli Dist., Taoyuan City 320066, Taiwan (R.O.C.)","","02-2511-0904","","無","無"
"01128997","19851219","20230718","龍雨有限公司","LN YOU INDUSTRIAL CO., LTD.","臺北市士林區後港街162巷8號1樓","1 F., No. 8, Ln. 162, Hougang St., Shilin Dist., Taipei City 111059, Taiwan (R.O.C.)","林O婷","28832131","","有","有"
"01129362","19960228","20210815","晟和有限公司","CHERNG HER CO., LTD","桃園市蘆竹區宏竹里12鄰大竹北路591號","No. 591, Dazhu N. Rd., 12th Neighborhood, Hongzhu Vil., Luzhu Dist., Taoyuan City 33853, Taiwan (R.O.C.)","鐘O霖","03-3235555-8","03-3234459","有","有"
"01129588","19860125","20240507","億皇實業有限公司","LIN & YANG INDUSTRIAL CO., LTD.","桃園市八德區興仁里中山路18號 (一樓)","1 F., No. 18, Zhongshan Rd., Xingren Vil., Bade Dist., Taoyuan City 334014, Taiwan (R.O.C.)","楊O強","03-3656998","03-3656998","有","有"
"01129742","19860130","20210813","天人股份有限公司","SKY WORLD INTERNATIONAL CO., LTD.","臺北市中正區漢口街1段110號9樓之12","9 F.-12, No. 110, Sec. 1, Hankou St., Zhongzheng Dist., Taipei City 10044, Taiwan (R.O.C.)","施O沁","02-23705121","02-23898808","有","有"
"01129898","19940524","20210812","長辰企業有限公司","CHARNG CHENG CO., LTD.","臺北市大同區承德路3段108巷3號1樓","1 F., No. 3, Ln. 108, Sec. 3, Chengde Rd., Datong Dist., Taipei City 10363, Taiwan (R.O.C.)","陳O昌","02-25929039","","有","有"
"01130121","20021011","20210813","聖樺實業有限公司","SCENT FAR ENTERPRISE CO., LTD.","臺北市大同區延平北路2段139號","No. 139, Sec. 2, Yanping N. Rd., Datong Dist., Taipei City 10346, Taiwan (R.O.C.)","楊O欣","02-2557-9300","","有","有"
"01130327","20010329","20221126","林記一福堂食品有限公司","I FU TANG LIN CO., LTD.","臺北市大同區南京西路57之1號1樓","1 F., No. 57-1, Nanjing W. Rd., Datong Dist., Taipei City 103022, Taiwan (R.O.C.)","林O鎮","02-2559-3377","02-2556-5681","無","無"
"01135097","20200814","20210812","富山食品行","FULLMOUNTAIN FOODS CO.","臺北市大同區迪化街1段220號1樓","1 F., No. 220, Sec. 1, Dihua St., Datong Dist., Taipei City 10347, Taiwan (R.O.C.)","葉O廸","","","有","有"
"01135316","19920420","20210812","順季服裝材料行","SHUN JIN FASHION ACCESSORIES CO.","臺北市大同區南京西路344巷19號1樓","1 F., No. 19, Ln. 344, Nanjing W. Rd., Datong Dist., Taipei City 10345, Taiwan (R.O.C.)","張O瓊","02-2556-9956","02-2556-3956","有","有"
"01136075","20241111","20241111","台北書畫院","Taipei Academy of Calligraphy and Painting Studio","臺北市大同區長安西路261號3樓","3 F., No. 261, Chang'an W. Rd., Datong Dist., Taipei City 103002, Taiwan (R.O.C.)","蔡O珠","02-25582323","02-25591174","有","有"
"01136238","20070514","20210811","今大行","JIN GREAT CO.","臺北市大同區民生西路423巷21號1樓","1 F., No. 21, Ln. 423, Minsheng W. Rd., Datong Dist., Taipei City 10347, Taiwan (R.O.C.)","陳O杯","02-25531480","02-25530870","有","有"
"01138587","19891019","20210811","台灣懋富貿易商行","MFD HYDRAULIC PUMPS CO.","臺北市大同區承德路1段24巷1號5樓","5 F., No. 1, Ln. 24, Sec. 1, Chengde Rd., Datong Dist., Taipei City 10349, Taiwan (R.O.C.)","陳O美華","02-25315061","","無","無"
"01139592","20010321","20210812","金麟企業社","KING LINN CO.","臺北市大同區赤峰街16之3號1樓","1 F., No. 16-3, Chifeng St., Datong Dist., Taipei City 10353, Taiwan (R.O.C.)","王O汶","02-25592677","02-25596309","有","有"
"01139621","20161123","20210811","巧根行","QIAOGEN CO.","臺北市信義區信義路5段5號","No. 5, Sec. 5, Xinyi Rd., Xinyi Dist., Taipei City 11011, Taiwan (R.O.C.)","黎O鑫","02-25588265","02-25599372","有","有"
"01140330","20080407","20210811","旭大重機械材料行","SHU DA MACHINERY CO.","臺北市大同區雙連街40號1樓","1 F., No. 40, Shuanglian St., Datong Dist., Taipei City 10354, Taiwan (R.O.C.)","侯O麗","02-25531233","02-25534968","有","有"
"01141513","20020923","20210812","同益肉店","TUNG I MEAT STORE","臺北市大同區迪化街21號1樓永樂市場1079號","1 F., No. 21, Datong Dist., Taipei City 103, Taiwan (R.O.C.)","陳O程","02-25213771","","有","有"
"01146587","20130122","20210811","日大食品行","JIH TA FOODS CO.","臺北市大同區歸綏街281號1樓","1 F., No. 281, Guisui St., Datong Dist., Taipei City 10347, Taiwan (R.O.C.)","李O杰","02-25536471","","有","有"
"01146735","20200305","20210811","龍心藥行","LONG XIN MEDICINE HANG","臺北市大同區迪化街1段12之2號","No. 12-2, Sec. 1, Dihua St., Datong Dist., Taipei City 10343, Taiwan (R.O.C.)","巫O鋼","02-25567487","","有","有"
"01149819","20000613","20210811","有福電氣企業行","YOU FU ELECTRIC DEVELOPMENT CO.","臺北市大同區重慶北路2段196號4樓之5","4 F.-5, No. 196, Sec. 2, Chongqing N. Rd., Datong Dist., Taipei City 10357, Taiwan (R.O.C.)","張O珠","02-2553-2341","02-2553-2341","有","有"
"01163190","19901019","20211130","愛發洋行","EITHA INTERNATIONAL TRADING CO.","臺北市大同區塔城街35號","No. 35, Tacheng St., Datong Dist., Taipei City 10343, Taiwan (R.O.C.)","陳O翰","02-25552896","02-25552882","有","有"
"01165471","19901213","20240820","欣亞美容儀器材料行","ASIA BEAUTY EQUIPMENT COMPANY","新北市五股區成泰路2段139號","No. 139, Sec. 2, Chengtai Rd., Wugu Dist., New Taipei City 248010, Taiwan (R.O.C.)","蘇O洲","02-27653452","02-27621969","有","有"
"01175457","19850925","20221202","信統電產股份有限公司","SOLEN ELECTRIC CO., LTD.","桃園市觀音區富林里成功路二段927號","No. 927, Sec. 2, Chenggong Rd., Fulin Vil., Guanyin Dist., Taoyuan City 328454, Taiwan (R.O.C.)","葉O泉","03-4831788","03-4831588","有","有"
"01175560","19850819","20210814","三靚有限公司","GIFT SPECIALIST CO., LTD.","臺北市萬華區雙園街33號","No. 33, Shuangyuan St., Wanhua Dist., Taipei City 10884, Taiwan (R.O.C.)","潘O宗","02-23020143","","有","有"
"01175702","19990108","20210814","樂商企業有限公司","SUNNY GROVE ENTERPRISE CO., LTD.","新北市新莊區萬安街60巷2號3樓","3 F., No. 2, Ln. 60, Wan’an St., Xinzhuang Dist., New Taipei City 24267, Taiwan (R.O.C.)","","02-22017334","","無","無"
"01175772","19850831","20220928","慧天企業有限公司","FUNCTIONWELL INTERNATIONAL LTD.","臺北市文山區羅斯福路5段85號1樓","1 F., No. 85, Sec. 5, Roosevelt Rd., Wenshan Dist., Taipei City 116063, Taiwan (R.O.C.)","楊O貞","02-2733-9101","02-2738-8293","無","無"
"01175920","19851101","20230713","理隆纖維工業股份有限公司","LILONTEX CORPORATION","臺北市松山區復興北路369號4樓之6","4 F.-6, No. 369, Fuxing N. Rd., Songshan Dist., Taipei City 105001, Taiwan (R.O.C.)","陳O義","02-25140077","02-25147700","有","有"
"01176097","19850821","20211204","富吉國際股份有限公司","RICH WIND INTERNATIONAL INC.","臺北市中山區民生西路54號5樓之7","5F.-7, No. 54, Minsheng W. Rd., Zhongshan Dist., Taipei City 10448, Taiwan (R.O.C.)","張O川","02-25316520","02-25316530","有","有"
"01176152","20081113","20240724","中菲行國際物流股份有限公司","DIMERCO EXPRESS CORPORATION","臺北市內湖區民權東路六段160號11樓","11 F., No. 160, Sec. 6, Minquan E. Rd., Neihu Dist., Taipei City 114025, Taiwan (R.O.C.)","錢O莉","02-27963660","02-27925780","有","有"
"01176420","19850911","20230815","台灣日精股份有限公司","TAIWAN NISSEI MACHINERY CORPORATION","臺北市內湖區民權東路6段109號9樓之5","9 F.-5, No. 109, Sec. 6, Minquan E. Rd., Neihu Dist., Taipei City 11490, Taiwan (R.O.C.)","桜O喜久男","02-87923688","02-87923592","有","有"
"01176548","19850826","20240424","世塑有限公司","ULIKE CORPORATION","臺北市松山區南京東路5段50號7樓","7 F., No. 50, Sec. 5, Nanjing E. Rd., Songshan Dist., Taipei City 10597, Taiwan (R.O.C.)","楊O鏈","02-27677082","02-27682075","有","有"
"01177119","19920428","20230111","蜜雪兒開發股份有限公司","MYSHEILA DEVELOPMENT CO., LTD.","臺北市內湖區瑞光路26巷20弄25號6樓","6 F., No. 25, Aly. 20, Ln. 26, Ruiguang Rd., Neihu Dist., Taipei City 114062, Taiwan (R.O.C.)","紀O喜","02-77213677","02-25719539","有","有"
"01177238","19850910","20210930","瑛宏商業股份有限公司","WINIFRED INTERNATIONAL CORP.","臺北市松山區復興北路57號3樓","3 F., No. 57, Fuxing N. Rd., Songshan Dist., Taipei City 10595, Taiwan (R.O.C.)","顏O宗","02-27710164","02-27733342","有","有"
"01177259","19851209","20220712","龍穩企業股份有限公司","LONG WAY PLASTIC INDUSTRIAL CO., LTD.","臺北市信義區文昌街316號4樓之3","4 F.-3, No. 316, Wenchang St., Xinyi Dist., Taipei City 110007, Taiwan (R.O.C.)","鄭O慶","02-2701-5789","02-2701-3555","有","有"
"01177286","19850911","20210813","悅峯貿易有限公司","STEPHENSON INTERNATIONAL CO., LTD.","臺北市大安區忠孝東路3段248巷51弄2之1號","No. 2-1, Aly. 51, Ln. 248, Sec. 3, Zhongxiao E. Rd., Da’an Dist., Taipei City 10654, Taiwan (R.O.C.)","黃O謨","02-2778-7023","02-2752-0034","有","有"
"01177413","19850909","20210812","瑩而富貿易股份有限公司","BIDWIN INDUSTRIES CO., LTD.","新北市三峽區中華路43巷2號4樓之2","4 F.-2, No. 2, Ln. 43, Zhonghua Rd., Sanxia Dist., New Taipei City 23742, Taiwan (R.O.C.)","周O宗","02-26738246","02-26738141","有","有"
"01177434","19850913","20230224","優尼士國際股份有限公司","YUNIX INTERNATIONAL CORP.","臺北市大安區仁愛路3段26之3號4樓","4 F., No. 26-3, Sec. 3, Ren’ai Rd., Da’an Dist., Taipei City 106088, Taiwan (R.O.C.)","淺O宏海","02-27011137","","有","有"
"01177477","19850918","20230202","聖磐國際股份有限公司","TOURSE INTERNATIONAL LTD.","臺北市中山區建國北路2段33號5樓之7","5 F.-7, No. 33, Sec. 2, Jianguo N. Rd., Zhongshan Dist., Taipei City 104482, Taiwan (R.O.C.)","曾O","02-25181272","02-25184885","有","有"
"01177510","19851004","20230908","明騰工業股份有限公司","MINTON OPTIC INDUSTRY CO., LTD.","臺北市大安區忠孝東路4段221號12樓","12 F., No. 221, Sec. 4, Zhongxiao E. Rd., Da’an Dist., Taipei City 106448, Taiwan (R.O.C.)","湯O君","02-82265333","02-82265006","有","有"
"01177624","19850912","20210814","唯碩貿易開發有限公司","WE SEW TRADING CO., LTD.","臺南市新營區新南里明清三街27號1樓","1 F., No. 27, Mingqing 3rd St., Xinnan Vil., Xinying Dist., Tainan City 73066, Taiwan (R.O.C.)","曹O亮","06-6568282","06-6563031","有","有"
"01177645","20001214","20210813","鐵獅東尼股份有限公司","TESLION CORPORATION","臺北市松山區復興北路57號3樓之3","3 F.-3, No. 57, Fuxing N. Rd., Songshan Dist., Taipei City 10595, Taiwan (R.O.C.)","古O琴","02-8773-8800","02-2781-4510","有","有"
"01177878","19941125","20240724","伊其有限公司","I-CHYI CO., LTD.","臺北市中山區中山北路2段24號3樓","3 F., No. 24, Sec. 2, Zhongshan N. Rd., Zhongshan Dist., Taipei City 104002, Taiwan (R.O.C.)","","02-25651283","02-25238878","無","無"
"01177933","19870604","20210812","佑冠貿易有限公司","KEEP FIRST CORP.","臺北市中山區建國北路2段1號3樓","3 F., No. 1, Sec. 2, Jianguo N. Rd., Zhongshan Dist., Taipei City 10487, Taiwan (R.O.C.)","吳O賢","02-2501-1915","02-2505-0818","有","有"
"01178074","19901105","20240814","齡羣企業有限公司","LIN CHYUN ENTERPRISE CO., LTD.","臺北市內湖區金湖路363巷133弄15號2樓","2 F., No. 15, Aly. 133, Ln. 363, Jinhu Rd., Neihu Dist., Taipei City 114050, Taiwan (R.O.C.)","陳O芳","","","有","有"
"01178172","19960401","20210815","高等股份有限公司","KADON CORPORATION","新北市汐止區康寧街149號2樓","2 F., No. 149, Kangning St., Xizhi Dist., New Taipei City 22105, Taiwan (R.O.C.)","林O揚","02-26957030","02-26957031","有","有"
"01178460","19850912","20221223","阜金企業有限公司","TUNING CORPORATION","臺北市大安區基隆路2段164號9樓之1","9 F.-1, No. 164, Sec. 2, Keelung Rd., Da’an Dist., Taipei City 106644, Taiwan (R.O.C.)","許O東","02-23770508","02-23770519","無","無"
"01178686","19920424","20210815","偉新國際興業有限公司","VE SHIN INTERNATIONAL ENTERPRISE CO., LTD.","臺北市松山區復興北路1號10樓","10 F., No. 1, Fuxing N. Rd., Songshan Dist., Taipei City 10595, Taiwan (R.O.C.)","黃O凱","02-27506116","02-27313272","有","有"
"01178784","19850913","20210814","樂耀實業有限公司","ENCOMIUMS ENTERPRISE CO., LTD.","臺北市中山區吉林路227號4樓","4 F., No. 227, Jilin Rd., Zhongshan Dist., Taipei City 10468, Taiwan (R.O.C.)","吳O群","02-25615658","","有","有"
"01178829","20140328","20211012","育聖企業有限公司","Grand Marquis IVD CO., LTD.","新北市板橋區民生路1段33號6樓之4","Rm. 4, 6 F., No. 33, Sec. 1, Minsheng Rd., Banqiao Dist., New Taipei City 22069, Taiwan (R.O.C.)","謝O演","02-29599606","02-29599607","有","有"
"01179046","19930603","20210812","銘仕企業有限公司","MEET'S ENTERPRISE CO.,  LTD.","臺北市中山區南京西路5之1號10樓之1","10 F.-1, No. 5-1, Nanjing W. Rd., Zhongshan Dist., Taipei City 10444, Taiwan (R.O.C.)","蔡O霞","02-25432061","","有","有"
"01179094","19970502","20210815","倡鐵實業有限公司","SIN MAX INDUSTRIAL CO., LTD.","新北市蘆洲區和平路114巷5號","No. 5, Ln. 114, Heping Rd., Luzhou Dist., New Taipei City 24750, Taiwan (R.O.C.)","蔡O路","02-22899380","","有","有"
"01179664","19850917","20221010","琪康有限公司","TAIWAN TOMORROWLAND INC.","臺北市中山區復興北路488巷2弄3號1樓","1 F., No. 3, Aly. 2, Ln. 488, Fuxing N. Rd., Zhongshan Dist., Taipei City 104063, Taiwan (R.O.C.)","游O慧","02-27176424","","無","無"
"01179799","20130603","20210813","標一有限公司","BIAU YI CO., LTD.","臺北市中山區長安西路24號3樓","3 F., No. 24, Chang’an W. Rd., Zhongshan Dist., Taipei City 10444, Taiwan (R.O.C.)","葉O芳","02-25814326","02-25630546","有","有"
"01179812","19850926","20250424","在鴻有限公司","WELL BALANCED INTERNATIONAL CORP.","臺北市信義區忠孝東路5段1之8號2樓","2 F., No. 46, Ln. 137, Sec. 2, Xinsheng N. Rd., Zhongshan Dist., Taipei City 10469, Taiwan (R.O.C.)","林O生","02-25222633","02-25811485","無","無"
"01179849","19851004","20210813","嘉雨有限公司","BONSTEP ENTERPRISES CO., LTD.","嘉義市東區後湖里2鄰保成路67號1樓","1 F., No. 67, Baocheng Rd., 2nd Neighborhood, Houhu Vil., East Dist., Chiayi City 60078, Taiwan (R.O.C.)","黃O莉","05-2710660","05-2779649","有","有"
"01179931","19880823","20230425","尚偉股份有限公司","SUNWAY SCIENTIFIC CORPORATION","臺北市中山區長安東路2段169之15號2樓","2 F., No. 169-15, Sec. 2, Chang’an E. Rd., Zhongshan Dist., Taipei City 104102, Taiwan (R.O.C.)","鄭O哲","02-27718337","02-27414646","有","有"
"01180233","19850926","20210815","怡聖企業有限公司","WELL SHIP INDUSTRIAL CO., LTD.","臺北市中山區松江路520號6樓","6 F., No. 520, Songjiang Rd., Zhongshan Dist., Taipei City 10471, Taiwan (R.O.C.)","鄭O怡","02-25969138","","有","有"
"01180254","19860122","20210814","泰豐特殊膠帶股份有限公司","COSMO WIDE INDUSTRIES CO., LTD.","桃園市龜山區幸美十一街71號4樓","4 F., No. 71, Xingmei 11th St., Guishan Dist., Taoyuan City 33348, Taiwan (R.O.C.)","黃O鋒","02-25514780","","有","有"
"01180352","20180716","20210814","凱瑞化學有限公司","KRC COMPANY LIMITED","新北市中和區中正路716號10樓之5","10 F.-5, No. 716, Zhongzheng Rd., Zhonghe Dist., New Taipei City 23552, Taiwan (R.O.C.)","黃O惠","02-82273888","","有","有"
"01180613","19870925","20221224","隆電股份有限公司","LONG TRUMP CORPORATION","臺北市內湖區內湖路1段250號11樓","11 F., No. 250, Sec. 1, Neihu Rd., Neihu Dist., Taipei City 114066, Taiwan (R.O.C.)","張O明","02-26275966","02-87975002","有","有"
"01180661","19850924","20210812","里翰有限公司","T. & H. DYNASTY CO., LTD.","臺南市東區崇德路530巷43號","No. 43, Ln. 530, Chongde Rd., East Dist., Tainan City 70171, Taiwan (R.O.C.)","董O芬","06-2696793","06-3351051","無","無"
"01180753","20230811","20230811","彩心花藝有限公司","TSAI HSIN FLORIST CO., LTD.","臺北市信義區基隆路1段333號1樓","1 F., No. 333, Sec. 1, Keelung Rd., Xinyi Dist., Taipei City 110208, Taiwan (R.O.C.)","范O函","0227576366","","有","有"
"01180846","19940223","20210815","訊華股份有限公司","SCIENTIFIC INFORMATION SERVICE CO., LTD.","臺北市大安區和平東路2段76巷23弄3之7號4樓","4 F., No. 3-7, Aly. 23, Ln. 76, Sec. 2, Heping E. Rd., Da’an Dist., Taipei City 10662, Taiwan (R.O.C.)","蘇O秋","02-8912-3688","02-8912-3699","有","有"
"01181325","19851014","20210815","哈帝股份有限公司","HAITIMA CORPORATION","臺北市內湖區堤頂大道2段201號8樓","8 F., No. 201, Sec. 2, Tiding Blvd., Neihu Dist., Taipei City 11493, Taiwan (R.O.C.)","沈O壽","02-26585800","02-27997766","有","有"
"01181346","20240115","20240115","小叮噹科學股份有限公司","Little Ding Dong Sciences, INC.","新竹縣新豐鄉松柏村6鄰康和路199號","No. 199, Kanghe Rd., 6th Neighborhood, Xinfeng Township, Hsinchu County 304113, Taiwan (R.O.C.)","蘇O怡","","","有","有"
"01181444","19850923","20250107","城堡國際股份有限公司","CASTLE WORLDWIDE TAIWAN LTD.","臺北市中山區錦州街46號12樓之3","12 F.-3, No. 46, Jinzhou St., Zhongshan Dist., Taipei City 104013, Taiwan (R.O.C.)","","02-25424496","02-25812614","無","無"
"01181866","19920615","20210815","維恩實業股份有限公司","WHIRL-WIND INDUSTRIAL CO., LTD.","桃園市龍潭區高平里高楊南路320巷12弄1號","No. 1, Aly. 12, Ln. 320, Gaoyang S. Rd., Gaoping Vil., Longtan Dist., Taoyuan City 32544, Taiwan (R.O.C.)","徐O隆","03-4718799","03-4717080","有","有"
"01182008","19930120","20210813","大周有限公司","JUMBO JOU ENTERPRISE CO., LTD.","臺北市中山區長安東路2段230號10樓105室","Rm. 105, 10 F., No. 230, Sec. 2, Chang’an E. Rd., Zhongshan Dist., Taipei City 10492, Taiwan (R.O.C.)","周O村","02-27113281","","有","有"
"01182204","19851030","20210813","宜而佳企業有限公司","BEST FAVOR ENTERPRISE CORPORATION","臺北市內湖區成功路3段174巷43號8樓之2","8 F.-2, No. 43, Ln. 174, Sec. 3, Chenggong Rd., Neihu Dist., Taipei City 11460, Taiwan (R.O.C.)","陳O哲","02-27917522","02-87916786","無","無"
"01182577","19871021","20210812","三麥機械股份有限公司","SUN-MATE MACHINERY CO., LTD.","新北市新莊區建國二路95號","No. 95, Jianguo 2nd Rd., Xinzhuang Dist., New Taipei City 24265, Taiwan (R.O.C.)","鄭O光","02-29827886","02-29814212","有","有"
"01182730","19910110","20210811","萬利達體育用品社","MAXWELL SPORTS TRADING COMPANY","臺北市中山區松江路23號之2","No. 23-2, Songjiang Rd., Zhongshan Dist., Taipei City 10455, Taiwan (R.O.C.)","陳O玟","02-25182910","","有","有"
"01182915","19851016","20210814","歐奇照明股份有限公司","OU CHYI LAMP CO., LTD.","臺北市士林區承德路4段259號4樓","4 F., No. 259, Sec. 4, Chengde Rd., Shilin Dist., Taipei City 11168, Taiwan (R.O.C.)","陳O鴻","02-28109086","02-28102620","有","有"
"01183148","19881026","20221121","千宗實業有限公司","CHIAN TZONG ENTERPRISES CO., LTD.","臺北市松山區南京東路5段250巷18弄2-1號","No. 2-1, Aly. 18, Ln. 250, Sec. 5, Nanjing E. Rd., Songshan Dist., Taipei City 105055, Taiwan (R.O.C.)","林O宇","02-27919831","","無","無"
"01183506","19930817","20220630","台建包裝轉運有限公司","T.C.P.F. COMPANY LTD.","基隆市仁愛區明德里忠三路99號3樓之11","3 F.-11, No. 99, Zhong 3rd Rd., Mingde Vil., Ren'ai Dist., Keelung City 200001, Taiwan (R.O.C.)","魏O書","02-25065573","02-25084617","有","有"
"01183554","19851107","20230308","合全產品開發股份有限公司","ALLIED SUNDAR CORPORATION","臺北市內湖區瑞光路478巷18弄32號8樓","8 F., No. 32, Aly. 18, Ln. 478, Ruiguang Rd., Neihu Dist., Taipei City 114063, Taiwan (R.O.C.)","簡O鏡","02-8751-3168","02-8751-9368","有","有"
"01183597","19880429","20210816","孚佑實業有限公司","ELECBIZ ENTERPRISES CO., LTD.","新北市汐止區新台五路1段77號8樓之3","8 F.-3, No. 77, Sec. 1, Xintai 5th Rd., Xizhi Dist., New Taipei City 22101, Taiwan (R.O.C.)","李O溪","02-25239981","02-25313192","有","有"
"01183652","19920703","20210813","銘成塑膠有限公司","MEAN CHEN PLASTICS CO., LTD.","臺北市松山區寶清街89巷37號3樓","3 F., No. 37, Ln. 89, Baoqing St., Songshan Dist., Taipei City 10585, Taiwan (R.O.C.)","石O琛","02-27533696","02-27567319","有","有"
"01184168","19851105","20230707","茂聯興業股份有限公司","MERIT FIBER CORPORATION","臺北市中山區復興北路60號11樓之2","11F.-2, No. 60, Fuxing N. Rd., Zhongshan Dist.,  Taipei City 104104, Taiwan (R.O.C.)","張O強","02-27210277","02-27211860","無","無"
"01184603","19940409","20210815","統一大飯店股份有限公司","Unite Hotel Enterprise Corp.","臺北市中山區農安街36號1樓、3至10樓","1 F., No. 36, Nong’an St., Zhongshan Dist., Taipei City 10460, Taiwan (R.O.C.)","SONGCHINGSHYU","02-25923977","02-25923970","有","有"
"01184792","19851211","20210814","金讚實業有限公司","KING ART GIFT & WRAPPING CO., LTD.","臺北市中山區松江路469巷49號11樓","11 F., No. 49, Ln. 469, Songjiang Rd., Zhongshan Dist., Taipei City 10482, Taiwan (R.O.C.)","洪O香","02-22961431","02-22961200","有","有"
"01184982","19921123","20210815","朝信建設實業股份有限公司","BAYRICH DEVELOPMENT, LTD.","臺北市松山區民權東路3段106巷21弄6號1樓","1 F., No. 6, Aly. 21, Ln. 106, Sec. 3, Minquan E. Rd., Songshan Dist., Taipei City 10544, Taiwan (R.O.C.)","林O興","02-27176133","","有","有"
"01185151","19851106","20210812","耶鑫實業有限公司","S. L. KIM ENTERPRISE CO., LTD.","臺北市松山區南京東路4段133巷7弄26號2樓","2 F., No. 26, Aly. 7, Ln. 133, Sec. 4, Nanjing E. Rd., Songshan Dist., Taipei City 10580, Taiwan (R.O.C.)","周O良","02-87929398","02-27936819","有","有"
"01185194","19851206","20210813","偉堡企業有限公司","WINBURG ENTERPRISE CORP.","臺北市中山區北安路588巷11號1樓","1 F., No. 11, Ln. 588, Bei’an Rd., Zhongshan Dist., Taipei City 10465, Taiwan (R.O.C.)","郭O憲","02-25325988","","有","有"
"01185292","19851104","20230519","隆國興業股份有限公司","LONG GO INTERNATIONAL CO., LTD.","新北市永和區中正路316號13樓之1","13 F.-1, No. 316, Zhongzheng Rd., Yonghe Dist., New Taipei City 234042, Taiwan (R.O.C.)","吳O章","02-25317393","","有","有"
"01185764","19901227","20210813","全辰實業有限公司","CHIEF CHAIN TRADING CO., LTD.","臺北市中山區長安東路1段8號3樓","3 F., No. 8, Sec. 1, Chang’an E. Rd., Zhongshan Dist., Taipei City 10441, Taiwan (R.O.C.)","梁O輝","02-25611712","02-25635483","有","有"
"01186378","19860115","20210812","鎂得有限公司","MILLTECH INTERNATIONAL CORP.","新北市三重區重新路5段609巷6號6樓之3","6 F.-3, No. 6, Ln. 609, Sec. 5, Chongxin Rd., Sanchong Dist., New Taipei City 24159, Taiwan (R.O.C.)","汪O攻","02-22771182","","有","有"
"01186638","20030220","20210812","利倫科技股份有限公司","LI LUN TECHNOLOGY INC.","臺北市中山區南京東路2段62號6樓","6 F., No. 62, Sec. 2, Nanjing E. Rd., Zhongshan Dist., Taipei City 10457, Taiwan (R.O.C.)","張O仲","02-25612191","02-25363405","有","有"
"01186671","19970425","20230510","阜德國際股份有限公司","FRONTECH INTERNATIONAL CO., LTD.","彰化縣員林市中山里中山路一段七三四號","No. 734, Sec. 1, Zhongshan Rd., Zhongshan Vil., Yuanlin City, Changhua County 510001, Taiwan (R.O.C.)","葉O展","04-8292616","04-8292058","無","無"
"01187003","19851118","20210812","仲峻有限公司","CHUNG GIN INDUSTRY CO., LTD.","臺北市中正區忠孝東路1段150號11樓之1","11 F.-1, No. 150, Sec. 1, Zhongxiao E. Rd., Zhongzheng Dist., Taipei City 10050, Taiwan (R.O.C.)","王O志","02-23516859","","有","有"
"01187019","20011123","20210813","育璽實業有限公司","YUSHI INDUSTRIAL CO., LTD.","臺北市大同區環河北路2段215號1樓","1 F., No. 215, Sec. 2, Huanhe N. Rd., Datong Dist., Taipei City 10376, Taiwan (R.O.C.)","涂O春英","02-2535-4857","02-2535-1450","有","有"
"01187025","19870523","20240508","優仕咖啡股份有限公司","UCC COFFEE TAIWAN CO., LTD.","臺北市內湖區瑞光路26巷36弄6號2樓","2 F., No. 6, Aly. 36, Ln. 26, Ruiguang Rd., Neihu Dist., Taipei City 114009, Taiwan (R.O.C.)","上O成介","02-27930509","02-27919603","有","有"
"01187159","20040913","20241012","銓伯企業有限公司","SHUAN PAI CO., LTD.","臺北市中山區中山北路2段96巷29號2樓","2 F., No. 29, Ln. 96, Sec. 2, Zhongshan N. Rd., Zhongshan Dist., Taipei City 10449, Taiwan (R.O.C.)","陳O樺","(02)25511423","(02) 25812082","有","有"
"01187361","20051209","20230111","品質機械股份有限公司","QUALITY MACHINERY CO., LTD.","臺北市中山區南京東路2段176號3樓","3 F., No. 176, Sec. 2, Nanjing E. Rd., Zhongshan Dist., Taipei City 104096, Taiwan (R.O.C.)","游O茂","02-2773-8599","02-2781-8611","有","有"
"01187876","19901005","20221228","宇波科技有限公司","YOUPOW CORPORATION","臺北市松山區復興北路433號7樓","7 F., No. 433, Fuxing N. Rd., Songshan Dist., Taipei City 105003, Taiwan (R.O.C.)","陳O樵","02-27160547","02-27175455","無","無"
"01188143","19940426","20230109","尚辰企業有限公司","SHAN-CHEN INDUSTRIAL CORP.","高雄市鼓山區中華一路316號12樓之1","12 F.-1, No. 316, Zhonghua 1st Rd., Gushan Dist., Kaohsiung City 804051, Taiwan (R.O.C.)","黃O正","07-5835585","07-5835586","無","無"
"01188170","19851206","20210814","皓宇企業股份有限公司","RITE-TECH INDUSTRIAL CO., LTD.","臺北市南港區南港路3段50巷1號4樓","4 F., No. 1, Ln. 50, Sec. 3, Nangang Rd., Nangang Dist., Taipei City 11510, Taiwan (R.O.C.)","侯O仲","02-27833333","02-27835333","有","有"
"01188755","19851209","20210814","立旗有限公司","FASHION FORWARD CO., LTD.","臺北市中山區復興北路154號5樓","5 F., No. 154, Fuxing N. Rd., Zhongshan Dist., Taipei City 10487, Taiwan (R.O.C.)","陳O鶯","02-25010716","","有","有"
"01189092","19860219","20210813","啟延電子科技股份有限公司","CHII YAN ELECTRONIC TECHNOLOGY CO., LTD.","臺北市內湖區內湖路1段306號6樓之2","6 F.-2, No. 306, Sec. 1, Neihu Rd., Neihu Dist., Taipei City 11493, Taiwan (R.O.C.)","陳O玉","02-8797-5969","02-8797-2888","有","有"
"01189157","19851204","20210812","羽陞企業有限公司","FEATHER RISE CO., LTD.","新北市土城區中央路二段130號4樓","4 F., No. 130, Sec. 2, Zhongyang Rd., Tucheng Dist., New Taipei City 23668, Taiwan (R.O.C.)","周O民","02-22603049","02-22624631","有","有"
"01189353","20101130","20210813","雅光有限公司","YA-KUANG ELECTRIC APPLIANCE CO., LTD.","臺北市內湖區堤頂大道1段215號、215號2樓、3樓、4樓、5樓、6樓、7樓及217號、217號3樓、4樓、5樓、6樓","2 F., No. 215, Sec. 1, Tiding Blvd., Neihu Dist., Taipei City 11494, Taiwan (R.O.C.)","廖O平","02-26502288#100","02-27965816","有","有"
"01189473","19851226","20210814","鈞源系統工程有限公司","CHIUN YUAN SYSTEM ENGINEERING CO., LTD.","臺北市中山區錦州街159號3樓之4","3 F.-4, No. 159, Jinzhou St., Zhongshan Dist., Taipei City 10469, Taiwan (R.O.C.)","蕭O夫","02-25817800","02-25817105","有","有"
"01189516","19851212","20210815","賓格國際有限公司","BRONCO ALLIANCE CORPORATION","臺北市大安區忠孝東路4段87號10樓之5","10 F.-5, No. 87, Sec. 4, Zhongxiao E. Rd., Da’an Dist., Taipei City 10690, Taiwan (R.O.C.)","黃O方","02-27319978","02-27402997","有","有"
"01189712","19870611","20230204","美伊娜多股份有限公司","MENARD COSMETICS INC.","臺北市南港區八德路4段768巷7號5樓之1","5 F.-1, No. 7, Ln. 768, Sec. 4, Bade Rd., Nangang Dist., Taipei City 115027, Taiwan (R.O.C.)","詹O玲","02-27865886","02-27887478","有","有"
"01189810","19861201","20210812","健運企業有限公司","CHAIN WIT CORP.","臺北市文山區木柵路3段96號4樓之2","4 F.-2, No. 96, Sec. 3, Muzha Rd., Wenshan Dist., Taipei City 11648, Taiwan (R.O.C.)","洪O勝","02-86612556","02-86612617","有","有"
"01189939","19940726","20210814","德慕卡斯股份有限公司","DERMOCOSMETICA INC.","臺北市中山區南京東路2段58號3樓","3 F., No. 58, Sec. 2, Nanjing E. Rd., Zhongshan Dist., Taipei City 10457, Taiwan (R.O.C.)","謝O淑","02-25675977","02-25675881","有","有"
"01190078","19851209","20230424","旺美企業有限公司","BOOMAX CORPORATION","臺北市中山區松江路100巷13號︹之1︺1樓","1 F., No. 13, Ln. 100, Songjiang Rd., Zhongshan Dist., Taipei City 104091, Taiwan (R.O.C.)","周O台","02-25373621","","無","無"
"01190485","19860321","20210813","太順實業股份有限公司","SMOOTEX INTERNATIONAL CORP.","臺北市大安區復興南路1段380號7樓","7 F., No. 380, Sec. 1, Fuxing S. Rd., Da’an Dist., Taipei City 10656, Taiwan (R.O.C.)","何O峰","02-27553636","02-27036969","有","有"
"01190561","19851211","20210813","弘根企業有限公司","HENCO & TOP INDUSTRIES INC.","臺北市內湖區文德路171巷3弄18號3樓","3 F., No. 18, Aly. 3, Ln. 171, Wende Rd., Neihu Dist., Taipei City 11473, Taiwan (R.O.C.)","葉O誠","02-26580118","02-26581157","有","有"
"01190605","19860110","20210815","康瑪企業有限公司","KENSMAR INTERNATIONAL ENTERPRISE CO., LTD.","新北市中和區中正路736號8樓之2","8 F.-2, No. 736, Zhongzheng Rd., Zhonghe Dist., New Taipei City 23511, Taiwan (R.O.C.)","潘O華","02-8228-0468","02-8228-0467","有","有"
"01191029","19940823","20210815","世大金屬股份有限公司","STARPOLY CORPORATION","臺北市信義區東興路41號8樓","8 F., No. 41, Dongxing Rd., Xinyi Dist., Taipei City 11070, Taiwan (R.O.C.)","林O洲","02-87681231","02-87681232","有","有"
"01191323","19860408","20210812","台灣威峯有限公司","FORMOSA WEI FENG ELECTRONIC CO., LTD.","臺北市中山區復興北路486號2樓之5","2 F.-5, No. 486, Fuxing N. Rd., Zhongshan Dist., Taipei City 10476, Taiwan (R.O.C.)","張O堯","02-25922028","02-25922032","有","有"
"01191479","19860118","20210813","農台有限公司","NOCTAR CO., LTD.","嘉義縣水上鄉塗溝村3鄰頂塗溝19-3號1樓","1 F., No. 19-3, Dingtugou, 3rd Neighborhood, Shuishang Township, Chiayi County 60845, Taiwan (R.O.C.)","盧O露","87125800","","有","有"
"01191549","19851231","20210815","晁霆股份有限公司","AMELEKS CORP.","臺北市信義區基隆路2段48號6樓","6 F., No. 48, Sec. 2, Keelung Rd., Xinyi Dist., Taipei City 11052, Taiwan (R.O.C.)","黃O凱","27586958","27586987","有","有"
"01191576","19851219","20210814","立乾企業股份有限公司","LEE CHARM COMPANY LIMITED","苗栗縣竹南鎮正南里中正路80號","No. 80, Zhongzheng Rd., Zhengnan Vil., Zhunan Township, Miaoli County 35047, Taiwan (R.O.C.)","雲O敏","886-37-550616","886-37-550626","有","有"
"01191750","19980730","20210811","富纖貿易行","FIBER HARVEST ENTERPRISE CO., LTD.","新北市永和區保平路２０６號２樓（現場僅供辦公室使用）","2 F., No. 206, Baoping Rd., Yonghe Dist., New Taipei City 23446, Taiwan (R.O.C.)","方O德","02-25855582","","有","有"
"01191908","19851224","20210815","律綱貿易有限公司","LIUH GANG TRADING CO., LTD.","臺北市中山區合江街83巷22號1樓","1 F., No. 22, Ln. 83, Hejiang St., Zhongshan Dist., Taipei City 10478, Taiwan (R.O.C.)","邱O綱","02-25013777","","有","有"
"01192049","20210309","20210811","文非商行","Wen Fei COMPANY CO.","金門縣金湖鎮正義里夏興85號3樓之9","3 F.-9, No. 85, Xiaxing, Zhengyi Vil., Jinhu Township, Kinmen County 89148, Taiwan (R.O.C.)","吳O穎","082-335113","082-336867","有","有"
"01192548","19860108","20230408","香港商馬樂博有限公司台灣分公司","MALABO TRADING COMPANY LIMITED TAIWAN BRANCH (HONG KONG)","臺北市中山區農安街四十三號五樓之二","5 F.-2, No. 43, Nong’an St., Zhongshan Dist., Taipei City 104030, Taiwan (R.O.C.)","余O士","02-25957655","","有","有"
"01192907","19860117","20210813","百真有限公司","PING JENG CO., LTD.","臺北市中山區長安東路1段2之1號2樓","2 F., No. 2-1, Sec. 1, Chang’an E. Rd., Zhongshan Dist., Taipei City 10441, Taiwan (R.O.C.)","劉O洲","02-25377655","","有","有"
"01192929","19860107","20221118","嵩懋實業股份有限公司","SOMERS CO., LTD.","臺北市大安區和平東路1段182之2號8樓","8 F., No. 182-2, Sec. 1, Heping E. Rd., Da’an Dist., Taipei City 106015, Taiwan (R.O.C.)","蔡O泉","02-23691621","","無","無"
"01193069","20000717","20210814","台灣宇治企業有限公司","TAIWAN YEU JYH ENTERPRISE CO., LTD.","臺北市士林區德行西路105號2樓","2 F., No. 105, Dexing W. Rd., Shilin Dist., Taipei City 11158, Taiwan (R.O.C.)","吳O隆","02-2832-8862","02-2836-7725","有","有"
"01193130","20011211","20210815","哈伯實業有限公司","HAPOR INTERNATIONAL CO., LTD.","臺北市中山區建國北路2段88號10樓","10 F., No. 88, Sec. 2, Jianguo N. Rd., Zhongshan Dist., Taipei City 10479, Taiwan (R.O.C.)","謝O輝","02-25027027","(02)22286161","有","有"
"01193151","19920423","20210815","喜燁實業股份有限公司","HILTRA CO., LTD.","臺北市松山區南京東路5段66巷2弄1之2號2樓","2 F., No. 1-2, Aly. 2, Ln. 66, Sec. 5, Nanjing E. Rd., Songshan Dist., Taipei City 10564, Taiwan (R.O.C.)","張O章","02-25150662","02-25040152","有","有"
"01193194","19860114","20210814","達岳企業股份有限公司","PRECISION PLASTIC ENTERPRISE LTD.","臺中市北區長青里武昌路203之1號","No. 203-1, Wuchang Rd., Changqing Vil., North Dist., Taichung City 40464, Taiwan (R.O.C.)","林O正","02-25819679","","有","有"
"01193672","19871016","20240517","全紘實業股份有限公司","FRONTOY ENTERPRISE CO., LTD.","臺北市大安區復興南路1段103號4樓之9","4 F.-9, No. 103, Sec. 1, Fuxing S. Rd., Da’an Dist., Taipei City 106070, Taiwan (R.O.C.)","邱O超","02-27727991","02-27517215","有","有"
"01193862","19951214","20210812","馭航股份有限公司","RICAL OCEAN FREIGHT INC.","臺北市內湖區瑞湖街103號5樓之2","5 F.-2, No. 103, Ruihu St., Neihu Dist., Taipei City 11494, Taiwan (R.O.C.)","蕭O新","02-26272802#27","02-26597186","有","有"
"01194031","19991029","20210814","吉昌運通有限公司","LU'S WORLDWIDE (TAIWAN) CO., LTD.","臺北市大安區和平東路3段106號3樓之10","3 F.-10, No. 106, Sec. 3, Heping E. Rd., Da’an Dist., Taipei City 10675, Taiwan (R.O.C.)","盧O榮","02-27549529","02-27549532","有","有"
"01194200","19930708","20210815","琨暉實業有限公司","KEN FAIRY INCORPORATION","臺北市中山區民權東路2段92巷8弄7號2樓","2 F., No. 7, Aly. 8, Ln. 92, Sec. 2, Minquan E. Rd., Zhongshan Dist., Taipei City 10468, Taiwan (R.O.C.)","蕭O國","02-25232029","02-25613169","有","有"
"01194715","19860121","20210812","鉅財股份有限公司","MERIGOLD INTERNATIONAL CO., LTD.","臺北市中山區民權東路2段26號9樓之1","9 F.-1, No. 26, Sec. 2, Minquan E. Rd., Zhongshan Dist., Taipei City 10469, Taiwan (R.O.C.)","鄒O上","02-25373397","02-25214956","有","有"
"01197190","20140212","20230111","金大益商行","JIN DAYI FIRM","金門縣金城鎮珠沙里泗湖60號","No. 60, Sihu, Zhusha Vil., Jincheng Township, Kinmen County 893017, Taiwan (R.O.C.)","何O忠","082-323096","082-329485","無","無"
"01211968","20021003","20250208","大東葬儀社","DA-TUNG CLOTHES PREPARED CO.","臺北市中山區民權東路2段174號1樓","1 F., No. 174, Sec. 2, Minquan E. Rd., Zhongshan Dist., Taipei City 10484, Taiwan (R.O.C.)","胡O方","04-761-2211","04-761-9641","有","有"
"01217816","20011016","20210811","欣工電能工程行","HSINKUNG ELECTRIC & POWER COMPANY","臺北市內湖區內湖路3段60巷6號","No. 6, Ln. 60, Sec. 3, Neihu Rd., Neihu Dist., Taipei City 11453, Taiwan (R.O.C.)","葉O婷","02-8791-7755","02-8791-6660","有","有"
"01221641","20150902","20230111","明曜清潔服務社","MING YAU CLEAN CO.","臺北市文山區和平東路4段86號1樓","1 F., No. 86, Sec. 4, Heping E. Rd., Wenshan Dist., Taipei City 116015, Taiwan (R.O.C.)","黃O坤","02-22309098","02-22309097","無","無"
"01226879","19950307","20210811","亞能企業行","ASIA ENERGY MERCHANDISE CO.","新北市永和區永元路４０巷３８號４樓","4 F., No. 38, Ln. 40, Yongyuan Rd., Yonghe Dist., New Taipei City 23451, Taiwan (R.O.C.)","賴O星","02-29221451","","無","無"
"01232062","20021001","20210811","峻亨企業社","JIUN HENG ENTERPRISE CO.","新北市汐止區汐萬路２段６２巷１１號（現場僅供辦公室使用）","No. 11, Ln. 62, Sec. 2, Xiwan Rd., Xizhi Dist., New Taipei City 22179, Taiwan (R.O.C.)","詹O川","02-87122011","","無","無"
"01233647","20181023","20210811","弋新廣告企業社","YehShin Company","臺北市內湖區東湖路113巷95弄13號5樓","5 F., No. 13, Aly. 95, Ln. 113, Donghu Rd., Neihu Dist., Taipei City 11488, Taiwan (R.O.C.)","陳O逸","02-26327713","02-26307254","有","有"
"01234126","20101104","20221028","松根出版社","ROOT PUBLISHING COMPANY","新北市中和區員山路504號5樓之9","5 F.-9, No. 504, Yuanshan Rd., Zhonghe Dist., New Taipei City 235009, Taiwan (R.O.C.)","紀O澤","02-22217375","02-22217385","有","有"
"01247044","19880201","20210811","法比貿易行","ZHANG FRERE TRADING CO.","臺北市中山區錦州街319號2樓","2 F., No. 319, Jinzhou St., Zhongshan Dist., Taipei City 10477, Taiwan (R.O.C.)","張O蒙","02-25033826","","有","有"
"01253312","20190501","20210811","品嘉室內裝潢工程行","PIN JIA INTERIOR DESIGN CO.","桃園市平鎮區北貴里正義路148巷50號1樓","1 F., No. 50, Ln. 148, Zhengyi Rd., Beigui Vil., Pingzhen Dist., Taoyuan City 32457, Taiwan (R.O.C.)","羅O源","03-4681923","03-4281155","有","有"
"01253381","20200811","20230617","國彥電機企業社","CHIU Brothers International Company","桃園市桃園區西埔里永安路1188巷5弄9之1號1樓","1 F., No. 9-1, Aly. 5, Ln. 1188, Yong’an Rd., Xipu Vil., Taoyuan Dist., Taoyuan City 330030, Taiwan (R.O.C.)","邱O翔","03-3412380","","無","無"
"01254071","20150703","20210811","瑞發中藥行","RUI FA CHINESE HERBAL MEDICINE COMPANY","桃園市平鎮區湧安里工業南路117巷1弄2號","No. 2, Aly. 1, Ln. 117, Gongye S. Rd., Yong’an Vil., Pingzhen Dist., Taoyuan City 32459, Taiwan (R.O.C.)","黃O田","09-20023266","","有","有"
"01266506","20150327","20210811","群堡企業社","CHIUN BAU CO.","桃園市龍潭區黃唐里成功路261巷14號1樓","1 F., No. 14, Ln. 261, Chenggong Rd., Huangtang Vil., Longtan Dist., Taoyuan City 32555, Taiwan (R.O.C.)","范O昇","03-4970071","03-4883785","有","有"
"01279431","20010926","20231230","勝興玻璃隔熱片行","SHENG HSING SOLAR CONTROL FILM CO., LTD.","臺北市中山區民族東路546號1樓","1 F., No. 546, Minzu E. Rd., Zhongshan Dist., Taipei City 10474, Taiwan (R.O.C.)","江O瑤","25095833","","有","有"
"01280009","20021002","20210811","道觀出版社","DAO KWAN CO.","臺北市中山區吉林路218巷1號7樓","7 F., No. 1, Ln. 218, Jilin Rd., Zhongshan Dist., Taipei City 10469, Taiwan (R.O.C.)","黃O芬","25118122","25412918","有","有"
"01287024","20190314","20230506","胖馬樂咖啡店","Pan Mallette Coffee Roasters Shop","桃園市平鎮區復興里廣德街63號(1樓)","1 F., No. 63, Guangde St., Fuxing Vil., Pingzhen Dist., Taoyuan City 324008, Taiwan (R.O.C.)","王O龍","03-4224966","0","有","有"
"01297830","20190219","20211016","歐柏麥包裝材料用品館","OU BO MAI BAO ZHUANG CAI LIAO YONG PIN GUAN CO","桃園市桃園區大樹里大原路16巷30弄18號(1樓)","1 F., No. 18, Aly. 30, Ln. 16, Dayuan Rd., Dashu Vil., Taoyuan Dist., Taoyuan City 33068, Taiwan (R.O.C.)","鄭O吉","03-3630289#200","03-3626165","無","無"
"01298253","20150416","20210812","慈濟人文出版社","TZU CHI PUBLISHING CO.","臺北市大安區忠孝東路3段217巷7弄19號1樓","1 F., No. 19, Aly. 7, Ln. 217, Sec. 3, Zhongxiao E. Rd., Da’an Dist., Taipei City 10653, Taiwan (R.O.C.)","陳O簪","02-28989888","02-28989889","有","有"
"01299210","19981022","20210811","登山友攀山用品專業店","DISCOVERY LAND CO.","臺北市中山區中山北路1段22號2樓","2 F., No. 22, Sec. 1, Zhongshan N. Rd., Zhongshan Dist., Taipei City 104, Taiwan (R.O.C.)","林O忠","02-25671748","02-25671748","有","有"
"01306134","19910423","20230111","柏衡企業行","FESTIVAL STREET ENTERPRISE CO.","新北市林口區文化二路1段335之1號6樓","6 F., No. 335-1, Sec. 1, Wenhua 2nd Rd., Linkou Dist., New Taipei City 244008, Taiwan (R.O.C.)","林O桂","02-2833-7472","","無","無"
"01306970","19920324","20210812","佳家電器行","CHIA CHIA ELECTRIC CO.","臺北市中山區天祥路2之1號1樓","1 F., No. 2-1, Tianxiang Rd., Zhongshan Dist., Taipei City 10449, Taiwan (R.O.C.)","蔡O志","02-25236260","","有","有"
"01321374","19980401","20210811","上群行","SHUNG CHIUN COMPANY","臺北市中山區民權東路2段152巷5弄2號1樓","1 F., No. 2, Aly. 5, Ln. 152, Sec. 2, Minquan E. Rd., Zhongshan Dist., Taipei City 10483, Taiwan (R.O.C.)","陳O菊","02-25042715","","有","有"
"01322991","19931001","20210812","廣笙興業行","KOUNG SENG ENTERPRISE CO.","臺北市中山區建國北路1段152號4樓","4 F., No. 152, Sec. 1, Jianguo N. Rd., Zhongshan Dist., Taipei City 10489, Taiwan (R.O.C.)","黃O仁","","","無","無"
"01324082","20170915","20211124","米抹國際時尚小舖","MIMO INTERNATIONAL FASHION SHOP","桃園市桃園區中寧里中正路927號10樓","10 F., No. 927, Zhongzheng Rd., Zhongning Vil., Taoyuan Dist., Taoyuan City 33046, Taiwan (R.O.C.)","楊O晴","0930893845","","無","無"
"01328123","20180913","20210811","下港吔羊肉小吃店","Xiagangye Food Co.","臺北市中山區天祥路18號1樓","1 F., No. 18, Tianxiang Rd., Zhongshan Dist., Taipei City 10449, Taiwan (R.O.C.)","林O焜","02-25367922","","有","有"
"01334096","19920109","20210812","萬恩企業行","WANN HAW ENTERPRISE CO.","臺北市中山區民權東路3段21號4樓之6","4 F.-6, No. 21, Sec. 3, Minquan E. Rd., Zhongshan Dist., Taipei City 10476, Taiwan (R.O.C.)","許O輝","02-25044084","","無","無"
"01334103","19920122","20210812","福伸企業行","FUJI JASON ENTERPRISE CO.","臺北市中山區民權東路3段73號3樓","3 F., No. 73, Sec. 3, Minquan E. Rd., Zhongshan Dist., Taipei City 10476, Taiwan (R.O.C.)","游O焜","02-25044079","","無","無"
"01335686","19920302","20210811","伊明企業行","I MINGER ENTERPRISE CO.","臺北市中山區民權東路3段21號2樓","2 F., No. 21, Sec. 3, Minquan E. Rd., Zhongshan Dist., Taipei City 10476, Taiwan (R.O.C.)","田O武","02-25044079","","無","無"
"01341527","20160711","20210811","九州行","JIOU JHOU COMPANY","臺北市中山區錦州街243號","No. 243, Jinzhou St., Zhongshan Dist., Taipei City 10477, Taiwan (R.O.C.)","陳O旭","02-25027363","02-25064865","有","有"
"01344117","19921104","20210812","裕泰貿易行","EA & TA INTERNATIONAL TRADING CORP.","臺北市中山區松江路185號12樓之2","12 F.-2, No. 185, Songjiang Rd., Zhongshan Dist., Taipei City 10485, Taiwan (R.O.C.)","楊O裕","02-27120657","","無","無"
"01347178","20001201","20210811","吉米百貨行","LI FASHION COLLECTION CO.","臺北市中山區北安路532之2號1樓","1 F., No. 532-2, Bei’an Rd., Zhongshan Dist., Taipei City 10465, Taiwan (R.O.C.)","陳O維","02-25322870","02-25331577","有","有"
"01348394","19910716","20210812","萬用企業行","WANN YONQ ENTERPRISE CO.","臺北市中山區民權東路3段73號3樓","3 F., No. 73, Sec. 3, Minquan E. Rd., Zhongshan Dist., Taipei City 10476, Taiwan (R.O.C.)","林O堂","02-27772709","","無","無"
"01352333","20121004","20210812","西尼精品店","XINI FASHION SHOP","臺北市松山區民生東路3段113巷25弄8之1號","No. 8-1, Aly. 25, Ln. 113, Sec. 3, Minsheng E. Rd., Songshan Dist., Taipei City 10556, Taiwan (R.O.C.)","陳O玲","02-25450001","02-27189731","有","有"
"01355182","19940802","20210815","齊恩企業股份有限公司","CHIE ENG ENTERPRISE CO., LTD.","臺北市中山區復興北路488巷27號1樓","1 F., No. 27, Ln. 488, Fuxing N. Rd., Zhongshan Dist., Taipei City 10476, Taiwan (R.O.C.)","呂O型","02-25065916","02-25006221","有","有"
"01355248","19850829","20210813","徠善貿易有限公司","LAI-SAN CO., LTD.","臺北市松山區南京東路4段197號9樓","9 F., No. 197, Sec. 4, Nanjing E. Rd., Songshan Dist., Taipei City 10579, Taiwan (R.O.C.)","曹O龍","27151515","87707936","有","有"
"01355520","20181121","20210812","九重葛企業社","Jiou Chung Ge Company","桃園市八德區廣隆里廣隆街181號1樓","1 F., No. 181, Guanglong St., Guanglong Vil., Bade Dist., Taoyuan City 33461, Taiwan (R.O.C.)","江O憲","03-3626447","","有","有"
"01355726","19851022","20231018","全傑貿易股份有限公司","CHUAN JACK TRADING CORP.","臺北市大同區承德路3段90巷8號","No. 8, Ln. 90, Sec. 3, Chengde Rd., Datong Dist., Taipei City 103034, Taiwan (R.O.C.)","連O南","02-25950606","02-25949696","有","有"
"01355958","19890421","20210813","昭名企業有限公司","ONG PING SONG ENTERPRISE LTD.","臺北市大同區太原路115巷10號1樓","1 F., No. 10, Ln. 115, Taiyuan Rd., Datong Dist., Taipei City 10356, Taiwan (R.O.C.)","陳O名","02-25568363","02-25583759","有","有"
"01355985","19860110","20230616","宜劭企業有限公司","YEI SHAW ENTERPRISES CO., LTD.","新北市土城區廣福路92巷8號4樓","4 F., No. 8, Ln. 92, Guangfu St., Tucheng Dist., New Taipei City 236019, Taiwan (R.O.C.)","侯O卿","02-29510783","02-29582880","有","有"
"01356268","19950119","20210812","燦達企業有限公司","SANTA BELT ENTERPRISE CO., LTD.","臺北市大同區太原路73號3樓之5","3 F.-5, No. 73, Taiyuan Rd., Datong Dist., Taipei City 10356, Taiwan (R.O.C.)","林O士","02-25581621","02-25595347","有","有"
"01356393","20091207","20210813","政錩特殊鋼鐵股份有限公司","JENG-CHANG SPECIAL STEEL CO., LTD.","新北市樹林區三俊街199巷7號","No. 7, Ln. 199, Sanjun St., Shulin Dist., New Taipei City 23861, Taiwan (R.O.C.)","廖O文","02-29950625","02-29957312","有","有"
"01356540","19920626","20210813","惟森企業股份有限公司","VINCENT ENGINEERING COMPANY","臺北市松山區八德路4段445號5樓之18","5 F.-18, No. 445, Sec. 4, Bade Rd., Songshan Dist., Taipei City 10566, Taiwan (R.O.C.)","李O玹","02-26570730","02-87973814","有","有"
"01356605","19860502","20210813","神谷機工股份有限公司","KAMIYA SAW MFG. CORPORATION","臺北市內湖區瑞光路188巷43號8樓","8 F., No. 43, Ln. 188, Ruiguang Rd., Neihu Dist., Taipei City 11491, Taiwan (R.O.C.)","戴O和","02-26271766","02-26271733","有","有"
"01356788","19971216","20210813","元溢國際股份有限公司","YUAN YI TECHNOLOGY CO., LTD.","新北市汐止區大同路3段196號5樓","5 F., No. 196, Sec. 3, Datong Rd., Xizhi Dist., New Taipei City 22103, Taiwan (R.O.C.)","連O卉","02-8647-1238","02-8647-2030","有","有"
"01356801","19950505","20230518","三恆開發有限公司","NO.NO HOUSE COMPANY","臺北市大同區承德路2段59號6樓","6 F., No. 59, Sec. 2, Chengde Rd., Datong Dist., Taipei City 103017, Taiwan (R.O.C.)","郭O章","02-22216490","02-22257112","有","有"
"01371205","20020912","20210811","中孚眼鏡行","CHUNG FULL SPECTACLES CO.","臺北市北投區光明路116號1樓","1 F., No. 116, Guangming Rd., Beitou Dist., Taipei City 11246, Taiwan (R.O.C.)","郭O伸","04-761-2211","04-761-9641","有","有"
"01377799","20180131","20210811","魔法師企業社","MO FA SHIH COMPANY","桃園市中壢區明德里福州路218號","No. 218, Fuzhou Rd., Mingde Vil., Zhongli Dist., Taoyuan City 32089, Taiwan (R.O.C.)","巫O娟","03-4571222","03-4576111","有","有"
"01379699","20050517","20210812","昱權企業社","INNOFLUX CO.","新北市淡水區中正東路2段69之11號5樓","5 F., No. 69-11, Sec. 2, Zhongzheng E. Rd., Tamsui Dist., New Taipei City 25170, Taiwan (R.O.C.)","陳O珠","02-28231627","02-28233086","有","有"
"01383238","19981221","20210811","鴻裕企業社","HONE UE CLOTHING CO.","臺北市北投區富貴一路5巷12號1樓","1 F., No. 12, Ln. 5, Fugui 1st Rd., Beitou Dist., Taipei City 11279, Taiwan (R.O.C.)","黃O陽","02-28211571","","有","有"
"01383357","20200330","20210812","火力企業社","GBL Airsoft enterprise co.","桃園市平鎮區廣仁里廣南路138號3樓","3 F., No. 138, Guangnan Rd., Guangren Vil., Pingzhen Dist., Taoyuan City 32452, Taiwan (R.O.C.)","陳O鳳","0980052298","","有","有"
"01383722","20221213","20240222","吉市多百貨商行","J Store Co.","新竹市東區龍山里長春街１６３巷２９號1樓","1 F., No. 29, Ln. 163, Changchun St., Longshan Vil., East Dist., Hsinchu City 300073, Taiwan (R.O.C.)","曾O涓","03-3387562","","有","有"
"01384601","20210127","20210812","雙穎企業社","Shuang Yin Group Co.","桃園市桃園區龍安里國強一街483號1樓","1 F., No. 483, Guoqiang 1st St., Long’an Vil., Taoyuan Dist., Taoyuan City 33057, Taiwan (R.O.C.)","劉O哲","0912005645","","有","有"
"01384665","19901211","20210811","九龍閣藝坊","NINE DRAGON PAVILION CO., LTD.","臺北市中正區新生南路1段14號地下1層樓","No. 14, Sec. 1, Xinsheng S. Rd., Zhongzheng Dist., Taipei City 10058, Taiwan (R.O.C.)","林O皓","02-28359961","","有","有"
"01389486","20110119","20210811","遠東打字印刷行","THE FAR EAST TYPES THE PRINTING CO.","臺北市士林區德行西路33號3樓","3 F., No. 33, Dexing W. Rd., Shilin Dist., Taipei City 11158, Taiwan (R.O.C.)","邱O玲","02-28891155","02-22819933","有","有"
"01402903","20010313","20250326","德和醫療器材行","DHER HO MEDICAL MECHAN CO.","臺北市中正區中華路2段47號1樓","1 F., No. 47, Sec. 2, Zhonghua Rd., Zhongzheng Dist., Taipei City 10065, Taiwan (R.O.C.)","李O芳","02-23756740","","有","有"
"01405438","19870924","20210814","璟華實業有限公司","SPARK STONE ENTERPRISE CO., LTD.","新北市永和區中正路746號7樓之4","7 F.-4, No. 746, Zhongzheng Rd., Yonghe Dist., New Taipei City 23448, Taiwan (R.O.C.)","張O美緣","02-29206330","29206317","有","有"
"01405514","20151020","20210812","向日葵眼鏡實業社","SUNFLOWER GLASSES ENTERPRISE CO.","桃園市平鎮區建安里華隆街163號","No. 163, Hualong St., Jian’an Vil., Pingzhen Dist., Taoyuan City 32473, Taiwan (R.O.C.)","王O駙","0955430133","03-4372067","有","有"
"01405633","20210119","20230506","嘉容貿易有限公司","JIAJIARONG TRADING CO., LTD","臺北市萬華區東園街35巷62號(1樓)","1 F., No. 62, Ln. 35, Dongyuan St., Wanhua Dist., Taipei City 108034, Taiwan (R.O.C.)","呂O容","02-23035231","02-23046342","有","有"
"01405937","19941017","20210815","時報文化出版企業股份有限公司","CHINA TIMES PUBLISHING COMPANY","臺北市萬華區和平西路3段240號1至7樓","7 F., No. 240, Sec. 3, Heping W. Rd., Wanhua Dist., Taipei City 10803, Taiwan (R.O.C.)","趙O岷","02-23066600","","有","有"
"01405985","19951102","20210815","茂凱有限公司","MAO KAI CO., LTD.","新北市板橋區田單街11號","No. 11, Tiandan St., Banqiao Dist., New Taipei City 22043, Taiwan (R.O.C.)","江O益","02-29645091","02-29618991","有","有"
"01406056","19851024","20210812","蒙恬實業股份有限公司","INTERNATIONAL WRITING INSTRUMENT CORP.","臺北市內湖區成功路2段8號2樓","2 F., No. 8, Sec. 2, Chenggong Rd., Neihu Dist., Taipei City 11467, Taiwan (R.O.C.)","林O顯","02-2790-6811","2793-2588","有","有"
"01406106","19911002","20210814","侃呈企業有限公司","K&C FILMS INC.","臺北市中正區同安街41號2樓","2 F., No. 41, Tong’an St., Zhongzheng Dist., Taipei City 10085, Taiwan (R.O.C.)","許O基","02-23656757","02-23681771","有","有"
"01406133","19961011","20240717","錦洲工程有限公司","YI-SHIN COLOR PRINTING CO., LTD.","新北市中和區立德街176號3樓","3 F., No. 176, Lide St., Zhonghe Dist., New Taipei City 235602, Taiwan (R.O.C.)","陳O見","02-22269660","02-22269184","有","有"
"01406160","19920527","20210813","立薪企業有限公司","LIESIEN ENTERPRISE CO., LTD.","臺北市萬華區萬大路344巷22號4樓","4 F., No. 22, Ln. 344, Wanda Rd., Wanhua Dist., Taipei City 10869, Taiwan (R.O.C.)","蔡O惠","02-23074257","02-23325444","有","有"
"01406366","19920501","20221202","第一化成股份有限公司","DAIICHI KASEI CO., LTD.","新北市板橋區信義路26巷10號","No. 10, Ln. 26, Xinyi Rd., Banqiao Dist., New Taipei City 220058, Taiwan (R.O.C.)","蔡O信","02-89671089","02-89677668","有","有"
"01406936","19910801","20210813","維屋自動安全科技有限公司","WELL WORLD SECURITY AUTOMATION CO., LTD.","新北市板橋區中山路2段531巷38號","No. 38, Ln. 531, Sec. 2, Zhongshan Rd., Banqiao Dist., New Taipei City 22068, Taiwan (R.O.C.)","潘O蘭","02-2961-0552","","有","有"
"01407421","19911126","20210813","星旻企業有限公司","SEGMENT ENTERPRISE LTD.","新北市新莊區頭前路2巷21弄21號","No. 21, Aly. 21, Ln. 2, Touqian Rd., Xinzhuang Dist., New Taipei City 24252, Taiwan (R.O.C.)","林O亨","02-22765060","","有","有"
"01408759","20180911","20210812","大新禮品有限公司","Brandnew Award Co., Ltd.","新北市三重區五谷王北街50巷103號(1樓)","1 F., No. 103, Ln. 50, Wuguwang N. St., Sanchong Dist., New Taipei City 24158, Taiwan (R.O.C.)","袁O康","02-23123888","02-23818342","有","有"
"01408955","19851113","20210813","泉笙企業有限公司","CHAINFEATS ENTERPRISE CO., LTD.","臺北市中山區新生北路3段7號8樓","8 F., No. 7, Sec. 3, Xinsheng N. Rd., Zhongshan Dist., Taipei City 10471, Taiwan (R.O.C.)","周O淑","02-25853101","","有","有"
"01409151","19851211","20220623","政泰蜜餞食品有限公司","CHENG TAI FOOD CO., LTD.","新北市永和區環河西路2段201號12樓","5 F., No. 12, Aly. 26, Ln. 190, Sec. 7, Zhongshan N. Rd., Shilin Dist., Taipei City 11151, Taiwan (R.O.C.)","葉O騏","02-28723946","02-29873300\","有","有"
"01409976","19940408","20210813","恒業事務用品股份有限公司","HAN-YEH BUSINESS FORM CORPORATION","新北市林口區工二區工四路3號","No. 3, Gong 4th Rd., Gong’er Industrial Park, Linkou Dist., New Taipei City 24452, Taiwan (R.O.C.)","溫O賢","02-26014648","02-26010237","有","有"
"01410093","19920925","20231229","臺灣跑特耐企業有限公司","BARTOLINE TAIWAN LIMITED","新北市平溪區大湖19號","No. 19, Dahu, Pingxi Dist., New Taipei City 226003, Taiwan (R.O.C.)","林O隆","02-23031643","02-23073644","有","有"
"01410404","20131223","20230114","阿盟卡迪思企業社","LES AVANT-GARDISTES COMPANY","桃園市龜山區嶺頂里萬壽路二段8號","No. 8, Sec. 2, Wanshou Rd., Lingding Vil., Guishan Dist., Taoyuan City 333019, Taiwan (R.O.C.)","鄭O顥","0916969040","","無","無"
"01410447","19860127","20210812","明喆有限公司","MING MATE CO., LTD.","臺北市萬華區萬大路344巷10號1樓","1 F., No. 10, Ln. 344, Wanda Rd., Wanhua Dist., Taipei City 10869, Taiwan (R.O.C.)","林O芬","02-2301-1592","02-2305-6364","有","有"
"01410930","19950412","20221112","秀舍企業有限公司","SHOU SHING ENTERPRISE CO., LTD.","臺北市萬華區廣州街116號1樓","1 F., No. 116, Guangzhou St., Wanhua Dist., Taipei City 108015, Taiwan (R.O.C.)","林O芳","02-23069351","","無","無"
"01411419","19860115","20210813","海利貿易有限公司","HAI LI TRADING CO., LTD.","臺北市萬華區康定路30巷3號3樓","3 F., No. 3, Ln. 30, Kangding Rd., Wanhua Dist., Taipei City 10843, Taiwan (R.O.C.)","陳O川","02-23612048","","有","有"
"01411656","20020416","20220531","宥華企業股份有限公司","JU HUA ENTERPRISE CO., LTD.","臺北市萬華區萬大路10號","No. 10, Wanda Rd., Wanhua Dist., Taipei City 10861, Taiwan (R.O.C.)","吳O益","23062109","23029780","有","有"
"01420326","20071121","20210811","倫敦鐵具行","LONDON HARDWARE CO.","新北市中和區橋安街１９號","No. 19, Qiao’an St., Zhonghe Dist., New Taipei City 23557, Taiwan (R.O.C.)","許O霖","02-22473734","02-22428539","有","有"
"01423132","20230821","20230821","翔裕實業社","HSIANG YU Company","桃園市龍潭區龍星里龍華路145號1樓","1 F., No. 145, Longhua Rd., Longxing Vil., Longtan Dist., Taoyuan City 325027, Taiwan (R.O.C.)","王O香","0975191787","034796298","有","有"
"01423338","20190905","20210811","增昌行","Zeng-Chang Hang","臺北市萬華區莒光路193號2樓","2 F., No. 193, Juguang Rd., Wanhua Dist., Taipei City 10861, Taiwan (R.O.C.)","林O潭","02-22236097","02-32345795","有","有"
"01430730","20051205","20250319","卡恩精品店","KA EN STORE","臺北市大安區忠孝東路4段77巷19號1樓","1 F., No. 19, Ln. 77, Sec. 4, Zhongxiao E. Rd., Da'an Dist., Taipei City 106071, Taiwan (R.O.C.)","陳O鳳","02-2381-1237","02-2381-3145","有","有"
"01433363","19871223","20210811","昇揚貿易行","SHIHN REHN ENTERPRISE CO.","臺北市中正區昆明街76號7樓之3","7 F.-3, No. 76, Kunming St., Zhongzheng Dist., Taipei City 100, Taiwan (R.O.C.)","費O群","02-23822478","","無","無"
"01435664","20150908","20210811","欣華企業社","HSIN HUA PRINTER CO.","臺北市南港區研究院路2段150巷3弄9號3樓","3 F., No. 9, Aly. 3, Ln. 150, Sec. 2, Academia Rd., Nangang Dist., Taipei City 11574, Taiwan (R.O.C.)","倪O道","02-27829284","02-27829037","有","有"
"01435783","20021223","20210811","新鳥莊","NEW AVIARY COMPANY","臺北市萬華區和平西路3段5號1樓","1 F., No. 5, Sec. 3, Heping W. Rd., Wanhua Dist., Taipei City 10851, Taiwan (R.O.C.)","張O淑","02-23061066","02-23049292","有","有"
"01435931","20070622","20210811","澎興海產行","PENG SHIN SEAFOOD STORE","臺北市萬華區萬大路493巷9號1樓","1 F., No. 9, Ln. 493, Wanda Rd., Wanhua Dist., Taipei City 10873, Taiwan (R.O.C.)","陳O家","02-23099709","02-23038071","有","有"
"01451256","20170918","20221231","金磚企業社","BRICS INVESTMENT HOLDING CO.","新北市中和區中山路２段２巷１３弄２８號","No. 28, Aly. 13, Ln. 2, Sec. 2, Zhongshan Rd., Zhonghe Dist., New Taipei City 235022, Taiwan (R.O.C.)","施O宏","0987712587","","無","無"
"01452451","20011026","20210812","雞鴨林禽業商行","CHICKEN LIN'S POULTRY CO.","臺北市萬華區環河南路2段179號5樓","5 F., No. 179, Sec. 2, Huanhe S. Rd., Wanhua Dist., Taipei City 10883, Taiwan (R.O.C.)","林O吉","02-23069255","02-23042572","有","有"
"01453971","20131001","20210812","正峰特殊印刷製刀社","CHENG FENG SPECIAL PRINTING KNIVES MOLD CO.","臺北市萬華區德昌街185巷44號1樓","1 F., No. 44, Ln. 185, Dechang St., Wanhua Dist., Taipei City 10870, Taiwan (R.O.C.)","黃O慧","02-23099860","02-23322255","無","無"
"01455838","20131220","20220903","泰緯興業社","TAI WEI XINGYE COMPANY","新北市新莊區五工五路９號6樓","6 F., No. 9, Wugong 5th Rd., Xinzhuang Dist., New Taipei City 248020, Taiwan (R.O.C.)","詹O清","02-29527789","02-29538789","有","有"
"01455921","19911129","20210813","玉山鞋業有限公司","ZICO SHOES CO.","新北市新莊區化成路11巷70號1樓","1 F., No. 70, Ln. 11, Huacheng Rd., Xinzhuang Dist., New Taipei City 24252, Taiwan (R.O.C.)","趙O和","02-29912480","","有","有"
"01456077","19850923","20230105","康定股份有限公司","COMDEK INDUSTRIAL CORPORATION","臺北市南港區園區街3號9樓之1","9 F.-1, No. 3, Yuanqu St., Nangang Dist., Taipei City 115603, Taiwan (R.O.C.)","郭O松","02-26557810","02-26557812","有","有"
"01456180","19900920","20221228","三力電腦股份有限公司","JONG DER DEVELOPMENT CO., LTD.","臺北市大安區敦化南路1段200號7樓之4","7 F.-4, No. 200, Sec. 1, Dunhua S. Rd., Da’an Dist., Taipei City 106071, Taiwan (R.O.C.)","蔡O基","02-27042294","02-27041911","有","有"
"01456225","19880815","20230303","元亨興業有限公司","AMPLE LAB CO., LTD.","臺北市信義區富陽街7號1樓","1 F., No. 7, Fuyang St., Xinyi Dist., Taipei City 110004, Taiwan (R.O.C.)","黃O龍","02-23093034","02-23018463","有","有"
"01456436","19851002","20210815","威麥克健康生技股份有限公司","WELLMIKE BIOHEALTH CORPORATION","新北市新店區民權路108之3號7樓","7 F., No. 108-3, Minquan Rd., Xindian Dist., New Taipei City 23141, Taiwan (R.O.C.)","陳O揚","02-66289699","02-22181804","有","有"
"01456484","19851016","20230420","優力國際有限公司","ASIA UNI CORP.","臺北市文山區羅斯福路5段143號","No. 143, Sec. 5, Roosevelt Rd., Wenshan Dist., Taipei City 116063, Taiwan (R.O.C.)","許O樹","02-23928698","","無","無"
"01456702","19980525","20221215","寶藝有限公司","LI SI CO., LTD.","臺北市南港區松河路430號","No. 430, Songhe St., Nangang Dist., Taipei City 115020, Taiwan (R.O.C.)","康O俊","02-27850171","02-2785-4355","有","有"
"01457012","20001212","20250419","民亞企業有限公司","RUNNING WORLD ENTERPRISE CO., LTD.","新北市中和區立德街148巷52號4樓","4 F., No. 52, Ln. 148, Lide St., Zhonghe Dist., New Taipei City 23512, Taiwan (R.O.C.)","李O翰","02-22215100","02-22215447","有","有"
"01457097","19870209","20210812","四藝有限公司","SZE YEE TANG CO., LTD.","臺北市中正區牯嶺街87之2號1樓","1 F., No. 87-2, Guling St., Zhongzheng Dist., Taipei City 10078, Taiwan (R.O.C.)","王O忠","02-23944632","02-23213751","有","有"
"01457483","19851115","20210812","巨市企業有限公司","GIANT WORLD ENTERPRISES CO., LTD.","臺北市信義區虎林街164巷66號1樓","1 F., No. 66, Ln. 164, Hulin St., Xinyi Dist., Taipei City 11075, Taiwan (R.O.C.)","王O立","02-27232205","02-27252606","有","有"
"01458440","19930219","20210815","衛肯生技製藥股份有限公司","WELCAN BIOTECH PHARMACEUTICAL CO., LTD.","桃園市平鎮區工業十路15號","No. 15, Gongye 10th Rd., Pingzhen Dist., Taoyuan City 32459, Taiwan (R.O.C.)","姜O厚","03-4696792","03-4696964","有","有"
"01458531","19890724","20210815","可登有聲出版社有限公司","CODEN RECORDS LTD.","臺北市中山區北安路536號3樓","3 F., No. 536, Bei’an Rd., Zhongshan Dist., Taipei City 10465, Taiwan (R.O.C.)","黄O勤","02-27995528","02-27995287","有","有"
"01458645","19860106","20241001","華格生物科技有限公司","Mood Plus Biotech Co., Ltd.","臺北市內湖區堤頂大道2段473號6樓","6 F., No. 473, Sec. 2, Tiding Blvd., Neihu Dist., Taipei City 11493, Taiwan (R.O.C.)","","02-2657-7199","02-7721-2346","無","無"
"01458820","19870925","20210813","超技儀器有限公司","LOTUN SCIENCE CO., LTD.","新北市中和區中正路716號14樓之7","14 F.-7, No. 716, Zhongzheng Rd., Zhonghe Dist., New Taipei City 23552, Taiwan (R.O.C.)","余O中","82280750","82280760","有","有"
"01458856","19990721","20230529","豐山纖維有限公司","FENG SHAN FIBRE CO., LTD.","臺北市中正區南昌路1段74巷21號","No. 21, Ln. 74, Sec. 1, Nanchang Rd., Zhongzheng Dist., Taipei City 100035, Taiwan (R.O.C.)","王O祥","02-2393-7982","2393-6903","無","無"
"01458878","19860122","20210814","郁益企業股份有限公司","BENECO ENTERPRISE CO., LTD.","臺南市北區北成路94號","No. 94, Beicheng Rd., North Dist., Tainan City 70460, Taiwan (R.O.C.)","陳O三","06-281-1336","06-281-1324","有","有"
"01459095","19900810","20210814","泰聯企業有限公司","TAY NIAN ENTERPRISE CO., LTD.","新北市三重區光復路2段88巷34號","No. 34, Ln. 88, Sec. 2, Guangfu Rd., Sanchong Dist., New Taipei City 24158, Taiwan (R.O.C.)","賴O飛","02-29998237","02-29998175","有","有"
"01459124","19971204","20210813","國陞工程企業有限公司","KUO SEN CONSTRUCTION ENTERPRISE CO.","臺北市中正區寧波西街87號2樓之2","2 F.-2, No. 87, Ningbo W. St., Zhongzheng Dist., Taipei City 10075, Taiwan (R.O.C.)","陳O燕","02-23512848","","有","有"
"01459314","19960611","20210812","風行音樂有限公司","NONSO ARTS CO.","臺北市中正區重慶南路2段80號2樓","2 F., No. 80, Sec. 2, Chongqing S. Rd., Zhongzheng Dist., Taipei City 10076, Taiwan (R.O.C.)","徐O光","02-23012900","","有","有"
"01461613","20030320","20210811","宣豐行","S.K.R. HARDWARE CO.","臺北市中正區重慶南路3段3巷6號","No. 6, Ln. 3, Sec. 3, Chongqing S. Rd., Zhongzheng Dist., Taipei City 10076, Taiwan (R.O.C.)","劉O株","02-23564567","02-23569111","有","有"
"01470134","20011220","20230111","快車食品行","JET CAR FOODS CO.","臺北市中正區羅斯福路1段8號公有南門市場第155號","No. 8, Sec. 1, Roosevelt Rd., Zhongzheng Dist., Taipei City 100207, Taiwan (R.O.C.)","王O愷","02-23960060","","有","有"
"01470991","20021002","20210812","見興獸肉號","JIAN SHING MEAT STORE","臺北市中正區重慶南路3段公有自強市場下層第78號攤位","No. 78, Sec. 3, Chongqing S. Rd., Zhongzheng Dist., Taipei City 10077, Taiwan (R.O.C.)","林O興","02-25213771","","有","有"
"01476637","20080221","20250429","樂韻出版社","YUEN-YUHN MUSIC PUBLISHING CO.","臺北市萬華區永福街3號1樓","1 F., No. 3, Yongfu St., Wanhua Dist., Taipei City 108012, Taiwan (R.O.C.)","王O芝","02-23713333","02-23821141","有","有"
"01481625","20030908","20210812","台灣高等教育出版社","TAIWAN HIGHER EDUCATION PRESS CO.","臺北市大安區羅斯福路3段325號10樓之2","10 F.-2, No. 325, Sec. 3, Roosevelt Rd., Da’an Dist., Taipei City 10647, Taiwan (R.O.C.)","許O祥","02-23685757","02-23657574","有","有"
"01481907","20170704","20210827","冠同貿易商行","GUAN TUNG TRADING COMPANY","桃園市中壢區內壢里成功路122巷56號(2樓)","2 F., No. 56, Ln. 122, Chenggong Rd., Neili Vil., Zhongli Dist., Taoyuan City 32066, Taiwan (R.O.C.)","李O祥","03-4635099","03-4354229","有","有"
"01487938","20031103","20210812","工美企業社","KOU MEN ENTERPRISE CO.","臺北市中正區南昌路2段164號","No. 164, Sec. 2, Nanchang Rd., Zhongzheng Dist., Taipei City 10084, Taiwan (R.O.C.)","朱O玲","02-2368-0122","02-2362-3120","有","有"
"01493100","20100210","20250304","國峰企業顧問社","GF FLORA CO.","臺北市中山區民生東路3段11號3樓","3 F., No. 11, Sec. 3, Minsheng E. Rd., Zhongshan Dist., Taipei City 104083, Taiwan (R.O.C.)","廖O璜","02-25638326","02-25634399","有","有"
"01497773","20180608","20210811","艾瑞克服飾店","ERIC FASHION CO.","臺北市中正區濟南路2段60之7號1樓","1 F., No. 60-7, Sec. 2, Jinan Rd., Zhongzheng Dist., Taipei City 10062, Taiwan (R.O.C.)","徐O薇","02-23210506","","有","有"
"01501397","19921127","19921127","亦成行","CHIN YI CHENG CO.","台北巿中正區泉州街８５號５樓","5FL., NO.85, CHUAN CHOU ST., TAIPEI TAIWAN R.O.C.","吳O憲","02-23012866","","無","無"
"01502332","20050610","20210811","金石商行","JIA STONE CO.","臺北市中正區南昌路1段88號","No. 88, Sec. 1, Nanchang Rd., Zhongzheng Dist., Taipei City 10075, Taiwan (R.O.C.)","黃O愷","02-2394-4816","02-2341-4138","有","有"
"01505422","20170330","20210812","冠傑汽車有限公司","KJ MOTOR ATT CO., LTD.","新北市三重區新北大道2段202號之1(1樓)","1 F., No. 202-1, Sec. 2, New Taipei Blvd., Sanchong Dist., New Taipei City 24158, Taiwan (R.O.C.)","蘇O凉","02-29957369","02-29953983","有","有"
"01505627","19850827","20230204","前程科技股份有限公司","DATATRONICS TECHNOLOGY, INC.","臺北市南港區市民大道7段7號2樓","2 F., No. 7, Sec. 7, Civic Blvd., Nangang Dist., Taipei City 115012, Taiwan (R.O.C.)","劉O勲","02-27856998","02-27858009","有","有"
"01505886","19850821","20210812","高方有限公司","KAO FANG INDUSTRIAL CO., LTD.","臺北市大安區忠孝東路4段15號7樓之4","7 F.-4, No. 15, Sec. 4, Zhongxiao E. Rd., Da’an Dist., Taipei City 10691, Taiwan (R.O.C.)","王O鳳","02-27410943","02-27764737","有","有"
"01505936","19850919","20210814","進懋有限公司","DACOMS TECHNOLOGY CO., LTD.","新北市永和區中山路1段168號3樓","3 F., No. 168, Sec. 1, Zhongshan Rd., Yonghe Dist., New Taipei City 23443, Taiwan (R.O.C.)","洪O娟","02-29207500","","有","有"
"01506132","19970603","20210813","潤鑫企業股份有限公司","RUENN SHIN INDUSTRIES CO., LTD.","高雄市鳳山區立志街30之3號5樓","5 F., No. 30-3, Lizhi St., Fengshan Dist., Kaohsiung City 83060, Taiwan (R.O.C.)","王O鈴","07-7822470","07-7822464","有","有"
"01506153","20200413","20220303","寶麗來國際實業有限公司","BAO LI LAI CO., LTD.","新北市三重區仁華街118巷1之3號","No. 1-3, Ln. 118, Renhua St., Sanchong Dist., New Taipei City 24153, Taiwan (R.O.C.)","劉O雲","02-28572828","","有","有"
"01506371","19850826","20210814","中太科技股份有限公司","CHUN TAI ELECTRIC CO., LTD.","臺北市內湖區陽光街345巷5號2樓之1","2 F.-1, No. 5, Ln. 345, Yangguang St., Neihu Dist., Taipei City 11491, Taiwan (R.O.C.)","李O賢","02-8751-2922","02-87513728","有","有"
"01506490","19941011","20210814","邦普企業有限公司","IDEA INTERNATIONAL CO., LTD.","臺北市大安區安居街34巷6號6樓","6 F., No. 6, Ln. 34, Anju St., Da’an Dist., Taipei City 10672, Taiwan (R.O.C.)","吳O昌","02-27009889","02-27009909","有","有"
"01506610","19870904","20210813","生態實業有限公司","BIO-LIFE ENTERPRISE CO., LTD.","臺北市中正區忠孝東路1段13號4樓","4 F., No. 13, Sec. 1, Zhongxiao E. Rd., Zhongzheng Dist., Taipei City 10049, Taiwan (R.O.C.)","陳O明","0932-253943","","有","有"
"01507385","19850916","20211009","多立實業股份有限公司","FOCOTEX INDUSTRIAL CORP.","臺北市中山區堤頂大道2段500號4樓之1","Rm. 1, 4 F., No. 500, Sec. 2, Tiding Blvd., Zhongshan Dist., Taipei City 10462, Taiwan (R.O.C.)","林O盛","02-28169988","02-28129409","有","有"
"01507441","19940413","20210814","三華行有限公司","SAN HWA HARN CO., LTD.","臺北市松山區八德路3段12巷70弄19號1樓","1 F., No. 19, Aly. 70, Ln. 12, Sec. 3, Bade Rd., Songshan Dist., Taipei City 10558, Taiwan (R.O.C.)","黃O士","02-25774131","","有","有"
"01507744","19870520","20210814","聯凱有限公司","LYNXEYE INTERNATIONAL CO., LTD.","臺中市大雅區員林里大林路66巷12之2號","No. 12-2, Ln. 66, Dalin Rd., Yuanlin Vil., Daya Dist., Taichung City 42847, Taiwan (R.O.C.)","馮O生","04-25681555","04-25689555","有","有"
"01507907","19850907","20210815","典業有限公司","DIENWELL CO., LTD.","臺北市內湖區洲子街85號5樓之1","5 F.-1, No. 85, Zhouzi St., Neihu Dist., Taipei City 11493, Taiwan (R.O.C.)","楊O彬","02-27935366","02-27935388","有","有"
"01507982","19961118","20230112","塑石企業股份有限公司","E & T GRC CO., LTD.","臺北市信義區忠孝東路5段261號2樓","2 F., No. 261, Sec. 5, Zhongxiao E. Rd., Xinyi Dist., Taipei City 110065, Taiwan (R.O.C.)","許O榮","02-27638665","02-27632202","無","無"
"01508130","19901206","20210813","越洋傳播股份有限公司","PRODUCTION NETWORK INTERNATIONAL CO., LTD.","新北市八里區龍米路2段200巷40號12樓","12 F., No. 40, Ln. 200, Sec. 2, Longmi Rd., Bali Dist., New Taipei City 24944, Taiwan (R.O.C.)","李O珊","02-2778-0668","02-2773-3182","有","有"
"01508167","20001123","20230609","萬德國際有限公司","ONE ENOUGH CORPORATION","臺北市松山區延吉街30巷5號1樓","1 F., No. 5, Ln. 30, Yanji St., Songshan Dist., Taipei City 105049, Taiwan (R.O.C.)","周O祥","02-29788145","02-29760604","無","無"
"01508238","19850913","20220311","溫格企業股份有限公司","MAXTECH CO., LTD.","臺北市內湖區環山路2段89號2樓","2 F., No. 89, Sec. 2, Huanshan Rd., Neihu Dist., Taipei City 11452, Taiwan (R.O.C.)","李O宏","02-27972823","02-27993329","有","有"
"01508384","19870219","20210814","福驥石材企業有限公司","FU JI STONE CO., LTD.","基隆市安樂區內寮里武訓街78號","No. 78, Wuxun St., Neiliao Vil., Anle Dist., Keelung City 20446, Taiwan (R.O.C.)","魏O庵","02-24312161","02-2431-7450","有","有"
"01508413","19971124","20230117","天錡精密工業股份有限公司","TIAN CHYI PRECISION INDUSTRIAL CO., LTD.","新北市新店區建業路49號","No. 49, Jianye Rd., Xindian Dist., New Taipei City 231065, Taiwan (R.O.C.)","蔡O祿","02-2215-3063","02-2215-6965","有","有"
"01508429","19850916","20210814","太平洋地毯股份有限公司","PACIFIC CARPETS COMPANY LIMITED","臺北市內湖區民權東路6段123巷34弄10號2樓","2 F., No. 10, Aly. 34, Ln. 123, Sec. 6, Minquan E. Rd., Neihu Dist., Taipei City 11490, Taiwan (R.O.C.)","李O鑑","02-27110003","02-27216456","有","有"
"01508552","19920627","20230516","潮鴻汽車股份有限公司","TSAU HOONG CO., LTD.","臺北市中山區松江路87號12樓之1","12 F.-1, No. 87, Songjiang Rd., Zhongshan Dist., Taipei City 104495, Taiwan (R.O.C.)","陳O吉","02-25419022","02-25620662","有","有"
"01508624","19850916","20210814","德技股份有限公司","QUATEK HOLDING INC.","臺北市內湖區內湖路1段308號4樓","4 F., No. 308, Sec. 1, Neihu Rd., Neihu Dist., Taipei City 11493, Taiwan (R.O.C.)","程O寰","02-2797-3357","02-2797-3957","有","有"
"01508933","20120504","20250110","汎盟國際有限公司","Sungreat Holding Co.","臺北市信義區基隆路1段432號11樓之9","11 F.-9, No. 432, Sec. 1, Keelung Rd., Xinyi Dist., Taipei City 110053, Taiwan (R.O.C.)","袁O","02-27027988","02-27028728","有","有"
"01509047","19880429","20210812","龍牌貿易有限公司","DRAGOCO TAIWAN LTD.","臺北市大同區長安西路45之1號11樓","11 F., No. 45-1, Chang’an W. Rd., Datong Dist., Taipei City 10351, Taiwan (R.O.C.)","呂O東","02-25565278","02-25565285","有","有"
"01509124","19860627","20221017","汎銘企業股份有限公司","VAN MAJOR CORPORATION","臺北市松山區敦化北路207號12樓之1","12 F.-1, No. 207, Dunhua N. Rd., Songshan Dist., Taipei City 105406, Taiwan (R.O.C.)","魏O夫","02-25140777","02-27136980","無","無"
"01509692","20180822","20240817","德寶企業社","DEBAY ENTERPRISE COMPANY","桃園市楊梅區雙榮里民族路五段201巷75弄38號1樓","1 F., No. 38, Aly. 75, Ln. 201, Sec. 5, Minzu Rd., Shuangrong Vil., Yangmei Dist., Taoyuan City 326002, Taiwan (R.O.C.)","邱O鳳","03-4907096","","有","有"
"01509779","19850924","20210814","汎聯企業股份有限公司","SERES ENTERPRISE CO., LTD.","臺北市大安區安和路2段63號3樓之1","3 F.-1, No. 63, Sec. 2, Anhe Rd., Da’an Dist., Taipei City 10680, Taiwan (R.O.C.)","賴O珠","02-27041100","02-27042200","有","有"
"01510038","19851019","20210813","我威企業股份有限公司","EVERRAISE ENTERPRISE CO., LTD.","臺北市南港區成功路1段32號7樓之8","7 F.-8, No. 32, Sec. 1, Chenggong Rd., Nangang Dist., Taipei City 11570, Taiwan (R.O.C.)","周O雯","02-26536600","02-26512277","有","有"
"01510826","20060915","20210812","寶島旭光有限公司","FORMOSA TFC CO.","新北市新店區中正路407號（2樓）","2 F., No. 407, Zhongzheng Rd., Xindian Dist., New Taipei City 23148, Taiwan (R.O.C.)","鄭O盛","02-29137147","02-29180762","有","有"
"01511022","19851021","20210812","實德國際股份有限公司","SOLIDEX INTERNATIONAL INC.","臺北市大安區復興南路2段285號7樓","7 F., No. 285, Sec. 2, Fuxing S. Rd., Da’an Dist., Taipei City 10667, Taiwan (R.O.C.)","曾O民","02-27035721","02-27080592","有","有"
"01511058","19851016","20221231","天俐寶石有限公司","TIMLLY CORPORATION","臺北市中山區建國北路2段139號6樓之3","6 F.-3, No. 139, Sec. 2, Jianguo N. Rd., Zhongshan Dist., Taipei City 104676, Taiwan (R.O.C.)","周O來","02-25080896","02-25080383","無","無"
"01511091","19851030","20240118","金而信股份有限公司","WALDENARS ENTERPRISE CO., LTD.","臺北市內湖區文德路90巷42弄12號1樓","1 F., No. 12, Aly. 42, Ln. 90, Wende Rd., Neihu Dist., Taipei City 114053, Taiwan (R.O.C.)","","02-26575977","02-26584136","無","無"
"01511607","19851023","20210815","上頂實業有限公司","GREAT ONE ENTERPRISE CO., LTD.","臺北市士林區中正路664號9樓","9 F., No. 664, Zhongzheng Rd., Shilin Dist., Taipei City 11173, Taiwan (R.O.C.)","蔡O建","02-28116201","28113944","有","有"
"01511655","20100505","20210812","二誥打字印刷有限公司","ERGAO CO., LTD.","臺北市松山區南京東路4段183號2樓之1","2 F.-1, No. 183, Sec. 4, Nanjing E. Rd., Songshan Dist., Taipei City 10579, Taiwan (R.O.C.)","呂O燕","02-25777169","02-25783877","有","有"
"01511873","19920803","20210815","基錮實業有限公司","GRADE GOOD INDUSTRIAL CORP.","臺北市中山區吉林路12之3號2樓之1","2 F.-1, No. 12-3, Jilin Rd., Zhongshan Dist., Taipei City 10457, Taiwan (R.O.C.)","蘇O賢","02-2562-2556","02-2561-8393","有","有"
"01511944","20220210","20220608","嶸和工程行","Ronghe Engineering Co.","新北市林口區文化二路1段250號6樓","6 F., No. 250, Sec. 1, Wenhua 2nd Rd., Linkou Dist., New Taipei City 244008, Taiwan (R.O.C.)","詹O都","03-3133578","03-3133287","有","有"
"01512107","20020201","20220627","安橋公寓大廈管理維護股份有限公司","ABV Facility Services Holding Company","臺北市松山區八德路3段20號10樓之1","10 F.-1, No. 20, Sec. 3, Bade Rd., Songshan Dist., Taipei City 105608, Taiwan (R.O.C.)","鍾O君","02-25774888","","有","有"
"01512388","19880805","20230706","罕特股份有限公司","HYPHEN INDUSTRIAL CORP.","新北市汐止區新台五路1段108號19樓","19 F., No. 108, Sec. 1, Xintai 5th Rd., Xizhi Dist., New Taipei City 221411, Taiwan (R.O.C.)","黃O光","02-26962818","02-26963078","有","有"
"01512459","19871204","20210813","立通精工股份有限公司","LI TON PRECISION INC.","新北市三重區重新路3段46號6樓之2","6 F.-2, No. 46, Sec. 3, Chongxin Rd., Sanchong Dist., New Taipei City 24143, Taiwan (R.O.C.)","鄭O陸","","","有","有"
"01512465","20200408","20210811","百翊企業社","Bai-Yi Mold & Tool Company","桃園市新屋區清華里中山東路一段162號1樓","1 F., No. 162, Sec. 1, Zhongshan E. Rd., Qinghua Vil., Xinwu Dist., Taoyuan City 32742, Taiwan (R.O.C.)","鄒O雅","03-4870587","","有","有"
"01512660","19851106","20230323","秦佳企業有限公司","TANGSONCE INTERNATIONAL CO., LTD.","臺北市中山區林森北路67巷24弄5號1樓","1 F., No. 5, Aly. 24, Ln. 67, Linsen N. Rd., Zhongshan Dist., Taipei City 104005, Taiwan (R.O.C.)","黃O財","02-28380709","02-28380710","有","有"
"01513106","19871222","20231123","合一實業股份有限公司","JOINT UNION ENTERPRISE CO., LTD.","臺北市松山區敦化北路153之14號","No. 153-14, Dunhua N. Rd., Songshan Dist., Taipei City 105021, Taiwan (R.O.C.)","周O雄","02-27127766","02-27127765","有","有"
"01513350","19851119","20210814","方面實業股份有限公司","FULL SPACE INDUSTRIES CO., LTD.","臺北市南港區忠孝東路6段21號11樓","11 F., No. 21, Sec. 6, Zhongxiao E. Rd., Nangang Dist., Taipei City 11575, Taiwan (R.O.C.)","林O福","02-27882808","02-27882431","有","有"
"01514219","19920212","20250605","歐坊設計工程有限公司","OLD FUN DESIGN & RECONSTRUCTION CO.","臺北市信義區基隆路2段145號10樓","10 F., No. 145, Sec. 2, Keelung Rd., Xinyi Dist., Taipei City 110005, Taiwan (R.O.C.)","鄧O佑","02-26583638","02-26583885","有","有"
"01514415","19851126","20210815","璟蘊有限公司","EASTAR INC.","臺北市大安區敦化南路二段100號2樓","2 F., No. 100, Sec. 2, Dunhua S. Rd., Da’an Dist., Taipei City 10668, Taiwan (R.O.C.)","陳O玲","02-2709-1285","02-2709-1286","有","有"
"01514750","19851209","20221018","立鴻有限公司","NUTONE CO., LTD.","臺北市大安區安和路1段110號9樓","9 F., No. 110, Sec. 1, Anhe Rd., Da'an Dist., Taipei City 106064, Taiwan (R.O.C.)","林O珠","02-27001714","02-27079408","無","無"
"01515033","19851129","20230517","明淵股份有限公司","SANTO ARDEN CO., LTD.","臺北市松山區南京東路3段311號11樓","11 F., No. 311, Sec. 3, Nanjing E. Rd., Songshan Dist., Taipei City 105405, Taiwan (R.O.C.)","王O展","02-25455366","02-25455758","有","有"
"01515126","20140114","20240504","瑞順發糧食商行","RAY SHAN FA FOOD CO.","桃園市大溪區瑞源里石園路760巷56號1樓","1 F., No. 56, Ln. 760, Shiyuan Rd., Ruiyuan Vil., Daxi Dist., Taoyuan City 33551, Taiwan (R.O.C.)","郭O美","03-3801282","03-3895030","有","有"
"01515174","19860103","20230717","金騰國際傳媒股份有限公司","GOLDEN RUSH INT'L BROADCAST CO., LTD.","臺北市信義區基隆路1段432號13樓之2","13 F.-2, No. 432, Sec. 1, Keelung Rd., Xinyi Dist., Taipei City 110053, Taiwan (R.O.C.)","金O玲","02-2748-6228","02-2748-6246","無","無"
"01515343","20140107","20220303","立詳企業社","LI SHYANG CO.","新北市永和區永貞路79號(1樓)","1 F., No. 79, Yongzhen Rd., Yonghe Dist., New Taipei City 23449, Taiwan (R.O.C.)","林O森","02-26762725","02-26762725","有","有"
"01515462","19910802","20230328","寬友股份有限公司","EXPANSION SMALLWARES & FIXTURES CORPORATION","臺北市內湖區陽光街345巷16號2樓","2 F., No. 16, Ln. 345, Yangguang St., Neihu Dist., Taipei City 114713, Taiwan (R.O.C.)","李O復","02-27992699","02-27972999","有","有"
"01515619","19940331","20220527","德兆建設股份有限公司","DER CHAO CONSTRUCTION CO., LTD.","臺北市大安區仁愛路4段376號8樓","8 F., No. 376, Sec. 4, Ren’ai Rd., Da’an Dist., Taipei City 10693, Taiwan (R.O.C.)","王O德","02-27035326","","有","有"
"01515651","19860129","20230208","好來化工股份有限公司","HAWLEY & HAZEL CHEMICAL (TAIWAN) CO., LTD.","臺北市松山區敦化南路1段2號9樓","9 F., No. 2, Sec. 1, Dunhua S. Rd., Songshan Dist., Taipei City 105408, Taiwan (R.O.C.)","古O光","02-21732928","02-66029989","有","有"
"01515717","19851205","20221009","安晶股份有限公司","TRISUM CORP.","臺北市松山區敦化北路207號12樓","12 F., No. 207, Dunhua N. Rd., Songshan Dist., Taipei City 105406, Taiwan (R.O.C.)","楊O瑾","02-2718-5988","02-2719-3929","無","無"
"01515884","19890713","20221227","整隆企業股份有限公司","CAROL WIRING HARNESS CO., LTD.","新北市汐止區大同路1段292巷1號1樓","1 F., No. 1, Ln. 292, Sec. 1, Datong Rd., Xizhi Dist., New Taipei City 221006, Taiwan (R.O.C.)","李O明","02-26416125","02-26470654","有","有"
"01515890","20200515","20231229","合鴻冰品有限公司","HOP HUNG ICE CREAM CO., LTD.","新北市八里區觀海大道268號","No. 268, Guanhai Blvd., Bali Dist., New Taipei City 249005, Taiwan (R.O.C.)","丁O雯","02-26102638","","有","有"
"01516265","19860113","20210814","久儀股份有限公司","E-MORE ELECTRONICS CO., LTD.","臺北市中山區農安街64號1樓","1 F., No. 64, Nong’an St., Zhongshan Dist., Taipei City 10470, Taiwan (R.O.C.)","陳O良","02-25973218","","有","有"
"01516357","19870806","20210814","玄智實業股份有限公司","BENCO PRODUCTS INC.","臺北市中山區農安街271巷9號9樓","9 F., No. 9, Ln. 271, Nong’an St., Zhongshan Dist., Taipei City 10482, Taiwan (R.O.C.)","許O峰","02-25007930","02-25007925","有","有"
"01516589","19871231","20221028","台灣諾華股份有限公司","NOVARTIS (TAIWAN) CO., LTD.","臺北市中山區民生東路3段2號8樓","8 F., No. 2, Sec. 3, Minsheng E. Rd., Zhongshan Dist., Taipei City 104511, Taiwan (R.O.C.)","SOefanOhommen(斯特凡‧湯門)","02-23227777","02-23227351","有","有"
"01516693","19930430","20231228","金泰發實業有限公司","GOLDEN HONEY ENTERPRISE CO., LTD.","新竹市北區金華里光華東街99號","No. 99, Guanghua E. St., Jinhua Vil., North Dist., Hsinchu City 30050, Taiwan (R.O.C.)","朱O宏","035-337991","","有","有"
"01517102","19851219","20230707","旭然國際股份有限公司","BRIGHT SHELAND INTERNATIONAL CO., LTD.","雲林縣斗六市科加六路15號","No. 15, Kejia 6th Rd., Douliu City, Yunlin County 640104, Taiwan (R.O.C.)","何O全","05-5512322","05-5512891","有","有"
"01517124","19860404","20221129","國眾電腦股份有限公司","LEO SYSTEMS,  INC.","臺北市內湖區陽光街298號3樓","3 F., No. 298, Yangguang St., Neihu Dist., Taipei City 114718, Taiwan (R.O.C.)","王O群","02-27996789","02-27997789","有","有"
"01517671","19860904","20230309","力進興業股份有限公司","LEZEND TRADING CO., LTD.","臺北市內湖區民權東路6段409號1樓","1 F., No. 409, Sec. 6, Minquan E. Rd., Neihu Dist., Taipei City 114050, Taiwan (R.O.C.)","吳O一","02-26311282","02-26312041","有","有"
"01517855","19881012","20230111","麒琳工業股份有限公司","KECLOK COMPANY LTD.","臺北市大安區敦化南路2段56號2樓4室","Rm. 4, 2 F., No. 56, Sec. 2, Dunhua S. Rd., Da’an Dist.,  Taipei City 106696, Taiwan (R.O.C.)","賴O卿","02-27554378","","有","有"
"01518051","20000105","20230119","京威企業股份有限公司","KINGWAY EAST CORPORATION","臺北市松山區民生東路4段54號10樓之8","10 F.-8, No. 54, Sec. 4, Minsheng E. Rd., Songshan Dist., Taipei City 105017, Taiwan (R.O.C.)","馬O芬","02-27122250","02-27122232","有","有"
"01518117","19930626","20210812","晨茗企業有限公司","GARDENIA COSTUME CO., LTD.","臺北市中正區南陽街21-1號","No. 21-1, Nanyang St., Zhongzheng Dist., Taipei City 10047, Taiwan (R.O.C.)","張O基","02-23898299","02-23898819","有","有"
"01518572","19930421","20210812","雅克實業有限公司","GRACE ARK ENTERPRISES CO., LTD.","臺北市信義區基隆路1段398號7樓","7 F., No. 398, Sec. 1, Keelung Rd., Xinyi Dist., Taipei City 11051, Taiwan (R.O.C.)","翁O義","02-27299380","","有","有"
"01518685","20130417","20210815","松山體育文具用品有限公司","SONGSHAN SPORTS& STATIONERY CO LTD.","臺北市信義區松山路314號1樓","1 F., No. 314, Songshan Rd., Xinyi Dist., Taipei City 11061, Taiwan (R.O.C.)","王O煌","02-27626466","02-27637654","有","有"
"01518714","19870309","20210812","欣致企業有限公司","SHINJR CO., LTD.","臺北市松山區南京東路4段52巷2號3樓","3 F., No. 2, Ln. 52, Sec. 4, Nanjing E. Rd., Songshan Dist., Taipei City 10553, Taiwan (R.O.C.)","陳O堅","02-25780431","02-25775744","有","有"
"01518756","19860108","20210814","華迅股份有限公司","FASTECH CORPORATION","臺北市松山區敦化北路88號11樓","11 F., No. 88, Dunhua N. Rd., Songshan Dist., Taipei City 10551, Taiwan (R.O.C.)","王O如","02-27112112","02-27516485","有","有"
"01518812","19880806","20230721","振遠科技股份有限公司","FRONTEK TECHNOLOGY CORPORATION","臺北市南港區經貿二路189號10樓","10 F., No. 189, Jingmao 2nd Rd., Nangang Dist., Taipei City 115018, Taiwan (R.O.C.)","許O仁","02-21910098","02-26535189","有","有"
"01519050","19860111","20240223","楷成企業股份有限公司","KAITRUM INTERNATIONAL CORP.","臺北市內湖區瑞光路478巷20號4樓","4 F., No. 20, Ln. 478, Ruiguang Rd., Neihu Dist., Taipei City 11492, Taiwan (R.O.C.)","游O維","02-27999100","02-26579200","有","有"
"01519170","19860408","20210812","揚富實業有限公司","YANG FULL INDUSTRIAL CO., LTD.","臺北市內湖區成功路2段250巷22號1樓","1 F., No. 22, Ln. 250, Sec. 2, Chenggong Rd., Neihu Dist., Taipei City 11467, Taiwan (R.O.C.)","徐O華","02-27650277","","有","有"
"01519452","20010622","20210811","佳德服裝行","CHIA TE CLOTHES CO.","臺北市松山區永吉路459巷3弄5號","No. 5, Aly. 3, Ln. 459, Yongji Rd., Songshan Dist., Taipei City 105, Taiwan (R.O.C.)","劉O鈴","02-27657352","02-27685879","有","有"
"01519713","19860115","20210815","輪將有限公司","EKS SPECIALTIES CO., LTD.","臺北市大安區信義路4段296號8樓之2","8 F.-2, No. 296, Sec. 4, Xinyi Rd., Da’an Dist., Taipei City 10679, Taiwan (R.O.C.)","朱O華","02-27055045","","有","有"
"01520084","19860206","20220223","鎧文企業有限公司","KEVINKO ENTERPRISES CO., LTD.","臺北市中山區松江路206號6樓之４","6F.-4, No. 206, Songjiang Rd., Zhongshan Dist., Taipei City 10467, Taiwan (R.O.C.)","孟O","02-25171010","","有","有"
"01520248","19860123","20210812","宜紀行銷有限公司","SYNCOUSTIC TRADING & MARKETING CO., LTD.","臺北市松山區南京東路5段54號2樓之1","2 F.-1, No. 54, Sec. 5, Nanjing E. Rd., Songshan Dist., Taipei City 10597, Taiwan (R.O.C.)","王O玄","02-27690023","","有","有"
"01520330","19860407","20210815","利運有限公司","ALLIED GLOBAL LOGISTICS INC.","臺北市中山區松江路54號8樓之2","8 F.-2, No. 54, Songjiang Rd., Zhongshan Dist., Taipei City 10456, Taiwan (R.O.C.)","王O炘","02-25511719","02-25635809","有","有"
"01522914","20140305","20210811","舜盛企業社","SHUN XI ENTERPRISES CO.","桃園市平鎮區新富里新富三街49號7樓","7 F., No. 49, Xinfu 3rd St., Xinfu Vil., Pingzhen Dist., Taoyuan City 32474, Taiwan (R.O.C.)","陳O夫","03-4593389","","有","有"
"01525519","20240515","20240515","君將通訊行","Junjiang Communication Co.","桃園市龜山區文化里復興三路3號","No. 3, Fuxing 3rd Rd., Wenhua Vil., Guishan Dist., Taoyuan City 333001, Taiwan (R.O.C.)","謝O徉","03-3187947","","有","有"
"01526405","19910718","20210812","三明洋行","SHAN MING YANG HANG CO.","臺北市士林區天母東路49之1號","No. 49-1, Tianmu E. Rd., Shilin Dist., Taipei City 11153, Taiwan (R.O.C.)","蔡O","28765283","02-28742371","有","有"
"01530246","20160823","20210811","麻吉摩托企業社","MOTO MARKET CO.","桃園市龜山區楓福里長壽路35-1號","No. 35-1, Changshou Rd., Guishan Dist., Taoyuan City 33356, Taiwan (R.O.C.)","劉O輝","03-3392197","03-3392280","有","有"
"01532531","20170413","20241029","獨家報導周刊雜誌社","SCOOP WEEKLY SOLE PROPRIETORSHIP","臺北市中山區中山北路2段93巷8號6樓之5","6 F.-5, No. 8, Ln. 93, Sec. 2, Zhongshan N. Rd., Zhongshan Dist., Taipei City 104014, Taiwan (R.O.C.)","張O","02-25918008","02-27651799","有","有"
"01533341","20210527","20210811","恰好食美式餐館","CHOPHOUSE-IW   Co., Ltd.","桃園市桃園區明德里同德十一街144號","No. 144, Tongde 11th St., Mingde Vil., Taoyuan Dist., Taoyuan City 33045, Taiwan (R.O.C.)","曾O閔","03-3253550","","有","有"
"01537135","20080527","20210811","食品資訊雜誌社","TAIWAN FOOD NEWS MAGAZINE CO.","臺北市內湖區內湖路1段314號5樓之1","5 F.-1, No. 314, Sec. 1, Neihu Rd., Neihu Dist., Taipei City 11493, Taiwan (R.O.C.)","張O正","02-87976878","02-26271195","無","無"
"01537959","20021001","20210811","東正汽車電機行","TUNG CHENG CARS ELECTRIC MACHINE HANG","臺北市文山區木新路2段164號、166號1樓","1 F., No. 164, Sec. 2, Muxin Rd., Wenshan Dist., Taipei City 11664, Taiwan (R.O.C.)","陳O榮","02-87122011","","有","有"
"01538205","20010830","20210812","愛立行","ARIS STATIONERY COMPANY","高雄市三民區義永路２３巷４８弄１９號１樓","1 F., No. 19, Aly. 48, Ln. 23, Yiyong Rd., Sanmin Dist., Kaohsiung City 80782, Taiwan (R.O.C.)","王O貴","02-27634253","07-3809070","有","有"
"01539133","20140109","20210812","艾兒樂商行","SMALLLOFT INTERNATIONAL CO., LTD.","桃園市大溪區南興里13鄰永昌路52巷117號1樓","1 F., No. 117, Ln. 52, Yongchang Rd., 13th Neighborhood, Nanxing Vil., Daxi Dist., Taoyuan City 33547, Taiwan (R.O.C.)","賴O羽","03-3895839","03-3809607","有","有"
"01540504","20041118","20210812","祐揚企業社","YOU YANG ENTERPRISE CO.","臺北市信義區基隆路1段37巷22號5樓","5 F., No. 22, Ln. 37, Sec. 1, Keelung Rd., Xinyi Dist., Taipei City 11069, Taiwan (R.O.C.)","江O財","02-26516548","02-26518992","有","有"
"01543734","20170623","20210811","永新螺絲行","WING NEW-SCREW CO.","桃園市龜山區龜山里萬壽路二段668號","No. 668, Sec. 2, Wanshou Rd., Guishan Vil., Guishan Dist., Taoyuan City 33343, Taiwan (R.O.C.)","卓O德","03-3295581","","有","有"
"01548631","20190603","20210812","上展體育用品行","PROFESSIONAL SPORTS INT'L TRADING CO.","臺北市松山區民生東路5段248號1樓","1 F., No. 248, Sec. 5, Minsheng E. Rd., Songshan Dist., Taipei City 10589, Taiwan (R.O.C.)","盧O金葉","02-27460677","02-27609656","有","有"
"01548822","20051228","20210811","世峰企業社","SUMMIT PACK HARDWARE CORP.","臺北市松山區南京東路5段250巷36弄54號1樓","1 F., No. 54, Aly. 36, Ln. 250, Sec. 5, Nanjing E. Rd., Songshan Dist., Taipei City 10568, Taiwan (R.O.C.)","湯O富","2765-4390","2756-3449","有","有"
"01551473","20190709","20240621","合緣商行","Romance co.","臺北市中正區八德路1段43巷18號1樓","1 F., No. 18, Ln. 43, Sec. 1, Bade Rd., Zhongzheng Dist., Taipei City 10058, Taiwan (R.O.C.)","呂O儒","0928455552","","有","有"
"01563647","20020917","20210811","上品輪胎行","SHAANG PIN TIRES CO.","臺北市松山區三民路12號1樓","1 F., No. 12, Sanmin Rd., Songshan Dist., Taipei City 10582, Taiwan (R.O.C.)","黃O雄","02-2296-8456","02-2296-8465","有","有"
"01585852","20021001","20210811","佰宏眼鏡行","BAI HUNG GLASSES HANG","臺北市松山區南京東路5段66巷7號1樓","1 F., No. 7, Ln. 66, Sec. 5, Nanjing E. Rd., Songshan Dist., Taipei City 10564, Taiwan (R.O.C.)","曾O珠","02-87122011","","有","有"
"01587459","20130429","20210811","美華精品行","NELUMBOHUA CO.","臺北市信義區光復南路451號1樓","1 F., No. 451, Guangfu S. Rd., Xinyi Dist., Taipei City 11074, Taiwan (R.O.C.)","林O麗華","02-27296338","","有","有"
"01587465","20020910","20210811","寶景眼鏡行","BAO CHING OPTICAL CO.","臺北市松山區民生東路5段119之1號","No. 119-1, Sec. 5, Minsheng E. Rd., Songshan Dist., Taipei City 10573, Taiwan (R.O.C.)","陳O盛","04-761-2211","04-761-9641","有","有"
"01590172","19901012","20210811","大威商行","GRAND WEALTH CO.","臺北市松山區光復南路432號9樓","9 F., No. 432, Guangfu S. Rd., Songshan Dist., Taipei City 105, Taiwan (R.O.C.)","徐O宏","02-27042565","","有","有"
"01594368","20080310","20210811","中一翻譯社","CHUNG I CO.","臺北市中山區四平街48號3樓","3 F., No. 48, Siping St., Zhongshan Dist., Taipei City 10458, Taiwan (R.O.C.)","楊O","02-27637359","02-27632607","有","有"
"01605301","20161122","20241120","中華職業棒球大聯盟","CHINESE PROFESSIONAL BASEBALL LEAGUE","臺北市松山區八德路三段３２號２樓","2F., NO.32, SEC. 3, BADE RD., SONGSHAN DIST., TAIPEI CITY 10599, TAIWAN (R.O.C.)","蔡O昌","02-25776992","02-2577-2606","有","有"
"01605999","20160524","20210812","采軒美容院","CAI XUAN BEAUTY SHOP","臺北市松山區延壽街391號1樓","1 F., No. 391, Yanshou St., Songshan Dist., Taipei City 10577, Taiwan (R.O.C.)","蔡O祈","02-87876341","02-87876341","有","有"
"01610000","20210629","20240525","天綸輪業行","TIEN-LUN TYRE SERVICE SHOP","臺北市內湖區新湖二路166號","No. 166, Xinhu 2nd Rd., Neihu Dist., Taipei City 114065, Taiwan (R.O.C.)","林O彣","02-26513680","","有","有"
"01613864","20130531","20210811","名記琴行","MAINSTAR MUSIKINSTRUMENT TAIWAN CO.","臺北市松山區敦化北路153號6樓","6 F., No. 153, Dunhua N. Rd., Songshan Dist., Taipei City 10549, Taiwan (R.O.C.)","鍾O雄","02-27193211","02-27193233","有","有"
"01617242","20190527","20231114","詮華工程行","QUAN HUA COMPANY","宜蘭縣蘇澳鎮龍德里龍祥二路5巷3號一樓","1 F., No. 3, Ln. 5, Longxiang 2nd Rd., Longde Vil., Su’ao Township, Yilan County 27051, Taiwan (R.O.C.)","黃O勝","03-9870168","03-9870167","無","無"
"01617708","20250303","20250303","協合國際商行","Hsieh Ho International Hang","桃園市桃園區中信里中山路1000之5號14樓之1","14 F.-1, No. 1000-5, Zhongshan Rd., Zhongxin Vil., Taoyuan Dist., Taoyuan City 330708, Taiwan (R.O.C.)","陳O婷","","","有","有"
"01619229","20160414","20210811","大山口檳榔店","DA SHAN KOU CO.","桃園市中壢區五福里民族路58號(1樓)","1 F., No. 58, Minzu Rd., Wufu Vil., Zhongli Dist., Taoyuan City 32045, Taiwan (R.O.C.)","李O芸","03-4832290","","有","有"
"01620400","20140905","20210811","正揚商行","ZHENG YANG STORE","桃園市平鎮區廣達里廣西路８７號一樓","1 F., No. 87, Guangxi Rd., Guangda Vil., Pingzhen Dist., Taoyuan City 32447, Taiwan (R.O.C.)","劉O靈","0963321991","","有","有"
"01624898","20240401","20240401","綠色黃金工坊","Green gold workshop Co.","臺中市西屯區何厝里何厝東二街23號9樓之3","9 F.-3, No. 23, Hecuo E. 2nd St., Hecuo Vil., Xitun Dist., Taichung City 407481, Taiwan (R.O.C.)","洪O智","04-23160119","","無","無"
"01630456","20121205","20210812","大軸化工有限公司","AXIS CHEMICAL LABORATORIES. INC.","臺北市內湖區內湖路1段93之1號4、5樓","5 F., No. 93-1, Sec. 1, Neihu Rd., Neihu Dist., Taipei City 11446, Taiwan (R.O.C.)","周O美珠","02-26571265","02-26573366","有","有"
"01630738","19850829","20210815","加美光學股份有限公司","CAMAX OPTICAL CORP.","新北市新店區北新路3段225號6樓","6 F., No. 225, Sec. 3, Beixin Rd., Xindian Dist., New Taipei City 23143, Taiwan (R.O.C.)","楊O顯","02-29118929","","有","有"
"01630884","19950112","20210812","泉冠有限公司","CHAM GUAN ENTERPRISE CO., LTD.","臺北市內湖區東湖路106巷7弄6號1樓","1 F., No. 6, Aly. 7, Ln. 106, Donghu Rd., Neihu Dist., Taipei City 11487, Taiwan (R.O.C.)","陳O玉","02-26319659","","有","有"
"01630907","19851014","20221215","春屹國際有限公司","TREN-YE INTERNATIONAL CO., LTD.","臺北市內湖區成功路4段58號14樓","14 F., No. 58, Sec. 4, Chenggong Rd., Neihu Dist., Taipei City 114049, Taiwan (R.O.C.)","林O秀","02-27907998","","有","有"
"01631743","19911101","20210815","恆舜有限公司","HERN SUEN WOUNG CO., LTD.","臺北市信義區永吉路339號2樓","2 F., No. 339, Yongji Rd., Xinyi Dist., Taipei City 11068, Taiwan (R.O.C.)","連O桂","02-27460859","02-27629189","有","有"
"01632588","19921125","20210813","偉成工業有限公司","GREAT PERFORMANCE INDUSTRIES CO., LTD.","新北市汐止區大同路1段337巷16弄42號1.2樓","2 F., No. 42, Aly. 16, Ln. 337, Sec. 1, Datong Rd., Xizhi Dist., New Taipei City 22161, Taiwan (R.O.C.)","花O彬","02-26435028","02-26429495","有","有"
"01632644","19990125","20240709","慶瑋油漆工程有限公司","CHINK WELL CO.","新北市新莊區福德三街11號13樓","13 F., No. 11, Fude 3rd St., Xinzhuang Dist., New Taipei City 242045, Taiwan (R.O.C.)","潘O君","02-25556413","","有","有"
"01632763","19881020","20230518","景銅實業有限公司","KING'S TANK ENTERPRISE CO., LTD.","新北市蘆洲區長安街131巷27號1樓","1 F., No. 27, Ln. 131, Chang’an St., Luzhou Dist., New Taipei City 247022, Taiwan (R.O.C.)","韓O殿","02-22823219","","無","無"
"01632948","20210122","20220413","千利企業社","Chiri Enterprise Co.","桃園市桃園區信光里大連一街21號1樓","1 F., No. 21, Dalian 1st St., Xinguang Vil., Taoyuan Dist., Taoyuan City 33043, Taiwan (R.O.C.)","黃O文","03-3588868","","有","有"
"01633030","20220311","20221019","富竹工程行","Wealth Bamboo Construction Co.","桃園市大溪區仁和里仁和東街116號(1樓)","1 F., No. 116, Renhe E. St., Renhe Vil., Daxi Dist., Taoyuan City 335007, Taiwan (R.O.C.)","李O林","03-3079726","","有","有"
"01633051","19951209","20230320","有杰實業有限公司","YEOU JEI INDUSTRIAL CO., LTD.","臺北市內湖區內湖路1段91巷62號","No. 62, Ln. 91, Sec. 1, Neihu Rd., Neihu Dist., Taipei City 114061, Taiwan (R.O.C.)","翁O堯","039280023","","有","有"
"01633088","19851106","20230111","四宜企業有限公司","TOP CREDIT CORPORATION","臺北市信義區松智路31巷1號","No. 1, Ln. 31, Songzhi Rd., Xinyi Dist., Taipei City 110017, Taiwan (R.O.C.)","陳O賜","02-27232720","02-27251839","無","無"
"01633263","19980521","20230707","勤行興業有限公司","GEESING ENTERPRISE CO., LTD.","臺北市內湖區金龍路47巷30號1樓","1F., No. 30, Ln. 47, Jinlong Rd., Neihu Dist.,  Taipei City 114015, Taiwan (R.O.C.)","周O昌","02-27933013","02-27962378","有","有"
"01633405","20060721","20230527","隆嘉精密工業股份有限公司","LUNG CHIA PRECISION INDUSTRIAL CORP.","桃園市龜山區南上里民生北路一段54巷2弄11號","No. 11, Aly. 2, Ln. 54, Sec. 1, Minsheng N. Rd., Nanshang Vil., Guishan Dist., Taoyuan City 333016, Taiwan (R.O.C.)","許O寶","03-355-2102","03-355-4425","無","無"
"01634018","19960321","20210814","帝麟企業有限公司","HARVEST MACHINERY ENTERPRISE CO., LTD.","臺北市內湖區民權東路6段47巷10弄6號1樓","1 F., No. 6, Aly. 10, Ln. 47, Sec. 6, Minquan E. Rd., Neihu Dist., Taipei City 11466, Taiwan (R.O.C.)","孫O和","02-27914755","","有","有"
"01634087","19851128","20240424","襄頡實業股份有限公司","MKUBE INDUSTRIES LIMITED","臺北市內湖區康寧路3段189巷155弄11號","No. 11, Aly. 155, Ln. 189, Sec. 3, Kangning Rd., Neihu Dist., Taipei City 114042, Taiwan (R.O.C.)","王O芬","","","有","有"
"01634360","19861027","20210814","喬輝企業股份有限公司","AIR SYSTEM ENTERPRISE CO., LTD.","臺北市內湖區民權東路6段160號7樓之4","7 F.-4, No. 160, Sec. 6, Minquan E. Rd., Neihu Dist., Taipei City 11490, Taiwan (R.O.C.)","劉O陽","02-27946262","02-27914710","有","有"
"01634410","20170913","20210814","賀聖室內裝修有限公司","GA-SHOU ENTERPRISE CO., LTD.","臺北市內湖區麗山街328巷6號2樓","2 F., No. 6, Ln. 328, Lishan St., Neihu Dist., Taipei City 11450, Taiwan (R.O.C.)","許O鳳","02-27974516","02-27972845","有","有"
"01635071","20160222","20240919","名記紙業有限公司","NAMES ARE WRITTEN PAPER CO., LTD.","新北市汐止區福德一路381巷1號","No. 1, Ln. 381, Fude 1st Rd., Xizhi Dist., New Taipei City 22149, Taiwan (R.O.C.)","","02-26941607","","無","無"
"01635282","19871027","20210815","沛倫股份有限公司","COMPACT TECHNOLOGY CORP.","新北市汐止區新台五路1段79號12樓之7","12 F.-7, No. 79, Sec. 1, Xintai 5th Rd., Xizhi Dist., New Taipei City 22101, Taiwan (R.O.C.)","徐O瓏","02-26981899","02-26989119","有","有"
"01636655","20120224","20210811","新萬金汽車材料行","NEW WAN KING AUTO SPARE PARTS CO.","臺北市內湖區成功路2段8號地下1層","No. 8, Sec. 2, Chenggong Rd., Neihu Dist., Taipei City 11467, Taiwan (R.O.C.)","賴O軒","02-27917425","02-27927935","有","有"
"01645872","20180625","20210812","寶宜國際企業社","Bao Yi Paraminton International Business Co.","桃園市桃園區同安里19鄰同安街29之2號14樓","14 F., No. 29-2, Tong’an St., 19th Neighborhood, Tong’an Vil., Taoyuan Dist., Taoyuan City 33044, Taiwan (R.O.C.)","游O宜","03-3552193","","有","有"
"01646675","20140507","20210812","全信企業行","LOVELYHOUSE COMPANY","臺北市松山區八德路4段389巷5號5樓","5 F., No. 5, Ln. 389, Sec. 4, Bade Rd., Songshan Dist., Taipei City 10568, Taiwan (R.O.C.)","冷O美","02-27602786","02-27566149","有","有"
"01652129","20240426","20240426","血拼熊代購網舖","SYWEPANSYUNG Co.","高雄市美濃區自強街一段９６巷８號２樓","2 F., No. 8, Ln. 96, Sec. 1, Ziqiang St., Meinong Dist., Kaohsiung City 843002, Taiwan (R.O.C.)","黃O凡","","","有","有"
"01652845","20131204","20210811","名國化粧品廠","MICRO KERATIN COSMETICS FACTORY","臺北市內湖區新明路321巷10弄7號5樓","5 F., No. 7, Aly. 10, Ln. 321, Xinming Rd., Neihu Dist., Taipei City 11471, Taiwan (R.O.C.)","彭O財","02-27960070","02-27951280","有","有"
"01657124","20150122","20230125","三儀製品企業社","PHYTOCHMA COMPANY","臺北市南港區興華路114巷18號5樓","5 F., No. 18, Ln. 114, Xinghua Rd., Nangang Dist., Taipei City 115028, Taiwan (R.O.C.)","鄭O益","02-27831933","02-27884152","無","無"
"01657406","20151203","20210811","晟創自動化工業社","CHENG CHUANG AUTOMATION INDUSTRIAL CO.","桃園市觀音區廣興里中山路一段897巷13弄7號","No. 7, Aly. 13, Ln. 897, Sec. 1, Zhongshan Rd., Guangxing Vil., Guanyin Dist., Taoyuan City 32842, Taiwan (R.O.C.)","陳O驛","03-4735816","03-4730076","有","有"
"01658138","20130717","20240918","偉展計程器廠","3TM TAXIMETER FACTORY","臺北市南港區成功路1段92號︹之1︺2樓","2 F., No. 92, Sec. 1, Chenggong Rd., Nangang Dist., Taipei City 11570, Taiwan (R.O.C.)","陳O生","0918135693","02-27850505","有","有"
"01659333","20160120","20240606","垚榛工程企業社","WONDEFUL ENEGINEERING CO., LTD.","桃園市楊梅區永寧里永寧路18號","No. 18, Yongning Rd., Yongning Vil., Yangmei Dist., Taoyuan City 326027, Taiwan (R.O.C.)","劉O剛","03-3386098","03-3386038","有","有"
"01660893","20140901","20210812","双樺企業社","SHUANGHUA ENTERPRISE CO.","桃園市中壢區光明里民權路226之10號4樓","4 F., No. 226-10, Minquan Rd., Guangming Vil., Zhongli Dist., Taoyuan City 32055, Taiwan (R.O.C.)","章O玲","03-4949936","","有","有"
"01664407","20140407","20210812","易通企業社","EG.WOOD CO.","桃園市桃園區中興里永定二街87號1樓","1 F., No. 87, Yongding 2nd St., Zhongxing Vil., Taoyuan Dist., Taoyuan City 33055, Taiwan (R.O.C.)","彭O莉","03-3339473","03-2289569","有","有"
"01669873","19930522","20210811","龍華汽車商行","LONG HWA AUTOMOBILE SHOPS CO.","臺北市中山區民權東路2段135巷13號","No. 13, Ln. 135, Sec. 2, Minquan E. Rd., Zhongshan Dist., Taipei City 10482, Taiwan (R.O.C.)","吳O娥","02-25070575","02-25092994","有","有"
"01674691","19930608","20210812","裴希商行","PAI WISH CO.","臺北市南港區成福路74巷3號1樓","1 F., No. 3, Ln. 74, Chengfu Rd., Nangang Dist., Taipei City 11559, Taiwan (R.O.C.)","張O鈞","02-27852466","","無","無"
"01681882","20010606","20210813","佳芙蘭化學有限公司","CAFULAN CHEMICAL COMPANY LTD.","桃園市龍潭區高平里高楊南路一九巷七號","No. 7, Ln. 19, Gaoyang S. Rd., Gaoping Vil., Longtan Dist., Taoyuan City 32544, Taiwan (R.O.C.)","黃O青","03-4718977","03-4116878","無","無"
"01682290","19851118","20210812","揚格貿易有限公司","JARNGER TRADING CO., LTD.","新北市三重區光復路１段４７號４樓之１","4 F.-1, No. 47, Sec. 1, Guangfu Rd., Sanchong Dist., New Taipei City 24158, Taiwan (R.O.C.)","陳O成","02-29958953","","有","有"
"01682616","19930308","20250312","大台北噪音防治股份有限公司","THE GREAT TAIPEI NOISE CONTROL CO., LTD.","臺北市大安區信義路3段106號9樓之4","7 F.-7, No. 106, Sec. 3, Xinyi Rd., Da’an Dist., Taipei City 106615, Taiwan (R.O.C.)","張O宗","02-27022737","","有","有"
"01682968","20000621","20221214","恂帝實業有限公司","SHIN DIT ENTERPRISES CO., LTD.","新北市三重區文化南路65巷29號1樓","1 F., No. 29, Ln. 65, Wenhua S. Rd., Sanchong Dist., New Taipei City 241002, Taiwan (R.O.C.)","陳O義","02-22813910","02-22812954","有","有"
"01683093","20241009","20241009","金倫精品百貨","JIN LUN Co.","桃園市桃園區中寧里大興西路2段112巷4號(1樓)","1 F., No. 4, Ln. 112, Sec. 2, Daxing W. Rd., Zhongning Vil., Taoyuan Dist., Taoyuan City 330012, Taiwan (R.O.C.)","李O儒","03-3333410","","有","有"
"01683283","19930222","20210812","華欣企業股份有限公司","HUA SIMI ENTERPRISE CO., LTD.","臺北市萬華區德昌街218號1樓","1 F., No. 218, Dechang St., Wanhua Dist., Taipei City 10867, Taiwan (R.O.C.)","黃O成","02-23070809","02-22390919","有","有"
"01683333","19860906","20210813","緯固工業有限公司","PARALLEL INDUSTRIAL CO., LTD.","臺北市大安區安和路2段78號3樓之1","3 F.-1, No. 78, Sec. 2, Anhe Rd., Da’an Dist., Taipei City 10680, Taiwan (R.O.C.)","戴O棽","02-2702-2847","02-2703-5692","有","有"
"01684380","20210217","20230530","圖圖咖啡館","tuktuk cafe","桃園市中壢區金華里8鄰九和五街32號1樓","1 F., No. 32, Jiuhe 5th St., 8th Neighborhood, Jinhua Vil., Zhongli Dist., Taoyuan City 320685, Taiwan (R.O.C.)","許O誠","03-4266995","","有","有"
"01689287","20200721","20210811","宏昌中藥房","Hongtschang company","臺北市內湖區康樂街101號1樓","1 F., No. 101, Kangle St., Neihu Dist., Taipei City 11478, Taiwan (R.O.C.)","陳O忠","02-26345023","","有","有"
"01695767","20020917","20210811","全欣電器行","ALL NEW APPLIANCE CO.","臺北市文山區羅斯福路5段188號1樓","1 F., No. 188, Sec. 5, Roosevelt Rd., Wenshan Dist., Taipei City 11676, Taiwan (R.O.C.)","黃O安","02-2296-8456","02-2296-8465","有","有"
"01700425","20020418","20230318","資優出版社","ZI-YO PUBLISHING COMPANY","新北市三峽區麻園13-2號","No. 13-2, Mayuan, Sanxia Dist., New Taipei City 237002, Taiwan (R.O.C.)","林O威","02-86712588","02-86719907","有","有"
"01703078","20111014","20210811","小豆芽商行","SPROUT TOYS FIRM","臺北市文山區保儀路26巷1號7樓之3","7 F.-3, No. 1, Ln. 26, Baoyi Rd., Wenshan Dist., Taipei City 11650, Taiwan (R.O.C.)","魏O華","02-29381140","02-29381140","有","有"
"01705907","20140421","20210811","立陽亨國際企業","ELOMINAS ENTERPRISE CO.","桃園市蘆竹區南興里南昌路25號10樓","10 F., No. 25, Nanchang Rd., Nanxing Vil., Luzhu Dist., Taoyuan City 33845, Taiwan (R.O.C.)","田O瀛","03-3583383","03-3119736","有","有"
"01709018","20020917","20210811","良勇汽車商行","LIANG YUNG AUTO CO.","臺北市文山區興隆路1段204號1樓","1 F., No. 204, Sec. 1, Xinglong Rd., Wenshan Dist., Taipei City 11680, Taiwan (R.O.C.)","林O文","02-2296-8456","02-2296-8465","有","有"
"01711350","20020923","20210812","富華肉號","FU HUA MEAT STORE","臺北市文山區保儀路13巷3號","No. 3, Ln. 13, Baoyi Rd., Wenshan Dist., Taipei City 11650, Taiwan (R.O.C.)","王O華","02-25213771","","有","有"
"01713836","20020910","20210812","寶祥眼鏡行","BAO HSIANG OPTICAL CO.","臺北市文山區木新路2段223號1樓","1 F., No. 223, Sec. 2, Muxin Rd., Wenshan Dist., Taipei City 11657, Taiwan (R.O.C.)","謝O益","04-761-2211","04-761-9641","無","無"
"01735091","20180820","20230116","禾創企業社","HECHUANG COMPANY","桃園市楊梅區裕成里裕成路223巷14號","No. 14, Ln. 223, Yucheng Rd., Yucheng Vil., Yangmei Dist., Taoyuan City 326022, Taiwan (R.O.C.)","邱O玉","03-4317883","03-4317883","無","無"
"01737582","20020322","20221116","朝琴養蜂場","CHAO CHIN BEE FARM","臺北市大安區仁愛路4段4號1樓","1 F., No. 4, Sec. 4, Ren’ai Rd., Da’an Dist., Taipei City 106091, Taiwan (R.O.C.)","張O展","2709-4104","27094559","有","有"
"01739879","20220623","20220623","偉宏企業社","weihung Technology. co","桃園市平鎮區金星里興安路39巷13號(1樓)","1 F., NO. 13, LN. 39, XING-AN RD., JINXING VIL., PINGZHEN DIST., TAOYUAN CITY 324016, TAIWAN (R.O.C.)","翁O宏","03-4390555","","有","有"
"01742804","19850411","19990826","財團法人光啟文教視聽節目服務社","KUANGCHI PROGRAM SERVICE","台北巿敦化南路１段２３３巷２０號","20, LANE 233, SEC.1, TUN HUA S. RD., TAIPEI TAIWAN R.O.C.","劉O正","02-27712136","02-27712246","有","有"
"01743450","20140606","20220429","采亮實業社","LIANG-TSAI ELECTRICITY CO.","桃園市龍潭區富林里中正路三林段216巷12弄8號(1樓)","1 F., No. 8, Aly. 12, Ln. 216, Sec. Sanlin, Zhongzheng Rd., Fulin Vil., Longtan Dist., Taoyuan City 32558, Taiwan (R.O.C.)","陳O蓁","03-4580802","03-4580962","有","有"
"01744824","20150804","20150804","財團法人靈糧書房","TAIPEI LING LEUNG CHURCH BOOKSTORE","臺北市大安區和平東路２段２４號","NO.24, SEC. 2, HEPING E. RD., DA-AN DIST., TAIPEI CITY 10662, TAIWAN (R.O.C.)","曾O生","02-2362-3022","02-2369-2614","有","有"
"01745128","20040420","20210811","佛光華藏文物社","BUDDIST CULTURAL-ASSET FO GUONG-FOUNDAYTION CO.","臺北市信義區基隆路2段91號10樓","10 F., No. 91, Sec. 2, Keelung Rd., Xinyi Dist., Taipei City 11052, Taiwan (R.O.C.)","宋O珠","02-27383318","02-23781999","有","有"
"01748048","19991206","20210812","越點企業社","AUDIO CLIMAX CO.","臺北市大安區和平東路2段345之1號","No. 345-1, Sec. 2, Heping E. Rd., Da’an Dist., Taipei City 10670, Taiwan (R.O.C.)","洪O臨","02-27019094","02-23253166","有","有"
"01749095","20160202","20210811","米庭商行","MI TING STORE","桃園市桃園區中原里宏昌六街181號7樓","7 F., No. 181, Hongchang 6th St., Zhongyuan Vil., Taoyuan Dist., Taoyuan City 33077, Taiwan (R.O.C.)","林O芬","03-2202922","","無","無"
"01752318","20150305","20230116","雅惠國際貿易商行","GIL INTERNATIONAL TRADING CO.","桃園市龍潭區佳安里民族路157巷8號1樓","1 F., No. 8, Ln. 157, Minzu Rd., Jia’an Vil., Longtan Dist., Taoyuan City 325005, Taiwan (R.O.C.)","簡O豪","03-4994808","","無","無"
"01758713","20230119","20240305","億隆車業商行","YILONG AUTOMOBILE FIRM","桃園市桃園區永安里永安路328號1樓","No. 328, YONG’AN ROAD., TAOYUAN DIST., TAOYUAN CITY 330, TAIWAN (R.O.C.)","陳O芮熙","03-3320321","","有","有"
"01766328","20030211","20210811","金永利銀樓","KIN YOUNG LI CO., LTD.","臺北市大安區通化街67號1樓","1 F., No. 67, Tonghua St., Da’an Dist., Taipei City 10678, Taiwan (R.O.C.)","林O珠","02-2702-7823","02-2706-7108","有","有"
"01770408","20020918","20210811","泰順水果行","TAISHUN FOODS CO.","臺北市大安區泰順街9號︹之1︺","No. 9, Taishun St., Da’an Dist., Taipei City 10648, Taiwan (R.O.C.)","黃O卿","02-23219222","02-23935090","有","有"
"01776347","20200513","20210811","川味老張牛肉麵店","Sichuan Lao Zhang Beef Noodle Shop","臺北市大安區愛國東路105號","No. 105, Aiguo E. Rd., Da’an Dist., Taipei City 10642, Taiwan (R.O.C.)","陳O仁","02-87726682","","有","有"
"01785417","20151105","20210811","上興工程行","ON HING ENGINEERING CO.","臺北市大安區樂業街146號1樓","1 F., No. 146, Leye St., Da’an Dist., Taipei City 10674, Taiwan (R.O.C.)","賴O圳","02-29340172","","有","有"
"01791966","20070430","20210811","全英汽機車商行","QUAN YING QI JI CHE CO.","臺北市中正區泉州街93號1樓","1 F., No. 93, Quanzhou St., Zhongzheng Dist., Taipei City 10079, Taiwan (R.O.C.)","李O民","02-23011025","02-23036940","有","有"
"01794210","20001226","20210811","五協塑膠鋼模企業社","WU HSIEH PLASTIC/MOULD CO.","彰化縣花壇鄉北口村彰花路351巷18號","No. 18, Ln. 351, Zhanghua Rd., Huatan Township, Changhua County 50353, Taiwan (R.O.C.)","謝O傳","04-7860608","04-7860505","有","有"
"01801752","19910715","20210812","盤隆洋行","ESSENCE PACIFIC CO.","臺北市大安區信義路4段256號8樓之2","8 F.-2, No. 256, Sec. 4, Xinyi Rd., Da’an Dist., Taipei City 10680, Taiwan (R.O.C.)","潘O鑫","07-2511590","","有","有"
"01802247","20090810","20090810","財團法人車輛研究測試中心","AUTOMOTIVE RESEARCH & TESTING CENTER","彰化縣鹿港鎮鹿工南七路六號","NO.6, LUGONG S. 7TH RD., LUGANG, CHANGHUA COUNTY 50544, TAIWAN (R.O.C.)","劉O臺","04-7811222#5216","04-7811333","有","有"
"01802892","19910809","20210812","志威國際貿易商行","EXPRESS WIN INTERNATIONAL TRADING COMPANY","臺北市信義區信義路5段150巷401弄2之1號1樓","1 F., No. 2-1, Aly. 401, Ln. 150, Sec. 5, Xinyi Rd., Xinyi Dist., Taipei City 11046, Taiwan (R.O.C.)","楊O堅","02-27034293","","無","無"
"01805011","19990727","20230111","迪迪百貨坊","DI DI FASHION DIDI CO.","臺北市中山區龍江路265號","No. 265, Longjiang Rd., Zhongshan Dist., Taipei City 104080, Taiwan (R.O.C.)","張O真","02-2325-9390","","無","無"
"01805976","19980107","20210813","春怡服飾有限公司","MEKI HOME INDUSTRIAL CO., LTD.","臺北市士林區克強路12號1樓","1 F., No. 12, Keqiang Rd., Shilin Dist., Taipei City 11157, Taiwan (R.O.C.)","李O貞","02-28321240","02-28310894","有","有"
"01805997","20110401","20230921","銘烽材料行","MING FONG ACCESSORIES CO.","新北市五股區成泰路3段221巷13弄13號(1樓)","1 F., No. 13, Aly. 13, Ln. 221, Sec. 3, Chengtai Rd., Wugu Dist., New Taipei City 248001, Taiwan (R.O.C.)","危O連","02-22910250","02-82952070","有","有"
"01806721","19961121","20250205","寸乙服裝企業有限公司","DJUN I ENTERPRISE CO., LTD.","臺北市北投區致遠一路1段125巷16號1樓","1 F., No. 16, Ln. 125, Sec. 1, Zhiyuan 1st Rd., Beitou Dist., Taipei City 112051, Taiwan (R.O.C.)","簡O杰","02-28237260","","有","有"
"01807593","19851011","20210812","東音有限公司","TOU ON CO., LTD.","臺北市士林區社中街346巷3弄9號1、2樓","2 F., No. 9, Aly. 3, Ln. 346, Shezhong St., Shilin Dist., Taipei City 11175, Taiwan (R.O.C.)","陳O","02-28118775","","有","有"
"01808256","19851009","20210812","禮顧國際企業有限公司","LEAD GOOD INTERNATIONAL CORP.","臺北市中山區農安街170號5樓","5 F., No. 170, Nong’an St., Zhongshan Dist., Taipei City 10482, Taiwan (R.O.C.)","周O宏","02-89645373","","有","有"
"01808360","20120116","20210814","欣儀科技股份有限公司","HIGH TECHNICS CORPORATION","臺北市北投區大同街188巷44號1樓","1 F., No. 44, Ln. 188, Datong St., Beitou Dist., Taipei City 11249, Taiwan (R.O.C.)","陳O仁","02-28928798","02-28928798","有","有"
"01808919","19880314","20210814","愛力皮包實業有限公司","AI LI LUGGAGE ENTERPRISE CO., LTD.","新北市八里區觀海大道170號4樓","4 F., No. 170, Guanhai Blvd., Bali Dist., New Taipei City 24944, Taiwan (R.O.C.)","盧O利","02-86302218","02-86302207","有","有"
"01809229","19851016","20210812","建麗實業股份有限公司","FORMATE INDUSTRIAL CO., LTD.","臺北市北投區承德路7段302號4樓","4 F., No. 302, Sec. 7, Chengde Rd., Beitou Dist., Taipei City 11262, Taiwan (R.O.C.)","蔡O芬","02-28217725","","有","有"
"01809918","19931224","20210814","証煇企業有限公司","JEN FEI ENTERPRISE CO., LTD.","臺北市士林區社中街156巷40弄1號1樓","1 F., No. 1, Aly. 40, Ln. 156, Shezhong St., Shilin Dist., Taipei City 11164, Taiwan (R.O.C.)","陳O來","02-28128613","","有","有"
"01810416","19930407","20241031","三玉眼鏡有限公司","SUN YUH OPTICAL CO., LTD.","臺北市士林區忠誠路2段28號3樓","3 F., No. 28, Sec. 2, Zhongcheng Rd., Shilin Dist., Taipei City 111018, Taiwan (R.O.C.)","","02-28362345","","無","無"
"01810491","19881122","20221117","郁瑋企業有限公司","KEE WOEI ENTERPRISE CO., LTD.","新北市蘆洲區三民路85巷45號8樓","8 F., No. 45, Ln. 85, Sanmin Rd., Luzhou Dist., New Taipei City 247010, Taiwan (R.O.C.)","陳O涓","02-29885358","035-300878","無","無"
"01811273","19951020","20210812","酈竣有限公司","LI GENE CO., LTD.","新北市八里區忠孝路426號1樓","1 F., No. 426, Zhongxiao Rd., Bali Dist., New Taipei City 24944, Taiwan (R.O.C.)","洪O福","02-8630-3159","02-8630-3153","有","有"
"01811463","19970603","20220211","夢之禮股份有限公司","DREAM GIFT CO., LTD.","臺北市南港區南港路3段149巷49弄1號1樓","1 F., No. 1, Aly. 49, Ln. 149, Sec. 3, Nangang Rd., Nangang Dist., Taipei City 11563, Taiwan (R.O.C.)","郭O宇","02-27889166","02-27887632","有","有"
"01811724","19851204","20230928","鎧力國際有限公司","EVERUNIQ INTERNATIONAL CORP.","臺北市大安區忠孝東路3段180號2樓","2 F., No. 180, Sec. 3, Zhongxiao E. Rd., Da'an Dist., Taipei City 106084, Taiwan (R.O.C.)","","02-27161198","","無","無"
"01812081","19851127","20210814","合匯企業有限公司","FLYWELL INTERNATIONAL CORP.","臺北市北投區北投路2段13號11樓之1","11 F.-1, No. 13, Sec. 2, Beitou Rd., Beitou Dist., Taipei City 11268, Taiwan (R.O.C.)","洪O珠","02-28969728","02-28969916","有","有"
"01812189","19970801","20210813","星河噪音防治有限公司","SHING HO ACOUSTIC TECHNICAL ENGINEERING CO., LTD.","新北市淡水區民權路185巷15號2樓","2 F., No. 15, Ln. 185, Minquan Rd., Tamsui Dist., New Taipei City 25159, Taiwan (R.O.C.)","柯O玲","02-28082287","02-28081217","有","有"
"01813027","19920831","20210814","北圜實業有限公司","LUCKY YU INDUSTRIAL CO., LTD.","臺北市士林區中山北路6段277巷10號1樓","1 F., No. 10, Ln. 277, Sec. 6, Zhongshan N. Rd., Shilin Dist., Taipei City 11155, Taiwan (R.O.C.)","余O鴻","02-28328066","","有","有"
"01813075","19981012","20210813","力大彈簧有限公司","LEE TA SPRING CO., LTD.","新北市三重區光華路25號","No. 25, Guanghua Rd., Sanchong Dist., New Taipei City 24158, Taiwan (R.O.C.)","李O女","02-29953350","02-27784328","有","有"
"01813384","19871105","20210815","祥良股份有限公司","SHYANG LIANG PAPER PRODUCTS CO., LTD.","新北市三重區重新路4段53號15樓之1","15 F.-1, No. 53, Sec. 4, Chongxin Rd., Sanchong Dist., New Taipei City 24161, Taiwan (R.O.C.)","盧O興","02-89819121","02-89819120","有","有"
"01813434","19921102","20210813","欣來興業有限公司","ANSERINE CO., LTD.","臺北市士林區華光街5號","No. 5, Huaguang St., Shilin Dist., Taipei City 11162, Taiwan (R.O.C.)","梁O益","02-28349588","","有","有"
"01813526","19851223","20210815","歐萌國際有限公司","NISUMA INTERNATIONAL LTD.","臺北市士林區中正路120之1號5樓","5 F., No. 120-1, Zhongzheng Rd., Shilin Dist., Taipei City 11145, Taiwan (R.O.C.)","黃O剛","02-28361916","02-28368000","有","有"
"01813737","19860827","20210813","盛鐿企業有限公司","YTTERBIUM ENTERPRISE CO., LTD.","新北市三重區仁義街220巷7號1樓","1 F., No. 7, Ln. 220, Renyi St., Sanchong Dist., New Taipei City 24151, Taiwan (R.O.C.)","龔O名","02-29818839","","有","有"
"01814497","19961203","20210813","平淼企業有限公司","PYNG MEAU CORP.","臺北市北投區知行路308號4樓","4 F., No. 308, Zhixing Rd., Beitou Dist., Taipei City 11260, Taiwan (R.O.C.)","吳O仙玉","02-28952360","02-28952361","有","有"
"01814784","19961223","20210814","士東企業有限公司","STONG POWER TOOLS CO., LTD.","臺北市士林區文昌路262號","No. 262, Wenchang Rd., Shilin Dist., Taipei City 11159, Taiwan (R.O.C.)","莊O城","02-28321177","02-28321176","有","有"
"01814927","19860219","20240620","香港商島精機股份有限公司台灣分公司","SHIMA SEIKI (HONG KONG) LIMITED TAIWAN BRANCH","臺北市中山區民權東路二段46號6樓","6 F., No. 46, Sec. 2, Minquan E. Rd., Zhongshan Dist., Taipei City 104425, Taiwan (R.O.C.)","北O篤士Kitamura,Atsushi","02-77299098","02-87975522","有","有"
"01816283","20141218","20210812","昇峰模具企業社","SHENG FONG MOLD ENTERPRISE CO.","臺北市士林區永平街71號1樓","1 F., No. 71, Yongping St., Shilin Dist., Taipei City 11172, Taiwan (R.O.C.)","李O庭","02-28163066","","有","有"
"01828231","20090702","20211028","佳盛企業社","JIAI SHENG ENTERPRISE CO.","臺北市大同區哈密街59巷53弄28號","No. 28, Aly. 53, Ln. 59, Hami St., Datong Dist., Taipei City 10371, Taiwan (R.O.C.)","李O義","02-28119355","","有","有"
"01828507","20020705","20220820","阿發糊盒行","AH FA CO.","新北市林口區民富街95號3樓之2","3 F.-2, No. 95, Minfu St., Linkou Dist., New Taipei City 244515, Taiwan (R.O.C.)","林O一","02-8990-4005","02-8990-4008","有","有"
"01829029","20061124","20210811","宗璟企業社","TSUNG CHING COMPANY","臺北市內湖區內湖路1段91巷38弄1號","No. 1, Aly. 38, Ln. 91, Sec. 1, Neihu Rd., Neihu Dist., Taipei City 11441, Taiwan (R.O.C.)","何O嬌","02-27985911","02-27998491","有","有"
"01837885","20061004","20230909","上楓家具行","SUNG FONG FURNITURE CO.","臺北市大安區仁愛路3段11號1樓","1 F., No. 11, Sec. 3, Ren’ai Rd., Da’an Dist., Taipei City 10651, Taiwan (R.O.C.)","陳O怡","02-87714568","","有","有"
"01845772","20181205","20210811","進益企業社","Jinyi ETRM CO.","臺北市士林區通河西街2段145號3樓","3 F., No. 145, Sec. 2, Tonghe W. St., Shilin Dist., Taipei City 11175, Taiwan (R.O.C.)","錢O松","02-28122636","02-28123062","有","有"
"01848222","20140225","20140225","財團法人卓越藝術傳播基金會附屬卓越出版社","ZOE ARTS PUBLISHING COMPANY","新北市淡水區學府路３６號４樓","4F., NO.36, XUEFU RD., TAMSUI DIST., NEW TAIPEI CITY 25142, TAIWAN (R.O.C.)","黃O倫","02-26261505","02-26210807","有","有"
"01849812","20181120","20210811","聯昌木模企業社","Lien Chang wooden mold company","臺北市士林區社子路22巷47弄19號1樓","1 F., No. 19, Aly. 47, Ln. 22, Shezi St., Shilin Dist., Taipei City 11173, Taiwan (R.O.C.)","劉O成","02-22709991","02-22608802","有","有"
"01852956","19970613","20210812","富斌企業行","FU BIN METAL CO.","臺北市士林區通河西街2段87之1號1樓","1 F., No. 87-1, Sec. 2, Tonghe W. St., Shilin Dist., Taipei City 11164, Taiwan (R.O.C.)","張OO","02-28121557","","無","無"
"01855074","20021004","20210812","勝芳理貨行","HSHENG GANG CO.","臺北市士林區延平北路5段307號5樓","5 F., No. 307, Sec. 5, Yanping N. Rd., Shilin Dist., Taipei City 11171, Taiwan (R.O.C.)","郭O得","04-23253645","04-23274077","有","有"
"01855861","19990415","20210813","賜昇有限公司","SZU SENG ENTERPRISE CO., LTD.","新北市板橋區大觀路2段127號5樓","5 F., No. 127, Sec. 2, Daguan Rd., Banqiao Dist., New Taipei City 22058, Taiwan (R.O.C.)","呂O樟","02-22752890","02-82751102","有","有"
"01856144","19900612","20210813","喬豊實業有限公司","JOIN FORM INDUSTRIAL LTD.","新北市三峽區二鬮路110巷26號","No. 26, Ln. 110, Erjiu Rd., Sanxia Dist., New Taipei City 23742, Taiwan (R.O.C.)","王O","02-2680-1155","02-2680-2255","有","有"
"01856799","19980311","20210815","連傑電雕事業有限公司","LIAN JIE GRAVURE CO., LTD.","新北市樹林區東豐街49巷56號","No. 56, Ln. 49, Dongfeng St., Shulin Dist., New Taipei City 23874, Taiwan (R.O.C.)","張O華","02-86843777","02-86845999","有","有"
"01857256","19990409","20210813","進舜企業股份有限公司","FOCUS PRECISION INDUSTRIAL CO., LTD.","新北市新莊區民安路420巷21號","No. 21, Ln. 420, Min’an Rd., Xinzhuang Dist., New Taipei City 24258, Taiwan (R.O.C.)","李O漢","02-22080607","02-22080618","有","有"
"01857426","19851109","20210815","五貿塑膠工業股份有限公司","MULTIFINE PLASTIC CO., LTD.","新北市板橋區廣權路10號5樓","5 F., No. 10, Guangquan Rd., Banqiao Dist., New Taipei City 22061, Taiwan (R.O.C.)","陳O茶","02-29540203","29540234","有","有"
"01857832","19990324","20210814","安潤有限公司","AN RUEN COMPANY LIMITED","新北市板橋區板城路303號之1","No. 303-1, Bancheng Rd., Banqiao Dist., New Taipei City 22058, Taiwan (R.O.C.)","沈O章","02-29681234","02-29602117","有","有"
"01858190","19980623","20210812","川興包裝材料有限公司","CHUAN HSING PACKING SUPPLIERS CO.","新北市板橋區介壽街１１４號","No. 114, Jieshou St., Banqiao Dist., New Taipei City 22041, Taiwan (R.O.C.)","陳O敏","02-22557000","02-22574181","有","有"
"01858229","19850910","20221006","羅普斯金股份有限公司","LOPSKING ALUMINUM INDUSTRIAL CO., LTD.","新北市板橋區雙十路2段149號4樓","4 F., No. 149, Sec. 2, Shuangshi Rd., Banqiao Dist., New Taipei City 220441, Taiwan (R.O.C.)","吳O福","02-22576408","02-22533410","有","有"
"01858234","20051019","20210812","星豪興業有限公司","SIN HAU ENTERPRISE CO., LTD.","新北市樹林區東山里四鄰東興街一六巷三一號","No. 31, Ln. 16, Dongxing St., 4th Neighborhood, Dongshan Vil., Shulin Dist., New Taipei City 23850, Taiwan (R.O.C.)","李O斌","02-86865730","02-86866951","無","無"
"01858451","19871105","20210813","松寶電機有限公司","SUNG-PAO ELECTRIC CO., LTD.","新北市板橋區雙十路3段70巷12弄14號","No. 14, Aly. 12, Ln. 70, Sec. 3, Shuangshi Rd., Banqiao Dist., New Taipei City 22046, Taiwan (R.O.C.)","陳O謙","02-2253-5311-2","02-22530563","有","有"
"01858585","20170725","20210813","富晟工業有限公司","FC MATERIAL CO., LTD.","新北市板橋區龍興街71巷35號(1樓)","1 F., No. 35, Ln. 71, Longxing St., Banqiao Dist., New Taipei City 22058, Taiwan (R.O.C.)","吳O蘭","0975-335-605","","有","有"
"01858728","19850916","20210815","天琦實業有限公司","TIEN CHYI INDUSTRIAL COMPANY LIMITED","新北市板橋區文化路1段52巷19號(1樓)","1 F., No. 19, Ln. 52, Sec. 1, Wenhua Rd., Banqiao Dist., New Taipei City 22055, Taiwan (R.O.C.)","許O昌","02-29662876","","有","有"
"01859796","20090625","20240207","合豐瀝青股份有限公司","HO FONG ASPHALT CO., LTD.","新北市鶯歌區中正一路阿四巷4之4號","No. 4-4, A 4th Ln., Zhongzheng 1st Rd., Yingge Dist., New Taipei City 239010, Taiwan (R.O.C.)","蔡O棋","02-86781169","02-86776439","有","有"
"01860098","19961118","20210812","美人谷化粧品有限公司","MEI JINKIU COSMETICS CO., LTD.","新北市樹林區鎮前街二六九巷四三號","No. 43, Ln. 269, Zhenqian St., Shulin Dist., New Taipei City 23845, Taiwan (R.O.C.)","黃O源","02-26834726","02-26869780","有","有"
"01860920","20150421","20210813","頌強塑膠有限公司","SONGCHANG POLYBAG LTD. CO.","新北市土城區中央路1段365巷5號","No. 5, Ln. 365, Sec. 1, Zhongyang Rd., Tucheng Dist., New Taipei City 23665, Taiwan (R.O.C.)","林O明","02-22632645","02-22632649","有","有"
"01861408","20160329","20210815","愛加食品有限公司","AIJIA FOODS COMPANY, LTD.","桃園市龍潭區烏林里中豐路533巷146弄67號1樓","1 F., No. 67, Aly. 146, Ln. 533, Zhongfeng Rd., Wulin Vil., Longtan Dist., Taoyuan City 32560, Taiwan (R.O.C.)","黃O源","03-4090595","03-4095995","有","有"
"01861863","20001024","20210813","天響電器有限公司","CHIA YUAN APPLIANCES, LTD.","新北市土城區學府路一段143巷25號1樓","1 F., No. 25, Ln. 143, Sec. 1, Xuefu Rd., Tucheng Dist., New Taipei City 23658, Taiwan (R.O.C.)","楊O璋","02-22623377","02-22665757","有","有"
"01862440","19980710","20210814","高葆企業有限公司","KAO BAO CO., LTD.","新北市樹林區西圳街1段156號","No. 156, Sec. 1, Xizun St., Shulin Dist., New Taipei City 23851, Taiwan (R.O.C.)","高O翔","02-26803686","02-26802644","有","有"
"01862716","19880729","20210814","健維實業股份有限公司","CHIEN WEI KNITTING ENTERPRISE CO., LTD.","新北市樹林區佳園路2段15巷8號","No. 8, Ln. 15, Sec. 2, Jiayuan Rd., Shulin Dist., New Taipei City 23880, Taiwan (R.O.C.)","龎O勳","02-2680-1355","02-2680-3567","有","有"
"01864046","20030211","20210813","貴州醬業有限公司","KWEI CHOW SAUCE INDUSTRY CO., LTD.","新北市三峽區橫溪路99巷26號","No. 26, Ln. 99, Hengxi Rd., Sanxia Dist., New Taipei City 23743, Taiwan (R.O.C.)","林O專","02-8676-7713","02-8676-7714","有","有"
"01864524","19910807","20210814","國揚鋁業股份有限公司","GOYANG ALUMINUM CO., LTD.","新北市三峽區成福路105巷23號1樓","1 F., No. 23, Ln. 105, Chengfu Rd., Sanxia Dist., New Taipei City 23743, Taiwan (R.O.C.)","劉O樂","02-26726233","02-26727355","有","有"
"01864587","19920521","20210814","銘生企業有限公司","MIA SHA ENTERPRISE CO., LTD.","新竹縣湖口鄉湖鏡村八德路2段78巷36弄8號","No. 8, Aly. 36, Ln. 78, Sec. 2, Bade Rd., Hukou Township, Hsinchu County 30372, Taiwan (R.O.C.)","許O助","03-5692970","03-5693492","有","有"
"01865072","20000811","20210813","樺勝工業有限公司","JACK-LIGHT INCORPORATION","新北市土城區永豐路一八九號","No. 189, Yongfeng Rd., Tucheng Dist., New Taipei City 23644, Taiwan (R.O.C.)","洪O樺","22622866","22650555","有","有"
"01865278","20010105","20240424","弘如五金企業有限公司","HUNG JU ENTERPRISE CO., LTD.","新北市板橋區三民路2段正泰4巷11號","No. 11, Zhengtai 4th Ln., Sec. 2, Sanmin Rd., Banqiao Dist., New Taipei City 22069, Taiwan (R.O.C.)","","02-29553349","02-89611258","無","無"
"01866305","20221129","20221129","明毅工業有限公司","MINGYEE INDUSTRY CO., LTD.","新北市土城區慶祥街35號","No. 35, Qingxiang St., Tucheng Dist., New Taipei City 236042, Taiwan (R.O.C.)","劉O駒","02-22691853","","有","有"
"01866353","20160930","20210813","新泰廠塑膠有限公司","INNOPLASTIC CO., LTD","新北市鶯歌區德昌街164號","No. 164, Dechang St., Yingge Dist., New Taipei City 23943, Taiwan (R.O.C.)","羅O華","02-26708009","02-26791650","有","有"
"01867769","19880903","20231228","致升企業有限公司","THUN SON ENTERPRISE CO., LTD.","新北市三峽區三樹路222巷215弄12號","No. 12, Aly. 215, Ln. 222, Sanshu Rd., Sanxia Dist., New Taipei City 237012, Taiwan (R.O.C.)","劉O誠","02-26724028","02-26724804","有","有"
"01867803","19930803","20210814","友信興業有限公司","YEU SING ENTERPRISE CO., LTD.","新北市板橋區新生街20巷7號","No. 7, Ln. 20, Xinsheng St., Banqiao Dist., New Taipei City 22052, Taiwan (R.O.C.)","陳O富","02-29683783","","有","有"
"01868535","19940702","20240206","宜佳興業有限公司","EUGLE ENTERPRISE CO., LTD.","新北市土城區中央路4段185巷32弄17號7樓","7 F., No. 17, Aly. 32, Ln. 185, Sec. 4, Zhongyang Rd., Tucheng Dist., New Taipei City 236040, Taiwan (R.O.C.)","廖O一","02-89672981","","有","有"
"01869529","19860118","20220708","彩欣企業有限公司","TSAAI SHIN ENTERPRISE CO., LTD.","新北市三峽區介壽路1段520號","No. 520, Sec. 1, Jieshou Rd., Sanxia Dist., New Taipei City 237017, Taiwan (R.O.C.)","邱O女","02-26710388","","有","有"
"01869627","19890502","20210814","富榮食品廠有限公司","FU LONG FOOD CO., LTD.","新北市中和區景平路792號","No. 792, Jingping Rd., Zhonghe Dist., New Taipei City 23556, Taiwan (R.O.C.)","余O漢","02-22457923","02-22457925","有","有"
"01869653","20021001","20210811","協良肉店","HSIEH LIANG SHOP","新北市三峽區民生街１８６號公有零售市場獸肉類第E４號攤位","No. 186, Minsheng St., Sanxia Dist., New Taipei City 23741, Taiwan (R.O.C.)","王O忠","25713210","24632669","有","有"
"01870223","20080114","20211118","本成五金有限公司","BEN CHEN HARDWARE CO.","新北市土城區中央路3段163號","No. 163, Sec. 3, Zhongyang Rd., Tucheng Dist., New Taipei City 23671, Taiwan (R.O.C.)","江O霖","02-22673838","02-22670288","有","有"
"01871118","20111130","20210812","神寶貿易股份有限公司","SIMPLE BIOTECH DEVELOPMENT CO., LTD.","新北市新莊區昌平街41巷5號","No. 5, Ln. 41, Changping St., Xinzhuang Dist., New Taipei City 24251, Taiwan (R.O.C.)","柯O惠","02-89921258","02-89921257","有","有"
"01871200","20040903","20210815","坤宏電子股份有限公司","KUN HONG ELECTRONICS CO., LTD.","新北市板橋區四川路2段16巷3號2樓","2 F., No. 3, Ln. 16, Sec. 2, Sichuan Rd., Banqiao Dist., New Taipei City 22061, Taiwan (R.O.C.)","詹O苓","02-29647062","02-29548272","有","有"
"01871546","19880426","20230921","楹峰實業股份有限公司","YING FENG PLASTIC INDUSTRIAL CO., LTD.","新竹市香山區延平路二段436號","No. 436, Sec. 2, Yanping Rd., Xiangshan Dist., Hsinchu City 30090, Taiwan (R.O.C.)","黃O耿","02-22678522","02-22671870","有","有"
"01872209","19860314","20210812","幸田股份有限公司","SHINE KOOL CO., LTD.","新北市板橋區重慶路八九巷三五號一樓","1 F., No. 35, Ln. 89, Chongqing Rd., Banqiao Dist., New Taipei City 22063, Taiwan (R.O.C.)","劉O梅","02-29511111","","有","有"
"01873158","20010522","20230107","成隆水電通信工程行","CHEN LUNG WATER ELECTRIC & COMM. ENGINEERING CO.","新北市板橋區重慶路２９０巷２２弄１９號（現場僅供辦公室使用）","No. 19, Aly. 22, Ln. 290, Chongqing Rd., Banqiao Dist., New Taipei City 220062, Taiwan (R.O.C.)","張O美","02-2958-9678","02-2958-9521","無","無"
"01873967","19870207","20221019","井得企業有限公司","KINGTEC LIGHTING CO., LTD.","新北市樹林區八德街492巷8號2樓","2 F., No. 8, Ln. 492, Bade St., Shulin Dist., New Taipei City 238017, Taiwan (R.O.C.)","黃O智","02-26805001","02-26805605","有","有"
"01874311","20130510","20210812","聖光企業社","SUNNIE BUSINESS CO.","新北市板橋區幸福路６０巷６７號","No. 67, Ln. 60, Xingfu Rd., Banqiao Dist., New Taipei City 22053, Taiwan (R.O.C.)","李O釘","02-22560089","","有","有"
"01875108","20220707","20230420","比比衣鋪","bibi shop","新竹縣竹東鎮興農街46號","No. 46, Xingnong St., Zhudong Township, Hsinchu County 310001, Taiwan (R.O.C.)","鍾O敏","03-5110050","","有","有"
"01875819","19881105","20210812","揚太企業有限公司","ROSSETTI ELECTRONICS CO., LTD.","新北市土城區亞洲路58巷1號","No. 1, Ln. 58, Yazhou Rd., Tucheng Dist., New Taipei City 23677, Taiwan (R.O.C.)","陳O賢","02-22695212","02-22692177","有","有"
"01876280","19980914","20210811","懷德企業社","WIDE ENTERPRISE CO.","新北市板橋區懷德街174巷18弄2號1樓","1 F., No. 2, Aly. 18, Ln. 174, Huaide St., Banqiao Dist., New Taipei City 22045, Taiwan (R.O.C.)","蔡O旭","02-22517929","02-22592434","有","有"
"01878034","19930630","20210814","加聖工業有限公司","CHA SHORNG INDUSTRIAL CO., LTD.","新北市三峽區大埔路33巷8號","No. 8, Ln. 33, Dapu Rd., Sanxia Dist., New Taipei City 23742, Taiwan (R.O.C.)","黃O連","02-26711843","","有","有"
"01879651","19960606","20210815","亞琦化粧品股份有限公司","ENJOYMENT COSMETIC CORP.","新北市鶯歌區大湖路185巷9弄25號","No. 25, Aly. 9, Ln. 185, Dahu Rd., Yingge Dist., New Taipei City 23941, Taiwan (R.O.C.)","王O琳","02-26776858","02-26786060","有","有"
"01883780","19880701","20220923","唯傑有限公司","TOP OUTSTANDING CO., LTD.","新北市板橋區中山路2段416巷57弄2號3樓","3 F., No. 2, Aly. 57, Ln. 416, Sec. 2, Zhongshan Rd., Banqiao Dist., New Taipei City 220080, Taiwan (R.O.C.)","王O傑","02-29512281","","有","有"
"01883830","19890921","20210812","銀隆化工股份有限公司","RAINBOW CHEMICAL CO., LTD.","新北市三峽區成福路105巷9號","No. 9, Ln. 105, Chengfu Rd., Sanxia Dist., New Taipei City 23743, Taiwan (R.O.C.)","蔡O鈴","02-2672-6800","","有","有"
"01883971","20010615","20210812","祿元企業有限公司","LIN LUYUAN CO., LTD.","新北市新店區安豐路五四之一號五樓","5 F., No. 54-1, Anfeng Rd., Xindian Dist., New Taipei City 23156, Taiwan (R.O.C.)","林O湖","02-22156220","02-22156357","有","有"
"01884009","20021213","20210813","金益化學工廠有限公司","JIN YIH CHEMICAL WORKS CO.,LTD.","新北市土城區中央路1段365巷16號","No. 16, Ln. 365, Sec. 1, Zhongyang Rd., Tucheng Dist., New Taipei City 23665, Taiwan (R.O.C.)","許O湖","02-22602449","02-22652301","有","有"
"01884280","20190115","20220129","慶豐塑膠工廠","Qingfeng Plastic Factory","新北市樹林區博愛街229號","No. 229, Bo’ai St., Shulin Dist., New Taipei City 23859, Taiwan (R.O.C.)","蔡O霖","02-86867197","02-86863667","有","有"
"01884319","20000501","20210813","杰星企業有限公司","JA SUN CO., LTD.","新北市土城區中央路1段365巷27弄9號","No. 9, Aly. 27, Ln. 365, Sec. 1, Zhongyang Rd., Tucheng Dist., New Taipei City 23665, Taiwan (R.O.C.)","陳O華","02-22661795","02-22610298","有","有"
"01884373","20081201","20240926","臺灣熱泵能源科技有限公司","TAIWAN HEATPUMP ENGINEERING CO., LTD.","新北市汐止區明峰街297巷8號5樓","5 F., No. 8, Ln. 297, Mingfeng St., Xizhi Dist., New Taipei City 221015, Taiwan (R.O.C.)","王O彬","02-26921821","02-26922069","無","無"
"01884606","20210707","20210815","祐鋒實業股份有限公司","YO FONG ENT CO., LTD.","彰化縣芳苑鄉後寮村工區四路9號","No. 9, Gongqu 4th Rd., Fangyuan Township, Changhua County 52861, Taiwan (R.O.C.)","謝O文琴","04-8968111","04-8968231","有","有"
"01884660","19961231","20210812","鎖寶有限公司","SOBO LOCK & AUTO ACCESSORIES INC.","新北市樹林區中正路248巷28弄14號","No. 14, Aly. 28, Ln. 248, Zhongzheng Rd., Shulin Dist., New Taipei City 23867, Taiwan (R.O.C.)","范O鳳","02-26832794","","有","有"
"01884964","20090519","20210813","舒惠實業有限公司","SHU HUEI INDUSTRIAL CO. , LTD.","新北市板橋區中山路二段五三一巷二六號","No. 26, Ln. 531, Sec. 2, Zhongshan Rd., Banqiao Dist., New Taipei City 22068, Taiwan (R.O.C.)","陳O英","02-29525023","","有","有"
"01885555","19971122","20210812","多角陶瓷股份有限公司","TOP-GEO CERAMIC CO., LTD.","新北市三峽區添福14之20號","No. 14-20, Tianfu, Sanxia Dist., New Taipei City 23742, Taiwan (R.O.C.)","李O宇","02-26721010","02-26715077","有","有"
"01885746","19880226","20210814","沐宇機械股份有限公司","MORE EASILY MACHINE CO., LTD.","新北市中和區景平路524號8樓","8 F., No. 524, Jingping Rd., Zhonghe Dist., New Taipei City 23582, Taiwan (R.O.C.)","佘O家","02-22225552","02-22227703","有","有"
"01886288","20140915","20210813","永揚氣體有限公司","YONG YANG AIR PRODUCTS COMPANY","新北市三峽區大埔路72巷8號(1樓)","1 F., No. 8, Ln. 72, Dapu Rd., Sanxia Dist., New Taipei City 23742, Taiwan (R.O.C.)","呂O章","02-29693000","02-29653233","有","有"
"01886576","19991118","20210815","賀盛塑鋼股份有限公司","HERSUN PLASTIC  CO., LTD.","新北市新莊區五權一路9號之3","No. 9-3, Wuquan 1st Rd., Xinzhuang Dist., New Taipei City 24892, Taiwan (R.O.C.)","吳O權","02-22995155","02-22995488","有","有"
"01887097","19910926","20210814","吉美紡織股份有限公司","FORMOSA JIMY KNITTING MFG. CO., LTD.","新北市樹林區海明街7號","No. 7, Haiming St., Shulin Dist., New Taipei City 23849, Taiwan (R.O.C.)","張O勝","02-26824170","02-26852051","有","有"
"01887131","19950901","20221025","鋐達企業股份有限公司","HUNG TA H. T. ENTERPRISE CO., LTD.","新北市鶯歌區鶯桃路53號","No. 53, Yingtao Rd., Yingge Dist., New Taipei City 239011, Taiwan (R.O.C.)","邱O達","02-26782861","02-26782865","有","有"
"01887245","19960305","20230111","亞清工業股份有限公司","NEW TYLER INDUSTRY CO., LTD.","新北市樹林區備內街1巷35弄5號","No. 5, Aly. 35, Ln. 1, Beinei St., Shulin Dist., New Taipei City 238009, Taiwan (R.O.C.)","陳O寶","02-26830029","","有","有"
"01887250","19940924","20210813","福鎂工業股份有限公司","KING LUNG INDUSTRIAL CO.","新北市土城區亞洲路11巷3弄26號","No. 26, Aly. 3, Ln. 11, Yazhou Rd., Tucheng Dist., New Taipei City 23677, Taiwan (R.O.C.)","劉O遠","02-22690738","02-22691714","有","有"
"01887266","20200205","20210813","焮茂企業有限公司","SHIN MAU Enterprises Ltd","新北市樹林區東順街18巷4號（1樓）","1 F., No. 4, Ln. 18, Dongshun St., Shulin Dist., New Taipei City 23850, Taiwan (R.O.C.)","黃O川","02-86848186","02-86848089","有","有"
"01887370","19870411","20221122","太空梭高傳真資訊科技股份有限公司","SPACE SHUTTLE HI-TECH CO., LTD.","新竹縣竹北市環科一路23號9樓之2","9 F.-2, No. 23, Huanke 1st Rd., Zhubei City, Hsinchu County 302047, Taiwan (R.O.C.)","王O輝","03-5935588","03-5935566","有","有"
"01887792","20110309","20210814","新榮緯股份有限公司","SHIN LONG WAIN CORPORATION","新北市鶯歌區中正三路335巷38號","No. 38, Ln. 335, Zhongzheng 3rd Rd., Yingge Dist., New Taipei City 23942, Taiwan (R.O.C.)","陳O瑞","02-86776601~05","02-86777033","有","有"
"01887863","20181211","20221124","奕昌塑膠鋼模工業有限公司","YENCHENG INDUSTRY CO., LTD.","新北市土城區亞洲路108巷10號","No. 10, Ln. 108, Yazhou Rd., Tucheng Dist., New Taipei City 236042, Taiwan (R.O.C.)","陳O廷","02-22695597","","有","有"
"01887982","20000306","20210812","昌尚企業有限公司","TZANG SUN ENTERPRISE CO., LTD.","新北市新莊區瓊林南路42巷8號","No. 8, Ln. 42, Qionglin S. Rd., Xinzhuang Dist., New Taipei City 24263, Taiwan (R.O.C.)","李O定","02-22020885","","有","有"
"01888075","19860729","20210813","齊特企業有限公司","BIG BAZAR CORPORATION","新北市土城區永豐路195巷7弄18號","No. 18, Aly. 7, Ln. 195, Yongfeng Rd., Tucheng Dist., New Taipei City 23644, Taiwan (R.O.C.)","李O營","02-22624342","02-22659539","有","有"
"01888342","19920805","20210812","金金陶藝廠有限公司","KING KING POTTERY & PORCELAIN CO., LTD.","新北市鶯歌區文化路五二一號","No. 521, Wenhua Rd., Yingge Dist., New Taipei City 23942, Taiwan (R.O.C.)","金O興","02-2679-3095","02-2678-0557","有","有"
"01888510","19861107","20210813","李大仟紙業有限公司","LEE DAH CHIAN PAPER PRODUCTS CO., LTD.","新北市中和區嘉慶里連城路532巷20號","No. 20, Ln. 532, Liancheng Rd., Jiaqing Vil., Zhonghe Dist., New Taipei City 23549, Taiwan (R.O.C.)","李O昇","02-22225889","02-22226129","有","有"
"01889258","19940719","20210815","萬盛印鐵工業製品有限公司","TAIWAN WAN-SHENG COOKWARE INC.","新北市樹林區東順街57巷29號1樓","1 F., No. 29, Ln. 57, Dongshun St., Shulin Dist., New Taipei City 23850, Taiwan (R.O.C.)","黃O榮","02-26832328","02-26869344","有","有"
"01889927","20100630","20210811","鈿豐企業社","DIAN FENG BUSINESS CO.","新北市板橋區金華街117號","No. 117, Jinhua St., Banqiao Dist., New Taipei City 22052, Taiwan (R.O.C.)","黃O雄","02-29674889","02-29677077","有","有"
"01891206","19901130","20250425","財團法人紡織產業綜合研究所","TAIWAN TEXTILE RESEARCH INSTITUTE","新北市土城區承天路６號","NO.6, CHENGTIAN RD., TUCHENG DIST., NEW TAIPEI CITY  236, TAIWAN (R.O.C.)","王O花","02-22670321","02-22675110","有","有"
"01892991","19980327","20230408","華盛螺絲股份有限公司","WATTSON FASTENER GROUP INC.","高雄市岡山區成功路460巷37號","No. 37, Ln. 460, Chenggong Rd., Gangshan Dist., Kaohsiung City 820118, Taiwan (R.O.C.)","李O琴","07-6213388","","有","有"
"01897139","20141111","20210811","九洲砂輪企業社","JIUZHOU WHEEL CO.","新北市鶯歌區中山路98巷28號","No. 28, Ln. 98, Zhongshan Rd., Yingge Dist., New Taipei City 23942, Taiwan (R.O.C.)","陳O育綢","02-26702313","02-26708376","有","有"
"01900401","20020704","20210811","萬成企業社","JING DE TRADE COMPANY","新北市鶯歌區南雅路４１５號１樓","1 F., No. 415, Nanya Rd., Yingge Dist., New Taipei City 23942, Taiwan (R.O.C.)","王O哲","02-26795083","02-26780688","有","有"
"01904504","19971205","20210811","長隆針織廠","CHANG LUNG TEXTILE CO.","桃園市八德區大竹里榮興路73巷37號","No. 37, Ln. 73, Rongxing Rd., Dazhu Vil., Bade Dist., Taoyuan City 33463, Taiwan (R.O.C.)","林O河","02-26881554","","有","有"
"01918079","20031001","20210811","國安西藥房","GUO AN CO.","新北市板橋區漢生東路113巷24號1樓","1 F., No. 24, Ln. 113, Hansheng E. Rd., Banqiao Dist., New Taipei City 22066, Taiwan (R.O.C.)","林O美","02-2955-3661","","有","有"
"01919788","19920319","20210811","高磊化工廠","HUANG CHANG-TIAO FACTORY","新北市土城區永豐路195巷37號","No. 37, Ln. 195, Yongfeng Rd., Tucheng Dist., New Taipei City 23644, Taiwan (R.O.C.)","黃O素鑾","02-29254924","","有","有"
"01919838","20030819","20210812","遠華企業社","DRAGON PIN INDUSTRIAL COMPANY","新北市樹林區光武街１１號（１樓）（僅得使用一樓）","1 F., No. 11, Guangwu St., Shulin Dist., New Taipei City 23868, Taiwan (R.O.C.)","陳O彬","03-4793113","03-4793119","有","有"
"01922236","20200312","20210812","承揚企業社","Chengyang Module Co.","新北市板橋區中山路２段２５５巷９號1樓","1 F., No. 9, Ln. 255, Sec. 2, Zhongshan Rd., Banqiao Dist., New Taipei City 22067, Taiwan (R.O.C.)","林O賢","02-29518338","","有","有"
"01924348","19910529","20210811","富山共同製茶廠","FU SHAN KONG TONG TEA MANUFACTORY","新北市三峽區成褔路２４７、２４９號１樓","1 F., No. 249, Chengfu Rd., Sanxia Dist., New Taipei City 23743, Taiwan (R.O.C.)","曾O東","02-26727075","","有","有"
"01929224","20191120","20210811","烏龍伯古味店","Wulongbo Ancient Restaurant","新北市板橋區３民路２段１５９號１樓","1 F., No. 159, Banqiao Dist., New Taipei City 220, Taiwan (R.O.C.)","潘O瑞","02-29533333","","有","有"
"01931517","20011107","20210812","勝豐工具行","SHENG FENG TOOL CO.","新北市板橋區光武街４８巷３９號１樓","1 F., No. 39, Ln. 48, Guangwu St., Banqiao Dist., New Taipei City 22047, Taiwan (R.O.C.)","趙O蘭","02-22574871","02-22557432","有","有"
"01937250","20120320","20221022","慶寶針織實業社","QING BAO INDUSTRY CO.","新北市板橋區四川路1段283巷18號1樓","1 F., No. 18, Ln. 283, Sec. 1, Sichuan Rd., Banqiao Dist., New Taipei City 220063, Taiwan (R.O.C.)","朱O君","02-29513172","02-29567982","有","有"
"01939166","20090123","20210812","東昇金銀珠寶店","DONG SHENG JEWELRY STORE","新北市土城區中央路１段２２５之１號","No. 225-1, Sec. 1, Zhongyang Rd., Tucheng Dist., New Taipei City 23664, Taiwan (R.O.C.)","孫O椿","02-22637736","02-82622973","有","有"
"01941901","20011112","20221103","建伸金屬線業商號","CHIEN SHEN METAL WIRES FIRM","新北市土城區中正路６７巷３７號","No. 37, Ln. 67, Zhongzheng Rd., Tucheng Dist., New Taipei City 236035, Taiwan (R.O.C.)","黃O豪","02-2261-3313","02-8261-6823","有","有"
"01948329","20220929","20220929","杰和行","JIEHEHON HANG","桃園市大溪區美華里美山路一段230巷238號","No. 238, Ln. 230, Sec. 1, Meishan Rd., Meihua Vil., Daxi Dist., Taoyuan City 335018, Taiwan (R.O.C.)","童O坤","03-3873783","03-3879557","有","有"
"01948854","20090601","20210811","三乙實業社","SANYI.AVAO ENTERPRISE CO.","新北市樹林區俊英街１１６巷４１弄１６號","No. 16, Aly. 41, Ln. 116, Junying St., Shulin Dist., New Taipei City 23863, Taiwan (R.O.C.)","許O寶","0226860927","0226860928","有","有"
"01950149","20130315","20210811","貫崙企業社","GUAN LUN ENTERPRISE CO.","新北市板橋區中山路２段４９１巷１１號１樓","1 F., No. 11, Ln. 491, Sec. 2, Zhongshan Rd., Banqiao Dist., New Taipei City 22068, Taiwan (R.O.C.)","方O琳","","","有","有"
"01952147","20010925","20210811","益進企業社","I JIN ENTERPRISE CO.","新北市板橋區龍興街７３巷５２號１樓","1 F., No. 52, Ln. 73, Longxing St., Banqiao Dist., New Taipei City 22058, Taiwan (R.O.C.)","吳O慧","02-29606311","02-29606212","有","有"
"01953342","20031007","20230111","易垣坊陶藝社","SPOTTERY INTERNATIONAL CO.","新北市鶯歌區鶯桃路９８號１樓","1 F., No. 98, Yingtao Rd., Yingge Dist., New Taipei City 239011, Taiwan (R.O.C.)","江O政","02-2679-3110","02-2678-1007","無","無"
"01955186","20001005","20210812","宏奇工業社","HUNG CHI INDUSTRY CO.","新北市板橋區干城路20巷9號1樓","1 F., No. 9, Ln. 20, Gancheng Rd., Banqiao Dist., New Taipei City 22061, Taiwan (R.O.C.)","許O敏","02-29562171","02-29562170","有","有"
"01955616","20021018","20220408","森邦建材行","SEN PANG SHOP","新北市鶯歌區大湖路326巷2弄16號1樓","1 F., No. 16, Aly. 2, Ln. 326, Dahu Rd., Yingge Dist., New Taipei City 23941, Taiwan (R.O.C.)","王O玉桂","25713210","24632669","有","有"
"01957987","19991221","20210812","宗泓企業行","CHONG HORNG ENTERPRISE CO.","新北市新店區裕合街２６７號（１樓）（現場僅供辦公室使用）","1 F., No. 267, Yuhe St., Xindian Dist., New Taipei City 23156, Taiwan (R.O.C.)","劉O岑","02-86710802","02-26723719","有","有"
"01960385","20020923","20210811","世文獸肉店","SHIN WEN PORK SHOP","新北市板橋區中興路６３號湳興市場第１號攤位","No. 63, Zhongxing Rd., Banqiao Dist., New Taipei City 22055, Taiwan (R.O.C.)","李OO","25713210","24632669","有","有"
"01960391","20020923","20210812","永棋獸肉店","YUNG CHI SIR SHOP","新北市板橋區中興路63號湳興市場第4號攤位","No. 63, Zhongxing Rd., Banqiao Dist., New Taipei City 22055, Taiwan (R.O.C.)","劉O棋","25713210","24632669","有","有"
"01961069","20100816","20210812","明佑企業社","MIN YO LU TECHNOLOGY CO.","新北市板橋區大東街３４號１樓","1 F., No. 34, Dadong St., Banqiao Dist., New Taipei City 22055, Taiwan (R.O.C.)","王O維","02-29667575","02-29603362","有","有"
"01968014","20160914","20210811","谷和食品廠","GU HAN FOODSTUFF FACTORY","新北市鶯歌區中正三路171之1號","No. 171-1, Zhongzheng 3rd Rd., Yingge Dist., New Taipei City 23942, Taiwan (R.O.C.)","鄭O秀枝","02-26792101","02-26700316","有","有"
"01972137","20010912","20210811","勁達印刷廠","JINDA PRINTING FACTORY","新北市中和區錦和路１４０號","No. 140, Jinhe Rd., Zhonghe Dist., New Taipei City 23585, Taiwan (R.O.C.)","楊O龍","02-22216341","02-22214808","有","有"
"01975710","19921106","20250218","協輝機械工業有限公司","SHE HUI MACHINERY CO., LTD.","桃園市新屋區埔工一路100號","No. 100, Pugong 1st Rd., Xinwu Dist., Taoyuan City 327009, Taiwan (R.O.C.)","劉O進","03-4970023","03-4870604","有","有"
"01975774","20131121","20210812","翊翔五金企業社","E-FLY HARDWARE CO.","新北市五股區四維路30巷36弄1號","No. 1, Aly. 36, Ln. 30, Siwei Rd., Wugu Dist., New Taipei City 24874, Taiwan (R.O.C.)","蔡O萬","02-29879715","02-29852280","有","有"
"01975872","20021119","20210811","振盛精機廠","ZOOM SUNG MANUFACTURE FACTORY","新北市三重區中正北路３１５巷６弄３０號","No. 30, Aly. 6, Ln. 315, Zhongzheng N. Rd., Sanchong Dist., New Taipei City 24157, Taiwan (R.O.C.)","謝O昇","8862-22992093","8862-22900278","有","有"
"01975958","20021003","20210811","鴻鑫家禽行","HORNG-SHIN ROULTRY STORE","　新北市三重區大同北路四十九號一樓","Sanchong Dist., New Taipei City 241, Taiwan (R.O.C.)","張O陽","02-23036801","","有","有"
"01975991","19930602","20221127","憲星電機股份有限公司","XIAN XING ELECTRIC CORP.","新北市五股區五權五路20號3樓","3 F., No. 20, Wuquan 5th Rd., Wugu Dist., New Taipei City 248018, Taiwan (R.O.C.)","羅O相","02-29925948","02-29928809","有","有"
"01976226","19850819","20230215","凱琦工業股份有限公司","COB-WEB INDUSTRIAL CORPORATION","桃園市平鎮區鎮興里南平路2段487號","No. 487, Sec. 2, Nanping Rd., Zhenxing Vil., Pingzhen Dist., Taoyuan City 324014, Taiwan (R.O.C.)","陳O欣","03-4394866","","有","有"
"01976366","19990320","20210813","穗潔企業有限公司","MONEY MOUSE CO., LTD.","新北市新莊區中泰街104巷6弄8號","No. 8, Aly. 6, Ln. 104, Zhongtai St., Xinzhuang Dist., New Taipei City 24248, Taiwan (R.O.C.)","張O云","02-29963916","02-29966546","有","有"
"01976422","19940829","20210811","寶豐工業工廠","BAO FENG INDUSTRIAL FACTORY","新北市三重區中正北路315巷16弄26號","No. 26, Aly. 16, Ln. 315, Zhongzheng N. Rd., Sanchong Dist., New Taipei City 24157, Taiwan (R.O.C.)","張O鶴","02-29897747","","有","有"
"01976648","20050113","20210814","裕泰電線電纜股份有限公司","YUTAI WIRE & CABLE CO., LTD.","新北市林口區粉寮路2段458之2號","No. 458-2, Sec. 2, Fenliao Rd., Linkou Dist., New Taipei City 24452, Taiwan (R.O.C.)","許O凱","02-26029555","02-26029550","有","有"
"01976680","20031001","20250315","建芳藥局","JIAN FANG CO.","新北市三重區集美街174號","1 F., No. 174, Jimei St., Sanchong Dist., New Taipei City 24144, Taiwan (R.O.C.)","吳O敏","02-2976-3351","","有","有"
"01976773","20040305","20230105","上繽精密工業股份有限公司","SANPAN INTERNATIONAL CO., LTD.","新北市樹林區保安街2段347號","No. 347, Sec. 2, Bao’an St., Shulin Dist., New Taipei City 238030, Taiwan (R.O.C.)","倪O霖","02-2208-1342","02-2203-3825","有","有"
"01976801","19951215","20210812","健舜工業有限公司","JIEN SHUN INDUSTRIAL CO., LTD.","新北市三重區中興北街42巷44號","No. 44, Ln. 42, Zhongxing N. St., Sanchong Dist., New Taipei City 24158, Taiwan (R.O.C.)","沈O絨","","","有","有"
"01977843","19860221","20210813","中環針紡五金製品廠股份有限公司","CENTER CIRCLE INDUSTRIAL CO., LTD.","新北市新莊區中正路力行巷11弄1號","No. 1, Aly. 11, Lixing Ln., Zhongzheng Rd., Xinzhuang Dist., New Taipei City 24257, Taiwan (R.O.C.)","干O書","02-29060451","","有","有"
"01978049","19981201","20210814","世豐牙板有限公司","SHEH FUNG ROLLING DIES CO., LTD.","桃園市龜山區文化里華亞三路26號1、2樓","2 F., No. 26, Huaya 3rd Rd., Wenhua Vil., Guishan Dist., Taoyuan City 33383, Taiwan (R.O.C.)","何O東","03-3181518","03-3181516","有","有"
"01978250","20110429","20210812","吸粒有限公司","SI LI JIG CO., LTD.","新北市三重區龍濱路一二○之七號","No. 120-7, Longbin Rd., Sanchong Dist., New Taipei City 24149, Taiwan (R.O.C.)","鍾O城","02-29735173","02-29737025","有","有"
"01978343","19850914","20210814","敏昌機械工業股份有限公司","MING CHANG MACHINERY INDUSTRIAL CO., LTD.","新北市五股區五權七路9號","No. 9, Wuquan 7th Rd., Wugu Dist., New Taipei City 24890, Taiwan (R.O.C.)","黃O齡","0226729901","","有","有"
"01978435","19911007","20210814","翔美機械有限公司","SOARING MACHINERY CO., LTD.","臺南市善化區建業路245巷40號","No. 40, Ln. 245, Jianye Rd., Shanhua Dist., Tainan City 74169, Taiwan (R.O.C.)","王O彥","02-29940213","","有","有"
"01978505","19860909","20210813","祥伯工業股份有限公司","MASTER SHAPE INDUSTRIES CO., LTD.","新北市新莊區化成路一一巷八二號","No. 82, Ln. 11, Huacheng Rd., Xinzhuang Dist., New Taipei City 24252, Taiwan (R.O.C.)","蔡O勳","02-29963387","","有","有"
"01978955","20100902","20210811","永鈺企業社","YUANN YU CO.","新北市蘆洲區九芎街１４８巷２號１樓","1 F., No. 2, Ln. 148, Jiuqiong St., Luzhou Dist., New Taipei City 24750, Taiwan (R.O.C.)","張O仁","02-22828448","02-22834588","有","有"
"01979336","20111121","20210812","德財有限公司","DECAI. CO., LTD.","新北市三重區雙園街一巷二六號一樓","1 F., No. 26, Ln. 1, Shuangyuan St., Sanchong Dist., New Taipei City 24147, Taiwan (R.O.C.)","鐘O義","(02)29889172","(02)29823284","有","有"
"01979384","20060911","20210813","九怡工業有限公司","JIOU-YI & JOY INDUSTRY CO., LTD.","新北市三重區中正北路560巷37弄6號","No. 6, Aly. 37, Ln. 560, Zhongzheng N. Rd., Sanchong Dist., New Taipei City 24157, Taiwan (R.O.C.)","張O華","02-29861381","02-29861381","有","有"
"01979547","19860317","20210814","山裕電機有限公司","SUNDRY ELECTRIC CO., LTD.","臺北市大同區寧夏路128號","No. 128, Ningxia Rd., Datong Dist., Taipei City 10358, Taiwan (R.O.C.)","古O彥","02-25215373","","有","有"
"01979618","19981028","20230113","鴻友貿易股份有限公司","HOLY WORLD TRADING CO., LTD.","新北市三重區重新路4段13號","No. 13, Sec. 4, Chongxin Rd., Sanchong Dist., New Taipei City 241038, Taiwan (R.O.C.)","王O鴻","02-29888668","02-29850850","有","有"
"01979722","19921222","20210813","堉兆企業有限公司","YI JAU ENTERPRISE CO., LTD.","桃園市大園區田心里新園街98巷2號","No. 2, Ln. 98, Xinyuan St., Tianxin Vil., Dayuan Dist., Taoyuan City 33750, Taiwan (R.O.C.)","許O金葉","0936133935","","有","有"
"01979785","19930118","20241031","中麟營造股份有限公司","CHUNG-LIN GENERAL CONTRACTORS, LTD.","臺北市信義區忠孝東路四段560號2樓、2樓之1、2樓之2、2樓之3","2F.-1, 2 F., No. 560, Sec. 4,  Zhongxiao E. Rd., Xinyi Dist.,  Taipei City 110054, Taiwan (R.O.C.)","王O平","02-27074216","02-27009216","有","有"
"01979883","19931213","20230217","宇祥鋼鐵工業股份有限公司","YEU HSIANG STEEL INDUSTRY CO., LTD.","臺中市西屯區協和里工業區三四路10號","No. 10, Gongyequ 3rd Rd., Xiehe Vil., Xitun Dist., Taichung City 407018, Taiwan (R.O.C.)","謝O枝","04-23597281","04-23592569","有","有"
"01979960","19870425","20210812","阿旺銅藝品製造廠股份有限公司","AI WANG BRASSWARE MFG. CO., LTD.","新北市三重區中正北路317巷36號1樓","1 F., No. 36, Ln. 317, Zhongzheng N. Rd., Sanchong Dist., New Taipei City 24157, Taiwan (R.O.C.)","許O旺","02-29814225","","有","有"
"01980039","20050323","20210812","海鷗護油圈廠有限公司","SEAGULL OIL SEAL CO., LTD.","新北市蘆洲區鷺江街17號5樓","5 F., No. 17, Lujiang St., Luzhou Dist., New Taipei City 24748, Taiwan (R.O.C.)","陳O","02-22831313","02-22831312","有","有"
"01980404","19910605","20230511","不倒翁服飾有限公司","TUMBLER WEARING CO., LTD.","臺北市萬華區大理街39號1樓","1 F., No. 39, Dali St., Wanhua Dist., Taipei City 108020, Taiwan (R.O.C.)","陳O彥","02-23367036","02-23366954","無","無"
"01980805","19940607","20210812","龍治股份有限公司","TAIWAN LUNGCHIH MACHINERY INDUSTRIAL CO., LTD.","新北市三重區中正北路315巷6弄28號","No. 28, Aly. 6, Ln. 315, Zhongzheng N. Rd., Sanchong Dist., New Taipei City 24157, Taiwan (R.O.C.)","王O芳","02-29821462","","有","有"
"01980973","19950720","20210814","高華鐵材股份有限公司","KAO HWA IRON MATERIAL CO., LTD.","新北市三重區中正北路428巷7弄49號","No. 49, Aly. 7, Ln. 428, Zhongzheng N. Rd., Sanchong Dist., New Taipei City 24162, Taiwan (R.O.C.)","謝O吉","02-29812275","","有","有"
"01981255","19930503","20230420","統粒鞋業有限公司","TUNG LE SHOES CO., LTD.","新北市三重區三和路4段215巷30號1樓","1 F., No. 30, Ln. 215, Sec. 4, Sanhe Rd., Sanchong Dist., New Taipei City 241082, Taiwan (R.O.C.)","林O美","02-22869558","02-89816441","無","無"
"01981585","20010904","20210813","佳南金屬有限公司","JAI NAN METAL CO., LTD.","新北市蘆洲區三民路26巷71弄3號1樓","1 F., No. 3, Aly. 71, Ln. 26, Sanmin Rd., Luzhou Dist., New Taipei City 24749, Taiwan (R.O.C.)","蔡O秋","22815257","22892352","有","有"
"01981760","19851216","20210815","狄而康實業股份有限公司","DYI ER KANG ENTERPRISE CO., LTD.","南投縣南投市新興里成功三路339號","No. 339, Chenggong 3rd Rd., Xinxing Vil., Nantou City, Nantou County 54066, Taiwan (R.O.C.)","王O豪","049-2256466","049-2254949","有","有"
"01981826","20161115","20210813","力兆實業有限公司","LI JAW CO., LTD.","新北市林口區興林街一七巷三弄二之三號四樓","4 F., No. 2-3, Aly. 3, Ln. 17, Xinglin Rd., Linkou Dist., New Taipei City 24445, Taiwan (R.O.C.)","張O祥","02-26010092","02-26030666","有","有"
"01982037","20031001","20211211","文政青果行","WEN ZHENG CO.","新北市三重區中正北路111號1樓","1 F., No. 111, Zhongzheng N. Rd., Sanchong Dist., New Taipei City 24141, Taiwan (R.O.C.)","林O盈","02-2298-3903","","有","有"
"01982629","19851030","20210812","鳴偉國際貿易有限公司","SOUND GREAT INTERNATIONAL CO., LTD.","新北市三重區正義南路八七︱一號","No. 1, Zhengyi S. Rd., Sanchong Dist., New Taipei City 24142, Taiwan (R.O.C.)","詹O玲","02-8976-2755","02-8976-2773","有","有"
"01982682","19920807","20221129","川慶科技股份有限公司","CHUN KING TECHNOLOGY CO., LTD.","新北市新莊區化成路83巷12號","No. 12, Ln. 83, Huacheng Rd., Xinzhuang Dist., New Taipei City 242039, Taiwan (R.O.C.)","李O隆","02-2992-9261","02-2996-0478","有","有"
"01982775","20030528","20210813","昌城工業有限公司","CHANQ CHERNG INDUSTRIAL CO., LTD.","新北市泰山區新北大道6段313巷1號","No. 1, Ln. 313, Sec. 6, New Taipei Blvd., Taishan Dist., New Taipei City 24355, Taiwan (R.O.C.)","紀O珍","02-29021087","02-29027866","有","有"
"01983084","19961011","20210815","兆昌企業股份有限公司","TSHAO CHIUNG ENTERPRISE CORP.","新北市五股區中興路1段118巷6弄36號","No. 36, Aly. 6, Ln. 118, Sec. 1, Zhongxing Rd., Wugu Dist., New Taipei City 24872, Taiwan (R.O.C.)","李O清","02-29811128","02-29719472","有","有"
"01983113","19930524","20210813","洙桐企業有限公司","ZUTON ENTERPRISE CO., LTD.","新北市新莊區思源路419巷18號1樓","1 F., No. 18, Ln. 419, Siyuan Rd., Xinzhuang Dist., New Taipei City 24250, Taiwan (R.O.C.)","陳O桐","02-29912745","","有","有"
"01983182","19880108","20220629","德邦機電工業有限公司","DER PAN ELECTRIC MECHANICAL INDUSTRIAL CO., LTD.","新北市新莊區化成路325巷18號","No. 18, Ln. 325, Huacheng Rd., Xinzhuang Dist., New Taipei City 242042, Taiwan (R.O.C.)","莊O成","02-8521-6599","02-8521-4188","有","有"
"01983423","19881028","20230108","北誠實業股份有限公司","PEI CHENG TEXTILE CO., LTD.","臺北市大同區重慶北路3段199號7樓","7 F., No. 199, Sec. 3, Chongqing N. Rd., Datong Dist., Taipei City 103629, Taiwan (R.O.C.)","羅O榕","02-25928583","02-25875097","無","無"
"01983459","19851204","20210815","萊特工業股份有限公司","RE-TOK INDUSTRIES INC.","新北市三重區光復路1段83巷2號5樓","5 F., No. 2, Ln. 83, Sec. 1, Guangfu Rd., Sanchong Dist., New Taipei City 24158, Taiwan (R.O.C.)","曾O泉","02-29990816","02-29990820","有","有"
"01983795","19960125","20210815","鴻均興業有限公司","HOUN JIEN CO., LTD.","新北市新莊區中正路46巷36號","No. 36, Ln. 46, Zhongzheng Rd., Xinzhuang Dist., New Taipei City 24243, Taiwan (R.O.C.)","徐O芳","02-29929980","29965035","有","有"
"01984416","19980413","20210814","宙權實業有限公司","TOPPING TOOL CO., LTD.","新北市新莊區中正路651之6號2樓","2 F., No. 651-6, Zhongzheng Rd., Xinzhuang Dist., New Taipei City 24257, Taiwan (R.O.C.)","鄧O豪","02-29082496","02-29085245","有","有"
"01985105","20010209","20210813","富遠塑膠有限公司","FU YUAN PLASTIC CO., LTD.","新北市五股區凌雲路1段158巷39弄40號","No. 40, Aly. 39, Ln. 158, Sec. 1, Lingyun Rd., Wugu Dist., New Taipei City 24843, Taiwan (R.O.C.)","李O森","2292-4732","2293-6115","有","有"
"01985288","19860314","20210815","泰樺家具股份有限公司","TAY HUAH FURNITURE CORP.","彰化縣埔鹽鄉角樹村員鹿路一段180之8號","No. 180-8, Sec. 1, Yuanlu Rd., Puyan Township, Changhua County 51642, Taiwan (R.O.C.)","陳O根","04-8827373","04-8857733","有","有"
"01985581","20040331","20230824","中誠運動用品有限公司","CIC CO., LTD.","新北市蘆洲區長安街220巷1號","No. 1, Ln. 220, Chang’an St., Luzhou Dist., New Taipei City 24762, Taiwan (R.O.C.)","趙O玲","02-22816860","02-22828250","有","有"
"01985870","20000316","20210813","興緯機械有限公司","SIN WEI MACHINE CO., LTD.","新北市五股區中興路1段118巷6弄31號1樓","1 F., No. 31, Aly. 6, Ln. 118, Sec. 1, Zhongxing Rd., Wugu Dist., New Taipei City 24872, Taiwan (R.O.C.)","何O彬","02-8985-5317","02-8985-5316","有","有"
"01987125","19870618","20230331","翔大機械股份有限公司","SEMLIMA INDUSTRIAL CO., LTD.","臺中市西屯區工業區三十六路19號","No. 19, Gongyequ 36th Rd., Xitun Dist., Taichung City 407021, Taiwan (R.O.C.)","楊O南","04-23550190","04-23550196","有","有"
"01987173","19890519","20240106","黃隆企業有限公司","HWANG LUNG ENTERPRISE CO., LTD.","新北市蘆洲區復興路60巷1弄8號1樓","1 F., No. 8, Aly. 1, Ln. 60, Fuxing Rd., Luzhou Dist., New Taipei City 24744, Taiwan (R.O.C.)","","02-22824454","","無","無"
"01987286","19990126","20230809","裕安橡膠有限公司","YU, AN, RUBBER, CO., LTD.","新北市三重區中興北街180巷24號","No. 24, Ln. 180, Zhongxing N. St., Sanchong Dist., New Taipei City 24158, Taiwan (R.O.C.)","黃O貞","02-85212523","02-85122522","有","有"
"01988004","19980910","20210813","立長電機有限公司","LI-CHANG ELECTRIC CO., LTD.","新北市淡水區民生路132號1樓","1 F., No. 132, Minsheng Rd., Tamsui Dist., New Taipei City 25160, Taiwan (R.O.C.)","葉O香","02-28094384","02-28093293","有","有"
"01988243","20230313","20230313","高隆工程有限公司","KAO LONG ENGINEERING. CO., LTD.","新北市新莊區福壽街202巷11號1樓","1 F., No. 11, Ln. 202, Fushou St., Xinzhuang Dist., New Taipei City 242042, Taiwan (R.O.C.)","高O阿柑","02-29944370","","有","有"
"01988308","19960523","20211130","名豐奈米生化科技股份有限公司","MING FUNG NANO-BIOTECH CO., LTD.","新北市樹林區三龍街174號","No. 174, Sanlong St., Shulin Dist., New Taipei City 23866, Taiwan (R.O.C.)","王O任","02-22049977","02-22049955","有","有"
"01988623","19970812","20240110","宇邦企業有限公司","YU BUNG ENTERPRISE CO., LTD.","桃園市蘆竹區海湖里海湖東路239巷9號","No. 9, Ln. 239, Haihu E. Rd., Haihu Vil., Luzhu Dist., Taoyuan City 33842, Taiwan (R.O.C.)","方O洲","03-3542859","03-3542878","有","有"
"01988721","20020124","20241121","金和興織帶有限公司","JIN HO HSING WEBBING CO., LTD.","新北市三重區中正北路301號2樓","2 F., No. 301, Zhongzheng N. Rd., Sanchong Dist., New Taipei City 241027, Taiwan (R.O.C.)","蔡O龍","29817151","29817153","有","有"
"01989046","20001122","20240820","廣銘膠業股份有限公司","KINMAN INTERNATIONAL CO., LTD.","新北市三重區三和路4段140號1樓","1 F., No. 140, Sec. 4, Sanhe Rd., Sanchong Dist., New Taipei City 24154, Taiwan (R.O.C.)","詹O達","02-22877031","02-22870803","有","有"
"01989355","19870525","20210814","崎文企業有限公司","CHIR WERN ENTERPRISE CO., LTD.","新北市樹林區東順街7號","No. 7, Dongshun St., Shulin Dist., New Taipei City 23850, Taiwan (R.O.C.)","王O民","","","有","有"
"01989411","19910703","20240917","磐昌科技企業股份有限公司","PCNET WIRE & CABLE CO., LTD.","臺北市大安區忠孝東路4段303號5樓之1","5 F.-1, No. 303, Sec. 4, Zhongxiao E. Rd., Da’an Dist., Taipei City 106078, Taiwan (R.O.C.)","","03-6993830","03-5907860","無","無"
"01989427","19860522","20210813","聯驊燈飾有限公司","LAN HWA LIGHTING CO., LTD.","新北市三重區中正北路530巷1之1號2樓","2 F., No. 1-1, Ln. 530, Zhongzheng N. Rd., Sanchong Dist., New Taipei City 24157, Taiwan (R.O.C.)","陳O助","02-22837496","","有","有"
"01989664","19860701","20210812","上韋貿易有限公司","SHINE WING INDUSTRY CO., LTD.","臺北市中山區長安西路40巷4弄2號1樓","1 F., No. 2, Aly. 4, Ln. 40, Chang’an W. Rd., Zhongshan Dist., Taipei City 10444, Taiwan (R.O.C.)","林O燦","02-25673619","","有","有"
"01989854","19991221","20230522","長暉企業有限公司","CHUNG FEI ENTERPRISE CO., LTD.","新北市新莊區化成路351號(1樓)","1 F., No. 351, Huacheng Rd., Xinzhuang Dist., New Taipei City 242042, Taiwan (R.O.C.)","張O華","02-29951127","","有","有"
"01990070","19911125","20230112","怡得工業有限公司","ABADI INDUSTRY CO., LTD.","新北市三重區富華街147號1樓","1 F., No. 147, Fuhua St., Sanchong Dist., New Taipei City 241086, Taiwan (R.O.C.)","陳O穎","02-29830373","","有","有"
"01990120","19861128","20230414","東南油壓股份有限公司","SOUTH EAST HYDRAULIC INDUSTRIAL CO., LTD.","新北市八里區中山路2段96號","No. 96, Sec. 2, Zhongshan Rd., Bali Dist.,  New Taipei City 249, Taiwan (R.O.C.)","賴O棋","02-8630-3396","02-8630-3013","有","有"
"01990254","19900808","20210813","興固興業有限公司","SHING KU ENTERPRISE CO., LTD.","新北市三重區大同北路167巷49弄12號1樓","1 F., No. 12, Aly. 49, Ln. 167, Datong N. Rd., Sanchong Dist., New Taipei City 24145, Taiwan (R.O.C.)","黃O山","02-29839855","02-29899542","有","有"
"01990418","19891115","20230707","訊德實業股份有限公司","SINK TESTING CO., LTD.","新北市三峽區大德路135號3樓","3F., No. 135, Dade Rd., Sanxia Dist.,  New Taipei City 237021, Taiwan (R.O.C.)","","02-26728090","","無","無"
"01990509","19960307","20210815","暉毅預力器材股份有限公司","BULGAR EDEN ENTERPRISE CO., LTD.","新北市三重區環河北路2段330號11樓","11 F., No. 330, Sec. 2, Huanhe N. Rd., Sanchong Dist., New Taipei City 24151, Taiwan (R.O.C.)","黃O成","02-89829588","02-89829589","有","有"
"01990698","19870108","20230324","元璋貿易有限公司","REY TAIWAN TRADING CO., LTD.","新北市三重區龍濱路２１號２樓","2 F., No. 21, Longbin Rd., Sanchong Dist., New Taipei City 241047, Taiwan (R.O.C.)","連O碧雲","02-29012177","","無","無"
"01990753","20231116","20231116","大坪頂茶行","TEA GLORIA Shop","新北市泰山區泰林路２段１７０號１樓","1 F., No. 170, Sec. 2, Tailin Rd., Taishan Dist., New Taipei City 243081, Taiwan (R.O.C.)","陳O","","","有","有"
"01990846","19860421","20230427","恩捷電子股份有限公司","ANGEL ELECTRONICS CO., LTD.","新北市泰山區壽山路134巷17號","No. 17, Ln. 134, Shoushan Rd., Taishan Dist., New Taipei City 243089, Taiwan (R.O.C.)","陳O發","02-29060958","02-29033216","有","有"
"01990986","19860205","20210813","偉昌貿易有限公司","SUPERIOR EAGLE INC.","新北市林口區工七路8號","No. 8, Gong 7th Rd., Linkou Dist., New Taipei City 24450, Taiwan (R.O.C.)","黃O惠","02-26016963","","有","有"
"01991021","20031021","20210811","吉樂水果行","JI LE FRUIT CO.","新北市三重區中正北路１１１號（第０１１９號）分貨場","No. 111, Zhongzheng N. Rd., Sanchong Dist., New Taipei City 24141, Taiwan (R.O.C.)","張O大","02-2987-2929","","有","有"
"01991177","19930925","20230513","勳鉅金屬有限公司","SHIUN JIUN METAL CO., LTD.","新北市五股區更洲路32巷8弄臨30號","No. 30, Aly. 8, Ln. 32, Gengzhou Rd., Wugu Dist., New Taipei City 248014, Taiwan (R.O.C.)","張O富","02-29869711","","有","有"
"01991373","20021003","20210811","菓豊水果行","GUOLE CO.","新北市三重區中正北路１１１號","No. 111, Zhongzheng N. Rd., Sanchong Dist., New Taipei City 24141, Taiwan (R.O.C.)","謝O龍","02-29803785","","有","有"
"01991922","20090907","20210811","東春水果行","DONG CHUN FRUITS HANG","新北市三重區中正北路１１１號","No. 111, Zhongzheng N. Rd., Sanchong Dist., New Taipei City 24141, Taiwan (R.O.C.)","林O信","02-27203476","02-27297005","有","有"
"01992112","20231124","20231124","三貴水果行","Sun Grape Firm","新北市三重區中正北路１１１號（第０９１８號）分貨場","No. 111, Zhongzheng N. Rd., Sanchong Dist., New Taipei City 241037, Taiwan (R.O.C.)","周O貴","0928229126","","有","有"
"01992611","19960926","20250228","統先鋁器股份有限公司","THOMSON ALUMINIUM INDUSTRIAL CO., LTD.","新北市新莊區雙鳳路109號3樓","3 F., No. 109, Shuangfeng Rd., Xinzhuang Dist., New Taipei City 24261, Taiwan (R.O.C.)","林O德","02-29036287","02-29022635","有","有"
"01995321","20160616","20210811","三豐食品工廠","SANFENG FOOD FACTORY","新北市新莊區化成路１００之１號","No. 100-1, Huacheng Rd., Xinzhuang Dist., New Taipei City 24252, Taiwan (R.O.C.)","周O星","02-29931292","02-29986960","有","有"
"01995820","19921006","20221028","貴陽鋼模企業社","KWEIYANG STEEL MODEL CO., LTD.","新北市三重區光復路2段88巷36弄11號","No. 11, Aly. 36, Ln. 88, Sec. 2, Guangfu Rd., Sanchong Dist., New Taipei City 241020, Taiwan (R.O.C.)","謝O森","02-29957116","","有","有"
"01996308","19880606","20210812","冠多實業股份有限公司","KUANDOR INDUSTRIAL CORP.","新北市三重區重新路4段214巷15弄12之1號(4樓)","4 F., No. 12-1, Aly. 15, Ln. 214, Sec. 4, Chongxin Rd., Sanchong Dist., New Taipei City 24144, Taiwan (R.O.C.)","黃O平","02-29770038","02-29776085","有","有"
"01996877","20030612","20210815","添隆鋼鐵股份有限公司","TIAN LONG STEEL CO., LTD.","新北市八里區龍米路1段121號3樓","3 F., No. 121, Sec. 1, Longmi Rd., Bali Dist., New Taipei City 24946, Taiwan (R.O.C.)","林O智","02-26181515","02-26181518","有","有"
"01997165","20050523","20250219","三人砂布機行","SAN REN ABRASIVE MACHINE COMPANY","新北市三重區中央南路39號4樓","4 F., No. 39, Zhongyang S. Rd., Sanchong Dist., New Taipei City 241002, Taiwan (R.O.C.)","朱O慧","02-2975-3388","02-29779988","有","有"
