"統一編號","原始登記日期","核發日期","廠商中文名稱","廠商英文名稱","中文營業地址","英文營業地址","代表人","電話號碼","傳真號碼","進口資格","出口資格"
"95003029","20240801","20240801","豐資鈺閣精品坊","FONGZI Co.","桃園市大溪區一心里復興路132號(1樓)","1 F., No. 132, Fuxing Rd., Yixin Vil., Daxi Dist., Taoyuan City 335017, Taiwan (R.O.C.)","黃O甯","","","無","無"
"95003077","20240321","20240321","聲鐵企業社","Sound Railway Model Co.","桃園市楊梅區梅溪里中山北路二段82巷13號7樓","7 F., No. 13, Ln. 82, Sec. 2, Zhongshan N. Rd., Meixi Vil., Yangmei Dist., Taoyuan City 326028, Taiwan (R.O.C.)","蕭O陞","","","有","有"
"95003554","20240828","20240828","親優整體設計","eyego77 SHOP","桃園市中壢區中央里元化路151之1號","No. 151-1, Yuanhua Rd., Zhongyang Vil., Zhongli Dist., Taoyuan City 320003, Taiwan (R.O.C.)","傅O祺","0907510947","","有","有"
"95003674","20240312","20240312","龍鳳工作室","LONGFONGSUGO WORKSHOP","桃園市龍潭區凌雲里聖亭路250之6號6樓","6 F., No. 250-6, Longtan Dist., Taoyuan City 325, Taiwan (R.O.C.)","趙O淳","","","有","有"
"95004478","20240305","20240305","茹逸企業社","moaQ Shop","桃園市桃園區西湖里三民路三段180號12樓之2","12 F.-2, No. 180, Sec. 3, Sanmin Rd., Xihu Vil., Taoyuan Dist., Taoyuan City 330004, Taiwan (R.O.C.)","周O儂","","","有","有"
"95004765","20240821","20240821","森悅行","Say yes co.","桃園市桃園區大有里大有路401號11樓","11 F., No. 401, Dayou Rd., Dayou Vil., Taoyuan Dist., Taoyuan City 330023, Taiwan (R.O.C.)","王O卿","02-26018918","","有","有"
"95005032","20240311","20240311","繁星商行","Vanstar Trade CO.","桃園市中壢區青埔里青商路281號2樓","2 F., No. 281, Qingshang Rd, Zhongli Dist., Taoyuan City 320, Taiwan (R.O.C.)","陳O翰","","","有","有"
"95005259","20240409","20250328","昌玖工程行","Changnine Gong Cheng Hang Company","桃園市八德區大信里榮興路835巷10號(3樓)","3 F., No. 10, Ln. 835, Rongxing Rd., Daxin Vil., Bade Dist., Taoyuan City 334019, Taiwan (R.O.C.)","宋O吉","","","有","有"
"95005265","20240408","20240408","睿建企業社","RUI JIAN QI YE SHE Company","桃園市八德區大信里榮興路835巷10號(5樓)","5 F., No. 10, Ln. 835, Rongxing Rd., Daxin Vil., Bade Dist., Taoyuan City 334019, Taiwan (R.O.C.)","曾O軒","","","有","有"
"95005672","20240705","20250513","媚克美學","MEIKEMEIXUE Co.","宜蘭縣礁溪鄉礁溪路七段１４１巷１７號一樓","1 F., No. 17, Ln. 141, Sec. 7, Jiaoxi Rd., Jiaoxi Township, Yilan County 262001, Taiwan (R.O.C.)","林O婉","0958066933","","有","有"
"95005737","20240301","20240301","維創實業","Vitron Company","桃園市桃園區新埔里經國路206號七樓","7 F., No. 206, Jingguo Rd., Xinpu Vil., Taoyuan Dist., Taoyuan City 330056, Taiwan (R.O.C.)","林O辰","0924000079","","有","有"
"95006187","20250227","20250227","八九九設計工作室","899design Studio","桃園市桃園區同安里藝文一街86之6號17樓","17 F., No. 86-6, Yiwen 1st St., Tong’an Vil., Taoyuan Dist., Taoyuan City 330007, Taiwan (R.O.C.)","廖O雅","0985989020","","有","有"
"95007067","20240312","20240312","胚芽企業社","Dot. Co.","桃園市龜山區新路里忠誠街38巷5號4樓","4 F., No. 5, Ln. 38, Zhongcheng St., Xinlu Vil., Guishan Dist., Taoyuan City 333022, Taiwan (R.O.C.)","郭O豪","0903339248","","無","無"
"95007290","20250312","20250312","鑫翰企業社","Xinhan Company","桃園市桃園區龍安里國豐三街145號7樓","7F., No. 145, Guofeng 3rd St., Taoyuan Dist., Taoyuan City 330033 , Taiwan (R.O.C.)","楊O雅","","","有","有"
"95007427","20240430","20240430","五勲商行","BLueApparel Shop","桃園市龍潭區大平里民治一街75號4樓之5","4 F.-5, No. 75, Daping, Longtan Dist., Taoyuan City 325007, Taiwan (R.O.C.)","楊O勲","","","有","有"
"95007600","20250313","20250524","鑫婷企業社","Xinting Company","新北市新店區安興路127之3號","No. 127-3, Anxing Rd., Xindian Dist., New Taipei City 231066, Taiwan (R.O.C.)","鄭O升","","","有","有"
"95007799","20240517","20240517","職人門匠工坊","Door Craftsman Workshop","桃園市桃園區大有里大有路401號11樓","11 F., No. 401, Dayou Rd., Dayou Vil., Taoyuan Dist., Taoyuan City 330023, Taiwan (R.O.C.)","李O萱","","","有","有"
"95008072","20250226","20250226","嘉和企業社","CHIA HO COMPANY","桃園市楊梅區光華里新興街115巷25號(1樓)","1 F., No. 25, Ln. 115, Xinxing St., Guanghua Vil., Yangmei Dist., Taoyuan City 326010, Taiwan (R.O.C.)","盧O祥","03-4934251","","無","無"
"95009396","20240329","20240329","星文企業社","xingwen Store","桃園市中壢區興華里長樂街84巷27號(1樓)","1 F., No. 27, Ln. 84, Changle St., Xinghua Vil., Zhongli Dist., Taoyuan City 320062, Taiwan (R.O.C.)","鄭O文","02-22614280","","無","無"
"95009804","20240410","20240410","幸好商行","THINK HOW STORE","桃園市蘆竹區大竹里新福街13號4樓","4 F., No. 13, Xinfu St., Dazhu Vil., Luzhu Dist., Taoyuan City 338027, Taiwan (R.O.C.)","羅O彬","","","無","無"
"95010470","20240904","20240904","捷升企業社","Jye Sheng Fire Engineering Company","桃園市龜山區山福里興一街6號(1樓)","1 F., No. 6, Xing 1st St., Shanfu Vil., Guishan Dist., Taoyuan City 333020, Taiwan (R.O.C.)","蔡O縣","0935784669","","有","有"
"95011219","20240401","20240401","雷納多格寵物用品企業社","Danny pet Company","桃園市龜山區文化里文化三路397號","No. 397, Wenhua 3rd Rd., Wenhua Vil., Guishan Dist., Taoyuan City 333010, Taiwan (R.O.C.)","蔡O漢","","","有","有"
"95011421","20240826","20240826","梅森食品社","MASON TAIWAN CATERING CO.","桃園市龜山區樂善里華亞三路39巷78號1樓","1 F., No. 78, Ln. 39, Huaya 3rd Rd., Leshan Vil., Guishan Dist., Taoyuan City 333411, Taiwan (R.O.C.)","陳O昇","03-3979037","","有","有"
"95011800","20240409","20240409","啟躍商行","CHI-YUE HOUSE","桃園市桃園區龍山里雙龍街13巷5號","No. 5, Ln. 13, Shuanglong St., Longshan Vil., Taoyuan Dist., Taoyuan City 330035, Taiwan (R.O.C.)","顧O妮","0955091248","","有","有"
"95012006","20240403","20240403","零柒工作室","07 Studio","桃園市龜山區長庚里長慶一街45巷38號5樓","5 F., No. 38, Ln. 45, Changqing 1st St., Changgeng Vil., Guishan Dist., Taoyuan City 333005, Taiwan (R.O.C.)","林O妮","","","有","有"
"95012060","20240416","20240416","禾的設計工作室","Hend Design Co.","桃園市龜山區大同里明德路453巷12號","No. 12, Ln. 453, Mingde Rd., Datong Vil., Guishan Dist., Taoyuan City 333023, Taiwan (R.O.C.)","陳O宇","","","有","有"
"95012694","20250504","20250504","夏合企業社","XIA HE Enterprise Company","桃園市桃園區福林里陽明二街79號(1樓)","1 F., No. 79, Yangming 2nd St., Fulin Vil., Taoyuan Dist., Taoyuan City 330043, Taiwan (R.O.C.)","高O隆","","","有","有"
"95013960","20240830","20240830","瑪門車體企業社","Mammon Workshop","桃園市中壢區自信里榮安一街391號2樓","2 F., No. 391, Rong'an 1st St., Zixin Vil., Zhongli Dist., Taoyuan City 320033, Taiwan (R.O.C.)","黃O揚","0989091872","","有","有"
"95014314","20240927","20240927","維許企業社","WISH ANALYSIS COMPANY","桃園市平鎮區廣達里民族路二段23巷22號16樓","崇義三街28號","鄧O芬","0910687760","","有","有"
"95014644","20240503","20240503","繪繪企業社","Hui Hui Enterprise Company","桃園市八德區大同里福國北街90號9樓之1","9 F.-1, No. 90, Fuguo N. St., Datong Vil., Bade Dist., Taoyuan City 334020, Taiwan (R.O.C.)","潘O元","","","有","有"
"95015221","20240502","20240502","桃源貿易企業社","Taoyuan Trading Enterprise Store","桃園市中壢區興華里長樂街84巷27號(2樓)","2 F., No. 27, Ln. 84, Changle St., Xinghua Vil., Zhongli Dist., Taoyuan City 320062, Taiwan (R.O.C.)","謝O賢","","","有","有"
"95015329","20240628","20240628","樂購科技工作室","HAPPY GO SHOPPING Workshop","桃園市桃園區福安里延平路12巷21號","No. 21, Ln. 12, Yanping Rd., Fu’an Vil., Taoyuan Dist., Taoyuan City 330047, Taiwan (R.O.C.)","楊O揚","03-3371711","","有","有"
"95016143","20250613","20250613","得厚希望企業社","The Hope Mall CO.","桃園市楊梅區四維里益新三街9巷57號(1樓)","1 F., No. 57, Ln. 9, Yixin 3rd St., Siwei Vil., Yangmei Dist., Taoyuan City 326011, Taiwan (R.O.C.)","許O媛","","","有","有"
"95017585","20240514","20240514","順乙興企業社","ShunYiXing Co.","桃園市桃園區中德里桃德路153巷36號","No. 36, Ln. 153, Taode Rd., Zhongde Vil., Taoyuan Dist., Taoyuan City 330065, Taiwan (R.O.C.)","方O維","+886933819962","","有","有"
"95017831","20240514","20240514","嘉格貿易社","Emerald Co.","桃園市中壢區青埔里領航南路四段23號8樓之3","8 F.-3, No. 23, Qingpu, Zhongli Dist., Taoyuan City 320, Taiwan (R.O.C.)","楊O潔","0911007252","","有","有"
"95019438","20240604","20240605","巫托邦魔法小舖","iwillread magic shop","桃園市大溪區三元里石園路57巷46號","No. 46, Ln. 57, Shiyuan Rd., Sanyuan Vil., Daxi Dist., Taoyuan City 335008, Taiwan (R.O.C.)","張O漩","09584343101","","有","有"
"95019818","20240604","20240604","双盈企業社","Wing Wing Co.","桃園市桃園區春日里至善街217號","No. 217, Zhishan St., Chunri Vil., Taoyuan Dist., Taoyuan City 330063, Taiwan (R.O.C.)","李O臻","","","有","有"
"95019839","20240612","20240612","井川一製作","Inokawahajime Co.","桃園市桃園區三民里三民路1段83號11樓","11 F., No. 83, Sec. 1, Sanmin Rd., Sanmin Vil., Taoyuan Dist., Taoyuan City 330017, Taiwan (R.O.C.)","楊O賓","","","有","有"
"95020104","20240704","20240704","星展企業社","starry enterprise Firm","桃園市楊梅區四維里永美路387巷149號(1樓)","1 F., No. 149, Ln. 387, Yongmei Rd., Siwei Vil., Yangmei Dist., Taoyuan City 326009, Taiwan (R.O.C.)","殷O升","0979222175","","有","有"
"95020239","20240603","20240603","愛麗絲工作室","Alice's beauty Shop","桃園市楊梅區瑞坪里福羚路232巷8號5樓","5 F., No. 8, Ln. 232, Fuling Rd., Ruiping Vil., Yangmei Dist., Taoyuan City 326026, Taiwan (R.O.C.)","鄧O婷","0916577698","","有","有"
"95021005","20240529","20250101","路德科技","Luder Technology Co.","桃園市蘆竹區福興里奉化路210號6樓之1","6 F.-1, No. 210, Fenghua Rd., Fuxing Vil., Luzhu Dist., Taoyuan City 338216, Taiwan (R.O.C.)","沈O盟","03-3215218","","有","有"
"95021292","20240604","20240604","凱西友居工作室","KAIC Studio","桃園市平鎮區南勢里南東路104巷51號","No. 51, Ln. 104, Nandong Rd., Nanshi Vil., Pingzhen Dist., Taoyuan City 324015, Taiwan (R.O.C.)","陳O惠","0916928701","","有","有"
"95021384","20240628","20240628","千田水產社","QTCLUB SHOP","桃園市平鎮區復興里環南路10號(1樓)","1 F., No. 10, Huannan Rd., Fuxing Vil., Pingzhen Dist., Taoyuan City 324008, Taiwan (R.O.C.)","楊O忠","03-4917800","","無","無"
"95021716","20240621","20240621","肚瑞企業社","DURUEL Co.","桃園市蘆竹區錦中里南崁路261號(1樓)","1 F., No. 261, Nankan Rd., Jinzhong Vil., Luzhu Dist., Taoyuan City 338019, Taiwan (R.O.C.)","黃O憲","03-2123491","","有","有"
"95022222","20240606","20240606","易萊登實業社","elighton industry Company","桃園市平鎮區義興里環南路403巷50號(3樓)","3 F., No. 50, Ln. 403, Huannan Rd., Yixing Vil., Pingzhen Dist., Taoyuan City 324605, Taiwan (R.O.C.)","蕭O宗","03-4016854","","有","有"
"95022335","20240812","20240812","頑道車業","ONEWAY KUSTOMS Co.","桃園市龜山區舊路里振興路753之1號","No. 753-1, Zhenxing Rd., Jiulu Vil., Guishan Dist., Taoyuan City 333029, Taiwan (R.O.C.)","朱O麒","","","有","有"
"95023019","20240808","20240808","好又多實業社","GOOD AND MORE Co.","桃園市桃園區成功里桃二街77號3樓","3 F., No. 77, Tao 2nd St., Chenggong Vil., Taoyuan Dist., Taoyuan City 330015, Taiwan (R.O.C.)","張O成","0938280928","","有","有"
"95023670","20240715","20240715","雷凌重機械企業社","LEI LIN HEAVY MACHINERY Co.","桃園市中壢區芝芭里高鐵南路二段279號4樓","4F., No. 279, Sec. 2, Gaotie S. Rd., Zhongli Dist., Taoyuan City 320014 , Taiwan (R.O.C.)","陳O哲","03-4910031","03-4988756","有","有"
"95025635","20240806","20250114","烽馬電子科技企業社","Fengma Store","桃園市龍潭區烏林里工二路一段163號(2樓)","2 F., No. 163, Sec. 1, Gong 2nd Rd., Wulin Vil., Longtan Dist., Taoyuan City 325019, Taiwan (R.O.C.)","吳O隆","0936-989138","","有","有"
"95026418","20240711","20240711","恩尼維亞企業社","Aniviia Asia trading company","桃園市平鎮區義民里環南路二段13號19樓之1","19 F.-1, No. 13, Sec. 2, Huannan Rd., Yimin Vil., Pingzhen Dist., Taoyuan City 324621, Taiwan (R.O.C.)","范O麟","","","有","有"
"95026563","20241011","20241011","富立居家百貨","CHIA SHUN Company","桃園市桃園區大有里大有路401號11樓","11 F., No. 401, Dayou Rd., Dayou Vil., Taoyuan Dist., Taoyuan City 330023, Taiwan (R.O.C.)","葉O誠","","","有","有"
"95026579","20250320","20250320","卡娜花藝","Kana Flower Store","桃園市桃園區寶慶里中埔一街119號(1樓)","1 F., No. 119, Zhongpu 1st St., Baoqing Vil., Taoyuan Dist., Taoyuan City 330031, Taiwan (R.O.C.)","吳O萱","03-2150457","","有","有"
"95026640","20250205","20250205","潤匯企業社","Runhui TRADING Company","桃園市中壢區中正里榮和五街50號(5樓)","5 F., No. 50, Ronghe 5th St., Zhongzheng Vil., Zhongli Dist., Taoyuan City 320034, Taiwan (R.O.C.)","吳O誠","","","有","有"
"95026655","20240715","20240715","八百里企業社","babaili Co.","桃園市桃園區中平里壽昌街53之2號","No. 53-2, Shouchang St., Zhongping Vil., Taoyuan Dist., Taoyuan City 330038, Taiwan (R.O.C.)","李O豐","0937594516","","有","有"
"95028106","20241104","20241104","雷神創意行銷","Rex Creative Marketing Co.","桃園市大園區青峰里大豐一街62號7樓之3","7 F.-3, No. 62, Dafeng 1st St., Dayuan Dist., Taoyuan City 337056, Taiwan (R.O.C.)","江O鵬","0939038418","","有","有"
"95028653","20240730","20240730","翔藝汽車精品","Xiangyi Automobile Boutique","桃園市桃園區南門里三民路三段316之1號","No. 316-1, Sec. 3, Sanmin Rd., Nanmen Vil., Taoyuan Dist., Taoyuan City 330004, Taiwan (R.O.C.)","羅O翔","","","有","有"
"95028871","20250207","20250417","采奕車坊","CAIYI AUTO COMPANY","桃園市桃園區寶慶里寶慶路58號","No. 58, Baoqing Rd., Baoqing Vil., Taoyuan Dist., Taoyuan City 330061, Taiwan (R.O.C.)","陳O鴻","0938532253","","有","有"
"95029908","20250106","20250106","獨角獸魔法商行","unicorn.yujin Sole Proprietorship","桃園市中壢區新街里環北路400號17樓之6","17 F.-6, No. 400, Huanbei Rd., Xinjie Vil., Zhongli Dist., Taoyuan City 320675, Taiwan (R.O.C.)","古O雯","0961104912","","有","有"
"95030068","20241107","20241107","晴勛企業社","CHINN SHUNN Co.","桃園市八德區福興里廣興路108巷9號(1樓)","1 F., No. 9, Ln. 108, Guangxing Rd., Fuxing Vil., Bade Dist., Taoyuan City 334026, Taiwan (R.O.C.)","邱O勛","03-3659678","","無","無"
"95030320","20240812","20240812","台科企業社","TaiKe K. Enterprise Co.","桃園市桃園區中山里中平路98號14樓之1","14 F.-1, No. 98, Zhongping Rd., Zhongshan Vil., Taoyuan Dist., Taoyuan City 330795, Taiwan (R.O.C.)","郭O君","","","無","無"
"95030898","20250617","20250617","智太工程行","Chi Tai Engineering Co.","桃園市中壢區永福里西園路66巷21號(1樓)","1 F., No. 21, Ln. 66, Xiyuan Rd., Yongfu Vil., Zhongli Dist., Taoyuan City 320017, Taiwan (R.O.C.)","黃O豪","","","有","有"
"95031812","20240812","20240812","喬帆企業社","Senyupupu Store","桃園市桃園區北門里民生路495之5號","No. 495-5, Minsheng Rd., Beimen Vil., Taoyuan Dist., Taoyuan City 330006, Taiwan (R.O.C.)","陳O懋","03-3363119","","有","有"
"95034043","20250326","20250326","宥昊商行","YH YOU HAO Co.","新竹縣竹北市聯興里新國街50巷220號","No. 220, Ln. 50, Xinguo St., Lianxing Vil., Zhubei City, Hsinchu County 302011, Taiwan (R.O.C.)","曾O傑","","","有","有"
"95053322","20240605","20240605","上鐵創藝社","ShangTie Workshop","宜蘭縣五結鄉大吉村五結中路二段368巷7弄19號二樓","2 F., No. 19, Aly. 7, Ln. 368, Sec. 2, Wujie Central Rd., Wujie Township, Yilan County 268034, Taiwan (R.O.C.)","戴O廷","","","有","有"
"95053499","20240605","20250121","甜緒商行","Tian xu Store","新北市新店區安和路3段9巷9號5樓","5 F., No. 9, Ln. 9, Sec. 3, Anhe Rd., Xindian Dist., New Taipei City 231057, Taiwan (R.O.C.)","楊O蘩","0970024855","","有","有"
"95053717","20240605","20240605","好飾盒洋行","L'ECRIN M Co.","宜蘭縣壯圍鄉大福路二段281巷8弄1號","No. 1, Aly. 8, Ln. 281, Dafu Rd., Zhuangwei Township, Yilan County 263, Taiwan (R.O.C.)","盧O瑩","0926322666","","有","有"
"95056355","20240826","20240826","石代廣場工作室","Ore.square Studio","宜蘭縣三星鄉天福村福山街225之1號一樓","1 F., No. 225-1, Fushan St., Sanxing Township, Yilan County 266001, Taiwan (R.O.C.)","鄭O陽","+8860937894673","","有","有"
"95057657","20240905","20240906","久久踢踏工作室","99tita Studio","宜蘭縣羅東鎮維揚里中山路四段139號二樓","2F., No. 139, Sec. 4, Zhongshan Rd., Weiyang Vil., Luodong Township, Yilan County , Taiwan (R.O.C.)","吳O儀","","","有","有"
"95060689","20240620","20240620","金圓巢商貿企業社","JIN YUAN CHAO Co.","金門縣金城鎮珠沙里東沙２３號","No. 23, Dongsha, Zhusha Vil., Jincheng Township, Kinmen County 893017, Taiwan (R.O.C.)","黃O璋","0965246808","","有","有"
"95061189","20241125","20241125","長樂棋牌休閒館","CHANG LE LEISURE SHOP","金門縣金寧鄉湖埔村慈湖路一段１１之１１號","No. 11-11, Sec. 1, Cihu Rd., Jinning Township, Kinmen County 892018, Taiwan (R.O.C.)","林O福","0955-376799","","有","有"
"95061420","20241106","20241106","芊億企業社","Qianyi Enterprise Co.","金門縣金寧鄉湖埔村湖峰路９號七樓","7 F., No. 9, Hufeng Rd., Jinning Township, Kinmen County 892014, Taiwan (R.O.C.)","林O逸","0933699570","","有","有"
"95061842","20241227","20241227","長泓水產育苗養殖場","CHANG HUNG AQUACULTURE FARM COMPANY","金門縣金湖鎮瓊林里環島北路三段８３之３號","No. 83-3, Sec. 3, Huandao N. Rd., Qionglin Vil., Jinhu Township, Kinmen County 891016, Taiwan (R.O.C.)","蘇O政","0979-688317","","有","有"
"95075944","20240509","20240509","想泰泰國際餐飲企業社","ENJOY TAI TAI INTERNATIONAL FOOD ENTERPRISE Restaurant","新北市蘆洲區中山二路147號(1樓)","1 F., No. 147, Zhongshan 2nd Rd., Luzhou Dist., New Taipei City 247015, Taiwan (R.O.C.)","張O政","0989725577","","無","無"
"95092042","20250203","20250203","社團法人臺灣太空世代發展協會","Taiwan Space Generation","新竹市東區公道五路二段２５６號","No. 256, Sec. 2, Gongdao 5th Rd., East Dist., Hsinchu City 300043, Taiwan","王O棣","","","有","有"
"95101817","20241004","20241004","黑田家雜貨社","Skydoghaus Co.","桃園市桃園區自強里新埔十街14巷8之1號2樓","2 F., No. 8-1, Ln. 14, Xinpu 10th St., Ziqiang Vil., Taoyuan Dist., Taoyuan City 330008, Taiwan (R.O.C.)","蔡O真","","","有","有"
"95101823","20240805","20241112","白金文坊","Platinum culture Studio","桃園市龍潭區渴望里渴望一路261巷33號","No. 33, Ln. 261, Kewang 1st Rd., Longtan Dist., Taoyuan City 325016, Taiwan (R.O.C.)","陳O存","","","有","有"
"95101865","20240802","20240802","嘉誠農產企業社","Jia Cheng Farm Firm","桃園市楊梅區青山里青山三街46號2樓","2 F., No. 46, Qingshan 3rd St., Yangmei Dist., Taoyuan City 326013, Taiwan (R.O.C.)","孫O擎","02-29109933","02-29107528","有","有"
"95102301","20240820","20240820","心澄商行","glucose Co.","桃園市中壢區仁祥里華勛街163巷26號3樓","3 F., No. 26, Ln. 163, Huaxun St., Renxiang Vil., Zhongli Dist., Taoyuan City 320035, Taiwan (R.O.C.)","劉O彥","","","有","有"
"95102983","20241127","20241127","洛奇亞企業社","luoqiya Studio","桃園市中壢區德義里中山東路1段155號5樓","5 F., No. 155, Sec. 1, Zhongshan E. Rd., Deyi Vil., Zhongli Dist., Taoyuan City 320001, Taiwan (R.O.C.)","鄧O奕","","","有","有"
"95103358","20241023","20241023","允宜商舖","YUNYI ST Co.","桃園市桃園區中山里中平路98號14樓之1","14 F.-1, No. 98, Zhongping Rd., Zhongshan Vil., Taoyuan Dist., Taoyuan City 330795, Taiwan (R.O.C.)","王O婕","","","有","有"
"95103499","20250317","20250317","金牛喵坊","JIN NIU MIAO Shop","桃園市中壢區普忠里環中東路770號12樓","12 F., No. 770, Huanzhong E. Rd., Puzhong Vil., Zhongli Dist., Taoyuan City 320063, Taiwan (R.O.C.)","尹O禎","","","有","有"
"95103673","20241030","20241030","承楷企業社","Cheng Kai Enterprise Co.","桃園市蘆竹區錦中里南崁路324號","No. 324, Nankan Rd., Jinzhong Vil., Luzhu Dist., Taoyuan City 338019, Taiwan (R.O.C.)","李O勳","","","有","有"
"95104722","20240819","20240819","威漢科技企業社","WII HAN Technology Enterprise Co.","桃園市八德區大和里銀和街71巷6號18樓之6","18 F.-6, No. 6, Ln. 71, Yinhe St., Dahe Vil., Bade Dist., Taoyuan City 334623, Taiwan (R.O.C.)","蘇O媛","","","有","有"
"95104912","20240904","20250604","築起企業社","BUILD ENTERPRISE Co.","新北市樹林區啓智街83號3樓","3 F., No. 83, Qizhi St., Shulin Dist., New Taipei City 238006, Taiwan (R.O.C.)","吳O瑜","0989473293","03-26839446","有","有"
"95105052","20250402","20250402","倢如恩企業社","LRM Company","桃園市大園區青峰里領航北路四段110之1號5樓","5 F., No. 110-1, Sec. 4, Linghang N. Rd., Dayuan Dist., Taoyuan City 337002, Taiwan (R.O.C.)","蘇O恩","","","有","有"
"95105834","20240826","20240826","詠紘石材","YONG HONG STONE Co.","桃園市中壢區文化里文化路381號(2樓)","2 F., No. 381, Wenhua Rd., Wenhua Vil., Zhongli Dist., Taoyuan City 320030, Taiwan (R.O.C.)","莊O婷","0953786162","","有","有"
"95106025","20250207","20250207","安娜艸日工作室","Queen Anna Studio","桃園市中壢區中建里中央西路一段1號4樓","4 F., No. 1, Sec. 1, Zhongyang W. Rd., Zhongjian Vil., Zhongli Dist., Taoyuan City 320002, Taiwan (R.O.C.)","戴O芝","","","有","有"
"95106192","20241209","20241209","姆萬商行","MUUWAN CO.","桃園市桃園區文化里成功路一段31之5號","No. 31-5, Sec. 1, Chenggong Rd., Wenhua Vil., Taoyuan Dist., Taoyuan City 330005, Taiwan (R.O.C.)","陳O真","","","無","無"
"95106995","20250619","20250619","衍平生活用品企業社","Yanping daily necessities Studio","桃園市平鎮區新富里環南路二段265號3樓之7","3 F.-7, No. 265, Sec. 2, Huannan Rd., Xinfu Vil., Pingzhen Dist., Taoyuan City 324603, Taiwan (R.O.C.)","江O平","","","有","有"
"95107404","20240905","20240905","艾倫車刀行","LIN-MAY ENTERPRISE Co.","桃園市平鎮區平安里新光路三段135巷7弄9號","No. 9, Aly. 7, Ln. 135, Sec. 3, Xinguang Rd., Ping’an Vil., Pingzhen Dist., Taoyuan City 324039, Taiwan (R.O.C.)","林O倫","0937690462","03-4392114","有","有"
"95107827","20240912","20240912","沐享商行","Mu Xiang Store","桃園市楊梅區埔心里中興路109號","No. 109, Puxin, Yangmei Dist., Taoyuan City 326, Taiwan (R.O.C.)","陳O玲","03-4829009","","有","有"
"95108038","20240911","20240911","聚富國際商行","Jufu International Trading Co.","桃園市桃園區中興里民安路100之1號","No. 100-1, Min'an Rd., Zhongxing Vil., Taoyuan Dist., Taoyuan City 330029, Taiwan (R.O.C.)","郭O蓉","0976-888011","","有","有"
"95108543","20241001","20241001","禧雄冷飲店","Xixiong Store","桃園市蘆竹區錦中里南崁路247號(1樓)","1 F., No. 247, Nankan Rd., Jinzhong Vil., Luzhu Dist., Taoyuan City 338019, Taiwan (R.O.C.)","魏O筑","03-3120250","","有","有"
"95108733","20250520","20250520","晨拾工作室","CHEN SHI STUDIO Co.","桃園市中壢區洽溪里民權路四段543號","No. 543, Sec. 4, Minquan Rd., Qiaxi Vil., Zhongli Dist., Taoyuan City 320014, Taiwan (R.O.C.)","林O紋","","","有","有"
"95108776","20241009","20241009","暉炫數位通訊企業社","Hui Xuan Digital Communication Co.","桃園市桃園區寶慶里中埔一街129號1樓","1 F., No. 129, Zhongpu 1st St., Baoqing Vil., Taoyuan Dist., Taoyuan City 330031, Taiwan (R.O.C.)","陳O暉","0968776712","","有","有"
"95108831","20240912","20250304","白澤生活製造所","Deermart Workshop","桃園市中壢區興南里中美路1段18號13樓之15","13 F.-15, No. 18, Sec. 1, Zhongmei Rd., Xingnan Vil., Zhongli Dist., Taoyuan City 320576, Taiwan (R.O.C.)","梁O雅","0925655526","","有","有"
"95109389","20241104","20241104","台灣得物代購跨境商事","Taiwan Tox Trading Firm","桃園市中壢區新街里環北路400號17樓之6","17 F.-6, No. 400, Huanbei Rd., Xinjie Vil., Zhongli Dist., Taoyuan City 320675, Taiwan (R.O.C.)","李O忠","","","有","有"
"95109661","20241007","20241007","莘莘運動企業社","YT-SPORT Co.","桃園市中壢區文化里吉林路66號","No. 66, Jilin Rd., Wenhua Vil., Zhongli Dist., Taoyuan City 320022, Taiwan (R.O.C.)","謝O慶","0982130825","","有","有"
"95109780","20250313","20250313","愛哭包企業社","Crying Bag Company","桃園市觀音區新坡里新生路35號(1樓)","1 F., No. 35, Xinsheng Rd., Xinpo Vil., Guanyin Dist., Taoyuan City 328015, Taiwan (R.O.C.)","馮O祖","","","有","有"
"95110029","20241004","20241004","桃園碩力企業社","Taoyuan Shuoli Co.","桃園市平鎮區廣達里民族路233號(1樓)","1 F., No. 233, Minzu Rd., Guangda Vil., Pingzhen Dist., Taoyuan City 324007, Taiwan (R.O.C.)","傅O婕","","","有","有"
"95110098","20241001","20241001","湛藍潛旅工作室","Into The Blue Diving Studio","桃園市蘆竹區羊稠里仁愛路三段226號","No. 226, Sec. 3, Ren'ai Rd., Luzhu Dist., Taoyuan City 338104, Taiwan","楊O凱","03-2221932","","有","有"
"95110338","20241016","20250111","玖果服飾","Eagle Bomb Nine Bomb International Co.","桃園市中壢區中堅里台貿二街18號(4樓)","4 F., No. 18, Taimao 2nd St., Zhongjian Vil., Zhongli Dist., Taoyuan City 320038, Taiwan (R.O.C.)","陳O瑋","0930398572","","有","有"
"95111110","20250604","20250604","斐莉設計工作室","FELICE ILLUSTRATION STUDIO","桃園市龜山區文化里文化二路295號11樓","11 F., No. 295, Wenhua 2nd Rd., Wenhua Vil., Guishan Dist., Taoyuan City 333611, Taiwan (R.O.C.)","陳O雅","","","有","有"
"95111239","20241022","20241022","益喆商行","YICHE COMPANY","桃園市蘆竹區正興里南順四街1巷2號3樓","3 F., No. 2, Ln. 1, Nanshun 4th St., Zhengxing Vil., Luzhu Dist., Taoyuan City 338201, Taiwan (R.O.C.)","阮O香","","","有","有"
"95111343","20240927","20241009","米寵寵物用品店","WEI,CHIEN HUI Store","桃園市中壢區龍東里龍東十二街91號(2樓)","2 F., No. 91, Longdong 12th St., Longdong Vil., Zhongli Dist., Taoyuan City 320052, Taiwan (R.O.C.)","魏O慧","0968530812","","有","有"
"95111815","20250521","20250521","喜勝企業社","XI-SHENG Studio","桃園市八德區大興里重慶街198巷32號3樓","3 F., No. 32, Ln. 198, Chongqing St., Daxing Vil., Bade Dist., Taoyuan City 334005, Taiwan (R.O.C.)","巫O珊","","","有","有"
"95112151","20241021","20241021","鍵陞模具企業社","JIAN SHENG MOLDS Co.","桃園市平鎮區廣興里延平路2段16號11樓之3","11 F.-3, No. 16, Sec. 2, Yanping Rd., Guangxing Vil., Pingzhen Dist., Taoyuan City 324602, Taiwan (R.O.C.)","江O芳","","","有","有"
"95112589","20241021","20241021","皎石工作室","Joyce Studio","桃園市龜山區迴龍里萬壽路一段50巷8之1號2樓","2 F., No. 8-1, Ln. 50, Sec. 1, Wanshou Rd., Huilong Vil., Guishan Dist., Taoyuan City 333027, Taiwan (R.O.C.)","韓O樺","","","有","有"
"95112820","20241009","20250103","大旭企業社","Dae Wook Enterprise Co.","桃園市八德區大勇里忠勇街424巷108號(3樓)","3 F., No. 108, Ln. 424, Zhongyong St., Dayong Vil., Bade Dist., Taoyuan City 334030, Taiwan","陳O緯","03-3322999","","有","有"
"95113193","20250609","20250609","德匯企業社","D.h Co.","桃園市中壢區中正里榮和五街50號(1樓)","1 F., No. 50, Ronghe 5th St., Zhongzheng Vil., Zhongli Dist., Taoyuan City 320034, Taiwan (R.O.C.)","林O澄","","","有","有"
"95113948","20241022","20241022","宥允企業社","Noah the ark Co.","桃園市蘆竹區蘆竹里蘆興街100巷2弄5號(1樓)","1 F., No. 5, Aly. 2, Ln. 100, Luxing St., Luzhu Vil., Luzhu Dist., Taoyuan City 338207, Taiwan (R.O.C.)","賴O惠","0903201881","","有","有"
"95114123","20241021","20241021","聯宸物流行","Lian Chen express Co.","桃園市楊梅區裕新里裕成南路348號4樓","4 F., No. 348, Yucheng S. Rd., Yuxin Vil., Yangmei Dist., Taoyuan City 326028, Taiwan (R.O.C.)","谷O宸","0968029651","","有","有"
"95114377","20241021","20241021","卓燁企業社","Jhuo Ye Co.","桃園市中壢區仁美里中山東路3段115巷9號(1樓)","1 F., No. 9, Ln. 115, Sec. 3, Zhongshan E. Rd., Renmei Vil., Zhongli Dist., Taoyuan City 320039, Taiwan (R.O.C.)","廖O銓","0900-439938","","有","有"
"95115262","20241210","20241210","禾優企業社","Beaucoup Co.","桃園市中壢區仁和里仁德三街75號","No. 75, Rende 3rd St., Renhe Vil., Zhongli Dist., Taoyuan City 320037, Taiwan (R.O.C.)","周O萍","0936711758","","有","有"
"95116255","20241101","20241101","菲萊莉企業社","Fyralip Co.","桃園市中壢區新明里民權路81號之6十樓","10 F., No. 81-6, Minquan Rd., Xinming Vil., Zhongli Dist., Taoyuan City 320004, Taiwan (R.O.C.)","李O勇","0922291297","","有","有"
"95116261","20241113","20241113","泰倫思企業","terence group Co.","桃園市龜山區樂善里樂學三路79號(1樓)","1 F., No. 79, Lexue 3rd Rd., Leshan Vil., Guishan Dist., Taoyuan City 333001, Taiwan (R.O.C.)","李O宏","","","有","有"
"95116473","20241107","20241107","星天採購企業社","Infinte Company","桃園市中壢區普忠里環中東路770號12樓","12 F., No. 770, Huanzhong E. Rd., Puzhong Vil., Zhongli Dist., Taoyuan City 320063, Taiwan (R.O.C.)","廖O倫","0972709326","","有","有"
"95116570","20241101","20241101","穩心陪伴工作室","Grounding Path Studio","桃園市桃園區東門里朝陽街一段91號","No. 91, Sec. 1, Chaoyang St., Dongmen Vil., Taoyuan Dist., Taoyuan City 330014, Taiwan (R.O.C.)","林O慧","","","有","有"
"95117183","20241106","20241106","圓夢實業","YM Provisions Company","桃園市八德區竹園里長興路677巷80弄15衖12號","No. 12, Aly. 80-15, Ln. 677, Changxing Rd., Zhuyuan Vil., Bade Dist., Taoyuan City 334012, Taiwan (R.O.C.)","范O譯","0979112129","","有","有"
"95117450","20241125","20241125","露法商行","LITTLE LOOFAH CO.","桃園市中壢區普忠里實踐路80巷8號(1樓)","1 F., No. 8, Ln. 80, Shijian Rd., Puzhong Vil., Zhongli Dist., Taoyuan City 320041, Taiwan (R.O.C.)","葉O青","03-4651904","","有","有"
"95117727","20241121","20241121","美妮商行","Many Studio","桃園市楊梅區瑞塘里萬大路154號","No. 154, Wanda Rd., Ruitang Vil., Yangmei Dist., Taoyuan City 326104, Taiwan (R.O.C.)","徐O君","03-4829336","","有","有"
"95118129","20241118","20241118","萌揚國際企業社","REVE BEAUTY GLOBAL Co.","桃園市桃園區大業里經國路9號7樓之1","7 F.-1, No. 9, Jingguo Rd., Daye Vil., Taoyuan Dist., Taoyuan City 330020, Taiwan (R.O.C.)","陳O宇","","","無","無"
"95118520","20250313","20250313","鋐洋顧問企業社","HongYang Consultants Company","桃園市桃園區福林里福林街50號(2樓)","2 F., No. 50, Fulin St., Fulin Vil., Taoyuan Dist., Taoyuan City 330058, Taiwan (R.O.C.)","徐O慶","","","有","有"
"95118660","20241115","20241115","震宇企業社","ZHEN YU SUPER COMPANY","桃園市中壢區至善里後興路一段179號13樓","13 F., No. 179, Sec. 1, Houxing Rd., Zhishan Vil., Zhongli Dist., Taoyuan City 320678, Taiwan (R.O.C.)","林O莉","0913173836","","有","有"
"95119366","20241201","20241201","芬達實驗室","Phardera Lab","桃園市中壢區興福里中福路222號","No. 222, Zhongfu Rd., Xingfu Vil., Zhongli Dist., Taoyuan City 320068, Taiwan (R.O.C.)","陳O瑋","","","有","有"
"95119491","20250407","20250407","網星電子企業社","InternetStar Co.","桃園市蘆竹區南崁里經國路908號15樓","15 F., No. 908, Jingguo Rd., Nankan Vil., Luzhu Dist., Taoyuan City 338018, Taiwan (R.O.C.)","葉O文","03-2630660","","有","有"
"95119598","20241203","20241203","傑克企業社","Jack Firm","桃園市觀音區觀音里信義路18號(1樓)","1 F., No. 18, Xinyi Rd., Guanyin Vil., Guanyin Dist., Taoyuan City 328003, Taiwan (R.O.C.)","廖O傑","0927010628","","有","有"
"95120814","20250226","20250226","鉑金企業社","bo jin Company","桃園市桃園區民生里東園街1號2樓","2 F., No. 1, Dongyuan St., Minsheng Vil., Taoyuan Dist., Taoyuan City 330014, Taiwan (R.O.C.)","張O義","","","有","有"
"95120820","20250313","20250524","銀壺企業社","Silver Pot Company","新北市新店區安興路127之13號8樓","8 F., No. 127-13, Anxing Rd., Xindian Dist., New Taipei City 231066, Taiwan (R.O.C.)","高O峯","","","有","有"
"95120841","20250313","20250524","鉑祥企業社","BO SHIANG Company","新北市新店區安興路127之13號8樓","8 F., No. 127-13, Anxing Rd., Xindian Dist., New Taipei City 231066, Taiwan (R.O.C.)","高O帆","","","有","有"
"95120899","20250313","20250313","鉑古企業社","BO GU Company","桃園市桃園區民生里東園街1號2樓","2 F., No. 1, Dongyuan St., Minsheng Vil., Taoyuan Dist., Taoyuan City 330014, Taiwan (R.O.C.)","李O家","","","有","有"
"95120912","20250313","20250408","可順企業社","Keshun Company","桃園市蘆竹區福興里奉化路182號5樓之2","5 F.-2, No. 182, Fenghua Rd., Fuxing Vil., Luzhu Dist., Taoyuan City 338216, Taiwan (R.O.C.)","宋O軒","","","有","有"
"95120928","20250313","20250313","銀順企業社","Yinshun Company","桃園市桃園區民生里東園街1號2樓","2 F., No. 1, Dongyuan St., Minsheng Vil., Taoyuan Dist., Taoyuan City 330014, Taiwan (R.O.C.)","王O勇","","","有","有"
"95120954","20250314","20250314","鉑逸企業社","POLYTECH Company","桃園市桃園區民生里東園街1號2樓","2 F., No. 1, Dongyuan St., Minsheng Vil., Taoyuan Dist., Taoyuan City 330014, Taiwan (R.O.C.)","彭O蔘","","","有","有"
"95120997","20241203","20241203","飛萬企業社","KOIGASSAMA ENTERPRISESOCIETY Co.","桃園市桃園區慈文里慈光街152號7樓","7 F., No. 152, Ciguang St., Ciwen Vil., Taoyuan Dist., Taoyuan City 330009, Taiwan (R.O.C.)","徐O娟","0960079301","","有","有"
"95121503","20250307","20250307","伍浩企業社","NO.5CAFE STORE","桃園市中壢區信義里甘肅二街5號(1樓)","1 F., No. 5, Gansu 2nd St., Xinyi Vil., Zhongli Dist., Taoyuan City 320048, Taiwan (R.O.C.)","游O玲","0968080026","","有","有"
"95121573","20250117","20250117","樂選商行","LE.SELECT STORE","桃園市中壢區新街里環北路398號5樓之6","5 F.-6, No. 398, Huanbei Rd., Xinjie Vil., Zhongli Dist., Taoyuan City 320675, Taiwan (R.O.C.)","周O懿","","","有","有"
"95122382","20250116","20250116","程希皮拉提斯工作室","ChengXi Pilates Studio","桃園市桃園區同安里新埔六街77號6樓之5","6 F.-5, No. 77, Xinpu 6th St., Tong’an Vil., Taoyuan Dist., Taoyuan City 330007, Taiwan (R.O.C.)","程O祺","033268585","","有","有"
"95122398","20241210","20241210","越發企業社","YUE FA CO.","桃園市平鎮區復旦里文化街8巷13號(1樓)","1 F., No. 13, Ln. 8, Wenhua St., Fudan Vil., Pingzhen Dist., Taoyuan City 324010, Taiwan (R.O.C.)","彭O樑","0932373007","","有","有"
"95122518","20241225","20241225","興馨商行","SING SIN CO.","桃園市桃園區龍安里國豐三街145號7樓","7 F., No. 145, Guofeng 3rd St., Long’an Vil., Taoyuan Dist., Taoyuan City 330033, Taiwan (R.O.C.)","顧O中","","","有","有"
"95122622","20241216","20241216","英普敦商行","EPD Motorsports Co.","桃園市龍潭區黃唐里中興路416巷78弄8號","No. 8, Aly. 78, Ln. 416, Zhongxing Rd., Huangtang Vil., Longtan Dist., Taoyuan City 325015, Taiwan (R.O.C.)","彭O建","","","有","有"
"95123621","20250117","20250117","杏樹實業社","XING SHU ENTERPRISE COMPANY","桃園市桃園區大有里大有路401號11樓","11 F., No. 401, Dayou Rd., Dayou Vil., Taoyuan Dist., Taoyuan City 330023, Taiwan (R.O.C.)","劉O晴","89857700","","有","有"
"95123636","20250117","20250117","隆澔實業社","LUNG HO ENTERPRISE COMPANY","桃園市平鎮區新富里環南路二段265號3樓之7","3 F.-7, No. 265, Sec. 2, Huannan Rd., Xinfu Vil., Pingzhen Dist., Taoyuan City 324603, Taiwan (R.O.C.)","劉O晴","89857700","","有","有"
"95123642","20250117","20250117","治宇實業社","CHI YU ENTERPRISE COMPANY","桃園市桃園區大有里大有路401號11樓","11 F., No. 401, Dayou Rd., Dayou Vil., Taoyuan Dist., Taoyuan City 330023, Taiwan (R.O.C.)","劉O晴","89857700","","有","有"
"95123690","20250103","20250103","蓮恆商行","Lian Heng Store","桃園市中壢區成功里大華路197之1號2樓","2 F., No. 197-1, Dahua Rd., Chenggong Vil., Zhongli Dist., Taoyuan City 320069, Taiwan (R.O.C.)","李O蓮","","","有","有"
"95123707","20250103","20250103","火旺商行","Huowang Shop","桃園市中壢區興華里長樂街84巷27號(1樓)","1 F., No. 27, Ln. 84, Changle St., Xinghua Vil., Zhongli Dist., Taoyuan City 320062, Taiwan (R.O.C.)","黃O瑜","","","有","有"
"95124229","20250313","20250313","昊晏企業社","HAU YAN Company","桃園市桃園區民生里東園街1號2樓","2 F., No. 1, Dongyuan St., Minsheng Vil., Taoyuan Dist., Taoyuan City 330014, Taiwan (R.O.C.)","黃O儒","","","有","有"
"95124234","20250313","20250313","鎧翔商行","Kai Xiang Company","桃園市桃園區民生里東園街1號2樓","2 F., No. 1, Dongyuan St., Minsheng Vil., Taoyuan Dist., Taoyuan City 330014, Taiwan (R.O.C.)","方O翔","","","無","無"
"95124255","20250313","20250313","玖駟商行","Jiuxian Trading Company","桃園市桃園區福林里福林街50號(2樓)","2 F., No. 50, Fulin St., Fulin Vil., Taoyuan Dist., Taoyuan City 330058, Taiwan (R.O.C.)","林O軒","","","有","有"
"95124261","20250313","20250313","快樂購企業社","Kuaile Gou Company","桃園市桃園區福林里福林街50號(2樓)","2 F., No. 50, Fulin St., Fulin Vil., Taoyuan Dist., Taoyuan City 330058, Taiwan (R.O.C.)","徐O庭","","","有","有"
"95125395","20241225","20241225","秋燕企業社","QIU YAN COMPANY","桃園市大溪區南興里仁和路二段190巷65弄16號","No. 16, Aly. 65, Ln. 190, Sec. 2, Renhe Rd., Nanxing Vil., Daxi Dist., Taoyuan City 335004, Taiwan (R.O.C.)","利O燕","0988170405","","有","有"
"95125705","20241226","20241226","智強企業社","ZHI QIANG COMPANY","桃園市平鎮區平南里中庸路45巷138號","No. 138, Ln. 45, Zhongyong Rd., Pingnan Vil., Pingzhen Dist., Taoyuan City 324018, Taiwan (R.O.C.)","陳O強","0988170405","","有","有"
"95125711","20241226","20241226","安琪企業社","AN QI COMPANY","桃園市中壢區新明里新明路41號4樓","4 F., No. 41, Xinming Rd., Xinming Vil., Zhongli Dist., Taoyuan City 320004, Taiwan (R.O.C.)","陳O琪","0988170405","","有","有"
"95125727","20241226","20241226","月玉企業社","YUE YU COMPANY","桃園市龍潭區大平里民強街17號","No. 17, Minqiang St., Daping Vil., Longtan Dist., Taoyuan City 325007, Taiwan (R.O.C.)","林O玉","0988170405","","有","有"
"95125732","20241226","20241226","緯綸企業社","WEI LUEN COMPANY","桃園市中壢區新街里環北路398號5樓之6","5 F.-6, No. 398, Huanbei Rd., Xinjie Vil., Zhongli Dist., Taoyuan City 320675, Taiwan (R.O.C.)","陳O綸","0988170405","","有","有"
"95125830","20241226","20241226","悅娟企業社","YUE JUAN COMPANY","桃園市中壢區新明里新明路43號4樓","4 F., No. 43, Xinming Rd., Xinming Vil., Zhongli Dist., Taoyuan City 320004, Taiwan (R.O.C.)","林O娟","0988170405","","有","有"
"95125867","20241226","20241226","文雯企業社","WUN WUN COMPANY","桃園市中壢區普仁里中山東路1段341巷10號2樓","2 F., No. 10, Ln. 341, Sec. 1, Zhongshan E. Rd., Puren Vil., Zhongli Dist., Taoyuan City 320043, Taiwan (R.O.C.)","陳OO","0988170405","","有","有"
"95125873","20241228","20241228","雯瑜企業社","WEN YU COMPANY","桃園市中壢區新街里延平路261號7樓","7 F., No. 261, Yanping Rd., Xinjie Vil., Zhongli Dist., Taoyuan City 320675, Taiwan (R.O.C.)","曾O榆","0988170405","","有","有"
"95125901","20241228","20241228","小敏企業社","SIAO MIN COMPANY","桃園市中壢區普仁里中山東路一段341巷10號(1樓)","1 F., No. 10, Ln. 341, Sec. 1, Zhongshan E. Rd., Puren Vil., Zhongli Dist., Taoyuan City 320043, Taiwan (R.O.C.)","黃O","0988170405","","有","有"
"95125917","20241228","20241228","億泓企業社","LI YI HONG Company","桃園市中壢區金華里環北路358號8樓之3","8 F.-3, No. 358, Huanbei Rd., Jinhua Vil., Zhongli Dist., Taoyuan City 320675, Taiwan (R.O.C.)","李O弘","0988170405","","無","無"
"95126248","20241231","20241231","日華語研堂","Nikka Culture Services Co.","桃園市桃園區同安里中正路1050號14樓","14 F., No. 1050, Zhongzheng Rd., Tong’an Vil., Taoyuan Dist., Taoyuan City 330010, Taiwan (R.O.C.)","李OO","033162031","","有","有"
"95126423","20250116","20250116","超級牛商行","Super Bull Shop","桃園市中壢區成功里大華路197-1號2樓","2 F., No. 197-1, Dahua Rd., Chenggong Vil., Zhongli Dist., Taoyuan City 320069, Taiwan (R.O.C.)","侯O瑛","","","有","有"
"95126438","20250123","20250123","秈峰企業社","Xian Feng water heater Company","桃園市中壢區仁美里中山東路3段45號(2樓)","2 F., No. 45, Sec. 3, Zhongshan E. Rd., Renmei Vil., Zhongli Dist., Taoyuan City 320039, Taiwan (R.O.C.)","黃O竣","","","有","有"
"95126710","20250217","20250217","福黃企業社","Fu Huang Store","桃園市桃園區東埔里中正路490號(1樓)","1 F., No. 490, Zhongzheng Rd., Dongpu Vil., Taoyuan Dist., Taoyuan City 330013, Taiwan (R.O.C.)","馮O民","","","有","有"
"95126866","20250204","20250204","十七視覺設計工作室","YEECHI VISUAL STUDIO","桃園市大溪區仁武里公園路19號(1樓)","1 F., No. 19, Gongyuan Rd., Renwu Vil., Daxi Dist., Taoyuan City 335019, Taiwan (R.O.C.)","施O棋","0905658181","","有","有"
"95127318","20250505","20250505","永煦企業社","Yong Xu Enterprise Co.","桃園市蘆竹區蘆興里南竹路二段315巷34弄21號","No. 21, Aly. 34, Ln. 315, Sec. 2, Nanzhu Rd., Luxing Vil., Luzhu Dist., Taoyuan City 338006, Taiwan (R.O.C.)","莊O霖","03-3137317","","有","有"
"95127632","20250120","20250120","萊德實業","Lai De enterprise Co.","桃園市中壢區文化里長春二路252號","No. 252, Changchun 2nd Rd., Wenhua Vil., Zhongli Dist., Taoyuan City 320022, Taiwan (R.O.C.)","王O妤","0921531218","","有","有"
"95127696","20250415","20250415","九四要拆卡工作室","Allinboxbreaks Studio","桃園市桃園區文中里文中二路125號11樓","11 F., No. 125, Wenzhong 2nd Rd., Wenzhong Vil., Taoyuan Dist., Taoyuan City 330059, Taiwan (R.O.C.)","歐O斌","","","有","有"
"95127979","20250114","20250114","承橋國際企業","Bridgepoint International Co.","桃園市中壢區新街里環北路398號5樓之6","5 F.-6, No. 398, Huanbei Rd., Xinjie Vil., Zhongli Dist., Taoyuan City 320675, Taiwan (R.O.C.)","傅O瑜","","","有","有"
"95133281","20240731","20240731","愛派克斯國際企業社","Apex International Technology CO.","新北市林口區四維路110號1樓之2","1 F.-2, No. 110, Siwei Rd., Linkou Dist., New Taipei City 244019, Taiwan (R.O.C.)","薛O之","","","有","有"
"95133727","20241217","20241217","祝祝商行","Zhuzhu Shop","新北市淡水區民權路111號3樓","3 F., No. 111, Minquan Rd., Tamsui Dist., New Taipei City 251033, Taiwan (R.O.C.)","王O晴","","","無","無"
"95133753","20240801","20240801","一繁工作室","YVfun Studio","新北市板橋區文化路1段212巷7號(1樓)","1 F., No. 7, Ln. 212, Sec. 1, Wenhua Rd., Banqiao Dist., New Taipei City 220002, Taiwan (R.O.C.)","葉O帆","0985909257","","有","有"
"95133965","20240809","20250212","尚鑫商行","ting ting Co.","新北市汐止區中正路76號12樓之1","12 F.-1, No. 76, Zhongzheng Rd., Xizhi Dist., New Taipei City 221029, Taiwan (R.O.C.)","陳O文","","","有","有"
"95135083","20240827","20240827","安莘企業","AN SHEN Co.","新北市土城區中央路3段116巷13號10樓","10 F., No. 13, Ln. 116, Sec. 3, Zhongyang Rd., Tucheng Dist., New Taipei City 236038, Taiwan (R.O.C.)","賴O君","","","無","無"
"95135231","20250424","20250424","福氣萌寵企業社","Hok-Khi Firm","新北市永和區民權路53號8樓","8 F., No. 53, Minquan Rd., Yonghe Dist., New Taipei City 234040, Taiwan (R.O.C.)","劉O雅","","","有","有"
"95135627","20240813","20240813","富林企業社","Fu-Lin transport Co.","新北市鶯歌區高職西街1之13號8樓","8 F., No. 1-13, Gaozhi W. St., Yingge Dist., New Taipei City 239002, Taiwan (R.O.C.)","林O彥","","","有","有"
"95135801","20250331","20250331","保衛站實業社","Guard Station Industrial Society Co.","新北市新莊區富國路59號(1樓)","1 F., No. 59, Fuguo Rd., Xinzhuang Dist., New Taipei City 242076, Taiwan (R.O.C.)","張O儒","02-29033333","","有","有"
"95135871","20240910","20240910","小阿姨國際事業商行","Miss.RE Studio","新北市新店區北新路2段262號3樓之3","3 F.-3, No. 262, Sec. 2, Beixin Rd., Xindian Dist., New Taipei City 231007, Taiwan (R.O.C.)","王O潔","","","有","有"
"95137049","20240819","20240819","日嶼數位工作室","Rii Co.","新北市中和區大勇街60巷22號4樓","4 F., No. 22, Ln. 60, Dayong St., Zhonghe Dist., New Taipei City 235079, Taiwan (R.O.C.)","夏O捷","","","有","有"
"95137054","20250508","20250508","云鍇百貨商行","Wing-Kai Lifestyle Trading Co.","新北市三重區光明路72巷9號","No. 9, Ln. 72, Guangming Rd., Sanchong Dist., New Taipei City 241008, Taiwan (R.O.C.)","林O儁","","","有","有"
"95137505","20250307","20250307","娸樂商行","Chiiire Company","新北市新莊區中平路183號2樓","2 F., No. 183, Zhongping Rd., Xinzhuang Dist., New Taipei City 242027, Taiwan (R.O.C.)","王O凱","02-2821-7858","","有","有"
"95138011","20240903","20240903","隆騰貿易工作室","T/FORE WORKS","新北市新莊區中華路2段7號7樓","7 F., No. 7, Zhonghua Rd., Xinzhuang Dist., New Taipei City 242, Taiwan (R.O.C.)","俞OO","0978880691","","無","無"
"95138639","20241004","20241004","苑稚商行","Yuan Zhi Work Shop","新北市三重區自強路3段43巷7號4樓","4 F., No. 7, Ln. 43, Sec. 3, Ziqiang Rd., Sanchong Dist., New Taipei City 241067, Taiwan (R.O.C.)","鄭O儒","","","有","有"
"95138981","20240821","20241008","金花實業社","Golden flower Company","臺北市中山區復興北路48號3樓","3 F., No. 48, Fuxing N. Rd., Zhongshan Dist., Taipei City 104502, Taiwan (R.O.C.)","林O丞","0912664559","","有","有"
"95139102","20240909","20240909","雙胞胎事務工作室","Avril, Alice & Co.","新北市新莊區中央路296號8樓","8 F., No. 296, Zhongyang Rd., Xinzhuang Dist., New Taipei City 242045, Taiwan (R.O.C.)","林O恣","","","有","有"
"95139193","20250611","20250612","冠軍堡寵物用品社","Champion Pet Products Workshop","新北市中和區中山路2段332巷17號2樓","2 F., No. 17, Ln. 332, Sec. 2, Zhongshan Rd., Zhonghe Dist., New Taipei City 235026, Taiwan (R.O.C.)","施O德","02-86862039","","有","有"
"95139546","20240823","20240826","覓栗工作室","millimetre studio","新北市林口區忠孝路117號8樓","8 F., No. 117, Zhongxiao Rd., Linkou Dist., New Taipei City 244013, Taiwan (R.O.C.)","林O彤","","","有","有"
"95139623","20240830","20240830","橋記企業社","ATTA Co.","新北市蘆洲區九芎街15巷2號2樓","2 F., No. 2, Ln. 15, Jiuqiong St., Luzhou Dist., New Taipei City 247027, Taiwan (R.O.C.)","方O安","02-82292270","","有","有"
"95139686","20241021","20241021","京晉工程行","Jingjin Engineering Company","新北市中和區景新街338號7樓","7 F., No. 338, Jingxin St., Zhonghe Dist., New Taipei City 235056, Taiwan (R.O.C.)","余O璽","0224223012","","無","無"
"95140038","20240712","20240823","逸禾企業社","YiHe Trading Company","新北市三峽區國光街107號(1樓)","1 F., No. 107, Guoguang St., Sanxia Dist., New Taipei City 237018, Taiwan (R.O.C.)","孫O","","","無","無"
"95140831","20240829","20240829","唯宇數位工作室","Wei Yu Digital Co.","新北市中和區莊敬路33巷38弄3號4樓","4 F., No. 3, Aly. 38, Ln. 33, Zhuangjing Rd., Zhonghe Dist., New Taipei City 235023, Taiwan (R.O.C.)","戴O維","","","有","有"
"95140902","20240828","20240828","寶汶顧問社","BoWin Consulting Company","新北市樹林區樹新路231巷8號(1樓)","1 F., No. 8, Ln. 231, Shuxin Rd., Shulin Dist., New Taipei City 238007, Taiwan (R.O.C.)","李O琦","","","有","有"
"95140939","20240418","20240829","敘沐企業社","Shishizuan Co.","新北市新店區安興路109號5樓之6","5 F.-6, No. 109, Anxing Rd., Xindian Dist., New Taipei City 231066, Taiwan (R.O.C.)","李O芬","","","無","無"
"95142134","20240911","20240911","鴻鑫禮品企業社","HONGXIN GIFT COMPANY","新北市汐止區新台五路1段93號21樓之6","21F.-6, No. 93, Sec. 1, Xintai 5th Rd., Xizhi Dist., New Taipei City ,221416 Taiwan (R.O.C.)","黃O晴","","","有","有"
"95142177","20240911","20240911","東北推進商行","Northeast Propulsion Trading Company","新北市新莊區後港一路177號9樓之2","9 F.-2, No. 177, Hougang 1st Rd., Xinzhuang Dist., New Taipei City 242051, Taiwan (R.O.C.)","孫O群","02-89850072","02-89850072","有","有"
"95142417","20241224","20241224","寧逸電機企業社","NING YIH ELECTRIC Company","新北市樹林區文化街25巷1弄1號3樓","3 F., No. 1, Aly. 1, Ln. 25, Wenhua St., Shulin Dist., New Taipei City 238008, Taiwan (R.O.C.)","張O妍","0901-366053","","有","有"
"95142704","20241009","20241014","炘林科技自動化企業社","Xyzing tech&automation Co.","新北市林口區中正路328號(1樓)","1 F., No. 328, Zhongzheng Rd., Linkou Dist., New Taipei City 244005, Taiwan (R.O.C.)","蔡O堂","0911-088883","","有","有"
"95143422","20241106","20241106","勤野貿易企業社","Field Trading Company","新北市樹林區樹新路17號3樓之3","3 F.-3, No. 17, Shuxin Rd., Shulin Dist., New Taipei City 238007, Taiwan (R.O.C.)","藍O嘉","","","有","有"
"95143598","20241007","20241007","沐澤工作室","Muze Studio","新北市新店區安興路127之6號12樓","12 F., No. 127-6, Anxing Rd., Xindian Dist., New Taipei City 231066, Taiwan (R.O.C.)","陳O潔","","","有","有"
"95143984","20241004","20241004","大耳狐工作室","Zerda Studio","新北市三重區光復路1段85號9樓","9 F., No. 85, Sec. 1, Guangfu Rd., Sanchong Dist., New Taipei City 241457, Taiwan (R.O.C.)","余O菱","","","無","無"
"95145358","20240924","20240924","臻品匯商行","Perfection Store","新北市三重區信義西街35號16樓之5","16 F.-5, No. 35, Xinyi W. St., Sanchong Dist., New Taipei City 241031, Taiwan (R.O.C.)","葉O臻","","","有","有"
"95145408","20241010","20241010","豪恩商行","HAO EN Company","新北市三重區中正北路６４巷２號3樓","3 F., No. 2, Ln. 64, Zhongzheng N. Rd., Sanchong Dist., New Taipei City 241041, Taiwan (R.O.C.)","鄭O豪","","","有","有"
"95145625","20250326","20250326","礫山行","zzAccessories Studio","新北市板橋區新生街59號4樓","4 F., No. 59, Xinsheng St., Banqiao Dist., New Taipei City 220039, Taiwan (R.O.C.)","仇O雰","","","有","有"
"95145694","20240927","20240927","昶羿企業社","Chang Yi Ent. Company","新北市淡水區新市三路2段291號5樓","5 F., No. 291, Sec. 2, Xinshi 3rd Rd., Tamsui Dist., New Taipei City 251660, Taiwan (R.O.C.)","張O筠","","","有","有"
"95146504","20241016","20241016","虹羽商行","Rainbow Feather Store","新北市泰山區明志路3段145巷34弄7號(1樓)","1 F., No. 7, Aly. 34, Ln. 145, Sec. 3, Mingzhi Rd., Taishan Dist., New Taipei City 243091, Taiwan (R.O.C.)","李O慶","","","有","有"
"95146510","20250224","20250224","沛翰企業社","PEI-HAN Enterprise Society Co.","新北市林口區文化三路2段286號6樓","6 F., No. 286, Sec. 2, Wenhua 3rd Rd., Linkou Dist., New Taipei City 244017, Taiwan (R.O.C.)","鄭O薇","0925693852","","有","有"
"95148518","20241016","20241016","恣自苒苒工作室","Cloudy Yujie Studio","新北市林口區仁愛路2段269號5樓","5 F., No. 269, Sec. 2, Ren'ai Rd., Linkou Dist., New Taipei City 244020, Taiwan (R.O.C.)","吳O緁","","","有","有"
"95148593","20241007","20241007","旺爺洋行","RICH PAPA TRADING Co.","新北市林口區民富街85號","No. 85, Minfu St., Linkou Dist., New Taipei City 244008, Taiwan (R.O.C.)","汪O宗","0988792799","","有","有"
"95148806","20241007","20241007","長鎰興業社","Joyeux & Co.","新北市中和區員山路506之4號5樓","5 F., No. 506-4, Yuanshan Rd., Zhonghe Dist., New Taipei City 235009, Taiwan (R.O.C.)","張O榛","02-2228-8316","","有","有"
"95149299","20241015","20241015","虎琳企業社","HULIN CO.","新北市三重區重陽路4段130號12樓","12 F., No. 130, Sec. 4, Chongyang Rd., Sanchong Dist., New Taipei City 241036, Taiwan (R.O.C.)","孫O琳","","","有","有"
"95149798","20241018","20241018","饌韻餐飲顧問企業社","ZhuanYun Co.","新北市林口區麗園一街4巷2號8樓之3","8 F.-3, No. 2, Ln. 4, Liyuan 1st St., Linkou Dist., New Taipei City 244007, Taiwan (R.O.C.)","陳O均","","","有","有"
"95149946","20241104","20241104","振文企業社","Needy Store","新北市林口區林口路122號(1樓)","1 F., No. 122, Linkou Rd., Linkou Dist., New Taipei City 244021, Taiwan (R.O.C.)","劉O文","","","有","有"
"95151554","20241016","20241016","滿蛋大餐工作室","Better than Fiction Studio","新北市土城區學府路1段164巷6弄6號5樓","5 F., No. 6, Aly. 6, Ln. 164, Sec. 1, Xuefu Rd., Tucheng Dist., New Taipei City 236020, Taiwan (R.O.C.)","張O姍","","","有","有"
"95152293","20241018","20241018","章魚精品行","Octopus gold product Boutique","新北市汐止區新台五路1段92號21樓之6","21 F.-6, No. 92, Sec. 1, Xintai 5th Rd., Xizhi Dist., New Taipei City 221411, Taiwan (R.O.C.)","賀O煒","","","無","無"
"95152863","20241022","20241022","百盈國際貿易商行","Rebecca winner trading Company","新北市林口區民富街93號10樓之1","10 F.-1, No. 93, Minfu St., Linkou Dist., New Taipei City 244243, Taiwan (R.O.C.)","蔡O蘭","02-26084088","","有","有"
"95153357","20250306","20250306","辰晞選物店","Chen Xi Co.","新北市板橋區大觀路2段174巷138號5樓之1","5 F.-1, No. 138, Ln. 174, Sec. 2, Daguan Rd., Banqiao Dist., New Taipei City 220098, Taiwan (R.O.C.)","蘇O价","","","有","有"
"95153568","20241030","20241030","芙日繪社","VOSGES PAINTING SOCIETY","新北市三重區光復路1段85號9樓","9 F., No. 85, Sec. 1, Guangfu Rd., Sanchong Dist., New Taipei City 241457, Taiwan (R.O.C.)","李O蕙","0926051212","","有","有"
"95153639","20241030","20241030","北村京禾企業社","KITAMURA JING HE Company","新北市三重區長壽西街207號2樓","2 F., No. 207, Changshou W. St., Sanchong Dist., New Taipei City 241035, Taiwan (R.O.C.)","林O如","","","有","有"
"95154095","20250310","20250310","悅綵企業社","YUE CAI Enterprise Co.","新北市蘆洲區長安街194巷12號(1樓)","1 F., No. 12, Ln. 194, Chang'an St., Luzhou Dist., New Taipei City 247024, Taiwan (R.O.C.)","蔡O珊","","","有","有"
"95154573","20241104","20241104","長鴻石材企業社","CHANGHUNG STONE ENTERPRISE Co.","新北市新店區新店後街2巷12號","No. 12, Ln. 2, Xindianhou St., Xindian Dist., New Taipei City 231001, Taiwan (R.O.C.)","陳O鈴","0953637676","","有","有"
"95154927","20241112","20241112","凱迪商行","Yu kaidi Trading Co.","新北市淡水區民權路181巷6號","No. 6, Ln. 181, Minquan Rd., Tamsui Dist., New Taipei City 251033, Taiwan (R.O.C.)","簡O貞","02-28082516","","有","有"
"95155550","20250206","20250206","瑞隆實業","RUILONG INDUSTRIAL Company","新北市土城區金安街55號10樓","10 F., No. 55, Jin'an St., Tucheng Dist., New Taipei City 236043, Taiwan (R.O.C.)","林O隆","","","有","有"
"95156100","20241205","20241205","為了養我推努力工作室","Rabbit Whole Oshiwaku Workshop","新北市林口區文化二路1段96巷9號9樓之1","9 F.-1, No. 9, Ln. 96, Sec. 1, Wenhua 2nd Rd., Linkou Dist., New Taipei City 244008, Taiwan (R.O.C.)","韓O毓","","","有","有"
"95156777","20241111","20241111","米可服飾","Mico Fashion Shop","新北市三重區自強路5段44號(1樓)","1 F., No. 44, Sec. 5, Ziqiang Rd., Sanchong Dist., New Taipei City 241079, Taiwan (R.O.C.)","張O玲","02-29805696","","有","有"
"95157017","20250224","20250224","宣言水晶店","Xuan yan crystal Shop","新北市板橋區三民路2段28號11樓","11 F., No. 28, Sec. 2, Sanmin Rd., Banqiao Dist., New Taipei City 220082, Taiwan (R.O.C.)","黃O瑄","","","有","有"
"95157375","20250415","20250415","雷匠科技企業社","LEIJIANG TECHNOLOGY Company","新北市蘆洲區永平街35號","No. 35, Yongping St., Luzhou Dist., New Taipei City 247013, Taiwan (R.O.C.)","洪O賢","02-22819627","02-22891203","有","有"
"95157641","20250519","20250519","艾格薛爾數位工作室","Eggshell Digital Studio","新北市新莊區新北大道7段429號23樓","23 F., No. 429, Sec. 7, New Taipei Blvd., Xinzhuang Dist., New Taipei City 242059, Taiwan (R.O.C.)","陳O華","0910303069","","有","有"
"95157683","20250604","20250604","森瓷設計工作室","SENCI DESIGN CO.","新北市中和區員山路142巷11號2樓","2 F., No. 11, Ln. 142, Yuanshan Rd., Zhonghe Dist., New Taipei City 235018, Taiwan (R.O.C.)","陳O貞","","","有","有"
"95157810","20241228","20241228","夢尼電子商務","Mony E-Commerce Studio","新北市中和區中和路378巷18弄6號5樓","5 F., No. 6, Aly. 18, Ln. 378, Zhonghe Rd., Zhonghe Dist., New Taipei City 235066, Taiwan (R.O.C.)","李O真","","","有","有"
"95158233","20241211","20241211","德翊志行號","DurYiChi CO.","新北市板橋區中山路1段102之1號","No. 102-1, Sec. 1, Zhongshan Rd., Banqiao Dist., New Taipei City 220073, Taiwan (R.O.C.)","屠O瑋","","","有","有"
"95158418","20241120","20241120","景鈦企業社","JT Enterprise Co.","新北市淡水區新生街51巷18號2樓","2 F., No. 18, Ln. 51, Xinsheng St., Tamsui Dist., New Taipei City 251012, Taiwan (R.O.C.)","周O瑀","","","有","有"
"95158590","20241119","20241119","宏遠光學商業號","ALOHA OPTICS COMPANY","新北市新店區中興路1段191號14樓","14 F., No. 191, Sec. 1, Zhongxing Rd., Xindian Dist., New Taipei City 231003, Taiwan (R.O.C.)","林O遠","","","無","無"
"95159205","20250428","20250428","華欽企業社","Hua-Qin Company","新北市板橋區田單街2巷24號4樓","4 F., No. 24, Ln. 2, Tiandan St., Banqiao Dist., New Taipei City 220019, Taiwan (R.O.C.)","康O瑜","","","有","有"
"95159280","20241125","20241125","模樣商行","MOYO COMPANY","新北市淡水區大仁街４０號","No. 40, Daren St., Tamsui Dist., New Taipei City 251016, Taiwan (R.O.C.)","呂O上富","0970962561","","有","有"
"95159417","20250106","20250106","爍閃設計工作室","LYL Graphic Studio","新北市板橋區民族路276巷1弄18號(2樓)","2 F., No. 18, Aly. 1, Ln. 276, Minzu Rd., Banqiao Dist., New Taipei City 220069, Taiwan (R.O.C.)","林O樂","","","有","有"
"95159839","20241128","20241128","宇隆行","Yulonghang Co.","新北市板橋區萬板路５３巷６號4樓","4 F., No. 6, Ln. 53, Wanban Rd., Banqiao Dist., New Taipei City 220007, Taiwan (R.O.C.)","顏O蓉","0937832289","","有","有"
"95160266","20250211","20250212","成海企業社","CHENGHAI INTERNATIONAL COMPANY","新北市新莊區萬安街1號8樓之1","8 F.-1, No. 1, Wan'an St., Xinzhuang Dist., New Taipei City 242075, Taiwan (R.O.C.)","陳O晴","0921026982","","有","有"
"95160792","20241217","20241217","畂勤企業社","Liou Cin Co.","新北市三重區大同南路106號11樓","11 F., No. 106, Datong S. Rd., Sanchong Dist., New Taipei City 241004, Taiwan (R.O.C.)","許O超","","","有","有"
"95161217","20250220","20250220","方摯工作室","FC Studio","新北市永和區永和路2段425巷29號4樓","4 F., No. 29, Ln. 425, Sec. 2, Yonghe Rd., Yonghe Dist., New Taipei City 234012, Taiwan (R.O.C.)","吳O摯","","","有","有"
"95161223","20241209","20241209","力中商行","Li Zhong Trading Company","新北市永和區安樂路431號(永安公有零售市場)","No. 431, Anle Rd., Yonghe Dist., New Taipei City 234015, Taiwan (R.O.C.)","李O中","","","有","有"
"95176957","20250424","20250424","阿姊企業社","Ling Asia Shop","基隆市仁愛區南榮路126號","No. 126, Nanrong Rd., Ren'ai Dist., Keelung City 200007, Taiwan (R.O.C.)","劉O玲","","","有","有"
"95178195","20250213","20250213","昱啟企業社","Yu Chi Trading Co.","基隆市暖暖區碇內街73巷2號(1樓)","1 F., No. 2, Ln. 73, Dingnei St., Nuannuan Dist., Keelung City 205003, Taiwan (R.O.C.)","潘O潔","","","有","有"
"95178293","20250211","20250211","天使香皂行","Angel Soap Store","基隆市仁愛區孝三路24號4樓","4 F., No. 24, Xiao 3rd Rd., Ren'ai Dist., Keelung City 200002, Taiwan (R.O.C.)","劉O雄","0934361766","","有","有"
"95179716","20250408","20250408","晟創科技工業社","Gamma Innovative Tech Co.","基隆市七堵區福六街37號5樓","5 F., No. 37, Fu 6th St., Qidu Dist., Keelung City 206008, Taiwan (R.O.C.)","池O瑜","0918251221","","有","有"
"95179878","20250327","20250327","沃土智慧農場","Agri Data Farm Trading Company","基隆市安樂區麥金路223號16樓","16 F., No. 223, Maijin Rd., Anle Dist., Keelung City 204011, Taiwan (R.O.C.)","李O宏","02-23650278","","有","有"
"95180050","20250423","20250423","尼莫工程行","Nemo construction Firm","基隆市中正區平一路318號","No. 318, Ping 1st Rd., Zhongzheng Dist., Keelung City 202009, Taiwan (R.O.C.)","高O元","","","有","有"
"95180093","20250409","20250529","野鋁匠商行","Yelujiang Trading Company","高雄市前鎮區三多三路105號12樓","12 F., No. 105, Sanduo 3rd Rd., Qianzhen Dist., Kaohsiung City 806001, Taiwan (R.O.C.)","王O潔","0916390330","","有","有"
"95180426","20250616","20250616","一二一伍錢進企業社","Advance1215 Company","基隆市仁愛區愛三路69號(1樓)","1 F., No. 69, Ai 3rd Rd., Ren'ai Dist., Keelung City 200009, Taiwan (R.O.C.)","尹O婷","0908382060","","有","有"
"95180544","20250428","20250428","活典紙業企業社","Hodian Paper Company","基隆市中山區德安路13號","No. 13, De'an Rd., Zhongshan Dist., Keelung City 203006, Taiwan (R.O.C.)","許O縉","0936860458","","有","有"
"95180559","20250617","20250617","可薇企業社","CoVi Co.","基隆市仁愛區公園街319之35號(1樓)","1 F., No. 319-35, Gongyuan St., Ren'ai Dist., Keelung City 200001, Taiwan (R.O.C.)","陳O青","0224211011","0224211011","有","有"
"95183676","20250303","20250303","旺財商行","Wangcai Firm","新竹縣新豐鄉建興路1段153之3號1樓","1 F., No. 153-3, Sec. 1, Jianxing Rd., Xinfeng Township, Hsinchu County 304109, Taiwan (R.O.C.)","張O慧","","","有","有"
"95184041","20241119","20241119","嬋音工作室","Dream Body Studio","新竹縣竹北市福興一路126號1樓","1 F., No. 126, Fuxing 1st Rd., Zhubei City, Hsinchu County 302056, Taiwan (R.O.C.)","蔡O茵","0910-772971","","有","有"
"95184730","20241225","20241225","揪哩作伙購物商行","ju le together Co.","新竹縣竹東鎮員崠里東峰路546巷2弄3號2樓","2 F., No. 3, Aly. 2, Ln. 546, Dongfeng Rd., Yuandong Vil., Zhudong Township, Hsinchu County 310013, Taiwan (R.O.C.)","徐O苓","","","有","有"
"95185317","20250117","20250117","彥韋企業社","YAN WEI INDUSTRIAL COMPANY","新竹縣竹北市六家五路2段43號","No. 43, Sec. 2, Liujia 5th Rd., Zhubei City, Hsinchu County 302053, Taiwan (R.O.C.)","劉O晴","89857700","","有","有"
"95185323","20250117","20250117","金緁企業社","JIN QI INDUSTRIAL COMPANY","新竹縣竹北市六家五路2段43號","No. 43, Sec. 2, Liujia 5th Rd., Zhubei City, Hsinchu County 302053, Taiwan (R.O.C.)","劉O晴","89857700","","有","有"
"95185484","20241220","20241220","陳沛薽工作室","CHEN PEI CHEN Company","新竹縣竹北市復興三路2段168號9樓之5","9 F.-5, No. 168, Sec. 2, Fuxing 3rd Rd., Zhubei City, Hsinchu County 302052, Taiwan (R.O.C.)","陳O薽","","","有","有"
"95186174","20250312","20250312","立泰科技企業","Li Tai Tech enterprise Co.","新竹縣竹北市中崙里光明九路201號","No. 201, Guangming 9th Rd., Zhubei City, Hsinchu County 302048, Taiwan (R.O.C.)","劉O慎","","","有","有"
"95186478","20250117","20250117","情馜設計工作室","Chini-Design Company","新竹縣湖口鄉安宅一街88號","No. 88, Anzhai 1st St., Hukou Township, Hsinchu County 303120, Taiwan (R.O.C.)","王O莉","","","有","有"
"95193111","20241028","20241028","凱莉企業社","KELLY COMPANY","新竹市北區武陵里東大路二段406號四樓之3","4 F.-3, No. 406, Sec. 2, Dongda Rd., Wuling Vil., North Dist., Hsinchu City 300014, Taiwan (R.O.C.)","劉O妤","04-22525232","","有","有"
"95193251","20241029","20241029","尤恩工作室","UORN STUDIO","新竹市東區埔頂里埔頂一路101號八樓之11","8 F.-11, No. 101, Puding 1st Rd., Puding Vil., East Dist., Hsinchu City 300047, Taiwan (R.O.C.)","古O婷","","","有","有"
"95193983","20241113","20241113","睿芯企業社","Wisdom Chip Semiconductor Co.","新竹市東區東園里花園街102號","No. 102, Huayuan St., Dongyuan Vil., East Dist., Hsinchu City 300031, Taiwan (R.O.C.)","朱O儀","0938665175","","無","無"
"95194744","20250310","20250310","美麗貿易商行","may li Co.","新竹市東區金山里光復路一段195巷12弄7號一樓","1 F., No. 7, Aly. 12, Ln. 195, Sec. 1, Guangfu Rd., Jinshan Vil., East Dist., Hsinchu City 300049, Taiwan (R.O.C.)","劉O莉","","","有","有"
"95195173","20241219","20241219","睿緁商行","RUEI JEI CO.","新竹市香山區頂埔里牛埔路78巷1號一樓","1 F., No. 1, Ln. 78, Niupu Rd.,  Xiangshan Dist., Hsinchu City 300, Taiwan (R.O.C.)","蔡O蓁","0970-532-295","","無","無"
"95195413","20250227","20250227","酉爵商行","Yu Chueh Firm","新竹市東區東勢里東光路２０８號1樓","1 F., No. 208, Dongguang Rd., Dongshi Vil., East Dist., Hsinchu City 300041, Taiwan (R.O.C.)","陳O瑋","0956021795","","有","有"
"95195440","20250108","20250108","巧巧企業社","CHIAU CHIAU Company","新竹市北區育英里四維路89巷2之1號五樓之2","5 F.-2, No. 2-1, Ln. 89, Siwei Rd., Yuying Vil., North Dist., Hsinchu City 300030, Taiwan (R.O.C.)","張O愛","0987718967","","有","有"
"95200653","20250122","20250122","大筌貿易行","DA YUAN INDUSTRIAL CO.","宜蘭縣礁溪鄉玉田村踏踏五路２２６號","No. 226, Tata 5th Rd., Jiaoxi Township, Yilan County 262004, Taiwan (R.O.C.)","黃O媛","03-9881488","","有","有"
"95201800","20250225","20250225","里口香社","RIKOZ FRAGRANCE COMPANY","宜蘭縣羅東鎮公正里倉前路７７號六樓之４","6 F.-4, No. 77, Cangqian Rd., Gongzheng Vil., Luodong Township, Yilan County 265010, Taiwan (R.O.C.)","宋O葳","","","有","有"
"95201999","20250521","20250521","禾昕實業","Hoxin Industrial Studio","宜蘭縣宜蘭市延平里東港路一段４２８巷１２０號三樓之７","3F.-７, No. 120, Ln. 428, Sec. 1, Donggang Rd., Yanping Vil., Yilan City, Yilan County 260024, Taiwan (R.O.C.)","曾O宇","0919235297","","有","有"
"95208233","20250116","20250116","一定是揚昇實業社","AWANA ING Co.","花蓮縣花蓮市國慶里中央路三段661號1樓","1 F., No. 661, Sec. 3, Zhongyang Rd., Guoqing Vil., Hualien City, Hualien County 970033, Taiwan (R.O.C.)","瓦O‧㛊心","","","有","有"
"95211737","20250521","20250521","琳澍國際生技選品企業社","linshu Firm","花蓮縣新城鄉新秀村光復路487號","No. 487, Guangfu Rd., Xincheng Township, Hualien County 971053, Taiwan (R.O.C.)","俞O蓮","0911397195","","有","有"
"95225900","20241004","20241004","晞麒商行","Xiqi Trading Company","彰化縣福興鄉三汴村番花路一段227巷50弄10號","No. 10, Aly. 50, Ln. 227, Sec. 1, Fanhua Rd., Fuxing Township, Changhua County 506010, Taiwan (R.O.C.)","陳O竺","","","有","有"
"95226020","20250328","20250328","豪會麥企業社","Haohuimai Enterpruse Co.","彰化縣永靖鄉同仁村東畔路146號1樓","1 F., No. 146, Dongpan Rd., Yongjing Township, Changhua County 512004, Taiwan (R.O.C.)","陳O辰","0932961645","","有","有"
"95226963","20241112","20250305","輝耀工作室","Haughty Bear Shop","彰化縣福興鄉橋頭村中正路臨98號1樓","1 F., No. 91, Minquan Rd., Yong’an Vil., Lukang Township, Changhua County 505029, Taiwan (R.O.C.)","許O庭","0979749395","","有","有"
"95227225","20241125","20241125","速得威商行","SU DE WEI COMPANY","彰化縣員林市林厝里山腳路一段86號1樓","1 F., No. 86, Lincuo Vil., Yuanlin City, Changhua County 510, Taiwan (R.O.C.)","林O豪","04-8363329","","無","無"
"95227246","20241019","20241019","微明資訊工作室","Luminous Insight Information Studio","彰化縣彰化市復興里中山路三段134巷4號","No. 4, Ln. 134, Sec. 3, Zhongshan Rd., Fuxing Vil., Changhua City, Changhua County 500035, Taiwan (R.O.C.)","陳O升","04-7228573","","有","有"
"95227702","20241023","20241023","米宸商行","MI CHEN TRADING COMPANY","彰化縣溪湖鎮東寮里彰水路四段6號","No. 6, Sec. 4, Zhangshui Rd., Dongliao Vil., Xihu Township, Changhua County 514004, Taiwan (R.O.C.)","賴O妤","0977456433","","有","有"
"95227745","20241021","20241021","永年國際企業社","YONG NIEN INTERNATIONAL CO.","彰化縣花壇鄉金墩村金城街29號1樓","1 F., No. 29, Jincheng St., Huatan Township, Changhua County 503001, Taiwan (R.O.C.)","曲O年","0911715127","","有","有"
"95228673","20241118","20241118","格物儀測製作所","InstruMeasure Dynamics Co.","彰化縣彰化市安溪里安溪東路193號1樓","1 F., No. 193, Anxi E. Rd., Anxi Vil., Changhua City, Changhua County 500038, Taiwan (R.O.C.)","李O錕","0971612382","","有","有"
"95229531","20241209","20241209","昀億商行","yun.i Company","彰化縣彰化市西勢里金馬路三段439號7樓之2","7 F.-2, No. 439, Sec. 3, Jinma Rd., Xishi Vil., Changhua City, Changhua County 500016, Taiwan (R.O.C.)","鄭O樺","0977286049","","有","有"
"95229878","20241213","20241213","新永盟材料企業社","Xinyongmeng Material Enterprise Co.","彰化縣田尾鄉柳鳳村民生路二段374巷8號","No. 8, Ln. 374, Sec. 2, Minsheng Rd., Tianwei Township, Changhua County 522011, Taiwan (R.O.C.)","羅O利","","","有","有"
"95230679","20241226","20241226","辰峰銘品國際精品開發商業社","CHENFENG MINGPIN TRADING Co.","彰化縣員林市惠來里日泰街55號2樓","2 F., No. 55, Ritai St., Huilai Vil., Yuanlin City, Changhua County 510007, Taiwan (R.O.C.)","錢O辰","","","無","無"
"95231044","20241213","20241213","傑菓農技企業社","Jieguo Agricultural Company","彰化縣和美鎮和東里中山路89號","No. 89, Zhongshan Rd., Hedong Vil., Hemei Township, Changhua County 508021, Taiwan (R.O.C.)","謝O傑","","","有","有"
"95231327","20241218","20250226","允品企業社","Yunpin Trading COMPANY","彰化縣彰化市興北里三民路117號9樓之1","9 F.-1, No. 117, Sanmin Rd., Xingbei Vil., Changhua City, Changhua County 500003, Taiwan (R.O.C.)","王O驊","04-7263007","","有","有"
"95231728","20241219","20241219","樂陽羊商坊","Happy Sun Sheep STORE","彰化縣彰化市國聖里國聖路233號","No. 233, Guosheng Rd., Guosheng Vil., Changhua City, Changhua County 500028, Taiwan (R.O.C.)","江O鳴","0905568035","","有","有"
"95231831","20241219","20241219","艾貝斯織造企業社","Ibestit Co.","彰化縣社頭鄉社頭村員集路二段288巷25弄1號","No. 1, Aly. 25, Ln. 288, Sec. 2, Yuanji Rd., Shetou Township, Changhua County 511004, Taiwan (R.O.C.)","劉O頡","","","有","有"
"95239735","20250604","20250604","精武門休閒館","Jingwu Club Co.","臺中市東區東英里精武東路86號","No. 86, Jingwu E. Rd., Dongying Vil., East Dist., Taichung City 401020, Taiwan (R.O.C.)","施O元","0986-555507","","有","有"
"95239968","20240912","20240912","派比企業社","PIEBEE Co.","臺中市西屯區潮洋里市政北二路238號27樓之1","27 F.-1, No. 238, Shizheng N. 2nd Rd., Chaoyang Vil., Xitun Dist., Taichung City 407607, Taiwan (R.O.C.)","李O諺","0900546301","","有","有"
"95240521","20240930","20240930","宏晟實業企業社","Hong Sheng Industrial Enterprise Co.","臺中市外埔區大東里甲后路五段128巷85弄112號2樓","2 F., No. 112, Aly. 85, Ln. 128, Sec. 5, Jiahou Rd., Dadong Vil., Waipu Dist., Taichung City 438020, Taiwan (R.O.C.)","施O蓉","04-26802756","","有","有"
"95240846","20240918","20240918","荷康生技貿易企業社","LIFE-HEALTHY CO.","臺中市梧棲區南簡里博愛北路155號1樓","1 F., No. 155, Bo'ai N. Rd., Nanjian Vil., Wuqi Dist., Taichung City 435060, Taiwan (R.O.C.)","宗O","0912320668","","有","有"
"95242128","20240923","20240923","禾田水族貿易實業","Hetian Trading Co.","臺中市龍井區龍泉里中社七街92號1樓","1 F., No. 92, Zhongshe 7th St., Longquan Vil., Longjing Dist., Taichung City 434025, Taiwan (R.O.C.)","張O松","0952055126","","有","有"
"95242529","20240925","20240925","永灃商務國際貿易行","Yongfeng International Trade Co.","臺中市南屯區惠中里文心路一段３２４號１１樓之１","11 F.-1, No. 324, Sec. 1, Wenxin Rd., Huizhong Vil., Nantun Dist., Taichung City 408031, Taiwan (R.O.C.)","林O育","","","有","有"
"95242957","20250220","20250220","修拉手機維修行","Shou La Fix Store","臺中市西區吉龍里美村路一段678號1樓","1 F., No. 678, Sec. 1, Meicun Rd., Jilong Vil., West Dist., Taichung City 403029, Taiwan (R.O.C.)","黃O倫","0960051180","","有","有"
"95242984","20250422","20250422","俐俐企業社","LI LI COMPANY","臺中市南屯區文山里忠勇路５２-２３２號１０樓","10 F., No. 52-232, Zhongyong Rd., Wenshan Vil., Nantun Dist., Taichung City 408221, Taiwan (R.O.C.)","曾O婷","0933363037","","有","有"
"95243196","20241021","20241021","浩瀚攝影工作室","HSUHAOHAN Photography Studio","臺中市南區西川里忠明南路４８０號7樓","7 F., No. 480, Zhongming S. Rd., Xichuan Vil., South Dist., Taichung City 402005, Taiwan (R.O.C.)","徐O瀚","","","有","有"
"95245384","20241029","20241029","二冪精品工作室","IOZA STUDIO","臺中市西屯區大河里長安路一段８５號２樓","2 F., No. 85, Sec. 1, Chang'an Rd., Dahe Vil., Xitun Dist., Taichung City 407040, Taiwan (R.O.C.)","蔡O逸","","","有","有"
"95245602","20241004","20241004","柏蒼匯企業社","Bai Canghui Enterprise COMPANY","臺中市大里區仁德里仁愛路７７巷５號六樓","6 F., No. 5, Ln. 77, Ren'ai Rd., Rende Vil., Dali Dist., Taichung City 412036, Taiwan (R.O.C.)","陳O亦","","","有","有"
"95245770","20241008","20241008","超越競賽企業社","Over racing Taiwan Shop","臺中市南屯區春社里忠勇路21之1號1樓","1 F., No. 21-1, Zhongyong Rd., Chunshe Vil., Nantun Dist., Taichung City 408016, Taiwan (R.O.C.)","侯O諺","0931567266","","有","有"
"95246187","20241011","20241011","清嵐商行","Ying tea Company","臺中市西屯區西安里西苑路29號16樓之１","16 F.-1, No. 29, Xiyuan Rd., Xi’an Vil., Xitun Dist., Taichung City 407107, Taiwan (R.O.C.)","陳O瑩","04-24527200","","有","有"
"95246877","20241009","20241009","日照金山商行","Golden Mountain Global Trading Co.","臺中市北屯區平福里崇德二路二段79號2樓","2 F., No. 79, Sec. 2, Chongde 2nd Rd., Pingfu Vil., Beitun Dist., Taichung City 406022, Taiwan (R.O.C.)","于O文","04-22435438","","無","無"
"95247340","20241106","20241106","宸菲行銷","Chen Fei Fei Co.","臺中市西屯區何仁里寧夏路１９５-８號","No. 195-8, Ningxia Rd., Heren Vil., Xitun Dist., Taichung City 407333, Taiwan (R.O.C.)","楊O安","","","有","有"
"95247382","20241016","20241016","米納國際美妝事業","MINA INTERNATIONAL COSMETICS Co.","臺中市南屯區大業里大進街490號10樓之3","10 F.-3, No. 490, Dajin St., Daye Vil., Nantun Dist., Taichung City 408312, Taiwan (R.O.C.)","施O珊","0902119503","","有","有"
"95247448","20241017","20241017","迭代企業社","Epoch Academy & Salon Co.","臺中市豐原區北陽里豐東路３０８號1樓","1 F., No. 308, Fengdong Rd., Beiyang Vil., Fengyuan Dist., Taichung City 420008, Taiwan (R.O.C.)","廖O閔","04-25264979","","有","有"
"95247550","20250114","20250114","毛孩你好寵物生活館","Hello Puppy Pet Shop Co.","臺中市南屯區永定里益昌二街１１１號二樓","2 F., No. 111, Yichang 2nd St., Yongding Vil., Nantun Dist., Taichung City 408023, Taiwan (R.O.C.)","蔡O如","04-23809666","","有","有"
"95247685","20241015","20241015","皇翔商行","Royal Flight Company","臺中市烏日區五光里五光路189巷16弄23號1樓","1 F., No. 23, Aly. 16, Ln. 189, Wuguang Rd., Wuguang Vil., Wuri Dist., Taichung City 414016, Taiwan (R.O.C.)","劉O皇","04-23345098","","有","有"
"95247806","20250312","20250319","合譯工作室","ECOSOFT COMPANY","臺中市西屯區惠來里市政北五路２６８號十七樓之１","17F-1, No. 268, Shizheng N. 5th Rd. Xitun District, Taichung City , Taiwan","陳O妙","","","有","有"
"95248191","20241231","20250610","瀚舜企業商行","Hanshun Enterprise Company","臺中市東區復興路四段82號8樓","8 F., No. 82, Sec. 4, Fuxing Rd., East Dist., Taichung City 401008, Taiwan (R.O.C.)","謝O騫","04-23511007","","有","有"
"95248636","20241106","20241106","佑義商行","You Yi Trading Company","臺中市太平區永成里永成北路90號1樓","1 F., No. 90, Yongcheng N. Rd., Yongcheng Vil., Taiping Dist., Taichung City 411025, Taiwan (R.O.C.)","陳O義","","","有","有"
"95248679","20241101","20241101","澄實美商行","PUREBEAUTY Company","臺中市南區福順里福德街１３０號１樓","1 F., No. 130, Fude St., Fushun Vil., South Dist., Taichung City 402014, Taiwan (R.O.C.)","張O婷","0978091063","","有","有"
"95248951","20241022","20241219","淯隆商行","Sexyspecies trading. Co.","臺中市太平區新福里中山路四段２４２巷７弄１８號１樓","1 F., No. 18, Aly. 7, Ln. 242, Sec. 4, Zhongshan Rd., Xinfu Vil., Taiping Dist., Taichung City 411022, Taiwan (R.O.C.)","張O淯","0927166779","","有","有"
"95249369","20250206","20250206","嚴品商行","YAN PIN Company","臺中市西區公正里東興路三段１２４號１樓","1 F., No. 124, Sec. 3, Dongxing Rd., Gongzheng Vil., West Dist., Taichung City 403019, Taiwan (R.O.C.)","潘O尹","04-23200058","","有","有"
"95249608","20241106","20241106","愷歆團購商行","Kaixin Group Buying Firm","臺中市南區永和里南和路88巷43號2樓之43","2 F.-43, No. 43, Ln. 88, Nanhe Rd., Yonghe Vil., South Dist., Taichung City 402013, Taiwan (R.O.C.)","李O萱","04-7572391","04-7563022","有","有"
"95250371","20250410","20250410","伍壹蟹逅商行","51 Xiehou Trading Co.","臺中市中區綠川里民族路23號3樓之1","3F-1, No. 23, Minzu Road, Central District, Taichung City, Taiwan","許O惟","","","有","有"
"95250512","20241125","20241125","盛吉五金商行","SHENGJI HARDWARE FIRM","臺中市清水區橋頭里五權路１０９巷２號１樓","1F., No. 2, Ln. 109, Wuquan Rd., Qingshui Dist., Taichung City 436042 , Taiwan (R.O.C.)","紀O吉","0987909999","","有","有"
"95251940","20241030","20241030","凡花林工作坊","YJ LIN STUDIO","臺中市烏日區榮泉里三榮十二路39號10樓之2","10 F.-2, No. 39, Sanrong 12th Rd., Rongquan Vil., Wuri Dist., Taichung City 414613, Taiwan (R.O.C.)","林O辰","0921901767","","有","有"
"95251961","20241105","20241105","桐杺晶礦企業社","Tongzhao Crystal Mine Company","臺中市北屯區平陽里安順東二街66號1樓","1 F., No. 66, Anshun E. 2nd St., Pingyang Vil., Beitun Dist., Taichung City 406050, Taiwan (R.O.C.)","徐O岑","","","有","有"
"95252407","20241122","20241122","千禧批發企業社","QIAN XI Co.","臺中市太平區宜佳里宜和街３２號１樓","1 F., No. 32, Yihe St., Yijia Vil., Taiping Dist., Taichung City 411042, Taiwan (R.O.C.)","洪O婕","0905017986","","有","有"
"95252413","20250224","20250224","泉榮機械廠","CYUAN RONG MACHINERY Factory","臺中市神岡區溪洲里豐洲路１１１８號之1號1樓","1 F., No. 1118-1, Fengzhou Rd., Xizhou Vil., Shengang Dist., Taichung City 429009, Taiwan (R.O.C.)","林O祥","04-25634563","","有","有"
"95253406","20241109","20241109","我有個朋友在代購","Momo your shopping friend Studio","臺中市北屯區平和里旅順路一段１５２號1樓","1 F., No. 152, Sec. 1, Lushun Rd., Pinghe Vil., Beitun Dist., Taichung City 406027, Taiwan (R.O.C.)","廖O絢","0920-821115","","有","有"
"95254741","20241129","20241129","希望贏工作室","Hope.in Studio","臺中市西區華美街96號1樓","1 F., No. 96, Huamei St., West Dist., Taichung City 403011, Taiwan (R.O.C.)","侯O瑩","04-23768743","","有","有"
"95255328","20241220","20241220","榛行商行","You only live once Boutique","臺中市太平區新福里中山路四段242巷7弄18號2樓","2 F., No. 18, Aly. 7, Ln. 242, Sec. 4, Zhongshan Rd., Xinfu Vil., Taiping Dist., Taichung City 411022, Taiwan (R.O.C.)","張O榛","0423980653","","有","有"
"95255538","20241118","20241227","謙永企業社","CHIANYONG Co.","臺中市西區和龍里臺灣大道二段2號18樓之1","18 F.-1, No. 2, Sec. 2, Taiwan Blvd., Helong Vil., West Dist., Taichung City 403018, Taiwan (R.O.C.)","江O謙","0958516177","","有","有"
"95255586","20241122","20241122","善選商行","great choice business Hang","臺中市大里區東湖里中湖路１５０巷１６號３樓","3 F., No. 16, Ln. 150, Zhonghu Rd., Donghu Vil., Dali Dist., Taichung City 412028, Taiwan (R.O.C.)","曾O芯","0423167699","","有","有"
"95256071","20241211","20241211","芭曼商行","BBAM. Co.","臺中市西區中興里公益路132號11樓","11 F., No. 132, Gongyi Rd., Zhongxing Vil., West Dist., Taichung City 403024, Taiwan (R.O.C.)","張O惠","0917522377","","有","有"
"95256939","20250206","20250206","奇修企業社","Qixiu Co.","臺中市沙鹿區鹿寮里光大路286號1樓","1 F., No. 286, Guangda Rd., Luliao Vil., Shalu Dist., Taichung City 433022, Taiwan (R.O.C.)","紀O","0426625686","","有","有"
"95258752","20241205","20241205","向依貿易社","Xiangyi Trading Co.","臺中市北屯區軍功里軍榮五街185號12樓之1","12 F.-1, No. 185, Junrong 5th St., Jungong Vil., Beitun Dist., Taichung City 406006, Taiwan (R.O.C.)","黃O祥","","","有","有"
"95258900","20241205","20241205","樂購貿易社","Tesco Trading Co.","臺中市北屯區軍功里軍榮五街１８５號１２樓之１","12 F.-1, No. 185, Junrong 5th St., Jungong Vil., Beitun Dist., Taichung City 406006, Taiwan (R.O.C.)","黃O祥","","","有","有"
"95259247","20241212","20241212","瑞合企業社","Ruihe Enterprise Shop","臺中市太平區新高里環中東路三段666號10樓之6","10 F.-6, No. 666, Sec. 3, Huanzhong E. Rd., Xingao Vil., Taiping Dist., Taichung City 411041, Taiwan (R.O.C.)","何O珈","","","無","無"
"95259909","20250106","20250106","林居家飾用品商行","Living furniture COMPANY","臺中市西屯區何安里臺灣大道二段910號11樓之7","11 F.-7, No. 910, Sec. 2, Taiwan Blvd., He’an Vil., Xitun Dist., Taichung City 407600, Taiwan (R.O.C.)","劉O晴","0907495005","","有","有"
"95260286","20241205","20241205","華葳汽車材料行","EXCELLENT PARTS TRADING CO.","臺中市清水區中社里中社路97之248號1樓","1 F., No. 97-248, Zhongshe Rd., Zhongshe Vil., Qingshui Dist., Taichung City 436040, Taiwan (R.O.C.)","紀O華","04-26272961","04-26272964","無","無"
"95260390","20250407","20250407","赫翔企業社","HEXIANG Studio","臺中市太平區新福里中山路四段100號1樓","1 F., No. 100, Sec. 4, Zhongshan Rd., Xinfu Vil., Taiping Dist., Taichung City 411022, Taiwan (R.O.C.)","傅O裕","","","有","有"
"95260574","20241230","20241230","湘湘貿易企業社","Hsiang Hsiang Trade Co.","臺中市潭子區潭陽里福貴路570巷11號2樓","2 F., No. 11, Ln. 570, Fugui Rd., Tanyang Vil., Tanzi Dist., Taichung City 427019, Taiwan (R.O.C.)","魏O芸","0912620165","","有","有"
"95261004","20250117","20250117","珠麗安玖商行","juliangel jewelry Company","臺中市東區振興路437巷58號1樓","1 F., No. 58, Ln. 437, Zhenxing Rd., East Dist., Taichung City 401017, Taiwan (R.O.C.)","李O珊","","","有","有"
"95261047","20241210","20241210","靡堤國際商行","Meeting Reptile International Studio","臺中市太平區宜昌里環中東路四段55號","No. 55, Sec. 4, Huanzhong E. Rd., Yichang Vil., Taiping Dist., Taichung City 411035, Taiwan (R.O.C.)","黃O文","","","有","有"
"95261829","20241213","20241213","錫恩企業社","SION Store","臺中市西屯區何源里華美西街二段311號9樓之3","9 F.-3, No. 311, Sec. 2, Huamei W. St., Heyuan Vil., Xitun Dist., Taichung City 407400, Taiwan (R.O.C.)","張O譯","0934064922","","有","有"
"95261834","20241217","20241217","迦得企業社","Gad Enterprises Store","臺中市西屯區何源里華美西街二段311號9樓之3","9 F.-3, No. 311, Sec. 2, Huamei W. St., Heyuan Vil., Xitun Dist., Taichung City 407400, Taiwan (R.O.C.)","李O","","","有","有"
"95262812","20250303","20250303","興翔企業社","Xing heart Processing Company","臺中市大甲區幸福里黎明路２-１７６號一樓","1 F., No. 2-176, Liming Rd., Xingfu Vil., Dajia Dist., Taichung City 437103, Taiwan (R.O.C.)","曾O瑋","0919918612","","有","有"
"95262952","20250120","20250120","帝昊實業社","TI HAO INDUSTRY CO.","臺中市豐原區田心里圓環東路３巷４號１樓","1 F., No. 4, Ln. 3, Yuanhuan E. Rd., Tianxin Vil., Fengyuan Dist., Taichung City 420082, Taiwan (R.O.C.)","曾O堯","0906-366309","","有","有"
"95263679","20241225","20241225","沃田企業社","WOOTIAN Company","臺中市北區賴村里中清路一段370號10樓之2","10 F.-2, No. 370, Sec. 1, Zhongqing Rd., Laicun Vil., North Dist., Taichung City 404020, Taiwan (R.O.C.)","官O臻","","","有","有"
"95263869","20250115","20250115","波騰企業社","Bauten Auto Company","臺中市西區公益里忠明南路237號12樓之2","12 F.-2, No. 237, Zhongming S. Rd., Gongyi Vil., West Dist., Taichung City 403021, Taiwan (R.O.C.)","蔡O翔","0979131917","","有","有"
"95264608","20250107","20250107","傑誠工程行","JIE CHENG INDUSTRY CO.","臺中市中區光復里中山路192巷2號1樓","1 F., No. 2, Ln. 192, Zhongshan Rd., Guangfu Vil., Central Dist., Taichung City 400, Taiwan (R.O.C.)","胡O傑","0917-119221","","有","有"
"95264966","20241231","20250513","晨兮工作室","CICI Co.","臺中市西屯區惠來里市政北七路186號11樓之2","11 F.-2, No. 186, Shizheng N. 7th Rd., Huilai Vil., Xitun Dist., Taichung City 407612, Taiwan (R.O.C.)","汪O皓","04-22549202","","有","有"
"95265037","20241226","20241226","捷達五金行","Jetta Hardware Co.","臺中市東區東英里德興二街５１號二樓","2 F., No. 51, Dexing 2nd St., Dongying Vil., East Dist., Taichung City 401018, Taiwan (R.O.C.)","陳O佑","","","有","有"
"95265472","20241231","20241231","珍順工作室","ZHEN SHUN WORKSHOP","臺中市西區土庫里美村路一段４６８號１樓","1 F., No. 468, Sec. 1, Meicun Rd., Tuku Vil., West Dist., Taichung City 403011, Taiwan (R.O.C.)","蔡O珍","0","","有","有"
"95265732","20250312","20250312","莫拉蒂工作室","Moda La Tienda Studio","臺中市西屯區潮洋里市政北二路282號21樓之10","21F.-10, No. 282, Shizheng N. 2nd Rd., Xitun Dist., Taichung City 407 , Taiwan (R.O.C.)","徐O涵","0938777502","","有","有"
"95266269","20250121","20250121","夜夢人商行","Night Dreamer Studio","臺中市豐原區南村里北陽三街67號","No. 67, Beiyang 3rd St., Nancun Vil., Fengyuan Dist., Taichung City 420084, Taiwan (R.O.C.)","莊O涵","","","有","有"
"95267176","20250114","20250114","昌順裝潢貼膜企業社","CHANG SHUN ENGINEERING ENTERPRISE COMPANY","臺中市北屯區水湳里文心路三段447號22樓之2","22 F.-2, No. 447, Sec. 3, Wenxin Rd., Shuinan Vil., Beitun Dist., Taichung City 406, Taiwan (R.O.C.)","劉O燿","0982-987793","","有","有"
"95267422","20250324","20250324","裕晨貿易社","YU CHEN TRADE CO.","臺中市西區和龍里臺灣大道二段１６號１９樓之２","19 F.-2, No. 16, Sec. 2, Taiwan Blvd., Helong Vil., West Dist., Taichung City 403403, Taiwan (R.O.C.)","劉O寧","0981-874388","","有","有"
"95267437","20250324","20250324","捷欣貿易社","JIE XIN TRADE CO.","臺中市北區淡溝里館前路１９號７樓之１","7 F.-1, No. 19, Guanqian Rd., Dangou Vil., North Dist., Taichung City 404023, Taiwan (R.O.C.)","劉O寧","0981-874388","","有","有"
"95267909","20250116","20250116","大普商行","DP TOP Store","臺中市太平區新高里樹德路70巷10號1樓","1 F., No. 10, Ln. 70, Shude Rd., Xingao Vil., Taiping Dist., Taichung City 411031, Taiwan (R.O.C.)","林O誼","","","有","有"
"95268822","20250121","20250121","撒母耳企業社","Samuel Enterprises Store","臺中市西屯區何源里華美西街二段311號9樓之3","9 F.-3, No. 311, Sec. 2, Huamei W. St., Heyuan Vil., Xitun Dist., Taichung City 407400, Taiwan (R.O.C.)","陳O瓊","","","有","有"
"95268837","20250121","20250121","耶利米企業社","Jeremiah Enterprises Store","臺中市西屯區何源里華美西街二段311號9樓之3","9 F.-3, No. 311, Sec. 2, Huamei W. St., Heyuan Vil., Xitun Dist., Taichung City 407400, Taiwan (R.O.C.)","閻O文","","","有","有"
"95269152","20250123","20250123","買咘商行","MyBoo Shop","臺中市南屯區三和里公益路二段５２３號八樓之５","8 F.-5, No. 523, Sec. 2, Gongyi Rd., Sanhe Vil., Nantun Dist., Taichung City 408401, Taiwan (R.O.C.)","陳O筠","0955193275","","有","有"
"95269322","20250124","20250124","智洗科技企業社","Wisdom wash Technology Co.","臺中市北區錦村里自強街35巷1號","No. 1, Ln. 35, Ziqiang St., Jincun Vil., North Dist., Taichung City 404002, Taiwan (R.O.C.)","江O涵","0909-528904","","有","有"
"95293364","20250213","20250213","撒哈拉進出口貿易","Sahara import Co.","雲林縣崙背鄉阿勸村中厝５５號1樓","1 F., No. 55, Zhongcuo, Lunbei Township, Yunlin County 637105, Taiwan (R.O.C.)","馬O","056964483","","有","有"
"95294096","20250326","20250326","迪夢達商行","DI MONDO Co.","雲林縣土庫鎮順天里中正路140號1樓","1 F., No. 140, Zhongzheng Rd., Shuntian Vil., Tuku Township, Yunlin County 633001, Taiwan (R.O.C.)","吳O紋","","","有","有"
"95294292","20250310","20250310","維特商行","WEETSTORE COMPANY","雲林縣二崙鄉油車村成功路188號2樓","2F., No. 188, Chenggong Rd., Lunbei Township, Yunlin County 637001, Taiwan (R.O.C.)","林O昭","0958508370","","有","有"
"95294390","20250306","20250306","璦坊童裝","Aifang Kids Studio","雲林縣斗六市鎮北里育英北街111巷61號2樓","2 F., No. 61, Ln. 111, Yuying N. St., Zhenbei Vil., Douliu City, Yunlin County 640103, Taiwan (R.O.C.)","黃O菱","0975469031","","有","有"
"95295145","20250331","20250605","沛佳工程行","Full well engineering Company","雲林縣莿桐鄉莿桐村中正路76號一樓","1 F., No. 76, Zhongzheng Rd., Citong Township, Yunlin County 647008, Taiwan (R.O.C.)","陳O圓","0939156731","","有","有"
"95296876","20250507","20250507","聽允設計工作室","Shema Design Studio","雲林縣斗六市龍潭里大學路三段275號3樓","3 F., No. 275, Sec. 3, University Road, Longtan Vil., Douliu City, Yunlin County 640101, Taiwan (R.O.C.)","黃O瑋","0972827715","","有","有"
"95301548","20250310","20250310","傳承工程行","Fawan Company","南投縣草屯鎮敦和里仁愛街213巷20弄28號","No. 28, Aly. 20, Ln. 213, Ren'ai St., Caotun Township, Nantou County 542011, Taiwan (R.O.C.)","林O昌","0910633689","","有","有"
"95302363","20250313","20250313","派氛國際商行","citypython taiwan Studio","南投縣草屯鎮南埔里南坪路500巷70弄1號","No. 1, Aly. 70, Ln. 500, Nanping Rd., Nanpu Vil., Caotun Township, Nantou County 542023, Taiwan (R.O.C.)","許O淮","","","有","有"
"95302477","20250324","20250324","瑋鑫貿易商行","WeiXin Trade Firm","南投縣草屯鎮山腳里民生一街46巷28號2樓","2 F., No. 28, Ln. 46, Minsheng 1st St., Shanjiao Vil., Caotun Township, Nantou County 542005, Taiwan (R.O.C.)","吳O瑋","","","有","有"
"95302482","20250324","20250324","神木雲韻茗茶商行","Shenmu Yun Tea Studio","南投縣集集鎮永昌里民生路5巷23號","No. 23, Ln. 5, Minsheng Rd., Yongchang Vil., Jiji Township, Nantou County 552005, Taiwan (R.O.C.)","蔣O萱","0958-004-208","","有","有"
"95302949","20250422","20250422","豪豪實業社","HAO HAO ENTERPRISE COMPANY","南投縣南投市平和里育樂路110號1樓","1 F., No. 110, Yule Rd., Pinghe Vil., Nantou City, Nantou County 54049, Taiwan (R.O.C.)","李O柔","0928-900433","","有","有"
"95303031","20250505","20250505","上豐君企業社","SHANG FONG JYUN STORE","南投縣草屯鎮新厝里新富二街63號一樓","1 F., No. 63, Xinfu 2nd St., Xincuo Vil., Caotun Township, Nantou County 542003, Taiwan (R.O.C.)","王O君","0492311288","","有","有"
"95303187","20250414","20250414","辰忻企業社","Chen Xin Enterprise COMPANY","南投縣名間鄉中正村庄仔巷2之15號二樓","2 F., No. 2-15, Zhuangzai Ln., Mingjian Township, Nantou County 551003, Taiwan (R.O.C.)","劉O妤","","","有","有"
"95308155","20250423","20250423","冰來韻轉商行","Mountain in Blue Company","彰化縣鹿港鎮埔崙里明德街39號","No. 39, Mingde St., Pulun Vil., Lukang Township, Changhua County 505023, Taiwan (R.O.C.)","趙O嵐","","","有","有"
"95308177","20250407","20250407","軒明工程行","HSUAN MING ENGINEERING Co.","彰化縣線西鄉溝內村金馬路72號","No. 72, Jinma Rd., Xianxi Township, Changhua County 507003, Taiwan (R.O.C.)","黃O凌","","","有","有"
"95308198","20250529","20250529","宏華塑膠企業社","Hung Hua Plastic Enterprise co.,","彰化縣埔鹽鄉西湖村大新路2巷26-66號1樓","1 F., No. 26-66, Ln. 2, Daxin Rd., Puyan Township, Changhua County 516019, Taiwan (R.O.C.)","廖O宏","0919-453676","","有","有"
"95308486","20250528","20250528","立客手機維修工作室","Li Ke mobile phone repair Studio","彰化縣田中鎮南路里中州路一段211號1樓","1 F., No. 211, Sec. 1, Zhongzhou Rd., Tianzhong Township, Changhua County 520022, Taiwan (R.O.C.)","卓O惠","","","有","有"
"95308492","20250124","20250124","辰采水晶","Chen Cai Crystal Company","彰化縣線西鄉線西村中央路三段２巷７８號1樓","1 F., No. 78, Ln. 2, Sec. 3, Zhongyang Rd., Xianxi Township, Changhua County 507001, Taiwan (R.O.C.)","辛O萱","","","有","有"
"95308710","20250212","20250212","晴鑽茶飲商行","QING ZUAN Co.","彰化縣彰化市延平里大埔路569號1樓","1 F., No. 569, Dapu Rd., Yanping Vil., Changhua City, Changhua County 500010, Taiwan (R.O.C.)","楊O堡","04-7622329#205","","有","有"
"95308937","20250217","20250217","昱鑫商行","Yu Xhin COMPANY","彰化縣員林市大埔里員大路二段46巷268弄37號","No. 37, Aly. 268, Ln. 46, Sec. 2, Yuanda Rd., Dapu Vil., Yuanlin City, Changhua County 510038, Taiwan (R.O.C.)","游O穎","0983814122","","無","無"
"95309197","20250211","20250211","逍遙企業社","XIAOYAO ENTERPRISE Company","彰化縣彰化市莿桐里彰水路53巷20號2樓","2 F., No. 20, Ln. 53, Zhangshui Rd., Citong Vil., Changhua City, Changhua County 500031, Taiwan (R.O.C.)","陳O元","","","有","有"
"95309204","20250212","20250212","璦文化設計工作室","I CULTURE DESIGN Studio","彰化縣北斗鎮文昌里復興路228巷58弄14號","No. 14, Aly. 58, Ln. 228, Fuxing Rd., Wenchang Vil., Beidou Township, Changhua County 521055, Taiwan (R.O.C.)","王O慧","0934206912","","有","有"
"95309387","20250529","20250529","祐辰工程行","YOCHEN CONSTRUCTION MATERIALS CO.","彰化縣伸港鄉泉州村東州路68號1樓","1 F., No. 68, Dongzhou Rd., Shengang Township, Changhua County 509002, Taiwan (R.O.C.)","温O家","0923896958","","有","有"
"95309400","20250221","20250221","炘曄企業社","Shin Yee Co.","彰化縣永靖鄉五福村中山路一段68巷15號2樓","2 F., No. 15, Ln. 68, Sec. 1, Zhongshan Rd., Yongjing Township, Changhua County 512003, Taiwan (R.O.C.)","劉O萍","","","有","有"
"95310217","20250321","20250324","誠義商行","CHENG ONE COMPANY","彰化縣彰化市萬安里永安街184巷17號1樓","1 F., No. 17, Ln. 184, Yong'an St., Wan’an Vil., Changhua City, Changhua County 500021, Taiwan (R.O.C.)","陳O呈","0922-252377","","有","有"
"95310743","20250307","20250307","富巷企業社","fuxiang handicraft Company","彰化縣線西鄉塭仔村沿海路一段147號1樓","No. 147, Sec. 1, Yanhai Rd., Xianxi Township, Changhua County 507004 , Taiwan (R.O.C.)","黃O閔","0985781203","","有","有"
"95311222","20250515","20250515","淘美樂國際貿易行","TAO MEI LE International trading Co.","彰化縣員林市南興里員大路一段2巷47弄2號5樓之1","5 F.-1, No. 2, Aly. 47, 2nd Ln. , Sec. 1, Yuanda Rd., Nanxing Vil., Yuanlin City, Changhua County 510013, Taiwan (R.O.C.)","黃O吟","","","有","有"
"95311433","20250325","20250325","桃臻企業社","Tao Zhen Enterprise Co.","彰化縣伸港鄉七嘉村建興路415號1樓","1 F., No. 415, Jianxing Rd., Shengang Township, Changhua County 509007, Taiwan (R.O.C.)","洪O姿","0910-268824","047119810","有","有"
"95311709","20250408","20250408","銀幸商行","Sinkaia Company","彰化縣彰化市南興里南興街22號1樓","1 F., No. 22, Nanxing St., Nanxing Vil., Changhua City, Changhua County 500032, Taiwan (R.O.C.)","黄O芳","","","有","有"
"95311975","20250424","20250424","恩備海洋企業社","Grace Prepared Ocean Enterprise Studio","彰化縣彰化市辭修路128巷3-9號","No. 3-9, Ln. 128, Cixiu Rd., Changhua City, Changhua County 500019, Taiwan (R.O.C.)","潘O佑","047-251929","","有","有"
"95312019","20250418","20250418","金禾生技農場企業社","JIN HE B io technology Co.","彰化縣福興鄉西勢村員鹿路二段132號1樓","1 F., No. 132, Sec. 2, Yuanlu Rd., Fuxing Township, Changhua County 506017, Taiwan (R.O.C.)","蘇O宏","0913-629292","04-7782939","有","有"
"95312637","20250327","20250327","國忠企業社","KUO CHUNG TRADING Company","彰化縣彰化市興北里三民路117號9樓之1","9 F.-1, No. 117, Sanmin Rd., Xingbei Vil., Changhua City, Changhua County 500003, Taiwan (R.O.C.)","王O忠","04-7263007","","有","有"
"95313869","20250424","20250424","鷹石科技社","EagleStone Technology Enterprise Co.","彰化縣彰化市西勢里金馬路三段646巷52之7號4樓","4 F., No. 52-7, Ln. 646, Sec. 3, Jinma Rd., Xishi Vil., Changhua City, Changhua County 500027, Taiwan (R.O.C.)","陳O鈞","","","有","有"
"95314092","20250422","20250422","家逸科技維修店","LH TECHNOLOGY REPAIR SHOP","彰化縣彰化市福安里福鎮街18號","No. 18, Fuzhen St., Changhua City, Changhua County 500025, Taiwan (R.O.C.)","林O佑","04-7202347","","有","有"
"95314467","20250430","20250430","玖明實業社","Jiu Ming Industrial Co.","彰化縣和美鎮湖內里北溪路79號1樓","1 F., No. 79, Beixi Rd., Hunei Vil., Hemei Township, Changhua County 508003, Taiwan (R.O.C.)","姚O","","","有","有"
"95314760","20250512","20250512","曜鏈企業社","Yao Lian Co.","彰化縣員林市仁愛里三民東街378號1樓","1 F., No. 378, Sanmin E. St., Ren’ai Vil., Yuanlin City, Changhua County 510019, Taiwan (R.O.C.)","張O強","0910182096","","有","有"
"95315395","20250523","20250523","田村商行","Tamura Trading Co.","彰化縣大村鄉田洋村田洋橫巷62-1號1樓","1 F., No. 62-1, Tianyang Side Ln., Dacun Township, Changhua County 515008, Taiwan (R.O.C.)","嚴O郁","","","有","有"
"95315418","20250604","20250604","寶格門企業社","Baogemen Company","彰化縣花壇鄉長沙村忠孝街117號1樓","1 F., No. 117, Zhongxiao St., Huatan Township, Changhua County 503004, Taiwan (R.O.C.)","吳O誌","","","有","有"
"95320685","20250124","20250124","穎川隆農產行","CHEN SHEN-LUNG Co.","臺中市大雅區秀山里平和二路53號1樓","1 F., No. 53, Pinghe 2nd Rd., Xiushan Vil., Daya Dist., Taichung City 428015, Taiwan (R.O.C.)","陳O隆","","","有","有"
"95320756","20250203","20250325","油壺納福金貿易商行","Mrs. WEALTHY Trade Company","臺中市北屯區同榮里同榮路４３０號1樓","1 F., No. 430, Tongrong Rd., Tongrong Vil., Beitun Dist., Taichung City 406045, Taiwan (R.O.C.)","謝O蕎","0975492959","","有","有"
"95320876","20250205","20250205","涅槃號","Nirvana Project Co.","臺中市豐原區西湳里文昌街230號1樓","1 F., No. 230, Wenchang St., Xinan Vil., Fengyuan Dist., Taichung City 420009, Taiwan (R.O.C.)","傅O鴻","","","無","無"
"95321565","20250207","20250207","帝漾國際企業社","DI YOUTH international enterprise Co.","臺中市大甲區順天里中華街113號1樓","1 F., No. 113, Zhonghua St., Shuntian Vil., Dajia Dist., Taichung City 437006, Taiwan (R.O.C.)","賴O旻","","","有","有"
"95321798","20250210","20250210","琸躍企業社","TU YUE ENTERPRISE Co.","臺中市太平區福隆里東方四街１巷４０號１樓","1 F., No. 40, Ln. 1, Dongfang 4th St., Fulong Vil., Taiping Dist., Taichung City 411033, Taiwan (R.O.C.)","劉O宗","04-23934134","","有","有"
"95322071","20250414","20250414","捷鑫企業社","Jiexin Enterprise Co.","臺中市太平區聖和里長龍路一段中山巷49號","No. 49, Zhongshan Ln., Sec. 1, Changlong Rd., Shenghe Vil., Taiping Dist., Taichung City 411010, Taiwan (R.O.C.)","李O杰","0973116178","","有","有"
"95322086","20250519","20250519","優良商行","Goodthing Co.","臺中市南屯區向心里文心南二路170巷19號2樓","2 F., No. 19, Ln. 170, Wenxin S. 2nd Rd., Xiangxin Vil., Nantun Dist., Taichung City 408024, Taiwan (R.O.C.)","蕭O兒","04-22656968","04-22650047","有","有"
"95322558","20250206","20250206","家億國際商行","Plus One commercial FIRM","臺中市大雅區上雅里雅環路二段338號3樓","3 F., No. 338, Sec. 2, Yahuan Rd., Shangya Vil., Daya Dist., Taichung City 428011, Taiwan (R.O.C.)","蔡O瑀","","","有","有"
"95322635","20250211","20250211","肖恩企業社","Shawn Enterprises Store","臺中市西屯區何源里華美西街二段311號9樓之3","9 F.-3, No. 311, Sec. 2, Huamei W. St., Heyuan Vil., Xitun Dist., Taichung City 407400, Taiwan (R.O.C.)","楊O儀","0934064922","","有","有"
"95323439","20250212","20250212","尚森豐國際貿易商行","SSF INTERNATIONAL TRADING Company","臺中市后里區墩北里月湖路９０巷１５弄２號1樓","1 F., No. 2, Aly. 15, Ln. 90, Yuehu Rd., Dunbei Vil., Houli Dist., Taichung City 421006, Taiwan (R.O.C.)","楊O文","0982-822544","","有","有"
"95323536","20250213","20250529","泰森企業社","Tan Tyson Co.","臺中市北區錦祥里育樂街82號7樓之12","7 F.-12, No. 82, Yule St., Jinxiang Vil., North Dist., Taichung City 404005, Taiwan (R.O.C.)","宋O宣","04-23853888","04-23869274","有","有"
"95324211","20250307","20250307","有思茶坊","MISSING TEA SHOP","臺中市西區公民里林森路241號1樓","1 F., No. 241, Linsen Rd., Gongmin Vil., West Dist., Taichung City 403, Taiwan (R.O.C.)","陳O宜","0982588596","","有","有"
"95324227","20250217","20250217","駿瑞國際企業行","Focused Consultancy Company","臺中市北屯區水湳里文心路三段447號4樓","4 F., No. 447, Sec. 3, Wenxin Rd., Shuinan Vil., Beitun Dist., Taichung City 406505, Taiwan (R.O.C.)","汪O安","04-7572391","04-7563022","有","有"
"95325302","20250421","20250421","玻恩工作坊","Born LightArt Workshop","臺中市西屯區何成里大容西街63號21樓之1","21 F.-1, No. 63, Darong W. St., Hecheng Vil., Xitun Dist., Taichung City 407661, Taiwan (R.O.C.)","毛O生","0912918295","","有","有"
"95326040","20250221","20250221","達宸企業社","DataZen Business Process Outsourcing Co.","臺中市西屯區何福里西屯路二段２８號3樓","3 F., No. 28, Sec. 2, Xitun Rd., Hefu Vil., Xitun Dist., Taichung City 407053, Taiwan (R.O.C.)","巴O瑞","","","有","有"
"95326077","20250608","20250608","爾本帽社","Urban Studio","臺中市西屯區逢福里逢甲路19巷17之18號1樓","1 F., No. 17-18, Ln. 19, Fengjia Rd., Fengfu Vil., Xitun Dist., Taichung City 407033, Taiwan (R.O.C.)","劉O成","0911766987","","有","有"
"95326153","20250227","20250227","文山工業社","WEN SHAN INDUSTRY CO.","臺中市大雅區秀山里秀山路文山巷8號","No. 8, Wenshan Ln., Xiushan Rd., Xiushan Vil., Daya Dist., Taichung City 428015, Taiwan (R.O.C.)","王O麗專","04-25662250","","有","有"
"95327646","20250306","20250306","米奇整合行銷","Mi-LAOSHU Integrated Marketing Co.","臺中市豐原區豐圳里建成路33號1樓","1 F., No. 33, Jiancheng Rd., Fengzun Vil., Fengyuan Dist., Taichung City 420019, Taiwan (R.O.C.)","李O憲","","","有","有"
"95328188","20250313","20250313","加拉太企業社","Galatian Enterprises Store","臺中市北區賴村里中清路一段370號9樓之2","9 F.-2, No. 370, Sec. 1, Zhongqing Rd., Laicun Vil., North Dist., Taichung City 404020, Taiwan (R.O.C.)","楊O云","","","有","有"
"95328194","20250313","20250313","馬可企業社","Marco Enterprises Store","臺中市北區賴村里中清路一段370號9樓之2","9 F.-2, No. 370, Sec. 1, Zhongqing Rd., Laicun Vil., North Dist., Taichung City 404020, Taiwan (R.O.C.)","丁O麗","","","有","有"
"95328271","20250313","20250313","雅各企業社","Jacob Enterprises Store","臺中市北區賴村里中清路一段370號9樓之2","9 F.-2, No. 370, Sec. 1, Zhongqing Rd., Laicun Vil., North Dist., Taichung City 404020, Taiwan (R.O.C.)","許O涵","","","有","有"
"95328286","20250313","20250313","哥林多企業社","Corinthian Enterprises Store","臺中市北區賴村里中清路一段370號9樓之2","9 F.-2, No. 370, Sec. 1, Zhongqing Rd., Laicun Vil., North Dist., Taichung City 404020, Taiwan (R.O.C.)","徐O婷","","","有","有"
"95328429","20250305","20250305","心找商行","Xinchaosnacks Shop","臺中市東區富仁里福仁街170號1樓","1 F., No. 170, Furen St., Furen Vil., East Dist., Taichung City 401001, Taiwan (R.O.C.)","許O中","","","有","有"
"95328814","20250320","20250509","鼎晨工程行","Caiwei Engineering Company","臺中市大安區中庄里中山南路３０４巷１７號１樓","1 F., No. 17, Ln. 304, Zhongshan S. Rd., Zhongzhuang Vil., Da'an Dist., Taichung City 439012, Taiwan (R.O.C.)","陳O瑜","","","有","有"
"95329341","20250603","20250606","鉅桐實業廠","Gutong Iron Casting Factory","臺中市神岡區三角里中興路121號","No. 121, Zhongxing Rd., Shengang Dist., Taichung City 429006, Taiwan (R.O.C.)","呂O桐","04-25334209","","有","有"
"95330564","20250312","20250312","金川味貿易商行","JINCHUANWEI TRADING CO.","臺中市北屯區平昌里北平路四段１０２號1樓","1 F., No. 102, Sec. 4, Beiping Rd., Pingchang Vil., Beitun Dist., Taichung City 406023, Taiwan (R.O.C.)","薛O","","","有","有"
"95331183","20250318","20250319","三隻貓商行","Threecats Co.","臺中市北屯區平安里文心路四段698號15樓之1","15 F.-1, No. 698, Sec. 4, Wenxin Rd., Ping’an Vil., Beitun Dist., Taichung City 406503, Taiwan (R.O.C.)","張O傑","","","有","有"
"95331634","20250415","20250529","熊姝運動用品舖","B.Kuma dominton Co.","臺中市西屯區西安里福星路142之1號1樓","1 F., No. 142-1, Fuxing Rd., Xi’an Vil., Xitun Dist., Taichung City 407033, Taiwan (R.O.C.)","呂O諴","0919-017136","","有","有"
"95331971","20250318","20250318","岳成重機行","Yuecheng Heavy MACHINERY Co.","臺中市大甲區中山里甲后路五段251巷58號1樓","1 F., No. 58, Ln. 251, Sec. 5, Jiahou Rd., Zhongshan Vil., Dajia Dist., Taichung City 437022, Taiwan (R.O.C.)","陳O雯","0911819363","","有","有"
"95332079","20250331","20250331","紫星商行","zxing Store","臺中市北屯區平安里文心路四段698號15樓之1","15 F.-1, No. 698, Sec. 4, Wenxin Rd., Ping’an Vil., Beitun Dist., Taichung City 406503, Taiwan (R.O.C.)","賴O燈","0987597832","","有","有"
"95332465","20250324","20250324","衍知科技企業社","Yanzhi Technology Enterprise Company","臺中市西區公平里公益路１９６號2樓","2 F., No. 196, Gongyi Rd., Gongping Vil., West Dist., Taichung City 403026, Taiwan (R.O.C.)","王O儀","0978-761681","","有","有"
"95333008","20250327","20250327","昆娜國際美學企業社","QN Queena International Aesthetics Co.","臺中市西屯區潮洋里青海南街１９９號１９樓之７","19 F.-7, No. 199, Qinghai S. St., Chaoyang Vil., Xitun Dist., Taichung City 407485, Taiwan (R.O.C.)","朱O萍","0985-051-283","","有","有"
"95333485","20250409","20250409","維達斯國際企業社","WEI DA-SZ Co.","臺中市南屯區惠中里文心路一段378號7樓之10","7 F.-10, No. 378, Sec. 1, Wenxin Rd., Huizhong Vil., Nantun Dist., Taichung City 408384, Taiwan (R.O.C.)","余O勲","","","有","有"
"95333751","20250414","20250414","韓斐斯企業社","Han Faith Enterprise Co.","臺中市北屯區文心路四段９3６號3樓之２","3 F.-2, No. 936, Sec. 4, Wenxin Rd., Beitun Dist., Taichung City 406505, Taiwan (R.O.C.)","張O臻","0916383169","","無","無"
"95333773","20250407","20250407","鑫銳貿易商行","XIN RUI TRADE Co.","臺中市東區十甲里東英十五街260巷19號9樓之2","9 F.-2, No. 19, Ln. 260, Dongying 15th St., Shijia Vil., East Dist., Taichung City 401241, Taiwan (R.O.C.)","王O淵","0967-103974","","有","有"
"95333990","20250409","20250409","洲至國際企業社","JOU JR Co.","臺中市西屯區何安里重慶路９９號五樓之３","5 F.-3, No. 99, Chongqing Rd., He’an Vil., Xitun Dist., Taichung City 407476, Taiwan (R.O.C.)","余O勲","","","有","有"
"95334787","20250402","20250402","九九八科技館","998tech technology Company","臺中市潭子區福仁里中山路二段６８號１２樓","12 F., No. 68, Sec. 2, Zhongshan Rd., Furen Vil., Tanzi Dist., Taichung City 427013, Taiwan (R.O.C.)","廖O吉","","","有","有"
"95335060","20250402","20250402","大氫帝國健康館","H2 Epoch Company","臺中市潭子區福仁里中山路二段６８號12樓","12 F., No. 68, Sec. 2, Zhongshan Rd., Furen Vil., Tanzi Dist., Taichung City 427013, Taiwan (R.O.C.)","廖O吉","","","有","有"
"95335110","20250509","20250509","曉風殘月企業社","XIAO FENG CAN YUE Company","臺中市西區民生里自由路一段101號8樓之2","8 F.-2, No. 101, Sec. 1, Ziyou Rd., Minsheng Vil., West Dist., Taichung City 403306, Taiwan (R.O.C.)","林O村","0936-725575","","有","有"
"95335126","20250416","20250416","源鈦企業社","Neotitan Co.","臺中市西區大忠里忠明南路270號7樓之1","7 F.-1, No. 270, Zhongming S. Rd., Dazhong Vil., West Dist., Taichung City 403021, Taiwan (R.O.C.)","黃O妍","0979131010","","有","有"
"95335131","20250411","20250411","懷特歐菲實業社","WHITE OUFEI CO.","臺中市西屯區何仁里櫻花路30號5樓之13","5 F.-13, No. 30, Yinghua Rd., Heren Vil., Xitun Dist., Taichung City 407, Taiwan (R.O.C.)","蘇O庭","0926-898528","","有","有"
"95335189","20250401","20250401","吉秝行","JI LI AGRI TECH Company","臺中市梧棲區永寧里永興路一段546巷37號1樓","No. 31 Lance 546 Sec 1 Yong-Xing Road Wuchi District Taichung City Taiwan","王O勛","0975426026","","有","有"
"95335250","20250410","20250410","雅允商行","AYOON Trading Co.","臺中市西屯區市政北七路１８６號11樓之２","11 F.-2, No. 186, Shizheng N. 7th Rd., Xitun Dist., Taichung City 407612, Taiwan (R.O.C.)","李O悦","04-22549202","","有","有"
"95335287","20250417","20250417","誠坤企業社","Kuntrust Co.","臺中市西屯區逢甲里河南路二段３２７號4樓之５","4 F.-5, No. 327, Sec. 2, Henan Rd., Fengjia Vil., Xitun Dist., Taichung City 407416, Taiwan (R.O.C.)","林O斌","","","有","有"
"95335596","20250422","20250422","悟人道企業社","Original Cosmos Company","臺中市大肚區王田里王福街621號1樓","1 F., No. 621, Wangfu St., Wangtian Vil., Dadu Dist., Taichung City 432006, Taiwan (R.O.C.)","黃O旺","0927050161","04-26998968","有","有"
"95335688","20250508","20250508","肉球工作室","Paw Workshop","臺中市北屯區松茂里松義街１７１號2樓","2 F., No. 171, Songyi St., Songmao Vil., Beitun Dist., Taichung City 406014, Taiwan (R.O.C.)","鄭O淇","0983055654","","有","有"
"95335934","20250424","20250424","合嘉商行","he jia Co.","臺中市太平區豐年里大源32街2號2樓","2 F., No. 2, Dayuan 30th St., Fengnian Vil., Taiping Dist., Taichung City 411038, Taiwan (R.O.C.)","蔡O銘","0937-789023","","有","有"
"95337840","20250610","20250610","漢龍珠寶企業","Hanlong Jewelry Enterprise Co.","臺中市北區賴興里文心路四段２０８-１號７樓之２","7 F.-2, No. 208-1, Sec. 4, Wenxin Rd., Laixing Vil., North Dist., Taichung City 404537, Taiwan (R.O.C.)","余O曄","","","有","有"
"95338496","20250514","20250514","博拉德企業社","BROTHER Enterprise Co.","臺中市太平區成功里東平路３７５巷１弄２號１樓","1 F., No. 2, Aly. 1, Ln. 375, Dongping Rd., Chenggong Vil., Taiping Dist., Taichung City 411001, Taiwan (R.O.C.)","黃O淵","0956-999055","","有","有"
"95339072","20250423","20250423","猛猛達企業社","MENG MENG DA Co.","臺中市豐原區鎌村里鎌村路326巷7號","No. 7, Ln. 326, Liancun Rd., Liancun Vil., Fengyuan Dist., Taichung City 420, Taiwan (R.O.C.)","莊O達","0930480210","","有","有"
"95339137","20250522","20250522","生活直販所工作室","Japan life select Shop","臺中市南屯區大業里大墩十二街186號7樓","7 F., No. 186, Dadun 12th St., Daye Vil., Nantun Dist., Taichung City 408031, Taiwan (R.O.C.)","余O芸","0912810376","","有","有"
"95339241","20250424","20250424","瑜璽音響線材事業","Yuxi Audio Cable Company","臺中市大肚區蔗廍里遊園路二段１３３巷９５號5樓之３","5 F.-3, No. 95, Ln. 133, Sec. 2, Youyuan Rd., Dadu Dist., Taichung City 432009, Taiwan (R.O.C.)","嚴O柔","","","有","有"
"95339381","20250506","20250506","霏凡商行","euphie Shop","臺中市北屯區三光里北屯路２４０巷６２號四樓之２","4 F.-2, No. 62, Ln. 240, Beitun Rd., Sanguang Vil., Beitun Dist., Taichung City 406504, Taiwan (R.O.C.)","李O蓉","","","有","有"
"95339397","20250520","20250520","威和國際企業社","WEIHE Co.","臺中市南屯區惠中里文心路一段378號7樓之10","7 F.-10, No. 378, Sec. 1, Wenxin Rd., Huizhong Vil., Nantun Dist., Taichung City 408384, Taiwan (R.O.C.)","吳O恩","","","有","有"
"95339410","20250520","20250520","洋鼎國際企業社","YANGDING Co.","臺中市西屯區何安里重慶路99號5樓之3","5 F.-3, No. 99, Chongqing Rd., He’an Vil., Xitun Dist., Taichung City 407476, Taiwan (R.O.C.)","張O豪","","","有","有"
"95339707","20250611","20250611","洺樂企業社","Mingle Co.","臺中市西屯區福和里臺灣大道四段８４７號１１樓","11 F., No. 847, Sec. 4, Taiwan Blvd., Fuhe Vil., Xitun Dist., Taichung City 407207, Taiwan (R.O.C.)","許O孟","","","有","有"
"95339919","20250520","20250520","宇旺國際企業社","YUWANG Co.","臺中市南屯區惠中里文心路一段378號7樓之10","7 F.-10, No. 378, Sec. 1, Wenxin Rd., Huizhong Vil., Nantun Dist., Taichung City 408384, Taiwan (R.O.C.)","林O佑","","","有","有"
"95339925","20250520","20250520","百尚國際企業社","BOSHANG Co.","臺中市西屯區何安里重慶路99號5樓之3","5 F.-3, No. 99, Chongqing Rd., He’an Vil., Xitun Dist., Taichung City 407476, Taiwan (R.O.C.)","徐O居","","","有","有"
"95340280","20250522","20250522","富榮實業社","Fu Rong Industrial Co.","臺中市西屯區何仁里寧夏路１９５之８號","No. 195-8, Ningxia Rd., Heren Vil., Xitun Dist., Taichung City 407333, Taiwan (R.O.C.)","楊O庭","","","有","有"
"95340492","20250520","20250520","智海國際企業社","CHIHHAI Co.","臺中市西屯區何安里重慶路９９號５樓之３","5 F.-3, No. 99, Chongqing Rd., He’an Vil., Xitun Dist., Taichung City 407476, Taiwan (R.O.C.)","王O毓","","","有","有"
"95340710","20250522","20250522","十五行銷商行","Fifteen Marketing Workshop","臺中市南區學府路１７０號4樓之１６２","4 F.-162, No. 170, Xuefu Rd., South Dist., Taichung City 402208, Taiwan (R.O.C.)","林O佑","0907310826","","有","有"
"95340768","20250527","20250527","寶慶汽車商行","BAO CHING AUTOMOBILE CO.","臺中市神岡區庄前里中正南街249號","No. 249, Zhongzheng S. St., Zhuangqian Vil., Shengang Dist., Taichung City 429, Taiwan (R.O.C.)","姚O涵","0985-325239","","有","有"
"95340774","20250508","20250508","忠姮企業社","LiHeng Co.","臺中市太平區長億里長億南街99巷33號1樓","1 F., No. 33, Ln. 99, Changyi S. St., Changyi Vil., Taiping Dist., Taichung City 411005, Taiwan (R.O.C.)","黎O姮","","","有","有"
"95340839","20250506","20250506","鷥綸企業社","SeLun company","臺中市豐原區南嵩里水源路71巷29號1樓","1 F., No. 29, Ln. 71, Shuiyuan Rd., Nansong Vil., Fengyuan Dist., Taichung City 420084, Taiwan (R.O.C.)","林O君","","","有","有"
"95341020","20250520","20250520","新寶島企業社","New Formosa Studio","臺中市北屯區松安里修齊街１３巷２９號１樓","1 F., No. 29, Ln. 13, Xiuqi St., Song’an Vil., Beitun Dist., Taichung City 406030, Taiwan (R.O.C.)","施O縢","","","有","有"
"95341817","20250616","20250616","政容企業社","CHENG JUNG COMPANY","臺中市北屯區同榮里同榮路１３２號二樓之２","2 F.-2, No. 132, Tongrong Rd., Tongrong Vil., Beitun Dist., Taichung City 406045, Taiwan (R.O.C.)","鍾O容","0988-017795","","有","有"
"95341979","20250507","20250507","斐尚服飾企業社","arc.co_ Co.","臺中市北區錦平里三民路三段１３１巷４號１樓","1 F., No. 4, Ln. 131, Sec. 3, Sanmin Rd., Jinping Vil., North Dist., Taichung City 404010, Taiwan (R.O.C.)","廖O葦","0918371677","","有","有"
"95342288","20250514","20250514","赤晟日銷工作室","AKASAKA Studio","臺中市西屯區福雅里臺灣大道四段908號2樓","2 F., No. 908, Sec. 4, Taiwan Blvd., Fuya Vil., Xitun Dist., Taichung City 407003, Taiwan (R.O.C.)","邱O立","","","有","有"
"95342528","20250612","20250612","品選商行","Pinxuan trading company","臺中市中區大誠里臺灣大道一段501號10樓之1","10 F.-1, No. 501, Sec. 1, Taiwan Blvd., Dacheng Vil., Central Dist., Taichung City 400001, Taiwan (R.O.C.)","簡O峰","0972351364","","有","有"
"95343316","20250514","20250514","波波米卡商行","POPOMIKA CO.","臺中市東區東英里自由路四段３４８號","No. 348, Sec. 4, Ziyou Rd., Dongying Vil., East Dist., Taichung City 401021, Taiwan (R.O.C.)","宋O","0973123857","","有","有"
"95343322","20250608","20250608","超大咖網路企業社","Coffee Hub Network","臺中市西屯區市政北七路１８６號３樓之３","3 F.-3, No. 186, Shizheng N. 7th Rd., Xitun Dist., Taichung City 407612, Taiwan (R.O.C.)","呂O右","","","有","有"
"95343934","20250610","20250610","幸運星企業社","LUCKY STAR Company","臺中市西屯區上石里至善路１４８巷４６號３樓之３","3 F.-3, No. 46, Ln. 148, Zhishan Rd., Shangshi Vil., Xitun Dist., Taichung City 407313, Taiwan (R.O.C.)","廖O翔","","","有","有"
"95344173","20250603","20250603","宛樂工作室","Vanya Studio","臺中市北屯區平德里梅川東路四段5號1樓","1 F., No. 5, Sec. 4, Meichuan E. Rd., Pingde Vil., Beitun Dist., Taichung City 406026, Taiwan (R.O.C.)","謝O震","","","有","有"
"95344997","20250521","20250521","掏好物商行","GET GOOD STUFF Co.","臺中市西屯區惠來里市政北七路186號3樓之3","3 F.-3, No. 186, Shizheng N. 7th Rd., Huilai Vil., Xitun Dist., Taichung City 407612, Taiwan (R.O.C.)","阮O鋒","0911304450","","有","有"
"95345449","20250529","20250529","塱朗企業社","Lang Lang building materials Firm","臺中市大肚區自強里中沙路164巷1弄68號1樓","1 F., No. 68, Aly. 1, Ln. 164, Zhongsha Rd., Ziqiang Vil., Dadu Dist., Taichung City 432012, Taiwan (R.O.C.)","王O英","0915-210153","","有","有"
"95345807","20250527","20250527","靚寶良品企業社","Liangbao Select Goods Company","臺中市西區公益里忠明南路237號12樓之2","12 F.-2, No. 237, Zhongming S. Rd., Gongyi Vil., West Dist., Taichung City 403021, Taiwan (R.O.C.)","黃O芝","0935731334","","有","有"
"95357269","20250117","20250117","保證責任臺中市昂立蔬果運銷合作社","Taichung Ang Li Marketing Cooperative Society","臺中市神岡區圳堵里公園街２號１樓","1 F., No. 2, Gongyuan St., Zundu Vil., Shengang Dist., Taichung City 429014, Taiwan (R.O.C.)","呂O賢","0982998255","","有","有"
"95357731","20250328","20250328","宥翔工業社","Yousiang lndustrial COMPANY","彰化縣彰化市福田里彰南路五段389巷32號","No. 32, Ln. 389, Sec. 5, Zhangnan Rd., Futian Vil., Changhua City, Changhua County 500048, Taiwan (R.O.C.)","張O翔","","","有","有"
"95363229","20250328","20250328","沐空間金色光芒工作室","Moospace Studio","苗栗縣頭份市中興里建國路二段310號2樓","2 F., No. 310, Sec. 2, Jianguo Rd., Zhongxing Vil., Toufen City, Miaoli County 351499, Taiwan (R.O.C.)","曾O寧","0956985626","","有","有"
"95363451","20250506","20250506","日日礦物工作室","HIZASHI CRYSTAL Studio","苗栗縣通霄鎮通南里中山路21巷5之5號1樓","1 F., No. 5-5, Ln. 21, Zhongshan Rd., Tongnan Vil., Tongxiao Township, Miaoli County 357004, Taiwan (R.O.C.)","蔣O芸","","","有","有"
"95363826","20250422","20250422","一起喜滑車庫工作室","JoyRide Basement Studio","苗栗縣竹南鎮聖福里環市路三段228號4樓","4 F., No. 228, Shengfu Vil., Zhunan Township, Miaoli County 350, Taiwan (R.O.C.)","邱O","0911085582","","有","有"
"95364120","20250331","20250331","寂石工作室","Ore Mine STUDIO","苗栗縣大湖鄉大湖村中山路3號","No. 3, Zhongshan Rd., Dahu Township, Miaoli County 364020, Taiwan (R.O.C.)","施O皓","","","有","有"
"95364682","20250421","20250421","凱捷企業社","Kai Jie INTERNATIONAL Co.","苗栗縣公館鄉福基村4鄰82號1樓","1 F., No. 82, Fuji, 4th Neighborhood, Gongguan Township, Miaoli County 363004, Taiwan (R.O.C.)","洪O敏","0912029515","","有","有"
"95365057","20250422","20250422","士楷商行","Shih Kai Shop","苗栗縣頭份市文化里世祥街23巷12號1樓","1 F., No. 12, Ln. 23, Shixiang St., Wenhua Vil., Toufen City, Miaoli County 351011, Taiwan (R.O.C.)","劉O楷","","","有","有"
"95365423","20250514","20250514","韓妍企業社","HAN YEON Co.","苗栗縣苗栗市北苗里40鄰文峯街62號三樓之2","3 F.-2, No. 62, Wenfeng St., 40th Neighborhood, Beimiao Vil., Miaoli City, Miaoli County 360005, Taiwan (R.O.C.)","詹O瑩","","","有","有"
"95365465","20250501","20250501","昆騰國際貿易商行","Quantum Internationl Trade Co.","苗栗縣苗栗市新英里13鄰天祥73號1樓","1 F., No. 73, Tianxiang, 13th Neighborhood, Xinying Vil., Miaoli City, Miaoli County 360023, Taiwan (R.O.C.)","呂O斌","","","有","有"
"95365747","20250513","20250513","禾楠行","He-Nan Co.","苗栗縣竹南鎮大厝里國泰路85號","No. 85, Guotai Rd., Dacuo Vil., Zhunan Township, Miaoli County 350025, Taiwan (R.O.C.)","胡O程","037480088","","有","有"
"95365768","20250512","20250512","天隆企業社","TIAN LONG Co.","苗栗縣竹南鎮聖福里環市路三段166號3樓","3 F., No. 166, Shengfu Vil., Zhunan Township, Miaoli County 350, Taiwan (R.O.C.)","施O豪","037-472741","","有","有"
"95384771","20250603","20250603","有限責任雲林縣溪心蔬果生產合作社","Xixin Fruit & Vegetable Production Cooperative","雲林縣土庫鎮石廟里溪心5-6號","No. 5-6, Xixin, Shimiao Vil., Tuku Township, Yunlin County 633103, Taiwan (R.O.C.)","陳O鎮","","","有","有"
"95388256","20250612","20250612","星羽商行","Xingyu trading house","彰化縣員林市東北里山脚路六段141巷臨101號","No. 101, Ln. 141, Sec. 6, Shanjiao Rd., Dongbei Vil., Yuanlin City, Changhua County 510031, Taiwan (R.O.C.)","黃O明","0986878936","","有","有"
"95397298","20250521","20250521","和群企業社","Ho Qun Enterprise Co.","雲林縣西螺鎮中興里延平路610號1樓","1 F., No. 610, Yanping Rd., Zhongxing Vil., Xiluo Township, Yunlin County 648002, Taiwan (R.O.C.)","程O琅","05-5880379","","有","有"
"95397852","20250603","20250603","今今國際商行","JINJIN Co.","雲林縣虎尾鎮平和里光明路73巷100-2號1樓","1 F., No. 100-2, Ln. 73, Guangming Rd., Pinghe Vil., Huwei Township, Yunlin County 632112, Taiwan (R.O.C.)","薛O彤","","","有","有"
"95425816","20250124","20250124","濰瀛健康事業有限公司","Weiying Health International Co., Ltd.","臺中市西屯區何成里文心路二段566之9號1樓","1 F., No. 566-9, Sec. 2, Wenxin Rd., Hecheng Vil., Xitun Dist., Taichung City 407566, Taiwan (R.O.C.)","馮O惟","","","有","有"
"95425837","20240814","20240814","潤泰貿易有限公司","Ruentex Trading CO., LTD.","高雄市前金區明星街118之4號1樓","1 F., No. 118-4, Mingxing St., Qianjin Dist., Kaohsiung City 801637, Taiwan (R.O.C.)","蔡O瀚","07-2873899","","有","有"
"95425843","20240816","20250117","馬來西亞商歐紛泰化工有限公司台灣分公司","INVENTEC PERFORMANCE CHEMICALS SOUTH EAST ASIA SDN BHD. CO., LTD. TAIWAN BRANCH(MY)","新竹縣竹北市隘口里高鐵東二路6號5樓之6","5 F.-6, No. 6, Gaotie E. 2nd Rd., Aikou Vil., Zhubei City, Hsinchu County 302041, Taiwan (R.O.C.)","文O蒙CHELHOTRAYMOND,LimLiLeng","0916687717","","有","有"
"95425858","20240530","20240530","長橙國際有限公司","CHANG CHENG INTERNATIONAL CO., LTD.","高雄市鳳山區林森路266之1號3樓","3 F., No. 266-1, Linsen Rd., Fengshan Dist., Kaohsiung City 830658, Taiwan (R.O.C.)","楊O壹","0989364845","","有","有"
"95425908","20240603","20250607","胤源管理顧問有限公司","YAN YUN MANAGEMENT CONSULTANT LIMITED","臺北市中山區四平街56號2樓之1","2 F.-1, No. 56, Siping St., Zhongshan Dist., Taipei City 104074, Taiwan (R.O.C.)","張O騏","","","有","有"
"95425914","20240930","20240930","春雨實業有限公司","Spring Rain CO., LTD.","臺北市萬華區環河南路2段250巷28弄2號1樓","1 F., No. 2, Aly. 28, Ln. 250, Sec. 2, Huanhe S. Rd., Wanhua Dist., Taipei City 108023, Taiwan (R.O.C.)","陳O","02-23088098","","有","有"
"95425956","20240925","20240925","森鈦科技股份有限公司","SUNTIME TECHNOLOGY CO., LTD.","高雄市苓雅區光華一路232號3樓","3 F., No. 232, Guanghua 1st Rd., Lingya Dist., Kaohsiung City 802040, Taiwan (R.O.C.)","許O銘","","","有","有"
"95425983","20240807","20241024","欣彭工業有限公司","SIMLOX CO., LTD.","新北市汐止區汐萬路2段228巷31弄39號","No. 39, Aly. 31, Ln. 228, Sec. 2, Xiwan Rd., Xizhi Dist., New Taipei City 221042, Taiwan (R.O.C.)","張O東","02-26465527","","有","有"
"95426012","20240515","20250409","台灣英和電子股份有限公司","TAIWAN EIWA CORPORATION","臺北市中正區衡陽路51號12樓","12 F., No. 51, Hengyang Rd., Zhongzheng Dist., Taipei City 100504, Taiwan (R.O.C.)","新O博之","","","有","有"
"95426049","20240802","20240802","利揚機械有限公司","Li Yang Machine Tools Co., Ltd.","臺中市西屯區至善里逢甲路225巷21號","No. 21, Ln. 225, Fengjia Rd., Zhishan Vil., Xitun Dist., Taichung City 407035, Taiwan (R.O.C.)","龔O如","04-24526690","","有","有"
"95426076","20250513","20250513","荷蘭商艾科有限公司台灣分公司","IQIP B.V. Taiwan Branch(Netherlands)","臺北市松山區敦化南路一段２號6樓","6 F., No. 2, Sec. 1, Dunhua S. Rd., Songshan Dist., Taipei City 105408, Taiwan (R.O.C.)","POtOrOrikWit","","","有","有"
"95426081","20240801","20240801","昌弘貿易有限公司","TransMode CO., LTD.","臺中市西區民權路177巷14號1樓","1 F., No. 14, Ln. 177, Minquan Rd., West Dist., Taichung City 403001, Taiwan (R.O.C.)","李O箴","04-22256868","","有","有"
"95426195","20241225","20241225","意然興業有限公司","YI RAN INDUSTRIAL Limited Company","臺北市北投區中央北路4段356號","No. 356, Sec. 4, Zhongyang N. Rd., Beitou Dist., Taipei City 112055, Taiwan (R.O.C.)","黃O豪","02-28986138","02-28986139","有","有"
"95426250","20250305","20250305","壞小子有限公司","SUPERBAD Company Limited","新北市板橋區雙十路3段18巷1弄1號2樓","2 F., No. 1, Aly. 1, Ln. 18, Sec. 3, Shuangshi Rd., Banqiao Dist., New Taipei City 220026, Taiwan (R.O.C.)","趙O蘭","0927788837","","有","有"
"95426266","20250324","20250324","南混音樂有限公司","SOUTHERN TAIWAN STUDIO CO., LTD.","臺南市中西區小西門里健康路1段390巷24號1樓","1 F., No. 24, Ln. 390, Sec. 1, Jiankang Rd., Ximen Vil., West Central Dist., Tainan City 700022, Taiwan (R.O.C.)","黃O倫","","","有","有"
"95426343","20240723","20240723","昌盛國際生物開發股份有限公司","CHANG SHENG INTERNATIONAL BIOLOGICAL DEVEL OPMENT CO., LTD.","高雄市三民區博愛一路366號9樓之4","9 F.-4, No. 366, Bo’ai 1st Rd., Sanmin Dist., Kaohsiung City 807373, Taiwan (R.O.C.)","王O煌","07-3228121","","有","有"
"95426358","20241211","20241211","艾鈉科技有限公司","Aena.Technology LTD.","臺北市大安區敦化南路1段205號2樓之5","2 F.-5, No. 205, Sec. 1, Dunhua S. Rd., Da'an Dist., Taipei City 106446, Taiwan (R.O.C.)","鄭O儒","","","有","有"
"95426625","20240613","20250108","冠峻股份有限公司","DLM International CO., LTD.","新北市林口區忠孝一路116、118號","No. 118, Zhongxiao 1st Rd., Linkou Dist., New Taipei City 244018, Taiwan (R.O.C.)","萬O瑜","","","有","有"
"95426759","20240730","20240730","晶漾漾有限公司","Aqua comfort LTD.","臺南市安平區億載里16鄰平豐路75號1樓","1 F., No. 75, Pingfeng Rd., Anping Dist., Tainan City 708016, Taiwan (R.O.C.)","葉O黠","06-2988499","06-2988543","無","無"
"95426765","20240809","20240809","荃富貿易有限公司","CHUAN FU Trading CO., LTD.","臺北市大同區承德路1段32號12樓之5","12 F.-5, No. 32, Sec. 1, Chengde Rd., Datong Dist., Taipei City 103022, Taiwan (R.O.C.)","張O如","","","有","有"
"95426786","20250604","20250604","客禮納國際有限公司","Karina Internation LTD.","臺中市西區大忠里忠明南路270號7樓之1","7 F.-1, No. 270, Zhongming S. Rd., Dazhong Vil., West Dist., Taichung City 403021, Taiwan (R.O.C.)","吳O誠","04-2335-1041","","有","有"
"95426998","20240528","20250503","超湛實業有限公司","AWESOME BEST CO., LTD.","新北市板橋區三民路2段37號23樓之1","23 F.-1, No. 37, Sec. 2, Sanmin Rd., Banqiao Dist., New Taipei City 220339, Taiwan (R.O.C.)","","0922442834","","無","無"
"95427069","20240718","20240718","亞洲購有限公司","AsiaGo LTD.","新北市新莊區思源路192巷25號11樓","11 F., No. 25, Ln. 192, Siyuan Rd., Xinzhuang Dist., New Taipei City 242033, Taiwan (R.O.C.)","嚴O瑜","","","有","有"
"95427103","20241127","20241127","長映餐飲股份有限公司","Ever Light BSUNITE CO., LTD.","臺中市南屯區大誠里東興西街36號7樓之3","7 F.-3, No. 36, Dongxing W. St., Dacheng Vil., Nantun Dist., Taichung City 408026, Taiwan (R.O.C.)","劉O耀東","","","有","有"
"95427146","20240620","20240620","奇欣數位有限公司","CHI HSIN DIGITAL CO., LTD.","桃園市中壢區普仁里中山東路2段147號","No. 147, Sec.2,Zhongshan E. Rd.,Puren Vil., Zhongli Dist., Taoyuan City, Taiwan (R.O.C.)","張O奇","0938249249","","有","有"
"95427217","20240704","20240704","苒策管理顧問股份有限公司","Zencision Advisory Inc.","臺北市內湖區行善路397號4樓之2","4 F.-2, No. 397, Xingshan Rd., Neihu Dist., Taipei City 114521, Taiwan (R.O.C.)","邱O梅","","","有","有"
"95427342","20240529","20240529","蒼禾材料有限公司","CANGHO MATERIALS CO., LTD.","臺中市西屯區朝馬二街66巷3號1樓","1 F., No. 3, Ln. 66, Chaoma 2nd St., Xitun Dist., Taichung City 407, Taiwan (R.O.C.)","陳O尹","0910-567519","","有","有"
"95427363","20240705","20240705","正定工程有限公司","Zhengding Engineering CO., LTD.","臺中市沙鹿區鹿寮里中山路495巷82號1樓","1 F., No. 82, Ln. 495, Zhongshan Rd., Luliao Vil., Shalu Dist., Taichung City 433105, Taiwan (R.O.C.)","馬O晃","","","有","有"
"95427390","20240723","20250416","銀士貿易有限公司","Supreme Sincerity Trading Limited Company","雲林縣斗六市保庄里保水路35巷48號三樓","3 F., No. 48, Ln. 35, Baoshui Rd., Baozhuang Vil., Douliu City, Yunlin County 640001, Taiwan (R.O.C.)","施O良","05-5360120","","有","有"
"95427477","20240524","20240709","新盛科技有限公司","Prosper and Thrive Technologies CO., LTD.","新竹市東區自由路67號9樓之1","9 F.-1, No. 67, Ziyou Rd., East Dist., Hsinchu City 300005, Taiwan (R.O.C.)","王O哲","","","有","有"
"95427526","20250324","20250324","曠信科技股份有限公司","KNOWLEDGE CREATION INNOVATION HOLDINGS CO., LTD.","新竹市東區龍山里立鵬路108號24樓","24 F., No. 108, Lipeng Rd., Longshan Vil., East Dist., Hsinchu City 300047, Taiwan (R.O.C.)","施O彜","03-6591238#302","","有","有"
"95427552","20240606","20240606","力采國際股份有限公司","Power-Sourcing International Co., Ltd.","臺中市清水區高西里高美路720之46號2樓","2 F., No. 720-46, Gaomei Rd., Gaoxi Vil., Qingshui Dist., Taichung City 436035, Taiwan (R.O.C.)","李O宏","04-24619900","","有","有"
"95427645","20240726","20240726","晨星影視股份有限公司","Morning Star Studios CO., LTD.","臺北市大安區仁愛路4段25之1號12樓","12 F., No. 25-1, Sec. 4, Ren'ai Rd., Da'an Dist., Taipei City 106073, Taiwan (R.O.C.)","朱O野","","","有","有"
"95427997","20250226","20250226","盈法有限公司","Ying Fa CO., LTD.","桃園市桃園區中正路1375號(1樓)","1 F., No. 1375, Zhongzheng Rd., Taoyuan Dist., Taoyuan City 330703, Taiwan (R.O.C.)","李O慧","","","有","有"
"95428010","20240709","20240709","万福科技有限公司","Winfuture Technology CO., LTD.","彰化縣田尾鄉海豐村和平巷161號","No. 161, Heping Ln., Tianwei Township, Changhua County 522011, Taiwan (R.O.C.)","周O福","04-7062678","","有","有"
"95428047","20240429","20240429","等待攝製有限公司","WaitingRoom Films Co., Ltd.","臺北市中山區民生東路2段127巷6號2樓之3","2 F.-3, No. 6, Ln. 127, Sec. 2, Minsheng E. Rd., Zhongshan Dist., Taipei City 104621, Taiwan (R.O.C.)","張O廷","","","有","有"
"95428074","20240731","20240731","帝嘉國際貿易有限公司","Dijia International Trading CO., LTD.","南投縣南投市營南里中華路50號1樓","1 F., No. 50, Zhonghua Rd., Yingnan Vil., Nantou City, Nantou County 540005, Taiwan (R.O.C.)","鄭O緯","","","有","有"
"95428095","20240718","20240718","金門龍標酒業有限公司","kINMEN LONGBIAO WINE CO., LTD.","新北市中和區中山路2段296號9樓之7","9 F.-7, No. 296, Sec. 2, Zhongshan Rd., Zhonghe Dist., New Taipei City 235026, Taiwan (R.O.C.)","王O光","02-22420203","","有","有"
"95428145","20240527","20240527","橋樂遊留學有限公司","Joys Study Abroad CO., LTD.","臺中市北屯區松竹里熱河路三段187號15樓之2","15 F.-2, No. 187, Sec. 3, Rehe Rd., Songzhu Vil., Beitun Dist., Taichung City 406018, Taiwan (R.O.C.)","陳O穎","","","有","有"
"95428200","20250324","20250324","凌軸科技股份有限公司","LYNNZO Co., LTD.","彰化縣員林市崙雅里員水路一段580巷172-1號","No. 172-1, Ln. 580, Sec. 1, Yuanshui Rd., Lunya Vil., Yuanlin City, Changhua County 510034, Taiwan (R.O.C.)","陳O國","","","有","有"
"95428335","20240910","20240910","琇妍有限公司","SHO YAN LTD.","高雄市前鎮區光華二路449號3樓之3","3 F.-3, No. 449, Guanghua 2nd Rd., Qianzhen Dist., Kaohsiung City 806005, Taiwan (R.O.C.)","李O琇","0928154509","","有","有"
"95428399","20241227","20241227","月來月好食酒有限公司","Moon Harmony Food & Spirits CO., LTD.","臺北市大安區大安路1段51巷21號","No. 21, Ln. 51, Sec. 1, Da'an Rd., Da'an Dist., Taipei City 106071, Taiwan (R.O.C.)","楊O茹","","","有","有"
"95428428","20240809","20240809","豆家美好日常有限公司","MAME NICHIJOU INC.","花蓮縣花蓮市民樂里11鄰民樂三街2-1號4樓之2","4 F.-2, No. 2-1, Minle 3rd St., 11th Neighborhood, Minle Vil., Hualien City, Hualien County 970019, Taiwan (R.O.C.)","劉O綾","0920-307-930","","有","有"
"95428497","20250502","20250502","瓦聲國際有限公司","WHAT SOUNDS INTERNATIONAL CO., LTD.","新竹市北區水田里中正路298號9樓之一","9 F.-1, No. 298, Zhongzheng Rd., Shuitian Vil., North Dist., Hsinchu City 300017, Taiwan (R.O.C.)","鄭O言","03-5357566","","有","有"
"95428503","20240911","20241008","創奇生醫股份有限公司","Fortis Biosolutions Company Limited","桃園市龍潭區高楊南路215巷121號","No. 121, Ln. 215, Gaoyang S. Rd., Longtan Dist., Taoyuan City 325004, Taiwan (R.O.C.)","陳O凱","03-4710089","","有","有"
"95428623","20240801","20240802","克克奇有限公司","Kokozi Taiwan Co., Ltd.","臺北市信義區基隆路1段163號14樓之1","14 F.-1, No. 163, Sec. 1, Keelung Rd., Xinyi Dist., Taipei City 110058, Taiwan (R.O.C.)","PORKJIHEE","","","有","有"
"95428638","20240611","20240611","三隻小貓有限公司","Three Little Meow Company Limited","高雄市苓雅區自強三路3號15樓之2","15 F.-2, No. 3, Ziqiang 3rd Rd., Lingya Dist., Kaohsiung City 802751, Taiwan (R.O.C.)","LOMWINGCHEONG(林永昌)","07-7464432","","有","有"
"95428757","20240425","20240425","大創建材國際有限公司","TuaTshong Building Materials International CO., LTD.","臺南市新營區新南里金華路二段159號1樓之1","1 F.-1, No. 159, Sec. 2, Jinhua Rd., Xinnan Vil., Xinying Dist., Tainan City 730012, Taiwan (R.O.C.)","王O勲","06-6569717","","有","有"
"95428763","20240509","20240509","良得節能科技有限公司","Yi Ming Energy Saving CO., LTD.","臺南市歸仁區媽廟里中正北路3段160巷20號1樓","1 F., No. 20, Ln. 160, Sec. 3, Zhongzheng N. Rd., Mamiao Vil., Guiren Dist., Tainan City 711001, Taiwan (R.O.C.)","張O豪","0925633171","","有","有"
"95428813","20250110","20250304","賢曦國際投資有限公司","Xianxi International Investment CO., LTD.","臺中市大里區東湖里中湖路130巷5號","No. 5, Ping'an Rd., Xiushui Township, Changhua County 504009, Taiwan (R.O.C.)","林O曦","0976344319","","有","有"
"95428905","20240715","20240715","樂富生活有限公司","Le Fusion LTD.","新北市永和區永亨路116巷3號","No. 3, Ln. 116, Yongheng Rd., Yonghe Dist., New Taipei City 234035, Taiwan (R.O.C.)","陳O蓓","02-29421300","","有","有"
"95428911","20250321","20250321","芃柏國際貿易有限公司","Ambird select LTD.","臺中市西區民龍里臺灣大道二段285號16樓","16 F., No. 285, Sec. 2, Taiwan Blvd., Minlong Vil., West Dist., Taichung City 403502, Taiwan (R.O.C.)","吳O庭","0933878505","","有","有"
"95428969","20240628","20250612","派優斯國際有限公司","Petdex Co., Ltd.","臺中市西區忠明南路237號5樓之2","5 F.-2, No. 237, Zhongming S. Rd., West Dist., Taichung City 403021, Taiwan (R.O.C.)","王O人","","","有","有"
"95429019","20240531","20240531","親愛夜晚有限公司","deaR yoU Co., Ltd.","桃園市中壢區成功路79巷52弄9號","No. 9, Aly. 52, Ln. 79, Chenggong Rd., Zhongli Dist., Taoyuan City 320026, Taiwan (R.O.C.)","陳O慶","0981-719-296","","有","有"
"95429030","20240919","20240919","漫步綠洲股份有限公司","Meander Oasis Company Limited","臺北市中正區寶慶路69號","No. 69, Baoqing Rd., Zhongzheng Dist., Taipei City 100005, Taiwan (R.O.C.)","林O源","02-25588831","","有","有"
"95429355","20250210","20250228","夢澄貿易有限公司","Meng Cheng CO., LTD.","新北市土城區延峯街29巷13號3樓","3 F., No. 13, Ln. 29, Yanfeng St., Tucheng Dist., New Taipei City 236002, Taiwan (R.O.C.)","曾O鑫","","","有","有"
"95429475","20240820","20240820","三星莊園有限公司","Yu Corporation","臺北市中山區復興北路92號8樓","8 F., No. 92, Fuxing N. Rd., Zhongshan Dist., Taipei City 104104, Taiwan (R.O.C.)","游O瑛","02 - 27620111","","有","有"
"95429502","20240430","20250509","愛爾蘭商伊努尾有限公司台灣分公司","Inuvet Limited Taiwan Branch (Ireland)","高雄市三民區博愛一路391號4樓","4 F., No. 391, Bo'ai 1st Rd., Sanmin Dist., Kaohsiung City 807353, Taiwan (R.O.C.)","MOllerFelixAlexander","","","有","有"
"95429572","20240429","20240429","零緯度咖啡有限公司","Latitude Zero Coffee CO., LTD.","臺北市大安區忠孝東路4段216巷11弄16號2樓","2 F., No. 16, Aly. 11, Ln. 216, Sec. 4, Zhongxiao E. Rd., Da’an Dist., Taipei City 106059, Taiwan (R.O.C.)","林O婷","02-27525860","","無","無"
"95429714","20240429","20240429","逸銘數位科技有限公司","Allmetalink Co., Ltd.","臺北市中山區民生東路2段127巷6號2樓之3","2 F.-3, No. 6, Ln. 127, Sec. 2, Minsheng E. Rd., Zhongshan Dist., Taipei City 104621, Taiwan (R.O.C.)","葉O燕","","","有","有"
"95429735","20250206","20250206","有度科技股份有限公司","WE DO CO., LTD.","新竹縣湖口鄉四維路14號","No. 14, Siwei Rd., Hukou Township, Hsinchu County 303036, Taiwan (R.O.C.)","胡O德","","","有","有"
"95429741","20240702","20250102","環球倬睿有限公司","HQLY GLOBAL LIMITED","臺北市松山區南京東路4段75號4樓之1","4 F.-1, No. 75, Sec. 4, Nanjing E. Rd., Songshan Dist., Taipei City 105406, Taiwan (R.O.C.)","劉O慈","","","有","有"
"95429881","20240530","20240723","麥麥國際有限公司","Christopher Inc.","新北市泰山區明志路1段110號9樓","9 F., No. 110, Sec. 1, Mingzhi Rd., Taishan Dist., New Taipei City 243080, Taiwan (R.O.C.)","蔡O誠","","","無","無"
"95429897","20250313","20250313","映海工程顧問有限公司","In-High Engineering Consultants CO., LTD.","臺北市內湖區新湖二路170號3樓","3F., No. 170, Xinhu 2nd Rd., Neihu Dist., Taipei City , Taiwan (R.O.C.)","黃O麗","02-27962259","","有","有"
"95429974","20240909","20240909","世昕設計有限公司","keeprise LTD.","高雄市美濃區双峰街6之16號3樓","3 F., No. 6-16, Shuangfeng St., Meinong Dist., Kaohsiung City 843008, Taiwan (R.O.C.)","沈O瑜","","","有","有"
"95429989","20240802","20240802","雙銀企業股份有限公司","DiSilver Enterprise CO., LTD.","臺北市中山區中山北路2段129號8樓","8 F., No. 129, Sec. 2, Zhongshan N. Rd., Zhongshan Dist., Taipei City 104415, Taiwan (R.O.C.)","陳O憲","02-25500678","","有","有"
"95430016","20240802","20240802","旭成科技有限公司","SHECHEM TECH LTD.","臺北市中山區樂群二路267號5樓","5 F., No. 267, Lequn 2nd Rd., Zhongshan Dist., Taipei City 104452, Taiwan (R.O.C.)","陳O羽","","","有","有"
"95430058","20250107","20250107","上浤醫藥生技股份有限公司","SummitBio Corporation","臺中市西屯區福中里中工二路192號14樓","14 F., No. 192, Zhonggong 2nd Rd., Fuzhong Vil., Xitun Dist., Taichung City 407203, Taiwan (R.O.C.)","吳O妗","0423585228","04-23253229","有","有"
"95430085","20240611","20240611","鈦詠國際有限公司","Yong Metal International LTD.","臺中市南屯區向心路103之8巷20號3樓","3 F., No. 20, Ln. 103-8, Xiangxin Rd., Nantun Dist., Taichung City 408007, Taiwan (R.O.C.)","陳O緹","04-23895202","04-23891910","無","無"
"95430114","20240704","20250318","清露國際有限公司","Cing Lu International CO., LTD.","臺南市安南區溪東里北安路2段89號","No. 89, Sec. 2, Bei’an Rd., Xidong Vil., Annan Dist., Tainan City 709017, Taiwan (R.O.C.)","蘇O興","","","有","有"
"95430178","20240517","20240517","麗視科股份有限公司","ONEXTOP OPTICAL LTD.","臺南市安平區建平里文平路320、322號","No. 320 & 322, Wenping Rd., Jianping Vil., Anping Dist., Tainan City 708007, Taiwan (R.O.C.)","吳O廷","","","有","有"
"95430206","20240801","20240801","沄湙網路科技有限公司","YunYi Network Technology CO., LTD.","臺北市大安區忠孝東路4段142號5樓之5","5 F.-5, No. 142, Sec. 4, Zhongxiao E. Rd., Da'an Dist., Taipei City 106429, Taiwan (R.O.C.)","費O尚","02-27893777@121","","有","有"
"95430347","20241007","20241007","維仕登科技股份有限公司","Visdom Tec CO., LTD.","臺中市北屯區廍子里祥順路一段431號13樓之2","13 F.-2, No. 431, Sec. 1, Xiangshun Rd., Beitun Dist., Taichung City 406051, Taiwan (R.O.C.)","林O賢","0934175696","","有","有"
"95430418","20241008","20241008","瑞圖企業有限公司","Ritu Limited Company","桃園市楊梅區高鵬路5巷16號(2樓)","2 F., No. 16, Ln. 5, Gaopeng Rd., Yangmei Dist., Taoyuan City 326024, Taiwan (R.O.C.)","常O","","","有","有"
"95430563","20240624","20240624","禾亞蔬果有限公司","Hoya FRUITS PTE LTD.","臺南市麻豆區井東里磚子井138之16號","No. 138-16, Zhuanzijing, Jingdong Vil., Madou Dist., Tainan City 721008, Taiwan (R.O.C.)","李O妍","0933379722","","有","有"
"95430705","20250125","20250125","正鐘科技有限公司","PrecisionBell Technology CO., LTD.","高雄市鳳山區中崙二路583巷16之1號","No. 16-1, Ln. 583, Zhonglun 2nd Rd., Fengshan Dist., Kaohsiung City 830698, Taiwan (R.O.C.)","狄O義","0933-635-573","","有","有"
"95430753","20240530","20240826","璞庭室內裝修設計有限公司","Jade Interiors Ltd.","新北市三重區重陽路4段130號12樓","12 F., No. 130, Sec. 4, Chongyang Rd., Sanchong Dist., New Taipei City 241036, Taiwan (R.O.C.)","陳O榤","","","無","無"
"95430769","20240605","20240605","智聯工業有限公司","SMART CABLE TECH CO., LTD.","新北市板橋區中山路1段10號11樓","11 F., No. 10, Sec. 1, Zhongshan Rd., Banqiao Dist., New Taipei City 220067, Taiwan (R.O.C.)","張O菱","","","有","有"
"95430803","20240709","20240709","耕耘貿易有限公司","Floricultura CO., LTD.","臺中市西屯區青海南街221號4樓之3","4 F.-3, No. 221, Qinghai S. St., Xitun Dist., Taichung City 407034, Taiwan (R.O.C.)","蔡O哲","","","有","有"
"95430825","20240524","20241029","英澳留學平台有限公司","UKApply Platform CO., LTD.","臺中市西區民龍里英才路512號4樓","4 F., No. 512, Yingcai Rd., Minlong Vil., West Dist., Taichung City 403018, Taiwan (R.O.C.)","蘇O明","0931-415562","","有","有"
"95430830","20240626","20241226","得裕國際有限公司","DAKYU INTERNATIONAL LTD.","臺中市西屯區安和路168號7樓之5","7 F.-5, No. 168, Anhe Rd., Xitun Dist., Taichung City 407148, Taiwan (R.O.C.)","張O涵","04-24639142","","有","有"
"95430873","20240719","20240719","勻佳有限公司","YunChia CO., LTD.","臺北市大安區忠孝東路4段270號7樓","7 F., No. 270, Sec. 4, Zhongxiao E. Rd., Da’an Dist., Taipei City 106652, Taiwan (R.O.C.)","梁O翔","0933892313","","有","有"
"95430971","20250424","20250424","好禮物活動創意有限公司","Holywood Event Creativity LTD.","臺中市東勢區新盛里東坑路133巷30號1樓","1 F., No. 30, Ln. 133, Dongkeng Rd., Xinsheng Vil., Dongshi Dist., Taichung City 423021, Taiwan (R.O.C.)","汪O佑","0933-412994","","有","有"
"95431009","20250403","20250403","旭展科技股份有限公司","Horizon Vision Technology Co., Ltd.","苗栗縣造橋鄉朝陽村6鄰中洲仔1-2號1樓","1 F., No. 1-2, Zhongzhouzai, 6th Neighborhood, Zaoqiao Township, Miaoli County 361027, Taiwan (R.O.C.)","余O鋒","","","有","有"
"95431129","20240709","20240709","聚興國際有限公司","Juxing International CO., LTD.","新北市新莊區五權二路20號5樓之11","5 F.-11, No. 20, Wuquan 2nd Rd., Xinzhuang Dist., New Taipei City 248022, Taiwan (R.O.C.)","高O妤","0953646567","","有","有"
"95431211","20241024","20241024","玩酷樂園有限公司","VIVA LAND CO., LTD.","新北市中和區中正路916號8樓","8 F., No. 916, Zhongzheng Rd., Zhonghe Dist., New Taipei City 235015, Taiwan (R.O.C.)","蕭O文","02-22238089","","有","有"
"95431232","20240719","20240719","好暖有限公司","CCW LTD.","臺北市大同區南京西路57號5樓之10","5 F.-10, No. 57, Nanjing W. Rd., Datong Dist., Taipei City 103022, Taiwan (R.O.C.)","張O維","","","有","有"
"95431296","20240701","20240701","炘立國際開發有限公司","Xinli International Development Co., Ltd.","彰化縣埔鹽鄉好修村員鹿路2段186號","No. 186, Sec. 2, Yuanlu Rd., Puyan Township, Changhua County 516019, Taiwan (R.O.C.)","梁O騏","25671128","","有","有"
"95431303","20240530","20241213","永越順國際供應鏈有限公司","YongYueShun International Supply Chain CO., LTD.","桃園市蘆竹區南崁路一段83號10樓之2","10 F.-2, No. 83, Sec. 1, Nankan Rd., Luzhu Dist., Taoyuan City 338207, Taiwan (R.O.C.)","李O泰","","","有","有"
"95431330","20240709","20240709","詠慕國際有限公司","yungmu CO., LTD.","新北市汐止區新台五路1段95號20樓之6","20 F.-6, No. 95, Sec. 1, Xintai 5th Rd., Xizhi Dist., New Taipei City 221416, Taiwan (R.O.C.)","顏O霖","","","有","有"
"95431367","20240819","20240819","佑得工程有限公司","YOUDE CONSTRUCTION CO., LTD.","桃園市中壢區新生路611巷12號","No. 12, Ln. 611, Xinsheng Rd., Zhongli Dist., Taoyuan City 320018, Taiwan (R.O.C.)","鍾O翊","0988264467","","有","有"
"95431465","20240520","20240520","裕光股份有限公司","Cheng Luminous limited Co.","臺北市中山區南京東路1段25號6樓之3","6 F.-3, No. 25, Sec. 1, Nanjing E. Rd., Zhongshan Dist., Taipei City 104404, Taiwan (R.O.C.)","鄭O姍","","","有","有"
"95431578","20241113","20241113","凡央股份有限公司","FEELYS CO., LTD.","臺中市西屯區潮洋里市政北二路236號14樓之1","14 F.-1, No. 236, Shizheng N. 2nd Rd., Chaoyang Vil., Xitun Dist., Taichung City 407607, Taiwan (R.O.C.)","劉O欣","","","有","有"
"95431583","20250102","20250102","馥園傢俱事業有限公司","lovefu yuan furniture CO., LTD.","花蓮縣吉安鄉慶豐村慶北三街165號1樓","1 F., No. 165, Qingbei 3rd St., Ji'an Township, Hualien County 973045, Taiwan (R.O.C.)","吳O萱","","","有","有"
"95431649","20240419","20240419","潔澄企業有限公司","JIE CHENG ENTERPRISE CO., LTD.","臺南市安南區安和里安和路1段52巷16號1樓","1 F., No. 16, Ln. 52, Sec. 1, Anhe Rd., Anhe Vil., Annan Dist., Tainan City 709001, Taiwan (R.O.C.)","李O修","0989229313","","有","有"
"95431676","20240807","20240807","坤炤有限公司","KUN JHAO LTD.","臺北市南港區研究院路2段182巷79弄19號1樓","1 F., No. 19, Aly. 79, Ln. 182, Sec. 2, Academia Rd., Nangang Dist., Taipei City 115031, Taiwan (R.O.C.)","林O鈞","","","有","有"
"95431681","20241014","20241014","薪譽機械有限公司","Sin Yu Machinery co., LTD.","高雄市新興區民生一路56號18樓之6","18 F.-6, No. 56, Minsheng 1st Rd., Xinxing Dist., Kaohsiung City 800408, Taiwan (R.O.C.)","劉O莫","07-6156375","","有","有"
"95431710","20240806","20240806","寶諭國際有限公司","Bao Yu International CO., LTD.","臺北市中山區南京東路2段150號7樓","7 F., No. 150, Sec. 2, Nanjing E. Rd., Zhongshan Dist., Taipei City 104695, Taiwan (R.O.C.)","吳O諭","","","有","有"
"95431845","20240520","20240520","卡珞股份有限公司","Craftlo limited Co.","臺北市信義區基隆路1段155號5樓之7","5 F.-7, No. 155, Sec. 1, Keelung Rd., Xinyi Dist., Taipei City 110058, Taiwan (R.O.C.)","鄭O蒑","","","有","有"
"95431850","20240605","20240605","玖順發有限公司","Jiushunfa CO., LTD.","新北市土城區慶安街89號(1樓)","1 F., No. 89, Qing’an St., Tucheng Dist., New Taipei City 236034, Taiwan (R.O.C.)","王O宜","","","有","有"
"95431887","20250310","20250310","苑雲有限公司","mullyclothes CO., LTD.","新北市新店區民權路153號4樓","4 F., No. 153, Minquan Rd., Xindian Dist., New Taipei City 231023, Taiwan (R.O.C.)","簡O萱","","","有","有"
"95432149","20250311","20250311","貝好利有限公司","Boholi Limited Company","新北市汐止區仁愛路339號2樓","2 F., No. 339, Ren'ai Rd., Xizhi Dist., New Taipei City 221043, Taiwan (R.O.C.)","陳O成","","","有","有"
"95432226","20240628","20240628","風味獵人有限公司","Flavor Hunter LTD.","新北市板橋區民生路1段33號5樓之6","5 F.-6, No. 33, Sec. 1, Minsheng Rd., Banqiao Dist., New Taipei City 220363, Taiwan (R.O.C.)","謝O芳","0970142010","","有","有"
"95432324","20240611","20240611","阜木子有限公司","Fumuzi CO., LTD.","南投縣草屯鎮碧峰里碧興路一段792巷1弄12號2樓","2 F., No. 12, Aly. 1, Ln. 792, Sec. 1, Bixing Rd., Bifeng Vil., Caotun Township, Nantou County 542010, Taiwan (R.O.C.)","陳O竹","0970726318","","有","有"
"95432345","20240904","20240904","豪生活有限公司","HAO LIFE CO., LTD.","新北市板橋區四維路259巷46號四樓","4 F., No. 46, Ln. 259, Siwei Rd., Banqiao Dist., New Taipei City 220009, Taiwan (R.O.C.)","林O豪","02-86871277","02-86871277","有","有"
"95432400","20250221","20250221","艾澄興業有限公司","Ed Chen CO., LTD.","臺中市南屯區三和里永春東七路868號1樓","1 F., No. 868, Yongchun E. 7th Rd., Sanhe Vil., Nantun Dist., Taichung City 408405, Taiwan (R.O.C.)","陳O湘","","","有","有"
"95432416","20240910","20240910","中達通科技有限公司","Zhongdatong Technology CO., LTD.","新北市新店區安興路109號2樓之3","2 F.-3, No. 109, Anxing Rd., Xindian Dist., New Taipei City 231066, Taiwan (R.O.C.)","楊O渝","","","有","有"
"95432627","20241015","20241015","立康國際貿易股份有限公司","Likang International CO., LTD.","彰化縣彰化市茄南里金馬路2段279號2樓","2 F., No. 279, Sec. 2, Jinma Rd., Jianan Vil., Changhua City, Changhua County 500044, Taiwan (R.O.C.)","柯O倫","04-7980799","04-7980997","無","無"
"95432794","20240919","20240919","想比比有限公司","MISSBEBEPET CO., LTD.","高雄市鳥松區美山路100之3號","No. 100-3, Meishan Rd., Niaosong Dist., Kaohsiung City 833165, Taiwan (R.O.C.)","楊O迪","07-7355511","","有","有"
"95432909","20250319","20250319","科智數位股份有限公司","KJ Intelligent CORP.","新北市三重區中華路50巷1弄2號","No. 2, Aly. 1, Ln. 50, Zhonghua Rd., Sanchong Dist., New Taipei City 241042, Taiwan (R.O.C.)","方O琁","02-29008681","02-29002815","有","有"
"95432957","20250224","20250224","締康美學有限公司","Dikang Aesthetics CO., LTD.","花蓮縣吉安鄉慶豐村中山路三段107號1樓","1F., No. 107, Sec. 3, Zhongshan Rd., Qingfeng Vil., Ji’an Township, Hualien County 973044, Taiwan (R.O.C.)","洪O惠","0988-769197","","有","有"
"95432963","20240522","20240522","台灣海淂實業股份有限公司","Taiwan Hightech CO., LTD.","臺中市大里區樹王里文心南路1197號3樓","3 F., No. 1197, Wenxin S. Rd., Shuwang Vil., Dali Dist., Taichung City 412017, Taiwan (R.O.C.)","張O雰","0920-618499","","有","有"
"95433013","20240717","20240717","麥樂比親子有限公司","Meine Kids Co., Ltd.","新北市林口區忠孝路308巷16號","No. 16, Ln. 308, Zhongxiao Rd., Linkou Dist., New Taipei City 244013, Taiwan (R.O.C.)","張O瑋","","","有","有"
"95433153","20240426","20240426","本家國際有限公司","BEN'S International INC.","高雄市前鎮區漁港北三路28號","No. 28, Yugang N. 3rd Rd., Qianzhen Dist., Kaohsiung City 806043, Taiwan (R.O.C.)","顏O宏","","","有","有"
"95433180","20240619","20240619","科固實業有限公司光榮分公司","KEGU INTERNATIONAL CO., LTD. Glory Branch","新北市蘆洲區光榮路48號","No. 48, Guangrong Rd., Luzhou Dist., New Taipei City 247033, Taiwan (R.O.C.)","劉O宏","","","有","有"
"95433246","20250120","20250120","限量銀有限公司","THE Limited Silver Company","高雄市三民區同盟三路202號1樓","1 F., No. 202, Tongmeng 3rd Rd., Sanmin Dist., Kaohsiung City 807005, Taiwan (R.O.C.)","王O","07-5503888","","有","有"
"95433294","20250603","20250603","建越投資有限公司","CHIEN YUEH INVEST LTD.","臺北市士林區中山北路5段506號8樓","8 F., No. 506, Sec. 5, Zhongshan N. Rd., Shilin Dist., Taipei City 111005, Taiwan (R.O.C.)","吳O鵬","","","有","有"
"95433301","20240730","20250321","愛來福網絡科技股份有限公司","AI LIFE PATONAZU CO., LTD.","臺北市松山區基隆路1段10號5樓之1","5 F.-1, No. 10, Sec. 1, Keelung Rd., Songshan Dist., Taipei City 105611, Taiwan (R.O.C.)","仲O佳男","","","有","有"
"95433386","20240604","20240801","富瑞康生物科技有限公司","FRECON SAMSUNG CO., LTD.","臺中市北屯區平田里遼陽北二街83號1樓","1 F., No. 83, Liaoyang N. 2nd St., Pingtian Vil., Beitun Dist., Taichung City 406016, Taiwan (R.O.C.)","胡O祥","0932-608629","","無","無"
"95433479","20240710","20240710","佳鑫國際股份有限公司","Giahsin CO., LTD.","臺南市東區崇德路333巷23弄46號1樓","1 F., No. 46, Aly. 23, Ln. 333, Chongde Rd., East Dist., Tainan City 701021, Taiwan (R.O.C.)","陳O葉","","","有","有"
"95433560","20240429","20240429","俱特有限公司","GTTOOLS LIMITED COMPANY","臺中市大里區西榮里中興路二段455巷6號1樓","1 F., No. 6, Ln. 455, Sec. 2, Zhongxing Rd., Xirong Vil., Dali Dist., Taichung City 412003, Taiwan (R.O.C.)","楊O庭","","","有","有"
"95433597","20240930","20240930","天寶樂有限公司","HeavenBabyJoy LTD.","臺北市中正區許昌街42號8樓","8 F., No. 42, Xuchang St., Zhongzheng Dist., Taipei City 100008, Taiwan (R.O.C.)","侯O廷","0919031339","","有","有"
"95433631","20240718","20240718","震紘緯科技有限公司","Zhwei Technology CO., LTD.","桃園市八德區大湳里和義二街7巷2號","No. 2, Ln. 7, Heyi 2nd St., Danan Vil., Bade Dist., Taoyuan City 334687, Taiwan (R.O.C.)","葉O妹","","","有","有"
"95433652","20240726","20240726","泰鐿金屬有限公司","Thai Ytterbium Metal CO., LTD.","臺北市中山區林森北路399巷21號8樓","8 F., No. 21, Ln. 399, Linsen N. Rd., Zhongshan Dist., Taipei City 104013, Taiwan (R.O.C.)","邱O恩","0910298022","","有","有"
"95433674","20240802","20241126","家適通貿易有限公司","Home Expert Trading CO., LTD.","桃園市龜山區大華里興華三街68號 (1樓)","1 F., No. 68, Xinghua 3rd St., Dahua Vil., Guishan Dist., Taoyuan City 333006, Taiwan (R.O.C.)","林O純","03-3817798","","有","有"
"95433793","20240919","20240919","連鉅科創有限公司","Lieneosys INC.","高雄市苓雅區四維一路49之1號2樓","2 F., No. 49-1, Siwei 1st Rd., Lingya Dist., Kaohsiung City 802026, Taiwan (R.O.C.)","連O傑","07-2229317","07-2229317","有","有"
"95433858","20240523","20240523","諾瓦壹能源股份有限公司","Taiwan Nova Solar 1 Limited","臺北市中山區松江路122號11樓","11 F., No. 122, Songjiang Rd., Zhongshan Dist., Taipei City 104092, Taiwan (R.O.C.)","GOrardTOrricabrasGinObra","","","有","有"
"95433885","20240425","20240425","津良國際有限公司","Jinliang International CO., LTD.","臺中市東區東英路215號1樓","1 F., No. 215, Dongying Rd., East Dist., Taichung City 401017, Taiwan (R.O.C.)","劉O謙","0905-216338","","有","有"
"95433908","20240617","20241102","英信有限公司","INSIN ENTERPRISES CORP.","臺北市信義區信義路4段458號6樓","6 F., No. 458, Sec. 4, Xinyi Rd., Xinyi Dist., Taipei City 110501, Taiwan (R.O.C.)","巫O錦","","","有","有"
"95433920","20240523","20240523","哈克斯航太股份有限公司","Hakka UAV Corporation","新竹市香山區牛埔路238號1樓","1 F., No. 238, Niupu Rd., Xiangshan Dist., Hsinchu City 300059, Taiwan (R.O.C.)","莊O福","03-5389201","035389302","有","有"
"95433978","20240521","20250104","會夏生技有限公司","Huixia Biotechnology CO., LTD.","新北市中和區中山路2段296號7樓之5","7 F.-5, No. 296, Sec. 2, Zhongshan Rd., Zhonghe Dist., New Taipei City 235026, Taiwan (R.O.C.)","林O眉","","","有","有"
"95434006","20240717","20240717","秀泰車業有限公司","Showtime Auto CO., LTD.","彰化縣秀水鄉安東村彰水路一段331號1樓","1 F., No. 331, Sec. 1, Zhangshui Rd.,  Andong Vil., Xiushui Township, Changhua County 504005, Taiwan (R.O.C.)","胡OO","04-7680508","","有","有"
"95434012","20240704","20240704","越貿有限公司","Yuemao Trading Company","臺中市大雅區橫山里永和路97之5號","No. 97-5, Yonghe Rd., Hengshan Vil., Daya Dist., Taichung City 428014, Taiwan (R.O.C.)","王O昇","0965-619035","","有","有"
"95434110","20241111","20241111","奇霖貿易有限公司","Kiling Trading CO., LTD.","臺中市太平區宜佳里宜昌路39號1樓","1 F., No. 39, Yichang Rd., Yijia Vil., Taiping Dist., Taichung City 411035, Taiwan (R.O.C.)","洪O惠","","","有","有"
"95434126","20250424","20250424","衣橙有限公司","ICHENG CO., LTD.","彰化縣鹿港鎮詔安里吳厝巷53之2號","No. 53-2, Wucuo Ln., Zhao’an Vil., Lukang Township, Changhua County 505005, Taiwan (R.O.C.)","蔡O真","0930-711331","","有","有"
"95434168","20240618","20240618","上勝工程有限公司","Shangsheng Engineering LTD.","高雄市林園區後厝路15巷6弄5號1樓","1 F., No. 5, Aly. 6, Ln. 15, Linyuan Dist., Kaohsiung City 832, Taiwan (R.O.C.)","趙O雅","07-2223700","","有","有"
"95434266","20240624","20240624","凡宇時尚有限公司","FANYU trend LTD.","臺北市大安區忠孝東路4段169號5樓之4","5 F.-4, No. 169, Sec. 4, Zhongxiao E. Rd., Da’an Dist., Taipei City 106662, Taiwan (R.O.C.)","鄧O軒","","","有","有"
"95434391","20240702","20250205","臺灣相關人工智慧產業有限公司","Taiwan's Artificial Intelligence Works and Nexus CO., LTD.","桃園市大園區三石里15鄰三和路27巷1弄18號","No. 18, Aly. 1, Ln. 27, Sanhe Rd., 15th Neighborhood, Sanshi Vil., Dayuan Dist., Taoyuan City 337011, Taiwan (R.O.C.)","","03-3831588","","無","無"
"95434580","20250603","20250603","廣上益有限公司","Kwong Shan Yi CO., LTD.","彰化縣永靖鄉港西村五福巷199號1樓","1 F., No. 199, Wufu Ln., Yongjing Township, Changhua County 512008, Taiwan (R.O.C.)","翁O恩","","","有","有"
"95434596","20240701","20240807","伍堭股份有限公司","Wu Huang Trading CO., LTD.","臺中市北區文莊里中清路一段53號9樓之2","9 F.-2, No. 53, Sec. 1, Zhongqing Rd., Wenzhuang Vil., North Dist., Taichung City 404021, Taiwan (R.O.C.)","張O斌","","","有","有"
"95434630","20250310","20250310","豐飲實業有限公司","RichDrink Enterprise Company Limited","桃園市桃園區民權路6號5樓之4","5 F.-4, No. 6, Minquan Rd., Taoyuan Dist., Taoyuan City 330001, Taiwan (R.O.C.)","林O宏","","","有","有"
"95434651","20240429","20240429","台灣生物循環科技股份有限公司","Taiwan BioCycle Technology CO., LTD.","高雄市新興區民生一路56號18樓之1","18 F.-1, No. 56, Minsheng 1st Rd., Xinxing Dist., Kaohsiung City 800408, Taiwan (R.O.C.)","洪O群","","","有","有"
"95434717","20240520","20240520","翼達映像有限公司","Yi-Star Media LTD.","臺北市中山區長春路40號11樓之5","11 F.-5, No. 40, Changchun Rd., Zhongshan Dist., Taipei City 104410, Taiwan (R.O.C.)","劉O東","02-25410577","","有","有"
"95434765","20250423","20250423","安日新有限公司","Flexi New Day CO., LTD.","臺中市梧棲區頂寮里八德路37號、37號2樓、37號3樓","No. 37, Bade Rd., Wuqi Dist., Taichung City 435058, Taiwan (R.O.C.)","王O穎","04-26564436","04-26583150","有","有"
"95434786","20240711","20250509","居品股份有限公司","Tripology Inc.","臺北市中正區懷寧街76號1樓","1 F., No. 76, Huaining St., Zhongzheng Dist., Taipei City 100004, Taiwan (R.O.C.)","朱O鵬","","","有","有"
"95434961","20241028","20241028","恒進貿易有限公司","KOUSHIN CO., LTD.","臺北市中山區長安東路2段162號7樓","7 F., No. 162, Sec. 2, Chang'an E. Rd., Zhongshan Dist., Taipei City 104499, Taiwan (R.O.C.)","洪O淵","","","有","有"
"95435048","20250312","20250419","維望股份有限公司","Edivise CO., LTD.","新北市新莊區新北大道4段175號3樓","3 F., No. 175, Sec. 4, New Taipei Blvd., Xinzhuang Dist., New Taipei City 242032, Taiwan (R.O.C.)","黃O妮","0975132809","","有","有"
"95435053","20250205","20250205","格柏爾有限公司","Green Price Limited","臺北市中山區中山北路2段79號3樓","3 F., No. 79, Sec. 2, Zhongshan N. Rd., Zhongshan Dist., Taipei City 104414, Taiwan (R.O.C.)","HONCHUNHIM","","","有","有"
"95435146","20240925","20240925","泰豪興業有限公司","Tai Hao Industrial LTD.","臺北市大安區建國南路1段291巷13號2樓","2 F., No. 13, Ln. 291, Sec. 1, Jianguo S. Rd., Da'an Dist., Taipei City 106093, Taiwan (R.O.C.)","陳O和","02-85227353","02-85227363","有","有"
"95435167","20240726","20240726","詮鑫機械有限公司","CHUAN HSZN MACHINERY CO., LTD.","新北市新莊區新北大道7段223號7樓","7 F., No. 223, Sec. 7, New Taipei Blvd., Xinzhuang Dist., New Taipei City 242059, Taiwan (R.O.C.)","王O鵬","04-7792525","","有","有"
"95435188","20240812","20240812","思豐國際股份有限公司","Sefont Investment Co., Ltd.","臺南市仁德區仁德里文善街35號2樓","2 F., No. 35, Wenshan St., Rende Vil., Rende Dist., Tainan City 717021, Taiwan (R.O.C.)","施O雅","","","有","有"
"95435201","20241024","20241024","星域智慧科技股份有限公司","Sparklands Tech CO., LTD.","臺北市內湖區南京東路6段493號3樓","3 F., No. 493, Sec. 6, Nanjing E. Rd., Neihu Dist., Taipei City 114057, Taiwan (R.O.C.)","王O平","","","有","有"
"95435292","20240819","20240819","台灣祥飛科技有限公司","Taiwan Sunfeel Technology CO., LTD.","新北市汐止區新台五路1段95號16樓之1","16 F.-1, No. 95, Sec. 1, Xintai 5th Rd., Xizhi Dist., New Taipei City 221416, Taiwan (R.O.C.)","李O均","0937535141","","有","有"
"95435379","20240814","20240814","加茗企業股份有限公司","UP RANK ENTERPRISE CO., LTD.","臺北市大安區仁愛路3段26號5樓","5 F., No. 26, Sec. 3, Ren'ai Rd., Da'an Dist., Taipei City 106460, Taiwan (R.O.C.)","陳O霖","","","有","有"
"95435504","20250307","20250307","愛萬東有限公司","AIWANDONG CO., LTD.","臺北市信義區市民大道6段250號3樓","3 F., No. 250, Sec. 6, Civic Blvd., Xinyi Dist., Taipei City 110047, Taiwan (R.O.C.)","王O顯","0987320284","02-26532979","有","有"
"95435547","20240429","20240429","綠先農業科技國際股份有限公司","LU XIAN INT CO., LTD.","屏東縣南州鄉壽元村勝利路41號","No. 41, Shengli Rd., Nanzhou Township, Pingtung County 926002, Taiwan (R.O.C.)","張O雯","07-9763369","","有","有"
"95435595","20240527","20240527","喬飛品牌行銷有限公司","Jovi International LTD.","臺南市安平區平安里安平路370巷1弄12號","No. 12, Aly. 1, Ln. 370, Anping Rd., Ping’an Vil., Anping Dist., Tainan City 708009, Taiwan (R.O.C.)","張O綺","","","無","無"
"95435737","20250320","20250320","世盈資本有限公司","INFINITY INVESTMENTS CO., LTD.","臺北市松山區敦化北路170號3樓","3 F., No. 170, Dunhua N. Rd., Songshan Dist., Taipei City 105405, Taiwan (R.O.C.)","莊O貴","02-66013902","","有","有"
"95435770","20240702","20240702","睫絲有限公司","Jessye CO., LTD.","桃園市大溪區一德里康莊路275號(2樓)","2 F., No. 275, Kangzhuang Rd., Yide Vil., Daxi Dist., Taoyuan City 335015, Taiwan (R.O.C.)","廖O莉","0927273683","","有","有"
"95435862","20240508","20240508","藍寶尚品有限公司","ShangPin Marketing LTD.","高雄市苓雅區三多四路110號22樓之2","22 F.-2, No. 110, Sanduo 4th Rd., Lingya Dist., Kaohsiung City 802630, Taiwan (R.O.C.)","謝O玲","079767228","","有","有"
"95435883","20241029","20250212","數匯智控山海豆花股份有限公司","Matamata tofu pudding Co.","臺東縣成功鎮信義里豐田路16號","No. 16, Fengtian Rd., Xinyi Vil., Chenggong Township, Taitung County 961004, Taiwan (R.O.C.)","李O霆","0988261677","","有","有"
"95435899","20241118","20241118","科梯峰有限公司","Kredifone Fintech LTD.","新北市板橋區板新路17號2樓","2 F., No. 17, Banxin Rd., Banqiao Dist., New Taipei City 220075, Taiwan (R.O.C.)","陳O晴","","","有","有"
"95435928","20240528","20240528","穩泰實業有限公司","WEN TAI CO., LTD.","臺南市南區建南里德興路274巷70弄24號","No. 24, Aly. 70, Ln. 274, Dexing Rd., Jiannan Vil., South Dist., Tainan City 702024, Taiwan (R.O.C.)","楊O中","06-2620108","06-2964573","有","有"
"95435976","20250311","20250311","閎康有限公司","Molly Textile CO., LTD.","新北市新莊區思源路23號11樓","11F., NO.23, SIYUAN RD., XINZHUANG DIST.,  NEW TAIPEI CITY 242032, TAIWAN(R.O.C.)","何O邦","02-87681169","02-87681089","有","有"
"95436124","20240628","20240628","仰緯國際股份有限公司","APEX LATITUDE CO., LTD.","臺中市西屯區惠來路三段306號1樓","1 F., No. 306, Sec. 3, Huilai Rd., Xitun Dist., Taichung City 407372, Taiwan (R.O.C.)","林O緯","0925675683","","有","有"
"95436335","20240605","20240605","非石玉石有限公司","Nonstone Jade LTD.","臺北市大安區復興南路1段127號7樓","7 F., No. 127, Sec. 1, Fuxing S. Rd., Da’an Dist., Taipei City 106660, Taiwan (R.O.C.)","谷O道","","","有","有"
"95436378","20240723","20240723","宏富科技投資顧問有限公司","Macro-Rich Tec Invest CO., LTD.","臺中市北屯區平田里文心路四段959號10樓之1","10 F.-1, No. 959, Sec. 4, Wenxin Rd., Pingtian Vil., Beitun Dist., Taichung City 406505, Taiwan (R.O.C.)","顧O鈞","","","有","有"
"95436412","20240619","20241113","姑奶奶有限公司","L & M CO., LTD.","臺北市文山區興隆路2段122號1樓","1 F., No. 122, Sec. 2, Xinglong Rd., Wenshan Dist., Taipei City 116071, Taiwan (R.O.C.)","劉O文","","","有","有"
"95436428","20250515","20250515","順道洗車股份有限公司","Shun Dao Car Wash Co., Ltd.","臺北市內湖區新湖一路383號6樓","6 F., No. 383, Xinhu 1st Rd., Neihu Dist., Taipei City 114065, Taiwan (R.O.C.)","陳O蕙","","","有","有"
"95436519","20240813","20240813","芯瑞半導體科技有限公司","Xin Rui semiconductor technology Company","新北市汐止區建成路28巷6號2樓","2 F., No. 6, Ln. 28, Jiancheng Rd., Xizhi Dist., New Taipei City 221663, Taiwan (R.O.C.)","鄭O英","0972129508","","有","有"
"95436530","20240731","20240731","台灣中恒有限公司","Taiwan ZhongHeng Ltd.","新北市中和區建八路198號3樓","3 F., No. 198, Jian 8th Rd., Zhonghe Dist., New Taipei City 235042, Taiwan (R.O.C.)","方O東","02-27953581","","有","有"
"95436594","20240613","20240613","璞之御美學有限公司","PUYU AESTHETICS LIMITED COMPANY","臺中市南區忠明南路580巷9號4樓之1","4 F.-1, No. 9, Ln. 580, Zhongming S. Rd., South Dist., Taichung City 402005, Taiwan (R.O.C.)","謝O家","0923-696537","","有","有"
"95436784","20250208","20250208","智富鑫實業有限公司","ZHIFUXIN enterprise co., ltd.","桃園市桃園區莊敬里莊敬路一段210巷23號8樓","8 F., No. 23, Ln. 210, Sec. 1, Zhuangjing Rd., Zhuangjing Vil., Taoyuan Dist., Taoyuan City 330704, Taiwan (R.O.C.)","李O智","","","有","有"
"95436790","20240611","20240611","希馬拉雅有限公司","HIMALAYA CO., LTD.","臺中市南區德義里國光路218之1號3樓","3 F., No. 218-1, Guoguang Rd., Deyi Vil., South Dist., Taichung City 402010, Taiwan (R.O.C.)","張O筑","","","有","有"
"95436813","20240729","20240729","內心風景有限公司","Inner Image LLC.","臺北市大安區復興南路1段352號2樓之1","2 F.-1, No. 352, Sec. 1, Fuxing S. Rd., Da'an Dist., Taipei City 106094, Taiwan (R.O.C.)","王O","","","有","有"
"95436877","20240628","20240628","萬事例特股份有限公司","Evlit Global Co., Ltd.","臺北市中山區長安東路2段80號10樓","10 F., No. 80, Sec. 2, Chang’an E. Rd., Zhongshan Dist., Taipei City 104094, Taiwan (R.O.C.)","張O","0905027848","","有","有"
"95436882","20250415","20250415","良晴喆木股份有限公司","Make Good Choices Co., Ltd.","新北市汐止區福德一路198號4樓之7","4 F.-7, No. 198, Fude 1st Rd., Xizhi Dist., New Taipei City 221014, Taiwan (R.O.C.)","洪O恩","0931-199-448","","有","有"
"95437019","20240703","20240705","歐鄉生活有限公司","Enchante La Vie LTD.","新竹縣新埔鎮文山里文山一街122號2樓","2 F., No. 122, Wenshan 1st St., Wenshan Vil., Xinpu Township, Hsinchu County 305043, Taiwan (R.O.C.)","劉O伯","0926-626678","","有","有"
"95437221","20240625","20250612","豪富國際有限公司","Haofu International Co., Ltd.","新北市中和區中正路736號14樓之3","14 F.-3, No. 736, Zhongzheng Rd., Zhonghe Dist., New Taipei City 235603, Taiwan (R.O.C.)","陳O諺","","","有","有"
"95437242","20250304","20250305","今一貿易有限公司","Jin Yi Trading CO., LTD.","新北市汐止區新台五路1段93號21樓之６","21 F.-6, No. 93, Sec. 1, Xintai 5th Rd., Xizhi Dist., New Taipei City 221416, Taiwan (R.O.C.)","許O真","02-26921690","","有","有"
"95437545","20250211","20250211","稀杰有限公司","SeeJade , LTD.","臺北市中正區青島東路4之8號1樓","1 F., No. 4-8, Qingdao E. Rd., Zhongzheng Dist., Taipei City 100008, Taiwan (R.O.C.)","陳O祺","0922-902-452","","有","有"
"95437550","20240821","20240827","睦晞管理顧問股份有限公司","MUSE MANAGEMENT CONSULTANTS INC.","臺北市信義區松隆路102號8樓","8 F., No. 102, Songlong Rd., Xinyi Dist., Taipei City 110059, Taiwan (R.O.C.)","魏O萍","02-23452858","02-23459398","有","有"
"95437566","20240814","20240814","蔻思特有限公司","COAST CO., LTD.","臺北市大安區復興南路2段268號4樓之5","4 F.-5, No. 268, Sec. 2, Fuxing S. Rd., Da'an Dist., Taipei City 106634, Taiwan (R.O.C.)","宋O遠","","","有","有"
"95437670","20250328","20250328","心寧生物科技股份有限公司","Heartmony Medical Corporation","臺北市中山區長春路380號6樓之1","6 F.-1, No. 380, Changchun Rd., Zhongshan Dist., Taipei City 104706, Taiwan (R.O.C.)","林O達","","","有","有"
"95437691","20240621","20240621","鷹展智動科技有限公司","Eagle Expand Intelligent Technology Co., Ltd.","新竹縣新豐鄉建興路二段784號1樓","1 F., No. 784, Sec. 2, Jianxing Rd., Xinfeng Township, Hsinchu County 304108, Taiwan (R.O.C.)","胡O達","0938535708","","有","有"
"95437735","20240424","20250315","唯格士貿易有限公司","Vagus International Trade Co.","臺北市松山區南京東路4段19號5樓之2","5 F.-2, No. 19, Sec. 4, Nanjing E. Rd., Songshan Dist., Taipei City 105022, Taiwan (R.O.C.)","","","","無","無"
"95437762","20240523","20240523","實力和股份有限公司","PREFERABLY POWER PLUS CO., LTD.","高雄市三民區熱河二街54號","No. 54, Rehe 2nd St., Sanmin Dist., Kaohsiung City 807007, Taiwan (R.O.C.)","柯O芬","07-3222259","","有","有"
"95437783","20240517","20240517","酷奈斯有限公司","Cool Nice Co., Ltd.","臺北市士林區福港街242號1樓","1 F., No. 242, Fugang St., Shilin Dist., Taipei City 111057, Taiwan (R.O.C.)","翁O鍵","0936336398","","有","有"
"95437833","20240718","20240718","畝思股份有限公司","Mises Hospitality CO., LTD.","臺北市大安區復興南路1段107巷5弄14號1樓","1 F., No. 14, Aly. 5, Ln. 107, Sec. 1, Fuxing S. Rd., Da’an Dist., Taipei City 106070, Taiwan (R.O.C.)","梁O強","","","有","有"
"95437910","20250603","20250603","誠郡有限公司","Chengjyun LTD.","高雄市前鎮區一心二路128號6樓之2","6 F.-2, No. 128, Yixin 2nd Rd., Qianzhen Dist., Kaohsiung City 806002, Taiwan (R.O.C.)","徐O郡","0903-917550","","有","有"
"95438024","20240422","20250509","鼎元珠寶有限公司","DINGYUAN JEWELRY CO., LTD.","新北市中和區興南路1段39號","No. 39, Sec. 1, Xingnan Rd., Zhonghe Dist., New Taipei City 235049, Taiwan (R.O.C.)","李O安","","","有","有"
"95438087","20240606","20240606","冠一國際貿易有限公司","Guanyi International Trading Co., Ltd.","臺中市西屯區港尾里中清路三段71號1樓","1 F., No. 71, Sec. 3, Zhongqing Rd., Gangwei Vil., Xitun Dist., Taichung City 407012, Taiwan (R.O.C.)","蔡O隆","","","有","有"
"95438164","20240510","20241102","弎悟文化創意有限公司","Enlightenment CO., LTD.","臺北市信義區信義路4段458號6樓","6 F., No. 458, Sec. 4, Xinyi Rd., Xinyi Dist., Taipei City 110501, Taiwan (R.O.C.)","王O田","02-27551547","","有","有"
"95438170","20240719","20240719","廷木有限公司","Tinmu CO., LTD.","臺北市文山區新光路1段140號2樓","2 F., No. 140, Sec. 1, Xinguang Rd., Wenshan Dist., Taipei City 116012, Taiwan (R.O.C.)","高O廷","02-27321007","","無","無"
"95438208","20240808","20240808","漫漫來有限公司","Take It Slow LTD.","臺北市大安區信義路4段380號2樓","2 F., No. 380, Sec. 4, Xinyi Rd., Da'an Dist., Taipei City 106050, Taiwan (R.O.C.)","宋O誠","","","有","有"
"95438214","20240913","20240913","秐泰投資股份有限公司","YUN-TAI Investment Co., LTD.","臺北市大安區新生南路2段2號7樓之3","7 F.-3, No. 2, Sec. 2, Xinsheng S. Rd., Da'an Dist., Taipei City 106605, Taiwan (R.O.C.)","陳O麟","","","有","有"
"95438381","20240828","20250327","抱抱生醫股份有限公司","Embrace Biotech Co., Ltd.","新北市板橋區三民路2段32號3樓","3 F., No. 32, Sec. 2, Sanmin Rd., Banqiao Dist., New Taipei City 220082, Taiwan (R.O.C.)","許O齊","","","有","有"
"95438426","20250502","20250502","澄翼有限公司","Thunderbird Co.","臺北市大安區永康街6巷16號1樓","1 F., No. 16, Ln. 6, Yongkang St., Da'an Dist., Taipei City 106007, Taiwan (R.O.C.)","杜O民","","","有","有"
"95438452","20240813","20240813","允木室內裝修設計有限公司","YUMU Design CO., LTD.","臺北市大安區敦化南路2段32號8樓","8 F., No. 32, Sec. 2, Dunhua S. Rd., Da'an Dist., Taipei City 106476, Taiwan (R.O.C.)","杜O承","02-27045590#14","02-27045560","有","有"
"95438489","20250211","20250211","逢八有限公司","Fortune 8 International CO., LTD.","桃園市桃園區青溪里自強路211號(1樓)","1 F., No. 211, Ziqiang Rd., Qingxi Vil., Taoyuan Dist., Taoyuan City 330015, Taiwan (R.O.C.)","劉O宜","03-3396882","","有","有"
"95438517","20250304","20250304","入厝有限公司","RU HOME CO., LTD.","臺中市潭子區大富里大富路三段165巷12之10號","No. 12-10, Ln. 165, Sec. 3, Dafu Rd., Dafu Vil., Tanzi Dist., Taichung City 427008, Taiwan (R.O.C.)","王O申","0923211375","","有","有"
"95438609","20250214","20250214","杏蒔實業有限公司","XING SHI CO., LTD.","新竹縣芎林鄉光明路117號2樓","2 F., No. 117, Guangming Rd., Qionglin Township, Hsinchu County 307001, Taiwan (R.O.C.)","鄭O軒","0912-036905","","有","有"
"95438636","20240524","20241115","阩陽有限公司","Solarys Limited","臺北市松山區民生東路5段69巷1弄6號1樓","1 F., No. 6, Aly. 1, Ln. 69, Sec. 5, Minsheng E. Rd., Songshan Dist., Taipei City 105010, Taiwan (R.O.C.)","DOmienRefis","","","有","有"
"95438642","20241110","20241110","良佾科技有限公司","VirtueSync Technology CO., LTD.","臺中市南區樹義里福田二街351號5樓之2","5 F.-2, No. 351, Futian 2nd St., Shuyi Vil., South Dist., Taichung City 402259, Taiwan (R.O.C.)","林O良","0422650812","0422650822","有","有"
"95438663","20240704","20240704","貳月初貳文創有限公司","Sprinduo CO., LTD.","新北市林口區文林四街37號","No. 37, Wenlin 4th St., Linkou Dist., New Taipei City 244017, Taiwan (R.O.C.)","陳O佩","02-26008237","","有","有"
"95438679","20240607","20240607","宏福跨境電商有限公司","HungFu E-Commerce CO., LTD.","新北市板橋區中山路2段318巷20弄5號(1樓)","1 F., No. 5, Aly. 20, Ln. 318, Sec. 2, Zhongshan Rd., Banqiao Dist., New Taipei City 220080, Taiwan (R.O.C.)","歐O源","","","有","有"
"95438690","20241015","20241015","溯蒳外泌體股份有限公司","Sona Exosomes CO., LTD.","臺北市中正區重慶南路1段57號5樓之12","5 F.-12, No. 57, Sec. 1, Chongqing S. Rd., Zhongzheng Dist., Taipei City 100003, Taiwan (R.O.C.)","劉O甄","","","有","有"
"95438707","20240501","20250228","金塑材料有限公司","Jin Cuiqing CO., LTD.","高雄市三民區裕誠路62之12號8樓","8 F., No. 62-12, Yucheng Rd., Sanmin Dist., Kaohsiung City 807704, Taiwan (R.O.C.)","胡O輝","","","有","有"
"95438832","20240524","20240704","伸創造設計有限公司","NOBOO CREATION INC.","臺北市中山區民生東路2段143號8樓","8 F., No. 143, Sec. 2, Minsheng E. Rd., Zhongshan Dist., Taipei City 104473, Taiwan (R.O.C.)","前O伸央","","","有","有"
"95438925","20241227","20241227","樂林科技股份有限公司","Navigation Technology Co., Ltd","新北市林口區文化二路1段266號12樓之2","12 F.-2, No. 266, Sec. 1, Wenhua 2nd Rd., Linkou Dist., New Taipei City 244257, Taiwan (R.O.C.)","梁O文","","","有","有"
"95438930","20240612","20240612","晨星通訊有限公司","Morning Star Communications CORP.","新北市淡水區民族路33巷12號12樓之3","12 F.-3, No. 12, Ln. 33, Minzu Rd., Tamsui Dist., New Taipei City 251627, Taiwan (R.O.C.)","嚴O玲","","","有","有"
"95438946","20250123","20250123","華宸科技美容有限公司","HC AestheTech LTD.","臺中市南區和平里忠明南路758號14樓","14 F., No. 758, Zhongming S. Rd., Heping Vil., South Dist., Taichung City 402256, Taiwan (R.O.C.)","陳O粲","0901441913","","有","有"
"95438994","20250107","20250107","莊輪子鋁圈輪胎科技股份有限公司","JOHN WHEELS CO., LTD.","新北市土城區金城路三段202號","No. 202, Sec. 3, Jincheng Rd., Tucheng Dist., New Taipei City 236003, Taiwan (R.O.C.)","柳O榮","02-26918666","","有","有"
"95439115","20240617","20240617","大晴健康生活有限公司","Ambition Life CO., LTD.","臺中市北區錦祥里進化路575號9樓之3","9F-3, No. 575, Jinxiangli Evolution Road, North District, Taichung City","王O業","04-22629999","","有","有"
"95439136","20240821","20240821","大申有限公司","JOIN DA SHEN CO., LTD.","桃園市桃園區福林里陽明九街38號（2樓）","2F., No. 38, Yangming 9th St., Fulin Vil., Taoyuan Dist., Taoyuan City 330043, Taiwan (R.O.C.)","王O權","03-3760367","03-3637505","有","有"
"95439282","20240503","20240503","奎登建設股份有限公司","QUADEN CONSTRUCTION CO., LTD.","新竹縣芎林鄉綠獅一街80號1樓","1 F., No. 80, Lushi 1st St., Qionglin Township, Hsinchu County 307001, Taiwan (R.O.C.)","黃O森","","","無","無"
"95439298","20240620","20240620","白森企業股份有限公司","HAKUMORI ENTERPRISE CO., LTD.","彰化縣花壇鄉白沙村觀音巷80弄1之7號1樓","1F., No. 1-7, Aly. 80, Guanyin Ln., Baisha Vil., Huatan Township, Changhua County 503005, Taiwan (R.O.C.)","白O玲","04-7876361","","有","有"
"95439305","20250307","20250307","艾森諾能源有限公司","Ethanol Energy LTD.","高雄市前金區中華三路236號","No. 236, Zhonghua 3rd Rd., Qianjin Dist., Kaohsiung City 801005, Taiwan (R.O.C.)","林O熙","","","有","有"
"95439311","20240814","20240814","高蘇企業有限公司","GAO SU ENTERPRISE CO., LTD.","臺中市大里區永隆里國光路二段579號1樓","1 F., No. 579, Sec. 2, Guoguang Rd., Yonglong Vil., Dali Dist., Taichung City 412019, Taiwan (R.O.C.)","蘇O閎","0921187913","","有","有"
"95439353","20250313","20250313","特福瑞企業有限公司","TITAN-FREEZE ENTERPRISE CO., LTD.","新北市新莊區中港路92號7樓","7 F., No. 92, Zhonggang Rd., Xinzhuang Dist., New Taipei City 242016, Taiwan (R.O.C.)","彭O緯","0952606300","","有","有"
"95439375","20240515","20240515","布瑞斯科技有限公司","Brais Technology CO., LTD.","高雄市前鎮區千富街241巷20號","No. 20, Ln. 241, Qianfu St., Qianzhen Dist., Kaohsiung City 806037, Taiwan (R.O.C.)","林O忠","0912921727","","有","有"
"95439380","20250123","20250123","食貨文化事業有限公司","SHI-HUO Culture LTD.","新北市汐止區大同路3段204號2樓之1","2 F.-1, No. 204, Sec. 3, Datong Rd., Xizhi Dist., New Taipei City 221412, Taiwan (R.O.C.)","王O里","0960501425","","有","有"
"95439419","20250207","20250207","揪碳吉有限公司","CUTonight Co.","臺北市松山區市民大道4段161號1樓","1 F., No. 161, Sec. 4, Civic Blvd., Songshan Dist., Taipei City 105049, Taiwan (R.O.C.)","劉O銘","","","有","有"
"95439430","20250225","20250225","科秀塗料有限公司","CHW coatings CO., LTD.","新北市樹林區東順街70號","No. 70, Dongshun St., Shulin Dist., New Taipei City 238010, Taiwan (R.O.C.)","林O敏","","","有","有"
"95439543","20240731","20240731","星宇區塊科技有限公司","Star Universe Blockchain Technology CO., LTD.","臺北市大安區忠孝東路3段261號4樓","4 F., No. 261, Sec. 3, Zhongxiao E. Rd., Da'an Dist., Taipei City 106082, Taiwan (R.O.C.)","廖O煌","02-8771-3258EXT：503","","有","有"
"95439635","20240815","20240815","御罧實業有限公司","Yulin Industrial CO., LTD.","新北市淡水區中正東路2段87之6號29樓","29 F., No. 87-6, Sec. 2, Zhongzheng E. Rd., Tamsui Dist., New Taipei City 251619, Taiwan (R.O.C.)","沈O偉","0972241297","","有","有"
"95439683","20250107","20250307","未來鏈網有限公司","FUTURE LINK NETWORK Company Limited","新北市板橋區館前西路6號12樓之5","12 F.-5, No. 6, Guanqian W. Rd., Banqiao Dist., New Taipei City 220052, Taiwan (R.O.C.)","洪O玲","89646627","","有","有"
"95439712","20250217","20250217","雙恩有限公司","Noble Nurture Corporation","臺北市中山區松江路469巷1號4樓之2","4 F.-2, No. 1, Ln. 469, Songjiang Rd., Zhongshan Dist., Taipei City 104055, Taiwan (R.O.C.)","游O偉","","","有","有"
"95439831","20240617","20240617","禾和傢飾有限公司","HW Deco CO., LTD.","新北市三重區中正北路428巷14號","No. 14, Ln. 428, Zhongzheng N. Rd., Sanchong Dist., New Taipei City 241028, Taiwan (R.O.C.)","黃O夏","0988800232","","有","有"
"95439874","20240712","20240712","星米友善家居有限公司","SINMI FRIENDLY HOME CO., LTD.","臺中市潭子區大豐里雅豐街208號1樓","1 F., No. 208, Yafeng St., Dafeng Vil., Tanzi Dist., Taichung City 427018, Taiwan (R.O.C.)","王O璉","04-25339888","04-25324551","有","有"
"95439889","20240614","20240614","正合展業有限公司","CH ENTERPRISE LTD.","新北市深坑區松柏街47巷3號(1樓)","1 F., No. 3, Ln. 47, Songbo St., Shenkeng Dist., New Taipei City 222006, Taiwan (R.O.C.)","廖O章","","","有","有"
"95439939","20240614","20240614","鈦樂科技有限公司","Taylor Tec LTD.","臺北市中山區新生北路1段66號6樓","6 F., No. 66, Sec. 1, Xinsheng N. Rd., Zhongshan Dist., Taipei City 104009, Taiwan (R.O.C.)","林O皓","","","有","有"
"95439993","20240722","20241219","牧洋冷凍食品有限公司","Ocean farm frozen seafood LTD.","臺南市永康區六合里中華路349號5樓之8","5 F.-8, No. 349, Zhonghua Rd., Liuhe Vil., Yongkang Dist., Tainan City 710044, Taiwan (R.O.C.)","蔡O牧","06-2829572","06-2521757","有","有"
"95440020","20240521","20240521","艾維塔台灣有限公司","AVITA TECH. INTERNATIONAL COMPANY LIMITED","臺北市中正區南昌路1段87號3樓之2","3 F.-2, No. 87, Sec. 1, Nanchang Rd., Zhongzheng Dist., Taipei City 100028, Taiwan (R.O.C.)","曾O浩","","","有","有"
"95440083","20240516","20240516","東錨台灣有限公司","MOOREAST TAIWAN Limited","臺北市信義區信義路4段415號12樓","12 F., No. 415, Sec. 4, Xinyi Rd., Xinyi Dist., Taipei City 110603, Taiwan (R.O.C.)","SOMKOONLAM","","","有","有"
"95440160","20250520","20250520","金江水有限公司","Jin Jiang Shui LTD.","桃園市平鎮區新勢里中豐路40號","No. 40, Zhongfeng Rd., Xinshi Vil., Pingzhen Dist., Taoyuan City 324001, Taiwan (R.O.C.)","王O金","03-4952866#23","","有","有"
"95440176","20240822","20240822","恆茂建材有限公司","Hammer plywood CO., LTD.","彰化縣北斗鎮西德里舜耕路4之37號1樓","1 F., No. 4-37, Shungeng Rd., Xide Vil., Beidou Township, Changhua County 521004, Taiwan (R.O.C.)","楊O翰","0919-443835","","有","有"
"95440289","20250217","20250217","堡星科技有限公司","Baostar Technology CO., LTD.","桃園市中壢區青心路212號5樓","5 F., No. 212, Qingxin Rd., Zhongli Dist., Taoyuan City 320016, Taiwan (R.O.C.)","陳O俞","0987-264538","","有","有"
"95440366","20250313","20250313","聲鐵科技有限公司","Sente technology CO., LTD.","桃園市楊梅區梅溪里中山北路二段82巷13號七樓","7 F., No. 13, Ln. 82, Sec. 2, Zhongshan N. Rd., Meixi Vil., Yangmei Dist., Taoyuan City 326028, Taiwan (R.O.C.)","蕭O陞","0952313732","","有","有"
"95440387","20240717","20241106","台灣斯佩納工業有限公司","specna industries taiwan CO., LTD.","臺中市豐原區西安里瑞安街102號","No. 102, Rui’an St., Xi’an Vil., Fengyuan Dist., Taichung City 420001, Taiwan (R.O.C.)","","","","無","無"
"95440577","20250107","20250308","櫽朴空間設計有限公司","In Put Interior Design Co., Ltd.","新竹市北區士林一街96號","No. 96, Shilin 1st St., North Dist., Hsinchu City 300013, Taiwan (R.O.C.)","劉O嘒","0916666729","","有","有"
"95440696","20240717","20240717","鴻騰駒科技有限公司","HONG TENG GU TECHNOLOGY CORP.","高雄市楠梓區加宏路22巷36號6樓","6 F., No. 36, Ln. 22, Jiahong Rd., Nanzi Dist., Kaohsiung City 811716, Taiwan (R.O.C.)","蓋O駒","","","有","有"
"95440730","20250124","20250203","智承國際有限公司","GSW CO., LTD.","臺北市信義區信義路4段458號6樓","6 F., No. 458, Sec. 4, Xinyi Rd., Xinyi Dist., Taipei City 110501, Taiwan (R.O.C.)","王O廉","0905-687698","","有","有"
"95440751","20250106","20250108","司裹科技股份有限公司","Soll CO., LTD.","臺北市大安區敦化南路2段97號2樓","2 F., No. 97, Sec. 2, Dunhua S. Rd., Da'an Dist., Taipei City 106420, Taiwan (R.O.C.)","蔡O霖","","","有","有"
"95440767","20240711","20240711","新眾銘國際股份有限公司","CHUNG MING GLOBAL BUSINESS CO., LTD.","新北市板橋區海山里民生路一段3號19樓","19 F., No. 3, Sec. 1, Minsheng Rd., Haishan Vil., Banqiao Dist., New Taipei City 220360, Taiwan (R.O.C.)","游O輝","","","有","有"
"95441061","20240617","20240617","善德盛有限公司","ZEN TOK CO., LTD.","臺北市中山區復興北路48號10樓","10 F., No. 48, Fuxing N. Rd., Zhongshan Dist., Taipei City 104502, Taiwan (R.O.C.)","周OO","0989742248","","有","有"
"95441169","20240723","20240723","鼎謙國際資訊股份有限公司","Din Cian International Information Co., Ltd.","臺中市西屯區河南路二段262號4樓之4","4 F.-4, No. 262, Sec. 2, Henan Rd., Xitun Dist., Taichung City 407349, Taiwan (R.O.C.)","劉O旺","","","有","有"
"95441225","20240529","20240529","辰瑞股份有限公司","Chenrwei CO., LTD.","臺中市北屯區崇德路一段594巷16號1樓","1 F., No. 16, Ln. 594, Sec. 1, Chongde Rd., Beitun Dist., Taichung City 406028, Taiwan (R.O.C.)","林O堃","","","有","有"
"95441230","20240605","20240605","大禾綠能光電有限公司","DAOHOO New Energy Company","高雄市新興區金門街119號1樓","1 F., No. 119, Jinmen St., Xinxing Dist., Kaohsiung City 800003, Taiwan (R.O.C.)","熊O妤","","","有","有"
"95441273","20250206","20250206","圓裕科技企業有限公司","YU TECHNOLOGY CO., LTD.","臺南市佳里區民安里同安寮93之1號2樓之1","2 F.-1, No. 93-1, Tong'anliao, Min’an Vil., Jiali Dist., Tainan City 722009, Taiwan (R.O.C.)","朱O岑","0955588061","","有","有"
"95441288","20240719","20240821","萊德曼騎士部品有限公司","RIDERMENT LTD.","嘉義市東區北門里忠孝路223號","No. 223, Zhongxiao Rd., Beimen Vil., East Dist., Chiayi City 600008, Taiwan (R.O.C.)","鄭O智","052789666","","有","有"
"95441560","20240507","20250221","樂群貿易有限公司","Lexie Trading Co., Ltd.","基隆市安樂區樂一里樂一路58巷1之1號","No. 1-1, Ln. 58, Le 1st Rd., Leyi Vil., Anle Dist., Keelung City 204002, Taiwan (R.O.C.)","","","","無","無"
"95441576","20240513","20240513","紙享有限公司","Paper Enjoyment CO., LTD.","新北市五股區水碓二路18號4樓","4 F., No. 18, Shuidui 2nd Rd., Wugu Dist., New Taipei City 248011, Taiwan (R.O.C.)","陳O婷","02-2998-1731","","無","無"
"95441695","20240807","20250123","浤卉管理顧問有限公司","WuWorks Management Consulting CO., LTD.","臺北市信義區信義路4段415號9樓之3","9 F.-3, No. 415, Sec. 4, Xinyi Rd., Xinyi Dist., Taipei City 110603, Taiwan (R.O.C.)","武O佑","0938543938","","有","有"
"95441739","20250214","20250214","紘沛管理顧問有限公司","Horizon Peak Management Consultant Co., Ltd.","臺北市中山區民權西路20號2樓","2 F., No. 20, Minquan W. Rd., Zhongshan Dist., Taipei City 104626, Taiwan (R.O.C.)","汪O縈","","","有","有"
"95441750","20240612","20240612","都向國際有限公司","Duxiang International CO., LTD.","高雄市左營區大中一路412號1樓","1 F., No. 412, Dazhong 1st Rd., Zuoying Dist., Kaohsiung City 813022, Taiwan (R.O.C.)","胡O珊","","","有","有"
"95441787","20240516","20240516","伊紋國際股份有限公司","yiweninternational CO., LTD.","彰化縣彰化市竹中里彰南路二段1巷24弄3號1樓","1 F., No. 3, Aly. 24, Ln. 1, Sec. 2, Zhangnan Rd., Zhuzhong Vil., Changhua City, Changhua County 500041, Taiwan (R.O.C.)","黄O嫻","03-5358115","","有","有"
"95441837","20240611","20240625","嘉點事業有限公司","IPLAS CO., LTD.","臺中市南區忠明南路787號21樓之1","21 F.-1, No. 787, Zhongming S. Rd., South Dist., Taichung City 402253, Taiwan (R.O.C.)","王O蓉","04-23384888","","有","有"
"95441858","20240820","20240820","泰山實業有限公司","TAI SHAN ENTERPRISE CO., LTD.","臺中市北屯區廍子里景賢路213號1樓","1 F., No. 213, Jingxian Rd., Beitun Dist., Taichung City 406055, Taiwan (R.O.C.)","洪O彰","","","有","有"
"95441920","20240524","20240524","奇麗貿易有限公司","Cherry Trading CO., LTD.","苗栗縣後龍鎮龍津里16鄰南社167號1樓","1 F., No. 167, Nanshe, 16th Neighborhood, Longjin Vil., Houlong Township, Miaoli County 356010, Taiwan (R.O.C.)","康O業","0972376172","","有","有"
"95441956","20240821","20250413","安優有限公司","Anyou Trading CO., LTD.","高雄市左營區緯六路189號1樓","1 F., No. 189, Wei 6th Rd., Zuoying Dist., Kaohsiung City 813003, Taiwan (R.O.C.)","潘O涵","","","有","有"
"95441999","20250319","20250319","優夏國際顧問有限公司","Yusha LTD.","臺北市中正區懷寧街76號1樓","1 F., No. 76, Huaining St., Zhongzheng Dist., Taipei City 100004, Taiwan (R.O.C.)","林O博","","","有","有"
"95442060","20240509","20240509","塏鑫國際實業有限公司","KS BROS International Inc.","臺北市信義區忠孝東路5段508號17樓之3","17 F.-3, No. 508, Sec. 5, Zhongxiao E. Rd., Xinyi Dist., Taipei City 110057, Taiwan (R.O.C.)","廖O偉","","","有","有"
"95442076","20250526","20250526","總軒恩企業有限公司","TSUNG HSUAN EN ENTERPRISE CO., LTD.","桃園市桃園區中成里正光路518巷11之9號(地下一層)","No. 11-9, Ln. 518, Zhengguang Rd., Zhongcheng Vil., Taoyuan Dist., Taoyuan City 330060, Taiwan (R.O.C.)","盧O菁","03-3017199","","有","有"
"95442202","20250526","20250526","大穎運輸設備有限公司","DA YING TRANSPORTATION EQUIPMENT CO., LTD.","臺中市南屯區永定里益文一街165號","No. 165, Yiwen 1st St., Yongding Vil., Nantun Dist., Taichung City 408023, Taiwan (R.O.C.)","陳O炫","","","有","有"
"95442272","20240529","20240529","寶鴻國際洋行有限公司","BAOHONG INTERNATIONAL TRADING CO., LTD.","彰化縣花壇鄉長沙村中正路209號一樓","1 F., No. 209, Zhongzheng Rd., Huatan Township, Changhua County 503, Taiwan (R.O.C.)","賴O松","0933498117","","有","有"
"95442358","20240821","20250116","智耀生物科技有限公司","ASA BIO. TECHNOLOGY CO.","高雄市鳳山區濱山街55巷8弄4號","No. 4, Alley. 8, Lane. 55, Binshan Street, Fengshan District, Kaohsiung City 830737, Taiwan (R.O.C.)","范O文亮","07-7801991","","有","有"
"95442527","20240809","20240809","施恩科技股份有限公司","QUANTAS TECHNOLOGY Co., Ltd.","臺北市松山區復興北路181號7樓之3","7 F.-3, No. 181, Fuxing N. Rd., Songshan Dist., Taipei City 105403, Taiwan (R.O.C.)","崔O姬CHOISUNHEE","","","有","有"
"95442553","20240807","20240807","晨宏科技有限公司","Chen Hung Tech International Trading LTD.","新竹縣湖口鄉鳳凰村仁樂路22號","No. 22, Renle Rd., Hukou Township, Hsinchu County 303106, Taiwan (R.O.C.)","劉O浩","0976878605","","有","有"
"95442688","20250103","20250103","研楷有限公司","ApertureScience CO., LTD.","桃園市桃園區中正路1092號25樓","25 F., No. 1092, Zhongzheng Rd., Taoyuan Dist., Taoyuan City 330010, Taiwan (R.O.C.)","劉O佑","","","有","有"
"95442738","20250213","20250213","嘉迪有限公司","JD Business Corporation","高雄市新興區中山一路14號9樓之10","9 F.-10, No. 14, Zhongshan 1st Rd., Xinxing Dist., Kaohsiung City 800012, Taiwan (R.O.C.)","陳O茹","","","有","有"
"95442815","20240702","20240702","璟辰傢居有限公司","Jingchen Furniture CO., LTD.","新竹縣新豐鄉松林村道化街41號一樓","1 F., No. 41, Daohua St., Xinfeng Township, Hsinchu County 304110, Taiwan (R.O.C.)","李O玲","","","有","有"
"95442857","20240612","20240612","萬途順利有限公司","Wantu Shunli CO., LTD.","嘉義市西區竹圍里遠東街160號5樓之2","5 F.-2, No. 160, Yuandong St., Zhuwei Vil., West Dist., Chiayi City 600075, Taiwan (R.O.C.)","江O澤","","","無","無"
"95442863","20250206","20250206","表觀矽有限公司","Epigesilic, Inc.","臺北市大安區忠孝東路4段162號11樓之2","11 F.-2, No. 162, Sec. 4, Zhongxiao E. Rd., Da'an Dist., Taipei City 106057, Taiwan (R.O.C.)","黃O銘","","","有","有"
"95442998","20241121","20250103","奇華智能行銷股份有限公司","MoJo Live Intelligent Marketing CO., LTD.","新北市板橋區民生路1段33號5樓之6","5 F.-6, No. 33, Sec. 1, Minsheng Rd., Banqiao Dist., New Taipei City 220363, Taiwan (R.O.C.)","李O居","03-3223777","","有","有"
"95443005","20240808","20240808","焱皇乙國際有限公司","Yan Dynasty international CO., LTD.","新北市中和區南山路521號(1樓)","1 F., No. 521, Nanshan Rd., Zhonghe Dist., New Taipei City 235050, Taiwan (R.O.C.)","徐O慶","0921-115-807","","有","有"
"95443075","20240625","20250205","廣大精密有限公司","GRAND STARS Precision CO., LTD.","臺中市西區忠明南路270號7樓之1","7 F.-1, No. 270, Zhongming S. Rd., West Dist., Taichung City 403021, Taiwan (R.O.C.)","","","","無","無"
"95443151","20250505","20250505","金根堂生技有限公司","JINGENTANG BIOTECHNOLOGY LTD.","金門縣金城鎮東門里金山路2巷6弄1號","金山路二巷六弄一號","顧O恩","082328479","","有","有"
"95443217","20250114","20250114","鑫創數位科技有限公司","GOXIN DIGITAL TECHNOLOGY CO., LTD.","臺中市西屯區福和里臺灣大道四段847號11樓","11 F., No. 847, Sec. 4, Taiwan Blvd., Fuhe Vil., Xitun Dist., Taichung City 407207, Taiwan (R.O.C.)","張O翔","04-24635890","","有","有"
"95443526","20240719","20240719","赫力仕生醫聯合有限公司","Hercules Laboratory BioMed CO., LTD.","臺北市中正區忠孝西路1段72號2樓之1","2 F.-1, No. 72, Sec. 1, Zhongxiao W. Rd., Zhongzheng Dist., Taipei City 100007, Taiwan (R.O.C.)","林O稜","0933850526","","有","有"
"95443700","20240619","20240619","美芯家品國際有限公司","VERNISSAGE INTERNATIONAL CO., LTD.","臺北市松山區八德路2段346巷7弄17號1樓","1 F., No. 17, Aly. 7, Ln. 346, Sec. 2, Bade Rd., Songshan Dist., Taipei City 105041, Taiwan (R.O.C.)","王O心","","","有","有"
"95443758","20240729","20240729","識途數位股份有限公司","GUIDED PATH DIGITAL INC.","高雄市前鎮區正安街23號","No. 23, Zheng'an St., Qianzhen Dist., Kaohsiung City 806023, Taiwan (R.O.C.)","林O輝","0910966256","","有","有"
"95443770","20240618","20240618","艾爾生活有限公司","EL Limited Company","臺北市中山區南京東路1段34號7樓","7 F., No. 34, Sec. 1, Nanjing E. Rd., Zhongshan Dist., Taipei City 104008, Taiwan (R.O.C.)","胡O瑋","0921120750","","無","無"
"95443835","20250430","20250430","樵森國際有限公司","Forest Light International CO., LTD.","桃園市中壢區新明里中央西路二段164巷14弄12號（1樓）","No. 12, Aly. 14, Ln. 164, Sec. 2, Zhongyang W. Rd., Xinming Vil., Zhongli Dist., Taoyuan City 320006, Taiwan (R.O.C.)","周O君","0911495194","","有","有"
"95443912","20240717","20240717","御維股份有限公司","YOUR WAY CO., LTD.","臺中市西屯區何南里大墩二十街118號5樓之1","5 F.-1, No. 118, Dadun 20th St., Henan Vil., Xitun Dist., Taichung City 407514, Taiwan (R.O.C.)","黃O誠","","","有","有"
"95443997","20240614","20240614","銀橡資本股份有限公司","Silver Oak Capital CO., LTD.","新北市三重區興德路123之2號8樓","8 F., No. 123-2, Xingde Rd., Sanchong Dist., New Taipei City 241458, Taiwan (R.O.C.)","於O慶","02-85123068","","有","有"
"95445171","20250106","20250106","台灣澳泉有限公司","AQ medical CO., LTD.","臺北市中山區長安東路2段108號8樓之7","8 F.-7, No. 108, Sec. 2, Chang'an E. Rd., Zhongshan Dist., Taipei City 104094, Taiwan (R.O.C.)","朱O(ZHU,MIN)","","","有","有"
"95445215","20240523","20240523","品奕國際股份有限公司","PY International CO., LTD.","臺北市大安區忠孝東路4段290號2樓","2 F., No. 290, Sec. 4, Zhongxiao E. Rd., Da’an Dist., Taipei City 106433, Taiwan (R.O.C.)","劉O曦","","","有","有"
"95445307","20240425","20240425","兆宏能源有限公司","Megagrand Energy LTD.","新竹縣竹北市竹義里9鄰中華路408巷68號1樓","1 F., No. 68, Ln. 408, Zhonghua Rd., 9th Neighborhood, Zhuyi Vil., Zhubei City, Hsinchu County 302006, Taiwan (R.O.C.)","李O宏","03-6579875","","有","有"
"95445398","20250225","20250225","聖鍏國際有限公司","TCS International CO., LTD.","新北市汐止區大同路2段135號8樓","8 F., No. 135, Sec. 2, Datong Rd., Xizhi Dist., New Taipei City 221424, Taiwan (R.O.C.)","黃O為","","","有","有"
"95445616","20250313","20250313","捷鎏綠能卡車零件有限公司","Jieliu Green Energy Truck Parts CO., LTD.","高雄市新興區八德一路285號2樓","2F., No. 285, Bade 1st Rd., Xinxing Dist., Kaohsiung City 800013 , Taiwan (R.O.C.)","梁O雄","07-2364086","","有","有"
"95445735","20240815","20240815","宗昌工業有限公司","AncesPro Industrial CO., LTD.","臺中市霧峰區坑口里中正路565之13號","No. 565-13, Zhongzheng Rd., Kengkou Vil., Wufeng Dist., Taichung City 413007, Taiwan (R.O.C.)","李O鈞","","","有","有"
"95445778","20241114","20241114","豐可有限公司","Fengke CO., LTD.","新北市蘆洲區中山二路176號5樓","5 F., No. 176, Zhongshan 2nd Rd., Luzhou Dist., New Taipei City 247015, Taiwan (R.O.C.)","王O豐","","","有","有"
"95445881","20240502","20250329","萊茵豪森台灣有限公司","Reinhausen Taiwan Ltd.","臺北市信義區信義路4段460號9樓之1","9 F.-1, No. 460, Sec. 4, Xinyi Rd., Xinyi Dist., Taipei City 110501, Taiwan (R.O.C.)","冉ODr.RalfJOHN","0910613816","","有","有"
"95445926","20240626","20240626","蒼諭科技有限公司","CANG YU Technology CO., LTD.","臺中市沙鹿區福興里鎮南路永福巷91號1樓","1 F., No. 91, Yongfu Ln., Zhennan Rd., Fuxing Vil., Shalu Dist., Taichung City 433026, Taiwan (R.O.C.)","顏O榮","","","有","有"
"95445995","20240806","20240806","泓瑋國際貿易股份有限公司","TWW International Trading CO., LTD.","臺中市西屯區大河里皇城街59巷12弄18號1樓","1 F., No. 18, Aly. 12, Ln. 59, Huangcheng St., Dahe Vil., Xitun Dist., Taichung City 407046, Taiwan (R.O.C.)","王O瑋","04-22956825","","有","有"
"95446050","20240717","20250606","本丸酒業有限公司","BENWAN WINE CO., LTD.","臺中市潭子區大富路一段2巷58弄14號4樓","4 F., No. 14, Aly. 58, Ln. 2, Sec. 1, Dafu Rd., Tanzi Dist., Taichung City 427020, Taiwan (R.O.C.)","黃O翔","0909-995898","","有","有"
"95446306","20250306","20250306","裕信科技有限公司","YOU TRUST TECHNOLOGY CO., LTD.","新竹縣竹北市光明十街166巷12號1樓","1 F., No. 12, Ln. 166, Guangming 10th St., Zhubei City, Hsinchu County 302005, Taiwan (R.O.C.)","黃O光","","","有","有"
"95446328","20240708","20240708","德政科技管理顧問有限公司","Tech MGC Consulting CO., LTD.","新北市新店區大豐路68巷15號(1樓)","1 F., No. 15, Ln. 68, Dafeng Rd., Xindian Dist., New Taipei City 231019, Taiwan (R.O.C.)","李O宏","0936214154","","有","有"
"95446501","20250619","20250619","王飲國際茶飲有限公司","Wang Yin International Tea Beverage CO., LTD.","臺北市中山區樂群二路196號","No. 196, Lequn 2nd Rd., Zhongshan Dist., Taipei City 104053, Taiwan (R.O.C.)","張O偉","02-66048779","","有","有"
"95446592","20240703","20240703","駿朋股份有限公司","JUN PENG INC.","嘉義縣竹崎鄉竹崎村中山路165號1樓","1F., No. 165, Zhongshan Rd., Zhuqi Vil., Zhuqi Township, Chiayi County , Taiwan (R.O.C.)","林O綺","","","有","有"
"95446798","20250306","20250306","裕泰機電有限公司","Yu Tai Electromechanical CO., LTD.","彰化縣彰化市龍山里1鄰中山路二段874巷39-1號2樓","2 F., No. 39-1, Ln. 874, Sec. 2, Zhongshan Rd., 1st Neighborhood, Longshan Vil., Changhua City, Changhua County 500002, Taiwan (R.O.C.)","蔡O庭","","","有","有"
"95446869","20240624","20240624","安翔科技有限公司","An Xiang Technology CO., LTD.","臺中市新社區新社里中和街四段81巷10號1樓","1 F., No. 10, Ln. 81, Sec. 4, Zhonghe St., Xinshe Vil., Xinshe Dist., Taichung City 426014, Taiwan (R.O.C.)","劉O杰","0911793015","","有","有"
"95446925","20240712","20240712","金韓順貿易有限公司","Jinhanshun Trading LTD","臺北市中山區民權東路3段37號11樓","11 F., No. 37, Sec. 3, Minquan E. Rd., Zhongshan Dist., Taipei City 104478, Taiwan (R.O.C.)","SOHHYON","0912587070","","有","有"
"95447516","20240423","20241002","大金台灣應用空調系統股份有限公司","Daikin Applied Systems (Taiwan) CO., LTD.","彰化縣伸港鄉溪底村工東一路35號","No. 35, Gongdong 1st Rd., Shengang Township, Changhua County 509004, Taiwan (R.O.C.)","LONGSOEWHOOO","","","有","有"
"95447558","20240823","20250206","揚新科技股份有限公司","NewTech Co.,LTD.","桃園市中壢區明德里10鄰廈門街227號(1樓)","1 F., No. 227, Xiamen St., 10th Neighborhood, Mingde Vil., Zhongli Dist., Taoyuan City 320049, Taiwan (R.O.C.)","王O君","03-4574504","","有","有"
"95447678","20240903","20240903","澳商瑪柏有限公司台灣分公司","MAAP CO PTY LTD. TAIWAN BRANCH(AUSTRALIA)","臺北市大安區敦化南路一段187巷2號","No. 2, Ln. 187, Sec. 1, Dunhua S. Rd., Da'an Dist., Taipei City 106076, Taiwan (R.O.C.)","阿O斯代爾芬寧AlasdairFenning","","","有","有"
"95447699","20240613","20240613","均松有限公司","CHUNG SONG CO., LTD.","臺中市大甲區文武里雁門路253號1樓","1 F., No. 253, Yanmen Rd., Wenwu Vil., Dajia Dist., Taichung City 437009, Taiwan (R.O.C.)","邱O君","0933466910","","有","有"
"95447712","20240930","20241007","芯妍植國際事業有限公司","Core Yanzhi International Business Co., Ltd.","高雄市鳳山區文衡路415號1樓","1 F., No. 415, Wenheng Rd., Fengshan Dist., Kaohsiung City 830009, Taiwan (R.O.C.)","林O妍","0925363916","","有","有"
"95447760","20240604","20240702","全宇盛科技股份有限公司","WINSTAR SEMICONDUCTOR CO., LTD.","新竹縣竹北市六家七路179巷40號2樓","2 F., No. 40, Ln. 179, Liujia 7th Rd., Zhubei City, Hsinchu County 302054, Taiwan (R.O.C.)","黃O龍","","","有","有"
"95447781","20240423","20250515","娜米朵有限公司","Lamido Marketing CO., LTD.","南投縣南投市鳳山里八卦路1275巷2號一樓","1 F., No. 2, Ln. 1275, Bagua Rd., Fengshan Vil., Nantou City, Nantou County 540032, Taiwan (R.O.C.)","江O如","","","有","有"
"95447831","20240722","20250326","鉑提國際有限公司","BOTIVE INTERNATIONAL LTD.","桃園市八德區中華路271號10樓","10 F., No. 271, Zhonghua Rd., Bade Dist., Taoyuan City 334647, Taiwan (R.O.C.)","顧O瑜","","","有","有"
"95447889","20240527","20240527","皓雪有限公司","c'est Niseko LTD.","新北市林口區文化二路2段88巷36號6樓","6 F., No. 36, Ln. 88, Sec. 2, Wenhua 2nd Rd., Linkou Dist., New Taipei City 244016, Taiwan (R.O.C.)","王O茵","0972780907","","有","有"
"95447939","20240723","20240723","基法生物科技股份有限公司","CEPHAS BIOTECH CO., LTD.","臺北市大安區忠孝東路4段107號8樓之1","8 F.-1, No. 107, Sec. 4, Zhongxiao E. Rd., Da’an Dist., Taipei City 106076, Taiwan (R.O.C.)","蘇O世","02-27637101","","有","有"
"95447950","20250313","20250606","拾翼國際有限公司","Picking wings International LTD.","高雄市左營區明誠二路491號11樓","11 F., No. 491, Mingcheng 2nd Rd., Zuoying Dist., Kaohsiung City 813304, Taiwan (R.O.C.)","李O穎","0908870789","","無","無"
"95448000","20240509","20250430","北極先生國際股份有限公司","MR.POLAR CO., LTD.","臺中市西屯區何安里臺灣大道二段910號13樓之2","13 F.-2, No. 910, Sec. 2, Taiwan Blvd., He’an Vil., Xitun Dist., Taichung City 407600, Taiwan (R.O.C.)","徐O頡","","","有","有"
"95448037","20240514","20240917","梵天控股有限公司","Akasha Holding Company","臺北市南港區松河街618號11樓","11 F., No. 618, Songhe St., Nangang Dist., Taipei City 115023, Taiwan (R.O.C.)","陳O涵","","","有","有"
"95448058","20240806","20240806","栩悅國際有限公司","Lux collection international Limited Company","臺中市西屯區上安里臺灣大道三段556巷21之1號2樓","2 F., No. 21-1, Ln. 556, Sec. 3, Taiwan Blvd., Shang’an Vil., Xitun Dist., Taichung City 407023, Taiwan (R.O.C.)","羅O瑛","","","有","有"
"95448091","20240605","20240605","湧川國際貿易有限公司","YONG CHUAN Internation Trade CO., LTD.","桃園市平鎮區建安里平東路1段178巷38弄22號","No. 22, Aly. 38, Ln. 178, Sec. 1, Pingdong Rd., Jian’an Vil., Pingzhen Dist., Taoyuan City 324035, Taiwan (R.O.C.)","賴O邦","0933260933","","有","有"
"95448178","20250107","20250107","海智匯數位科技股份有限公司","HiAI Digital Technology CO., LTD.","臺中市西屯區臺灣大道四段925號15樓之6","15 F.-6, No. 925, Sec. 4, Taiwan Blvd., Xitun Dist., Taichung City 407205, Taiwan (R.O.C.)","黃O芳","04-23550011 #0604","04-23550022","有","有"
"95448228","20250122","20250203","涌盛實業有限公司","YONGSHENG STEEL INDUSTRY CO., LTD.","桃園市中壢區高鐵南路五段860號","No. 860, Sec. 5, Gaotie S. Rd., Zhongli Dist., Taoyuan City 320010, Taiwan (R.O.C.)","余O穎","03-4909166","","有","有"
"95448326","20250304","20250304","澳洲商摩爾斯微有限公司台灣分公司","Australian Morse Micro PTY LTD. Taiwan Branch","臺北市內湖區洲子街114號9樓","9 F., No. 114, Zhouzi St., Neihu Dist., Taipei City 114688, Taiwan (R.O.C.)","POSQUOLEOLIBERTI","+886988859553","","有","有"
"95448579","20240920","20250110","忠德有限公司","TUNG TAK CO., LTD.","臺北市信義區市民大道6段250號3樓","3 F., No. 250, Sec. 6, Civic Blvd., Xinyi Dist., Taipei City 110047, Taiwan (R.O.C.)","黃O豪","","","有","有"
"95448661","20240821","20240821","聿寓有限公司","Yu Yu Ltd CO.","臺南市東區崇明路512號","No. 512, Chongming Rd., East Dist., Tainan City 701040, Taiwan (R.O.C.)","梁O芳","","","有","有"
"95448830","20240520","20250410","日付實業有限公司","RIH FU CO., LTD.","臺北市大安區羅斯福路3段283巷21弄16號2樓","2 F., No. 16, Aly. 21, Ln. 283, Sec. 3, Roosevelt Rd., Da’an Dist., Taipei City 106019, Taiwan (R.O.C.)","HOOUNGGOOL","02-23630000#102","","有","有"
"95448901","20240603","20240603","山積有限公司","PLATSUMI CO., LTD.","臺北市中正區和平西路1段30號9樓","9 F., No. 30, Sec. 1, Heping W. Rd., Zhongzheng Dist., Taipei City 100028, Taiwan (R.O.C.)","舒O詠","","","有","有"
"95449021","20240625","20240627","富晨興業有限公司","Futune CO., LTD.","彰化縣和美鎮嘉寶里新興路69巷31號1樓","1 F., No. 31, Ln. 69, Xinxing Rd., Jiabao Vil., Hemei Township, Changhua County 508006, Taiwan (R.O.C.)","黃O萍","0909177868","","有","無"
"95449036","20250225","20250225","艾沙吉科技有限公司","ISAGI CO., LTD.","桃園市龜山區萬壽路一段492之9號7樓之3","7 F.-3, No. 492-9, Sec. 1, Wanshou Rd., Guishan Dist., Taoyuan City 333026, Taiwan (R.O.C.)","吳O奇","","","有","有"
"95449063","20240808","20240808","誠祥醫材有限公司","J&R Medical Materials Limited Company","高雄市湖內區信義路32巷7弄6號","No. 6, Aly. 7, Ln. 32, Xinyi Rd., Hunei Dist., Kaohsiung City 829005, Taiwan (R.O.C.)","鄭O輝","","","有","有"
"95449155","20250318","20250318","黃埔有限公司","Huangfu International Trade LTD","高雄市鳳山區自治街65巷20號7樓","7 F., No. 20, Ln. 65, Zizhi St., Fengshan Dist., Kaohsiung City 830508, Taiwan (R.O.C.)","歐O忠","","","有","有"
"95449177","20240904","20240904","電動科技有限公司","DanDong Technology CO., LTD.","臺北市中正區仁愛路2段25號5樓","5 F., No. 25, Sec. 2, Ren'ai Rd., Zhongzheng Dist., Taipei City 100026, Taiwan (R.O.C.)","蔡O霖","","","有","有"
"95449182","20250204","20250204","霓奇瑜珈國際事業有限公司","Nicky Yoga International CO., LTD.","臺北市松山區復興北路1號7樓之3","7 F.-3, No. 1, Fuxing N. Rd., Songshan Dist., Taipei City 105611, Taiwan (R.O.C.)","鄭O汶","02-27527033","","有","有"
"95449275","20240515","20240515","宥姬有限公司","YUKI LTD.","新北市中和區中山路3段39號19樓","19 F., No. 39, Sec. 3, Zhongshan Rd., Zhonghe Dist., New Taipei City 235601, Taiwan (R.O.C.)","于O娟","0979633339","","有","有"
"95449373","20250423","20250423","希梅格傑西有限公司","Semag JC CO., LTD.","新北市中和區中正路866之3號12樓","12 F., No. 866-3, Zhongzheng Rd., Zhonghe Dist., New Taipei City 235601, Taiwan (R.O.C.)","李O均","02-22289626","","有","有"
"95449562","20240619","20240619","恆昌科技有限公司","Prosperity Forever Ltd.","臺中市西區東昇里朝陽街93號1樓","1 F., No. 93, Chaoyang St., Dongsheng Vil., West Dist., Taichung City 403032, Taiwan (R.O.C.)","郭O浥","","","有","有"
"95449633","20240821","20240821","商傑餐飲顧問股份有限公司","Sub.J INC.","臺北市松山區民族東路743號","No. 743, Minzu E. Rd., Songshan Dist., Taipei City 105001, Taiwan (R.O.C.)","陳O","","","有","有"
"95449731","20250313","20250313","蕾江國際有限公司","REIJAN INC.","臺中市西區民龍里臺灣大道二段285號4樓之2","4 F.-2, No. 285, Sec. 2, Taiwan Blvd., Minlong Vil., West Dist., Taichung City 403502, Taiwan (R.O.C.)","羅O玲","04-23282841","","有","有"
"95449850","20240807","20240807","沃信投資有限公司","Wallcred Investment CO., LTD.","臺北市萬華區萬大路187巷3弄16號1樓","1 F., No. 16, Aly. 3, Ln. 187, Wanda Rd., Wanhua Dist., Taipei City 108037, Taiwan (R.O.C.)","李O祥","","","有","有"
"95450005","20240517","20240517","有倫股份有限公司","YoL CO., LTD.","新竹縣竹北市自強七街33號5樓","5 F., No. 33, Ziqiang 7th St., Zhubei City, Hsinchu County 302044, Taiwan (R.O.C.)","吳O倫","0983708199","","有","有"
"95450080","20240711","20250401","鑫泰昇有限公司","T-PRIME PULSE LTD.","新北市汐止區新台五路1段102號8樓","8 F., No. 102, Sec. 1, Xintai 5th Rd., Xizhi Dist., New Taipei City 221411, Taiwan (R.O.C.)","徐O進","0961110686","","有","有"
"95450096","20250311","20250311","盛群國際有限公司","Sheng-Chun International CO., LTD.","新北市板橋區文化路1段360號37樓之17","37 F.-17, No. 360, Sec. 1, Wenhua Rd., Banqiao Dist., New Taipei City 220792, Taiwan (R.O.C.)","邱O翔","02-27321247","","有","有"
"95450119","20240815","20250319","禾林食室股份有限公司","HO LYNN FOOD CO., LTD.","臺中市北區五常里五義街127號1樓及地下層","1 F., No. 127, Wuyi St., Wuchang Vil., North Dist., Taichung City 404007, Taiwan (R.O.C.)","林O雯","","","有","有"
"95450151","20250213","20250508","荃盛展業有限公司","CHUAN SHENG ENTERPRISE CO., LTD.","彰化縣和美鎮竹營里忠全路213巷11號","No. 11, Ln. 213, Zhongquan Rd., Zhuying Vil., Hemei Township, Changhua County 508013, Taiwan (R.O.C.)","陳O彰","04-7568160","","有","有"
"95450217","20240614","20250429","牛牛天地有限公司","Niu Niu Space Co.","桃園市桃園區三民路三段316之1號","1 F., No. 87, Hansheng W. Rd., Banqiao Dist., New Taipei City 220034, Taiwan (R.O.C.)","李O曦","","","有","有"
"95450309","20250304","20250304","歆玥有限公司","Simyue Co., Ltd.","新北市中和區員山路110號4樓","4 F., No. 110, Yuanshan Rd., Zhonghe Dist., New Taipei City 235018, Taiwan (R.O.C.)","林O筑","","","有","有"
"95450504","20240502","20240502","宏昱資通股份有限公司","Honyu Information Technology Co., Ltd.","新北市五股區五工二路114號(6樓)","6 F., No. 114, Wugong 2nd Rd., Wugu Dist., New Taipei City 248018, Taiwan (R.O.C.)","林O碧","","","有","有"
"95450510","20250305","20250305","安妤生物科技有限公司","Anyu biotechnology Ltd.","臺中市西區臺灣大道二段186號9樓之1","9 F.-1, No. 186, Sec. 2, Taiwan Blvd., West Dist., Taichung City 403404, Taiwan (R.O.C.)","顏O文","0975-732306","","有","有"
"95450624","20240718","20240718","峰行國際股份有限公司","Mountain Top International CO., LTD.","基隆市七堵區大德路166號","No. 166, Dade Rd., Qidu Dist., Keelung City 206010, Taiwan (R.O.C.)","郭O涵","02-29556356","","有","有"
"95450645","20250306","20250306","幫你顧家有限公司","HERE FOR YOU Limited Company","臺北市大安區忠孝東路4段166號10樓","10 F., No. 166, Sec. 4, Zhongxiao E. Rd., Da'an Dist., Taipei City 106057, Taiwan (R.O.C.)","黃O甄","0918172325","","有","有"
"95450650","20240705","20240731","達通有限公司","datong wu CO., LTD.","嘉義縣中埔鄉深坑村內灣4之1號1樓","1 F., No. 4-1, Neiwan, Zhongpu Township, Chiayi County 606004, Taiwan (R.O.C.)","陳O惠","0921873882","","有","有"
"95450666","20240530","20240530","屹立雪茄有限公司","ELLIQUE CIGAR CO., LTD.","臺北市大安區四維路18號2樓","2 F., No. 18, Siwei Rd., Da’an Dist., Taipei City 106092, Taiwan (R.O.C.)","陳O明","","","無","無"
"95450672","20240620","20240620","源益通有限公司","YUAN YI TONG CO., LTD.","臺中市豐原區西湳里慈龍街11號1樓","1 F., No. 11, Cilong St., Xinan Vil., Fengyuan Dist., Taichung City 420073, Taiwan (R.O.C.)","廖O源","04-25252756","","有","有"
"95450693","20240603","20240603","燦馨國際股份有限公司","Vast glory International CO., LTD.","新北市新莊區民安西路173巷1號","No. 1, Ln. 173, Min’an W. Rd., Xinzhuang Dist., New Taipei City 242068, Taiwan (R.O.C.)","施O君","","","有","有"
"95450770","20250211","20250211","百院國際教育有限公司","Century Bridge international education CO., LTD.","新北市板橋區松江街16號","No. 16, Songjiang St., Banqiao Dist., New Taipei City 220029, Taiwan (R.O.C.)","徐O鳴","0901-411-314","","有","有"
"95450814","20240807","20240807","韋誠肉品有限公司","GOLDEN MEAT Co.","臺北市萬華區西寧南路13號","No. 13, Xining S. Rd., Wanhua Dist., Taipei City 108001, Taiwan (R.O.C.)","賴O誠","02-23892578","","有","有"
"95450878","20240529","20240529","嘉玥科技股份有限公司","Chia Yue Technology Company Limited","臺中市大甲區中山路二段566巷1之7號1樓","1 F., No. 1-7, Ln. 566, Sec. 2, Zhongshan Rd., Dajia Dist., Taichung City 437103, Taiwan (R.O.C.)","葉O安","04-26814849","","有","有"
"95450912","20240718","20240718","家寓國際有限公司","Jia Yu International CO., LTD.","新北市林口區文化二路1段390號5樓","5 F., No. 390, Sec. 1, Wenhua 2nd Rd., Linkou Dist., New Taipei City 244019, Taiwan (R.O.C.)","陳O溱","2828-3778","","有","有"
"95450949","20240607","20240607","泓誠貿易有限公司","Hongcheng Trading CO., LTD.","彰化縣溪湖鎮太平里西環路492號2樓","2 F., No. 492, Xihuan Rd., Taiping Vil., Xihu Township, Changhua County 514002, Taiwan (R.O.C.)","王O怡","04-8859227","","有","有"
"95451089","20240806","20240806","數據范有限公司","Datafam CO., LTD.","高雄市楠梓區軍校路782巷27號","No. 27, Ln. 782, Junxiao Rd., Nanzi Dist., Kaohsiung City 811003, Taiwan (R.O.C.)","張O瑜","0983525353","","有","有"
"95451139","20240730","20240730","星辰方案有限公司","Star Solution CO., LTD.","新北市三重區頂文路33號22樓","22 F., No. 33, Dingwen Rd., Sanchong Dist., New Taipei City 241020, Taiwan (R.O.C.)","王O德","0921723850","","有","有"
"95451150","20250226","20250227","卓越動力台灣有限公司","Gemba Power Taiwan Limited","新北市中和區建一路176號17樓之3","17 F.-3, No. 176, Jian 1st Rd., Zhonghe Dist., New Taipei City 235603, Taiwan (R.O.C.)","葉O琳(KalinHoiLamYIP)","","","有","有"
"95451172","20240429","20240429","佰弈玩聚有限公司","Baiyi Toy Gathering CO., LTD.","新北市新莊區化成路445號(3樓)","3 F., No. 445, Huacheng Rd., Xinzhuang Dist., New Taipei City 242043, Taiwan (R.O.C.)","卓O璿","","","有","有"
"95451193","20231116","20250306","好事達實業有限公司","Lobi CO., LTD.","新北市三重區新北大道1段123號11樓","11 F., No. 123, Sec. 1, New Taipei Blvd., Sanchong Dist., New Taipei City 241614, Taiwan (R.O.C.)","堯O柯","02 22585766","","有","有"
"95451258","20240621","20240621","明遠國際有限公司","Bright Star Global CO., LTD.","臺中市北區文心路四段200號7樓之8","7 F.-8, No. 200, Sec. 4, Wenxin Rd., North Dist., Taichung City 404536, Taiwan (R.O.C.)","陳O成","","","有","有"
"95451567","20240718","20240718","碩帕科技股份有限公司","Supasellr CO., LTD.","臺中市北區中清路一段79號9樓","9 F., No. 79, Sec. 1, Zhongqing Rd., North Dist., Taichung City 404639, Taiwan (R.O.C.)","王O羣","04-37048688","","有","有"
"95451623","20250109","20250109","百徽能源股份有限公司","Bullwill Energy CO., LTD.","新北市新店區寶橋路152號2樓","2 F., No. 152, Baoqiao Rd., Xindian Dist., New Taipei City 231028, Taiwan (R.O.C.)","張O民","02-87927788#309","02-87926222","有","有"
"95451638","20240731","20240731","伊夢姿國際股份有限公司","YIMENGZI INTERNATIONAL CO., LTD.","臺北市信義區忠孝東路5段482號7樓之1","7 F.-1, No. 482, Sec. 5, Zhongxiao E. Rd., Xinyi Dist., Taipei City 110043, Taiwan (R.O.C.)","梁O琪","","","有","有"
"95451686","20240701","20240928","利儲資訊股份有限公司","Li-chu information CO., LTD.","新北市新店區安興路105號5樓之7","5 F.-7, No. 105, Anxing Rd., Xindian Dist., New Taipei City 231066, Taiwan (R.O.C.)","劉O政","","","有","有"
"95451813","20240617","20240624","三體科技國際貿易有限公司","Triteam Technology CO., LTD.","新北市汐止區仁愛路122巷18號8樓","8 F., No. 18, Ln. 122, Ren’ai Rd., Xizhi Dist., New Taipei City 221027, Taiwan (R.O.C.)","陳O琳","02-26593503","","有","有"
"95451834","20240618","20240618","蔚明商號有限公司","WEI MING SELECT COMPANY LIMITED","新北市中和區新生街244號2樓","2 F., No. 244, Xinsheng St., Zhonghe Dist., New Taipei City 235031, Taiwan (R.O.C.)","呂O倫","","","有","有"
"95451877","20250123","20250123","歐威電子股份有限公司","OWI Electronics CO., LTD.","臺北市內湖區基湖路10巷57號5樓","5 F., No. 57, Ln. 10, Jihu Rd., Neihu Dist., Taipei City 114066, Taiwan (R.O.C.)","楊O妮","","","有","有"
"95452046","20250211","20250211","強仔文化有限公司","Strong Kids culture LTD.","新竹市東區博愛街43巷20號1樓","1 F., No. 20, Ln. 43, Bo'ai St., East Dist., Hsinchu City 300040, Taiwan (R.O.C.)","蘇O強","0988514605","","有","有"
"95452138","20240812","20240812","璿恆有限公司","SYUAN HENG CO., LTD.","臺北市松山區復興北路191號13樓","13 F., No. 191, Fuxing N. Rd., Songshan Dist., Taipei City 105403, Taiwan (R.O.C.)","陳O融","0901026027","","有","有"
"95452159","20240715","20240715","億聯永續管理顧問有限公司","Eland Sustainability Management CO., LTD.","新北市中和區中山路2段348巷10號3樓","3 F., No. 10, Ln. 348, Sec. 2, Zhongshan Rd., Zhonghe Dist., New Taipei City 235026, Taiwan (R.O.C.)","李O庭","0932-556951","","有","有"
"95452165","20240826","20240826","古月胡顧問有限公司","Gu Yue Hu Consulting CO., LTD.","新北市新莊區立信一街31號3樓","3 F., No. 31, Lixin 1st St., Xinzhuang Dist., New Taipei City 242027, Taiwan (R.O.C.)","趙O安","","","有","有"
"95452171","20240718","20240718","心月星有限公司","HEART MOON STAR CO., LTD.","臺北市中山區南京東路2段140號6樓","6 F., No. 140, Sec. 2, Nanjing E. Rd., Zhongshan Dist., Taipei City 104095, Taiwan (R.O.C.)","劉O庚","","","有","有"
"95452192","20240513","20240513","儲威電子股份有限公司","Storage we Electronics CORP.","新北市中和區景平路666號3樓","3 F., No. 666, Jingping Rd., Zhonghe Dist., New Taipei City 235037, Taiwan (R.O.C.)","李O娟","","","有","有"
"95452236","20240613","20240613","敏通蓮美股份有限公司","MINTRON MLM CO., LTD.","新北市五股區五工一路123號6樓","6 F., No. 123, Wugong 1st Rd., Wugu Dist., New Taipei City 248018, Taiwan (R.O.C.)","楊O榮","22990277","","有","有"
"95452382","20250206","20250206","鋐東有限公司","HONG DONG CO., LTD.","高雄市仁武區工業二路17巷68弄30號","No. 30, Aly. 68, Ln. 17, Gongye 2nd Rd., Renwu Dist., Kaohsiung City 814036, Taiwan (R.O.C.)","陳O","0979003569","","無","無"
"95452398","20240419","20240419","林久實業有限公司","Hiyashi Enterprise CO., LTD.","新竹縣新埔鎮寶石里文德路二段565號","No. 565, Sec. 2, Wende Rd., Baoshi Vil., Xinpu Township, Hsinchu County 305044, Taiwan (R.O.C.)","林O璁","0972040476","","有","有"
"95452411","20240716","20240716","聖堃高空工程有限公司","Sheng Kun Limited Company","新北市三重區正義北路33巷23號(1樓)","1 F., No. 23, Ln. 33, Zhengyi N. Rd., Sanchong Dist., New Taipei City 241050, Taiwan (R.O.C.)","林O棠","0966550133","","有","有"
"95452453","20240614","20240614","以尹建設有限公司","Yin Construction LTD.","苗栗縣頭份市下興里新興街18巷55弄19號","No. 19, Aly. 55, Ln. 18, Xinxing St., Xiaxing Vil., Toufen City, Miaoli County 351003, Taiwan (R.O.C.)","林O宇","0920600604","","有","有"
"95452496","20240506","20240506","億境國際建材有限公司","Yi Jing Building Materials CO., LTD.","新北市新莊區新泰路287號","No. 287, Xintai Rd., Xinzhuang Dist., New Taipei City 242005, Taiwan (R.O.C.)","林O偉","","","有","有"
"95452502","20241108","20250206","瑞蔻股份有限公司","MIURICO CO., LTD.","臺中市西屯區惠來里文心路二段55號","No. 55, Sec. 2, Wenxin Rd., Huilai Vil., Xitun Dist., Taichung City 407059, Taiwan (R.O.C.)","唐O妤","04-23101066","","有","有"
"95452600","20240625","20250314","威爾創醫療器材有限公司","WELL TRUST MEDICAL DEVICE CO., LTD.","新北市三重區新北大道1段123號11樓","11 F., No. 123, Sec. 1, New Taipei Blvd., Sanchong Dist., New Taipei City 241614, Taiwan (R.O.C.)","","02-26869616","","無","無"
"95452691","20241125","20241125","東瓏實業有限公司","DONG LONG INDUSTRIAL CO., LTD.","高雄市三民區鐵道三街168號2樓","2 F., No. 168, Tiedao 3rd St., Sanmin Dist., Kaohsiung City 807010, Taiwan (R.O.C.)","陳O鴻","073115868","073115838","有","有"
"95452812","20240705","20240705","路納國際教育有限公司","Runa International Education Group CO., LTD.","新北市汐止區瑞松街150巷20號5樓之30","5 F.-30, No. 20, Ln. 150, Ruisong St., Xizhi Dist., New Taipei City 221039, Taiwan (R.O.C.)","張O緁","","","有","有"
"95452952","20240419","20240419","旭宥貿易有限公司","TIMA LTD.","新竹市北區北大路307號9樓之3","9 F.-3, No. 307, Beida Rd., North Dist., Hsinchu City 300076, Taiwan (R.O.C.)","戴O妘","0952886696","","有","有"
"95452968","20240903","20240903","尼爾森創新材料有限公司","N Function CO., LTD.","桃園市蘆竹區中正路90號(10樓)","10 F., No. 90, Zhongzheng Rd., Luzhu Dist., Taoyuan City 338023, Taiwan (R.O.C.)","李O鑫","0911720899","","有","有"
"95453072","20240618","20250304","司密達有限公司","STC TAIWAN CO., LTD.","臺中市南區南平路366號1樓","1 F., No. 366, Nanping Rd., South Dist., Taichung City 402015, Taiwan (R.O.C.)","劉O峰","02-27222022","","有","有"
"95453116","20240807","20240807","鴻爵開發建設有限公司","Hong J Development & Construction CO., LTD.","新北市土城區明德路1段291巷11弄23號2樓","2 F., No. 23, Aly. 11, Ln. 291, Sec. 1, Mingde Rd., Tucheng Dist., New Taipei City 236010, Taiwan (R.O.C.)","鄭O鴻","0955295808","","有","有"
"95453235","20240726","20240726","鈦創軟體資訊有限公司","Titanium Software Services Inc.","臺北市大安區忠孝東路4段300號5樓","5 F., No. 300, Sec. 4, Zhongxiao E. Rd., Da'an Dist., Taipei City 106433, Taiwan (R.O.C.)","林O威","","","有","有"
"95453306","20240430","20240430","夏邑國際貿易有限公司","SHIA YI INTERNATIONAL CO., LTD.","高雄市新興區民生一路56號18樓之1","18 F.-1, No. 56, Minsheng 1st Rd., Xinxing Dist., Kaohsiung City 800408, Taiwan (R.O.C.)","夏O","0925877088","","有","有"
"95453328","20240722","20240722","大銘先進工程有限公司","MEGAMING Advanced Engineering Company","新北市蘆洲區中央路171號7樓","7 F., No. 171, Zhongyang Rd., Luzhou Dist., New Taipei City 247035, Taiwan (R.O.C.)","李O勲","","","有","有"
"95453381","20240603","20240603","富騏有限公司","Fuchi Limited","新北市板橋區文化路1段368號40樓之1","40 F.-1, No. 368, Sec. 1, Wenhua Rd., Banqiao Dist., New Taipei City 220792, Taiwan (R.O.C.)","黃O遠","04-26765596","04-26765593","有","有"
"95453397","20240806","20240806","無限和合有限公司","Iliya CO., LTD.","臺北市大安區建國南路2段181號9樓","9 F., No. 181, Sec. 2, Jianguo S. Rd., Da'an Dist., Taipei City 106022, Taiwan (R.O.C.)","董O霖","0983329818","","有","有"
"95453452","20240726","20240726","梅森貿易有限公司","MASON INTERNATIONAL TRADING CO., LTD.","桃園市中壢區莊敬路128號(1樓)","1 F., No. 128, Zhuangjing Rd., Zhongli Dist., Taoyuan City 320032, Taiwan (R.O.C.)","林O巧","","","有","有"
"95453495","20250207","20250424","溫蒂行銷有限公司","Wendy Marketing CO., LTD.","新北市新莊區中華路2段7號6樓","No. 64, Chenggong St., Xinzhuang Dist., New Taipei City 242057, Taiwan (R.O.C.)","顏O彬","","","有","有"
"95453642","20240730","20240730","貳貳捌貳茶室有限公司","2282Teahouse CO., LTD.","屏東縣屏東市崇武里華盛街16-2號","No. 16-2, Huasheng St., Chongwu Vil., Pingtung City, Pingtung County 900010, Taiwan (R.O.C.)","蔡O訓","0935250519","","有","有"
"95453853","20240815","20240904","香港商思維創新有限公司台灣分公司","HONG KONG THINKING GROUP INTERNATIONAL LIMITED TAIWAN BRANCH","臺北市中正區八德路1段23號13樓之1","13 F.-1, No. 23, Sec. 1, Bade Rd., Zhongzheng Dist., Taipei City 100410, Taiwan (R.O.C.)","沈OSHENNONG","","","有","有"
"95453869","20240719","20240719","悅日國際股份有限公司","NourNow CO., LTD.","臺北市內湖區瑞光路66巷33號4樓","4 F., No. 33, Ln. 66, Ruiguang Rd., Neihu Dist., Taipei City 114760, Taiwan (R.O.C.)","蔡O霏","","","有","有"
"95453946","20240618","20240618","朗天光伏能源股份有限公司","LT Energy CO., LTD.","新竹市東區光明里大學路88號5樓之3","5 F.-3, No. 88, Daxue Rd., Guangming Vil., East Dist., Hsinchu City 300065, Taiwan (R.O.C.)","韓O華","","","有","有"
"95453973","20240701","20240701","國米有限公司","Office Rice International CO., LTD.","臺北市中山區錦州街4巷5號1樓","1 F., No. 5, Ln. 4, Jinzhou St., Zhongshan Dist., Taipei City 104014, Taiwan (R.O.C.)","胡O庭","","","有","有"
"95453988","20250313","20250313","大漢生醫股份有限公司","Biozyme Biomedical CORP.","新北市板橋區信義路26巷18號8樓","8 F., No. 18, Ln. 26, Xinyi Rd., Banqiao Dist., New Taipei City 220058, Taiwan (R.O.C.)","黃O","","","無","無"
"95454059","20240531","20240531","康泓柏有限公司","Kang Hongbai LTD.","臺南市永康區東橋七路359號4樓之5","4 F.-5, No. 359, Dongqiao 7th Rd., Yongkang Dist., Tainan City 710038, Taiwan (R.O.C.)","王O涵","0988960906","","有","有"
"95454065","20240424","20240424","凡盛照明廣告工程有限公司","Fansheng Lighting CO., LTD.","臺中市南區永和里南和一街11巷15號1樓","1 F., No. 15, Ln. 11, Nanhe 1st St., Yonghe Vil., South Dist., Taichung City 402013, Taiwan (R.O.C.)","吳O儂","","","有","有"
"95454071","20250225","20250225","魔悅創意有限公司","MAGIC CREATIVE CO., LTD.","臺北市中山區南京東路3段219號9樓","9 F., No. 219, Sec. 3, Nanjing E. Rd., Zhongshan Dist., Taipei City 104506, Taiwan (R.O.C.)","江O寰","0965141898","","有","有"
"95454136","20250213","20250213","萊迪貿易有限公司","RAIDY TRADING Limited Company","新北市中和區中山路3段110號8樓","8 F., No. 110, Sec. 3, Zhongshan Rd., Zhonghe Dist., New Taipei City 235601, Taiwan (R.O.C.)","吳O穗","0926109253","","有","有"
"95454163","20240620","20240620","鍹洋有限公司","Ocean Supply INC.","臺中市豐原區成功路354巷2號1樓","1 F., No. 2, Ln. 354, Chenggong Rd., Fengyuan Dist., Taichung City 420019, Taiwan (R.O.C.)","張O眞","04-25270577","","有","有"
"95454229","20241226","20241226","昕易食品股份有限公司","XIN YI FOODS CO., LTD.","桃園市新屋區社子路237號","No. 237, Shezi Rd., Xinwu Dist., Taoyuan City 327006, Taiwan (R.O.C.)","洪O珍","","","有","有"
"95454282","20250324","20250510","創星映象媒體有限公司","Star Weaver Media Company Limited","新北市新莊區新北大道4段173號2樓","2 F., No. 173, Sec. 4, New Taipei Blvd., Xinzhuang Dist., New Taipei City 242032, Taiwan (R.O.C.)","蕭O駿","","","有","有"
"95454311","20250114","20250114","陞鵬國際有限公司","SHENG PENG INTERNATIONAL CO., LTD.","新北市永和區中正路417號8樓","8 F., No. 417, Zhongzheng Rd., Yonghe Dist., New Taipei City 234045, Taiwan (R.O.C.)","陳O妤","","","有","有"
"95454380","20250219","20250219","信波有限公司","simpo Limited","臺北市中山區南京東路3段208號9樓","9 F., No. 208, Sec. 3, Nanjing E. Rd., Zhongshan Dist., Taipei City 104505, Taiwan (R.O.C.)","江O逸","","","有","有"
"95454522","20240424","20240424","萬得吉科技有限公司","WONDER EDGE CO., LTD.","臺南市東區崇信里崇信街133號12樓","12 F., No. 133, Chongxin St., Chongxin Vil., East Dist., Tainan City 701016, Taiwan (R.O.C.)","洪O喬","","","有","有"
"95454585","20241115","20241115","鉝欽實業有限公司","LIQIN INDUSTRIAL COMPANY LIMITED","臺中市西屯區福雅里永福路130號5樓之12","5 F.-12, No. 130, Yongfu Rd., Fuya Vil., Xitun Dist., Taichung City 407118, Taiwan (R.O.C.)","陳O湧","0922363031","","有","有"
"95454620","20240729","20240729","孟紘有限公司","Worldwide Alliance LTD.","高雄市仁武區永新三街123號1樓","1 F., No. 123, Yongxin 3rd St., Renwu Dist., Kaohsiung City 814029, Taiwan (R.O.C.)","余O欣","","","有","有"
"95454683","20250211","20250211","啟豐新能源科技股份有限公司","EVCore Charging Technologies CO., LTD.","新竹縣竹北市建國街34號1樓","1 F., No. 34, Jianguo St., Zhubei City, Hsinchu County 302008, Taiwan (R.O.C.)","詹O文","","","有","有"
"95454699","20240523","20240523","信實電子物料管理顧問有限公司","Reliance Electronics Consulting CO., LTD.","臺北市大同區南京西路163號2樓之22","2 F.-22, No. 163, Nanjing W. Rd., Datong Dist., Taipei City 103008, Taiwan (R.O.C.)","呂O正","0919599365","","有","有"
"95454826","20240814","20240814","美德盛企業有限公司","Logitrade LTD.","臺北市松山區八德路4段123號6樓之2","6 F.-2, No. 123, Sec. 4, Bade Rd., Songshan Dist., Taipei City 105412, Taiwan (R.O.C.)","陳O潔","0955280312","","有","有"
"95454831","20241213","20241213","堉樂無匡有限公司","EnS Educare CO., LTD.","彰化縣彰化市南興里中央路53號","No. 53, Zhongyang Rd., Nanxing Vil., Changhua City, Changhua County 500057, Taiwan (R.O.C.)","黄O穎","0985648585","","有","有"
"95454852","20240801","20240925","威勝開發股份有限公司","WEI-SHENG Development Co., Ltd.","新北市五股區五權路1號","No. 1, Wuquan Rd., Wugu Dist., New Taipei City 248016, Taiwan (R.O.C.)","陳O卿","02-2299-6688","","有","有"
"95454895","20250305","20250305","禾記企業有限公司","Vermillion Enterprise Ltd.","高雄市鳳山區鳳捷路112號","No. 112, Fengjie Rd., Fengshan Dist., Kaohsiung City 830074, Taiwan (R.O.C.)","黃O苑","0988964388","","有","有"
"95454993","20240723","20240723","介線空間設計有限公司","LIMIT DESIGN STUDIO CO., LTD.","桃園市蘆竹區山鼻里油管路一段888號(3樓)","3 F., No. 888, Sec. 1, Youguan Rd., Shanbi Vil., Luzhu Dist., Taoyuan City 338011, Taiwan (R.O.C.)","邱O文","","","有","有"
"95455064","20250113","20250113","拾穗控股股份有限公司","Des glaneuses CO., LTD.","臺中市北區民權路361號11樓","11 F., No. 361, Minquan Rd., North Dist., Taichung City 404025, Taiwan (R.O.C.)","何O修","","","有","有"
"95455091","20241226","20241226","銘測股份有限公司","KIMing-tech TESTING SOLUTION Co., Ltd.","新竹市北區中正路107號十樓之9","10 F.-9, No. 107, Zhongzheng Rd., North Dist., Hsinchu City 300191, Taiwan (R.O.C.)","石O祺","","","有","有"
"95455135","20250214","20250214","大漣貿易有限公司","Rippled Trading Company Ltd.","高雄市楠梓區德中路46巷122號2樓","2 F., No. 122, Ln. 46, Dezhong Rd., Nanzi Dist., Kaohsiung City 811008, Taiwan (R.O.C.)","郭O君","07-3129622#13","","有","有"
"95455141","20240801","20240801","嚕老大有限公司","Boss Lu LTD.","臺北市萬華區忠孝西路2段20號4樓","4 F., No. 20, Sec. 2, Zhongxiao W. Rd., Wanhua Dist., Taipei City 108001, Taiwan (R.O.C.)","盧O廷","","","有","有"
"95455228","20240619","20240619","靚妝有限公司","CASA NINGHAO CO., LTD.","桃園市蘆竹區新南路一段58號14樓","14 F., No. 58, Sec. 1, Xinnan Rd., Luzhu Dist., Taoyuan City 338018, Taiwan (R.O.C.)","王O","","","有","有"
"95455352","20240731","20240731","棚思貿易有限公司","PENG SI TRADE LTD.","彰化縣鹿港鎮鹿工北一路5號1樓","1 F., No. 5, Lugong N. 1st Rd., Lukang Township, Changhua County 505029, Taiwan (R.O.C.)","賴O軒","0933-636993","","有","有"
"95455509","20240628","20240704","宇恩國際食品有限公司","Ann Tian Global Food Limited","高雄市梓官區大舍東路300巷23號","No. 23, Ln. 300, Dashe E. Rd., Ziguan Dist., Kaohsiung City 826003, Taiwan (R.O.C.)","鄭O賓","076195998","076195996","有","有"
"95455542","20240930","20240930","原碩生物科技有限公司","USO Biotechnology LTD.","高雄市鳳山區文中街226號1樓","1 F., No. 226, Wenzhong St., Fengshan Dist., Kaohsiung City 830014, Taiwan (R.O.C.)","王O弘","0979536919","","有","有"
"95455579","20240419","20240419","小行星數位有限公司","Asteroid digital CO., LTD.","彰化縣彰化市彰美路一段189巷22號1樓","1 F., No. 22, Ln. 189, Sec. 1, Zhangmei Rd., Changhua City, Changhua County 500022, Taiwan (R.O.C.)","藍O廷","","","有","有"
"95455655","20240812","20240812","文明溢創有限公司","Civilization Yichuang Ltd.","臺北市中正區汀州路2段38號12樓之1","12 F.-1, No. 38, Sec. 2, Tingzhou Rd., Zhongzheng Dist., Taipei City 100049, Taiwan (R.O.C.)","王O明","","","有","有"
"95455661","20241230","20241230","朗裕國際有限公司","LangYu International LTD.","臺北市中山區民生東路2段119號2樓之4","2 F.-4, No. 119, Sec. 2, Minsheng E. Rd., Zhongshan Dist., Taipei City 104621, Taiwan (R.O.C.)","蘇O翔","0930951616","","有","有"
"95455727","20240613","20240613","旭能科技有限公司","Sunrise MEMS Tech Co., Ltd.","臺中市南區福順里忠明南路787號37樓","37 F., No. 787, Zhongming S. Rd., Fushun Vil., South Dist., Taichung City 402253, Taiwan (R.O.C.)","羅O娟","","","無","無"
"95455732","20240513","20240513","蓁翔國際有限公司","CHENSIANG GROUP INC.","雲林縣虎尾鎮西屯里大屯351-8號","No. 351-8, Datun, Xitun Vil., Huwei Township, Yunlin County 632103, Taiwan (R.O.C.)","林O蓁","0955752538","","有","有"
"95455780","20240708","20240708","創毅傳媒行銷有限公司","CHUANG YI MEDIA MARKETING CO., LTD.","臺中市豐原區中興里大明路124號","No. 124, Daming Rd., Zhongxing Vil., Fengyuan Dist., Taichung City 420, Taiwan (R.O.C.)","侯O毅","0908-276377","","有","有"
"95455796","20240513","20241205","安快有限公司","AQuick Co., Ltd.","臺北市內湖區民權東路6段180巷6號4樓","4 F., No. 6, Ln. 180, Sec. 6, Minquan E. Rd., Neihu Dist., Taipei City 114708, Taiwan (R.O.C.)","曾O豪","0937143531","","有","有"
"95455888","20241011","20241011","八曜科技實業有限公司","BAYAO Limited Company","臺中市西屯區港尾里中康二街3之1號","No. 3-1, Zhongkang 2nd St., Gangwei Vil., Xitun Dist., Taichung City 407013, Taiwan (R.O.C.)","鄭O傑","04-25352181","","有","有"
"95455965","20240719","20240722","台灣歐特柏科技有限公司","otobro LTD.","新北市林口區文化二路2段180號3樓","3 F., No. 180, Sec. 2, Wenhua 2nd Rd., Linkou Dist., New Taipei City 244016, Taiwan (R.O.C.)","賴O宇","02-2606-8603","","有","有"
"95455992","20241014","20250122","台安產業股份有限公司","TAI AN PRODUCTS CO., LTD.","雲林縣虎尾鎮平和里光明路73巷68-8號1樓","1 F., No. 68-8, Ln. 73, Guangming Rd., Pinghe Vil., Huwei Township, Yunlin County 632112, Taiwan (R.O.C.)","陳O天","","","有","有"
"95456015","20250326","20250326","台灣盈科顧問有限公司","YINGKE CO., LTD.","臺中市北屯區文昌二街129號1樓","1 F., No. 129, Wenchang 2nd St., Beitun Dist., Taichung City 406026, Taiwan (R.O.C.)","朱O錞","","","有","有"
"95456021","20240710","20240713","那茨股份有限公司","Nutz CO., LTD.","臺北市大同區環河北路1段321號2樓","2 F., No. 321, Sec. 1, Huanhe N. Rd., Datong Dist., Taipei City 103004, Taiwan (R.O.C.)","黃O宸","","","有","有"
"95456042","20241120","20241120","美得適生技股份有限公司","MetS Pro Co., Ltd.","臺北市大同區甘谷街26號5樓","5 F., No. 26, Gangu St., Datong Dist., Taipei City 103012, Taiwan (R.O.C.)","李O珊","0983814655","","有","有"
"95456079","20240509","20240509","立安科技材料有限公司","LION TECHNOLOGY MATERIALS CO., LTD.","臺中市烏日區榮泉里三榮路二段281號8樓之1","8 F.-1, No. 281, Sec. 2, Sanrong Rd., Rongquan Vil., Wuri Dist., Taichung City 414613, Taiwan (R.O.C.)","翁O婷","","","有","有"
"95456129","20240806","20240806","環宇國際汽車有限公司","HUAN YU International Automobile CO., LTD.","新北市中和區景平路722之3號9樓","9 F., No. 722-3, Jingping Rd., Zhonghe Dist., New Taipei City 235025, Taiwan (R.O.C.)","蔡O竣","0223086008","","有","有"
"95456253","20240812","20240812","火芯有限公司","HUO XIN LTD.","臺南市北區公園里富北街7號2樓","2 F., No. 7, Fubei St., Gongyuan Vil., North Dist., Tainan City 704301, Taiwan (R.O.C.)","葉O宇","","","有","有"
"95456303","20241212","20250607","陽明賦活再生醫學科技股份有限公司","Yang Ming Regenerative Therapeutics Co.","臺北市南港區忠孝東路7段508號17樓之8","17 F.-8, No. 508, Sec. 7, Zhongxiao E. Rd., Nangang Dist., Taipei City 115011, Taiwan (R.O.C.)","陳O文","02-25507576","","有","有"
"95456401","20240528","20240528","齊泰和股份有限公司","Chi Tai He Co., LTD.","臺北市信義區基隆路2段22號2樓之3","2 F.-3, No. 22, Sec. 2, Keelung Rd., Xinyi Dist., Taipei City 110007, Taiwan (R.O.C.)","謝O凌","","","有","有"
"95456459","20240513","20240513","台灣環農亞太生科有限公司","Taiwan Huannong Asia Pacific Biotech CO., LTD.","臺中市北區立人里華美街二段262號7樓之1","7 F.-1, No. 262, Sec. 2, Huamei St., Liren Vil., North Dist., Taichung City 404529, Taiwan (R.O.C.)","黃O逵","0923-114288","","有","有"
"95456465","20250107","20250107","美趣科技股份有限公司","Match technology CO., LTD.","新北市新店區僑愛二路38號","No. 38, Qiao'ai 2nd Rd., Xindian Dist., New Taipei City 231048, Taiwan (R.O.C.)","楊O茂","0921086639","","有","有"
"95456486","20240819","20240819","聿聿文創有限公司","Good Michelle CO., LTD.","新竹縣竹北市文采街162號10樓","10 F., No. 162, Wencai St., Zhubei City, Hsinchu County 302008, Taiwan (R.O.C.)","林O聿","0919363700","","有","有"
"95456599","20240821","20240821","佩圖思生醫股份有限公司","Pilatus Biosciences Corporation","臺北市南港區忠孝東路7段508號17樓之1","17 F.-1, No. 508, Sec. 7, Zhongxiao E. Rd., Nangang Dist., Taipei City 115011, Taiwan (R.O.C.)","林O漢","","","有","有"
"95456726","20240607","20240607","尚好國際車業有限公司","Shanghao International Vehicle CO., LTD.","屏東縣屏東市大武里建南路161號","No. 161, Jiannan Rd., Dawu Vil., Pingtung City, Pingtung County 900046, Taiwan (R.O.C.)","黃O和","0928175670","","有","有"
"95456768","20240521","20240521","魅力居股份有限公司","Megapower CO., LTD.","臺北市大安區忠孝東路4段169號12樓之1","12 F.-1, No. 169, Sec. 4, Zhongxiao E. Rd., Da’an Dist., Taipei City 106662, Taiwan (R.O.C.)","張O懷","","","有","有"
"95456937","20240610","20240610","獵人選物有限公司","Hunter choice LTD.","臺中市北區文武街8號","No. 8, Wenwu St., North Dist., Taichung City 404021, Taiwan (R.O.C.)","羅O祥","0973211532","","有","有"
"95456991","20240506","20240506","安傑拓資訊科技有限公司","Ainjet Global System CO., LTD.","臺中市西區公益路180號2樓","2 F., No. 180, Gongyi Rd., West Dist., Taichung City 403024, Taiwan (R.O.C.)","盧O勝","","","有","有"
"95457020","20240716","20240716","夢到豬有限公司","Dream Pig LTD.","臺北市大同區重慶北路2段74號3樓","3 F., No. 74, Sec. 2, Chongqing N. Rd., Datong Dist., Taipei City 103008, Taiwan (R.O.C.)","石O正","02-28083218","","有","有"
"95457083","20240718","20240718","芝點創意有限公司","Seedot Creativity CO., LTD.","臺北市中山區南京東路2段150號7樓","7 F., No. 150, Sec. 2, Nanjing E. Rd., Zhongshan Dist., Taipei City 104695, Taiwan (R.O.C.)","從O庭","04-23121169","","有","有"
"95457099","20240710","20240710","泓柏國際股份有限公司","HongBai Intl CO., LTD.","臺北市松山區八德路4段277之1號3樓","3 F., No. 277-1, Sec. 4, Bade Rd., Songshan Dist., Taipei City 105056, Taiwan (R.O.C.)","林O安","","","有","有"
"95457133","20250501","20250603","美膠美有限公司","MGM CO., LTD.","桃園市中壢區內定里中園路200之10號9樓","9 F., No. 200-10, Zhongyuan Rd., Neiding Vil., Zhongli Dist., Taoyuan City 320021, Taiwan (R.O.C.)","王O棋","0911448810","","有","有"
"95457149","20240718","20240718","鈺光珠寶科技股份有限公司","LUMI Gem Technology CO., LTD.","新北市汐止區新台五路1段95號20樓之6","20 F.-6, No. 95, Sec. 1, Xintai 5th Rd., Xizhi Dist., New Taipei City 221416, Taiwan (R.O.C.)","沈O田","0975513984","","有","有"
"95457197","20240506","20240506","日日家文創事業有限公司","HIBITABI INTERNATIONAL CO., LTD.","臺中市西屯區潮洋里朝富路213號十八樓之5","18 F.-5, No. 213, Chaofu Rd., Chaoyang Vil., Xitun Dist., Taichung City 407609, Taiwan (R.O.C.)","張O廷","","","有","有"
"95457210","20250410","20250410","熊燿國際有限公司","Xiong Yao International CO., LTD.","嘉義市東區興美三街130號一樓","1 F., No. 130, Xingmei 3rd St., East Dist., Chiayi City 600043, Taiwan (R.O.C.)","蘇O銘","0975033760","","有","有"
"95457289","20240705","20250328","覺醒創意有限公司","Awakening Ed CO., LTD.","新北市板橋區中山路1段10號11樓","11 F., No. 10, Sec. 1, Zhongshan Rd., Banqiao Dist., New Taipei City 220067, Taiwan (R.O.C.)","王O婷","","","有","有"
"95457350","20240604","20240604","星鳴娛樂股份有限公司","Universal Buzz CO., LTD.","臺中市北區立人里陜西路108號14樓之7","14-7, No. 108, Shanxi Rd., Taichung City 404, Taiwan (R.O.C.)","黄O琪","0919-041316","","有","有"
"95457387","20220125","20220930","恩典成衣有限公司","GRACE GARMENT CO., LTD.","新北市三重區重新路5段609巷6號5樓之5","5 F.-5, No. 6, Ln. 609, Sec. 5, Chongxin Rd., Sanchong Dist., New Taipei City 241403, Taiwan (R.O.C.)","謝O達","02-77557170#200","02-29995435","有","有"
"95457507","20250219","20250219","六司實業有限公司","LIUSI INDUSTRY CO., LTD.","新北市樹林區東順街63號","No. 63, Dongshun St., Shulin Dist., New Taipei City 238010, Taiwan (R.O.C.)","曾O增","02-86865599","","有","有"
"95457577","20240520","20240520","努魯樂國際股份有限公司","NULU Happy International CO., LTD.","臺中市北屯區平田里文心路四段955號20樓之6","20 F.-6, No. 955, Sec. 4, Wenxin Rd., Pingtian Vil., Beitun Dist., Taichung City 406505, Taiwan (R.O.C.)","李O潔","0983676196","","有","有"
"95457582","20240621","20240828","彤亞有限公司","TONG YA CO., LTD.","臺南市白河區富民路158號","No. 158, Fumin Rd., Baihe Dist., Tainan City 732001, Taiwan (R.O.C.)","","0900217068","","無","無"
"95457751","20240530","20240530","鼎珣科技有限公司","DING SYUN Technology CO., LTD.","新北市三峽區民權街235號3樓","3 F., No. 235, Minquan St., Sanxia Dist., New Taipei City 237006, Taiwan (R.O.C.)","胡O雲","","","有","有"
"95457823","20240506","20240506","鴻景鑫電子組件有限公司","HONG CHING HSIN ELECTRONIC COMPONENT CO., LTD.","新北市三峽區中正路2段584巷1弄5號(1樓)","1 F., No. 5, Aly. 1, Ln. 584, Sec. 2, Zhongzheng Rd., Sanxia Dist., New Taipei City 237007, Taiwan (R.O.C.)","謝O淮","0930850400","","有","有"
"95457963","20241224","20241224","鈊珩有限公司","Forever Star Limited Company","新北市永和區水源街45巷2號4樓","4 F., No. 2, Ln. 45, Shuiyuan St., Yonghe Dist., New Taipei City 234020, Taiwan (R.O.C.)","蔡O哲","0958451268","","有","有"
"95458013","20250327","20250327","誠動精密有限公司","HONEST MOTION LTD.","臺北市中正區重慶南路1段10號8樓之15","8 F.-15, No. 10, Sec. 1, Chongqing S. Rd., Zhongzheng Dist., Taipei City 100503, Taiwan (R.O.C.)","賴O聖","","","有","有"
"95458153","20241007","20241007","艾蓓彼有限公司","IBABY INC.","臺北市南港區忠孝東路6段130號14樓","14 F., No. 130, Sec. 6, Zhongxiao E. Rd., Nangang Dist., Taipei City 115026, Taiwan (R.O.C.)","王O慧","","","有","有"
"95458169","20240718","20240718","宇程管理顧問有限公司","Pathfinder YC Consulting Co., Ltd.","臺北市士林區小北街62號1樓","1 F., No. 62, Xiaobei St., Shilin Dist., Taipei City 111043, Taiwan (R.O.C.)","林O柔","","","有","有"
"95458273","20240530","20240828","特司拉工程有限公司","Tesla Engineering Ltd.","新北市三重區重陽路4段130號12樓","12 F., No. 130, Sec. 4, Chongyang Rd., Sanchong Dist., New Taipei City 241036, Taiwan (R.O.C.)","陳O榤","","","有","有"
"95458463","20240701","20240701","遠行思維家居股份有限公司","Globetrotter Furnishings CO., LTD.","新北市新莊區西盛街311巷12號2樓","2 F., No. 12, Ln. 311, Xisheng St., Xinzhuang Dist., New Taipei City 242074, Taiwan (R.O.C.)","黃O能","","","有","有"
"95458490","20240816","20240816","瑞格勒自動化技術有限公司","Riegler Automation Technology CO., LTD.","高雄市新興區民權一路251號28樓","28 F., No. 251, Minquan 1st Rd., Xinxing Dist., Kaohsiung City 800401, Taiwan (R.O.C.)","ROEGLERROMAN","","","有","有"
"95458652","20240514","20240514","敦源顧問有限公司","Dun Yuan Consulting LTD.","新北市中和區中山路2段332巷9號8樓","8 F., No. 9, Ln. 332, Sec. 2, Zhongshan Rd., Zhonghe Dist., New Taipei City 235026, Taiwan (R.O.C.)","王O","","","有","有"
"95458668","20241024","20241024","巧思特科技有限公司","TRUSTER Information Technology CO., LTD.","高雄市前鎮區一心二路44號2樓","2 F., No. 44, Yixin 2nd Rd., Qianzhen Dist., Kaohsiung City 806002, Taiwan (R.O.C.)","吳O賢","0910451022","","有","有"
"95458674","20240807","20240807","拾椛舍沒有花有限公司","ATELIER MIMOSA CO.","臺北市大安區忠孝東路4段169號12樓之1","12 F.-1, No. 169, Sec. 4, Zhongxiao E. Rd., Da'an Dist., Taipei City 106662, Taiwan (R.O.C.)","張O欣","","","有","有"
"95458695","20240624","20240624","嬉悉文化有限公司","SHI SHI CO., LTD.","新北市板橋區中山路1段183號20樓","20 F., No. 183, Sec. 1, Zhongshan Rd., Banqiao Dist., New Taipei City 220074, Taiwan (R.O.C.)","林O羚","","","有","有"
"95458718","20240716","20240716","添吉喆有限公司","TENGG LTD.","臺北市大安區信義路4段296號15樓","15 F., No. 296, Sec. 4, Xinyi Rd., Da’an Dist., Taipei City 106427, Taiwan (R.O.C.)","王O文","","","有","有"
"95458816","20240820","20240820","酷迏國際有限公司","KOTA-SWEETO CO., LTD.","臺北市松山區八德路4段245巷48號","No. 48, Ln. 245, Sec. 4, Bade Rd., Songshan Dist., Taipei City 105052, Taiwan (R.O.C.)","陳O君","","","有","有"
"95458870","20240516","20241115","兔滴文創有限公司","TWO DIMENSIONS INNOVATION CO., LTD.","新北市板橋區三民路2段28號12樓","12 F., No. 28, Sec. 2, Sanmin Rd., Banqiao Dist., New Taipei City 220082, Taiwan (R.O.C.)","邱O雯","","","有","有"
"95458956","20250203","20250203","双日園有限公司","SHRY Limited","桃園市楊梅區金德路28號3樓","3 F., No. 28, Jinde Rd., Yangmei Dist., Taoyuan City 326103, Taiwan (R.O.C.)","胡O旻","","","有","有"
"95459076","20240627","20240627","金潤國際貿易有限公司","Jin Run International Trading Co., Ltd.","臺中市大雅區忠義里月祥路480號1樓","1 F., No. 480, Yuexiang Rd., Zhongyi Vil., Daya Dist., Taichung City 428018, Taiwan (R.O.C.)","李O","","","有","有"
"95459097","20240730","20240730","尚學實驗有限公司","Studious Lab Ltd.","臺北市大安區信義路4段30巷26號","No. 26, Ln. 30, Sec. 4, Xinyi Rd., Da'an Dist., Taipei City 106097, Taiwan (R.O.C.)","蕭O忠","","","有","有"
"95459104","20240719","20240719","昕宇企業有限公司","AIRLUX DYNAMIC LTD.","臺中市西區民龍里臺灣大道二段285號4樓之2","4 F.-2, No. 285, Sec. 2, Taiwan Blvd., Minlong Vil., West Dist., Taichung City 403502, Taiwan (R.O.C.)","童O琳","0963092261","","有","有"
"95459131","20240819","20240819","麟灝股份有限公司","LIN-HAO Company Limited","臺北市松山區民權東路3段178號7樓","7 F., No. 178, Sec. 3, Minquan E. Rd., Songshan Dist., Taipei City 105401, Taiwan (R.O.C.)","冉O幼","0968995728","","有","有"
"95459152","20240909","20250416","鑫曄工程有限公司","Xin Ye jin CORP.","臺北市中山區民權東路2段148號3樓","3 F., No. 148, Sec. 2, Minquan E. Rd., Zhongshan Dist., Taipei City 104070, Taiwan (R.O.C.)","","","","無","無"
"95459218","20250409","20250409","台灣匯躍有限公司","Taiwan Huei Yueh CO., LTD.","彰化縣和美鎮月眉里和厝路1段261巷17號3樓","3 F., No. 17, Ln. 261, Sec. 1, Hecuo Rd., Yuemei Vil., Hemei Township, Changhua County 508014, Taiwan (R.O.C.)","鄭O雯","","","有","有"
"95459250","20250311","20250311","丹俐國際有限公司","CHUNG MU HEI Co.,Ltd.","臺北市信義區福德街300巷2號1樓","1 F., No. 2, Ln. 300, Fude St., Xinyi Dist., Taipei City 110042, Taiwan (R.O.C.)","蘇O妙","","","有","有"
"95459287","20240710","20240710","再興發實業有限公司","IFB Industry CO., LTD.","臺南市仁德區土庫里太子路139-1號","No. 139-1, Taizi Rd., Tuku Vil., Rende Dist., Tainan City 717001, Taiwan (R.O.C.)","鄭O吟","0965188925","","有","有"
"95459343","20240717","20240717","芃恩社會企業有限公司","Charis coffee Co., Ltd.","新竹市東區西大路84-2號1樓","1 F., No. 84-2, Xida Rd., East Dist., Hsinchu City 300032, Taiwan (R.O.C.)","余O樺","03-5670827","","有","有"
"95459358","20250211","20250211","岳桂工業有限公司","LARRY AAP CO., LTD.","臺中市霧峰區吉峰里自強路182號1樓","1 F., No. 182, Ziqiang Rd., Jifeng Vil., Wufeng Dist., Taichung City 413006, Taiwan (R.O.C.)","張O良","04-24814290","","有","有"
"95459370","20240722","20240722","福立省節能科技有限公司","Fulisheng Energy Saving Technology CO., LTD.","臺中市沙鹿區埔子里正義路135巷8號1樓","1 F., No. 8, Ln. 135, Zhengyi Rd., Puzi Vil., Shalu Dist., Taichung City 433102, Taiwan (R.O.C.)","楊O安","04-22605796","","有","有"
"95459391","20240607","20240607","博樂通訊有限公司","Bole Communications CO., LTD.","苗栗縣頭份市後庄里信中路106號","No. 106, Xinzhong Rd., Houzhuang Vil., Toufen City, Miaoli County 351014, Taiwan (R.O.C.)","吳O麗","0975859102","","有","有"
"95459499","20240618","20240618","李力有限公司","LI FORCE CO., LTD.","桃園市桃園區光興里縣府路110號4樓之2","4 F.-2, No. 110, Xianfu Rd., Guangxing Vil., Taoyuan Dist., Taoyuan City 330026, Taiwan (R.O.C.)","李O昌","0903886004","","有","有"
"95459771","20250121","20250121","群緯國際有限公司","Cyunweiii Company Limited","臺北市士林區大南路415號4樓","4 F., No. 415, Danan Rd., Shilin Dist., Taipei City 111041, Taiwan (R.O.C.)","林O緯","02-28217858","","有","有"
"95459821","20240708","20240708","萊建材技術有限公司","Cladtech Solutions CO., LTD.","高雄市新興區民生一路56號13樓之8","13 F.-8, No. 56, Minsheng 1st Rd., Xinxing Dist., Kaohsiung City 800408, Taiwan (R.O.C.)","吳O賢","07-7529909","","有","有"
"95459913","20240802","20240802","艾利西亞資訊有限公司","Ailicia Information Co., Ltd.","臺北市中山區民權西路20號2樓","2 F., No. 20, Minquan W. Rd., Zhongshan Dist., Taipei City 104626, Taiwan (R.O.C.)","沈O娟","","","有","有"
"95459929","20240502","20240502","翊嘉國際貿易有限公司","Yijia International Trading CO., LTD.","新竹縣竹北市崇義里13鄰鳳崗路三段450巷72號一樓","1 F., No. 72, Ln. 450, Sec. 3, Fenggang Rd., 13th Neighborhood, Chongyi Vil., Zhubei City, Hsinchu County 302055, Taiwan (R.O.C.)","黃O郁","05-3621580","","有","有"
"95460334","20240808","20250214","大川吉野餐飲有限公司","Dachuanjiye Catering Co., Ltd.","新北市汐止區樟樹一路135巷26號5樓","5 F., No. 26, Ln. 135, Zhangshu 1st Rd., Xizhi Dist., New Taipei City 221007, Taiwan (R.O.C.)","","0935378690","","無","無"
"95460398","20240705","20250528","拾藝未央有限公司","Ms. Zebra LTD.","高雄市楠梓區藍昌路215巷18號1樓","1 F., No. 18, Ln. 215, Lanchang Rd., Nanzi Dist., Kaohsiung City 811030, Taiwan (R.O.C.)","姜O怡","0910990858","","有","有"
"95460405","20250519","20250519","華橙科技股份有限公司","Ai-Amal Technology Co., Ltd","新北市樹林區樹新路17號3樓之3","3 F.-3, No. 17, Shuxin Rd., Shulin Dist., New Taipei City 238007, Taiwan (R.O.C.)","陳O吉","0922620992","","有","有"
"95460453","20240529","20240529","比比讚國際貿易股份有限公司","BIBIZAN INTERNATIONAL TRADING Co., Ltd.","臺中市烏日區湖日里環河路三段838號","No. 838, Sec. 3, Huanhe Rd., Huri Vil., Wuri Dist., Taichung City 414009, Taiwan (R.O.C.)","黃O樺","0968736368","","有","有"
"95460469","20240903","20240903","虹橋農業顧問有限公司","Hongqiao Agricultural Consultants LTD.","彰化縣田中鎮梅州里中正路285號","No. 285, Zhongzheng Rd., Meizhou Vil., Tianzhong Township, Changhua County 520012, Taiwan (R.O.C.)","周O泰","048753186","","有","有"
"95460518","20240919","20240919","晶宸科技有限公司","Crystal Sincerity Technology CO., LTD.","新北市新莊區化成路293巷15號","No. 15, Ln. 293, Huacheng Rd., Xinzhuang Dist., New Taipei City 242042, Taiwan (R.O.C.)","黃O葳","","","有","有"
"95460545","20240506","20240506","布提克有限公司","Boutik CO., LTD.","臺北市中正區重慶南路1段83號6樓","6 F., No. 83, Sec. 1, Chongqing S. Rd., Zhongzheng Dist., Taipei City 100003, Taiwan (R.O.C.)","黃O諠","02-29274335","","有","有"
"95460691","20250214","20250214","勁能創意行銷有限公司","P & E Marketing CO., LTD.","南投縣南投市平和里信義街250巷1弄5號1樓","1 F., No. 5, Aly. 1, Ln. 250, Xinyi St., Pinghe Vil., Nantou City, Nantou County 540010, Taiwan (R.O.C.)","許O予","0935-139910","","有","有"
"95460904","20241015","20241015","崇太鋼鐵有限公司","CHUNG TAI STEEL CO., LTD.","高雄市鳥松區嘉興街10巷6號1樓","1F, No.6, Ln. 10, Jiaxing St.Dahua Vil, Niaosong Dist., Kaohsiung City 833, Taiwan (R.O.C.)","廖O惠","","","有","有"
"95460989","20240509","20240509","豐樂資本股份有限公司","Funlo Capital CO., LTD.","新北市汐止區新台五路1段95號16樓之1","16 F.-1, No. 95, Sec. 1, Xintai 5th Rd., Xizhi Dist., New Taipei City 221416, Taiwan (R.O.C.)","邱O熙","02-2433-5151","","有","有"
"95461002","20240717","20240717","詠睦股份有限公司","SI Formula Corporation","臺中市南屯區文心路一段218號23樓之1","23 F.-1, No. 218, Sec. 1, Wenxin Rd., Nantun Dist., Taichung City 408385, Taiwan (R.O.C.)","簡O瑩","","","有","有"
"95461087","20250305","20250305","蔚淶科技有限公司","Weilai Technology CO., LTD.","臺中市龍井區東海里遊園北路448巷26號1樓","1 F., No. 26, Ln. 448, Youyuan N. Rd., Donghai Vil., Longjing Dist., Taichung City 434018, Taiwan (R.O.C.)","曹O麗","0958-792319","","有","有"
"95461143","20250108","20250108","雨禾工程有限公司","YU HO PROJECT CO., LTD.","桃園市桃園區蓮華街55號（2樓）","2F., No. 55, Lianhua St., Taoyuan Dist., Taoyuan City 330009, Taiwan (R.O.C.)","藍O綺","03-3170207","","有","有"
"95461170","20240930","20240930","泓利國際通運有限公司","Hongli International Express CO., LTD.","臺北市大安區敦化南路1段205號6樓","6 F., No. 205, Sec. 1, Dunhua S. Rd., Da'an Dist., Taipei City 106446, Taiwan (R.O.C.)","陳O騏","","","有","有"
"95461191","20240718","20240719","東峵有限公司","DONGHONG INTERNATIONAL TRADING CO., LTD.","臺北市中山區南京東路2段140號4樓","4 F., No. 140, Sec. 2, Nanjing E. Rd., Zhongshan Dist., Taipei City 104095, Taiwan (R.O.C.)","鄭O元","","","有","有"
"95461220","20250206","20250206","百翊化工有限公司","BAI YI CHEMICAL CO., LTD.","高雄市鹽埕區七賢三路210號1樓","1 F., No. 210, Qixian 3rd Rd., Yancheng Dist., Kaohsiung City 803001, Taiwan (R.O.C.)","何O銘","07-5579899","","有","有"
"95461262","20240812","20240812","惟思生活科技有限公司","VAS Lifetechnology Limited Company","新北市新店區中央路179號(1樓)","1 F., No. 179, Zhongyang Rd., Xindian Dist., New Taipei City 231603, Taiwan (R.O.C.)","柯O希","","","有","有"
"95461333","20240625","20250315","雅欣有限公司","YASLYNN CO., LTD.","臺北市中正區牯嶺街86號1樓","1 F., No. 86, Guling St., Zhongzheng Dist., Taipei City 100039, Taiwan (R.O.C.)","黃O奎","","","有","有"
"95461349","20250207","20250207","雅之利有限公司","Yazelle CO., LTD.","臺南市中西區小西門里永福路1段187號1樓","1F., No. 187, Sec. 1, Yongfu Rd., West Central Dist., Tainan City 700019, Taiwan (R.O.C.)","吳O慧","06-2143875","","有","有"
"95461381","20240904","20241108","安新生醫股份有限公司","AngenMed Therapeutics INC.","臺北市信義區松仁路100號34樓","34 F., No. 100, Songren Rd., Xinyi Dist., Taipei City 110421, Taiwan (R.O.C.)","洪O郁","","","有","有"
"95461410","20240729","20240729","羽粹貿易有限公司","USUI TRADING CO., LTD.","臺中市北屯區平昌里文心路四段936號3樓之2","3 F.-2, No. 936, Sec. 4, Wenxin Rd., Pingchang Vil., Beitun Dist., Taichung City 406505, Taiwan (R.O.C.)","福O雄三","","","有","有"
"95461489","20240708","20240708","艾洛行銷有限公司","Arrow CO., LTD.","臺北市大安區新生南路3段88號6樓","6F., No. 88, Sec. 3, Xinsheng S. Rd., Da'an Dist., Taipei City 106021 , Taiwan (R.O.C.)","陳O樺","0910084221","","有","有"
"95461559","20240510","20240510","臻陞有限公司","Jensen Helmet Products CO., LTD.","臺南市歸仁區看東里成功六街38巷12號6樓之5","6 F.-5, No. 12, Ln. 38, Guiren Dist., Tainan City 711, Taiwan (R.O.C.)","郭O玲","06-2301495","","有","有"
"95461657","20240703","20240703","定捷創系統股份有限公司","lzzet Systems CO., LTD.","臺北市大安區忠孝東路4段270號2樓之1","2 F.-1, No. 270, Sec. 4, Zhongxiao E. Rd., Da’an Dist., Taipei City 106652, Taiwan (R.O.C.)","陳O舟","0919987162","","有","有"
"95461684","20240729","20240729","丹盟斯系統科技有限公司","DIAMONDS SYSTEM TECHNOLOGY CO., LTD.","高雄市新興區復興二路326號13樓之7","13 F.-7, No. 326, Fuxing 2nd Rd., Xinxing Dist., Kaohsiung City 800404, Taiwan (R.O.C.)","邱O鴻","0983062357","","有","有"
"95461690","20240619","20250313","紅海貿易有限公司","THE ROCK TRADING CO., LTD.","臺中市中區光復里臺灣大道一段317號3樓","3 F., No. 317, Sec. 1, Taiwan Blvd., Guangfu Vil., Central Dist., Taichung City 400003, Taiwan (R.O.C.)","朱O如","0921-151957","","有","有"
"95461734","20250310","20250310","神諭遊戲有限公司","Oracle Games CO., LTD.","新北市新店區民權路153號4樓","4 F., No. 153, Minquan Rd., Xindian Dist., New Taipei City 231023, Taiwan (R.O.C.)","鄧O祥","","","有","有"
"95461805","20241025","20241025","舟舟物物物件規劃有限公司","Objects Ark Ltd.","臺北市萬華區柳州街80號4樓","4 F., No. 80, Liuzhou St., Wanhua Dist., Taipei City 108012, Taiwan (R.O.C.)","廖O宏","02-23919939","","有","有"
"95461811","20240807","20240807","瑞朋股份有限公司","Reborn Academy CO., LTD.","新北市中和區景新街338號12樓","12 F., No. 338, Jingxin St., Zhonghe Dist., New Taipei City 235056, Taiwan (R.O.C.)","陳O羽","","","有","有"
"95461973","20240613","20240729","萊恩智能股份有限公司","Trisonx INC.","臺北市中正區許昌街42號8樓","8 F., No. 42, Xuchang St., Zhongzheng Dist., Taipei City 100008, Taiwan (R.O.C.)","劉O庭","","","有","有"
"95461994","20250327","20250327","映曦生活有限公司","CW Living LTD.","新竹縣竹北市北崙里7鄰光明二街25號五樓","5 F., No. 25, Guangming 2nd St., 7th Neighborhood, Beilun Vil., Zhubei City, Hsinchu County 302005, Taiwan (R.O.C.)","汪O","","","有","有"
"95462038","20240617","20240617","虎虎生峰科技有限公司","Roaring monster CO., LTD.","臺北市內湖區內湖路1段360巷8號8樓","8 F., No. 8, Ln. 360, Sec. 1, Neihu Rd., Neihu Dist., Taipei City 114686, Taiwan (R.O.C.)","陳O怡","02-27921057","","有","有"
"95462190","20240807","20240812","葳瑪騰有限公司","weimaten CO., LTD.","臺北市松山區南京東路4段130號2樓之1","2 F.-1, No. 130, Sec. 4, Nanjing E. Rd., Songshan Dist., Taipei City 105407, Taiwan (R.O.C.)","林O逸","0989833255","","無","無"
"95462240","20240930","20250312","立桀建材有限公司","LI JIE BUILDING MATERIAL CO., LTD.","金門縣金城鎮賢庵里西海路3段81巷25之1號","No. 25-1, Ln. 81, Sec. 3, Xihai Rd., Xian’an Vil., Jincheng Township, Kinmen County 893012, Taiwan (R.O.C.)","曾O祐","082-375042","","有","有"
"95462261","20250414","20250414","諾比貿易有限公司","Green Intelligent Mobility LTD.","臺北市大同區重慶北路1段30號3樓","3 F., No. 30, Sec. 1, Chongqing N. Rd., Datong Dist., Taipei City 103607, Taiwan (R.O.C.)","廖O緯","02-23959621#11","","有","有"
"95462332","20240717","20240717","山海昌容生技研發有限公司","Shanhai Changrong Biotechnology CO., LTD.","嘉義市東區安業里大業街25巷16號1樓","1 F., No. 16, Ln. 25, Daye St., Anye Vil., East Dist., Chiayi City 600032, Taiwan (R.O.C.)","郭O容","","","有","有"
"95462375","20240813","20240813","司度有限公司","Sidus LTD.","臺北市中山區中山北路2段115巷3弄14號1樓","1 F., No. 14, Aly. 3, Ln. 115, Sec. 2, Zhongshan N. Rd., Zhongshan Dist., Taipei City 104014, Taiwan (R.O.C.)","陳O安","","","有","有"
"95462419","20240821","20240821","好達特生技有限公司","GOOD DR Biotechnology LTD.","屏東縣潮州鎮三和里東華路50號1樓","1 F., No. 50, Donghua Rd., Sanhe Vil., Chaozhou Township, Pingtung County 920009, Taiwan (R.O.C.)","林O吟","","","有","有"
"95462430","20241007","20250522","司弗雅科技有限公司","Serversphere tech LTD.","新北市三重區新北大道1段129號4樓","4 F., No. 129, Sec. 1, New Taipei Blvd., Sanchong Dist., New Taipei City 241614, Taiwan (R.O.C.)","姚O如","","","有","有"
"95462537","20241104","20241104","百適有限公司","BE WHISE INC.","臺中市北區淡溝里博館二街45巷3號7樓之5","7F.-5, No. 3, Ln. 45, Boguan 2nd St., North Dist., Taichung City 404023, Taiwan","張O渝","","","有","有"
"95462678","20240418","20240418","若新商貿有限公司","RUOSIN TRADING CO., LTD.","嘉義縣民雄鄉寮頂村12鄰民權路10-2號2樓","2 F., No. 10-2, Minquan Rd., 12th Neighborhood, Minxiong Township, Chiayi County 621015, Taiwan (R.O.C.)","張O晴","05-2065397","","有","有"
"95462683","20240430","20240430","京鋐股份有限公司","KING HONG CO., LTD.","新北市泰山區德安街17號","No. 17, De’an St., Taishan Dist., New Taipei City 243092, Taiwan (R.O.C.)","張O騰","02-87682688#8820","","有","有"
"95462797","20250203","20250203","真理國際事業有限公司","ISTYNA Ltd.","臺北市內湖區成功路3段89號5樓","5 F., No. 89, Sec. 3, Chenggong Rd., Neihu Dist., Taipei City 114022, Taiwan (R.O.C.)","黃O理","","","有","有"
"95462826","20240513","20240513","黑虎國際工程有限公司","BLACKTIGER INTERNATIONAL ENGINEERING CO., LTD.","新北市五股區芳洲八路162號13樓","13 F., No. 162, Fangzhou 8th Rd., Wugu Dist., New Taipei City 248324, Taiwan (R.O.C.)","施O玲","02-22972763","","有","有"
"95462847","20240523","20250521","展豐國際有限公司","ZhanFeng International CO., LTD.","臺北市大同區塔城街66號7樓","7 F., No. 66, Tacheng St., Datong Dist., Taipei City 103605, Taiwan (R.O.C.)","游O栩","0933702116","","有","有"
"95462924","20250502","20250502","覺覺文創有限公司","JYUE JYUE CREATIVE CO., LTD.","新北市汐止區新台五路1段79號17樓之8","17 F.-8, No. 79, Sec. 1, Xintai 5th Rd., Xizhi Dist., New Taipei City 221432, Taiwan (R.O.C.)","黃O雯","02-27486670","","有","有"
"95462950","20250203","20250203","鈺成電子有限公司","YC ELECTRONICS CO., LTD.","新北市泰山區明志路3段350號5樓","5 F., No. 350, Sec. 3, Mingzhi Rd., Taishan Dist., New Taipei City 243091, Taiwan (R.O.C.)","李O惠","0952666861","","有","有"
"95462972","20240618","20240618","寬域有限公司","WIDE AREA CO., LTD.","臺北市士林區後港街175號1樓","1 F., No. 175, Hougang St., Shilin Dist., Taipei City 111059, Taiwan (R.O.C.)","宋O烱","02-25530181","02-25530182","有","有"
"95463016","20240709","20240709","豐辰企業有限公司","Fengchen Enterprise CO., LTD.","桃園市中壢區東興街6巷5號(1樓)","1 F., No. 5, Ln. 6, Dongxing St., Zhongli Dist., Taoyuan City 320072, Taiwan (R.O.C.)","蕭O武","","","有","有"
"95463114","20240607","20240607","瑞陽國際商業有限公司","Ruiyang International Business CO., LTD.","臺中市神岡區三角里中興路145號","No. 145, Zhongxing Rd., Sanjiao Vil., Shengang Dist., Taichung City 429006, Taiwan (R.O.C.)","許O維","","","有","有"
"95463141","20240510","20240510","鋭世達國際有限公司","Risestar Global Inc.","臺北市大安區新生南路2段82號2樓之5","2 F.-5, No. 82, Sec. 2, Xinsheng S. Rd., Da’an Dist., Taipei City 106011, Taiwan (R.O.C.)","張O德","","","有","有"
"95463260","20240605","20240605","小微笑遊戲有限公司","Tinysmile LTD.","臺南市仁德區太子里長興五街36巷8號1樓","1 F., No. 8, Ln. 36, Changxing 5th St., Taizi Vil., Rende Dist., Tainan City 717007, Taiwan (R.O.C.)","鄭O中","","","有","有"
"95463395","20240514","20240514","縈穀有限公司","Infinigood Co., Ltd.","臺北市大安區復興南路1段352號2樓","2 F., No. 352, Sec. 1, Fuxing S. Rd., Da’an Dist., Taipei City 106094, Taiwan (R.O.C.)","曾O慈","","","有","有"
"95463402","20240508","20240508","伊森國際商事有限公司","SPACEXPORT CO., LTD","臺北市大安區和平東路1段87之1號4樓","4 F., No. 87-1, Sec. 1, Heping E. Rd., Da’an Dist., Taipei City 106004, Taiwan (R.O.C.)","吳O道","","","有","有"
"95463472","20240704","20250522","易霖科技股份有限公司","Ezily CO., LTD.","臺北市信義區松勤街86號2樓","2 F., No. 86, Songqin St., Xinyi Dist., Taipei City 110018, Taiwan (R.O.C.)","黃O暉","","","有","有"
"95463487","20241231","20241231","東沃電子商務有限公司","Dongwo Electronic Commerce CO., LTD.","苗栗縣頭份市合興里復興街57巷9號1樓","1 F., No. 9, Ln. 57, Fuxing St., Hexing Vil., Toufen City, Miaoli County 351014, Taiwan (R.O.C.)","陳O佑","0912528800","","有","有"
"95463590","20250204","20250204","一抽入魂有限公司","One Draw Soul Company Limited","臺北市中正區南陽街3號地下一樓","B1 ., No. 3, Nanyang St., Zhongzheng Dist., Taipei City 100008, Taiwan (R.O.C.)","張O維","","","有","有"
"95463629","20240530","20240530","禾耘科技有限公司","CodeHub Limited","臺北市大安區復興南路1段352號2樓","2 F., No. 352, Sec. 1, Fuxing S. Rd., Da’an Dist., Taipei City 106094, Taiwan (R.O.C.)","楊O","","","有","有"
"95463655","20240613","20240613","泰洋宏貿易有限公司","LI TAO TRADING CO., LTD.","桃園市桃園區汴洲里春日路1490號5樓","5 F., No. 1490, Chunri Rd., Bianzhou Vil., Taoyuan Dist., Taoyuan City 330022, Taiwan (R.O.C.)","陳O旭","0939282254","","有","有"
"95463796","20240802","20240802","喬豪車業有限公司","DaHow Motor LTD.","臺北市松山區南京東路4段130號2樓之1","2 F.-1, No. 130, Sec. 4, Nanjing E. Rd., Songshan Dist., Taipei City 105407, Taiwan (R.O.C.)","黃O豪","","","有","有"
"95463938","20240515","20240515","馨銓貿易有限公司","XIN QUAN TRADING CO., LTD.","桃園市中壢區新興里天祥三街23號（1樓）","No. 23, Tianxiang 3rd St., Xinxing Vil., Zhongli Dist., Taoyuan City 320058, Taiwan (R.O.C.)","薜O騵","0988768596","","有","有"
"95463992","20240723","20240723","春吉鑫業有限公司","sprint orange CO., LTD.","臺南市永康區北灣里大同街71號地下一層之1","No. 71, Datong St., Beiwan Vil., Yongkang Dist., Tainan City 710022, Taiwan (R.O.C.)","劉O怡","0901139786","","有","有"
"95464107","20240621","20240621","金佳榮股份有限公司","King JIA-JUNG CO., LTD.","臺南市中西區南美里8鄰新美街70號1樓","1 F., No. 70, Xinmei St., 8th Neighborhood, Nanmei Vil., West Central Dist., Tainan City 700006, Taiwan (R.O.C.)","吳O哲","0920324751","","有","有"
"95464113","20240816","20240829","立茂精密工業股份有限公司","LEADER PRECISION METAL CO., LTD.","臺北市中山區建國北路2段147號10樓之4","10 F.-4, No. 147, Sec. 2, Jianguo N. Rd., Zhongshan Dist., Taipei City 104476, Taiwan (R.O.C.)","劉O鋒","02-25156802#111","","有","有"
"95464129","20240520","20241008","大音文具有限公司","Dayin Stationery CO., LTD.","臺北市內湖區康寧路3段72號地下1層","No. 72, Sec. 3, Kangning Rd., Neihu Dist., Taipei City 114046, Taiwan (R.O.C.)","商O銘","02-27717368","","有","有"
"95464198","20250327","20250327","翔耀美娛樂有限公司","SkyGlow Entertainment CO., LTD.","臺北市中山區敬業一路185號5樓之8","5 F.-8, No. 185, Jingye 1st Rd., Zhongshan Dist., Taipei City 104051, Taiwan (R.O.C.)","李O翔","","","有","有"
"95464205","20240429","20240429","優可抗加齡生技有限公司","BEGATC Biomedical LTD.","臺北市信義區基隆路1段178號3樓","3 F., No. 178, Sec. 1, Keelung Rd., Xinyi Dist., Taipei City 110408, Taiwan (R.O.C.)","許O棟","","","有","有"
"95464232","20240625","20240625","玖拾加股份有限公司","NINETY PLUS COFFEE TAIWAN CO., LTD.","臺北市大安區市民大道3段178號3樓之2","3 F.-2, No. 178, Sec. 3, Civic Blvd., Da’an Dist., Taipei City 106081, Taiwan (R.O.C.)","李O宏","","","有","有"
"95464269","20250423","20250423","文威豐股份有限公司","Wen & Hone Corporation","新北市新莊區五權一路3號3樓之5","3 F.-5, No. 3, Wuquan 1st Rd., Xinzhuang Dist., New Taipei City 248022, Taiwan (R.O.C.)","鄭O哲","02-22988336","","有","有"
"95464275","20240807","20240807","協和利有限公司","Concord Company Limited","臺北市中山區民生西路30號4樓之3","4 F.-3, No. 30, Minsheng W. Rd., Zhongshan Dist., Taipei City 104017, Taiwan (R.O.C.)","顏O彤","","","有","有"
"95464296","20240611","20240611","久浪智醫股份有限公司","Anivance AI Corporation","新竹縣竹北市竹仁里四維街118號1樓","1 F., No. 118, Siwei St., Zhuren Vil., Zhubei City, Hsinchu County 302002, Taiwan (R.O.C.)","楊O維","","","有","有"
"95464319","20240716","20240716","桀邑科技有限公司","CHIEH YI TECHNOLOGY CO., LTD.","新竹市香山區牛埔東路526巷5號1樓","1 F., No. 5, Ln. 526, Niupu E. Rd., Xiangshan Dist., Hsinchu City 300060, Taiwan (R.O.C.)","江O文","","","有","有"
"95464325","20241231","20241231","台灣生物發泡股份有限公司","Taiwan Biofoam CO., LTD.","高雄市大寮區鳳林一路300巷38號1樓","1 F., No. 38, Ln. 300, Fenglin 1st Rd., Daliao Dist., Kaohsiung City 831137, Taiwan (R.O.C.)","高O龍","07-7876249","","有","有"
"95464367","20250206","20250314","瑱寶貿易有限公司","Tian Bao Trading CO., LTD.","臺中市西屯區潮洋里市政北二路238號27樓之1","27 F.-1, No. 238, Shizheng N. 2nd Rd., Chaoyang Vil., Xitun Dist., Taichung City 407607, Taiwan (R.O.C.)","王O石","","","有","有"
"95464556","20241108","20241108","辰林有限公司","Morning leaf Limited Company","臺北市信義區忠孝東路5段1之1號9樓","9 F., No. 1-1, Sec. 5, Zhongxiao E. Rd., Xinyi Dist., Taipei City 110410, Taiwan (R.O.C.)","陳O華","02-27320180","","有","有"
"95464612","20240501","20240501","瑪仕得國際有限公司","MUST CO., LTD.","臺南市官田區二鎮61之1號","No. 61-1, Erzhen, Guantian Dist., Tainan City 720007, Taiwan (R.O.C.)","胡O劭","","","有","有"
"95464633","20241023","20241023","希格諾科技股份有限公司","SignalPro Technology CO., LTD.","高雄市苓雅區新光路38號31樓之4","31 F.-4, No. 38, Xinguang Rd., Lingya Dist., Kaohsiung City 802626, Taiwan (R.O.C.)","田O侑","07-2695198","","有","有"
"95464795","20250425","20250517","迪波思科技有限公司","Deeps Reliability INC.","新北市中和區秀朗路3段177號14樓之2","14 F.-2, No. 177, Sec. 3, Xiulang Rd., Zhonghe Dist., New Taipei City 235606, Taiwan (R.O.C.)","劉O珍","","","有","有"
"95464802","20241204","20241204","榕興商貿有限公司","JS Commercial Trading CO., LTD.","臺中市大里區樹王里中投西路三段1271號","No. 1271, Sec. 3, Zhongtou W. Rd., Shuwang Vil., Dali Dist., Taichung City 412017, Taiwan (R.O.C.)","廖O榕","0906-175187","","有","有"
"95464818","20240626","20240626","元台智能設備有限公司","Yuan Tai Intelligent Equipment LTD.","宜蘭縣員山鄉永同路一段118之1號","No. 118-1, Sec. 1, Yongtong Rd., Yuanshan Township, Yilan County 264025, Taiwan (R.O.C.)","鄭O僔","03-9233629","","有","有"
"95464922","20240509","20240701","輝碩國際有限公司","WildSide International Co.,Ltd.","新北市淡水區吳仔厝47號","No. 47, Wuzaicuo, Tamsui Dist., New Taipei City 251023, Taiwan (R.O.C.)","俞O傑","02-26103586","","有","有"
"95464937","20240528","20240528","科福有限公司","KEFU Technology CO., LTD.","臺北市松山區南京東路5段225號9樓之1","9 F.-1, No. 225, Sec. 5, Nanjing E. Rd., Songshan Dist., Taipei City 105409, Taiwan (R.O.C.)","黃O","0935514866","","有","有"
"95465014","20240806","20240806","富程科技有限公司","FU CHENG TECH CO., LTD.","臺南市東區大同路1段173號8樓","8 F., No. 173, Sec. 1, Datong Rd., East Dist., Tainan City 701010, Taiwan (R.O.C.)","周O程","","","有","有"
"95465056","20240711","20240711","智動矩陣有限公司","IntelliMotionMatrix INC.","新北市汐止區新台五路1段95號20樓之6","20 F.-6, No. 95, Sec. 1, Xintai 5th Rd., Xizhi Dist., New Taipei City 221416, Taiwan (R.O.C.)","柯O甫","0963820352","","有","有"
"95465083","20240829","20240829","馳薪精密有限公司","Chixin Precision CO., LTD.","桃園市八德區大仁里仁和街211巷9弄3號(1樓)","1 F., No. 3, Aly. 9, Ln. 211, Renhe St., Daren Vil., Bade Dist., Taoyuan City 334030, Taiwan (R.O.C.)","徐O塏","","","有","有"
"95465112","20250212","20250217","尋葉文化有限公司","SeekPage Culture Ltd.","臺北市中山區民權西路20號2樓","2 F., No. 20, Minquan W. Rd., Zhongshan Dist., Taipei City 104626, Taiwan (R.O.C.)","吳O怡","","","有","有"
"95465149","20241028","20241028","臺灣麥宇智慧娛樂有限公司","METAIDOLVERSE AI & WEB3.0 ENTERTAINMENT CO., LTD.","臺北市松山區南京東路4段186號4樓之5","4 F.-5, No. 186, Sec. 4, Nanjing E. Rd., Songshan Dist., Taipei City 105407, Taiwan (R.O.C.)","廖O杰","02-25782789","","有","有"
"95465154","20240603","20240603","香港蠟燭有限公司","TOLIGHT CO., LTD.","新北市板橋區四維路207號","No. 207, Siwei Rd., Banqiao Dist., New Taipei City 220009, Taiwan (R.O.C.)","原O敏YUENLOKMAN","","","有","有"
"95465289","20240617","20240617","霆光科技股份有限公司","Thuntech Co., Ltd.","臺北市南港區南港路2段95號6樓","6 F., No. 95, Sec. 2, Nangang Rd., Nangang Dist., Taipei City 115028, Taiwan (R.O.C.)","謝O凱","02-27863797","02-2788-9785","有","有"
"95465339","20240819","20240819","龠禾國際顧問有限公司","Yue He International Consulting LTD.","新北市新店區安興路105號5樓之7","5 F.-7, No. 105, Anxing Rd., Xindian Dist., New Taipei City 231066, Taiwan (R.O.C.)","徐O和","02-23020269","","有","有"
"95465437","20240507","20250516","光億通有限公司","Trillion Optical Commication Ltd.","新北市新店區安祥路73巷27號2樓","2 F., No. 27, Ln. 73, Anxiang Rd., Xindian Dist., New Taipei City 231054, Taiwan (R.O.C.)","","0928809194","02-28945960","無","無"
"95465529","20240828","20240828","創動趨勢整合行銷有限公司","TRENDO.XYZ CO., LTD.","新北市汐止區國興街21巷26號5樓","5 F., No. 26, Ln. 21, Guoxing St., Xizhi Dist., New Taipei City 221003, Taiwan (R.O.C.)","呂O桐","","","有","有"
"95465561","20240701","20240701","鮮賦有限公司","Bright Fortune CO., LTD.","新北市新莊區中華路二段77號5樓","5 F., No. 77, Zhonghua Rd., Xinzhuang Dist., New Taipei City 242, Taiwan (R.O.C.)","謝O峰","07-6316516","","有","有"
"95465627","20241231","20241231","力奧實業有限公司","Ultra Force Limited","臺中市龍井區龍泉里龍社路27巷16號1樓","1 F., No. 16, Ln. 27, Longshe Rd., Longquan Vil., Longjing Dist., Taichung City 434006, Taiwan (R.O.C.)","陳O憶","0423190961","","有","有"
"95465653","20240621","20240621","榮日股份有限公司","Anique Taiwan CO., LTD.","臺北市大安區敦化南路2段77號4樓","4 F., No. 77, Sec. 2, Dunhua S. Rd., Da’an Dist., Taipei City 106414, Taiwan (R.O.C.)","笠O高秀","0918238382","","有","有"
"95465669","20240911","20240911","耀盈能源科技股份有限公司","Abundant Energy CO., LTD.","新北市林口區文化三路2段128號12樓","12 F., No. 128, Sec. 2, Wenhua 3rd Rd., Linkou Dist., New Taipei City 244017, Taiwan (R.O.C.)","游O昌","02-8991-2796","02-8991-9298","有","有"
"95465680","20250305","20250306","復裕開發股份有限公司","Fuyu International Investment CO., LTD.","臺中市西屯區臺灣大道四段839號12樓","12 F., No. 839, Sec. 4, Taiwan Blvd., Xitun Dist., Taichung City 407207, Taiwan (R.O.C.)","黃O鎮","04-22557511","","有","有"
"95465788","20250204","20250204","台灣諾亞國際藝文有限公司","NovaArts Management LTD.","臺北市大安區臨江街85號7樓","7 F., No. 85, Linjiang St., Da'an Dist., Taipei City 106050, Taiwan (R.O.C.)","李O穎","0905733275","","有","有"
"95465794","20250123","20250123","瑞齊奈米科技有限公司","RICH NANOTECH LLC.","高雄市左營區高鐵路682號1樓","1 F., No. 682, Gaotie Rd., Zuoying Dist., Kaohsiung City 813458, Taiwan (R.O.C.)","陳O潔","","","有","有"
"95465817","20240731","20240731","台灣啟泰貿易有限公司","Taiwan ChiTai Trading CO., LTD.","新北市板橋區三民路2段32號3樓","3 F., No. 32, Sec. 2, Sanmin Rd., Banqiao Dist., New Taipei City 220082, Taiwan (R.O.C.)","陳O真","02-2898-2900","","有","有"
"95465990","20240618","20240618","倍特維國際有限公司","BetterWay LTD.","臺北市中山區松江路293之705號","No. 293-705, Songjiang Rd., Zhongshan Dist., Taipei City 104070, Taiwan (R.O.C.)","謝O昕","","","有","有"
"95466061","20240624","20240624","天明國際有限公司","TIAN MING INTERNATIONAL LTD.","臺中市西屯區大鵬里文心路三段241號21樓之2","21 F.-2, No. 241, Sec. 3, Wenxin Rd., Dapeng Vil., Xitun Dist., Taichung City 407330, Taiwan (R.O.C.)","許O分","0982535698","","有","有"
"95466203","20240502","20240502","億金有限公司","Yi Jin LTD.","臺北市大安區敦化南路1段205號2樓之8","2 F.-8, No. 205, Sec. 1, Dunhua S. Rd., Da’an Dist., Taipei City 106446, Taiwan (R.O.C.)","陳O禎","02-87925955","02-87925950","有","有"
"95466246","20250305","20250305","科沃斯先進股份有限公司","Coworth Advance CO., LTD.","臺北市中山區建國北路2段88號2樓","2 F., No. 88, Sec. 2, Jianguo N. Rd., Zhongshan Dist., Taipei City 104073, Taiwan (R.O.C.)","孫O強","039908671","","有","有"
"95466506","20240531","20250502","特隼有限公司","Unifalcon INC.","新北市板橋區藝文街152號(1樓)","1 F., No. 152, Yiwen St., Banqiao Dist., New Taipei City 220037, Taiwan (R.O.C.)","蔡O宜","0903-386-777","","有","有"
"95466512","20240613","20240613","鑀鍶股份有限公司","Ace Taiwan CO., LTD.","苗栗縣公館鄉玉泉村1鄰34號","No. 34, Yuquan, 1st Neighborhood, Gongguan Township, Miaoli County 363006, Taiwan (R.O.C.)","肖O杋","037-220628","","有","有"
"95466554","20240531","20240531","淇軒科技有限公司","Chi Hsuan Technology LTD.","新北市板橋區重慶路60之1號5樓","5 F., No. 60-1, Chongqing Rd., Banqiao Dist., New Taipei City 220067, Taiwan (R.O.C.)","林O俊","","","有","有"
"95466560","20240712","20240712","野雪塾有限公司","Noyuki Limited","臺北市信義區忠孝東路5段1之3號6樓","6 F., No. 1-3, Sec. 5, Zhongxiao E. Rd., Xinyi Dist., Taipei City 110410, Taiwan (R.O.C.)","陳O光","","","無","無"
"95466597","20240419","20240605","六月有限公司","liuyue LTD.","臺北市中山區松江路87號11樓","11 F., No. 87, Songjiang Rd., Zhongshan Dist., Taipei City 104495, Taiwan (R.O.C.)","蔡O霓","0905854441","","有","有"
"95466626","20240522","20240522","佳康生活國際股份有限公司","J.K LIFE INTERNATIONAL CO., LTD.","新北市新莊區幸福路517號2樓","2 F., No. 517, Xingfu Rd., Xinzhuang Dist., New Taipei City 242022, Taiwan (R.O.C.)","柯O杏","","","有","有"
"95466631","20240614","20240614","展嗨國際有限公司","Jump hight International CO., LTD.","高雄市三民區建工路265號3樓","3 F., No. 265, Jiangong Rd., Sanmin Dist., Kaohsiung City 807041, Taiwan (R.O.C.)","郭O宏","","","有","有"
"95466772","20240606","20240606","麥特企業有限公司","MATE ENTERPRISE LTD.","臺南市安平區永華六街206巷35號","No. 35, Ln. 206, Yonghua 6th St., Anping Dist., Tainan City 708007, Taiwan (R.O.C.)","蘇O銘","","","有","有"
"95466800","20240530","20240905","羽釅有限公司","YUYAN TRADING CO., LTD.","新北市新莊區樹新路202號3樓","3 F., No. 202, Shuxin Rd., Xinzhuang Dist., New Taipei City 242065, Taiwan (R.O.C.)","游O程","02-22051327","","有","有"
"95466891","20240716","20240716","九鎮國際有限公司","Jo Zhen international LTD.","新北市新莊區五權二路22號8樓之9","8 F.-9, No. 22, Wuquan 2nd Rd., Xinzhuang Dist., New Taipei City 248022, Taiwan (R.O.C.)","陳O介","","","有","有"
"95466935","20241004","20241029","采緦有限公司","CAI-SI CO., LTD.","基隆市暖暖區金華街267號9樓之6","9 F.-6, No. 267, Jinhua St., Nuannuan Dist., Keelung City 205001, Taiwan (R.O.C.)","賴O雲","02-26410313","","有","有"
"95466978","20240719","20240719","兆邦醫材有限公司","CHAO BANG MEDICAL CO., LTD.","臺南市新市區大營里豐榮189之100號","No. 189-100, Fengrong, Daying Vil., Xinshi Dist., Tainan City 744010, Taiwan (R.O.C.)","李O盛","","","有","有"
"95467006","20240830","20240830","詠旭生技有限公司","YONGXU BIOTECH. LTD.","臺中市北區北屯路14號7樓之10","7 F.-10, No. 14, Beitun Rd., North Dist., Taichung City 404013, Taiwan (R.O.C.)","楊O群","0422852600","","有","有"
"95467012","20240723","20240723","原數科技有限公司","Primes Lab (Taiwan), Ltd.","新竹縣竹北市惟馨街95號10樓之3","10 F.-3, No. 95, Weixin St., Zhubei City, Hsinchu County 302081, Taiwan (R.O.C.)","楊O文","","","有","有"
"95467168","20240524","20240604","樂高蔬果國際有限公司","Joy Lin CO., LTD.","新北市板橋區縣民大道3段134號","No. 134, Sec. 3, Xianmin Blvd., Banqiao Dist., New Taipei City 220088, Taiwan (R.O.C.)","李O林","02-29570633","","有","有"
"95467202","20250324","20250324","富璽有限公司","FHH LTD.","臺北市中山區松江路71號4樓","4 F., No. 71, Songjiang Rd., Zhongshan Dist., Taipei City 104695, Taiwan (R.O.C.)","何O瑜","","","有","有"
"95467300","20240621","20240621","圓方服務有限公司","CRIT SERVICES CO., LTD.","臺南市安平區金城里安北路582號4樓","4 F., No. 582, Anbei Rd., Jincheng Vil., Anping Dist., Tainan City 708001, Taiwan (R.O.C.)","陳O文","","","有","有"
"95467316","20250108","20250108","元通電子有限公司","Yuan-tone Limited Company","新竹縣湖口鄉中興村蘭州街3號九樓","9 F., No. 3, Lanzhou St., Hukou Township, Hsinchu County 303115, Taiwan (R.O.C.)","李O樺","03-5982608","","有","有"
"95467435","20240902","20250422","盛生智能家居有限公司","Shengsheng smart home CO., LTD.","新北市板橋區文化路2段285號21樓","21 F., No. 285, Sec. 2, Wenhua Rd., Banqiao Dist., New Taipei City 220503, Taiwan (R.O.C.)","顏O全","","","有","有"
"95467569","20240813","20240813","福爾摩莎資管服務有限公司","Formosa AMC Service CO., LTD.","臺北市松山區民生東路4段79號5樓","5 F., No. 79, Sec. 4, Minsheng E. Rd., Songshan Dist., Taipei City 105011, Taiwan (R.O.C.)","王O程","","","有","有"
"95467619","20240606","20240606","布比有限公司","Bube CO., LTD.","臺北市內湖區麗山街338巷30之1號3樓","3 F., No. 30-1, Ln. 338, Lishan St., Neihu Dist., Taipei City 114010, Taiwan (R.O.C.)","李O庄","","","有","有"
"95467688","20240603","20250308","韓商德林網絡系統有限公司台灣分公司","DCS Korea Co.,Ltd. Taiwan Branch","臺北市中山區松江路315號6樓","6 F., No. 315, Songjiang Rd., Zhongshan Dist., Taipei City 104070, Taiwan (R.O.C.)","LOMKEHLEONG","","","有","有"
"95467771","20240703","20240703","云立森貿易有限公司","Une Liaison Trading CO., LTD.","臺南市東區崇學里崇明路221號6樓之1","6 F.-1, No. 221, Chongming Rd., Chongxue Vil., East Dist., Tainan City 701007, Taiwan (R.O.C.)","尤O元","0938389067","","有","有"
"95467815","20240626","20240626","閃閃發亮股份有限公司","Youfiel Shine CO., LTD.","高雄市三民區安寧街338號2樓之2","2 F.-2, No. 338, Anning St., Sanmin Dist., Kaohsiung City 807023, Taiwan (R.O.C.)","葉O儀","07-3223016","","有","有"
"95467842","20240702","20250411","天皓資訊科技有限公司","TIEN HAO TECHNOLOGY CO., LTD.","臺北市中山區南京東路2段140號4樓","4 F., No. 140, Sec. 2, Nanjing E. Rd., Zhongshan Dist., Taipei City 104095, Taiwan (R.O.C.)","鄭O亦","","","有","有"
"95467982","20250115","20250115","紫桐股份有限公司","TUNG BLOOSOM CO., LTD.","臺北市中山區長安東路1段20號7樓","7 F., No. 20, Sec. 1, Chang'an E. Rd., Zhongshan Dist., Taipei City 104006, Taiwan (R.O.C.)","陳O蓁","02-27634666","","有","有"
"95468011","20240521","20240523","柏玥有限公司","B.Y.FASHION LTD.","臺北市中山區中山北路2段112號3樓之4","3 F.-4, No. 112, Sec. 2, Zhongshan N. Rd., Zhongshan Dist., Taipei City 104418, Taiwan (R.O.C.)","楊O智","02-25605565","","有","有"
"95468027","20240509","20241108","均溢投資股份有限公司","JaSa investing CO., LTD.","新北市五股區五工六路42號","No. 42, Wugong 6th Rd., Wugu Dist., New Taipei City 248021, Taiwan (R.O.C.)","洪O青","","","有","有"
"95468125","20240617","20240626","進妍美有限公司","J.Y.M.H.M CO., LTD.","臺南市東區德光里崇善路136號1樓","1 F., No. 136, Chongshan Rd., Deguang Vil., East Dist., Tainan City 701037, Taiwan (R.O.C.)","麥O如","","","有","有"
"95468167","20250313","20250313","聯富達有限公司","Link Future LTD.","臺北市信義區忠孝東路5段1之2號11樓","11 F., No. 1-2, Sec. 5, Zhongxiao E. Rd., Xinyi Dist., Taipei City 110410, Taiwan (R.O.C.)","吳O倫","","","有","有"
"95468223","20240723","20250423","美立得生醫股份有限公司","MLDBIO CO., LTD.","臺中市太平區新仁路一段22巷70號","No. 70, Ln. 22, Sec. 1, Xinren Rd., Taiping Dist., Taichung City 411005, Taiwan (R.O.C.)","李O樺","04-22795533","04-22796633","有","有"
"95468321","20240607","20240607","瑞發材料有限公司","RedFox International LTD.","臺南市仁德區仁愛里大同路3段287號","No. 287, Sec. 3, Datong Rd., Ren’ai Vil., Rende Dist., Tainan City 717006, Taiwan (R.O.C.)","陳O文","","","有","有"
"95468342","20240531","20240828","吉配配股份有限公司","Joy Pet Pet CO., LTD.","臺北市大安區信義路4段337號3樓之1","3 F.-1, No. 337, Sec. 4, Xinyi Rd., Da’an Dist., Taipei City 106231, Taiwan (R.O.C.)","張O珍","","","無","無"
"95468357","20240812","20240812","麥瑞斯股份有限公司","Miravus CO., LTD.","臺南市學甲區慈福里中山路51-3號","No. 51-3, Zhongshan Rd., Cifu Vil., Xuejia Dist., Tainan City 726001, Taiwan (R.O.C.)","丁O淇","","","有","有"
"95468477","20240423","20240423","三業開發建設有限公司","San Ye Development Construction Co., Ltd.","臺北市松山區民生東路3段138號14樓","14 F., No. 138, Sec. 3, Minsheng E. Rd., Songshan Dist., Taipei City 105402, Taiwan (R.O.C.)","梅O強","0936-333-002","","有","有"
"95468716","20250226","20250226","如實生活有限公司","Salute Home CO., LTD.","臺中市梧棲區頂寮里四維中路336號3樓之5","3 F.-5, No. 336, Siwei Central Rd., Dingliao Vil., Wuqi Dist., Taichung City 435625, Taiwan (R.O.C.)","蕭O寧","0973-458368","","有","有"
"95468743","20240812","20240812","超達科技有限公司","Chaota Technology CO., LTD.","高雄市鳳山區生明里光華南路21巷28號1樓","1F., No. 28, Ln. 21, Guanghua S. Rd., Shengming Vil., Fengshan Dist., Kaohsiung City 830020 , Taiwan (R.O.C.)","温O志","07-7902821","07-7902832","有","有"
"95469031","20240613","20240613","司帆科技有限公司","SVENTECH LTD.","新竹縣竹北市六家一路二段53號十樓","10 F., No. 53, Sec. 2, Liujia 1st Rd., Zhubei City, Hsinchu County 302053, Taiwan (R.O.C.)","陳O麟","0953302658","","有","有"
"95469052","20240531","20250219","松澤精工有限公司","MATSUZAWA SEIKO CO., LTD.","臺中市北區立人里華美街二段262號7樓之1","7 F.-1, No. 262, Sec. 2, Huamei St., Liren Vil., North Dist., Taichung City 404529, Taiwan (R.O.C.)","","0917-822831","","無","無"
"95469102","20250107","20250107","蒔器股份有限公司","Sower Tech CO., LTD.","新北市樹林區三龍街51號","No. 51, Sanlong St., Shulin Dist., New Taipei City 238026, Taiwan (R.O.C.)","蔡O斌","0226016898","02-26016897","有","有"
"95469124","20250211","20250211","智碁系統整合有限公司","Ceregrid System Integration LTD.","臺南市永康區忠孝路410巷50弄5號1樓","1 F., No. 5, Aly. 50, Ln. 410, Zhongxiao Rd., Yongkang Dist., Tainan City 710018, Taiwan (R.O.C.)","韓O娟","0988062697","","有","有"
"95469145","20240430","20240430","瑟齊管理顧問有限公司","Search Consultancy Limited","臺中市南屯區文心南路227號6樓之9","6 F.-9, No. 227, Wenxin S. Rd., Nantun Dist., Taichung City 408008, Taiwan (R.O.C.)","劉O甄","","","有","有"
"95469166","20240718","20240718","歐悅農牧設備股份有限公司","Ohya Agricultural Equipment Co., Ltd.","新北市新莊區新北大道3段7號14樓之3","14 F.-3, No. 7, Sec. 3, New Taipei Blvd., Xinzhuang Dist., New Taipei City 242032, Taiwan (R.O.C.)","吳O榮","02-85210555","","有","有"
"95469187","20250204","20250204","卉禾國際貿易有限公司","WaTZmann Limited Company","新北市五股區民義路1段85之2號4樓","4 F., No. 85-2, Sec. 1, Minyi Rd., Wugu Dist., New Taipei City 248007, Taiwan (R.O.C.)","吳O安","02-22257033","","有","有"
"95469222","20250310","20250310","日陞能源有限公司","Rising Power Co., Ltd.","臺南市新化區北勢里33之3號1樓","1 F., No. 33-3, Beishi, Xinhua Dist., Tainan City 712010, Taiwan (R.O.C.)","陳O孝","06-5935808#20","","有","有"
"95469243","20240531","20240531","建宇新材有限公司","J Yu Materials CO., LTD.","臺中市西區忠誠里忠明南路16號3樓之1","3 F.-1, No. 16, Zhongming S. Rd., Zhongcheng Vil., West Dist., Taichung City 403013, Taiwan (R.O.C.)","鄒O智","0975-226720","","有","有"
"95469362","20240719","20240719","玖伍集有限公司","Jiuwuji CO., LTD.","高雄市路竹區延平路574號","No. 574, Yanping Rd., Luzhu Dist., Kaohsiung City 821008, Taiwan (R.O.C.)","陳O如","0976157177","","有","有"
"95469406","20240429","20240429","羿家有限公司","YI JIA COSMETICS CO., LTD.","新竹市東區公園里南大路103號3樓","3 F., No. 103, Nanda Rd., Gongyuan Vil., East Dist., Hsinchu City 300031, Taiwan (R.O.C.)","王O梅","0978-097990","","有","有"
"95469476","20250320","20250320","嘉奕智動有限公司","Ahead Intelli Control LTD.","臺北市中正區重慶南路1段57號14樓之18","14 F.-18, No. 57, Sec. 1, Chongqing S. Rd., Zhongzheng Dist., Taipei City 100003, Taiwan (R.O.C.)","呂O振","","","有","有"
"95469551","20241230","20241230","歐邑工程股份有限公司","O-YI CO., LTD.","桃園市龜山區南上里民生北路一段400號(1樓)","1 F., No. 400, Sec. 1, Minsheng N. Rd., Nanshang Vil., Guishan Dist., Taoyuan City 333016, Taiwan (R.O.C.)","張O庭","","","有","有"
"95469594","20240708","20240708","參和新材有限公司","SH New Materials Co., Ltd.","臺南市中西區金華路3段230號3樓之1","3 F.-1, No. 230, Sec. 3, Jinhua Rd., West Central Dist., Tainan City 700002, Taiwan (R.O.C.)","陳O財","0906237175","","有","有"
"95469715","20240418","20240418","邁齊車業有限公司","Maazi Vehicle Industry LTD.","臺中市南屯區環中路四段613號","No. 613, Sec. 4, Huanzhong Rd., Nantun Dist., Taichung City 408004, Taiwan (R.O.C.)","羅O廷","0918-084652","","有","有"
"95469779","20240705","20240708","明了有限公司","I realized LTD.","臺南市中西區中山路193號","No. 193, Zhongshan Rd., West Central Dist., Tainan City 700007, Taiwan (R.O.C.)","劉O銓","","","有","有"
"95469861","20240730","20240730","瑞奇兄弟科技有限公司","Richboyz Technology CO., LTD.","宜蘭縣頭城鎮開蘭舊路5-1號(一樓)","1 F., No. 5-1, Kailanjiu Rd., Toucheng Township, Yilan County 261004, Taiwan (R.O.C.)","楊OO","","","有","有"
"95469882","20240607","20240607","杰順車業科技有限公司","Lemony Corporation LTD.","臺中市豐原區北陽里南陽路綠山巷7弄100號1樓","No. 100, Aly. 7, Lushan Ln., Nanyang Rd., Beiyang Vil., Fengyuan Dist., Taichung City 420075, Taiwan (R.O.C.)","林O英","04-25130688","","有","有"
"95469911","20240514","20240514","台灣樂爾幸半導體股份有限公司","LX Semicon Taiwan Co., Ltd.","臺北市中山區明水路606巷16號3樓","3 F., No. 16, Ln. 606, Mingshui Rd., Zhongshan Dist., Taipei City 104051, Taiwan (R.O.C.)","SOngwooKim","","","有","有"
"95469932","20240729","20240729","拉拉全球貿易有限公司","LALA Global LTD.","桃園市蘆竹區坑口里南山北路二段348巷9之1號","No. 9-1, Ln. 348, Sec. 2, Nanshan N. Rd., Kengkou Vil., Luzhu Dist., Taoyuan City 338025, Taiwan (R.O.C.)","李O倪","","","有","有"
"95469953","20250418","20250418","燦通國際資產管理股份有限公司","CT Global Asset Management CO., LTD.","高雄市鳳山區文湖街69號6樓","6 F., No. 69, Wenhu St., Fengshan Dist., Kaohsiung City 830785, Taiwan (R.O.C.)","張O慈","","","有","有"
"95470092","20240528","20240528","吾泊有限公司","WU PO LTD.","臺北市中山區民族東路2號3樓之1","3 F.-1, No. 2, Minzu E. Rd., Zhongshan Dist., Taipei City 104039, Taiwan (R.O.C.)","王O平","0916313705","","有","有"
"95470115","20240604","20240604","尚磊有限公司","Wellsfayette Inc.","臺北市大安區忠孝東路4段155號6樓","6 F., No. 155, Sec. 4, Zhongxiao E. Rd., Da’an Dist., Taipei City 106076, Taiwan (R.O.C.)","須O儀","","","有","有"
"95470305","20240506","20241108","木林森網路科技有限公司","MU LIN SEN CO., LTD.","南投縣南投市營北里18鄰仁德路115號1樓","1 F., No. 115, Rende Rd., 18th Neighborhood, Yingbei Vil., Nantou City, Nantou County 540002, Taiwan (R.O.C.)","","0972029126","","無","無"
"95470348","20240710","20240711","雪輝佳人股份有限公司","Snow Shine Beauty CO., LTD.","臺北市大同區寧夏路23之1號2樓","2 F., No. 23-1, Ningxia Rd., Datong Dist., Taipei City 103019, Taiwan (R.O.C.)","賴O羽","","","有","有"
"95470353","20240823","20240823","克萊奧有限公司","KO LAI AO CO., LTD.","臺中市南屯區田心里文心路一段1號19樓之8","19 F.-8, No. 1, Sec. 1, Wenxin Rd., Tianxin Vil., Nantun Dist., Taichung City 408006, Taiwan (R.O.C.)","黃O恩","0988-298-718","","有","有"
"95470369","20250227","20250227","旭博貿易有限公司","Xubo Trading Co., Ltd.","新竹縣竹東鎮自強路436號4樓","4 F., No. 436, Ziqiang Rd., Zhudong Township, Hsinchu County 310015, Taiwan (R.O.C.)","古O洋","","","有","有"
"95470500","20240508","20250311","洋琉股份有限公司","YANGLIU CO., LTD.","臺北市信義區福德街300巷2號1樓","1 F., No. 2, Ln. 300, Fude St., Xinyi Dist., Taipei City 110042, Taiwan (R.O.C.)","李O嘉","","","有","有"
"95470570","20240724","20241004","昊呈科技有限公司","Glorious Technology CO., LTD.","新北市三重區重新路3段45號10樓之2","10 F.-2, No. 45, Sec. 3, Chongxin Rd., Sanchong Dist., New Taipei City 241613, Taiwan (R.O.C.)","范O馨","02-8981-0955","","有","有"
"95470641","20240503","20240503","山姆車業有限公司","Sam Auto Garage Equipment Co.","新北市三重區永福街98巷26號4樓","4 F., No. 26, Ln. 98, Yongfu St., Sanchong Dist., New Taipei City 241070, Taiwan (R.O.C.)","蘇O瑜","02-22807962","02-22801050","有","有"
"95470656","20240617","20240617","淏川科技有限公司","HAOCHWAN TECHNOLOGY CO., LTD.","臺中市北屯區平和里安順東二街11號八樓","8 F., No. 11, Anshun E. 2nd St., Beitun Dist., Taichung City 406050, Taiwan (R.O.C.)","李O昊","","","有","有"
"95470749","20240605","20240605","假設設計有限公司","Assumption Design Office LTD.","臺中市西區民權路219號2樓","2 F., No. 219, Minquan Rd., West Dist., Taichung City 403507, Taiwan (R.O.C.)","黃O梧","","","有","有"
"95470754","20240607","20250415","詠蒔國際有限公司","Yong Shi International CO., LTD.","雲林縣斗南鎮大同里建國二路170號1樓","1 F., No. 170, Jianguo 2nd Rd., Datong Vil., Dounan Township, Yunlin County 630044, Taiwan (R.O.C.)","陳O宇","05-5954871","","有","有"
"95470760","20241224","20241224","愛藤科技股份有限公司","AITOZTECH Co., Ltd.","臺北市萬華區廣州街189號4樓","4 F., No. 189, Guangzhou St., Wanhua Dist., Taipei City 108015, Taiwan (R.O.C.)","伊O清一","","","有","有"
"95470781","20250217","20250217","嗆果子有限公司","ChunGo LTD.","臺南市東區德光里崇學路165號7樓","7 F., No. 165, Chongxue Rd., Deguang Vil., East Dist., Tainan City 701016, Taiwan (R.O.C.)","魏O瑩","","","有","有"
"95470804","20240508","20240508","金萱科技有限公司","Jin Xuan Digital Co., Ltd.","臺北市大安區安居街8巷6弄2號1樓","1 F., No. 2, Aly. 6, Ln. 8, Anju St., Da’an Dist., Taipei City 106039, Taiwan (R.O.C.)","陳O志","","","有","有"
"95470810","20240521","20241126","川久企業有限公司","Chuan Chiu Co., Ltd.","臺中市西屯區大鵬里文心路三段241號21樓之2","21 F.-2, No. 241, Sec. 3, Wenxin Rd., Dapeng Vil., Xitun Dist., Taichung City 407330, Taiwan (R.O.C.)","陳O鴻","","","有","有"
"95470874","20240625","20240625","台灣克為基有限公司","KVG Taiwan Ltd","臺北市中山區長春路366號3樓","3 F., No. 366, Changchun Rd., Zhongshan Dist., Taipei City 104706, Taiwan (R.O.C.)","EOishaJosephAbbott","","","有","有"
"95471120","20250313","20250313","金倢有限公司","KIN JET CO., LTD.","臺中市神岡區中山路1570號","No. 1570, Zhongshan Rd., Shengang Dist., Taichung City","王O樺","","","有","有"
"95471156","20250603","20250603","煒茂有限公司","Wei Mou LTD.","臺南市安平區華平里慶平路499號2樓","2 F., No. 499, Qingping Rd., Huaping Vil., Anping Dist., Tainan City 708010, Taiwan (R.O.C.)","許O升","0901257454","","有","有"
"95471162","20240702","20240702","立溱國際股份有限公司","RichGen International CO., LTD.","臺南市將軍區西華65-23號","No. 65-23, Xihua, Jiangjun Dist., Tainan City 725036, Taiwan (R.O.C.)","黃O宇","","","有","有"
"95471233","20250212","20250212","成立百大投資股份有限公司","JOURNEY TO DIAMOND HOLDING CO., LTD.","臺北市內湖區瑞光路607號4樓","4F., No. 607, Ruiguang Rd., Neihu Dist., Taipei City , Taiwan","蘇O如","0966422579","02-26560980","有","有"
"95471260","20240606","20240606","不老股份有限公司","ANTI-AGING INC.","臺北市中山區民生東路2段126號3樓","3 F., No. 126, Sec. 2, Minsheng E. Rd., Zhongshan Dist., Taipei City 104085, Taiwan (R.O.C.)","許O翔","02-2563-1881","","有","有"
"95471281","20240722","20240722","凱耀全球有限公司","KLINK Technology CO., LTD.","新北市三重區重新路2段21號11樓","11 F., No. 21, Sec. 2, Chongxin Rd., Sanchong Dist., New Taipei City 241050, Taiwan (R.O.C.)","陳O男","0912557459","","有","有"
"95471297","20240717","20240717","廣隆商業有限公司","Kung Long Commercial CO., LTD.","高雄市阿蓮區民族路238巷13弄50號","No. 50, Aly. 13, Ln. 238, Minzu Rd., Alian Dist., Kaohsiung City 822006, Taiwan (R.O.C.)","程O婷","07-6366367","","有","有"
"95471326","20250421","20250421","聯晶股份有限公司","Lionchip CO., LTD.","新竹縣湖口鄉光華路583號","No. 583, Guanghua Rd., Hukou Township, Hsinchu County 303120, Taiwan (R.O.C.)","徐O吉","03-5983501","03-5983502","有","有"
"95471418","20250214","20250214","鴻達機電工程有限公司","Hongda Electromechanical ENGINEERING CO., LTD.","基隆市中山區德和里復興路212巷7弄11號","No. 11, Aly. 7, Ln. 212, Fuxing Rd., Dehe Vil., Zhongshan Dist., Keelung City 203007, Taiwan (R.O.C.)","吳O明","","","有","有"
"95471472","20240805","20241115","鉅銓有限公司","GRAND BLOWER CO., LTD.","桃園市蘆竹區六福路308之5號","No. 308-5, Liufu Rd., Luzhu Dist., Taoyuan City 338107, Taiwan (R.O.C.)","","","","無","無"
"95471493","20250219","20250407","玨淨萃有限公司","Purity Living LTD.","桃園市桃園區經國里同安街76之1號","No. 76-1, Tong'an St., Taoyuan Dist., Taoyuan City 330007, Taiwan (R.O.C.)","簡O儀","0978854161","","有","有"
"95471640","20250123","20250123","穎翔國際有限公司","INSHINE INTERNATIONAL CO., LTD.","臺北市松山區南京東路4段95號6樓之2","6 F.-2, No. 95, Sec. 4, Nanjing E. Rd., Songshan Dist., Taipei City 105023, Taiwan (R.O.C.)","鄧O萍","","","有","有"
"95471682","20240726","20250505","諾研科技有限公司","NOAYAN TECHNOLOGY Co.","新北市新莊區中港路531巷108號7樓","7 F., No. 108, Ln. 531, Zhonggang Rd., Xinzhuang Dist., New Taipei City 242026, Taiwan (R.O.C.)","胡O津","0933-032-615","","有","有"
"95471775","20250609","20250609","日野國際有限公司","TW RACING PARTS LTD.","臺中市烏日區學田里溫泉路16之6號地下1樓","B1 F., No. 16-6, Wenquan Rd., Xuetian Vil., Wuri Dist., Taichung City 414252, Taiwan (R.O.C.)","廖O","04-23501234","04-23502345","有","有"
"95471830","20240501","20240501","開羅數據股份有限公司","KAIROSYS CO., LTD.","臺南市中西區南美里民權路2段259號1樓","1 F., No. 259, Sec. 2, Minquan Rd., Nanmei Vil., West Central Dist., Tainan City 700006, Taiwan (R.O.C.)","城O鈞","0975272172","","有","有"
"95471901","20240529","20240529","隱藏寶藏有限公司","HiddenTreasure LTD.","臺北市中山區長安東路2段108號8樓之7","8 F.-7, No. 108, Sec. 2, Chang’an E. Rd., Zhongshan Dist., Taipei City 104094, Taiwan (R.O.C.)","李O興","0910004524","","有","有"
"95471938","20240424","20240426","初忠國際有限公司","TruOrigin Co., Ltd.","臺北市信義區基隆路1段206號17樓","17 F., No. 206, Sec. 1, Keelung Rd., Xinyi Dist., Taipei City 110058, Taiwan (R.O.C.)","張O涵","","","有","有"
"95472084","20241203","20241203","璞斯國際有限公司","Pure spirit International CO., LTD.","高雄市三民區博愛一路287號7樓","7 F., No. 287, Bo'ai 1st Rd., Sanmin Dist., Kaohsiung City 807025, Taiwan (R.O.C.)","劉O妤","07-3226877","","有","有"
"95472090","20240704","20250204","日商愛婭股份有限公司台灣分公司","AiiA Corporation Taiwan Branch(JAPAN)","臺北市中山區南京東路二段90號4樓","4 F., No. 90, Sec. 2, Nanjing E. Rd., Zhongshan Dist., Taipei City 104491, Taiwan (R.O.C.)","三O智之TOMOYUKIMITSUI","","","有","有"
"95472134","20240614","20240614","齊葳興業有限公司","Chi Wei Biotechnology LTD.","臺北市信義區忠孝東路5段1之3號14樓","14 F., No. 1-3, Sec. 5, Zhongxiao E. Rd., Xinyi Dist., Taipei City 110410, Taiwan (R.O.C.)","吳O葳","0965831822","","有","有"
"95472198","20250205","20250205","亞美克有限公司","Yamek CO., LTD.","新北市新莊區新樹路172號之4(1樓)","1 F., No. 172-4, Xinshu Rd., Xinzhuang Dist., New Taipei City 242073, Taiwan (R.O.C.)","丁O良","","","有","有"
"95472269","20240919","20240919","晉寶實業有限公司","JIN BAO INDUSTRIAL CO., LTD.","高雄市前金區中山二路507號12樓","12 F., No. 507, Zhongshan 2nd Rd., Qianjin Dist., Kaohsiung City 801754, Taiwan (R.O.C.)","楊O儀","07-2691100","","有","有"
"95472275","20240506","20240506","柏雷德有限公司","Burettora LTD.","臺北市內湖區瑞光路335號11樓","11 F., No. 335, Ruiguang Rd., Neihu Dist., Taipei City 114063, Taiwan (R.O.C.)","BOAETTOERSEBASTIANHUBERT","","","有","有"
"95472296","20250305","20250305","珺玥文化創意有限公司","JunYue Creative CO,LTD","桃園市楊梅區青山里青山二街379巷5號6樓","6 F., No. 5, Ln. 379, Qingshan 2nd St., Qingshan Vil., Yangmei Dist., Taoyuan City 326013, Taiwan (R.O.C.)","戴O","0981651566","","有","有"
"95472417","20241017","20241017","心吾國際有限公司","XIN WU INTERNATIONAL CO., LTD.","新北市新店區三民路38號5樓","5 F., No. 38, Sanmin Rd., Xindian Dist., New Taipei City 231032, Taiwan (R.O.C.)","李O恕","","","有","有"
"95472541","20240819","20250318","捷貿科技實業有限公司","JETMOST TECHNOLOGY CO., LTD.","新北市板橋區文化路2段285號21樓","21 F., No. 285, Sec. 2, Wenhua Rd., Banqiao Dist., New Taipei City 220503, Taiwan (R.O.C.)","林O忠","03-3373663","","有","有"
"95472606","20240716","20240814","玖捌科技股份有限公司","98KHOKI CORPORATION","臺北市內湖區瑞光路513巷26號4樓之3","4 F.-3, No. 26, Ln. 513, Ruiguang Rd., Neihu Dist., Taipei City 114697, Taiwan (R.O.C.)","李O堅","02-26589998","","有","有"
"95472633","20240611","20240611","一帆藝術有限公司","Ichi ho art CO., LTD.","臺中市北區賴興里文心路四段200號8樓之8","8 F.-8, No. 200, Sec. 4, Wenxin Rd., Laixing Vil., North Dist., Taichung City 404536, Taiwan (R.O.C.)","夏O興","0916-627312","","有","有"
"95472681","20240529","20240529","亞洋水產有限公司","Yayang Seafood CO., LTD.","新北市板橋區板新路52號","No. 52, Banxin Rd., Banqiao Dist., New Taipei City 220076, Taiwan (R.O.C.)","鍾O村","02-22505523","02-22506732","有","有"
"95472802","20250423","20250423","知思樂國際行銷有限公司","JoyThink CO., LTD.","臺北市中山區南京東路1段13巷5號2樓","2 F., No. 5, Ln. 13, Sec. 1, Nanjing E. Rd., Zhongshan Dist., Taipei City 104010, Taiwan (R.O.C.)","宋O美親","0921308358","","有","有"
"95472818","20240715","20250117","雅庫拉水晶有限公司","AKULA CRYSTAL TW CO., LTD.","臺北市信義區基隆路2段81之1號12樓","12 F., No. 81-1, Sec. 2, Keelung Rd., Xinyi Dist., Taipei City 110008, Taiwan (R.O.C.)","","","","無","無"
"95472845","20240529","20240529","萱美國際有限公司","HSUAN MEI INTERNATIONAL LTD.","臺中市南屯區豐樂里東興路一段455號1樓","1 F., No. 455, Sec. 1, Dongxing Rd., Fengle Vil., Nantun Dist., Taichung City 408025, Taiwan (R.O.C.)","王O皓","","","有","有"
"95472866","20240624","20240624","誠儒貿易有限公司","Chengru Trading Co., Ltd.","臺中市西屯區福上巷178之2號","No. 178-2, Fushang Ln., Xitun Dist., Taichung City 407040, Taiwan (R.O.C.)","何O儒","","","有","有"
"95473008","20250114","20250114","宏泰美業股份有限公司","Xaico Taiwan CO., LTD.","臺北市松山區復興北路167號10樓之2","10 F.-2, No. 167, Fuxing N. Rd., Songshan Dist., Taipei City 105403, Taiwan (R.O.C.)","蔡O濶","","","有","有"
"95473106","20240806","20240926","益合貿易有限公司","Sihong Trading CO., LTD.","桃園市桃園區大興西路二段200之2號2樓","2 F., No. 200-2, Sec. 2, Daxing W. Rd., Taoyuan Dist., Taoyuan City 330012, Taiwan (R.O.C.)","黃O益","03-2161170","","有","有"
"95473154","20240426","20240426","睿億國際有限公司","Rhema international CO., LTD.","新竹縣竹北市斗崙里科大二街259號8樓","8 F., No. 259, Keda 2nd St., Doulun Vil., Zhubei City, Hsinchu County 302056, Taiwan (R.O.C.)","古O巧","03-6572058","","有","有"
"95473289","20240611","20240611","咯噔有限公司","Gedeng Co., Ltd.","桃園市蘆竹區錦中里南崁路308號","No. 308, Nankan Rd., Jinzhong Vil., Luzhu Dist., Taoyuan City 338019, Taiwan (R.O.C.)","江O增","0921964996","","有","有"
"95473350","20240729","20240729","源澤船務代理有限公司","GAIN SOURCE SHIPPING AGENCY CO., LTD.","高雄市苓雅區四維四路7號11樓","11 F., No. 7, Siwei 4th Rd., Lingya Dist., Kaohsiung City 802754, Taiwan (R.O.C.)","傅O銘","","","有","有"
"95473400","20240607","20240607","采樽國際有限公司","Beauty Oak International CO., LTD.","苗栗縣頭份市下興里15鄰新興街18巷55弄60號1樓","1 F., No. 60, Aly. 55, Ln. 18, Xinxing St., 15th Neighborhood, Xiaxing Vil., Toufen City, Miaoli County 351003, Taiwan (R.O.C.)","刁O繯","","","有","有"
"95473437","20240701","20240701","諾瓦科有限公司","Novaco CO., LTD.","臺北市中山區南京東路2段150號7樓","7 F., No. 150, Sec. 2, Nanjing E. Rd., Zhongshan Dist., Taipei City 104695, Taiwan (R.O.C.)","謝O翰","","","有","有"
"95473540","20240701","20241012","活力曜昇國際有限公司","Energyx Health International Co., Ltd.","臺中市北屯區平福里崇德路二段250號19樓","19 F., No. 250, Sec. 2, Chongde Rd., Pingfu Vil., Beitun Dist., Taichung City 406503, Taiwan (R.O.C.)","陳O隆","0925536013","","有","有"
"95473561","20240805","20250529","昱庭貿易有限公司","Sun Garden Trading CO., LTD.","新北市新莊區五權一路5號之8(2樓)","2 F., No. 5-8, Wuquan 1st Rd., Xinzhuang Dist., New Taipei City 248022, Taiwan (R.O.C.)","李O佳","0978068330","","有","有"
"95473730","20241011","20241011","佳鎂國際股份有限公司","CHIA-MEI INTL INC.","桃園市桃園區宏昌八街138號13樓","13 F., No. 138, Hongchang 8th St., Taoyuan Dist., Taoyuan City 330040, Taiwan (R.O.C.)","李O儒","03-2170137","03-2170139","有","有"
"95473773","20250226","20250226","斯曼西股份有限公司","SMS Group CO., LTD.","高雄市前鎮區民權二路8號23樓","23 F., No. 8, Minquan 2nd Rd., Qianzhen Dist., Kaohsiung City 806616, Taiwan (R.O.C.)","BOnjaminKOim","","","有","有"
"95473817","20240419","20240419","龍樺國際有限公司","Dragon Wealth Co.","臺北市大安區信義路4段263號13樓之2","13 F.-2, No. 263, Sec. 4, Xinyi Rd., Da’an Dist., Taipei City 106659, Taiwan (R.O.C.)","徐O駿","","","有","有"
"95473823","20240531","20250206","創鼎綠能科技股份有限公司","Creator green energy technology CO., LTD.","桃園市桃園區鎮撫街170號(一樓)","1 F., No. 170, Zhenfu St., Taoyuan Dist., Taoyuan City 330016, Taiwan (R.O.C.)","","0910-293919","","無","無"
"95473915","20250402","20250402","富智慧科技有限公司","RICH SMART CO., LTD.","臺中市北區臺灣大道一段606號1樓","1 F., No. 606, Sec. 1, Taiwan Blvd., North Dist., Taichung City 404006, Taiwan (R.O.C.)","張O碩","0909-244499","","有","有"
"95473984","20240510","20240510","丹尼斯酒窖有限公司","Wines Cloud CO., LTD.","臺南市新市區富安七街96號1樓","1 F., No. 96, Fu’an 7th St., Xinshi Dist., Tainan City 744007, Taiwan (R.O.C.)","郭O立","","","有","有"
"95474029","20240416","20240917","日醣運輸有限公司","RI TANG ENTERPRISE CO., LTD.","高雄市小港區高坪三十五街515號","No. 515, Gaoping 35th St., Xiaogang Dist., Kaohsiung City 812043, Taiwan (R.O.C.)","張O銘","","","有","有"
"95474061","20240729","20240729","倜儻國際有限公司","Suave International Co., Ltd.","臺北市大安區復興南路1段352號2樓之2","2 F.-2, No. 352, Sec. 1, Fuxing S. Rd., Da'an Dist., Taipei City 106094, Taiwan (R.O.C.)","盧O丞","","","有","有"
"95474175","20250509","20250509","興昱發有限公司","Xing Yu Fa LTD.","高雄市新興區民生一路56號15樓之4","15 F.-4, No. 56, Minsheng 1st Rd., Xinxing Dist., Kaohsiung City 800408, Taiwan (R.O.C.)","葉O甫","","","有","有"
"95474528","20250110","20250110","誠樸工事室內裝修設計有限公司","SINCERE AND SIMPLE WORKS CO., LTD.","新北市中和區中和路366號4樓","4 F., No. 366, Zhonghe Rd., Zhonghe Dist., New Taipei City 235605, Taiwan (R.O.C.)","李O展","","","有","有"
"95474718","20250424","20250424","嘉登環球股份有限公司","garden global CO., LTD.","高雄市苓雅區三多四路110號19樓之1","19 F.-1, No. 110, Sanduo 4th Rd., Lingya Dist., Kaohsiung City 802630, Taiwan (R.O.C.)","王O雯","","","有","有"
"95474885","20250603","20250603","壹陸順發行銷有限公司","YI LU SHUN FA MARKETING LTD.","桃園市平鎮區湧光里23鄰湧峯路70巷47號","No. 47, Ln. 70, Yongfeng Rd., Pingzhen Dist., Taoyuan City 324021, Taiwan (R.O.C.)","謝O維","","","有","有"
"95474956","20240515","20240515","出外瑜珈有限公司","Tryoga Studio Co., Ltd.","新北市三重區三和路4段382巷35號(2樓)","2 F., No. 35, Ln. 382, Sec. 4, Sanhe Rd., Sanchong Dist., New Taipei City 241069, Taiwan (R.O.C.)","張O勻","","","有","有"
"95475006","20250217","20250217","微笑貿易有限公司","CHEN LI KUEI Co.","高雄市苓雅區福德一路349號1樓","1 F., No. 349, Fude 1st Rd., Lingya Dist., Kaohsiung City 802010, Taiwan (R.O.C.)","莊O恩","","","有","有"
"95475033","20240606","20240606","希柏國際股份有限公司","HIPPORIZZ INTERNATIONAL CO., LTD.","臺北市中山區松江路82號5樓","5 F., No. 82, Songjiang Rd., Zhongshan Dist., Taipei City 104491, Taiwan (R.O.C.)","張O雲","0989301522","","有","有"
"95475104","20240624","20240624","鑫盛光電科技有限公司","Amos Design Electric CO., LTD.","桃園市蘆竹區南崁路一段83號18樓之2","18 F.-2, No. 83, Sec. 1, Nankan Rd., Luzhu Dist., Taoyuan City 338207, Taiwan (R.O.C.)","許O生","0916-958828","","有","有"
"95475168","20250211","20250211","愛鑫斯坦科技有限公司","AINSTEIN FINTECH LTD.","臺北市中正區忠孝東路1段49巷17號3樓","3 F., No. 17, Ln. 49, Sec. 1, Zhongxiao E. Rd., Zhongzheng Dist., Taipei City 100009, Taiwan (R.O.C.)","李O錞","0903141302","","有","有"
"95475174","20240812","20250426","極光餐飲股份有限公司","AURORA FOOD CONSULTING INC.","臺北市大同區民樂街20號","No. 20, Minle St., Datong Dist., Taipei City 103005, Taiwan (R.O.C.)","須O幸生","0983-377-137","","有","有"
"95475195","20240530","20240911","泛科應用材料有限公司","Finechem Applied Material CO., LTD.","高雄市苓雅區四維四路7號11樓","11 F., No. 7, Siwei 4th Rd., Lingya Dist., Kaohsiung City 802754, Taiwan (R.O.C.)","鄭O廷","","","有","有"
"95475239","20240628","20240628","福境群農業股份有限公司","Forging Ahead Agriculture Company Limited","臺中市西屯區臺灣大道四段1230巷20號","No. 20, Ln. 1230, Sec. 4, Taiwan Blvd., Xitun Dist., Taichung City 407217, Taiwan (R.O.C.)","盧O德","04-24635626#101","","有","有"
"95475266","20240510","20240510","立倫行銷有限公司","Li Lun Marketing Co., Ltd.","新北市新莊區中原東路192之1號9樓","9 F., No. 192-1, Zhongyuan E. Rd., Xinzhuang Dist., New Taipei City 242045, Taiwan (R.O.C.)","蔡O育","0937842807","","有","有"
"95475391","20240802","20240802","凱恩斯看板資訊有限公司","KEVIN'S KANBAN INFORMATION LTD.","臺中市大里區新仁里立仁路69號2樓","2 F., No. 69, Liren Rd., Xinren Vil., Dali Dist., Taichung City 412009, Taiwan (R.O.C.)","黃O文","04-22786764","","有","有"
"95475499","20240815","20240815","晨宏貿易有限公司","Chen Hong Enterprise LTD.","彰化縣彰化市埔陽街43號1樓","1 F., No. 43, Puyang St., Changhua City, Changhua County 500053, Taiwan (R.O.C.)","張O惠","0987473792","","有","有"
"95475511","20250219","20250219","有角音樂有限公司","Spiky Music LTD.","臺北市中山區松江路64巷10之2號2樓","2 F., No. 10-2, Ln. 64, Songjiang Rd., Zhongshan Dist., Taipei City 104090, Taiwan (R.O.C.)","張O勛","","","有","有"
"95475596","20240718","20240718","西門國際企業有限公司","Hitman International CO., LTD.","新北市林口區文化二路1段390號6樓","6 F., No. 390, Sec. 1, Wenhua 2nd Rd., Linkou Dist., New Taipei City 244019, Taiwan (R.O.C.)","楊O菁","","","有","有"
"95475619","20240530","20240530","品綱工業有限公司","Pin Gang Industrial CO., LTD.","高雄市仁武區竹東路42號","No. 42, Zhudong Rd., Renwu Dist., Kaohsiung City 814010, Taiwan (R.O.C.)","張O易昇","","","有","有"
"95475673","20240613","20240613","御洋科技有限公司","YU YANG Sci. & Tech CO., LTD.","臺中市西屯區逢福里櫻城五街7巷7號1樓","1 F., No. 7, Ln. 7, Yingcheng 5th St., Fengfu Vil., Xitun Dist., Taichung City 407438, Taiwan (R.O.C.)","蕭O永","","","有","有"
"95475688","20240516","20240516","僑好服裝貿易有限公司","Jo Good CO., LTD.","臺北市中山區樂群二路109號1樓","1 F., No. 109, Lequn 2nd Rd., Zhongshan Dist., Taipei City 104052, Taiwan (R.O.C.)","黃O懿","02-85011444","","有","有"
"95475771","20250227","20250227","程原控股有限公司","ChengY LTD.","臺北市中山區中山北路3段27號4樓之9","4 F.-9, No. 27, Sec. 3, Zhongshan N. Rd., Zhongshan Dist., Taipei City 104429, Taiwan (R.O.C.)","程O鴻","","","有","有"
"95475857","20241128","20241128","棋驊有限公司","CHIHUA CORPORATION CO., LTD.","臺中市南屯區寶山里寶山東一街13號12樓之1","12 F.-1, No. 13, Baoshan E. 1st St., Baoshan Vil., Nantun Dist., Taichung City 408249, Taiwan (R.O.C.)","蔡O修","0912340587","","有","有"
"95475879","20240723","20240723","康期生技有限公司","KANG CHI CO., LTD.","新北市林口區文化二路1段266號地下一層之8","No. 266, Sec. 1, Wenhua 2nd Rd., Linkou Dist., New Taipei City 244257, Taiwan (R.O.C.)","張O璘","0921-110-699","","有","有"
"95475884","20240422","20240422","錢夫人有限公司","Mrs. Money Company Limited","高雄市彌陀區樂安路95號","No. 95, Le’an Rd., Mituo Dist., Kaohsiung City 827012, Taiwan (R.O.C.)","孫O羚","","","有","有"
"95475998","20250318","20250318","合程國際地產股份有限公司","MM2HOME GLOBAL CO., LTD.","臺北市北投區懷德街3之4號1樓","1 F., No. 3-4, Huaide St., Beitou Dist., Taipei City 112041, Taiwan (R.O.C.)","林O呈","02-77016661#100","","有","有"
"95476011","20240508","20240508","威拓精密科技股份有限公司","WIN TOP PRECISION CO., LTD.","嘉義縣民雄鄉北斗村新生街12號1樓","1F., No. 12, Xinsheng St., Beidou Vil., Minxiong Township, Chiayi County 621011, Taiwan (R.O.C.)","姜O葳","05-2133099","","有","有"
"95476103","20250307","20250307","欣盛宇貿易有限公司","Xin Sheng Yu CO., LTD.","臺中市南屯區同心里南屯路二段290號12樓之2","12 F.-2, No. 290, Sec. 2, Nantun Rd., Tongxin Vil., Nantun Dist., Taichung City 408482, Taiwan (R.O.C.)","黃O國","","","有","有"
"95476146","20250616","20250616","凱昱生技有限公司","Yukai Biotech Co., Ltd.","高雄市苓雅區樂仁路56號2樓","2 F., No. 56, Leren Rd., Lingya Dist., Kaohsiung City 802014, Taiwan (R.O.C.)","黃O凱","","","有","有"
"95476201","20240912","20240912","捷利得科技股份有限公司","Gellead Technology CO., LTD.","高雄市仁武區永昌二街112號","No. 112, Yongchang 2nd St., Renwu Dist., Kaohsiung City 814034, Taiwan (R.O.C.)","陶O驊","","","無","無"
"95476336","20240612","20250311","兩杯起股份有限公司","ERBEIQI CO., LTD.","臺北市大安區和平東路1段6號11樓","11 F., No. 6, Sec. 1, Heping E. Rd., Da’an Dist., Taipei City 106012, Taiwan (R.O.C.)","","027057556","","無","無"
"95476357","20250206","20250206","老倫敦有限公司臺北分公司","Old London Legend Co. Taipei Branch","臺北市大安區大安路一段176巷15號1樓","1 F., No. 15, Ln. 176, Sec. 1, Da'an Rd., Da'an Dist., Taipei City 106091, Taiwan (R.O.C.)","倪O恩","","","有","有"
"95476589","20240510","20240510","香港商肌靈有限公司台灣分公司","Le Moi-Peau Limited Taiwan Branch(HONG KONG)","彰化縣鹿港鎮東石里吉安二街11號","No. 11, Ji’an 2nd St., Dongshi Vil., Lukang Township, Changhua County 505004, Taiwan (R.O.C.)","阮O銘YUEN,CHUMING","","","有","有"
"95476602","20240628","20240628","戈登維特生物科技有限公司","Gordon Vita Biotechnology CO., LTD.","桃園市桃園區朝陽里民生路666之20號3樓","3 F., No. 666-20, Minsheng Rd., Chaoyang Vil., Taoyuan Dist., Taoyuan City 330066, Taiwan (R.O.C.)","呂O恩","02-86865727","","有","有"
"95476645","20240604","20240604","瀚鎂科技有限公司","Hannmeii Technology Co., Ltd.","臺南市東區大同里大同路1段173號8樓","8 F., No. 173, Sec. 1, Datong Rd., Datong Vil., East Dist., Tainan City 701010, Taiwan (R.O.C.)","劉O湧","","","有","有"
"95476743","20240419","20240419","宸林健康有限公司","Chenlin Health CO., LTD.","高雄市新興區民生一路247號8樓之1","8 F.-1, No. 247, Minsheng 1st Rd., Xinxing Dist., Kaohsiung City 800407, Taiwan (R.O.C.)","林O穎","07-2231685","","有","有"
"95476791","20250114","20250114","可成技術工程有限公司","KE CHENG TECHNICAL ENGINEERING CO., LTD.","彰化縣線西鄉寓埔村中華路393巷12號","No. 12, Ln. 393, Zhonghua Rd., Xianxi Township, Changhua County 507003, Taiwan (R.O.C.)","黃O偉","","","有","有"
"95476808","20240717","20240717","元盛國際貿易有限公司","Yuan Rich International CO., LTD.","高雄市大樹區小坪路72之12號","No. 72-12, Xiaoping Rd., Dashu Dist., Kaohsiung City 840010, Taiwan (R.O.C.)","江O縉","0918989956","","有","有"
"95476906","20240625","20240914","黑大木科技有限公司","Gneffin technology LLC.","臺北市中山區南京東路3段168號15樓之2","15 F.-2, No. 168, Sec. 3, Nanjing E. Rd., Zhongshan Dist., Taipei City 104105, Taiwan (R.O.C.)","馮O威","02-77136113","","有","有"
"95476954","20240508","20240919","哥吉拉國際股份有限公司","KingOfMonsters International Co., Ltd.","新北市淡水區新市五路3段266號12樓","12 F., No. 266, Sec. 3, Xinshi 5th Rd., Tamsui Dist., New Taipei City 251661, Taiwan (R.O.C.)","","","","無","無"
"95476976","20240517","20240517","耀暘國際有限公司","YAU YANG LIFESTYLE INC.","高雄市新興區中山一路14號9樓之10","9 F.-10, No. 14, Zhongshan 1st Rd., Xinxing Dist., Kaohsiung City 800012, Taiwan (R.O.C.)","楊O儒","","","有","有"
"95477089","20240703","20240703","旺運國際有限公司","Wang Yun International CO., LTD.","臺中市南屯區大興里南屯路二段169號8樓","8 F., No. 169, Sec. 2, Nantun Rd., Daxing Vil., Nantun Dist., Taichung City 408460, Taiwan (R.O.C.)","鄭O桂","","","有","有"
"95477166","20250312","20250312","文生國際有限公司","WS.int CO., LTD.","新北市汐止區大同路3段609號20樓之1","20 F.-1, No. 609, Sec. 3, Datong Rd., Xizhi Dist., New Taipei City 221622, Taiwan (R.O.C.)","蘇O泉","07-7861409","","有","有"
"95477222","20240923","20240923","譽啟科技有限公司","GOODSTANDING TECHNOLOGY LTD.","新北市三重區重新路4段63號7樓","7 F., No. 63, Sec. 4, Chongxin Rd., Sanchong Dist., New Taipei City 241602, Taiwan (R.O.C.)","林O華","","","有","有"
"95477314","20240522","20240522","構光科技股份有限公司","GeNopsys Tech CO., LTD.","新竹縣竹北市復興三路二段168號9樓之5","9 F.-5, No. 168, Sec. 2, Fuxing 3rd Rd., Zhubei City, Hsinchu County 302052, Taiwan (R.O.C.)","楊O瑞","","","有","有"
"95477362","20241014","20250527","恩捷科技有限公司","Engynix CORP.","新竹縣竹北市台元街38號6樓之12","6 F.-12, No. 38, Taiyuan St., Zhubei City, Hsinchu County 302082, Taiwan (R.O.C.)","WOllOamStevenRowe","03-5600002#205","","有","有"
"95477433","20250212","20250410","太美控股有限公司","Taimax Taiwan Holding Company","臺北市文山區育英街67號1樓","1 F., No. 67, Yuying St., Wenshan Dist., Taipei City 116053, Taiwan (R.O.C.)","戴O森","","","有","有"
"95477481","20240705","20240911","嘉大國際貿易有限公司","JiaDa International Trading CO., LTD.","臺中市北屯區松竹里崇德二路二段80號1樓","1 F., No. 80, Sec. 2, Chongde 2nd Rd., Songzhu Vil., Beitun Dist., Taichung City 406022, Taiwan (R.O.C.)","","0932644398","","無","無"
"95477546","20240710","20250612","穿透中股份有限公司","X-way Taichung CO., LTD.","臺中市西屯區市政路386號20樓之6","20 F.-6, No. 386, Shizheng Rd., Xitun Dist., Taichung City 407667, Taiwan (R.O.C.)","","","","有","有"
"95477588","20240729","20241205","侑錫精密有限公司","YOU SI PRECISION LTD.","臺中市清水區秀水里華江南街一段120號","No. 120, Sec. 1, Huajiang S. St., Xiushui Vil., Qingshui Dist., Taichung City 436038, Taiwan (R.O.C.)","陳O霖","0963-128265","","有","有"
"95477659","20240717","20240717","利運澤有限公司","LI YUAN ZE TRADING LTD.","臺中市北屯區平安里文心路四段698號15樓之1","15 F.-1, No. 698, Sec. 4, Wenxin Rd., Ping’an Vil., Beitun Dist., Taichung City 406503, Taiwan (R.O.C.)","黃O","0963539966","","無","無"
"95477692","20250418","20250418","艾唯智醫有限公司","Aivita Taiwan Limited","臺中市西屯區朝馬路162號","No. 162, Chaoma Rd., Xitun Dist., Taichung City 407027, Taiwan (R.O.C.)","洪O溱","0422020590","","有","有"
"95477721","20240612","20240612","夢想日常有限公司","DREAM TO GO LTD.","新北市樹林區長壽街15之10號8樓","8 F., No. 15-10, Changshou St., Shulin Dist., New Taipei City 238038, Taiwan (R.O.C.)","王O涵","02-26830403","02-26867231","有","有"
"95477742","20250225","20250225","剛能有限公司","GUNNER Limited Company","新竹市北區經國路一段675號11樓","11 F., No. 675, Sec. 1, Jingguo Rd., North Dist., Hsinchu City 300006, Taiwan (R.O.C.)","古OGUNERMUSTAFAKORAY","","","有","有"
"95477813","20241126","20241126","莊宸有限公司","Zhuang Chen CO., LTD.","屏東縣萬丹鄉加興村加興路90巷13號1樓","1 F., No. 13, Ln. 90, Jiaxing Rd., Wandan Township, Pingtung County 913008, Taiwan (R.O.C.)","楊O君","08-7075698","","有","有"
"95478019","20240716","20240716","向爾國際有限公司","XIANG ER International LTD.","臺中市西區大忠里忠明南路270號7樓之1","7 F.-1, No. 270, Zhongming S. Rd., Dazhong Vil., West Dist., Taichung City 403, Taiwan (R.O.C.)","林O廷","0982526131","","有","有"
"95478046","20240913","20240913","秐泰管理顧問有限公司","YUN-TAI Management Consulting Ltd.","臺北市大安區新生南路2段2號7樓之3","7 F.-3, No. 2, Sec. 2, Xinsheng S. Rd., Da'an Dist., Taipei City 106605, Taiwan (R.O.C.)","陳O麟","","","有","有"
"95478171","20240528","20240528","簡單蠅音樂有限公司","EZFLY MUSIC Co., Ltd.","新北市林口區文化三路1段39巷126號14樓","14 F., No. 126, Ln. 39, Sec. 1, Wenhua 3rd Rd., Linkou Dist., New Taipei City 244015, Taiwan (R.O.C.)","蒲O萍","","","有","有"
"95478221","20240904","20250116","彭翊睿貿易暨技術服務有限公司","Peng I Ray Trading and Technical Services CO., LTD.","高雄市前鎮區中山二路2號13樓之3","13 F.-3, No. 2, Zhongshan 2nd Rd., Qianzhen Dist., Kaohsiung City 806611, Taiwan (R.O.C.)","彭O賢","0923611610","","有","有"
"95478236","20240717","20240717","好橙國際有限公司","Oringe CO., LTD.","臺北市大安區和平東路1段6號11樓","11 F., No. 6, Sec. 1, Heping E. Rd., Da’an Dist., Taipei City 106012, Taiwan (R.O.C.)","程O娟","","","有","有"
"95478263","20240604","20240604","葡萄多多有限公司","GNM Limited Company","臺北市大同區重慶北路2段48號9樓之3","9 F.-3, No. 48, Sec. 2, Chongqing N. Rd., Datong Dist., Taipei City 103608, Taiwan (R.O.C.)","AONOLINMICHELANOELA","","","有","有"
"95478313","20240417","20250612","台灣駿吉科技股份有限公司","Taiwan Inmax Technology CO., LTD.","臺北市松山區南京東路5段3號7樓","7 F., No. 3, Sec. 5, Nanjing E. Rd., Songshan Dist., Taipei City 105409, Taiwan (R.O.C.)","陳O德","02-77097667","","有","有"
"95478334","20240723","20240723","惟巨有限公司","vigi CO., LTD.","新北市深坑區文化街39巷13號4樓","4 F., No. 13, Ln. 39, Wenhua St., Shenkeng Dist., New Taipei City 222002, Taiwan (R.O.C.)","李O崧","02-29843451","","有","有"
"95478469","20250205","20250205","睿芯科技股份有限公司","New Silicon Corporation","新竹縣新埔鎮文山路犂頭山段941巷11號4樓","4 F., No. 11, Ln. 941, Sec. Litoushan, Wenshan Rd., Xinpu Township, Hsinchu County 305049, Taiwan (R.O.C.)","蔡O桂","03-6685626","","有","有"
"95478572","20241129","20241129","鋐華生技有限公司","Honghua Bio medical LTD.","新北市汐止區康寧街281號2樓","2 F., No. 281, Kangning St., Xizhi Dist., New Taipei City 221013, Taiwan (R.O.C.)","蔣O興","04-24067161","","有","有"
"95478587","20240517","20240903","越山智能股份有限公司","ETSUZAN AI CO., LTD.","臺中市大里區塗城里光正路262號3樓","3 F., No. 262, Guangzheng Rd., Tucheng Vil., Dali Dist., Taichung City 412037, Taiwan (R.O.C.)","曾O彬","","","有","有"
"95478593","20240515","20240515","水曜日美人有限公司","suiyobi beauty co., ltd.","臺北市信義區松山路466號4樓","4 F., No. 466, Songshan Rd., Xinyi Dist., Taipei City 110025, Taiwan (R.O.C.)","繆O奇","","","有","有"
"95478600","20240415","20240415","有泰貿易有限公司","YOUR TECH TRADING CO., LTD.","臺中市南屯區同心里文心路一段218號16樓之1","16 F.-1, No. 218, Sec. 1, Wenxin Rd., Tongxin Vil., Nantun Dist., Taichung City 408385, Taiwan (R.O.C.)","黃O文","04-23892797","04-23862686","有","有"
"95478658","20240807","20240807","氛刻有限公司","Fnsok vintage CO., LTD.","臺中市霧峰區萬豐里象鼻路18號1樓","1 F., No. 18, Xiangbi Rd., Wanfeng Vil., Wufeng Dist., Taichung City 413008, Taiwan (R.O.C.)","戴O羽","0922-937-389","","有","有"
"95478691","20240527","20240527","宝麗國際實業有限公司","BALLY INTERNATIONAL LTD.","新北市林口區東湖路80之1號4樓","4 F., No. 80-1, Donghu Rd., Linkou Dist., New Taipei City 244009, Taiwan (R.O.C.)","謝O羽","","","有","有"
"95478756","20240508","20240508","台灣協力測控系統股份有限公司","TAIWAN ULTRAFORCE MEASUREMENT AND CONTROL SYSTEM CO., LTD.","新北市淡水區中山北路3段31巷92號2樓","2 F., No. 92, Ln. 31, Sec. 3, Zhongshan N. Rd., Tamsui Dist., New Taipei City 251012, Taiwan (R.O.C.)","陳O群","02-26266810","02-26266820","有","有"
"95478799","20240813","20240813","祈爾福有限公司","CheerForYou INC.","臺北市大安區敦化南路2段56號4樓之2","4 F.-2, No. 56, Sec. 2, Dunhua S. Rd., Da'an Dist., Taipei City 106696, Taiwan (R.O.C.)","陳O儀","02-23217666","","有","有"
"95478806","20241107","20241107","美好日子科技有限公司","Good Impact Ventures LTD.","臺北市松山區南京東路3段287號10樓","10 F., No. 287, Sec. 3, Nanjing E. Rd., Songshan Dist., Taipei City 105405, Taiwan (R.O.C.)","王O文","0975069776","","有","有"
"95478812","20240704","20240704","格林威治股份有限公司","GREENWICH LIMITED","臺北市大同區西寧北路65號","No. 65, Xining N. Rd., Datong Dist., Taipei City 103001, Taiwan (R.O.C.)","劉O祐","02-26593503","","有","有"
"95478995","20240703","20240703","愛佩通國際有限公司","Apextone Co., Ltd.","臺北市萬華區貴陽街2段39號13樓","13 F., No. 39, Sec. 2, Guiyang St., Wanhua Dist., Taipei City 108007, Taiwan (R.O.C.)","吳O萱","","","有","有"
"95479039","20250115","20250115","德保商業有限公司","Debao commercial CO., LTD.","臺中市清水區南社里南社路351之2號","No. 351-2, Nanshe Rd., Nanshe Vil., Qingshui Dist., Taichung City 436039, Taiwan (R.O.C.)","孫O甫","0426271875","","有","有"
"95479045","20240708","20240708","柏淵科技有限公司","Boyuan Technology Co., Ltd.","新北市中和區景安路125號5樓","5 F., No. 125, Jing’an Rd., Zhonghe Dist., New Taipei City 235061, Taiwan (R.O.C.)","林O壽","","","有","有"
"95479087","20240909","20250120","香港商信佰達供應鏈有限公司台灣分公司","XPD GLOBAL (HK) LIMITED TAIWAN BRANCH","臺北市中山區南京東路三段118號6樓","6 F., No. 118, Sec. 3, Nanjing E. Rd., Zhongshan Dist., Taipei City 104103, Taiwan (R.O.C.)","徐O捷","02-77529598","02-25083303","有","有"
"95479093","20250303","20250303","永艾醫材有限公司","YongAi Med CO., LTD.","高雄市前鎮區新生路802號3樓","3 F., No. 802, Xinsheng Rd., Qianzhen Dist., Kaohsiung City 806042, Taiwan (R.O.C.)","許O玲","07-9638535","","有","有"
"95479208","20240514","20240514","緯益精密機械工業有限公司","Weiyi Precision Machinery Industry CO., LTD.","新北市樹林區東豐街49巷22弄45號(1樓)","1 F., No. 45, Aly. 22, Ln. 49, Dongfeng St., Shulin Dist., New Taipei City 238034, Taiwan (R.O.C.)","卓O羽","02-86869097","","有","有"
"95479241","20250328","20250328","唯特生技有限公司","WITT BIOTECH. LTD.","臺北市大同區延平北路1段104號5樓","5 F., No. 104, Sec. 1, Yanping N. Rd., Datong Dist., Taipei City 103012, Taiwan (R.O.C.)","梁O能","","","有","有"
"95479256","20240612","20240612","東博國際貿易企業有限公司","DONG BO INTERNATIONAL TRADING LTD.","臺南市安平區平通里慶平路569號7樓","7 F., No. 569, Qingping Rd., Pingtong Vil., Anping Dist., Tainan City 708010, Taiwan (R.O.C.)","江O香","06-2753890","","無","無"
"95479312","20240730","20250521","雲璽科技股份有限公司","eCloudseal Technology Co., Ltd.","臺北市大安區敦化南路1段205號2樓之5","2 F.-5, No. 205, Sec. 1, Dunhua S. Rd., Da'an Dist., Taipei City 106446, Taiwan (R.O.C.)","賴O昌","0933747171","","有","有"
"95479333","20240425","20240425","督豐科技股份有限公司","DuFeng Technology CO., LTD.","新竹縣竹北市嘉豐南路二段76號5樓之5","5 F.-5, No. 76, Sec. 2, Jiafeng S. Rd., Zhubei City, Hsinchu County 302054, Taiwan (R.O.C.)","李O燕","0920871720","","有","有"
"95479376","20250305","20250305","恩福認證有限公司","NSF Taiwan CO., LTD.","新北市林口區文化二路1段390號7樓","7 F., No. 390, Sec. 1, Wenhua 2nd Rd., Linkou Dist., New Taipei City 244019, Taiwan (R.O.C.)","張O愷","0928144788","","有","有"
"95479410","20240726","20240726","昇詠國際貿易有限公司","Sheng-Yong Internation CO., LTD.","桃園市龜山區南上里民生北路一段2巷8弄7號(1樓)","1 F., No. 7, Aly. 8, Ln. 2, Sec. 1, Minsheng N. Rd., Nanshang Vil., Guishan Dist., Taoyuan City 333016, Taiwan (R.O.C.)","曾O松","0939925993","","有","有"
"95479431","20250227","20250320","熱高夫有限公司","Hot Golf Co., Ltd","桃園市龜山區民生北路一段166巷9號(1樓)","1 F., No. 9, Ln. 166, Sec. 1, Minsheng N. Rd., Guishan Dist., Taoyuan City 333016, Taiwan (R.O.C.)","敖O晴","","","有","有"
"95479501","20240701","20250403","聚金銀有限公司","JUJINYIN CO., LTD.","新北市蘆洲區中山一路161號3樓","3 F., No. 161, Zhongshan 1st Rd., Luzhou Dist., New Taipei City 247020, Taiwan (R.O.C.)","","","","無","無"
"95479517","20240708","20240710","台灣羅瑞克斯有限公司","Lorex Taiwan CO., LTD.","臺北市大安區忠孝東路4段148號5樓之5","5 F.-5, No. 148, Sec. 4, Zhongxiao E. Rd., Da’an Dist., Taipei City 106429, Taiwan (R.O.C.)","王O輝","","","有","有"
"95479559","20240726","20240726","長河國際實業有限公司","CHANG HE INTERNATIONAL Company Limited","臺北市中正區重慶南路1段121號5樓","5 F., No. 121, Sec. 1, Chongqing S. Rd., Zhongzheng Dist., Taipei City 100418, Taiwan (R.O.C.)","游O仁","02-23310155","","有","有"
"95479707","20240705","20240709","嘉聯生技有限公司","Jialian International Biotech CO., LTD.","高雄市三民區鼎富路52號","No. 52, Dingfu Rd., Sanmin Dist., Kaohsiung City 807768, Taiwan (R.O.C.)","林O倫","07-5502120","","有","有"
"95479755","20240618","20240618","旺辰旺有限公司","Prosperous Packaging CO., LTD.","臺北市中山區長安東路2段162號7樓","7 F., No. 162, Sec. 2, Chang’an E. Rd., Zhongshan Dist., Taipei City 104499, Taiwan (R.O.C.)","蔡O翰","02-29548339","","有","有"
"95479782","20240524","20240524","維芯新材料有限公司","New Future Benefit new material Corporation LTD.","新北市三峽區大同路147巷9號7樓","7 F., No. 9, Ln. 147, Datong Rd., Sanxia Dist., New Taipei City 237004, Taiwan (R.O.C.)","鞏O瑞","","","有","有"
"95479805","20240619","20240807","埃格麗股份有限公司","Common People CO., LTD.","新北市中和區中山路3段39號19樓","19 F., No. 39, Sec. 3, Zhongshan Rd., Zhonghe Dist., New Taipei City 235601, Taiwan (R.O.C.)","蘇O愷","0937134469","","有","有"
"95479848","20240429","20250111","樂家國際有限公司","ENJOY HOME CO., LTD.","新竹縣竹北市十興里勝利三街1號","No. 1, Zhubei City, Hsinchu County 302, Taiwan (R.O.C.)","翁O榮","03-6585338","","有","有"
"95479853","20241025","20241025","上煒科技有限公司","SHANGWEI TECHNOLOGY CO., LTD.","臺南市歸仁區六甲里民生十二街153號1樓","1 F., NO. 153, MINSHENG 12TH ST., LIUJIA VIL., GUIREN DIST., TAINAN CITY 711009, TAIWAN (R.O.C.)","沈O翰","07-6281571","07-6284936","有","有"
"95479869","20240605","20250423","新彤記有限公司","PD.skinlab LTD.","臺中市北區邱厝里崇德路一段156之8號10樓","10 F., No. 156-8, Sec. 1, Chongde Rd., Qiucuo Vil., North Dist., Taichung City 404016, Taiwan (R.O.C.)","潘O柔","0958642258","","有","有"
"95479875","20240809","20240809","琥虎傳媒股份有限公司","League Of Destiny Taiwan CO., LTD.","臺北市大安區忠孝東路4段142號4樓之2","4 F.-2, No. 142, Sec. 4, Zhongxiao E. Rd., Da'an Dist., Taipei City 106429, Taiwan (R.O.C.)","林O祐","","","有","有"
"95479896","20250124","20250124","明見諮詢顧問有限公司","MindJump Consulting Company Limited","臺北市內湖區內湖路1段66號3樓","3 F., No. 66, Sec. 1, Neihu Rd., Neihu Dist., Taipei City 114066, Taiwan (R.O.C.)","謝O鳳","0955509695","","有","有"
"95479951","20240617","20240919","宏誠貿易有限公司","Hongcheng Trade CO., LTD.","彰化縣彰化市五權里金馬路三段150-7號","No. 150-7, Jinma Rd., Wuquan Vil., Changhua City, Changhua County 500, Taiwan (R.O.C.)","林O盛","","","有","有"
"95480129","20250219","20250219","宇晙企業有限公司","Ujun Metal Fabrication Co., Ltd.","彰化縣和美鎮仁愛里和順路20號1樓","1 F., No. 20, Heshun Rd., Ren’ai Vil., Hemei Township, Changhua County 508011, Taiwan (R.O.C.)","王O玄","04-7569665","04-7570589","有","有"
"95480140","20240612","20240831","台灣德魯伊科技有限公司","Taiwan Druid Technology CO., LTD.","雲林縣虎尾鎮公安路75巷20-3號","No. 20-3, Ln. 75, Gong’an Rd., Huwei Township, Yunlin County 632001, Taiwan (R.O.C.)","吳O漢","(05)6363449","","有","有"
"95480227","20240514","20240514","憲上快客股份有限公司","Quicker Online CO., LTD.","臺北市大安區信義路4段258號12樓之1","12 F.-1, No. 258, Sec. 4, Xinyi Rd., Da’an Dist., Taipei City 106425, Taiwan (R.O.C.)","吳O軒","","","有","有"
"95480275","20241029","20241029","惍鉎健康有限公司","Kinsheng Health Enterprise CO., LTD.","臺北市大同區承德路3段24巷12號1樓","1 F., No. 12, Ln. 24, Sec. 3, Chengde Rd., Datong Dist., Taipei City 103038, Taiwan (R.O.C.)","廖O鈞","02-25991262","","有","有"
"95480346","20241109","20241109","首雪有限公司","First Snow Limited","桃園市龜山區民生北路一段200號","No. 200, Sec. 1, Minsheng N. Rd., Guishan Dist., Taoyuan City 333016, Taiwan (R.O.C.)","郭O蓉","0968191376","","有","有"
"95480388","20241014","20241014","利赫科技有限公司","Lihe Technology International CO., LTD.","高雄市三民區建國一路414號1樓","1 F., No. 414, Jianguo 1st Rd., Sanmin Dist., Kaohsiung City 807026, Taiwan (R.O.C.)","蘇O彬","","","有","有"
"95480423","20250226","20250226","義大利黃金之眠國際有限公司","Italian Golden Night International CO., LTD.","高雄市鳳山區中山東路262巷3號3樓","3 F., No. 3, Ln. 262, Zhongshan E. Rd., Fengshan Dist., Kaohsiung City 830073, Taiwan (R.O.C.)","黃O穎","","","有","有"
"95480438","20240730","20240730","富至有限公司","Integrate Wise Co., Ltd.","臺中市北屯區崇德路二段416號7樓之3","7 F.-3, No. 416, Sec. 2, Chongde Rd., Beitun Dist., Taichung City 406503, Taiwan (R.O.C.)","徐O慧","04-22423828","","有","有"
"95480459","20240507","20240507","富桔軒食品有限公司","Fujuxuan Food CO., LTD.","臺北市萬華區西園路2段320巷36弄36號1樓","1 F., No. 36, Aly. 36, Ln. 320, Sec. 2, Xiyuan Rd., Wanhua Dist., Taipei City 108035, Taiwan (R.O.C.)","曾O浚","0958808774","","有","有"
"95480492","20240529","20240529","竟花韡馥有限公司","JINGHUAWEIFU CO., LTD.","臺中市西屯區何安里重慶路99號5樓之3","5 F.-3, No. 99, Chongqing Rd., He’an Vil., Xitun Dist., Taichung City 407476, Taiwan (R.O.C.)","金O烈","0972835980","","有","有"
"95480520","20250226","20250226","源嶼菲有限公司","Yuan Yufei CO., LTD.","新北市新店區安興路127之3號（1樓）","No. 127-3, Anxing Rd., Xindian Dist., New Taipei City 231066, Taiwan (R.O.C.)","賴O源","02-22116538","","有","有"
"95480556","20240830","20240830","鍀呈有限公司","TECHNETIUM Limited","桃園市桃園區福林里介壽路495巷63號6樓","6 F., No. 63, Ln. 495, Jieshou Rd., Taoyuan Dist., Taoyuan City 330042, Taiwan (R.O.C.)","黃O芬","0918525565","","有","有"
"95480562","20240806","20240806","喬鑫發國際有限公司","Qiao Xinfa CO., LTD.","臺北市萬華區德昌街117號1樓","1 F., No. 117, Dechang St., Wanhua Dist., Taipei City 108040, Taiwan (R.O.C.)","劉O豪","0981-073-488","","有","有"
"95480599","20240528","20240528","言夏森文娛有限公司","DREAMBOX LTD.","新北市中和區建一路176號12樓之1","12 F.-1, No. 176, Jian 1st Rd., Zhonghe Dist., New Taipei City 235603, Taiwan (R.O.C.)","胡O睿","0913860628","","有","有"
"95480628","20241017","20241017","樂鑫生物有限公司","YUE XIN Biotechnology LTD.","臺南市安平區中華西路2段317號6樓","6 F., No. 317, Sec. 2, Zhonghua W. Rd., Anping Dist., Tainan City 708007, Taiwan (R.O.C.)","王O怡","","","有","有"
"95480660","20250313","20250410","中美玩具行有限公司","MIDUS TOY LTD.","新北市中和區中山路2段327巷11弄15號2樓","2 F., No. 15, Aly. 11, Ln. 327, Sec. 2, Zhongshan Rd., Zhonghe Dist., New Taipei City 235602, Taiwan (R.O.C.)","劉O吟","02-27013986","","有","有"
"95480704","20240606","20240606","夢進行式美學有限公司","Mon Present Beauty LTD.","臺北市大同區民權西路108號2樓","2 F., No. 108, Minquan W. Rd., Datong Dist., Taipei City 103045, Taiwan (R.O.C.)","莊O瑜","","","有","有"
"95480726","20240918","20240918","金剛寶荷玉石貿易有限公司","Vajra Jewelry by Joan LTD.","臺北市信義區市民大道6段250號7樓","7 F., No. 250, Sec. 6, Civic Blvd., Xinyi Dist., Taipei City 110047, Taiwan (R.O.C.)","劉O嘉","","","有","有"
"95480752","20240621","20241127","飛騰金屬有限公司","FT metal LTD.","桃園市中壢區新街里延平路261號7樓","7 F., No. 261, Yanping Rd., Xinjie Vil., Zhongli Dist., Taoyuan City 320675, Taiwan (R.O.C.)","許O允","0958218026","","有","有"
"95480795","20240702","20240702","蹟啟翔宇有限公司","QiKKi UniSynchrony Co.","新北市板橋區華東街280號9樓","9 F., No. 280, Huadong St., Banqiao Dist., New Taipei City 220057, Taiwan (R.O.C.)","高O祥","02-29514782","","有","有"
"95480802","20240503","20240814","佳洪國際有限公司","JAM HOM INTERNATIONAL LTD.","屏東縣屏東市南京路36號","No. 36, Nanjing Rd., Pingtung City, Pingtung County 900006, Taiwan (R.O.C.)","李O賢","08-7530672","","有","有"
"95480839","20250121","20250121","黍唁富有限公司","SHU YAN FU CO., LTD.","臺中市南區大慶街二段5之7號3樓","3 F., No. 5-7, Sec. 2, Daqing St., South Dist., Taichung City 402026, Taiwan (R.O.C.)","黃O倫","0953-610986","","有","有"
"95480845","20240712","20250103","丰翊商貿有限公司","VELO AVENTURE CO., LTD.","臺中市西區大忠里大忠南街3號4樓之4","4 F.-4, No. 3, Dazhong S. St., Dazhong Vil., West Dist., Taichung City 403526, Taiwan (R.O.C.)","王O人","04-23786672","","有","有"
"95480991","20250221","20250408","寶時保股份有限公司","Poshpaws Co., Ltd.","臺北市中山區新生北路2段31之1號9樓之7","9 F.-7, No. 31-1, Sec. 2, Xinsheng N. Rd., Zhongshan Dist., Taipei City 104489, Taiwan (R.O.C.)","黃O勳","02-25819665","","有","有"
"95481008","20240503","20240503","三次方研究室有限公司","CubeLab Ltd.","新北市新店區安泰路19巷4號(1樓)","1 F., No. 4, Ln. 19, Antai Rd., Xindian Dist., New Taipei City 231061, Taiwan (R.O.C.)","蔡O宇","","","有","有"
"95481020","20240815","20240815","龍昌醫療器材股份有限公司","Lung Cheung Medical Technology CO., LTD.","新北市新莊區中正路514巷33弄86號(2樓)","2 F., No. 86, Aly. 33, Ln. 514, Zhongzheng Rd., Xinzhuang Dist., New Taipei City 242048, Taiwan (R.O.C.)","劉O緯","02-29034435","","有","有"
"95481078","20240927","20250103","重力健康股份有限公司","Gravity Health CO., LTD.","臺北市大同區承德路3段219號","No. 219, Sec. 3, Chengde Rd., Datong Dist., Taipei City 103031, Taiwan (R.O.C.)","洪O螮","","","有","有"
"95481099","20241205","20241205","比心國際有限公司","Bixin International CO., LTD.","臺中市西屯區惠來里市政北七路186號11樓之2","11 F.-2, No. 186, Shizheng N. 7th Rd., Huilai Vil., Xitun Dist., Taichung City 407612, Taiwan (R.O.C.)","沈O豐","04-22549202","","有","有"
"95481112","20241016","20241016","智維時尚國際有限公司","ZHI WEI SHI SHANG GUO JI LTD.","臺北市信義區基隆路2段149之49號8樓之13","8 F.-13, No. 149-49, Sec. 2, Keelung Rd., Xinyi Dist., Taipei City 110005, Taiwan (R.O.C.)","鄧O維","","","有","有"
"95481133","20250109","20250109","翠斯特有限公司","Trieste Limited Company","臺北市松山區南京東路5段2號3樓","3 F., No. 2, Sec. 5, Nanjing E. Rd., Songshan Dist., Taipei City 105033, Taiwan (R.O.C.)","李O翰","","","有","有"
"95481181","20240607","20240607","宇存有限公司","Yucun CO., LTD.","新北市蘆洲區仁愛街62巷16號(1樓)","1 F., No. 16, Ln. 62, Ren’ai St., Luzhou Dist., New Taipei City 247005, Taiwan (R.O.C.)","連O玲","07/8915486","","有","有"
"95481295","20240703","20240703","僖來有限公司","Sheri CO., LTD.","臺北市大安區忠孝東路4段162號12樓之2","12 F.-2, No. 162, Sec. 4, Zhongxiao E. Rd., Da’an Dist., Taipei City 106057, Taiwan (R.O.C.)","李O如","","","有","有"
"95481350","20240815","20240815","門道俱樂部有限公司","Doorway club LTD.","新北市中和區景新街467巷38弄6之7號9樓","9 F., No. 6-7, Aly. 38, Ln. 467, Jingxin St., Zhonghe Dist., New Taipei City 235076, Taiwan (R.O.C.)","黃O騏","0988088558","","有","有"
"95481400","20240520","20240520","全一國際行動服務有限公司","ECARS Services LTD.","臺中市西屯區何源里成都路279號地下1樓之11","B1 F.-11, No. 279, Chengdu Rd., Heyuan Vil., Xitun Dist., Taichung City 407406, Taiwan (R.O.C.)","伍O羚","","","有","有"
"95481416","20240717","20240717","開雲翡翠有限公司","Kai-Yun Jadeite Ltd","臺北市中正區南昌路1段87號3樓之2","3 F.-2, No. 87, Sec. 1, Nanchang Rd., Zhongzheng Dist., Taipei City 100028, Taiwan (R.O.C.)","謝O壁","","","有","有"
"95481470","20241115","20241115","珼思勒國際股份有限公司","BagsButler CO., LTD.","臺中市太平區太平里永成路99巷10號1樓","1 F., No. 10, Ln. 99, Yongcheng Rd., Taiping Vil., Taiping Dist., Taichung City 411025, Taiwan (R.O.C.)","蕭O辰","04-22798195","","有","有"
"95481534","20240708","20240708","凡伊保加利亞國際貿易有限公司","V&Y Bulgaria Trade CO., LTD.","宜蘭縣冬山鄉振安路15號2樓","2 F., No. 15, Zhen’an Rd., Dongshan Township, Yilan County 269031, Taiwan (R.O.C.)","VOlinNikolovSadonkov","0963923005","","有","有"
"95481611","20240812","20240827","古林商務實業有限公司","Good-Link Business Industrial LTD.","高雄市新興區民權一路251號11樓之1","11 F.-1, No. 251, Minquan 1st Rd., Xinxing Dist., Kaohsiung City 800401, Taiwan (R.O.C.)","黃O婷","0958524519","","有","有"
"95481648","20250522","20250522","鑫進新能源股份有限公司","XINJIN NEW ENERGY CO., LTD.","新北市新莊區五權一路1號之5（1樓）","No. 1-5, Wuquan 1st Rd., Xinzhuang Dist., New Taipei City 248022, Taiwan (R.O.C.)","許O德","02-2298-4666","","有","有"
"95481719","20241203","20241203","雲巓騎士商貿有限公司","QIMA COFFEE TAIWAN CO., LTD.","臺北市信義區松德路6號8樓","8 F., No. 6, Songde Rd., Xinyi Dist., Taipei City 110025, Taiwan (R.O.C.)","SOEIBANIFARISABUBAKERAOMED","","","有","有"
"95481725","20250206","20250206","勒斯特有限公司","Luthster Co., Ltd.","臺北市信義區市民大道6段250號7樓","7 F., No. 250, Sec. 6, Civic Blvd., Xinyi Dist., Taipei City 110047, Taiwan (R.O.C.)","林O興","","","有","有"
"95481751","20240830","20250116","優里國際股份有限公司","Yuri CO., LTD.","高雄市鼓山區大順一路622號2樓","2 F., No. 622, Dashun 1st Rd., Gushan Dist., Kaohsiung City 804058, Taiwan (R.O.C.)","莊O程","","","有","有"
"95481801","20241014","20241014","連日發貿易有限公司","LIAN RI FA TRADING CO., LTD.","高雄市仁武區永昌一街106巷2號1樓","1 F., No. 2, Ln. 106, Yongchang 1st St., Renwu Dist., Kaohsiung City 814034, Taiwan (R.O.C.)","連O瑄","07-3735897","","有","有"
"95481817","20240719","20240719","悠西將日貨舖有限公司","UCJIANG CO., LTD.","新北市板橋區四維路291巷2弄5號2樓","2 F., No. 5, Aly. 2, Ln. 291, Siwei Rd., Banqiao Dist., New Taipei City 220009, Taiwan (R.O.C.)","黃O伃","","","有","有"
"95481838","20240911","20240911","中央新記食品有限公司","CENTER FOOD CO., LTD.","臺北市萬華區西寧南路31號2樓","2 F., No. 31, Xining S. Rd., Wanhua Dist., Taipei City 108001, Taiwan (R.O.C.)","白O菱","02-23311303","","有","有"
"95481859","20240913","20240913","樂動文創事業股份有限公司","Joyful Creation Corp. Ltd.","新北市汐止區新台五路1段99號22樓之5","22 F.-5, No. 99, Sec. 1, Xintai 5th Rd., Xizhi Dist., New Taipei City 221416, Taiwan (R.O.C.)","王O杰","","","有","有"
"95482061","20240711","20250325","海盜餐飲股份有限公司","Pirate Catering CO., LTD.","臺北市松山區南京東路5段206號3樓之1","3 F.-1, No. 206, Sec. 5, Nanjing E. Rd., Songshan Dist., Taipei City 105055, Taiwan (R.O.C.)","葉O均","","","有","有"
"95482127","20240501","20240501","日鬆洋行有限公司","Re-Sun Trading Co., Ltd.","臺北市內湖區內湖路2段179巷46弄27號5樓","5 F., No. 27, Aly. 46, Ln. 179, Sec. 2, Neihu Rd., Neihu Dist., Taipei City 114058, Taiwan (R.O.C.)","曾O儒","","","有","有"
"95482132","20240528","20250612","宏瑋國際商貿有限公司","HONG WEI INTERNATIONAL BUSINESS TRADING CO., LTD.","臺南市永康區復華里復國一路522號1樓","1 F., No. 522, Fuguo 1st Rd., Fuhua Vil., Yongkang Dist., Tainan City 710034, Taiwan (R.O.C.)","","0952016818","","有","有"
"95482153","20240809","20240809","品揚水產貿易有限公司","PRIME OCEAN SEAFOODS LTD.","高雄市鳳山區永安街90號8樓","8 F., No. 90, Yong'an St., Fengshan Dist., Kaohsiung City 830628, Taiwan (R.O.C.)","謝O翰","07-3851280","","有","有"
"95482203","20240613","20240613","怡昇國際有限公司","ESUN International CO., LTD.","臺北市大安區四維路208巷5號4樓","4 F., No. 5, Ln. 208, Siwei Rd., Da’an Dist., Taipei City 106102, Taiwan (R.O.C.)","邱O怡","","","有","有"
"95482225","20240426","20240426","龍龍尚營企業有限公司","LUNG LUNG CO., LTD.","高雄市苓雅區三多二路15之6號","No. 15-6, Sanduo 2nd Rd., Lingya Dist., Kaohsiung City 802041, Taiwan (R.O.C.)","陳O龍","0933-603020","","有","有"
"95482371","20240730","20240730","美商盛美股份有限公司台灣分公司","BEC TECHNOLOGIES INC. TAIWAN BRANCH(US)","新北市新店區中興路2段192號7樓","7 F., No. 192, Sec. 2, Zhongxing Rd., Xindian Dist., New Taipei City 231017, Taiwan (R.O.C.)","陳O廷CHEN,JONG-TIM","02-29145665","02-29182895","有","有"
"95482392","20250107","20250107","奧特利貿易有限公司","Ottery Metalloy Tradings LTD.","新北市新店區安興路127之13號8樓","8 F., No. 127-13, Anxing Rd., Xindian Dist., New Taipei City 231066, Taiwan (R.O.C.)","吳O漢","","","有","有"
"95482421","20240620","20240620","喬楷企業有限公司","QIAO KAI ENTERPRISE CO., LTD.","臺中市東勢區中嵙里東崎路四段108巷12號1樓","1 F., No. 12, Ln. 108, Sec. 4, Dongqi Rd., Zhongke Vil., Dongshi Dist., Taichung City 423009, Taiwan (R.O.C.)","潘O賢","","","有","有"
"95482436","20240521","20240521","雙羽國際有限公司","Twin Wings Consulting LTD.","彰化縣員林市鎮興里山腳路三段228巷35號1樓","1 F., No. 35, Ln. 228, Sec. 3, Shanjiao Rd., Zhenxing Vil., Yuanlin City, Changhua County 510032, Taiwan (R.O.C.)","張O琳","","","有","有"
"95482512","20240808","20240808","凱韵貿易有限公司","KAIYUN INTERNATIONAL CO., LTD.","桃園市中壢區自立里永福路1125號十樓","10 F., No. 1125, Yongfu Rd., Zili Vil., Zhongli Dist., Taoyuan City 320681, Taiwan (R.O.C.)","杜O林","0965628965","","無","無"
"95482549","20240521","20250424","靖傑創意科技有限公司","Jingjie Creative Technology LTD.","臺中市南屯區文心路一段218號5樓之6","5 F.-2, No. 186, Shizheng N. 7th Rd., Huilai Vil., Xitun Dist., Taichung City 407612, Taiwan (R.O.C.)","汪O逸","","","有","有"
"95482610","20240704","20240704","鈦精科技有限公司","Ti Jing TECH CO., LTD.","高雄市苓雅區成功一路283號1樓","1 F., No. 283, Chenggong 1st Rd., Lingya Dist., Kaohsiung City 802045, Taiwan (R.O.C.)","林O如","0988530565","","有","有"
"95482626","20240424","20240424","玉豐科技營銷有限公司","Yu Feng Technology & Marketing INC.","臺北市內湖區成功路2段235號2樓","2 F., No. 235, Sec. 2, Chenggong Rd., Neihu Dist., Taipei City 114027, Taiwan (R.O.C.)","李O德","02-27919569","","有","有"
"95482689","20240704","20240704","廷文創有限公司","AT.wayz Limited Company","新北市中和區中原二街28號18樓","18 F., No. 28, Zhongyuan 2nd St., Zhonghe Dist., New Taipei City 235024, Taiwan (R.O.C.)","周O薰","","","有","有"
"95482695","20240920","20240920","真達資產管理有限公司","PURE HOUSE CO.","臺中市南區和平里忠明南路758號14樓","14 F., No. 758, Zhongming S. Rd., Heping Vil., South Dist., Taichung City 402256, Taiwan (R.O.C.)","黃O","0970-626738","04-22600451","有","有"
"95482724","20240528","20240528","利河伯健康股份有限公司","Rehoboth Healthy CO., LTD.","臺北市中山區南京東路3段197號地下室","B1 , B, No. 197, Sec. 3, Nanjing E. Rd., Zhongshan Dist., Taipei City 104106, Taiwan (R.O.C.))","王O寧","0987856313","","有","有"
"95482745","20250218","20250218","有個家空間設計有限公司","havaahome Company","臺南市中西區淺草里金華路3段230號3樓之1","3 F.-1, No. 230, Sec. 3, Jinhua Rd., Qiancao Vil., West Central Dist., Tainan City 700002, Taiwan (R.O.C.)","郭O時","06-3033186","","有","有"
"95482787","20250319","20250319","歐妮娛樂有限公司","Onni Entertainment Co., Ltd","新北市板橋區板新路81巷2號3樓","三F., No. 2, Ln. 81, Banxin Rd., Banqiao Dist., New Taipei City 220075 , Taiwan (R.O.C.)","歐O君","","","有","有"
"95482816","20240731","20240731","合作無間有限公司","GREAT TEAMMATES LTD.","臺中市北屯區和平里建和路二段108號","No. 108, Jianhe Rd., Heping Vil., Beitun Dist., Taichung City 406, Taiwan (R.O.C.)","李O希","0937212188","","有","有"
"95482843","20240819","20240819","佳聯光學科技股份有限公司","FineLink Optical Technology CO., LTD.","高雄市左營區站前北路1號4樓","4 F., No. 1, Zhanqian N. Rd., Zuoying Dist., Kaohsiung City 813014, Taiwan (R.O.C.)","王O涵","","","有","有"
"95482908","20240611","20240928","富研有限公司","FuYan TC CO., LTD.","桃園市大溪區三元里三元一街2巷35弄7樓(1樓)","7 F., Aly. 35, Ln. 2, Sanyuan 1st St., Sanyuan Vil., Daxi Dist., Taoyuan City 335008, Taiwan (R.O.C.)","陳O伸","","","有","有"
"95482920","20240417","20240521","鹿丞實業有限公司","Lucheng Industrial CO., LTD.","高雄市仁武區鳳仁路95之18號1樓","1 F., No. 95-18, Fengren Rd., Renwu Dist., Kaohsiung City 814017, Taiwan (R.O.C.)","王O香","0906553123","","有","有"
"95483033","20241007","20241007","有能實業有限公司","Unise Industrial CO., LTD.","高雄市鹽埕區大智路36巷7號1樓","1 F., No. 7, Ln. 36, Dazhi Rd., Yancheng Dist., Kaohsiung City 803008, Taiwan (R.O.C.)","高O川","09-19131413","","有","有"
"95483060","20240524","20240524","艾曼鑫影音製作有限公司","KMI LTD.","臺北市中正區杭州南路1段27號9樓","9 F., No. 27, Sec. 1, Hangzhou S. Rd., Zhongzheng Dist., Taipei City 100023, Taiwan (R.O.C.)","何O婷","0938819801","","有","有"
"95483076","20240704","20240704","亞法隆國際有限公司","Avalon Ltd.","桃園市八德區瑞泰里介壽路二段923巷6號2樓","2 F., No. 6, Ln. 923, Sec. 2, Jieshou Rd., Ruitai Vil., Bade Dist., Taoyuan City 334677, Taiwan (R.O.C.)","葉O君","","","有","有"
"95483147","20240531","20240531","叁指有限公司","Pentacles III LTD.","臺北市中山區天祥路59號3樓之2","3 F.-2, No. 59, Tianxiang Rd., Zhongshan Dist., Taipei City 104026, Taiwan (R.O.C.)","陳O廷","0955-555-088","","有","有"
"95483168","20241206","20241206","博視科技有限公司","Boshi Technology CO., LTD.","新北市中和區中山路2段616巷3號(2樓)","2 F., No. 3, Ln. 616, Sec. 2, Zhongshan Rd., Zhonghe Dist., New Taipei City 235008, Taiwan (R.O.C.)","陳O安","02-22250167","","有","有"
"95483189","20240430","20250609","星利有限公司","Starlike CO., LTD.","臺南市永康區中山南路319巷21弄7號","No. 7, Aly. 21, Ln. 319, Zhongshan S. Rd., Yongkang Dist., Tainan City 710, Taiwan (R.O.C.)","邱O婷","06-7962666","06-7962777","有","有"
"95483300","20250328","20250328","浩瀚創新科技有限公司","Haohan Innovation Technology CO., LTD.","桃園市桃園區經國里同安街76之1號","No. 76-1, Tong'an St., Taoyuan Dist., Taoyuan City 330007, Taiwan (R.O.C.)","汪O宇","0912313656","","有","有"
"95483316","20240715","20240715","惟臻有限公司","SAVIRA CO., LTD.","新北市林口區文化三路1段449號7樓之1","7 F.-1, No. 449, Sec. 1, Wenhua 3rd Rd., Linkou Dist., New Taipei City 244015, Taiwan (R.O.C.)","吳O芸","0227513419","","有","有"
"95483337","20240809","20240809","令和八寶有限公司","Reiwa Treasure CO., LTD.","宜蘭縣冬山鄉冬山路三段680號","No. 680, Sec. 3, Dongshan Rd., Dongshan Township, Yilan County 269037, Taiwan (R.O.C.)","白O文","","","有","有"
"95483370","20250223","20250223","宇灝科技股份有限公司","UNIVERSE INFINITY TECHNOLOGY CORP. LTD.","臺北市松山區基隆路1段8號13樓","13 F., No. 8, Sec. 1, Keelung Rd., Songshan Dist., Taipei City 105611, Taiwan (R.O.C.)","朱O璋","0925362391","","有","有"
"95483385","20240701","20240701","芯園貿易有限公司","Arte Case Trading Co. Ltd.","臺北市大安區復興南路2段160巷29號1樓","1 F., No. 29, Ln. 160, Sec. 2, Fuxing S. Rd., Da’an Dist., Taipei City 106030, Taiwan (R.O.C.)","徐O華","02-27070675","","有","有"
"95483408","20240429","20240429","頂石策略股份有限公司","Capstone Strategy CO., LTD.","臺北市文山區辛亥路4段128之1號5樓","5 F., No. 128-1, Sec. 4, Xinhai Rd., Wenshan Dist., Taipei City 116076, Taiwan (R.O.C.)","洪O辰","","","有","有"
"95483420","20250204","20250204","清泉小吃店有限公司","Ching Chuan Ltd.","臺北市大同區萬全街1號3樓之6","3 F.-6, No. 1, Wanquan St., Datong Dist., Taipei City 103018, Taiwan (R.O.C.)","陳O奕","","","有","有"
"95483483","20240604","20241015","一洋系統科技股份有限公司","One Ocean Systems Technologies Company Limited","新北市新莊區中信街178號17樓之7","17 F.-7, No. 178, Zhongxin St., Xinzhuang Dist., New Taipei City 242030, Taiwan (R.O.C.)","郭O鑫","","","有","有"
"95483625","20240726","20240726","娜飛家股份有限公司","Nafei Co., Ltd","新北市板橋區新月一街17號4樓","4 F., No. 17, Xinyue 1st St., Banqiao Dist., New Taipei City 220038, Taiwan (R.O.C.)","林O婷","","","有","有"
"95483630","20240503","20240503","川盛冷鏈股份有限公司","Cold Sell Coldchain INC.","嘉義縣六腳鄉竹本村竹子腳10-1號1樓","1 F., No. 10-1, Zhuzijiao, Liujiao Township, Chiayi County 615003, Taiwan (R.O.C.)","呂O玲","05-3780248","","有","有"
"95483701","20240813","20240813","葛靈果全球生技有限公司","Green Gold Global Group (4G) Biotech (Taiwan) CO., LTD.","苗栗縣頭份市興隆里4鄰興隆路一段439巷50號1樓","1 F., No. 50, Ln. 439, Sec. 1, Xinglong Rd., Toufen City, Miaoli County 351017, Taiwan (R.O.C.)","吳O龍","0920-983769","","有","有"
"95483863","20240708","20240708","楓洋國際有限公司","MAPLE WAVE INTERNATIONAL CO., LTD.","臺中市西區忠誠里忠明南路16號3樓之1","3 F.-1, No. 16, Zhongming S. Rd., Zhongcheng Vil., West Dist., Taichung City 403, Taiwan (R.O.C.)","葉O銘","0986-767799","","有","有"
"95483940","20240819","20240819","澧享國際有限公司","Lynxshiny International Ltd.","新北市林口區文化二路1段390號5樓","5 F., No. 390, Sec. 1, Wenhua 2nd Rd., Linkou Dist., New Taipei City 244019, Taiwan (R.O.C.)","陳O文","","02-89699651","有","有"
"95483982","20240628","20240628","沄峟管理顧問服務有限公司","Yun Yu Management Consulting Services CO., LTD.","新北市汐止區新台五路1段95號16樓之1","16 F.-1, No. 95, Sec. 1, Xintai 5th Rd., Xizhi Dist., New Taipei City 221416, Taiwan (R.O.C.)","李O翰","","","有","有"
"95484119","20240611","20250603","白居寓管理顧問有限公司","SEAN'S HOUSE LTD.","臺北市大同區西寧北路78之18號","No. 78-18, Xining N. Rd., Datong Dist., Taipei City 103001, Taiwan (R.O.C.)","張O翔","","","有","有"
"95484125","20240531","20240531","森澤動力能源股份有限公司","Morisawa Power Energy Co., Ltd.","臺北市文山區木柵路3段102巷3號2樓","2 F., No. 3, Ln. 102, Sec. 3, Muzha Rd., Wenshan Dist., Taipei City 116008, Taiwan (R.O.C.)","高O宏","","","有","有"
"95484130","20250318","20250514","京碩國際有限公司","Jinshuo International CO., LTD.","臺中市西區民龍里臺灣大道二段186號14樓之1","14 F.-1, No. 186, Sec. 2, Taiwan Blvd., Minlong Vil., West Dist., Taichung City 403404, Taiwan (R.O.C.)","呂O蓁","","","有","有"
"95484173","20240712","20240712","日商諾偉股份有限公司臺灣分公司","NOVEM CORPORATION Taiwan Branch(japan)","臺北市松山區三民路43巷19號4樓","4 F., No. 19, Ln. 43, Sanmin Rd., Songshan Dist., Taipei City 105036, Taiwan (R.O.C.)","山O敏維TOSHIIYAMASHITA","02-27421466","0227421466","有","有"
"95484238","20240709","20240709","福斯特國際有限公司","Focada LTD.","新北市汐止區中正路36號7樓之1","7 F.-1, No. 36, Zhongzheng Rd., Xizhi Dist., New Taipei City 221029, Taiwan (R.O.C.)","陳O旭","","","有","有"
"95484271","20240703","20240703","華寶碳循環材料股份有限公司","HUABAO Carbon Cycle Materials CO., LTD.","桃園市觀音區大潭里環西路99號","No. 99, Huanxi Rd., Datan Vil., Guanyin Dist., Taoyuan City 328451, Taiwan (R.O.C.)","周O成","","","有","有"
"95484292","20240812","20240812","樂福生活有限公司","LSL LTD.","臺北市大安區忠孝東路4段276號2樓","2 F., No. 276, Sec. 4, Zhongxiao E. Rd., Da'an Dist., Taipei City 106061, Taiwan (R.O.C.)","何O榮","","","有","有"
"95484321","20240705","20240705","古穀糧倉事業有限公司","GuGu Heritage Grains Ltd.","臺北市信義區基隆路2段22號2樓之3","2 F.-3, No. 22, Sec. 2, Keelung Rd., Xinyi Dist., Taipei City 110007, Taiwan (R.O.C.)","張O","","","有","有"
"95484336","20240618","20240618","閃牛牛有限公司","New New Spark Co., Ltd.","臺北市內湖區金龍路64之1號","No. 64-1, Jinlong Rd., Neihu Dist., Taipei City 114015, Taiwan (R.O.C.)","鄭O儒","","","有","有"
"95484552","20240820","20240820","樺維國際企業有限公司","HER WAVE GLOBAL CO., LTD.","新北市汐止區大同路3段196號6樓","6 F., No. 196, Sec. 3, Datong Rd., Xizhi Dist., New Taipei City 221412, Taiwan (R.O.C.)","魏O德","","","有","有"
"95484568","20241129","20241129","美袋子包裝設計股份有限公司","BEAUTY PACKING CO., LTD.","臺中市西區公民里五廊街107號6樓之3","6 F.-3, No. 107, Wulang St., Gongmin Vil., West Dist., Taichung City 403007, Taiwan (R.O.C.)","致O國際股份有限公司","","","有","有"
"95484666","20240730","20240730","夢我國際娛樂有限公司","Dream Us International Entertainment Limited Company","彰化縣彰化市永生里4鄰永樂街49號","No. 49, Yongle St., Changhua City, Changhua County 500006, Taiwan (R.O.C.)","林O萱","","","有","有"
"95484693","20240718","20240718","泰姿生醫股份有限公司","TAI TZU BIOTECHNOLOGY CO., LTD.","臺北市中正區重慶南路2段86巷9號1樓","1 F., No. 9, Ln. 86, Sec. 2, Chongqing S. Rd., Zhongzheng Dist., Taipei City 100056, Taiwan (R.O.C.)","黃O菡","02-27321007","","有","有"
"95484722","20240618","20240618","蔚雲有限公司","LINGWEI CO., LTD.","臺中市北屯區松安街271號","No. 271, Song’an St., Beitun Dist., Taichung City 406035, Taiwan (R.O.C.)","彭O偉","","","有","有"
"95484770","20240822","20240822","汎興國際貿易有限公司","Everrise International Trading CO., LTD.","新北市淡水區濱海路1段145號9樓","9 F., No. 145, Sec. 1, Binhai Rd., Tamsui Dist., New Taipei City 251699, Taiwan (R.O.C.)","周O傑","0966663522","","有","有"
"95484856","20250224","20250224","長慶科技股份有限公司","Lasting value technology INC.","苗栗縣竹南鎮大埔里2鄰大埔五街329號","No. 329, Dapu 5th St., 2nd Neighborhood, Dapu Vil., Zhunan Township, Miaoli County 350012, Taiwan (R.O.C.)","林O源","","","有","有"
"95484883","20250111","20250111","和銓有限公司","CLY WEALTH LTD.","新北市三重區龍濱路205巷15號3樓","3 F., No. 15, Ln. 205, Longbin Rd., Sanchong Dist., New Taipei City 241052, Taiwan (R.O.C.)","林O慧","02-23070089","","有","有"
"95485074","20241223","20241223","伊絲貝兒生物科技股份有限公司","EX-BIO Biotechnology Co., Ltd.","桃園市中壢區環北路398號9樓之2","9 F.-2, No. 398, Huanbei Rd., Zhongli Dist., Taoyuan City 320675, Taiwan (R.O.C.)","林O慧","","","有","有"
"95485102","20241108","20241108","育綸有限公司","Una International CO., LTD.","新北市永和區永和路1段40號5樓之2","5 F.-2, No. 40, Sec. 1, Yonghe Rd., Yonghe Dist., New Taipei City 234014, Taiwan (R.O.C.)","沈O昱","","","有","有"
"95485145","20250305","20250305","琮盛投資有限公司","CHENS investment CO., LTD.","新北市新店區中央路155號7樓之2","7 F.-2, No. 155, Zhongyang Rd., Xindian Dist., New Taipei City 231602, Taiwan (R.O.C.)","陳O波","","","有","有"
"95485193","20240607","20240613","聯洋有限公司","TRINITY GLOBAL TRADE CO., LTD.","臺北市內湖區成功路4段30巷18號","No. 18, Ln. 30, Sec. 4, Chenggong Rd., Neihu Dist., Taipei City 114049, Taiwan (R.O.C.)","駱O樂(BOHRARAKESHMADANLAL)","02-26962575","","有","有"
"95485258","20240726","20240726","福賜原力股份有限公司","The Fourth Company Limited","臺北市萬華區西園路1段37號","No. 37, Sec. 1, Xiyuan Rd., Wanhua Dist., Taipei City 108014, Taiwan (R.O.C.)","邵O謙","","","有","有"
"95485270","20240528","20240528","壹所國際有限公司","Elysium International LTD.","臺北市大安區光復南路612號6樓","6 F., No. 612, Guangfu S. Rd., Da’an Dist., Taipei City 106048, Taiwan (R.O.C.)","陳O泰","0900-530-272","","有","有"
"95485314","20240829","20240829","廣一國際有限公司","Guangyi International CO., LTD.","臺南市永康區三民里中正北路932號","No. 932, Zhongzheng N. Rd., Sanmin Vil., Yongkang Dist., Tainan City 710002, Taiwan (R.O.C.)","王O鈞","","","有","有"
"95485378","20240711","20240711","百事博股份有限公司","Bestptr CO., LTD.","新北市板橋區文化路1段329號4樓","4 F., No. 329, Sec. 1, Wenhua Rd., Banqiao Dist., New Taipei City 220014, Taiwan (R.O.C.)","林O傑","02-89523200","","有","有"
"95485399","20240529","20240529","晨瑩有限公司","CMPT Business LTD.","臺北市中正區忠孝東路1段76號12樓之1","12 F.-1, No. 76, Sec. 1, Zhongxiao E. Rd., Zhongzheng Dist., Taipei City 100024, Taiwan (R.O.C.)","顏O婷","0935873879","","有","有"
"95485406","20240607","20240607","杬晨有限公司","HYC LTD.","臺中市北屯區三光里北屯路210號13樓之23","13 F.-23, No. 210, Beitun Rd., Sanguang Vil., Beitun Dist., Taichung City 406504, Taiwan (R.O.C.)","張O元","","","有","有"
"95485573","20240718","20240816","龍吟國際事業股份有限公司","LONGWIN INTERNATIONAL CO., LTD.","臺中市南屯區豐樂里文心南路227號10樓之12","10 F.-12, No. 227, Wenxin S. Rd., Fengle Vil., Nantun Dist., Taichung City 408008, Taiwan (R.O.C.)","蘇O吟","04-22510082","","有","有"
"95485665","20240722","20240722","敏通微沙雅股份有限公司","MINTRON VISAYA CO., LTD.","新北市五股區五工一路123號6樓","6 F., No. 123, Wugong 1st Rd., Wugu Dist., New Taipei City 248018, Taiwan (R.O.C.)","楊O榮","02-22990277","","有","有"
"95485692","20250219","20250219","樂宬科技股份有限公司","LE CHENS CO., LTD.","新北市新莊區化成路554巷10號","No. 10, Ln. 554, Huacheng Rd., Xinzhuang Dist., New Taipei City 242041, Taiwan (R.O.C.)","陳O豪","02-22765169","02-29933215","有","有"
"95485757","20240513","20240513","柳町電子商務有限公司","OrangeTown e-commerce CO., LTD.","新北市中和區中山路2段332巷9號8樓","8 F., No. 9, Ln. 332, Sec. 2, Zhongshan Rd., Zhonghe Dist., New Taipei City 235026, Taiwan (R.O.C.)","許O宜","","","有","有"
"95485877","20250114","20250114","漁健客有限公司","FreshFitFish Limited Company","新北市板橋區新海路382巷1號4樓","4 F., No. 1, Ln. 382, Xinhai Rd., Banqiao Dist., New Taipei City 220015, Taiwan (R.O.C.)","劉O成","02-25492154","02-25520896","有","有"
"95485932","20240425","20240705","食勝國際有限公司","Food Win2 Co., Ltd.","臺北市中山區松江路206號14樓","14 F., No. 206, Songjiang Rd., Zhongshan Dist., Taipei City 104486, Taiwan (R.O.C.)","黃O琪","0912033310","","有","有"
"95485975","20240618","20240618","君誠國際生技有限公司","JYUN CHENG INTERNATIONAL CO., LTD.","高雄市三民區大順二路689巷16號1樓","1 F., No. 16, Ln. 689, Dashun 2nd Rd., Sanmin Dist., Kaohsiung City 807067, Taiwan (R.O.C.)","鄭O君","","","有","有"
"95486159","20240607","20240607","京采金銀珠寶有限公司","JING TSAI GOLD AND JEWELRY CO., LTD.","臺北市松山區復興南路1段31之1號1樓","1 F., No. 31-1, Sec. 1, Fuxing S. Rd., Songshan Dist., Taipei City 105041, Taiwan (R.O.C.)","簡O軒","","","有","有"
"95486215","20250313","20250313","興太有限公司","Taiwan Suntide Equipment CO., LTD.","桃園市中壢區青峰路一段49號7樓","7 F., No. 49, Sec. 1, Qingfeng Rd., Zhongli Dist., Taoyuan City 320016, Taiwan (R.O.C.)","蔡O傑","","","有","有"
"95486236","20240822","20240822","南來北往股份有限公司","Grand South & North International CO., LTD.","臺北市松山區八德路3段210號8樓","8 F., No. 210, Sec. 3, Bade Rd., Songshan Dist., Taipei City 105407, Taiwan (R.O.C.)","蔡O宏","02-25700059","","有","有"
"95486307","20240424","20240609","慶閎國際有限公司","Jack & William International CO., LTD.","新竹市北區愛文街104號1樓","1 F., No. 104, Aiwen St., North Dist., Hsinchu City 300068, Taiwan (R.O.C.)","陳O閎","0922-176476","","有","有"
"95486334","20240517","20250610","泰尼比斯特有限公司","TINY BEASTS LTD.","臺中市沙鹿區中山路196巷56之1號1樓","1 F., No. 56-1, Ln. 196, Zhongshan Rd., Shalu Dist., Taichung City 433104, Taiwan (R.O.C.)","尹O","","","有","有"
"95486355","20240701","20240701","科達爾工業有限公司","Kothar Industries CO., LTD.","臺北市中正區開封街1段37號11樓","11 F., No. 37, Sec. 1, Kaifeng St., Zhongzheng Dist., Taipei City 100001, Taiwan (R.O.C.)","黃O誼","0975727593","","有","有"
"95486382","20240618","20240618","立鉅新能源有限公司","Master New Energy Co., Ltd.","臺中市北區文莊里中清路一段89號11樓之8","11 F.-8, No. 89, Sec. 1, Zhongqing Rd., Wenzhuang Vil., North Dist., Taichung City 404638, Taiwan (R.O.C.)","王O綺","","","有","有"
"95486405","20240520","20250225","美國媚麗世界有限公司","RICH WORLD LTD.","臺北市大同區承德路1段17號7樓之7","7 F.-7, No. 17, Sec. 1, Chengde Rd., Datong Dist., Taipei City 103613, Taiwan (R.O.C.)","林O晟","02-66041319","","有","有"
"95486469","20240730","20240730","晟富國際有限公司","CHENG FUH INTERNATIONAL CO., LTD.","彰化縣伸港鄉大同村大同八街229號1樓","1 F., No. 229, Datong 8th St., Shengang Township, Changhua County 509005, Taiwan (R.O.C.)","魏O庭","0937335522","","有","有"
"95486502","20240625","20240625","上鋒實業有限公司","SHONG FONG Industrial CO., LTD.","彰化縣溪湖鎮東溪里員鹿路一段458號","No. 458, Sec. 1, Yuanlu Rd., Dongxi Vil., Xihu Township, Changhua County 514009, Taiwan (R.O.C.)","詹O盛","0987-058785","","有","有"
"95486524","20240717","20240717","春安貿易有限公司","ChunAn Trading Limited Company","臺北市大安區忠孝東路4段169號12樓之4","12 F.-4, No. 169, Sec. 4, Zhongxiao E. Rd., Da’an Dist., Taipei City 106662, Taiwan (R.O.C.)","鄭O梅","02-27719768","","有","有"
"95486587","20240628","20240628","弼立美有限公司","PREMED CO., LTD.","新北市板橋區吳鳳路81巷1號3樓","3 F., No. 1, Ln. 81, Wufeng Rd., Banqiao Dist., New Taipei City 220028, Taiwan (R.O.C.)","吳O霖","0939911131","","有","有"
"95486637","20240723","20240723","生泰營養有限公司","ReTide nutrition CO., LTD.","臺中市北區健行里民權路559號3樓之1","3 F.-1, No. 559, Minquan Rd., Jianxing Vil., North Dist., Taichung City 404312, Taiwan (R.O.C.)","賴O君","0905862759","","有","有"
"95486714","20240422","20240422","采熙雅國際有限公司","Tracya global Packaging INC.","臺中市太平區長億里長億三街5巷2號1樓","1 F., No. 2, Ln. 5, Changyi 3rd St., Changyi Vil., Taiping Dist., Taichung City 411005, Taiwan (R.O.C.)","楊O愉","04-22111479","","有","有"
"95486849","20240514","20250516","馨研有限公司","Scentar Co., Ltd.","新北市板橋區溪崑二街124巷2號4樓","4 F., No. 2, Ln. 124, Xikun 2nd St., Banqiao Dist., New Taipei City 220103, Taiwan (R.O.C.)","許O馨","","","有","有"
"95486854","20240611","20240611","池坤生醫科技有限公司","CHI KUN BIOMED CO., LTD.","高雄市仁武區霞海南二街18號5樓","5 F., No. 18, Xiahai S. 2nd St., Renwu Dist., Kaohsiung City 814040, Taiwan (R.O.C.)","洪O昕","07779375","","有","有"
"95486989","20240524","20250419","承信卓越中心有限公司","TCIC CoE LTD.","臺北市信義區松德路161號12樓之2","12 F.-2, No. 161, Songde Rd., Xinyi Dist., Taipei City 110032, Taiwan (R.O.C.)","梁O誠","2726-0262","","有","有"
"95487002","20240822","20240822","新合貿易股份有限公司","NH CO., LTD.","桃園市中壢區南園二路1巷18弄6號","No. 6, Aly. 18, Ln. 1, Nanyuan 2nd Rd., Zhongli Dist., Taoyuan City 320017, Taiwan (R.O.C.)","陳O鏞","03-4535168","03-4532735","有","有"
"95487018","20250114","20250114","盛世綠能有限公司","META SAGE CO., LTD.","新北市板橋區四川路1段23號11樓","11 F., No. 23, Sec. 1, Sichuan Rd., Banqiao Dist., New Taipei City 220066, Taiwan (R.O.C.)","楊O東","","","有","有"
"95487122","20240619","20240619","元夕有限公司","1NUIT CO., LTD.","臺北市大安區和平東路3段70之2號1樓","1 F., No. 70-2, Sec. 3, Heping E. Rd., Da’an Dist., Taipei City 106033, Taiwan (R.O.C.)","陳O妤","","","有","有"
"95487158","20240622","20240622","伯斯悟有限公司","Boss woo co., ltd.","臺北市信義區市民大道6段108號1樓","1 F., No. 108, Sec. 6, Civic Blvd., Xinyi Dist., Taipei City 110056, Taiwan (R.O.C.)","游O淇","","","有","有"
"95487164","20240711","20240711","簡單剛好科技整合有限公司","Simple & Just Right Tech Integration Company","臺中市西區五權西二街144巷12號1樓","1 F., No. 12, Ln. 144, Wuquan W. 2nd St., West Dist., Taichung City 403025, Taiwan (R.O.C.)","林O達","0919296296","","有","有"
"95487241","20241126","20250223","秀泰全球影城股份有限公司台中文心分公司","SHOWTIME CINEMA-BANCHIAO CO., LTD. WENXIN BRANCH","臺中市南屯區文心南路289號7樓、8樓","7 F., No. 289, Wenxin S. Rd., Nantun Dist., Taichung City 408008, Taiwan (R.O.C.)","廖O銘","","","有","有"
"95487283","20240701","20240701","金生水有限公司","KSW CO., Ltd","臺北市中山區長安東路2段82號10樓","10 F., No. 82, Sec. 2, Chang’an E. Rd., Zhongshan Dist., Taipei City 104094, Taiwan (R.O.C.)","陳O穎","0968328599","","有","有"
"95487376","20240806","20250516","亞洲群星管理顧問股份有限公司","AASM Co., Ltd.","臺北市南港區忠孝東路6段21號6樓之7","6 F.-7, No. 21, Sec. 6, Zhongxiao E. Rd., Nangang Dist., Taipei City 115025, Taiwan (R.O.C.)","黃O融","","","有","有"
"95487381","20250324","20250324","彩富珈有限公司","Good Wealth Jewelry CO., LTD.","臺中市南屯區文心路一段378號7樓之10","7F-10, No. 378, Sec. 1, Wenxin Rd., Nantun Dist., Taichung City 408-62 , Taiwan (R.O.C.)","張O甄","04-23203189","","有","有"
"95487538","20240705","20250207","蘿來國際有限公司","Lolai international CO., LTD.","桃園市蘆竹區南崁里經國路902號4樓","4 F., No. 902, Jingguo Rd., Nankan Vil., Luzhu Dist., Taoyuan City 338018, Taiwan (R.O.C.)","林O怡","02-25557966","","有","有"
"95487565","20240719","20250329","佳琞科技有限公司","Jia Sheng Technology CO., LTD.","新北市中和區景新街437巷8號","1 F., No. 202, Sec. 3, Minsheng Rd., Banqiao Dist., New Taipei City 220008, Taiwan (R.O.C.)","傅O琪","02-22520363","03-5568170","有","有"
"95487621","20240702","20240702","恆富通運有限公司","Heng Fu Transport LTD.","基隆市七堵區崇智街27巷22之2號","No. 22-2, Ln. 27, Chongzhi St., Qidu Dist., Keelung City 206003, Taiwan (R.O.C.)","陳O村","","","有","有"
"95487713","20240711","20240711","多亞精密有限公司","Duoya Electronics Company Limited","新北市三重區重新路5段609巷20號7樓之2","7 F.-2, No. 20, Ln. 609, Sec. 5, Chongxin Rd., Sanchong Dist., New Taipei City 241410, Taiwan (R.O.C.)","施O周","","","有","有"
"95487729","20240905","20240905","日商新日本股份有限公司台灣分公司","NEW JAPAN CO., LTD. Taiwan Branch (japan)","臺北市松山區南京東路4段17號8樓之5","8 F.-5, No. 17, Sec. 4, Nanjing E. Rd., Songshan Dist., Taipei City 105022, Taiwan (R.O.C.)","畔O直樹AZEYANAGINAOKI","","","有","有"
"95487832","20240910","20240911","雲智餐飲企業股份有限公司","Smart Cloud Enterprise CO., LTD.","桃園市中壢區五權里民族路二段88號1樓","1 F., No. 88, Sec. 2, Minzu Rd., Wuquan Vil., Zhongli Dist., Taoyuan City 320008, Taiwan (R.O.C.)","江O甄","03-4915255","","有","有"
"95487848","20250221","20250221","興盛達股份有限公司","Integrated Forming Design CO., LTD.","新北市淡水區沙崙路256號7樓","7 F., No. 256, Shalun Rd., Tamsui Dist., New Taipei City 251032, Taiwan (R.O.C.)","蔡O惠","0972882337","","有","有"
"95487919","20240815","20240815","惠碳永續有限公司","Biochar Tech LTD.","臺中市北屯區平安里文心路四段752之3號","No. 752-3, Sec. 4, Wenxin Rd., Ping’an Vil., Beitun Dist., Taichung City 406505, Taiwan (R.O.C.)","徐O富","04-22938003","04-22175923","有","有"
"95487946","20241024","20241024","明昇國際通運有限公司","Ming Sheng International Express CO., LTD.","臺北市信義區忠孝東路5段1之2號11樓","11 F., No. 1-2, Sec. 5, Zhongxiao E. Rd., Xinyi Dist., Taipei City 110410, Taiwan (R.O.C.)","洪O緗","","","有","有"
"95488023","20240621","20240621","致美生技有限公司","Tobeauty Biotechnology Co., Ltd.","臺北市中山區集英里民權西路20號2樓","2 F., No. 20, Minquan W. Rd., Jiying Vil., Zhongshan Dist., Taipei City 104626, Taiwan (R.O.C.)","彭O安","","","有","有"
"95488086","20240510","20240510","傑商有限公司","Jay BUSINESS Co., Ltd.","桃園市桃園區同安里中正路1092號25樓","25F., No. 1092, Zhongzheng Rd., Taoyuan Dist., Taoyuan City 330010 , Taiwan (R.O.C.)","張O傑","","","有","有"
"95488092","20240527","20240527","佳旻貿易有限公司","Chia Min Trading LTD.","高雄市左營區站前北路1號4樓","4 F., No. 1, Zhanqian N. Rd., Zuoying Dist., Kaohsiung City 813014, Taiwan (R.O.C.)","黃O庭","07-2223700","","有","有"
"95488142","20240517","20250429","佳鼎企業有限公司","Jiading Hardware LIMITED COMPANY","雲林縣北港鎮樹腳里17鄰崇德街28號","No. 28, Chongde St., 17th Neighborhood, Shujiao Vil., Beigang Township, Yunlin County 651011, Taiwan (R.O.C.)","蔡O霖","","","有","有"
"95488207","20250102","20250102","麒瑞麟有限公司","Kirilin CO., LTD.","高雄市岡山區岡山路267號6樓","6 F., No. 267, Gangshan Rd., Gangshan Dist., Kaohsiung City 820001, Taiwan (R.O.C.)","蔡O翎","","","有","有"
"95488213","20240716","20240716","佺典有限公司","Quan-Dian CO., LTD.","新北市五股區新五路2段367號","No. 367, Sec. 2, Xin 5th Rd., Wugu Dist., New Taipei City 248013, Taiwan (R.O.C.)","楊O齊","03-4220222","","有","有"
"95488261","20240718","20250422","龍珠有限公司","LONG ZHU CO., LTD.","新北市板橋區國泰街30巷8號","No. 8, Ln. 30, Guotai St., Banqiao Dist., New Taipei City 220069, Taiwan (R.O.C.)","","","","無","無"
"95488348","20240618","20240726","啟動儲能設備有限公司","Start Energy Storage Equipment Co., Ltd.","臺北市中山區南京東路2段76號4樓","4 F., No. 76, Sec. 2, Nanjing E. Rd., Zhongshan Dist., Taipei City 104091, Taiwan (R.O.C.)","陳O章","0932-393544","","有","有"
"95488380","20240904","20240904","汯澄資本有限公司","CDET LTD.","臺北市松山區南京東路4段170號12樓之6","12 F.-6, No. 170, Sec. 4, Nanjing E. Rd., Songshan Dist., Taipei City 105036, Taiwan (R.O.C.)","郭O佑","","","有","有"
"95488403","20250225","20250225","員隆金屬有限公司","YUAN LONG METAL CO., LTD.","彰化縣彰化市南安里彰鹿路120巷40號1樓","1 F., No. 40, Ln. 120, Zhanglu Rd., Nan’an Vil., Changhua City, Changhua County 500043, Taiwan (R.O.C.)","許O瑋","","","有","有"
"95488425","20240709","20240709","悠晴國際有限公司","RELAXUR LIMITED COMPANY","臺北市內湖區內湖路1段360巷8號8樓","8 F., No. 8, Ln. 360, Sec. 1, Neihu Rd., Neihu Dist., Taipei City 114686, Taiwan (R.O.C.)","郭O瑜","","","有","有"
"95488500","20250324","20250324","中道國際有限公司","JUNG DAU INTERNATIONAL CO., LTD.","臺北市中山區松江路293之705號","No. 293-705, Songjiang Rd., Zhongshan Dist., Taipei City 104070, Taiwan (R.O.C.)","林O閔","02-25283282","","有","有"
"95488754","20240531","20240531","舜煜有限公司","SHUN YUI Limited Company","臺南市安定區安加里安定193-1號","No. 193-1, Anding, Anjia Vil., Anding Dist., Tainan City 745001, Taiwan (R.O.C.)","王O宗","","","有","有"
"95488760","20240712","20240712","暉達資訊有限公司","HUITEC PRINTER SOLUTION CO., LTD.","新北市泰山區貴子路36巷20號5樓","5 F., No. 20, Ln. 36, Guizi Rd., Taishan Dist., New Taipei City 243088, Taiwan (R.O.C.)","楊O珠","","","有","有"
"95488918","20240503","20240503","聲匠記號有限公司","Sound Artisan #b Co., Ltd.","臺北市大同區太原路50號2樓","2 F., No. 50, Taiyuan Rd., Datong Dist., Taipei City 103015, Taiwan (R.O.C.)","林O德","","","有","有"
"95489276","20240529","20240529","赫芙洛希保養品有限公司","Her floral hopes skincares Limited Company","臺中市南區福興里五權南路167號地下1樓之6","B1 F.-6, No. 167, Wuquan S. Rd., Fuxing Vil., South Dist., Taichung City 402011, Taiwan (R.O.C.)","陳O希","0987738031","","有","有"
"95489304","20240607","20250411","旭豐橡塑材料有限公司","XUFENG RUBBER AND PLASTIC MATERIALS CO., LTD.","臺中市南區復興路二段30號1樓","1 F., No. 30, Sec. 2, Fuxing Rd., South Dist., Taichung City 402017, Taiwan (R.O.C.)","黃O龍","04-22655265","04-22650525","有","有"
"95489326","20240709","20240712","利竹投資有限公司","Lizhu Investment CO., LTD.","高雄市苓雅區中山二路489號8樓之2","8 F.-2, No. 489, Zhongshan 2nd Rd., Lingya Dist., Kaohsiung City 802201, Taiwan (R.O.C.)","陳O芳","","","有","有"
"95489418","20240430","20240430","美邁實業有限公司","Meimai trade Ltd.","高雄市仁武區澄合街127號1樓","1 F., No. 127, Chenghe St., Renwu Dist., Kaohsiung City 814023, Taiwan (R.O.C.)","窩O妮．杜彣勒任","0939070676","","有","有"
"95489493","20240715","20250416","滿好得有限公司","MANHOWPASS INC.","臺北市內湖區內湖路1段607號","No. 607, Sec. 1, Neihu Rd., Neihu Dist., Taipei City 114004, Taiwan (R.O.C.)","林O靖","","","有","有"
"95489634","20240621","20240621","派大欣有限公司","BIG STAR LTD.","基隆市七堵區綠葉街67巷92號","No. 92, Ln. 67, Luye St., Qidu Dist., Keelung City 206012, Taiwan (R.O.C.)","林O潔","","","有","有"
"95489769","20240702","20250226","喜馬拉雅之音有限公司","Sound of Himalayas CO., LTD.","新北市板橋區三民路2段193巷10號","No. 10, Ln. 193, Sec. 2, Sanmin Rd., Banqiao Dist., New Taipei City 220083, Taiwan (R.O.C.)","嘎O臣周","","","有","有"
"95489825","20240625","20241017","毛與家股份有限公司","HOMIHomy CO., LTD.","臺北市中山區復興北路48號7樓","7 F., No. 48, Fuxing N. Rd., Zhongshan Dist., Taipei City 104502, Taiwan (R.O.C.)","林O琪","02-25020598","","有","有"
"95489846","20240626","20240626","洪勝漁業股份有限公司","HONGSHENG FISHERIES CO., LTD.","高雄市前鎮區后平路82號2樓之2","2 F.-2, No. 82, Houping Rd., Qianzhen Dist., Kaohsiung City 806039, Taiwan (R.O.C.)","蕭O吟","07-8410094","07-8410046","有","有"
"95489888","20240618","20240618","新園海洋整合行銷有限公司","HSIN-YUAN OCEAN INTEGRATION MARKETING CO., LTD.","屏東縣新園鄉共和村新興路二段1號","No. 1, Xinxing Rd., Xinyuan Township, Pingtung County 932014, Taiwan (R.O.C.)","林O賢","","","有","有"
"95489917","20250218","20250218","福寶國際物流有限公司","FU BAO EXPRESS CO., LTD.","桃園市大園區橫峰里平安路183號","No. 183, Ping'an Rd., Hengfeng Vil., Dayuan Dist., Taoyuan City 337015, Taiwan (R.O.C.)","許O寶","0968707671","","有","有"
"95489965","20240628","20240628","盛鉑國際有限公司","Shengbo Commerce CO., LTD.","臺中市西屯區惠來里市政北七路186號15樓之5","15 F.-5, No. 186, Shizheng N. 7th Rd., Huilai Vil., Xitun Dist., Taichung City 407612, Taiwan (R.O.C.)","許O博","","","有","有"
"95490055","20240429","20240429","威煊科技有限公司","InnoAction Technology LTD.","新竹縣竹東鎮二重里5鄰學府東路289巷6弄13號1樓","1 F., No. 13, Aly. 6, Ln. 289, Xuefu E. Rd., 5th Neighborhood, Erchong Vil., Zhudong Township, Hsinchu County 310017, Taiwan (R.O.C.)","郭O誠","0931736112","","有","有"
"95490061","20240711","20240711","元新創意顧問有限公司","Neospace Design Limited","臺北市松山區民權東路3段106巷1號12樓之1","12 F.-1, No. 1, Ln. 106, Sec. 3, Minquan E. Rd., Songshan Dist., Taipei City 105005, Taiwan (R.O.C.)","余OHUBERTROBERTVICTORKILIAN","","","有","有"
"95490082","20250106","20250106","新加坡商芯夥科技股份有限公司台灣分公司","XINPAL PTE LTD. TAIWAN BRANCH(SINGAPORE)","新竹縣竹北市光明六路85號8樓之3","8 F.-3, No. 85, Guangming 6th Rd., Zhubei City, Hsinchu County 302048, Taiwan (R.O.C.)","喻O新","0932126816","","有","有"
"95490230","20240531","20240531","合順興業有限公司","HE SHUN Industrial CO., LTD.","臺中市清水區海濱里海濱路405之37號1樓","1 F., No. 405-37, Haibin Rd., Haibin Vil., Qingshui Dist., Taichung City 436040, Taiwan (R.O.C.)","陳O進","","","有","有"
"95490267","20240530","20241010","有集貿易有限公司","Yoji Trading Co., LTD.","臺南市仁德區仁義里中山路212號","No. 212, Zhongshan Rd., Renyi Vil., Rende Dist., Tainan City 717002, Taiwan (R.O.C.)","廖O賢","0909539441","","有","有"
"95490392","20240611","20240611","瑞信化學股份有限公司","RESIN CHEMICAL CO., LTD.","新北市五股區新五路3段260號11樓","11 F., No. 260, Sec. 3, Xin 5th Rd., Wugu Dist., New Taipei City 248624, Taiwan (R.O.C.)","呂O仿","","","有","有"
"95490576","20240814","20240814","府上健康科技股份有限公司","WINNIE TECH CO., LTD.","臺中市西屯區何福里漢口路二段330之6號","No. 330-6, Sec. 2, Hankou Rd., Hefu Vil., Xitun Dist., Taichung City 407053, Taiwan (R.O.C.)","黃O正","04-23169112","","有","有"
"95490739","20240611","20240611","植無國際有限公司","ISSAISSA INTERNATIONAL CO., LTD.","新北市淡水區民權路25號22樓之17","22 F.-17, No. 25, Minquan Rd., Tamsui Dist., New Taipei City 251633, Taiwan (R.O.C.)","游O","0908155269","","有","有"
"95490750","20240517","20240517","美泰萬有限公司","METAONE Corporation","臺北市松山區東興路28號15樓","15 F., No. 28, Dongxing Rd., Songshan Dist., Taipei City 105612, Taiwan (R.O.C.)","江O慶","02-2748-8580","","有","有"
"95490772","20250212","20250212","煜宇有限公司","Prime View Insights CO., LTD.","臺中市東區富仁里自由二街91號2樓","2 F., No. 91, Ziyou 2nd St., Furen Vil., East Dist., Taichung City 401004, Taiwan (R.O.C.)","劉O君","","","有","有"
"95490800","20240701","20240702","多加貿易有限公司","Dorcas ENTERPRISE CO., LTD.","高雄市前金區河南二路106號八樓之4","8 F.-4, No. 106, Henan 2nd Rd., Qianjin Dist., Kaohsiung City 801003, Taiwan (R.O.C.)","郭O宏","0989508889","","有","有"
"95490837","20240613","20240613","晠源有限公司","K9 Shears CO., LTD.","新北市永和區秀朗路2段24巷15號","No. 15, Ln. 24, Sec. 2, Xiulang Rd., Yonghe Dist., New Taipei City 234032, Taiwan (R.O.C.)","林O永","02-22723797","","有","有"
"95490864","20240506","20250215","酷樂邦台灣製冷技術有限公司","KURABAN(Taiwan)Refrigeration Technology Ltd.","臺北市大安區樂業街41巷1號2樓","2 F., No. 1, Ln. 41, Leye St., Da'an Dist., Taipei City 106033, Taiwan (R.O.C.)","陳O翰","","","有","有"
"95490920","20240614","20240626","建元生物技術有限公司","JIAN YUAN BIOTECH CO., LTD.","臺北市中正區忠孝東路2段100號2樓之2","2 F.-2, No. 100, Sec. 2, Zhongxiao E. Rd., Zhongzheng Dist., Taipei City 100010, Taiwan (R.O.C.)","鍾O靈","","","有","有"
"95490935","20240529","20240529","摩阿迪巴科技有限公司","Muad Dib Technology Ltd.","臺北市萬華區西寧南路71巷6號1樓","1 F., No. 6, Ln. 71, Xining S. Rd., Wanhua Dist., Taipei City 108002, Taiwan (R.O.C.)","林O燁","0223316543","","有","有"
"95490941","20250320","20250320","璞玉家居國際有限公司","HOMATCH CO., LTD.","宜蘭縣五結鄉中正路3段168號一樓","1 F., No. 168, Sec. 3, Zhongzheng Rd., Wujie Township, Yilan County 268017, Taiwan (R.O.C.)","吳O倩","02-2727-7777","","有","有"
"95490978","20240710","20240710","天熱影像有限公司","Country Folks Company","新北市三重區光復路1段85號9樓","9 F., No. 85, Sec. 1, Guangfu Rd., Sanchong Dist., New Taipei City 241457, Taiwan (R.O.C.)","許O源","","","有","有"
"95490983","20240731","20240731","日間農產股份有限公司","RI JIAN Agricultural Products Limited Company","臺東縣臺東市自強里咸陽街90號1樓","1 F., No. 90, Xianyang St., Ziqiang Vil., Taitung City, Taitung County 950011, Taiwan (R.O.C.)","簡O軒","0925-071877","","有","有"
"95490999","20240718","20240718","貝齒妍有限公司","Bioteeth Limited Company","臺中市西屯區港尾里中康街215巷12弄11號1樓","1 F., No. 11, Aly. 12, Ln. 215, Zhongkang St., Gangwei Vil., Xitun Dist., Taichung City 407013, Taiwan (R.O.C.)","李O芬","0931648159","","有","有"
"95491049","20241017","20241017","翔永富有限公司","Xiang Yongfu Company","臺中市北區文莊里中清路一段89號11樓之8","11 F.-8, No. 89, Sec. 1, Zhongqing Rd., Wenzhuang Vil., North Dist., Taichung City 404638, Taiwan (R.O.C.)","張O菁","","","有","有"
"95491250","20240711","20240711","耀寅國際有限公司","YAO WIN INTERNATIONAL LTD.","臺北市大安區敦化南路1段200號12樓之1","12 F.-1, No. 200, Sec. 1, Dunhua S. Rd., Da’an Dist., Taipei City 106071, Taiwan (R.O.C.)","吳O崴","0976104551","","有","有"
"95491287","20240605","20240605","䖜䳴貿易有限公司","Indah-Fauna breeding & research CO., LTD.","臺北市松山區南京東路5段230號10樓之8","10 F.-8, No. 230, Sec. 5, Nanjing E. Rd., Songshan Dist., Taipei City 105611, Taiwan (R.O.C.)","黃O之","0972-202238","","有","有"
"95491420","20240418","20240418","雅企國際設計有限公司","AR Intl Design Co.","臺北市大同區涼州街32號5樓","5 F., No. 32, Liangzhou St., Datong Dist., Taipei City 103010, Taiwan (R.O.C.)","陳O亨","","","有","有"
"95491462","20241118","20241118","有營藝術教育顧問有限公司","Preperformance Plus Consulting CO., LTD.","高雄市鳥松區文前路56巷21號","No. 21, Ln. 56, Wenqian Rd., Niaosong Dist., Kaohsiung City 833162, Taiwan (R.O.C.)","柯O俐","07-2258277","","有","有"
"95491499","20241202","20241202","太吉友福健康股份有限公司","Taiji Youfu Health CO., LTD.","臺北市信義區松德路171號19樓之7","19 F.-7, No. 171, Songde Rd., Xinyi Dist., Taipei City 110030, Taiwan (R.O.C.)","謝OO","","","有","有"
"95491505","20240702","20240702","台灣錡諾企業有限公司","QINUO ENTERPRISE CO., LTD.","臺中市清水區鰲峰路385巷17號","No. 17, Ln. 385, Aofeng Rd., Qingshui Dist., Taichung City 436039, Taiwan (R.O.C.)","賴O瑜","0918984075","","有","有"
"95491532","20240508","20240709","凱騰鈴木汽車股份有限公司","JetTek Auto CO., LTD.","臺北市內湖區陽光街300號7樓","7 F., No. 300, Yangguang St., Neihu Dist., Taipei City 114718, Taiwan (R.O.C.)","林O凱","","","有","有"
"95491580","20240513","20240513","七福盛菓有限公司","GIFRUIT LTD.","臺中市西屯區何德里甘肅路一段89號","No. 89, Sec. 1, Gansu Rd., Hede Vil., Xitun Dist., Taichung City 407052, Taiwan (R.O.C.)","林O含","","","有","有"
"95491625","20240624","20240624","生生生技有限公司","LCS Biotechnology CO., LTD.","高雄市鳳山區福誠三街99號1樓","1 F., No. 99, Fucheng 3rd St., Fengshan Dist., Kaohsiung City 830641, Taiwan (R.O.C.)","林O生","0933651748","","有","有"
"95491673","20240716","20240716","妙盼生技股份有限公司","RiseBright Biotech CO., LTD.","臺北市大同區塔城街66號4樓","4 F., No. 66, Tacheng St., Datong Dist., Taipei City 103605, Taiwan (R.O.C.)","陳O鈺","0970-368045","","有","有"
"95491694","20250303","20250303","長泰輪胎有限公司","CHANG TAI TIRE LTD.","嘉義市東區圳頭里林森東路684巷26號一樓","1 F., No. 26, Ln. 684, Linsen E. Rd., Zuntou Vil., East Dist., Chiayi City 600046, Taiwan (R.O.C.)","陳O翰","","","有","有"
"95491738","20240606","20240606","楓杏生技有限公司","FengXing Biotech LTD.","臺北市文山區興隆路1段236號4樓","4 F., No. 236, Sec. 1, Xinglong Rd., Wenshan Dist., Taipei City 116062, Taiwan (R.O.C.)","王O盛","","","有","有"
"95491842","20240624","20240624","登豐京貿易有限公司","Denfenging Trading CO., LTD.","高雄市鳳山區頂豐街123號1樓","1 F., No. 123, Dingfeng St., Fengshan Dist., Kaohsiung City 830070, Taiwan (R.O.C.)","姜O旭","0935330088","","無","無"
"95491884","20240731","20240731","采芳食品有限公司","Choi fang food international LTD.","臺北市大安區忠孝東路4段295號3樓","3 F., No. 295, Sec. 4, Zhongxiao E. Rd., Da'an Dist., Taipei City 106078, Taiwan (R.O.C.)","高O婷","02-8771-6266","","有","有"
"95491998","20250409","20250409","鬼作股份有限公司","Ghost-do CO., LTD.","臺中市西屯區協和里工業區五路6之1號","No. 6-1, Gongyequ 5th Rd., Xiehe Vil., Xitun Dist., Taichung City 407020, Taiwan (R.O.C.)","張O仁","04-23553877","04-23553800","有","有"
"95492080","20241029","20241029","上宇空調工程有限公司","TOP ICAC ENGINEERING CO., LTD.","新北市板橋區仁化街42巷22號5樓","5 F., No. 22, Ln. 42, Renhua St., Banqiao Dist., New Taipei City 220021, Taiwan (R.O.C.)","蔡O月","0926011655","","有","有"
"95492119","20240712","20240712","台灣萬興資本股份有限公司","TAIWAN MEGA SUCCESS CAPITAL INC.","臺北市內湖區瑞光路408號8樓之3","8 F.-3, No. 408, Ruiguang Rd., Neihu Dist., Taipei City 114752, Taiwan (R.O.C.)","高O祐","","","有","有"
"95492146","20241213","20241213","華瀾科技有限公司","Magwave Technology LTD.","桃園市大溪區僑愛里僑愛一街72巷13弄13號7樓","7 F., No. 13, Aly. 13, Ln. 72, Qiao'ai 1st St., Qiao’ai Vil., Daxi Dist., Taoyuan City 335602, Taiwan (R.O.C.)","張O綺","","","有","有"
"95492151","20240604","20240604","富泰國際物流有限公司","FOTILE GLOBAL INC.","臺北市大同區迪化街1段46巷38號","No. 38, Ln. 46, Sec. 1, Dihua St., Datong Dist., Taipei City 103003, Taiwan (R.O.C.)","劉O儒","","","有","有"
"95492194","20240702","20240702","佑陞通訊有限公司","You Sheng Communications CO., LTD.","桃園市桃園區長安里中正路641號(一樓)","1 F., No. 641, Zhongzheng Rd., Chang’an Vil., Taoyuan Dist., Taoyuan City 330013, Taiwan (R.O.C.)","方O","03-3263353","","有","有"
"95492342","20240708","20240708","碼上好科技有限公司","Code Up Technology Ltd.","臺北市中山區民權西路20號2樓","2 F., No. 20, Minquan W. Rd., Zhongshan Dist., Taipei City 104626, Taiwan (R.O.C.)","蔡O名","","","有","有"
"95492379","20241120","20241120","茂俊股份有限公司","MINE DREAM CO., LTD.","新北市五股區新五路3段260號11樓","11 F., No. 260, Sec. 3, Xin 5th Rd., Wugu Dist., New Taipei City 248624, Taiwan (R.O.C.)","王O昱","","","有","有"
"95492722","20240417","20250217","潮鋒行銷有限公司","NEW TIDE MARKETING CO., LTD.","臺北市中正區忠孝西路1段66號28樓","28 F., No. 66, Sec. 1, Zhongxiao W. Rd., Zhongzheng Dist., Taipei City 100507, Taiwan (R.O.C.)","李O雲","02-77522255","","有","有"
"95492737","20240531","20240531","靈感創造有限公司","Create by Soul Co., Ltd.","臺北市中山區南京東路3段208號9樓","9 F., No. 208, Sec. 3, Nanjing E. Rd., Zhongshan Dist., Taipei City 104505, Taiwan (R.O.C.)","黃O琪","","","有","有"
"95492906","20241016","20241016","醫吉幫股份有限公司","EGB Company Limited","新北市新店區北新路1段293號4樓之5","4 F.-5, No. 293, Sec. 1, Beixin Rd., Xindian Dist., New Taipei City 231031, Taiwan (R.O.C.)","莊O光","","","有","有"
"95492976","20250113","20250113","歐威亞有限公司","OVIA LTD.","桃園市中壢區中建里中央西路一段1號7樓","7 F., No. 1, Sec. 1, Zhongyang W. Rd., Zhongjian Vil., Zhongli Dist., Taoyuan City 320002, Taiwan (R.O.C.)","劉O祥","0967151871","","有","有"
"95492997","20240517","20240517","旭智能源股份有限公司","Sunrise Intelligent Energy CO., LTD.","宜蘭縣五結鄉利工一路二段1號2樓","2 F., No. 1, Sec. 2, Ligong 1st Rd., Wujie Township, Yilan County 268015, Taiwan (R.O.C.)","陳O乾","","","有","有"
"95493004","20240722","20240722","涵都盧音樂有限公司","Handle Music Ltd.","臺北市大同區太原路115巷18號","No. 18, Ln. 115, Taiyuan Rd., Datong Dist., Taipei City 103014, Taiwan (R.O.C.)","劉O","","","有","有"
"95493031","20250124","20250124","秦川有限公司","CHIN CHUAN MEDIA LTD.","臺北市中正區紹興北街31巷6號4樓之4","4 F.-4, No. 6, Ln. 31, Shaoxing N. St., Zhongzheng Dist., Taipei City 100013, Taiwan (R.O.C.)","廖O溢","","","有","有"
"95493089","20250402","20250402","大豐晟貿易有限公司","DAFENGSHENG TRADING CO., LTD.","臺中市霧峰區峰谷里峰谷路208巷3號","No. 3, Ln. 208, Fenggu Rd., Fenggu Vil., Wufeng Dist., Taichung City 413004, Taiwan (R.O.C.)","張O信","04-23336536","","有","有"
"95493150","20250121","20250121","鉅鋒生技有限公司","JU-FONG Biotechnology LTD.","臺北市中山區南京東路2段11號3樓","3 F., No. 11, Sec. 2, Nanjing E. Rd., Zhongshan Dist., Taipei City 104089, Taiwan (R.O.C.)","胡O華","02-25633988","","有","有"
"95493193","20240718","20241111","澄鈺國際有限公司","CHENGYU BAKING INTERNATIONAL CO., LTD.","桃園市桃園區大有路218之4號3樓","3 F., No. 218-4, Dayou Rd., Taoyuan Dist., Taoyuan City 330023, Taiwan (R.O.C.)","林O芳","03-3633159","03-3633158","有","有"
"95493285","20250221","20250221","鎰錩科技彈簧五金有限公司","YI CHANG TECHNOLOGY SPRING INDUSTRIAL CO., LTD.","高雄市三民區綏遠二街54號1樓","1 F., No. 54, Suiyuan 2nd St., Sanmin Dist., Kaohsiung City 807014, Taiwan (R.O.C.)","周O彰","0927279596","","有","有"
"95493378","20240523","20240523","智慧媽咪國際有限公司","Mommy Wisdom International LTD.","臺中市潭子區福仁里合作街95號1樓","1 F., No. 95, Hezuo St., Furen Vil., Tanzi Dist., Taichung City 427013, Taiwan (R.O.C.)","林O珽","04-25362969","","有","有"
"95493428","20240523","20250528","嘉盈茗品有限公司","CHIAYING TEA CO., LTD.","新北市蘆洲區光華路132巷19號3樓","3 F., No. 19, Ln. 132, Guanghua Rd., Luzhou Dist., New Taipei City 247028, Taiwan (R.O.C.)","馬O盈","","","有","有"
"95493546","20240822","20240822","伊凡伊娃有限公司","EVAM EVA CO., LTD.","臺北市大安區忠孝東路3段305號6樓之1","6 F.-1, No. 305, Sec. 3, Zhongxiao E. Rd., Da'an Dist., Taipei City 106452, Taiwan (R.O.C.)","近O和也","","","有","有"
"95493659","20250204","20250617","艾可米斯特台灣股份有限公司","ALCHEMIST TAIWAN CO., LTD.","臺北市大同區南京西路233巷1號1樓","1 F., No. 1, Ln. 233, Nanjing W. Rd., Datong Dist., Taipei City 103005, Taiwan (R.O.C.)","LOOWWOISHAN","02-22328100","","有","有"
"95493715","20240809","20240809","香港商緁瑀興貿易有限公司台灣分公司","CHONG YU HING TRADING CO., LTD. TAIWAN BRANCH(HK)","臺北市中山區民權東路3段37號11樓","11 F., No. 37, Sec. 3, Minquan E. Rd., Zhongshan Dist., Taipei City 104478, Taiwan (R.O.C.)","蔡O華TSAI,CHIA-HUA","","","有","有"
"95493736","20240426","20240426","科技磚教育有限公司","Tech a brick education CO., LTD.","新北市土城區中央路4段58之3號2樓","2 F., No. 58-3, Sec. 4, Zhongyang Rd., Tucheng Dist., New Taipei City 236041, Taiwan (R.O.C.)","曾O佳","02-23680370","","有","有"
"95493840","20220519","20240727","大逸國際有限公司","Daily ease international LTD.","新北市三重區重新路2段21號8樓","8 F., No. 21, Sec. 2, Chongxin Rd., Sanchong Dist., New Taipei City 24147, Taiwan (R.O.C.)","張O恆","02-27848803","","有","有"
"95493855","20250225","20250225","鴻達國際生技有限公司","Hongda International Biotechnology CO., LTD.","新北市板橋區縣民大道3段93巷23號","No. 23, Ln. 93, Sec. 3, Xianmin Blvd., Banqiao Dist., New Taipei City 220006, Taiwan (R.O.C.)","簡O彰","","","有","有"
"95493861","20240523","20240523","銓鈊有限公司","ALLSYNC LTD.","新北市林口區民族路82巷24號9樓","9 F., No. 24, Ln. 82, Minzu Rd., Linkou Dist., New Taipei City 244020, Taiwan (R.O.C.)","劉O萍","","","有","有"
"95493975","20240619","20240619","富享國際開發有限公司","IdeaGift International Co. Ltd.","臺北市中山區長安東路2段108號8樓之7","8 F.-7, No. 108, Sec. 2, Chang’an E. Rd., Zhongshan Dist., Taipei City 104094, Taiwan (R.O.C.)","夏O羲","","","有","有"
"95494003","20240612","20240612","上鼎科技實業有限公司","SDTI.Co.Ltd","臺中市西區和龍里臺灣大道二段2號18樓之1","18F.-1, No. 2, Sec. 2, Taiwan Blvd., West Dist., Taichung City","陳O助","04-12110358","","有","有"
"95494019","20240807","20240807","榮界無介顧問有限公司","Vast Realms CO., LTD.","臺中市后里區中和里公安路199號1樓","1 F., No. 199, Gong'an Rd., Zhonghe Vil., Houli Dist., Taichung City 421011, Taiwan (R.O.C.)","林O宏","0912889874","","有","有"
"95494117","20240730","20240730","久富國際實業股份有限公司","JIU FU GLOBAL INDUSTRY CO., LTD.","彰化縣和美鎮嘉犁里太平路94巷169號","No. 169, Ln. 94, Taiping Rd., Jiali Vil., Hemei Township, Changhua County 508008, Taiwan (R.O.C.)","謝O程","04-7330418","","有","有"
"95494159","20240613","20240613","奧傑有限公司","AOJIE SPORT CO., LTD.","桃園市觀音區甘泉街24號","No. 24, Ganquan St., Guanyin Dist., Taoyuan City 328003, Taiwan (R.O.C.)","楊O夫","","","有","有"
"95494221","20240705","20240808","富源聖實業有限公司","FU YUAN SHENG INDUSTRIAL CO., LTD.","高雄市仁武區竹門巷101之10號","No. 101-10, Zhumen Ln., Renwu Dist., Kaohsiung City 814010, Taiwan (R.O.C.)","許O盛","07-3759630","07-3759631","有","有"
"95494236","20250303","20250303","飛高高工程科技有限公司","K&FLY Corporation","臺北市大安區忠孝東路4段221號10樓","No. 221-10, Sec. 4, Zhongxiao E. Rd., Da'an Dist., Taipei City 106 , Taiwan (R.O.C.)","林O霏","","","有","有"
"95494355","20240424","20240424","樂倪企業有限公司","LE NI CHI YEH CO., LTD.","臺中市北區一中街96號3樓","3 F., No. 96, Yizhong St., North Dist., Taichung City 404009, Taiwan (R.O.C.)","阮O淳","","","有","有"
"95494637","20240625","20240625","尖叫文創有限公司","Yellout C&C CO., LTD.","臺北市內湖區內湖路1段66號3樓","3 F., No. 66, Sec. 1, Neihu Rd., Neihu Dist., Taipei City 114066, Taiwan (R.O.C.)","張O帆","02-27955597","","有","有"
"95494658","20241128","20241128","小越同學有限公司","YA MATE CO., LTD.","臺中市南屯區三義里大業路601號10樓","10 F., No. 601, Daye Rd., Sanyi Vil., Nantun Dist., Taichung City 408302, Taiwan (R.O.C.)","鍾O彰","0972985596","","有","有"
"95494812","20240625","20240815","隆州國際航空貨運代理有限公司","FLYING EAGLE INTERNATIONAL AVIATION FREIGHT AGENT CO., LTD.","臺中市西屯區惠來里市政路55號8樓之1","8 F.-1, No. 55, Shizheng Rd., Huilai Vil., Xitun Dist., Taichung City 407648, Taiwan (R.O.C.)","陳O詮","04-22545757","","有","有"
"95494881","20250303","20250305","泰鋼鋁回收有限公司","Tai Gang CO., LTD.","彰化縣二林鎮南光里裕民街8號9樓之1","9 F.-1, No. 8, Yumin St., Nanguang Vil., Erlin Township, Changhua County 526022, Taiwan (R.O.C.)","黃O鈞","048960790","","有","有"
"95495045","20240703","20240703","恆陞國際興業有限公司","ETERNAL RISE FIBER CO., LTD.","新北市蘆洲區成功路82巷15號3樓","3 F., No. 15, Ln. 82, Chenggong Rd., Luzhou Dist., New Taipei City 247019, Taiwan (R.O.C.)","曾O蘋","02-89137523","","有","有"
"95495158","20250211","20250211","愛銳思有限公司","arAIse CO., LTD.","桃園市龍潭區上林里金龍路476巷73弄8號(1樓)","1 F., No. 8, Aly. 73, Ln. 476, Jinlong Rd., Shanglin Vil., Longtan Dist., Taoyuan City 325014, Taiwan (R.O.C.)","江O庭","03-4700358","","有","有"
"95495164","20240506","20250430","瑞遄利民國貿有限公司","Rui Chuan Limin International Trade CO., LTD.","新北市中和區安平路36巷5號2樓","2 F., No. 5, Ln. 36, Anping Rd., Zhonghe Dist., New Taipei City 235605, Taiwan (R.O.C.)","劉O瑞","02-29845731","02-29845462","有","有"
"95495185","20240522","20250208","達沃斯新能源股份有限公司","Davos New Energy Corporation","臺北市大安區安和路1段27號15樓","15 F., No. 27, Sec. 1, Anhe Rd., Da’an Dist., Taipei City 106646, Taiwan (R.O.C.)","谷O涵","0912200160","","有","有"
"95495376","20240621","20240621","布布家居股份有限公司","Bu Bu Sofa CO., LTD.","臺中市太平區東和里東平路276號","No. 276, Dongping Rd., Donghe Vil., Taiping Dist., Taichung City 411001, Taiwan (R.O.C.)","呂O珊","04-22776006","","有","有"
"95495397","20240807","20240807","晶湛跨境有限公司","Brilliant Pro Global CO., LTD.","桃園市中壢區仁愛里功學路182號(1樓)","1 F., No. 182, Gongxue Rd., Ren’ai Vil., Zhongli Dist., Taoyuan City 320040, Taiwan (R.O.C.)","阮O儀","","","有","有"
"95495782","20240613","20240613","紅花天后國際有限公司","Hounghua Queen International CO., LTD.","臺北市大安區臨江街103號1樓","1 F., No. 103, Linjiang St., Da’an Dist., Taipei City 106050, Taiwan (R.O.C.)","黃O楷","","","有","有"
"95495798","20240507","20240507","鎧翔企業有限公司","KAIXIANG ENTERPRISE CO., LTD.","新北市汐止區中興路83號5樓","5 F., No. 83, Zhongxing Rd., Xizhi Dist., New Taipei City 221018, Taiwan (R.O.C.)","劉O福","","","有","有"
"95495832","20240419","20240419","穎爵塗裝顧問有限公司","Ying Jade Coating Consultancy Ltd.","新北市新店區北新路1段10號3樓之1","3 F.-1, No. 10, Sec. 1, Beixin Rd., Xindian Dist., New Taipei City 231003, Taiwan (R.O.C.)","高O彥","","","有","有"
"95495896","20241230","20241230","優思配有限公司","YUSI MATCHING CO., LTD.","新北市土城區裕民路172號","No. 172, Yumin Rd., Tucheng Dist., New Taipei City 236026, Taiwan (R.O.C.)","陳O宏","","","有","有"
"95495973","20240612","20240612","程杉設計室內裝修有限公司","L&C Interior Design CO., LTD.","臺中市大雅區四德里龍善街16巷20號1樓","1 F., No. 20, Ln. 16, Longshan St., Side Vil., Daya Dist., Taichung City 428006, Taiwan (R.O.C.)","張O霜","0917-222482","","有","有"
"95496121","20240613","20240613","瑪麗蓮國際股份有限公司","Marilyne International CO., LTD.","臺中市北區賴福里中清路一段416號10樓","10 F., No. 416, Sec. 1, Zhongqing Rd., Laifu Vil., North Dist., Taichung City 404024, Taiwan (R.O.C.)","陳O櫻","04-22478573","","有","有"
"95496136","20240614","20240618","太自由影像有限公司","Toofree Pictures Co., Ltd.","臺北市信義區基隆路2段22號2樓之3","2 F.-3, No. 22, Sec. 2, Keelung Rd., Xinyi Dist., Taipei City 110007, Taiwan (R.O.C.)","葉O中","","","有","有"
"95496157","20240604","20240604","棨美包裝有限公司","CHIME Packaging CO., LTD.","臺北市信義區基隆路1段143號11樓之3","11 F.-3, No. 143, Sec. 1, Keelung Rd., Xinyi Dist., Taipei City 110058, Taiwan (R.O.C.)","陳O棨","0912530017","","有","有"
"95496229","20240419","20240419","施比受國際香料有限公司","SHI BI SHOU INTERNATIONAL CO., LTD.","屏東縣麟洛鄉大同街50號1樓","1 F., No. 50, Datong St., Linluo Township, Pingtung County 909163, Taiwan (R.O.C.)","柯O元","08-7510939","","有","有"
"95496332","20240521","20240521","劇風科技股份有限公司","Drama Talk Co., Ltd","臺北市松山區復興北路145號5樓","5 F., No. 145, Fuxing N. Rd., Songshan Dist., Taipei City 105021, Taiwan (R.O.C.)","鄭O軒","","","有","有"
"95496380","20250226","20250226","弘達自動化設備有限公司","Hongda Automation Equipment CO., LTD.","桃園市桃園區桃鶯路27之1號6樓","6 F., No. 27-1, Taoying Rd., Taoyuan Dist., Taoyuan City 330024, Taiwan (R.O.C.)","劉O群","","","有","有"
"95496419","20240429","20240429","好魔術有限公司","Hypothesis Magic Co., Ltd.","臺北市中正區羅斯福路3段128巷13之1號","No. 13-1, Ln. 128, Sec. 3, Roosevelt Rd., Zhongzheng Dist., Taipei City 100032, Taiwan (R.O.C.)","許O鈞","","","有","有"
"95496473","20240508","20240508","蘇比克砂石有限公司","Subic Sand CO., LTD.","臺北市南港區經貿二路157巷36弄82號2樓","2 F., No. 82, Aly. 36, Ln. 157, Jingmao 2nd Rd., Nangang Dist., Taipei City 115018, Taiwan (R.O.C.)","林O傑","02-26510257","","有","有"
"95496500","20240717","20240909","新加坡商第一線資訊科技有限公司台灣分公司","DYX TECHNOLOGY PTE. LTD. TAIWAN BRANCH(SINGAPORE)","臺北市大安區敦化南路二段333號21樓","21 F., No. 333, Sec. 2, Dunhua S. Rd., Da'an Dist., Taipei City 106033, Taiwan (R.O.C.)","王OWANG,HSI","02-27380320","02-27380420","有","有"
"95496543","20250415","20250415","城市礦業股份有限公司","CITY MINERS INC.","新北市林口區仁愛路2段502號14樓之6","14 F.-6, No. 502, Sec. 2, Ren'ai Rd., Linkou Dist., New Taipei City 244019, Taiwan (R.O.C.)","黃O智","02-86018270","","有","有"
"95496558","20240530","20240605","世青有限公司","SHICHING CO., LTD.","臺中市北區健行路373之6號","No. 373-6, Jianxing Rd., North Dist., Taichung City 404439, Taiwan (R.O.C.)","游O平","04-23925055","","無","無"
"95496570","20240702","20250321","輔崴有限公司","FU WEI CO., LTD.","臺中市西區安龍里五權路2之3號10樓","10 F., No. 2-3, Wuquan Rd., Anlong Vil., West Dist., Taichung City 403007, Taiwan (R.O.C.)","許O輔","0981-714099","","有","有"
"95496662","20250221","20250221","鐿心國際貿易有限公司","GOLDEN UNI HEART TRADE CO., LTD.","臺中市豐原區朴子里朴子街260巷38弄7號1樓","1 F., No. 7, Aly. 38, Ln. 260, Puzi St., Puzi Vil., Fengyuan Dist., Taichung City 420072, Taiwan (R.O.C.)","洪O韻","0932517369","","有","有"
"95496683","20240823","20240823","編集者發行社有限公司","The Affairs Circulation Ltd.","臺北市中正區八德路1段28號2樓","2 F., No. 28, Sec. 1, Bade Rd., Zhongzheng Dist., Taipei City 100013, Taiwan (R.O.C.)","李O昌","","","有","有"
"95496733","20240823","20240823","醇富國際股份有限公司","Chun Wealth Limited Company","臺中市北屯區平安里文心路四段698號15樓之1","15 F.-1, No. 698, Sec. 4, Wenxin Rd., Ping’an Vil., Beitun Dist., Taichung City 406503, Taiwan (R.O.C.)","鄭O鋕","04-22541786","","有","有"
"95496781","20240521","20240521","京正消防有限公司","JINGZHENG FIRE PTOTECTION CO., LTD.","新竹縣竹北市六家五路二段43號","No. 43, Sec. 2, Liujia 5th Rd., Zhubei City, Hsinchu County 302053, Taiwan (R.O.C.)","劉O蔚","","","有","有"
"95496797","20240508","20240508","吉紘貿易有限公司","JEWEL HONG FOOTWEAR LTD.","高雄市楠梓區樂群路118號2樓","2 F., No. 118, Lequn Rd., Nanzi Dist., Kaohsiung City 811011, Taiwan (R.O.C.)","周O輝","07-6214181","07-6210124","有","有"
"95496826","20240530","20240530","珖龍嘉瑞國際行銷有限公司","KuanLongChiaRay Internationl Marketing CO., LTD.","臺北市內湖區港墘路99號3樓","3 F., No. 99, Gangqian Rd., Neihu Dist., Taipei City 114007, Taiwan (R.O.C.)","歐O嘉","0926714348","","無","無"
"95496831","20240904","20240904","龍騰光電有限公司","LT LIGHT OPTO CO., LTD.","桃園市桃園區永安路1188巷8號(1樓)","1 F., No. 8, Ln. 1188, Yong'an Rd., Taoyuan Dist., Taoyuan City 330030, Taiwan (R.O.C.)","林O惠美","","","有","有"
"95496918","20240715","20240715","立詮鋼圈有限公司","LI-CHUAN RIMS CO., LTD.","新竹市香山區東香里新香街168號","No. 168, Sinsiang St., Siangshan Dist., Hsinchu City 300113 , Taiwan (R.O.C.)","葉O男","03-5762970","","有","有"
"95496987","20250219","20250219","上詠科技電子有限公司","SHANG YONG TECHNOLOGY ELECTRONICS CO., LTD.","臺南市新營區民生里民生路163巷47號","No. 47, Ln. 163, Minsheng Rd., Minsheng Vil., Xinying Dist., Tainan City 730009, Taiwan (R.O.C.)","陳O君","","","有","有"
"95497108","20240805","20240805","賦宇實業有限公司","Fuyu Industrial CO., LTD.","新北市新莊區民安西路88巷5弄16號","No. 16, Aly. 5, Ln. 88, Min'an W. Rd., Xinzhuang Dist., New Taipei City 242068, Taiwan (R.O.C.)","黃O弘","02-22045053","","有","有"
"95497120","20240717","20240717","三凱國際股份有限公司","KAILAND CO., LTD.","臺北市大同區承德路3段230號5樓","5 F., No. 230, Sec. 3, Chengde Rd., Datong Dist., Taipei City 103632, Taiwan (R.O.C.)","張O聖","0932076061","","有","有"
"95497183","20241209","20241209","方舟奇想股份有限公司","ARKVO CO., LTD.","臺中市西區中興里公益路132號8樓","8 F., No. 132, Gongyi Rd., Zhongxing Vil., West Dist., Taichung City 403024, Taiwan (R.O.C.)","張O成","04-23213829","04-23103131","有","有"
"95497233","20240619","20240619","廣泓貿易有限公司","CAMEHOME TRADE CO., LTD.","新北市中和區中和路366號9樓之5","9 F.-5, No. 366, Zhonghe Rd., Zhonghe Dist., New Taipei City 235605, Taiwan (R.O.C.)","楊O珊","","","有","有"
"95497304","20240605","20240605","生活改良有限公司","Indoors Retrofit CO., LTD.","臺北市大安區安和路1段27號15樓","15 F., No. 27, Sec. 1, Anhe Rd., Da’an Dist., Taipei City 106646, Taiwan (R.O.C.)","董O鑫","0917686121","","有","有"
"95497331","20241018","20241018","想動健康有限公司","MoveWell Health Co., Ltd.","基隆市中正區新豐里新豐街162巷13號6樓之1","6 F.-1, No. 13, Ln. 162, Xinfeng St., Xinfeng Vil., Zhongzheng Dist., Keelung City 202014, Taiwan (R.O.C.)","謝O琪","","","有","有"
"95497402","20240815","20240815","悅望國際有限公司","Simchatik International CO., LTD.","雲林縣斗南鎮東明里雲林路三段611號1樓","1 F., No. 611, Sec. 3, Yunlin Rd., Dongming Vil., Dounan Township, Yunlin County 630045, Taiwan (R.O.C.)","盧O萱","0973553652","","有","有"
"95497584","20240529","20240529","炬禾銧有限公司","Koray International Company Limited","臺中市北屯區山西路三段321號12樓之3","12 F.-3, No. 321, Sec. 3, Shanxi Rd., Beitun Dist., Taichung City 406033, Taiwan (R.O.C.)","施O慈","04-24222109","","有","有"
"95497590","20241224","20241224","山禾研有限公司","SummerHand LTD.","臺中市沙鹿區埔子里正義路265號1樓","1 F., No. 265, Zhengyi Rd., Puzi Vil., Shalu Dist., Taichung City 433102, Taiwan (R.O.C.)","陳O虎","0905209812","","有","有"
"95497655","20240612","20240711","輝達興業有限公司","Apric Enterprise Company Limited","臺中市東勢區慶東里東關路五段373號","No. 373, Sec. 5, Dongguan Rd., Qingdong Vil., Dongshi Dist., Taichung City 423007, Taiwan (R.O.C.)","徐O有","","","有","有"
"95497711","20240719","20240719","覓取科技股份有限公司","Trade Tioh Co., Ltd.","臺北市內湖區瑞光路335號11樓","11 F., No. 335, Ruiguang Rd., Neihu Dist., Taipei City 114063, Taiwan (R.O.C.)","謝O屹","","","有","有"
"95497780","20240429","20241206","億囍可可國際有限公司","Y.X.C. International Co.","臺南市永康區王行里王行路866巷29弄114號2樓","2 F., No. 114, Aly. 29, Ln. 866, Wangxing Rd., Wangxing Vil., Yongkang Dist., Tainan City 710002, Taiwan (R.O.C.)","楊O慧","0932901053","","有","有"
"95497867","20250110","20250110","目結藝術設計有限公司","Eye Link Art Design CO., LTD.","新北市中和區中山路2段146號地下一層","No. 146, Sec. 2, Zhongshan Rd., Zhonghe Dist., New Taipei City 235027, Taiwan (R.O.C.)","林O謙","02-23053208","","有","有"
"95497965","20240716","20241126","星頂航空有限公司","XING DING AIR CO., LTD.","臺中市西屯區西屯路三段150之41巷146號","No. 146, Ln. 150-41, Sec. 3, Xitun Rd., Xitun Dist., Taichung City 407007, Taiwan (R.O.C.)","","","","無","無"
"95498021","20240715","20240715","祿米科技有限公司","Loomi Technology Co., Ltd","臺中市西屯區惠來里市政北七路186號12樓之9","12 F.-9, No. 186, Shizheng N. 7th Rd., Huilai Vil., Xitun Dist., Taichung City 407612, Taiwan (R.O.C.)","吳O青","","","有","有"
"95498057","20240812","20240812","乘妃國際有限公司","Crystal Flow International CO., LTD.","苗栗縣竹南鎮大埔里仁愛路639號1樓","1 F., No. 639, Ren'ai Rd., Dapu Vil., Zhunan Township, Miaoli County 350012, Taiwan (R.O.C.)","陳O憓","0974001728","","有","有"
"95498107","20240528","20240528","立新國際投資顧問股份有限公司","Lyshin International Investment Consulting CO., LTD.","臺北市萬華區東園街72號1樓","1 F., No. 72, Dongyuan St., Wanhua Dist., Taipei City 108040, Taiwan (R.O.C.)","吳O誼","02-29528397","","有","有"
"95498134","20240604","20240604","國御貿易有限公司","GUO YU Trading CO., LTD.","高雄市楠梓區德民路117號2樓","2 F., No. 117, Demin Rd., Nanzi Dist., Kaohsiung City 811218, Taiwan (R.O.C.)","吳O緯","0901005951","","有","有"
"95498140","20241011","20241011","美淘國際有限公司","TAO ABCs LTD.","臺南市安定區安定里安定58號之43","No. 58-43, Anding, Anding Dist., Tainan City 745001, Taiwan (R.O.C.)","王O翰","0921997842","","有","有"
"95498346","20240614","20240614","大戶人家高球工坊有限公司","Dahe Renjia Golf Workshop CO., LTD.","臺中市南屯區新富路305號3樓之3","3 F.-3, No. 305, Xinfu Rd., Nantun Dist., Taichung City 408023, Taiwan (R.O.C.)","陳O君","0966008998","","有","有"
"95498423","20250210","20250210","迦晨企業有限公司","Jia Chen Limited Company","臺北市信義區忠孝東路4段563號11樓","11 F., No. 563, Sec. 4, Zhongxiao E. Rd., Xinyi Dist., Taipei City 110058, Taiwan (R.O.C.)","黃O筑","","","有","有"
"95498697","20250304","20250304","辛瑪行銷有限公司","SymMar Marketing LTD.","新北市中和區中山路2段296號7樓之5","7 F.-5, No. 296, Sec. 2, Zhongshan Rd., Zhonghe Dist., New Taipei City 235026, Taiwan (R.O.C.)","林O楨","","","有","有"
"95498726","20240515","20240515","金澤彩色印刷有限公司","Jinze Color Printing CO., LTD.","臺北市萬華區大理街17號3樓","3 F., No. 17, Dali St., Wanhua Dist., Taipei City 108020, Taiwan (R.O.C.)","洪O文","","","有","有"
"95498768","20180601","20240521","威泰車業有限公司","Well time cycle CO., LTD.","彰化縣員林市振興里山脚路二段460巷297號","No. 297, Ln. 460, Sec. 2,  Shanjiao Rd., Zhenxing Vil., Yuanlin City,  Changhua County 510, Taiwan (R.O.C.)","游O瓊","04-8365951","","有","有"
"95498789","20240723","20240723","昕怡芯科技有限公司","SYS INNOVATION TECHNOLOGIES INC.","新竹市東區高峰里高峰路95巷39號1樓","1 F., No. 39, Ln. 95, Gaofeng Rd., Gaofeng Vil., East Dist., Hsinchu City 300038, Taiwan (R.O.C.)","柯O杙","03-5616668","","有","有"
"95498850","20240624","20250225","康庭開發有限公司","Contin Developing CO., LTD.","臺北市信義區莊敬路423巷4弄9號1樓","1 F., No. 9, Aly. 4, Ln. 423, Zhuangjing Rd., Xinyi Dist., Taipei City 110016, Taiwan (R.O.C.)","","","","無","無"
"95498866","20250425","20250425","三直有限公司","SantriX CO., LTD.","臺北市中山區中山北路3段27號4樓之9","4 F.-9, No. 27, Sec. 3, Zhongshan N. Rd., Zhongshan Dist., Taipei City 104429, Taiwan (R.O.C.)","黃O伶","02-28082225","","有","有"
"95498872","20240722","20240722","雪域股份有限公司","Snow Realm Co., Ltd.","屏東縣琉球鄉相埔路86-5號","No. 86-5, Xiangpu Rd., Liuqiu Township, Pingtung County 929002, Taiwan (R.O.C.)","陳O伶","","","有","有"
"95498893","20250115","20250506","青藤數位科技有限公司","Ivy Tech Capital CO., LTD.","臺北市大安區忠孝東路4段221號8樓","8 F., No. 221, Sec. 4, Zhongxiao E. Rd., Da'an Dist., Taipei City 106448, Taiwan (R.O.C.)","","","","無","無"
"95498922","20240904","20241228","大生學生活股份有限公司","Cathy Healthy Co., Ltd.","新北市中和區安平路202號5樓","5 F., No. 202, Anping Rd., Zhonghe Dist., New Taipei City 235063, Taiwan (R.O.C.)","呂O甫","","","有","有"
"95499020","20240709","20240709","開承電子有限公司","Kai Chen Electronics CO., LTD.","新北市新店區富貴街14巷5號(1樓)","1 F., No. 5, Ln. 14, Fugui St., Xindian Dist., New Taipei City 231050, Taiwan (R.O.C.)","蔡O松","","","有","有"
"95499197","20250412","20250412","鏜沐熠企業有限公司","Odelia Beauty Lab LLC.","臺中市北區長青里陝西五街18號6樓5號","6 F.-5, No. 18, Shanxi 5th St., Changqing Vil., North Dist., Taichung City 404038, Taiwan (R.O.C.)","鄧O茹","","","有","有"
"95499231","20240517","20241225","蘇威特股份有限公司","SWT GROUP CO., LTD.","臺北市中山區伊通街68之1號1樓","1 F., No. 68-1, Yitong St., Zhongshan Dist., Taipei City 104074, Taiwan (R.O.C.)","","","","無","無"
"95499268","20240614","20240614","咖啡角落有限公司","COFFEE CORNER CO., LTD.","臺北市文山區興隆路2段220巷11號1樓","1 F., No. 11, Ln. 220, Sec. 2, Xinglong Rd., Wenshan Dist., Taipei City 116072, Taiwan (R.O.C.)","李O寶","","","有","有"
"95499289","20240517","20240517","天諾科司有限公司","TENOX CO., LTD.","臺北市文山區富山路1號2樓","2 F., No. 1, Fushan Rd., Wenshan Dist., Taipei City 116005, Taiwan (R.O.C.)","陳O儒","","","有","有"
"95499555","20240912","20240912","台灣優硒股份有限公司","Cellular Energy Optimization CO., LTD.","臺南市北區雙安里臨安路2段199號1樓","1 F., No. 199, Sec. 2, Lin'an Rd., Shuang’an Vil., North Dist., Tainan City 704034, Taiwan (R.O.C.)","黃O穎","","","有","有"
"95499605","20240617","20240617","永商國際有限公司","Akinai International CO., LTD.","臺北市北投區中央南路2段12之10號15樓","15 F., No. 12-10, Sec. 2, Zhongyang S. Rd., Beitou Dist., Taipei City 112030, Taiwan (R.O.C.)","洪O麒","02-28926691","02-28926683","有","有"
"95499703","20240523","20250109","好安安電商有限公司","Ann Ann Dreamland Limited Company","臺南市南區文華里永華路1段199號4樓","4 F., No. 199, Sec. 1, Yonghua Rd., Wenhua Vil., South Dist., Tainan City 702020, Taiwan (R.O.C.)","吳O萱","","","無","無"
"95499746","20240624","20240624","智能先鋒科技有限公司","Intelligence Vanguard Tech CO., LTD.","臺中市西區忠誠里忠明南路16號3樓之1","3 F.-1, No. 16, Zhongming S. Rd., Zhongcheng Vil., West Dist., Taichung City 403013, Taiwan (R.O.C.)","陳O花","","","有","有"
"95499963","20240508","20240508","佑陞有限公司","You Sheng Transport CO., LTD.","臺中市大里區金城里塗城路852巷15號1樓","1 F., No. 15, Ln. 852, Tucheng Rd., Jincheng Vil., Dali Dist., Taichung City 412034, Taiwan (R.O.C.)","邱O蓁","0911-329040","","有","有"
"95499979","20240807","20240807","呈盛股份有限公司","CHENG SHENG TRADING CO., LTD.","桃園市大園區水源路907號","No. 907, Shuiyuan Rd., Dayuan Dist., Taoyuan City 337009, Taiwan (R.O.C.)","黃O升","03-2757627","","有","有"
"95505000","20240830","20250603","捷特醫股份有限公司","JTM CO., LTD.","桃園市桃園區成功路1段32號5樓","5 F., No. 32, Sec. 1, Chenggong Rd., Taoyuan Dist., Taoyuan City 330005, Taiwan (R.O.C.)","葉O筠","0918121410","","有","有"
"95508702","20240612","20240612","藍貝卡數位行銷有限公司","Bluebeca CO., LTD.","臺北市中正區館前路2號12樓","12 F., No. 2, Guanqian Rd., Zhongzheng Dist., Taipei City 100007, Taiwan (R.O.C.)","吳O蓁","02-23140689","","有","有"
"95510117","20240621","20240621","佑泉國際貿易有限公司","YU-QUAN Global Trading LTD.","新北市三峽區大德路483之1號3樓","3 F., No. 483-1, Dade Rd., Sanxia Dist., New Taipei City 237637, Taiwan (R.O.C.)","吳O穎","","","有","有"
"95519905","20061226","20210812","玉成碾米工廠","YU CHENG RICE FACTORY","花蓮縣玉里鎮中城里中山路一段一九三號一樓","1 F., No. 193, Sec. 1, Zhongshan Rd., Zhongcheng Vil., Yuli Township, Hualien County 98148, Taiwan (R.O.C.)","龔O泰","03-8882048","","有","有"
"95532007","20240613","20240829","耀淳有限公司","JaoChung Pure LTD.","臺北市大安區延吉街131巷6號","No. 6, Ln. 131, Yanji St., Da'an Dist., Taipei City 106078, Taiwan (R.O.C.)","DOLIAANTONIO","","","有","有"
"95532647","20211109","20211109","竹田竹木行","Zhu Tian Forestry HANG","花蓮縣富里鄉竹田村東竹三六號","No. 36, Dongzhu, Fuli Township, Hualien County 98391, Taiwan (R.O.C.)","劉O香","03-8821666","","有","有"
"95545002","20240809","20240809","灃得俐有限公司","Beautcellainc Limited Company","新北市中和區中原二街28號18樓","18 F., No. 28, Zhongyuan 2nd St., Zhonghe Dist., New Taipei City 235024, Taiwan (R.O.C.)","楊O瑜","","","有","有"
"95554509","20240816","20240816","敘恆有限公司","SHIHEN CO., LTD.","高雄市鼓山區美術東四路379號10樓","10 F., No. 379, Meishu E. 4th Rd., Gushan Dist., Kaohsiung City 804102, Taiwan (R.O.C.)","楊O石","","","有","有"
"95555583","20240821","20240821","最會投資有限公司","Grand Slam Capital CO., LTD.","臺北市信義區松高路1號6樓","6 F., No. 1, Songgao Rd., Xinyi Dist., Taipei City 110404, Taiwan (R.O.C.)","劉O賢","","","有","有"
"95575075","20240424","20240424","智裕貿易有限公司","Wisdom Plenty Trading LTD.","高雄市三民區博愛一路287號7樓","7 F., No. 287, Bo’ai 1st Rd., Sanmin Dist., Kaohsiung City 807025, Taiwan (R.O.C.)","莊O生","0919-185-892","","有","有"
"95596851","20241021","20241021","希羽全球資源整合行銷公關有限公司","Si Yu Global Resource Integration Marketing and Public Relations CO., LTD.","臺北市北投區石牌路2段75巷3弄2號2樓","2 F., No. 2, Aly. 3, Ln. 75, Sec. 2, Shipai Rd., Beitou Dist., Taipei City 112063, Taiwan (R.O.C.)","馬O哲","0961196140","","有","有"
"95600308","20080926","20250408","花蓮縣富里鄉農會","HUALIEN HSIEN FULI SHIANG FARMERS' ASSOCIATION","花蓮縣富里鄉富里村中山路１３５號","NO.135,CHUNG SAN ROAD,FULI  COUNTY,HUALIEN  HSIEN,TAIWAN,R.O.C","黃O乾","03-8832111","03-8831124","有","有"
"95608907","20240607","20240607","佶逸國際生技顧問有限公司","JY Support LTD.","臺北市大安區羅斯福路3段29號6樓","6 F., No. 29, Sec. 3, Roosevelt Rd., Da’an Dist., Taipei City 106012, Taiwan (R.O.C.)","湯O珍","0960945665","","有","有"
"95618601","20250106","20250106","宏悅貿易有限公司","Grand Delight Trading CO., LTD.","高雄市三民區正氣街67號2樓","2 F., No. 67, Zhengqi St., Sanmin Dist., Kaohsiung City 807055, Taiwan (R.O.C.)","王O惠","0979080822","","有","有"
"95636559","20240701","20240701","浩程國際體育有限公司","HAOCHENG INTERNATIONAL SPORTS CO., LTD.","桃園市桃園區慈文路22號2樓之3","2 F.-3, No. 22, Ciwen Rd., Taoyuan Dist., Taoyuan City 330066, Taiwan (R.O.C.)","郭O榆","","","有","有"
"95660065","20240626","20240626","詠輪國際輪胎有限公司","Wing Lun International Tire CO., LTD.","新竹縣竹北市鹿場里自強七街33號五樓","5th Floor, No. 33, Ziqiang 7th Street, Luchangli, Zhubei City, Hsinchu County","劉O瑋","03-5945572","03-5103690","有","有"
"95664800","20250221","20250221","五千資本控股有限公司","Five Talents Capital Holding CO., LTD.","臺北市南港區重陽路202號9樓","9 F., No. 202, Chongyang Rd., Nangang Dist., Taipei City 115023, Taiwan (R.O.C.)","許O榕","02-27880003","","有","有"
"95800951","20021225","20210812","恆信魚行","LIAN FENG SHENG CO.","花蓮縣花蓮市民享里港濱路３７號１樓","1 F., No. 37, Gangbin, Minxiang Vil., Hualien City, Hualien County 97064, Taiwan (R.O.C.)","林O土","03-8225088","03-8234639","無","無"
"95803681","20220905","20220905","鵝肉先生小吃店","E rou xiansheng company","花蓮縣花蓮市國治里中山路２５９號１樓","1 F., No. 259, Zhongshan Rd., Guozhi Vil., Hualien City, Hualien County 970007, Taiwan (R.O.C.)","劉O均","03-8331902","","有","有"
"95832530","20180628","20180628","財團法人台中市寶龍山慈恩巖","TAICHUNG PAOLONG SHAN TZUEN YAN TEMPLE","台中市太平區山田路大湖巷１９號","NO.19, DAHU LN., SHANTIAN RD., TAIPING DIST., TAICHUNG CITY 411, TAIWAN, R.O.C.","蕭O訓","04-22789396","","有","有"
"95849119","20140812","20140812","財團法人玉敕封神台谷關大道院","TAIWAN TAICHUNG GU GUAN TEMPLE","臺中市和平區東關路１段４５０號","NO.450, SEC. 1, DONGGUAN RD., HEPING DIST., TAICHUNG CITY 42445, TAIWAN (R.O.C.)","林O雄","04-25943555","04-25943659","有","有"
"95853788","20150114","20150114","財團法人中台山佛教基金會","CHUNG TAI SHAN BUDDHIST FOUNDATION","臺北市南港區南港路３段２７０號５樓","5F., NO.270, SEC. 3, NANGANG RD., NANGANG DIST., TAIPEI CITY 11577, TAIWAN (R.O.C.)","王O杰","049-2930901","049-2930790","有","有"
"95870077","20021001","20210811","鴻發號","HUNG FA SIR SHOP","新北市永和區公有溪洲零售市場７５號攤位","No. 75, Yonghe Dist., New Taipei City 234, Taiwan (R.O.C.)","林O惠","25713210","24632669","有","有"
"95881784","20041102","20230630","昇旺五金行","SHENG WANG HARDWARE CO.","新北市板橋區中山路１段２７５號（１樓）","１F., No. 275, Sec. 1, Zhongshan Rd., Banqiao Dist.,  New Taipei City 220074, Taiwan (R.O.C.)","羅O雄","02-29573122","02-29572712","有","有"
"95882361","20010129","20210811","鉅昌輪業行","GREAT CLASSIC BIEK CO.","新北市板橋區民生路３段１３４號１樓","1 F., No. 134, Sec. 3, Minsheng Rd., Banqiao Dist., New Taipei City 22047, Taiwan (R.O.C.)","郭O華","22588301","22568152","有","有"
"95889511","20160714","20211203","秉大企業社","DOUBLE STAR COMPANY","桃園市觀音區崙坪里忠愛路1段223巷9弄11之1號(1樓)","1 F., No. 11-1, Aly. 9, Ln. 223, Sec. 1, Zhong’ai Rd., Lunping Vil., Guanyin Dist., Taoyuan City 32846, Taiwan (R.O.C.)","蔡O華","03-3241697","03-3243529","有","有"
"95892298","19960206","20210811","克利斯特電子科技實業社","CRYSTAL MICRO SYSTEM INC.","新北市中和區國光街１１２巷１２號","No. 12, Ln. 112, Guoguang St., Zhonghe Dist., New Taipei City 23542, Taiwan (R.O.C.)","夏O生","02-22232303","02-22232124","有","有"
"95892852","20060828","20220331","邦延企業社","BANG YUAN CO.","新北市汐止區福德二路400號4樓","4 F., No. 400, Fude 2nd Rd., Xizhi Dist., New Taipei City 22151, Taiwan (R.O.C.)","林O月","02-26572780","02-27996309","有","有"
"95902401","20220421","20220421","乙源工程行","Yiywan Engineering Co.","桃園市八德區大順里大興路554號1樓","1 F., No. 554, Daxing Rd., Dashun Vil., Bade Dist., Taoyuan City 33459, Taiwan (R.O.C.)","許O源","0932364650","","有","有"
"95904787","20210120","20210811","鴻庭紙器行","HUNG TING PAPER COMPANY","桃園市中壢區三民里三民一路76號","No. 76, Sanmin Vil., Zhongli Dist., Taoyuan City 320, Taiwan (R.O.C.)","陳O娥","03-4271035","","有","有"
"95909045","20090401","20210811","祥興中藥行","XAING-XING CHINESE MEDICINE CO.","桃園市中壢區新明里中央西路二段１８６號一樓","1 F., No. 186, Sec. 2, Zhongyang W. Rd., Xinming Vil., Zhongli Dist., Taoyuan City 32046, Taiwan (R.O.C.)","黃O興","03-4916328","03-4940016","有","有"
"95914032","20240328","20240328","東區釣具專賣店","EAST FISHING TACKLE CO.","桃園市桃園區萬壽里萬壽路3段143號1樓","1 F., NO. 143, SEC. 3, WANSHOU RD. , TAOYUAN DIST., TAOYUAN CITY 330024, TAIWAN","吳O庭","03-3327843","","有","有"
"95914912","20190729","20240816","全舜行企業社","FULLY SHUN HANG","桃園市中壢區石頭里中正路41號(1樓)","1 F., No. 41, Zhongzheng Rd., Shitou Vil., Zhongli Dist., Taoyuan City 320001, Taiwan (R.O.C.)","陳O杏","03-4228966","03-2807688","有","有"
"95916215","19991020","20210811","冠大木箱行","KUAN TA WOOD BOX CO.","桃園市龜山區兔坑里茶專路２８０號１樓","1 F., No. 280, Chazhuan Rd., Tukeng Vil., Guishan Dist., Taoyuan City 33348, Taiwan (R.O.C.)","鍾O文","03-3284218","03-3284132","有","有"
"95916242","20210201","20211014","五輪傳動汽車材料行","FIVE-WHEEL DRIVE AUTOMOTIVE MATERIALS SHOP","桃園市平鎮區平鎮里陸橋南路9之1號","No. 9-1, Luqiao S. Rd., Pingzhen Vil., Pingzhen Dist., Taoyuan City 32454, Taiwan (R.O.C.)","張O妃","03-4950658","","有","有"
"95931807","20120524","20120524","中華民國佛教華嚴學會","HUAYEN WORLD COMMUNITY OF TAIWAN","新北巿中和區中正路１１８０號４樓","4F., NO.1180, ZHONGZHENG RD., ZHONGHE DIST., NEW TAIPEI CITY 23586, TAIWAN (R.O.C.)","吳O全","02-32345945#371","02-32346951","有","有"
"95944303","20221027","20221027","財團法人台灣省桃園縣基督教中壢播道會","Evangelical Free Church of Zhong Li Organization","桃園市平鎮區環南路301巷12弄6號","No. 6, Aly. 12, Ln. 301, Huannan Rd., Pingzhen Dist., Taoyuan City 324005, Taiwan (R.O.C.)","莊O伶","034925914","","有","有"
"95950769","20120604","20220923","聖易企業社","SHENQ YIH COMPANY","彰化縣社頭鄉湳雅村進化巷72弄12號","No. 12, Aly. 72, Jinhua Ln., Nanya Vil., Shetou Township,  Changhua County 511007, Taiwan (R.O.C.)","張O咪","04-8711248","04-8723941","有","有"
"95952990","20011225","20220928","振展企業社","JERN JAN ENTERPRISE CO.","彰化縣埔鹽鄉打廉村埔打路一巷九號","No. 9, 1st Ln., Puda Rd., Dalian Vil., Puyan Township,  Changhua County , Taiwan (R.O.C.)","陳O好","04-8818421","","無","無"
"95953479","20240327","20240411","富梵軒行","Fu Fan Xuan Firm","彰化縣田尾鄉南曾村福德巷170之2號","No. 170-2, Fude Ln., Nanzeng Vil., Tianwei Township,  Changhua County 522014, Taiwan (R.O.C.)","鄭O程","048832849","","有","有"
"95957171","20210708","20210811","銘冠汽車修配廠","MING GUAN AUTO REPAIR FACTORY","彰化縣秀水鄉安溪村彰水路１段６３９號１樓","1 F., No. 639, Sec. 1, Zhangshui Rd., Xiushui Township, Changhua County 50447, Taiwan (R.O.C.)","徐O卿","04-7682108","04-7690057","有","有"
"95959446","20000623","20210811","吉德拼圖專賣店","KIDDY PUZZLE SHOP","彰化縣彰化市東興里東民街１號","No. 1, Dongmin St., Dongxing Vil., Changhua City, Changhua County 50051, Taiwan (R.O.C.)","施O梅","04-7261345","04-7247561","有","有"
"95961267","20030923","20210812","億豐汽車商行","YII FENNG CO.","彰化縣彰化市西勢里金馬路３段３４７號１樓","1 F., No. 347, Sec. 3, Jinma Rd., Xishi Vil., Changhua City, Changhua County 50095, Taiwan (R.O.C.)","楊O敬","047-360-482","","有","有"
"95963981","20230920","20230920","鋒田企業社","FENGTIAN SHOP","彰化縣彰化市古夷里泰和路3段398巷10號","No. 10, Ln. 398, Sec. 3, Taihe Rd., Guyi Vil., Changhua City, Changhua County 500028, Taiwan (R.O.C.)","賴O明","04-7322723","04-7373612","有","有"
"95969253","20141107","20210811","豪琦保利龍企業社","HAO CHI STYROFOAM COMPANY","彰化縣田尾鄉柳鳳村民生路2段92號","No. 92, Sec. 2, Minsheng Rd., Tianwei Township, Changhua County 52243, Taiwan (R.O.C.)","卓O鳳","04-8222388","04-8228257","有","有"
"95972243","20031015","20210811","建全汽車電機行","JIAN QUAN CO.","屏東縣屏東市永安里建南路一九二號一樓","1 F., No. 192, Jiannan Rd., Yong’an Vil., Pingtung City, Pingtung County 90090, Taiwan (R.O.C.)","蘇O島","08-755-1371","","有","有"
"95972898","19960126","20210811","伊梵企業貿易行","HUNAIN ENTERPRISE CO.","高雄市新興區忠孝一路６９巷１之３號","No. 1-3, Ln. 69, Zhongxiao 1st Rd., Xinxing Dist., Kaohsiung City 80042, Taiwan (R.O.C.)","陳O德","08-7668409","","有","無"
"95973019","20030530","20230112","泰翔汽車電器冷氣音響行","TAIHSIANG AUDIO CO.","屏東縣屏東市大武里和生路二段三五八號一樓","1 F., No. 358, Sec. 2, Hesheng Rd., Dawu Vil., Pingtung City, Pingtung County 900051, Taiwan (R.O.C.)","陳O安","08-752-7348","08-751-2792","有","有"
"95974713","20240221","20240221","黑白集商行","BLACK MIX WHITE COMPANY","屏東縣恆春鎮墾丁里墾丁路163號","No. 163, Kending Rd., Kending Vil., Hengchun Township, Pingtung County 946004, Taiwan (R.O.C.)","吳O霖","08-8861638","","有","有"
"95974880","20241212","20241212","亨通商號","hengtong Store","屏東縣崁頂鄉北勢村後廍路24之10號","No. 24-10, Houbu Rd., Kanding Township, Pingtung County 924005, Taiwan (R.O.C.)","郭O豪","08-8633712","","有","有"
"95976944","20020905","20210812","金瑞和建材行","KIN RIDE HO CO.","屏東縣潮州鎮三和里太平路一五號","No. 15, Taiping Rd., Sanhe Vil., Chaozhou Township, Pingtung County 92051, Taiwan (R.O.C.)","倪O枝","04-23253645","04-23274077","無","無"
"95977444","20020814","20230107","立美企業行","LEE MAY ENTERPRISE COMPANY","屏東縣屏東市豐源里公園東路二二號壹樓（登記地址僅供辦公使用）","F., No. 22, Gongyuan E. Rd., Fengyuan Vil., Pingtung City,  Pingtung County 900022, Taiwan (R.O.C.)","蔡O繁","03-4793113","03-4793121","無","無"
"95978936","20021003","20210812","卜蜂企業社","BU FENG COMPANY","屏東縣屏東市新生里復興南路一段260巷13號1樓","1 F., No. 13, Ln. 260, Sec. 1, Fuxing S. Rd., Xinsheng Vil., Pingtung City, Pingtung County 90094, Taiwan (R.O.C.)","藍O祥","07-8135907","07-8411923","有","有"
"95979196","20020731","20210812","崑山五金行","KUN SHAN HANG","屏東縣崁頂鄉越溪村長興路六六號","No. 66, Changxing Rd., Kanding Township, Pingtung County 92443, Taiwan (R.O.C.)","陳O山","08-8643606","","無","無"
"95981144","20010807","20210812","勝發企業行","SHENG-FAA ENTERPRISES CO.","屏東縣萬丹鄉廈北村普安路１５６號１樓","1 F., No. 156, Pu’an Rd., Wandan Township, Pingtung County 91346, Taiwan (R.O.C.)","郭O賢","08-7772700","08-7760905","有","有"
"95982039","20030923","20210811","穎昇藥局","YING SHENG CO.","屏東縣九如鄉九清村九如路二段131號","No. 131, Sec. 2, Jiuru Rd., Jiuru Township, Pingtung County 90441, Taiwan (R.O.C.)","楊O卉","08-739-3672","","有","有"
"95983488","20180126","20240120","金泉億製材廠","JIN QUAN YI MANUFACTURING WOOD FACTORY","屏東縣東港鎮東新里興東路８０１號","No. 801, Xingdong Rd., Dongxin Vil., Donggang Township, Pingtung County 928011, Taiwan (R.O.C.)","莊O豪","08-8324571","","有","有"
"95986957","20020904","20210812","利昌電業行","LIH CHANG ELECTRICITY CO.","屏東縣潮州鎮永春里永德路六二號一樓","1 F., No. 62, Yongde Rd., Yongchun Vil., Chaozhou Township, Pingtung County 92044, Taiwan (R.O.C.)","楊O捷","08-7800095","08-7891925","有","有"
"95989238","20160512","20210812","盟鋒企業社","UNITA FENG CO.","屏東縣里港鄉載興村載興路五三之五號一樓","1 F., No. 53-5, Zaixing Rd., Ligang Township, Pingtung County 90543, Taiwan (R.O.C.)","林O錠","08-7758617","08-7750559","有","有"
"95990024","20110322","20210812","中信商行","ZHONG XIN SHANG CO.","屏東縣東港鎮興東里中正路二段五０七巷二七弄七號一樓","1 F., No. 7, Aly. 27, Ln. 507, Sec. 2, Zhongzheng Rd., Xingdong Vil., Donggang Township, Pingtung County 92841, Taiwan (R.O.C.)","周O娟","08-8353631","08-8311897","有","有"
"95990930","19990721","20221221","鉅鑫企業行","JIUH SIN ENTERPRISE CO.","基隆市安樂區安和二街2之2號7樓","7 F., No. 2-2, Anhe 2nd St., Anle Dist., Keelung City 204018, Taiwan (R.O.C.)","黃O欽","0937184460","02-24335879","無","無"
"95991240","20030923","20221015","智吉行","ZHI JI CO.","屏東縣高樹鄉新南村興店路６之３８號","No. 6-38, Xingdian Rd., Xinnan Vil., Gaoshu Township,  Pingtung County , Taiwan (R.O.C.)","洪O智","08-796-5005","","無","無"
"95991781","20020425","20210812","裕元中藥行","YUYEN DRUGSTORE","屏東縣內埔鄉內田村德美路二一二號一樓","1 F., No. 212, Demei Rd., Neipu Township, Pingtung County 91243, Taiwan (R.O.C.)","賴O元","08-7785219","08-7785219","有","有"
"95991987","20201006","20210812","利昌辦公家具企業社","LI CHANG FURNITURE FIRM","屏東縣長治鄉復興村新興路57巷88弄21號","No. 21, Aly. 88, Ln. 57, Xinxing Rd., Changzhi Township, Pingtung County 90844, Taiwan (R.O.C.)","劉O振","0935403139","","有","有"
"95992206","20020814","20210812","大運企業社","DAYUN CO.","屏東縣九如鄉九明村九龍路２８巷６號一樓","1 F., No. 6, Ln. 28, Jiulong Rd., Jiuru Township, Pingtung County 90441, Taiwan (R.O.C.)","林O男","08-7530802","","有","有"
"95997379","20230828","20241018","德輝國際企業社","DE HUI INTERNATIONAL ENTERPRISE Co.","屏東縣屏東市龍華里龍華路96號2樓","2 F., No. 96, Longhua Rd., Longhua Vil., Pingtung City, Pingtung County 900048, Taiwan (R.O.C.)","鄭O霖","08-7514771","","有","有"
"95998969","20051111","20210812","有利水果行","YOU-NEED CO.","屏東縣內埔鄉竹圍村永興巷三七Ｏ之六號","No. 370-6, Yongxing Ln., Neipu Township, Pingtung County 91251, Taiwan (R.O.C.)","蕭O珠","","","有","有"
"95999989","20031017","20031017","中興商號","CHEASHING STORE","屏東縣新園鄉五房村福德路１６９號之１","NO.169-1, FUDE RD., SINYUAN TOWNSHIP, PINGTUNG COUNTY, TAIWAN, R.O.C.","李O銀環","08-753-9551","08-732-7322","無","無"
