"統一編號","原始登記日期","核發日期","廠商中文名稱","廠商英文名稱","中文營業地址","英文營業地址","代表人","電話號碼","傳真號碼","進口資格","出口資格"
"14000419","19750916","20210814","高孚實業股份有限公司","KAOFU INDUSTRIAL INC.","高雄市前金區中正四路211號16樓之3","16F.-3, No. 211, Zhongzheng 4th Rd., Qianjin Dist., Kaohsiung City 80147, Taiwan (R.O.C.)","蔡O偉","07-2154577","07-2159108","有","有"
"14000446","19911122","20221221","彌賽亞企業有限公司","MESSIAH ENTERPRISE CORPORATION","新北市深坑區北深路3段270巷16號4樓之6","4 F.-6, No. 16, Ln. 270, Sec. 3, Beishen Rd., Shenkeng Dist., New Taipei City 222401, Taiwan (R.O.C.)","葉O雅","02-26644212","02-26642067","有","有"
"14000488","19790302","20240827","台全金屬股份有限公司","TAIGENE METAL INDUSTRY CO., LTD.","臺北市松山區南京東路三段346號7樓","7 F., No. 346, Sec. 3, Nanjing E. Rd., Songshan Dist., Taipei City 105403, Taiwan (R.O.C.)","林O凱","02-27814171-80","","有","有"
"14000749","19790411","20210813","福有興業有限公司","FIRST GLOVES ENTERPRISE LTD.","臺北市中山區吉林路150號8樓之1","8F.-1, No. 150, Jilin Rd., Zhongshan Dist., Taipei City 10459, Taiwan (R.O.C.)","郭O","02-25429145","02-25637409","有","有"
"14000831","19881122","20210814","華冠建設企業有限公司","CHAMPION ENGINEERING & CONSTRUCTION CO., LTD.","臺北市大安區樂利路31號5樓","5 F., No. 31, Leli Rd., Da’an Dist., Taipei City 10678, Taiwan (R.O.C.)","游O珍","02-27361616","02-27368774","有","有"
"14001199","19790705","20230706","福懋興業股份有限公司","FORMOSA TAFFETA CO., LTD.","雲林縣斗六市榴中里石榴路317號","No. 317, Shiliu Rd., Liuzhong Vil., Douliu City, Yunlin County 640402, Taiwan (R.O.C.)","王O淵","02-27155354","02-27131329","有","有"
"14001297","19760514","20210814","台灣大塚製藥股份有限公司","TAIWAN OTSUKA PHARMACEUTICAL CO., LTD.","臺北市中山區復興北路378號11樓","11 F., No. 378, Fuxing N. Rd., Zhongshan Dist., Taipei City 10476, Taiwan (R.O.C.)","許O義","02-2505-2868","02-2505-2689","有","有"
"14001851","20031023","20210814","日華洗管實業有限公司","NIKKA BOLBO-ACE INDUSTRY CO., LTD.","高雄市小港區長泰街6號","No. 6, Changtai St., Xiaogang Dist., Kaohsiung City 81266, Taiwan (R.O.C.)","蔡O世","07-8716500","07-8716400","有","有"
"14001986","19840803","20210814","三和商事股份有限公司","TAIWAN SANWA SHOJI LTD.","臺北市中山區林森北路671號1至3樓","3 F., No. 671, Linsen N. Rd., Zhongshan Dist., Taipei City 10460, Taiwan (R.O.C.)","黃O霞","02-25979905","","有","有"
"14002042","19840510","20230601","新衛企業股份有限公司","TIDE LAND ENTERPRISE CO., LTD.","臺北市中山區建國北路2段116巷17號","No. 17, Ln. 116, Sec. 2, Jianguo N. Rd., Zhongshan Dist., Taipei City 104071, Taiwan (R.O.C.)","徐O卿","25029155","","無","無"
"14002296","19911008","20230224","大霸股份有限公司","GREAT DABA CORPORATION","臺中市大甲區文武里雁門路240號","No. 240, Yanmen Rd., Wenwu Vil., Dajia Dist., Taichung City 437009, Taiwan (R.O.C.)","林O淑芬","04-26867160","","有","有"
"14002789","19800829","20230120","台太興業股份有限公司","TAIWAN TITAN ENTERPRISE CO., LTD.","臺北市中山區南京東路2段66號7樓","7 F., No. 66, Sec. 2, Nanjing E. Rd., Zhongshan Dist., Taipei City 104091, Taiwan (R.O.C.)","王O明","02-25414457","02-25632085","無","無"
"14003078","19850918","20211006","星瑞企業股份有限公司","SIMREX ENTERPRISE CO., LTD.","臺中市西屯區潮洋里市政北二路238號27樓之1","Rm. 1, 27 F., No. 238, Shizheng N. 2nd Rd., Chaoyang Vil., Xitun Dist., Taichung City 40756, Taiwan (R.O.C.)","李O隆","04-22520833","04-22520933","有","有"
"14003210","19791009","20210815","赫力股份有限公司","HOULY CO., LTD.","臺北市南港區八德路4段768巷1弄18號8樓","8 F., No. 18, Aly. 1, Ln. 768, Sec. 4, Bade Rd., Nangang Dist., Taipei City 11577, Taiwan (R.O.C.)","劉O勝","02-27885385","02-27885389","有","有"
"14003422","19741019","20210814","佳值貿易有限公司","PANEL TRADING CO., LTD.","臺北市中山區松江路168號7樓","7 F., No. 168, Songjiang Rd., Zhongshan Dist., Taipei City 10459, Taiwan (R.O.C.)","陳O彰","02-25711191","02-25641810","有","有"
"14003470","19791226","20250118","裕盛工業股份有限公司","YUE SHENG INDUSTRIAL CO., LTD.","苗栗縣三義鄉西湖村伯公坑40-5號","No. 40-5, Bogongkeng, Sanyi Township, Miaoli County 36744, Taiwan (R.O.C.)","李O輝","03-7871811-4","03-7874154","有","有"
"14004175","19890121","20240507","一之鄉股份有限公司","E G SAIN INC.","新北市淡水區民權路27號(2樓)","2 F., No. 27, Minquan Rd., Tamsui Dist., New Taipei City 251033, Taiwan (R.O.C.)","蔡O宜","02-28966916","","有","有"
"14004463","19781026","20221130","能昌實業股份有限公司","SPORTSMAN CORPORATION","新北市土城區自強街35號1樓","1 F., No. 35, Ziqiang St., Tucheng Dist., New Taipei City 236043, Taiwan (R.O.C.)","陳O成","02-22686363","02-22685425","有","有"
"14004549","19950801","20210814","欣欣玻璃股份有限公司","SHINE SHINE CRYSTALS INC.","臺北市文山區羅斯福路5段30號1樓","1 F., No. 30, Sec. 5, Roosevelt Rd., Wenshan Dist., Taipei City 11677, Taiwan (R.O.C.)","林O彥","02-25061529","02-25061524","有","有"
"14004626","19901219","20210813","敦煌書局股份有限公司","CAVES BOOKS LTD.","臺北市內湖區堤頂大道1段207號","No. 207, Sec. 1, Tiding Blvd., Neihu Dist., Taipei City 11494, Taiwan (R.O.C.)","陳O良","02-87925001","02-87925029","有","有"
"14005049","19660301","20210928","聯晟汽車股份有限公司","LIEN CHEN AUTOMOTIVE CO., LTD.","臺北市中山區民權東路2段91號","No. 91, Sec. 2, Minquan E. Rd., Zhongshan Dist., Taipei City 10468, Taiwan (R.O.C.)","林O姬","02-25037111","02-25178294","有","有"
"14005060","19781127","20230321","優立貿易股份有限公司","U LEE TRADING CO., LTD.","臺中市西屯區臺灣大道四段839號10樓及847號10樓","10 F., No. 839, Sec. 4, Taiwan Blvd., Xitun Dist., Taichung City 407207, Taiwan (R.O.C.)","呂O正","04-23588688","","有","有"
"14005174","19781218","20250111","公宏國際企業有限公司","MG INTERNATIONAL CO., LTD.","臺北市松山區敦化北路343、347號5樓","5 F., No. 347, Dunhua N. Rd., Songshan Dist., Taipei City 10572, Taiwan (R.O.C.)","","02-25451188","02-25458129","無","無"
"14005694","20200713","20210813","健全國際事業有限公司","JIAN CHUN FROZEN FOOD INTERNATIONAL MANUFACTURING ENTERPRISE CO., LTD.","桃園市龜山區茶專二街92巷17號3樓","3 F., No. 17, Ln. 92, Chazhuan 2nd St., Guishan Dist., Taoyuan City 33348, Taiwan (R.O.C.)","陳O吟","03-2606889#81","","有","有"
"14009404","20001222","20210814","聯達電信工程股份有限公司","UNION CONECTION CO., LTD.","臺北市中山區八德路2段60號7樓","7 F., No. 60, Sec. 2, Bade Rd., Zhongshan Dist., Taipei City 10491, Taiwan (R.O.C.)","許O美","02-27118658","02-27212935","有","有"
"14009880","20081218","20240628","申嘉企業有限公司","WITNESS GIFTS CO., LTD.","臺北市文山區辛亥路4段188巷14號","No. 14, Ln. 188, Sec. 4, Xinhai Rd., Wenshan Dist., Taipei City 11694, Taiwan (R.O.C.)","","02-29313469","02-29326532","無","無"
"14010042","19940219","20230722","億國建設股份有限公司","YIH KUO REAL ESTATE DEVELOPMENT CORP.","臺北市松山區敦化北路167號17樓","17 F., No. 167, Dunhua N. Rd., Songshan Dist., Taipei City 105406, Taiwan (R.O.C.)","呂O秋雲","02-27187788","02-27198967","有","有"
"14010253","19980511","20210813","瑞弘冷凍科技股份有限公司","KALTIS INTERNATIONAL CO., LTD.","新北市中和區中正路442巷10之3號","No. 10-3, Ln. 442, Zhongzheng Rd., Zhonghe Dist., New Taipei City 23550, Taiwan (R.O.C.)","鄭O菊","02-22491250","02-22475519","有","有"
"14011106","19760721","20220722","台灣超信食品股份有限公司","TAIWAN CHAU SIN FOOD CO., LTD.","臺北市中山區吉林路299巷24號","No. 24, Ln. 299, Jilin Rd., Zhongshan Dist., Taipei City 104057, Taiwan (R.O.C.)","呂O南","02-25912501","02-25943490","有","有"
"14011247","19790702","20230414","順琦企業有限公司","SAMWELL INTERNATIONAL INC.","臺北市大安區敦化南路2段5號12樓之3","12 F.-3, No. 5, Sec. 2, Dunhua S. Rd., Da’an Dist., Taipei City 106045, Taiwan (R.O.C.)","黃O月","02-27002811","02-27054851","有","有"
"14012061","19790810","20221012","恒洲實業股份有限公司","TRUMP CHEMICAL CORP.","臺北市大安區信義路4段184號4樓","4 F., No. 184, Sec. 4, Xinyi Rd., Da'an Dist., Taipei City 106426, Taiwan (R.O.C.)","陳O月治","02-27012121","02-2706-8923","有","有"
"14012098","19780715","20210813","旭朝企業有限公司","HSU JAU ENTERPRISES CO., LTD.","臺北市松山區長春路498號2樓","2 F., No. 498, Changchun Rd., Songshan Dist., Taipei City 10547, Taiwan (R.O.C.)","徐O滿","02-27163711","02-27163713","有","有"
"14012203","19800624","20210813","茂商企業有限公司","MAOSUN CORP.","新北市八里區楓林坑1之10號","No. 1-10, Fenglinkeng, Bali Dist., New Taipei City 24941, Taiwan (R.O.C.)","周O朝","02-26103236","02-26102220","有","有"
"14012983","20080703","20210814","世欣工程有限公司","SHYH SHIN ENGINEERING CO., LTD.","臺北市松山區寧安街5巷8號1樓","1 F., No. 8, Ln. 5, Ning’an St., Songshan Dist., Taipei City 10553, Taiwan (R.O.C.)","蕭O義","02-25786080","02-25791206","有","有"
"14013701","19840321","20220208","太源創新股份有限公司","AUTO21 CO., LTD.","臺北市大安區敦化南路2段77號4樓","4 F., No. 77, Sec. 2, Dunhua S. Rd., Da’an Dist., Taipei City 10682, Taiwan (R.O.C.)","呂O文","02-27007618","02-27548700","有","有"
"14013792","19800122","20210812","鑫邦實業有限公司","GOLD MARK ENTERPRISE COMPANY","臺北市大安區建國南路2段195號4樓","4 F., No. 195, Sec. 2, Jianguo S. Rd., Da’an Dist., Taipei City 10659, Taiwan (R.O.C.)","卓O人","02-27096116","02-27552217","有","有"
"14013998","19790411","20250524","台鈴工業股份有限公司","TAI LING MOTOR CO., LTD.","桃園市平鎮區延平路3段411巷75號","No. 75, Ln. 411, Sec. 3, Yanping Rd., Pingzhen Dist., Taoyuan City 324012, Taiwan (R.O.C.)","黃O漳","03-4641933","03-4643900","有","有"
"14014928","19781216","20210812","廣地貿易股份有限公司","GREAT EARTH MFG. & TRADING CORP.","臺北市中山區南京東路3段189號6樓Ａ室","6 F., No. 189, Sec. 3, Nanjing E. Rd., Zhongshan Dist., Taipei City 10488, Taiwan (R.O.C.)","鍾O華","02-27134114","","有","有"
"14014933","19780920","20210813","世鑫通商有限公司","UNICOUNCIL COMMERCIAL CORP.","桃園市中壢區興南里九和一街57號4樓之7","4F.-7, No. 57, Jiuhe 1st St., Xingnan Vil., Zhongli Dist., Taoyuan City 32085, Taiwan (R.O.C.)","賴O寬","03-4989493","03-4989727","有","有"
"14015026","19790713","20210814","麗鋼工業股份有限公司","LEICONG INDUSTRIAL COMPANY LIMITED","桃園市中壢區東園路63號","No. 63, Dongyuan Rd., Zhongli Dist., Taoyuan City 32063, Taiwan (R.O.C.)","張O秋眉","(03)4523161","(03)4523162","有","有"
"14015068","19861001","20210814","台灣潤滑油有限公司","TAIWAN LUBE OIL CO., LTD.","臺北市中山區松江路76號3樓","3 F., No. 76, Songjiang Rd., Zhongshan Dist., Taipei City 10456, Taiwan (R.O.C.)","周O樑","02-25319652","25319657","有","有"
"14015095","19830927","20230726","海旂企業股份有限公司","HYCHI ENTERPRISES CORPORATION","臺北市大安區忠孝東路4段15號11樓之4","11 F.-4, No. 15, Sec. 4, Zhongxiao E. Rd., Da’an Dist., Taipei City 106070, Taiwan (R.O.C.)","顧O曼","02-23257676","","無","無"
"14015243","19871113","20210814","卡羅國際企業股份有限公司","BAKERKING INTERNATIONAL ENTERPRISES CORP.","臺北市南港區南港路2段99之2號","No. 99-2, Sec. 2, Nangang Rd., Nangang Dist., Taipei City 11578, Taiwan (R.O.C.)","高O華","02-27886996","02-27887313","有","有"
"14015454","19980805","20210813","宏裕汽車股份有限公司","HON YU AUTO-PARTS CO., LTD.","新北市汐止區福德二路329之2號","No. 329-2, Fude 2nd Rd., Xizhi Dist., New Taipei City 22152, Taiwan (R.O.C.)","楊O安","02-26941197","02-26941611","有","有"
"14016221","19960401","20220915","榮茂鋼鐵產業有限公司","JUNG MAO IRON WORKS CO., LTD.","桃園市新屋區埔工路150號","No. 150, Pugong Rd., Xinwu Dist., Taoyuan City 327009, Taiwan (R.O.C.)","黃O智","03-4971097","03-4971103","有","有"
"14016616","19820717","20210813","安赫股份有限公司","ANCO MERCHANDISE CO., LTD.","臺北市中山區復興北路366號5樓","5 F., No. 366, Fuxing N. Rd., Zhongshan Dist., Taipei City 10476, Taiwan (R.O.C.)","孫O斌","02-25080199","02-25080069","有","有"
"14017349","19781209","20230527","憲一企業股份有限公司","GOOD SHEENY ENTERPRISE CO., LTD.","臺北市中山區林森北路50號11樓","11 F., No. 50, Linsen N. Rd., Zhongshan Dist., Taipei City 104404, Taiwan (R.O.C.)","黃O益","02-25636423","","有","有"
"14017447","19780622","20210812","理隆企業股份有限公司","LI LUN CO.","臺北市中山區南京東路2段62號6樓","6 F., No. 62, Sec. 2, Nanjing E. Rd., Zhongshan Dist., Taipei City 10457, Taiwan (R.O.C.)","張O仲","02-25612191","02-25363405","有","有"
"14017544","19740516","20210814","連昇貿易股份有限公司","LAMSON TRADING CORPORATION","臺北市中山區八德路2段202號2樓","2 F., No. 202, Sec. 2, Bade Rd., Zhongshan Dist., Taipei City 10491, Taiwan (R.O.C.)","游O傳","02-27521257-9","","有","有"
"14017642","19780614","20210813","星億實業股份有限公司","SING YI ENTERPRISE CO., LTD.","臺北市中山區民權西路20號4樓之8","4F.-8, No. 20, Minquan W. Rd., Zhongshan Dist., Taipei City 10449, Taiwan (R.O.C.)","洪O正","02-25222131-3","02-25632800","有","有"
"14017869","19910618","20230627","飛速企業股份有限公司","FAITH AUTOMATION ENTERPRISES, CO., LTD.","新北市五股區五權七路10號","No. 10, Wuquan 7th Rd., Wugu Dist., New Taipei City 248020, Taiwan (R.O.C.)","許O貞","02-22997829","02-22997889","有","有"
"14018369","19780422","20230313","三司達企業股份有限公司","SUNSTAR TAIWAN ENTERPRISES CO., LTD.","臺中市西屯區協和里工業區三十七路39之1號1樓","1 F., No. 39-1, Gongyequ 37th Rd., Xiehe Vil., Xitun Dist., Taichung City 407020, Taiwan (R.O.C.)","周O秋","04-23596199","04-23596565","有","有"
"14018564","19930717","20210812","銳柯西爾有限公司","RIC HILL CO., LTD.","臺北市中山區龍江路100巷1之8號1樓","1 F., No. 1-8, Ln. 100, Longjiang Rd., Zhongshan Dist., Taipei City 10487, Taiwan (R.O.C.)","呂O梅","02-25606121","","有","有"
"14018966","19800313","20210812","朝日企業有限公司","ASAHI KIKIO CORP.","臺北市士林區承德路4段293號1樓","1 F., No. 293, Sec. 4, Chengde Rd., Shilin Dist., Taipei City 11168, Taiwan (R.O.C.)","高O義","02-25961820","02-25961823","有","有"
"14019331","19861212","20230719","鐘菱實業股份有限公司","DIAMOND BELL ENTERPRISES INC.","臺北市士林區承德路4段184號4樓","4 F., No. 184, Sec. 4, Chengde Rd., Shilin Dist., Taipei City 111052, Taiwan (R.O.C.)","林O宏","02-25052104","02-25053161","有","有"
"14019796","19811008","20210814","水方股份有限公司","REVOLVING STAR COMPANY","臺北市中山區松江路54號10樓之3","10F.-3, No. 54, Songjiang Rd., Zhongshan Dist., Taipei City 10456, Taiwan (R.O.C.)","劉O慶","02-2395-8185","02-2395-9490","有","有"
"14019986","19790226","20220527","泰志股份有限公司","K.H. TIMES APPLIED TECHNOLOGY INC.","臺北市內湖區瑞光路76巷41號3樓","3 F., No. 41, Ln. 76, Ruiguang Rd., Neihu Dist., Taipei City 11491, Taiwan (R.O.C.)","金O韻","02-8792-5757","02-8792-0707","無","無"
"14020034","19770412","20210814","吉上貿易股份有限公司","SUMMCO INTERNATIONAL LTD.","雲林縣斗六市榴中里光復路９７巷２號１樓","1 F., No. 2, Ln. 97, Guangfu Rd., Liuzhong Vil., Douliu City, Yunlin County 64073, Taiwan (R.O.C.)","陳O雲","02-26489525","02-26472941","有","有"
"14020365","19950505","20210813","才富科技股份有限公司","KWG TECHNOLOGY COMPANY LIMITED","臺北市中山區南京東路1段120號8樓之3","8F.-3, No. 120, Sec. 1, Nanjing E. Rd., Zhongshan Dist., Taipei City 10454, Taiwan (R.O.C.)","陳O士","02-2523-1261","02-2523-1262","有","有"
"14021224","19790104","20221201","宏維股份有限公司","GREAT ABILITY INDUSTRIAL CO., LTD.","新北市汐止區大同路1段146巷16號","No. 16, Ln. 146, Sec. 1, Datong Rd., Xizhi Dist., New Taipei City 221005, Taiwan (R.O.C.)","黃O遠","02-26431250-3","02-26435162","有","有"
"14021287","19721206","20250111","僑勵貿易股份有限公司","SUNLIT ENTERPRISE CO., LTD.","臺北市大安區仁愛路4段28號4樓","4F., No. 28, Sec. 4, Ren'ai Rd., Da’an Dist.,  Taipei City 106092, Taiwan (R.O.C.)","林O瑋","02-27013563","02-27017091","有","有"
"14021462","19770420","20240629","大萊產業股份有限公司","DAI LAI ENTERPRISE CO., LTD.","臺北市中山區松江路206號13樓之4室","Rm. 4, 13 F., No. 206, Songjiang Rd., Zhongshan Dist., Taipei City 10467, Taiwan (R.O.C.)","陳O男","02-25633557","","有","有"
"14022096","19920724","20240813","詩韻有限公司","THE RADIO PEOPLE, LTD.","臺北市中山區民權西路58號3樓","3 F., No. 58, Minquan W. Rd., Zhongshan Dist., Taipei City 104026, Taiwan (R.O.C.)","","02-25618766","","無","無"
"14022624","19790222","20210814","漢旗企業有限公司","H. H. HATCH & COMPANY INC.","臺北市士林區中正路613之1號3樓","3 F., No. 613-1, Zhongzheng Rd., Shilin Dist., Taipei City 11172, Taiwan (R.O.C.)","盧O哲","02-28125747","02-28111731","有","有"
"14022841","19770113","20240927","良合實業股份有限公司","LIANG HO INDUSTRY CO., LTD.","新北市三峽區中園街151號","No. 151, Zhongyuan St., Sanxia Dist., New Taipei City 23742, Taiwan (R.O.C.)","","02-26711789","","無","無"
"14023004","19781214","20230306","龍慶企業股份有限公司","LONG KEN CORPORATION, LTD.","臺北市內湖區內湖路1段111號2樓","2 F., No. 111, Sec. 1, Neihu Rd., Neihu Dist., Taipei City 114006, Taiwan (R.O.C.)","賴O玲","02-26573121","","無","無"
"14023356","19780202","20240627","泉屋企業股份有限公司","WELLHOUSE ENTERPRISE CO., LTD.","臺北市松山區復興北路57號9樓之3","9 F.-3, No. 57, Fuxing N. Rd., Songshan Dist., Taipei City 105404, Taiwan (R.O.C.)","謝O亦","02-22080090","02-22080009","有","有"
"14023406","19830608","20210812","華南電腦股份有限公司","HWA NAN COMPUTER SERVICE CORP.","臺北市中正區忠孝東路1段85號11樓","11 F., No. 85, Sec. 1, Zhongxiao E. Rd., Zhongzheng Dist., Taipei City 10049, Taiwan (R.O.C.)","張O基","02-23969241","02-23967885","有","有"
"14023807","19781215","20210814","艾柏比貿易股份有限公司","GADELIUS SALES & DISTRIBUTION LTD.","高雄市三民區民族一路886巷22之1號","No. 22-1, Ln. 886, Minzu 1st Rd., Sanmin Dist., Kaohsiung City 80793, Taiwan (R.O.C.)","潘O章","07-3427872","07-3425427","有","有"
"14024186","19800912","20230419","禾展有限公司","HARITEX CORPORATION","臺北市松山區復興北路1號7樓之5","7 F.-5, No. 1, Fuxing N. Rd., Songshan Dist., Taipei City 105611, Taiwan (R.O.C.)","吳O姈","02-2721-3262","02-2721-3264","有","有"
"14024257","19790217","20210813","珀榮貿易股份有限公司","AMBER GLOW CO., LTD.","新北市新店區青山路88巷21弄13號1樓","1 F., No. 13, Aly. 21, Ln. 88, Qingshan Rd., Xindian Dist., New Taipei City 23153, Taiwan (R.O.C.)","黃O雄","02-22191177","02-22191377","有","有"
"14024600","19780812","20231118","博松企業有限公司","PRIMARY BAGS COMPANY","臺北市中山區南京東路1段24號4樓之2","4F.-2, No. 24, Sec. 1, Nanjing E. Rd., Zhongshan Dist., Taipei City 10444, Taiwan (R.O.C.)","","02-25635134-5","02-25814423","無","無"
"14024643","19780621","20210812","貿元企業有限公司","SUPERLUCKY INTERNATIONAL ENTERPRISE CO., LTD.","臺北市中山區松江路152號10樓之8(1010室)","RM.1010, 10F.-8, NO. 152, SONGJIANG RD., ZHONGSHAN DIST., TAIPEI CITY 10458, TAIWAN (R.O.C.)","劉O明","02-25319145","02-25612669","有","有"
"14024952","19831208","20240626","華熊營造股份有限公司","TAIWAN KUMAGAI CO., LTD.","臺北市大安區建安里敦化南路一段205號12樓之8","12 F.-8, No. 205, Sec. 1, Dunhua S. Rd., Jian’an Vil., Da’an Dist., Taipei City 106446, Taiwan (R.O.C.)","新O忠彥","27210427","27412476","有","有"
"14027803","19930504","20230113","豪志工程股份有限公司","HAO CHIH CONSTRUCTION & ENGINEERING CO., LTD.","臺北市信義區基隆路1段155號12樓","12 F., No. 155, Sec. 1, Keelung Rd., Xinyi Dist., Taipei City 110058, Taiwan (R.O.C.)","呂O金","02-27688555","02-27683737","有","有"
"14027971","19780913","20210815","臺灣美而美有限公司","TAIWAN BIG UNION CO., LTD.","臺北市士林區克強街10巷9弄19號4樓","4 F., No. 19, Aly. 9, Ln. 10, Keqiang Rd., Shilin Dist., Taipei City 11157, Taiwan (R.O.C.)","李O貴","02-28337567","02-28337568","有","有"
"14028155","19790618","20210813","慶菱企業有限公司","KINGBISHI ENTERPRISE CO., LTD.","臺北市中山區長春路17號8樓","8 F., No. 17, Changchun Rd., Zhongshan Dist., Taipei City 10450, Taiwan (R.O.C.)","胡O財","02-25237276","","有","有"
"14028227","19780729","20210814","振嵐有限公司","ANIKI HARDWARE MFG.","臺北市松山區復興北路181號5樓之2","5F.-2, No. 181, Fuxing N. Rd., Songshan Dist., Taipei City 10596, Taiwan (R.O.C.)","洪O如","02-27137463","","有","有"
"14028280","19770625","20210813","伸金股份有限公司","SHIN KIN ENTERPRISES CO., LTD.","新北市板橋區信義路161號2樓","2 F., No. 161, Xinyi Rd., Banqiao Dist., New Taipei City 22061, Taiwan (R.O.C.)","鄭O豐","02-89641777","02-89641738","有","有"
"14028394","19730621","20210812","萬利貿易股份有限公司","WAN LEE TRADING CO., LTD.","臺北市中山區長安東路1段6號之2","No. 6-2, Sec. 1, Chang’an E. Rd., Zhongshan Dist., Taipei City 10441, Taiwan (R.O.C.)","萬O綱","02-25213350","02-25213357","有","有"
"14028802","19890413","20210813","山水彩色印刷股份有限公司","SUN SUI PRINT CO., LTD.","新北市中和區連城路222巷1號","No. 1, Ln. 222, Liancheng Rd., Zhonghe Dist., New Taipei City 23553, Taiwan (R.O.C.)","鄭O明","02-55908818","02-55908800","有","有"
"14029582","19870727","20210814","萬順設計用品有限公司","WAND SHENN ENTERPRISE CO., LTD.","臺北市中山區長安東路2段38號","No. 38, Sec. 2, Chang’an E. Rd., Zhongshan Dist., Taipei City 10456, Taiwan (R.O.C.)","許O碧","02-25365651","25681701","有","有"
"14029773","19800520","20220311","仙運企業股份有限公司","THE SAMSON TAIWAN CORP.","臺北市中山區建國北路1段35號9樓","9 F., No. 35, Sec. 1, Jianguo N. Rd., Zhongshan Dist., Taipei City 10489, Taiwan (R.O.C.)","廖O忠","02-27510707","02-27813755","有","有"
"14030292","19920604","20210812","哈特門事業有限公司","HANDELMAN TAILOR CO., LTD.","臺北市信義區信義路5段5號","No. 5, Sec. 5, Xinyi Rd., Xinyi Dist., Taipei City 11011, Taiwan (R.O.C.)","蕭O新","02-27252222","","有","有"
"14030589","19921023","20221109","艾吉企業股份有限公司","AGIS ENTERPRISE INC.","臺中市東區東興里建德街30號之1","No. 30-1, Jiande St., Dongxing Vil., East Dist., Taichung City 401014, Taiwan (R.O.C.)","王O忠","04-23599392","04-23599451","有","有"
"14030693","19890330","20210814","台灣龍神股份有限公司","TAIWAN LONESUN LTD.","臺北市南港區松河街620號2樓","2 F., No. 620, Songhe St., Nangang Dist., Taipei City 11573, Taiwan (R.O.C.)","張O櫻","02-27856710","02-27856706","有","有"
"14032427","19810109","20240521","昇漢股份有限公司","SUNRISE GLORY INCORPORATION","臺北市中山區吉林路10巷22號4樓","4 F., No. 22, Ln. 10, Jilin Rd., Zhongshan Dist., Taipei City 10457, Taiwan (R.O.C.)","陳O龍","02-27817221","","有","有"
"14032475","19810514","20221210","臺灣多胺股份有限公司","POLYAMINE (TAIWAN) CORPORATION","臺北市大安區信義路4段306號11樓之1","11 F.-1, No. 306, Sec. 4, Xinyi Rd., Da’an Dist., Taipei City 106427, Taiwan (R.O.C.)","杜O治","02-27037085","02-27553686","有","有"
"14033039","20020617","20210813","澄銘電器股份有限公司","DENG MII ELECTRICAL CO., LTD.","臺北市內湖區內湖路1段123號","No. 123, Sec. 1, Neihu Rd., Neihu Dist., Taipei City 11446, Taiwan (R.O.C.)","周O銘","27995066","27995069","有","有"
"14033283","19991231","20210812","晨光照明有限公司","CHEN KUANG LIGHTING CO., LTD.","臺北市內湖區成功路2段312巷19號","No. 19, Ln. 312, Sec. 2, Chenggong Rd., Neihu Dist., Taipei City 11467, Taiwan (R.O.C.)","莊O銘","02-22850909","02-22838966","有","有"
"14033431","19790214","20210814","華公行有限公司","HWA KUNG HONG & CO., LTD.","臺北市中山區中山北路3段45之1號","No. 45-1, Sec. 3, Zhongshan N. Rd., Zhongshan Dist., Taipei City 10461, Taiwan (R.O.C.)","楊O逸","02-25872200","02-25854329","無","無"
"14033663","19790420","20230712","巨路國際股份有限公司","LUMAX INTERNATIONAL CORP., LTD.","臺北市南港區園區街3之1號12樓","12 F., No. 3-1, Yuanqu St., Nangang Dist., Taipei City 115603, Taiwan (R.O.C.)","林O國","02-2788-3656","02-2788-7369","有","有"
"14033713","19781019","20210814","頂安實業有限公司","TELE-MASTER CO., LTD.","臺北市松山區民生東路5段188號9樓之1","9F.-1, No. 188, Sec. 5, Minsheng E. Rd., Songshan Dist., Taipei City 10589, Taiwan (R.O.C.)","蔡O塗","02-27631517","02-27631521","有","有"
"14034184","19781117","20230105","和麟企業股份有限公司","CHI LAND ENTERPRISE CO., LTD.","臺南市南區安平工業區新義南路18號","No. 18, Xinyi S. Rd., South Dist., Tainan City 702014, Taiwan (R.O.C.)","周O達","062-652108","","有","有"
"14034494","19790317","20240531","尚鏵股份有限公司","SHICO SUN HIGH INDUSTRIAL CO., LTD.","臺北市中正區懷寧街112號6樓之3","6 F.-3, No. 112, Huaining St., Zhongzheng Dist., Taipei City 100004, Taiwan (R.O.C.)","胡O茹","03-3218555","03-3217177","有","有"
"14034656","19721206","20221006","匯懋股份有限公司","FAIRSTONE INDUSTRIES LIMITED","臺北市中山區松江路87號15樓","15 F., No. 87, Songjiang Rd., Zhongshan Dist., Taipei City 104495, Taiwan (R.O.C.)","楊O洲","02-25073232","02-25073535","有","有"
"14034754","19781213","20221109","傑柯霖產業有限公司","JACKLIN INDUSTRIAL CORPORATION.","臺中市北區中清路一段9號2樓","2 F., No. 9, Sec. 1, Zhongqing Rd., North Dist., Taichung City 404021, Taiwan (R.O.C.)","林O斌","04-23710258","","有","有"
"14034847","19940421","20210812","中道企業有限公司","CHINA MIDLAND CORP.","新北市永和區中興街10巷5弄8號1樓","1 F., No. 8, Aly. 5, Ln. 10, Zhongxing St., Yonghe Dist., New Taipei City 23445, Taiwan (R.O.C.)","吳O方","02-23671900","02-23677142","有","有"
"14034852","19780904","20240814","中光實業股份有限公司","PANIA LIGHT CO., LTD.","新北市新店區安德街51巷1號(1樓)","1 F., No. 1, Ln. 51, Ande St., Xindian Dist., New Taipei City 231046, Taiwan (R.O.C.)","蘇O崢","89191347","89191351","有","有"
"14034939","19801120","20210815","金全企業有限公司","TESORO ENTERPRISE CO., LTD.","臺北市士林區天母東路6-4號5樓","5 F., No. 6-4, Tianmu E. Rd., Shilin Dist., Taipei City 11153, Taiwan (R.O.C.)","孫O銓","02-28762731","","有","有"
"14035748","19810116","20241022","群盛貿易有限公司","CONTINENTAL MACHINERY MFG., LTD.","臺中市南屯區五權西路二段五○一號八樓","8 F., No. 501, Sec. 2, Wuquan W. Rd., Nantun Dist., Taichung City 40878, Taiwan (R.O.C.)","黃O頤","04-23816977","04-23813584","有","有"
"14035938","19790625","20210812","信太紡織廠股份有限公司","HSIN TAI TEXTILE CO., LTD.","臺北市大安區忠孝東路3段192號2樓之1","2F.-1, No. 192, Sec. 3, Zhongxiao E. Rd., Da’an Dist., Taipei City 10655, Taiwan (R.O.C.)","湯O逸","02-85213322","02-85220637","無","無"
"14036303","20000124","20221021","台灣紙印股份有限公司","TAIWAN PAPER TRANSFER PRINT CO., LTD.","新北市五股區國道路3段8巷15號","No. 15, Ln. 8, Sec. 3, Guodao Rd., Wugu Dist., New Taipei City 248014, Taiwan (R.O.C.)","陳O輝","02-29816706","02-29853501","有","有"
"14036654","19820922","20250417","集合企業有限公司","MELODY CONNECTION LTD.","臺北市大安區延吉街241巷2弄13號","No. 13, Aly. 2, Ln. 241, Yanji St., Da'an Dist., Taipei City 106067, Taiwan (R.O.C.)","干O娟","02-27091045","02-27023762","有","有"
"14036752","19961002","20210812","一森實業有限公司","SHIN KANG PUMP CO., LTD.","臺北市中山區濱江街296號1樓","1 F., No. 296, Binjiang St., Zhongshan Dist., Taipei City 10472, Taiwan (R.O.C.)","陳O森","02-25035893","","有","有"
"14036866","20050502","20210815","聖欣彩色印刷股份有限公司","SHENG SHING PRINTING CO., LTD.","臺北市中山區興安街80巷2號1樓","1 F., No. 2, Ln. 80, Xing’an St., Zhongshan Dist., Taipei City 10479, Taiwan (R.O.C.)","陳O華","02-25052042","","有","有"
"14037318","19880816","20210814","宏國建設股份有限公司","HUNG KUO REAL ESTATE DEVELOPMENT CORP.","臺北市松山區敦化北路167號17樓","17 F., No. 167, Dunhua N. Rd., Songshan Dist., Taipei City 10549, Taiwan (R.O.C.)","林O罕見","02-27187788","","有","有"
"14037485","19830423","20230512","華橋企業有限公司","FASHION BRIDGE CORP.","臺北市大安區仁愛路4段407之1號12樓","12 F., No. 407-1, Sec. 4, Ren’ai Rd., Da’an Dist., Taipei City 106062, Taiwan (R.O.C.)","杜O風","02-27520682","02-27211402","有","有"
"14039322","20161007","20230714","協三有限公司","SHIE SAN LTD.","臺北市中山區長安東路2段51之5號","No. 51-5, Sec. 2, Chang’an E. Rd., Zhongshan Dist., Taipei City 104090, Taiwan (R.O.C.)","魏O良","02-25612384","02-25111870","有","有"
"14039842","19740814","20221015","光億實業股份有限公司","ARTSUN INDUSTRIAL CO., LTD.","臺北市中山區松江路164巷20號","No. 20, Ln. 164, Songjiang Rd., Zhongshan Dist., Taipei City 104088, Taiwan (R.O.C.)","簡O麟","02-2542-2666","02-2523-3666","有","有"
"14039982","19820518","20210813","天美實業股份有限公司","A-A B CORPORATION","臺北市中山區中山北路1段83巷5號5樓之14","5F.-14, No. 5, Ln. 83, Sec. 1, Zhongshan N. Rd., Zhongshan Dist., Taipei City 10446, Taiwan (R.O.C.)","陳O芳","02-2522-3394","","有","有"
"14040329","19780315","20210815","培克工業股份有限公司","KHANG'S INDUSTRIES TAIWAN CO., LTD.","臺北市中山區建國北路2段116巷7號1樓","1 F., No. 7, Ln. 116, Sec. 2, Jianguo N. Rd., Zhongshan Dist., Taipei City 10483, Taiwan (R.O.C.)","康O和","02-25037060","02-25011754","有","有"
"14040691","19790717","20230318","中美和石油化學股份有限公司","CHINA AMERICAN PETROCHEMICAL CO., LTD.","臺北市內湖區堤頂大道2段413號6樓","6 F., No. 413, Sec. 2, Tiding Blvd., Neihu Dist., Taipei City 114741, Taiwan (R.O.C.)","何O豪","02-8752-0888","02-87972002","有","有"
"14041050","20200824","20210812","霖和企業股份有限公司","Ling Ho Enterprise Corporation","新北市樹林區新興街19巷2弄1號1樓","1 F., No. 1, Aly. 2, Ln. 19, Xinxing St., Shulin Dist., New Taipei City 23877, Taiwan (R.O.C.)","陳O林","09-36229558","","有","有"
"14041333","19780809","20240606","建享企業有限公司","KEN SUN ENTERPRISES INC.","臺北市松山區南京東路3段285號6樓之1","6 F.-1, No. 285, Sec. 3, Nanjing E. Rd., Songshan Dist., Taipei City 105405, Taiwan (R.O.C.)","黃O華","02-27122144","","有","有"
"14041707","19810616","20210815","朝乾有限公司","CHAO CHIEN COMPANY LTD.","臺北市大同區南京西路107巷21號","No. 21, Ln. 107, Nanjing W. Rd., Datong Dist., Taipei City 10355, Taiwan (R.O.C.)","黃O雄","02-25148321","02-25148325","有","有"
"14041729","19820828","20241019","加年實業有限公司","CARNAME INDUSTRIAL CORP.","臺北市中山區松江路38巷16之1號2樓","2 F., No. 16-1, Ln. 38, Songjiang Rd., Zhongshan Dist., Taipei City 10455, Taiwan (R.O.C.)","","02-25615820","02-25411758","無","無"
"14042065","19790423","20210814","旅東股份有限公司","LUTONG ENTERPRISE CORP.","臺北市中山區南京東路2段36號8樓","8 F., No. 36, Sec. 2, Nanjing E. Rd., Zhongshan Dist., Taipei City 10457, Taiwan (R.O.C.)","蔣O明珍","02-25366699","02-25435959","有","有"
"14042298","19930519","20241019","芭芭拉實業股份有限公司","BARBARA GLOBAL INC.","臺北市中山區民權東路3段17號4樓","4 F., No. 17, Sec. 3, Minquan E. Rd., Zhongshan Dist., Taipei City 10476, Taiwan (R.O.C.)","","02-25157088","02-25153008","無","無"
"14042635","19810908","20210814","自東實業股份有限公司","AAAAA INVESTMENT & TRADE INC.","臺北市大安區忠孝東路4段155號8樓之2","8F.-2, No. 155, Sec. 4, Zhongxiao E. Rd., Da’an Dist., Taipei City 10690, Taiwan (R.O.C.)","賴O璋","02-26349007","02-26341642","有","有"
"14042678","20031112","20210814","鈺柏貿易有限公司","YUE BO TRADING CO., LTD.","臺北市中山區合江街144巷16號1樓","1 F., No. 16, Ln. 144, Hejiang St., Zhongshan Dist., Taipei City 10484, Taiwan (R.O.C.)","劉O光","02-2501-1526","02-2516-0824","有","有"
"14042945","19980903","20210814","力祥國際工程股份有限公司","LI SHIAN MACHINE INDUSTRIAL CO., LTD.","臺北市中山區建國北路2段258巷3號7樓","7 F., No. 3, Ln. 258, Sec. 2, Jianguo N. Rd., Zhongshan Dist., Taipei City 10484, Taiwan (R.O.C.)","林O旺","02-25013738","02-25050915","有","有"
"14044198","19781127","20220928","樂榮貿易股份有限公司","HONOUR GLOW TRADING CO., LTD.","新北市林口區文化二路1段266號7樓之2、3","7 F.-2, No. 266, Sec. 1, Wenhua 2nd Rd., Linkou Dist., New Taipei City 244022, Taiwan (R.O.C.)","徐O泰","02-26096906","02-26096876","有","有"
"14044248","19841218","20250210","沐祿有限公司","MOBELYYKE LIMITED","臺北市信義區光復南路415巷182號1樓","1 F., No. 182, Ln. 415, Guangfu S. Rd., Xinyi Dist., Taipei City 110054, Taiwan (R.O.C.)","黃O堯","02-87126658","02-87126676","有","有"
"14044985","19750602","20210812","安輝貿易股份有限公司","AND WAY TRADING CO., LTD.","臺北市中山區南京東路2段216號12樓","12 F., No. 216, Sec. 2, Nanjing E. Rd., Zhongshan Dist., Taipei City 10489, Taiwan (R.O.C.)","郭O雄","02-25066668","02-25074965","有","有"
"14046034","19780607","20210812","好客國際有限公司","T. U. HALLMARK INTERNATIONAL LTD.","臺北市中山區中山北路2段162號6樓","6 F., No. 162, Sec. 2, Zhongshan N. Rd., Zhongshan Dist., Taipei City 10452, Taiwan (R.O.C.)","李O來","02-25959123","","有","有"
"14046359","19880811","20241015","世益機電工程股份有限公司","SHINEX MACHINERY ENGINEERING INC.","新北市新莊區中正路149號4樓","4 F., No. 149, Zhongzheng Rd., Xinzhuang Dist., New Taipei City 242008, Taiwan (R.O.C.)","劉O凱","02-22289656","02-22289869","有","有"
"14046409","19950210","20210812","聯邦電子工業股份有限公司","UNION COMPUTER INDUSTRY INC.","臺北市松山區撫遠街331號","No. 331, Fuyuan St., Songshan Dist., Taipei City 10594, Taiwan (R.O.C.)","陳O博","06-7956850","06-7956854","有","有"
"14046421","19780927","20210813","錢佶貿易有限公司","CHAIN COLLECTOR CO., LTD.","臺北市松山區八德路2段374號5樓之2","5F.-2, No. 374, Sec. 2, Bade Rd., Songshan Dist., Taipei City 10556, Taiwan (R.O.C.)","吳O絹","02-27818733","","有","有"
"14046724","19800820","20210813","欣光企業有限公司","DELIGHTFUL ENTERPRISES INC.","臺北市松山區八德路3段74巷80號","No. 80, Ln. 74, Sec. 3, Bade Rd., Songshan Dist., Taipei City 10559, Taiwan (R.O.C.)","陳O宜","02-29750885","02-81927106","有","有"
"14046750","20140804","20230628","申瑞企業股份有限公司","SUN RICH ELEVATOR CO., LTD.","新北市板橋區新站路16之1號36樓","36 F., No. 16-1, Xinzhan Rd., Banqiao Dist., New Taipei City 220336, Taiwan (R.O.C.)","李O凰","02-25618310","02-25641639","有","有"
"14046787","19780727","20210812","東野企業有限公司","EASTERN HOUSE ENTERPRISES CO., LTD.","臺北市內湖區基湖路35巷16號2樓","2 F., No. 16, Ln. 35, Jihu Rd., Neihu Dist., Taipei City 11492, Taiwan (R.O.C.)","黃O聲","02-26599222","02-26599197","有","有"
"14046822","19751222","20210813","伯融企業有限公司","LARRY LIN & CO., LTD.","臺北市松山區仁愛路4段427之1號5樓","5 F., No. 427-1, Sec. 4, Ren’ai Rd., Songshan Dist., Taipei City 105, Taiwan (R.O.C.)","林O溪","02-27521759","","有","有"
"14047391","19800410","20210815","一言實業有限公司","UPRIGHT LUBRICANT CO., LTD.","新北市新莊區中正路力行巷1弄3號","No. 3, Aly. 1, Lixing Ln., Zhongzheng Rd., Xinzhuang Dist., New Taipei City 24257, Taiwan (R.O.C.)","劉O芳","02-29036464-6","","有","有"
"14047717","19780809","20210814","永造有限公司","YEONG TZAW ASSOCIATES INC.","臺北市中山區錦州街5號7樓之3","7F.-3, No. 5, Jinzhou St., Zhongshan Dist., Taipei City 10451, Taiwan (R.O.C.)","蘇O智","02-25810682","02-29035545","有","有"
"14048265","19790222","20210812","晴裕實業有限公司","CHIN YUE INDUSTRIAL CO., LTD.","臺北市中山區雙城街21號7樓","7 F., No. 21, Shuangcheng St., Zhongshan Dist., Taipei City 10460, Taiwan (R.O.C.)","彭O瑞","02-2594-2822","02-2596-3418","有","有"
"14048547","19780722","20210813","有乘貿易股份有限公司","YUI CHUN TRADING CO., LTD.","臺北市士林區德行東路109巷38號2樓","2 F., No. 38, Ln. 109, Dexing E. Rd., Shilin Dist., Taipei City 11148, Taiwan (R.O.C.)","吳O亮","02-28361508","","有","有"
"14048883","19871231","20210812","力瑋企業有限公司","LE WEI ENTERPRISE CO., LTD.","臺北市中山區農安街227巷7號5樓","5 F., No. 7, Ln. 227, Nong’an St., Zhongshan Dist., Taipei City 10482, Taiwan (R.O.C.)","吳O慶","02-25018049","","有","有"
"14049258","19930522","20230209","巨憲實業股份有限公司","JIANT BROTHERS ENTERPRISES CORP.","臺北市內湖區行善路48巷18號3樓之2","3 F.-2, No. 18, Ln. 48, Xingshan Rd., Neihu Dist., Taipei City 114066, Taiwan (R.O.C.)","吳O堯","02-27155458","","有","有"
"14049980","19781122","20240903","眾誠國際股份有限公司","GLOTEX INTERNATIONAL CO., LTD.","臺北市松山區南京東路4段93號11樓","11 F., No. 93, Sec. 4, Nanjing E. Rd., Songshan Dist., Taipei City 10580, Taiwan (R.O.C.)","葉O惠","02-27130203","","有","有"
"14050402","19810817","20210812","弘峰國際商業有限公司","FORWARD INTERNATIONAL LTD.","臺北市松山區敦化北路112號5樓","5 F., No. 112, Dunhua N. Rd., Songshan Dist., Taipei City 10547, Taiwan (R.O.C.)","嚴O","02-25451592","02-27182614","有","有"
"14051084","19780608","20210813","發源貿易股份有限公司","FA YUAN TRADING CORP. LTD.","臺北市中山區長安東路2段173號9樓","9 F., No. 173, Sec. 2, Chang’an E. Rd., Zhongshan Dist., Taipei City 10490, Taiwan (R.O.C.)","林O勲","02-27521345","","有","有"
"14051129","19960305","20210813","德產汽車貿易股份有限公司","WANGS BROTHER MOTOR COMPANY LTD.","臺北市松山區敦化北路205號1樓","1 F., No. 205, Dunhua N. Rd., Songshan Dist., Taipei City 10595, Taiwan (R.O.C.)","王O生","02-27679303","","有","有"
"14051465","19790717","20230304","伊吉邦興業股份有限公司","RACHEL & CO., LTD.","臺北市中山區松江路206號11樓之3","11 F.-3, No. 206, Songjiang Rd., Zhongshan Dist., Taipei City 104486, Taiwan (R.O.C.)","陳O兒","02-25312235-7","02-25216350","有","有"
"14051866","19760309","20230512","德立斯科技股份有限公司","TRISCO TECHNOLOGY CORPORATION","臺北市大安區復興南路2段45號8樓","8 F., No. 45, Sec. 2, Fuxing S. Rd., Da’an Dist., Taipei City 106472, Taiwan (R.O.C.)","林O祥","02-27037031","02-23254076","有","有"
"14052008","20080417","20210815","友成玻璃纖維股份有限公司","GOODWILL FIBERGLASS CORPORATION","臺北市中山區新生北路2段119巷9號1樓","1 F., No. 9, Ln. 119, Sec. 2, Xinsheng N. Rd., Zhongshan Dist., Taipei City 10469, Taiwan (R.O.C.)","游O嵐","02-25427646","02-25427744","有","有"
"14052035","19760716","20210814","達見綜合工業股份有限公司","TAKKEN COMPREHENSIVE INDUSTRIAL CO., LTD.","臺北市中山區中山北路2段112號11樓","11 F., No. 112, Sec. 2, Zhongshan N. Rd., Zhongshan Dist., Taipei City 10449, Taiwan (R.O.C.)","鄭O民","02-25633881-5","02-25634824","有","有"
"14052128","19781005","20230602","金百利股份有限公司","SK CORPORATION","臺北市信義區信義路5段8號9樓","9 F., No. 8, Sec. 5, Xinyi Rd., Xinyi Dist., Taipei City 110013, Taiwan (R.O.C.)","艾O斯(AshishAgarwal)","02-23458388","02-2345-8511","有","有"
"14053007","19740820","20240807","潤泰全球股份有限公司","RUENTEX INDUSTRIES LIMITED","臺北市中山區八德路二段308號13樓之1","13 F.-1, No. 308, Sec. 2, Bade Rd., Zhongshan Dist., Taipei City 104498, Taiwan (R.O.C.)","徐O育","02-81617999","02-81617962","有","有"
"14053111","19771203","20221203","四星國際股份有限公司","FOURSTAR GROUP INC.","臺北市松山區民生東路4段54號12樓","12 F., No. 54, Sec. 4, Minsheng E. Rd., Songshan Dist., Taipei City 105017, Taiwan (R.O.C.)","薛O偉","02-27173922","02-27186497","有","有"
"14053225","19760312","20210814","大堡資訊用品股份有限公司","TAIWAN DATA INC.","新北市汐止區福德一路381巷21號","No. 21, Ln. 381, Fude 1st Rd., Xizhi Dist., New Taipei City 22149, Taiwan (R.O.C.)","謝O贊","02-2694-8200","02-2694-7634","有","有"
"14053695","19840907","20210812","辰富國際股份有限公司","KENTSTAR INTERNATIONAL CORPORATION","臺北市內湖區瑞光路112巷5號4樓","4 F., No. 5, Ln. 112, Ruiguang Rd., Neihu Dist., Taipei City 11491, Taiwan (R.O.C.)","廖O祺","02-87922098","02-87922145","有","有"
"14054081","19760721","20230728","保證責任台灣省青果運銷合作社","TAIWAN PROVINCIAL FRUIT MARKETING COOPERATIVE","新北市新店區寶高路６０號","NO.60, BAOGAO RD., XINDIAN DIST., NEW TAIPEI CITY  23144, TAIWAN (R.O.C.)","余O榮","02-29135111","02-29135133","有","有"
"14054168","19740313","20210815","艾睿電子股份有限公司","ARROW ELECTRONICS TAIWAN LTD.","新北市中和區建一路150號13樓之1","13F.-1, No. 150, Jian 1st Rd., Zhonghe Dist., New Taipei City 23511, Taiwan (R.O.C.)","LOungShukKamJacquOlinO","02-77225168","02-77238168","有","有"
"14054385","19780927","20210812","邦威企業有限公司","BONWELL ENTERPRISE CO., LTD.","新北市中和區中安里中和路362號6樓","6 F., No. 362, Zhonghe Rd., Zhong’an Vil., Zhonghe Dist., New Taipei City 23574, Taiwan (R.O.C.)","吳O邦","02-2926-5360","02-2926-5370","有","有"
"14054765","19781204","20210814","美明實業股份有限公司","MM FRP CORPORATION","新北市三芝區小坑子5號","No. 5, Xiaokengzi, Sanzhi Dist., New Taipei City 25243, Taiwan (R.O.C.)","周O紫","02-26362055","02-26360800","有","有"
"14054955","19881011","20221214","互助營造股份有限公司","FU TSU CONSTRUCTION CO., LTD.","臺北市中山區中山北路1段27號14樓~16樓","14 F., No. 27-16, Sec. 1, Zhongshan N. Rd., Zhongshan Dist., Taipei City 104005, Taiwan (R.O.C.)","林O聖","02-25517559","02-25616146","有","有"
"14055758","19800421","20210812","剛威企業有限公司","TRAVELWELL INDUSTRIES COMPANY LIMITED","臺北市中山區南京東路2段115巷3弄1之3號2樓","2 F., No. 1-3, Aly. 3, Ln. 115, Sec. 2, Nanjing E. Rd., Zhongshan Dist., Taipei City 10485, Taiwan (R.O.C.)","石O山","02-2507-7797","02-2507-2500","有","有"
"14055835","19750120","20210813","科德國際貿易股份有限公司","CORDIAL INTERNATIONAL TRADING CO., LTD.","臺北市大安區信義路4段24號3樓之2","3F.-2, No. 24, Sec. 4, Xinyi Rd., Da’an Dist., Taipei City 10683, Taiwan (R.O.C.)","徐O潤","27069282","27078522","有","有"
"14055841","19790703","20231117","友加有限公司","ORIOLE LTD.","新北市石門區白沙灣別墅24號","No. 24, Pak Sha Wan Villa, Shimen Dist., New Taipei City 253003, Taiwan (R.O.C.)","曾O貞","02-25962389","","無","無"
"14055883","19990204","20210813","沅茂貿易有限公司","FAN YEAN TRADING CO., LTD.","臺北市中山區松江路362巷31號1樓","1 F., No. 31, Ln. 362, Songjiang Rd., Zhongshan Dist., Taipei City 10468, Taiwan (R.O.C.)","蕭O麒","02-25818832","","有","有"
"14056285","19790723","20210814","統偉貿易股份有限公司","TONDALEE TRADING CO., LTD.","臺北市大安區敦化南路1段219號8樓","8 F., No. 219, Sec. 1, Dunhua S. Rd., Da’an Dist., Taipei City 10690, Taiwan (R.O.C.)","楊O龍","02-27218069","02-27110235","有","有"
"14056546","19810720","20230524","好速化學股份有限公司","HARVEST CHEMICAL CO., LTD.","彰化縣溪湖鎮大竹里德和街19號","NO. 19, DEHE ST., XIHU TOWNSHIP, CHANGHUA COUNTY  514013, TAIWAN (R.O.C.)","陳O佳","04-8816611","04-8857624","有","有"
"14056659","19970326","20230525","賀蘭企業股份有限公司","UNLIMITED POWER TECHNIC CORP.","臺北市中山區新生北路2段31之1號8樓","8 F., No. 31-1, Sec. 2, Xinsheng N. Rd., Zhongshan Dist., Taipei City 104489, Taiwan (R.O.C.)","董O桃","02-25216225","","無","無"
"14056715","19780527","20230414","法台化學股份有限公司","BRENNTAG TAIWAN CO., LTD.","臺北市中山區民生東路3段2號4樓之3","4 F.-3, No. 2, Sec. 3, Minsheng E. Rd., Zhongshan Dist., Taipei City 104511, Taiwan (R.O.C.)","FOancoisDidieOBLEGEO","02-25166000","02-25045522","有","有"
"14056948","19800628","20210812","記諾企業有限公司","XENOX ENTERPRISES INC.","臺北市中正區延平南路179巷3號2樓2室","Rm. 2, 2 F., No. 3, Ln. 179, Yanping S. Rd., Zhongzheng Dist., Taipei City 10065, Taiwan (R.O.C.)","劉O清","02-23122902-3","","有","有"
"14057221","19790712","20210815","迪愛禧佳龍油墨股份有限公司","DIC GRAPHICS CHIA LUNG CORP.","桃園市龜山區大華里頂湖一街12號","No. 12, Dinghu 1st St., Dahua Vil., Guishan Dist., Taoyuan City 33378, Taiwan (R.O.C.)","曽O正道","03-328-3301","03-328-4131","有","有"
"14057806","19760531","20221129","歐粹實業股份有限公司","WHOLE WORLD TRADE CO.","臺北市南港區南港路3段47巷2號7樓","7 F., No. 2, Ln. 47, Sec. 3, Nangang Rd., Nangang Dist., Taipei City 115004, Taiwan (R.O.C.)","陳O鴻","02-27820186","02-27820115","有","有"
"14057995","19781123","20210815","東聯化學股份有限公司","ORIENTAL UNION CHEMICAL CORPORATION","臺北市松山區復興北路101號13樓","13 F., No. 101, Fuxing N. Rd., Songshan Dist., Taipei City 10595, Taiwan (R.O.C.)","徐O東","02-2719-3333","02-2719-1858","有","有"
"14058191","19780817","20210814","寶澄貿易股份有限公司","POWER INTERNATIONAL INC.","臺北市中山區松江路38巷2號4樓之1","4F.-1, No. 2, Ln. 38, Songjiang Rd., Zhongshan Dist., Taipei City 10455, Taiwan (R.O.C.)","傅O民","02-25513181","","無","無"
"14058468","19790523","20230531","鑫洲實業有限公司","GOLD FIELD INDUSTRIES CO., LTD.","臺北市信義區忠孝東路4段563號9樓","9 F., No. 563, Sec. 4, Zhongxiao E. Rd., Xinyi Dist., Taipei City 110058, Taiwan (R.O.C.)","林O政","02-25993099","02-25946200","有","有"
"14058642","19780310","20210812","森傑國際股份有限公司","MORITEX INTERNATIONAL CO., LTD.","臺北市松山區復興北路1號7樓之2","7F.-2, No. 1, Fuxing N. Rd., Songshan Dist., Taipei City 10595, Taiwan (R.O.C.)","嚴O金枝","02-27523377-9","","有","有"
"14059136","20060609","20210814","龍威實業有限公司","MING TIEM ENTERPRISE INC.","新北市三峽區介壽路1段354號(2樓)","2 F., No. 354, Sec. 1, Jieshou Rd., Sanxia Dist., New Taipei City 23743, Taiwan (R.O.C.)","黃O田","02-25558600","02-25585696","有","有"
"14059369","20060825","20210813","弘鎰貿易股份有限公司","TAIWAN HORING YII TRADING CO., LTD.","臺北市大安區敦化南路1段190巷45號7樓","7 F., No. 45, Ln. 190, Sec. 1, Dunhua S. Rd., Da’an Dist., Taipei City 10691, Taiwan (R.O.C.)","簡O杏娥","02-27214019","02-27775412","有","有"
"14059494","19760414","20210815","海宮造船股份有限公司","TRANS WORLD BOAT BUILDING CO., LTD.","新北市三芝區北勢子45之5號","No. 45-5, Beishizi, Sanzhi Dist., New Taipei City 25242, Taiwan (R.O.C.)","朱O康","02-26362418","02-26360918","有","有"
"14059662","19780915","20230317","普羅畫廊有限公司","PRO ART GALLERY LIMITED","臺北市大安區敦化南路1段205號11樓之11","11 F.-11, No. 205, Sec. 1, Dunhua S. Rd., Da’an Dist., Taipei City 106446, Taiwan (R.O.C.)","陳O芸","27769545","27738685","無","無"
"14060555","19781002","20210815","邁群企業股份有限公司","MANDARIN ENTERPRISES CORP.","臺北市中山區中山北路3段58號2樓","2 F., No. 58, Sec. 3, Zhongshan N. Rd., Zhongshan Dist., Taipei City 10452, Taiwan (R.O.C.)","李O立","02-23250538","02-23250578","有","有"
"14060680","19781226","20220822","藝皇實業有限公司","Art Royal Industries Ltd.","臺北市士林區中山北路6段177號1樓","1 F., No. 177, Sec. 6, Zhongshan N. Rd., Shilin Dist., Taipei City 111048, Taiwan (R.O.C.)","陳O賢","02-28317886","","有","有"
"14060746","19790517","20210814","欣達機械股份有限公司","SHIN TA KNITTING MACHINERY CORP.","桃園市中壢區忠義里中華路2段189巷197弄25號(1樓)","1 F., No. 25, Aly. 197, Ln. 189, Sec. 2, Zhonghua Rd., Zhongyi Vil., Zhongli Dist., Taoyuan City 32069, Taiwan (R.O.C.)","李O德","03-4526146","03-4526149","有","有"
"14060936","19780711","20230322","成泉產業股份有限公司","WELFARE SPRING PRODUCTS CORP.","屏東縣內埔鄉豐田村興中一巷二十二號","No. 22, Xingzhong 1st Ln., Fengtian Vil., Neipu Township,  Pingtung County 912016, Taiwan (R.O.C.)","蔡O雪雲","08-7795707","08-7795707","有","有"
"14061153","20181022","20210814","豪門機電股份有限公司","ARMOR ELEVATOR TAIWAN COMPANY LIMITED","臺北市中山區長安東路2段78號9樓","9 F., No. 78, Sec. 2, Chang’an E. Rd., Zhongshan Dist., Taipei City 10455, Taiwan (R.O.C.)","連O卿","02-25075553","02-25078546","有","有"
"14061219","20011109","20210814","融德實業有限公司","JUNG TE. ENTERPRISE CO., LTD.","臺北市中山區吉林路447巷23號1樓","1 F., No. 23, Ln. 447, Jilin Rd., Zhongshan Dist., Taipei City 10471, Taiwan (R.O.C.)","林O隆","02-25868061","02-25996878","有","有"
"14061581","19780707","20221231","二聯股份有限公司","EARNIN CORPORATION","臺北市中山區中山北路1段135巷7號2樓","2 F., No. 7, Ln. 135, Sec. 1, Zhongshan N. Rd., Zhongshan Dist., Taipei City 104004, Taiwan (R.O.C.)","陳O強","02-26187358","02-26187388","有","有"
"14062250","19771221","20210813","鉅成股份有限公司","SUNNY BRICO TRADING CO., LTD.","臺北市士林區延平北路5段76號3樓","3 F., No. 76, Sec. 5, Yanping N. Rd., Shilin Dist., Taipei City 11165, Taiwan (R.O.C.)","陳O井","02-28151777","02-28151025","有","有"
"14062569","19970507","20210911","珩盛有限公司","TEAM GLORY COMPANY LIMITED","臺北市大安區敦化南路2段63巷53弄2號2樓","2 F., No. 2, Aly. 53, Ln. 63, Sec. 2, Dunhua S. Rd., Da’an Dist., Taipei City 10682, Taiwan (R.O.C.)","陳O良","02-27514548","","有","有"
"14062738","19790219","20230711","關中股份有限公司","GRAND HALL ENTERPRISE CO., LTD.","臺北市內湖區瑞光路298號9樓","9 F., No. 298, Ruiguang Rd., Neihu Dist., Taipei City 114063, Taiwan (R.O.C.)","洪O照","02-26591119","02-26590886","有","有"
"14063188","20101006","20230427","晏昌有限公司","AN CHANG CO., LTD.","臺北市大同區重慶北路3段113巷12號","No. 12, Ln. 113, Sec. 3, Chongqing N. Rd., Datong Dist., Taipei City 103026, Taiwan (R.O.C.)","陳O洲","02-25955656","02-25967676","無","無"
"14063201","19790727","20241005","億庫企業有限公司","M & P ENTERPRISE LTD.","宜蘭縣頭城鎮拔雅里文雅路57巷18號十一樓之8","11 F.-8, No. 18, Ln. 57, Wenya Rd., Baya Vil., Toucheng Township, Yilan County 261001, Taiwan (R.O.C.)","羅O驊","02-27134526","","有","有"
"14063624","19850904","20230428","台灣極水股份有限公司","TAIWAN POLAR WATER CO., LTD.","臺北市中山區吉林路24號5樓之2","5 F.-2, No. 24, Jilin Rd., Zhongshan Dist., Taipei City 104484, Taiwan (R.O.C.)","潘O姝","02-25627718","","有","有"
"14063693","19941216","20230708","慶鴻藝品有限公司","KEIKO JEWELERY & ARTS CO., LTD.","臺北市大安區忠孝東路4段2號11樓之4","11F.-4, No. 2, Sec. 4, Zhongxiao E. Rd., Da’an Dist.,  Taipei City 106442, Taiwan (R.O.C.)","","","","無","無"
"14063791","19820929","20230706","磁運股份有限公司","MAGVOX INCORPORATION","臺北市大安區基隆路2段267號2樓","2 F., No. 267, Sec. 2, Keelung Rd., Da’an Dist., Taipei City 106035, Taiwan (R.O.C.)","","02-25628442","","無","無"
"14064074","20250617","20250617","光智營造廠有限公司","Kuang Chih Engineering & Construction LTD.","新北市新莊區思源路23號13樓","13 F., No. 23, Siyuan Rd., Xinzhuang Dist., New Taipei City 242035, Taiwan (R.O.C.)","羅O真","02-25671835#7712","","有","有"
"14064433","19780809","20101224","國寶企業有限公司","KUO PAO ENTERPRISES CO., LTD.","新北市三重區仁愛街３２７巷１１３號","NO.113, LANE 327, JEN AI ST., SANCHONG DIST., NEW TAIPEI CITY  241, TAIWAN (R.O.C.)","陳O財","02-29830390","","無","無"
"14064807","19790728","20210814","世堡紡織股份有限公司","SUPER TEXTILE CORPORATION.","臺北市中山區民生東路1段58號4樓","4 F., No. 58, Sec. 1, Minsheng E. Rd., Zhongshan Dist., Taipei City 10446, Taiwan (R.O.C.)","羅O祐","02-25621153-4","02-25619805","有","有"
"14064877","19780825","20210813","達彥國際有限公司","ROSCHER INTERNATIONAL CORP.","臺北市中正區師大路170號3樓6室","Rm. 6, 3 F., No. 170, Shida Rd., Zhongzheng Dist., Taipei City 10088, Taiwan (R.O.C.)","朱O祥","02-23924724","","無","無"
"14065046","19840706","20240112","弘揚空調股份有限公司","HONG YAN ENGINEERING CO., LTD.","臺北市中山區復興北路490號6樓之2","6 F.-2, No. 490, Fuxing N. Rd., Zhongshan Dist., Taipei City 104063, Taiwan (R.O.C.)","張O科","02-25021022","02-25021847","有","有"
"14065215","19790220","20221116","台灣開廣股份有限公司","TAIWAN K.K. CORPORATION","新北市新店區寶橋路235巷14號5樓","5 F., No. 14, Ln. 235, Baoqiao Rd., Xindian Dist., New Taipei City 231028, Taiwan (R.O.C.)","蔡O暉","02-29185336","02-29133188","有","有"
"14065616","20020506","20210813","台灣國際倉儲股份有限公司","TAIWAN INTERNATIONAL STORAGE CO., LTD.","臺中市清水區臨海路48-13號","No. 48-13, Linhai Rd., Qingshui Dist., Taichung City 43650, Taiwan (R.O.C.)","楊O楠","04-26622111","04-26656465","有","有"
"14065714","19781016","20210815","雙城股份有限公司","CASTLES & HERMES CO., LTD.","臺北市大同區民權西路144巷6號12樓之1之2","12F.-1, No. 6-2, Ln. 144, Minquan W. Rd., Datong Dist., Taipei City 10361, Taiwan (R.O.C.)","許O伶","02-25570299","","有","有"
"14065910","19691031","20220108","勝榮汽車股份有限公司","SHENG JUNG MOTORS CO., LTD.","臺北市大安區敦化南路2段77號4樓","14 F., No. 39, Sec. 2, Dunhua S. Rd., Da’an Dist., Taipei City 10681, Taiwan (R.O.C.)","李O枝","02-27018788","02-27013118","有","有"
"14066214","19880722","20250223","松虹股份有限公司","SEVENS RAINBOW CO., LTD.","臺北市中山區吉林路150號206室","Rm. 206, No. 150, Jilin Rd., Zhongshan Dist.,  Taipei City 104085, Taiwan (R.O.C.)","","02-25610369","","無","無"
"14066495","19781205","20220928","及翔股份有限公司","QUEMOYOUNG INTERNATIONAL CORPORATION","臺北市中山區民生東路3段36號6樓之5","6 F.-5, No. 36, Sec. 3, Minsheng E. Rd., Zhongshan Dist., Taipei City 104111, Taiwan (R.O.C.)","楊O男","02-26806706","02-26806253","有","有"
"14066832","20010724","20210813","高崙實業有限公司","KAOLUN ENTERPRISE CO., LTD.","新北市新莊區中正路871巷9弄18號","No. 18, Aly. 9, Ln. 871, Zhongzheng Rd., Xinzhuang Dist., New Taipei City 24256, Taiwan (R.O.C.)","石O翊","29064136","29087753","有","有"
"14066903","19761009","20240912","歷輻實業股份有限公司","LE FU INDUSTRIAL CO., LTD.","臺中市北區進化北路238號12樓之1","12 F.-1, No. 238, Jinhua N. Rd., North Dist., Taichung City 404507, Taiwan (R.O.C.)","林O玉","04-25613669","04-25626096","有","有"
"14067157","20010409","20210815","華升整車配件股份有限公司","HAU SHENG CNC-WORK & EQUIPMENT CO., LTD.","桃園市觀音區崙坪里山坪路651巷31號1樓","1 F., No. 31, Ln. 651, Shanping Rd., Lunping Vil., Guanyin Dist., Taoyuan City 32846, Taiwan (R.O.C.)","林O惠","03-4988099","03-4988097","有","有"
"14067635","19941228","20231214","政鼎企業有限公司","GOLD WILL ENTERPRISE CO., LTD.","臺北市松山區光復南路33巷17號1樓","1 F., No. 17, Ln. 33, Guangfu S. Rd., Songshan Dist., Taipei City 10563, Taiwan (R.O.C.)","黃O豪","02-27413169","","有","有"
"14067847","19800228","20210812","山益物產股份有限公司","SAN YI PRODUCTS CO., LTD.","嘉義縣中埔鄉和睦村中華路888號","No. 888, Zhonghua Rd., Zhongpu Township, Chiayi County 60660, Taiwan (R.O.C.)","鄭O書","05-2390239","05-2396633","有","有"
"14068249","19780822","20210812","靜銘實業有限公司","GEM MAN TEXTILES & GARMENT INC.","臺北市大同區南京西路239巷33號2樓","2 F., No. 33, Ln. 239, Nanjing W. Rd., Datong Dist., Taipei City 10343, Taiwan (R.O.C.)","陳O貴","02-25566832","02-25566830","有","有"
"14068347","19811107","20230109","甡元實業股份有限公司","SHEN YUAN LIME CO., LTD.","臺北市松山區長安東路2段219號12樓之3","12 F.-3, No. 219, Sec. 2, Chang’an E. Rd., Songshan Dist., Taipei City 105040, Taiwan (R.O.C.)","吳O泉","02-27110951-3","","無","無"
"14068515","19790421","20210813","濤聲科技股份有限公司","DAWSON TECHNOLOGY CORPORATION","臺北市大同區華陰街91號15樓","15 F., No. 91, Huayin St., Datong Dist., Taipei City 10351, Taiwan (R.O.C.)","王O瑜","02-25559879","02-25559819","有","有"
"14068819","19780823","20230826","百目實業有限公司","BROADVISION INDUSTRIES, LTD.","臺北市中正區忠孝西路1段50號12樓之31","12F.-31, No. 50, Sec. 1, Zhongxiao W. Rd., Zhongzheng Dist., Taipei City 10041, Taiwan (R.O.C.)","","02-23615256","","無","無"
"14068867","19780808","20241219","台愛企業有限公司","NATIONAL KINDNESS CO., LTD.","臺北市內湖區內湖路3段60巷12弄75號11樓之1","11F.-1, No. 75, Aly. 12, Ln. 60, Sec. 3, Neihu Rd., Neihu Dist., Taipei City 11453, Taiwan (R.O.C.)","童O洸","0928765050","02-26281103","有","有"
"14068944","19780628","20210813","翔順股份有限公司","TAIPEI GRAND TRADERS INC.","新北市中和區連城路268號18樓之6","18F.-6, No. 268, Liancheng Rd., Zhonghe Dist., New Taipei City 23553, Taiwan (R.O.C.)","盧O樟","02-82273899","02-82273799","有","有"
"14069205","19780831","20210812","瑋龍實業有限公司","WELL LORD INC.","臺北市士林區承德路4段198號11樓","11 F., No. 198, Sec. 4, Chengde Rd., Shilin Dist., Taipei City 11167, Taiwan (R.O.C.)","劉O富","02-2888-1006","02-2888-1129","有","有"
"14069900","19791022","20210814","中菱實業有限公司","GHUN LIN ENTERPRISE CO., LTD.","臺北市松山區基隆路2段77號7樓","7 F., No. 77, Sec. 2, Keelung Rd., Songshan Dist., Taipei City 105, Taiwan (R.O.C.)","楊O為","02-27361243","02-27368020","有","有"
"14070012","19781026","20241231","南億電子股份有限公司","SCIENTRONIC INC.","臺北市中山區復興北路92號10樓之2","10F.-2, No. 92, Fuxing N. Rd., Zhongshan Dist., Taipei City 10488, Taiwan (R.O.C.)","","02-27730565","02-27730596","無","無"
"14070293","19780725","20210815","肯城實業有限公司","KEN BROS CORPORATION.","臺北市信義區基隆路2段189號18樓之2","18F.-2, No. 189, Sec. 2, Keelung Rd., Xinyi Dist., Taipei City 11054, Taiwan (R.O.C.)","郭O芳","02-23787831","02-23787667","有","有"
"14070370","19780812","20230906","俊貿實業有限公司","JEUN MAW CO., LTD.","新北市板橋區館前東路二十六號十樓之二十二","10F.-22, No. 26, Guanqian E. Rd., Banqiao Dist., New Taipei City 22064, Taiwan (R.O.C.)","","02-29649868","","無","無"
"14070478","19921211","20210814","享福企業有限公司","SHEANG FWE ENTERPRISE CORP.","臺北市士林區承德路4段3巷20號","No. 20, Ln. 3, Sec. 4, Chengde Rd., Shilin Dist., Taipei City 11166, Taiwan (R.O.C.)","簡O金妹","02-25975930","","有","有"
"14070667","19930616","20210812","二通電訊有限公司","ELL TONG TELECOMMUNICATION CO., LTD.","新北市中和區中正路751巷3弄15之4號","No. 15-4, Aly. 3, Ln. 751, Zhongzheng Rd., Zhonghe Dist., New Taipei City 23552, Taiwan (R.O.C.)","陳O財","02-32348666","02-32346736","有","有"
"14070857","19760514","20240724","台灣蒂升電梯股份有限公司","TK Elevator Taiwan Company Limited","新北市板橋區新站路16號36樓及16之1號36樓","36 F., No. 16, Xinzhan Rd., Banqiao Dist., New Taipei City 220336, Taiwan (R.O.C.)","陳O忠","02-25618310","02-25641639","有","有"
"14071096","19790517","20230725","福馨國際股份有限公司","FUSHING BROTHERS & CO.","臺北市內湖區瑞光路358巷32號7樓","7 F., No. 32, Ln. 358, Ruiguang Rd., Neihu Dist., Taipei City 114063, Taiwan (R.O.C.)","陳O志","02-66006001","02-66005020","有","有"
"14071321","19880521","20221203","大鏞貿易股份有限公司","DAYON TRADING INC.","臺北市中山區北安路570號7樓","7 F., No. 570, Bei’an Rd., Zhongshan Dist., Taipei City 104045, Taiwan (R.O.C.)","陳O平","02-25038552","","有","有"
"14071504","20240820","20240820","崧驊營造有限公司","Songhua LTD.","新北市林口區福林路41號","No. 41, Fulin Rd., Linkou Dist., New Taipei City 244021, Taiwan (R.O.C.)","賴O成","02-26030598","","有","有"
"14072383","19780911","20210813","千得股份有限公司","CHAMT & CO., LTD.","臺北市中山區長安東路2段171號7樓之3","7F.-3, No. 171, Sec. 2, Chang’an E. Rd., Zhongshan Dist., Taipei City 10490, Taiwan (R.O.C.)","許O明","02-27114145","02-27314946","有","有"
"14072454","20050519","20210813","正鼎有限公司","JENG DIING COMPANY LIMITED","新北市五股區五工五路32號之2","No. 32-2, Wugong 5th Rd., Wugu Dist., New Taipei City 24890, Taiwan (R.O.C.)","沈O銘","02-22993377","02-22994015","有","有"
"14072638","19880822","20210812","功新汽材五金有限公司","KOUN SHIN CAR CO., LTD.","臺北市中山區民族東路248號1樓","1 F., No. 248, Minzu E. Rd., Zhongshan Dist., Taipei City 10473, Taiwan (R.O.C.)","林O卿","02-25037540","","無","無"
"14072644","19890224","20210813","合德實業股份有限公司","HEART TRUE ENTERPRISE CO., LTD.","臺北市大安區復興南路2段12巷11號1樓","1 F., No. 11, Ln. 12, Sec. 2, Fuxing S. Rd., Da’an Dist., Taipei City 10664, Taiwan (R.O.C.)","潘O宏","02-27002120","02-27097538","有","有"
"14072911","19790214","20210812","惇成企業有限公司","B & F INTERNATIONAL INC.","臺北市中山區中山北路2段115巷43號5樓之6","5F.-6, No. 43, Ln. 115, Sec. 2, Zhongshan N. Rd., Zhongshan Dist., Taipei City 10448, Taiwan (R.O.C.)","盧O純","02-25211063","02-25811931","有","有"
"14073051","19790210","20210815","奧泰國際股份有限公司","ALTEX INTERNATIONAL CO., LTD.","臺北市中山區中山北路3段47號4樓","4 F., No. 47, Sec. 3, Zhongshan N. Rd., Zhongshan Dist., Taipei City 10461, Taiwan (R.O.C.)","陶O貞","02-25865204-9","02-25862762","有","有"
"14073101","19831201","20250607","易晟企業有限公司","SUN-SUCCESS ENTERPRISES CO., LTD.","新北市永和區民有街67巷8弄1號","No. 1, Aly. 8, Ln. 67, Minyou St., Yonghe Dist., New Taipei City 234041, Taiwan (R.O.C.)","劉O湖","02-29276236","","有","有"
"14073290","19780814","20210814","麗洋股份有限公司","LE YANG INCORPORATED","新北市中和區宜安路35號4樓","4 F., No. 35, Yi’an Rd., Zhonghe Dist., New Taipei City 23573, Taiwan (R.O.C.)","張O峰","02-29492646","02-29493362","有","有"
"14073361","19821014","20210814","中華除蟲股份有限公司","CHINA PEST CONTROL CO., LTD.","臺北市中山區北安路458巷23號","No. 23, Ln. 458, Bei’an Rd., Zhongshan Dist., Taipei City 10465, Taiwan (R.O.C.)","林O基","02-27993957","02-26573866","有","有"
"14073947","19790222","20210814","威商企業有限公司","WINSOUND INDUSTRIAL CO., LTD.","臺北市中山區復興北路156號4樓","4 F., No. 156, Fuxing N. Rd., Zhongshan Dist., Taipei City 10487, Taiwan (R.O.C.)","曾O芳","02-27173645","02-27127544","有","有"
"14074404","19820406","20210813","宮氏企業有限公司","Y.M.K. INTERNATIONAL CO., LTD.","臺北市內湖區成功路4段28號8樓","8 F., No. 28, Sec. 4, Chenggong Rd., Neihu Dist., Taipei City 11457, Taiwan (R.O.C.)","宮O華","02-27961842","02-27906001","有","有"
"14074869","19980604","20230510","國永投資股份有限公司","PUCKA INVESTMENT CO., LTD.","臺北市大安區信義路4段184號11樓","11 F., No. 184, Sec. 4, Xinyi Rd., Da’an Dist., Taipei City 10681, Taiwan (R.O.C.)","陳OO","02-2700-1167","02-2702-7062","有","有"
"14074946","19761102","20210812","翔達企業股份有限公司","THE GIANT ENGINEERING & TRADING CO., LTD.","新北市中和區連城路268號18樓之6","18F.-6, No. 268, Liancheng Rd., Zhonghe Dist., New Taipei City 23553, Taiwan (R.O.C.)","顧O德","02-82273899","02-82273799","有","有"
"14074951","19780413","20241206","聯侖企業有限公司","TAIWAN LUXURIANCE CORP.","新北市三重區興華街125號12樓","12 F., No. 125, Xinghua St., Sanchong Dist., New Taipei City 24161, Taiwan (R.O.C.)","","02-29856655","02-29833930","無","無"
"14075059","19800211","20210812","鴻蒼實業有限公司","C.Y.HANK INDUSTRIAL COMPANY LIMITED","臺北市中山區新生北路2段31之1號10樓之1","10F.-1, No. 31-1, Sec. 2, Xinsheng N. Rd., Zhongshan Dist., Taipei City 10458, Taiwan (R.O.C.)","吳O儀","02-25318190","02-25715571","有","有"
"14075190","20231004","20231004","國正投資企業股份有限公司","KC capital CO., LTD.","臺北市松山區敦化北路4巷25弄1號","No. 1, Aly. 25, Ln. 4, Dunhua N. Rd., Songshan Dist., Taipei City 105039, Taiwan (R.O.C.)","謝O傑","02-25069314","","有","有"
"14075234","19780823","20210812","泰棟企業股份有限公司","TAIDON CORPORATION","臺北市中山區農安街210號11樓","11 F., No. 210, Nong’an St., Zhongshan Dist., Taipei City 10482, Taiwan (R.O.C.)","林O美","02-25031414","","有","有"
"14075380","19890321","20240919","藝明實業有限公司","ART BRIGHT INDUSTRY CO., LTD.","臺北市內湖區新明路548巷2弄2號1樓","1 F., No. 2, Aly. 2, Ln. 548, Xinming Rd., Neihu Dist., Taipei City 11466, Taiwan (R.O.C.)","","02-26425800","","無","無"
"14075451","19780828","20241112","亨爵企業有限公司","HENG JACK ENTERPRISE CO., LTD.","","","","02-25034822","","無","無"
"14075810","19870513","20221214","勝忠國際物流有限公司","RISE SUN FORWARDING CO., LTD.","臺北市大安區新生南路1段121號5樓","5 F., No. 121, Sec. 1, Xinsheng S. Rd., Da’an Dist., Taipei City 106087, Taiwan (R.O.C.)","黃O東","25224875","27315668","有","有"
"14075924","19780216","20210813","亞明投資有限公司","DESIGNED SPORTS IMAGE CORP.","臺北市大安區忠孝東路4段223巷5號5樓","5 F., No. 5, Ln. 223, Sec. 4, Zhongxiao E. Rd., Da’an Dist., Taipei City 10690, Taiwan (R.O.C.)","張O義","02-27786790","02-27417026","有","有"
"14076000","19800912","20221212","東幸企業有限公司","ORIENTAL LUCK ENTERPRISE CO., LTD.","臺北市中山區中山北路1段135巷18號3樓","3 F., No. 18, Ln. 135, Sec. 1, Zhongshan N. Rd., Zhongshan Dist., Taipei City 104004, Taiwan (R.O.C.)","陳O玟","02-25510489","","無","無"
"14076058","19770924","20221228","穗曄實業股份有限公司","PRIOR COMPANY LTD.","臺北市中山區建國北路2段66號6樓","6 F., No. 66, Sec. 2, Jianguo N. Rd., Zhongshan Dist., Taipei City 104075, Taiwan (R.O.C.)","吳O鐘","02-25018480","02-25010373","有","有"
"14076141","20000117","20210815","太田藥品股份有限公司","OHTA'S PHARMACEUTICAL CO., LTD.","高雄市三民區建國一路496號1、2樓","2 F., No. 496, Jianguo 1st Rd., Sanmin Dist., Kaohsiung City 80760, Taiwan (R.O.C.)","洪O平","07-2229902","","有","有"
"14076923","19940520","20210816","世恒企業有限公司","JIMTEX INC.","臺北市中山區建國北路2段92號11樓","11 F., No. 92, Sec. 2, Jianguo N. Rd., Zhongshan Dist., Taipei City 10479, Taiwan (R.O.C.)","林O朗","02-25971066","","有","有"
"14077079","19820918","20210813","向達企業股份有限公司","SANDAK NATIONAL CO., LTD.","臺北市信義區忠孝東路5段508號19樓之1","19F.-1, No. 508, Sec. 5, Zhongxiao E. Rd., Xinyi Dist., Taipei City 11083, Taiwan (R.O.C.)","張O森","02-27595858","02-27271216","有","有"
"14077373","19780825","20210814","辰博國際有限公司","AMELIA INTERNATIONAL CO., LTD.","臺北市中山區長安東路2段65號5樓","5 F., No. 65, Sec. 2, Chang’an E. Rd., Zhongshan Dist., Taipei City 10455, Taiwan (R.O.C.)","李O美","02-25162143","02-25079460","無","無"
"14077388","19790613","20210812","培泰股份有限公司","K. WELTALL CORPORATION","臺北市內湖區瑞光路358巷38弄36號3樓之2","3F.-2, No. 36, Aly. 38, Ln. 358, Ruiguang Rd., Neihu Dist., Taipei City 11492, Taiwan (R.O.C.)","劉O憲","(02)2659 6367","(02)2659 6366","有","有"
"14078020","20011023","20230504","日興礦業股份有限公司","ZHI HING MINING CO., LTD.","雲林縣古坑鄉永昌村光昌路166號一樓","1F., No. 166, Guangchang Rd., Yongchang Vil., Gukeng Township,  Yunlin County 646008, Taiwan (R.O.C.)","張O素","28287685","28215090","無","無"
"14078083","19971124","20210812","東和藝品有限公司","TO WA HANDICRAFTS & JEWELRY TRADING CO., LTD.","臺北市中山區民生東路2段77號","No. 77, Sec. 2, Minsheng E. Rd., Zhongshan Dist., Taipei City 10467, Taiwan (R.O.C.)","曾O雄","02-25435295","02-25435332","有","有"
"14078176","19830803","20210815","志沛企業有限公司","LUXE PRINTING CO., LTD.","臺北市中山區天祥路45號2樓","2 F., No. 45, Tianxiang Rd., Zhongshan Dist., Taipei City 10449, Taiwan (R.O.C.)","李O英","02-25818329","02-25639276","有","有"
"14078268","20021204","20240111","晃美有限公司","HWANG-MEI CO., LTD.","桃園市中壢區振興里9鄰龍岡路三段124巷45弄9號","No. 9, Aly. 45, Ln. 124, Sec. 3, Longgang Rd., 9th Neighborhood, Zhenxing Vil., Zhongli Dist., Taoyuan City 320056, Taiwan (R.O.C.)","彭O鳳","02-2960-1418","02-2966-3984","有","有"
"14078400","19881028","20230224","谷記企業股份有限公司","KU CHI ENTERPRISE LIMITED","新北市永和區永貞路228號6樓","6 F., No. 228, Yongzhen Rd., Yonghe Dist., New Taipei City 234015, Taiwan (R.O.C.)","徐O斌","02-29291166","02-89232102","有","有"
"14078416","19781114","20210813","恆振企業有限公司","MAX-ALLIED CO.,  LTD.","臺北市信義區永吉路302號4樓之2","4F.-2, No. 302, Yongji Rd., Xinyi Dist., Taipei City 11068, Taiwan (R.O.C.)","徐O助","02-27495811","","有","有"
"14078491","19870515","20210813","麗翔實業有限公司","D-SHIANG INDUSTRIAL CO., LTD.","臺北市大安區仁愛路4段27巷10號7樓","7 F., No. 10, Ln. 27, Sec. 4, Ren’ai Rd., Da’an Dist., Taipei City 10685, Taiwan (R.O.C.)","吳O雄","02-2771-3460","02-2731-2571","無","無"
"14078915","19880711","20210814","上友工業股份有限公司","SEPIA PRODUCTS INC.","桃園市龜山區東萬壽路627號3樓","3 F., No. 627, Dongwanshou Rd., Guishan Dist., Taoyuan City 33355, Taiwan (R.O.C.)","林O一","02-29717779","02-29850118","有","有"
"14078921","19831004","20210814","偉允閥業股份有限公司","WYECO AUTO VALVES  CO., LTD.","臺北市中山區建國北路3段98號4樓","4 F., No. 98, Sec. 3, Jianguo N. Rd., Zhongshan Dist., Taipei City 10482, Taiwan (R.O.C.)","巫O蘭","02-25025166","02-25012863","有","有"
"14079132","19970519","20210812","松藝企業有限公司","SOONG YI ENTERPRISE CO., LTD.","臺北市中山區吉林路303號1樓","1 F., No. 303, Jilin Rd., Zhongshan Dist., Taipei City 10468, Taiwan (R.O.C.)","程O助","02-28834576","02-28835796","有","有"
"14079288","19790214","20210813","家豐股份有限公司","JOY FRIEND CO., LTD.","臺北市中山區民族東路2號6樓之4","6F.-4, No. 2, Minzu E. Rd., Zhongshan Dist., Taipei City 10461, Taiwan (R.O.C.)","吳O春","02-25927280","","有","有"
"14079294","20230915","20230915","鈺鋒管理顧問有限公司","UF management consulting CO.","宜蘭縣羅東鎮賢文里公正路315號","No. 315, Gongzheng Rd., Xianwen Vil., Luodong Township, Yilan County 265002, Taiwan (R.O.C.)","王O雅","0937504804","","有","有"
"14079409","19781208","20241016","川聖貿易股份有限公司","TRADSHINE COMPANY LTD.","臺北市內湖區新湖二路158號5樓","5 F., No. 158, Xinhu 2nd Rd., Neihu Dist., Taipei City 114065, Taiwan (R.O.C.)","楊O宏","02-27935288","02-87912127","有","有"
"14079610","19790712","20230111","先統投資股份有限公司","GIC GLOBAL INC.","臺北市中山區中山北路2段112號6樓之4","6 F.-4, No. 112, Sec. 2, Zhongshan N. Rd., Zhongshan Dist., Taipei City 104418, Taiwan (R.O.C.)","吳O蒼","02-25619636","02-25366216","有","有"
"14079766","19790116","20210814","伸忠企業有限公司","BUILTRADE ENTERPRISE CORP.","臺北市中山區長春路442號5樓之8","5F.-8, No. 442, Changchun Rd., Zhongshan Dist., Taipei City 104, Taiwan (R.O.C.)","王O雄","02-27129629","02-27123885","有","有"
"14079772","19890306","20250513","合禮企業股份有限公司","JOINT FAIR ENTERPRISE CO., LTD.","臺北市松山區南京東路3段248號13樓之2","13F.-2, No. 248, Sec. 3, Nanjing E. Rd., Songshan Dist., Taipei City 10595, Taiwan (R.O.C.)","曾O齊","02-27752922","02-27751785","有","有"
"14080855","20111004","20210812","億成有限公司","YI CHENG SALES CO., LTD.","臺北市中山區松江路42號12樓之5","12F.-5, No. 42, Songjiang Rd., Zhongshan Dist., Taipei City 10455, Taiwan (R.O.C.)","張O瑛","02-25366107","02-25364739","有","有"
"14081643","19790906","20230616","黎暉實業股份有限公司","STANTEX CORPORATION","臺北市大安區仁愛路4段308號7樓","7 F., No. 308, Sec. 4, Ren’ai Rd., Da’an Dist., Taipei City 106065, Taiwan (R.O.C.)","林O勳","02-2707-0323","02-2702-1317","有","有"
"14081931","19791224","20210812","星昶企業有限公司","TWINKLE STAR LTD.","臺北市大安區通化街200巷31號6樓之2","6F.-2, No. 31, Ln. 200, Tonghua St., Da’an Dist., Taipei City 10678, Taiwan (R.O.C.)","劉O慈","02-27062819","","有","有"
"14082185","19950428","20210813","晁昇企業有限公司","JOUN SON ENTERPRISE CO., LTD.","新北市樹林區樹新路45號","No. 45, Shuxin Rd., Shulin Dist., New Taipei City 23847, Taiwan (R.O.C.)","趙O鈞","02-26823254","","有","有"
"14082397","19810828","20250521","長山化學有限公司","GREMONT CHEMICAL COMPANY LIMITED","新北市永和區福和路273號2樓","2 F., No. 273, Fuhe Rd., Yonghe Dist., New Taipei City 23450, Taiwan (R.O.C.)","楊O雲","22312360","22312423","有","有"
"14082729","20111117","20250507","盧創興有限公司","LU CHUANG SHING CO., LTD.","臺北市中山區吉林路447巷3號1樓","1 F., No. 3, Ln. 447, Jilin Rd., Zhongshan Dist., Taipei City 104055, Taiwan (R.O.C.)","盧O堯","02-22863124","02-22863124","有","有"
"14082903","19940929","20230401","好麥企業有限公司","MINEMY ENTERPRISE INC.","臺北市大安區大安路2段160巷6號3樓","3 F., No. 6, Ln. 160, Sec. 2, Da’an Rd., Da’an Dist., Taipei City 106098, Taiwan (R.O.C.)","","02-27092571","","無","無"
"14082967","19860827","20231215","治林企業有限公司","YI LIN ENTERPRISE CO., LTD.","新北市新莊區中正路544之27號","No. 544-27, Zhongzheng Rd., Xinzhuang Dist., New Taipei City 242048, Taiwan (R.O.C.)","沈O節","02-2511-4606","","有","有"
"14083298","19780926","20210815","豪麟企業有限公司","HAUR LING ENTERPRISE CO., LTD.","臺北市中山區民生東路1段70號6樓","6 F., No. 70, Sec. 1, Minsheng E. Rd., Zhongshan Dist., Taipei City 10446, Taiwan (R.O.C.)","黃O成","02-25620501","","有","有"
"14083305","19780808","20230106","益記實業股份有限公司","TAIWAN LINCO CO., LTD.","臺北市中山區中山北路1段11號10樓之1","10 F.-1, No. 11, Sec. 1, Zhongshan N. Rd., Zhongshan Dist., Taipei City 104405, Taiwan (R.O.C.)","林O玉嬌","02-25517906","02-25630522","有","有"
"14083558","19731212","20210814","中榮貿易股份有限公司","CHUNG YUNG TRADING CO., LTD.","新北市三重區福隆路5號2樓","2 F., No. 5, Fulong Rd., Sanchong Dist., New Taipei City 24155, Taiwan (R.O.C.)","詹O安","02-8287-6569","02-2287-8005","有","有"
"14083754","19781003","20240730","敦有實業有限公司","TENYO INDUSTRIES CO., LTD.","新北市三重區光復路1段30巷16號","No. 16, Ln. 30, Sec. 1, Guangfu Rd., Sanchong Dist., New Taipei City 241019, Taiwan (R.O.C.)","李O青","02-27528337-9","","有","有"
"14084254","19780410","20210815","誠華電器股份有限公司","CHANE HWA ELECTRICAL CO., LTD.","臺北市中山區松江路67號8樓","8 F., No. 67, Songjiang Rd., Zhongshan Dist., Taipei City 10455, Taiwan (R.O.C.)","王O琪","02-25065174","02-25070547","有","有"
"14084579","19791008","20210814","繼業企業股份有限公司","C&C ASSOCIATES,INC","臺北市北投區大業路164號11樓","11 F., No. 164, Daye Rd., Beitou Dist., Taipei City 11268, Taiwan (R.O.C.)","邱O興","02-28972742","02-25413822","有","有"
"14085009","19780418","20210815","瑞誠車業股份有限公司","SWECHEN CYCLE INDUSTRIAL CO., LTD.","臺北市士林區中山北路7段207巷2號1樓","1 F., No. 2, Ln. 207, Sec. 7, Zhongshan N. Rd., Shilin Dist., Taipei City 11151, Taiwan (R.O.C.)","陳O峰","02-28751010","02-28751015","有","有"
"14085177","19931005","20250423","兆盈工程股份有限公司","JOIN ENGINEERING CORPORATION","臺北市中正區襄陽路39號3樓","3 F., No. 39, Xiangyang Rd., Zhongzheng Dist., Taipei City 100004, Taiwan (R.O.C.)","馮O墩","02-26558188","02-26557668","有","有"
"14085253","19760921","20230218","通富工業股份有限公司","PAN-FORTUNE INDUSTRIAL CORPORATION","新北市淡水區自立路15巷11號1樓","1 F., No. 11, Ln. 15, Zili Rd., Tamsui Dist., New Taipei City 251622, Taiwan (R.O.C.)","黃O鷹","02-26242395","","有","有"
"14085303","19781106","20231017","台灣全力實業股份有限公司","TAIWAN-CHENLEAD INDUSTRY CO., LTD.","新北市新店區寶橋路235巷16弄3號3樓","3 F., No. 3, Aly. 16, Ln. 235, Baoqiao Rd., Xindian Dist., New Taipei City 231028, Taiwan (R.O.C.)","羅O銘","02-27390566","","有","有"
"14085325","19900207","20230916","曄霖實業有限公司","D.X. ANSER CO., LTD.","臺北市中山區吉林路343巷23號1樓","1 F., No. 23, Ln. 343, Jilin Rd., Zhongshan Dist., Taipei City 10468, Taiwan (R.O.C.)","","02-25929797","","無","無"
"14085628","19790125","20211230","明盟實業有限公司","MING MONG ENTERPRISE CO., LTD.","臺北市信義區基隆路1段143號3樓之3","3F.-3, No. 143, Sec. 1, Keelung Rd., Xinyi Dist., Taipei City 11070, Taiwan (R.O.C.)","郭O榮","02-27078127","","有","有"
"14085704","19780828","20240104","人隆有限公司","ZENLOON INDUSTRIAL CO., LTD.","新北市新莊區復興路3段56號3樓","3 F., No. 56, Sec. 3, Fuxing Rd., Xinzhuang Dist., New Taipei City 242035, Taiwan (R.O.C.)","楊O宇","02-29948083","","有","有"
"14086210","19791001","20210812","毅成企業有限公司","CHU'S & SONS ENTERPRISES CO., LTD.","臺北市松山區南京東路5段336號10樓","10 F., No. 336, Sec. 5, Nanjing E. Rd., Songshan Dist., Taipei City 10569, Taiwan (R.O.C.)","曾O鑾","02-27534089-90","02-27648049","無","無"
"14086443","19950614","20210814","蘭國股份有限公司","LAN KUO CO., LTD.","桃園市龜山區大華里頂湖二街14號（1樓）","1 F., No. 14, Dinghu 2nd St., Dahua Vil., Guishan Dist., Taoyuan City 33378, Taiwan (R.O.C.)","楊O發","03-3285397","03-3284166","有","有"
"14086963","19780914","20210813","港安企業有限公司","KONG AN ENTERPRISE CO., LTD.","臺北市中山區復興南路1段36號3樓","3 F., No. 36, Sec. 1, Fuxing S. Rd., Zhongshan Dist., Taipei City 10492, Taiwan (R.O.C.)","饒O龍","2773-6858","2711-7763","有","有"
"14087061","19961128","20210814","生向發企業股份有限公司","KONCEPT ENTERPRISES CO., LTD.","臺北市大安區大安路1段157巷1號5樓","5 F., No. 1, Ln. 157, Sec. 1, Da’an Rd., Da’an Dist., Taipei City 10691, Taiwan (R.O.C.)","江O川","02-27040321","","有","有"
"14087647","19790420","20210813","展洋企業有限公司","STARBEST ENTERPRISE CO., LTD.","臺北市大安區信義路2段15號6樓之2","6F.-2, No. 15, Sec. 2, Xinyi Rd., Da’an Dist., Taipei City 106, Taiwan (R.O.C.)","梁O美霞","02-23216700","","有","有"
"14087702","20000807","20210812","曄信企業有限公司","IE-SIN ENTERPRISE CO., LTD.","臺北市中山區吉林路461巷31號1樓","1 F., No. 31, Ln. 461, Jilin Rd., Zhongshan Dist., Taipei City 10471, Taiwan (R.O.C.)","蔡O芳","25916537","","有","有"
"14087837","20020930","20210815","璉成機械有限公司","LIAN CHERNG MACHINERY CO, LTD.","新北市蘆洲區永安南路1段142巷68號之1","No. 68-1, Ln. 142, Sec. 1, Yong’an S. Rd., Luzhou Dist., New Taipei City 24766, Taiwan (R.O.C.)","褚O盛","02-22853500","02-22887103","有","有"
"14087858","19861111","20210812","誠力國際企業有限公司","TRIED POWER INTERNATIONAL INC.","臺北市中山區龍江路397巷14號1樓","1 F., No. 14, Ln. 397, Longjiang Rd., Zhongshan Dist., Taipei City 10475, Taiwan (R.O.C.)","賴O昭萍","02-25022336","","有","有"
"14088049","19930413","20210814","全印股份有限公司","EASY REACH INTERNATIONAL INC.","臺北市中正區福州街52號2樓","2 F., No. 52, Fuzhou St., Zhongzheng Dist., Taipei City 10077, Taiwan (R.O.C.)","張O仁","02-23016895","02-23032686","有","有"
"14088673","19770311","20210813","唯佳有限公司","WILLGIBB (TAIWAN) LTD.","新北市汐止區中興路183巷1號5樓","5 F., No. 1, Ln. 183, Zhongxing Rd., Xizhi Dist., New Taipei City 22158, Taiwan (R.O.C.)","劉OO","02-26947699","02-26947057","有","有"
"14088929","19820804","20241203","又寧有限公司","Fannteer Global Limited","臺北市內湖區洲子街77號2樓","2 F., No. 77, Zhouzi St., Neihu Dist., Taipei City 114680, Taiwan (R.O.C.)","范O浩","02-27986583","02-27986276","有","有"
"14088940","19780825","20210812","奇元有限公司","ARTHUR WANG COMPANY","臺北市中山區中山北路2段115巷21號1樓","1 F., No. 21, Ln. 115, Sec. 2, Zhongshan N. Rd., Zhongshan Dist., Taipei City 10448, Taiwan (R.O.C.)","王O熊","02-25371927","02-25221798","有","有"
"14089238","19790105","20221022","歐展貿易有限公司","GELINGH TRADING LTD.","臺北市松山區敦化北路307號6樓之1","6 F.-1, No. 307, Dunhua N. Rd., Songshan Dist., Taipei City 105401, Taiwan (R.O.C.)","余O湘","02-27150372","02-27126938","有","有"
"14089292","19990130","20230518","鵬達實業有限公司","PENG DAR INDUSTRIAL CO., LTD.","新竹市香山區南隘里南隘路一段116號","No. 116, Sec. 1,  Nan'ai Rd., Nan'ai Vil., Xiangshan Dist.,  Hsinchu City 300, Taiwan (R.O.C.)","陳O華","02-28125884-5","02-28128816","有","有"
"14089976","19800306","20230614","美吾華股份有限公司","MAYWUFA COMPANY LTD.","臺北市松山區復興北路167號5樓","5 F., No. 167, Fuxing N. Rd., Songshan Dist., Taipei City 105403, Taiwan (R.O.C.)","李O家","02-27136621","02-27152181","有","有"
"14090002","19781226","20210815","時勝有限公司","LINCA CO., LTD.","新北市新店區北宜路1段8之1號15樓","15 F., No. 8-1, Sec. 1, Beiyi Rd., Xindian Dist., New Taipei City 23152, Taiwan (R.O.C.)","陳O明","02-23917712","","有","有"
"14090018","19770823","20230108","欣聲有限公司","NEW COMER INDUSTRIAL CO., LTD.","臺北市松山區南京東路4段143號11樓","11 F., No. 143, Sec. 4, Nanjing E. Rd., Songshan Dist., Taipei City 105024, Taiwan (R.O.C.)","","02-2715-4056","2712-0659","無","無"
"14090397","19950321","20230522","美宜有限公司","ARTISTIC CO., LTD.","臺北市中山區樂群二路93號5樓之3","5 F.-3, No. 93, Lequn 2nd Rd., Zhongshan Dist., Taipei City 104052, Taiwan (R.O.C.)","吳O真","02-23783781-3","02-23776646","無","無"
"14090474","19781206","20240507","昇燦實業有限公司","PEKO INCORPORATION","臺北市大安區信義路4段189號10樓","10 F., No. 189, Sec. 4, Xinyi Rd., Da’an Dist., Taipei City 10681, Taiwan (R.O.C.)","","02-27014101","","無","無"
"14090663","19940826","20210814","昇美實業有限公司","SHEN MEI INDUSTRIAL CO., LTD.","新北市土城區延吉街39巷7號1樓","1 F., No. 7, Ln. 39, Yanji St., Tucheng Dist., New Taipei City 23641, Taiwan (R.O.C.)","許O清","02-22659283","","有","有"
"14090761","19891125","20210814","台灣三信電氣股份有限公司","TAIWAN SANSHIN ELECTRONICS CO., LTD.","臺北市中山區南京東路3段77號12樓","12 F., No. 77, Sec. 3, Nanjing E. Rd., Zhongshan Dist., Taipei City 10487, Taiwan (R.O.C.)","深O成功","02-25428945","02-25429715","有","有"
"14090919","19780717","20230223","上慶貿易股份有限公司","UPKING INTERNATIONAL CO., LTD.","臺北市松山區南京東路4段186號6樓之1","6 F.-1, No. 186, Sec. 4, Nanjing E. Rd., Songshan Dist., Taipei City 105407, Taiwan (R.O.C.)","黃O治","02-27212611(2)","","有","有"
"14090925","19800703","20230330","豐園實業股份有限公司","GREENLAWN GARDEN PRODUCTS CO.","臺北市南港區成功路1段32號7樓之7","7 F.-7, No. 32, Sec. 1, Chenggong Rd., Nangang Dist., Taipei City 115020, Taiwan (R.O.C.)","周O榕","02-26536600","02-26512277","有","有"
"14091071","19920626","20210815","龍谷觀光事業股份有限公司","DRAGON VALLEY TOURISM CO., LTD.","臺中市和平區博愛里東關路一段138號","No. 138, Sec. 1, Dongguan Rd., Bo’ai Vil., Heping Dist., Taichung City 42444, Taiwan (R.O.C.)","張O權","04-25951325","04-25951226","有","有"
"14091570","19780224","20210814","恩蒂企業有限公司","A.M.D. TRADING CO., LTD.","臺北市中山區南京東路2段20號9樓","9 F., No. 20, Sec. 2, Nanjing E. Rd., Zhongshan Dist., Taipei City 10457, Taiwan (R.O.C.)","龔O雄","02-27080385","02-27090881","有","有"
"14091781","19961018","20210813","恆成實業股份有限公司","ATUBS CO., LTD.","桃園市桃園區敬三街26號4樓","4 F., No. 26, Jing 3rd St., Taoyuan Dist., Taoyuan City 33072, Taiwan (R.O.C.)","呂O琛","03-3811662","","有","有"
"14092233","19760529","20210812","謙欣貿易股份有限公司","DAY BREAK TRADING CO., LTD.","新北市新店區寶中路45號11樓","11 F., No. 45, Baozhong Rd., Xindian Dist., New Taipei City 23144, Taiwan (R.O.C.)","劉O慧美","02-29155930","02-29155932","有","有"
"14093036","19810615","20210812","商合行股份有限公司","SAHO CORPORATION","臺北市中山區松江路220號4樓之2","4F.-2, No. 220, Songjiang Rd., Zhongshan Dist., Taipei City 10467, Taiwan (R.O.C.)","楊O靜","02-25238666","02-25817222","有","有"
"14093057","19790720","20210812","展宇興業股份有限公司","EXTENIX CORPORATION","新北市汐止區新台五路1段106號21樓","21 F., No. 106, Sec. 1, Xintai 5th Rd., Xizhi Dist., New Taipei City 22102, Taiwan (R.O.C.)","何O明","02-26968648","02-26968647","有","有"
"14093161","19780920","20210815","晉鼎股份有限公司","G-TEAM CO., LTD.","臺北市中山區吉林路12號之3、3樓","3 F., No. 12-3, Jilin Rd., Zhongshan Dist., Taipei City 10457, Taiwan (R.O.C.)","黃O慧","02-25219935","","有","有"
"14093704","19831207","20230330","巨靈霸科技股份有限公司","CHEERING PACK TECHNOLOGY CO., LTD.","新北市土城區永豐路203之1號","No. 203-1, Yongfeng Rd., Tucheng Dist., New Taipei City 236004, Taiwan (R.O.C.)","林O傑","03-9908708","03-9908709","有","有"
"14093802","19760223","20221202","嘉儀企業股份有限公司","K.E. & KINGSTONE CO., LTD.","臺北市中山區建國北路2段120號6樓","6 F., No. 120, Sec. 2, Jianguo N. Rd., Zhongshan Dist., Taipei City 104471, Taiwan (R.O.C.)","黃O聰","02-25027256","02-25023077","有","有"
"14094154","19890906","20210815","凱林彩印股份有限公司","K-LIN COLOR PRINTING CO., LTD.","臺北市內湖區安康路106巷59號1樓","1 F., No. 59, Ln. 106, Ankang Rd., Neihu Dist., Taipei City 11484, Taiwan (R.O.C.)","蔡O賢","02-2796-3576","02-2794-5797","有","有"
"14094274","19810721","20210814","奇樂股份有限公司","KEYLUCK INDUSTRIAL CORPORATION","臺北市南港區重陽路263巷8號4樓","4 F., No. 8, Ln. 263, Chongyang Rd., Nangang Dist., Taipei City 11573, Taiwan (R.O.C.)","劉O淵","02-27830517","02-27862255","有","有"
"14094387","19850926","20210814","京泰產業有限公司","KYOTAI ENTERPRISE CO., LTD.","臺北市中山區松江路200號9樓之2","9F.-2, No. 200, Songjiang Rd., Zhongshan Dist., Taipei City 10467, Taiwan (R.O.C.)","高O美","02-25510151","","有","有"
"14094669","19800227","20230427","六鉅國際股份有限公司","MASSOUD & BROS. CO., LTD.","臺北市內湖區洲子街60號7樓","7 F., No. 60, Zhouzi St., Neihu Dist., Taipei City 114064, Taiwan (R.O.C.)","馬O德(ANTONEI.J.MASSOUD)","02-26562688","02-26562668","有","有"
"14094921","19791101","20210814","坤翔企業有限公司","HITMARK INTERNATIONAL CO., LTD.","臺北市中山區南京東路3段91號9樓","9 F., No. 91, Sec. 3, Nanjing E. Rd., Zhongshan Dist., Taipei City 10487, Taiwan (R.O.C.)","楊O錢","02-25062124","","有","有"
"14095463","20070302","20210812","華巨實業股份有限公司","HWAGIX INDUSTRIAL CO., LTD.","臺北市中山區建國北路2段94號10樓","10 F., No. 94, Sec. 2, Jianguo N. Rd., Zhongshan Dist., Taipei City 10479, Taiwan (R.O.C.)","耿O生","02-25050506","02-25050187","有","有"
"14095581","19780502","20210812","龍神企業有限公司","LONG SHERN ENTERPRISE CO., LTD.","臺北市中山區新生北路2段31之1號9樓","9 F., No. 31-1, Sec. 2, Xinsheng N. Rd., Zhongshan Dist., Taipei City 10458, Taiwan (R.O.C.)","陳O娥","02-25311454","","有","有"
"14095962","19851018","20210814","明利照明工程傳播股份有限公司","MING LI LIGHTING ENGINEERING & BROADCAST CO., LTD.","臺北市中山區林森北路342號1樓","1 F., No. 342, Linsen N. Rd., Zhongshan Dist., Taipei City 10450, Taiwan (R.O.C.)","吳O妹","25314012","25113260","有","有"
"14096499","19780816","20230113","辰力國際股份有限公司","GREAT D.I. CORP.","臺中市豐原區源豐路334巷2號","No. 2, Ln. 334, Yuanfeng Rd., Fengyuan Dist., Taichung City 420079, Taiwan (R.O.C.)","陳O德","02-27220871","02-27220873","無","無"
"14096821","19790625","20230513","北豪企業有限公司","RAINPAL MERCHANDISE LTD.","新北市汐止區秀山路53巷23弄12號3樓","3 F., No. 12, Aly. 23, Ln. 53, Xiushan Rd., Xizhi Dist., New Taipei City 221038, Taiwan (R.O.C.)","洪O榮","02-26912777","02-26912727","有","有"
"14097103","19801007","20210812","麥倫實業有限公司","CAP WORLD CO., LTD.","臺北市大安區基隆路2段164號4樓之4","4F.-4, No. 164, Sec. 2, Keelung Rd., Da’an Dist., Taipei City 10675, Taiwan (R.O.C.)","丁O禎","02-27011415","02-27011412","有","有"
"14097841","19930512","20240627","基榮實業有限公司","KEE RONG INDUSTRY CO., LTD.","新北市淡水區新市五路3段250號11樓","11 F., No. 250, Sec. 3, Xinshi 5th Rd., Tamsui Dist., New Taipei City 251661, Taiwan (R.O.C.)","江O祿","02-27511350","","有","有"
"14097878","19780310","20250114","泰福家具企業股份有限公司","TAI FU FURNITURE MANUFACTURE CORP.","臺北市大同區承德路1段77巷10號4樓","4 F., No. 10, Ln. 77, Sec. 1, Chengde Rd., Datong Dist., Taipei City 10351, Taiwan (R.O.C.)","","02-27362194","","無","無"
"14098588","19940429","20221008","高惠企業有限公司","PLEBES ENTERPRISE CO., LTD.","新北市蘆洲區和平路41號","No. 41, Heping Rd., Luzhou Dist., New Taipei City 247027, Taiwan (R.O.C.)","高O卿","02-22819096","02-22810170","無","無"
"14098692","19781128","20241123","御軒堂企業股份有限公司","HOLY HOUSE ENTERPRISE CO., LTD.","臺北市中山區民權東路2段29號5樓","5 F., No. 29, Sec. 2, Minquan E. Rd., Zhongshan Dist., Taipei City 10470, Taiwan (R.O.C.)","黃O雄","02-25922558","","有","有"
"14099236","19800827","20210812","旭龍有限公司","MARLBORO-DIXON, INC.","臺北市中山區合江街100巷13號1樓","1 F., No. 13, Ln. 100, Hejiang St., Zhongshan Dist., Taipei City 10478, Taiwan (R.O.C.)","陳O娘","02-25028371","","有","有"
"14099453","19830302","20210814","陽新工業有限公司","YANN HSING INDUSTRIAL CORPORATION","臺北市松山區民權東路3段178號8樓","8 F., No. 178, Sec. 3, Minquan E. Rd., Songshan Dist., Taipei City 10542, Taiwan (R.O.C.)","黃O宏","0925310168","","有","有"
"14099518","19790303","20210814","理想發展企業股份有限公司","IDEAL TELEPHONE COMM. CO., LTD.","桃園市蘆竹區南榮里2鄰新南路一段305巷5弄1之2號","No. 1-2, Aly. 5, Ln. 305, Sec. 1, Xinnan Rd., 2nd Neighborhood, Nanrong Vil., Luzhu Dist., Taoyuan City 33845, Taiwan (R.O.C.)","林O謙","03-3121785","03-3121735","有","有"
"14099783","19880322","20210814","日盛燙金機械有限公司","NEILSON HOT STAMPER MACHINERY CO., LTD.","臺北市內湖區民權東路6段123巷28號5樓之6","5F.-6, No. 28, Ln. 123, Sec. 6, Minquan E. Rd., Neihu Dist., Taipei City 11490, Taiwan (R.O.C.)","洪O鎧","02-87922351","02-87922317","有","有"
"14099968","19781219","20221103","方純貿易股份有限公司","FAN SHUN ENTERPRISE CO., LTD.","臺北市中山區敬業一路97號4樓","4 F., No. 97, Jingye 1st Rd., Zhongshan Dist., Taipei City 104451, Taiwan (R.O.C.)","張O明","02-85026070","02-25620232","有","有"
"14101850","19890729","20200714","財團法人台灣商品檢測驗證中心","Taiwan Testing and Certification Center","桃園市龜山區樂善里文明路２９巷８號","NO.8, LANE 29, WEN-MING RD., GUISHAN DIST., TAOYUAN CITY 333, TAIWAN (R.O.C.)","劉O昭","03-3280026","03-3280034","有","有"
"14103034","20111018","20111018","財團法人立青文教基金會","THE LI CHING CULTURAL AND EDUCATIONAL FOUNDATION","臺北市內湖區堤頂大道二段２０１號３樓","3F., NO. 201, TIDING AVENUE, SECTION 2, NEIHU DISTRICT, TAIPEI, TAIWAN (R.O.C.)","衣O凡","02-8797-1660","02-2658-5505","有","有"
"14104929","19850913","20230406","台灣火星塞工業股份有限公司","TAIWAN Niterra Co., Ltd.","臺北市松山區敦化北路102號3樓","3 F., No. 102, Dunhua N. Rd., Songshan Dist., Taipei City 105405, Taiwan (R.O.C.)","松O秀樹","02-27176750","02-27173330","有","有"
"14150900","20111007","20221208","聯展企業行","LIAN JHAN ENTERPRISE HANG","雲林縣麥寮鄉崙後村沙崙後路８-３０號1樓","1 F., No. 8-30, Shalunhou, Mailiao Township, Yunlin County 638101, Taiwan (R.O.C.)","陳O朱","05-6931458","05-6938458","有","有"
"14151703","20100108","20210811","木子電動工具行","MU TZU POWER TOOL COMPANY","雲林縣二崙鄉永定村永定路550號1樓","1 F., No. 550, Yongding Rd., Erlun Township, Yunlin County 64946, Taiwan (R.O.C.)","李O諭","05-5983417","","有","有"
"14153619","20230320","20230320","雲林連合吉普商行","Taiwan Yunlin Lian He Store","雲林縣麥寮鄉雷厝村雷厝路六九號","No. 69, Leicuo, Mailiao Township, Yunlin County 638103, Taiwan (R.O.C.)","雷O達","0931501481","","有","有"
"14155004","20020930","20020930","長宏蔬果企業有限公司","JANG HUNG WA FRUITS CO., LTD.","雲林縣虎尾鎮埒內里５６號１樓","1F, NO.56,  LO-NEI LI, HU-WEI TOWN, YUNLIN, TAIWAN, R.O.C.","王O仁","04-769-2386","02-769-0968","有","有"
"14155356","20230503","20230503","聯興企業社","Lianxingcan COMPANY","雲林縣古坑鄉東和村25鄰石坑26之6號","No. 26-6, Shikeng, 25th Neighborhood, Gukeng Township, Yunlin County 646003, Taiwan (R.O.C.)","賴O彬","05-5266056","","有","有"
"14156019","20171205","20210811","三亞企業社","SANYA ENTERPRISE CO.","雲林縣元長鄉潭東村興安路一四號","No. 14, Xing’an Rd., Yuanzhang Township, Yunlin County 65542, Taiwan (R.O.C.)","蕭O明","05-7885111","05-7885273","有","有"
"14157495","20020809","20210812","智裕號","JR-YU STORE","雲林縣虎尾鎮中山里虎尾鎮第三零售市場畜肉類第三號","No. 3, Zhongshan Vil., Huwei Township, Yunlin County 632, Taiwan (R.O.C.)","黃O庸","05-6322188","","有","有"
"14158261","20020301","20210811","行健行","SHING JIAN MACHINERY CO.","雲林縣斗南鎮新光里延平路一段一二一號一樓","1 F., No. 121, Sec. 1, Yanping Rd., Xinguang Vil., Dounan Township, Yunlin County 63051, Taiwan (R.O.C.)","黃O盛","05-5965789","","有","有"
"14158311","20230911","20230911","維翔中藥行","WEI XIANG CHINESE MEDICINE Co.","雲林縣斗六市長安里長安路318號","No. 318, Chang’an Rd., Chang’an Vil., Douliu City, Yunlin County 640104, Taiwan (R.O.C.)","洪O奇","0937995177","","有","有"
"14159439","20060105","20230622","明弘農產行","MING HORNG AGRICULTURAL CO.","彰化縣竹塘鄉小西村文昌路177巷建1號1樓","1F., No. 1, Ln. 177, Wenchang Rd., Xiaoxi Vil., Zhutang Township,  Changhua County 525002, Taiwan (R.O.C.)","莊O學","05-5883501","05-5866027","有","有"
"14159894","20130429","20210811","弘遠農產商行","HONG YUAN AGRICULTURAL PRODUCTS CO.","雲林縣大埤鄉三結村下埤頭五之一號一樓","1 F., No. 5-1, Pitou, Dapi Township, Yunlin County 63144, Taiwan (R.O.C.)","徐O宏","05-5911045","05-5917292","有","有"
"14159923","20170103","20210811","傳神多媒體廣告","VIVID PROFESSIONAL PLOT STUDIO","雲林縣斗六市三平里八鄰南京西路五五號一樓","1 F., No. 55, Nanjing W. Rd., 8th Neighborhood, Sanping Vil., Douliu City, Yunlin County 64049, Taiwan (R.O.C.)","蔡O珍","05-5346429","05-5371467","有","有"
"14160908","20020820","20220106","云聖農產行","SHENG TARNG AGRICULTURAL PRODUCT HANG","雲林縣西螺鎮廣福里民生路15號1樓","1 F., No. 15, Minsheng Rd., Guangfu Vil., Xiluo Township, Yunlin County 64843, Taiwan (R.O.C.)","廖O棟","05-5860621","","有","有"
"14161420","20220921","20220921","萬事達農業資材行","WAN SHIH TA AGRICULTURAL MATERIALS CO.","雲林縣元長鄉下寮村嘉慶路一四號","No. 14, Jiaqing, Yuanchang Township, Yunlin County 655023, Taiwan (R.O.C.)","吳O棕","05-7862348","","有","有"
"14161456","20020604","20020604","順擷科技有限公司","SHUN SHYE TECHNOLOGY CO., LTD.","雲林縣元長鄉長北村中山路１４８之５號１樓","1F, NO.148-5, CHUNG SHAN RD., YUAN CHANG HSIANG, YUNLIN HSIAN, TAIWAN, R.O.C.","楊O彩","","","有","有"
"14161863","20150409","20210811","和生汽車材料行","HE SHENG AUTO MATERIALS COMPANY","雲林縣莿桐鄉莿桐村莿桐北路二段一五七號一樓","1 F., No. 157, Sec. 2, Citong N. Rd., Citong Township, Yunlin County 64741, Taiwan (R.O.C.)","程O盛","05-5847890","05-5840099","有","有"
"14161955","20091216","20230111","信騰電訊行","SINGTON INFORMATION COMPUTER MOBILE PHONE COMMUNICATION COMPANY","雲林縣斗六市十三里十三北路23之10號","No. 23-10, Shisan N. Rd., Shisan Vil., Douliu City, Yunlin County 640106, Taiwan (R.O.C.)","張O溢","055378785","055320114","無","無"
"14163362","20031112","20210812","壬申企業社","REN SHEN FIRM","雲林縣二崙鄉田尾村犁份23之5號1樓","1 F., No. 23-5, Lifen, Erlun Township, Yunlin County 64944, Taiwan (R.O.C.)","廖O任","05-5988579","05-5988579","有","有"
"14163736","20021002","20210812","三軒茶屋","SAN LANG BEVERAGE COMPANY","雲林縣斗南鎮南昌里中山路五三號","No. 53, Zhongshan Rd., Nanchang Vil., Dounan Township, Yunlin County 63042, Taiwan (R.O.C.)","郭O如","04-8927806","04-8927494","有","有"
"14163779","20090303","20230326","詠統農產行","YONG TUNG COMPANY","雲林縣莿桐鄉甘西村中村路1之3號1樓","1F., No. 1-3, Citong Township,  Yunlin County 647001, Taiwan (R.O.C.)","黃O芬","05-5850110","05-5845536","有","有"
"14164778","20121203","20121203","保證責任雲林縣後湖合作農場","HOU HU COOPERATION FARM","雲林縣元長鄉後湖村後湖５９－７號","NO.59-7, HOUHU, YUANCHANG TOWNSHIP, YUNLIN COUNTY 655, TAIWAN (R.O.C.)","李O輝","05-7885946","05-7885939","有","有"
"14165039","20020702","20210812","峻逸企業社","JIUA YIH ENTERPRISE CO.","雲林縣斗六市榴中里石榴路262巷11號一樓","1 F., No. 11, Ln. 262, Shiliu Rd., Liuzhong Vil., Douliu City, Yunlin County 64060, Taiwan (R.O.C.)","田OO","05-5571779","05-5571774","有","有"
"14165609","20110920","20210812","極速模型玩具行","SPEED MODEL TOY CO.","雲林縣虎尾鎮西安里中正路一九九號一樓","1 F., No. 199, Zhongzheng Rd., Xi’an Vil., Huwei Township, Yunlin County 63246, Taiwan (R.O.C.)","廖O慕","056326039","056326039","無","無"
"14165896","20021017","20210812","進利行","JINLLI CO.","雲林縣西螺鎮正興里福安街二六○號一樓","1 F., No. 260, Fu’an St., Zhengxing Vil., Xiluo Township, Yunlin County 64857, Taiwan (R.O.C.)","蔡O義","05-5860398","","有","有"
"14166298","20020827","20210812","新揚行","SHING YOUNG STORE","雲林縣斗六市鎮北里萬年路一四一巷二七號一樓","1 F., No. 27, Ln. 141, Wannian Rd., Zhenbei Vil., Douliu City, Yunlin County 64059, Taiwan (R.O.C.)","林O超","5-5517428","","無","無"
"14167640","20020910","20230408","聖元企業社","GOOD FOOD COMPANY","雲林縣褒忠鄉中民村大廍路８-６號","No. 8-6, Zhongmin Rd., Baozhong Township, Yunlin County 634001, Taiwan (R.O.C.)","黃O勤珠","05-6972477","05-6974727","有","有"
"14168057","20020819","20230427","弘頌商行","HUNG SUNG CO.","雲林縣斗六市溪洲里竹圍路401號","No. 401, Zhuwei Rd., Xizhou Vil., Douliu City, Yunlin County 640154, Taiwan (R.O.C.)","林O祐","05-5514789","","有","有"
"14168394","20141119","20210811","長榮汽車材料行","ZHANG RONG AUTOMOBILE MATERIAL COMPANY","雲林縣莿桐鄉莿桐村和平路111之10號","No. 111-10, Heping Rd., Citong Township, Yunlin County 64746, Taiwan (R.O.C.)","程O堯","05-5848068","05-5840099","有","有"
"14170390","20060621","20210812","達盈石材行","DA YIN STONE CO., LTD.","新北市三重區後竹圍街277巷19號","No. 19, Ln. 277, Houzhuwei St., Sanchong Dist., New Taipei City 24156, Taiwan (R.O.C.)","蕭O澤","02-29840188","02-29840166","有","有"
"14171460","20030729","20210811","富甲企業社","FUH JEA ENTERPRISE CO.","新北市三芝區智成街１０６號１樓","1 F., No. 106, Zhicheng St., Sanzhi Dist., New Taipei City 25245, Taiwan (R.O.C.)","李O","02-8635-2839","02-8335-2839","有","有"
"14172411","20011004","20230216","福德貿易行","YVETTE TSAI ENTERPRISE CO.","臺北市南港區昆陽街171巷6弄3號3樓","3 F., No. 3, Aly. 6, Ln. 171, Kunyang St., Nangang Dist., Taipei City 115008, Taiwan (R.O.C.)","蔡O滋","02-27229647","02-27233501","有","有"
"14172741","20200820","20221012","快力快商行","Sidel Beauty International Co.","新北市蘆洲區民族路492號(1樓)","1 F., No. 492, Minzu Rd., Luzhou Dist., New Taipei City 247004, Taiwan (R.O.C.)","陳O成","02 2847 3865","","有","有"
"14174179","20140730","20210811","福藝沉香行","FU YI CHEN XIANG COMPANY","臺北市大安區建國南路1段242號1樓","1 F., No. 242, Sec. 1, Jianguo S. Rd., Da’an Dist., Taipei City 10653, Taiwan (R.O.C.)","李O勳","02-27030332","02-27030331","有","有"
"14178180","20190614","20210811","侑弘實業社","YOUHUNG MACHINERY CO.","新北市新店區北宜路2段35號2樓","2 F., No. 35, Sec. 2, Beiyi Rd., Xindian Dist., New Taipei City 23152, Taiwan (R.O.C.)","林O儀","02-22172884","02-22173159","有","有"
"14179414","20120330","20210811","弗迪亞企業社","FUDIYA CO.","新北市中和區景平路71之1號10樓","10 F., No. 71-1, Jingping Rd., Zhonghe Dist., New Taipei City 23578, Taiwan (R.O.C.)","張O琴","02-89416081","02-89416082","有","有"
"14185598","20030617","20210811","慶有企業社","WEALTHY STENCIL MATERIALS CO.","新北市土城區中華路１段５６巷１６號１樓（現場僅供辦公室使用）","1 F., No. 16, Ln. 56, Sec. 1, Zhonghua Rd., Tucheng Dist., New Taipei City 23666, Taiwan (R.O.C.)","秦O榮","02-2266-2926","02-2954-6107","有","有"
"14185823","20090407","20221022","燿茗國際貿易行","YUAN OPTICAL CO.","新北市中和區連城路203巷10弄19號","No. 19, Aly. 10, Ln. 203, Liancheng Rd., Zhonghe Dist., New Taipei City 235036, Taiwan (R.O.C.)","吳O民","02-2927-0707","02-8660-6990","無","無"
"14190121","20110511","20210811","打碗花農場","THE LILY LAND INDUSTRY FARM","臺東縣東河鄉都蘭村都蘭路四三一之二號","No. 431-2, Dulan, Donghe Township, Taitung County 95941, Taiwan (R.O.C.)","徐O香","089-530484","089-531048","有","有"
"14192057","20191213","20210811","藍晶寶石藝品店","BLUE CRYSTAL PRECIOUS STONE ARTWORK STORE","臺東縣東河鄉興昌村南八里一一之一一號","No. 11-11, Xingchang, Donghe Township, Taitung County 95942, Taiwan (R.O.C.)","黃O霞","089-531662","","有","有"
"14195548","20030902","20230310","建帝行","JIANN DI COMPANY","臺東縣臺東市豐樂里大孝路七十六號","No. 76, Daxiao Rd., Fengle Vil., Taitung City, Taitung County 950011, Taiwan (R.O.C.)","李O璿","03-479-3113","03-479-3119","有","有"
"14204878","20170927","20210811","禾安行","HO-AN HANG CO.","臺東縣臺東市新生里四維路三段２號一樓","1 F., No. 2, Sec. 3, Siwei Rd., Xinsheng Vil., Taitung City, Taitung County 95048, Taiwan (R.O.C.)","黃O蓁","089-347999","089-340533","有","有"
"14215381","20240517","20240517","勤誠科技","chin-cheng Shop","苗栗縣苗栗市綠苗里7鄰中正路776號1樓","1 F., No. 776, Zhongzheng Rd., 7th Neighborhood, Lumiao Vil., Miaoli City, Miaoli County 360009, Taiwan (R.O.C.)","陳O娟","037369525","037369526","有","有"
"14217661","20020709","20210811","技特企業社","GTECH AUTOPARTS CO.","苗栗縣頭份市民族里東興路一三四號","No. 134, Dongxing Rd., Minzu Vil., Toufen City, Miaoli County 35142, Taiwan (R.O.C.)","林O隆","037-591231","037-668890","有","有"
"14220119","20020808","20230111","鑫利工程行","SHING LI ENGINEERING CO.","苗栗縣竹南鎮山佳里8鄰龍山路三段128號2樓","2F., No. 128, Sec. 3,  Longshan Rd., 8th Neighborhood, Shanjia Vil., Zhunan Township,  Miaoli County 350011, Taiwan (R.O.C.)","陳O興","037-457720","","無","無"
"14220286","20231002","20231002","竹南蛇窯文化工作室","Zhunan Snake Kiln Cultural Workshop","苗栗縣頭份市民生里3鄰新生街1號3樓之1","No.7, Dapuding, Zhunan Township, Miaoli County 350, Taiwan","林O華","037-623057","","有","有"
"14221525","20020731","20210811","聯鴻企業社","LIAN-HON ENTERPRISE CO.","苗栗縣苗栗市水源里14鄰中正路1363巷19號1樓","1 F., No. 19, Ln. 1363, Zhongzheng Rd., 14th Neighborhood, Shuiyuan Vil., Miaoli City, Miaoli County 36059, Taiwan (R.O.C.)","陳O雲","0955-045563","02-29018952","有","有"
"14225732","20031002","20220903","蜜天下水果園","MI TIAN XIA CO.","苗栗縣頭份市東庄里中央路76號1樓","1 F., No. 76, Zhongyang Rd., Dongzhuang Vil., Toufen City, Miaoli County 351019, Taiwan (R.O.C.)","吳O明","03-5331805","","有","有"
"14227099","20060901","20210811","健淞企業社","CHIEN SONG CO.","苗栗縣苗栗市維祥里10鄰復興路二段257號1樓","1 F., No. 257, Sec. 2, Fuxing Rd., 10th Neighborhood, Weixiang Vil., Miaoli City, Miaoli County 36051, Taiwan (R.O.C.)","郭O儀","037-353364","","有","有"
"14232240","20011204","20210811","華順唐企業社","QUALITY ART CO.","高雄市三民區正順里大順２路３６９號７樓","7 F., No. 369, Dashun 2nd Rd., Zhengshun Vil., Sanmin Dist., Kaohsiung City 80787, Taiwan (R.O.C.)","師O國","07-3844684","07-3906523","有","有"
"14233445","20011206","20210811","怡豐企業行","YI FENG ENTERPRISE CO.","高雄市大樹區興田路２１７號１樓","1 F., No. 217, Xingtian Rd., Dashu Dist., Kaohsiung City 84049, Taiwan (R.O.C.)","侯O福","07-5526292","07-5527070","有","有"
"14235773","20060316","20210811","明昱企業行","WINNER SUN TRADING CO.","高雄市鳳山區鳳東三街１６號５樓","5 F., No. 16, Fengdong 3rd St., Fengshan Dist., Kaohsiung City 83042, Taiwan (R.O.C.)","羅O嚴","08-7071812","08-7071552","有","有"
"14236674","20011221","20210811","木榮行","MU JUING HANG","高雄市苓雅區武廟路１４０之１號","No. 140-1, Wumiao Rd., Lingya Dist., Kaohsiung City 80289, Taiwan (R.O.C.)","呂O霆","07-7333428","07-7333427","有","有"
"14236843","20071116","20210812","金色陽光企業行","GOLD RAYS CO.","高雄市鼓山區美術南三路85號12樓","12 F., No. 85, Meishu S. 3rd Rd., Gushan Dist., Kaohsiung City 80460, Taiwan (R.O.C.)","陳O彬","0932-920667","","有","有"
"14237771","20101026","20210811","世紘企業社","SHEH HONG ENTERPRISE CO.","高雄市前鎮區武慶一路２５９號１０樓","10 F., No. 259, Wuqing 1st Rd., Cianjhen Dist., Kaohsiung City 80647, Taiwan (R.O.C.)","曾O宗","07-7870495","07-7889007","有","有"
"14240115","20020122","20230116","士霖科技行","COMOSA LINK TECHNIC CO.","高雄市左營區果峯里翠華路５５４號","No. 554, Cuihua Rd., Zuoying Dist., Kaohsiung City 813010, Taiwan (R.O.C.)","吳O發","07-5828126","07-5835128","無","無"
"14240620","20020114","20221231","宏典行","HURNG DIAN CO.","高雄市三民區寶國里覺民路２４２號","No. 242, Juemin Rd., Baoguo Vil., Sanmin Dist., Kaohsiung City 807033, Taiwan (R.O.C.)","邱O創","07-3844361","","無","無"
"14241091","20070402","20210811","永將電子材料企業社","YONG JIANG CO.","高雄市鳳山區鳳頂路３９０號１樓","1 F., No. 390, Fengding Rd., Fengshan Dist., Kaohsiung City 83093, Taiwan (R.O.C.)","林O源","07-7920166","07-7920172","有","有"
"14244061","20020830","20210812","義宏企業社","YE HUNG COMPANY","高雄市楠梓區翠屏里德民路３５６巷６０弄３號６樓之１","6F.-1, No. 3, Aly. 60, Ln. 356, Demin Rd., Cuiping Vil., Nanzi Dist., Kaohsiung City 81154, Taiwan (R.O.C.)","歐O宏","07-2518906","07-2518906","有","有"
"14244560","20100805","20210812","星旺企業行","STAR WANG CO.","高雄市小港區敬業路５７號","No. 57, Jingye Rd., Xiaogang Dist., Kaohsiung City 81266, Taiwan (R.O.C.)","蔣O寶玉","07-7821723","07-7822775","有","有"
"14245435","20020904","20210811","誠鴻企業行","HONEST LUCK ENTERPRISE CO.","高雄市三民區鼎金二巷８之１２號１樓","1 F., No. 8-12, Dingjin 2nd Ln., Sanmin Dist., Kaohsiung City 80789, Taiwan (R.O.C.)","黃O意","07-2213656","07-2419661","有","有"
"14245809","20040505","20230116","盟邦號","MAN BAN CO.","高雄市前鎮區漁港東二路６５號","No. 65, Yugang E. 2nd Rd., Qianzhen Dist., Kaohsiung City 806043, Taiwan (R.O.C.)","侯O鶴英","07-8313012","07-8315296","無","無"
"14246645","20021003","20221028","陸陞行","LUH SHENG CO.","高雄市鳳山區老爺里海洋二路１０２巷９號１樓","1 F., No. 9, Ln. 102, Haiyang 2nd Rd., Laoye Vil., Fengshan Dist., Kaohsiung City 830041, Taiwan (R.O.C.)","陳O生","07-336-8979","07-336-8986","無","無"
"14250008","20020318","20210812","亞樂家國際事業社","ALUGA INTERNATIONAL BUSINESS COMPANY","高雄市前鎮區瑞竹里凱旋４路９４３號","No. 943, Kaixuan 4th Rd., Ruizhu Vil., Cianjhen Dist., Kaohsiung City 80652, Taiwan (R.O.C.)","林O君","07-716-4700","07-724-1306","有","有"
"14250020","20020318","20210812","亞創聯合國際事業社","ARTRA UNITED INTERNATIONAL BUSINESS COMPANY","高雄市前鎮區瑞竹里凱旋４路９４３號","No. 943, Kaixuan 4th Rd., Ruizhu Vil., Cianjhen Dist., Kaohsiung City 80652, Taiwan (R.O.C.)","林O君","07-716-4700","07-724-1306","有","有"
"14250295","20140929","20211230","新樹大機械行","XIN SHU DA MACHINERY CO.","新北市三重區頂崁街210巷37弄4號","NO. 4, ALY. 37, LN. 210, DINGKAN ST., SANCHONG DIST., NEW TAIPEI CITY 241024, TAIWAN (R.O.C.)","曾O娟","02-22039933","02-22059501","有","有"
"14253645","20180423","20210812","源傑蔘藥行","YUAN JIE SEN YAO HANG","新北市林口區仁愛路2段38號","No. 38, Sec. 2, Ren’ai Rd., Linkou Dist., New Taipei City 24449, Taiwan (R.O.C.)","張O銘","02-26024473","02-26015563","有","有"
"14253666","20040223","20210811","媽樂化工廠","MOTHER HOUSEHOLD CHEMICAL FACTORY","新北市五股區中興路1段88巷21號","No. 21, Ln. 88, Sec. 1, Zhongxing Rd., Wugu Dist., New Taipei City 24872, Taiwan (R.O.C.)","林O子","02-2971-4891","02-2988-5898","有","有"
"14254715","20020718","20210811","門橋企業社","FRONTLINE CO.","新北市三重區溪尾街１２１號３樓之１（現場僅供辦公室使用）","3F.-1, No. 121, Xiwei St., Sanchong Dist., New Taipei City 24155, Taiwan (R.O.C.)","洪O萍","02-89856068","02-89851019","有","有"
"14254911","20031202","20210811","嘉仁實業社","CHIA REN ENTERPRISE CO.","新北市板橋區廣和街７５巷１０號２樓（現場僅供辦公室使用）","2 F., No. 10, Ln. 75, Guanghe St., Banqiao Dist., New Taipei City 22061, Taiwan (R.O.C.)","石O屘","02-86715720","02-26723914","有","有"
"14257059","20030401","20210811","明懋企業社","LONG YIIN ENTERPRISE CO.","新北市新莊區天祥街１０７巷４３號２樓（現場僅供辦公室使用）","2 F., No. 43, Ln. 107, Tianxiang St., Xinzhuang Dist., New Taipei City 24261, Taiwan (R.O.C.)","袁O珠","02-2904-4986","02-2904-8258","有","有"
"14257488","20021001","20210811","弘隆商店","HUNG JUNG CHEN SIR SHOP","新北市八里區訊塘路３５號","No. 35, Xuntang Rd., Bali Dist., New Taipei City 24942, Taiwan (R.O.C.)","陳O真","25713210","24632669","有","有"
"14259850","20020925","20210811","陳富發肉店","CHEN FU FA SHOP","新北市樹林區博愛街１１６巷２８號","No. 28, Ln. 116, Bo’ai St., Shulin Dist., New Taipei City 23845, Taiwan (R.O.C.)","陳O耀","02-25713210","02-24632669","有","有"
"14260940","20020619","20210812","鑫新科技企業社","SHIN SHIN TECHNOLOGY ENTERPRISE CO.","基隆市信義區東光里崇法街133號1樓","1 F., No. 133, Chongfa St., Dongguang Vil., Xinyi Dist., Keelung City 20151, Taiwan (R.O.C.)","陳O佑","02-24666248","02-24666248","無","無"
"14260977","20021004","20210811","宏錩聯合企業社","HONG CHANG UNION ENTERPRISE CO.","新北市新莊區５權１路１２巷２５弄２７號１樓","1 F., No. 27, Aly. 25, Ln. 12, Xinzhuang Dist., New Taipei City 242, Taiwan (R.O.C.)","林O文","02-87928167","02-87928166","有","有"
"14264609","20150727","20210812","明暉企業社","MING HUI PRINTING COMPANY","新北市中和區立業路101號","No. 101, Liye Rd., Zhonghe Dist., New Taipei City 23556, Taiwan (R.O.C.)","吳O道","02-22222138","02-22234297","有","有"
"14265348","20080826","20210812","詮順實業社","CHYUAN SHUN CO.","新北市三重區中正北路193巷9號","No. 9, Ln. 193, Zhongzheng N. Rd., Sanchong Dist., New Taipei City 24157, Taiwan (R.O.C.)","黃O順","02-29809103","02-29833277","有","有"
"14267514","20070321","20210812","益盛興業社","I SHING GLOBAL CO.","新北市樹林區大安路１４５巷２號","No. 2, Ln. 145, Da’an Rd., Shulin Dist., New Taipei City 23847, Taiwan (R.O.C.)","侯O良","02-26873555","02-26755993","有","有"
"14268817","20020926","20230113","戲古亭","SHI GU TING CO.","新北市三芝區智成街２之１號４樓（現場僅供辦公室使用）","4 F., No. 2-1, Zhicheng St., Sanzhi Dist., New Taipei City 252005, Taiwan (R.O.C.)","葉O杰","02-2621-2511","02-2623-1538","無","無"
"14269061","20150723","20210811","優登仕企業社","U-DANCE CO.","新北市中和區中山路２段６１６巷１６號","No. 16, Ln. 616, Sec. 2, Zhongshan Rd., Zhonghe Dist., New Taipei City 23544, Taiwan (R.O.C.)","謝O成","02-22268201","02-82213352","有","有"
"14269267","20020304","20211120","集元貿易行","GI GOLD CO.","新北市板橋區三民路１段３１巷４７號","No. 47, Ln. 31, Sec. 1, Sanmin Rd., Banqiao Dist., New Taipei City 22070, Taiwan (R.O.C.)","連O圓","89526299","89529155","有","有"
"14273184","20210608","20231013","名匠行","MC knives & scissors CO.","臺中市南區南門里南門路5巷1弄3號1樓","1 F., No. 3, Aly. 1, Ln. 5, Nanmen Rd., Nanmen Vil., South Dist., Taichung City 402006, Taiwan (R.O.C.)","張O隆","04-22879663","04-22133057","有","有"
"14273327","20070927","20210812","軒云設計開發實業社","SHINING DESIGN CENTER CO.","臺中市西區公正里大墩十街６７號一樓","1 F., No. 67, Dadun 10th St., Gongzheng Vil., West Dist., Taichung City 40356, Taiwan (R.O.C.)","葉O煜","04-23193022","04-23284851","有","有"
"14273662","20051027","20220715","波斯企業社","BO SY SHOP","臺中市西屯區何源里華美西街二段３２７號１樓","1 F., No. 327, Sec. 2, Huamei W. St., Heyuan Vil., Xitun Dist., Taichung City 40751, Taiwan (R.O.C.)","陳O玲","04-2475-2197","04-2473-5225","有","有"
"14276083","20030305","20230113","香草行","FORMOSA VANILLA CORP.","臺中市東區十甲里十甲路３６３之１號一樓","1 F., No. 363-1, Shijia Rd., Shijia Vil., East Dist., Taichung City 401021, Taiwan (R.O.C.)","劉O奇","04-22120081","04-22119442","無","無"
"14277013","20011231","20011231","大福商行","TAI FAA COMPANY","台中市西屯區大鵬里大鵬路１１０號２樓","2F, NO.110, DA-PENG ROAD, DA-PENG LI, WEST TWEN SHI, TAICHUNG CITY, TAIWAN, R.O.C.","廖O滿","04-22933186","04-24256509","有","有"
"14281023","20020201","20250308","采晶城店","SHIH-RAIH CRYSTAL STORE","臺中市大里區長榮里新南路152號1樓","1 F., No. 152, Xinnan Rd., Changrong Vil., Dali Dist., Taichung City 412002, Taiwan (R.O.C.)","陳O淯","04-22982398","04-22982399","有","有"
"14282347","20140624","20211104","保爾眼鏡行","POWER OPTICAL SHOP","臺中市西區三民里民生路５４號","No. 54, Minsheng Rd., Sanmin Vil., West Dist., Taichung City 40342, Taiwan (R.O.C.)","陳O正","04-24717379","04-24713921","有","有"
"14287244","20020328","20210811","祥耀企業社","AUTOTENA CO.","臺中市北屯區平田里文昌東十街２５號四樓之２","4F.-2, No. 25, Wenchang E. 10th St., Pingtian Vil., Beitun Dist., Taichung City 40650, Taiwan (R.O.C.)","趙O耀","04-2230-8498","04-2232-8132","有","有"
"14287618","20020402","20210811","虔誠實業社","SPICE ENTERPRISE CO.","臺中市北屯區松竹里松竹路二段７０１號","No. 701, Sec. 2, Songzhu Rd., Songzhu Vil., Beitun Dist., Taichung City 40669, Taiwan (R.O.C.)","林O習","04-22426267","04-22414852","有","有"
"14287883","20110728","20210811","啓達蔘藥行","CIDA GINSENG MEDICATION TRADE CO.","臺中市西區公益里向上北路２２９之２號１樓","1 F., No. 229-2, Xiangshang N. Rd., Gongyi Vil., West Dist., Taichung City 40361, Taiwan (R.O.C.)","曾O","04-23013126","04-23016826","有","有"
"14287949","20150416","20210811","宇盟實業社","YEU MENG ENTERPRISE CO.","臺中市西區忠明里華美街３６０號１樓","1 F., No. 360, Huamei St., Zhongming Vil., West Dist., Taichung City 40360, Taiwan (R.O.C.)","陳O丰","04-23218533","","有","有"
"14289448","20100413","20210811","大傑企業行","CHIN TA CHIEH. CO.","臺中市南屯區新生里五權西路二段１２６６巷２７之３號","No. 27-3, Ln. 1266, Sec. 2, Wuquan W. Rd., Xinsheng Vil., Nantun Dist., Taichung City 40869, Taiwan (R.O.C.)","廖O月","04-24792748","04-24700377","無","無"
"14305138","20141225","20141225","金陵山寺","JIN LING SHANE TEMPLE","臺中市霧峰區峰谷路９００號１樓","1F., NO.900, FENGGU RD., WUFENG DIST., TAICHUNG CITY 41363, TAIWAN (R.O.C.)","湯O萬","04-23338899","04-23338989","有","有"
"14307641","20130902","20130902","財團法人高雄市愛樂文化藝術基金會","KAOHSIUNG PHILHARMONIC CULTURAL & ARTS FOUNDATION","高雄市鹽埕區河西路９９號","NO.99, HEXI RD., YANCHENG DIST., KAOHSIUNG CITY 803, TAIWAN (R.O.C.)","史O","07-7436633","07-7436304","有","有"
"14309253","20161102","20210811","馨寶寶企業行","BOBONEW BUSINESS CO.","高雄市左營區至聖路２８８號１樓","1 F., No. 288, Zhisheng Rd., Zuoying Dist., Kaohsiung City 81357, Taiwan (R.O.C.)","程OO","07-3723379","07-3724008","有","有"
"14310505","20130121","20210811","全家眼鏡行","FAMILY GLASSES COMPANY","臺北市南港區玉成街134號1樓","1 F., No. 134, Yucheng St., Nangang Dist., Taipei City 11575, Taiwan (R.O.C.)","黃O香","02-29203880","02-29203910","有","有"
"14312356","20011214","20210812","忠佳洋行","CHUNG-CHIA INTERNATIONAL CO.","臺北市信義區松德路287號","No. 287, Songde Rd., Xinyi Dist., Taipei City 11086, Taiwan (R.O.C.)","許O葉","02-2759-6056","02-27596419","有","有"
"14312932","20020129","20240315","恒輝貿易商行","HAN-WHE TRADE CO.","臺北市大同區迪化街1段268號1樓","1 F., No. 268, Sec. 1, Dihua St., Datong Dist., Taipei City 103004, Taiwan (R.O.C.)","李O興","02-25570129","02-25535975","有","有"
"14313242","20061211","20210811","聯茂蔘茸藥行","LIAN MAN HERBACEOUS CORPORATION","臺北市大同區民生西路369號1樓","1 F., No. 369, Minsheng W. Rd., Datong Dist., Taipei City 10344, Taiwan (R.O.C.)","黃O勳","02-25520116","","有","有"
"14313469","20040426","20230113","人鳳寶玉坊","JEN-FENG JADE STORE","臺北市大安區羅斯福路2段79號4樓之3","4 F.-3, No. 79, Sec. 2, Roosevelt Rd., Da’an Dist., Taipei City 106012, Taiwan (R.O.C.)","柯O敏子","02-23630486","02-33652320","有","有"
"14315699","20020103","20210812","利斯特法莫形象管理顧問工作室","G.F IMAGE MANAGEMENT CONSULTANT STUDIO","臺北市中山區農安街2巷20號1樓之20","1F.-20, No. 20, Ln. 2, Nong’an St., Zhongshan Dist., Taipei City 10453, Taiwan (R.O.C.)","沈O振","23082302","","有","有"
"14316487","20020828","20210812","酩品行","WINE EXPERIENCE CO.","臺北市大安區樂利路5巷5號","No. 5, Ln. 5, Leli Rd., Da’an Dist., Taipei City 10678, Taiwan (R.O.C.)","郭O","02-27352272","02-27386272","有","有"
"14317084","20020301","20210811","倪耀企業社","NI YAO CORPORATION","臺北市中山區松江路38巷2號10樓之1","10F.-1, No. 2, Ln. 38, Songjiang Rd., Zhongshan Dist., Taipei City 10455, Taiwan (R.O.C.)","倪O萍","02-25630783","02-25621439","有","有"
"14318350","20140924","20230523","琮翰商行","ZONG HAN BAGS STORE","新北市中和區中山路2段419號3樓之1","3 F.-1, No. 419, Sec. 2, Zhongshan Rd., Zhonghe Dist., New Taipei City 235029, Taiwan (R.O.C.)","林O中","02-22214272","02-22287437","有","有"
"14318387","20050415","20230113","光碟通資訊企業社","CD FAMILY CO.","新北市新店區寶安街68巷2號4樓","4 F., No. 2, Ln. 68, Bao’an St., Xindian Dist., New Taipei City 231033, Taiwan (R.O.C.)","羅O一","02-23413920","02-23584881","無","無"
"14318823","20020423","20210811","宇昌企業社","YEU CHANG CO.","臺北市南港區昆陽街146號4樓","4 F., No. 146, Kunyang St., Nangang Dist., Taipei City 11558, Taiwan (R.O.C.)","黃O明","02-22826205","02-22832980","有","有"
"14319626","20050429","20210811","正瑩企業社","JEIN ENTERPRISE CO.,LTD","臺北市中山區復興北路168號3樓","3 F., No. 168, Fuxing N. Rd., Zhongshan Dist., Taipei City 10487, Taiwan (R.O.C.)","賴O瑩","02-27621056","02-27669570","有","有"
"14321411","20020129","20210811","山宇貿易行","YAMA WOO TRADING COMPANY","臺北市信義區基隆路2段131之11號8樓","8 F., No. 131-11, Sec. 2, Keelung Rd., Xinyi Dist., Taipei City 11053, Taiwan (R.O.C.)","李O豪","25926346","","有","有"
"14322707","20050307","20210811","派對王會場佈置商店","PARTY KING CO.","新北市新店區北宜路2段421巷2弄33號3樓","3 F., No. 33, Aly. 2, Ln. 421, Sec. 2, Beiyi Rd., Xindian Dist., New Taipei City 23152, Taiwan (R.O.C.)","郭O松","02-28118555","02-28119630","無","無"
"14322761","20020305","20210812","億威科技企業社","EI-WAY TECH GROUP CO.","臺北市內湖區新明路380巷4弄7號2樓","2 F., No. 7, Aly. 4, Ln. 380, Xinming Rd., Neihu Dist., Taipei City 11470, Taiwan (R.O.C.)","鄭O美","02-82277133","02-27913788","有","有"
"14324183","20020123","20210811","中揚國際實業社","APAX INTERNATIONAL CO.","臺北市中山區民生西路45巷1之2號1樓","1 F., No. 1-2, Ln. 45, Minsheng W. Rd., Zhongshan Dist., Taipei City 10448, Taiwan (R.O.C.)","鐘O娟","02-2531-8360","02-2531-8360","有","有"
"14324487","20100426","20210812","冠城汽車冷氣材料行","GUANCHENG MOTO AIR-CON ENTERPRISE CO.","臺北市內湖區南京東路6段318號","No. 318, Sec. 6, Nanjing E. Rd., Neihu Dist., Taipei City 11470, Taiwan (R.O.C.)","劉O鳳","02-27916379","02-27940268","有","有"
"14324493","20070501","20230113","奇亞家具行","CHIYA FURNITURE CO.","臺北市文山區景興路195號10樓之1","10 F.-1, No. 195, Jingxing Rd., Wenshan Dist., Taipei City 116051, Taiwan (R.O.C.)","沈O慶","095519630","","無","無"
"14324727","20210312","20210811","增進木箱行","ZENG JIN WOODEN TRUNK CO.","桃園市龜山區嶺頂里振興路58巷4弄2之1號2樓","2 F., No. 2-1, Aly. 4, Ln. 58, Zhenxing Rd., Lingding Vil., Guishan Dist., Taoyuan City 33353, Taiwan (R.O.C.)","林O輝","03-3192887","03-3195571","有","有"
"14329384","20020327","20210812","互盛貿易商行","UNIVERSAL PROCESS DISTRIBUTORS, CO.","臺北市松山區敦化北路244巷13號7樓","7 F., No. 13, Ln. 244, Dunhua N. Rd., Songshan Dist., Taipei City 10543, Taiwan (R.O.C.)","林O亭","87124538","","有","有"
"14330930","20040806","20210811","漫京精品行","MONKING ANIME COMPANY","臺北市中正區懷寧街112號","No. 112, Huaining St., Zhongzheng Dist., Taipei City 10046, Taiwan (R.O.C.)","毛O貞","02-23892849","02-23892849","有","有"
"14334176","20110826","20230113","進億行","GENECOM CO.","新北市永和區永平路174號7樓","7 F., No. 174, Yongping Rd., Yonghe Dist., New Taipei City 234013, Taiwan (R.O.C.)","呂O英","02-29287089","02-29280969","有","有"
"14335246","20020416","20230113","儷德洋行","LEADER HONG TRADE CO.","臺北市士林區德行東路125號1樓","1 F., No. 125, Dexing E. Rd., Shilin Dist., Taipei City 111027, Taiwan (R.O.C.)","常O菁","02-28332987","02-28328511","無","無"
"14335837","20060413","20231110","鈺森行","YU SEN COMPONENTS CO.","新北市三峽區大觀路188號3樓","3 F., No. 188, Daguan Rd., Sanxia Dist., New Taipei City 237021, Taiwan (R.O.C.)","劉O志","0910201292","","有","有"
"14337027","20020410","20210812","尚欣茶行","SHANQ SHIN TEA CO,","臺北市大同區延平北路2段221號1樓","1 F., No. 221, Sec. 2, Yanping N. Rd., Datong Dist., Taipei City 10346, Taiwan (R.O.C.)","陳O勇","02-2552-9191","","有","有"
"14337672","20100721","20210812","臻品水果行","JEN PIN FRUIT STORE","基隆市安樂區武嶺街18之3號","No. 18-3, Wuling St., Anle Dist., Keelung City 20444, Taiwan (R.O.C.)","賈O正","02-2431-1878","02-2431-1878","有","有"
"14338790","20110311","20210811","冠昇餐具行","SUNSHINE RISE STORE","臺北市萬華區環河南路1段161號","No. 161, Sec. 1, Huanhe S. Rd., Wanhua Dist., Taipei City 10847, Taiwan (R.O.C.)","林O雯","02-23881886","","有","有"
"14339947","20020410","20210812","亞洲低傳真之聲工作室","VOICE OF ASIAN LOW FIDELITY STUDIO","臺北市信義區松德路180巷4號1樓","1 F., No. 4, Ln. 180, Songde Rd., Xinyi Dist., Taipei City 11075, Taiwan (R.O.C.)","劉O利","02-27238629","02-27239155","有","有"
"14343421","20110216","20210811","民笙禮儀社","MIN SHENG FUNERAL COMPANY","臺北市中山區龍江路342巷34號2樓","2 F., No. 34, Ln. 342, Longjiang Rd., Zhongshan Dist., Taipei City 10474, Taiwan (R.O.C.)","張O來","02-25173918","02-25173919","有","有"
"14346784","20060428","20230113","幅新手織織聞設計室","FOUNDER TEK WEAVING STUDIO","臺北市大安區忠孝東路4段177號7樓之1","7 F.-1, No. 177, Sec. 4, Zhongxiao E. Rd., Da’an Dist., Taipei City 106076, Taiwan (R.O.C.)","廖O秀","02-27811699","","無","無"
"14346996","20021002","20210812","王禹企業社","WANG YU PACKING STUFF ENTERPRISE COMPANY","臺北市內湖區康樂路103號1樓","1 F., No. 103, Kangle St., Neihu Dist., Taipei City 11478, Taiwan (R.O.C.)","傅O華","02-26541958","","有","有"
"14350371","20050121","20230113","得康醫療器材行","DE KANG MEDICAL APPARATUS HANG","臺南市柳營區太康里太康22之8號1樓","1F., No. 22-8, Taikang, Taikang Vil., Liuying Dist.,  Tainan City 736002, Taiwan (R.O.C.)","謝O臻","06-622-5303","06-622-4698","無","無"
"14351006","20111213","20210812","億鑫科技企業行","YI HSIN RESCUE TECHNOLOGY ENTERPRISE CO.","臺南市中西區三合里信義街58號1樓","1 F., No. 58, Xinyi St., Sanhe Vil., West Central Dist., Tainan City 70053, Taiwan (R.O.C.)","紀O東","06-2619278","","有","有"
"14351316","20050812","20210811","宏羽實業社","HUNG YU FA CO.","臺南市七股區永吉里永吉90號1樓","1 F., No. 90, Yongji, Yongji Vil., Qigu Dist., Tainan City 72454, Taiwan (R.O.C.)","林O惠","06-7880910","","有","有"
"14351929","20020828","20210811","全勝實業社","CHAN VICTORY COMPANY","臺南市西港區新復里溪埔寮1之46號","No. 1-46, Xipuliao, Xinfu Vil., Xigang Dist., Tainan City 72352, Taiwan (R.O.C.)","李O仕","06-7950653","06-7958354","有","有"
"14354587","20121030","20210811","萬億商行","MONA BETA TECHNOLOGY CO.","臺南市白河區庄內里客庄內84之4號","No. 84-4, Kezhuangnei, Zhuangnei Vil., Baihe Dist., Tainan City 73258, Taiwan (R.O.C.)","張O和","06-6840288","","有","有"
"14354833","20020925","20210812","永記商號","YON JI PORK CO.","臺南市新化區武安里中正路383號（公有零售市場86號攤位）","No. 383, Zhongzheng Rd., Wu’an Vil., Xinhua Dist., Tainan City 71241, Taiwan (R.O.C.)","郭O英","08-732-1023","08-732-5079","有","有"
"14357043","20230413","20230413","東山實業社","Apro Safety Co.","臺南市仁德區一甲里忠義一街38巷10號","No. 10, Ln. 38, Zhongyi 1st St., Rende Dist., Tainan City 717013, Taiwan (R.O.C.)","蔡O東","06-2495685","06-2495862","有","有"
"14357347","20020508","20210812","泰志機械廠","TAI CHIH MACHINERY FACTORY","臺南市永康區埔園里龍國街135號1樓","1 F., No. 135, Longguo St., Puyuan Vil., Yongkang Dist., Tainan City 71076, Taiwan (R.O.C.)","吳O音","(06)2016872","(06)2310085","有","有"
"14359289","20210609","20210611","名豐企業社","C-MINGFENG COMPANY","臺南市歸仁區西埔里西埔一街126號1樓","1 F., No. 126, Xipu 1st St., Xipu Vil., Guiren Dist., Tainan City 71141, Taiwan (R.O.C.)","張O雪","0930863911","","有","有"
"14359540","20160603","20210811","明發汽車修配行","MINGFA CAR REPAIR WORKSHOP","臺南市仁德區一甲里忠義路146號","No. 146, Zhongyi Rd., Yijia Vil., Rende Dist., Tainan City 71753, Taiwan (R.O.C.)","許O文","06-2798423","06-2794071","有","有"
"14360096","20020724","20210812","采姿企業社","MO'S COSMETICS INDUSTRY CO.","臺南市永康區三合里南工街48號","No. 48, Nangong St., Sanhe Vil., Yongkang Dist., Tainan City 71055, Taiwan (R.O.C.)","王O苓","886-6-2312977","886-6-2312978","有","有"
"14360666","20020730","20231108","宗揚企業社","CHUNGLINK ENTERPRISE COMPANY","臺南市仁德區成功里成功二街56巷2號1樓","1 F., No. 2, Ln. 56, Chenggong 2nd St., Chenggong Vil., Rende Dist., Tainan City 71751, Taiwan (R.O.C.)","蔡O殷","06-3660123","","有","有"
"14363241","20130430","20210812","偉利眼鏡實業社","WEI LI GLASSES ENTERPRISE CO.","臺南市麻豆區磚井里磚子井1號1樓","1 F., No. 1, Zhuanzijing, Zhuanjing Vil., Madou Dist., Tainan City 72154, Taiwan (R.O.C.)","陳O裕","06-5724102","06-5714475","有","有"
"14365959","20101125","20210608","茂祥堆高機實業社","MAO XIANG FORKLIFT COMPANY","臺南市關廟區花園里園東街118巷5號1樓","1 F., No. 5, Ln. 118, Yuandong St., Guanmiao Dist., Tainan City 71842, Taiwan (R.O.C.)","張O美","06-2708531","06-2708531","有","有"
"14365986","20040625","20210811","漢宇企業社","HANYU RACING CO.","臺南市後壁區福安里下寮200之6號","No. 200-6, Xialiao, Fu’an Vil., Houbi Dist., Tainan City 73150, Taiwan (R.O.C.)","莊O裕","06-6335869","06-6335875","有","有"
"14366583","20020828","20210811","成太行","YI TUN FIRM","臺南市新營區大宏里三民路45之7號2樓","2 F., No. 45-7, Sanmin Rd., Dahong Vil., Xinying Dist., Tainan City 73045, Taiwan (R.O.C.)","林O如","06-6566135","06-6372597","有","有"
"14367529","20020809","20210811","全聚德佛俱","CHYUAN JIUH DER COMPANY","臺南市新營區民榮里新進路2段431號1樓","1 F., No. 431, Sec. 2, Xinjin Rd., Minrong Vil., Xinying Dist., Tainan City 73061, Taiwan (R.O.C.)","侯O成","06-6595253","","有","有"
"14369189","20020822","20210811","合美企業社","HO MEI ENTERPRISE CO.","臺南市善化區嘉北里茄拔280之3號1樓","1 F., No. 280-3, Jiaba, Jiabei Vil., Shanhua Dist., Tainan City 74173, Taiwan (R.O.C.)","邱O勇","06-5851068","06-2601718","有","有"
"14372240","20070510","20210812","禾蓁企業社","GUO SHERN ENTERPRISE CO.","桃園市中壢區中山里榮民路２８４號１樓","1 F., No. 284, Rongmin Rd., Zhongshan Vil., Zhongli Dist., Taoyuan City 32080, Taiwan (R.O.C.)","王O玲","","","有","有"
"14373352","20201207","20210811","富暘商行","THRIVEDAWN COMPANY","桃園市平鎮區復旦里文化街２１０號１樓","1 F., No. 210, Wenhua St., Fudan Vil., Pingzhen Dist., Taoyuan City 32450, Taiwan (R.O.C.)","李O樹","03-4834567","","有","有"
"14374471","20020108","20210812","台灣雷哥商行","REGER (TAIWAN) COMPANY","桃園市桃園區光興里仁一街１１號２樓","2 F., No. 11, Ren 1st St., Guangxing Vil., Taoyuan Dist., Taoyuan City 33055, Taiwan (R.O.C.)","朱O榕","03-33335864","04-33335864","有","有"
"14375274","20020111","20210812","順大國際食品貿易行","SHUN DAH INTERNATIONAL TRADE HANG","桃園市桃園區忠義里大有路１５２號４樓之１０","4F.-10, No. 152, Dayou Rd., Zhongyi Vil., Taoyuan Dist., Taoyuan City 33052, Taiwan (R.O.C.)","唐O祥","03-3264120","03-3578496","有","有"
"14377343","20020927","20210812","統暘食品行","TUNG YANG FROZEN FOODS CO.","桃園市桃園區中和里和平路８４巷３６號１樓","1 F., No. 36, Ln. 84, Heping Rd., Zhonghe Vil., Taoyuan Dist., Taoyuan City 33041, Taiwan (R.O.C.)","吳O旺","04-7612211","04-7619641","有","有"
"14382704","20081117","20210812","德宇企業社","TEH YU ENTERPRISE CO.","桃園市桃園區北埔里中正路1379號17樓之3","17F.-3, No. 1379, Zhongzheng Rd., Beipu Vil., Taoyuan Dist., Taoyuan City 33071, Taiwan (R.O.C.)","黃O國","03-3238527","03-3237390","無","無"
"14384175","20020523","20210811","和怡商號","HER YEARS BUSINESS CO.","桃園市八德區白鷺里廣福路946號之1一樓","11 F., No. 946, Guangfu Rd., Bailu Vil., Bade Dist., Taoyuan City 33455, Taiwan (R.O.C.)","沈O貞","03-350-0699","03-320-2889","有","有"
"14384668","20020314","20210811","靳儒企業社","JINN RU CO.","桃園市龍潭區三林里民族路２０４號１樓","1 F., No. 204, Minzu Rd., Sanlin Vil., Longtan Dist., Taoyuan City 32545, Taiwan (R.O.C.)","梁O玉","03-4790630","03-4703246","有","有"
"14385511","20020222","20210812","九星企業社","JIOU SHING COMPANY","桃園市桃園區豐林里青田街17巷4號１樓","1 F., No. 4, Ln. 17, Qingtian St., Fenglin Vil., Taoyuan Dist., Taoyuan City 33063, Taiwan (R.O.C.)","謝O裕","03-3138337","03-3239359","無","無"
"14386336","20020327","20210812","川益冷凍食品行","CHUAN YI FREEZING FOODS COMPANY","桃園市八德區大湳里和平路４１１巷９６弄８號１樓","1 F., No. 8, Aly. 96, Ln. 411, Heping Rd., Danan Vil., Bade Dist., Taoyuan City 33458, Taiwan (R.O.C.)","李O容","03-3618824","03-3618824","有","有"
"14387243","20120822","20210811","鴻億企業社","HORNG YIU ENTERPRISE CO.","桃園市桃園區南門里南豐三街９０巷１６弄１號１樓","1 F., No. 1, Aly. 16, Ln. 90, Nanfeng 3rd St., Nanmen Vil., Taoyuan Dist., Taoyuan City 33064, Taiwan (R.O.C.)","蔡O義","03-3622161","03-3638919","有","有"
"14387258","20181204","20210811","弘聲汽車音響企業社","Hong Sheng Car Audio Trade Co.","桃園市龜山區南上里民生北路一段288號","No. 288, Sec. 1, Minsheng N. Rd., Nanshang Vil., Guishan Dist., Taoyuan City 33391, Taiwan (R.O.C.)","黃O貞","03-3556022","03-3556024","有","有"
"14387659","20020402","20210812","長榮通訊行","NEW SLOPE NEWS REPORT HANG","臺南市北區六甲里公園路489號1樓","1 F., No. 489, Gongyuan Rd., Liujia Vil., North Dist., Tainan City 70462, Taiwan (R.O.C.)","劉O毓","03-4988568","03-4988852","有","有"
"14387784","20021002","20210812","亞洲企業社","YA CHOU ENTERPRISE COMPANY","桃園市楊梅區仁美里永美路３３巷１弄３９號１樓","1 F., No. 39, Aly. 1, Ln. 33, Yongmei Rd., Renmei Vil., Yangmei Dist., Taoyuan City 32653, Taiwan (R.O.C.)","楊O章","02-87122011","","有","有"
"14389447","20060607","20210811","萬山茶行","WAN SHAN TEA CO.","桃園市桃園區中山里宏昌１２街５１１號１樓","1 F., No. 511, Hongchang 12th St., Zhongshan Vil., Taoyuan Dist., Taoyuan City 33060, Taiwan (R.O.C.)","黃O蓮","03-2289463","03-2201651","有","有"
"14390839","20021003","20231004","田倉商行","TIAN CANG CO.","臺南市仁德區太子里太子北路250巷25號5樓之1","5 F.-1, No. 25, Ln. 250, Taizi N. Rd., Taizi Vil., Rende Dist., Tainan City 717007, Taiwan (R.O.C.)","潘O德","08-732-1023","08-732-5079","無","無"
"14391632","20021004","20210811","坤山肉舖","QUINSHAN SHOP","臺南市安南區州南里長和路3段17號1樓","1 F., No. 17, Sec. 3, Changhe Rd., Zhounan Vil., Annan Dist., Tainan City 70959, Taiwan (R.O.C.)","許O惠","04-23114989","04-23115211","有","有"
"14391730","20150612","20210811","金佑精密企業社","JIN-YOU PRECISION COMPANY","臺南市安南區州南里安和路4段537巷31弄1號1樓","1 F., No. 1, Aly. 31, Ln. 537, Sec. 4, Anhe Rd., Zhounan Vil., Annan Dist., Tainan City 70965, Taiwan (R.O.C.)","王O凉","06-2551120","06-2551130","有","有"
"14391788","20120426","20210811","芳鄰雜貨商行","FANG LIN GROCERY STORE","臺南市中西區中正里正興街94號1樓","1 F., No. 94, Zhengxing St., Zhongzheng Vil., West Central Dist., Tainan City 70059, Taiwan (R.O.C.)","陳O伶","06-2231518","","有","有"
"14392554","20130725","20210812","新貿汽車材料行","SHIN MAU AUTO PARTS CO.","臺南市東區德高里自由路1段157號1樓","1 F., No. 157, Sec. 1, Ziyou Rd., Degao Vil., East Dist., Tainan City 70174, Taiwan (R.O.C.)","呂O奇","06-3350158","063357780","有","有"
"14393630","20020304","20210811","慶上藝品企業社","CHIN SHANG ART ENTERPRISE CO.","臺南市東區崇文里崇德二十一街93號1樓（僅供辦公室使用）","1 F., No. 93, Chongde 21st St., Chongwen Vil., East Dist., Tainan City 70173, Taiwan (R.O.C.)","葉O燕","07-6931343","07-6932496","有","有"
"14394053","20151105","20220713","允成製麵廠","UNCHUN NOODLES CO.","臺南市西港區後營里後營394之20號1樓","1 F., No. 394-20, Houying, Xigang Dist., Tainan City 723021, Taiwan (R.O.C.)","李O惠","0911-076337","","有","有"
"14395031","20020226","20210811","興明製衣廠","CHSING-NING FACTORY","臺南市南區彰南里新樂路55號2樓","2 F., No. 55, Xinle Rd., Zhangnan Vil., South Dist., Tainan City 70248, Taiwan (R.O.C.)","高O木","06-2917766","06-2917646","有","有"
"14395047","20040415","20210811","越新禮贈品企業社","YUEH HSIN DONATION & GIFTS ENTERPRISE CO.","臺南市北區正覺里公園路681巷28弄21號","No. 21, Aly. 28, Ln. 681, Gongyuan Rd., Zhengjue Vil., North Dist., Tainan City 70445, Taiwan (R.O.C.)","陳O秀","06-2815699","06-2813022","有","有"
"14395617","20020918","20210811","大利企業社","CHYUAN YI INDUSTRIAL CO.","臺南市安南區州南里大聖一街50巷45號1樓","1 F., No. 45, Ln. 50, Dasheng 1st St., Zhounan Vil., Annan Dist., Tainan City 70969, Taiwan (R.O.C.)","陳O文","06-2582392","06-2830680","有","有"
"14395686","20030919","20210811","雅潔妮美容生活企業社","YA NI CO.","臺南市新化區太平里民生路314巷73號1樓","1 F., No. 73, Ln. 314, Minsheng Rd., Taiping Vil., Xinhua Dist., Tainan City 71246, Taiwan (R.O.C.)","黃O榮","06-264-4731","","有","有"
"14395855","20020313","20210811","晉佑實業社","GEM YOW ENT. CO.","臺南市安南區海東里同安路367號1樓","1 F., No. 367, Tong’an Rd., Haidong Vil., Annan Dist., Tainan City 70943, Taiwan (R.O.C.)","林O伶","06-2559299","06-2471575","有","有"
"14396550","20020919","20210812","朝盛藥行","CHAOCHENNG HANG","臺南市安南區總頭里長溪路2段541號1樓","1 F., No. 541, Sec. 2, Changxi Rd., Zongtou Vil., Annan Dist., Tainan City 70967, Taiwan (R.O.C.)","翁O雍","06-2568476","","有","有"
"14396876","20020730","20210811","寶源莊","BOU YUAN STORE","臺南市東區圍下里北門路1段128之2號1樓","1 F., No. 128-2, Sec. 1, Beimen Rd., Weixia Vil., East Dist., Tainan City 70145, Taiwan (R.O.C.)","嚴O鈞","06-2970280","","有","有"
"14399472","20020410","20210811","岱胤企業社","V & V MOTO CO.","臺南市永康區西勢里廣興街29號1樓","1 F., No. 29, Guangxing St., Xishi Vil., Yongkang Dist., Tainan City 71059, Taiwan (R.O.C.)","王O真","06-2870665","06-2873360","有","有"
"14399727","20121116","20210812","慶豐農產行","CHING FENG AGRICULTURAL PRODUCTS CO.","臺南市北區小康里實踐街9號1樓","1 F., No. 9, Shijian St., Xiaokang Vil., North Dist., Tainan City 70461, Taiwan (R.O.C.)","陳O珍","06-2510974","06-2514980","有","有"
"14399748","20170518","20210811","良碩企業社","LANG SHUO CO.","臺南市南區喜東里喜樹路151巷57號1樓","1 F., No. 57, Ln. 151, Xishu Rd., Xidong Vil., South Dist., Tainan City 70261, Taiwan (R.O.C.)","林O真","06-2960067","06-2961295","有","有"
"14400344","20020823","20210812","正源果菜行","ZENGYUAMN CO.","臺南市安南區原佃里怡安路2段102號（台南市綜合農產品批發市場蔬菜類分貨場第340、341號攤位）","No. 102, Sec. 2, Yi’an Rd., Yuandian Vil., Annan Dist., Tainan City 70943, Taiwan (R.O.C.)","葉O明","06-2451706","","有","有"
"14400999","20020417","20220602","鴻羽企業社","HORING YEU ENTERPRISE CO.","臺南市安南區幸福里海佃路1段91號1樓","1 F., No. 91, Sec. 1, Haidian Rd., Xingfu Vil., Annan Dist., Tainan City 709030, Taiwan (R.O.C.)","楊O賢","06-2588198","","有","有"
"14403406","20020918","20230825","德真醫療器材行","DEZHEN HANG","臺南市北區仁愛里東豐路191巷16號1樓","1 F., No. 16, Ln. 191, Dongfeng Rd., Ren’ai Vil., North Dist., Tainan City 704023, Taiwan (R.O.C.)","翁O裕","06-2342573","","有","有"
"14404833","20110707","20210811","嘉晟企業社","JIA CHENG PRINTING CO.","臺南市北區大仁里北門路2段344巷17號1樓","1 F., No. 17, Ln. 344, Sec. 2, Beimen Rd., Daren Vil., North Dist., Tainan City 70449, Taiwan (R.O.C.)","陸O蓮","06-2818555","06-2820765","有","有"
"14405517","20180208","20210811","和美汽車材料商行","Huo Mei Automotive Materials Firm","臺南市東區崇成里崇明十五街28號1樓","1 F., No. 28, Chongming 15th St., Chongcheng Vil., East Dist., Tainan City 70168, Taiwan (R.O.C.)","莊O富","06-3363908","06-3363908","有","有"
"14410048","20160907","20240130","羽程企業社","YU CHENG MICGO STORE","臺中市太平區中興里永平路二段３２０之１號","No. 320-1, Sec. 2, Yongping Rd., Zhongxing Vil., Taiping Dist., Taichung City 411004, Taiwan (R.O.C.)","莊O蓁","04-22798787","04-22738123","有","有"
"14411476","20141119","20210811","鮮味食品廠","SHIAN WEI NOODLES FACTORY","臺中市霧峰區南柳里新厝路二六一巷十弄八之一號一樓","1 F., No. 8-1, Aly. 10, Ln. 261, Xincuo Rd., Nanliu Vil., Wufeng Dist., Taichung City 41354, Taiwan (R.O.C.)","何O慶","04-23309426","04-23309405","有","有"
"14413360","20021003","20210811","卉森便利商店","HUI SUN STORE","臺中市大甲區德化里賢仁路一二一號一樓","1 F., No. 121, Xianren Rd., Dehua Vil., Dajia Dist., Taichung City 43754, Taiwan (R.O.C.)","李O柔","04-26871189","","有","有"
"14413740","20080219","20240904","亨健塑膠工廠","HENG JIAN PLASTIC FACTORY","臺中市龍井區龍津里蚵寮路２５５巷５４弄２６號","No. 26, Aly. 54, Ln. 255, Keliao Rd., Longjin Vil., Longjing Dist., Taichung City 434011, Taiwan (R.O.C.)","何O銘","04-26300567","04-26307905","有","有"
"14414608","20100311","20221228","雅登傢俱名店","YA DENG CASA CO.","臺中市神岡區圳堵里和睦路一段61巷29號1樓","1 F., No. 29, Ln. 61, Sec. 1, Hemu Rd., Zundu Vil., Shengang Dist., Taichung City 429014, Taiwan (R.O.C.)","黃O思","04-24267886","04-24256520","無","無"
"14415352","20020301","20210812","昌榮貿易行","RICHMAN GROWING CO.","臺中市豐原區東湳里三豐路二段２７０號２樓","2 F., No. 270, Sec. 2, Sanfeng Rd., Dongnan Vil., Fengyuan Dist., Taichung City 42073, Taiwan (R.O.C.)","林O忠","04-2522-6030","","無","無"
"14417909","20020322","20210812","協宏企業社","SHYE HONG CO.","臺中市烏日區烏日里大同五街３９號１樓","1 F., No. 39, Datong 5th St., Wuri Vil., Wuri Dist., Taichung City 41449, Taiwan (R.O.C.)","陳O聲","04-23367531","04-23367495","有","有"
"14417984","20110118","20210811","鉦偉工業社","TZENG WEI INDUSTRIAL CO.","臺中市大肚區成功里文昌路三段３３５巷７５號","No. 75, Ln. 335, Sec. 3, Wenchang Rd., Chenggong Vil., Dadu Dist., Taichung City 43243, Taiwan (R.O.C.)","陳O文","04-26981628","04-26990240","有","有"
"14418652","20200806","20210812","興富貴金紙廠","Xing Fu Gui Factory","臺中市清水區楊厝里楊厝一街３１號１樓","1 F., No. 31, Yangcuo 1st St., Yangcuo Vil., Qingshui Dist., Taichung City 43641, Taiwan (R.O.C.)","楊O玲","04-26201352","","有","有"
"14419370","20191218","20210811","昇揚樂器廠","Sheng yang Musical Instrument Factory","臺中市豐原區東湳里三豐路二段５２２巷１２弄３號","No. 3, Aly. 12, Ln. 522, Sec. 2, Sanfeng Rd., Dongnan Vil., Fengyuan Dist., Taichung City 42073, Taiwan (R.O.C.)","廖O賢","04-25262964","","有","有"
"14419532","20050105","20210812","感恩金屬藝品行","KAN-EN METAL ARTS CO.","臺中市潭子區福仁里環中東路一段１２３號１樓","1 F., No. 123, Sec. 1, Huanzhong E. Rd., Furen Vil., Tanzi Dist., Taichung City 42744, Taiwan (R.O.C.)","黃O儒","04-25390124","04-25384550","有","有"
"14419792","20020603","20250506","久慶商行","JUKING INTERNATIONAL CO.","臺中市豐原區朴子里朴子街３４巷２２號１樓","1 F., No. 22, Ln. 34, Puzi St., Puzi Vil., Fengyuan Dist., Taichung City 42072, Taiwan (R.O.C.)","張O勝","04-25275888","04-25153421","有","有"
"14420067","20051020","20210811","星助電機自動控制廠","HSINCHU AUTOMATION FACTORY","臺中市豐原區南田里南田街二七七號一樓","1 F., No. 277, Nantian St., Nantian Vil., Fengyuan Dist., Taichung City 42074, Taiwan (R.O.C.)","林O湄","04-2526-5093","04-2520-2096","有","有"
"14420313","20080610","20210811","連榮企業社","LAN LONG ENTERPRISE CO.","臺中市龍井區新庄里中沙路新庄仔巷５３－６號１樓","1 F., No. 53-6, Xinzhuangzai Ln., Zhongsha Rd., Xinzhuang Vil., Longjing Dist., Taichung City 43441, Taiwan (R.O.C.)","林O清","04-26319047","","有","有"
"14420812","20030929","20210811","俋姿代行店","YEE ZI STORE","臺中市大甲區朝陽里民生路三一號一樓","1 F., No. 31, Minsheng Rd., Chaoyang Vil., Dajia Dist., Taichung City 43746, Taiwan (R.O.C.)","張O色","07-6263483","","有","有"
"14420828","20170508","20210811","車城材料行","MOVE AUTOMOBILE CO.","臺中市太平區福隆里光興路１３３７號１樓","1 F., No. 1337, Guangxing Rd., Fulong Vil., Taiping Dist., Taichung City 41149, Taiwan (R.O.C.)","陳O偉","0953902293","","有","有"
"14422987","20020828","20210811","佶立商行","CHILY STORE","臺中市大雅區大雅里大榮街六一號一樓","1 F., No. 61, Darong St., Daya Vil., Daya Dist., Taichung City 42869, Taiwan (R.O.C.)","吳O湖","04-2580-8832","","有","有"
"14426935","20240529","20240529","名順企業社","MING SHUN Co.","臺中市大雅區大楓里昌平路四段７１３號","No. 713, Sec. 4, Changping Rd., Dafeng Vil., Daya Dist., Taichung City 428017, Taiwan (R.O.C.)","周O花","","","有","有"
"14427337","20030815","20210812","成茂五金商行","CHEN MOW HARDWARE COMPANY","臺中市龍井區新東里新興路八十八號","No. 88, Xinxing Rd., Xindong Vil., Longjing Dist., Taichung City 43442, Taiwan (R.O.C.)","許O斌","03-479-3113","03-479-3119","有","有"
"14427821","20030220","20210811","將勤塑膠五金廠","ENRICH PLASTIC HARDWARE FACTORY","臺中市龍井區忠和里台西南路二五六巷三十弄五號","No. 5, Aly. 30, Ln. 256, Taixi S. Rd., Zhonghe Vil., Longjing Dist., Taichung City 43445, Taiwan (R.O.C.)","何O興","886-4-26394255","886-4-26302782","有","有"
"14428032","20201119","20210811","歌德服飾店","Goethe Clothing Store","臺中市大里區東興里東榮路４４２號一樓","1 F., No. 442, Dongrong Rd., Dongxing Vil., Dali Dist., Taichung City 41265, Taiwan (R.O.C.)","鄭O真","04-24824517","","有","有"
"14428146","20130425","20210811","全億機械廠","CHUAN YIH MACHINERY FACTORY","臺中市大雅區橫山里中山路１４３巷１０弄１０號１樓","1 F., No. 10, Aly. 10, Ln. 143, Zhongshan Rd., Hengshan Vil., Daya Dist., Taichung City 42841, Taiwan (R.O.C.)","林O彬","04-22993876","04-22993877","有","有"
"14428722","20030929","20210811","超然工業社","CHAU RAN INDUSTRIAL CO.","臺中市龍井區龍東里龍門路３８號１樓","1 F., No. 38, Longmen Rd., Longdong Vil., Longjing Dist., Taichung City 43443, Taiwan (R.O.C.)","陳O輝","04-2630-2220","04-2630-2220","有","有"
"14434560","20020731","20210811","素蘭商行","SUH LAN SHOP","基隆市中正區真砂里祥豐街九五之五號一樓","1 F., No. 95-5, Xiangfeng St., Zhensha Vil., Zhongzheng Dist., Keelung City 20243, Taiwan (R.O.C.)","陳O蘭","02-25713210","02-25517406","有","有"
"14434576","20020731","20210811","玉鳳商行","YUH FENQ SHOP","基隆市中正區真砂里祥豐街九五之五號一樓","1 F., No. 95-5, Xiangfeng St., Zhensha Vil., Zhongzheng Dist., Keelung City 20243, Taiwan (R.O.C.)","杜O鳳","02-25713210","02-25517406","有","有"
"14434581","20020731","20210811","玉如商行","YUH RU SHOP","基隆市中正區真砂里祥豐街九七號一樓","1 F., No. 97, Xiangfeng St., Zhensha Vil., Zhongzheng Dist., Keelung City 20243, Taiwan (R.O.C.)","陳O如","02-25713210","02-25517406","有","有"
"14434597","20020731","20210811","國萍商行","GWO PYNG SHOP","基隆市中正區真砂里祥豐街九七號一樓","1 F., No. 97, Xiangfeng St., Zhensha Vil., Zhongzheng Dist., Keelung City 20243, Taiwan (R.O.C.)","陳O萍","02-25713210","02-25517406","有","有"
"14434604","20020731","20210811","文媛商行","WEN YUAN MISS SHOP","基隆市中正區真砂里祥豐街九七之一號一樓","1 F., No. 97-1, Xiangfeng St., Zhensha Vil., Zhongzheng Dist., Keelung City 20243, Taiwan (R.O.C.)","卓O媛","02-25713210","02-25517406","有","有"
"14434610","20020731","20210811","黃德商行","HWANG DER SIR SHOP","基隆市中正區真砂里祥豐街九七之一號一樓","1 F., No. 97-1, Xiangfeng St., Zhensha Vil., Zhongzheng Dist., Keelung City 20243, Taiwan (R.O.C.)","黃O榮","02-2571-3210","02-2551-7406","有","有"
"14434626","20020731","20210811","慧玲商行","HUEY LING SHOP","基隆市中正區真砂里祥豐街九九號一樓","1 F., No. 99, Xiangfeng St., Zhensha Vil., Zhongzheng Dist., Keelung City 20243, Taiwan (R.O.C.)","陳O玲","02-25713210","02-25517406","有","有"
"14434631","20020731","20210811","漢榮商行","HANN PONG SIR SHOP","基隆市中正區真砂里祥豐街九九號一樓","1 F., No. 99, Xiangfeng St., Zhensha Vil., Zhongzheng Dist., Keelung City 20243, Taiwan (R.O.C.)","陳O榮","02-25713210","02-25517406","有","有"
"14434647","20020731","20210811","寶桂商行","BAO GUEY SHOP","基隆市中正區真砂里祥豐街九九之一號一樓","1 F., No. 99-1, Xiangfeng St., Zhensha Vil., Zhongzheng Dist., Keelung City 20243, Taiwan (R.O.C.)","詹O桂","02-25713210","02-25517406","有","有"
"14434652","20020731","20210811","梁虎商行","LIANG HUU SHOP","基隆市中正區真砂里祥豐街九九之一號一樓","1 F., No. 99-1, Xiangfeng St., Zhensha Vil., Zhongzheng Dist., Keelung City 20243, Taiwan (R.O.C.)","梁O虎","02-2571-3210","02-2551-7406","有","有"
"14434674","20020731","20210811","明豊商行","MING LII SHOP","基隆市中正區真砂里祥豐街九九之三號一樓","1 F., No. 99-3, Xiangfeng St., Zhensha Vil., Zhongzheng Dist., Keelung City 20243, Taiwan (R.O.C.)","蘇O豊","02-25713210","02-25517406","有","有"
"14434689","20020731","20210811","玲玲商行","LING LING SHOP","基隆市中正區真砂里祥豐街一一九號一樓","1 F., No. 119, Xiangfeng St., Zhensha Vil., Zhongzheng Dist., Keelung City 20243, Taiwan (R.O.C.)","陳OO","02-25713210","02-25517406","有","有"
"14434695","20020731","20210811","麗燁商行","LIH YEH MISS SHOP","基隆市中正區真砂里祥豐街一一九號一號","No. 119, Xiangfeng St., Zhensha Vil., Zhongzheng Dist., Keelung City 20243, Taiwan (R.O.C.)","姜O燁","02-25713210","02-25517406","有","有"
"14434885","20020904","20210811","文龍商行","WEN LONG SIR SHOP","基隆市中正區真砂里祥豐街九九之三號一樓","1 F., No. 99-3, Xiangfeng St., Zhensha Vil., Zhongzheng Dist., Keelung City 20243, Taiwan (R.O.C.)","張O龍","02-25713210","02-25517406","有","有"
"14434908","20020904","20210811","麗雲商行","LIH YUN SHOP","基隆市中正區真砂里祥豐街九五號三樓之三","3F.-3, No. 95, Xiangfeng St., Zhensha Vil., Zhongzheng Dist., Keelung City 20243, Taiwan (R.O.C.)","李O雲","02-25713210","02-25517406","有","有"
"14434914","20020904","20210811","得煒商行","DER WEI SHOP","基隆市中正區真砂里祥豐街九九號二樓之三","2F.-3, No. 99, Xiangfeng St., Zhensha Vil., Zhongzheng Dist., Keelung City 20243, Taiwan (R.O.C.)","劉O煒","02-25713210","02-25517106","有","有"
"14434935","20020904","20210811","詩富商行","SHY FUH SHOP","基隆市中正區真砂里祥豐街九五號五樓之四","5F.-4, No. 95, Xiangfeng St., Zhensha Vil., Zhongzheng Dist., Keelung City 20243, Taiwan (R.O.C.)","王O富","02-25713210","02-25517406","有","有"
"14434962","20020904","20210811","愛月商行","AY YUEH SHOP","基隆市中正區真砂里祥豐街九五號五樓之五","5F.-5, No. 95, Xiangfeng St., Zhensha Vil., Zhongzheng Dist., Keelung City 20243, Taiwan (R.O.C.)","王O愛月","02-25713210","02-25517406","有","有"
"14434978","20020904","20210811","國儀商行","GWO YI SHOP","基隆市中正區真砂里祥豐街九五號三樓之七","3F.-7, No. 95, Xiangfeng St., Zhensha Vil., Zhongzheng Dist., Keelung City 20243, Taiwan (R.O.C.)","董O國儀","02-25713210","02-25517406","有","有"
"14434983","20020904","20210811","素琴商行","SUH CHYN SHOP","基隆市中正區真砂里祥豐街九五號四樓之九","4F.-9, No. 95, Xiangfeng St., Zhensha Vil., Zhongzheng Dist., Keelung City 20243, Taiwan (R.O.C.)","陳O琴","02-25713210","02-25517406","有","有"
"14435012","20020904","20210811","雅美商行","YAH MEEI SHOP","基隆市中正區真砂里祥豐街九五號四樓之十二","4F.-12, No. 95, Xiangfeng St., Zhensha Vil., Zhongzheng Dist., Keelung City 20243, Taiwan (R.O.C.)","周O美","02-25713210","02-25517406","有","有"
"14435028","20020904","20210811","以恭商行","YII GONG SHOP","基隆市中正區真砂里祥豐街九五號三樓之一０","3F.-10, No. 95, Xiangfeng St., Zhensha Vil., Zhongzheng Dist., Keelung City 20243, Taiwan (R.O.C.)","邱O恭","02-25713210","02-25517406","有","有"
"14435977","20090706","20250429","天興國際企業社","TEN HSIEN INTERNATIONAL COMPANY","基隆市暖暖區暖西里暖暖街三七九巷一三四號一樓","1 F., No. 134, Ln. 379, Nuannuan St., Nuanxi Vil., Nuannuan Dist., Keelung City 20544, Taiwan (R.O.C.)","林O蘭","02-24570298","02-24582295","有","有"
"14441372","20020826","20210812","京燕企業社","YUEH YUAN ENTERPRISE COMPANY","基隆市中正區調和街290巷193號","No. 193, Ln. 290, Diaohe St., Zhongzheng Dist., Keelung City 20249, Taiwan (R.O.C.)","許O燕","02-24697135","02-24697135","有","有"
"14442288","20020904","20210811","愛雲商行","AY YUN SHOP","基隆市中正區真砂里祥豐街九五號三樓之一二","3F.-12, No. 95, Xiangfeng St., Zhensha Vil., Zhongzheng Dist., Keelung City 20243, Taiwan (R.O.C.)","邱O雲","02-25713210","02-25517406","有","有"
"14442294","20020904","20210811","敏芳商行","MIIN FANG MISS SHOP","基隆市中正區真砂里祥豐街九五號五樓之一０","5F.-10, No. 95, Xiangfeng St., Zhensha Vil., Zhongzheng Dist., Keelung City 20243, Taiwan (R.O.C.)","蔡O芳","2571-3210","25517406","有","有"
"14442301","20020904","20210811","家豪商行","JIA HAUR SHOP","基隆市中正區真砂里祥豐街九五號三樓之六","3F.-6, No. 95, Xiangfeng St., Zhensha Vil., Zhongzheng Dist., Keelung City 20243, Taiwan (R.O.C.)","張O豪","02-25713210","02-25517406","有","有"
"14442317","20020904","20210811","紀珍商行","JIH JEN SHOP","基隆市中正區真砂里祥豐街九五號三樓之八","3F.-8, No. 95, Xiangfeng St., Zhensha Vil., Zhongzheng Dist., Keelung City 20243, Taiwan (R.O.C.)","陳O珍","02-25713210","02-25517406","有","有"
"14442323","20020904","20210811","子銘商行","TZYY MING SIR SHOP","基隆市中正區真砂里祥豐街九五號五樓之八","5F.-8, No. 95, Xiangfeng St., Zhensha Vil., Zhongzheng Dist., Keelung City 20243, Taiwan (R.O.C.)","王O銘","02-25713210","02-25517406","有","有"
"14442338","20020904","20210811","逸鈞商行","I JIUN SHOP","基隆市中正區真砂里祥豐街九五號四樓之五","4F.-5, No. 95, Xiangfeng St., Zhensha Vil., Zhongzheng Dist., Keelung City 20243, Taiwan (R.O.C.)","王O鈞","02-25713210","02-25517406","有","有"
"14442359","20020904","20210811","華英商行","HUA ING SHOP","基隆市中正區真砂里祥豐街九五號三樓之九","3F.-9, No. 95, Xiangfeng St., Zhensha Vil., Zhongzheng Dist., Keelung City 20243, Taiwan (R.O.C.)","陳O英","02-25713210","02-25517406","有","有"
"14442365","20020904","20210811","慧琴商行","HUEY CHYN SHOP","基隆市中正區真砂里祥豐街九五號五樓之七","5F.-7, No. 95, Xiangfeng St., Zhensha Vil., Zhongzheng Dist., Keelung City 20243, Taiwan (R.O.C.)","王O琴","02-25713210","02-25517406","有","有"
"14442371","20020904","20210811","肅娥商行","SUH ER SHOP","基隆市中正區真砂里祥豐街九五號二樓之四","2F.-4, No. 95, Xiangfeng St., Zhensha Vil., Zhongzheng Dist., Keelung City 20243, Taiwan (R.O.C.)","林O娥","02-25713210","02-25517406","有","有"
"14442386","20020904","20210811","得聖商行","DER SHENQ  SHOP","基隆市中正區真砂里祥豐街一一九號二樓","2 F., No. 119, Xiangfeng St., Zhensha Vil., Zhongzheng Dist., Keelung City 20243, Taiwan (R.O.C.)","劉O聖","02-25713210","02-25517406","有","有"
"14442392","20020904","20210811","舒萍商行","SHU PYNG SHOP","基隆市中正區真砂里祥豐街九五號三樓之四","3F.-4, No. 95, Xiangfeng St., Zhensha Vil., Zhongzheng Dist., Keelung City 20243, Taiwan (R.O.C.)","張O萍","02-25713210","02-25517406","有","有"
"14442409","20020904","20210811","金騰商行","JIN TERNG SIR SHOP","基隆市中正區真砂里祥豐街一一九之一號二樓","2 F., No. 119-1, Xiangfeng St., Zhensha Vil., Zhongzheng Dist., Keelung City 20243, Taiwan (R.O.C.)","張O騰","02-25713210","02-25517406","有","有"
"14442415","20020904","20210811","如玉商行","RU YUH MISS SHOP","基隆市中正區真砂里祥豐街九五號三樓之五","3F.-5, No. 95, Xiangfeng St., Zhensha Vil., Zhongzheng Dist., Keelung City 20243, Taiwan (R.O.C.)","杜O如","02-25713210","02-25517406","有","有"
"14442463","20020916","20210811","昆燦商行","KUEN TSANN SHOP","基隆市中正區真砂里祥豐街九五號六樓之一","6F.-1, No. 95, Xiangfeng St., Zhensha Vil., Zhongzheng Dist., Keelung City 20243, Taiwan (R.O.C.)","蔡O燦","25713210","24632669","有","有"
"14442479","20020916","20210811","美智商行","MEEI JYH SHOP","基隆市中正區祥豐街一一九號五樓","5 F., No. 119, Xiangfeng St., Zhongzheng Dist., Keelung City 20243, Taiwan (R.O.C.)","陳O美智","25713210","24632669","有","有"
"14442490","20020916","20210811","又新商行","YOW SHIN SIR SHOP","基隆市中正區真砂里祥豐街九五號六樓之五","6F.-5, No. 95, Xiangfeng St., Zhensha Vil., Zhongzheng Dist., Keelung City 20243, Taiwan (R.O.C.)","陳O新","02-25713210","02-24632669","有","有"
"14442506","20020916","20210811","菀婷商行","WOAN TYNG SHOP","基隆市中正區真砂里祥豐街九五號六樓之七","6F.-7, No. 95, Xiangfeng St., Zhensha Vil., Zhongzheng Dist., Keelung City 20243, Taiwan (R.O.C.)","蔡O婷","02-25713210","02-24632669","有","有"
"14442512","20020923","20210811","珠明商行","JU MING SHOP","基隆市中正區真砂里祥豐街九五號六樓之八","6F.-8, No. 95, Xiangfeng St., Zhensha Vil., Zhongzheng Dist., Keelung City 20243, Taiwan (R.O.C.)","周O珠","02-25713210","02-24632669","有","有"
"14442528","20020916","20210811","偉嵩商行","WOEI SONG SHOP","基隆市中正區真砂里祥豐街一一九之一號三樓","3 F., No. 119-1, Xiangfeng St., Zhensha Vil., Zhongzheng Dist., Keelung City 20243, Taiwan (R.O.C.)","李O嵩","25713210","24632669","有","有"
"14443532","20021018","20210811","劉春商行","LIU CHUN MISS SHOP","基隆市中正區真砂里祥豐街九五號五樓之八","5F.-8, No. 95, Xiangfeng St., Zhensha Vil., Zhongzheng Dist., Keelung City 20243, Taiwan (R.O.C.)","劉O春","25713210","24632669","有","有"
"14443548","20021018","20210811","焦榕商行","CHIAO JUNG SHOP","基隆市中正區中正里祥豐街九五號五樓之十","5F.-10, No. 95, Xiangfeng St., Zhongzheng Vil., Zhongzheng Dist., Keelung City 20243, Taiwan (R.O.C.)","焦O榕","25713210","24632669","有","有"
"14443553","20021018","20210811","子嫣商行","CHUNG YEN SHOP","基隆市中正區真砂里祥豐街九五號五樓之九","5F.-9, No. 95, Xiangfeng St., Zhensha Vil., Zhongzheng Dist., Keelung City 20243, Taiwan (R.O.C.)","莊O嫣","25713210","24632669","有","有"
"14443569","20021018","20210811","治平商行","CHU PING SHOP","基隆市中正區真砂里祥豐街九九號五樓之四","5F.-4, No. 99, Xiangfeng St., Zhensha Vil., Zhongzheng Dist., Keelung City 20243, Taiwan (R.O.C.)","魯O平","25713210","24632669","有","有"
"14443575","20021018","20210811","魯鳳商行","LU HUA SHOP","基隆市中正區真砂里祥豐街一一九號五樓","5 F., No. 119, Xiangfeng St., Zhensha Vil., Zhongzheng Dist., Keelung City 20243, Taiwan (R.O.C.)","魯O華","25713210","24632669","有","有"
"14443580","20021018","20210811","林月商行","LIN YUEH SHOP","基隆市中正區真砂里祥豐街九五號六樓之一","6F.-1, No. 95, Xiangfeng St., Zhensha Vil., Zhongzheng Dist., Keelung City 20243, Taiwan (R.O.C.)","許O月","25713210","24632669","有","有"
"14443596","20021018","20210811","張吟商行","CHANG YIN MISS SHOP","基隆市中正區真砂里祥豐街九五號五樓之七","5F.-7, No. 95, Xiangfeng St., Zhensha Vil., Zhongzheng Dist., Keelung City 20243, Taiwan (R.O.C.)","張O吟","25713210","24632669","有","有"
"14443603","20021018","20210811","孫忠商行","SUN CHUNG SHOP","基隆市中正區真砂里祥豐街九五號三樓之十二","3F.-12, No. 95, Xiangfeng St., Zhensha Vil., Zhongzheng Dist., Keelung City 20243, Taiwan (R.O.C.)","張O忠","25713210","24632669","有","有"
"14443619","20021018","20210811","朱榆商行","HUI YU SHOP","基隆市中正區真砂里祥豐街九五號三樓之一四","3F.-14, No. 95, Xiangfeng St., Zhensha Vil., Zhongzheng Dist., Keelung City 20243, Taiwan (R.O.C.)","朱O榆","25713210","24632669","有","有"
"14443625","20021018","20210811","煌池商行","HUANG CHIH SHOP","基隆市中正區真砂里祥豐街一一九之一號三樓","3 F., No. 119-1, Xiangfeng St., Zhensha Vil., Zhongzheng Dist., Keelung City 20243, Taiwan (R.O.C.)","陳O池","25713210","24632669","有","有"
"14443630","20021018","20210811","余達商行","KUEI TA SHOP","基隆市中正區真砂里祥豐街九五號四樓之三","4F.-3, No. 95, Xiangfeng St., Zhensha Vil., Zhongzheng Dist., Keelung City 20243, Taiwan (R.O.C.)","余O達","25713210","24632669","有","有"
"14443651","20021018","20210811","詩勤商行","SHIH CHNG SHOP","基隆市中正區真砂里祥豐街九五號四樓之六","4F.-6, No. 95, Xiangfeng St., Zhensha Vil., Zhongzheng Dist., Keelung City 20243, Taiwan (R.O.C.)","余O勤","25713210","24632669","有","有"
"14443667","20021018","20210811","余甘商行","YU KAN SHOP","基隆市中正區真砂里祥豐街九五號四樓之九","4F.-9, No. 95, Xiangfeng St., Zhensha Vil., Zhongzheng Dist., Keelung City 20243, Taiwan (R.O.C.)","余O阿甘","25713210","24632669","有","有"
"14443673","20021018","20210811","廖民商行","LIAO MIN SHOP","基隆市中正區真砂里祥豐街九五號四樓之一０","4F.-10, No. 95, Xiangfeng St., Zhensha Vil., Zhongzheng Dist., Keelung City 20243, Taiwan (R.O.C.)","廖O民","25713210","24632669","有","有"
"14443688","20021021","20210811","陳貞商行","CHEN CHENG MISS SHOP","基隆市中正區真砂里祥豐街九五號四樓之一二","4F.-12, No. 95, Xiangfeng St., Zhensha Vil., Zhongzheng Dist., Keelung City 20243, Taiwan (R.O.C.)","陳O貞","02-25713210","02-24632669","有","有"
"14443694","20021018","20210811","蘇名商行","SU MING SIR SHOP","基隆市中正區真砂里祥豐街九九號四樓之五","4F.-5, No. 99, Xiangfeng St., Zhensha Vil., Zhongzheng Dist., Keelung City 20243, Taiwan (R.O.C.)","蘇O名","25713210","24632669","有","有"
"14443723","20021018","20210811","維袗商行","WEI CHEN MISS SHOP","基隆市中正區真砂里祥豐街九五號五樓之五","5F.-5, No. 95, Xiangfeng St., Zhensha Vil., Zhongzheng Dist., Keelung City 20243, Taiwan (R.O.C.)","蘇O袗","25713210","24632669","有","有"
"14443786","20021018","20210811","秦嬌商行","CHIN CHIAO SHOP","基隆市中正區真砂里祥豐街九五號三樓之五","3F.-5, No. 95, Xiangfeng St., Zhensha Vil., Zhongzheng Dist., Keelung City 20243, Taiwan (R.O.C.)","秦O嬌","25713210","24632669","有","有"
"14443792","20021018","20210811","蘇恍商行","SU HUANG SHOP","基隆市中正區真砂里祥豐街九五號七樓之四","7F.-4, No. 95, Xiangfeng St., Zhensha Vil., Zhongzheng Dist., Keelung City 20243, Taiwan (R.O.C.)","蘇O","25713210","24632669","有","有"
"14443809","20021018","20210811","蘇富商行","SU KUEI SHOP","基隆市中正區真砂里祥豐街九五號七樓之五","7F.-5, No. 95, Xiangfeng St., Zhensha Vil., Zhongzheng Dist., Keelung City 20243, Taiwan (R.O.C.)","蘇O貴","25713210","24632669","有","有"
"14443815","20021018","20210811","蘇霞商行","SU HSIA SHOP","基隆市中正區真砂里祥豐街九五號七樓之八","7F.-8, No. 95, Xiangfeng St., Zhensha Vil., Zhongzheng Dist., Keelung City 20243, Taiwan (R.O.C.)","蘇O玉霞","25713210","24632669","有","有"
"14443821","20021018","20210811","黃玉商行","HUANG HUI SHOP","基隆市中正區真砂里祥豐街九五號七樓之九","7F.-9, No. 95, Xiangfeng St., Zhensha Vil., Zhongzheng Dist., Keelung City 20243, Taiwan (R.O.C.)","黃O惠","25713210","24632669","有","有"
"14443836","20021018","20210811","蘇圳商行","SU CHUN SHOP","基隆市中正區真砂里祥豐街九五號七樓之一０","7F.-10, No. 95, Xiangfeng St., Zhensha Vil., Zhongzheng Dist., Keelung City 20243, Taiwan (R.O.C.)","蘇O圳","25713210","24632669","有","有"
"14443842","20021018","20210811","游珠商行","YU CHU SHOP","基隆市中正區真砂里祥豐街九五號三樓之九","3F.-9, No. 95, Xiangfeng St., Zhensha Vil., Zhongzheng Dist., Keelung City 20243, Taiwan (R.O.C.)","游O珠","25713210","24632669","有","有"
"14443857","20021018","20210811","胡桂商行","HU KUEI SHOP","基隆市中正區真砂里祥豐街九五號七樓之一二","7F.-12, No. 95, Xiangfeng St., Zhensha Vil., Zhongzheng Dist., Keelung City 20243, Taiwan (R.O.C.)","胡O香","02-2571-3210","02-2463-2669","有","有"
"14443863","20021018","20210811","朱娟商行","CHU CHUAN MISS SHOP","基隆市中正區真砂里祥豐街九五號三樓之一０","3F.-10, No. 95, Xiangfeng St., Zhensha Vil., Zhongzheng Dist., Keelung City 20243, Taiwan (R.O.C.)","朱O娟","25713210","24632669","有","有"
"14443879","20021018","20210811","譚強商行","TAN CHIANA SHOP","基隆市中正區真砂里祥豐街九五號三樓之四","3F.-4, No. 95, Xiangfeng St., Zhensha Vil., Zhongzheng Dist., Keelung City 20243, Taiwan (R.O.C.)","譚O強","25713210","24632669","有","有"
"14443884","20021018","20210811","金幸商行","CHIN HSING MISS SHOP","基隆市中正區真砂里祥豐街九五號三樓之九","3F.-9, No. 95, Xiangfeng St., Zhensha Vil., Zhongzheng Dist., Keelung City 20243, Taiwan (R.O.C.)","林O幸","25713210","24632669","有","有"
"14443890","20021018","20210811","婇薇商行","TSAI WEI SHOP","基隆市中正區真砂里祥豐街九五號五樓之一０","5F.-10, No. 95, Xiangfeng St., Zhensha Vil., Zhongzheng Dist., Keelung City 20243, Taiwan (R.O.C.)","李O薇","25713210","24632669","有","有"
"14443907","20021018","20210811","傅燕商行","FU YEN MISS SHOP","基隆市中正區真砂里祥豐街九五號三樓之九","3F.-9, No. 95, Xiangfeng St., Zhensha Vil., Zhongzheng Dist., Keelung City 20243, Taiwan (R.O.C.)","傅O燕","25713210","24632669","有","有"
"14443913","20021018","20210811","李恩商行","LI EN SIR SHOP","基隆市中正區真砂里祥豐街九五號二樓之四","2F.-4, No. 95, Xiangfeng St., Zhensha Vil., Zhongzheng Dist., Keelung City 20243, Taiwan (R.O.C.)","李O恩","25713210","24632669","有","有"
"14443929","20021018","20210811","吳清商行","WU HSIUNG SIR SHOP","基隆市中正區真砂里祥豐街一一九之一號七樓","7 F., No. 119-1, Xiangfeng St., Zhensha Vil., Zhongzheng Dist., Keelung City 20243, Taiwan (R.O.C.)","吳O雄","25713210","24632669","有","有"
"14443934","20021018","20210811","致瑋商行","CHU WEI SHOP","基隆市中正區真砂里祥豐街一一九號七樓","7 F., No. 119, Xiangfeng St., Zhensha Vil., Zhongzheng Dist., Keelung City 20243, Taiwan (R.O.C.)","林O禕","25713210","24632669","有","有"
"14443940","20021018","20210811","韻如商行","YUN JU SHOP","基隆市中正區真砂里祥豐街九五號三樓之四","3F.-4, No. 95, Xiangfeng St., Zhensha Vil., Zhongzheng Dist., Keelung City 20243, Taiwan (R.O.C.)","焦O如","25713210","24632669","有","有"
"14443955","20021018","20210811","陶月商行","TAO YUEH SHOP","基隆市中正區真砂里祥豐街九五號三樓之三","3F.-3, No. 95, Xiangfeng St., Zhensha Vil., Zhongzheng Dist., Keelung City 20243, Taiwan (R.O.C.)","陶O月","25713210","24632669","有","有"
"14443961","20021018","20210811","張珍商行","CHANG CHEN MISS SHOP","基隆市中正區真砂里祥豐街一一九之一號二樓","2 F., No. 119-1, Xiangfeng St., Zhensha Vil., Zhongzheng Dist., Keelung City 20243, Taiwan (R.O.C.)","張O珍","25713210","24632669","有","有"
"14443977","20021018","20210811","姜秀商行","CHIANG HSIU SHOP","基隆市中正區真砂里祥豐街一一九號二樓","2 F., No. 119, Xiangfeng St., Zhensha Vil., Zhongzheng Dist., Keelung City 20243, Taiwan (R.O.C.)","姜O秀","25713210","24632669","有","有"
"14443982","20021018","20210811","陳麗商行","CHEN LI MISS SHOP","基隆市中正區真砂里祥豐街九五號六樓之三","6F.-3, No. 95, Xiangfeng St., Zhensha Vil., Zhongzheng Dist., Keelung City 20243, Taiwan (R.O.C.)","陳O珠","25713210","24632669","有","有"
"14443998","20021018","20210811","珮如商行","PEI JU SHOP","基隆市中正區真砂里祥豐街一一九之一號六樓","6 F., No. 119-1, Xiangfeng St., Zhensha Vil., Zhongzheng Dist., Keelung City 20243, Taiwan (R.O.C.)","陳O如","25713210","24632669","有","有"
"14444005","20021018","20210811","信裕商行","HSUN YU SHOP","基隆市中正區真砂里祥豐街九五號三樓之六","3F.-6, No. 95, Xiangfeng St., Zhensha Vil., Zhongzheng Dist., Keelung City 20243, Taiwan (R.O.C.)","陳O裕","25713210","24632669","有","有"
"14444011","20021018","20210811","陳景商行","CHEN CHING SIR SHOP","基隆市中正區真砂里祥豐街九五號六樓之九","6F.-9, No. 95, Xiangfeng St., Zhensha Vil., Zhongzheng Dist., Keelung City 20243, Taiwan (R.O.C.)","陳O春","25713210","24632669","有","有"
"14444027","20021018","20210811","吳美商行","WU MEI SHOP","基隆市中正區真砂里祥豐街九五號六樓之十","6F.-10, No. 95, Xiangfeng St., Zhensha Vil., Zhongzheng Dist., Keelung City 20243, Taiwan (R.O.C.)","吳O美","25713210","24632669","有","有"
"14444032","20021018","20210811","洪芳商行","HUNG FANG MISS SHOP","基隆市中正區真砂里祥豐街九三之二號七樓","7 F., No. 93-2, Xiangfeng St., Zhensha Vil., Zhongzheng Dist., Keelung City 20243, Taiwan (R.O.C.)","洪O芳","25713210","24632669","有","有"
"14444048","20021018","20210811","允枝商行","YUNG CHIH MISS SHOP","基隆市中正區真砂里祥豐街九五號三樓之三","3F.-3, No. 95, Xiangfeng St., Zhensha Vil., Zhongzheng Dist., Keelung City 20243, Taiwan (R.O.C.)","陳O枝","25713210","24632669","有","有"
"14444053","20021018","20210811","秀玲商行","HSIU LING SHOP","基隆市中正區真砂里祥豐街一一九號七樓","7 F., No. 119, Xiangfeng St., Zhensha Vil., Zhongzheng Dist., Keelung City 20243, Taiwan (R.O.C.)","張O玲","25713210","24632669","有","有"
"14444069","20021018","20210811","姵君商行","PEI CHUN SHOP","基隆市中正區真砂里祥豐街九五號七樓之一四","7F.-14, No. 95, Xiangfeng St., Zhensha Vil., Zhongzheng Dist., Keelung City 20243, Taiwan (R.O.C.)","陳O君","25713210","24632669","有","有"
"14444075","20021017","20210811","高松商行","KAO SUNG SHOP","基隆市中正區真砂里祥豐街一一九之一號七樓","7 F., No. 119-1, Xiangfeng St., Zhensha Vil., Zhongzheng Dist., Keelung City 20243, Taiwan (R.O.C.)","吳O松","25713210","24632669","有","有"
"14444080","20021017","20210811","姚淑商行","YAO SHU SHOP","基隆市中正區真砂里祥豐街九五號五樓之三","5F.-3, No. 95, Xiangfeng St., Zhensha Vil., Zhongzheng Dist., Keelung City 20243, Taiwan (R.O.C.)","姚O娟","25713210","24632669","有","有"
"14444096","20021017","20210811","陳俊商行","CHEN CHUN SHOP","基隆市中正區真砂里祥豐街九五號五樓之九","5F.-9, No. 95, Xiangfeng St., Zhensha Vil., Zhongzheng Dist., Keelung City 20243, Taiwan (R.O.C.)","陳O俊","25713210","24632669","有","有"
"14444103","20021017","20210811","曾妹商行","TSENG MEI MISS SHOP","基隆市中正區真砂里祥豐街九五號四樓之六","4F.-6, No. 95, Xiangfeng St., Zhensha Vil., Zhongzheng Dist., Keelung City 20243, Taiwan (R.O.C.)","曾O","25713210","24632669","有","有"
"14444119","20021017","20210811","賴香商行","LAI HSIANG SHOP","基隆市中正區真砂里祥豐街九五號三樓之六","3F.-6, No. 95, Xiangfeng St., Zhensha Vil., Zhongzheng Dist., Keelung City 20243, Taiwan (R.O.C.)","賴O春香","25713210","24632669","有","有"
"14444125","20021017","20210811","憶嵐商行","I LAN MISS SHOP","基隆市中正區真砂里祥豐街九五號七樓之四","7F.-4, No. 95, Xiangfeng St., Zhensha Vil., Zhongzheng Dist., Keelung City 20243, Taiwan (R.O.C.)","莊O嵐","25713210","24632669","有","有"
"14444130","20021017","20210811","志昌商行","CHIN CHANG CHEN SIR SHOP","基隆市中正區真砂里祥豐街九五號三樓之八","3F.-8, No. 95, Xiangfeng St., Zhensha Vil., Zhongzheng Dist., Keelung City 20243, Taiwan (R.O.C.)","陳O昌","25713210","24632669","有","有"
"14444146","20021018","20210811","王美商行","WANG MEI MISS SHOP","基隆市中正區真砂里祥豐街九五號六樓之一四","6F.-14, No. 95, Xiangfeng St., Zhensha Vil., Zhongzheng Dist., Keelung City 20243, Taiwan (R.O.C.)","王O雲","25713210","24632669","有","有"
"14444151","20021018","20210811","旭文商行","HIS WEN SHOP","基隆市中正區真砂里祥豐街九五號六樓之八","6F.-8, No. 95, Xiangfeng St., Zhensha Vil., Zhongzheng Dist., Keelung City 20243, Taiwan (R.O.C.)","陳O文","25713210","24632669","有","有"
"14444167","20021018","20210811","青祺商行","CHING CHI SIR SHOP","基隆市中正區真砂里祥豐街九五號六樓之七","6F.-7, No. 95, Xiangfeng St., Zhensha Vil., Zhongzheng Dist., Keelung City 20243, Taiwan (R.O.C.)","陳O祺","25713210","24632669","有","有"
"14444173","20021018","20210811","余淑商行","YU HUA MISS SHOP","基隆市中正區真砂里祥豐街九五號七樓之一三","7F.-13, No. 95, Xiangfeng St., Zhensha Vil., Zhongzheng Dist., Keelung City 20243, Taiwan (R.O.C.)","余O華","25713210","24632669","有","有"
"14444188","20021018","20210811","蘇美商行","SU MEI SHOP","基隆市中正區真砂里祥豐街九五號七樓之十四","7F.-14, No. 95, Xiangfeng St., Zhensha Vil., Zhongzheng Dist., Keelung City 20243, Taiwan (R.O.C.)","蘇O美","25713210","24632669","有","有"
"14444194","20021018","20210811","徐明商行","HSU MING SIR SHOP","基隆市中正區真砂里祥豐街九五號六樓之四","6F.-4, No. 95, Xiangfeng St., Zhensha Vil., Zhongzheng Dist., Keelung City 20243, Taiwan (R.O.C.)","徐O","25713210","24632669","有","有"
"14444201","20021018","20210811","青宏商行","CHING HUNG SIR SHOP","基隆市中正區真砂里祥豐街九五號七樓之三","7F.-3, No. 95, Xiangfeng St., Zhensha Vil., Zhongzheng Dist., Keelung City 20243, Taiwan (R.O.C.)","陳O宏","25713210","24632669","有","有"
"14444217","20021017","20210811","維華商行","CHANG HUA SHOP","基隆市中正區真砂里祥豐街九五號七樓","7 F., No. 95, Xiangfeng St., Zhensha Vil., Zhongzheng Dist., Keelung City 20243, Taiwan (R.O.C.)","張O華","25713210","24632669","有","有"
"14444223","20021017","20210811","華鄉商行","HUA HSIANG SIR SHOP","基隆市中正區真砂里祥豐街九五號六樓之五","6F.-5, No. 95, Xiangfeng St., Zhensha Vil., Zhongzheng Dist., Keelung City 20243, Taiwan (R.O.C.)","華O","25713210","24632669","有","有"
"14444238","20021017","20210811","陳珠商行","CHEN CHU SHOP","基隆市中正區真砂里祥豐街九五號三樓之六","3F.-6, No. 95, Xiangfeng St., Zhensha Vil., Zhongzheng Dist., Keelung City 20243, Taiwan (R.O.C.)","陳O珠","25713210","24632669","有","有"
"14444244","20021017","20210811","任富商行","JEN FU SIR SHOP","基隆市中正區真砂里祥豐街九五號三樓之五","3F.-5, No. 95, Xiangfeng St., Zhensha Vil., Zhongzheng Dist., Keelung City 20243, Taiwan (R.O.C.)","任O富","25713210","24632669","有","有"
"14444259","20021017","20210811","煥輪商行","TSAO LUN SHOP","基隆市中正區真砂里祥豐街九五號三樓之七","3F.-7, No. 95, Xiangfeng St., Zhensha Vil., Zhongzheng Dist., Keelung City 20243, Taiwan (R.O.C.)","煥O","25713210","24632669","有","有"
"14444265","20021018","20210811","王雄商行","WANG HSIUNG SHOP","基隆市中正區真砂里祥豐街九五號三樓之八","3F.-8, No. 95, Xiangfeng St., Zhensha Vil., Zhongzheng Dist., Keelung City 20243, Taiwan (R.O.C.)","王O雄","25713210","24632669","有","有"
"14444271","20021018","20210811","郭雄商行","KUO HSIUNG SIR SHOP","基隆市中正區真砂里祥豐街九三之二號七樓","7 F., No. 93-2, Xiangfeng St., Zhensha Vil., Zhongzheng Dist., Keelung City 20243, Taiwan (R.O.C.)","郭O雄","25713210","24632669","有","有"
"14445068","20021017","20210811","科維商行","KO WEI SHOP","基隆市中正區真砂里祥豐街九五號五樓之五","5F.-5, No. 95, Xiangfeng St., Zhensha Vil., Zhongzheng Dist., Keelung City 20243, Taiwan (R.O.C.)","陳O維","25713210","24632669","有","有"
"14445074","20021017","20210811","連惠商行","LIEN HUI SHOP","基隆市中正區真砂里祥豐街九五號四樓之九","4F.-9, No. 95, Xiangfeng St., Zhensha Vil., Zhongzheng Dist., Keelung City 20243, Taiwan (R.O.C.)","連O美","25713210","24632669","有","有"
"14445089","20021017","20210811","陳志商行","CHEN CHIN SIR SHOP","基隆市中正區真砂里祥豐街九五號五樓之一０","5F.-10, No. 95, Xiangfeng St., Zhensha Vil., Zhongzheng Dist., Keelung City 20243, Taiwan (R.O.C.)","陳O宏","25713210","24632669","有","有"
"14445095","20021017","20210811","晏菱商行","YEN LING SIR SHOP","基隆市中正區真砂里祥豐街九五號五樓之九","5F.-9, No. 95, Xiangfeng St., Zhensha Vil., Zhongzheng Dist., Keelung City 20243, Taiwan (R.O.C.)","曹O菱","25713210","24632669","有","有"
"14445102","20021017","20210811","政義商行","CHENG I SIR SHOP","基隆市中正區真砂里祥豐街九五號五樓之三","5F.-3, No. 95, Xiangfeng St., Zhensha Vil., Zhongzheng Dist., Keelung City 20243, Taiwan (R.O.C.)","蒲O義","25713210","24632669","有","有"
"14445118","20021017","20210811","碧蓮商行","PI LIEN MISS SHOP","基隆市中正區真砂里祥豐街九九號四樓之五","4F.-5, No. 99, Xiangfeng St., Zhensha Vil., Zhongzheng Dist., Keelung City 20243, Taiwan (R.O.C.)","陳O蓮","25713210","24632669","有","有"
"14445124","20021017","20210811","賜杰商行","TZU CHIEH SHOP","基隆市中正區真砂里祥豐街九五號四樓之一二","4F.-12, No. 95, Xiangfeng St., Zhensha Vil., Zhongzheng Dist., Keelung City 20243, Taiwan (R.O.C.)","蒲O杰","25713210","24632669","有","有"
"14445139","20021017","20210811","雅文商行","YU WEN SHOP","基隆市中正區真砂里祥豐街九五號四樓之一０","4F.-10, No. 95, Xiangfeng St., Zhensha Vil., Zhongzheng Dist., Keelung City 20243, Taiwan (R.O.C.)","陳O文","25713210","24632669","有","有"
"14445145","20021017","20210811","玉海商行","YU HAI SIR SHOP","基隆市中正區真砂里祥豐街九五號五樓之八","5F.-8, No. 95, Xiangfeng St., Zhensha Vil., Zhongzheng Dist., Keelung City 20243, Taiwan (R.O.C.)","蒲O海","25713210","24632669","有","有"
"14445150","20021017","20210811","王世商行","WANG SHIH SIR SHOP","基隆市中正區真砂里祥豐街九五號五樓之七","5F.-7, No. 95, Xiangfeng St., Zhensha Vil., Zhongzheng Dist., Keelung City 20243, Taiwan (R.O.C.)","王O芳","25713210","24632669","有","有"
"14445166","20021017","20210811","曹玲商行","TSAO LINA SHOP","基隆市中正區真砂里祥豐街九五號四樓之六","4F.-6, No. 95, Xiangfeng St., Zhensha Vil., Zhongzheng Dist., Keelung City 20243, Taiwan (R.O.C.)","曹O玲","25713210","24632669","有","有"
"14445172","20021017","20210811","淑華商行","SHU HUA MISS SHOP","基隆市中正區真砂里祥豐街九五號四樓之五","4F.-5, No. 95, Xiangfeng St., Zhensha Vil., Zhongzheng Dist., Keelung City 20243, Taiwan (R.O.C.)","張O華","25713210","24632669","有","有"
"14445187","20021017","20210811","俐雅商行","LI YA MISS SHOP","基隆市中正區真砂里祥豐街九五號四樓之三","4F.-3, No. 95, Xiangfeng St., Zhensha Vil., Zhongzheng Dist., Keelung City 20243, Taiwan (R.O.C.)","陳O雅","25713210","24632669","有","有"
"14445193","20021017","20210811","賢錫商行","HSIEN HIS SHOP","基隆市中正區真砂里祥豐街九五號五樓之四","5F.-4, No. 95, Xiangfeng St., Zhensha Vil., Zhongzheng Dist., Keelung City 20243, Taiwan (R.O.C.)","徐O錫","25713210","24632669","有","有"
"14445216","20021017","20210811","陳秋商行","CHEN CHIU SHOP","基隆市中正區真砂里祥豐街九五號三樓之八","3F.-8, No. 95, Xiangfeng St., Zhensha Vil., Zhongzheng Dist., Keelung City 20243, Taiwan (R.O.C.)","陳O香","25713210","24632669","有","有"
"14445222","20021017","20210811","王德商行","WANG TE SHOP","基隆市中正區真砂里祥豐街九五號三樓之十","3F.-10, No. 95, Xiangfeng St., Zhensha Vil., Zhongzheng Dist., Keelung City 20243, Taiwan (R.O.C.)","王O德","25713210","24632669","有","有"
"14445237","20021017","20210811","玉娟商行","YU CHUAN MISS SHOP","基隆市中正區真砂里祥豐街九五號四樓之九","4F.-9, No. 95, Xiangfeng St., Zhensha Vil., Zhongzheng Dist., Keelung City 20243, Taiwan (R.O.C.)","陳O娟","25713210","24632669","有","有"
"14445243","20021017","20210811","孝銘商行","HSIAO MING SHOP","基隆市中正區真砂里祥豐街九五號三樓之五","3F.-5, No. 95, Xiangfeng St., Zhensha Vil., Zhongzheng Dist., Keelung City 20243, Taiwan (R.O.C.)","陳O銘","25713210","24632669","有","有"
"14445258","20021017","20210811","張春商行","CHANG CHUN MISS SHOP","基隆市中正區真砂里祥豐街一一九之一號三樓","3 F., No. 119-1, Xiangfeng St., Zhensha Vil., Zhongzheng Dist., Keelung City 20243, Taiwan (R.O.C.)","張O妧春","25713210","24632669","有","有"
"14445264","20021017","20210811","張金商行","CHANG CHIN SHOP","基隆市中正區真砂里祥豐街九五號三樓之七","3F.-7, No. 95, Xiangfeng St., Zhensha Vil., Zhongzheng Dist., Keelung City 20243, Taiwan (R.O.C.)","張O城","25713210","24632669","有","有"
"14445270","20021017","20210811","彭昌商行","PENG CHANG SHOP","基隆市中正區真砂里祥豐街一一九號二樓","2 F., No. 119, Xiangfeng St., Zhensha Vil., Zhongzheng Dist., Keelung City 20243, Taiwan (R.O.C.)","彭O昌","25713210","24632669","有","有"
"14445285","20021017","20210811","豐啟商行","FENG CHI SIR SHOP","基隆市中正區真砂里祥豐街九五號三樓之四","3F.-4, No. 95, Xiangfeng St., Zhensha Vil., Zhongzheng Dist., Keelung City 20243, Taiwan (R.O.C.)","張O啟","25713210","24632669","有","有"
"14445291","20021017","20210811","淑雲商行","SHU YUN SHOP","基隆市中正區真砂里祥豐街九五號三樓之十四室","Rm. 14, 3 F., No. 95, Xiangfeng St., Zhensha Vil., Zhongzheng Dist., Keelung City 20243, Taiwan (R.O.C.)","張O雲","25713210","24632669","有","有"
"14445308","20021017","20210811","薇君商行","WEI CHUN SHOP","基隆市中正區真砂里祥豐街九五號三樓之三","3F.-3, No. 95, Xiangfeng St., Zhensha Vil., Zhongzheng Dist., Keelung City 20243, Taiwan (R.O.C.)","王O君","25713210","24632669","有","有"
"14445314","20021017","20210811","鄒琴商行","TSOU CHNG SHOP","基隆市中正區真砂里祥豐街九五號三樓之十二","3F.-12, No. 95, Xiangfeng St., Zhensha Vil., Zhongzheng Dist., Keelung City 20243, Taiwan (R.O.C.)","鄒O琴","25713210","24632669","有","有"
"14445320","20021017","20210811","文鈺商行","WEN YU SIR SHOP","基隆市中正區真砂里祥豐街九五號二樓之四","2F.-4, No. 95, Xiangfeng St., Zhensha Vil., Zhongzheng Dist., Keelung City 20243, Taiwan (R.O.C.)","廖O鈺","25713210","24632669","有","有"
"14445335","20021017","20210811","彭琴商行","PENG CHNG SHOP","基隆市中正區真砂里祥豐街一一九之一號二樓","2 F., No. 119-1, Xiangfeng St., Zhensha Vil., Zhongzheng Dist., Keelung City 20243, Taiwan (R.O.C.)","彭O琴","25713210","24632669","有","有"
"14445341","20021017","20210811","彩緹商行","TSAI TI SHOP","基隆市中正區真砂里祥豐街九五號六樓之九","6F.-9, No. 95, Xiangfeng St., Zhensha Vil., Zhongzheng Dist., Keelung City 20243, Taiwan (R.O.C.)","蔡O緹","25713210","24632669","有","有"
"14445356","20021017","20210811","辰齡商行","CHEN LING SHOP","基隆市中正區真砂里祥豐街九五號六樓之八","6F.-8, No. 95, Xiangfeng St., Zhensha Vil., Zhongzheng Dist., Keelung City 20243, Taiwan (R.O.C.)","許O齡","25713210","24632669","有","有"
"14445362","20021017","20210811","陳明商行","CHEN MING SHOP","基隆市中正區真砂里祥豐街九五號六樓之七","6F.-7, No. 95, Xiangfeng St., Zhensha Vil., Zhongzheng Dist., Keelung City 20243, Taiwan (R.O.C.)","陳O明","25713210","24632669","有","有"
"14445378","20021017","20210811","賴秋商行","LAI CHIU SHOP","基隆市中正區真砂里祥豐街九五號六樓之五","6F.-5, No. 95, Xiangfeng St., Zhensha Vil., Zhongzheng Dist., Keelung City 20243, Taiwan (R.O.C.)","賴O蘭","25713210","24632669","有","有"
"14445383","20021017","20210811","珮雯商行","PEI WEN SHOP","基隆市中正區真砂里祥豐街九五號六樓之四","6F.-4, No. 95, Xiangfeng St., Zhensha Vil., Zhongzheng Dist., Keelung City 20243, Taiwan (R.O.C.)","張O雯","25713210","24632669","有","有"
"14445399","20021017","20210811","木泉商行","MU CHUAN SIR SHOP","基隆市中正區真砂里祥豐街九五號七樓之一三","7F.-13, No. 95, Xiangfeng St., Zhensha Vil., Zhongzheng Dist., Keelung City 20243, Taiwan (R.O.C.)","黃O泉","25713210","24632669","有","有"
"14445406","20021017","20210811","梁娥商行","LIANG O SHOP","基隆市中正區真砂里祥豐街九五號七樓之五","7F.-5, No. 95, Xiangfeng St., Zhensha Vil., Zhongzheng Dist., Keelung City 20243, Taiwan (R.O.C.)","梁O月娥","25713210","24632669","有","有"
"14445412","20021017","20210811","彭嬌商行","PENG CHIAO SHOP","基隆市中正區真砂里祥豐街一一九號二樓","2 F., No. 119, Xiangfeng St., Zhensha Vil., Zhongzheng Dist., Keelung City 20243, Taiwan (R.O.C.)","彭O鳳嬌","25713210","24632669","有","有"
"14445428","20021017","20210811","陳福商行","CHEN FU SIR SHOP","基隆市中正區真砂里祥豐街九五號六樓之一四","6F.-14, No. 95, Xiangfeng St., Zhensha Vil., Zhongzheng Dist., Keelung City 20243, Taiwan (R.O.C.)","陳O福","25713210","24632669","有","有"
"14445433","20021017","20210811","佩琪商行","PEI CHI MISS SHOP","基隆市中正區真砂里祥豐街一一九之一號六樓","6 F., No. 119-1, Xiangfeng St., Zhensha Vil., Zhongzheng Dist., Keelung City 20243, Taiwan (R.O.C.)","陳O琪","25713210","24632669","有","有"
"14445449","20021017","20210811","陳燕商行","CHEN YEN MISS SHOP","基隆市中正區真砂里祥豐街九三之二號七樓","7 F., No. 93-2, Xiangfeng St., Zhensha Vil., Zhongzheng Dist., Keelung City 20243, Taiwan (R.O.C.)","陳O燕","25713210","24632669","有","有"
"14445454","20021017","20210811","大銘商行","TA MING SIR SHOP","基隆市中正區真砂里祥豐街九五號七樓","7 F., No. 95, Xiangfeng St., Zhensha Vil., Zhongzheng Dist., Keelung City 20243, Taiwan (R.O.C.)","羅O銘","25713210","24632669","有","有"
"14445460","20021017","20210811","林輝商行","L IN HUI SIR SHOP","基隆市中正區真砂里祥豐街九五號七樓之三","7F.-3, No. 95, Xiangfeng St., Zhensha Vil., Zhongzheng Dist., Keelung City 20243, Taiwan (R.O.C.)","林O輝","25713210","24632669","有","有"
"14445476","20021017","20210811","秦玲商行","CHIN LING MISS SHOP","基隆市中正區真砂里祥豐街九五號七樓之四","7F.-4, No. 95, Xiangfeng St., Zhensha Vil., Zhongzheng Dist., Keelung City 20243, Taiwan (R.O.C.)","秦O玲","25713210","24632669","有","有"
"14445481","20021017","20210811","建維商行","CHIEN WEI SIR SHOP","基隆市中正區真砂里祥豐街九五號七樓之八","7F.-8, No. 95, Xiangfeng St., Zhensha Vil., Zhongzheng Dist., Keelung City 20243, Taiwan (R.O.C.)","賴O維","25713210","24632669","有","有"
"14445497","20021017","20210811","陳怡商行","CHEN I MISS SHOP","基隆市中正區真砂里祥豐街九五號七樓之九","7F.-9, No. 95, Xiangfeng St., Zhensha Vil., Zhongzheng Dist., Keelung City 20243, Taiwan (R.O.C.)","陳O怡","25713210","24632669","有","有"
"14445503","20021017","20210811","敏霓商行","MIN NI SHOP","基隆市中正區真砂里祥豐街九五號七樓之一０","7F.-10, No. 95, Xiangfeng St., Zhensha Vil., Zhongzheng Dist., Keelung City 20243, Taiwan (R.O.C.)","李O霓","25713210","24632669","有","有"
"14445519","20021017","20210811","秦翠商行","CHIN TSUI SHOP","基隆市中正區真砂里祥豐街九五號六樓之一０","6F.-10, No. 95, Xiangfeng St., Zhensha Vil., Zhongzheng Dist., Keelung City 20243, Taiwan (R.O.C.)","秦O霞","25713210","24632669","有","有"
"14445525","20021017","20210811","楊碧商行","YANG PI SHOP","基隆市中正區真砂里祥豐街九五號七樓之一三","7F.-13, No. 95, Xiangfeng St., Zhensha Vil., Zhongzheng Dist., Keelung City 20243, Taiwan (R.O.C.)","楊O雲","25713210","24632669","有","有"
"14445530","20021017","20210811","劉琴商行","LIU CHIN MISS SHOP","基隆市中正區真砂里祥豐街九五號七樓之一二","7F.-12, No. 95, Xiangfeng St., Zhensha Vil., Zhongzheng Dist., Keelung City 20243, Taiwan (R.O.C.)","劉O琴","25713210","24632669","有","有"
"14445551","20021018","20210811","溫秀商行","WEN HSIU SHOP","基隆市中正區真砂里祥豐街九五號七樓之九","7F.-9, No. 95, Xiangfeng St., Zhensha Vil., Zhongzheng Dist., Keelung City 20243, Taiwan (R.O.C.)","劉O春秀","25713210","24632669","有","有"
"14445567","20021018","20210811","佐妹商行","TSO MEI SHOP","基隆市中正區真砂里祥豐街九五號七樓之八","7F.-8, No. 95, Xiangfeng St., Zhensha Vil., Zhongzheng Dist., Keelung City 20243, Taiwan (R.O.C.)","劉O佐妹","25713210","24632669","有","有"
"14445573","20021018","20210811","貞媛商行","CHEN YUAN MISS SHOP","基隆市中正區真砂里祥豐街九五號七樓之五","7F.-5, No. 95, Xiangfeng St., Zhensha Vil., Zhongzheng Dist., Keelung City 20243, Taiwan (R.O.C.)","劉O媛","25713210","24632669","有","有"
"14445588","20021018","20210811","齡儀商行","LING I MISS SHOP","基隆市中正區真砂里祥豐街九五號七樓之三","7F.-3, No. 95, Xiangfeng St., Zhensha Vil., Zhongzheng Dist., Keelung City 20243, Taiwan (R.O.C.)","黃O儀","25713210","24632669","有","有"
"14445594","20021017","20210811","劉玲商行","LIU LING SHOP","基隆市中正區真砂里祥豐街九五號七樓","7 F., No. 95, Xiangfeng St., Zhensha Vil., Zhongzheng Dist., Keelung City 20243, Taiwan (R.O.C.)","劉O玲","25713210","24632669","有","有"
"14445601","20021017","20210811","如凰商行","JU FENG SHOP","基隆市中正區真砂里祥豐街九五號三樓之十二","3F.-12, No. 95, Xiangfeng St., Zhensha Vil., Zhongzheng Dist., Keelung City 20243, Taiwan (R.O.C.)","黃O凰","25713210","24632669","有","有"
"14445617","20021017","20210811","陳英商行","CHEN YING MISS SHOP","基隆市中正區真砂里祥豐街九五號三樓之一０","3F.-10, No. 95, Xiangfeng St., Zhensha Vil., Zhongzheng Dist., Keelung City 20243, Taiwan (R.O.C.)","陳O月英","25713210","24632669","有","有"
"14445623","20021017","20210811","胡玉商行","HU YU MISS SHOP","基隆市中正區真砂里祥豐街九五號三樓之九","3F.-9, No. 95, Xiangfeng St., Zhensha Vil., Zhongzheng Dist., Keelung City 20243, Taiwan (R.O.C.)","胡O蘭","25713210","24632669","有","有"
"14445638","20021017","20210811","黃美商行","HUANG MEI SHOP","基隆市中正區真砂里祥豐街九五號七樓之一四","7F.-14, No. 95, Xiangfeng St., Zhensha Vil., Zhongzheng Dist., Keelung City 20243, Taiwan (R.O.C.)","黃O美玲","25713210","24632669","有","有"
"14445644","20021017","20210811","陳鳳商行","CHEN FENG MISS SHOP","基隆市中正區真砂里祥豐街一一九號七樓","7 F., No. 119, Xiangfeng St., Zhensha Vil., Zhongzheng Dist., Keelung City 20243, Taiwan (R.O.C.)","陳O鳳","25713210","24632669","有","有"
"14445659","20021017","20210811","百年商行","PAI NIEN SIR SHOP","基隆市中正區真砂里祥豐街一一九之一號七樓","7 F., No. 119-1, Xiangfeng St., Zhensha Vil., Zhongzheng Dist., Keelung City 20243, Taiwan (R.O.C.)","陳O年","25713210","24632669","有","有"
"14445665","20021017","20210811","子平商行","TZU PING SHOP","基隆市中正區真砂里祥豐街九五號二樓之四","2F.-4, No. 95, Xiangfeng St., Zhensha Vil., Zhongzheng Dist., Keelung City 20243, Taiwan (R.O.C.)","張O平","25713210","24632669","有","有"
"14445671","20021017","20210811","莉雅商行","LI YA HUANG MISS SHOP","基隆市中正區真砂里祥豐街一一九之一號二樓","2 F., No. 119-1, Xiangfeng St., Zhensha Vil., Zhongzheng Dist., Keelung City 20243, Taiwan (R.O.C.)","黃O雅","25713210","24632669","有","有"
"14445686","20021017","20210811","月卿商行","YUAN CHIN MISS SHOP","基隆市中正區真砂里祥豐街一一九號二樓","2 F., No. 119, Xiangfeng St., Zhensha Vil., Zhongzheng Dist., Keelung City 20243, Taiwan (R.O.C.)","陳O卿","25713210","24632669","有","有"
"14445692","20021017","20210811","星生商行","HSING SHENG SHOP","基隆市中正區真砂里祥豐街九五號二樓之四","2F.-4, No. 95, Xiangfeng St., Zhensha Vil., Zhongzheng Dist., Keelung City 20243, Taiwan (R.O.C.)","許O生","25713210","24632669","有","有"
"14445709","20021017","20210811","焙志商行","PEI CHIH SHOP","基隆市中正區真砂里祥豐街九五號七樓之一二","7F.-12, No. 95, Xiangfeng St., Zhensha Vil., Zhongzheng Dist., Keelung City 20243, Taiwan (R.O.C.)","許O志","25713210","24632669","有","有"
"14445715","20021017","20210811","作書商行","TSO SHU SHOP","基隆市中正區真砂里祥豐街九五號六樓之一四","6F.-14, No. 95, Xiangfeng St., Zhensha Vil., Zhongzheng Dist., Keelung City 20243, Taiwan (R.O.C.)","傅O書","25713210","24632669","有","有"
"14445721","20021018","20210811","陳蓮商行","CHEN LIEN SHOP","基隆市中正區真砂里祥豐街一一九之一號二樓","2 F., No. 119-1, Xiangfeng St., Zhensha Vil., Zhongzheng Dist., Keelung City 20243, Taiwan (R.O.C.)","陳O蓮","25713210","24632669","有","有"
"14445736","20021018","20210811","趙真商行","CHAO CHEN MISS SHOP","基隆市中正區真砂里祥豐街九五號三樓之七","3F.-7, No. 95, Xiangfeng St., Zhensha Vil., Zhongzheng Dist., Keelung City 20243, Taiwan (R.O.C.)","趙O真","25713210","24632669","有","有"
"14445742","20021018","20210811","賴林商行","LAI LIN SHOP","基隆市中正區真砂里祥豐街九五號三樓之五","3F.-5, No. 95, Xiangfeng St., Zhensha Vil., Zhongzheng Dist., Keelung City 20243, Taiwan (R.O.C.)","賴O林","25713210","24632669","有","有"
"14445757","20021017","20210811","趙妹商行","CHAO MEI SHOP","基隆市中正區真砂里祥豐街九五號三樓之四","3F.-4, No. 95, Xiangfeng St., Zhensha Vil., Zhongzheng Dist., Keelung City 20243, Taiwan (R.O.C.)","趙O愛妹","25713210","24632669","有","有"
"14445763","20021017","20210811","趙偉商行","CHAO WEI SIR SHOP","基隆市中正區真砂里祥豐街九五號三樓之三","3F.-3, No. 95, Xiangfeng St., Zhensha Vil., Zhongzheng Dist., Keelung City 20243, Taiwan (R.O.C.)","趙O","25713210","24632669","有","有"
"14445779","20021017","20210811","宜柔商行","I JOU SHOP","基隆市中正區真砂里祥豐街九五號六樓之三","6F.-3, No. 95, Xiangfeng St., Zhensha Vil., Zhongzheng Dist., Keelung City 20243, Taiwan (R.O.C.)","劉O柔","25713210","24632669","有","有"
"14445784","20021017","20210811","陳玲商行","CHEN LINA SHOP","基隆市中正區真砂里祥豐街九五號六樓之一","6F.-1, No. 95, Xiangfeng St., Zhensha Vil., Zhongzheng Dist., Keelung City 20243, Taiwan (R.O.C.)","陳O玲","25713210","24632669","有","有"
"14445790","20021017","20210811","楊菊商行","YANG CHU MISS SHOP","基隆市中正區真砂里祥豐街九九號五樓之四","5F.-4, No. 99, Xiangfeng St., Zhensha Vil., Zhongzheng Dist., Keelung City 20243, Taiwan (R.O.C.)","楊O菊","25713210","24632669","有","有"
"14445807","20021017","20210811","吳金商行","WU CHIN SHOP","基隆市中正區真砂里祥豐街九五號五樓之八","5F.-8, No. 95, Xiangfeng St., Zhensha Vil., Zhongzheng Dist., Keelung City 20243, Taiwan (R.O.C.)","吳O生","25713210","24632669","有","有"
"14445813","20021018","20210811","陳錦商行","CHEN FANG CHIN SIR SHOP","基隆市中正區真砂里祥豐街九五號五樓之七","5F.-7, No. 95, Xiangfeng St., Zhensha Vil., Zhongzheng Dist., Keelung City 20243, Taiwan (R.O.C.)","陳O錦","25713210","24632669","有","有"
"14445829","20021018","20210811","陳虎商行","CHEN HU SHOP","基隆市中正區真砂里祥豐街九五號五樓之五","5F.-5, No. 95, Xiangfeng St., Zhensha Vil., Zhongzheng Dist., Keelung City 20243, Taiwan (R.O.C.)","陳O虎","25713210","24632669","有","有"
"14445834","20021018","20210811","任英商行","JEN YING SHOP","基隆市中正區真砂里祥豐街九五號五樓之四","5F.-4, No. 95, Xiangfeng St., Zhensha Vil., Zhongzheng Dist., Keelung City 20243, Taiwan (R.O.C.)","任O英","25713210","24632669","有","有"
"14445840","20021017","20210811","振宏商行","CHEN HUNG SHOP","基隆市中正區真砂里祥豐街九五號四樓之一０","4F.-10, No. 95, Xiangfeng St., Zhensha Vil., Zhongzheng Dist., Keelung City 20243, Taiwan (R.O.C.)","賴O宏","25713210","24632669","有","有"
"14445855","20021017","20210811","植煒商行","CHIH WEI SHOP","基隆市中正區真砂里祥豐街九五號四樓之一二","4F.-12, No. 95, Xiangfeng St., Zhensha Vil., Zhongzheng Dist., Keelung City 20243, Taiwan (R.O.C.)","陳O煒","25713210","24632669","有","有"
"14445861","20021017","20210811","邱雅商行","CHIU YA MISS SHOP","基隆市中正區真砂里祥豐街九九號四樓之五","4F.-5, No. 99, Xiangfeng St., Zhensha Vil., Zhongzheng Dist., Keelung City 20243, Taiwan (R.O.C.)","邱O婷","25713210","24632669","有","有"
"14445877","20021018","20210811","鄒芳商行","TSOU FANG SHOP","基隆市中正區真砂里祥豐街九五號四樓之五","4F.-5, No. 95, Xiangfeng St., Zhensha Vil., Zhongzheng Dist., Keelung City 20243, Taiwan (R.O.C.)","鄒O芳","25713210","24632669","有","有"
"14445882","20021018","20210811","蘇盛商行","SU SHENG SIR SHOP","基隆市中正區真砂里祥豐街九五號四樓之三","4F.-3, No. 95, Xiangfeng St., Zhensha Vil., Zhongzheng Dist., Keelung City 20243, Taiwan (R.O.C.)","蘇O盛","25713210","24632669","有","有"
"14445898","20021018","20210811","智惠商行","CHIH  HUI  SIR  SHOP","基隆市中正區真砂里祥豐街九五號三樓之一四","3F.-14, No. 95, Xiangfeng St., Zhensha Vil., Zhongzheng Dist., Keelung City 20243, Taiwan (R.O.C.)","王O惠","25713210","24632669","有","有"
"14445905","20021018","20210811","碧鑾商行","PI LUA SHOP","基隆市中正區真砂里祥豐街九五號六樓之三","6F.-3, No. 95, Xiangfeng St., Zhensha Vil., Zhongzheng Dist., Keelung City 20243, Taiwan (R.O.C.)","林O鑾","25713210","24632669","有","有"
"14445911","20021018","20210811","邱燕商行","CHIU YEN SHOP","基隆市中正區真砂里祥豐街九五號六樓之七","6F.-7, No. 95, Xiangfeng St., Zhensha Vil., Zhongzheng Dist., Keelung City 20243, Taiwan (R.O.C.)","邱O燕","25713210","24632669","有","有"
"14445927","20021017","20210811","鳳珠商行","FENG CHU MISS SHOP","基隆市中正區真砂里祥豐街九五號六樓之五","6F.-5, No. 95, Xiangfeng St., Zhensha Vil., Zhongzheng Dist., Keelung City 20243, Taiwan (R.O.C.)","吳O珠","25713210","24632669","有","有"
"14445932","20021018","20210811","簡秋商行","CHIEN CHIU SHOP","基隆市中正區真砂里祥豐街九五號六樓之四","6F.-4, No. 95, Xiangfeng St., Zhensha Vil., Zhongzheng Dist., Keelung City 20243, Taiwan (R.O.C.)","簡O香","25713210","24632669","有","有"
"14445948","20021018","20210811","碧鈴商行","PI LING SHOP","基隆市中正區真砂里祥豐街九五號六樓之一","6F.-1, No. 95, Xiangfeng St., Zhensha Vil., Zhongzheng Dist., Keelung City 20243, Taiwan (R.O.C.)","陳O鈴","25713210","24632669","有","有"
"14445953","20021018","20210811","榮政商行","JUNG CHEN SHOP","基隆市中正區真砂里祥豐街九九號五樓之四","5F.-4, No. 99, Xiangfeng St., Zhensha Vil., Zhongzheng Dist., Keelung City 20243, Taiwan (R.O.C.)","鄒O政","25713210","24632669","有","有"
"14445969","20021018","20210811","邱文商行","CHIU WEN SHOP","基隆市中正區真砂里祥豐街九五號六樓之八","6F.-8, No. 95, Xiangfeng St., Zhensha Vil., Zhongzheng Dist., Keelung City 20243, Taiwan (R.O.C.)","邱O文","25713210","24632669","有","有"
"14445975","20021018","20210811","智律商行","CHIH LU SHOP","基隆市中正區真砂里祥豐街九五號六樓之九","6F.-9, No. 95, Xiangfeng St., Zhensha Vil., Zhongzheng Dist., Keelung City 20243, Taiwan (R.O.C.)","梁O律","25713210","24632669","有","有"
"14445980","20021018","20210811","楚玲商行","CHU LING MISS SHOP","基隆市中正區真砂里祥豐街九五號六樓之一０","6F.-10, No. 95, Xiangfeng St., Zhensha Vil., Zhongzheng Dist., Keelung City 20243, Taiwan (R.O.C.)","何O玲","25713210","24632669","有","有"
"14445996","20021018","20210811","滿妹商行","MAN MEI SHOP","基隆市中正區真砂里祥豐街一一九號五樓","5 F., No. 119, Xiangfeng St., Zhensha Vil., Zhongzheng Dist., Keelung City 20243, Taiwan (R.O.C.)","鄒O滿妹","25713210","24632669","有","有"
"14446003","20021018","20210811","經森商行","CHING SEN SIR SHOP","基隆市中正區真砂里祥豐街一一九之一號三樓","3 F., No. 119-1, Xiangfeng St., Zhensha Vil., Zhongzheng Dist., Keelung City 20243, Taiwan (R.O.C.)","黃O森","25713210","24632669","有","有"
"14446019","20021018","20210811","陳金商行","CHEN CHIN MISS SHOP","基隆市中正區真砂里祥豐街一一九號五樓","5 F., No. 119, Xiangfeng St., Zhensha Vil., Zhongzheng Dist., Keelung City 20243, Taiwan (R.O.C.)","陳O蓮","25713210","24632669","有","有"
"14446025","20021018","20210811","福舜商行","FU SHUN SIR SHOP","基隆市中正區真砂里祥豐街一一九之一號六樓","6 F., No. 119-1, Xiangfeng St., Zhensha Vil., Zhongzheng Dist., Keelung City 20243, Taiwan (R.O.C.)","吳O舜","25713210","24632669","有","有"
"14446496","20030303","20210811","普碩企業行","PRO SHAO CO.","基隆市中山區中和路168巷9弄30號1樓","1 F., No. 30, Aly. 9, Ln. 168, Zhonghe Rd., Zhongshan Dist., Keelung City 20347, Taiwan (R.O.C.)","孫O霞","02-24371120","02-24372567","無","無"
"14446664","20070608","20210812","寰宇企業社","HUENG YUING CO.","基隆市中山區民治里中山一路241巷20之1號1樓","1 F., No. 20-1, Ln. 241, Zhongshan 1st Rd., Minzhi Vil., Zhongshan Dist., Keelung City 20341, Taiwan (R.O.C.)","廖O明","02-27884418","02-27882941","有","有"
"14451265","20110210","20240706","英大企業社","YING-DA ENTERPRISE CO.","臺南市善化區嘉南里茄拔63號","No. 63, Jiaba, Jianan Vil., Shanhua Dist., Tainan City 74173, Taiwan (R.O.C.)","楊O容","07-6613233","07-6611163","有","有"
"14451292","20090324","20210812","禾同工業社","HOTONG MOTORCYCLE PARTS INDUSTRIAL CO.","高雄市湖內區葉厝里保生路２０９號１樓","1 F., No. 209, Baosheng Rd., Yecuo Vil., Hunei Dist., Kaohsiung City 82947, Taiwan (R.O.C.)","謝O芳","07-6990798","07-6997591","有","有"
"14452692","20020327","20210812","丸群水產行","WAN CHYUN CO.","高雄市茄萣區濱海路一段２６０號１樓","1 F., No. 260, Sec. 1, Binhai Rd., Qieding Dist., Kaohsiung City 85243, Taiwan (R.O.C.)","陳O泰","07-6902416","","有","有"
"14452715","20020812","20210811","通發汽車商行","TONE FA COMPANY","高雄市仁武區仁祥街７８號１樓","1 F., No. 78, Renxiang St., Renwu Dist., Kaohsiung City 81451, Taiwan (R.O.C.)","郭O杏","07-3747571","","有","有"
"14453165","20021002","20210812","明緯冷凍空調材料行","MIN WEI LIO CO.","高雄市鳳山區和興里樂園街４２號１樓","1 F., No. 42, Leyuan St., Hexing Vil., Fengshan Dist., Kaohsiung City 83061, Taiwan (R.O.C.)","劉O清","04-761-2211","04-761-9641","有","有"
"14455868","20071102","20210811","灶得住大理石石材行","JIAW TEH JUH MATERIAL CO.","高雄市大寮區光明路三段220巷429號1樓","1 F., No. 429, Ln. 220, Sec. 3, Guangming Rd., Daliao Dist., Kaohsiung City 83158, Taiwan (R.O.C.)","王O月","07-6510331","07-6510044","有","有"
"14456276","20020910","20210812","慶龍金香鋪","CHING LON SHOP","高雄市岡山區後協里介壽西路８６號１樓","1 F., No. 86, Jieshou W. Rd., Houxie Vil., Gangshan Dist., Kaohsiung City 82047, Taiwan (R.O.C.)","許O文","07-2815815","07-2815815","有","有"
"14456655","20150727","20210811","芊宏企業行","CHIAN HARNG FIRM","高雄市大樹區姑山路119之6號","No. 119-6, Gushan Rd., Dashu Dist., Kaohsiung City 84048, Taiwan (R.O.C.)","莊O振","07-3862788","","有","有"
"14456769","20120221","20221025","杏杰企業行","SIN JA ENTERPRISE CO.","高雄市路竹區竹南里中正路３３９號１樓","1 F., No. 339, Zhongzheng Rd., Zhunan Vil., Luzhu Dist., Kaohsiung City 821006, Taiwan (R.O.C.)","王O雲","07-6072002","07-6072007","有","有"
"14457084","20020502","20210811","小東實業社","HSIA DONG CO.","高雄市旗山區太平里樂和街９巷５０號１樓","1 F., No. 50, Ln. 9, Lehe St., Taiping Vil., Qishan Dist., Kaohsiung City 84242, Taiwan (R.O.C.)","李O譜","06-2823643","","有","有"
"14457438","20020503","20230116","威翔企業社","WEE SHIANG CO.","高雄市鳳山區大德里錦田路２５號１樓","1 F., No. 25, Jintian Rd., Dade Vil., Fengshan Dist., Kaohsiung City 830058, Taiwan (R.O.C.)","馬O娟","07-8224250","07-8124108","無","無"
"14457520","20030620","20210812","睿升企業社","RUI SHENG ENTERPRISE CO.","高雄市仁武區文武里新中街３７號２樓（營業所在地僅供辦公聯絡用）","2 F., No. 37, Xinzhong St., Wenwu Vil., Renwu Dist., Kaohsiung City 81450, Taiwan (R.O.C.)","黃O發","07-710-5410","07-710-5722","有","有"
"14457964","20220629","20220920","台富實業社","Tai Fu Electronics Industry Co.","高雄市大寮區濃公路256巷47號","No. 47, Ln. 256, Nonggong Rd., Daliao Dist., Kaohsiung City 831135, Taiwan (R.O.C.)","許O萱","0902-316865","","有","有"
"14459294","20020918","20210811","鉅昌汽車商行","JUCHANG COMPANY","高雄市鳳山區新富路345之4號","No. 345-4, Xinfu Rd., Fengshan Dist., Kaohsiung City 83075, Taiwan (R.O.C.)","吳O媚","07-7630550","","有","有"
"14459668","20021011","20210811","健章企業行","JIAZHANG CO.","高雄市小港區孔宅里孔宅八路95號","No. 95, Kongzhai 8th Rd., Kongzhai Vil., Xiaogang Dist., Kaohsiung City 81271, Taiwan (R.O.C.)","陳O澤","07-7271547","","有","有"
"14461290","20020618","20230116","宇謙貿易行","PARROT ASIA CO.","高雄市梓官區典寶里海景路３１巷１９弄２６號１樓","1 F., No. 26, Aly. 19, Ln. 31, Haijing Rd., Dianbao Vil., Ziguan Dist., Kaohsiung City 826008, Taiwan (R.O.C.)","王O賢","07-6100777","07-6109687","無","無"
"14461974","20030925","20210812","昶佑印刷所","CHANNG YOU CO.","高雄市路竹區文南里中華路２６３之１號１樓","1 F., No. 263-1, Zhonghua Rd., Wennan Vil., Luzhu Dist., Kaohsiung City 82150, Taiwan (R.O.C.)","鄭O君","07-6962542","","有","有"
"14461989","20021206","20210811","捷力企業行","JIELI SERVICE COMPANY","高雄市大寮區中庄里鳳屏一路３５２號１樓","1 F., No. 352, Fengping 1st Rd., Zhongzhuang Vil., Daliao Dist., Kaohsiung City 83143, Taiwan (R.O.C.)","王O齡","07-6514623","07-6525346","有","有"
"14466513","20220811","20220811","弘大企業行","Hongdae Enterprise Co.","高雄市大寮區仁德路１６巷２號１樓","1 F., No. 2, Ln. 16, Rende Rd., Daliao Dist., Kaohsiung City 831127, Taiwan (R.O.C.)","陳O瑑","07-7027091","","有","有"
"14466990","20110428","20210812","鸚鵡叢林寵物店","PARROT JUNGLE PET COMPANY","高雄市鳳山區文衡路３８６號１４樓","14 F., No. 386, Wenheng Rd., Fengshan Dist., Kaohsiung City 83048, Taiwan (R.O.C.)","陳O翎","07-7991219","","有","有"
"14467105","20021002","20210812","昊晟電器行","HOW CHANGE CO.","高雄市鳳山區和興里大東二路５０號１樓","1 F., No. 50, Dadong 2nd Rd., Hexing Vil., Fengshan Dist., Kaohsiung City 83060, Taiwan (R.O.C.)","遲O姍","04-761-2211","04-761-9641","有","有"
"14468596","20020912","20210812","鎮远企業社","CHENG YUAN FARM PRODUCTS CO.","高雄市大社區翠屏里大吉路３９號１樓","1 F., No. 39, Daji Rd., Cuiping Vil., Dashe Dist., Kaohsiung City 81544, Taiwan (R.O.C.)","林O志","","","有","有"
"14468630","20020912","20230116","長城貿易行","WILDLIFE SOURCE CO.","高雄市阿蓮區蓮仁路1130巷96號","No. 96, Ln. 1130, Lianren Rd., Alian Dist., Kaohsiung City 822002, Taiwan (R.O.C.)","林O良","07-6100777","07-6109687","無","無"
"14468879","20020923","20210811","合興盛企業社","HO SHING CHERNG CO.","高雄市岡山區前峰里公園西路３段８４巷２７號９樓","9 F., No. 27, Ln. 84, Sec. 3, Gongyuan W. Rd., Qianfeng Vil., Gangshan Dist., Kaohsiung City 82052, Taiwan (R.O.C.)","田O敏","07-6261510","","有","有"
"14469069","20020930","20210812","上益行","SHUNG TEE STORE","高雄市大寮區過溪里過溪路１３１之２５號１樓","1 F., No. 131-25, Guoxi Rd., Guoxi Vil., Daliao Dist., Kaohsiung City 83163, Taiwan (R.O.C.)","王O倫","07-3555224","","無","無"
"14469075","20020930","20210812","友誠興商行","YO CHANG SHIN FIRM","高雄市大寮區過溪里過溪路１３１之２５號１樓","1 F., No. 131-25, Guoxi Rd., Guoxi Vil., Daliao Dist., Kaohsiung City 83163, Taiwan (R.O.C.)","張O雄","07-3555224","","有","有"
"14469096","20020930","20210812","友億力商行","YO YEE LEE FIRM","高雄市大寮區過溪里過溪路１３１之２５號１樓","1 F., No. 131-25, Guoxi Rd., Guoxi Vil., Daliao Dist., Kaohsiung City 83163, Taiwan (R.O.C.)","梁O登志","07-3555224","","有","有"
"14469103","20020930","20210812","有信興商行","YO SHING SHIN FIRM","高雄市大寮區過溪里過溪路１３１之２５號１樓","1 F., No. 131-25, Guoxi Rd., Guoxi Vil., Daliao Dist., Kaohsiung City 83163, Taiwan (R.O.C.)","梁O敏","07-3555224","","有","有"
"14469119","20020930","20210812","古錐企業社","GU ZHUI ENTERPRISE CO.","高雄市大寮區過溪里過溪路１３１之２５號１樓","1 F., No. 131-25, Guoxi Rd., Guoxi Vil., Daliao Dist., Kaohsiung City 83163, Taiwan (R.O.C.)","王O倫","07-3555224","","有","有"
"14469130","20020930","20210812","八億行","BAR YEE STORE","高雄市大寮區過溪里過溪路１３１之２５號１樓","1 F., No. 131-25, Guoxi Rd., Guoxi Vil., Daliao Dist., Kaohsiung City 83163, Taiwan (R.O.C.)","梁O登志","07-3555224","","有","有"
"14469146","20020930","20210812","舊金山商行","SAN FRANCISCO STORE","高雄市大寮區過溪里過溪路１３１之２５號１樓","1 F., No. 131-25, Guoxi Rd., Guoxi Vil., Daliao Dist., Kaohsiung City 83163, Taiwan (R.O.C.)","梁O敏","07-3555224","","有","有"
"14469151","20020930","20210812","旗鴻商行","CHEE HONG STORE","高雄市大寮區過溪里過溪路１３１之２５號１樓","1 F., No. 131-25, Guoxi Rd., Guoxi Vil., Daliao Dist., Kaohsiung City 83163, Taiwan (R.O.C.)","張O雄","07-3555224","","有","有"
"14469687","20130816","20211120","億成企業行","YICHENGAN CO.","高雄市鳥松區鳥松里大埤路２３巷９弄８號８樓","8 F., No. 8, Aly. 9, Ln. 23, Dapi Rd., Niaosong Vil., Niaosong Dist., Kaohsiung City 83341, Taiwan (R.O.C.)","葉O唯","07-7310007","07-7310967","有","有"
"14472135","20031001","20210812","恭進行","GOUG JIN CO.","屏東縣九如鄉東寧村成功二街二０號一樓","1 F., No. 20, Chenggong 2nd St., Jiuru Township, Pingtung County 90443, Taiwan (R.O.C.)","朱O進","08-739-0905","","有","有"
"14474295","20250603","20250603","和軒雕塑工坊","HO HSUAN SCULPTURE WORKSHOP","屏東縣屏東市厚生里延平路六０號一樓","1 F., No. 60, Yanping Rd., Housheng Vil., Pingtung City, Pingtung County 900011, Taiwan (R.O.C.)","黃O源","+886-912-059-797","","有","有"
"14474387","20240801","20240801","鼎盛家具","DING SHENG FURNITURE CO.","屏東縣內埔鄉豐田村建文路19號1樓","1 F., No. 19, Jianwen Rd., Neipu Township, Pingtung County 912018, Taiwan (R.O.C.)","陸O秀","08-7785267","","有","有"
"14474871","20120831","20210811","力麗傢俱生活廣場","LEA LEA FURNITURE LIFE STORE","屏東縣潮州鎮三星里潮州路1140號","No. 1140, Chaozhou Rd., Sanxing Vil., Chaozhou Township, Pingtung County 92055, Taiwan (R.O.C.)","吳O沂","08-7886936","08-7883981","有","有"
"14478187","20120517","20210812","威銘水電工程行","WEI MIN WATER ELECTRIC ENGINEERING CO.","屏東縣萬丹鄉社上村大平路156號","No. 156, Daping Rd., Wandan Township, Pingtung County 91345, Taiwan (R.O.C.)","李O松","08-7074053","08-7364296","有","有"
"14479398","20130415","20210812","新味津食品企業社","XIN WEI JIN FOOD CO.","屏東縣屏東市大武里武愛街八八巷二七號一樓","1 F., No. 27, Ln. 88, Wu’ai St., Dawu Vil., Pingtung City, Pingtung County 90091, Taiwan (R.O.C.)","鄭O臨","08-7536588","","有","有"
"14479741","20031006","20210811","源記商號","YEAN JEN STORE","屏東縣萬丹鄉香社市場內","Wandan Township, Pingtung County 913, Taiwan (R.O.C.)","張O靜","08-753-9551","08-732-7322","有","有"
"14481486","20180820","20210811","世貿行","SHIH MAO HANG CO.","屏東縣竹田鄉永豐村新勢路6之13號","No. 6-13, Xinshi Rd., Zhutian Township, Pingtung County 91142, Taiwan (R.O.C.)","張O卿","08-7892453","08-7789162","有","有"
"14481850","20020716","20230112","協原商行","HSIEH YEN FIRM","屏東縣崁頂鄉力社村舊店路一二之二號","No. 12-2, Jiudian Rd., Lishe Vil., Kanding Township,  Pingtung County 924004, Taiwan (R.O.C.)","鄭O鶯","08-788-3307","","無","無"
"14482485","20031104","20210811","巨登床業","JIHU DENG MATTRESS COMPANY","屏東縣竹田鄉竹南村新興路1巷16之9號","No. 16-9, Ln. 1, Xinxing Rd., Zhutian Township, Pingtung County 91144, Taiwan (R.O.C.)","張O緯","08-7713058","08-7710358","有","有"
"14482730","20031009","20221103","兆全企業社","CHAU CHYUAN HARDWARE COMPANY","屏東縣潮州鎮三星里敦化路三四號一樓","1 F., No. 34, Dunhua Rd., Sanxing Vil., Chaozhou Township, Pingtung County 920006, Taiwan (R.O.C.)","孫O明雪","08-788-7178","08-788-7178","無","無"
"14485954","20020912","20210812","剿代企業社","CHUA TAI INDUSTRY CO.","屏東縣新園鄉內庄村平和路五七之一六號一樓","1 F., No. 57-16, Pinghe Rd., Xinyuan Township, Pingtung County 93244, Taiwan (R.O.C.)","曾O真","08-7377790","08-7379962","有","有"
"14485960","20020918","20210812","勝品企業社","NEW SHENG PING INDUSTRY CO.","屏東縣新園鄉新東村新東路四五巷二三號一樓","1 F., No. 23, Ln. 45, Xindong Rd., Xinyuan Township, Pingtung County 93247, Taiwan (R.O.C.)","林O莊","08-7377790","08-7379962","有","有"
"14486216","20020916","20210812","正源企業社","ZENGYUAN CO.","屏東縣屏東市厚生里延平路一一六號一樓","1 F., No. 116, Yanping Rd., Housheng Vil., Pingtung City, Pingtung County 90081, Taiwan (R.O.C.)","郭O安","08-7516861","","有","有"
"14486412","20020913","20210812","剿利行","CHUA LI INDUSTRY CO.","屏東縣新園鄉內庄村平和路五七之一六號一樓","1 F., No. 57-16, Pinghe Rd., Xinyuan Township, Pingtung County 93244, Taiwan (R.O.C.)","黃O富","08-7377790","08-7379962","有","有"
"14489494","20031002","20210812","展昇機車行","ZHANN SHENG CO.","屏東縣屏東市溝美里自由路四０五巷一之二號一樓","1 F., No. 1-2, Ln. 405, Ziyou Rd., Goumei Vil., Pingtung City, Pingtung County 90053, Taiwan (R.O.C.)","陳O志","08-7367165","","有","有"
"14489972","20021113","20210811","豐田企業社","JUAN FENG TIEN INDUSTRY CO.","屏東縣屏東市豐榮里民享路五七號二樓(僅供辦公使用)","2 F., No. 57, Minxiang Rd., Fengrong Vil., Pingtung City, Pingtung County 90051, Taiwan (R.O.C.)","阮O田","08-7377790","08-7379962","有","有"
"14490350","20170811","20210811","鑫隆銀樓","SHIN LUNG JEWELRY FACTORY","新北市淡水區中山北路１段６８號１樓","1 F., No. 68, Sec. 1, Zhongshan N. Rd., Tamsui Dist., New Taipei City 25157, Taiwan (R.O.C.)","黃O焜","02-26298390","","有","有"
"14491724","20050601","20210811","冠銘工程行","GWAN-MING ENGINEERING COMPANY","新北市土城區中州路１２巷１４號","No. 14, Ln. 12, Zhongzhou Rd., Tucheng Dist., New Taipei City 23679, Taiwan (R.O.C.)","向O琨","02-22673747","02-22687487","有","有"
"14493841","20020408","20230113","光環國際商行","HALO INTERNATIONAL CO., LTD.","新北市鶯歌區尖山埔路2之1號","No. 2-1, Jianshanpu Rd., Yingge Dist., New Taipei City 239002, Taiwan (R.O.C.)","呂O旭","02-26799248","02-26707918","有","有"
"14494665","20050315","20210812","洋達行","YANG TAH CO.","新北市泰山區明志路２段３２０巷１弄１１號３樓（現場僅供辦公室使用）","3 F., No. 11, Aly. 1, Ln. 320, Sec. 2, Mingzhi Rd., Taishan Dist., New Taipei City 24356, Taiwan (R.O.C.)","江O洲","02-22062988","02-29063318","有","有"
"14496100","20070328","20241112","丞鈞企業社","CHENG JYUN ENTERPRISE CO.","新北市三峽區中山路184巷1弄7號10樓","10 F., No. 7, Aly. 1, Ln. 184, Zhongshan Rd., Sanxia Dist., New Taipei City 237011, Taiwan (R.O.C.)","潘O容","02-22636759","02-26733598","有","有"
"14503643","20180105","20210811","登峰工程行","Deng-Feng Construction Co.","臺北市中山區南京西路1之1號10樓","10 F., No. 1-1, Nanjing W. Rd., Zhongshan Dist., Taipei City 10444, Taiwan (R.O.C.)","丁O秀","0922151710","","有","有"
"14504381","20080714","20210811","政明汽車百貨行","JHENG MING MOTOR DEPARTMENT STORE CO.","新北市樹林區保安街１段６２號","No. 62, Sec. 1, Bao’an St., Shulin Dist., New Taipei City 23841, Taiwan (R.O.C.)","林O明","02-26835289","02-2682-9236","有","有"
"14504468","20100812","20221203","安品企業社","SATISFY-QUALITY BUSINESS CO.","桃園市八德區大智里永福西街七二號十樓之四","10 F.-4, No. 72, Yongfu W. St., Dazhi Vil., Bade Dist., Taoyuan City 334638, Taiwan (R.O.C.)","張O信","03-3072959","03-3909507","無","無"
"14509793","20220106","20230318","宇裎企業社","YU-CHENG-SONG CO.","新北市三芝區公正街3段8號4樓","4 F., No. 8, Sec. 3, Gongzheng St., Sanzhi Dist., New Taipei City 252006, Taiwan (R.O.C.)","林O君","02-26365143","0226366858","有","有"
"14510519","20040611","20240510","長益重機械行","CHANG YI MACHINERY COMPANY","嘉義市西區大溪里北港路６６９號一樓","1 F., No. 669, Beigang Rd., Daxi Vil., West Dist., Chiayi City 60096, Taiwan (R.O.C.)","李O勳","05-2374719","05-2377173","有","有"
"14510855","20030916","20230104","銘豐企業行","MISING FONG ENTERPRISE COMPANY","嘉義市西區育英里崇文街１７５巷１之５號","No. 1-5, Ln. 175, Chongwen St., Yuying Vil., West Dist., Chiayi City 600036, Taiwan (R.O.C.)","吳O雯","05-597-1135","05-596-1939","有","有"
"14514607","20020723","20210811","盈丞企業行","YIN CHENG ENTERPRISE CO.","嘉義市東區王田里五福街２０巷７號一樓","1 F., No. 7, Ln. 20, Wufu St., Wangtian Vil., East Dist., Chiayi City 60071, Taiwan (R.O.C.)","陳O孝","05-2249743","","有","有"
"14515438","20190913","20210811","允碩企業社","YUN SHIO COMPANY","嘉義市西區竹圍里雙竹街２８號七樓之一","7F.-1, No. 28, Shuangzhu St., Zhuwei Vil., West Dist., Chiayi City 60092, Taiwan (R.O.C.)","王O","05-2325520","05-2752166","有","有"
"14515839","20130423","20230216","富益五金行","FUH YIH HARDWARE CO.","嘉義市西區福全里北港路１５５號一樓","1 F., No. 155, Beigang Rd., Fuquan Vil., West Dist., Chiayi City 600078, Taiwan (R.O.C.)","吳O瑾","05-2315881","05-2330286","有","有"
"14516274","20020904","20210811","勝億水果行","WIN RICH FRUIT STORE","嘉義市東區興南里興業東路２４５號一樓","1 F., No. 245, Xingye E. Rd., Xingnan Vil., East Dist., Chiayi City 60057, Taiwan (R.O.C.)","陳O銘","05-2342253","05-2341491","有","有"
"14516443","20020917","20210811","勝鑫水果行","SHENG SHIN FRUIT STORE","嘉義市東區興南里興業東路２４１號一樓","1 F., No. 241, Xingye E. Rd., Xingnan Vil., East Dist., Chiayi City 60057, Taiwan (R.O.C.)","陳O玲","05-2341471","","有","有"
"14516823","20061027","20210811","尚廣企業社","UP ELECTRONIC SCABBLE COMMUNE CO.","嘉義市西區慶安里博愛路一段３８５巷１２號一樓","1 F., No. 12, Ln. 385, Sec. 1, Bo’ai Rd., Qing’an Vil., West Dist., Chiayi City 60094, Taiwan (R.O.C.)","賴O美","05-2312548","05-2312549","有","有"
"14517111","20021004","20210811","協慶行","SHYE CHING STORE","嘉義市東區興南里興業東路２４１號一樓","1 F., No. 241, Xingye E. Rd., Xingnan Vil., East Dist., Chiayi City 60057, Taiwan (R.O.C.)","施O真","05-2341472","","有","有"
"14517127","20021004","20210811","朝新行","MORNING NEW STORE","嘉義市東區興南里興業東路２５１號一樓","1 F., No. 251, Xingye E. Rd., Xingnan Vil., East Dist., Chiayi City 60057, Taiwan (R.O.C.)","陳O玲","05-2342253","","有","有"
"14517169","20021004","20210811","明晟行","MING CHAN STORE","嘉義市東區興南里興業東路２５１號一樓","1 F., No. 251, Xingye E. Rd., Xingnan Vil., East Dist., Chiayi City 60057, Taiwan (R.O.C.)","陳O萍","05-2341471","","有","有"
"14517294","20021007","20210811","新展行","NEW STRETCH STORE","嘉義市東區興南里興業東路２３９號一樓","1 F., No. 239, Xingye E. Rd., Xingnan Vil., East Dist., Chiayi City 60057, Taiwan (R.O.C.)","施O真","05-2341472","","無","無"
"14517301","20021007","20210811","泓嘉行","HONG CHIA STORE","嘉義市東區興南里興業東路２４１號一樓","1 F., No. 241, Xingye E. Rd., Xingnan Vil., East Dist., Chiayi City 60057, Taiwan (R.O.C.)","陳O珍","05-2341478","","有","有"
"14517317","20021007","20210811","協盛行","SHYEE CHERN CO.","嘉義市東區興南里興業東路２３９號一樓","1 F., No. 239, Xingye E. Rd., Xingnan Vil., East Dist., Chiayi City 60057, Taiwan (R.O.C.)","陳O珍","05-2341471","","有","有"
"14517457","20061227","20210811","冠興木材行","GUAN-XING CO.","嘉義市東區盧厝里文雅街１４０巷２２號一樓","1 F., No. 22, Ln. 140, Wenya St., Lucuo Vil., East Dist., Chiayi City 60076, Taiwan (R.O.C.)","朱O仁","05-2325750","05-2331146","有","有"
"14521038","20060710","20221007","祥鶴聯通企業社","SHYANG HEH EXPRESS CO.","嘉義市西區福全里福全街１２５巷３８號一樓","1 F., No. 38, Ln. 125, Fuquan St., Fuquan Vil., West Dist., Chiayi City 600082, Taiwan (R.O.C.)","劉O強","05-2754380","05-2754371","有","有"
"14521190","20230529","20230531","賢峻企業社","HSIEN CHUN ENTERPRISE COMPANY","嘉義市東區蘭潭里日新街１０２號一樓","1 F., No. 102, Rixin St., Lantan Vil., East Dist., Chiayi City 600041, Taiwan (R.O.C.)","張O峻","0935061530","","有","有"
"14522281","20030926","20230221","力友企業行","LI YOU ELECTRIC CO.","臺南市新營區興業里公誠街17巷16號1樓","1 F., No. 16, Ln. 17, Gongcheng St., Xingye Vil., Xinying Dist., Tainan City 730005, Taiwan (R.O.C.)","盧O榮","06-635-3479","06-635-3479","有","有"
"14522557","20110916","20210811","駿輝汽車商行","JYUN HUEI MOTORS CO.","嘉義市西區下埤里北港路８８０號一樓","1 F., No. 880, Beigang Rd., Xiapi Vil., West Dist., Chiayi City 60096, Taiwan (R.O.C.)","黃O欽","05-2385599","05-2381581","有","有"
"14524561","20040421","20210812","大玖鼎廚衛企業社","DA JIU DING CO.","嘉義市西區福全里泰瑞一街４５號一樓","1 F., No. 45, Tairui 1st St., Fuquan Vil., West Dist., Chiayi City 60085, Taiwan (R.O.C.)","蔡O珊","05-2343206","05-2343203","無","無"
"14524788","20140325","20250325","統盈企業社","TONG WIN ENTERPRISE CO.","嘉義市西區湖內里健康九路７８８-１號二樓","2 F., No. 788-1, Jiankang 9th Rd., Hunei Vil., West Dist., Chiayi City 600033, Taiwan (R.O.C.)","鄭O傳","05-2343093","05-2369161","有","有"
"14527363","20030730","20210811","寰源企業社","SOURCE ADHESIVE COMPANY","嘉義市西區福全里北港路１６號一樓","1 F., No. 16, Beigang Rd., Fuquan Vil., West Dist., Chiayi City 60096, Taiwan (R.O.C.)","蔡O華","05-2332800","05-2332800","有","有"
"14527954","20060426","20231108","名冠百貨行","M. G. STORE CO.","嘉義市西區導明里垂楊路３５１號一樓","1 F., No. 351, Chuiyang Rd., Daoming Vil., West Dist., Chiayi City 600001, Taiwan (R.O.C.)","蔡O川","06-6321766","06-6335022","無","無"
"14528118","20200828","20210811","椿豐高山茶坊","C.F Tea STUDIO","嘉義市東區安寮里立仁路４３０號一樓","1 F., No. 430, Liren Rd., Anliao Vil., East Dist., Chiayi City 60063, Taiwan (R.O.C.)","江O敏","0930591828","","有","有"
"14533941","20090616","20230726","社團法人台灣蘭花產銷發展協會","TAIWAN ORCHID GROWERS ASSOCIATION","臺南市後壁區烏樹林３２５號","NO.325, WUSHULIN, HOUBI DIST., TAINAN CITY 731, TAIWAN (R.O.C.)","黃O榮","06-6830304","06-6830625","有","有"
"14536481","20070903","20110413","有限責任台灣水產運銷合作社","TAIWAN FISH MARKETING COOPERATIVE","高雄市前鎮區漁港中一路２號５０８室","RM. 508, NO.2, YUGANG CENTRAL 1ST RD., Cianjhen DIST., KAOHSIUNG CITY 806, TAIWAN (R.O.C.)","趙O華","07-8136870","07-8136871","無","無"
"14538170","20130411","20130411","台南市養殖漁業發展協會","AQUACULTURE DEVELOPMENT ASSOCIATION OF TAINAN","臺南市北門區雙村１６號","NO.16, SHUANGCHUN, BEIMEN DIST., TAINAN CITY 727, TAIWAN (R.O.C.)","王O澔","06-7864313","06-7865462","有","有"
"14548249","20091216","20091216","中華印經協會","ZHONGHUA SUTRA PRINTING ASSOCIATION","宜蘭縣三星鄉三星路二段２０號","NO. 20, SEC. 2,SANSING RD., SANSING TOWNSHIP, YILAN COUNTY 266,TAIWAN","黃O享","03-9898686","03-9898787","有","有"
"14550504","20181113","20181113","財團法人密宗山大圓滿廟","Cai Tuan Fa Ren Mi Zong Shan Da Yuan Man Miao Temple","台南市南化區南化里２７號","NO.27, NANHUA, NANHUA DIST., TAINAN CITY 716, TAIWAN (R.O.C.)","蕭O秋","06-5771534","","有","有"
"14560088","20031001","20211106","永仁商行","YONG REN STORE","高雄市苓雅區苓東里永泰路２９號１樓","1 F., No. 29, Yongtai Rd., Lingdong Vil., Lingya Dist., Kaohsiung City 80249, Taiwan (R.O.C.)","黃O仁","07-626-3483","","有","有"
"14562305","20031215","20210811","翊展實業行","YI CHAN INFORMATION CO.","高雄市新興區秋山里民主路１２之３號","No. 12-3, Minzhu Rd., Qiushan Vil., Xinxing Dist., Kaohsiung City 80048, Taiwan (R.O.C.)","曾O哲","07-2852028","07-2852198","有","有"
"14565669","20020410","20210811","捷錦行","JOINT GROUP 1099 ENTERPRISE CO.","高雄市楠梓區壽民路８２巷２號","No. 2, Ln. 82, Shoumin Rd., Nanzi Dist., Kaohsiung City 81151, Taiwan (R.O.C.)","李O謀","07-3656982","","有","有"
"14566457","20250502","20250502","樂將企業社","Yue Jiang ENTERPRISE Co.","高雄市苓雅區青年２路１５３號","No. 153, Qingnian 2nd Rd., Lingya Dist., Kaohsiung City 802045, Taiwan (R.O.C.)","戴O田","07-3364115","","有","有"
"14566891","20050302","20210811","瑪諾蘭迦工作室","MANORANJAN WORKSHOP","高雄市旗山區仁愛街６號１樓","1 F., No. 6, Ren’ai St., Qishan Dist., Kaohsiung City 84256, Taiwan (R.O.C.)","王O淑","07-7675868","07-7675870","有","有"
"14568173","20161007","20210812","國典企業社","GOLDEN AG ENTERPRISE CO.","高雄市三民區鼎西里金鼎路１９１號","No. 191, Jinding Rd., Dingxi Vil., Sanmin Dist., Kaohsiung City 80789, Taiwan (R.O.C.)","蘇O安","07-3105655","07-3105657","有","有"
"14568244","20030522","20210812","坤揚企業行","QUEN YANG CO.","高雄市苓雅區憲法路8之2號1樓","1 F., No. 8-2, Xianfa Rd., Lingya Dist., Kaohsiung City 80293, Taiwan (R.O.C.)","張O鳳","07-392-4900","","有","有"
"14571037","20060329","20210812","精一機械工程行","SPIRIT FIRST MACHINE COMPANY","高雄市鳳山區鳳學路３６巷１號１樓","1 F., No. 1, Ln. 36, Fengxue Rd., Fengshan Dist., Kaohsiung City 83042, Taiwan (R.O.C.)","鄧O立","07-5710125","07-5711504","有","有"
"14574301","20020828","20210812","泳宸企業行","YONG CHEN COMPANY","高雄市三民區博愛１路２９５號","No. 295, Bo’ai 1st Rd., Sanmin Dist., Kaohsiung City 80743, Taiwan (R.O.C.)","林O活","07-2229333","07-2239555","無","無"
"14575744","20151210","20221103","益信企業行","YI SHIN EXACT MACHINER CO.","高雄市鼓山區惠安里臨海２路５５之２號１樓","1 F., No. 55-2, Linhai 2nd Rd., Hui’an Vil., Gushan Dist., Kaohsiung City 804002, Taiwan (R.O.C.)","陳O安","07-5316030","","有","有"
"14576223","20170914","20210811","鑫益銀樓","XIN YI YINLOU TRADING COMPANY","高雄市鹽埕區新樂里大勇路１１３號１樓","1 F., No. 113, Dayong Rd., Xinle Vil., Yancheng Dist., Kaohsiung City 80343, Taiwan (R.O.C.)","吳O小香","07-5215665","07-5217629","有","有"
"14576552","20060825","20210811","東霖中藥行","CHIAO KUO TRADING CO.","高雄市三民區民族１路６８０巷３６號","No. 36, Ln. 680, Minzu 1st Rd., Sanmin Dist., Kaohsiung City 80793, Taiwan (R.O.C.)","周O明","07-3223581","","有","有"
"14576624","20020606","20210811","鼎馨企業行","TING YUN ENTERPRISE CO.","高雄市前鎮區漁港路１７６號２樓","2 F., No. 176, Yugang Rd., Cianjhen Dist., Kaohsiung City 80668, Taiwan (R.O.C.)","鄭O珊","07-791-4826","07-791-4597","有","有"
"14576862","20220620","20220620","珍記涼水舖","CHEN CHI TEA SHOP","高雄市小港區崇文路８５號","No. 85, Chongwen Rd., Xiaogang Dist., Kaohsiung City 812012, Taiwan (R.O.C.)","陳O璍","07-8017988","","有","有"
"14577588","20070731","20210811","華一汽車機械行","HUA YI MACHINE COMPANY","高雄市三民區博惠里凱旋１路９３巷２號１樓","1 F., No. 2, Ln. 93, Kaixuan 1st Rd., Bohui Vil., Sanmin Dist., Kaohsiung City 80760, Taiwan (R.O.C.)","黃O華","07-224-6989","07-225-2219","有","有"
"14578670","20030822","20210811","萬得堂商行","WONDER-TOP HEALTH CO.","高雄市鹽埕區中山里富野路１１３號","No. 113, Fuye Rd., Zhongshan Vil., Yancheng Dist., Kaohsiung City 80342, Taiwan (R.O.C.)","周O忠","07-551-5198","07-551-5198","無","無"
"14579191","20020607","20210811","九銘企業行","CHIU MING ENTERPRISE CO.","高雄市湖內區中山路１段４４７巷１０之１號","No. 10-1, Ln. 447, Sec. 1, Zhongshan Rd., Hunei Dist., Kaohsiung City 82941, Taiwan (R.O.C.)","陳O華","07-6937231","07-6935765","無","無"
"14579214","20150324","20230926","漢鄉畫廊","HANG SHIANG GALLERY","高雄市苓雅區五福一路１７９號","No. 179, Wufu 1st Rd., Lingya Dist., Kaohsiung City 802019, Taiwan (R.O.C.)","李O花","07-2290661","07-2260701","有","有"
"14580520","20030609","20210812","班斯鳩企業社","BANKA ENTERPRISE COMPANY","臺中市西屯區福安里天保街４７巷１７號一樓","1 F., No. 17, Ln. 47, Tianbao St., Fu’an Vil., Xitun Dist., Taichung City 40766, Taiwan (R.O.C.)","葉O展","04-2358-5009","04-2358-5009","有","有"
"14580541","20071205","20210812","全興冷凍空調行","CHUAN-HSING AIR-CONDITION CO.","臺中市西屯區何南里精誠路５０巷２８號一樓","1 F., No. 28, Ln. 50, Jingcheng Rd., Henan Vil., Xitun Dist., Taichung City 40759, Taiwan (R.O.C.)","林O閔","04-25685289","04-25686119","有","有"
"14580731","20030527","20210811","香法頌美容社","PHENITAS INTERNATIONAL COMPANY","臺中市北屯區平陽里天津路三段５９號１樓","1 F., No. 59, Sec. 3, Tianjin Rd., Pingyang Vil., Beitun Dist., Taichung City 40666, Taiwan (R.O.C.)","吳O棻","04-22389876","04-22518896","有","有"
"14580964","20020419","20210812","飛瑞實業社","FERRI RUBBER COMPANY","臺南市東區仁和里仁和路139巷11之3號4樓","4 F., No. 11-3, Ln. 139, Renhe Rd., Renhe Vil., East Dist., Tainan City 70174, Taiwan (R.O.C.)","曲O雲","06-3353190","06-3362963","有","有"
"14581176","20131022","20231229","承輝企業行","CHENG HUEI CI YE CO.","臺中市大里區新里里德芳一街166號1樓","1 F., No. 166, Defang 1st St., Xinli Vil., Dali Dist., Taichung City 412020, Taiwan (R.O.C.)","郭O如","04-24715858","04-24711198","有","有"
"14581627","20171025","20210811","金山工程行","Jin Shan Gung Cheng Hang","臺中市大雅區雅楓里民生路三段６４巷１４號一樓","1 F., No. 14, Ln. 64, Sec. 3, Minsheng Rd., Yafeng Vil., Daya Dist., Taichung City 42844, Taiwan (R.O.C.)","廖O山","04-25680717","04-25680716","有","有"
"14582457","20070126","20210811","崑德民俗糊紙花燈工藝社","KUN DER FOLK HUA DENG CO.","臺中市北屯區廍子里廍子路739號1樓","1 F., No. 739, Beitun Dist., Taichung City 406, Taiwan (R.O.C.)","梁O德","04-22392342","04-22392342","有","有"
"14583060","20090903","20210811","昭暘光學工作室","AUTOMOTIVE LIGHTING & OPTICS STUDIO","臺中市西區公舘里永安街７４號一樓","1 F., No. 74, Yong’an St., West Dist., Taichung City 40346, Taiwan (R.O.C.)","林O南","02-26081759","02-26081759","有","有"
"14583322","20020522","20210811","寶霖醫療器材行","POWER LINK MEDICAL INSTRUMENT LINE OF BUSINESS CO.","臺中市西區忠明里健行路１０３８號３樓","3 F., No. 1038, Jianxing Rd., Zhongming Vil., West Dist., Taichung City 40353, Taiwan (R.O.C.)","王O中","04-23263658","04-23263978","有","有"
"14584568","20020530","20210811","元正行","YUEN CHENG HANG CO.","臺中市東區旱溪里進化路78號1樓","1 F., No. 78, Jinhua Rd., Hanxi Vil., East Dist., Taichung City 40141, Taiwan (R.O.C.)","花O洋","04-2213-2134","04-22123847","有","有"
"14585460","20060512","20210811","永上企業社","YONG SHANG CO.","臺中市南屯區田心里大墩六街３６８號１樓","1 F., No. 368, Dadun 6th St., Tianxin Vil., Nantun Dist., Taichung City 40867, Taiwan (R.O.C.)","賴O維","04-23016688","04-23025588","無","無"
"14585567","20020523","20240319","大英企業社","NICE DESIGN ENTERPRISE CO.","臺中市潭子區東寶里大豐路二段６１號﹝限一樓﹞","1 F., No. 61, Sec. 2, Dafeng Rd., Dongbao Vil., Tanzi Dist., Taichung City 42749, Taiwan (R.O.C.)","林O鉅","04-2527-4027","04-2520-0394","有","有"
"14586165","20020822","20210811","鑫隆輪業商行","SHIN LONG AUTOMOBILE HANG","臺中市北區六合里成功路５２４號","No. 524, Chenggong Rd., Liuhe Vil., North Dist., Taichung City 40443, Taiwan (R.O.C.)","游O謨","04-22062114","","有","有"
"14586290","20161110","20221118","形象廣告企劃社","hmit trading co","臺中市北區光大里中清路一段１００號１３樓之５","13F.-5, No. 100, Sec. 1, Zhongqing Rd., Guangda Vil., North Dist., Taichung City 40458, Taiwan (R.O.C.)","何O楙","04-22038853","04-22083823","有","有"
"14586453","20210907","20210907","瑞萊實業社","REALIZE CO.","臺中市西區公舘里五權七街１２巷６號一樓","1F., NO. 6, LN. 12, WUQUAN 7TH ST., WEST DIST., TAICHUNG CITY 403, TAIWAN (R.O.C.)","趙O凱","04-23727482","","有","有"
"14588430","20050425","20210811","生命智慧出版社","LIFE KNOWLEDGE PUBLICATIONS CO.","臺中市西區民龍里民權路273號1樓","1 F., No. 273, Minquan Rd., Minlong Vil., West Dist., Taichung City 40354, Taiwan (R.O.C.)","錢O忠","04-23762779","04-23762789","有","有"
"14590858","20070813","20210811","建全商店","ALL ONE ENTERPRISE COMPANY","臺中市西屯區何安里青海路二段４１號８樓之１","8F.-1, No. 41, Sec. 2, Qinghai Rd., He’an Vil., Xitun Dist., Taichung City 40745, Taiwan (R.O.C.)","陳O花","04-22138265","04-22138296","無","無"
"14591532","20201203","20250103","新江企業社","New-Ocean seafood company","臺中市西屯區至善里至善路65巷12號13樓之 1","13F.-1, No. 12, Ln. 65, Zhishan Rd., Zhishan Vil., Xitun Dist., Taichung City 40745, Taiwan (R.O.C.)","蘇O芊","04-23502383","","有","有"
"14592357","20061128","20210811","福聯達茶行","LIOU MING CHUAN FAMOUS TEA CO.","南投縣草屯鎮新庄里芬草路二段105號一樓","1 F., No. 105, Sec. 2, Fencao Rd., Xinzhuang Vil., Caotun Township, Nantou County 54253, Taiwan (R.O.C.)","楊O琴","04-92367801","04-92367609","有","有"
"14594756","20041105","20210812","倍莉小舖","BEAUTY POWER SHOP","臺中市大里區永隆里國光路二段７２５號２樓","2 F., No. 725, Sec. 2, Guoguang Rd., Yonglong Vil., Dali Dist., Taichung City 41266, Taiwan (R.O.C.)","許O之","04-22993311","04-22929202","有","有"
"14594799","20020909","20230606","昱品企業社","YU PING YUE ENTERPRISE COMPANY","臺中市南區有恆街５９號一樓","1 F., No. 59, Youheng St., South Dist., Taichung City 402008, Taiwan (R.O.C.)","陳O","04-22227634","04-22264128","有","有"
"14595100","20250124","20250317","全德中藥行","Quande Chinese Medicine Firm","臺中市北屯區三和里東光路884巷12號1樓","1 F., No. 12, Ln. 884, Dongguang Rd., Sanhe Vil., Beitun Dist., Taichung City 406008, Taiwan (R.O.C.)","凃O華","04-22329321","","有","有"
"14597389","20030213","20030213","宏年行","HORNG NIAN INDUSTRY STORE","台中市北屯區北屯路１９８之１３號１樓","1FL., NO.198-13, BEITUEN RD., BEITUEN CHIU, TAICHUNG, TAIWAN 406, R.O.C.","何O素雲","04-2235-8907","04-2236-3715","無","無"
"14599149","20200520","20210812","虹將貿易企業社","NEMESIS COMMERCE COMPANY","臺中市南屯區新生里筏子東街一段１５３號１樓","1 F., No. 153, Sec. 1, Fazi E. St., Xinsheng Vil., Nantun Dist., Taichung City 40871, Taiwan (R.O.C.)","呂O祥","04-23866531","04-23866474","有","有"
"14600167","20020528","20210812","阿成商行","LIAN CHERNG COMESTIBLE TRADE COMPANY","南投縣竹山鎮中崎里集山路三段一四四二號一樓","1 F., No. 1442, Sec. 3, Jishan Rd., Zhongqi Vil., Zhushan Township, Nantou County 55762, Taiwan (R.O.C.)","劉O成","049-2651396","049-2651396","無","無"
"14600390","20020711","20210811","日鴻企業社","R. HUNG CO.","南投縣集集鎮八張里民生路十一巷四號一樓","1 F., No. 4, Ln. 11, Minsheng Rd., Bazhang Vil., Jiji Township, Nantou County 55244, Taiwan (R.O.C.)","吳O珊","","","有","有"
"14600928","20020620","20210811","大眾國際貿易商行","TAR CHONG INT'L CO.","南投縣草屯鎮富寮里富頂路一段三八巷五弄十七號一樓","1 F., No. 17, Aly. 5, Ln. 38, Sec. 1, Fuding Rd., Fuliao Vil., Caotun Township, Nantou County 54243, Taiwan (R.O.C.)","曾O華","","","有","有"
"14601264","20020709","20210811","境森行","JING SENG CO.","南投縣草屯鎮南埔里青宅巷二六之三號","No. 26-3, Qingzhai Ln., Nanpu Vil., Caotun Township, Nantou County 54247, Taiwan (R.O.C.)","林O青","04-22969599","04-22963311","有","有"
"14601270","20020709","20210811","內門行","NEI MEN CO.","南投縣草屯鎮南埔里青宅巷二六之五號","No. 26-5, Qingzhai Ln., Nanpu Vil., Caotun Township, Nantou County 54247, Taiwan (R.O.C.)","徐O泉","04-22969599","04-22963311","有","有"
"14601285","20020709","20210812","美濃行","MEI NUNG CO.","南投縣草屯鎮南埔里青宅巷二六之五號","No. 26-5, Qingzhai Ln., Nanpu Vil., Caotun Township, Nantou County 54247, Taiwan (R.O.C.)","梁O仁","04-2296-9599","04-2296-3311","有","有"
"14601291","20020709","20210812","甲仙行","CHIA SIAN CO.","南投縣草屯鎮南埔里青宅巷二六之三號","No. 26-3, Qingzhai Ln., Nanpu Vil., Caotun Township, Nantou County 54247, Taiwan (R.O.C.)","鐘O輝","04-22969599","04-22963311","有","有"
"14601308","20020709","20210812","祝粱號","JWU LIANG CO.","南投縣草屯鎮南埔里青宅巷二六之三號","No. 26-3, Qingzhai Ln., Nanpu Vil., Caotun Township, Nantou County 54247, Taiwan (R.O.C.)","王O盛","04-22969599","04-22963311","有","有"
"14601546","20070926","20210812","悅山工坊","IUE SHAN STUDIO","南投縣竹山鎮中崎里集山路三段1396巷7之1號","No. 7-1, Ln. 1396, Sec. 3, Jishan Rd., Zhongqi Vil., Zhushan Township, Nantou County 55762, Taiwan (R.O.C.)","劉O明","049-2659230","049-2657623","有","有"
"14601692","20170504","20250529","琮其水果行","CONG-QI FRUIT SHOP","雲林縣莿桐鄉大美村溪美139號1樓","1F., No. 139, Ximei, Damei Vil., Citong Township,  Yunlin County 647002, Taiwan (R.O.C.)","陳O宏","05-2641202","","有","有"
"14602209","20020809","20230113","瑋祥企業社","WEI SANG ENTERPRISE CO.","臺南市佳里區六安里佳北路301巷22號","No. 22, Ln. 301, Jiabei Rd., Liu’an Vil., Jiali Dist., Tainan City 722001, Taiwan (R.O.C.)","林O斌","06-7875100","06-787-4687","無","無"
"14602215","20211126","20230111","上億農產企業社","Ming Huang Co.","南投縣埔里鎮枇杷里慈恩街589號一樓","1 F., No. 589, Ci’en St., Pipa Vil., Puli Township, Nantou County 545020, Taiwan (R.O.C.)","楊O瑝","0911-784193","","無","無"
"14603827","20030707","20230414","尚古居","SAN-COZY CO.","臺中市潭子區潭陽里潭興路二段332巷10弄6號1樓","1 F., No. 6, Aly. 10, Ln. 332, Sec. 2, Tanxing Rd., Tanyang Vil., Tanzi Dist., Taichung City 42744, Taiwan (R.O.C.)","蔡O鏡","0921918242","049-298-1905","有","有"
"14603869","20241008","20241008","松慶行","SONGCHING Co.","南投縣南投市軍功里軍功路63之3號一樓","1 F., No. 63-3, Jungong Rd., Jungong Vil., Nantou City, Nantou County 540013, Taiwan (R.O.C.)","謝O彬","049-2226496","049-2226553","有","有"
"14603919","20021030","20210811","日銓企業社","RIH CHUAN ENTERPRISE CO.","南投縣草屯鎮敦和里博愛路961巷12號","No. 12, Ln. 961, Bo’ai Rd., Dunhe Vil., Caotun Township, Nantou County 54254, Taiwan (R.O.C.)","洪O章","049-231-9188","049-236-7710","有","有"
"14604749","20241023","20241023","伍車金營造廠","Wu Che Jin Construction Factory","南投縣國姓鄉石門村東門巷5號一樓","1 F., No. 5, Dongmen Ln., Guoxing Township, Nantou County 544006, Taiwan (R.O.C.)","施O霖","0935363530","049-2990097","有","有"
"14606248","20100719","20100719","保證責任南投縣果菜運銷合作社","NANTOU COUNTY FRUITS VEGETABLES COOPERATIVE SOCIETY","南投縣中寮鄉永福村永平路３７９之２號","NO.379-2,YONGPING RD.,ZHONGLIAO TOWNSHIP,NANTOU COUNTY 54154,TAIWAN","葉O宏","049-2693876","049-2694307","有","有"
"14607534","20101110","20250430","翔雲茶業","XIANG YAN TEA CO.","南投縣信義鄉東埔村開高巷37-1號一樓","1 F., No. 37-1, Kaigao Ln., Xinyi Township, Nantou County 55691, Taiwan (R.O.C.)","張O逸","049-2702610","049-2702807","有","有"
"14607909","20200908","20210812","生活巨匠五金材料行","Lifestyle Materiais Company","南投縣南投市漳和里彰南路二段四七五巷七弄十二號一樓不得經營汽機車修理業","1 F., No. 12, Aly. 7, Ln. 475, Sec. 2, Zhangnan Rd., Zhanghe Vil., Nantou City, Nantou County 54063, Taiwan (R.O.C.)","吳O嬌","049-2248468","049-2236008","有","有"
"14608484","20180425","20210811","陽同企業社","YUNG TURN ENTERPRISE CO.","南投縣南投市內興里光明南路72巷87號1樓","1 F., No. 87, Ln. 72, Guangming S. Rd., Neixing Vil., Nantou City, Nantou County 54041, Taiwan (R.O.C.)","陳O昌","049-2231665","","有","有"
"14608822","20030310","20230111","富生農產行","FU SHENG FARM PRODUCE HANG","南投縣水里鄉上安村水信路三段318號","No. 318, Sec. 3,  Shuixin Rd., Shang'an Vil., Shuili Township,  Nantou County , Taiwan (R.O.C.)","劉O誌","049-282-1616","049-277-1323","無","無"
"14609478","20041006","20210812","淞富峰茶業","SONG-FU-FENG TEAS, CO.","南投縣竹山鎮硘磘里鯉南路83之 3號","No. 83-3, Linan Rd., Zhushan Township, Nantou County 55759, Taiwan (R.O.C.)","黃O富","049-2755828","049-2751732","無","無"
"14609982","20110621","20240130","老柯農機行","O.K AGRICUITURAL MACHINERY HANG","彰化縣彰化市福田里彰南路6段556號1樓","1 F., No. 556, Sec. 6, Zhangnan Rd., Futian Vil., Changhua City, Changhua County 500040, Taiwan (R.O.C.)","林O合","049-2770503","","有","有"
"14610545","20090514","20240330","集集小鎮紀念品工作室","JI JI STUDIO","南投縣集集鎮集集里成功路115號1樓","1 F., No. 115, Chenggong Rd., Jiji Vil., Jiji Township, Nantou County 552004, Taiwan (R.O.C.)","鄧O汝","049-2763586","","有","有"
"14610587","20160630","20230518","艾泀貝斯資訊社","AI SI BEI SI COMPANY","南投縣草屯鎮新厝里中興路二五五號","No. 255, Zhongxing Rd., Xincuo Vil., Caotun Township, Nantou County 542007, Taiwan (R.O.C.)","李O雯","0492339776","0492370569","有","有"
"14611066","20150629","20210811","天信自動化","TIAN XIN AUTOMATION CO.","南投縣草屯鎮富寮里富林路一段三三六巷二九號","No. 29, Ln. 336, Sec. 1, Fulin Rd., Fuliao Vil., Caotun Township, Nantou County 54264, Taiwan (R.O.C.)","王O利","049-2552992","049-2552211","有","有"
"14611586","20120606","20210811","奕成茶廠","YI-CHENG TEA FACTORY","南投縣鹿谷鄉鹿谷村鹿彰路三五一號一樓僅供小型商店用","1 F., No. 351, Luzhang Rd., Lugu Township, Nantou County 55844, Taiwan (R.O.C.)","何O智","049-2751034","049-2755034","有","有"
"14613156","20030616","20230419","富御行","ICHE TRANSMISSION CO.","南投縣竹山鎮富州里集山路一段415巷3-1號","No. 3-1, Ln. 415, Sec. 1,  Jishan Rd., Fuzhou Vil., Zhushan Township,  Nantou County 557, Taiwan (R.O.C.)","陳O珍","049-265-5713","049-264-5496","無","無"
"14613331","20160620","20210812","晨宇企業社","JHIN MING ENTERPRISE CO.","南投縣竹山鎮延平里東鄉路東明巷11號","No. 11, Dongming Ln., Dongxiang Rd., Yanping Vil., Zhushan Township, Nantou County 55765, Taiwan (R.O.C.)","黃O銘","049-2654357","","有","有"
"14614155","20191031","20210811","虫二茶莊","Teawell Chuang House","南投縣竹山鎮社寮里大公街65號","No. 65, Dagong St., Sheliao Vil., Zhushan Township, Nantou County 55795, Taiwan (R.O.C.)","莊O堅","049-2659157","049-2659797","有","有"
"14614388","20180502","20210812","福田檜木傢俱行","Futian wood craft and furniture store","南投縣竹山鎮山崇里集山路2段486-1號","No. 486-1, Sec. 2, Jishan Rd., Shanchong Vil., Zhushan Township, Nantou County 55782, Taiwan (R.O.C.)","劉O娥","04-92623309","04-92624049","有","有"
"14620157","20200130","20210811","盛吉工業社","SHENG-JI PLASTICS CO.","彰化縣彰化市福田里福田一路93號","No. 93, Futian 1st Rd., Futian Vil., Changhua City, Changhua County 50088, Taiwan (R.O.C.)","張O吉","04-22555866","","有","有"
"14622303","20030411","20230112","皓烽企業社","HAW FENG ENTERPRISE COMPANY","彰化縣鹿港鎮山崙里崙尾巷臨143之2號","No. 143-2, Lunwei Ln., Shanlun Vil., Lukang Township, Changhua County 505001, Taiwan (R.O.C.)","顏O玲","04-776-8278","04-776-6837","無","無"
"14623561","20140219","20230730","寬威企業社","KUAN WAI CORPORATE COMPANY","臺中市南屯區大業里公益路二段６１號３樓之３","3 F.-3, No. 61, Sec. 2, Gongyi Rd., Daye Vil., Nantun Dist., Taichung City 408355, Taiwan (R.O.C.)","蕭O民","04-7554662","","有","有"
"14623730","20020821","20210811","星富國際企業社","STARRICH INTERNATIONAL HOLDING CO.","彰化縣秀水鄉埔崙村民生街六二一號","No. 621, Minsheng St., Xiushui Township, Changhua County 50441, Taiwan (R.O.C.)","郭O志","04-7683305","04-7680014","有","有"
"14624371","20020516","20210811","永順五金企業社","YUNG SHUN HARDWARE ENTERPRISE CO.","彰化縣北斗鎮西德里中山路一段一三八巷六號","No. 6, Ln. 138, Sec. 1, Zhongshan Rd., Xide Vil., Beidou Township, Changhua County 52142, Taiwan (R.O.C.)","鄭O欽","","","有","有"
"14625168","20020621","20210811","坤三企業社","KUENN SHAN ENTERPRISE CO.","彰化縣彰化市復興里力行路十九號","No. 19, Lixing Rd., Fuxing Vil., Changhua City, Changhua County 50081, Taiwan (R.O.C.)","陳O芬","04-7272704","","無","無"
"14625625","20090430","20210811","世茂企業行","SHY MAW ENTERPRISE COMPANY","彰化縣福興鄉外中村外中街３２４號（限辦公室使用）","No. 324, Waizhong St., Fuxing Township, Changhua County 50643, Taiwan (R.O.C.)","侯O甄","05-5224016","05-5221825","有","有"
"14625879","20180329","20210811","信良中藥行","SI,LAI-LE COMPANY","彰化縣社頭鄉社頭村員集路2段247巷100號","No. 100, Ln. 247, Sec. 2, Yuanji Rd., Shetou Township, Changhua County 51141, Taiwan (R.O.C.)","林O廷","04-8710011","04-8710766","有","有"
"14625913","20020612","20210811","攏裕企業社","LUNG YU CO.","彰化縣彰化市忠權里孝德街２４巷５號４樓（限辦公室使用）","4 F., No. 5, Ln. 24, Xiaode St., Zhongquan Vil., Changhua City, Changhua County 50054, Taiwan (R.O.C.)","羅O希","04-7687029","04-7283075","有","有"
"14625940","20140825","20210811","宇成塑膠商行","YU CHENG PLASTIC COMPANY","彰化縣和美鎮四張里西園路５１８號","No. 518, Xiyuan Rd., Sizhang Vil., Hemei Township, Changhua County 50853, Taiwan (R.O.C.)","陳O松","04-7576595","04-7574595","有","有"
"14629312","20140318","20210811","巧和屋","ZOEHE PATCHWORK STORE","彰化縣彰化市崙平里建和街20號1樓","1 F., No. 20, Jianhe St., Lunping Vil., Changhua City, Changhua County 50056, Taiwan (R.O.C.)","陳O諠","0953-175471","","有","有"
"14630296","20020820","20210811","故鄉蔬果農產社","GUH SHI-ANG AGRICULTURAL PRODUCT CO.","彰化縣溪湖鎮太平里富貴七街54號","No. 54, Fugui 7th St., Taiping Vil., Xihu Township, Changhua County 51445, Taiwan (R.O.C.)","陳O韋","05-5873991","","有","有"
"14630325","20021018","20230112","兆億企業社","HSUAN HSING CO.","彰化縣和美鎮南佃里大佃路２８５號","No. 285, Dadian Rd., Nandian Vil., Hemei Township, Changhua County 508022, Taiwan (R.O.C.)","趙O輝","04-7554519","04-7564787","無","無"
"14630606","20020730","20210811","佳雅商行","JAYA ONE CO.","彰化縣彰化市文化里中民街１５巷２６號１樓","1 F., No. 26, Ln. 15, Zhongmin St., Wenhua Vil., Changhua City, Changhua County 50043, Taiwan (R.O.C.)","黃O娟","04-7224326","04-7200362","有","有"
"14631350","20020813","20210812","川元食品行","CHUAN YUAN FOODS ENTERPRISE CO.","彰化縣福興鄉鎮平村阿力街16-38號","No. 16-38, Ali St., Fuxing Township, Changhua County 50642, Taiwan (R.O.C.)","危O羣","04-7700407","04-7700307","有","有"
"14631817","20170626","20210811","永大藥行","YONG DA HERBS MEDICINE CO.","彰化縣員林市南興里南潭路一巷廿弄廿八號","No. 8, Ln. 1, Nantan Rd., Nanxing Vil., Yuanlin City, Changhua County 51053, Taiwan (R.O.C.)","吳O學","04-8327667","","有","有"
"14631957","20121122","20211026","枋林企業行","FUN LING STORE","彰化縣秀水鄉安東村彰水路1段117號","No. 117, Sec. 1, Zhangshui Rd., Xiushui Township, Changhua County 50445, Taiwan (R.O.C.)","賴O娟","04-7697236","04-7680987","有","有"
"14634933","20140814","20210811","如弘工業社","RU HONG KE INDUSTRIAL CO.","彰化縣鹿港鎮頂番里彰頂路2巷臨9號","No. 9, Ln. 2, Zhangding Rd., Dingfan Vil., Lukang Township, Changhua County 50567, Taiwan (R.O.C.)","周O芳","04-7720243","","有","有"
"14635074","20150402","20210811","和東實業社","KINGLEASH INDUSTRIAL, CO.","彰化縣溪州鄉溪厝村中山路2段243號1樓","1 F., No. 243, Sec. 2, Zhongshan Rd., Xizhou Township, Changhua County 52445, Taiwan (R.O.C.)","呂O明","04-8891821","04-8890812","有","有"
"14638017","20200831","20250213","妙成機械實業社","MIAO CHENG MACHINERY CO.","彰化縣員林市出水里出水巷37-2號","No. 37-2, Chushui Ln., Chushui Vil., Yuanlin City, Changhua County 51061, Taiwan (R.O.C.)","彭O銘","04-8313897","04-8313597","有","有"
"14638776","20050321","20210811","景昇企業社","CHING SENG ENTERPRISE CO.","彰化縣花壇鄉金墩村金福街１９號","No. 19, Jinfu St., Huatan Township, Changhua County 50343, Taiwan (R.O.C.)","謝O賜","04-7710133","04-7710688","有","有"
"14641913","20030910","20210811","一上行","EEA SHANG SHOP","新北市鶯歌區和平街１６號","No. 16, Heping St., Yingge Dist., New Taipei City 23941, Taiwan (R.O.C.)","林O盟","0937-881-722","02-8961-1412","有","有"
"14644910","20020501","20210812","台隆企業行","AKUSTO ENTERRPRISE CO.","新北市新店區檳榔路１９巷１２號４樓（現場僅供辦公室使用）","4 F., No. 12, Ln. 19, Binlang Rd., Xindian Dist., New Taipei City 23147, Taiwan (R.O.C.)","林O子","29127641","","有","有"
"14644974","20120202","20210811","鼎晟車房","DIN CHEN CARS CO.","新北市新店區中正路542之1號1樓","1 F., No. 542-1, Zhongzheng Rd., Xindian Dist., New Taipei City 23148, Taiwan (R.O.C.)","楊O葳","02-82191197","","有","有"
"14645214","20090413","20230113","金大記食品行","JIN DA JI FOOD CO.","新北市三重區集賢路33號2樓","2 F., No. 33, Jixian Rd., Sanchong Dist., New Taipei City 241752, Taiwan (R.O.C.)","方O昭","02-23111101","02-27325231","無","無"
"14647796","20020925","20210811","穗義號","SUI I SHOP","新北市中和區景平路６１之６號","No. 61-6, Jingping Rd., Zhonghe Dist., New Taipei City 23578, Taiwan (R.O.C.)","游O義","02-25713210","02-24632669","有","有"
"14648394","20020521","20210811","大鴻運企業社","TA HUNG YUN ENTERPRISE CO.","新北市三重區正義北路３６４巷５２號５樓（現場僅供辦公室使用）","5 F., No. 52, Ln. 364, Zhengyi N. Rd., Sanchong Dist., New Taipei City 24146, Taiwan (R.O.C.)","高O正","","","有","有"
"14648438","20021001","20210811","碧玉獸肉號","PI YU SIR SHOP","新北市三重區重新路１段５４號之９１攤位","No. 54-91, Sec. 1, Chongxin Rd., Sanchong Dist., New Taipei City 24142, Taiwan (R.O.C.)","李O玉","25713210","24632669","有","有"
"14648444","20020925","20210811","新義發商店","HSIN I FA SHOP","新北市三重區光華市場內５４號","No. 54, Sanchong Dist., New Taipei City 241, Taiwan (R.O.C.)","李O義","02-25713210","02-24632669","有","有"
"14648606","20181226","20210811","得豐企業社","DE FENG HOUSEWARES CO.","新北市三重區仁愛街２７巷２７號１樓","1 F., No. 27, Ln. 27, Ren’ai St., Sanchong Dist., New Taipei City 24149, Taiwan (R.O.C.)","李O昌","02-29728971","02-2976-9984","有","有"
"14649561","20130513","20210811","佑達企業社","MI_YU CO.","新北市板橋區民治街２６巷１４弄８號１樓","1 F., No. 8, Aly. 14, Ln. 26, Minzhi St., Banqiao Dist., New Taipei City 22045, Taiwan (R.O.C.)","黃O麵","02-23367371","","有","有"
"14651051","20120822","20220826","長圓高週波企業社","OVAL HIGH-FREQUENCY CO.","新北市中和區員山路581巷31弄6號(1樓)","1 F., No. 6, Aly. 31, Ln. 581, Yuanshan Rd., Zhonghe Dist., New Taipei City 235009, Taiwan (R.O.C.)","楊O訓","02-86776939","02-86775398","有","有"
"14652495","20220919","20231012","欣東林汽車材料行","Xin Dong Lin automotive materials Shop","新北市土城區明德路1段237號3樓","3 F., No. 237, Sec. 1, Mingde Rd., Tucheng Dist., New Taipei City 236010, Taiwan (R.O.C.)","陳O鴻","02-2261-3965","","有","有"
"14654557","20021001","20230113","忠益號","CHUNG I SIR SHOP","新北市三重區中央北路26號","No. 26, Zhongyang N. Rd., Sanchong Dist., New Taipei City 241046, Taiwan (R.O.C.)","黃O瑩","0937-881-722","02-8961-1412","無","無"
"14654873","20020919","20210811","嚴興號","YEN HSING SIR SHOP","新北市板橋區宮口街３７號","No. 37, Gongkou St., Banqiao Dist., New Taipei City 22055, Taiwan (R.O.C.)","張O興","25713210","24632669","有","有"
"14655520","20021001","20210811","褚文興商號","CHU WEN SIR SHOP","新北市板橋區公有市場","Gongyou Market, Banqiao Dist., New Taipei City 220, Taiwan (R.O.C.)","褚O文","25713210","24632669","有","有"
"14655887","20020618","20230320","豐富企業社","JIIAN HSIN CO.","新北市泰山區仁愛路100巷67號3樓","3 F., No. 67, Ln. 100, Ren’ai Rd., Taishan Dist., New Taipei City 24348, Taiwan (R.O.C.)","陳O榮","03-3293662","03-3293660","有","有"
"14656372","20141113","20210811","上暘汽車材料行","NEWSHUANG YANG INTERNATIONAL COMPANY","新北市樹林區中山路3段27巷16號2樓","2 F., No. 16, Ln. 27, Sec. 3, Zhongshan Rd., Shulin Dist., New Taipei City 23852, Taiwan (R.O.C.)","陳O吉","02-86840063","","有","有"
"14658863","20020912","20210811","弘安塑膠實業社","HOPE HAND INDUSTRIAL CO.","新北市蘆洲區長安街68巷37號2樓","2 F., No. 37, Ln. 68, Chang’an St., Luzhou Dist., New Taipei City 24764, Taiwan (R.O.C.)","周O臻","02-29959996","02-29666623","有","有"
"14660072","20020410","20210811","偉業國際貿易實業社","WELL TIME DEVELOPMENT CO.","桃園市楊梅區紅梅里秀才路６５號１樓","1 F., No. 65, Xiucai Rd., Hongmei Vil., Yangmei Dist., Taoyuan City 32664, Taiwan (R.O.C.)","王O隆","03-4787514","03-4787514","有","有"
"14660848","20210413","20210811","銘豐汽車材料行","Ming Fong material co.","桃園市龜山區大華里文化五路48號","No. 48, Wenhua 5th Rd., Dahua Vil., Guishan Dist., Taoyuan City 33376, Taiwan (R.O.C.)","蔡O霞","03-3975538","","有","有"
"14661924","20080805","20210811","御香食品行","YUSHANG FOODS CO.","桃園市桃園區南埔里永安路６４８巷３３弄２號之１　一樓","11 F., No. 2, Aly. 33, Ln. 648, Yong’an Rd., Nanpu Vil., Taoyuan Dist., Taoyuan City 33059, Taiwan (R.O.C.)","張O明","04-22050569","04-22050561","有","有"
"14663492","20211209","20230329","嘉新眼鏡行","JIA XIN OPTICAL CO.","桃園市桃園區經國里經國路108號2樓","2 F., No. 108, Jingguo Rd., Taoyuan Dist., Taoyuan City 330056, Taiwan (R.O.C.)","魏O安","03-3556839","","有","有"
"14666940","20030606","20210811","鈺承企業社","E-CHENG MACHINE CO.","桃園市龜山區山德里民安街76號1樓","1 F., No. 76, Min’an St., Shande Vil., Guishan Dist., Taoyuan City 33344, Taiwan (R.O.C.)","吳O鋒","03-319-1486","03-319-2876","有","有"
"14667645","20150410","20240124","有田貿易行","ARITA SUGAR CO.","新北市淡水區沙崙路2段825號18樓","18 F., No. 825, Sec. 2, Shalun Rd., Tamsui Dist., New Taipei City 251653, Taiwan (R.O.C.)","張O芬","03-4854676","03-4757257","有","有"
"14669783","20170829","20240502","今元泰企業社","JIN YUAN TAI CONCRETE BUMP CORPORATION","桃園市平鎮區高雙里高雙路103號1樓","1 F., No. 103, Gaoshuang Rd., Gaoshuang Vil., Pingzhen Dist., Taoyuan City 324010, Taiwan (R.O.C.)","陳O傑","0975-775774","","有","有"
"14670971","20210608","20210812","逸園電腦商行","Yi Yuan Computers and Home Appliances Company","桃園市龍潭區建林村建國路２０號１樓","1 F., No. 20, Jianguo Rd., Longtan Dist., Taoyuan City 32558, Taiwan (R.O.C.)","翁O生","03-4795920","03-4803274","有","有"
"14671795","20030828","20210811","享成行","SHAY CHIN HANG","桃園市八德區廣興里建國路９０５號１樓","1 F., No. 905, Jianguo Rd., Guangxing Vil., Bade Dist., Taoyuan City 33451, Taiwan (R.O.C.)","呂O翔","03-364-8957","03-364-8957","有","有"
"14672078","20040311","20220913","正鑫企業社","ZHENG-SIN ENTERPRISE CO.","桃園市觀音區富林里七賢一街25號(2樓)","2 F., No. 25, Qixian 1st St., Fulin Vil., Guanyin Dist., Taoyuan City 328009, Taiwan (R.O.C.)","林O燕","03-3461010","03-3461212","有","有"
"14672350","20220620","20231007","捷迅汽車商行","JIEXUN CARS COMPANY","桃園市桃園區龍壽里龍壽街二０六巷十八號一樓","1 F., No. 18, Ln. 206, Longshou St., Longshou Vil., Taoyuan Dist., Taoyuan City 330064, Taiwan (R.O.C.)","鍾O梅","0938007617","","有","有"
"14672529","20020614","20210812","楓葉大自然食品商行","MAPLE FOOD BUSINESS CO.","桃園市龍潭區龍潭里東龍路２２１號１樓","1 F., No. 221, Donglong Rd., Longtan Vil., Longtan Dist., Taoyuan City 32571, Taiwan (R.O.C.)","葉O","03-479-1672","03-479-3128","有","有"
"14674815","20021001","20210811","上極生鮮食品行","SUN KISS FOODS CO.","新北市蘆洲區正和街75號","No. 75, Zhenghe St., Luzhou Dist., New Taipei City 24757, Taiwan (R.O.C.)","陳O雅","04-761-2211","04-761-9641","有","有"
"14675954","20020705","20210812","台盟企業社","TAI MENG ENTERPRISE COMPANY","桃園市中壢區內定里內定二十街二０五巷二十號一樓","1 F., No. 20, Ln. 205, Neiding 20th St., Neiding Vil., Zhongli Dist., Taoyuan City 32060, Taiwan (R.O.C.)","彭O群","03-461-7581","03-461-7584","有","有"
"14676264","20120209","20230112","鼎詮企業社","NEW TING CHUAN BESINESS CO.","桃園市大園區菓林里拔子林２５之８４號１樓","1 F., No. 25-84, Bazilin, Dayuan Dist., Taoyuan City 337005, Taiwan (R.O.C.)","李O澍","03-3933237","","無","無"
"14676905","20170428","20240702","昌華機械五金行","CHANG HUA MACHINE HARDWARE CO.","桃園市平鎮區廣達里廣西路30巷29號1樓","1 F., No. 29, Ln. 30, Guangxi Rd., Guangda Vil., Pingzhen Dist., Taoyuan City 324007, Taiwan (R.O.C.)","洪O安","03-4952588","03-4948665","有","有"
"14679488","20140321","20210812","均銓企業社","JYUN QUAN ENTERPRISE CO.","桃園市平鎮區湧豐里南豐路１０８巷２６弄５號１樓","1 F., No. 5, Aly. 26, Ln. 108, Nanfeng Rd., Yongfeng Vil., Pingzhen Dist., Taoyuan City 32459, Taiwan (R.O.C.)","蔡O昌","03-4195615","03-4195617","有","有"
"14679543","20020808","20210812","友銓商行","YOU CHUN TRADE CO.","桃園市龜山區龜山里萬壽路２段６７６號５樓","5 F., No. 676, Sec. 2, Wanshou Rd., Guishan Vil., Guishan Dist., Taoyuan City 33343, Taiwan (R.O.C.)","陳O峰","02-86612878","02-86612879","有","有"
"14679918","20060302","20210812","一路珍藏工作室","ICHIRO WORKSHOP","桃園市中壢區中堅里台貿二街八號","No. 8, Taimao 2nd St., Zhongjian Vil., Zhongli Dist., Taoyuan City 32078, Taiwan (R.O.C.)","晏O珍","03-3757399","03-3757366","有","有"
"14683125","20090206","20090306","台灣佛教傳道協會","BDK TAIWAN ASSOCIATION","臺北市大同區長安西路２６１號３樓","3F., NO.261, CHANG-AN W. RD., DATONG DISTRICT, TAIPEI CITY 10341, TAIWAN (R.O.C.)","張O煌","02-87523636","02-87523267","有","有"
"14691791","20181205","20181205","社團法人台灣防火材料協會","Taiwan Fire Safety & Material Association","新北市新店區民權路９５號３樓","3F., NO.95, MINQUAN RD., XINDIAN DIST., NEW TAIPEI CITY 23141, TAIWAN (R.O.C.)","林O元","02-86676111","86676397","有","有"
"14703446","20240320","20240320","財團法人李登輝基金會","Lee Teng-hui Foundation","新北市淡水區中正東路二段２７之２號３０樓","30F., No. 27-2, Sec. 2, Zhongzheng E. Rd., Tamsui Dist., New Taipei City 251401, Taiwan, R.O.C.","李O妮","02-28084777","02-28084779","有","有"
"14713394","20030109","20210811","日鼎地板行","A DING CO.,","臺北市信義區永吉路187巷27號","No. 27, Ln. 187, Yongji Rd., Xinyi Dist., Taipei City 11063, Taiwan (R.O.C.)","單O英","02-27670102","02-27640489","有","有"
"14714008","20220321","20220321","甜蜜蜜食品行","Sweet Food Store","臺北市北投區石牌路1段166巷141號","No. 141, Ln. 166, Sec. 1, Shipai Rd., Beitou Dist., Taipei City 11271, Taiwan (R.O.C.)","張O雯","0913286909","","有","有"
"14715409","20041124","20230111","華廣企業社","HWA KUANG ENTERPRISE COMPANY","宜蘭縣蘇澳鎮存仁里存德路一０六巷七號","No. 7, Ln. 106, Cunde Rd., Cunren Vil., Su’ao Township, Yilan County 270012, Taiwan (R.O.C.)","許O珍","02-87879832","","無","無"
"14718341","20021118","20221230","木偶屋商行","PUPPET HOUSE CO.","臺北市萬華區西寧南路72之1號4樓","4 F., No. 72-1, Xining S. Rd., Wanhua Dist., Taipei City 108001, Taiwan (R.O.C.)","王O富","2375-2037","23638938","無","無"
"14718715","20180903","20210812","欣向傢俱行","Xinxiang design furniture store","臺北市大安區文昌街158號1樓","1 F., No. 158, Wenchang St., Da’an Dist., Taipei City 10680, Taiwan (R.O.C.)","陳O雄","02-23941818","02-23569006","有","有"
"14719242","20120921","20210811","騰彪藝品社","TENG PIAO GOODS ARTS CO.","臺北市中山區松江路51號7樓之3","7F.-3, No. 51, Songjiang Rd., Zhongshan Dist., Taipei City 10455, Taiwan (R.O.C.)","陳O珍","02-87736028","","有","有"
"14721438","20070522","20210811","立暘汽車材料行","LI YANG MOTO CO.","新北市汐止區北山里康寧街141巷22弄3號1樓","1 F., No. 3, Aly. 22, Ln. 141, Kangning St., Beishan Vil., Xizhi Dist., New Taipei City 22153, Taiwan (R.O.C.)","陳O銘","02-26305267","","有","有"
"14722302","20101021","20210811","城桔企業行","CHEN GI CO.","臺北市大安區安居街116號1樓","1 F., No. 116, Anju St., Da’an Dist., Taipei City 10671, Taiwan (R.O.C.)","陳O堂","02-2378-6366","2733-9009","有","有"
"14724028","20231129","20231129","可邁皮鞋店","KEMAI LEATHER SHOE Store","臺北市士林區文昌路30號1樓","1 F., No. 30, Wenchang Rd., Shilin Dist., Taipei City 111045, Taiwan (R.O.C.)","蔡O妤","02-28376656","","有","有"
"14724667","20211102","20211102","毅明企業社","E-MIN ENTERPRISE COMPANY","臺北市內湖區永保街142號","No. 142, Yongbao St., Neihu Dist., Taipei City 11484, Taiwan (R.O.C.)","胡O瑋","02-87910287","02-87916595","有","有"
"14728994","20030804","20230113","花三本舖","HANASAN HOME STORE","臺北市中山區中山北路2段96巷19號1樓","1 F., No. 19, Ln. 96, Sec. 2, Zhongshan N. Rd., Zhongshan Dist., Taipei City 104018, Taiwan (R.O.C.)","林O癸","02-25024050","02-25062439","無","無"
"14729261","20060418","20210812","盛斌企業社","SHEN BIN BUSINESS CO.","臺北市士林區承德路4段364號2樓","2 F., No. 364, Sec. 4, Chengde Rd., Shilin Dist., Taipei City 11168, Taiwan (R.O.C.)","陳O吉","02-28827969","02-28827969","有","有"
"14729656","20020805","20210812","百川洋行","WU'S LOGIC CO.","臺北市松山區民權東路3段106巷1號3樓之1","3F.-1, No. 1, Ln. 106, Sec. 3, Minquan E. Rd., Songshan Dist., Taipei City 10543, Taiwan (R.O.C.)","吳O德","02-25451522","02-2712-4685","有","有"
"14730507","20030206","20210811","建安機車行","JAIN AN MOTOR CO.","臺北市信義區嘉興街181巷6號","No. 6, Ln. 181, Jiaxing St., Xinyi Dist., Taipei City 11053, Taiwan (R.O.C.)","張O玲","02-2736-5785","02-2738-5641","有","有"
"14734237","20200106","20210811","克利瑪工作室","Cerma CO.","新北市中和區華新街109巷28號6樓之3","6F.-3, No. 28, Ln. 109, Huaxin St., Zhonghe Dist., New Taipei City 23568, Taiwan (R.O.C.)","李O桑","02-29443341","","有","有"
"14734757","20210415","20210811","露德威企業社","LUDEWEI company","臺北市中山區建國北路2段3巷15號4樓","4 F., No. 15, Ln. 3, Sec. 2, Jianguo N. Rd., Zhongshan Dist., Taipei City 10487, Taiwan (R.O.C.)","呂O如","0938377130","","有","有"
"14735030","20070314","20210811","家成行","HSU CHIUNG YING CO.","臺北市大同區民樂街141號","No. 141, Minle St., Datong Dist., Taipei City 10347, Taiwan (R.O.C.)","許O英","02-25533855","","有","有"
"14735799","20250207","20250207","雄鼎食品行","SHIUNGDING FOOD Co.","新北市樹林區大安路145巷16號","No. 16, Ln. 145, Da'an Rd., Shulin Dist., New Taipei City 238007, Taiwan (R.O.C.)","王O美","02-26755511","02-26750355","有","有"
"14737327","20030828","20210812","財健企業社","CHAI CHEN CO.","臺北市中山區中山北路2段128巷6弄5號4樓","4 F., No. 5, Aly. 6, Ln. 128, Sec. 2, Zhongshan N. Rd., Zhongshan Dist., Taipei City 10449, Taiwan (R.O.C.)","鍾O平","02-27772210","","有","無"
"14738091","20020813","20210812","永固國際商行","YUNG GUH INTERNATIONAL CORP.","臺北市中山區松江路372巷23號1樓","1 F., No. 23, Ln. 372, Songjiang Rd., Zhongshan Dist., Taipei City 10468, Taiwan (R.O.C.)","鄭O賢","02-25873497","02-25960853","有","有"
"14738199","20060227","20210811","衡美國際實業洋行","HEALTH MAKER INTERNATIONAL CO., LTD.","臺北市中山區中山北路2段93巷23號","No. 23, Ln. 93, Sec. 2, Zhongshan N. Rd., Zhongshan Dist., Taipei City 10451, Taiwan (R.O.C.)","周O毅","02-2511-5090","02-2511-5060","有","有"
"14740054","20151116","20210811","英成機車行","VEHICLE MOTOR CO.","臺北市士林區通河街51號1樓","1 F., No. 51, Tonghe St., Shilin Dist., Taipei City 11166, Taiwan (R.O.C.)","段O峰","02-28851278","02-22721462","有","有"
"14740420","20120810","20210812","日益工作室","DAY BY DAY WORKSHOP","臺北市內湖區康寧路3段75巷272號2樓","2 F., No. 272, Ln. 75, Sec. 3, Kangning Rd., Neihu Dist., Taipei City 11485, Taiwan (R.O.C.)","曾O鶯","02-27486639","02-27486639","有","有"
"14740857","20180814","20210812","翃昌企業社","Hom-Chang Enterprice Co.","臺北市大安區復興南路2段151巷16號1樓","1 F., No. 16, Ln. 151, Sec. 2, Fuxing S. Rd., Da’an Dist., Taipei City 10665, Taiwan (R.O.C.)","張O伶","02-27019293","02-27079463","有","有"
"14741933","20030324","20210811","黛艷行","IC INDIVIDUAL COMPANY","臺北市中山區長春路57號12樓","12 F., No. 57, Changchun Rd., Zhongshan Dist., Taipei City 10447, Taiwan (R.O.C.)","王O國","02-22774741","","無","無"
"14743307","20040616","20210811","寶鵬企業社","BAO BENG ENTERPRISE CO.","新北市汐止區大同路1段380號8樓","8 F., No. 380, Sec. 1, Datong Rd., Xizhi Dist., New Taipei City 22146, Taiwan (R.O.C.)","胡O美","02-2455-3895","02-24698145","無","無"
"14743524","20110117","20210811","一四七高地企業社","147 HIGH LAND ENTERPRISE COMPANY","臺北市內湖區安泰街125巷40號1樓","1 F., No. 40, Ln. 125, Antai St., Neihu Dist., Taipei City 11477, Taiwan (R.O.C.)","賴O君","02-26321833","02-26320833","有","有"
"14744214","20021128","20210811","玉峯戶外休閒用品店","OUTDOOR PLUS INTERNATIONAL CO.","臺北市中正區中山北路1段22號1樓","1 F., No. 22, Sec. 1, Zhongshan N. Rd., Zhongzheng Dist., Taipei City 10041, Taiwan (R.O.C.)","林O滿","02-2371-3763","02-2331-4631","有","有"
"14744853","20020916","20230519","德遷攬桑行","DE CHAN LAN SANG CO.","臺北市大同區迪化街1段32巷9之1號","No. 9-1, Ln. 32, Sec. 1, Dihua St., Datong Dist., Taipei City 103012, Taiwan (R.O.C.)","陳O鳳","02-25818205","02-22801442","無","無"
"14745353","20031003","20210811","廣技國際企業社","GROWTECH INTERNATIONAL CO.","臺北市內湖區成功路4段214巷3弄15號","No. 15, Aly. 3, Ln. 214, Sec. 4, Chenggong Rd., Neihu Dist., Taipei City 11489, Taiwan (R.O.C.)","周O秀","02-29956382","02-29956382","有","有"
"14746331","20100416","20210812","瑋達行","VITAS TRADE COMPANY","臺北市中山區長安東路2段184號8樓之3","8F.-3, No. 184, Sec. 2, Chang’an E. Rd., Zhongshan Dist., Taipei City 10491, Taiwan (R.O.C.)","唐O","02-27760256","02-27523170","有","有"
"14746418","20191126","20210812","正紅商行","ADAMAS JEWELRY TRADING CO.","臺北市信義區忠孝東路5段101號7樓之1","7F.-1, No. 101, Sec. 5, Zhongxiao E. Rd., Xinyi Dist., Taipei City 11071, Taiwan (R.O.C.)","陳O宏","0912519069","","有","有"
"14748204","20020924","20210811","田高商行","TYAN GAU CO.","臺北市中山區南京東路3段152號5樓","5 F., No. 152, Sec. 3, Nanjing E. Rd., Zhongshan Dist., Taipei City 10488, Taiwan (R.O.C.)","張O惠","02-27406235","02-27513478","無","無"
"14748295","20020927","20210811","各全商行","GEH CHYUAN CO.","臺北市中山區南京東路3段152號5樓","5 F., No. 152, Sec. 3, Nanjing E. Rd., Zhongshan Dist., Taipei City 10488, Taiwan (R.O.C.)","陳O玲","27406235","27513478","有","有"
"14748318","20020927","20210811","辛白商行","SHIN BAIR CO.","臺北市中山區南京東路3段152號5樓","5 F., No. 152, Sec. 3, Nanjing E. Rd., Zhongshan Dist., Taipei City 10488, Taiwan (R.O.C.)","劉O玉蓮","27406235","27513478","有","有"
"14748350","20020924","20210811","未竹商行","WEY JWU CO.","臺北市中山區南京東路3段152號5樓","5 F., No. 152, Sec. 3, Nanjing E. Rd., Zhongshan Dist., Taipei City 10488, Taiwan (R.O.C.)","林O前","02-27406235","02-27513478","有","有"
"14748372","20020927","20210811","有千商行","YOW CHIAN CO.","臺北市中山區南京東路3段152號5樓","5 F., No. 152, Sec. 3, Nanjing E. Rd., Zhongshan Dist., Taipei City 10488, Taiwan (R.O.C.)","邱O君","27406235","27513478","有","有"
"14748387","20020926","20210811","且卡商行","CHIEE KAA CO.","臺北市中山區南京東路3段152號5樓","5 F., No. 152, Sec. 3, Nanjing E. Rd., Zhongshan Dist., Taipei City 10488, Taiwan (R.O.C.)","許O翔","27406235","27513478","有","有"
"14748393","20020930","20210812","有午商行","YOW WUU CO.","臺北市中山區南京東路3段152號5樓","5 F., No. 152, Sec. 3, Nanjing E. Rd., Zhongshan Dist., Taipei City 10488, Taiwan (R.O.C.)","陳O玲","27406235","27513478","有","有"
"14748443","20020926","20210811","亥卉商行","HAY HUEY CO.","臺北市中山區南京東路3段152號5樓","5 F., No. 152, Sec. 3, Nanjing E. Rd., Zhongshan Dist., Taipei City 10488, Taiwan (R.O.C.)","林O花","27406235","27513478","有","有"
"14748529","20020926","20210811","求田商行","CHYOW TYAN CO.","臺北市中山區南京東路3段152號5樓","5 F., No. 152, Sec. 3, Nanjing E. Rd., Zhongshan Dist., Taipei City 10488, Taiwan (R.O.C.)","邱O平","27406235","27513478","有","有"
"14748540","20020927","20210812","寸土商行","TSUENN TUU CO.","臺北市中山區南京東路3段152號5樓","5 F., No. 152, Sec. 3, Nanjing E. Rd., Zhongshan Dist., Taipei City 10488, Taiwan (R.O.C.)","許O翔","27406235","27513478","有","有"
"14748561","20020926","20210811","路子商行","LUH TZYY CO.","臺北市中山區南京東路3段152號5樓","5 F., No. 152, Sec. 3, Nanjing E. Rd., Zhongshan Dist., Taipei City 10488, Taiwan (R.O.C.)","侯O明","02-27406235","02-27513478","有","有"
"14748577","20020926","20210811","周乏商行","JOU FAR CO.","臺北市中山區南京東路3段152號5樓","5 F., No. 152, Sec. 3, Nanjing E. Rd., Zhongshan Dist., Taipei City 10488, Taiwan (R.O.C.)","顏O番","27406235","27513478","有","有"
"14748582","20020927","20210811","石生商行","GUU SHEN  CO.","臺北市中山區南京東路3段152號5樓","5 F., No. 152, Sec. 3, Nanjing E. Rd., Zhongshan Dist., Taipei City 10488, Taiwan (R.O.C.)","郭O成","02-27406235","02-27513478","有","有"
"14748605","20020927","20210811","丘朱商行","CHIOU JU CO.","臺北市中山區南京東路3段152號5樓","5 F., No. 152, Sec. 3, Nanjing E. Rd., Zhongshan Dist., Taipei City 10488, Taiwan (R.O.C.)","吳O美","27406235","27513478","有","有"
"14748627","20020927","20210811","危由商行","WOEI YEOU  CO.","臺北市中山區南京東路3段152號5樓","5 F., No. 152, Sec. 3, Nanjing E. Rd., Zhongshan Dist., Taipei City 10488, Taiwan (R.O.C.)","謝O哲","27406235","27513478","有","有"
"14748653","20020926","20210811","主冬商行","JUU DONG CO.","臺北市中山區南京東路3段152號5樓","5 F., No. 152, Sec. 3, Nanjing E. Rd., Zhongshan Dist., Taipei City 10488, Taiwan (R.O.C.)","邱O湖","27406235","27513478","有","有"
"14748675","20020930","20210811","云昀商行","IUN IUN CO.","臺北市中山區南京東路3段152　號5樓","5 F., No. 152, Sec. 3, Nanjing E. Rd., Zhongshan Dist., Taipei City 10488, Taiwan (R.O.C.)","劉O天","27406235","27513478","有","有"
"14748680","20020927","20210811","具邑商行","GUH YII CO.","臺北市中山區南京東路3段152號5樓","5 F., No. 152, Sec. 3, Nanjing E. Rd., Zhongshan Dist., Taipei City 10488, Taiwan (R.O.C.)","楊O惠","27406235","27513478","有","有"
"14748696","20020926","20210811","旅凡商行","LEU FARN CO.","臺北市中山區南京東路3段152號5樓","5 F., No. 152, Sec. 3, Nanjing E. Rd., Zhongshan Dist., Taipei City 10488, Taiwan (R.O.C.)","陳O銘","27406235","27513478","有","有"
"14748703","20020927","20210812","光耳商行","GUANG EEL CO.","臺北市中山區南京東路3段152號5樓","5 F., No. 152, Sec. 3, Nanjing E. Rd., Zhongshan Dist., Taipei City 10488, Taiwan (R.O.C.)","謝O璋","27406235","27513478","有","有"
"14748719","20020926","20210811","比彼商行","BII BII CO.","臺北市中山區南京東路3段152號5樓","5 F., No. 152, Sec. 3, Nanjing E. Rd., Zhongshan Dist., Taipei City 10488, Taiwan (R.O.C.)","劉O玉蓮","27406235","27513478","有","有"
"14748725","20020927","20210811","貝倍商行","BEY BEY CO.","臺北市中山區南京東路3段152號5樓","5 F., No. 152, Sec. 3, Nanjing E. Rd., Zhongshan Dist., Taipei City 10488, Taiwan (R.O.C.)","邱O君","02-27406235","02-27513478","有","有"
"14748730","20020926","20210811","口子商行","KOOU TZYY CO.","臺北市中山區南京東路3段152號5樓","5 F., No. 152, Sec. 3, Nanjing E. Rd., Zhongshan Dist., Taipei City 10488, Taiwan (R.O.C.)","施O亮","27406235","27513478","有","有"
"14748746","20020927","20210811","之意商行","JY YIH CO.","臺北市中山區南京東路3段152號5樓","5 F., No. 152, Sec. 3, Nanjing E. Rd., Zhongshan Dist., Taipei City 10488, Taiwan (R.O.C.)","吳O美","27406235","27513478","有","有"
"14748751","20020926","20210811","癸府商行","KWEI FUU CO.","臺北市中山區南京東路3段152號5樓","5 F., No. 152, Sec. 3, Nanjing E. Rd., Zhongshan Dist., Taipei City 10488, Taiwan (R.O.C.)","陳O素楨","27406235","27513478","有","有"
"14748788","20020926","20210811","及思商行","JYI SY CO.","臺北市中山區南京東路3段152號5樓","5 F., No. 152, Sec. 3, Nanjing E. Rd., Zhongshan Dist., Taipei City 10488, Taiwan (R.O.C.)","林O花","27406235","27513478","有","有"
"14748801","20020926","20210811","又古商行","YOW GUU CO.","臺北市中山區南京東路3段152號5樓","5 F., No. 152, Sec. 3, Nanjing E. Rd., Zhongshan Dist., Taipei City 10488, Taiwan (R.O.C.)","郭O成","27406235","27513478","有","有"
"14748817","20020924","20210811","化月商行","HUAH YUEH CO.","臺北市中山區南京東路3段152號5樓","5 F., No. 152, Sec. 3, Nanjing E. Rd., Zhongshan Dist., Taipei City 10488, Taiwan (R.O.C.)","林O愛枝","02-27406235","02-27513478","有","有"
"14748823","20020926","20210811","戌羽商行","SHUH YEU CO.","臺北市中山區南京東路3段152號5樓","5 F., No. 152, Sec. 3, Nanjing E. Rd., Zhongshan Dist., Taipei City 10488, Taiwan (R.O.C.)","林O添","02-27406235","02-27513478","有","有"
"14748838","20020926","20210811","分文商行","FEN WEN CO.","臺北市中山區南京東路3段152號5樓","5 F., No. 152, Sec. 3, Nanjing E. Rd., Zhongshan Dist., Taipei City 10488, Taiwan (R.O.C.)","施O亮","27406235","27513478","有","有"
"14748844","20020927","20210811","手古商行","SHOOU GUU CO.","臺北市中山區南京東路3段152號5樓","5 F., No. 152, Sec. 3, Nanjing E. Rd., Zhongshan Dist., Taipei City 10488, Taiwan (R.O.C.)","林O愛枝","27406235","27513478","有","有"
"14748871","20020926","20210811","方甘商行","FANG GAN CO.","臺北市中山區南京東路3段152號5樓","5 F., No. 152, Sec. 3, Nanjing E. Rd., Zhongshan Dist., Taipei City 10488, Taiwan (R.O.C.)","郭O信","02-27406235","02-27513478","有","有"
"14748886","20020926","20210811","大丈商行","DAH JANQ CO.","臺北市中山區南京東路3段152號5樓","5 F., No. 152, Sec. 3, Nanjing E. Rd., Zhongshan Dist., Taipei City 10488, Taiwan (R.O.C.)","潘O輝","27406235","27513478","有","有"
"14748892","20020926","20210811","客恩商行","KEH EN CO.","臺北市中山區南京東路3段152號5樓","5 F., No. 152, Sec. 3, Nanjing E. Rd., Zhongshan Dist., Taipei City 10488, Taiwan (R.O.C.)","陳O萍","27406235","27513478","有","有"
"14748915","20020927","20210812","司文商行","SY WEN CO.","臺北市中山區南京東路3段152號5樓","5 F., No. 152, Sec. 3, Nanjing E. Rd., Zhongshan Dist., Taipei City 10488, Taiwan (R.O.C.)","羅O洲","27406235","27513478","有","有"
"14748957","20020927","20210811","布心商行","BUH SHIN CO.","臺北市中山區南京東路3段152號5樓","5 F., No. 152, Sec. 3, Nanjing E. Rd., Zhongshan Dist., Taipei City 10488, Taiwan (R.O.C.)","邱O平","27406235","27513478","有","有"
"14748963","20020926","20210811","戶巴商行","HUU BA CO.","臺北市中山區南京東路3段152號5樓","5 F., No. 152, Sec. 3, Nanjing E. Rd., Zhongshan Dist., Taipei City 10488, Taiwan (R.O.C.)","顏O番","27406235","27513478","有","有"
"14748979","20020927","20210811","去必商行","CHIUH NIH CO.","臺北市中山區南京東路3段152號5樓","5 F., No. 152, Sec. 3, Nanjing E. Rd., Zhongshan Dist., Taipei City 10488, Taiwan (R.O.C.)","林O添","27406235","27513478","有","有"
"14748984","20020926","20210811","雨牙商行","YA YA CO.","臺北市中山區南京東路3段152號5樓","5 F., No. 152, Sec. 3, Nanjing E. Rd., Zhongshan Dist., Taipei City 10488, Taiwan (R.O.C.)","謝O哲","27406235","27513478","有","有"
"14748990","20020926","20210811","夙洋商行","SUH YANG CO.","臺北市中山區南京東路3段152號5樓","5 F., No. 152, Sec. 3, Nanjing E. Rd., Zhongshan Dist., Taipei City 10488, Taiwan (R.O.C.)","張O惠","02-27406235","02-27513478","有","有"
"14749127","20020927","20210811","份恩商行","FENN EN CO.","臺北市中山區南京東路3段152號5樓","5 F., No. 152, Sec. 3, Nanjing E. Rd., Zhongshan Dist., Taipei City 10488, Taiwan (R.O.C.)","賴O元","27406235","27513478","有","有"
"14749132","20020926","20210811","年哥商行","NIAN GE CO.","臺北市中山區南京東路3段152號5樓","5 F., No. 152, Sec. 3, Nanjing E. Rd., Zhongshan Dist., Taipei City 10488, Taiwan (R.O.C.)","林O添","27406235","27513478","有","有"
"14749148","20020927","20210811","民初商行","MING BIG CO.","臺北市中山區南京東路3段152號5樓","5 F., No. 152, Sec. 3, Nanjing E. Rd., Zhongshan Dist., Taipei City 10488, Taiwan (R.O.C.)","陳O銘","02-27406235","02-27513478","有","有"
"14749169","20020926","20210811","日四商行","RYH SYH CO.","臺北市中山區南京東路3段152號5樓","5 F., No. 152, Sec. 3, Nanjing E. Rd., Zhongshan Dist., Taipei City 10488, Taiwan (R.O.C.)","謝O璋","27406235","27513478","有","有"
"14749175","20020927","20210812","力扣商行","LIH KOW CO.","臺北市中山區南京東路3段152號5樓","5 F., No. 152, Sec. 3, Nanjing E. Rd., Zhongshan Dist., Taipei City 10488, Taiwan (R.O.C.)","吳O欣","27406235","27513478","有","有"
"14749180","20020926","20210811","登花商行","DENG HUA CO.","臺北市中山區南京東路3段152號5樓","5 F., No. 152, Sec. 3, Nanjing E. Rd., Zhongshan Dist., Taipei City 10488, Taiwan (R.O.C.)","郭O成","27406235","27513478","有","有"
"14749196","20020927","20210811","丑光商行","CHOOU GUANG CO.","臺北市中山區南京東路3段152號5樓","5 F., No. 152, Sec. 3, Nanjing E. Rd., Zhongshan Dist., Taipei City 10488, Taiwan (R.O.C.)","侯O明","27406235","27513478","有","有"
"14749203","20020926","20210811","乙自商行","YII TZYH CO.","臺北市中山區南京東路3段152號5樓","5 F., No. 152, Sec. 3, Nanjing E. Rd., Zhongshan Dist., Taipei City 10488, Taiwan (R.O.C.)","吳O美","02-27406235","02-27513478","有","有"
"14749219","20020926","20210811","丙玄商行","BIING SHYUAN CO.","臺北市中山區南京東路3段152號5樓","5 F., No. 152, Sec. 3, Nanjing E. Rd., Zhongshan Dist., Taipei City 10488, Taiwan (R.O.C.)","張O惠","02-27406235","02-27513478","有","有"
"14749230","20020927","20210811","辰巫商行","CHENG WN CO.","臺北市中山區南京東路3段152號5樓","5 F., No. 152, Sec. 3, Nanjing E. Rd., Zhongshan Dist., Taipei City 10488, Taiwan (R.O.C.)","邱O平","27406235","27513478","有","有"
"14749246","20020927","20210812","己字商行","JII TZYH CO.","臺北市中山區南京東路3段152號5樓","5 F., No. 152, Sec. 3, Nanjing E. Rd., Zhongshan Dist., Taipei City 10488, Taiwan (R.O.C.)","謝O哲","27406235","27513478","有","有"
"14749251","20020926","20210811","朱木商行","JU MUH CO.","臺北市中山區南京東路3段152號5樓","5 F., No. 152, Sec. 3, Nanjing E. Rd., Zhongshan Dist., Taipei City 10488, Taiwan (R.O.C.)","潘O輝","27406235","27513478","有","有"
"14749267","20020926","20210811","寅加商行","YIAA JIA CO.","臺北市中山區南京東路3段152號5樓","5 F., No. 152, Sec. 3, Nanjing E. Rd., Zhongshan Dist., Taipei City 10488, Taiwan (R.O.C.)","施O亮","27406235","27513478","有","有"
"14749273","20020927","20210811","巫吃商行","WN CHY CO.","臺北市中山區南京東路3段152號5樓","5 F., No. 152, Sec. 3, Nanjing E. Rd., Zhongshan Dist., Taipei City 10488, Taiwan (R.O.C.)","陳O萍","02-27406235","02-27513478","有","有"
"14749288","20020926","20210811","花責商行","HUA TZER CO.","臺北市中山區南京東路3段152號5樓","5 F., No. 152, Sec. 3, Nanjing E. Rd., Zhongshan Dist., Taipei City 10488, Taiwan (R.O.C.)","邱O生","27406235","27513478","有","有"
"14749294","20020926","20210811","成升商行","CHERN CHEN CO.","臺北市中山區南京東路3段152號5樓","5 F., No. 152, Sec. 3, Nanjing E. Rd., Zhongshan Dist., Taipei City 10488, Taiwan (R.O.C.)","羅O洲","27406235","27513478","有","有"
"14749317","20020926","20210811","丁名商行","DING MING CO.","臺北市中山區南京東路3段152號5樓","5 F., No. 152, Sec. 3, Nanjing E. Rd., Zhongshan Dist., Taipei City 10488, Taiwan (R.O.C.)","王O昌","27406235","27513478","有","有"
"14749323","20020926","20210811","坐心商行","TZUOH SHIN CO.","臺北市中山區南京東路3段152號5樓","5 F., No. 152, Sec. 3, Nanjing E. Rd., Zhongshan Dist., Taipei City 10488, Taiwan (R.O.C.)","劉O天","02-27406235","02-27513478","有","有"
"14749338","20020926","20210811","名恩商行","MING EN CO.","臺北市中山區南京東路3段152號5樓","5 F., No. 152, Sec. 3, Nanjing E. Rd., Zhongshan Dist., Taipei City 10488, Taiwan (R.O.C.)","施O真","27406235","27513478","有","有"
"14749344","20020927","20210811","卯同商行","MAO TORNG CO.","臺北市中山區南京東路3段152號5樓","5 F., No. 152, Sec. 3, Nanjing E. Rd., Zhongshan Dist., Taipei City 10488, Taiwan (R.O.C.)","邱O君","27406235","27513478","有","有"
"14749386","20020926","20210811","力日商行","LIH RYH CO.","臺北市中山區南京東路3段152號5樓","5 F., No. 152, Sec. 3, Nanjing E. Rd., Zhongshan Dist., Taipei City 10488, Taiwan (R.O.C.)","林O花","02-27406235","02-27513478","有","有"
"14749392","20020927","20210811","子色商行","TZYY SEH CO.","臺北市中山區南京東路3段152號5樓","5 F., No. 152, Sec. 3, Nanjing E. Rd., Zhongshan Dist., Taipei City 10488, Taiwan (R.O.C.)","陳O銘","27406235","27513478","有","有"
"14749463","20020930","20210811","狸石商行","LI SHYR CO.","臺北市中山區南京東路3段152號5樓","5 F., No. 152, Sec. 3, Nanjing E. Rd., Zhongshan Dist., Taipei City 10488, Taiwan (R.O.C.)","林O前","27406235","27513478","有","有"
"14749479","20021001","20210811","甲承商行","GAA CHENG CO.","臺北市中山區南京東路3段152號5樓","5 F., No. 152, Sec. 3, Nanjing E. Rd., Zhongshan Dist., Taipei City 10488, Taiwan (R.O.C.)","許O翔","27406235","27513478","有","有"
"14749484","20020930","20210811","玉施商行","IU SHY CO.","臺北市中山區南京東路3段152號5樓","5 F., No. 152, Sec. 3, Nanjing E. Rd., Zhongshan Dist., Taipei City 10488, Taiwan (R.O.C.)","楊O惠","27406235","27513478","有","有"
"14749490","20020927","20210811","合名商行","HEO MING CO.","臺北市中山區南京東路3段152號5樓","5 F., No. 152, Sec. 3, Nanjing E. Rd., Zhongshan Dist., Taipei City 10488, Taiwan (R.O.C.)","邱O湖","27406235","27513478","有","有"
"14749506","20020930","20210811","文束商行","WEN SHUH CO.","臺北市中山區南京東路3段152號5樓","5 F., No. 152, Sec. 3, Nanjing E. Rd., Zhongshan Dist., Taipei City 10488, Taiwan (R.O.C.)","劉O賢","27406235","27513478","有","有"
"14749512","20020930","20210811","戊布商行","WUH BUH  CO.","臺北市中山區南京東路3段152號5樓","5 F., No. 152, Sec. 3, Nanjing E. Rd., Zhongshan Dist., Taipei City 10488, Taiwan (R.O.C.)","黃O成","27406235","27513478","有","有"
"14749554","20020927","20210811","午寺商行","WUU SYH CO.","臺北市中山區南京東路3段152號5樓","5 F., No. 152, Sec. 3, Nanjing E. Rd., Zhongshan Dist., Taipei City 10488, Taiwan (R.O.C.)","劉O賢","27406235","27513478","有","有"
"14749610","20020927","20210811","用思商行","IONG SY CO.","臺北市中山區南京東路3段152號5樓","5 F., No. 152, Sec. 3, Nanjing E. Rd., Zhongshan Dist., Taipei City 10488, Taiwan (R.O.C.)","羅O洲","27406235","27513478","有","有"
"14752895","20101122","20220226","嘉偉企業社","JIA BO CO.","嘉義縣朴子市永和里𧃽菜埔一○五之七八號","No. 105-78, Yonghe Vil., Puzi City, Chiayi County 613, Taiwan (R.O.C.)","姚O華","05-3791003","05-3700026","有","有"
"14754015","20030326","20210811","宏鼎企業社","HOME TEEM CO.","嘉義縣民雄鄉文隆村山腳１之２９號","No. 1-29, Shanjiau, Minxiong Township, Chiayi County 62153, Taiwan (R.O.C.)","李O足","05-2209902","05-2205121","有","有"
"14754253","20081103","20210812","承品傢俱行","CHENG PING FURNITURE CO.","嘉義縣民雄鄉中樂村民新路９１號附1","No. 91, Minxin Rd., Minxiong Township, Chiayi County 62142, Taiwan (R.O.C.)","劉O元","05-2064285","05-2064285","有","有"
"14755437","20050601","20210812","獨角仙休閒農場","DUGASAN COMPANY","嘉義縣中埔鄉石硦村石硦45-2號","No. 45-2, Zhongpu Township, Chiayi County 606, Taiwan (R.O.C.)","林O成","05-2030666","05-2030503","有","有"
"14757033","20050803","20241008","嘉大行","CHIA TA FRUIT CO.","嘉義縣大林鎮平林里新興街１０４巷１０弄８號1樓","1 F., No. 8, Aly. 10, Ln. 104, Xinxing St., Pinglin Vil., Dalin Township, Chiayi County 622004, Taiwan (R.O.C.)","林O華","05-2657316","","有","有"
"14757076","20190515","20210811","魏申食品工廠","WEISEN FOOD FACTORY","嘉義縣中埔鄉隆興村下厝仔二一號","No. 21, Xiacuozai, Zhongpu Township, Chiayi County 60663, Taiwan (R.O.C.)","魏O修","05-2030257","","有","有"
"14757147","20031020","20230812","天祐水果行","CHANNG XING CO.","嘉義市西區竹村里埤竹路５０號一樓","1 F., No. 50, Pizhu Rd., Zhucun Vil., West Dist., Chiayi City 600079, Taiwan (R.O.C.)","李O強","05-276-9789","","有","有"
"14757287","20030903","20210812","新燈之坊燈飾行","XIN DENG ZHI FANG CO.","嘉義縣中埔鄉和睦村中華路二五四號","No. 254, Zhonghua Rd., Zhongpu Township, Chiayi County 60660, Taiwan (R.O.C.)","黃O婷","05-2301211","","有","有"
"14758315","20150811","20150811","保證責任台灣區嘉賢果菜運銷合作社","TAIWAN CHIA-SHJI FRUITS & VEGETABLES MARKETING COOPERATIVE","台南市楠西區鹿田里油車６０－１３號","NO.60-13, YOUCHE, NANXI DIST., TAINAN CITY 715, TAIWAN (R.O.C.)","周O海","05-2342253","05-2341491","有","有"
"14760656","20140623","20210811","嘉農酒莊","CANNON WINERY","嘉義縣番路鄉下坑村菜公店3號附12","No. 3, Caigongdian, Fanlu Township, Chiayi County 60241, Taiwan (R.O.C.)","陳O綸","05-2593155","05-2593177","有","有"
"14762036","20130315","20210812","上豐茗茶行","SHANG FENG TEA CO.","嘉義縣梅山鄉瑞峰村坔埔48號","No. 48, Meishan Township, Chiayi County 603, Taiwan (R.O.C.)","謝O頌","05-2501321","05-2502070","有","有"
"14763035","20090903","20210811","高聿企業社","GAO YU CO.","嘉義縣太保市太保里太保２-６號一樓","1 F., No. 2-6, Taibao, Taibao Vil., Taibao City, Chiayi County 61241, Taiwan (R.O.C.)","官O乾","05-3715632","05-3713720","有","有"
"14764793","20150728","20210811","圓滿生機食品工廠","CONSUMMATE SHENGJI FOOD FACTORY","嘉義縣民雄鄉文隆村14鄰鴨母坔90號之11","No. 90-11, 14th Neighborhood, Minxiong Township, Chiayi County 621, Taiwan (R.O.C.)","蕭O眞","05-2260871","05-2267259","有","有"
"14765168","20070427","20210811","連億重機企業社","LIEN YI HEAVY EQUIPMENT CO.","嘉義縣民雄鄉頂崙村１２鄰崙子頂１２０號","No. 120, Lunziding, 12th Neighborhood, Minxiong Township, Chiayi County 62143, Taiwan (R.O.C.)","黃O吉","05-2266757","05-2263948","有","有"
"14766687","20150707","20241030","林園商行","LIN YUN TEA COMPANY","嘉義縣竹崎鄉中和村石棹１９之５７號","No. 19-57, Zhonghe, Zhuqi Township, Chiayi County 60497, Taiwan (R.O.C.)","紀O玲","05-2561523","05-2562665","有","有"
"14768637","20071015","20210811","全友企業社","CYUAN YOU ENTERPRISE CO.","嘉義縣六腳鄉正義村１１鄰下雙溪２８號１樓","1 F., No. 28, Xiashuangxi, 11th Neighborhood, Liujiao Township, Chiayi County 61555, Taiwan (R.O.C.)","侯O典","05-3794877","","有","有"
"14769018","20090806","20090806","保證責任嘉義縣嘉梅果菜運銷合作社","CHIA MAY FRUIT & VEGETABLE COOPERATION","嘉義縣梅山鄉大南村大片田１５之３號","NO.15-3,TA-BAP-TEN,TA-NAI VILLAGE,MAY-SAN HSIANG,CHIAYI,TAIWAN,R.O.C.","簡O權","05-2624611","","有","有"
"14769122","20141117","20141117","保證責任嘉義縣梅山永興果菜運銷合作社","YONGXING FRUIT AND VEGETABLE MARKETING COOPERATIVES","嘉義縣梅山鄉永興村４５之２號","NO. 45-2, YONGSING VIL., MEISHAN TOWNSHIP, CHIAYI COUNTY 603, TAIWAN (R.O.C.)","黃O儀","05-2625592","052627592","有","有"
"14770514","20040504","20210811","綠店服飾行","PE PE STORE","臺南市中西區保安里國華街2段164號1樓","1 F., No. 164, Sec. 2, Guohua St., Bao’an Vil., West Central Dist., Tainan City 70055, Taiwan (R.O.C.)","陳O佩","06-2203878","06-2204890","有","有"
"14771062","20030922","20210811","太利汽車材料行","TAI LII CO.","臺南市北區延平里長榮路5段435巷14號1樓","1 F., No. 14, Ln. 435, Sec. 5, Changrong Rd., Yanping Vil., North Dist., Tainan City 70447, Taiwan (R.O.C.)","林O好","06-2520783","","有","有"
"14771302","20191024","20221230","凱文鞋行","KEVIN LEATHER COMPANY","臺南市安南區安西里安通路4段47巷23弄30號1樓","1 F., No. 30, Aly. 23, Ln. 47, Sec. 4, Antong Rd., Anxi Vil., Annan Dist., Tainan City 709038, Taiwan (R.O.C.)","葉O賢","06-2566089","06-2466568","無","無"
"14771366","20140820","20210812","信錩企業行","TAIWAN SIN CHEN ENTERPRISE CO.","臺南市仁德區土庫里太子二街45號1樓","1 F., No. 45, Taizi 2nd St., Tuku Vil., Rende Dist., Tainan City 71757, Taiwan (R.O.C.)","林O弘","06-2713218","06-2059572","有","有"
"14771669","20030919","20210812","景惠藥局","JING HUI CO.","臺南市安南區淵中里安中路4段2號1樓","1 F., No. 2, Sec. 4, Anzhong Rd., Yuanzhong Vil., Annan Dist., Tainan City 70961, Taiwan (R.O.C.)","李O惠","06-2557060","","有","有"
"14772457","20200609","20210811","程安中藥房","Chang Chinese Pharmacy","臺南市安平區國平里建平三街215號1樓","1 F., No. 215, Jianping 3rd St., Guoping Vil., Anping Dist., Tainan City 70846, Taiwan (R.O.C.)","張O反","06-2996247","06-2996247","有","有"
"14772549","20040309","20210812","泛淩企業行","TOWAKO INTERNATIONAL MARKETING & TRADING ENTERPRISE CO.","臺南市北區和順里育德路34號1樓","1 F., No. 34, Yude Rd., Heshun Vil., North Dist., Tainan City 70450, Taiwan (R.O.C.)","賴O毓","06-2410237","062410291","有","有"
"14773553","20020625","20210811","泰祥企業商行","THAI SHYAN ENTERPRISE CO.","臺南市南區郡南里永安街266號1樓","1 F., No. 266, Junnan Vil., South Dist., Tainan City 702, Taiwan (R.O.C.)","楊O吉","","","有","有"
"14774265","20031118","20240528","志樂行","ZHI LE TRADE CO.","臺南市安平區億載里永華十二街27巷25號","No. 25, Ln. 27, Yonghua 12th St., Yizai Vil., Anping Dist., Tainan City 708003, Taiwan (R.O.C.)","張O傑","06-2953000","06-2956770","有","有"
"14775095","20020809","20210811","大屏東果菜行","DAH PYNG DONG COMPANY","臺南市安南區原佃里怡安路2段102號（蔬菜分貨場第3棟第29號攤位）","No. 102, Sec. 2, Yi’an Rd., Yuandian Vil., Annan Dist., Tainan City 70943, Taiwan (R.O.C.)","藍O明","06-2451706","","有","有"
"14775102","20030903","20210811","山得青果行","SHAN DE CO.","臺南市安南區原佃里怡安路2段102號（青果分貨場第3棟第44號攤位）","No. 102, Sec. 2, Yi’an Rd., Yuandian Vil., Annan Dist., Tainan City 70943, Taiwan (R.O.C.)","李O勳","06-2714723","","有","有"
"14775118","20030828","20210811","惠惠青果行","HUI HUI CO.","臺南市安南區原佃里怡安路2段102號（青果分貨場第2棟第15號攤位）","No. 102, Sec. 2, Yi’an Rd., Yuandian Vil., Annan Dist., Tainan City 70943, Taiwan (R.O.C.)","李O穆","06-2558672","","有","有"
"14775124","20020809","20210811","英文蔬果行","ING WEN COMPANY","臺南市安南區原佃里怡安路2段102號1樓(台南市綜合農產品批發市場蔬菜分貨場第350號攤位)","1 F., No. 102, Sec. 2, Yi’an Rd., Yuandian Vil., Annan Dist., Tainan City 70943, Taiwan (R.O.C.)","陳O航","06-2472951","","有","有"
"14775433","20030919","20210811","上新花卉","SHANG XIN CO.","臺南市安南區原佃里怡安路2段102號（攤位709）","No. 102, Sec. 2, Yi’an Rd., Yuandian Vil., Annan Dist., Tainan City 70943, Taiwan (R.O.C.)","謝O珍","06-255-8238","","有","有"
"14775525","20020718","20210812","明誠企業社","EVER HONEST SEAFOODS CO.","臺南市安平區安平路125號1樓（僅供辦公室使用）","1 F., No. 125, Anping Rd., Anping Dist., Tainan City 70850, Taiwan (R.O.C.)","孫O蓮","06-2292618","","有","有"
"14776046","20040213","20210811","禹全實業社","SAFETY WAY CO.","臺南市安南區海佃里國安街56巷131弄7號1樓","1 F., No. 7, Aly. 131, Ln. 56, Guo’an St., Haidian Vil., Annan Dist., Tainan City 70950, Taiwan (R.O.C.)","石O德","06-3586239","06-3586238","有","有"
"14776475","20020806","20210812","永水青果行","YONGSHUI CO.","臺南市安南區原佃里怡安路2段102號（青果分貨場第309號攤位）","No. 102, Sec. 2, Yi’an Rd., Yuandian Vil., Annan Dist., Tainan City 70943, Taiwan (R.O.C.)","呂O俊","06-2559998","","有","有"
"14776910","20030919","20210811","一方藥局","YII FANG CO.","臺南市北區開元里開元路485巷41弄28號1樓","1 F., No. 28, Aly. 41, Ln. 485, Kaiyuan Rd., Kaiyuan Vil., North Dist., Tainan City 70442, Taiwan (R.O.C.)","張O女","06-274-2419","","有","有"
"14777170","20030711","20230707","日興材料企業社","SUN PROSPER MATERIAL COMPANY","苗栗縣頭份市頭份里顯會路7號4樓","4F., No. 7, Xianhui Rd., Toufen Vil., Toufen City,  Miaoli County 351018, Taiwan (R.O.C.)","黃O珍","037-628-638","","無","無"
"14779769","20030828","20210811","囿德青菓行","YOU DENG CO.","臺南市安南區原佃里怡安路2段102號（青果分貨場第3棟第47號攤位）","No. 102, Sec. 2, Yi’an Rd., Yuandian Vil., Annan Dist., Tainan City 70943, Taiwan (R.O.C.)","張O凱","06-5906877","","有","有"
"14781462","20240712","20240712","鑰升企業社","YACHENG ENTERPRISE CO., LTD.","台南市安南區府安路六段103巷70號","No. 70, Ln. 103, Sec. 6, Fu’an Rd., Annan Dist., Tainan City 709009, Taiwan (R.O.C.)","徐O瑞儀","06-2140576","","有","有"
"14781977","20080820","20230920","昭誠實業社","ZHAO CHENG INDUSTRIAL CO.","臺南市南區佛壇里興南街410號1樓","1 F., No. 410, Xingnan St., Fotan Vil., South Dist., Tainan City 70257, Taiwan (R.O.C.)","呂O美","06-2960885","06-2960895","有","有"
"14782011","20041216","20210811","羣泰電子企業社","CMC AUDIO CO.","臺南市北區興南里公園路367號9樓之3","9F.-3, No. 367, Gongyuan Rd., Xingnan Vil., North Dist., Tainan City 70462, Taiwan (R.O.C.)","黃OO","06-2469393","06-2472901","有","有"
"14782069","20140902","20210811","東聖生技實業社","TON SAM BIOCHEMICAL TECHNOLOGY CO.","臺南市永康區北興里北興路153號1樓","1 F., No. 153, Beixing Rd., Beixing Vil., Yongkang Dist., Tainan City 71061, Taiwan (R.O.C.)","陳O鋼","06-2058497","06-2058214","無","無"
"14783686","20021009","20210811","富美國際時尚事業","FUMEI INTERNATIONAL FASHION CO.","臺南市南區文南里永南街16號1樓（僅供辦公室使用）","1 F., No. 16, Yongnan St., Wennan Vil., South Dist., Tainan City 70262, Taiwan (R.O.C.)","林O章","06-2654818","06-2658303","有","有"
"14784968","20110310","20210811","銳鎮實業社","RZ-TOOLS CO.","臺南市永康區東橋里中山南路365巷3之19號","No. 3-19, Ln. 365, Zhongshan S. Rd., Dongqiao Vil., Yongkang Dist., Tainan City 71088, Taiwan (R.O.C.)","康O發","06-2312549","06-2312547","有","有"
"14785426","20150423","20210811","活佛素食餐館","LIFE FOOD RESTAURANT","臺南市仁德區仁愛里大同路3段858號","No. 858, Sec. 3, Datong Rd., Ren’ai Vil., Rende Dist., Tainan City 71755, Taiwan (R.O.C.)","陳O智","06-2600568","06-2602058","有","有"
"14786939","20030919","20210811","大愛藥局","DA AI CO.","臺南市南區新生里大同路2段196號1樓","1 F., No. 196, Sec. 2, Datong Rd., Xinsheng Vil., South Dist., Tainan City 70263, Taiwan (R.O.C.)","陳O怡","06-213-7587","","有","有"
"14787677","20070824","20210811","清溪林樂器行","CHING SHI LIN INSTRURMENTS DEALER CO.","臺南市中西區城隍里青年路164巷7號","No. 7, Ln. 164, Qingnian Rd., Chenghuang Vil., West Central Dist., Tainan City 70044, Taiwan (R.O.C.)","張O芬","06-2662225","06-2661413","有","有"
"14790504","20250407","20250408","富豐實業社","Fu Feng Industrial Co.","臺中市太平區新福里中山路四段１００號１樓","1 F., No. 100, Sec. 4, Zhongshan Rd., Xinfu Vil., Taiping Dist., Taichung City 411022, Taiwan (R.O.C.)","洪O廷","","","有","有"
"14790758","20100930","20210812","全宏工業社","QUANN HONG INDUSTRY CO.","臺中市南區樹義里福田路７７巷１２號１樓","1 F., No. 12, Ln. 77, Futian Rd., Shuyi Vil., South Dist., Taichung City 40241, Taiwan (R.O.C.)","許O凌","04-25611055","04-25610755","有","有"
"14791308","20181129","20210812","水源興瓦斯行","Jiuyuan Kitchenware Hang","臺中市梧棲區福德里中央路２段１３２之６號一樓","1 F., No. 132-6, Sec. 2, Zhongyang Rd., Fude Vil., Wuqi Dist., Taichung City 43544, Taiwan (R.O.C.)","蔡O哲","0972014369","","有","有"
"14791428","20140502","20210811","高奇工作室","GAUGI COMPANY","臺中市大里區國光里永興路２２巷３號１樓","1 F., No. 3, Ln. 22, Yongxing Rd., Guoguang Vil., Dali Dist., Taichung City 41265, Taiwan (R.O.C.)","劉O章","04-24816345","04-248151820","有","有"
"14791659","20131217","20210811","文琳企業社","JOCELYN COMMODITY CO.","臺中市霧峰區本堂里中正路８０７號１樓","1 F., No. 807, Zhongzheng Rd., Bentang Vil., Wufeng Dist., Taichung City 41341, Taiwan (R.O.C.)","孫O琳","04-23321993","04-23301617","有","有"
"14792806","20141222","20210812","村上酒廠","TSUN SHANG WINERY  CO.","臺中市后里區月眉里雲頭路共和巷８號","No. 8, Gonghe Ln., Yuntou Rd., Yuemei Vil., Houli Dist., Taichung City 42145, Taiwan (R.O.C.)","張O鋒","04-25563277","04-25572367","有","有"
"14793755","20181029","20210812","仁基工業社","ZEN-CHI INDUSTRIAL CO.","臺中市大里區西湖里西柳街３２巷２９號","No. 29, Ln. 32, Xiliu St., Xihu Vil., Dali Dist., Taichung City 41263, Taiwan (R.O.C.)","楊O堂","04-24968558","04-24968559","有","有"
"14793782","20090210","20210811","美奇精品店","MICHY TRADE BUSINESS CO.","臺中市龍井區新東里新興路５７－３號一樓","1 F., No. 57-3, Xinxing Rd., Xindong Vil., Longjing Dist., Taichung City 43442, Taiwan (R.O.C.)","許O教","04-26316732","","有","有"
"14796269","20030108","20210811","豐伸企業社","FENG-SHEN ENTERPRISE CO.","臺中市后里區后里里后里路二七巷二四弄七號（限一樓）","1 F., No. 7, Aly. 24, Ln. 27, Houli Rd., Houli Vil., Houli Dist., Taichung City 42144, Taiwan (R.O.C.)","徐O妹","04-25575245","04-25575247","有","有"
"14796676","20080806","20210811","千億企業社","JUI SHIH JIN ENTERPRISE COMPANY","臺中市潭子區聚興里豐興路一段三０五號一樓","1 F., No. 305, Sec. 1, Fengxing Rd., Juxing Vil., Tanzi Dist., Taichung City 42743, Taiwan (R.O.C.)","呂O裕","04-25371077","04-25371075","有","有"
"14797083","20130924","20210812","金陞工業社","GOLD SEN INDUSTRY CO.","臺中市龍井區東海里遠東街１３２巷１７號","No. 17, Ln. 132, Yuandong St., Donghai Vil., Longjing Dist., Taichung City 43446, Taiwan (R.O.C.)","詹O欉","04-26528851","","有","有"
"14797577","20020827","20210811","振昌企業社","CHEN CHANG YANG ENTERPRISE CO.","臺中市大肚區營埔里船頭三街７１號１樓","1 F., No. 71, Chuantou 3rd St., Yingpu Vil., Dadu Dist., Taichung City 43246, Taiwan (R.O.C.)","楊O昌","04-26935183","04-26934862","有","有"
"14798870","20180525","20211028","泰得工業社","Tate Industrial Co.","臺中市大雅區上楓里民族街１４７北三巷２８號","No. 28, 147th N. 3rd Ln., Minzu St., Shangfeng Vil., Daya Dist., Taichung City 42873, Taiwan (R.O.C.)","蔡O倫","0425662753","0425292966","有","有"
"14799913","20120605","20210811","金相企業社","KINSEKI TOOL CO.","臺中市太平區宜佳里宜和街１０號一樓","1 F., No. 10, Yihe St., Yijia Vil., Taiping Dist., Taichung City 41159, Taiwan (R.O.C.)","陳O斌","04-23306301","04-23306016","有","有"
"14800664","20061228","20230113","宥合化粧品工廠","YOU HE COSMETIC FACTORY","臺中市大肚區文昌一街４０號一樓","1 F., No. 40, Wenchang 1st St., Dadu Dist., Taichung City 432013, Taiwan (R.O.C.)","林O任","04-26985827","04-26985824","無","無"
"14801312","20140702","20210811","鉅烽興業社","JU FENG INDUSTRIAL SOCIETY CO.","臺中市神岡區山皮里光復路２１１號","No. 211, Guangfu Rd., Shanpi Vil., Shengang Dist., Taichung City 42951, Taiwan (R.O.C.)","陳O助","04-25673995","04-25673715","有","有"
"14801713","20120517","20210812","裕順中古汽車材料行","YUN-SHUN SECONDHAND AUTOPARTS FIRM","臺中市南屯區豐樂里向心南路１６９巷７１之２號１樓","1 F., No. 71-2, Ln. 169, Xiangxin S. Rd., Fengle Vil., Nantun Dist., Taichung City 40876, Taiwan (R.O.C.)","黃O城","04-24619765","04-23596461","有","有"
"14804351","20021008","20210811","恆豐國際貿易企業社","HIGHT-FINE ENTERPRISE CO.","臺中市西屯區何德里漢口路二段１５１號１１樓之９","11F.-9, No. 151, Sec. 2, Hankou Rd., Hede Vil., Xitun Dist., Taichung City 40746, Taiwan (R.O.C.)","羅O晟","0909434141","","有","有"
"14804839","20180312","20210812","仁豐汽車商行","Renfeng auto firm","臺中市大里區永隆里永隆二街１４６號１樓","1 F., No. 146, Yonglong 2nd St., Yonglong Vil., Dali Dist., Taichung City 41257, Taiwan (R.O.C.)","蕭O瑞","04-24072805","04-24079777","有","有"
"14805204","20021014","20210811","嘉邑國際洋行","K N D INTERNATIONAL CORPORATION","臺中市大雅區上雅里民生路一段三三六巷一六號一樓","1 F., No. 16, Ln. 336, Sec. 1, Minsheng Rd., Shangya Vil., Daya Dist., Taichung City 42866, Taiwan (R.O.C.)","陳O謂","04-25678989","","有","有"
"14805226","20051012","20230113","巨利行","G & R GLOBAL RESOURCE CO., LTD.","臺中市沙鹿區居仁里文昌街一四０號（限一樓）","1F., No. 140, Wenchang St., Juren Vil., Shalu Dist.,  Taichung City 433029, Taiwan (R.O.C.)","王O晴","04-26237128","04-26237263","無","無"
"14808146","20210225","20210811","鋒津企業社","FONG JIN COMPANY","臺中市霧峰區南勢里北岸路五十四巷三號一樓","1 F., No. 3, Ln. 54, Bei’an Rd., Nanshi Vil., Wufeng Dist., Taichung City 41358, Taiwan (R.O.C.)","林O花","04-23336839","","有","有"
"14809877","20070319","20210811","日華企業行","SAWBLADE EXPERT ENTERPRISE COMPANY","臺中市沙鹿區竹林里賢正街２１號﹝限一樓﹞","1 F., No. 21, Xianzheng St., Zhulin Vil., Shalu Dist., Taichung City 43349, Taiwan (R.O.C.)","白O卿","04-26620376","04-26623775","有","有"
"14810620","20121005","20210811","僑美名店","CHARMING FASHION COMPANY","新竹市東區復中里民權路二二五號一樓","1 F., No. 225, Minquan Rd., Fuzhong Vil., East Dist., Hsinchu City 30043, Taiwan (R.O.C.)","馬O麗","03-5329458","","有","有"
"14810831","20161026","20210811","福星蔘藥行","FU SING CHINESE HERBAL MEDICINE SHOP","新竹縣竹北市竹義里華興街81號","No. 81, Huaxing St., Zhuyi Vil., Zhubei City, Hsinchu County 30244, Taiwan (R.O.C.)","郭O明","03-5556886#12","03-5553223","有","有"
"14811162","20040617","20210812","上璟園藝資材行","SHANG JING GARDEN STONE CO.","新竹縣芎林鄉上山村富林路3段355巷1號1樓","1 F., No. 1, Ln. 355, Sec. 3, Fulin Rd., Qionglin Township, Hsinchu County 30744, Taiwan (R.O.C.)","陳O宏","03-5121777","03-5121779","有","有"
"14811212","20200427","20221022","永川重機企業社","Yong-Chuan Yao Machinery Firm","新竹縣竹東鎮二重里自由街２１號１樓","1 F., No. 21, Ziyou St., Erchong Vil., Zhudong Township, Hsinchu County 310017, Taiwan (R.O.C.)","姜O媛","03-5822063","03-5822063","有","有"
"14811607","20150519","20210812","鑫業工程行","SING YEH AIRCONDICTION CO.","新竹縣新埔鎮文山里文華路２４０巷２１號","No. 21, Ln. 240, Wenhua Rd., Wenshan Vil., Xinpu Township, Hsinchu County 30543, Taiwan (R.O.C.)","鄭O安","03-5239696","03-5239698","有","有"
"14812177","20120210","20230829","建達包裝行","JIAN DA WOODEN CASE CO.","新竹縣竹北市泰和里中山三街8號","No. 8, Zhongshan 3rd St., Taihe Vil., Zhubei City, Hsinchu County 302081, Taiwan (R.O.C.)","彭O謙","03-5536958","03-5536959","有","有"
"14813062","20151125","20210812","拓京實業社","TUO JING COMPANY","新竹縣竹東鎮仁愛里10鄰仁愛路442-1號1樓","1 F., No. 442-1, Ren’ai Rd., 10th Neighborhood, Ren’ai Vil., Zhudong Township, Hsinchu County 31042, Taiwan (R.O.C.)","楊O智","03-5951110","03-5953112","有","有"
"14813197","20021022","20210811","合成號","HO-CHEN MEAT CO.","新竹縣竹北市第一市場第二棟１０號","No. 10, Zhubei City, Hsinchu County 302, Taiwan (R.O.C.)","陳O秀霞","08-732-1023","08-732-5079","有","有"
"14815511","20210105","20221101","振騰企業社","CHENG TENG ENTERPRISE COMPANY","新竹縣竹東鎮三重里中興路1段147巷18號1樓","1 F., No. 18, Ln. 147, Sec. 1, Zhongxing Rd., Sanchong Vil., Zhudong Township, Hsinchu County 310015, Taiwan (R.O.C.)","范O國","(03)5833426","","有","有"
"14821339","20131122","20240904","山野物語酒莊","SHAN YE WU JIU WINE VILLAGE","新竹縣北埔鄉埔尾村仁愛路７４號１樓","1 F., No. 74, Ren’ai Rd., Beipu Township, Hsinchu County 31444, Taiwan (R.O.C.)","羅O蘭","","03-5809458","有","有"
"14821632","20150601","20210811","東翔企業社","DONG XIANG ENTERPRISE CO.","新竹縣湖口鄉長安村長安路380巷10號2樓","2 F., No. 10, Ln. 380, Chang’an Rd., Hukou Township, Hsinchu County 30347, Taiwan (R.O.C.)","盧O炫","03-5693830","03-5694013","有","有"
"14823195","20060605","20210811","福興企業社","FUH HSING ENTERPRISE CO.","新竹縣新豐鄉後湖村後湖子９７號","No. 97, Houhuzi, Xinfeng Township, Hsinchu County 30446, Taiwan (R.O.C.)","張O樹","03-5686109","","有","有"
"14827039","20040423","20210811","銜翊企業社","XIAN YII ENTERPRISE CO.","新竹縣新豐鄉員山村建興路１段１５５巷２５之２號７樓","7 F., No. 25-2, Ln. 155, Sec. 1, Jianxing Rd., Xinfeng Township, Hsinchu County 30442, Taiwan (R.O.C.)","洪O仁","03-5577248","03-5577125","有","有"
"14827495","20080714","20210811","三禾工程行","BOB ENGINEERING COMPANY","新竹縣竹北市竹義里中正西路１９號１樓","1 F., No. 19, Zhongzheng W. Rd., Zhuyi Vil., Zhubei City, Hsinchu County 30284, Taiwan (R.O.C.)","蘇O仕","","","有","有"
"14827586","20070213","20210811","伊星名品","YI SING WOMEN'S FASHION CO.","新竹縣竹北市十興里４３鄰縣政九路２０３號１樓","1 F., No. 203, Xianzheng 9th Rd., 43th Neighborhood, Shixing Vil., Zhubei City, Hsinchu County 30264, Taiwan (R.O.C.)","賴O伎","03-5519403","03-5542376","有","有"
"14829825","20031007","20210811","德志發屠宰場","DER JYH SHANG HANG","新竹縣新豐鄉員山村２鄰員山２５之２號","No. 25-2, Yuanshan, 2nd Neighborhood, Xinfeng Township, Hsinchu County 30441, Taiwan (R.O.C.)","曾O德","03-556-3219","03-556-4386","有","有"
"14830484","20060414","20210811","乙晟五金行","YI CHENG HARDWARE SHOP","高雄市鹽埕區河濱里公園２路１４７號１樓","1 F., No. 147, Gongyuan 2nd Rd., Hebin Vil., Yancheng Dist., Kaohsiung City 80343, Taiwan (R.O.C.)","周O志","07-5546030","","有","有"
"14831414","20020701","20210812","凝香池香舖","LING SON CHR CO.","高雄市三民區鼎新路61之1號","No. 61-1, Dingxin Rd., Sanmin Dist., Kaohsiung City 80789, Taiwan (R.O.C.)","林O翰","07-3473209","","有","有"
"14831884","20020628","20210812","得源蔘藥行","TEH YUAN GINSENGS CO.","高雄市三民區新民路１７３號１樓","1 F., No. 173, Xinmin Rd., Sanmin Dist., Kaohsiung City 80784, Taiwan (R.O.C.)","洪O裕","07-3857688","07-3831947","有","有"
"14833258","20150925","20241122","嘉圓行","JAI-YUAN TABLEWARE CO.","高雄市三民區中華二路217號1樓","1 F., No. 217, Zhonghua 2nd Rd., Sanmin Dist., Kaohsiung City 80752, Taiwan (R.O.C.)","施O敏","07-3211473","07-3130681","有","有"
"14833460","20021018","20210811","楷舜建材行","KAE SHUENN BUILDING MATERIAL TRADE CO.","高雄市前鎮區建隆里中山２路５５巷４５弄１１號１樓","1 F., No. 11, Aly. 45, Ln. 55, Zhongshan 2nd Rd., Jianlong Vil., Cianjhen Dist., Kaohsiung City 80661, Taiwan (R.O.C.)","周O利","07-726-3617","07-716-3159","有","有"
"14834524","20020809","20210811","澤鑫企業行","SHUEN CHYANG ENTERPRISE CO.","高雄市仁武區仁雄路８６之１０號１樓","1 F., No. 86-10, Renxiong Rd., Renwu Dist., Kaohsiung City 81455, Taiwan (R.O.C.)","史O正","","","有","有"
"14835832","20030808","20230116","庭晟景觀材料行","TING CHENG LANDSCAPE MATERIAL CO.","高雄市三民區鼎中路７２６號６樓","6 F., No. 726, Dingzhong Rd., Sanmin Dist., Kaohsiung City 807079, Taiwan (R.O.C.)","林O廷","07-3493099","07-3422323","無","無"
"14836620","20200416","20210811","元發汽車企業行","Yuanfa Auto Co.","高雄市楠梓區廣昌里右昌１巷２２８號","No. 228, Youchang 1st Ln., Guangchang Vil., Nanzi Dist., Kaohsiung City 81144, Taiwan (R.O.C.)","鐘O美","07-3619841","","有","有"
"14836760","20030929","20210811","千翰電腦企業行","CHIEN HAN COMPUTER ENTERPRISE COMPANY","高雄市苓雅區林德里和平１路６６號","No. 66, Heping 1st Rd., Linde Vil., Lingya Dist., Kaohsiung City 80272, Taiwan (R.O.C.)","陳O鳳","05-597-1135","05-596-1939","有","有"
"14838578","20020809","20210811","享美企業行","SHANG MEI CO.","高雄市左營區菜公里文學路１９３號１４樓","14 F., No. 193, Wenxue Rd., Caigong Vil., Zuoying Dist., Kaohsiung City 81361, Taiwan (R.O.C.)","李O仁","07-3451696","07-3483716","有","有"
"14838922","20060904","20210811","廣毅機械企業社","KUANG I MACHINE ENTERPRISE CO.","高雄市大寮區開封街３７巷１弄１６號１樓","1 F., No. 16, Aly. 1, Ln. 37, Kaifeng St., Daliao Dist., Kaohsiung City 83161, Taiwan (R.O.C.)","林O壯","07-7860439","07-7860452","無","無"
"14839491","20050329","20210812","金和精密機械行","CHIN HO MINUTE MACHINERY CO.","高雄市大寮區正心路３９０巷２１２號１樓","1 F., No. 212, Ln. 390, Zhengxin Rd., Daliao Dist., Kaohsiung City 83163, Taiwan (R.O.C.)","蔡O淑","07-7876228","07-7873823","有","有"
"14840954","20020826","20210812","立裕行","LIH YUH CO.","高雄市三民區寶盛里九如１路５４３巷１０號１樓","1 F., No. 10, Ln. 543, Jiuru 1st Rd., Baosheng Vil., Sanmin Dist., Kaohsiung City 80764, Taiwan (R.O.C.)","陳O榮","07-382-4370","07-386-6520","有","有"
"14845727","20210510","20211021","鎰晟源蔘藥行","Yishengyuan Ginseng Medicine Co.","高雄市三民區三鳳中街９４號","No. 94, Sanfeng Central St., Sanmin Dist., Kaohsiung City 80748, Taiwan (R.O.C.)","康O泉","07-2857558","","無","無"
"14849569","20021021","20220218","美嘉網版材料行","MEEI JIA SCREEN MATERIAL CO.","高雄市鳥松區球場路81之7號1樓","1 F., No. 81-7, Qiuchang Rd., Niaosong Dist., Kaohsiung City 83341, Taiwan (R.O.C.)","周O雅","07-3846167","07-3827667","有","有"
"14856126","20060804","20220208","育豐紡織廠","YU FONG TEXTILE WORKS","彰化縣線西鄉德興村線伸路臨107號","No. 107, Xianshen Rd., Xianxi Township, Changhua County 50743, Taiwan (R.O.C.)","謝O傑","04-7992288","04-7992255","有","有"
"14856272","20030225","20210812","銘鴻堆高機行","MING HORNG FORKLIFT CO.","彰化縣溪湖鎮太平里富貴七街廿四號一樓","1 F., No. 4, Fugui 7th St., Taiping Vil., Xihu Township, Changhua County 51445, Taiwan (R.O.C.)","江O煌","04-8854325","04-8815629","有","有"
"14856765","20021023","20210811","益春中藥房","YI CHUN MEDICINAL SUBSTANCE COMPANY","彰化縣田中鎮新民里民族街27巷2弄34號","No. 34, Aly. 2, Ln. 27, Minzu St., Xinmin Vil., Tianzhong Township, Changhua County 52045, Taiwan (R.O.C.)","洪O輝","04-8927806","04-8927494","有","有"
"14856961","20061130","20210811","明信國際智財貿易顧問社","MING HSIN INTERNATIONAL TRADE CONSULTING FIRM","彰化縣彰化市陽明里長順街廿三號","No. 3, Changshun St., Yangming Vil., Changhua City, Changhua County 50052, Taiwan (R.O.C.)","莊O慈","04-7269158","04-7230717","有","有"
"14857080","20030715","20210812","奈米精密實業社","NMP PRECISION CO.","彰化縣和美鎮和北里和厝路１段１６號１樓","1 F., No. 16, Sec. 1, Hecuo Rd., Hebei Vil., Hemei Township, Changhua County 50851, Taiwan (R.O.C.)","蔡O忠","02-25179029","02-25176690","有","有"
"14857645","20021002","20210811","行動通信企業社","XING DONG CORRESPONDENCE COMPANY","彰化縣員林市溝皂里中山路１段１９０號１樓","1 F., No. 190, Sec. 1, Zhongshan Rd., Gouzao Vil., Yuanlin City, Changhua County 51064, Taiwan (R.O.C.)","張O修","04-8375321","04-8339780","有","有"
"14858834","20150309","20210811","新鈦企業社","SINTAI HARDWARE ENTERPRISE CO.","彰化縣和美鎮塗厝里和厝路２段３０６號","No. 306, Sec. 2, Hecuo Rd., Tucuo Vil., Hemei Township, Changhua County 50843, Taiwan (R.O.C.)","林O瑋","04-7550649","04-7555649","有","有"
"14859587","20220418","20221104","群欣行","CHIUN SHIN CO.","彰化縣員林市惠來里惠明街106巷76弄8號1樓","1 F., No. 8, Aly. 76, Ln. 106, Huiming St., Huilai Vil., Yuanlin City, Changhua County 510006, Taiwan (R.O.C.)","林O玉雲","04-8354860","04-8318650","無","無"
"14861486","20110801","20210812","百稑企業社","PAI LU ENTERPRISE CO.","彰化縣社頭鄉朝興村社石路１７０號","No. 170, Sheshi Rd., Shetou Township, Changhua County 51149, Taiwan (R.O.C.)","宋O瑩","04-8732243","04-8737101","有","有"
"14862274","20091021","20210812","裕豊企業社","YOUR HOME ENTERPRISE CO.","彰化縣線西鄉頂犁村和線路653巷223號1樓","1 F., No. 223, Ln. 653, Hexian Rd., Xianxi Township, Changhua County 50743, Taiwan (R.O.C.)","陳O益","04-7585307","04-7585101","有","有"
"14864441","20120423","20210812","鼎鑫企業社","DING SHIN PRECISION MACHINERY CO.","彰化縣彰化市南美里崙美路518-2號","No. 518-2, Lunmei Rd., Nanmei Vil., Changhua City, Changhua County 50071, Taiwan (R.O.C.)","黃O隆","04-7524829","04-7638357","有","有"
"14865862","20080613","20210811","泉瑩企業社","CHUEN YIN CO.","彰化縣彰化市平和里林森路137號","No. 137, Linsen Rd., Pinghe Vil., Changhua City, Changhua County 50055, Taiwan (R.O.C.)","黃O志","047-621986","047-628359","有","有"
"14866927","20050316","20210812","上豪石材加工廠","SHANG HAO STONE PROCESSING FACTORY","彰化縣竹塘鄉竹塘村中興街１５０號１樓","1 F., No. 150, Zhongxing St., Zhutang Township, Changhua County 52541, Taiwan (R.O.C.)","蘇O育","04-8973163","04-8974192","有","有"
"14867101","20030311","20210811","昜傑工業社","YANG-JIE TEXTILE INDUSTRIAL CO.","彰化縣線西鄉德興村德興路九四號","No. 94, Dexing Rd., Xianxi Township, Changhua County 50742, Taiwan (R.O.C.)","林O全","04-758-3261","","有","有"
"14868495","20140626","20210811","貿昱企業社","MAU YU ENTERPRISE CO.","彰化縣福興鄉福南村沿海路4段58巷11號","No. 11, Ln. 58, Sec. 4, Yanhai Rd., Fuxing Township, Changhua County 50642, Taiwan (R.O.C.)","黃O鳴","04-7706602","04-7706005","有","有"
"14869179","20160126","20250512","靜簏苑叢林藝術工房","JING LU YUAN ORIENTAL ATELIER WOOD WorkING HOUSE","彰化縣鹿港鎮廖厝里鹿和路2段524巷110號","No. 110, Ln. 524, Sec. 2, Luhe Rd., Liaocuo Vil., Lukang Township, Changhua County 50545, Taiwan (R.O.C.)","許O強","04-7741211","","有","有"
"14870160","20030905","20210811","順吉肉店","SHUN CHI BUTCHER SHOP","新北市八里區汎塘里汎塘埔１９號","No. 19, Bali Dist., New Taipei City 249, Taiwan (R.O.C.)","張O吉","0937-881-722","02-8961-1412","有","有"
"14870176","20021015","20221231","施萬勝商店","SHIH WAN SHENG SHOP","新北市石門區石門街2巷2號(1樓)","1 F., No. 2, Ln. 2, Shimen St., Shimen Dist., New Taipei City 253001, Taiwan (R.O.C.)","鄭O雄","02-25713210","02-24632669","無","無"
"14870871","20021002","20210811","碧玉肉店","PI YU SHOP","新北市瑞芳區３爪子坑路９１巷３０號","No. 30, Ln. 91, Ruifang Dist., New Taipei City 224, Taiwan (R.O.C.)","廖O玉","02-25713210","02-24632669","有","有"
"14871301","20020731","20210811","韓多企業社","HAMDA ENTERPRISE CO.","新北市新莊區新豐街20巷13號","No. 13, Ln. 20, Xinfeng St., Xinzhuang Dist., New Taipei City 24244, Taiwan (R.O.C.)","張O君","02-2568-2281","02-25639879","有","有"
"14871442","20021001","20210811","乾記號","CHIEN CHI SIR SHOP","新北市新莊區新莊路市場內","Xinzhuang Rd., Xinzhuang Dist., New Taipei City 242, Taiwan (R.O.C.)","蔡O鎮","25713210","24632669","有","有"
"14871560","20020925","20210811","佳珍鮮肉品行","CHIA CHEN SIR SHOP","新北市板橋區中興路3號","No. 3, Zhongxing Rd., Banqiao Dist., New Taipei City 22055, Taiwan (R.O.C.)","張O銘","02-25713210","02-24632669","有","有"
"14871745","20020919","20230107","益吉興號","I CHI SIR SHOP","新北市板橋區重慶路93巷13號(1樓)","1 F., No. 13, Ln. 93, Chongqing Rd., Banqiao Dist., New Taipei City 220067, Taiwan (R.O.C.)","簡O同","25713210","24632669","有","有"
"14872553","20021001","20210811","進昇獸肉號","CHIN SHENG SIR SHOP","新北市三重區３和路２段１４４巷１０號（３和民營零售市場內信１２號）","No. 10, Ln. 144, Sanchong Dist., New Taipei City 241, Taiwan (R.O.C.)","黃O隆","25713210","24632669","有","有"
"14872842","20021007","20210811","江新興號","CHIANG HSIN HSING SHOP","新北市樹林區博愛街１１６巷３８號","No. 38, Ln. 116, Bo’ai St., Shulin Dist., New Taipei City 23845, Taiwan (R.O.C.)","江O煌","02-25713210","02-24632669","有","有"
"14875622","20210129","20210129","財團法人台灣建築中心","TAIWAN ARCHITECTURE & BUILDING CENTER","新北市新店區民權路95號3樓","3F., NO. 95, MINQUAN RD., XINDIAN DIST., NEW TAIPEI CITY 231625, TAIWAN (R.O.C.)","周O宙","02-86676111","","有","有"
"14875714","20060724","20230627","軒鉅企業社","XUAN HUGE ENTERPRISE CO.","新北市中和區錦和路１９６巷２號２樓（現場僅供辦公室使用）","2 F., No. 2, Ln. 196, Jinhe Rd., Zhonghe Dist., New Taipei City 235034, Taiwan (R.O.C.)","許O隆","02-22210736","02-89423726","無","無"
"14876642","20021206","20210811","欣泰針車行","HSIN TAI SEWING MACHINE CO.","新北市板橋區新海路１０９巷１弄７號１樓","1 F., No. 7, Aly. 1, Ln. 109, Xinhai Rd., Banqiao Dist., New Taipei City 22051, Taiwan (R.O.C.)","施O芳","02-22574534","02-22599450","有","有"
"14877591","20021001","20210811","賴宜興號","LAI I HSING SHOP","新北市三重區重新路１段５４號","No. 54, Sec. 1, Chongxin Rd., Sanchong Dist., New Taipei City 24142, Taiwan (R.O.C.)","賴O溪","25713210","24632669","有","有"
"14877608","20021001","20210811","合益萬利號","HO I WAN LI SHOP","新北市三重區３和路３段２４號","No. 24, Sanchong Dist., New Taipei City 241, Taiwan (R.O.C.)","林O","25713210","24632669","有","有"
"14877620","20021206","20241010","弘岦企業社","HUNG LI CHEN'S ENTERPRISE CO.","新北市五股區新五路3段288號17樓","17 F., No. 288, Sec. 3, Xin 5th Rd., Wugu Dist., New Taipei City 24864, Taiwan (R.O.C.)","陳O緯","02-22824234","02-22824545","有","有"
"14877754","20021001","20230113","玉發號","YU FA SIR SHOP","新北市淡水區中正路市場內","Zhongzheng Rd., Tamsui Dist., New Taipei City 251018, Taiwan (R.O.C.)","張O發","25713210","24632669","無","無"
"14878000","20021015","20210811","新生肉店","HSIN SHEN SIR SHOP","新北市汐止區中正路６２之５號（現場僅供辦公室使用）","No. 62-5, Zhongzheng Rd., Xizhi Dist., New Taipei City 22166, Taiwan (R.O.C.)","謝O岳","02-25713210","02-24632669","有","有"
"14878016","20021001","20210811","振和商號","CHEN HO SIR SHOP","新北市汐止區中正路213號","No. 213, Zhongzheng Rd., Xizhi Dist., New Taipei City 22166, Taiwan (R.O.C.)","廖O福","25713210","24632669","有","有"
"14878331","20021001","20210811","謙福商店","CHIEN FU SIR SHOP","新北市樹林區樹北里４德巷１號市場內","No. 1, Shubei Vil., Shulin Dist., New Taipei City 238, Taiwan (R.O.C.)","王O夫","25713210","24632669","有","有"
"14878347","20021001","20210811","余協發號","YU HSIEH FA SHOP","新北市樹林區保安街１段１８０號","No. 180, Sec. 1, Bao’an St., Shulin Dist., New Taipei City 23841, Taiwan (R.O.C.)","余O德","25713210","24632669","有","有"
"14878352","20021001","20210811","簡美成商店","CHIEN MEI CHEN SHOP","新北市樹林區育英街５１號（育英市場）","No. 51, Yuying St., Shulin Dist., New Taipei City 23848, Taiwan (R.O.C.)","簡O毅","25713210","24632669","無","無"
"14878368","20021001","20210811","榮華商店","JUNG HUA SIR SHOP","新北市樹林區樹北里４德巷１號（公有市場內）","No. 1, Shubei Vil., Shulin Dist., New Taipei City 238, Taiwan (R.O.C.)","朱O樑","25713210","24632669","無","無"
"14878374","20021001","20240119","添順商店","TIEN SHUN SIR SHOP","新北市樹林區樹北里四德巷1號","No. 1, Side St., Shubei Vil., Shulin Dist., New Taipei City 238005, Taiwan (R.O.C.)","簡O炎","25713210","24632669","無","無"
"14878389","20021001","20210811","清沛號","CHUG PEI SHOP","新北市樹林區４德巷１之７號公有市場","No. 1-7, Shulin Dist., New Taipei City 238, Taiwan (R.O.C.)","王O沛","25713210","24632669","有","有"
"14878402","20021001","20210811","清標精肉店","CHNG PIAO SHOP","新北市土城區興城路78號(1樓)","1 F., No. 78, Xingcheng Rd., Tucheng Dist., New Taipei City 23670, Taiwan (R.O.C.)","林O藏","25713210","24632669","有","有"
"14878424","20021001","20210811","月裡獸肉號","YUEH LI SHOP","新北市鶯歌區公有另售市場獸肉另售處","Yingge Dist., New Taipei City 239, Taiwan (R.O.C.)","陳O財","25713210","24632669","有","有"
"14878439","20021001","20210812","曾進興號","TSEN CHIN SHOP","新北市三峽區公有市場內","Sanxia Dist., New Taipei City 237, Taiwan (R.O.C.)","曾O祥","25713210","24632669","有","有"
"14878445","20021001","20210811","昆玉商號","KUN YU SIR SHOP","新北市三峽區民生街１８６號３峽公有市場獸肉類第Ｐ４號攤","No. 186, Minsheng St., Sanxia Dist., New Taipei City 23741, Taiwan (R.O.C.)","王O雄","25713210","24632669","有","有"
"14878509","20021001","20210811","永勝肉號","YUN SHENG SIR SHOP","新北市永和區勵行街勵行市場３０號","No. 30, Lixing St., Yonghe Dist., New Taipei City 23441, Taiwan (R.O.C.)","洪O秀春","25713210","24632669","有","有"
"14878515","20021001","20210811","協勝號","HSIEH SHENG SIR SHOP","新北市永和區勵行街溪洲公有市場４８號攤位","No. 48, Lixing St., Yonghe Dist., New Taipei City 23441, Taiwan (R.O.C.)","朱O櫻","25713210","24632669","有","有"
"14878521","20021001","20210825","勝鑑肉號","SHENG CHIEN SIR SHOP","新北市中和區安樂路8巷4弄5號","No. 5, Aly. 4, Ln. 8, Anle Rd., Zhonghe Dist., New Taipei City 23582, Taiwan (R.O.C.)","巫O龍","25713210","24632669","有","有"
"14878536","20021001","20210811","余志誠商號","YU CHIH CHENG SHOP","新北市中和區中和路２０號枋寮市場２０號","No. 20, Zhonghe Rd., Zhonghe Dist., New Taipei City 23575, Taiwan (R.O.C.)","余O誠","25713210","24632669","有","有"
"14878705","20021001","20210811","福永號","FU YUNG SIR SHOP","新北市中和區安樂路３４號","No. 34, Anle Rd., Zhonghe Dist., New Taipei City 23582, Taiwan (R.O.C.)","王O芳","25713210","24632669","有","有"
"14879599","20121008","20210811","世界五金行","WORLD HARDWARE CO.","新北市永和區永利路１５６號","No. 156, Yongli Rd., Yonghe Dist., New Taipei City 23450, Taiwan (R.O.C.)","朱O惠","02-29225537","02-29225743","有","有"
"14879676","20250521","20250521","歐法實業社","EUFAS Company","新北市永和區豫溪街191巷1弄10號","No. 10, Aly. 1, Ln. 191, Yuxi St., Yonghe Dist., New Taipei City 234025, Taiwan (R.O.C.)","胡O雄","0933239409","","有","有"
"14880548","20221123","20221123","合隆工業社","Hop Lung Industrial Co.","新北市新店區長春路２６６號（現場僅供辦公室使用）","No. 266, Changchun Rd., Xindian Dist., New Taipei City 231053, Taiwan (R.O.C.)","陳O郎","02-22170001","","有","有"
"14882383","20191024","20210812","弘德工藝企業社","HONN DER INDUSTRIAL CO.","新北市新莊區中信里中信街51巷4弄10號","No. 10, Aly. 4, Ln. 51, Zhongxin St., Zhongxin Vil., Xinzhuang Dist., New Taipei City 24248, Taiwan (R.O.C.)","曾O珍","02-89938857","02-29960102","有","有"
"14882530","20170804","20210812","瑞晟蔘藥行","RAY SHENG GINSENG MEDICINE CO.","桃園市中壢區篤行里華美一路33巷40號1樓","1 F., No. 40, Ln. 33, Huamei 1st Rd., Duxing Vil., Zhongli Dist., Taoyuan City 32077, Taiwan (R.O.C.)","黃O富","03-4516331","02-26773798","有","有"
"14883685","20071221","20210812","森紅廣告企業社","SEN HONG ADVERTISE CO.","新北市土城區青雲路118號(1樓)","1 F., No. 118, Qingyun Rd., Tucheng Dist., New Taipei City 23653, Taiwan (R.O.C.)","黃O熒","02-22533087","","有","有"
"14884404","20140106","20210811","紘信科技行","HONG SYIN TECHNOLOGY CO.","新北市土城區中央路２段１８０巷３號１樓","1 F., No. 3, Ln. 180, Sec. 2, Zhongyang Rd., Tucheng Dist., New Taipei City 23669, Taiwan (R.O.C.)","黃O貞","0920308430","","有","有"
"14884452","20051213","20210811","駿翔實業社","JUNE FLY INDUSTRY CO.","新北市板橋區文化路1段46巷35號5樓","5 F., No. 35, Ln. 46, Sec. 1, Wenhua Rd., Banqiao Dist., New Taipei City 22055, Taiwan (R.O.C.)","王O玲","02-22728792","02-29671803","有","有"
"14889457","20130416","20210811","日進發清潔用品社","THE DAY MARCHING CLEANING SUPPLIES CO.","新北市新莊區化成路８１４巷９號","No. 9, Ln. 814, Huacheng Rd., Xinzhuang Dist., New Taipei City 24253, Taiwan (R.O.C.)","何O霓","02-85223353","02-85223408","有","有"
"14889506","20020912","20210811","五信企業社","WU SHEN CO.","新北市新莊區中正路８８９之１號２樓（現場僅供辦公室使用）","2 F., No. 889-1, Zhongzheng Rd., Xinzhuang Dist., New Taipei City 24257, Taiwan (R.O.C.)","許O華","02-82211256","","有","有"
"14889512","20020905","20210811","二千企業社","ER QIAN CO.","新北市新莊區中正路８８９之１號２樓（現場僅供辦公室使用）","2 F., No. 889-1, Zhongzheng Rd., Xinzhuang Dist., New Taipei City 24257, Taiwan (R.O.C.)","藍O財","02-82211256","","有","有"
"14889528","20020905","20210811","玉彩企業社","YU CAI CO.","新北市新莊區中正路８８９之１號","No. 889-1, Zhongzheng Rd., Xinzhuang Dist., New Taipei City 24257, Taiwan (R.O.C.)","藍O彩","02-82211256","","有","有"
"14889533","20020905","20210811","三仁企業社","SAN REN CO.","新北市新莊區中正路８８９之１號","No. 889-1, Zhongzheng Rd., Xinzhuang Dist., New Taipei City 24257, Taiwan (R.O.C.)","藍O龍","02-82211256","","有","有"
"14889549","20020905","20210811","五芳企業社","WU FANG CO.","新北市新莊區中正路８８９之１號２樓（現場僅供辦公室使用）","2 F., No. 889-1, Zhongzheng Rd., Xinzhuang Dist., New Taipei City 24257, Taiwan (R.O.C.)","莊O土","02-82211256","","有","有"
"14889604","20021029","20241219","萬霖企業社","NETSTAR INDUSTRIAL LTD.","臺北市萬華區萬大路486巷27號4樓","4 F., No. 27, Ln. 486, Wanda Rd., Wanhua Dist., Taipei City 108045, Taiwan (R.O.C.)","蔣O明","02-2301-5023","02-2305-2872","無","無"
"14896324","20081126","20240319","日安企業","GOOD SOUND ENTERPRISE CO.","宜蘭縣羅東鎮漢民里中山路三段４９２號1樓","1F., No. 492, Sec. 3,  Zhongshan Rd., Hanmin Vil., Luodong Township,  Yilan County , Taiwan (R.O.C.)","陳O池","03-9289409","03-9569339","有","有"
"14897230","20030522","20210811","集美實業社","GI MAY COMPANY OF LIMITED LTABILITY","宜蘭縣蘇澳鎮南安里漁港路65號一樓","1 F., No. 65, Yugang Rd., Nan’an Vil., Su’ao Township, Yilan County 27042, Taiwan (R.O.C.)","陳O豪","03-959-0011","03-959-3646","有","有"
"14897365","20210331","20211008","永發香品社","YFIncense CO.","宜蘭縣頭城鎮頂埔里頂埔路一段206巷16號一樓","1 F., NO. 16, LN. 206, SEC. 1, DINGPU RD., TOUCHENG TOWNSHIP, YILAN COUNTY 26146, TAIWAN (R.O.C.)","莊O昌","03-9771540","","有","有"
"14901282","20040205","20210811","永馨園藝資材行","YUENG HSIN COMPANY","宜蘭縣五結鄉協和村親河路二段一００號一樓","1 F., No. 100, Sec. 2, Qinhe Rd., Wujie Township, Yilan County 26866, Taiwan (R.O.C.)","黃O鐘","03-9605507","03-9602508","有","有"
"14902917","20040227","20211203","鼎勝石材企業社","DING SENQ MARBLE WARE CO.","宜蘭縣宜蘭市南津里中山路一段257號一樓","1 F., No. 257, Sec. 1, Zhongshan Rd., Nanjin Vil., Yilan City, Yilan County 26060, Taiwan (R.O.C.)","何O進","03-9358515","03-9359515","無","無"
"14905652","20050221","20240806","台菱行","TAI LIN HANG CO.","宜蘭縣冬山鄉珍珠村冬山路二段685-1號一樓","1F., No. 685-1, Sec. 2,  Dongshan Rd., Zhenzhu Vil., Dongshan Township,  Yilan County 269037, Taiwan (R.O.C.)","陳O彥","03-958-1606","03-968-0039","有","有"
"14906049","20141021","20230617","盈億砂石行","YINGYI GRAVEL CO.","宜蘭縣羅東鎮樹林里純精路三段155號","No. 155, Sec. 3,  Chunjing Rd., Shulin Vil., Luodong Township,  Yilan County , Taiwan (R.O.C.)","藍O淵","03-9566708","03-9545147","有","有"
"14906478","20110915","20210811","宜蘭賞鯨船行","YI LAN BOATING CO.","宜蘭縣頭城鎮金盈里金盈路37號一樓","1 F., No. 37, Jinying Rd., Jinying Vil., Toucheng Township, Yilan County 26141, Taiwan (R.O.C.)","林O逸","0955880875","","有","有"
"14907960","20081231","20210812","永鉅實業社","YONG JU LI ENTERPRISE CO.","宜蘭縣宜蘭市新生里宜興路三段180號一樓","1 F., No. 180, Sec. 3, Yixing Rd., Xinsheng Vil., Yilan City, Yilan County 26054, Taiwan (R.O.C.)","簡O玲","03-9289068","03-9289069","有","有"
"14944629","20020827","20210812","松榮碾米廠","SUNG JUNG RICE-HUSKING FACTORY","桃園市觀音區崙坪里福坪路702號","No. 702, Fuping Rd., Lunping Vil., Guanyin Dist., Taoyuan City 32846, Taiwan (R.O.C.)","廖O玲","03-4223157","02-4279049","有","有"
"14945514","20030218","20210812","江鐵重機械企業社","CHIANG TIEE MACHINERY ENTERPRISE CO.","桃園市大溪區瑞源里員林路三段二四五號一樓","1 F., No. 245, Sec. 3, Yuanlin Rd., Ruiyuan Vil., Daxi Dist., Taoyuan City 33549, Taiwan (R.O.C.)","陳O蘭","03-3804167","03-3893456","有","有"
"14947457","20070621","20230112","宏海輪胎行","HONG HAI TIRE STORE","桃園市觀音區武威里濱海路武威段426巷46號1樓","1 F., No. 46, Ln. 426, Sec. Wuwei, Binhai Rd., Wuwei Vil., Guanyin Dist., Taoyuan City 328003, Taiwan (R.O.C.)","彭O娥","03-4732553","03-4736372","無","無"
"14951607","20091215","20220111","今朝工作坊","TODAY BREWERY CO.","桃園市新屋區新屋里中山路３１０號１樓","1 F., No. 310, Zhongshan Rd., Xinwu Vil., Xinwu Dist., Taoyuan City 32748, Taiwan (R.O.C.)","徐O揮","03-497-0937","","無","無"
"14951888","20030128","20210811","力洋企業社","LIH YOUNG ENTERPRISE CO.","桃園市八德區大勇里忠勇街377巷8號1樓","1 F., No. 8, Ln. 377, Zhongyong St., Dayong Vil., Bade Dist., Taoyuan City 33462, Taiwan (R.O.C.)","薛O林","03-367-7320","03-375-6048","有","有"
"14955575","20060209","20210811","翊軒企業社","YI HUSUAN CO.","桃園市蘆竹區內厝里大豐街２巷５號","No. 5, Ln. 2, Dafeng St., Neicuo Vil., Luzhu Dist., Taoyuan City 33860, Taiwan (R.O.C.)","陳O政","03-2126988","03-3635259","有","有"
"14958138","20030603","20221104","伍欽企業社","WU CHIN ENTERPRISE CO.","桃園市中壢區永福里南園二路１巷１８弄１９號１樓","1 F., No. 19, Aly. 18, Ln. 1, Nanyuan 2nd Rd., Yongfu Vil., Zhongli Dist., Taoyuan City 320017, Taiwan (R.O.C.)","胡O英","03-4276683","03-4264352","無","無"
"14960866","20180502","20180502","台中市電腦商業同業公會","TAI CHUNG COMPUTER ASSOCIATION","臺中市北屯區昌平路一段９５之８號９樓之１","9F.-1, NO.95-8, SEC. 1, CHANGPING RD., BEITUN DIST., TAICHUNG CITY 40652, TAIWAN (R.O.C.)","石O欽","04-22421717","04-22421030","有","有"
"14961942","20020905","20210811","達文奇商行","DAVENCH CO.","臺中市西區土庫里五權五街２３３號一樓","1 F., No. 233, Wuquan 5th St., Tuku Vil., West Dist., Taichung City 40347, Taiwan (R.O.C.)","陳O洲","04-22657952","04-22657952","無","無"
"14964589","20100802","20210811","椿來居廚藝館","SARAHBOB KITCHEN LIFE CO.","臺中市南屯區田心里文心路一段５７號一樓","1 F., No. 57, Sec. 1, Wenxin Rd., Tianxin Vil., Nantun Dist., Taichung City 40863, Taiwan (R.O.C.)","廖O裕","04-24727887","04-24727169","有","有"
"14965623","20020923","20020923","登豐行","DIN FON FIRM","台中市南屯區田心里海德街２７號１樓","1F, NO.27, HAI-DER ST., NAN-TON DIST., TAICHUNG CITY, TAIWAN, R.O.C.","褚O菀","04-22989123","04-2297-2931","有","有"
"14966159","20020924","20210811","朝元商行","DRAW YAN FIRM","臺中市南屯區田心里海德街２５號一樓","1 F., No. 25, Haide St., Tianxin Vil., Nantun Dist., Taichung City 40855, Taiwan (R.O.C.)","林O順","04-22987668","04-22972931","有","有"
"14966171","20020923","20210811","貫通行","GAIN TON FIRM","臺中市南屯區田心里海德街２５號一樓","1 F., No. 25, Haide St., Tianxin Vil., Nantun Dist., Taichung City 40855, Taiwan (R.O.C.)","林O翔","04-22987668","04-2297-2931","有","有"
"14966242","20020925","20210811","丙元行","THIRD WORD FIRM","臺中市南屯區田心里海德街２７號一樓","1 F., No. 27, Haide St., Tianxin Vil., Nantun Dist., Taichung City 40855, Taiwan (R.O.C.)","賴O雄","04-22972916","04-22985487","有","有"
"14966263","20020925","20210811","晶耐行","GIN NICE FIRM","臺中市南屯區田心里海德街２７號一樓","1 F., No. 27, Haide St., Tianxin Vil., Nantun Dist., Taichung City 40855, Taiwan (R.O.C.)","林O崴","04-22987668","04-22972931","有","有"
"14966377","20051213","20210811","辰興衛浴精品行","CHEN SHING STORE","臺中市北屯區新平里中平路７１２巷１０號","No. 10, Ln. 712, Zhongping Rd., Xinping Vil., Beitun Dist., Taichung City 40678, Taiwan (R.O.C.)","李O和","04-22910677","04-22910671","有","有"
"14966685","20021001","20210812","京強商行","CHIN CHARN FIRM","臺中市北屯區軍功里軍功路二段５３號一樓","1 F., No. 53, Sec. 2, Jungong Rd., Jungong Vil., Beitun Dist., Taichung City 40643, Taiwan (R.O.C.)","陳OO","04-2298-5455","04-2298-5487","有","有"
"14966968","20021002","20210811","晶賀商行","GEINHER FIRM","臺中市南屯區田心里海德街２７號一樓","1 F., No. 27, Haide St., Tianxin Vil., Nantun Dist., Taichung City 40855, Taiwan (R.O.C.)","林O娟","04-22972916","04-22985487","有","有"
"14967410","20030102","20210811","賦格文化實業社","FUGUE MUSIC CO.","臺中市北屯區大坑里光西巷31號1樓","1 F., No. 31, Guangxi Ln., Dakeng Vil., Beitun Dist., Taichung City 40662, Taiwan (R.O.C.)","符O僥","04-22399263","04-22398009","有","有"
"14968234","20171215","20210812","亞儒國際貿易商行","RUS AG CO.","臺中市東區東英里自由路四段４６５號１樓","1 F., No. 465, Sec. 4, Ziyou Rd., Dongying Vil., East Dist., Taichung City 40147, Taiwan (R.O.C.)","余O儒","04-22155277","04-22127601","有","有"
"14969803","20021016","20210811","大詠韻企業社","SOUND SHINE COMPANY","臺南市東區崇善里崇善十一街12巷24號1樓","1 F., No. 24, Ln. 12, Chongshan 11th St., Chongshan Vil., East Dist., Tainan City 70170, Taiwan (R.O.C.)","吳O龍","06-2896012","06-2898206","有","有"
"14969944","20030327","20210811","東裕企業社","EAST WEALTHY INDUSTRY CO.","臺中市東區干城里進化路２７號一樓","1 F., No. 27, Jinhua Rd., Gancheng Vil., East Dist., Taichung City 40141, Taiwan (R.O.C.)","吳O忠","04-22117681","","有","有"
"14970479","20030909","20210811","億昇汽車商行","YI SHENNG CO.","臺中市北屯區仁美里崇德路三段６１７號一樓","1 F., No. 617, Sec. 3, Chongde Rd., Renmei Vil., Beitun Dist., Taichung City 40673, Taiwan (R.O.C.)","周O志","04-24228519","","有","有"
"14975447","20030117","20210811","匯巽實業社","GREEN MIND INTERNATIONAL CO.","臺中市北屯區平德里綏遠路二段１５巷９號一樓","1 F., No. 9, Ln. 15, Sec. 2, Suiyuan Rd., Pingde Vil., Beitun Dist., Taichung City 40666, Taiwan (R.O.C.)","陳O珍","04-22379553","04-23273929","有","有"
"14975777","20021127","20210811","介森實業社","JASON TAI. CO.","臺中市南區長榮里復興路三段３０８號一樓","1 F., No. 308, Sec. 3, Fuxing Rd., Changrong Vil., South Dist., Taichung City 40247, Taiwan (R.O.C.)","何O榮","04-22272762","0422295663","有","有"
"14977043","20201217","20210811","茶速配茶葉行銷行","Tea Speed Match Tea Marketing Hang","臺中市南屯區溝墘里大業路２２６號１樓","1 F., No. 226, Daye Rd., Gouqian Vil., Nantun Dist., Taichung City 40848, Taiwan (R.O.C.)","劉O榛","04-23260026","","有","有"
"14977352","20241127","20241127","台隆企業社","TAIWAN CALENDAR ENTERPRISE","臺中市南屯區新生里新民巷21號1樓","1 F., No. 21, Xinmin Ln., Xinsheng Vil., Nantun Dist., Taichung City 408016, Taiwan (R.O.C.)","王O豪","04-23819866","04-23810643","有","有"
"14977445","20021206","20210812","源儀透濕企業行","KEVEK VAPOR THROUGH CO.","臺中市西屯區福恩里工業區一路58巷33弄33-3號1樓","1 F., No. 33-3, Aly. 33, Ln. 58, Gongyequ 1st Rd., Fu’en Vil., Xitun Dist., Taichung City 40767, Taiwan (R.O.C.)","蔡O婉","04-23553356","04-23553358","無","無"
"14977515","20070214","20210811","中國電子科技社","CHINA ELECTRONICS TECHNOLOGY ENTERPRISE CO.","臺中市南區和平里復興路二段３０之１０號１樓","1 F., No. 30-10, Sec. 2, Fuxing Rd., Heping Vil., South Dist., Taichung City 40245, Taiwan (R.O.C.)","湯O棻","04-22656969","04-22628464","有","有"
"14977682","20021129","20210811","德億國際貿易商行","DAILY EXPRESS INTERNATIONAL TRADE CO.","臺中市南區永興里高工路２８３巷３０號一樓","1 F., No. 30, Ln. 283, Gaogong Rd., Yongxing Vil., South Dist., Taichung City 40241, Taiwan (R.O.C.)","何O人","04-22602976","04-22602976","有","有"
"14980981","20021002","20210812","書瑄企業行","SHU SHIUAN CO.","臺南市仁德區成功里保華路2巷5弄16號1樓","1 F., No. 16, Aly. 5, Ln. 2, Baohua Rd., Chenggong Vil., Rende Dist., Tainan City 71751, Taiwan (R.O.C.)","梁O福","04-22969599","04-22963311","有","有"
"14980997","20021002","20210812","上益行","DENG JINN CO.","臺南市仁德區成功里保華路2巷5弄16號1樓","1 F., No. 16, Aly. 5, Ln. 2, Baohua Rd., Chenggong Vil., Rende Dist., Tainan City 71751, Taiwan (R.O.C.)","王O盛","04-22969599","04-22963311","無","無"
"14981285","20021002","20210812","艾玨企業行","AY JYUE CO.","臺南市仁德區成功里保華路2巷5弄16號1樓","1 F., No. 16, Aly. 5, Ln. 2, Baohua Rd., Chenggong Vil., Rende Dist., Tainan City 71751, Taiwan (R.O.C.)","梁O登志","04-22969599","04-22963311","有","有"
"14981291","20021002","20210812","富邦企業行","FUTURE LONG CO.","臺南市仁德區成功里保華路2巷5弄16號1樓","1 F., No. 16, Aly. 5, Ln. 2, Baohua Rd., Chenggong Vil., Rende Dist., Tainan City 71751, Taiwan (R.O.C.)","梁O敏","04-22969599","04-22963311","有","有"
"14981335","20021002","20210812","承盛肉品","CHERNG SHENQ MEAT CO.","臺南市仁德區成功里保華路2巷5弄16號1樓","1 F., No. 16, Aly. 5, Ln. 2, Baohua Rd., Chenggong Vil., Rende Dist., Tainan City 71751, Taiwan (R.O.C.)","龔O隆","04-22969599","04-22963311","有","有"
"14981341","20021002","20210812","建展行","JIAN JAAN CO.","臺南市仁德區成功里保華路2巷5弄16號1樓","1 F., No. 16, Aly. 5, Ln. 2, Baohua Rd., Chenggong Vil., Rende Dist., Tainan City 71751, Taiwan (R.O.C.)","梁O仁","04-22969599","04-22963311","有","有"
"14981356","20021002","20210812","浩沅企業行","HAW YUAN CO.","臺南市仁德區成功里保華路2巷5弄16號1樓","1 F., No. 16, Aly. 5, Ln. 2, Baohua Rd., Chenggong Vil., Rende Dist., Tainan City 71751, Taiwan (R.O.C.)","嚴O一","04-22969599","04-22963311","有","有"
"14981378","20021002","20210812","瑋寶企業社","DOBLE WIN CO.","臺南市仁德區成功里保華路2巷5弄16號1樓","1 F., No. 16, Aly. 5, Ln. 2, Baohua Rd., Chenggong Vil., Rende Dist., Tainan City 71751, Taiwan (R.O.C.)","龔O平","04-22969599","04-22963311","有","有"
"14981503","20021002","20210812","書瑜企業行","SHU YU CO.","臺南市仁德區成功里保華路2巷5弄16號1樓","1 F., No. 16, Aly. 5, Ln. 2, Baohua Rd., Chenggong Vil., Rende Dist., Tainan City 71751, Taiwan (R.O.C.)","龔O米妹","04-22969599","04-22963311","有","有"
"14981519","20021002","20210812","佩珊企業行","PAY SHAN CO.","臺南市仁德區成功里保華路2巷5弄16號1樓","1 F., No. 16, Aly. 5, Ln. 2, Baohua Rd., Chenggong Vil., Rende Dist., Tainan City 71751, Taiwan (R.O.C.)","王O倫","04-22969599","04-22963311","有","有"
"14982405","20100208","20210811","恩澤企業社","EN TZER ENTERPRISE CO.","臺南市永康區埔園里自強路580號1樓","1 F., No. 580, Ziqiang Rd., Puyuan Vil., Yongkang Dist., Tainan City 71090, Taiwan (R.O.C.)","石O旭","06-2326675","06-2016630","有","有"
"14982931","20150814","20230914","松發企業社","SF-SONGFA BUSINESS COMPANY","臺南市歸仁區沙崙里二甲三街16號1樓","1 F., No. 16, Erjia 3rd St., Shalun Vil., Guiren Dist., Tainan City 711011, Taiwan (R.O.C.)","卓O泉","06-3301952","","有","有"
"14984516","20190321","20210811","喬弘企業社","CIAO HONG PLASTICS CO.","臺南市歸仁區新厝里中正南路一段153巷8號1樓","1 F., No. 8, Ln. 153, Sec. 1, Zhongzheng S. Rd., Xincuo Vil., Guiren Dist., Tainan City 71146, Taiwan (R.O.C.)","許O玉","06-3301889","06-2303914","有","有"
"14986129","20190821","20210812","寶綺企業社","PAO CHI ENVIRONMENTALLY FRIENDLY CO.","臺南市關廟區龜洞里南雄南路877巷5號1樓","1 F., No. 5, Ln. 877, Nanxiong S. Rd., Guidong Vil., Guanmiao Dist., Tainan City 71843, Taiwan (R.O.C.)","陳O霖","06-5551331","","無","無"
"14987041","20220916","20220916","將成實業社","CHIANG CHENG ENTERPRISE CO.","臺南市新化區崙頂里崙子頂370號1樓","1 F., No. 370, Lunziding, Lunding Vil., Xinhua Dist., Tainan City 712008, Taiwan (R.O.C.)","林O成","06-2331567","06-2310133","有","有"
"14987540","20040811","20210811","莊益誠商行","ZHANG YI JHENG STORE","臺南市永康區北灣里文賢街242號1樓","1 F., No. 242, Wenxian St., Beiwan Vil., Yongkang Dist., Tainan City 71087, Taiwan (R.O.C.)","陳O梅","06-205-5698","","有","無"
"14988196","20060214","20210812","天文堂中藥行","TIAN WEN TARNG NATIONAL CO.","臺南市學甲區宅港里70號","No. 70, Zhaigang Vil., Xuejia Dist., Tainan City 726, Taiwan (R.O.C.)","莊O德","06-7833176","06-7834028","有","有"
"14988647","20041028","20210812","佳興企業社","CHIA SING ENTERPRISE CO.","臺南市佳里區禮化里佳里興375號","No. 375, Jialixing, Lihua Vil., Jiali Dist., Tainan City 72262, Taiwan (R.O.C.)","李O麗敏","06-7260860","","無","無"
"14989202","20080122","20210811","真順商行","JS SAFETY SHOES COMPANY","臺南市永康區塩洲里中正南路471號1樓","1 F., No. 471, Zhongzheng S. Rd., Yongkang Dist., Tainan City 71045, Taiwan (R.O.C.)","陳O文","06-2434195","06-2434728","無","無"
"14989815","20080516","20210812","鳳仁企業社","PHOENIX KIND ENTERPRISE CO.","臺南市仁德區太子里太子路101巷89號1樓","1 F., No. 89, Ln. 101, Taizi Rd., Taizi Vil., Rende Dist., Tainan City 71741, Taiwan (R.O.C.)","黃O隆","06-2390918","06-3308027","有","有"
"14989940","20030918","20210811","大豐汽車商行","DA FENG AUTOMOBILE CO.","臺南市新營區中營里開元路86之1號1樓","1 F., No. 86-1, Kaiyuan Rd., Zhongying Vil., Xinying Dist., Tainan City 73055, Taiwan (R.O.C.)","莊O呈","06-6570812","06-6570812","有","有"
"14990720","20110401","20210811","萬寶路石雕坊","MARBLE CARVE WORKS","臺南市仁德區上崙里崑崙路521巷65號","No. 65, Ln. 521, Kunlun Rd., Shanglun Vil., Rende Dist., Tainan City 71745, Taiwan (R.O.C.)","王O花","06-2491871","","有","有"
"14991220","20030116","20210812","豐偉糧食商行","FENG WEI SUPPLY SHOP","臺南市鹽水區歡雅里歡雅30之8號1樓","1 F., No. 30-8, Huanya, Huanya Vil., Yanshui Dist., Tainan City 73744, Taiwan (R.O.C.)","趙O升","06-6552178","","有","有"
"14991729","20031020","20210812","振宇商號","JEN YU RONG MEAT CO.","臺南市新營區新北里三興街93之1號","No. 93-1, Sanxing St., Xinbei Vil., Xinying Dist., Tainan City 73050, Taiwan (R.O.C.)","王O榮","08-732-1023","","有","有"
"14991973","20241205","20241205","愷幸實業社","Kai Xing Industrial Co.","臺南市安定區文科里海寮30之13號1樓","1 F., No. 30-13, Hailiao, Wenke Vil., Anding Dist., Tainan City 745008, Taiwan (R.O.C.)","王O玉","06-5936536","06-5936546","有","有"
"14992157","20031020","20210812","志勇商號","A-YUNG MEAT CO.","臺南市新營區民生里民生路18號","No. 18, Minsheng Rd., Minsheng Vil., Xinying Dist., Tainan City 73049, Taiwan (R.O.C.)","王O勇","08-732-1023","","有","有"
"14992240","20220810","20220810","松高蛋品企業社","SONG GAO EGG COMPANY","臺南市麻豆區埤頭里麻工一路408號","No. 408, Magong 1st Rd., Pitou Vil., Madou Dist., Tainan City 721011, Taiwan (R.O.C.)","劉O源","06-5702011","","有","有"
"14992425","20110914","20210811","永昇行","YUAN SHUNG HUNG CO.","臺南市歸仁區七甲里南丁路401號1樓","1 F., No. 401, Nanding Rd., Qijia Vil., Guiren Dist., Tainan City 71143, Taiwan (R.O.C.)","蘇O傑","06-2396441","06-2397974","有","有"
"14992733","20030206","20210811","禾成農產行","HO CHENG BARN CO.","臺南市官田區二鎮里角秀11之19號1樓","1 F., No. 11-19, Jiaoxiu, Erzhen Vil., Guantian Dist., Tainan City 72047, Taiwan (R.O.C.)","施O辰","06-5790906","06-5790985","有","有"
"14992972","20160202","20210812","冠鈞企業社","CHAMPION STACKER STORE","臺南市善化區小新里小新營71之6號1樓","1 F., No. 71-6, Xiaoxinying, Xiaoxin Vil., Shanhua Dist., Tainan City 74174, Taiwan (R.O.C.)","吳O清","06-5838098","06-5834525","有","有"
"14993156","20080123","20210811","泰森製材工廠","TAISEN WOODEN MANUFACTURE FACTORY","臺南市新營區中營里東山路162號","No. 162, Dongshan Rd., Zhongying Vil., Xinying Dist., Tainan City 73048, Taiwan (R.O.C.)","吳O靜","06-6222701","06-6225818","有","有"
"14993439","20030918","20230113","弘御企業行","GRAND COMMAND CO.","臺南市柳營區中埕里柳營359之6號1樓","1 F., No. 359-6, Liuying, Zhongcheng Vil., Liuying Dist., Tainan City 736001, Taiwan (R.O.C.)","莊O棟","06-6990517","06-6994830","有","有"
"14995669","20130220","20210812","冠霖企業社","GUAN LIN FURNITURE ENTERPRISE CO.","臺南市西港區西港里堀子頭155號1樓","1 F., No. 155, Kuzitou, Xigang Vil., Xigang Dist., Tainan City 72348, Taiwan (R.O.C.)","洪O鵑","06-5980055","06-5986092","有","有"
"14999222","20050104","20210812","三聖電業社","SAN SHEN ELECTRICITY INDUSTRY CO.","臺南市歸仁區文化里國光街150巷71號1樓","1 F., No. 71, Ln. 150, Guoguang St., Wenhua Vil., Guiren Dist., Tainan City 71147, Taiwan (R.O.C.)","陳O屏","06-3386257","06-3386313","有","有"
"14999503","20210126","20240709","台陸企業社","TAI-LIOU COMPANY","臺南市西港區南海里南慶街172巷26號1樓","1 F., No. 26, Ln. 172, Nanqing St., Nanhai Vil., Xigang Dist., Tainan City 723024, Taiwan (R.O.C.)","曾O瑜","06-7958898","","無","無"
"14999855","20190321","20210811","成邦企業社","Cheng-Bang metal industrial CO.","臺南市安定區文科里管寮14號","No. 14, Guanliao, Anding Dist., Tainan City 74548, Taiwan (R.O.C.)","黃O輝","0988347000","06-2252310","有","有"
