"統一編號","原始登記日期","核發日期","廠商中文名稱","廠商英文名稱","中文營業地址","英文營業地址","代表人","電話號碼","傳真號碼","進口資格","出口資格"
"77017752","20211025","20211025","國際扶輪３５２２地區","ROTARY INTERNATIONAL DISTRICT 3522","臺北市士林區中山北路６段７號４樓","4F., No. 7, Sec. 6, Zhongshan N. Rd., Shilin Dist., Taipei City 11155, Taiwan (R.O.C.)","李O雄","02-28353538","","有","有"
"77019739","20021011","20210811","茂盛蔬菜行","MAOCHENG CO.","宜蘭縣宜蘭市七張里七張路５２號","No. 52, Qizhang Rd., Qizhang Vil., Yilan City, Yilan County 26056, Taiwan (R.O.C.)","林O銘","03-9384260","","有","有"
"77023924","20231025","20240423","日青商行","JCCC Co.","新北市淡水區行忠路260號(1樓)","1 F., No. 260, Xingzhong Rd., Tamsui Dist., New Taipei City 251012, Taiwan (R.O.C.)","許O平","0975137659","","有","有"
"77036218","20160905","20221119","匠門廣告社","JIANG MEN ADVERTISEMENT CO.","宜蘭縣礁溪鄉大忠村大忠路１４５巷３號1樓","1F., No. 3, Ln. 145, Dazhong Rd., Dazhong Vil., Jiaoxi Township,  Yilan County 262007, Taiwan (R.O.C.)","林O勝","03-9880160","","有","有"
"77041303","20031008","20250517","合成蔬菜行","HE CHENGH CO.","宜蘭縣宜蘭市黎明里黎明二路１號","No. 1, Liming 2nd Rd., Liming Vil., Yilan City, Yilan County 260028, Taiwan (R.O.C.)","林O旻","03-938-0766","","有","有"
"77041438","20030502","20210811","佳奇商行","JIA-CHVI COMMODITIES SHOP","宜蘭縣壯圍鄉復興村壯濱路二段２８５號一樓","1 F., No. 285, Sec. 2, Zhuangbin Rd., Zhuangwei Township, Yilan County 26342, Taiwan (R.O.C.)","江O娟","03-9574282","03-9561154","有","有"
"77055333","20020930","20220112","聚軒商行","G SHUAN CO.","宜蘭縣五結鄉四結村中興路三段148號一樓","1 F., No. 148, Sec. 3, Zhongxing Rd., Wujie Township, Yilan County 26844, Taiwan (R.O.C.)","李O橙","04-761-2211","04-761-9641","有","有"
"77067274","20230710","20230710","彼多企業社","Pitou Company","臺北市萬華區中華路2段364巷17弄3之1號3樓","No. 3-1-3, Aly. 17, Ln. 364, Sec. 2, Zhonghua Rd., Wanhua Dist., Taipei City 10877, Taiwan (R.O.C.)","逄O瑄","0953551365","","有","有"
"77067464","20250203","20250425","金鴻企業社","JIN HONG SEAFOOD Company","宜蘭縣五結鄉季新村新店路二二之六號","No. 22-6, Xindian Rd., Wujie Township, Yilan County 268015, Taiwan (R.O.C.)","黃O杰","03-9502660","03-9502650","有","有"
"77069527","20211111","20211111","臺北設計與藝術指導協會","TPadd assoc.","台北市中山區松江路54號9樓之2","Rm. 2, 9 F., No. 54, Songjiang Rd., Zhongshan Dist., Taipei City 10456, Taiwan (R.O.C.)","彭O凱","0911033280","","有","有"
"77070307","20020830","20210811","芳麗工業社","FANG LEE INDUSTRY CO.","彰化縣秀水鄉安東村彰水路１段４２９號","No. 429, Sec. 1, Zhangshui Rd., Xiushui Township, Changhua County 50445, Taiwan (R.O.C.)","梁O樟","04-7692386","04-7690968","有","有"
"77071848","20010525","20240704","金后得企業社","GIN HO DER ENTERPRISE CO.","彰化縣鹿港鎮東崎里打鐵巷17-7號","No. 17-7, Datie Ln., Dongqi Vil., Lukang Township, Changhua County 50570, Taiwan (R.O.C.)","蔡O融","047-777423","047-777423","有","有"
"77071853","20060126","20250617","龍泰行","LONG TAY ENTERPRISE COMPANY","彰化縣秀水鄉埔崙村彰水路２段２２６號（限辦公室使用）","No. 226, Sec. 2, Zhangshui Rd., Xiushui Township, Changhua County 50441, Taiwan (R.O.C.)","李O賢","04-7692434","04-7692434","有","有"
"77072939","20130709","20210812","久豐企業社","JOFONG ENTERPRISE CO.","彰化縣和美鎮鐵山里彰美路3段175巷23號","No. 23, Ln. 175, Sec. 3, Zhangmei Rd., Tieshan Vil., Hemei Township, Changhua County 50848, Taiwan (R.O.C.)","謝O灯","04-7563968","","有","有"
"77073310","20001024","20210811","薪富企業社","SHIN FU MACHINERY CO.","彰化縣花壇鄉中庄村中橋街三二號","No. 32, Zhongqiao St., Huatan Township, Changhua County 50344, Taiwan (R.O.C.)","楊O榮","04-7866850","04-7870582","有","有"
"77074057","20050615","20210811","鴻昌機械廠","HORNG CHANG AUTO MACHINERY WORKS","彰化縣彰化市莿桐里彰秀路五七號","No. 57, Zhangxiu Rd., Citong Vil., Changhua City, Changhua County 50071, Taiwan (R.O.C.)","吳O文","04-7616752","","有","有"
"77074704","20020905","20230117","菁芳園","JEAN FOUN OUU CO.","彰化縣田尾鄉打簾村張厝巷７３號","No. 73, Zhangcuo Ln., Dalian Vil., Tianwei Township,  Changhua County 522053, Taiwan (R.O.C.)","羅O枝","04-23253645","04-23274077","有","有"
"77075274","19981030","20210811","祥鎰五金工廠","SHYANG YIH HARDWARE FACTORY","彰化縣鹿港鎮頂番里鹿和路４段３２９號","No. 329, Sec. 4, Luhe Rd., Dingfan Vil., Lukang Township, Changhua County 50543, Taiwan (R.O.C.)","吳O隨","04-7717247","","有","有"
"77075295","20021021","20210811","超盛商店","GHUO SHENG CO.","彰化縣線西鄉溝內村沿海路一段五六九號","No. 569, Sec. 1, Yanhai Rd., Xianxi Township, Changhua County 50744, Taiwan (R.O.C.)","黃O佳","04-23253645","04-23274077","有","有"
"77076436","20150105","20210811","永順衛材工業社","YONG SHUN SANITARY CO.","彰化縣和美鎮雅溝里南陵路502巷140號","No. 140, Ln. 502, Nanling Rd., Yagou Vil., Hemei Township, Changhua County 50849, Taiwan (R.O.C.)","張O美玉","04-7550935","04-7564708","有","有"
"77077738","20001108","20240326","皇泰興業廠","HUANG TAI PRINT CO.","彰化縣花壇鄉白沙村田墘巷215號","No. 215, Tianqian Ln., Huatan Township, Changhua County 50350, Taiwan (R.O.C.)","黃O傳","04-7122085","04-7615300","有","有"
"77078722","20020905","20231122","國華建材行","QU-FUN CO.","彰化縣秀水鄉安東村枋林巷28號","No. 28, Fanglin Ln., Andong Vil., Xiushui Township,  Changhua County 504005, Taiwan (R.O.C.)","張O華","04-23253645","04-23274077","有","有"
"77079089","20200120","20210811","暉迪工業社","Hui Di Industrial Factory","彰化縣社頭鄉仁雅村中山路一段四七八號","No. 478, Sec. 1, Zhongshan Rd., Shetou Township, Changhua County 51141, Taiwan (R.O.C.)","陳O騫","04-8735966","","有","有"
"77079428","19990918","20210811","昇彥工業社","SHENNQ YEEN INDUSTRIAL CO.","彰化縣埔鹽鄉打廉村埔打路１３號","No. 13, Puda Rd., Puyan Township, Changhua County 51643, Taiwan (R.O.C.)","黃O銘","04-8859015","04-8851261","有","有"
"77079573","20221121","20221128","嘉振企業社","JIA ZHEN HARDWARE Co.","彰化縣彰化市東芳里環河南路1段256號","No. 256, Sec. 1, Huanhe S. Rd., Dongfang Vil., Changhua City, Changhua County 500046, Taiwan (R.O.C.)","温O美","04-7632825","","有","有"
"77079638","19990728","20210811","美成傢俱行","MEI CHENG FURNITURE CO.","彰化縣伸港鄉泉州村中山路141巷36號","No. 36, Ln. 141, Zhongshan Rd., Shengang Township, Changhua County 50952, Taiwan (R.O.C.)","黃O卿","04-7983051","04-7989065","有","有"
"77081487","20040416","20210811","龍興機械廠","HSING LUNG WORKS","彰化縣福興鄉福興村沿海路五段二一七巷九號","No. 9, Ln. 217, Sec. 5, Yanhai Rd., Fuxing Township, Changhua County 50647, Taiwan (R.O.C.)","粘O傑","04-7774668","","有","有"
"77081607","20140917","20210811","永吉塑膠企業社","YOUNG JI PLASTICS COMPANY","彰化縣溪湖鎮東寮里彰水路４段４８２巷１４號","No. 14, Ln. 482, Sec. 4, Zhangshui Rd., Dongliao Vil., Xihu Township, Changhua County 51444, Taiwan (R.O.C.)","李O研","04-8823826","04-8612299","有","有"
"77083302","20100621","20241231","彰豐織品行","CHANG FENG TEXTILE CO.","彰化縣彰化市下廍里自強路252號","No. 252, Ziqiang Rd., Changhua City, Changhua County 500026, Taiwan (R.O.C.)","柯O吉","04-7332345","04-7332989","無","無"
"77083443","20140319","20210812","博洲工業社","J&D MACHINE AND PRODUCTS INDUSTRIAL CO.","彰化縣彰化市南安里彰鹿路１２０巷７５號","No. 75, Ln. 120, Zhanglu Rd., Nan’an Vil., Changhua City, Changhua County 50083, Taiwan (R.O.C.)","陳O洲","04-7613642","","有","有"
"77083719","20030826","20210812","佳信工業社","CIA SHIN INDUSTRY CO.","彰化縣田中鎮新民里七賢街69號1樓","1 F., No. 69, Qixian St., Xinmin Vil., Tianzhong Township, Changhua County 52043, Taiwan (R.O.C.)","郭O井","04-8763592","04-874-6965","有","有"
"77083984","20030530","20210812","瑞益五金工廠","RUEY YIE METAL FORGING WORKS","彰化縣福興鄉外中村外中街289號","No. 289, Waizhong St., Fuxing Township, Changhua County 50643, Taiwan (R.O.C.)","梁O豐","04-779-3128","04-779-3025","有","有"
"77084533","20090826","20240306","翊丞工業社","YICHENG METALS CO.","彰化縣彰化市南興里南興街241號","No. 241, Nanxing St., Nanxing Vil., Changhua City, Changhua County 500032, Taiwan (R.O.C.)","孫O琴","04-7620143","04-7617273","有","有"
"77085054","20020913","20210811","遠大通信器材企業行","YUAN DA TELECOM ENTERPRISE CO.","彰化縣二林鎮東和里大成路一段一五三號","No. 153, Sec. 1, Dacheng Rd., Donghe Vil., Erlin Township, Changhua County 52641, Taiwan (R.O.C.)","洪O發","04-8941111","04-8945309","有","有"
"77085195","19990329","20230708","順裕織帶工業社","LUCKY BRAID TEXTILE CO.","彰化縣鹿港鎮溝墘里鹿和路3段432巷3之6號1樓","1F., No. 3-6, Ln. 432, Sec. 3, Luhe Rd., Gouqian Vil., Lukang Township,  Changhua County 505030, Taiwan (R.O.C.)","陳O裕","04-7716606","04-7716638","有","有"
"77085420","20150209","20210812","金立工業社","GIONEE COIL FIRM","彰化縣和美鎮犁盛里彰新路２段２２０號","No. 220, Sec. 2, Zhangxin Rd., Lisheng Vil., Hemei Township, Changhua County 50852, Taiwan (R.O.C.)","林O蟬","04-7362699","04-7362566","有","有"
"77086125","20011224","20210811","駿昇玻璃隔熱片行","JINN SENB GLASS CO.","彰化縣員林市溝皂里員集路2段493巷19弄16號1樓","1 F., No. 16, Aly. 19, Ln. 493, Sec. 2, Yuanji Rd., Gouzao Vil., Yuanlin City, Changhua County 51063, Taiwan (R.O.C.)","張O","04-881-2374","","有","有"
"77086384","20020930","20210811","新豐紙業行","SHIN FENG HON PAPERS CO.","彰化縣秀水鄉安東村民意街４５２號","No. 452, Minyi St., Xiushui Township, Changhua County 50444, Taiwan (R.O.C.)","洪O妹","04-769-2386","02-769-0968","有","有"
"77087784","20130204","20231019","祥洋企業社","CHEN SHENG WEI ENTERPRISE CO.","南投縣草屯鎮富寮里富中路109巷16號1樓","1 F., No. 16, Ln. 109, Fuzhong Rd., Fuliao Vil., Caotun Township, Nantou County 542021, Taiwan (R.O.C.)","陳O安","049-2521084","","有","有"
"77088279","20180402","20210812","台一明鏡","Formosa First Mirror FIRM","彰化縣鹿港鎮泰興里三民路１９號１樓","1 F., No. 19, Sanmin Rd., Taixing Vil., Lukang Township, Changhua County 50569, Taiwan (R.O.C.)","陳O君","04-7760911","04-7789420","有","有"
"77089973","20041210","20240705","福純塑膠企業社","FU CHUAN PLASTICS ENT. CO.","彰化縣鹿港鎮東崎里謝厝巷14-66號","No. 14-66, Xiecuo Ln., Dongqi Vil., Lukang Township, Changhua County 505015, Taiwan (R.O.C.)","王O華","04-7787647","04-7750969","有","有"
"77090423","20011225","20210811","利德實業社","L DERN CO.","彰化縣彰化市阿夷里金馬路１段６２７之５號１樓","1 F., No. 627-5, Sec. 1, Jinma Rd., Ayi Vil., Changhua City, Changhua County 50085, Taiwan (R.O.C.)","蕭O玲","04-7225409","04-7225409","有","有"
"77090752","20120413","20230118","毅達企業社","YI DA FACTORY CO.","彰化縣彰化市萬安里三福街252巷6號1樓","1 F., No. 6, Ln. 252, Sanfu St., Wan’an Vil., Changhua City, Changhua County 500012, Taiwan (R.O.C.)","王O安","04-7254898","04-7267000","無","無"
"77091099","20031003","20221203","三大事務機器行","SHAN DAN HANG","彰化縣彰化市大同里太平街１號","No. 1, Taiping St., Datong Vil., Changhua City, Changhua County 500006, Taiwan (R.O.C.)","趙O宏","04-8927806","04-8927494","無","無"
"77091422","20020925","20210812","樺新行","HUA XIN CO.","彰化縣二林鎮西平里斗苑路５段２４７號","No. 247, Sec. 5, Douyuan Rd., Xiping Vil., Erlin Township, Changhua County 52641, Taiwan (R.O.C.)","張O振","04-23253645","04-23274077","有","有"
"77092148","20020925","20210811","宏德企業社","HONG TE ENTERPRISE SERVICE CO.","臺中市大里區西榮里新生西路４６號","No. 46, Xinsheng W. Rd., Xirong Vil., Dali Dist., Taichung City 41253, Taiwan (R.O.C.)","王O蘭","04-24850450","","有","有"
"77092246","20031009","20220806","慶銓行","WELD KING CO.","彰化縣永靖鄉五汴村中山路３段３６８巷１５弄３８號","No. 38, Aly. 15, Ln. 368, Sec. 3, Zhongshan Rd., Yongjing Township, Changhua County 51245, Taiwan (R.O.C.)","鄭O銓","04-8236792","04-8229044","無","無"
"77092750","20020905","20210812","大中華建材行","DA CHUAN CO.","彰化縣員林市新生里至平街102號","No. 102, Zhiping St., Xinsheng Vil., Yuanlin City, Changhua County 51048, Taiwan (R.O.C.)","葉O原","04-23253645","04-23274077","有","有"
"77092983","20021021","20210811","好得意商行","HAO DE YE CO.","彰化縣員林市黎明里南昌路39號2樓8室","Rm. 8, 2 F., No. 39, Nanchang Rd., Liming Vil., Yuanlin City, Changhua County 51046, Taiwan (R.O.C.)","劉O碧","04-8853517","04-8853952","無","無"
"77093189","19920828","20210811","新峰偉企業社","SHIN FENG WOEI ENTERPRISE CO., LTD.","彰化縣芬園鄉進芬村彰南路３段２２７號","No. 227, Sec. 3, Zhangnan Rd., Fenyuan Township, Changhua County 50241, Taiwan (R.O.C.)","曾O輝","886-49-5264","886-49-522129","無","無"
"77094103","20020912","20210812","金國橡膠廠","JING GUO RUBBER FACTORY","彰化縣埔鹽鄉永平村番金路１００－２９號","No. 100-29, Fanjin Rd., Puyan Township, Changhua County 51644, Taiwan (R.O.C.)","施O禹","04-761-2211","04-761-9641","有","有"
"77094286","20150325","20210812","源達企業社","YUAN-TAR COMPANY","彰化縣彰化市三村里聖安路８９５號","No. 895, Sheng’an Rd., Sancun Vil., Changhua City, Changhua County 50077, Taiwan (R.O.C.)","謝O達","04-7388536","04-7389535","有","有"
"77095736","20020905","20210811","棟子洋行","TOU-CO GARMENT CO.","彰化縣彰化市永生里永樂街七三號","No. 73, Yongle St., Yongsheng Vil., Changhua City, Changhua County 50046, Taiwan (R.O.C.)","洪O南","04-7626890","04-7619641","有","有"
"77097158","20051220","20210811","元昶工業社","CHANG HUA YUAN CHANG INDUSTRY CO.","彰化縣彰化市西興里豐國路八一巷四號","No. 4, Ln. 81, Fengguo Rd., Xixing Vil., Changhua City, Changhua County 50055, Taiwan (R.O.C.)","施O和","04-7628628","04-7632363","有","有"
"77097208","20070419","20210811","健宇彈簧機械廠","JI AN-YU SPRING MACHINE WORKS","彰化縣福興鄉番社村番社街７５號","No. 75, Fanshe St., Fuxing Township, Changhua County 50660, Taiwan (R.O.C.)","示O祿","04-7786447","04-7776361","有","有"
"77097376","20180322","20240109","全洋精機銅器工廠","CHUAN YANG FAUCET AND BATHROOM CO.","彰化縣鹿港鎮頭崙里頂草路2段419-3號","No. 419-3, Sec. 2, Dingcao Rd., Toulun Vil., Lukang Township, Changhua County 50543, Taiwan (R.O.C.)","謝O芬","04-7710562","04-7716360","有","有"
"77099085","20021007","20210811","永昌製油工廠","YOUN CHENG FACTORY","彰化縣二林鎮華崙里二溪路７段４７２、４７４號","No. 474, Sec. 7, Erxi Rd., Hualun Vil., Erlin Township, Changhua County 52656, Taiwan (R.O.C.)","黃O蓮","04-23253645","04-23274077","有","有"
"77099108","20240118","20240118","玉順工業社","YUSHUN INDUSTRY CO.","彰化縣社頭鄉湳雅村新雅路二號","No. 2, Xinya Rd., Shetou Township, Changhua County 511010, Taiwan (R.O.C.)","劉O瑜","04-8731535","04-8712029","有","有"
"77099450","20040517","20210811","永銓電機工程行","YUNG CHUAN ELECTRONIC CO.","彰化縣竹塘鄉竹元村中興街１１３巷２０號","No. 20, Ln. 113, Zhongxing St., Zhutang Township, Changhua County 52549, Taiwan (R.O.C.)","詹O銓","04-8975291","","有","有"
"77099888","20021004","20210811","尚隆企業社","ZUNE LON CO.","彰化縣彰化市向陽里中央路91號","No. 91, Zhongyang Rd., Xiangyang Vil., Changhua City, Changhua County 50090, Taiwan (R.O.C.)","賴O鉢","04-23253645","04-23274077","有","有"
"77106847","20220329","20220329","元翌企業社","YUAN YI CO.","彰化縣和美鎮鐵山里中興路2段213巷4號","NO. 4, LN. 213, SEC. 2, ZHONGXING RD., HEMEI TOWNSHIP, CHANGHUA COUNTY 508016, TAIWAN (R.O.C.)","李O順","04-7558389","","有","有"
"77107536","20031002","20210811","福來行","FU LAIN CO.","彰化縣芳苑鄉永興村和平巷２０號","No. 20, Heping Ln., Yongxing Vil., Fangyuan Township, Changhua County 52861, Taiwan (R.O.C.)","洪O來","04-5964239","","有","有"
"77107819","20011221","20210812","喬新木器行","CHIAO-SIN WOODS CO.","彰化縣福興鄉秀厝村福三路3段236巷2弄161號","No. 161, Aly. 2, Ln. 236, Sec. 3, Fu 3rd Rd., Fuxing Township, Changhua County 50644, Taiwan (R.O.C.)","蔣O修","04-7511730","04-7514688","有","有"
"77108211","20020910","20210811","弘太汽車材料行","HONG TAI HONG CO.","彰化縣秀水鄉安東村中山路２９１號","No. 291, Zhongshan Rd., Xiushui Township, Changhua County 50448, Taiwan (R.O.C.)","蕭O惠","04-762-2211","04-761-9641","有","有"
"77110103","20101119","20230522","台鈺企業社","TAIN YU ENTERPRISE CO.","彰化縣鹿港鎮頭崙里埔尾巷一號","No. 1, Puwei Ln., Toulun Vil., Lukang Township, Changhua County 505018, Taiwan (R.O.C.)","許O田","04-7710647","04-7718882","有","有"
"77111193","20010614","20210811","大實行","DA SHYR CO.","彰化縣員林市三義里惠安街６８號","No. 68, Hui’an St., Sanyi Vil., Yuanlin City, Changhua County 51047, Taiwan (R.O.C.)","林O陣","","","有","有"
"77111757","20010105","20210812","大義碾米工廠","TA YI RICE-HUSKING FACTORY","彰化縣秀水鄉下崙村田洋巷28-1號","No. 28-1, Tianyang Ln., Xiushui Township, Changhua County 50446, Taiwan (R.O.C.)","蘇O彰","04-7248089","04-7245480","有","有"
"77112361","20020125","20210812","康鈦實業社","TARGI TAI ENTERPRISE CO.","彰化縣彰化市國聖里國聖路64號","No. 64, Guosheng Rd., Guosheng Vil., Changhua City, Changhua County 50068, Taiwan (R.O.C.)","吳O盛","04-7989029","04-7989033","有","有"
"77112432","20000609","20210811","中科家具行","SHIN CHIUN WOOD PRODUCTS COMPANY","彰化縣福興鄉秀厝村秀安二街２７巷５０號","No. 50, Ln. 27, Xiu’an 2nd St., Fuxing Township, Changhua County 50644, Taiwan (R.O.C.)","梁O松","04-7781926","04-7755598","有","有"
"77113930","20140806","20210811","薪發堆高機企業社","SHINGFAR MACHINERY ENTERPRISE CO.","彰化縣彰化市牛埔里彰興路2段443號1樓","1 F., No. 443, Sec. 2, Zhangxing Rd., Niupu Vil., Changhua City, Changhua County 50096, Taiwan (R.O.C.)","鄭O娥","047382056","047380084","有","有"
"77115613","20080429","20210811","益成印刷商行","YI-CHERNG CO.","彰化縣鹿港鎮海埔里顏厝巷23號","No. 23, Yancuo Ln., Haipu Vil., Lukang Township, Changhua County 50562, Taiwan (R.O.C.)","黃O義","04-7789796","04-7762462","有","有"
"77116471","20160704","20221221","東弘織帶社","DONE HONG ENTERPRISE CO.","彰化縣線西鄉頂犁村頂犁路１２３號","No. 123, Dingli Rd., Dingli Vil., Xianxi Township,  Changhua County 507002, Taiwan (R.O.C.)","陳O芳","04-7583035","04-7580181","無","無"
"77124795","20100908","20100908","財團法人愛盲基金會","TAIWAN FOUNDATION FOR THE BLIND","臺北市中正區忠孝西路１段５０號１３樓之１９","13F.-19, NO.50, SEC. 1, ZHONGXIAO W. RD., ZHONGZHENG DIST., TAIPEI CITY 10041, TAIWAN (R.O.C.)","謝O俊","02-77258000","","有","有"
"77127006","20090811","20210427","社團法人中華民國畫廊協會","TAIWAN ART GALLERY ASSOCIATION","臺北市松山區光復南路１號２樓之１","2F.-1, NO.1, GUANGFU S. RD., SONGSHAN DIST., TAIPEI CITY 10563, TAIWAN (R.O.C.)","張O羣","02-27423968","02-27422088","有","有"
"77129428","20230508","20230508","紙風車劇團","Paperwindmill Theatre","台北市中正區重慶南路二段５９之２號２樓","2 F., No. 59-2, Sec. 2, Chongqing S. Rd., Zhongzheng Dist., Taipei City 100056, Taiwan (R.O.C.)","任O誠","02-23926170","02-23912225","有","有"
"77131347","20071105","20221210","古著行","BIRKENSKY HANG","臺北市萬華區西寧南路88號1樓","1 F., No. 88, Xining S. Rd., Wanhua Dist., Taipei City 108006, Taiwan (R.O.C.)","曾O珠","02-23888277","","有","有"
"77136130","19910510","20210812","瑞康裝璜企業行","NEW REY KAN ENTERPRISE CO.","臺北市中正區館前路6號7樓之5","7F.-5, No. 6, Guanqian Rd., Zhongzheng Dist., Taipei City 10047, Taiwan (R.O.C.)","韓O俊","02-23611329","","無","無"
"77139002","20150323","20210812","亨茂企業","HENG MAO ENTERPRISE CO.","臺北市萬華區成都路105巷7號2樓","2 F., No. 7, Ln. 105, Chengdu Rd., Wanhua Dist., Taipei City 10844, Taiwan (R.O.C.)","林O茂","02-23815871","","有","有"
"77149640","20200717","20210811","華中書局","HUA JHONG BOOKS CO.","臺北市萬華區長泰街34號1樓","1 F., No. 34, Changtai St., Wanhua Dist., Taipei City 10874, Taiwan (R.O.C.)","陳O山","02-23015389","","有","有"
"77150553","20020930","20210811","郭記獸肉號","GUO JI  MEAT STORE","新北市永和區仁愛路104巷7弄50之1號(1樓)","1 F., No. 50-1, Aly. 7, Ln. 104, Ren’ai Rd., Yonghe Dist., New Taipei City 23443, Taiwan (R.O.C.)","歐O嬌","02-25213771","","有","有"
"77163847","20011116","20221225","合舜針車行","HERD SOON SEWING MACHINE STORE","臺北市萬華區西園路2段151之1號3樓","3 F., No. 151-1, Sec. 2, Xiyuan Rd., Wanhua Dist., Taipei City 108025, Taiwan (R.O.C.)","胡O輝","02-2307-6330","02-2332-2209","無","無"
"77169461","20170405","20210812","愛的兒童書店","LOVE BOOKSTORE","臺北市萬華區廣州街81巷5之3號1樓","1 F., No. 5-3, Ln. 81, Guangzhou St., Wanhua Dist., Taipei City 10851, Taiwan (R.O.C.)","童O耀","02-23042757","02-23086031","有","有"
"77178449","20110120","20210812","陸六超級商行","LULU SUPER-FIRM CO.","臺北市萬華區萬大路424巷156號1樓","1 F., No. 156, Ln. 424, Wanda Rd., Wanhua Dist., Taipei City 10885, Taiwan (R.O.C.)","董O羚","02-23070645","02-23093837","有","有"
"77180796","20091222","20221210","澎祖海產加工廠","PENG-CHU FISHERY FACTORY","澎湖縣白沙鄉赤崁村漁港新村４９號","No. 49, Baisha Township, Penghu County 884, Taiwan (R.O.C.)","楊O蓁","06-9932911","06-9932910","有","有"
"77184738","20011225","20210817","日利號","RYH LIN CO.","澎湖縣馬公市陽明里北辰街20號2C19號攤","No. 20, Beichen St., Yangming Vil., Magong City, Penghu County 88043, Taiwan (R.O.C.)","周O秀霞","04-23114989","04-23115211","有","有"
"77190014","20051114","20210812","正大企業行","ZHENG DA ENTERPRISE CO.","澎湖縣馬公市石泉里二二之二號","No. 22-2, Shiquan, Shiquan Vil., Magong City, Penghu County 88054, Taiwan (R.O.C.)","陳O平","06-9217356","06-9217356","無","無"
"77190422","20081125","20210812","加豐號","SKYWARD RICH COMPANY","澎湖縣馬公市重慶里漁隆路５之１號１樓","1 F., No. 5-1, Yulong Rd., Chongqing Vil., Magong City, Penghu County 88050, Taiwan (R.O.C.)","陳O川","06-9221000","06-9221000","有","有"
"77192940","20110728","20210812","順利行","SHUNLI MATERIALS CO.","澎湖縣馬公市光榮里文光路１５８－１號１樓","1 F., No. 158-1, Wenguang Rd., Guangrong Vil., Magong City, Penghu County 88044, Taiwan (R.O.C.)","洪O正","06-9214212","06-9268753","有","有"
"77195263","20101104","20241126","慶樺藝品行","CHING HUA CORAL JEWELRY HANG","高雄市楠梓區右昌街101號","No. 101, Youchang St., Nanzi Dist., Kaohsiung City 811005, Taiwan (R.O.C.)","陳O富","07-7929498","07-7962594","有","有"
"77197332","20100330","20210811","進泉企業社","JINN CHEUAN ENTERPRISE CO.","澎湖縣馬公市東衛里十六號","No. 16, Dongwei, Dongwei Vil., Magong City, Penghu County 88051, Taiwan (R.O.C.)","李O美","06-9211027","06-9215683","有","有"
"77198260","19991012","20210811","俊山企業行","CHUN SHAN ENTERPRISE COMPANY","澎湖縣白沙鄉赤崁村139號之8","No. 139-8, Baisha Township, Penghu County 884, Taiwan (R.O.C.)","宋O明","06-9932823","","有","有"
"77200174","20101109","20210812","萬寶企業行","WAN BOU ENTERPRISE CO.","澎湖縣馬公市石泉里11-39號1樓","1 F., No. 11-39, Shiquan, Shiquan Vil., Magong City, Penghu County 88054, Taiwan (R.O.C.)","成O財","06-9218256","06-9217313","無","無"
"77209203","20210817","20220812","桐庵食品行","HYAKUNANA COMPANY","臺北市信義區基隆路1段141號13樓之3","13 F.-3, No. 141, Sec. 1, Keelung Rd., Xinyi Dist., Taipei City 110058, Taiwan (R.O.C.)","李O育","02-27990608","","有","有"
"77212214","20030909","20210811","世家汽車商行","SHI JIA CO.","臺中市南屯區南屯里永春東路１０９２號一樓","1 F., No. 1092, Yongchun E. Rd., Nantun Vil., Nantun Dist., Taichung City 40842, Taiwan (R.O.C.)","周O義","04-23807890","","無","無"
"77212333","20011127","20210812","崇盛企業行","BBIRD ENTERPRISE CO.","臺中市西屯區何厝里福安六街５８巷８號一樓","1 F., No. 8, Ln. 58, Fu’an 6th St., Hecuo Vil., Xitun Dist., Taichung City 40766, Taiwan (R.O.C.)","林O芬","04-23583610","04-23589415","有","有"
"77214091","20070320","20250417","御三家錦鯉園","YU SAN JIA KOI FARM","臺中市太平區勤益里中山路一段162巷13號2樓","2 F., No. 13, Ln. 162, Sec. 1, Zhongshan Rd., Qinyi Vil., Taiping Dist., Taichung City 411011, Taiwan (R.O.C.)","李O屏","04-24700205","","有","有"
"77226076","19920907","19920907","聯盛貿易企業社","NUAN SHENG TRADING ENTERPRISE CO.","台中巿西屯路２段１２６巷１９號４樓之１","4F-1, NO.19, LANE 126, SEC.2, HSI TUN RD., TAICHUNG CITY, TAIWAN","林O得","04-23259773","","無","無"
"77231325","20060824","20210811","協和輪胎行","XIE. HE TIRE CO.","臺中市南區樹德里復興北路４１９號","No. 419, Fuxing N. Rd., Shude Vil., South Dist., Taichung City 40242, Taiwan (R.O.C.)","廖O為","04-24714206","04-24721975","有","有"
"77234168","20000427","20000427","德豐五金建材行　","DE FENG BUILDING MATERIALS CO.","台中市西屯區何德里寧夏路１９２號１樓","1F, NO.192, NIN HSIA RD., HE TE LI, WEST TON DIST., TAICHUNG CITY, TAIWAN,R.O.C.","黃O容","04-23120088","04-23128000","有","有"
"77236829","20020911","20220119","光男電器行","KUANG NAN ELECTRIC APPLIANCE TRADING CO.","臺中市沙鹿區埔子里正德路１３巷３２號１樓","1 F., No. 32, Ln. 13, Zhengde Rd., Puzi Vil., Shalu Dist., Taichung City 43347, Taiwan (R.O.C.)","黃O清","04-22557895","04-22557896","有","有"
"77239261","20221017","20221017","易而益電業社","ERE electric Company","臺中市西屯區大福里長安路二段３１７巷３之１號一樓","1F., No. 3-1, Ln. 317, Sec. 2, Chang-an Rd., Xitun Dist., Taichung City 407047, Taiwan (R.O.C.)","陳O雲","04-22922092","04-22911824","有","有"
"77239369","19941209","19941209","智邦商行","CHIH PANG CO.","台中巿南屯區向上南路１段１６３號１１樓之１５","11F-15, NO.163, SEC.1, SHIAN SHUN S. RD., NAN TUN DIST., TAICHUNG TAIWAN","林O輝","02-27613063","","無","無"
"77240801","20221020","20221020","名揚藝品店","Ming Yang Buddhist Art Center Shop","台中市西屯區台灣大道二段六二零號１樓","1F., No. 620, Sec. 2, Taiwan Blvd., Xitun Dist., Taichung City 407055, Taiwan (R.O.C.)","李O菁","04-23136185","","有","有"
"77244588","20020924","20210811","台灣好家庭冷氣行","SHENG HUI AIR-CON REFRIGERATOR SHOP","臺中市西屯區福安里安和街１３７之５號一樓","1 F., No. 137-5, Anhe Rd., Fu’an Vil., Xitun Dist., Taichung City 40765, Taiwan (R.O.C.)","林O成","04-24624896","04-24622006","有","有"
"77246707","20060105","20240306","富盛企業商行","FUSAN LIGHTING & SOUND CO.,","臺中市北屯區廍子里祥順三街12號1樓","1F., No. 12, Xiangshun 3rd St., Buzih Vil., Beitun Dist.,  Taichung City , Taiwan (R.O.C.)","劉O良","04-22591606","04-22593606","無","無"
"77253376","20211202","20211202","財團法人塑膠工業技術發展中心","PLASTICS INDUSTRY DEVELOPMENT CENTER","台中市西屯區工業３８路１９３號","No. 193, Gongyequ 38th Rd., Xitun Dist., Taichung City 40768, Taiwan (R.O.C.)","蔡O忠","04-23595900","","有","有"
"77255304","20050104","20210814","金門宏玻陶瓷股份有限公司","KINMEN HORNG BO PORCELAIN CORP.","金門縣金城鎮賢庵村三板橋路1號","No. 1, Jincheng Township, Kinmen County 893, Taiwan (R.O.C.)","顏O仁","082-325729","082-328025","有","有"
"77256417","20020305","20210812","神御堂印藝社","SHEN YU TANG STAMP CHOP","金門縣金寧鄉榜林村林湖路561號","No. 561, Linhu Rd., Jinning Township, Kinmen County 89248, Taiwan (R.O.C.)","許O雄","082-325989","082-324458","有","有"
"77256872","20200611","20210812","金永利","JIN YONG LI KNIFE CO.","金門縣金城鎮東門里莒光路一段３０號","No. 30, Sec. 1, Juguang Rd., Dongmen Vil., Jincheng Township, Kinmen County 89347, Taiwan (R.O.C.)","林O河","082372988","","有","有"
"77257719","20060804","20210812","百利文具店","HUNDRED-SHARP STATIONER CO.","金門縣金城鎮南門里民族路２６２號","No. 262, Minzu Rd., Nanmen Vil., Jincheng Township, Kinmen County 89347, Taiwan (R.O.C.)","楊O戀","082-323727","082-323357","有","有"
"77258750","20061212","20210812","三商藝品社","THREE BUSINESS CRAFT CO.","金門縣金城鎮北門里民生路９號１００３室","No. 9, Minsheng Rd., Beimen Vil., Jincheng Township, Kinmen County 89345, Taiwan (R.O.C.)","歐O麗棉","082-323727","082-323357","有","有"
"77259385","20010906","20210812","嘉錦石材廠","FOREVER VIEW WORKS","金門縣金湖鎮正義里成功７９之１號","No. 79-1, Chenggong, Zhengyi Vil., Jinhu Township, Kinmen County 89148, Taiwan (R.O.C.)","許O怡","082-325016","082-323519","有","有"
"77259929","20170801","20210812","金合利製刀廠","JIN HER LIH KNIFE CO.","金門縣金城鎮東門里伯玉路一段50號","No. 50, Sec. 1, Boyu Rd., Dongmen Vil., Jincheng Township, Kinmen County 89348, Taiwan (R.O.C.)","吳O棟","082-325999","082-324999","有","有"
"77260123","20011224","20241225","天天香畜產食品","TIAN TIAN SHIANG CO.","金門縣金寧鄉榜林村伯玉路一段133號","No. 133, Sec. 1,  Boyu Rd., Banglin Vil., Jinning Township,  Kinmen County 892010, Taiwan (R.O.C.)","文O目","04-23114989","04-23115211","有","有"
"77260138","20011225","20210812","金全興商店","JIN CHHUAN SHING CO.","金門縣金城鎮東門里中興巿場４號","No. 4, Zhongxing Market, Dongmen Vil., Jincheng Township, Kinmen County 89347, Taiwan (R.O.C.)","黃O來","04-23114989","04-23115211","有","有"
"77260144","20011224","20210812","贊記","TIAN JIH CO.","金門縣金城鎮東門里東門菜巿場７號","No. 7, Dongmen Vil., Jincheng Township, Kinmen County 893, Taiwan (R.O.C.)","李O山","04-23114989","04-23115211","有","有"
"77260159","20011224","20210811","華益商店","FAN YIN CO.","金門縣金城鎮東門里東門巿場13號","No. 13, Dongmen Vil., Jincheng Township, Kinmen County 893, Taiwan (R.O.C.)","楊O盈","04-23114989","04-23115211","有","有"
"77260165","20011225","20210811","成興商店","CHANG YIN CO.","金門縣金城鎮東門里菜巿埸１５號","No. 15, Dongmen Vil., Jincheng Township, Kinmen County 893, Taiwan (R.O.C.)","楊O輝","04-23114989","04-23115211","有","有"
"77260171","20011224","20210812","日隆","RGH LONG CO.","金門縣金城鎮東門里東門巿場２３號","No. 23, Dongmen Vil., Jincheng Township, Kinmen County 893, Taiwan (R.O.C.)","郭O隆","04-23125810","04-23121005","有","有"
"77260192","20011225","20210811","鴻發","HONG FAR CO.","金門縣金城鎮東門里菜巿場２１號","No. 21, Dongmen Vil., Jincheng Township, Kinmen County 893, Taiwan (R.O.C.)","張O施","04-23114989","04-23115211","有","有"
"77260215","20011224","20210811","景興屠宰商號","GING SHING CO.","金門縣金城鎮東門里菜巿埸２５號","No. 25, Dongmen Vil., Jincheng Township, Kinmen County 893, Taiwan (R.O.C.)","翁O強","04-23125810","04-23121005","無","無"
"77260221","20011225","20210811","新耀興","SHEN YAW SHING CO.","金門縣金城鎮東門里東門巿場２７號","No. 27, Dongmen Vil., Jincheng Township, Kinmen County 893, Taiwan (R.O.C.)","陳O珠","04-23114989","04-23115211","有","有"
"77260284","20011225","20210812","建發","JAN FULL CO.","金門縣金城鎮東門里菜巿埸１３號","No. 13, Dongmen Vil., Jincheng Township, Kinmen County 893, Taiwan (R.O.C.)","薛O","04-23114989","04-23115211","有","有"
"77260290","20011225","20210812","金合成","JIN HER CHANG CO.","金門縣金城鎮東門里菜巿場８號","No. 8, Dongmen Vil., Jincheng Township, Kinmen County 893, Taiwan (R.O.C.)","李O英","04-23114989","04-23115211","有","有"
"77260307","20011224","20210812","合勝","HOLD SERN CO.","金門縣金城鎮東門里菜巿場１０號","No. 10, Dongmen Vil., Jincheng Township, Kinmen County 893, Taiwan (R.O.C.)","蔡O珠","04-23114989","04-23115211","有","有"
"77260313","20011224","20210812","勝發","SHANQ FA CO.","金門縣金城鎮東門里菜巿埸１２號","No. 12, Dongmen Vil., Jincheng Township, Kinmen County 893, Taiwan (R.O.C.)","杜O炎","04-23125810","04-23121005","有","有"
"77260329","20021004","20210811","永記","UN CHEARN SHOP","金門縣金城鎮東門里菜巿場１２號","No. 12, Dongmen Vil., Jincheng Township, Kinmen County 893, Taiwan (R.O.C.)","杜O和","04-23114989","04-23115211","有","有"
"77260334","20011224","20210812","啟發","CHI FA CO.","金門縣金城鎮東門里菜巿場１６號（限建築物第壹層使用）","No. 16, Dongmen Vil., Jincheng Township, Kinmen County 893, Taiwan (R.O.C.)","洪O丹","04-23114989","04-23115211","有","有"
"77260340","20011224","20210812","源發商店","YOU FALL CO.","金門縣金城鎮東門里東門巿場14號","No. 14, Dongmen Vil., Jincheng Township, Kinmen County 893, Taiwan (R.O.C.)","楊O義","04-23114989","04-23115211","有","有"
"77260361","20011224","20210812","金利興","JIN LIH SHING CO.","金門縣金城鎮東門里菜巿場１８號","No. 18, Dongmen Vil., Jincheng Township, Kinmen County 893, Taiwan (R.O.C.)","王O玉","04-23114989","04-23115211","有","有"
"77260377","20011224","20210812","源成","GWAI CHEN CO.","金門縣金城鎮東門里菜巿場２０號","No. 20, Dongmen Vil., Jincheng Township, Kinmen County 893, Taiwan (R.O.C.)","吳O道","04-23114989","04-23115211","有","有"
"77260382","20011224","20210812","金隆興","JEAN LOCTIN CO.","金門縣金城鎮東門里菜巿場２８號","No. 28, Dongmen Vil., Jincheng Township, Kinmen County 893, Taiwan (R.O.C.)","謝O鳳","04-23114989","04-23115211","有","有"
"77260398","20011224","20210811","源利","YUEN LIN CO.","金門縣金城鎮東門里菜巿埸２４號","No. 24, Dongmen Vil., Jincheng Township, Kinmen County 893, Taiwan (R.O.C.)","洪O桂","04-23125810","04-23121005","有","有"
"77260427","20011225","20210812","勝源","SERN GWAI CO.","金門縣金城鎮東門里菜巿場３０號","No. 30, Dongmen Vil., Jincheng Township, Kinmen County 893, Taiwan (R.O.C.)","文O泉","04-23114989","04-23115211","有","有"
"77260432","20011224","20210812","力慎商店","HORNG LIN CO.","金門縣金城鎮東門里菜巿場２５號","No. 25, Dongmen Vil., Jincheng Township, Kinmen County 893, Taiwan (R.O.C.)","陳O慎","04-23114989","04-23115211","有","有"
"77260448","20011225","20210811","真利","JEAN LEE CO.","金門縣金城鎮東門里菜巿場３６號","No. 36, Dongmen Vil., Jincheng Township, Kinmen County 893, Taiwan (R.O.C.)","王O蘭","04-23114989","04-23115211","有","有"
"77260453","20011225","20210811","金西特產行","SHAN YIN CO.","金門縣金城鎮東門里民族路５９號（限建築物第壹層使用）","No. 59, Minzu Rd., Dongmen Vil., Jincheng Township, Kinmen County 89345, Taiwan (R.O.C.)","藍O涵","04-23114989","04-23115211","有","有"
"77260469","20011224","20210812","金再成","JIN TANG CHANG CO.","金門縣金城鎮東門里民族路９３–１號","No. 93-1, Minzu Rd., Dongmen Vil., Jincheng Township, Kinmen County 89345, Taiwan (R.O.C.)","薛O德","04-23114989","04-23115211","有","有"
"77260475","20011224","20210812","隆慶","LONG CHING CO.","金門縣金城鎮東門里民族路九十三巷二號","No. 2, Ln. 93, Minzu Rd., Dongmen Vil., Jincheng Township, Kinmen County 89345, Taiwan (R.O.C.)","陳O土","04-23125810","04-23121005","有","有"
"77260518","20011224","20210812","中利","JONE LEE CO.","金門縣金城鎮東門里民族路９３之７號","No. 93-7, Minzu Rd., Dongmen Vil., Jincheng Township, Kinmen County 89345, Taiwan (R.O.C.)","許O忠","04-23125810","04-23121005","有","有"
"77260524","20011225","20210812","城利","CHERNG LI CO.","金門縣金城鎮東門里民族路９３之１號","No. 93-1, Minzu Rd., Dongmen Vil., Jincheng Township, Kinmen County 89345, Taiwan (R.O.C.)","許O鵬","04-23114989","04-23115211","有","有"
"77260550","20011225","20210812","金勝利","JIN SHENG LIH CO.","金門縣金城鎮西門里中興巿場３號","No. 3, Zhongxing Market, Ximen Vil., Jincheng Township, Kinmen County 89347, Taiwan (R.O.C.)","李O平","04-23114989","04-23115211","有","有"
"77260566","20011225","20210812","聯合","SIXTY FIVE CO.","金門縣金城鎮西門里中興巿場１０號","No. 10, Zhongxing Market, Ximen Vil., Jincheng Township, Kinmen County 89347, Taiwan (R.O.C.)","許O治","04-23114989","04-23115211","有","有"
"77260572","20011224","20210812","新德記","SHEN DER JIN CO.","金門縣金城鎮西門里菜巿場１３號","No. 13, Ximen Vil., Jincheng Township, Kinmen County 893, Taiwan (R.O.C.)","楊O禎","04-23114989","04-23115211","有","有"
"77260587","20011225","20210812","堅利興","JIAN LIN SHING CO.","金門縣金城鎮西門里中興巿場４３號","No. 43, Zhongxing Market, Ximen Vil., Jincheng Township, Kinmen County 89347, Taiwan (R.O.C.)","周O蔭","04-23114989","04-23115211","有","有"
"77260600","20011225","20210812","榮發","RONG FA CO.","金門縣金城鎮民族路６５巷３號","No. 3, Ln. 65, Minzu Rd., Jincheng Township, Kinmen County 89345, Taiwan (R.O.C.)","周O舍","04-23114989","04-23115211","有","有"
"77260616","20011225","20210811","芳裕","FUN YUN CO.","金門縣金城鎮東門里民族路６５巷１７號","No. 17, Ln. 65, Minzu Rd., Dongmen Vil., Jincheng Township, Kinmen County 89345, Taiwan (R.O.C.)","王O益","04-23114989","04-23115211","有","有"
"77260931","20011225","20210812","良興商店","LIANG SHING CO.","金門縣金城鎮古城里金門城93之6號","No. 93-6, Jinmencheng, Gucheng Vil., Jincheng Township, Kinmen County 89346, Taiwan (R.O.C.)","陳O戀","04-23114989","04-23115211","有","有"
"77260974","20061207","20210812","成吉商店","BRAVELY AUSPICIOUS STORE","金門縣金城鎮古城里舊金城１６５號","No. 165, Gucheng Vil., Jincheng Township, Kinmen County 893, Taiwan (R.O.C.)","蔡O秀","082-323727","082-323357","有","有"
"77261050","20011225","20210812","鼎興行","DING SHING SHRNG CO.","金門縣金城鎮古城里舊金城１６６之６號","No. 166-6, Gucheng Vil., Jincheng Township, Kinmen County 893, Taiwan (R.O.C.)","楊O嬌","04-23114989","04-23115211","有","有"
"77261642","20040816","20221007","浯州陶藝","WU-CHOU CERAMICS ART CO.","金門縣金城鎮西門里民權路124號","No. 124, Minquan Rd., Ximen Vil., Jincheng Township, Kinmen County 893013, Taiwan (R.O.C.)","黃O泰","082-329203","082-320611","有","有"
"77261988","20061205","20210811","金信華銀樓","JIN HUA XIN JEWELRY STORE","金門縣金城鎮北門里中興路９７號","No. 97, Zhongxing Rd., Beimen Vil., Jincheng Township, Kinmen County 89347, Taiwan (R.O.C.)","楊O清","082-323727","082-323357","有","有"
"77262038","20090522","20210812","古今貢糖店","GU JIN TRIBUTE SUGAR SHOP CO.","金門縣金城鎮南門里珠浦南路５６號","No. 56, Zhupu S. Rd., Nanmen Vil., Jincheng Township, Kinmen County 89347, Taiwan (R.O.C.)","楊O成","082325569","082-322505","有","有"
"77262059","20060801","20210811","天工貢糖廠","TIAN-GONG TRIBUTE CANDY FACTORY","金門縣金城鎮北門里中興路135、137號","No. 137, Zhongxing Rd., Beimen Vil., Jincheng Township, Kinmen County 89347, Taiwan (R.O.C.)","盧O緞","082-323727","082-323357","有","有"
"77262109","20060802","20210812","珍香","JANEXIANG CO.","金門縣金城鎮北門里中興路１６１巷３２號","No. 32, Ln. 161, Zhongxing Rd., Beimen Vil., Jincheng Township, Kinmen County 89347, Taiwan (R.O.C.)","林O富","082-323727","082-323357","有","有"
"77262121","20060802","20210811","金鼎祥貢糖廠","JINDINGXIANG TRIBUTE CANDY COMPANY JINCHENG BRANCH","金門縣金城鎮北門里中興路１７７號","No. 177, Zhongxing Rd., Beimen Vil., Jincheng Township, Kinmen County 89347, Taiwan (R.O.C.)","陳O珠","082-323727","082-323357","有","有"
"77262348","20061212","20210812","光華商行","KUANG HUA STORE","金門縣金寧鄉榜林村４４之５號","No. 44-5, Banglin, Jinning Township, Kinmen County 89248, Taiwan (R.O.C.)","許O民","082-325168","082-324374","有","有"
"77262500","20060803","20240705","國聲","COUNTY-VOICE CO.","金門縣金城鎮北門里中興路１５８號","No. 158, Zhongxing Rd., Beimen Vil., Jincheng Township, Kinmen County 89347, Taiwan (R.O.C.)","王OO","082-323727","082-323357","有","有"
"77262564","20090617","20210812","杏美","APRICOT US CO.","金門縣金城鎮東門里莒光路１段１５–１號","No. 15-1, Sec. 1, Juguang Rd., Dongmen Vil., Jincheng Township, Kinmen County 89347, Taiwan (R.O.C.)","楊O旺","082-326779","","有","有"
"77262614","20090615","20210811","珍發","THE TREASURE SENDS CO.","金門縣金城鎮東門里莒光路一段６３號","No. 63, Sec. 1, Juguang Rd., Dongmen Vil., Jincheng Township, Kinmen County 89347, Taiwan (R.O.C.)","曾O明","082-325581","","有","有"
"77262620","20060807","20210812","三友","THREE-FRIEND CO.","金門縣金城鎮東門里莒光路１段１８號","No. 18, Sec. 1, Juguang Rd., Dongmen Vil., Jincheng Township, Kinmen County 89347, Taiwan (R.O.C.)","洪O錫","082-323727","082-323357","有","有"
"77263395","20060413","20210811","萬榮","WAN-RONG CO.","金門縣金城鎮民生路３２號７樓","7 F., No. 32, Minsheng Rd., Jincheng Township, Kinmen County 89345, Taiwan (R.O.C.)","林O忠","082-325422","082-328555","有","有"
"77263439","20170303","20210812","東正行","THE EAST IS WORKING CO.","金門縣金城鎮南門里民族路253-12號","No. 253-12, Minzu Rd., Nanmen Vil., Jincheng Township, Kinmen County 89345, Taiwan (R.O.C.)","李O柳","082-323390","082-325532","有","有"
"77263466","20070913","20210812","承廉商行","ADMIT DARGAIN STORE","金門縣金城鎮東門里民族路３３–１９號（限於第一層使用）","No. 33-19, Minzu Rd., Dongmen Vil., Jincheng Township, Kinmen County 89345, Taiwan (R.O.C.)","薛O玉燕","082-323727","082-323357","有","有"
"77263629","20060808","20210812","金宏源","JIN HONG YUAN CO.","金門縣金城鎮東門里民族路８９號","No. 89, Minzu Rd., Dongmen Vil., Jincheng Township, Kinmen County 89345, Taiwan (R.O.C.)","許O香","082-326779","082-322787","有","有"
"77263732","20060601","20230919","金南僑","CHIN NAN CHIAO SHANG HANG","金門縣金城鎮東門里民族路133號","No. 133, Minzu Rd., Dongmen Vil., Jincheng Township, Kinmen County 893012, Taiwan (R.O.C.)","楊O甄","082-327575","082-324374","有","有"
"77263769","20060530","20250329","偉宏商店","WEEA HANG COMMERCE STORE","金門縣金城鎮東門里民族路１３３號","No. 133, Minzu Rd., Dongmen Vil., Jincheng Township, Kinmen County 89345, Taiwan (R.O.C.)","藍O萍","082-325168","082-324374","有","有"
"77263796","20090805","20231111","白玉樓商行","BAI YU LOU CO.","金門縣金城鎮東門里環島西路一段83號","No. 83, Sec. 1, Huandao W. Rd., Dongmen Vil., Jincheng Township, Kinmen County 893015, Taiwan (R.O.C.)","楊O琴","082-323727","082-323357","有","有"
"77263917","20090514","20210812","豐茂","ABUNDANT PROFUSE CO.","金門縣金城鎮東門里民族路５８號","No. 58, Minzu Rd., Dongmen Vil., Jincheng Township, Kinmen County 89347, Taiwan (R.O.C.)","楊O貝","082-323727","082-323357","有","有"
"77264084","20051013","20210812","正中行","CHENG MIDDLE COMPANY","金門縣金城鎮南門里民族路２２６號","No. 226, Minzu Rd., Nanmen Vil., Jincheng Township, Kinmen County 89347, Taiwan (R.O.C.)","黃O雲","082-326938","082-2328330","有","有"
"77264177","20140430","20210812","鴻源行","HONGYUAN LINE COMPANY","金門縣金城鎮西門里民權路１１１號","No. 111, Minquan Rd., Ximen Vil., Jincheng Township, Kinmen County 89345, Taiwan (R.O.C.)","盛O贊","082-326666","082-26668","有","有"
"77264248","20050413","20210812","萬泰行","EXUBERANT BUSINESS COMPANY","金門縣金城鎮西門里民權路７０巷８弄９號","No. 9, Aly. 8, Ln. 70, Minquan Rd., Ximen Vil., Jincheng Township, Kinmen County 89345, Taiwan (R.O.C.)","楊O茹","082-325915","082-328705","有","有"
"77264253","20050224","20210812","盛泰行","SPARKY BUSINESS CO.","金門縣金城鎮南門里民權路７０巷８弄９之１號","No. 9-1, Aly. 8, Ln. 70, Minquan Rd., Nanmen Vil., Jincheng Township, Kinmen County 89345, Taiwan (R.O.C.)","林O揚","082-325915","082-328705","有","有"
"77264280","20051206","20210812","華通","HUA TONG CO.","金門縣金城鎮南門里民權路８２號","No. 82, Minquan Rd., Nanmen Vil., Jincheng Township, Kinmen County 89345, Taiwan (R.O.C.)","陳O置","082-329927","082-320487","有","有"
"77264346","20060801","20221216","新華通","SIN HUA TONG CO.","金門縣金城鎮西門里民權路１１０之２號","No. 110-2, Minquan Rd., Ximen Vil., Jincheng Township, Kinmen County 893013, Taiwan (R.O.C.)","陳O民","082-329927","082-320487","無","無"
"77264373","20061120","20250101","德泰商行","DEA TAIE CO.","金門縣金城鎮西門里民權路１３４號","No. 134, Minquan Rd., Ximen Vil., Jincheng Township, Kinmen County 89345, Taiwan (R.O.C.)","梁O君","082-372013","082-311053","有","有"
"77264633","20060413","20210811","天工貢糖廠金城分店","TIAN-GONG PEANUT CANDY COMPANY JINCHENG BRANCH","金門縣金城鎮金水里后豐港42之1號","No. 42-1, Jinshui Vil., Jincheng Township, Kinmen County 893, Taiwan (R.O.C.)","李O翰","082-325186","082-321251","有","有"
"77264747","20090731","20210811","喜年來","PLEASED YEAR OF COME CO.","金門縣金城鎮東門里莒光路一段十三號","No. 13, Sec. 1, Juguang Rd., Dongmen Vil., Jincheng Township, Kinmen County 89347, Taiwan (R.O.C.)","趙O英","0932848250","082-322787","有","有"
"77265106","20070913","20230113","智成","WISE CAPABLE STORE","金門縣金城鎮南門里珠浦南路７４巷８號","No. 8, Ln. 74, Zhupu S. Rd., Nanmen Vil., Jincheng Township, Kinmen County 893011, Taiwan (R.O.C.)","曾O蓮","082-325078","082-323357","有","有"
"77265696","20250401","20250401","瑞時企業社","Ruishi Enterprise Co.","金門縣金寧鄉盤山村頂堡５２–４號","No. 52-4, Dingbao, Jinning Township, Kinmen County 892009, Taiwan (R.O.C.)","蔡O蘴","082320877","","有","有"
"77265990","20060707","20210811","中興貢糖店","ZHONG XING GONG TANG CO.","金門縣金寧鄉后盤村后沙1之3號","No. 1-3, Housha, Jinning Township, Kinmen County 89250, Taiwan (R.O.C.)","許O財","082-323806","082-326188","有","有"
"77266169","20060719","20210811","美佳香","MEI JIA XIANG SHOP","金門縣金寧鄉安美村中堡３５–２號","No. 35-2, Zhongbao, Jinning Township, Kinmen County 89250, Taiwan (R.O.C.)","楊O傑","082-327812","","有","有"
"77266219","20011225","20210812","金豐商店","JIN FANG CO.","金門縣金寧鄉盤山村頂堡１４０號","No. 140, Dingbao, Jinning Township, Kinmen County 89250, Taiwan (R.O.C.)","翁O台","04-23114989","04-23115211","有","有"
"77266479","20060803","20210812","日香食品行","RI XIANG SHI PIN CO.","金門縣金寧鄉古寧村北山７９之３號","No. 79-3, N. Hill, Jinning Township, Kinmen County 89244, Taiwan (R.O.C.)","李O勝","082-326203","082-328512","有","有"
"77267358","20060412","20210812","天王貢糖特產專賣店","TIAN WANG GONG TANG TE CHAN ZHUAN MAI STORE","金門縣金城鎮北門里中興路１８５號","No. 185, Zhongxing Rd., Beimen Vil., Jincheng Township, Kinmen County 89347, Taiwan (R.O.C.)","李O林","082-323727","082-323357","有","有"
"77267815","20090806","20210812","金利滿汽車貨運行","JIN LI MAN TRUCKING CARRIER COMPANY","金門縣金城鎮東門里金山路８８巷３弄１號","No. 1, Aly. 3, Ln. 88, Jinshan Rd., Dongmen Vil., Jincheng Township, Kinmen County 89348, Taiwan (R.O.C.)","林O堅","082-312058","082-312511","有","有"
"77268336","20061205","20210812","大慶","BIG CELEBRATION CO.","金門縣金城鎮西門里珠浦西路９２巷８號（營業場所僅限於第一層樓𦱾","No. 8, Ln. 92, Zhupu W. Rd., Ximen Vil., Jincheng Township, Kinmen County 89344, Taiwan (R.O.C.)","陳O明","082-323727","082-323357","有","有"
"77268413","20061212","20210812","南北和","NAN PEI HE CO.","金門縣金城鎮東門里民族路１１１號","No. 111, Minzu Rd., Dongmen Vil., Jincheng Township, Kinmen County 89345, Taiwan (R.O.C.)","黃O玲","082-325168","082-324374","有","有"
"77268589","20060802","20210811","天順","TIAN-SHUN CO.","金門縣金城鎮賢庵里賢厝卅九之一號","No. 9-1, Xian’an Vil., Jincheng Township, Kinmen County 893, Taiwan (R.O.C.)","盧O緞","082-323717","082-323357","有","有"
"77268700","20090606","20210812","一家人","WHOLE FAMILY CO.","金門縣金寧鄉安美村安岐七十一號","No. 71, Anqi, Jinning Township, Kinmen County 89244, Taiwan (R.O.C.)","周O明","0932848250","","有","有"
"77268835","20061207","20210812","西北","WEST NORTH CO.","金門縣金城鎮西門里富康一村一巷一號","No. 1, Ln. 1, Fukang 1st Vil., Ximen Vil., Jincheng Township, Kinmen County 89350, Taiwan (R.O.C.)","翁O霞","082-323727","082-323357","有","有"
"77268906","20071220","20210811","聖祖貢糖店金城分店","SHENG ZU GONG TANG SHOP JIN CHENG BRANCH","金門縣金城鎮北門里中興路八十八號","No. 88, Zhongxing Rd., Beimen Vil., Jincheng Township, Kinmen County 89347, Taiwan (R.O.C.)","蔡O裕","082-326997","082-322700","有","有"
"77269145","20011225","20210812","新聯源","SHAN LIAN YUAN CO.","金門縣金城鎮東門里菜市場三十五號","No. 35, Dongmen Vil., Jincheng Township, Kinmen County 893, Taiwan (R.O.C.)","陳O選","04-23114989","04-23115211","有","有"
"77269497","20061211","20210812","錫強商店","SHYI CHYANG SHOP","金門縣金寧鄉安美村東堡二０號","No. 20, Dongbao, Jinning Township, Kinmen County 89250, Taiwan (R.O.C.)","楊O強","082-336068","082-336269","有","有"
"77269840","20021230","20210812","大慶鋁門窗玻璃加工廠","DAH CHINQ FACTORY","金門縣金寧鄉后盤村環島北路二段600之3號","No. 600-3, Sec. 2, Huandao N. Rd., Jinning Township, Kinmen County 89250, Taiwan (R.O.C.)","黃O湖","082-322990","082-372705","有","有"
"77270086","20060530","20210812","群祥商行","CHEUN HSEEANG COMMERCE STORE","金門縣金城鎮南門里民族路一三一號","No. 131, Minzu Rd., Nanmen Vil., Jincheng Township, Kinmen County 89345, Taiwan (R.O.C.)","蕭O水","082-325168","082-324374","有","有"
"77270419","20060802","20210812","六大","LIU-DA CO.","金門縣金城鎮西門里珠浦西路五十巷五弄四號","No. 4, Aly. 5, Ln. 50, Zhupu W. Rd., Ximen Vil., Jincheng Township, Kinmen County 89344, Taiwan (R.O.C.)","盧O緞","082-323327","082-323357","有","有"
"77270608","20060918","20210812","凱國商行","KAI GUO STORE","金門縣金城鎮南門里民族路三一二號","No. 312, Minzu Rd., Nanmen Vil., Jincheng Township, Kinmen County 89347, Taiwan (R.O.C.)","蕭O水","082-329070","082-324374","有","有"
"77271769","20060802","20210811","金協進","JINXIEJIN CO.","金門縣金城鎮南門里民族路２３４號","No. 234, Minzu Rd., Nanmen Vil., Jincheng Township, Kinmen County 89347, Taiwan (R.O.C.)","許O昇","082-323727","082-323357","有","有"
"77271796","20061211","20210811","捷安商行","ACTIVITY SECURE CO.","金門縣金城鎮南門里莒光路１段３號","No. 3, Sec. 1, Juguang Rd., Nanmen Vil., Jincheng Township, Kinmen County 89347, Taiwan (R.O.C.)","吳O銘","082-323727","082-323357","有","有"
"77271825","20061212","20210812","三商分店","THREE BUSINESS BRANCH CO.","金門縣金城鎮東門里民族路９３巷６弄１４號","No. 14, Aly. 6, Ln. 93, Minzu Rd., Dongmen Vil., Jincheng Township, Kinmen County 89345, Taiwan (R.O.C.)","歐O麗棉","082-323727","082-323357","有","有"
"77271851","20061212","20210812","三瑞特產","THREE AUSPICIOUS SPECIALTY CO.","金門縣金城鎮東門里環島北路38巷1弄5號","No. 5, Aly. 1, Ln. 38, Huandao N. Rd., Dongmen Vil., Jincheng Township, Kinmen County 89350, Taiwan (R.O.C.)","歐O麗棉","082-323727","082-323357","有","有"
"77271867","20061212","20210812","三悅特產","THREE CHARMINGLY SPECIALTY CO.","金門縣金城鎮東門里民族路６５巷７號","No. 7, Ln. 65, Minzu Rd., Dongmen Vil., Jincheng Township, Kinmen County 89345, Taiwan (R.O.C.)","歐O麗棉","082-323727","082-323357","有","有"
"77271992","20061206","20210811","賓美商行","GOOD BINMEN IMPORT COMPANY","金門縣金城鎮南門里民權路６２號","No. 62, Minquan Rd., Nanmen Vil., Jincheng Township, Kinmen County 89345, Taiwan (R.O.C.)","洪O美","082-327010","082-329973","有","有"
"77272009","20061205","20240827","竹香商店","ZHUXIANG STORE","金門縣金城鎮北門里中興路１６１巷３０號１樓","1 F., No. 30, Ln. 161, Zhongxing Rd., Beimen Vil., Jincheng Township, Kinmen County 89347, Taiwan (R.O.C.)","李O","082-323727","082-323357","有","有"
"77272346","20060411","20250103","豐益商行","FARM CEREAL IMPORT COMPANY","金門縣金寧鄉湖埔村慈湖路一段2巷1弄30之1號","No. 30-1, Aly. 1, 2nd Ln., Sec. 1,  Cihu Rd., Hupu Vil., Jinning Township,  Kinmen County 892018, Taiwan (R.O.C.)","洪O璋","082-325410","082-329973","有","有"
"77272970","20060801","20210812","達權","DA CYUAN CO.","金門縣金城鎮西門里民權路１１１之２號（限建築物第壹層使用）","No. 111-2, Minquan Rd., Ximen Vil., Jincheng Township, Kinmen County 89345, Taiwan (R.O.C.)","許O梅","082-329927","082-320487","有","有"
"77273149","20060802","20210811","達釣行","DA JUN XING CO.","金門縣金城鎮西門里光前路８６之１號","No. 86-1, Guangqian Rd., Ximen Vil., Jincheng Township, Kinmen County 89347, Taiwan (R.O.C.)","陳O民","082-323727","082-323351","無","無"
"77273318","20061215","20220812","順仁商店","SUN-ZEN CO.","金門縣金城鎮賢庵里古區十二之一號一樓（僅限第一樓使用）","1 F., No. 12-1, Guqu, Xian’an Vil., Jincheng Township, Kinmen County 893015, Taiwan (R.O.C.)","陳O群","082-325201","082-327966","有","有"
"77273561","20011225","20210811","新新益商店","JHEN SHEN YIN CO.","金門縣金城鎮東門里菜巿場１９號（僅限於建築物第一層使用）","No. 19, Dongmen Vil., Jincheng Township, Kinmen County 893, Taiwan (R.O.C.)","盧O明","04-23114989","04-23115211","有","有"
"77273675","20061208","20210811","雲華商店","NEPHO FLOURISHING STORE","金門縣金寧鄉榜林村后湖２０之１號（僅限於建築物第一層使用）","No. 20-1, Banglin, Jinning Township, Kinmen County 89248, Taiwan (R.O.C.)","何O卿","082-323727","082-323357","無","無"
"77273719","20061207","20210812","新泉水","XIN QUAN SHUI CO.","金門縣金城鎮西門里民權路１２７號","No. 127, Minquan Rd., Ximen Vil., Jincheng Township, Kinmen County 89345, Taiwan (R.O.C.)","王O蘭","082-323727","082-323357","有","有"
"77273794","20070913","20210811","華山商店","BARONIAL MOUNTAIN STORE","金門縣金城鎮北門里珠浦北路５巷１號（僅限於建築物第一層使用）","No. 1, Ln. 5, Zhupu N. Rd., Beimen Vil., Jincheng Township, Kinmen County 89347, Taiwan (R.O.C.)","莊O華","082-323727","082-323357","有","有"
"77274105","20060918","20210812","保金商店","BAU CHIN STORE","金門縣金城鎮東門里民族路９３巷５弄３１號（限建築物第一層使用）","No. 31, Aly. 5, Ln. 93, Minzu Rd., Dongmen Vil., Jincheng Township, Kinmen County 89345, Taiwan (R.O.C.)","楊O致","082-321122","082-324374","有","有"
"77274576","20061207","20210811","上嘉","VERTICAL FINE STORE","金門縣金城鎮西門里莒光路１６３巷９號（僅限於建築物第一層使用）","No. 9, Ln. 163, Juguang Rd., Ximen Vil., Jincheng Township, Kinmen County 89347, Taiwan (R.O.C.)","鄭O豪","082-323727","082-323357","有","有"
"77274652","20090805","20210812","捷利","VICTORY BENEFIT CO.","金門縣金寧鄉安美村西堡１８之１號（限於建築物第一層使用）","No. 18-1, Xibao, Jinning Township, Kinmen County 89250, Taiwan (R.O.C.)","辛O燕","082-323727","082-323357","有","有"
"77274668","20060529","20210812","金偉宏","CHEN WEA HANG","金門縣金城鎮賢庵里夏墅１０號（僅限於建築物第一層使用）","No. 10, Xiashu, Xian’an Vil., Jincheng Township, Kinmen County 89346, Taiwan (R.O.C.)","蕭O宏","082-325168","082-324374","有","有"
"77275202","20060803","20210812","東益雜貨店","DONGYI SUNDRIES STORE","金門縣金寧鄉榜林村東洲１７號（僅限於建築物第一層使用）","No. 17, Banglin, Jinning Township, Kinmen County 89248, Taiwan (R.O.C.)","葉O明","082-323727","082-323357","無","無"
"77275224","20061214","20210812","上醇商店","SHANG SPIRIT CO.","金門縣金城鎮南門里珠浦南路４４巷１２弄６號（僅限於第一層使用）","No. 6, Aly. 12, Ln. 44, Zhupu S. Rd., Nanmen Vil., Jincheng Township, Kinmen County 89347, Taiwan (R.O.C.)","翁O回","082-324992","082-320588","無","無"
"77276201","20011224","20210811","竹宏商店","JWU HORNG CO.","金門縣金城鎮東門里民族路９３巷５弄３９號","No. 39, Aly. 5, Ln. 93, Minzu Rd., Dongmen Vil., Jincheng Township, Kinmen County 89345, Taiwan (R.O.C.)","林O暵","04-23125810","04-23121005","有","有"
"77276568","20061205","20210812","中庸商店","ZHONG YONG STORE","金門縣金城鎮西門里光前路９１號","No. 91, Guangqian Rd., Ximen Vil., Jincheng Township, Kinmen County 89345, Taiwan (R.O.C.)","陳O菊","082-323727","082-323357","無","無"
"77276722","20060918","20210811","橋宏商店","CIAO HONG STORE","金門縣金城鎮東門里民族路９３巷５弄２９之１號（限第一層使用）","No. 29-1, Aly. 5, Ln. 93, Minzu Rd., Dongmen Vil., Jincheng Township, Kinmen County 89345, Taiwan (R.O.C.)","陳O金","082-326333","082-324374","有","有"
"77276906","20061208","20210812","揚立","YANG LIH CO.","金門縣金城鎮西門里中興路１７３巷６之１號（限建築物第一層使用）","No. 6-1, Ln. 173, Zhongxing Rd., Ximen Vil., Jincheng Township, Kinmen County 89347, Taiwan (R.O.C.)","李O賢","082-324793","082-322758","有","有"
"77277010","20090629","20210812","頂好西點麵包店","EXCELLENT WESTERN-STYLE PASTRY BAKERY CO.","金門縣金城鎮南門里中興路１１５號（僅限建築物第一層使用）","No. 115, Zhongxing Rd., Nanmen Vil., Jincheng Township, Kinmen County 89347, Taiwan (R.O.C.)","張O華","0910976864","","有","有"
"77277074","20090514","20210812","玉貞商店","JADE REAL STORE","金門縣金城鎮東門里民族路１６５號（僅限於建築物第一層使用）","No. 165, Minzu Rd., Dongmen Vil., Jincheng Township, Kinmen County 89345, Taiwan (R.O.C.)","蔡O貞","082323727","082323357","有","有"
"77277270","20170630","20210812","富鄉","FU SIANG CO.","金門縣金寧鄉湖埔村湖下３３號","No. 33, Huxia, Jinning Township, Kinmen County 89244, Taiwan (R.O.C.)","楊O堆","082-324613","082-327382","有","有"
"77278448","20060802","20210812","楊加","YANG-JIA CO.","金門縣金城鎮東門里民族路２６８號（限建築物第一層使用）","No. 268, Minzu Rd., Dongmen Vil., Jincheng Township, Kinmen County 89347, Taiwan (R.O.C.)","吳O月","082-323727","082-323357","有","有"
"77278685","20061207","20210812","桂格商店","GUIGE STORE","金門縣金寧鄉榜林村后湖２０之２號（限建築物第一層使用）","No. 20-2, Banglin, Jinning Township, Kinmen County 89248, Taiwan (R.O.C.)","何O卿","082-323727","082-323357","無","無"
"77280042","20061205","20210811","穎文商店","SHADOW PLUM STORE","金門縣金城鎮西門里珠浦西路５０巷１弄５號（限建築物第一層使用）","No. 5, Aly. 1, Ln. 50, Zhupu W. Rd., Ximen Vil., Jincheng Township, Kinmen County 89344, Taiwan (R.O.C.)","黃O雄","082-323727","082-323357","有","有"
"77282169","20060803","20210812","益文商店","BENEFIT-TEXT CO.","金門縣金城鎮東門里浯江北堤路６８號（限建築物第一層使用）","No. 68, Wujiangbeiti Rd., Dongmen Vil., Jincheng Township, Kinmen County 89345, Taiwan (R.O.C.)","許O銘","082-323727","082-323357","有","有"
"77283202","20180904","20240914","捷登行","JAY DENG CO.","金門縣金湖鎮伯玉路三段271號","No. 271, Sec. 3, Boyu Rd., Jinhu Township, Kinmen County 891010, Taiwan (R.O.C.)","許O楹","09-39733275","082-336223","有","有"
"77283358","20061212","20210812","先探商店","HSIEN TAN CO.","金門縣金城鎮西門里莒光路163巷6之1號","No. 6-1, Ln. 163, Juguang Rd., Ximen Vil., Jincheng Township, Kinmen County 89347, Taiwan (R.O.C.)","楊O芬","082-325168","082-324374","有","有"
"77283370","20080812","20210811","金門青草行","JINMEN GREEN GRASS LINE CO.","金門縣金湖鎮新湖里信義新村１６號","No. 16, Xinyixincun, Xinhu Vil., Jinhu Township, Kinmen County 89141, Taiwan (R.O.C.)","洪O英","082-323311","082-333723","有","有"
"77284434","20061207","20250416","家園","FAMILY SCOPE CO.","金門縣金寧鄉安美村中堡２６之３號（限建築物第一層使用）","No. 26-3, Zhongbao, Jinning Township, Kinmen County 89250, Taiwan (R.O.C.)","楊O玲","082-323727","082-323357","有","有"
"77286377","20060802","20210812","全智商店","QUAN-ZHI STORE","金門縣金城鎮東門里東門菜巿場２６號（限建築物第一層使用）","No. 26, Dongmen Vil., Jincheng Township, Kinmen County 893, Taiwan (R.O.C.)","洪O錫","082-323727","082-323357","有","有"
"77289120","20061205","20210811","白水","BAI SHUI CO.","金門縣金寧鄉盤山村前厝１６號（限建築物第一層使用）","No. 16, Qiancuo, Jinning Township, Kinmen County 89250, Taiwan (R.O.C.)","翁O毓","082-323727","082-323357","有","有"
"77289183","20060803","20210812","芬記","FENJI CO.","金門縣金城鎮西門里金城新莊２巷４號（限建築物第一層使用）","No. 4, Ln. 2, Jincheng Xinzhuang, Ximen Vil., Jincheng Township, Kinmen County 89350, Taiwan (R.O.C.)","王O芬","082-323727","082-323357","有","有"
"77289607","20090629","20210812","德凱商行","GERMAN TRIUMPHANT CO.","金門縣金城鎮古城里舊金城８號（限建築物第一層使用）","No. 8, Gucheng Vil., Jincheng Township, Kinmen County 893, Taiwan (R.O.C.)","李O志","0932848250","082-322787","有","有"
"77290436","20061207","20210812","盧尾什貨店","LU WEI SUNDY GOODS STORE","金門縣金城鎮古城里舊金城１４６號（限建築物第一層使用）","No. 146, Gucheng Vil., Jincheng Township, Kinmen County 893, Taiwan (R.O.C.)","葉O水","082-323727","082-323357","無","無"
"77291081","20061205","20210812","新友商店","XIN YOU STORE","金門縣金城鎮北門里金城新莊５巷２號（限建築物第一層使用）","No. 2, Ln. 5, Jincheng Xinzhuang, Beimen Vil., Jincheng Township, Kinmen County 89350, Taiwan (R.O.C.)","何O卿","082-323727","082-323357","有","有"
"77293187","20061205","20210812","天王中堡分店","TIAN WANG ZHONG BAO STORE","金門縣金寧鄉安美村中堡２７之２號（限建築物第一層使用）","No. 27-2, Zhongbao, Jinning Township, Kinmen County 89250, Taiwan (R.O.C.)","孫O芳","082-323727","082-323357","有","有"
"77294931","20060803","20210812","東晴商店","EAST-SUN STORE CO.","金門縣金寧鄉榜林村東洲１７之１號（限建築物第一層使用）","No. 17-1, Banglin, Jinning Township, Kinmen County 89248, Taiwan (R.O.C.)","葉O明","082-323727","082-323357","無","無"
"77295299","20071220","20210812","景承商行","JING CHENG SHANG HANG","金門縣金湖鎮新市里菜巿場１１號","No. 11, Market, Xinshi Vil., Jinhu Township, Kinmen County 89142, Taiwan (R.O.C.)","蔡O金","082-333372","082-335372","有","有"
"77295431","20020912","20210812","新北一商行","NEW BE I CO.","金門縣金湖鎮新市里菜市場２６號","No. 26, Market, Xinshi Vil., Jinhu Township, Kinmen County 89142, Taiwan (R.O.C.)","王O惠","04-761-2211","04-761-9641","有","有"
"77295565","20060803","20210811","金工","JIN GONG CO.","金門縣金湖鎮新市里中正路５２號","No. 52, Zhongzheng Rd., Xinshi Vil., Jinhu Township, Kinmen County 89142, Taiwan (R.O.C.)","梁O美真","082-332070","","有","有"
"77295707","20060502","20210812","金美貢糖廠","KIN MEI CANDY FACTORY","金門縣金湖鎮新市里復興路５２號","No. 52, Fuxing Rd., Xinshi Vil., Jinhu Township, Kinmen County 89148, Taiwan (R.O.C.)","楊O媛","082-332264","082-336269","有","有"
"77295755","20061005","20210811","巴布小館","BA BU YI COFFEE SHOP","金門縣金湖鎮新市里復興路９２號","No. 92, Fuxing Rd., Xinshi Vil., Jinhu Township, Kinmen County 89148, Taiwan (R.O.C.)","陳O漢","082-332218","082-332462","有","有"
"77295853","20140714","20210812","北一商行","NORTH FIRST FIRM","金門縣金湖鎮新市里自強路3號","No. 3, Ziqiang Rd., Xinshi Vil., Jinhu Township, Kinmen County 89142, Taiwan (R.O.C.)","李O","082-333023","082-331733","無","無"
"77295973","20060511","20210811","靚雅商店","KING FU MEI SHOP HSIN CITY BRANCH","金門縣金湖鎮新市里復興路１２號（限建築物第一層使用）","No. 12, Fuxing Rd., Xinshi Vil., Jinhu Township, Kinmen County 89148, Taiwan (R.O.C.)","陳O惠","082-335057","082-332423","有","有"
"77296121","20060801","20230629","桂夫人貢糖店","TIAN-GONG CO. JINHU BRANCH","金門縣金湖鎮新湖里湖前2之6號2樓","2 F., No. 2-6, Huqian, Xinhu Vil., Jinhu Township, Kinmen County 891001, Taiwan (R.O.C.)","王O珠","082-323727","082-323357","有","有"
"77296190","20060412","20210812","長記","CHANG JII CO.","金門縣金湖鎮新市里自強路１３號","No. 13, Ziqiang Rd., Xinshi Vil., Jinhu Township, Kinmen County 89142, Taiwan (R.O.C.)","黃O治","082-333007","082-333007","有","有"
"77296282","20071226","20210812","金福裕商行","JEN FUE YUE HANG","金門縣金湖鎮新市里林森路３５號１樓","1 F., No. 35, Linsen Rd., Xinshi Vil., Jinhu Township, Kinmen County 89142, Taiwan (R.O.C.)","蔡O明","082-333372","082-335372","有","有"
"77296298","20060731","20210811","新景承商行","SIN JING CHENG SHANG HANG","金門縣金湖鎮新市里武德新莊自強路２０號","No. 20, Ziqiang Rd., Wudexinzhuang, Xinshi Vil., Jinhu Township, Kinmen County 89142, Taiwan (R.O.C.)","蔡O癸","082-333372","082-335372","有","有"
"77296332","20060728","20210812","太祖貢糖店","TAI ZU GONG TANG SHOP","金門縣金湖鎮新市里復興路４６號","No. 46, Fuxing Rd., Xinshi Vil., Jinhu Township, Kinmen County 89148, Taiwan (R.O.C.)","蔡O裕","082-323456","082-320588","有","有"
"77296451","20230616","20230616","今日粧業生活館","Amin Brothers Incense Firm","金門縣金湖鎮新市里復興路３５號","No. 35, Fuxing Rd., Xinshi Vil., Jinhu Township, Kinmen County 891002, Taiwan (R.O.C.)","陳O如","082-332825","","有","有"
"77296494","20220523","20220523","國際商店","Kinmen KUO-CHI Co.","金門縣金湖鎮新市里復興路９３號","No. 93, Fuxing Rd., Xinshi Vil., Jinhu Township, Kinmen County 89148, Taiwan (R.O.C.)","蔡O汶","082-332387","","有","有"
"77296733","20080930","20210812","瑞泰行","RUEI TAI HANG","金門縣金湖鎮新市里復興路８９號","No. 89, Fuxing Rd., Xinshi Vil., Jinhu Township, Kinmen County 89148, Taiwan (R.O.C.)","林O明黎","082-332049","082-335277","有","有"
"77297297","20060814","20221015","一來順食品","YILAISHUN TRIBUTE CO.","金門縣金湖鎮新湖里塔后１３之３號","No. 13-3, Tahou, Xinhu Vil., Jinhu Township, Kinmen County 891004, Taiwan (R.O.C.)","陳O嵐","082-316265","082-321876","有","有"
"77297873","20061205","20210811","峰林金酒特產行","FENGZI LIN CO.","金門縣金湖鎮新市里中正路４８號","No. 48, Zhongzheng Rd., Xinshi Vil., Jinhu Township, Kinmen County 89142, Taiwan (R.O.C.)","許O民","082-323727","082-323357","有","有"
"77297901","20061213","20250321","金益發商店","JIN YI FA  BING GUO CO.","金門縣金湖鎮新市里中正路８６號","No. 86, Zhongzheng Rd., Xinshi Vil., Jinhu Township, Kinmen County 89142, Taiwan (R.O.C.)","呂O嫻","082-336199","082-336867","有","有"
"77298839","20060801","20210812","永美西服號","YONG-MEI LOUNGE SUITE CO.","金門縣金湖鎮新市里復興路１２８號","No. 128, Fuxing Rd., Xinshi Vil., Jinhu Township, Kinmen County 89148, Taiwan (R.O.C.)","廖O梅","082-323727","082-323357","有","有"
"77299197","20011224","20210812","池記","CHY JIH CO.","金門縣金湖鎮新市里菜巿場６３號","No. 63, Market, Xinshi Vil., Jinhu Township, Kinmen County 89142, Taiwan (R.O.C.)","蔡O地","04-23114989","04-23115211","有","有"
"77299226","20011224","20210812","大興","DAN YIH CO.","金門縣金湖鎮新市里菜巿場６０號","No. 60, Market, Xinshi Vil., Jinhu Township, Kinmen County 89142, Taiwan (R.O.C.)","張O華","04-23114989","04-23115211","無","無"
"77299231","20011224","20241127","岐光","CHYI GUANG CO.","金門縣金湖鎮新市里菜巿場３６號","No. 36, Market, Xinshi Vil., Jinhu Township, Kinmen County 89142, Taiwan (R.O.C.)","蔡O忠","04-23114989","04-23115211","有","有"
"77299247","20011224","20210812","金合盛","HIN HER SHENG CO.","金門縣金湖鎮新市里菜巿場６４號","No. 64, Market, Xinshi Vil., Jinhu Township, Kinmen County 89142, Taiwan (R.O.C.)","蔡O中","04-23114989","04-23115211","有","有"
"77299268","20011224","20210812","榮發","LON FA CO.","金門縣金湖鎮新市里菜市場七十七號","No. 77, Market, Xinshi Vil., Jinhu Township, Kinmen County 89142, Taiwan (R.O.C.)","林O華","04-23114989","04-23115211","有","有"
"77299274","20011225","20210812","新生","SIN SON CO.","金門縣金湖鎮新市里菜巿場７２號","No. 72, Market, Xinshi Vil., Jinhu Township, Kinmen County 89142, Taiwan (R.O.C.)","蔡O雲","04-23114989","04-23115211","有","有"
"77299289","20011224","20210812","合益","YOYI SING CO.","金門縣金湖鎮新市里菜巿場７８號","No. 78, Market, Xinshi Vil., Jinhu Township, Kinmen County 89142, Taiwan (R.O.C.)","蕭O財","04-23114989","04-23115211","有","有"
"77299295","20011225","20210811","鎮平","JENN PYNG CO.","金門縣金湖鎮新市里菜巿場７０號","No. 70, Market, Xinshi Vil., Jinhu Township, Kinmen County 89142, Taiwan (R.O.C.)","李O蕑","04-23114989","04-23115211","有","有"
"77299302","20011224","20241010","南光","NAN GUANG CO.","金門縣金湖鎮新市里菜巿場６６號","No. 66, Market, Xinshi Vil., Jinhu Township, Kinmen County 89142, Taiwan (R.O.C.)","李O欣","04-23114989","04-23115211","有","有"
"77299324","20011224","20210812","新營利","SHEN YNG LIH CO.","金門縣金湖鎮新市里菜巿場６１號","No. 61, Market, Xinshi Vil., Jinhu Township, Kinmen County 89142, Taiwan (R.O.C.)","曾O珠","04-23114989","04-23115211","有","有"
"77299339","20011224","20210812","誠昌","CEE CHANG CO.","金門縣金湖鎮新市里菜巿場５８號","No. 58, Market, Xinshi Vil., Jinhu Township, Kinmen County 89142, Taiwan (R.O.C.)","李O昌","04-23114989","04-23115211","有","有"
"77299350","20011224","20210812","泰光","TIE QUEEN CO.","金門縣金湖鎮新市里菜巿場６９號（限建築物第壹層使用）","No. 69, Market, Xinshi Vil., Jinhu Township, Kinmen County 89142, Taiwan (R.O.C.)","陳O蘭","04-23114989","04-23115211","有","有"
"77299366","20011225","20220127","滄記","TSANG JIN CO.","金門縣金湖鎮新市里菜巿場７５號","No. 75, Market, Xinshi Vil., Jinhu Township, Kinmen County 89142, Taiwan (R.O.C.)","莊O意","04-23114989","04-23115211","有","有"
"77299393","20011224","20241010","泉順","CHYUAN SHUEN CO.","金門縣金湖鎮新市里菜巿場６５號","No. 65, Market, Xinshi Vil., Jinhu Township, Kinmen County 89142, Taiwan (R.O.C.)","張O宸","04-23114989","04-23115211","有","有"
"77299416","20011225","20210812","大榮","DAN RONG CO.","金門縣金湖鎮新市里菜巿場３１號","No. 31, Market, Xinshi Vil., Jinhu Township, Kinmen County 89142, Taiwan (R.O.C.)","陳O雨","04-23114989","04-23115211","有","有"
"77299422","20011224","20240724","岐興","CHYI YIH CO.","金門縣金湖鎮新市里菜巿場３３號","No. 33, Market, Xinshi Vil., Jinhu Township, Kinmen County 89142, Taiwan (R.O.C.)","周O平","04-23114989","04-23115211","有","有"
"77299464","20011224","20210811","晉光","JIN GUANG CO.","金門縣金湖鎮新市里菜巿場３０號","No. 30, Market, Xinshi Vil., Jinhu Township, Kinmen County 89142, Taiwan (R.O.C.)","葉O華","04-23114989","04-23115211","有","有"
"77299886","20070718","20210811","寶城商店","MAUSOLEUM WALL STORE","金門縣金湖鎮新湖里太湖路3段9號","No. 9, Sec. 3, Taihu Rd., Xinhu Vil., Jinhu Township, Kinmen County 89141, Taiwan (R.O.C.)","王O娟","082-333515","","有","有"
"77300666","20060511","20210811","金福美貢糖店","KING FU MEI SHOP","金門縣金湖鎮山外里下莊中興路４９號","No. 49, Xiazhuangzhongxing Rd., Shanwai Vil., Jinhu Township, Kinmen County 89142, Taiwan (R.O.C.)","吳O秀","082-333345","082-332423","無","無"
"77302741","20061206","20210812","金昇","JIN SHENG ROYAL CANDIES CO.","金門縣金湖鎮瓊林里瓊林１６４號","No. 164, Qionglin, Qionglin Vil., Jinhu Township, Kinmen County 89150, Taiwan (R.O.C.)","陳O旺","082-332439","082-337889","有","有"
"77303734","20011224","20210812","珍榮","JEN RONG CO.","金門縣金湖鎮山外里黃海路73號","No. 73, Huanghai Rd., Shanwai Vil., Jinhu Township, Kinmen County 89143, Taiwan (R.O.C.)","田O蓮","04-23114989","04-23115211","有","有"
"77304305","20111110","20210812","安興海產行","AN XING HAI PRODUCTION CO.","金門縣金湖鎮新湖里塔后四十七之五號","No. 47-5, Tahou, Xinhu Vil., Jinhu Township, Kinmen County 89141, Taiwan (R.O.C.)","陳O珍","082-335382","","有","有"
"77304635","20060525","20240424","泰發食品行","TEI FAR FOOD STORE","金門縣金湖鎮山外里黃海路97號","No. 97, Huanghai Rd., Shanwai Vil., Jinhu Township, Kinmen County 891005, Taiwan (R.O.C.)","李O發","082-331446","082-334625","有","有"
"77305064","20060803","20210812","芳賓商行","FANGBIN CO.","金門縣金湖鎮正義里成功９２號","No. 92, Chenggong, Zhengyi Vil., Jinhu Township, Kinmen County 89148, Taiwan (R.O.C.)","陳O能治","082-323727","082-323357","有","有"
"77305135","20060524","20210811","雨宙商行","YEU JOW SHONG HANG","金門縣金湖鎮山外里黃海路九十七號","No. 97, Huanghai Rd., Shanwai Vil., Jinhu Township, Kinmen County 89143, Taiwan (R.O.C.)","李O發","082-333648","082-334625","有","有"
"77305466","20030728","20220722","瑜茂金屬建材行","YU-MAW METAL BUILDING HARNG","金門縣金寧鄉湖埔村頂埔下133號","No. 133, Dingpuxia, Jinning Township, Kinmen County 892014, Taiwan (R.O.C.)","王O駖","082-328341","082-328171","有","有"
"77305607","20070913","20210812","天下貢糖山外分店","SKY BELOW STORE","金門縣金湖鎮新市里自強路十七號","No. 17, Ziqiang Rd., Xinshi Vil., Jinhu Township, Kinmen County 89142, Taiwan (R.O.C.)","李O泰","082-323727","082-323357","有","有"
"77307611","20061212","20231230","億隆商店","YIE LONG STORE","金門縣金湖鎮山外里建華１８號（僅限於建築物第一層使用）","No. 18, Jianhua, Shanwai Vil., Jinhu Township, Kinmen County 89141, Taiwan (R.O.C.)","洪O昇","082-325992","082-326960","有","有"
"77307767","20060717","20210812","金門一條根青草行","CHINMEN YI TIAO GEN QING CAO CO.","金門縣金城鎮東門里模範街２９號","No. 29, Mofan St., Dongmen Vil., Jincheng Township, Kinmen County 89347, Taiwan (R.O.C.)","洪O英","082-333311","082-333733","有","有"
"77308098","20061205","20210812","健美商店","STRONGLY BUILT STORE","金門縣金湖鎮瓊林里小徑４２號（僅限於建築物第一層使用）","No. 42, Xiaojing, Qionglin Vil., Jinhu Township, Kinmen County 89148, Taiwan (R.O.C.)","王O緣","082-323727","082-323357","無","無"
"77308148","20060728","20210812","上古厝麵線信義分店","SHANG GU CU MIAN XIAN CO. XIN YI BRANCH","金門縣金湖鎮新湖里信義新村８５號（僅限建築物第一層使用）","No. 85, Xinyixincun, Xinhu Vil., Jinhu Township, Kinmen County 89141, Taiwan (R.O.C.)","葉O湖","082-323456","082-320588","有","有"
"77309499","20051115","20210812","美達商店","MAY DA STORE","金門縣金湖鎮料羅里料羅９１號（僅限於建築物第一層使用）","No. 91, Liaoluo, Liaoluo Vil., Jinhu Township, Kinmen County 89141, Taiwan (R.O.C.)","吳O欽","082-331157","082-335924","有","有"
"77311592","20011225","20210812","南僑","NAN CHGAU CO.","金門縣金湖鎮新市里菜巿場５５號","No. 55, Market, Xinshi Vil., Jinhu Township, Kinmen County 89142, Taiwan (R.O.C.)","曾O珠","04-23114989","04-23115211","有","有"
"77312749","20061205","20210811","梅芳商店","PLUM BOUQUET STORE","金門縣金湖鎮料羅里料羅７７之１號（限建築物第一層使用）","No. 77-1, Liaoluo, Liaoluo Vil., Jinhu Township, Kinmen County 89141, Taiwan (R.O.C.)","吳O福","082-323727","082-323357","有","有"
"77312781","20060814","20210812","琇珠商店","HSIU CHU SHOP","金門縣金湖鎮新湖里漁村５３號（限建築物第一層使用）","No. 53, Yucun, Xinhu Vil., Jinhu Township, Kinmen County 89141, Taiwan (R.O.C.)","楊O強","082-336068","082-336269","有","有"
"77314079","20090519","20210812","立德","LEE MORALS CO.","金門縣金湖鎮新市里武德新莊３５號（限建築物第一層使用）","No. 35, Wude Xinzhuang, Xinshi Vil., Jinhu Township, Kinmen County 89141, Taiwan (R.O.C.)","陳O仙","082-322961","082-322505","有","有"
"77314084","20090515","20210812","根鑫","GEN XIN CO.","金門縣金湖鎮新市里武德新莊９０號（限建築物第一層使用）","No. 90, Wude Xinzhuang, Xinshi Vil., Jinhu Township, Kinmen County 89141, Taiwan (R.O.C.)","陳O仙","082-326235","082-311503","有","有"
"77314129","20090515","20210812","濤石商店","TAO SHI STORE","金門縣金湖鎮新市里武德新莊５３號","No. 53, Wude Xinzhuang, Xinshi Vil., Jinhu Township, Kinmen County 89141, Taiwan (R.O.C.)","陳O平","082-323727","082-323357","有","有"
"77315886","20061213","20210812","山和商店","SIN HAN STORE","金門縣金湖鎮山外里山外２１之１號（限建築物第一層使用）","No. 21-1, Shanwai, Shanwai Vil., Jinhu Township, Kinmen County 89141, Taiwan (R.O.C.)","黃O和","082-332218","082-332462","有","有"
"77316034","20061205","20210812","楹德商店","CAMP VIRTUOUS STORE","金門縣金湖鎮正義里成功２０號（限建築物第一層使用）","No. 20, Chenggong, Zhengyi Vil., Jinhu Township, Kinmen County 89148, Taiwan (R.O.C.)","陳O生","082-323727","082-323357","無","無"
"77316040","20061205","20241115","楹倫商店","CAMP ETHICS STORE","金門縣金湖鎮正義里成功８１之４號（限建築物第一層使用）","No. 81-4, Chenggong, Zhengyi Vil., Jinhu Township, Kinmen County 89148, Taiwan (R.O.C.)","陳O德","082-323727","082-323357","有","有"
"77317414","20061205","20231125","花香商店","FLOWER FRAGRANCE STORE","金門縣金湖鎮山外里山外８５號（限建築物第壹層使用）","No. 85, Shanwai, Shanwai Vil., Jinhu Township, Kinmen County 89141, Taiwan (R.O.C.)","陳O端","082-323727","082-323357","有","有"
"77317792","20061205","20210812","健璿商店","JIAN XUAN STORE","金門縣金湖鎮瓊林里小徑４１號（限建築物第壹層使用）","No. 41, Xiaojing, Qionglin Vil., Jinhu Township, Kinmen County 89148, Taiwan (R.O.C.)","王O緣","082-323727","082-323357","無","無"
"77320109","20021004","20210812","合美商店","HE MEI CO.","金門縣金沙鎮汶沙里復興路２４號","No. 24, Fuxing St., Wensha Vil., Jinsha Township, Kinmen County 89049, Taiwan (R.O.C.)","呂O玉","04-23253645","04-23274077","有","有"
"77320277","20090603","20210812","和美","HU-MEI CO.","金門縣金沙鎮汶沙里博愛街５３號","No. 53, Bo’ai St., Wensha Vil., Jinsha Township, Kinmen County 89049, Taiwan (R.O.C.)","陳O安","082-351130","","有","有"
"77320305","20090515","20210811","珊豐商店","CORAL ABUNDANT STORE","金門縣金沙鎮汶沙里三民路１２號","No. 12, Sanmin Rd., Wensha Vil., Jinsha Township, Kinmen County 89049, Taiwan (R.O.C.)","呂O霞","082-323727","082-323357","有","有"
"77320500","20021004","20210812","新源美商行","XIN YUAN MEI CO.","金門縣金沙鎮汶沙里五福街８號","No. 8, Wufu St., Wensha Vil., Jinsha Township, Kinmen County 89049, Taiwan (R.O.C.)","陳O鏡","04-23253645","04-23274077","有","有"
"77320608","20090629","20241127","萬珍商店","TEN THOUSAND TREASURE CO.","金門縣金沙鎮汶沙里博愛街１８號","No. 18, Bo’ai St., Wensha Vil., Jinsha Township, Kinmen County 89049, Taiwan (R.O.C.)","李O銘","082-352311","082-322787","有","有"
"77320620","20090629","20210812","源珍商行","JANE OF THE SOURCE CO.","金門縣金沙鎮汶沙里博愛街５９號","No. 59, Bo’ai St., Wensha Vil., Jinsha Township, Kinmen County 89049, Taiwan (R.O.C.)","張O梨","082-352372","082-322787","有","有"
"77320826","20120309","20210812","東榮五金建材行","EAST GLORY HARDWARE BUILDING MATERIALS CO.","金門縣金沙鎮汶沙里五福街３６號","No. 36, Wufu St., Wensha Vil., Jinsha Township, Kinmen County 89049, Taiwan (R.O.C.)","黃O森","082-352341","","有","有"
"77322211","20011225","20210811","益美","YIN MEEI CO.","金門縣金沙鎮汶沙里菜巿場４號","No. 4, Wensha Vil., Jinsha Township, Kinmen County 890, Taiwan (R.O.C.)","黃O珠","04-23114989","04-23115211","有","有"
"77322232","20011224","20210812","提記","TYI JIH CO.","金門縣金沙鎮汶沙里沙美４７號","No. 47, Shamei, Wensha Vil., Jinsha Township, Kinmen County 89049, Taiwan (R.O.C.)","陳O華","04-23114989","04-23115211","無","無"
"77322248","20011225","20210812","三益","TWENTY THREE CO.","金門縣金沙鎮汶沙里菜巿埸３號","No. 3, Wensha Vil., Jinsha Township, Kinmen County 890, Taiwan (R.O.C.)","陳O","04-23114989","04-23115211","有","有"
"77322253","20011225","20210811","益仁","FIFTY ONE CO.","金門縣金沙鎮汶沙里忠孝新邨1號","No. 1, Wensha Vil., Jinsha Township, Kinmen County 890, Taiwan (R.O.C.)","黃O章","04-23114989","04-23115211","無","無"
"77322269","20011225","20210812","協益","FIFTY TWO CO.","金門縣金沙鎮汶沙里菜巿場１２號","No. 12, Wensha Vil., Jinsha Township, Kinmen County 890, Taiwan (R.O.C.)","盧O莉","04-23114989","04-23115211","有","有"
"77322275","20011225","20210812","同勝","TORNG SHENG CO.","金門縣金沙鎮汶沙里菜巿場１４號","No. 14, Wensha Vil., Jinsha Township, Kinmen County 890, Taiwan (R.O.C.)","戴O水","04-23114989","04-23115211","有","有"
"77322296","20011225","20210812","宏記","HORNG JIN CO.","金門縣金沙鎮汶沙里菜巿埸８號","No. 8, Wensha Vil., Jinsha Township, Kinmen County 890, Taiwan (R.O.C.)","張O信","04-23114989","04-23115211","有","有"
"77322303","20011225","20210812","第一商行","SHGE FA CO.","金門縣金沙鎮汶沙里菜巿場18號","No. 18, Wensha Vil., Jinsha Township, Kinmen County 890, Taiwan (R.O.C.)","張O瑄","04-23114989","04-23115211","有","有"
"77322330","20011224","20210812","源興","YUAN YUAN CO.","金門縣金沙鎮汶沙里菜巿場１７號","No. 17, Wensha Vil., Jinsha Township, Kinmen County 890, Taiwan (R.O.C.)","張O平","04-23114989","04-23115211","無","無"
"77322346","20011224","20210811","合成","HOE CHE CO.","金門縣金沙鎮汶沙里忠孝新邨179號","No. 179, Wensha Vil., Jinsha Township, Kinmen County 890, Taiwan (R.O.C.)","楊O晉","04-23114989","04-23115211","無","無"
"77322388","20011225","20210812","民生","MEAN CO.","金門縣金沙鎮汶沙里三民路１６巷７號","No. 7, Ln. 16, Sanmin Rd., Wensha Vil., Jinsha Township, Kinmen County 89049, Taiwan (R.O.C.)","張O東","04-23114989","04-23115211","有","有"
"77322423","20011225","20210811","德榮","DER RANG CO.","金門縣金沙鎮汶沙里仁愛街廿三號","No. 3, Ren’ai St., Wensha Vil., Jinsha Township, Kinmen County 89049, Taiwan (R.O.C.)","黃O珠","04-23114989","04-23115211","有","有"
"77322444","20011225","20210811","金興企業社","JIN SHING CO.","金門縣金寧鄉盤山村下堡212號3樓","3 F., No. 212, Xiabao, Jinning Township, Kinmen County 89250, Taiwan (R.O.C.)","莊O寶","04-23114989","04-23115211","有","有"
"77322459","20011225","20210812","永興","YEONG SHING CO.","金門縣金沙鎮汶沙里菜巿場２號","No. 2, Wensha Vil., Jinsha Township, Kinmen County 890, Taiwan (R.O.C.)","陳OO","04-23114989","04-23115211","有","有"
"77323540","20020808","20210812","瑞福鋁木加工業","REFULL FACTORY","金門縣金沙鎮浦山里后宅１１號","No. 11, Houzhai, Pushan Vil., Jinsha Township, Kinmen County 89043, Taiwan (R.O.C.)","王O南","082-352810","082-353175","有","有"
"77324576","20011225","20210812","高賓","COW BEEN CO.","金門縣金沙鎮汶沙里博愛街３６號","No. 36, Bo’ai St., Wensha Vil., Jinsha Township, Kinmen County 89049, Taiwan (R.O.C.)","張O秋","04-23114989","04-23115211","有","有"
"77325028","20060804","20210812","新儒商店","NEWRU STORE CO.","金門縣金沙鎮浦山里笴宅卅五號","No. 5, Pushan Vil., Jinsha Township, Kinmen County 890, Taiwan (R.O.C.)","李O治","080-323727","082-323357","有","有"
"77325456","20061020","20210812","金谷商行","KIN KU CO.","金門縣金沙鎮光前里陽宅６２號","No. 62, Guangqian Vil., Jinsha Township, Kinmen County 890, Taiwan (R.O.C.)","吳O貴","082-352951","082-354184","有","有"
"77326429","20061205","20210812","助記","ZHU TI CO.","金門縣金沙鎮浦山里浦邊４４號（僅限於建築物第一層使用）","No. 44, Pubian, Pushan Vil., Jinsha Township, Kinmen County 89043, Taiwan (R.O.C.)","何O助","082-332378","082-335924","有","有"
"77326906","20061011","20210812","統好貢糖食品行","TONG HAO GONG TANG SHI PIN CO.","金門縣金沙鎮浦山里浦邊４之１號（僅限於建築物第一層使用）","No. 4-1, Pubian, Pushan Vil., Jinsha Township, Kinmen County 89043, Taiwan (R.O.C.)","周O忠","082-351577","082-354847","有","有"
"77327932","20011225","20210811","麗珠商店","LIH JU CO.","金門縣金沙鎮汶沙里中興街１６號","No. 16, Zhongxing St., Wensha Vil., Jinsha Township, Kinmen County 89049, Taiwan (R.O.C.)","莊O樹","04-23114989","04-23115211","有","有"
"77329642","20011225","20210811","浩銘農產行","YUAN LAI GI CO.","金門縣金沙鎮三民路２２巷１０號（限建築物第一層使用）","No. 10, Ln. 22, Sanmin Rd., Jinsha Township, Kinmen County 89049, Taiwan (R.O.C.)","張O銘","04-23114989","04-23115211","有","有"
"77331921","20061207","20230316","古祥商店","GU XIANG STORE","金門縣金沙鎮何斗里中蘭４７號（限建築物第一層使用）","No. 47, Zhonglan, Hedou Vil., Jinsha Township, Kinmen County 890007, Taiwan (R.O.C.)","李O煌","082-323727","082-323357","有","有"
"77340225","20060801","20210811","金瑞成貢糖廠東林分店","JINRUICHENG TRIBUTE CANDY FACTORY DONGLIN BRANCH","金門縣烈嶼鄉林湖村東林１７３號","No. 173, Donglin, Lieyu Township, Kinmen County 89441, Taiwan (R.O.C.)","洪O柏","082-323727","082-323357","有","有"
"77342271","20061212","20210812","南興","SOUTH XING CO.","金門縣烈嶼鄉西口村西方社區３８號","No. 38, Xifang Community, Lieyu Township, Kinmen County 89442, Taiwan (R.O.C.)","蔡O權","082-362998","082-362000","有","有"
"77342357","20080717","20210811","合成","COEFFICIENT ARRIVE CO.","金門縣烈嶼鄉西口村西方７５號","No. 75, Xifang, Lieyu Township, Kinmen County 89442, Taiwan (R.O.C.)","林O義","082-323727","082-323357","有","有"
"77343335","20050323","20210812","金瑞成貢糖廠","ZIN RUEY CHENG CONFECTIONARY FACTORY","金門縣烈嶼鄉黃埔村林邊５號","No. 5, Linbian, Lieyu Township, Kinmen County 89441, Taiwan (R.O.C.)","洪O柏","082-363389","082-363459","有","有"
"77356963","20061107","20210812","琪樂","CILE CO.","金門縣金沙鎮汶沙里后浦頭９５之１號（限建築物第壹層使用）","No. 95-1, Houputou, Wensha Vil., Jinsha Township, Kinmen County 89049, Taiwan (R.O.C.)","李O枝","082351596","","無","無"
"77358630","20110901","20240127","祥業工程行","XIANG YE ENGINEERING FIRM","金門縣金城鎮環島北路1段38巷1弄11號","No. 11, Aly. 1, Ln. 38, Sec. 1, Huandao N. Rd., Jincheng Township, Kinmen County 893016, Taiwan (R.O.C.)","王O珍","082-323625","082-322905","有","有"
"77360404","20080407","20210812","誠斌商店","HONEST BIN STORE","金門縣金城鎮北門里富康一村７巷３號（限建築物第一層使用）","No. 3, Ln. 7, Fukang 1st Vil., Beimen Vil., Jincheng Township, Kinmen County 89350, Taiwan (R.O.C.)","李O猜","082-323727","082-323357","有","有"
"77360734","20061205","20220727","榕苑商店","RONG YUAN STORE","金門縣金城鎮西門里光前路８７號（限建築物第壹層使用）","No. 87, Guangqian Rd., Ximen Vil., Jincheng Township, Kinmen County 89345, Taiwan (R.O.C.)","黃O燕","082-323727","082-323357","有","有"
"77360740","20061205","20210812","榕榮商店","BANYAN HONOUR STORE","金門縣金城鎮西門里光前路８７之１號（限建築物第壹層使用）","No. 87-1, Guangqian Rd., Ximen Vil., Jincheng Township, Kinmen County 89345, Taiwan (R.O.C.)","陳O菊","082-323727","082-323357","無","無"
"77360755","20061205","20210812","中一商店","MIDDLE ONE STORE","金門縣金城鎮西門里光前路９５號（限建築物第壹層使用）","No. 95, Guangqian Rd., Ximen Vil., Jincheng Township, Kinmen County 89345, Taiwan (R.O.C.)","陳O菊","082-323727","082-323357","無","無"
"77362487","20061215","20210812","思康商店","SU-KON CO.","金門縣金城鎮賢庵里古區５號（限建築物第壹層使用）","No. 5, Guqu, Xian’an Vil., Jincheng Township, Kinmen County 89346, Taiwan (R.O.C.)","蔡O雀","082-325201","082-327966","有","有"
"77364387","20061107","20240320","駿航商行","JYUN HANG CO.","金門縣金寧鄉湖埔村下埔下6之6號2樓","2F., No. 6-6, Xiapuxia, Hupu Vil., Jinning Township,  Kinmen County 892014, Taiwan (R.O.C.)","余O虹","082325221","","有","有"
"77367482","20181102","20210812","茗人茶行","tapioca teas shop","南投縣草屯鎮和平里太平路二段二九七號","No. 297, Sec. 2, Taiping Rd., Heping Vil., Caotun Township, Nantou County 54263, Taiwan (R.O.C.)","林O偉","0988368367","","有","有"
"77367808","20140428","20221221","弘益行","HONG YIH CO.","南投縣草屯鎮敦和里仁愛街二三○巷六五號","No. 65, Ln. 230, Ren’ai St., Dunhe Vil., Caotun Township, Nantou County 542011, Taiwan (R.O.C.)","黃O松","","","有","有"
"77375259","20040309","20250426","怡美室內裝潢行","YI-MEI INDOOR DECORATION COMPANY","南投縣南投市福興里彰南路三段1004號一樓","1 F., No. 1004, Sec. 3, Zhangnan Rd., Fuxing Vil., Nantou City, Nantou County 540031, Taiwan (R.O.C.)","吳O田","049-2252642","","有","有"
"77375666","20120523","20210812","立翔汽車修配廠","LI XIANG CAR REPAIR FACTORY","南投縣南投市嘉和里彰南路一段737號","No. 737, Sec. 1, Zhangnan Rd., Jiahe Vil., Nantou City, Nantou County 54056, Taiwan (R.O.C.)","陳O忠","049-2220600","049-2241475","有","有"
"77375820","20190305","20210812","裕農肥料行","YU NUNG FERTILIZER COMPANY","南投縣名間鄉中正村董門巷一三之四號一樓","1 F., No. 13-4, Dongmen Ln., Mingjian Township, Nantou County 55141, Taiwan (R.O.C.)","吳O中","0955564128","","有","有"
"77384356","20131122","20210812","雙聖農產品加工廠","TWINFOOD FARM PRODUCE FACTORY","南投縣草屯鎮御史里玉屏路一三一號一樓","1 F., No. 131, Yuping Rd., Yushi Vil., Caotun Township, Nantou County 54249, Taiwan (R.O.C.)","林O彬","049-2568388","049-2568389","有","有"
"77386713","20230508","20230508","穎翔工業社","INSHINE INDUSTRY Company","南投縣草屯鎮新庄里日新街46巷5號","No. 5, Ln. 46, Rixin St., Xinzhuang Vil., Caotun Township, Nantou County 542015, Taiwan (R.O.C.)","張O珠","0971-830806","","有","有"
"77389887","20081217","20210812","薏珠顏農產加工廠","YI CHU YUAN FARM PRODUCE PROCESSING FACTORY","南投縣草屯鎮北勢里玉屏巷15-3號1樓","1 F., No. 15-3, Yuping Ln., Beishi Vil., Caotun Township, Nantou County 54248, Taiwan (R.O.C.)","楊O媚","049-2551555","049-2551565","有","有"
"77395380","20201008","20210811","偉立紙行","Zhuyin Zhuyin CO.","臺北市士林區社中街299號1樓","1 F., No. 299, Shezhong St., Shilin Dist., Taipei City 11175, Taiwan (R.O.C.)","羅O枝","02-28118711","","有","有"
"77397232","20050324","20210812","東洋寢飾行","TUNG TING CO.","臺北市士林區前港街31號1樓","1 F., No. 31, Qiangang St., Shilin Dist., Taipei City 11170, Taiwan (R.O.C.)","張O珠","02-2881-8593","02-2883-6926","有","有"
"77401708","20170124","20221129","喬登運動用品店","JORDAN SPORT GOODS CO.","臺北市士林區延平北路6段18號","No. 18, Sec. 6, Yanping N. Rd., Shilin Dist., Taipei City 111069, Taiwan (R.O.C.)","湛O瑋","02-28114046","","有","有"
"77418166","19980605","20210811","宏達汽車輪胎保養所","GREAT REACH WHEEL MAINTENANCE CO.","臺北市士林區承德路4段284號286號1樓","1 F., No. 284, Sec. 4, Chengde Rd., Shilin Dist., Taipei City 11168, Taiwan (R.O.C.)","吳O晴","02-88611919","","有","有"
"77430555","20030904","20230125","朱的寶飾藝術品店","GALLERY CHULLERY STORE","臺北市士林區中山北路5段685號5樓","5 F., No. 685, Sec. 5, Zhongshan N. Rd., Shilin Dist., Taipei City 111009, Taiwan (R.O.C.)","林O朱","02-28311886","02-28323558","無","無"
"77431647","20221011","20221011","禪淨佛教文物社","Zen Jing Buddhist Artifact Co.","臺北市士林區中正路409號","No. 409, Zhongzheng Rd., Shilin Dist., Taipei City 111012, Taiwan (R.O.C.)","葉O","02-28825669","","有","有"
"77433194","20171215","20210812","冠帝企業社","Crtitw enterprise co.","臺北市士林區社中街275之1號1樓","1 F., No. 275-1, Shezhong St., Shilin Dist., Taipei City 11175, Taiwan (R.O.C.)","蔡O豪","02-28118388","02-28112535","有","有"
"77481110","19980310","20210812","利達億商行","LEADER EAST TRADE COMPANY","臺北市中山區長安東路2段171號7樓之6","7F.-6, No. 171, Sec. 2, Chang’an E. Rd., Zhongshan Dist., Taipei City 10490, Taiwan (R.O.C.)","何O光","02-27712303","02-27816247","有","有"
"77483341","20220504","20220504","法蘭司麵包坊","KAOnZOU's BAKERY CO.","臺北市中山區建國北路2段151巷30號1樓","1 F., No. 30, Ln. 151, Sec. 2, Jianguo N. Rd., Zhongshan Dist., Taipei City 10477, Taiwan (R.O.C.)","高O琮","02-25171593","","有","有"
"77494874","19940301","20210812","聖江企業行","SEN JOSS ENTERPRISE CO.","臺北市大同區承德路4段9巷12號1樓","1 F., No. 12, Ln. 9, Sec. 4, Chengde Rd., Datong Dist., Taipei City 103, Taiwan (R.O.C.)","簡O煌","02-25997309","02-25997307","有","無"
"77505176","20020910","20210811","廣達眼鏡行","KON DAP HU OPTICAL CO.","臺北市大同區酒泉街135號1樓","1 F., No. 135, Jiuquan St., Datong Dist., Taipei City 10370, Taiwan (R.O.C.)","胡O屏","04-761-2211","04-761-9641","有","有"
"77505422","20140911","20210812","奇展五金行","CHI-DEVELOP HARDWARE COMPANY","臺北市大同區重慶北路3段243巷22號1樓","1 F., No. 22, Ln. 243, Sec. 3, Chongqing N. Rd., Datong Dist., Taipei City 10369, Taiwan (R.O.C.)","詹O德","02-23825858","02-23825857","有","有"
"77507701","20211007","20220726","美雯百貨行","WEN DEPARTMENT STORE","臺北市大同區鄭州路3之4號","No. 3-4, Zhengzhou Rd., Datong Dist., Taipei City 103015, Taiwan (R.O.C.)","賴O真","02-25586515","","有","有"
"77511000","19970717","20210811","東梅綢布行","DONG MEI SILK & TEXTILES CORP.","臺北市大同區迪化街1段21號2樓永樂市場2100號","2 F., No. 21, Sec. 1, Dihua St., Datong Dist., Taipei City 10343, Taiwan (R.O.C.)","黃O明紗","02-25580999","","有","有"
"77511141","20020822","20220408","三悅國際企業社","SUN LANE INTERNATIONAL CO.","臺北市中山區民生東路1段26號11樓之1","11F.-1, No. 26, Sec. 1, Minsheng E. Rd., Zhongshan Dist., Taipei City 10446, Taiwan (R.O.C.)","陳O門","02-25872323","","有","有"
"77512021","20040224","20210811","立泰食品行","JUN FOOD CO.","新北市三重區光復路1段61巷24弄16號","No. 16, Aly. 24, Ln. 61, Sec. 1, Guangfu Rd., Sanchong Dist., New Taipei City 24158, Taiwan (R.O.C.)","林O進","02-82451119","02-82451277","有","有"
"77515081","20010410","20210812","得榮行","TE RONG ENTERPRISES, CO.","臺北市大同區甘州街50號1樓","1 F., No. 50, Ganzhou St., Datong Dist., Taipei City 10346, Taiwan (R.O.C.)","周O雨璇","02-25578142","02-25576898","有","有"
"77515511","19930422","20210811","學毅禮贈品行","FU SHIAN YI INC.","臺北市大同區重慶北路1段73號7樓784室","Rm. 784, 7 F., No. 73, Sec. 1, Chongqing N. Rd., Datong Dist., Taipei City 10350, Taiwan (R.O.C.)","傅O毅","02-25550032","02-25550032","無","無"
"77515548","19930325","20210811","隆樺貿易行","LURNG HWA TRADING CO.","臺北市大同區民權西路136號16樓之8","16F.-8, No. 136, Minquan W. Rd., Datong Dist., Taipei City 10361, Taiwan (R.O.C.)","吳O池","02-25173664","","無","無"
"77515940","20040727","20210812","柔思企業社","ROSEX ENTERPRISE CO.","臺北市大同區太原路205號1樓","1 F., No. 205, Taiyuan Rd., Datong Dist., Taipei City 10356, Taiwan (R.O.C.)","梁O英","02-25581710","","有","有"
"77516342","20120822","20210811","吉穩行","CHI WEN INDUSTRY CO.","臺北市大同區迪化街1段21號1樓永樂市場1202室","1 F., No. 21, Sec. 1, Dihua St., Datong Dist., Taipei City 10343, Taiwan (R.O.C.)","王O銘","02-25561472","02-25568715","有","有"
"77518165","20150909","20210811","將登廚具行","JOHN DENG CO.","新北市蘆洲區中正路185巷31弄29號","No. 29, Aly. 31, Ln. 185, Zhongzheng Rd., Luzhou Dist., New Taipei City 24758, Taiwan (R.O.C.)","吳O菁","02-28486033","02-82822830","有","有"
"77519988","20031112","20210812","寬展蔘藥行","KUAN JAAN COMPANY","臺北市大同區迪化街119號1樓","1 F., No. 119, Dihua St., Datong Dist., Taipei City 103, Taiwan (R.O.C.)","徐O永","02-2553-0972","02-2553-0982","有","有"
"77520161","19940202","20210812","佰點工程行","BEA DEN COMPANY","臺北市中正區忠孝西路1段41號10樓之10","10F.-10, No. 41, Sec. 1, Zhongxiao W. Rd., Zhongzheng Dist., Taipei City 10041, Taiwan (R.O.C.)","潘O華","","","無","無"
"77522920","19950121","20210811","台灣連合國際貿易供應社","TAIWAN UNITED FIRM CO.","臺北市大同區長安西路177巷26號1樓","1 F., No. 26, Ln. 177, Chang’an W. Rd., Datong Dist., Taipei City 10350, Taiwan (R.O.C.)","鄭O豊","02-25552188","02-25582080","有","有"
"77523548","20221017","20221017","右翔布行","You xiang cloth Store","臺北市大同區迪化街1段21號2樓2069號攤","2 F.-2069, No. 21, Sec. 1, Dihua St., Datong Dist., Taipei City 103012, Taiwan (R.O.C.)","吳O山","02-25599112","","有","有"
"77523688","20040421","20230613","成和布行","CHENG HO CLOTH CO.","臺北市大同區迪化街1段7號1樓","1 F., No. 7, Sec. 1, Dihua St., Datong Dist., Taipei City 103012, Taiwan (R.O.C.)","林O偉","02-25563364","","無","無"
"77524602","20161121","20210811","大車汽車百貨行","DA CHE CAR DEPURTMENT STORE","臺北市大同區環河北路2段163號1樓","1 F., No. 163, Sec. 2, Huanhe N. Rd., Datong Dist., Taipei City 10376, Taiwan (R.O.C.)","張O美","02-25945244","02-25943951","有","有"
"77526762","20110422","20210811","良友機車材料行","LIANG-YU MOTORCYCLE PARTS STORE","臺北市大同區延平北路3段122號1樓","1 F., No. 122, Sec. 3, Yanping N. Rd., Datong Dist., Taipei City 10376, Taiwan (R.O.C.)","沈O總","02-25858401","02-25987280","有","有"
"77527208","19960516","20210811","宏大貿易行","HOUDEBBIE TRADING CO.","桃園市桃園區龍祥里龍泉五街８４號１樓","1 F., No. 84, Longquan 5th St., Longxiang Vil., Taoyuan Dist., Taoyuan City 33057, Taiwan (R.O.C.)","陳O山","03-3699207","03-3792817","有","有"
"77532835","20131218","20211124","志翰食品行","CHIH HAN FOODS CO.","臺北市大同區延平北路2段144巷14、16號1樓","1 F., No. 16, Ln. 144, Sec. 2, Yanping N. Rd., Datong Dist., Taipei City 10344, Taiwan (R.O.C.)","柯OO","02-25538016","","有","有"
"77533052","20201124","20220316","貓九工作室","MAO JIOU STUDIO","新北市淡水區北新路69巷56號4樓","4 F., No. 56, Ln. 69, Beixin Rd., Tamsui Dist., New Taipei City 25148, Taiwan (R.O.C.)","黃O媛","0923737828","","有","有"
"77536142","20151211","20151211","中華民國自駕旅遊協會","MICE TRAVEL ASSOCIATION","臺北市基隆路二段３９巷２４弄１號２樓","2F., NO.1, ALY. 24, LN. 39, SEC. 2, KEELUNG RD., XINYI DIST., TAIPEI CITY 11052, TAIWAN (R.O.C.)","李O糧","02-27375397","02-27387407","有","有"
"77545992","20001106","20210812","永仁行","UEN ZEN HUN CO.","雲林縣臺西鄉海口村中山路四二七之十六號一樓","1 F., No. 427-16, Zhongshan Rd., Taixi Township, Yunlin County 63641, Taiwan (R.O.C.)","蔡O村","05-6985637","05-6983329","有","有"
"77546140","20020911","20210812","楊木商店","YANG MU COMPANY","雲林縣土庫鎮奮起里秀潭路一三八號","No. 138, Xiutan, Fenqi Vil., Tuku Township, Yunlin County 63362, Taiwan (R.O.C.)","王O華","07-2113349","07-2113349","有","有"
"77546697","20020913","20210811","東和汽車商行","DONG HER COMPANY","雲林縣虎尾鎮平和里平和路70之1號","No. 70-1, Pinghe, Pinghe Vil., Huwei Township, Yunlin County 63251, Taiwan (R.O.C.)","蘇O麗","05-6334311","","無","無"
"77547534","20120224","20230401","和大行","HYPER DEFENDER TECHNOLOGY COMPANY","雲林縣虎尾鎮東仁里林森路一段二一七號一樓","1 F., No. 217, Sec. 1, Linsen Rd., Dongren Vil., Huwei Township, Yunlin County 632003, Taiwan (R.O.C.)","周O和","05-6337336","05-6323992","有","有"
"77547582","20020827","20210811","帝克汽車商行","DIKER AUTOMOBILE HANG","雲林縣虎尾鎮興中里清雲路1006號","No. 1006, Qingyun Rd., Xingzhong Vil., Huwei Township, Yunlin County 63252, Taiwan (R.O.C.)","廖O利","05-6333427","","有","有"
"77551234","20020830","20230104","華隆家具行","HUA LUNG FURNITURE STORE","臺中市太平區新福里旱溪西路二段１６０號","No. 160, Sec. 2, Hanxi W. Rd., Xinfu Vil., Taiping Dist., Taichung City 411022, Taiwan (R.O.C.)","甕O庭","04-23224683","04-23221497","有","有"
"77558216","20020919","20230322","成達精機廠","CHERN DAR PRECISION MACHINERY WORKS","臺中市東區東門里建德街４０５號一樓","1 F., No. 405, Jiande St., Dongmen Vil., East Dist., Taichung City 401014, Taiwan (R.O.C.)","陳O賓","04-2212-0308","","無","無"
"77558433","20180223","20210811","友聯汽車企業行","Union car firms","臺中市東區東南里南京東路一段３０７號","No. 307, Sec. 1, Nanjing E. Rd., Dongnan Vil., East Dist., Taichung City 40151, Taiwan (R.O.C.)","林O樺","04-22112387","04-22135683","有","有"
"77559334","20000828","20210811","民健企業行","MING CHIEN ENTERPRISE CO.","臺中市南區新榮里新榮街６３號一樓","1 F., No. 63, Xinrong St., Xinrong Vil., South Dist., Taichung City 40252, Taiwan (R.O.C.)","廖O玉","04-22267649","04-22247585","有","有"
"77559518","20120918","20210812","林車刀商號","LIN TOOL COMPANY","臺中市東區旱溪里自由路四段109巷2號1樓","1 F., No. 2, Ln. 109, Sec. 4, Ziyou Rd., Hanxi Vil., East Dist., Taichung City 40151, Taiwan (R.O.C.)","林O泰","04-22128270","","有","有"
"77562648","20010223","20210811","福記茶業行","FUJEE COMMERCE CO.","臺中市大里區永隆里爽文路７５５號一樓","1 F., No. 755, Shuangwen Rd., Yonglong Vil., Dali Dist., Taichung City 41283, Taiwan (R.O.C.)","陳O福","04-24077690","04-24078681","有","有"
"77566671","20070823","20210812","菖鴻企業社","CALAMUS HONG CO.","臺中市烏日區螺潭里溪南路二段516巷121弄13號1樓","1 F., No. 13, Aly. 121, Ln. 516, Sec. 2, Xinan Rd., Luotan Vil., Wuri Dist., Taichung City 41467, Taiwan (R.O.C.)","藍O洲","04-23356020","04-23356028","有","有"
"77570099","20020925","20210811","新展行","SING DANCE CO.","臺中市東區福立街２９號一樓","1 F., No. 29, Fuli St., East Dist., Taichung City 40141, Taiwan (R.O.C.)","劉O東","04-761-2211","04-761-9641","有","有"
"77570302","20250609","20250609","日成汽車材料行","Ri Cheng Auto Parts Co.","臺中市南區正義街３４號一樓","1 F., No. 34, Zhengyi St., South Dist., Taichung City 402001, Taiwan (R.O.C.)","林O文","04-22271511","04-22237163","有","有"
"77571371","19971205","20210812","鴻銓行","ASIAN SWEET COMPANY","臺中市南區南和里工學北路71巷6號18樓之2","18F.-2, No. 6, Ln. 71, Gongxue N. Rd., Nanhe Vil., South Dist., Taichung City 40245, Taiwan (R.O.C.)","周O鴻","04-24751235","","有","有"
"77577184","20100401","20210811","映巽企業社","YIN SHIUN ENTERPRISE CO.","臺中市大里區瑞城里中興路一段２巷２７５號１樓","1 F., No. 275, Ln. 2, Sec. 1, Zhongxing Rd., Ruicheng Vil., Dali Dist., Taichung City 41267, Taiwan (R.O.C.)","陳O揚","04-22705810","04-22700975","有","有"
"77578064","20040324","20210811","瑞晨交通器材行","RUEI CHEN AUTOPARTS CO.","臺中市南區長榮里有恆街１０２之１號１樓","1 F., No. 102-1, Youheng St., Changrong Vil., South Dist., Taichung City 40251, Taiwan (R.O.C.)","林O珍","04-22210452","04-22208218","有","有"
"77581265","20060103","20210811","瑞山不銹鋼行","RUI SHAN CO.","臺中市南區永興里工學一街２４７號一樓","1 F., No. 247, Gongxue 1st St., Yongxing Vil., South Dist., Taichung City 40245, Taiwan (R.O.C.)","王O如","04-2616600","","有","有"
"77583783","20181122","20210811","新德實業社","Singteh Industrial Co.","臺中市東區東信里振興路４１２巷７３號1樓","1 F., No. 73, Ln. 412, Zhenxing Rd., Dongxin Vil., East Dist., Taichung City 40149, Taiwan (R.O.C.)","陳O桃","04-22132947","","有","有"
"77584761","20091015","20210811","國宏交通器材行","K.H. AUTO PARTS CO.","臺中市南區國光里瑞豐街８７號１樓","1 F., No. 87, Ruifeng St., Guoguang Vil., South Dist., Taichung City 40250, Taiwan (R.O.C.)","鄧O士","04-22290243","04-22258550","有","有"
"77585804","20180226","20210812","和易企業行","HO-YE Stationery Giftware Company","臺中市大里區樹王里文心南路１３１６巷６３之２號","No. 63-2, Ln. 1316, Wenxin S. Rd., Shuwang Vil., Dali Dist., Taichung City 41258, Taiwan (R.O.C.)","曾O祥","04-24814290","04-24814252","有","有"
"77586228","20130718","20210812","正昇食品行","JENG SHENG FOOD CO.","臺中市南區樹義里樹義２街２２號","No. 22, Shuyi 2nd St., Shuyi Vil., South Dist., Taichung City 40241, Taiwan (R.O.C.)","王O榮","04-22625756","04-22625828","有","有"
"77587465","20131011","20210811","金達昌五金行","KING DAR CHANG HARDWARE STORE","臺中市東區旱溪里自由路四段１２１巷１２號１樓","1 F., No. 12, Ln. 121, Sec. 4, Ziyou Rd., Hanxi Vil., East Dist., Taichung City 40151, Taiwan (R.O.C.)","陳O州","04-27085250","04-27085251","有","有"
"77589153","20140327","20210812","世興行","SHIH-HSING COMPANY","臺中市東區南京路９２號一樓","1 F., No. 92, Nanjing Rd., East Dist., Taichung City 40154, Taiwan (R.O.C.)","王O男","04-22120285","04-22232858","有","有"
"77589908","20020527","20210812","長成食品行","FOREVER SUCCESS FOOD COMPANY","臺中市東區富仁里富榮街３１號一樓","1 F., No. 31, Furong St., Furen Vil., East Dist., Taichung City 40155, Taiwan (R.O.C.)","黃O茹","04-4793113","04-4793121","有","有"
"77593776","20190822","20210811","福興農產行","Fu Hsing Agricultural Co.","臺中市東區十甲里樂業路３１１巷２號１樓","1 F., No. 2, Ln. 311, Leye Rd., Shijia Vil., East Dist., Taichung City 40153, Taiwan (R.O.C.)","黃O軒","04-22122345","04-22120476","有","有"
"77595401","20030820","20210812","德琪企業社","DEQI COMPANY","臺中市南區樹義里福田路１２３巷３３號１樓","1 F., No. 33, Ln. 123, Futian Rd., Shuyi Vil., South Dist., Taichung City 40241, Taiwan (R.O.C.)","韓O德","04-2375-4826","04-2375-4889","有","有"
"77595893","20020918","20210811","詮機五金行","CHUAN CHI HARDWARE COMMERCIAL CO.","臺中市東區振興里振興路76-3號1樓","1 F., No. 76-3, Zhenxing Rd., Zhenxing Vil., East Dist., Taichung City 40152, Taiwan (R.O.C.)","江O偉","04-22817816","","有","有"
"77600354","20220818","20230726","姊姊弟弟工作室","siblings studio","新北市林口區民富街９９號2樓之１","2 F.-1, No. 99, Minfu St., Linkou Dist., New Taipei City 244043, Taiwan (R.O.C.)","王O欣","0976-400-354","","有","有"
"77602326","20090930","20210812","鴻藝企業社","GREAT WILD GOOSE SKILL ENTERPRISE SOCIETY CO.","臺中市北屯區松安里修齊街４１號１樓","1 F., No. 41, Xiuqi St., Song’an Vil., Beitun Dist., Taichung City 40668, Taiwan (R.O.C.)","劉O燕","04-22437569","","有","有"
"77610590","20020604","20210811","立得企業商行","LI TEH ENTERPRISE CO.","臺中市大雅區員林里神林路１段１６２巷３８號１樓","1 F., No. 38, Ln. 162, Sec. 1, Shenlin Rd., Yuanlin Vil., Daya Dist., Taichung City 42865, Taiwan (R.O.C.)","廖O芳","04-25650071","04-25650073","無","無"
"77614385","20200428","20210811","霸丸工作室","Vawan Studio","臺北市士林區德行東路266巷7號2樓","2 F., No. 7, Ln. 266, Dexing E. Rd., Shilin Dist., Taipei City 11148, Taiwan (R.O.C.)","施O榮","0920850429","","有","有"
"77617361","20211027","20211027","正健紙器行","CHENG JIAN PAPER CONTAINER CO.","臺中市北屯區后庄里后庄北路１６２號","No. 162, Houzhuang N. Rd., Houzhuang Vil., Beitun Dist., Taichung City 40682, Taiwan (R.O.C.)","陳O修","04-24251369","04-24263209","有","有"
"77621610","20011224","20230506","惠光眼鏡行","WHEI KUNG HANG","臺中市北屯區大德里中清路二段248號1樓","1F., No. 248, Sec. 2,  Zhongqing Rd., Dade Vil., Beitun Dist.,  Taichung City 406, Taiwan (R.O.C.)","林O政","04-22924046","04-23115211","有","有"
"77622408","19940624","19940624","保證責任台灣省花卉運銷合作社","TAIWAN PROVINCIAL FLOWER MARKETING COOPERATIVE","台中巿北屯區和平里和平巷３之５號","NO.3-5, HO PING LANE, HO PING LI, PEI-TUN, TAICHUNG CITY","魏O桓","04-24373946","04-24371933","有","有"
"77624588","20090515","20210811","真嘉開發商行","JEN CHIA INNOVATIONS CO.","臺中市西區忠明里華美西街一段３６號四樓之３","4F.-3, No. 36, Sec. 1, Huamei W. St., Zhongming Vil., West Dist., Taichung City 40360, Taiwan (R.O.C.)","陳O碧","04-23230100","04-23230218","有","有"
"77624779","19980713","20210811","惠吉企業社","CHI HUI ENTERPRISE CO.","臺中市北屯區東光里北屯路２９８巷４之１８號１樓","1 F., No. 4-18, Ln. 298, Beitun Rd., Dongguang Vil., Beitun Dist., Taichung City 40654, Taiwan (R.O.C.)","黃O源","04-22454142","04-22430862","有","有"
"77629964","20010323","20210811","百安中藥房","BOR AN MEDICINE CO.","臺中市北屯區平順里旅順路二段８１號一樓","1 F., No. 81, Sec. 2, Lushun Rd., Pingshun Vil., Beitun Dist., Taichung City 40651, Taiwan (R.O.C.)","楊O𬣒","04-22446247","","有","有"
"77632074","20060407","20210811","美麗一生服飾精品店","BEAUTY OF A  LIFE  CLOTHES & JEWELLERY  STORE","臺中市北屯區平田里旅順路二段２０７號一樓","1 F., No. 207, Sec. 2, Lushun Rd., Pingtian Vil., Beitun Dist., Taichung City 40649, Taiwan (R.O.C.)","董O珍","04-22423033","04-22975555","有","有"
"77632953","20151001","20211120","小亞花藝坊","HSIAO YA ARTS COMPANY","臺中市北屯區平德里天津路三段１０４號１樓","1 F., No. 104, Sec. 3, Tianjin Rd., Pingde Vil., Beitun Dist., Taichung City 40666, Taiwan (R.O.C.)","張O誠","04-22386008","04-22389448","有","有"
"77635277","20040428","20210811","有力照明事業商行","YU-LI LIGHTING ENTERPRISE CO.","臺中市北屯區仁和里昌平路二段金寶巷５８號一樓","1 F., No. 58, Jinbao Ln., Sec. 2, Changping Rd., Renhe Vil., Beitun Dist., Taichung City 40671, Taiwan (R.O.C.)","張O娥","04-24225612","04-24220110","有","有"
"77635712","20031003","20210811","威展科技器材行","WEI JHAN HANG","臺中市北區賴厝里進化北路４２８號一樓","1 F., No. 428, Jinhua N. Rd., Laicuo Vil., North Dist., Taichung City 40457, Taiwan (R.O.C.)","王O生","04-8927806","04-8927494","有","有"
"77638443","20170926","20210812","惠生行","WIXSON CO.","臺中市北屯區水景里東山路一段１９２之３１號一樓","1 F., No. 192-31, Sec. 1, Dongshan Rd., Shuijing Vil., Beitun Dist., Taichung City 40641, Taiwan (R.O.C.)","謝O義","04-22081022","04-22080068","有","有"
"77638605","20010410","20230306","靈磐石企業行","LING PAN SHI STORE","臺中市太平區中平里鵬儀路９３號１樓","1 F., No. 93, Pengyi Rd., Zhongping Vil., Taiping Dist., Taichung City 411006, Taiwan (R.O.C.)","林O傑","04-22437009","04-22422636","無","無"
"77641664","20060616","20210811","立盛精機廠","LIH SHENG ELECTRON MACHINE INDUSTRY MILL","臺中市北屯區北屯里太原路三段３７６巷８號一樓","1 F., No. 8, Ln. 376, Sec. 3, Taiyuan Rd., Beitun Vil., Beitun Dist., Taichung City 40653, Taiwan (R.O.C.)","莊O光","04-22347513","04-22328267","有","有"
"77648033","20090505","20210811","上方珠寶銀樓","SHANG FANG JEWELRY CO.","臺中市北屯區平順里昌平路一段１０７之２號一樓","1 F., No. 107-2, Sec. 1, Changping Rd., Pingshun Vil., Beitun Dist., Taichung City 40652, Taiwan (R.O.C.)","賴O宏","04-22471168","","無","無"
"77648343","20060315","20211201","志和行","CHIH HE HANG","臺中市北屯區平安里柳陽西街２７號１樓","1 F., No. 27, Liuyang W. St., Ping’an Vil., Beitun Dist., Taichung City 40650, Taiwan (R.O.C.)","林O誠","04-22932928","04-22932719","有","有"
"77648478","20071219","20210811","米葉空間設計工作室","LANDMARK INTERIOR LANDSCAPE DESIGN CO.","臺中市北區長青里武昌路１７１號１樓","1 F., No. 171, Wuchang Rd., Changqing Vil., North Dist., Taichung City 40441, Taiwan (R.O.C.)","葉O珠","04-22970966","04-22932966","有","有"
"77649700","20020902","20210811","鳳皇汽車商行","FONWHANG AUTOMOBILE HANG","臺中市北屯區舊社里北屯路４５７號一樓","1 F., No. 457, Beitun Rd., Jiushe Vil., Beitun Dist., Taichung City 40648, Taiwan (R.O.C.)","張O銘","04-22419770","","有","有"
"77651727","20110603","20170612","保證責任台中市墩南合作農場","DUN NAN COOPERATIVE FARM","台中市后里區舊社路４－２８號","NO.4-28, JIUSHE RD., HOULI DIST., TAICHUNG CITY 42148, TAIWAN (R.O.C.)","李O棋","04-25566334","04-25573334","無","無"
"77652583","20170413","20210812","健新工業社","J.S. MECHANICAL WORKS","臺中市大雅區西寶里雅潭路三段４１２巷１０１號","No. 101, Ln. 412, Sec. 3, Yatan Rd., Xibao Vil., Daya Dist., Taichung City 42854, Taiwan (R.O.C.)","曾O財","04-25675031","04-25602823","有","有"
"77655049","20111011","20210812","甲桂林企業社","TEA GUEY LIN ENTERPRISE CO.","臺中市大雅區大楓里雅潭路四段３７０巷８０號","No. 80, Ln. 370, Sec. 4, Yatan Rd., Dafeng Vil., Daya Dist., Taichung City 42854, Taiwan (R.O.C.)","巫O柔","04-25685630","04-25685483","有","有"
"77663195","20201102","20210811","奇美銘板企業社","Chi Mei Mingban Company","臺中市神岡區神岡里神清路３２巷１０號","No. 10, Ln. 32, Shenqing Rd., Shengang Vil., Shengang Dist., Taichung City 42955, Taiwan (R.O.C.)","黃O喜","04-25616811","04-25634186","有","有"
"77664693","20161003","20210811","東源精機廠","TONG YUAN PRECISION LIMITED","臺中市豐原區豐田里豐南街92巷357-3號","No. 357-3, Ln. 92, Fengnan St., Fengtian Vil., Fengyuan Dist., Taichung City 42052, Taiwan (R.O.C.)","張O東","04-25388825","04-25363101","有","有"
"77666215","20010226","20210811","羅鉅精機廠","LO CHU PRECISION MACHINE FACTORY","臺中市潭子區栗林里中山路三段３０５巷８５弄３號","No. 3, Aly. 85, Ln. 305, Sec. 3, Zhongshan Rd., Lilin Vil., Tanzi Dist., Taichung City 42749, Taiwan (R.O.C.)","羅O旺","04-25334060","","有","有"
"77666469","20020909","20210811","中日壓送工程行","CHUNG JIH PRESSURE TRANSMISSION ENGINEERING CO.","臺中市北屯區水湳里文心路三段４４５巷１１號二樓","2 F., No. 11, Ln. 445, Sec. 3, Wenxin Rd., Shuinan Vil., Beitun Dist., Taichung City 40667, Taiwan (R.O.C.)","詹O雲","04-22935179","04-22935180","有","有"
"77673320","20021002","20210811","東昇服裝行","DONG SHENG CLOTHES STORE","臺中市沙鹿區鹿峰里錦華街９６號１樓","1 F., No. 96, Jinhua St., Lufeng Vil., Shalu Dist., Taichung City 43344, Taiwan (R.O.C.)","王O欽","04-27070263","04-27070263","有","有"
"77673594","20030930","20210811","慶芳鋁門窗行","QING FUNG CO.","臺中市大甲區南陽里鎮瀾街一０號一樓","1 F., No. 10, Zhenlan St., Nanyang Vil., Dajia Dist., Taichung City 43746, Taiwan (R.O.C.)","黃O嬌","07-626-3483","","有","有"
"77677775","20200527","20210811","正德企業社","CHENG TE PLASTICS CO.","臺中市神岡區岸裡里大洲路235巷20號一樓","1 F., No. 20, Ln. 235, Dazhou Rd., Anli Vil., Shengang Dist., Taichung City 42941, Taiwan (R.O.C.)","林O福","04-25284804","","有","有"
"77678280","20200730","20210812","郵全企業社","youchan Limited Company","臺中市潭子區頭家東里中山路一段３９０號之１","No. 390-1, Sec. 1, Zhongshan Rd., Tanzi Dist., Taichung City 42745, Taiwan (R.O.C.)","陳O庭","04-25312256","04-25312262","有","有"
"77680764","20020902","20210812","源邑汽車商行","YUANYI AUTOMOBILE HANG","臺中市潭子區潭陽里中山路二段123號1樓","1 F., No. 123, Sec. 2, Zhongshan Rd., Tanyang Vil., Tanzi Dist., Taichung City 42755, Taiwan (R.O.C.)","江O華","04-25322591","","有","有"
"77680954","20230619","20230619","栗堡鐵工廠","LI BAO IRON WORKS","臺中市潭子區栗林里中山路三段３０５巷９１弄１號","No. 1, Aly. 91, Ln. 305, Sec. 3, Zhongshan Rd., Lilin Vil., Tanzi Dist., Taichung City 427009, Taiwan (R.O.C.)","鍾O洲","0425227023","","有","有"
"77683093","20050309","20210811","昇鋐旺機械企業社","SHENG HONG WANG ENTERPRISE CO","臺中市豐原區南嵩里水源路４８號１樓","1 F., No. 48, Shuiyuan Rd., Nansong Vil., Fengyuan Dist., Taichung City 42074, Taiwan (R.O.C.)","江O芝","04-25231860","04-25231860","有","有"
"77685043","20120919","20210812","順州工業社","SHUN-CHOU INDUSTRIAL CO.","臺中市大安區海墘里中山北路1巷72號一樓","1 F., No. 72, Ln. 1, Zhongshan N. Rd., Haiqian Vil., Da’an Dist., Taichung City 43963, Taiwan (R.O.C.)","陳O娟","04-26874658","04-26865373","有","有"
"77685183","20040916","20210811","天佑企業社","TIENYO ENGINEERING CO.","臺中市大安區西安里南北七路46號1樓","1 F., No. 46, Nanbei 7th Rd., Xi’an Vil., Da’an Dist., Taichung City 43954, Taiwan (R.O.C.)","王O惠","04-26888012","04-26879259","有","有"
"77689456","20160801","20210811","中洲企業社","JHONG JHOU FACTORY","臺中市神岡區溪洲里李洲路１３５號","No. 135, Lizhou Rd., Xizhou Vil., Shengang Dist., Taichung City 42948, Taiwan (R.O.C.)","王O生","04-25630126","","有","有"
"77692570","20090327","20210811","美冠樂器社","MEI GUAU INSTRUMENT CO.","臺中市后里區義里里甲后路一段５６號","No. 56, Sec. 1, Jiahou Rd., Yili Vil., Houli Dist., Taichung City 42142, Taiwan (R.O.C.)","吳O駿","04-25577825","","有","有"
"77693971","20020911","20240418","合立企業社","OULIY ENTERPRISE CO.","雲林縣斗南鎮明昌里西昌路41號1樓","1 F., No. 41, Xichang Rd., Mingchang Vil., Dounan Township, Yunlin County 630052, Taiwan (R.O.C.)","謝O均","04-2693-0789","04-2693-0003","有","有"
"77694943","20061215","20210812","煜森企業社","SYUCHEN ENTERPRISE CO.","臺中市清水區西寧里五權東路17巷80號﹝限一樓﹞","1 F., No. 80, Ln. 17, Wuquan E. Rd., Xining Vil., Qingshui Dist., Taichung City 43651, Taiwan (R.O.C.)","陳O騏","04-26238368","04-26238255","有","有"
"77695485","20030115","20210811","三星工業社","SAAN SHING INDUSTRY CO.","臺中市龍井區忠和里西濱路三段二五一號","No. 251, Sec. 3, Xibin Rd., Zhonghe Vil., Longjing Dist., Taichung City 43445, Taiwan (R.O.C.)","王O蘭","04-2639-9752","04-2630-3326","有","有"
"77695653","20010302","20210812","振福機械廠","CHEN FU MACHINERY CO.","臺中市清水區下湳里菁埔路176-1號","No. 176-1, Jingpu Rd., Xianan Vil., Qingshui Dist., Taichung City 43644, Taiwan (R.O.C.)","雲O枝","","","有","有"
"77695990","20171115","20241217","聖日印刷社","Sheng Jih Printing Service Firm","臺中市龍井區龍津里中央路一段２１８號１樓","1 F., No. 218, Sec. 1, Zhongyang Rd., Longjin Vil., Longjing Dist., Taichung City 43451, Taiwan (R.O.C.)","張O賓","04-26396636","04-26396321","有","有"
"77697435","20040331","20210811","永三源農機廠","YONG SAN YUAN FARMING EQUIPMENT FACTORY","臺中市后里區聯合里水門路４５號","No. 45, Shuimen Rd., Lianhe Vil., Houli Dist., Taichung City 42157, Taiwan (R.O.C.)","陳O源","04-25564167","04-25579768","有","有"
"77698048","20160531","20240722","金鑫精密工業社","CHIN HSIN PRECISION INDUSTRY CO.","臺中市神岡區神洲里豐洲路９１６巷３７號","No. 37, Ln. 916, Fengzhou Rd., Shenzhou Vil., Shengang Dist., Taichung City 42949, Taiwan (R.O.C.)","陳O源","04-25251888","04-25268283","有","有"
"77699102","20080222","20210811","俊霖企業社","CHUNLIN UNION CO.","臺中市豐原區翁子里豐勢路一段３７９巷６弄３２號","No. 32, Aly. 6, Ln. 379, Sec. 1, Fengshi Rd., Wengzi Vil., Fengyuan Dist., Taichung City 42049, Taiwan (R.O.C.)","張O俊","04-25204603","04-25243956","有","有"
"77711197","20000704","20000704","榮光行","RONG GUANG CO.","基隆市信義區教孝街十六號一樓","1F, NO. 16, JIAW SHIAW STREET, KEELUNG, TAIWAN, R.O.C.","許O榮","02-24226713","","有","有"
"77729083","20240808","20240808","社團法人壯闊台灣聯盟","Forward Alliance","台北市中山區長安東路一段36號9樓","9 F., No. 36, Sec. 1, Chang'an E. Rd., Zhongshan Dist., Taipei City 104006, Taiwan (R.O.C.)","吳O農","02-23918100","","有","有"
"77729400","20230104","20230104","墨薾本菩蕾興咖啡店","MELBOURNE PRESS CAFE COMPANY","臺北市大安區新生南路3段56巷11號","No. 11, Ln. 56, Sec. 3, Xinsheng S. Rd., Da’an Dist., Taipei City 106021, Taiwan (R.O.C.)","黃O紛","02-23678989","","有","有"
"77730785","20000518","20210812","上永鐵工廠","SHANG YUNG IRONWARE WORKS","臺中市烏日區光明里五光路復光4巷37號","No. 37, Fuguang 4th Ln., Wuguang Rd., Guangming Vil., Wuri Dist., Taichung City 41461, Taiwan (R.O.C.)","趙O婷","04-23365101","04-23385101","有","有"
"77732209","20050906","20210811","偉成製模工業社","WELL SVCCESS ENTERPRISE COMPANY","臺中市霧峰區丁台里丁台路三四一號","No. 341, Dingtai Rd., Dingtai Vil., Wufeng Dist., Taichung City 41359, Taiwan (R.O.C.)","黃O敏","04-23301100","04-23302620","有","有"
"77733185","20100722","20210812","仟豪五金行","CIAN HAO HARDWARE STORE","臺中市東區東英里東英十七街173號1樓","1 F., No. 173, Dongying 17th St., Dongying Vil., East Dist., Taichung City 40147, Taiwan (R.O.C.)","彭O忠","04-22119489","","有","有"
"77733431","20050816","20250602","景新藝園石材行","STONE KING STONE CO.","臺中市大里區樹王里東興路525號一樓","1 F., No. 525, Dongxing Rd., Shuwang Vil., Dali Dist., Taichung City 41257, Taiwan (R.O.C.)","王O偉","04-24064100","04-24062862","有","有"
"77738935","20090527","20210811","名昱行","MINYU COMPANY","臺中市太平區長億里長億七街7號壹樓","No. 7, Changyi 7th St., Changyi Vil., Taiping Dist., Taichung City 41154, Taiwan (R.O.C.)","陳O文","04-22759896","04-22759897","有","有"
"77749074","20081117","20210811","展誠企業行","CHANEE CHENG BUSINESS ENTERPRISE CO.","臺中市大里區樹王里東興路３３０號壹樓","No. 330, Dongxing Rd., Shuwang Vil., Dali Dist., Taichung City 41257, Taiwan (R.O.C.)","陳O堂","04-24062416","04-24061036","有","有"
"77752703","20061110","20210812","吉明電機行","JI MING ELECTRIC CO.","臺中市烏日區光明里五光路６７９巷８４弄１號","No. 1, Aly. 84, Ln. 679, Wuguang Rd., Guangming Vil., Wuri Dist., Taichung City 41460, Taiwan (R.O.C.)","邱O財","04-23375675","04-23375592","有","有"
"77756341","20150109","20150109","戴養菌園農場","TAI MUSHROOM FARM","臺中市霧峰區南柳里新厝路１３９號","NO.139, XINCUO RD., WUFENG DIST., TAICHUNG CITY 41354, TAIWAN (R.O.C.)","戴O隆","04-23390269","04-23321578","有","有"
"77757947","19990416","20211221","世開工業社","SKAI FOOD MACHINERY INDUSTRIAL CO","臺中市太平區建國里鵬儀路三二０巷六號一樓","1 F., No. 6, Ln. 320, Pengyi Rd., Jianguo Vil., Taiping Dist., Taichung City 41146, Taiwan (R.O.C.)","李O真","04-22758067","04-22737263","有","有"
"77760372","20100318","20210811","歷遠實業社","LEE FAR INDUSTRY CO.","臺中市太平區中山里中山路２段２５９巷２１弄４８號１樓","1 F., No. 48, Aly. 21, Ln. 259, Sec. 2, Zhongshan Rd., Zhongshan Vil., Taiping Dist., Taichung City 41170, Taiwan (R.O.C.)","朱O輝","04-23920268","04-23936900","有","有"
"77761983","20030923","20230921","泰成汽車商行","TAI CHENNG CO.","臺中市烏日區烏日里新興路91號1樓","1 F., No. 91, Xinxing Rd., Wuri Vil., Wuri Dist., Taichung City 41457, Taiwan (R.O.C.)","王O賢","04-2337-2108","","有","有"
"77762771","20020902","20210811","大同汽車商行","DATONE AUTOMOBILE HANG","臺中市大里區東昇里新仁路二段８號","No. 8, Sec. 2, Xinren Rd., Dongsheng Vil., Dali Dist., Taichung City 41251, Taiwan (R.O.C.)","黃O瑋","04-24861199","","有","有"
"77770033","20121023","20210811","員裕吊車行","YUAN YU CABLE CAR FIRM","彰化縣芳苑鄉三合村立德街27號1樓","1 F., No. 27, Lide St., Fangyuan Township, Changhua County 52861, Taiwan (R.O.C.)","張O裕","04-8955187","04-8950933","有","有"
"77771309","20021004","20210811","勁東企業社","JIN DONG CO.","彰化縣大城鄉大城村東勢路１０７號","No. 107, Dongshi Rd., Dacheng Vil., Dacheng Township, Changhua County 52761, Taiwan (R.O.C.)","魏O典","04-23253645","04-23274077","有","有"
"77773910","20200312","20210811","冠群工業社","GUAN CHIUN INDUSTRIAL COMPANY","彰化縣芳苑鄉後寮村工區三路7號","No. 7, Gongqu 3rd Rd., Fangyuan Township, Changhua County 52861, Taiwan (R.O.C.)","洪O遠","04-8966604","","有","有"
"77774349","20050316","20210812","松大企業社","SUNG TA STEEL CO.","彰化縣北斗鎮大新里大新路320號","No. 320, Daxin Rd., Daxin Vil., Beidou Township, Changhua County 52144, Taiwan (R.O.C.)","陳O松","04-8880888","","有","有"
"77774495","20021007","20210811","宏元工程行","HONG YUON CO.","彰化縣大城鄉大城村東平路353號1樓","1 F., No. 353, Dongping Rd., Dacheng Vil., Dacheng Township, Changhua County 52773, Taiwan (R.O.C.)","許O壽","04-23253645","04-23274077","有","有"
"77778274","20011220","20221224","森景工藝社","SEN JING HANDICRAFTS CO.","彰化縣鹿港鎮東石里海浴路６７號","No. 67, Haiyu Rd., Dongshi Vil., Lukang Township, Changhua County 505006, Taiwan (R.O.C.)","陳O昌","04-776-2771","04-776-1067","無","無"
"77780200","20070329","20210811","聯合企業社","LIAN HER BUSINESS HOUSE","彰化縣福興鄉同安村員鹿路一段五七九巷六一號","No. 61, Ln. 579, Sec. 1, Yuanlu Rd., Fuxing Township, Changhua County 50644, Taiwan (R.O.C.)","尤O仁","04-7770502","04-7784249","有","有"
"77780497","20060512","20210811","東鐘商行","DONG JHONG SHANG HANG","彰化縣溪州鄉西畔村西南巷１００號","No. 100, Xinan Ln., Xizhou Township, Changhua County 52442, Taiwan (R.O.C.)","鄭O秀蘭","04-8803180","","有","有"
"77781524","20160825","20221216","百發鐵工廠","BAI FA IRON WORKS","彰化縣埔鹽鄉豐澤村埔打路2巷25號","No. 25, 2nd Ln., Puda Rd., Fengze Vil., Puyan Township,  Changhua County 516014, Taiwan (R.O.C.)","巫O進","04-8853191","","有","有"
"77782381","20170918","20210811","全英企業社","CUAN YING CO.","彰化縣秀水鄉馬興村雅興街188巷28號","No. 28, Ln. 188, Yaxing St., Xiushui Township, Changhua County 50442, Taiwan (R.O.C.)","陳O英","04-7625308","04-7625310","有","有"
"77782729","19941117","20210811","皇門企業社","HWANG MEN ENTERPRISE COMPANY","雲林縣古坑鄉古坑村文淵路１之１４７號","No. 1-147, Wenyuan Rd., Gukeng Township, Yunlin County 64650, Taiwan (R.O.C.)","蕭O智","048-364115","048-364116","有","有"
"77784803","20140811","20210812","上弘工業社","SHANG HONG KE INDUSTRIAL CO.","彰化縣鹿港鎮頂番里彰頂路臨２８之１號","No. 28-1, Zhangding Rd., Dingfan Vil., Lukang Township, Changhua County 50567, Taiwan (R.O.C.)","柯O科","04-7712874","04-7710376","有","有"
"77785351","20100817","20210812","進益織帶廠","TGNN YGH WEAVING BELT WORKS","彰化縣伸港鄉什股村什股路１９１之２６號","No. 191-26, Shigu Rd., Shengang Township, Changhua County 50956, Taiwan (R.O.C.)","吳O金","04-7994067","04-7994066","有","有"
"77786014","20130130","20210811","資益工業社","TZUYI INDUSTRY CO.","彰化縣鹿港鎮溝墘里溝墘巷一八三弄十一號","No. 11, Aly. 183, Gouqian Vil., Lukang Township, Changhua County 505, Taiwan (R.O.C.)","洪O慶","04-7711917","04-7715433","有","有"
"77786372","20011113","20210811","章勝工業社","CHANG SHENG INDUSTRIAL CO.","彰化縣花壇鄉白沙村田墘巷198號","No. 198, Tianqian Ln., Huatan Township, Changhua County 50350, Taiwan (R.O.C.)","余O章","04-7229107","04-7266479","有","有"
"77786437","20230823","20230823","銘陽塑膠染料行","MING YANG DYSTUFF CO.","彰化縣彰化市磚磘里彰草路401號1樓","1 F., No. 401, Zhangcao Rd., Changhua City, Changhua County 500027, Taiwan (R.O.C.)","張O福","04-7635168","","有","有"
"77786871","20030512","20210812","銘大工具行","MING DAH TOOLS SHOP","彰化縣彰化市向陽里崙平南路248巷8號","No. 8, Ln. 248, Lunping S. Rd., Xiangyang Vil., Changhua City, Changhua County 50090, Taiwan (R.O.C.)","李O和","04-762-3488","04-752-5080","有","有"
"77787169","20180808","20210811","尚宇製模工業社","Sang Yu Molding Industrial Co.","彰化縣彰化市平和里平安街278巷5弄11號","No. 11, Aly. 5, Ln. 278, Ping’an St., Pinghe Vil., Changhua City, Changhua County 50055, Taiwan (R.O.C.)","王O雪","04-7623688","04-7623690","有","有"
"77794160","20000817","20210812","長虹網版企業社","EVERAINBOW SILK SCREEN ENTERPRISE CO.","新北市鶯歌區鶯桃路３５之６號","No. 35-6, Yingtao Rd., Yingge Dist., New Taipei City 23942, Taiwan (R.O.C.)","陳O興","02-26709519","02-26785408","有","有"
"77798031","20050504","20210811","晉弘企業社","JA-HO ENTERPRISE CO.","新北市鶯歌區鶯桃路１２９巷１２弄１１號１樓","1 F., No. 11, Aly. 12, Ln. 129, Yingtao Rd., Yingge Dist., New Taipei City 23942, Taiwan (R.O.C.)","賴O文","02-26794910","","有","有"
"77801606","20000824","20210812","梭環機械廠","SUO HWAN MACHINERY CO.","新北市板橋區富山街６巷３２、３４號１樓","1 F., No. 34, Ln. 6, Fushan St., Banqiao Dist., New Taipei City 22070, Taiwan (R.O.C.)","趙O傑","02-29551410","02-29553257","有","有"
"77802083","20140829","20230721","博智創形企業社","PO CHIH ENTERPRISE COMPANY","新北市三重區六張街46號2樓","2 F., No. 46, Liuzhang St., Sanchong Dist., New Taipei City 241045, Taiwan (R.O.C.)","楊O志","02-29875955","02-89853199","有","有"
"77802653","20090907","20210811","裕農水果行","YU NONG FRUITS HANG","新北市三重區中正北路１１１號１樓","1 F., No. 111, Zhongzheng N. Rd., Sanchong Dist., New Taipei City 24141, Taiwan (R.O.C.)","林O言","02-27203476","02-27297005","有","有"
"77804913","19990126","20210811","精城企業社","GEEN CHENG ENTERPRISE CO., LTD.","新北市鶯歌區鶯桃路２０９巷１６號１樓","1 F., No. 16, Ln. 209, Yingtao Rd., Yingge Dist., New Taipei City 23943, Taiwan (R.O.C.)","詹O清","02-26791276","","有","有"
"77806341","20170616","20210811","久如汽車商行","JIOU RU MOTOR CO., LTD.","新北市中和區環中路80號","No. 80, Huanzhong Rd., Zhonghe Dist., New Taipei City 23586, Taiwan (R.O.C.)","王O福","02-22231232","02-22289717","有","有"
"77810083","20031222","20240802","慶豐金商行","CHINQ FENG JIN HANG","雲林縣斗六市光興里興南街32號2樓","2 F., No. 32, Xingnan St., Guangxing Vil., Douliu City, Yunlin County 640010, Taiwan (R.O.C.)","蔡O璋","05-5323670","05-5339661","無","無"
"77810268","20070521","20231125","自強手套廠","CHU CHIANG GLOVE FACTORY","雲林縣斗南鎮東明里成功路二一之十號","No. 21-10, Chenggong, Dongming Vil., Dounan Township, Yunlin County 63045, Taiwan (R.O.C.)","紀O香","05-5961666","05-5970982","有","有"
"77811822","20100310","20210811","瑞芳汽車底盤材料行","RUEIFANG MOTOR CAR CHASSIS MATERIAL CO.","雲林縣西螺鎮漢光里吉興街二二號","No. 22, Jixing St., Hanguang Vil., Xiluo Township, Yunlin County 64852, Taiwan (R.O.C.)","許O成","05-5863995","05-5869148","有","有"
"77812527","20171020","20210812","東雲企業社","TONG YUN GREENHOUSE MATERIALS CO.","雲林縣林內鄉重興村進興路19之3號","No. 19-3, Jinxing, Linnei Township, Yunlin County 64344, Taiwan (R.O.C.)","何O珮","05-5891278","05-5898373","有","有"
"77812879","20020830","20210811","合廷汽車商行","HERTINE AUTOMOBILE HANG","雲林縣莿桐鄉莿桐村延平路277號一樓","1 F., No. 277, Yanping Rd., Citong Township, Yunlin County 64742, Taiwan (R.O.C.)","黃O廷","05-5518925","","無","無"
"77815427","20001016","20221105","福利洋傘企業社","FU LI UMBRELLA ENTERPRISE CO.","雲林縣斗六市成功里大學路一段三八Ｏ號一樓","1 F., No. 380, Sec. 1, University Road, Chenggong Vil., Douliu City, Yunlin County 640114, Taiwan (R.O.C.)","鐘OO","05-5326645","05-5344573","有","有"
"77815550","20141021","20241231","協成西崙米廠","SIE-CHENG SILUO RICE FACTORY","雲林縣西螺鎮河南里西崙路四五號","No. 45, Xilun Rd., Henan Vil., Xiluo Township, Yunlin County 64862, Taiwan (R.O.C.)","陳O憲","05-5870323","05-5862022","有","有"
"77815616","19920715","20210812","風格傢具店","STYLE FURNITURE CO., LTD.","雲林縣斗南鎮西岐里大同路五八號","No. 58, Datong Rd., Xiqi Vil., Dounan Township, Yunlin County 63052, Taiwan (R.O.C.)","許O耀","05-5961881","","有","有"
"77816495","20021211","20241112","建成精機企業社","JENG CHERN COMPANY","雲林縣大埤鄉豐田村田庄3號","No. 3, Tianzhuang, Dapi Township, Yunlin County 63144, Taiwan (R.O.C.)","張O嘉","05-5917699","","有","有"
"77817190","20150925","20210812","信利五金行","SHINN LIN METAL ENTERPRISE CO.","雲林縣大埤鄉豐田村延平路三段六號一樓","1 F., No. 6, Sec. 3, Yanping Rd., Dapi Township, Yunlin County 63144, Taiwan (R.O.C.)","王O華","05-5915855","","有","有"
"77818536","20221215","20221215","太眾輪胎行","TAI ZHONG TIRE Co.","雲林縣莿桐鄉興桐村和平路200號","No. 200, Heping Rd., Citong Township, Yunlin County 647004, Taiwan (R.O.C.)","鄭O玲","05-5848733","","有","有"
"77822644","20041007","20210811","彩豊食品行","Tsaifong Foodstuff Company","雲林縣斗六市三平里西平路一三七號一樓","1 F., No. 137, Xiping Rd., Sanping Vil., Douliu City, Yunlin County 64049, Taiwan (R.O.C.)","侯O美","05-5348479","05-5516226","有","有"
"77823361","20201027","20210811","弘昌鐵工廠","Hongchang Iron Factory.","雲林縣斗南鎮小東里大同路四二八號","No. 428, Datong Rd., Xiaodong Vil., Dounan Township, Yunlin County 63050, Taiwan (R.O.C.)","曾O昌","05-5977343","","有","有"
"77824333","20031002","20210812","東豪傢俱行","DONG HAO CO.","雲林縣斗南鎮西岐里建國二路六號一樓","1 F., No. 6, Jianguo 2nd Rd., Xiqi Vil., Dounan Township, Yunlin County 63044, Taiwan (R.O.C.)","沈O儀","05-5963815","","有","有"
"77830412","19950512","20210811","羅普國際商社","PRO MUSIC INTERNATIONAL CO.","新北市永和區永和路2段57號7樓","7 F., No. 57, Sec. 2, Yonghe Rd., Yonghe Dist., New Taipei City 23444, Taiwan (R.O.C.)","羅O芳","02-29297659","02-29256433","有","有"
"77835654","20021204","20210811","關傳雍設計工作室","ERNEST GUAN DESIGN STUDIO","臺北市大安區大安路1段147號3樓","3 F., No. 147, Sec. 1, Da’an Rd., Da’an Dist., Taipei City 10685, Taiwan (R.O.C.)","胡O如","(02)2741-1888","(02)2721-1401","無","無"
"77835958","19930506","20210811","鴻揚企業行","HONK YON ENTERPRISE CO.","臺北市大安區復興南路1段253巷8號4樓之3","4F.-3, No. 8, Ln. 253, Sec. 1, Fuxing S. Rd., Da’an Dist., Taipei City 10665, Taiwan (R.O.C.)","尹O南","02-27542074","","無","無"
"77836730","20020905","20210812","彩菱商行","TSAE LING STORE","臺北市大安區信義路3段108號1樓","1 F., No. 108, Sec. 3, Xinyi Rd., Da’an Dist., Taipei City 10658, Taiwan (R.O.C.)","彭O美","02-26594048","02-27987067","有","有"
"77838420","19990108","20210812","信泉布行","SIN CHUAN MATERIAL STORE","臺北市大安區通化街39巷54弄4號1樓","1 F., No. 4, Aly. 54, Ln. 39, Tonghua St., Da’an Dist., Taipei City 10678, Taiwan (R.O.C.)","李O蓮","02-23250688","02-27084930","有","有"
"77841924","20050620","20210811","元鼎晒圖行","YUAN TING  COPY CENTER CO.","臺北市大安區樂業街46號1樓","1 F., No. 46, Leye St., Da’an Dist., Taipei City 10675, Taiwan (R.O.C.)","王O玲","02-27352050","02-7352080","有","有"
"77843697","20060314","20230125","房角石家飾店","CORNER STONE FURNITURE CO.","臺北市中正區牯嶺街130號地下樓","No. 130, Guling St., Zhongzheng Dist., Taipei City 100039, Taiwan (R.O.C.)","陳O平","02-27027585","02-27024579","無","無"
"77845891","20130815","20230524","莉蓮服飾精品店","LILIEN DELUXE CO.","臺北市大安區忠孝東路4段170巷18弄1號1樓","1 F., No. 1, Aly. 18, Ln. 170, Sec. 4, Zhongxiao E. Rd., Da’an Dist., Taipei City 106057, Taiwan (R.O.C.)","田O蓮","02-27763991","02-27760913","有","有"
"77849664","19921117","20210812","隆紀貿易行","LOUNG GIN TRADING CO.","臺北市大安區羅斯福路3段81號7樓之2","7F.-2, No. 81, Sec. 3, Roosevelt Rd., Da’an Dist., Taipei City 10646, Taiwan (R.O.C.)","黃O龍","02-23682777","02-23682812","無","無"
"77866635","20040213","20210811","民豐家飾行","MING FONG HOME DECO. CO.","臺北市大安區永康街12之4號1樓","1 F., No. 12-4, Yongkang St., Da’an Dist., Taipei City 10651, Taiwan (R.O.C.)","陳O音","2351-7760","2392-3024","有","有"
"77868628","20120829","20210812","加爾文出版社","The Calvin Publications Co.","臺北市文山區興隆路4段151號5樓之8","5F.-8, No. 151, Sec. 4, Xinglong Rd., Wenshan Dist., Taipei City 11661, Taiwan (R.O.C.)","錢O誠","02-22349381","02-22341978","有","有"
"77889996","20041008","20220810","梅生企業社","PALACIOS INTERNATIONAL CO.","臺北市松山區南京東路4段171號","No. 171, Sec. 4, Nanjing E. Rd., Songshan Dist., Taipei City 105024, Taiwan (R.O.C.)","俞O瑛","(02)27415698","(02)27523447","有","有"
"77891331","20050311","20210812","琴和服飾店","CHIN HO CLOTHES CO.","臺北市大安區忠孝東路4段97號2樓之13","2F.-13, No. 97, Sec. 4, Zhongxiao E. Rd., Da’an Dist., Taipei City 10690, Taiwan (R.O.C.)","郭O華","02-27216102","","有","有"
"77898670","20201027","20210812","梵緯工作室","Vanwei Studio","臺北市松山區復興南路1段1號14樓之2","14F.-2, No. 1, Sec. 1, Fuxing S. Rd., Songshan Dist., Taipei City 10556, Taiwan (R.O.C.)","韓O緯","02-27495696","","有","有"
"77901773","20020910","20210811","延吉眼鏡行","YEN CHY OPTICAL CO.","臺北市大安區延吉街110之1號1樓","1 F., No. 110-1, Yanji St., Da’an Dist., Taipei City 10696, Taiwan (R.O.C.)","林O隆","04-761-2211","04-761-9641","有","有"
"77907657","19990716","20210812","秀山莊戶外休閒旅遊用品社","COUNTRY ROAD OUTDOOR & TRAVEL GOODS CO.","臺北市大安區信義路3段164之3號","No. 164-3, Sec. 3, Xinyi Rd., Da’an Dist., Taipei City 10658, Taiwan (R.O.C.)","陳O安","02-2702-3169","2754-5969","有","有"
"77909276","20230220","20240904","唐格妮子坊","Tang Ge Co.","臺北市大安區和平東路1段141巷7號","No. 7, Ln. 141, Sec. 1, Heping E. Rd., Da'an Dist., Taipei City 106010, Taiwan (R.O.C.)","余O娢","02-23911658","","無","無"
"77913736","20010427","20210811","峰偉咖啡商行","LA CREMA STORE","臺北市大安區光復南路280巷45號1樓","1 F., No. 45, Ln. 280, Guangfu S. Rd., Da’an Dist., Taipei City 10694, Taiwan (R.O.C.)","鍾O弘","2731-3264","","有","有"
"77919160","19960409","20210812","歐亞貿易行","EURASIAS INDUSTRIES CORP.","臺北市萬華區國興路8號11樓","11 F., No. 8, Guoxing Rd., Wanhua Dist., Taipei City 10881, Taiwan (R.O.C.)","劉O燕","02-23097834","02-23329410","有","有"
"77921975","20010105","20210811","錦宏珠寶行","JIIN HORNG JEWELRY CO.","臺北市中山區長春路173號1樓","1 F., No. 173, Changchun Rd., Zhongshan Dist., Taipei City 10479, Taiwan (R.O.C.)","蔡O珠","25168138","25043251","有","有"
"77926612","20080519","20230622","高典企業社","KAO DIAN & CO.","臺北市大同區環河北路2段235巷3號4樓","4 F., No. 3, Ln. 235, Sec. 2, Huanhe N. Rd., Datong Dist., Taipei City 103044, Taiwan (R.O.C.)","高O權","02-28151549","02-28117903","有","有"
"77926710","20141117","20210812","育林出版社","YU LIN PUBLISHING HOUSE","臺北市士林區大西路18號1樓","1 F., No. 18, Daxi Rd., Shilin Dist., Taipei City 11143, Taiwan (R.O.C.)","李O堯","02-28820921","02-28820744","有","有"
"77934227","20110609","20240514","知愛堂","CHIH AI TANG CO.","臺中市新社區協成里華豐街８之１號","No. 8-1, Huafeng St., Xiecheng Vil., Xinshe Dist., Taichung City 426019, Taiwan (R.O.C.)","王O彬","04-22052696","04-22031238","有","有"
"77936647","20201109","20210811","我家遊樂器用品社","WOJIA Game Stores","臺中市北區大湖里太平路１５５－１號１樓","1 F., No. 155-1, Taiping Rd., Dahu Vil., North Dist., Taichung City 40444, Taiwan (R.O.C.)","許O繐兆","04-22063277","","有","有"
"77942394","20021021","20210812","順光電料行","XHUN GUANG ELECTRIC APPLIANCE CO.","臺中市西區公舘里三民西路113號1樓","1 F., No. 113, Sanmin W. Rd., West Dist., Taichung City 40346, Taiwan (R.O.C.)","廖O德","04-8853517","04-8853952","有","有"
"77952293","20231220","20231220","三元茗茶","Sanyuan tea Company","臺中市西區公平里大隆路３１號一樓","1 F., No. 31, Dalong Rd., Gongping Vil., West Dist., Taichung City 403016, Taiwan (R.O.C.)","劉O助","0423288536","","有","有"
"77959129","20190524","20210811","浸宣書房","Conservative Baptist Bookstore","臺中市北區建興里梅亭街２５０號一樓","1 F., No. 250, Meiting St., Jianxing Vil., North Dist., Taichung City 40454, Taiwan (R.O.C.)","王O仁","04-22352532#21","04-22352518","有","有"
"77959465","20120420","20210811","華三珠寶銀樓","HUASHAN JEWELRY SHOPS","臺中市北區新北里錦新街42號1樓","1 F., No. 42, Jinxin St., Xinbei Vil., North Dist., Taichung City 40455, Taiwan (R.O.C.)","賴O聰","04-22240718","","有","有"
"77963377","19941015","20210812","現代畫廊","MODERN ART GALLERY","臺中市西區民龍里公益路１５５巷９號底壹層","No. 9, Ln. 155, Gongyi Rd., Minlong Vil., West Dist., Taichung City 40360, Taiwan (R.O.C.)","施O仁","04-23291217","04-23291309","有","有"
"77963691","20000424","20210811","龍太極精品名店","LUNG TAICHI ART SHOP","臺中市北區錦洲里進化路６３８號一樓","1 F., No. 638, Jinhua Rd., Jinzhou Vil., North Dist., Taichung City 40450, Taiwan (R.O.C.)","陳O龍","04-22366091","04-22315288","有","有"
"77966424","20000331","20210811","鉅豐汽車材料行","JIUH FENG AUTO MATERIALS COMPANY","臺中市西區三民里公館路５２號一樓","1 F., No. 52, Gongguan Rd., Sanmin Vil., West Dist., Taichung City 40343, Taiwan (R.O.C.)","楊O榮","04-23751356","04-23751370","有","有"
"77972946","20220622","20220622","仁愛醫療財團法人","JEN-AI MEDICAL FOUNDATION","台中市大里區國光里東榮路483號","No. 483, Dongrong Rd., Guoguang Vil., Dali Dist., Taichung City 412224, Taiwan (R.O.C.)","郭O華","04-24819900","","有","有"
"77974590","20150921","20150921","財團法人精密機械研究發展中心","PRECISION MACHINERY RESEARCH & DEVELOPMENT CENTER","臺中市西屯區４０７協和里工業區３７路２７號","NO.27, 37TH ROAD, TAICHUNG INDUSTRIAL PARK, TAICHUNG, TAIWAN, R.O.C.","嚴O雄","04-23599009#805","04-23598846","有","有"
"77977718","19930802","19930802","華中商行","LUXTOP INT'L CORP.","台中巿西區民生路１５９號７樓","7F, NO.159, MIN SHENG RD., HSI DIST., TAICHUNG TAIWAN R.O.C.","黃O煌","04-22930783","04-22930882","無","無"
"77977837","20000922","20030908","明品米行","MIPEN RICE COMPANY","台中市南屯區豐樂里文心南三路７１９號","NO.719, WU SI S. 3 ROAD, FO LA LI, TAICHUNG, TAIWAN, R.O.C.","王O嘉","04-2386-8025","","有","有"
"77980164","20030929","20210811","勇全工業社","YUNG CHIUANN INDUSTRY CO.","新竹縣湖口鄉鳳山村新興路４３６號","No. 436, Xinxing Rd., Hukou Township, Hsinchu County 30350, Taiwan (R.O.C.)","陳O全","","","有","無"
"77988193","20081015","20210811","大新實業社","DARH SHIN CO.","新竹縣竹東鎮榮樂里長春路２段１３６號１樓","1 F., No. 136, Sec. 2, Changchun Rd., Rongle Vil., Zhudong Township, Hsinchu County 31047, Taiwan (R.O.C.)","劉O妹","03-5103990","","有","有"
"77988911","19900119","20210811","長川機械鐵工廠","CHANG CHUAN MACHINERY WORKS","新竹縣新豐鄉後湖村１３鄰１１股５７–１號","No. 57-1, Shiyigu, 13th Neighborhood, Xinfeng Township, Hsinchu County 30447, Taiwan (R.O.C.)","葉O德","035-997921","","有","有"
"77988927","20101201","20210811","千瀚企業社","CHIEN HAN ENTERPRISE CO.","新竹縣竹北市崇義里鳳岡路３段４１２巷６０弄３號１樓","1 F., No. 3, Aly. 60, Ln. 412, Sec. 3, Fenggang Rd., Chongyi Vil., Zhubei City, Hsinchu County 30287, Taiwan (R.O.C.)","曾O茂","03-5561461","03-5562435","有","有"
"77999059","20100701","20210811","和星企業社","HE-SING ENTERPRISE CO.","新竹縣新豐鄉埔和村１４鄰埔頂３６８號","No. 368, Puding, 14th Neighborhood, Xinfeng Township, Hsinchu County 30446, Taiwan (R.O.C.)","姜O花","03-5680395","03-5688532","有","有"
"77999425","20201112","20210812","金輝企業社","Jin hui Stainless co.","新竹縣竹東鎮鷄林里北興路1段365號","No. 365, Sec. 1, Beixing Rd., Zhudong Township, Hsinchu County 31042, Taiwan (R.O.C.)","呂O蓁","03-5959497","","有","有"
