"統一編號","原始登記日期","核發日期","廠商中文名稱","廠商英文名稱","中文營業地址","英文營業地址","代表人","電話號碼","傳真號碼","進口資格","出口資格"
"36000193","19920828","20210815","立明球塞凡爾企業股份有限公司","LEE MIN BALL VALVE ENTERPRISE CO., LTD.","桃園市龜山區嶺頂里茶專路34號","No. 34, Chazhuan Rd., Lingding Vil., Guishan Dist., Taoyuan City 33349, Taiwan (R.O.C.)","卓O宜","03-3296528","03-3502863","有","有"
"36000454","19960123","20210813","來群實業股份有限公司","LAI CHUN INDUSTRY CO., LTD.","新北市三重區中正北路315巷6弄8之1號1樓","1 F., No. 8-1, Aly. 6, Ln. 315, Zhongzheng N. Rd., Sanchong Dist., New Taipei City 24157, Taiwan (R.O.C.)","黃O輝","02-29813994","02-29857007","有","有"
"36000594","19981113","20210814","鉅智機械股份有限公司","JIUH JYH PRECISION CO., LTD.","新北市土城區復興街20之1號","No. 20-1, Fuxing St., Tucheng Dist., New Taipei City 23678, Taiwan (R.O.C.)","黃O豪","02-22685766","02-22687961","有","有"
"36000742","19801030","20210813","維利錫品股份有限公司","WELLEY SOLDER CORPORATION","新北市新莊區民安路387巷9號之1","No. 9-1, Ln. 387, Min’an Rd., Xinzhuang Dist., New Taipei City 24258, Taiwan (R.O.C.)","江O一","02-22040646","02-22040647","有","有"
"36000911","20000506","20230408","三煜通信電機股份有限公司","SAN YUH COMM. CO., LTD.","新北市三重區重新路5段609巷16號3樓之1","3 F.-1, No. 16, Ln. 609, Sec. 5, Chongxin Rd., Sanchong Dist., New Taipei City 241408, Taiwan (R.O.C.)","陳O銘","02-29737676","02-29724202","有","有"
"36001643","19820302","20210814","福記塑膠工業有限公司","FU GEE PLASTIC INDUSTRIAL CO., LTD.","桃園市蘆竹區內厝里長安路2段42號","No. 42, Sec. 2, Chang’an Rd., Neicuo Vil., Luzhu Dist., Taoyuan City 33852, Taiwan (R.O.C.)","黃O士","02-29928018","","有","有"
"36002191","19950908","20210814","在祥機械股份有限公司","KONPRO PUMP MFG. CO., LTD.","新北市樹林區東豐街49巷50號","No. 50, Ln. 49, Dongfeng St., Shulin Dist., New Taipei City 23874, Taiwan (R.O.C.)","陳O麟","02-86852770","02-86867676","有","有"
"36002220","19930304","20210813","虎將興業股份有限公司","G-PRO INDUSTRIES CORP.","彰化縣鹿港鎮詔安里田洋巷33號","No. 33, Tianyang Ln., Zhao’an Vil., Lukang Township, Changhua County 50545, Taiwan (R.O.C.)","陳O蘭","047-760106","047-760206","有","有"
"36002544","19810423","20210812","吉勤企業有限公司","SHYE JENN ELECTRIC MFG. CO., LTD.","新北市新莊區化成路267巷58號","No. 58, Ln. 267, Huacheng Rd., Xinzhuang Dist., New Taipei City 24252, Taiwan (R.O.C.)","洪O隆","02-29912206","","有","有"
"36002565","19970708","20210814","亞日企業股份有限公司","AIZEE ENTERPRISE CO., LTD.","新北市三重區光復路1段99巷17號","No. 17, Ln. 99, Sec. 1, Guangfu Rd., Sanchong Dist., New Taipei City 24158, Taiwan (R.O.C.)","黎O伶","02-29849638","","有","有"
"36002592","19980527","20210815","恒模精密工業股份有限公司","FING-MORE PRECISION INDUSTRY CO., LTD.","新北市新莊區化成路83巷50號","No. 50, Ln. 83, Huacheng Rd., Xinzhuang Dist., New Taipei City 24252, Taiwan (R.O.C.)","范O豪","02-29961133","02-29961769","有","有"
"36002946","19980219","20210813","紘達有限公司","FINE DAHO CO., LTD.","臺北市內湖區民權東路6段123巷28號5樓之3","5F.-3, No. 28, Ln. 123, Sec. 6, Minquan E. Rd., Neihu Dist., Taipei City 11490, Taiwan (R.O.C.)","周O達","02-27921585","","有","有"
"36003874","19820320","20210812","正統熱體工業股份有限公司","CHENG TUANG HEATERS INDUSTRIAL CO., LTD.","新北市樹林區東興街55號","No. 55, Dongxing St., Shulin Dist., New Taipei City 23850, Taiwan (R.O.C.)","吳O嬌","02-86866740","","有","有"
"36004439","20031001","20210811","蘇葯局","SU CO.","新北市新莊區中平路６巷３７號","No. 37, Ln. 6, Zhongping Rd., Xinzhuang Dist., New Taipei City 24249, Taiwan (R.O.C.)","蘇O智","02-24417818","","有","有"
"36005275","19800618","20210815","藍泰實業有限公司","LUCKTIE ENTERPRISE CO., LTD.","新北市板橋區民治街52巷7弄5號2樓","2 F., No. 5, Aly. 7, Ln. 52, Minzhi St., Banqiao Dist., New Taipei City 22045, Taiwan (R.O.C.)","詹O造","02-22525747","","有","有"
"36005747","20061103","20210813","市鎮工業有限公司","SHR JEN INDUSTRY CO., LTD.","新北市三重區永安北路2段5巷27號","No. 27, Ln. 5, Sec. 2, Yong’an N. Rd., Sanchong Dist., New Taipei City 24153, Taiwan (R.O.C.)","劉O木","02-28572477","","有","有"
"36005991","19871023","20210813","川樂機電股份有限公司","CHUAN YAO MACHINERY & ELECTRICAL CORP.","桃園市中壢區中壢工業區合定路23號","No. 23, Heding Rd., Zhongli Dist., Taoyuan City 32061, Taiwan (R.O.C.)","簡O敏","03-4626369","03-4624813","有","有"
"36006350","19830414","20210813","若福工業股份有限公司","ROU FU INDUSTRY CO., LTD.","新北市泰山區德安街13號","No. 13, De’an St., Taishan Dist., New Taipei City 24355, Taiwan (R.O.C.)","洪O輝","02-29030064","02-29036415","有","有"
"36006725","19970709","20210814","鑫鐵企業股份有限公司","HSIN IRON ENTERPRISE INCORPORATION","新北市新莊區五權一路7號4樓之8","4F.-8, No. 7, Wuquan 1st Rd., Xinzhuang Dist., New Taipei City 24892, Taiwan (R.O.C.)","林O仁","02-22995537","02-22996021","有","有"
"36006892","20000424","20230922","北台企業有限公司","BE TAI ENTERPRISE CO., LTD.","新北市三重區中正北路530巷23號","No. 23, Ln. 530, Zhongzheng N. Rd., Sanchong Dist., New Taipei City 241027, Taiwan (R.O.C.)","施O發","29893895","29834608","有","有"
"36007674","20010410","20210811","佳興鐵工廠","JIA-SHING STEEL FACTORY","新北市新莊區化成路１１巷４１弄１號","No. 1, Aly. 41, Ln. 11, Huacheng Rd., Xinzhuang Dist., New Taipei City 24252, Taiwan (R.O.C.)","梁O貴","02-29936866","02-29913280","有","有"
"36007695","20231124","20231124","億昇水果行","Yi Sheng Grape Firm","新北市三重區中正北路１１１號","No. 111, Zhongzheng N. Rd., Sanchong Dist., New Taipei City 241037, Taiwan (R.O.C.)","周O甯","0928229126","","有","有"
"36007870","20010327","20210813","奇鋼精機廠有限公司","CHIKON INDUSTRIAL SEWING MACHINE CO., LTD.","新北市三重區溪尾街108巷2號","No. 2, Ln. 108, Xiwei St., Sanchong Dist., New Taipei City 24152, Taiwan (R.O.C.)","陳O弘","02-2286-8427","02-2287-8708","有","有"
"36008688","20240108","20240108","大新彈簧有限公司","Tashin Spring CO., LTD.","新北市新莊區新樹路257巷8號","No. 8, Ln. 257, Xinshu Rd., Xinzhuang Dist., New Taipei City 242066, Taiwan (R.O.C.)","林O宸","02-22066706","02-22066559","有","有"
"36008821","19880428","20210825","龍泉鋼業股份有限公司","LUNG CHVAN STEEL CO., LTD.","新北市五股區五工二路116巷11號","No. 11, Ln. 116, Wugong 2nd Rd., Wugu Dist., New Taipei City 24888, Taiwan (R.O.C.)","劉O芳","02-2991090-2","02-22991060","有","有"
"36008982","20010501","20240531","加健工業有限公司","CHIA CHIEN INDUSTRIAL CO., LTD.","新北市樹林區三龍街22號","No. 22, Sanlong St., Shulin Dist., New Taipei City 23866, Taiwan (R.O.C.)","黃O文","02-26892171","02-26891900","有","有"
"36009223","19920513","20210814","北譯精機股份有限公司","PEI-EI PRECISION MACHINERY CO., LTD.","桃園市龜山區嶺頂里茶專路14號","No. 14, Chazhuan Rd., Lingding Vil., Guishan Dist., Taoyuan City 33349, Taiwan (R.O.C.)","張O波","03-3195466","03-3191381","有","有"
"36009589","19800815","20230504","銘岱實業股份有限公司","BIG TIME AUTO PARTS MFG. CO., LTD.","臺南市仁德區保安里二仁路1段160號","No. 160, Sec. 1, Erren Rd., Bao’an Vil., Rende Dist., Tainan City 717015, Taiwan (R.O.C.)","黃O燕","06-2663121-4","06-2664126","有","有"
"36009997","19830606","20221103","大震網印機械股份有限公司","TA CHEN SCREEN PRINTER CO., LTD.","新北市三重區重陽路1段111之2號2樓","2 F., No. 111-2, Sec. 1, Chongyang Rd., Sanchong Dist., New Taipei City 241038, Taiwan (R.O.C.)","張O年","02-29999156","02-29996879","無","無"
"36010018","19800709","20210813","松如實業有限公司","SUNG RU INDUSTRIAL CO., LTD.","新北市樹林區大安路一四五巷二八號","No. 28, Ln. 145, Da’an Rd., Shulin Dist., New Taipei City 23847, Taiwan (R.O.C.)","賴O芳","02-26836300","","有","有"
"36010571","19970225","20211001","得興塗料工業有限公司","DU SHING PAINT INDUSTRIAL CO., LTD.","新北市泰山區大科一路233號之1","No. 233-1, Dake 1st Rd., Taishan Dist., New Taipei City 24346, Taiwan (R.O.C.)","何O村","02-22967130","","有","有"
"36010782","20210617","20210813","上原鐵工廠有限公司","SHANG YUAN Iron Works Ltd.","新北市三重區力行路2段136巷1弄 6號1樓","1 F., No. 6, Aly. 1, Ln. 136, Sec. 2, Lixing Rd., Sanchong Dist., New Taipei City 24156, Taiwan (R.O.C.)","邱O富","02-22802804","","有","有"
"36010853","19931022","20221216","明順灯飾有限公司","MING SHUN LIGHTING CO., LTD.","新北市三重區重陽路1段113巷1弄30號","No. 30, Aly. 1, Ln. 113, Sec. 1, Chongyang Rd., Sanchong Dist., New Taipei City 241038, Taiwan (R.O.C.)","何O傑","02-29711006","","有","有"
"36010869","19970607","20240420","東銀國際開發股份有限公司","EAST SILVER DEVELOPMENT CO., LTD.","臺北市大安區雲和街100號1樓","1 F., No. 100, Yunhe St., Da’an Dist., Taipei City 106018, Taiwan (R.O.C.)","陳O昌","02-29933859","02-29935326","有","有"
"36011092","19810401","20250415","臺灣晶體工業股份有限公司","TAIWAN CRYSTALS & GEMS, INC.","新北市新莊區思源路48號","No. 48, Siyuan Rd., Xinzhuang Dist., New Taipei City 24251, Taiwan (R.O.C.)","洪O敬","02-2991-6918","02-2994-7094","有","有"
"36011115","19990809","20210813","久本工業股份有限公司","CHIU PEN INDUSTRIAL CO., LTD.","新北市泰山區貴陽街55號","No. 55, Guiyang St., Taishan Dist., New Taipei City 24355, Taiwan (R.O.C.)","王O慶","(02)2904-4369","(02)2904-4639","有","有"
"36011446","20031212","20210814","信十工業有限公司","SHIN-SHI PLASTIC MOLD INDUSTRIAL, CO., LTD.","桃園市楊梅區富聯路225號","No. 225, Fulian Rd., Yangmei Dist., Taoyuan City 32649, Taiwan (R.O.C.)","朱O騰","02-8685-7173","02-8685-9277","有","有"
"36011467","19931229","20210813","北城超音波工業有限公司","PEI CHENG ULTRA. INDUSTRY CO., LTD.","新北市泰山區明志路2段320巷1弄9號(4樓)","4 F., No. 9, Aly. 1, Ln. 320, Sec. 2, Mingzhi Rd., Taishan Dist., New Taipei City 24356, Taiwan (R.O.C.)","王O中","02-22963731","02-22964747","有","有"
"36011749","19870812","20210813","龍福化工有限公司","LONG FULL CHEMICAL CO., LTD.","新北市新莊區中興街63號","No. 63, Zhongxing St., Xinzhuang Dist., New Taipei City 24244, Taiwan (R.O.C.)","陳O明","02-29936838","","有","有"
"36011776","19850815","20230526","新至陞科技股份有限公司","NISHOKU TECHNOLOGY INC.","新北市新莊區化成路11巷36號附編2樓至6樓、地下1層","2 F., No. 36, Ln. 11, Huacheng Rd., Xinzhuang Dist., New Taipei City 242039, Taiwan (R.O.C.)","陳O福","02-29983578","02-29983580","有","有"
"36011993","20030519","20210812","鴻祥塑膠廠","HON-SHIN PLASTIC FACTORY","新北市五股區五工一路１０４號１樓","1 F., No. 104, Wugong 1st Rd., Wugu Dist., New Taipei City 24887, Taiwan (R.O.C.)","林O淋","02-2299-2645","02-2299-2649","有","有"
"36012965","19800902","20230624","振祥鋼鐵機械股份有限公司","JENN SHANG MACHINERY CO., LTD.","彰化縣芬園鄉嘉興村芳草路一段183巷48號1樓","1F., No. 48, Ln. 183, Sec. 1, Fangcao Rd., Jiaxing Vil., Fenyuan Township,  Changhua County 502, Taiwan (R.O.C.)","王O泉","02-26097116","","無","無"
"36013015","19981203","20210815","上順精密工業股份有限公司","SHANG SHUN PRECISION INDUSTRIAL CO., LTD.","新北市三重區光復路2段23號1.2樓","2 F., No. 23, Sec. 2, Guangfu Rd., Sanchong Dist., New Taipei City 24158, Taiwan (R.O.C.)","蔡O民","02-29951436","02-29957705","有","有"
"36013394","19820617","20210813","安泰油墨工廠有限公司","AN-TAI PRINTING INK CO., LTD.","新北市泰山區美寧街64號","No. 64, Meining St., Taishan Dist., New Taipei City 24345, Taiwan (R.O.C.)","李O春","02-29095310","02-29095483","有","有"
"36013583","19930521","20250327","厚群工業股份有限公司","HO CHIUN INDUSTRIAL CO., LTD.","新北市新莊區化成路431巷6號","No. 6, Ln. 431, Huacheng Rd., Xinzhuang Dist., New Taipei City 242043, Taiwan (R.O.C.)","蔡O助","02-85213326","02-85213329","有","有"
"36013774","19951213","20210813","振宏工業有限公司","VOCO INDUSTRIAL CO., LTD.","新北市蘆洲區光華路22巷33弄3號","No. 3, Aly. 33, Ln. 22, Guanghua Rd., Luzhou Dist., New Taipei City 24757, Taiwan (R.O.C.)","陳O振","02-22823859","02-22811564","有","有"
"36013839","19830518","20210814","天昌工業股份有限公司","TANGIBLE INDUSTRIAL CO., LTD.","新北市板橋區綠堤街15號2樓","2 F., No. 15, Luti St., Banqiao Dist., New Taipei City 22051, Taiwan (R.O.C.)","張O賜","02-82099994","02-82090171","有","有"
"36014181","19990708","20240802","嘉通精密工業股份有限公司","CHIA TONG PRECISON INDUSTRIAL CO., LTD.","新北市新莊區福營路211號","No. 211, Fuying Rd., Xinzhuang Dist., New Taipei City 24258, Taiwan (R.O.C.)","","02-2906-4155","02-2906-3875","無","無"
"36014464","19950623","20210814","福營塑膠股份有限公司","FULL WIN PLASTIC CORP.","新竹縣湖口鄉工業區自強路15號","No. 15, Ziqiang Rd., Hukou Township, Hsinchu County 30352, Taiwan (R.O.C.)","張O童","03-5970738","03-5970740","有","有"
"36014725","20061011","20210813","元盛玻璃纖維有限公司","YUAN SHENG FIBER GLASS CO., LTD.","新北市泰山區明志路2段7巷10號","No. 10, Ln. 7, Sec. 2, Mingzhi Rd., Taishan Dist., New Taipei City 24349, Taiwan (R.O.C.)","蔡O露","02-29093113","","有","有"
"36015739","19880311","20210815","常友實業股份有限公司","SUNYU FRIENDS INDUSTRIAL CO., LTD.","新北市新莊區後港一路180號","No. 180, Hougang 1st Rd., Xinzhuang Dist., New Taipei City 24257, Taiwan (R.O.C.)","何O","02-29038997-8","","有","有"
"36016462","19830715","20221012","敏通企業股份有限公司","MINTRON ENTERPRISE CO., LTD.","新北市五股區五工一路123號","No. 123, Wugong 1st Rd., Wugu Dist., New Taipei City 248018, Taiwan (R.O.C.)","楊O榮","02-22990277","02-22989375","有","有"
"36016857","20000405","20210813","凱翔螺絲工業有限公司","KAY SHIAN SCREW IND. CO., LTD.","新北市三重區大勇街49號","No. 49, Dayong St., Sanchong Dist., New Taipei City 24156, Taiwan (R.O.C.)","施O真","02-29833196","02-29804461","有","有"
"36017510","19801030","20230627","上一工業股份有限公司","PROTH INDUSTRIAL CO., LTD.","臺中市西屯區協和里工業區九路20號","No. 20, Gongyequ 9th Rd., Xiehe Vil., Xitun Dist., Taichung City 407019, Taiwan (R.O.C.)","張O正","04-23592300","04-23591561","有","有"
"36017552","19890428","20210812","添興企業有限公司","TEAN HSING ENTERPRISE CO., LTD.","新北市三重區環河南路254巷39號1樓","1 F., No. 39, Ln. 254, Huanhe S. Rd., Sanchong Dist., New Taipei City 24144, Taiwan (R.O.C.)","王O芬","02-2976-0512","02-29760287","有","有"
"36017791","20020118","20210813","志林實業股份有限公司","CHIH LIN INDUSTRIAL CORP.","新北市三重區重新路5段627巷12號","No. 12, Ln. 627, Sec. 5, Chongxin Rd., Sanchong Dist., New Taipei City 24158, Taiwan (R.O.C.)","林O祥","02-2995-5603","02-2995-7470","有","有"
"36017835","19800916","20210813","合計企業有限公司","HOCHI ENTERPRISE CO., LTD.","新北市新莊區化成路195巷2之5號","No. 2-5, Ln. 195, Huacheng Rd., Xinzhuang Dist., New Taipei City 24252, Taiwan (R.O.C.)","王O村","02-29961931","","有","有"
"36017899","19990819","20210813","祐興機械股份有限公司","YOW HSING MACHINERY CO., LTD.","彰化縣伸港鄉溪底村興工路51之1號","No. 51-1, Xinggong Rd., Shengang Township, Changhua County 50971, Taiwan (R.O.C.)","陳O民","04-7588858","04-7990589","有","有"
"36017906","20001114","20210812","嘉煌照明器具有限公司","JIA HUANG LIGHTING CO., LTD.","臺北市大同區重慶北路3段171號1樓","1 F., No. 171, Sec. 3, Chongqing N. Rd., Datong Dist., Taipei City 10369, Taiwan (R.O.C.)","張O龍","02-25947898","02-25936593","有","有"
"36018200","19931109","20210813","千友企業有限公司","CHIAN YOU CO., LTD.","新北市新莊區建國二路85號之10","No. 85-10, Jianguo 2nd Rd., Xinzhuang Dist., New Taipei City 24265, Taiwan (R.O.C.)","王O冠","02-22049828","02-22028968","有","有"
"36018525","19960531","20210813","郁興螺絲工業有限公司","YUH SHING SCREW INDUSTRY CO., LTD.","臺北市中正區衡陽路10號12樓","12 F., No. 10, Hengyang Rd., Zhongzheng Dist., Taipei City 10045, Taiwan (R.O.C.)","黃O裕","02-82955355","02-22914764","有","有"
"36018736","19970320","20210813","伍正企業有限公司","GREAT WU CHENG ENTERPRISE CO., LTD.","新北市五股區成泰路2段147巷37號","No. 37, Ln. 147, Sec. 2, Chengtai Rd., Wugu Dist., New Taipei City 24858, Taiwan (R.O.C.)","蘇O忠","02-22922125","02-22922977","有","有"
"36018779","19791205","20210813","櫻梅貿易股份有限公司","ENZ GI CAR TRADING CO., LTD.","新北市三重區重新路2段78號11樓","11 F., No. 78, Sec. 2, Chongxin Rd., Sanchong Dist., New Taipei City 24142, Taiwan (R.O.C.)","陳O美","","","有","有"
"36018898","20031203","20230208","勤工企業有限公司","HARDHEAD WORK ENTERPRISE CO., LTD.","桃園市新屋區東明里2鄰埔工路561號 (1樓)","1 F., No. 561, Pugong Rd., 2nd Neighborhood, Dongming Vil., Xinwu Dist., Taoyuan City 327009, Taiwan (R.O.C.)","張O嘉","03-477-1779","","有","有"
"36019192","20051123","20210812","冠業紙器股份有限公司","GUAN YEH CARTON CO., LTD.","新北市新莊區中港路339巷26號3樓","3 F., No. 26, Ln. 339, Zhonggang Rd., Xinzhuang Dist., New Taipei City 24246, Taiwan (R.O.C.)","黃O槍","02-3528839","03-3529062","有","有"
"36019340","19801018","20210812","耀順企業股份有限公司","YAW HSUENN ENTERPRISE CO., LTD.","新北市三重區中央南路50巷2號2樓","2 F., No. 2, Ln. 50, Zhongyang S. Rd., Sanchong Dist., New Taipei City 24142, Taiwan (R.O.C.)","吳O健","02-29726951","02-29754300","有","有"
"36019382","20070710","20210812","恒億營造股份有限公司","HENG YI CONSTRUCTOR CO., LTD.","彰化縣彰化市崙平南路207號","No. 207, Lunping S. Rd., Changhua City, Changhua County 50090, Taiwan (R.O.C.)","王O信","047-625157","047-625227","有","有"
"36019897","19951214","20240717","北機工業股份有限公司","PEI GEAR INDUSTRIAL CO., LTD.","新北市鶯歌區育智路25號","No. 25, Yuzhi Rd., Yingge Dist., New Taipei City 239018, Taiwan (R.O.C.)","劉O達","02-29918948","","有","有"
"36019974","19880206","20210813","瑞菱工業股份有限公司","LEADING PRECISION INDUSTRIAL CO., LTD.","新北市樹林區俊英街196-1號","No. 196-1, Junying St., Shulin Dist., New Taipei City 23863, Taiwan (R.O.C.)","劉O瑞","02-26830420","","有","有"
"36020867","20040728","20210815","連揚鋼模有限公司","LIEN YANG STEEL MODEL CO., LTD.","新北市蘆洲區中山二路264號","No. 264, Zhongshan 2nd Rd., Luzhou Dist., New Taipei City 24756, Taiwan (R.O.C.)","陳O田","02-22828956","","有","有"
"36021401","19810911","20210815","卓美機械有限公司","FRAME WELL MACHINERY CO., LTD.","新北市三重區三和路3段170巷8弄25號1樓","1 F., No. 25, Aly. 8, Ln. 170, Sec. 3, Sanhe Rd., Sanchong Dist., New Taipei City 24145, Taiwan (R.O.C.)","卓O愛玉","02-29822182","","有","有"
"36021535","20150109","20210814","藝光橡膠有限公司","E-KWUNG RUBBER CO., LTD.","新北市新莊區新樹路69之61號","No. 69-61, Xinshu Rd., Xinzhuang Dist., New Taipei City 24262, Taiwan (R.O.C.)","黃O童","02-29027733","","有","有"
"36021541","19801113","20220928","合泰拉鍊股份有限公司","AZOK ZIPPER CO., LTD.","新北市土城區裕民路169號3樓","3 F., No. 169, Yumin Rd., Tucheng Dist., New Taipei City 236631, Taiwan (R.O.C.)","崔O雲","02-27252856","","有","有"
"36021633","19891016","20250415","名葉高爾夫股份有限公司","TOTAL GOLF CO., LTD.","臺北市中山區北安路512巷2號3樓之1","3F.-1, No. 2, Ln. 512, Bei’an Rd., Zhongshan Dist., Taipei City 10465, Taiwan (R.O.C.)","","02-28322163","","無","無"
"36021676","19950804","20210813","映良有限公司","YENLYAN ENTERPRISE CO., LTD.","新北市新莊區中正路516號-25","No. 516-25, Zhongzheng Rd., Xinzhuang Dist., New Taipei City 24255, Taiwan (R.O.C.)","鄭O忠","02-29026944","02-29026987","有","有"
"36022154","19841105","20250312","正陽機械企業股份有限公司","JEHN YAHN MECHANICAL ENTERPRISE CO., LTD.","桃園市龜山區福源里14鄰湖山街180巷1弄11號","No. 11, Aly. 1, Ln. 180, Hushan St., 14th Neighborhood, Fuyuan Vil., Guishan Dist., Taoyuan City 33348, Taiwan (R.O.C.)","蘇O興","03-3292811-3","03-3298833","有","有"
"36022773","19831214","20210812","鑫賀實業有限公司","HSING HER ENTERPRISE CO., LTD.","新北市新莊區化成路389巷1之1號","No. 1-1, Ln. 389, Huacheng Rd., Xinzhuang Dist., New Taipei City 24253, Taiwan (R.O.C.)","張O輝","02-85217320","02-85212944","有","有"
"36023512","19930812","20230330","鼎鑽科技有限公司","Micro Drill Tech Co., Ltd.","新北市新莊區五權一路13號8樓之2","8 F.-2, No. 13, Wuquan 1st Rd., Xinzhuang Dist., New Taipei City 248022, Taiwan (R.O.C.)","顏O然","02-89904503","02-89904625","有","有"
"36024081","19901002","20240119","恆誠工業股份有限公司","HONESTY LIGHTHING INTERNATIONAL CO., LIMITED.","新北市五股區五工三路122號","No. 122, Wugong 3rd Rd., Wugu Dist., New Taipei City 24889, Taiwan (R.O.C.)","陳O城","02-2299-2266","","有","有"
"36024553","19921019","20210813","力基實業股份有限公司","LEGE CHIU INDUSTRIES CORP.","新北市樹林區三俊街252巷33號","No. 33, Ln. 252, Sanjun St., Shulin Dist., New Taipei City 23865, Taiwan (R.O.C.)","邱O村","02-26883374","02-26882766","有","有"
"36024717","19970724","20230817","合鋒螺絲廠有限公司","HO HONG SCREWS CO., LTD.","新北市新莊區化成路431巷19號1樓","1 F., No. 19, Ln. 431, Huacheng Rd., Xinzhuang Dist., New Taipei City 24253, Taiwan (R.O.C.)","周O彬","02-29965200","02-29919638","有","有"
"36024857","19870819","20221007","元大電子股份有限公司","YUAN DA ELECTRONICS CO., LTD.","桃園市桃園區同安里中正路1082號23樓","23 F., No. 1082, Zhongzheng Rd., Tong’an Vil., Taoyuan Dist., Taoyuan City 330010, Taiwan (R.O.C.)","張O海","03-3160178","03-3160901","有","有"
"36025167","20030227","20240801","富昱電機股份有限公司","FUYU ELECTRIC CO., LTD.","新竹縣關西鎮東光里中豐新路35號","No. 35, Zhongfengxin Rd., Dongguang Vil., Guanxi Township, Hsinchu County 30643, Taiwan (R.O.C.)","","03-5170180","03-5170181","無","無"
"36025357","19990322","20210814","達勝機械股份有限公司","TA SHENG MACHINERY CO., LTD.","桃園市楊梅區快速路五段1120號","No. 1120, Sec. 5, Kuaisu Rd., Yangmei Dist., Taoyuan City 32661, Taiwan (R.O.C.)","蔡O水","03-4207656#111","03-4205649","有","有"
"36025531","19930909","20230113","益睿科技股份有限公司","YEAR ROUND TECHNOLOGY CORP.","桃園市蘆竹區山腳里南山北路1段72號","No. 72, Sec. 1, Nanshan N. Rd., Shanjiao Vil., Luzhu Dist., Taoyuan City 338025, Taiwan (R.O.C.)","王O珠","(03)324-0333","(03)324-0555","有","有"
"36025589","20081008","20210811","公誠行","KUNG CHENG GASES CO.","新北市三重區光復路1段15巷6弄1號","No. 1, Aly. 6, Ln. 15, Sec. 1, Guangfu Rd., Sanchong Dist., New Taipei City 24158, Taiwan (R.O.C.)","張O平","02-29955312","02-29955312","有","有"
"36025602","19840917","20210813","加哲企業有限公司","PLUSTHER ENTERPRISE CO., LTD.","新北市五股區四維路155巷36弄12號","No. 12, Aly. 36, Ln. 155, Siwei Rd., Wugu Dist., New Taipei City 24874, Taiwan (R.O.C.)","陳O漳","02-29821007-8","","有","有"
"36026010","19960611","20210814","功程企業有限公司","KUNG CHERN ENTERPRISE CO., LTD.","新北市三重區後竹圍街175巷2弄6號","No. 6, Aly. 2, Ln. 175, Houzhuwei St., Sanchong Dist., New Taipei City 24154, Taiwan (R.O.C.)","陳O英","02-29833745","02-29803603","有","有"
"36026074","19861001","20210813","福濃機械股份有限公司","FRONT MACHINERY CO., LTD.","新北市樹林區俊英街84巷10號","No. 10, Ln. 84, Junying St., Shulin Dist., New Taipei City 23863, Taiwan (R.O.C.)","蘇O玉","02-26834857","02-26829521","有","有"
"36026291","19811212","20210815","廣同機械工業有限公司","KWANG TONG MACHINERY INDUSTRIES CO., LTD.","桃園市龜山區茶專路39巷12弄13之1號","No. 13-1, Aly. 12, Ln. 39, Chazhuan Rd., Guishan Dist., Taoyuan City 33349, Taiwan (R.O.C.)","張O森","03-3292826","","有","有"
"36026742","19860930","20210813","巨馨機械有限公司","JIUH-SHIN MACHINERY CO., LTD.","桃園市蘆竹區五福里南山路一段二０六號","No. 206, Sec. 1, Nanshan Rd., Wufu Vil., Luzhu Dist., Taoyuan City 33861, Taiwan (R.O.C.)","洪O在","03-3213552","03-3213551","有","有"
"36026855","19960724","20210815","祥維實業有限公司","SHIANG WEI INDUSTRIAL CO., LTD.","新北市三重區仁美街55號(1樓)","1 F., No. 55, Renmei St., Sanchong Dist., New Taipei City 24152, Taiwan (R.O.C.)","紀O珠","02-29816028","02-29851828","有","有"
"36026882","19930804","20221029","通群機電股份有限公司","TONG CHUAN ELECTRIC CO., LTD.","桃園市楊梅區梅溪里新農街二段209巷79之7號","No. 79-7, Ln. 209, Sec. 2, Xinnong St., Meixi Vil., Yangmei Dist., Taoyuan City 326015, Taiwan (R.O.C.)","胡O福","03-4315990","03-4315995","有","有"
"36027171","20130905","20220302","五井企業社","WUJING TEXTILE CO.","新北市新莊區新樹路255號之6","No. 255-6, Xinshu Rd., Xinzhuang Dist., New Taipei City 24262, Taiwan (R.O.C.)","劉O惠","02-22085661","02-22085663","有","有"
"36027708","19930421","20210813","鋼億鋼鐵有限公司","KANG YU STEEL CO., LTD.","新北市三重區仁慈街13號1樓","1 F., No. 13, Renci St., Sanchong Dist., New Taipei City 24142, Taiwan (R.O.C.)","李O益","02-22837640","","有","有"
"36028100","19831207","20221227","銘懋工業股份有限公司","MIN MAW PRECISION INDUSTRY CORP.","臺北市信義區松智路1號25樓","25 F., No. 1, Songzhi Rd., Xinyi Dist., Taipei City 110411, Taiwan (R.O.C.)","文O誠","06-6525580","06-6524354","有","有"
"36028994","19801108","20250227","丰雪國際企業股份有限公司","FS GROUP CO., LTD.","桃園市龜山區忠義路2段358之5號","No. 358-5, Sec. 2, Zhongyi Rd., Guishan Dist., Taoyuan City 333009, Taiwan (R.O.C.)","吳O宗","03-3285533","03-3285703","有","有"
"36029115","19830927","20220428","聚寶針織股份有限公司","GOLD COLLECTOR INDUSTRIAL CO., LTD.","新北市三重區三和路4段89巷30號3樓","3 F., No. 30, Ln. 89, Sec. 4, Sanhe Rd., Sanchong Dist., New Taipei City 24151, Taiwan (R.O.C.)","黃O南","02-22871777","","有","有"
"36029255","19950810","20210814","永懋精機工業有限公司","YUNG MAW MACHINERY INDUSTRY CO., LTD.","桃園市龜山區龍壽里龍校街121巷2弄6號","No. 6, Aly. 2, Ln. 121, Longxiao St., Longshou Vil., Guishan Dist., Taoyuan City 33355, Taiwan (R.O.C.)","黃O芳","03-3203456","03-3204849","有","有"
"36029305","19920521","20220923","普威實業股份有限公司","FORMOSA BLUE WAY JEAN CO., LTD.","新北市三重區集成路25號","No. 25, Jicheng Rd., Sanchong Dist., New Taipei City 241012, Taiwan (R.O.C.)","郭O雲","02-29765253","02-29781145","有","有"
"36029699","19810325","20210814","金鈿塑膠工業股份有限公司","PROGRESSIVE PLASTICS CORPORATION","新北市五股區五權五路14號","No. 14, Wuquan 5th Rd., Wugu Dist., New Taipei City 24888, Taiwan (R.O.C.)","蔡O田","02-22991522","02-22990957","有","有"
"36029733","19810123","20230208","金泰工業有限公司","JIN TAY INDUSTRIES CO., LTD.","新北市泰山區明志路3段486號","No. 486, Sec. 3, Mingzhi Rd., Taishan Dist., New Taipei City 243092, Taiwan (R.O.C.)","黃O癸","02-29026150","","有","有"
"36030598","19960628","20230320","尚斌企業有限公司","SWETECH ENTERPRISE CO., LTD.","臺北市中山區南京東路3段194巷16號1樓","1 F., No. 16, Ln. 194, Sec. 3, Nanjing E. Rd., Zhongshan Dist., Taipei City 104105, Taiwan (R.O.C.)","張O明","02-27780588","","無","無"
"36031506","19940723","20210813","福羚實業有限公司","FULLING INDUSTRIAL CO., LTD.","新北市泰山區明志路1段19巷5弄60號","No. 60, Aly. 5, Ln. 19, Sec. 1, Mingzhi Rd., Taishan Dist., New Taipei City 24343, Taiwan (R.O.C.)","詹O福","02-29093579","02-29093949","有","有"
"36031528","19901107","20210815","銘東工業股份有限公司","MEANG DAUNG INDUSTRIAL CO., LTD.","新北市新莊區中港路528號2樓","2 F., No. 528, Zhonggang Rd., Xinzhuang Dist., New Taipei City 24247, Taiwan (R.O.C.)","黃O展","02-22990669","02-22990651","有","有"
"36031978","20011018","20231219","松記食品工業有限公司","SUNG CHI FOODS INDUSTRIAL CO., LTD.","新北市新莊區頭前路2巷7號","No. 7, Ln. 2, Touqian Rd., Xinzhuang Dist., New Taipei City 24252, Taiwan (R.O.C.)","汪O展","29927333-5","29912778","有","有"
"36032076","19840508","20211225","佳信實業有限公司","JUMBOSOLENOID MANUFACTURING CO., LTD.","新北市新莊區中原東路36號(1樓)","1 F., No. 36, Zhongyuan E. Rd., Xinzhuang Dist., New Taipei City 24252, Taiwan (R.O.C.)","劉O大","02-8630-3368","02-8630-3401","有","有"
"36033390","19970627","20240802","宏幫企業有限公司","HUNG BONG ENTERPRISE LIMITED","桃園市龜山區舊路里振興路749巷1弄21之1號","No. 21-1, Aly. 1, Ln. 749, Zhenxing Rd., Jiulu Vil., Guishan Dist., Taoyuan City 333029, Taiwan (R.O.C.)","黃O珠","02-22013486","02-22013579","有","有"
"36033482","19840817","20210813","天元模型機械股份有限公司","TEN YUAN MOLDING MACHINERY CO., LTD.","新北市五股區五權六路14號","No. 14, Wuquan 6th Rd., Wugu Dist., New Taipei City 24889, Taiwan (R.O.C.)","楊O忠","02-22992905","02-22992910","有","有"
"36034004","19940309","20210813","南飛實業有限公司","NAN FEA PLASTIC CO., LTD.","新北市新莊區福營路234號","No. 234, Fuying Rd., Xinzhuang Dist., New Taipei City 24258, Taiwan (R.O.C.)","鄭O蘭","02-29028664","02-29069315","有","有"
"36034308","19810221","20230724","集福製衣廠股份有限公司","G. F. GARMENT MFG. CO., LTD.","臺北市大安區忠孝東路3段188號2樓之1","2 F.-1, No. 188, Sec. 3, Zhongxiao E. Rd., Da’an Dist., Taipei City 106084, Taiwan (R.O.C.)","吳O","02-8993-3322","02-8992-0617","無","無"
"36034335","20010323","20221013","巨驊投資有限公司","JIUH HAW RUBBER CO., LTD.","桃園市龍潭區三和里渴望一路158巷31弄16號","No. 16, Aly. 31, Ln. 158, Kewang 1st Rd., Sanhe Vil., Longtan Dist., Taoyuan City 325016, Taiwan (R.O.C.)","林O松","","","有","有"
"36034530","20030123","20210814","合陽鋼模有限公司","HO YANG BILLET CO., LTD.","新北市三重區三民街146巷16號1樓","1 F., No. 16, Ln. 146, Sanmin St., Sanchong Dist., New Taipei City 24161, Taiwan (R.O.C.)","藍O恩","02-8511-0668","02-8511-0169","有","無"
"36034638","19850617","20230323","金泰昌工業有限公司","KING TAI CHANG INDUSTRIAL CO., LTD.","新北市泰山區仁愛路39巷11號7樓","7 F., No. 11, Ln. 39, Ren’ai Rd., Taishan Dist., New Taipei City 243086, Taiwan (R.O.C.)","張O蓮","02-29874928","02-29833603","有","有"
"36034709","19910423","20250103","今稜企業股份有限公司","CHIN LANG AUTOPARTS CO., LTD.","新北市三重區國道路1段85巷5號(1至3樓)","3 F., No. 5, Ln. 85, Sec. 1, Guodao Rd., Sanchong Dist., New Taipei City 24156, Taiwan (R.O.C.)","張O枝","02-29883131","02-29881231","有","有"
"36035003","20020717","20230111","川喬實業有限公司","DR. J. CO., LTD.","新北市新莊區化成路113巷82號","No. 82, Ln. 113, Huacheng Rd., Xinzhuang Dist., New Taipei City 242040, Taiwan (R.O.C.)","江O來好","02-85217386","02-85217387","有","有"
"36035313","19831018","20210813","展印有限公司","HYMARKS TRANSFER PAPER CO., LTD.","新北市新莊區化成路195巷2之5號3樓","3 F., No. 2-5, Ln. 195, Huacheng Rd., Xinzhuang Dist., New Taipei City 24252, Taiwan (R.O.C.)","林O峰","02-29929972","02-29920577","有","有"
"36035432","19970723","20210813","大眾工業股份有限公司","POPULAR AUTO DOOR CO., LTD.","新北市三重區光復路1段30巷58號","No. 58, Ln. 30, Sec. 1, Guangfu Rd., Sanchong Dist., New Taipei City 24158, Taiwan (R.O.C.)","林O治","02-2999-3177","02-2999-3222","有","有"
"36036024","19830304","20210812","陽騰企業股份有限公司","YOUNTURN HARDWARES CORP.","新北市新莊區中和街91之1號","No. 91-1, Zhonghe St., Xinzhuang Dist., New Taipei City 24249, Taiwan (R.O.C.)","李O靜","02-22773121","02-29900691","有","有"
"36036360","20210406","20230121","晟達企業有限公司","future-starlight Co., Ltd.","新北市三重區和平街73號1樓","1 F., No. 73, Heping St., Sanchong Dist., New Taipei City 241001, Taiwan (R.O.C.)","林O葳","0961000101","","有","有"
"36036410","19950627","20230616","奕銘工業股份有限公司","MJK INDUSTRIAL CO., LTD.","新北市新莊區五權一路3號1樓105室","Rm. 105, 1 F., No. 3, Wuquan 1st Rd., Xinzhuang Dist., New Taipei City 24892, Taiwan (R.O.C.)","洪O逸","02-2299-6877","02-22997229","有","有"
"36036517","20090408","20210815","宏銘電子股份有限公司","HONG MING ELECTRONICS CO., LTD.","新北市新莊區頭前路15巷6號","No. 6, Ln. 15, Touqian Rd., Xinzhuang Dist., New Taipei City 24252, Taiwan (R.O.C.)","陳O銘","02-85221681","02-85217980","有","有"
"36036586","20250124","20250212","泰承工業社","TAI CHENG INDUSTRIAL Co.","新北市新莊區化成路630巷1號1樓","1 F., No. 1, Ln. 630, Huacheng Rd., Xinzhuang Dist., New Taipei City 242042, Taiwan (R.O.C.)","李O賢","02-8522-1968","","有","有"
"36036875","19810708","20210813","同力纖維廠股份有限公司","SUNNY FIBER INDUSTRIAL CO., LTD.","臺北市信義區信義路5段5號","No. 5, Sec. 5, Xinyi Rd., Xinyi Dist., Taipei City 11011, Taiwan (R.O.C.)","曾O榮","02-27251268","02-27251419","有","有"
"36036880","19810528","20210812","翔剛實業股份有限公司","CHINA POLYURETHANE CORPORATION","新北市三重區重新路5段661巷6、8號","No. 8, Ln. 661, Sec. 5, Chongxin Rd., Sanchong Dist., New Taipei City 24158, Taiwan (R.O.C.)","張O鋐","02-29952240-1","","有","有"
"36036946","19810728","20240119","銠添精密模具股份有限公司","LOYAL TEAM PRECISION MOLDING MANUFACTURE CO., LTD.","新北市三峽區添福15之10號","No. 15-10, Tianfu, Sanxia Dist., New Taipei City 237003, Taiwan (R.O.C.)","廖O添","02-26723130","02-26724986","有","有"
"36037213","19820203","20210815","佑祥興業股份有限公司","ALL BLESSING ENTERPRISE CO., LTD.","新北市新莊區瓊林南路103巷8弄6號1樓","1 F., No. 6, Aly. 8, Ln. 103, Qionglin S. Rd., Xinzhuang Dist., New Taipei City 24263, Taiwan (R.O.C.)","蔡O梅","02-29034104-5","","有","有"
"36037369","20020110","20210813","式雅企業有限公司","SHU-YEA CO., LTD.","新北市蘆洲區成功路34號","No. 34, Chenggong Rd., Luzhou Dist., New Taipei City 24746, Taiwan (R.O.C.)","陳O碧","02-22885522","02-22814274","有","有"
"36037804","19880909","20210813","宏瑩機械有限公司","HON YEANG MACHINERY CO., LTD.","新北市新莊區福營路195巷5號","No. 5, Ln. 195, Fuying Rd., Xinzhuang Dist., New Taipei City 24258, Taiwan (R.O.C.)","江O瑩","02-29066255","02-25035652","有","有"
"36040370","20110520","20210813","聚泰科技工程有限公司","JU TAI TECHNOLOGY ENGINEERING CO., LTD.","新北市三峽區中山路157號1樓","1 F., No. 157, Zhongshan Rd., Sanxia Dist., New Taipei City 23741, Taiwan (R.O.C.)","温O昆","02-26733932","","有","有"
"36040998","19870109","20210812","見群精密工業股份有限公司","CHIEN CHUN PRECISION INDUSTRY CO., LTD.","新北市新莊區化成路90號","No. 90, Huacheng Rd., Xinzhuang Dist., New Taipei City 24252, Taiwan (R.O.C.)","洪O村","02-29932568","","有","有"
"36041048","19880106","20231201","星石股份有限公司","SINX CO., LTD.","新北市土城區忠承路85號10樓","10 F., No. 85, Zhongcheng Rd., Tucheng Dist., New Taipei City 236658, Taiwan (R.O.C.)","蔡O國","02-22676948#101","02-22676501","有","有"
"36041146","19910930","20210813","和東機械企業股份有限公司","HERDON MACHINERY ENT. CO., LTD.","新北市樹林區保安街2段45巷23號","No. 23, Ln. 45, Sec. 2, Bao’an St., Shulin Dist., New Taipei City 23870, Taiwan (R.O.C.)","呂O榜","02-26751111","02-26825522","有","有"
"36041259","20000605","20210813","盛亨企業有限公司","SHENG HENG LIMITED","新北市板橋區懷德街139巷20弄18號1樓","1 F., No. 18, Aly. 20, Ln. 139, Huaide St., Banqiao Dist., New Taipei City 22045, Taiwan (R.O.C.)","林O盛","","","有","有"
"36042004","19810304","20210813","正惠實業有限公司","MAXSONIC INDUSTRIAL CORP.","臺北市士林區德行東路197號2樓","2 F., No. 197, Dexing E. Rd., Shilin Dist., Taipei City 11147, Taiwan (R.O.C.)","陳O榮","02-29750880","02-29735175","有","有"
"36042139","19810629","20241109","品安工業股份有限公司","POWMET INDUSTRY CO., LTD.","新北市新莊區五工五路23號(夾層)","No. 23, Wugong 5th Rd., Xinzhuang Dist., New Taipei City 24890, Taiwan (R.O.C.)","林O漳","02-22995742","","有","有"
"36042840","19810418","20210813","鴻詳企業有限公司","UNITED GIFTS & METAL INDUSTRIES, INC.","臺北市中正區辛亥路1段86號6樓","6 F., No. 86, Sec. 1, Xinhai Rd., Zhongzheng Dist., Taipei City 100, Taiwan (R.O.C.)","羅O凡","02-23626823","02-23621659","有","有"
"36043215","19901110","20220809","銧奕鋼業股份有限公司","GUANG YIH STEEL INDUSTRIALS CO., LTD.","桃園市中壢區東園路77號","No. 77, Dongyuan Rd., Zhongli Dist., Taoyuan City 320023, Taiwan (R.O.C.)","翁O隆","02-2681-1111","02-2688-3469","有","有"
"36043263","20030925","20210815","雙禧企業有限公司","33CC ENTERPRISE CO., LTD.","桃園市中壢區山德路305巷128弄55號","No. 55, Aly. 128, Ln. 305, Shande Rd., Zhongli Dist., Taoyuan City 32053, Taiwan (R.O.C.)","李O宗","03-408-0120","03-408-1763","有","有"
"36043502","19910528","20210813","均明企業有限公司","JIIUN MINQ ENTERPRISE CO., LTD.","新北市三重區長壽街120巷79號","No. 79, Ln. 120, Changshou St., Sanchong Dist., New Taipei City 24148, Taiwan (R.O.C.)","邱O盛","02-26818589","","有","有"
"36044191","19900604","20210813","有增塑膠工業股份有限公司","YU TSENG PLASTIC INDUSTRIAL CO., LTD.","新北市新莊區化成路83巷67號","No. 67, Ln. 83, Huacheng Rd., Xinzhuang Dist., New Taipei City 24252, Taiwan (R.O.C.)","許O村","02-29945161","2-996-4971","有","有"
"36044256","19960708","20230104","傳佳食品有限公司","TROJAN FOOD STUFF CO., LTD.","新北市五股區五權五路10號","No. 10, Wuquan 5th Rd., Wugu Dist., New Taipei City 248018, Taiwan (R.O.C.)","陳O甫","02-22982961","02-22982964","有","有"
"36044621","19950222","20210812","高知工業有限公司","TAIWAN GAOZHI INDUSTRIAL CO., LTD.","臺北市大同區延平北路2段256號2樓","2 F., No. 256, Sec. 2, Yanping N. Rd., Datong Dist., Taipei City 10348, Taiwan (R.O.C.)","許O宗","02-29953193","","有","有"
"36045494","19810504","20221004","福肯空壓機械股份有限公司","F. K. PNEUMATIC CO., LTD.","新北市三重區中興北街195號","No. 195, Zhongxing N. St., Sanchong Dist., New Taipei City 241022, Taiwan (R.O.C.)","張O華","02-29998977","02-29998978","無","無"
"36046493","19940715","20240604","廣雄實業有限公司","GUANG SHIUNG ENTERPRISE LTD.","新北市新莊區復興路三段七一號一樓","1 F., No. 71, Sec. 3, Fuxing Rd., Xinzhuang Dist., New Taipei City 24251, Taiwan (R.O.C.)","","02-29921997","02-29917857","無","無"
"36048035","20020829","20210814","崑昇企業有限公司","QUEN SHENG ENTERPRISE CO., LTD.","新北市三重區富華街一三五之一號","No. 135-1, Fuhua St., Sanchong Dist., New Taipei City 24151, Taiwan (R.O.C.)","簡O興","02-29830465","","有","有"
"36048128","19860410","20240328","螺寶五金有限公司","RAINBOW HARDWARE CO., LTD.","新北市三重區仁忠街35號1樓","1 F., No. 35, Renzhong St., Sanchong Dist., New Taipei City 24151, Taiwan (R.O.C.)","賴O惠","02-29837266","02-29874797","有","有"
"36048437","20130425","20210814","穎溢實業有限公司","TRADER LAN CO., LTD.","新北市新莊區中正路514巷53弄51號(1樓)","1 F., No. 51, Aly. 53, Ln. 514, Zhongzheng Rd., Xinzhuang Dist., New Taipei City 24255, Taiwan (R.O.C.)","葉O茵","02-29080466","","有","有"
"36049822","19810513","20221105","陽程科技股份有限公司","USUN TECHNOLOGY CO., LTD.","桃園市大園區溪海里8鄰聖德北路68號","No. 68, Shengde N. Rd., 8th Neighborhood, Xihai Vil., Dayuan Dist., Taoyuan City 337010, Taiwan (R.O.C.)","黃O逢","03-3852628","03-3854800","有","有"
"36050123","20170411","20210812","崑育工業社","KUNYUR INDUSTRY CO.","新北市新莊區頭前路15巷46號","No. 46, Ln. 15, Touqian Rd., Xinzhuang Dist., New Taipei City 24252, Taiwan (R.O.C.)","林O凱","02-29940258","02-29945608","有","有"
"36050427","19970225","20210813","逢春鋼業有限公司","FONG CHUN STEEL CO., LTD.","桃園市中壢區內定里合定路24號","No. 24, Heding Rd., Neiding Vil., Zhongli Dist., Taoyuan City 32061, Taiwan (R.O.C.)","羅O浩","03-4615377","03-4615376","有","有"
"36051087","19830704","20221005","富暄實業股份有限公司","FU HSUAN INDUSTRIAL CO., LTD.","臺北市北投區公館路340巷14號2樓","2 F., No. 14, Ln. 340, Gongguan Rd., Beitou Dist., Taipei City 112057, Taiwan (R.O.C.)","陳O華","02-28229659","","有","有"
"36051256","19930915","20230111","神機金屬工業股份有限公司","SONKITEC INDUSTRIAL CO., LTD.","新北市土城區勝利街10巷2號","No. 2, Ln. 10, Shengli St., Tucheng Dist., New Taipei City 236043, Taiwan (R.O.C.)","賴O治","02-22682789","02-22682788","有","有"
"36051328","19870701","20210813","在勤企業股份有限公司","PROFESSIONAL HYDRAULIC INDUSTRIAL CO., LTD.","新北市三重區重新路5段609巷12號7樓之5","7F.-5, No. 12, Ln. 609, Sec. 5, Chongxin Rd., Sanchong Dist., New Taipei City 24159, Taiwan (R.O.C.)","廖O興","02-29997998","02-29997118","有","有"
"36051869","20010719","20210814","雄業實業股份有限公司","HSIUNG YEH INDUSTRY CO., LTD.","新北市新莊區新樹路288之10號","No. 288-10, Xinshu Rd., Xinzhuang Dist., New Taipei City 24262, Taiwan (R.O.C.)","李O發","02-22019999","02-22059900","有","有"
"36051994","19920410","20220304","公正工業股份有限公司","FAIRCUT INDUSTRIAL CO., LTD.","臺北市南港區南港路3段149巷49弄5號1，2，3樓","3 F., No. 5, Aly. 49, Ln. 149, Sec. 3, Nangang Rd., Nangang Dist., Taipei City 11563, Taiwan (R.O.C.)","余O樺","02-27862201","","有","有"
"36052207","19850612","20221116","聚豐精機企業股份有限公司","CHIFORM SPECIAL TOOL CO., LTD.","新北市五股區五權三路9之1號","No. 9-1, Wuquan 3rd Rd., Wugu Dist., New Taipei City 248021, Taiwan (R.O.C.)","洪O清","02-22990187","02-22990060","有","有"
"36052488","20020910","20210811","良益塑膠工廠","LIANG YIN PLASTIC FACTORY","新北市新莊區化成路２９３巷４２號１樓","1 F., No. 42, Ln. 293, Huacheng Rd., Xinzhuang Dist., New Taipei City 24253, Taiwan (R.O.C.)","黃O綢","02-2991-8947","02-8991-7026","有","有"
"36052620","19930916","20210813","清美電機工業有限公司","CHING MEI ELECTRICAL MACHINE INDUSTRIAL CO., LTD.","新北市新莊區中正路681號","No. 681, Zhongzheng Rd., Xinzhuang Dist., New Taipei City 24261, Taiwan (R.O.C.)","黃O祥","02-29013888","02-29028621","有","有"
"36052662","20020925","20210811","信鑫儀鐘錶眼鏡行","J. S. Y. OPTICAL CO., LTD.","新北市新莊區自立街82號1樓","1 F., No. 82, Zili St., Xinzhuang Dist., New Taipei City 24254, Taiwan (R.O.C.)","吳O烱","02-2296-8456","02-2296-8465","有","有"
"36053326","19971108","20210813","宇代鋼模有限公司","YEN-DAY STEEL MOLD CO.","新北市三重區中正北路208巷10弄8號2樓","2 F., No. 8, Aly. 10, Ln. 208, Zhongzheng N. Rd., Sanchong Dist., New Taipei City 24162, Taiwan (R.O.C.)","陳O輝","02-29867078","02-29822766","有","有"
"36053493","20030224","20210815","經中機械工業股份有限公司","CHING CHUNG TRANSMISSION CO., LTD.","臺中市西屯區西屯路三段157巷23號1樓","1 F., No. 23, Ln. 157, Sec. 3, Xitun Rd., Xitun Dist., Taichung City 40762, Taiwan (R.O.C.)","王O双","02-2989-2837","","有","有"
"36053536","19951215","20210813","大仰企業有限公司","DAY YANG ENTERPRISE CO., LTD.","新北市蘆洲區民族路530巷3號","No. 3, Ln. 530, Minzu Rd., Luzhou Dist., New Taipei City 24743, Taiwan (R.O.C.)","楊O良","02-22824579","02-22853321","有","有"
"36053803","19810626","20230430","倫比貿易有限公司","KEYSOGOOD INC.","新北市三重區中央北路91號3樓","3 F., No. 91, Zhongyang N. Rd., Sanchong Dist., New Taipei City 241046, Taiwan (R.O.C.)","王O鐘","02-27071902","","無","無"
"36053830","19921006","20210815","德應製衣有限公司","DEINTEX ENTERPRISE CO., LTD.","新北市三重區三和路3段167巷49號1樓","1 F., No. 49, Ln. 167, Sec. 3, Sanhe Rd., Sanchong Dist., New Taipei City 24150, Taiwan (R.O.C.)","林O榮","02-29814351","02-29849870","有","有"
"36054057","20070816","20210812","伍豪工業有限公司","WUHOW INDUSTRY CO., LTD.","新北市新莊區化成路43巷86號","No. 86, Ln. 43, Huacheng Rd., Xinzhuang Dist., New Taipei City 24252, Taiwan (R.O.C.)","林O宏","02-29923528","02-29920493","有","有"
"36054205","19810530","20230316","利眾貿易股份有限公司","LEAD-STRONG TRADING CO., LTD.","新北市五股區五權七路30號2樓","2 F., No. 30, Wuquan 7th Rd., Wugu Dist., New Taipei City 248020, Taiwan (R.O.C.)","王O水","02-2299-6933","02-22993819","有","有"
"36054303","19991020","20210813","永益精密工業有限公司","YUNG YI PRECISION INDUSTRIAL CO.","新北市樹林區三俊街199巷20弄13號","No. 13, Aly. 20, Ln. 199, Sanjun St., Shulin Dist., New Taipei City 23861, Taiwan (R.O.C.)","黃O雄","02-6883236","02-6888093","有","有"
"36054346","20010307","20221227","元裕實業有限公司","YUANYU RUBBER ENTERPRISE CO., LTD.","新北市樹林區俊興街279號","No. 279, Junxing St., Shulin Dist., New Taipei City 238026, Taiwan (R.O.C.)","陳O祐","02-2689-6737","02-26893889","有","有"
"36054887","19970616","20231013","新亞消防器材有限公司","NEW ASIA PROTECTION EQUIPMENT CO., LTD.","新北市新莊區化成路11巷80號","No. 80, Ln. 11, Huacheng Rd., Xinzhuang Dist., New Taipei City 24252, Taiwan (R.O.C.)","劉O妤","02-29964092","02-22767322","有","有"
"36055154","19870619","20231028","坡力機械有限公司","POLY MACHINERY WORKS CO., LTD.","臺北市大安區永康街23巷46號2樓","2 F., No. 46, Ln. 23, Yongkang St., Da’an Dist., Taipei City 10650, Taiwan (R.O.C.)","","02-2392-8835","2392-8576","無","無"
"36055680","19920617","20221109","至盛工業股份有限公司","TZU SERNG INDUSTRIAL CO., LTD.","新北市新莊區中正路316號11樓","11 F., No. 316, Zhongzheng Rd., Xinzhuang Dist., New Taipei City 242009, Taiwan (R.O.C.)","吳O進","02-2277-3699","02-2277-3088","有","有"
"36055788","19930906","20240727","唐邑有限公司","YUEH YUEH FWU INDUSTRY CO., LTD.","桃園市蘆竹區中興里大興四街110號3樓之2","3F.-2, No. 110, Daxing 4th St., Zhongxing Vil., Luzhu Dist., Taoyuan City 33862, Taiwan (R.O.C.)","周O鳳","02-26893691-2","02-26892205","有","有"
"36055865","19990907","20210815","陽政機械有限公司","YANG JENQ MACHINERY CO., LTD.","新北市蘆洲區長安街113號2樓","2 F., No. 113, Chang’an St., Luzhou Dist., New Taipei City 24763, Taiwan (R.O.C.)","黃O福","(02)2288-8947","(02)22888951","有","有"
"36056273","19930323","20240306","烜毅實業有限公司","SHUANYI INDUSTRY CO., LTD.","新北市淡水區中正東路2段27之5號8樓","8 F., No. 27-5, Sec. 2, Zhongzheng E. Rd., Tamsui Dist., New Taipei City 251401, Taiwan (R.O.C.)","譚O梅","02-25571429","02-25579708","有","有"
"36056549","20010809","20210813","友泰鋼鐵有限公司","YU TAI STEEL CO., LTD.","新北市三重區中正北路193巷43號","No. 43, Ln. 193, Zhongzheng N. Rd., Sanchong Dist., New Taipei City 24157, Taiwan (R.O.C.)","王O","02-29812681","02-29803371","有","有"
"36056772","19840324","20240127","茂佳精密科技股份有限公司","MCM STAMPING CO., LTD.","新北市三重區光復路1段82之7號8樓","8 F., No. 82-7, Sec. 1, Guangfu Rd., Sanchong Dist., New Taipei City 241564, Taiwan (R.O.C.)","林O愛華","02-2995-5866","02-2995-3525","有","有"
"36057081","19920509","20210813","御翔工業股份有限公司","YU-HSIANG (T.K.C.) CO., LTD.","新北市新莊區中和街125巷7號9樓","9 F., No. 7, Ln. 125, Zhonghe St., Xinzhuang Dist., New Taipei City 24249, Taiwan (R.O.C.)","柯O基","02-26870303","02-29063793","有","有"
"36057168","20130402","20210813","騰昌橡膠工業有限公司","TERNG CHANG RUBBER INDUSTRIAL COMPANY LIMITED","新北市新莊區中正路46巷3號","No. 3, Ln. 46, Zhongzheng Rd., Xinzhuang Dist., New Taipei City 24243, Taiwan (R.O.C.)","黃O艷","02-29966512","02-29947992","有","有"
"36057195","19851209","20210812","華美銘版股份有限公司","HWAMEEI NAME-PLATE ENTERPRISE CO., LTD.","新北市樹林區忠愛街8號4樓","4 F., No. 8, Zhong’ai St., Shulin Dist., New Taipei City 23875, Taiwan (R.O.C.)","張O甫","02-26882118","02-26882319","有","有"
"36057630","19880624","20210815","形豐企業有限公司","SANGFROICL ENTERPRISE CO., LTD.","新北市新莊區民安東路139巷24號","No. 24, Ln. 139, Min’an E. Rd., Xinzhuang Dist., New Taipei City 24266, Taiwan (R.O.C.)","廖O翊","02-29018473","","有","有"
"36057744","19920921","20230920","全虹企業股份有限公司","ARCOA COMMUNICATION CO., LTD.","臺北市內湖區瑞光路468號5樓","5 F., No. 468, Ruiguang Rd., Neihu Dist., Taipei City 114063, Taiwan (R.O.C.)","井O","87910909","87913568","有","有"
"36058693","20050415","20210811","嘉安企業社","CHAN ON ENTERPRISE CO.","新北市蘆洲區信義路２８０巷１７號１樓","1 F., No. 17, Ln. 280, Xinyi Rd., Luzhou Dist., New Taipei City 24749, Taiwan (R.O.C.)","楊O安","02-22817681","","有","有"
"36058722","19940722","20210813","瑞山脫姆遜材料有限公司","THWA SAN TOW-MOR-SON INCORP.","新北市三重區國道路1段58巷1號","No. 1, Ln. 58, Sec. 1, Guodao Rd., Sanchong Dist., New Taipei City 24156, Taiwan (R.O.C.)","莊O香","02-29863842","","有","有"
"36059285","19911121","20210815","良緯工業有限公司","LIAN WEY PLASTIC CO., LTD.","桃園市蘆竹區五福里仁愛路二段5號","No. 5, Sec. 2, Ren’ai Rd., Wufu Vil., Luzhu Dist., Taoyuan City 33850, Taiwan (R.O.C.)","張O祥","03-3213712","03-3213723","無","無"
"36059813","19960722","20230615","日東開發工程股份有限公司","WUH CHOUNG INDUSTRIAL CO., LTD.","嘉義市東區後湖里保順路258號1樓","1 F., No. 258, Baoshun Rd., Houhu Vil., East Dist., Chiayi City 600051, Taiwan (R.O.C.)","林O丞","02-29952666","","有","有"
"36060092","19880316","20210813","元城電機有限公司","YUAN CHERNG ELECTRIC CO., LTD.","新北市三重區仁義街225巷27號1樓","1 F., No. 27, Ln. 225, Renyi St., Sanchong Dist., New Taipei City 24151, Taiwan (R.O.C.)","張O秀鳳","02-29715389","","有","有"
"36060190","19880523","20210812","覺美實業有限公司","YANG'S EMBROIDERY CO., LTD.","新北市三重區中正北路五三○巷一四號五樓","5 F., No. 14, Ln. 530, Zhongzheng N. Rd., Sanchong Dist., New Taipei City 24157, Taiwan (R.O.C.)","楊O堂","02-29846877","","有","有"
"36060467","19820518","20241030","周展機械工業股份有限公司","CHOU'S MECHANICAL INDUSTRY CO., LTD.","桃園市桃園區春日路1528巷22號","No. 22, Ln. 1528, Chunri Rd., Taoyuan Dist., Taoyuan City 330022, Taiwan (R.O.C.)","","03-3255896-8","","無","無"
"36060918","19920220","20210815","敬億機械工業有限公司","CHING-YEA MECHANICAL INDUSTRY CO., LTD.","新北市樹林區佳園路2段15巷6弄8號","No. 8, Aly. 6, Ln. 15, Sec. 2, Jiayuan Rd., Shulin Dist., New Taipei City 23880, Taiwan (R.O.C.)","陳O利","02-26687799","02-26688991","有","有"
"36061212","20090218","20210813","炤松行有限公司","JAU-SONG CO., LTD.","新北市三重區忠孝路2段13號","No. 13, Sec. 2, Zhongxiao Rd., Sanchong Dist., New Taipei City 24154, Taiwan (R.O.C.)","劉O鑾","02-29987772","02-29894517","有","有"
"36061395","20161220","20231026","榮浩實業有限公司","ZONG HAO CO.","新北市新莊區中平路350號9樓","9 F., No. 350, Zhongping Rd., Xinzhuang Dist., New Taipei City 24249, Taiwan (R.O.C.)","黃O璋","02-8991-8630","02-2277-2181","有","有"
"36061846","20020905","20230321","名祥鋼鐵股份有限公司","MING SHANG STEEL CO., LTD.","新北市五股區成泰路1段237之15號3樓","3 F., No. 237-15, Sec. 1, Chengtai Rd., Wugu Dist., New Taipei City 248010, Taiwan (R.O.C.)","余O鳳","22914949","22915371","有","有"
"36061992","19970910","20210814","統揚企業有限公司","TUNG YANG PAPER FORMERS CORP.","新北市蘆洲區重陽街2號7樓","7 F., No. 2, Chongyang St., Luzhou Dist., New Taipei City 24747, Taiwan (R.O.C.)","吳O德","02-26008579","02-26008537","有","有"
"36062818","19920502","20230408","璟龍企業股份有限公司","ZEELON TRADING CO., LTD.","新北市三重區重新路5段609巷12號5樓之17","5 F.-17, No. 12, Ln. 609, Sec. 5, Chongxin Rd., Sanchong Dist., New Taipei City 241406, Taiwan (R.O.C.)","陳O仕","02-29992850","02-29992820","有","有"
"36063318","20051027","20240719","泰春紙器股份有限公司","TAI TSUN PAPER VESSEL CO., LTD.","新北市板橋區龍興街73巷37之1號2樓","2 F., No. 37-1, Ln. 73, Longxing St., Banqiao Dist., New Taipei City 22058, Taiwan (R.O.C.)","","02-2967-3853","","無","無"
"36063366","19970930","20210815","立椿工業有限公司","LEE CHUEN HARDWARE INDUSTRY CO., LTD.","新北市三重區中興北街204巷29號","No. 29, Ln. 204, Zhongxing N. St., Sanchong Dist., New Taipei City 24158, Taiwan (R.O.C.)","鄧O文","02-29954287","02-29954288","有","有"
"36063416","19850510","20210814","信廉纖維有限公司","SHINN LIAN FIBER CO., LTD.","桃園市龜山區萬壽路2段410巷4號","No. 4, Ln. 410, Sec. 2, Wanshou Rd., Guishan Dist., Taoyuan City 33343, Taiwan (R.O.C.)","黃O峯","03-3502321-2","03-3502310","有","有"
"36063529","19810831","20230703","合彰有限公司","HER JANG CO., LTD.","新北市三重區成功路95巷46號1樓","1 F., No. 46, Ln. 95, Chenggong Rd., Sanchong Dist., New Taipei City 241012, Taiwan (R.O.C.)","黃O榮","02-29769983","886-2-29777719","無","無"
"36064745","19891117","20210815","春元凡而有限公司","CHUN YUAN VALVE CO., LTD.","桃園市蘆竹區油管路一段730號","No. 730, Sec. 1, Youguan Rd., Luzhu Dist., Taoyuan City 33850, Taiwan (R.O.C.)","吳O玉","03-3247277","","有","有"
"36065441","19970827","20250402","國山石材企業有限公司","KUO SHAN PRECIOUS STONE CO., LTD.","新北市三重區元信二街111號","No. 111, Yuanxin 2nd St., Sanchong Dist., New Taipei City 241786, Taiwan (R.O.C.)","陳O郎","02-29849966#12","02-2983-6483","有","有"
"36065553","20080319","20210813","長信興業有限公司","EVER IDEA GROUP CO., LTD.","新北市三重區重陽路2段49號1樓","1 F., No. 49, Sec. 2, Chongyang Rd., Sanchong Dist., New Taipei City 24141, Taiwan (R.O.C.)","林O釧","02-29881493","02-29869950","有","有"
"36066027","19851008","20221008","泓億興業有限公司","NEW SMILING PLASTIC CO., LTD.","新北市五股區五權七路20號6樓","6 F., No. 20, Wuquan 7th Rd., Wugu Dist., New Taipei City 248020, Taiwan (R.O.C.)","李O潔","02-89903368","02-89903900","有","有"
"36066096","19870615","20210815","鎧成實業股份有限公司","KAIY JERNG ENTERPRISE CO., LTD.","新北市三峽區三樹路222巷215弄18號","No. 18, Aly. 215, Ln. 222, Sanshu Rd., Sanxia Dist., New Taipei City 23741, Taiwan (R.O.C.)","謝O全","02-26723422","","有","有"
"36066976","20221124","20221126","鑫強勵有限公司","XinCarley LTD.","新北市三重區昌隆街70號3樓","3 F., No. 70, Changlong St., Sanchong Dist., New Taipei City 241010, Taiwan (R.O.C.)","賴O琳","02-29764325","","有","有"
"36067124","19960924","20210813","璟源紙器有限公司","CHING YUAN PAPER CASE CO., LTD.","新北市新莊區民安西路403巷7號","No. 7, Ln. 403, Min’an W. Rd., Xinzhuang Dist., New Taipei City 24264, Taiwan (R.O.C.)","余O藝","02-22028980","02-22041881","有","有"
"36067617","19810925","20210812","均逢實業股份有限公司","JAN HONG GARMENTS CO., LTD.","新北市新莊區化成路203號","No. 203, Huacheng Rd., Xinzhuang Dist., New Taipei City 24252, Taiwan (R.O.C.)","吳O玲","02-29924676-80","02-29928909","有","無"
"36068073","19950106","20230111","桓田工業有限公司","HENG TIEN INDUSTRIAL COMPANY LIMITED","新北市新莊區建國二路67號","No. 67, Jianguo 2nd Rd., Xinzhuang Dist., New Taipei City 242063, Taiwan (R.O.C.)","吳O村","02-22053562","02-22023310","有","有"
"36068159","19871208","20220707","同星事務用品股份有限公司","ALL STAR BUSINESS FORM PRINTING CO., LTD.","新北市板橋區中正路253巷64號","No. 64, Ln. 253, Zhongzheng Rd., Banqiao Dist., New Taipei City 220037, Taiwan (R.O.C.)","彭O惠美","02-29919753","","有","有"
"36068171","19831114","20250430","制宜電測股份有限公司","CHU YI SYSTEM CO., LTD.","新北市三重區光復路2段88巷38號","No. 38, Ln. 88, Sec. 2, Guangfu Rd., Sanchong Dist., New Taipei City 24158, Taiwan (R.O.C.)","劉O容","02-29953173","02-29956436","有","有"
"36068355","19950519","20210812","晟豐油壓機械有限公司","CHENG FENG MACHINERY CO., LTD.","新北市泰山區楓樹里明志路1段20之11號7樓","7 F., No. 20-11, Sec. 1, Mingzhi Rd., Fengshu Vil., Taishan Dist., New Taipei City 24343, Taiwan (R.O.C.)","陳O成","02-22963737","02-22963030","有","有"
"36068411","20171206","20210813","達明螺絲工業股份有限公司","Da-Ming Screw Industrial Co., Ltd.","新北市新莊區頭前里幸福東路56號","No. 56, Xingfu E. Rd., Touqian Vil., Xinzhuang Dist., New Taipei City 24252, Taiwan (R.O.C.)","黃O黨","02-29928333","02-29944117","有","有"
"36069447","19820902","20210813","崑洋精機工業股份有限公司","GRINDIX INDUSTRIAL CORP.","新北市三重區五谷里五谷王南街42號","No. 42, Wuguwang S. St., Wugu Vil., Sanchong Dist., New Taipei City 24158, Taiwan (R.O.C.)","陳O條","02-29959969","02-29958579","有","有"
"36069452","19860517","20210815","大世紀塗料股份有限公司","GREAT CENTURY PAINT CO., LTD.","桃園市龜山區華亞科技園區華亞一路40號","No. 40, Huaya 1st Rd., Guishan Dist., Taoyuan City 33383, Taiwan (R.O.C.)","陳O清","03-3288777","03-3288789","有","有"
"36069501","19920615","20221018","嘉一橡膠股份有限公司","CHIA RUBBER CORPORATION","嘉義市車店里青年街46號","No. 46, Qingnian St., Chedian Vil., West Dist., Chiayi City 600023, Taiwan (R.O.C.)","侯O茂","05-2358317","","有","有"
"36070155","19811006","20210813","永順毛刷企業有限公司","YUNG SHUN BRUSH CO., LTD.","新北市蘆洲區民權路61巷4弄4號2樓","2 F., No. 4, Aly. 4, Ln. 61, Minquan Rd., Luzhou Dist., New Taipei City 24745, Taiwan (R.O.C.)","陳O輝","02-22781634","02-22781633","有","有"
"36070296","19890112","20230111","可得針織有限公司","KO TEH KNITTING CO., LTD.","彰化縣花壇鄉花壇村平和街９３號","No. 93, Pinghe St., Huatan Vil., Huatan Township,  Changhua County 503011, Taiwan (R.O.C.)","許O堂","02-29026767","02-29031629","無","無"
"36070394","19820122","20210813","偉群製刀工業股份有限公司","GREAT KNIVES MANUFACTURE CO., LTD.","新北市五股區五工三路115號","No. 115, Wugong 3rd Rd., Wugu Dist., New Taipei City 24889, Taiwan (R.O.C.)","蔡O村","02-22991505","02-22991298","有","有"
"36070417","20190329","20240207","辰瑞營建股份有限公司","BAO-RI CONSTRUCTION CO., LTD.","高雄市苓雅區光華一路206號22樓之9","22 F.-9, No. 206, Guanghua 1st Rd., Lingya Dist., Kaohsiung City 802466, Taiwan (R.O.C.)","林O逸","07-3611039","07-3611063","有","有"
"36070438","20080103","20240618","益誠銘板工業有限公司","YEE-CHENG NAME PLATE INDUSTRIAL CO., LTD.","新北市新莊區新樹路333巷31號","No. 31, Ln. 333, Xinshu Rd., Xinzhuang Dist., New Taipei City 242064, Taiwan (R.O.C.)","","02-22035533","02-22022486","無","無"
"36070676","19830503","20210814","煌益精密工業股份有限公司","TAIWAN HWAN YI PRECISION IND. CO., LTD.","桃園市中壢區芝芭里月桃路61號","No. 61, Yuetao Rd., Zhiba Vil., Zhongli Dist., Taoyuan City 32053, Taiwan (R.O.C.)","邱O月嬌","03-4264306","03-4251658","有","有"
"36070839","19910605","20240719","重嘉精機企業有限公司","CHUNG CHIA PRECISION ENTERPRISE CO., LTD.","新北市三重區中正北路193巷21弄32號","No. 32, Aly. 21, Ln. 193, Zhongzheng N. Rd., Sanchong Dist., New Taipei City 24157, Taiwan (R.O.C.)","蔡O吉","02-29889415","","有","有"
"36071106","19811024","20210815","龍錄實業有限公司","WETEB INDUSTRIAL CO., LTD.","新北市蘆洲區和平路67之1號3樓","3 F., No. 67-1, Heping Rd., Luzhou Dist., New Taipei City 24750, Taiwan (R.O.C.)","林O吏","02-22821640","02-22810254","有","有"
"36071302","20011113","20210814","江太實業股份有限公司","ENITUICE ENTERPRISE CO., LTD.","桃園市龜山區南上里民生北路一段54巷19之2號（1樓）","1 F., No. 19-2, Ln. 54, Sec. 1, Minsheng N. Rd., Nanshang Vil., Guishan Dist., Taoyuan City 33391, Taiwan (R.O.C.)","陳O華","03-3564957","03-3574795","有","有"
"36071605","20031001","20240528","常安藥局","CHANNG AN CO.","新北市五股區工商路７１號１樓","1 F., No. 71, Gongshang Rd., Wugu Dist., New Taipei City 24856, Taiwan (R.O.C.)","葉O青","02-22917912","","有","有"
"36071801","19980507","20210813","集昇企業有限公司","GI-RISE BUSINESS CO., LTD.","新北市新莊區五權一路9號3樓之2","3F.-2, No. 9, Wuquan 1st Rd., Xinzhuang Dist., New Taipei City 24892, Taiwan (R.O.C.)","郭O順","02-22917653","","有","有"
"36072127","19880905","20210813","宇頂企業股份有限公司","YU-DIING ENTERPRISE CO., LTD.","新北市樹林區光興街9號","No. 9, Guangxing St., Shulin Dist., New Taipei City 23876, Taiwan (R.O.C.)","宋O村","02-8688-5959","02-8688-8989","有","有"
"36072479","19841116","20221007","乾豐機械廠股份有限公司","CHYAN FONG MACHINERY WORKS CO., LTD.","新北市三重區中興北街42巷46號","No. 46, Ln. 42, Zhongxing N. St., Sanchong Dist., New Taipei City 241019, Taiwan (R.O.C.)","葉O賓","02-29953214","","有","有"
"36072484","19841018","20210815","星哲企業股份有限公司","KINGLY STAR INDUSTRIAL CO., LTD.","臺北市大同區承德路3段107號2樓","2 F., No. 107, Sec. 3, Chengde Rd., Datong Dist., Taipei City 10364, Taiwan (R.O.C.)","林O臨","02-25955528","02-25919233","有","有"
"36072750","19841207","20230929","湯生工業有限公司","TANG SHENG INDUSTRIAL CO., LTD.","新北市五股區凌雲路3段46號之1","No. 46-1, Sec. 3, Lingyun Rd., Wugu Dist., New Taipei City 248004, Taiwan (R.O.C.)","陳O源","02-22925135","","有","有"
"36072858","19990325","20210813","笙圓利企業股份有限公司","SHING YANG LI ENTERPRISE CO., LTD.","新北市泰山區泰林路3段100號","No. 100, Sec. 3, Tailin Rd., Taishan Dist., New Taipei City 24346, Taiwan (R.O.C.)","梁O春美","02-2296-5743","02-2296-6175","有","有"
"36072908","19900104","20211103","六源企業有限公司","LIOU YUANE ENTERPRISE CO., LTD.","新北市新莊區瓊林路49號","No. 49, Qionglin Rd., Xinzhuang Dist., New Taipei City 24263, Taiwan (R.O.C.)","徐O才","02-2207-0766","02-2207-0771","有","有"
"36072914","20070430","20221020","華陽彈簧工業有限公司","HUA YANG SPRING INDUSTRIAL CO., LTD.","桃園市中壢區內定二十街88號","No. 88, Neiding 20th St., Zhongli Dist., Taoyuan City 32060, Taiwan (R.O.C.)","蔡O沛","03-4615989","03-461-6489","有","有"
"36073483","19880504","20240319","世祥汽材製造廠股份有限公司","SHIH HSIANG AUTO PARTS CO., LTD.","臺北市信義區信義路5段5號4樓","4 F., No. 5, Sec. 5, Xinyi Rd., Xinyi Dist., Taipei City 110202, Taiwan (R.O.C.)","周O統","02-27589697","02-27588299","有","有"
"36074672","20070720","20210813","嘉虹有限公司","CHIA HONG CO., LTD.","新北市三重區仁愛街670號1樓","1 F., No. 670, Ren’ai St., Sanchong Dist., New Taipei City 24152, Taiwan (R.O.C.)","謝O德","02-22862540","02-22865976","有","有"
"36075243","19880229","20210814","冠源工業有限公司","GUAN YUAN INDUSTRIAL CO., LTD.","新北市土城區永豐路195巷31號1樓","1 F., No. 31, Ln. 195, Yongfeng Rd., Tucheng Dist., New Taipei City 23644, Taiwan (R.O.C.)","張O彰","02-22618613","","有","有"
"36075449","19910529","20221020","上品綜合工業股份有限公司","ALLIED SUPREME CORP.","臺北市中山區民族東路12號4樓","4 F., No. 12, Minzu E. Rd., Zhongshan Dist., Taipei City 104039, Taiwan (R.O.C.)","侯O生","02-25976222","02-25955626","有","有"
"36075736","19940129","20210812","暉文企業有限公司","HUEI WEN ENT. CO., LTD.","新北市三重區仁愛街133號","No. 133, Ren’ai St., Sanchong Dist., New Taipei City 24150, Taiwan (R.O.C.)","簡O田","(03)3869058","(03)3851367","有","有"
"36075834","19940423","20230523","佳麟實業有限公司","CHYA LEAN ENTERPRISE CO., LTD.","新北市新莊區新樹路33號","No. 33, Xinshu Rd., Xinzhuang Dist., New Taipei City 242063, Taiwan (R.O.C.)","林O祐","02-29067377","02-29031008","有","有"
"36075927","19921016","20210814","富爾利手套股份有限公司","FAIRY GLOVE CO., LTD.","桃園市蘆竹區龍壽街一段95巷1號","No. 1, Ln. 95, Sec. 1, Longshou St., Luzhu Dist., Taoyuan City 33844, Taiwan (R.O.C.)","林O惠","03-3693989","","有","有"
"36076192","19970415","20210813","錦龍齒輪有限公司","GIN LONG GEAR CO., LTD.","新北市三重區中正北路193巷11弄4號","No. 4, Aly. 11, Ln. 193, Zhongzheng N. Rd., Sanchong Dist., New Taipei City 24157, Taiwan (R.O.C.)","許O章","02-29872169","","有","有"
"36076432","19990310","20210812","欣國實業有限公司","SHIN GWO PARTS CO., LTD.","新北市蘆洲區永安南路2段16巷17弄17號5樓","5 F., No. 17, Aly. 17, Ln. 16, Sec. 2, Yong’an S. Rd., Luzhou Dist., New Taipei City 24766, Taiwan (R.O.C.)","劉O胤","02-22835456","02-22830771","有","有"
"36076708","19970917","20210813","帝美有限公司","REGAL PLASTIC CO., LTD.","新北市三重區貴陽街47巷19弄15號1樓","1 F., No. 15, Aly. 19, Ln. 47, Guiyang St., Sanchong Dist., New Taipei City 24161, Taiwan (R.O.C.)","吳O玲","02-29715476","","有","有"
"36078419","19820330","20210814","大鵬電子股份有限公司","DA-PUN ELECTRONIC CO., LTD.","新北市三重區忠孝路3段65巷2號","No. 2, Ln. 65, Sec. 3, Zhongxiao Rd., Sanchong Dist., New Taipei City 24157, Taiwan (R.O.C.)","許O杰","02-29851093","02-29862502","有","有"
"36078804","19850810","20230107","合邦實業股份有限公司","HER BANG ENTERPRISES CO., LTD.","新北市新莊區化成路325巷4號","No. 4, Ln. 325, Huacheng Rd., Xinzhuang Dist., New Taipei City 242042, Taiwan (R.O.C.)","林O敏","02-29917229","02-29926012","有","有"
"36078826","20000915","20210812","格興工業股份有限公司","GOLD HSING INDUSTRIAL CO., LTD.","新北市新莊區民樂街48號","No. 48, Minle St., Xinzhuang Dist., New Taipei City 24251, Taiwan (R.O.C.)","江O媛","02-29931426","02-29925653","有","有"
"36079000","19820120","20210813","鴻日實業有限公司","GOODLORD INDUSTRIAL CO., LTD.","新北市新莊區化成路554巷29號1樓","1 F., No. 29, Ln. 554, Huacheng Rd., Xinzhuang Dist., New Taipei City 24252, Taiwan (R.O.C.)","莊O義","02-8992-5059-61","02-2994-2650","有","有"
"36079233","19850513","20250409","嶄新電子股份有限公司","JAIN SHIN ELECTRONIC CO., LTD.","新北市泰山區新北大道6段411號7樓","7 F., No. 411, Sec. 6, New Taipei Blvd., Taishan Dist., New Taipei City 24355, Taiwan (R.O.C.)","陳O琴","02-29085570","02-29085576","有","有"
"36079260","19920502","20210814","紀倫企業股份有限公司","JYUE LUEN ENTERPRISE CO., LTD.","新北市新莊區中正路659之5號7樓","7 F., No. 659-5, Zhongzheng Rd., Xinzhuang Dist., New Taipei City 24257, Taiwan (R.O.C.)","陳O維","02-29043355","02-29018920","有","有"
"36080344","20040309","20230316","廣進利興業有限公司","KUANG GEAN LI CO., LTD.","新北市新莊區福營路145巷47號","No. 47, Ln. 145, Fuying Rd., Xinzhuang Dist., New Taipei City 242054, Taiwan (R.O.C.)","商O昌","02-29030588","02-29087401","有","有"
"36081532","20000622","20250423","坤榮工業有限公司","K & R INDUSTRIAL CO.","新北市蘆洲區和平路16號","No. 16, Heping Rd., Luzhou Dist., New Taipei City 247027, Taiwan (R.O.C.)","陳O然","02-22838181","02-22832121","有","有"
"36081955","19820617","20240417","國林螺絲工廠","KUAO LENG SCREW FACTORY","新北市三重區中正北路193巷35弄82號","No. 82, Aly. 35, Ln. 193, Zhongzheng N. Rd., Sanchong Dist., New Taipei City 241026, Taiwan (R.O.C.)","黃O朝","02-29881796","","有","有"
"36082547","19891011","20210812","崑程工業有限公司","KUM CHEN INDUSTRIAL CO., LTD.","新北市三重區大勇街82巷26弄26號1樓","1 F., No. 26, Aly. 26, Ln. 82, Dayong St., Sanchong Dist., New Taipei City 24156, Taiwan (R.O.C.)","陳O安","02-29894410","02-29841849","有","有"
"36082862","19830926","20210812","銘艎實業有限公司","MING HUANG AUTO-EMBROIDERING CO., LTD.","新北市樹林區俊英街一一六巷四一弄四○號","No. 40, Aly. 41, Ln. 116, Junying St., Shulin Dist., New Taipei City 23863, Taiwan (R.O.C.)","魏O泉","02-26872239","02-26872293","有","有"
"36083139","19891116","20210812","力上塑膠有限公司","POWERFUL PLASTIC INDUSTRIAL CO., LTD.","新北市蘆洲區正和街63巷14號","No. 14, Ln. 63, Zhenghe St., Luzhou Dist., New Taipei City 24757, Taiwan (R.O.C.)","楊O陶","02-22819630","02-22810243","有","有"
"36083399","19870821","20210814","宏綺機械有限公司","HONG CHYI MECHANICAL CO., LTD.","新北市五股區五工五路52號1樓","1 F., No. 52, Wugong 5th Rd., Wugu Dist., New Taipei City 24890, Taiwan (R.O.C.)","張O讓","02-22990778","02-22990776","有","有"
"36083594","20061124","20210813","信德塑膠有限公司","SINDE PLASTIC CO., LTD.","臺北市信義區信義路5段5號","No. 5, Sec. 5, Xinyi Rd., Xinyi Dist., Taipei City 11011, Taiwan (R.O.C.)","陳O仁","02-27200786","02-27209148","有","有"
"36083601","20081128","20210812","尚裕工業股份有限公司","NEW COUNTRY TECH CO., LTD.","新北市泰山區明志路三段四三二巷三一號","No. 31, Ln. 432, Sec. 3, Mingzhi Rd., Taishan Dist., New Taipei City 24354, Taiwan (R.O.C.)","吳O源","02-22310250","","有","有"
"36083659","20000327","20230310","國園實業有限公司","KWO YUEN INDUSTRIAL CO., LTD.","臺北市中山區錦州街254號1樓","1 F., No. 254, Jinzhou St., Zhongshan Dist., Taipei City 104072, Taiwan (R.O.C.)","孔O娣","02-25028746","","無","無"
"36083861","19990528","20210814","成琨塑膠工業有限公司","CHENG KUN PLASTIC CO., LTD.","新北市新莊區頭興街50號","No. 50, Touxing St., Xinzhuang Dist., New Taipei City 24252, Taiwan (R.O.C.)","鄭O芳","02-2991-9797","8994-1661","有","有"
"36083932","20180625","20230504","印泉企業有限公司","In Chan Enterprise CO., LTD.","新北市新莊區新泰路199巷19號1樓","1 F., No. 19, Ln. 199, Xintai Rd., Xinzhuang Dist., New Taipei City 242004, Taiwan (R.O.C.)","陳O由","02-29963562","02-29964589","有","有"
"36083953","20010302","20210813","毅濱企業有限公司","TOP ZEAL ENTERPRISE CO., LTD.","新北市新莊區瓊林路104之19號4樓","4 F., No. 104-19, Qionglin Rd., Xinzhuang Dist., New Taipei City 24263, Taiwan (R.O.C.)","徐O翔","02-22014327","","有","有"
"36084186","19820816","20231205","天統實業股份有限公司","AXIOMA INTERNATIONAL CORP.","臺北市士林區德行東路104巷9弄3號","No. 3, Aly. 9, Ln. 104, Dexing E. Rd., Shilin Dist., Taipei City 11147, Taiwan (R.O.C.)","","02-28332662","02-28312200","無","無"
"36084257","20060523","20230214","三賢電機股份有限公司","SUNSEM ELECTRIC CO., LTD.","新北市蘆洲區中山二路222巷21弄15號","No. 15, Aly. 21, Ln. 222, Zhongshan 2nd Rd., Luzhou Dist., New Taipei City 247015, Taiwan (R.O.C.)","周O昆","02-22828052","02-22811379","有","有"
"36084361","20220316","20220316","豐興營造工程有限公司","Fongtex Engineering Construction Co., Ltd.","臺北市大同區延平北路2段202號7樓之1","7F.-1, NO. 202, SEC. 2, YANPING N. RD., DATONG DIST., TAIPEI CITY 10348, TAIWAN (R.O.C.)","張O騰","02-25528260#12","02-25528265","有","有"
"36084637","20021115","20210811","富煌企業社","FU HUANG ENTERPRISE CO.","彰化縣和美鎮頭前里北堂路289巷99號","No. 99, Ln. 289, Beitang Rd., Touqian Vil., Hemei Township, Changhua County 50851, Taiwan (R.O.C.)","蔡O龍","04-7551317","04-7560417","有","有"
"36084833","19861113","20221228","競國實業股份有限公司","APCB INC.","新北市樹林區俊英街84巷6號","No. 6, Ln. 84, Junying St., Shulin Dist., New Taipei City 238023, Taiwan (R.O.C.)","曹O霞","02-26832626","02-26838440","有","有"
"36085039","19910104","20210814","達躍企業股份有限公司","DAR YUEH INDUSTRIAL CO., LTD.","桃園市蘆竹區南山路一段126巷19號","No. 19, Ln. 126, Sec. 1, Nanshan Rd., Luzhu Dist., Taoyuan City 33861, Taiwan (R.O.C.)","阮O強","03-3221061","03-3222994","有","有"
"36085256","19960506","20210813","盛力機電實業有限公司","SHENG LI ELECTRICAL ENTERPRISE CO., LTD.","新北市新莊區五權二路22號3樓之4","3F.-4, No. 22, Wuquan 2nd Rd., Xinzhuang Dist., New Taipei City 24892, Taiwan (R.O.C.)","楊O","02-22995077","02-22994695","有","有"
"36085312","20110331","20210813","勝凱機械股份有限公司","SHENG KAI MACHINERY, CO., LTD.","新北市三重區中興北街38巷11號1樓","1 F., No. 11, Ln. 38, Zhongxing N. St., Sanchong Dist., New Taipei City 24158, Taiwan (R.O.C.)","郭O成","02-29952066","02-89827363","有","有"
"36085426","19880629","20220622","鴻佳企業有限公司","HORNGJIA ENTERPRISE CO., LTD.","桃園市龜山區大同路410巷3弄1號","No. 1, Aly. 3, Ln. 410, Datong Rd., Guishan Dist., Taoyuan City 333024, Taiwan (R.O.C.)","楊O登","03-3273545","03-3972247","有","有"
"36085713","19930809","20210813","廣興塑膠機械股份有限公司","KUANG HSING PLASTIC MACHINERY CO., LTD.","新北市板橋區大觀路3段36巷99弄5號","No. 5, Aly. 99, Ln. 36, Sec. 3, Daguan Rd., Banqiao Dist., New Taipei City 22072, Taiwan (R.O.C.)","缺O","02-26875119","02-26810007","有","有"
"36085729","19820311","20210812","鈺洲有限公司","TWINKIE-TWINKIE ENTERPRISES LTD.","新北市三重區三和路1段39巷19號1樓","1 F., No. 19, Ln. 39, Sec. 1, Sanhe Rd., Sanchong Dist., New Taipei City 24148, Taiwan (R.O.C.)","張O洲","02-29787789","02-29730371","有","有"
"36085805","19990818","20230511","松江器材有限公司","SUNG JIANG CAR-ACCESSORIES CO., LTD.","臺北市中山區松江路357巷3號2樓","2 F., No. 3, Ln. 357, Songjiang Rd., Zhongshan Dist., Taipei City 104056, Taiwan (R.O.C.)","鐘O諠","02-22816056","02-22816009","有","有"
"36085930","19940428","20221228","加龍鋼業股份有限公司","NEW JIA LONG CO., LTD.","新北市新莊區化成路660巷22號","No. 22, Ln. 660, Huacheng Rd., Xinzhuang Dist., New Taipei City 242042, Taiwan (R.O.C.)","羅O淼","02-29936786","02-29912690","有","有"
"36085988","20100903","20210815","恒昌利塑膠有限公司","TECH RACING ENTERPRISE CO., LTD.","新北市八里區龍米路2段223號","No. 223, Sec. 2, Longmi Rd., Bali Dist., New Taipei City 24944, Taiwan (R.O.C.)","李O彬","02-26104222","02-26104810","有","有"
"36086207","19840216","20221207","圓桌企業有限公司","GROUND TABLE ENTERPRISE CO., LTD.","新北市新莊區四維路153之1號2樓","2 F., No. 153-1, Siwei Rd., Xinzhuang Dist., New Taipei City 242072, Taiwan (R.O.C.)","曾O力","02-26897900","02-86881320","有","有"
"36086234","19980623","20210812","晃明螺絲五金有限公司","HUANG MING SCREW CO., LTD.","新北市三重區仁義街167巷11號1樓","1 F., No. 11, Ln. 167, Renyi St., Sanchong Dist., New Taipei City 24151, Taiwan (R.O.C.)","李O素珠","02-29867350","02-29808220","有","有"
"36087233","19820714","20210815","安地實業有限公司","KINGSTY ENTERPRISE COMPANY, LIMITED","新北市三重區大同北路44巷21號","No. 21, Ln. 44, Datong N. Rd., Sanchong Dist., New Taipei City 24145, Taiwan (R.O.C.)","朱O義","02-22782211","","有","有"
"36087389","19941015","20210815","均固企業有限公司","MAX FILTER CO., LTD.","新北市新莊區福美街122號","No. 122, Fumei St., Xinzhuang Dist., New Taipei City 24250, Taiwan (R.O.C.)","陳O融","03-3289261","","有","有"
"36087439","19940416","20230421","全文不銹鋼工業有限公司","CHUAN WEN STAINLESS STEEL INDUSTRIAL CO., LTD.","新北市樹林區俊興街211巷7弄30號","No. 30, Aly. 7, Ln. 211, Junxing St., Shulin Dist., New Taipei City 238026, Taiwan (R.O.C.)","陳O全","02-2689-3123-5","02-2689-1445","有","有"
"36087584","19930628","20250223","森毫工業股份有限公司","WIDE BRIGHT INDUSTRIAL LTD.","新北市三重區中興北街160巷29號","No. 29, Ln. 160, Zhongxing N. St., Sanchong Dist., New Taipei City 24158, Taiwan (R.O.C.)","連O伶","02-29955488","02-29952429","有","有"
"36087732","19970904","20210812","芳展企業有限公司","JENQ HUEI ENTERPRISE CO., LTD.","新北市三重區重安街二八號四樓","4 F., No. 28, Chong’an St., Sanchong Dist., New Taipei City 24143, Taiwan (R.O.C.)","簡O寶貴","02-29978061","","有","有"
"36087775","19991223","20220929","鎰發金屬有限公司","YIH FA METAL INDUSTRIES CO., LTD.","新北市三重區中興北街193巷17號","No. 17, Ln. 193, Zhongxing N. St., Sanchong Dist., New Taipei City 241022, Taiwan (R.O.C.)","黃O發","02-29952616","02-29957169","有","有"
"36088021","19831220","20210812","寶群紙器股份有限公司","PAO CHUN PAPERS CORPORATION","新北市三重區五谷王北街66巷45號","No. 45, Ln. 66, Wuguwang N. St., Sanchong Dist., New Taipei City 24158, Taiwan (R.O.C.)","藍O同","02-29957561","02-29958540","有","有"
"36088232","20000930","20240103","肯徠企業股份有限公司","KENLINE ENTERPRISE CORPORATION","新北市新莊區思源路455號3樓","3 F., No. 455, Siyuan Rd., Xinzhuang Dist., New Taipei City 24250, Taiwan (R.O.C.)","","02-29917630","02-29923792","無","無"
"36088654","20010427","20210812","百穗工業有限公司","PAI SUI INDUSTRIAL CO., LTD.","桃園市大園區內海里民生路125號","No. 125, Minsheng Rd., Neihai Vil., Dayuan Dist., Taoyuan City 33759, Taiwan (R.O.C.)","莊O素凰","02-26100022","03-3838575","有","有"
"36088676","20020725","20230617","有隆五金有限公司","YOU LONG METAL LTD.","新北市三重區自強路3段76巷27弄1號","No. 1, Aly. 27, Ln. 76, Sec. 3, Ziqiang Rd., Sanchong Dist., New Taipei City 241064, Taiwan (R.O.C.)","劉O富","02-22873253","02-22871066","有","有"
"36089014","19951222","20210815","台株企業股份有限公司","TAYCHU ENTERPRISE CO., LTD.","桃園市龜山區兔坑里茶專二街92巷15號","No. 15, Ln. 92, Chazhuan 2nd St., Tukeng Vil., Guishan Dist., Taoyuan City 33348, Taiwan (R.O.C.)","黃O細妹","","","有","有"
"36089204","20170628","20250618","多加國際企業股份有限公司","SD BLOCKCHAIN FINTECH LTD.","桃園市龜山區文化三路63號地下一層之2","No. 63, Wenhua 3rd Rd., Guishan Dist., Taoyuan City 333010, Taiwan (R.O.C.)","徐O程","02-29725857","0289720621","有","有"
"36089529","19820716","20210813","新格電線電纜股份有限公司","SYNCO WIRE & CABLE CO., LTD.","桃園市觀音區崙坪里1鄰1之7號","No. 1-7, Lunping, 1st Neighborhood, Lunping Vil., Guanyin Dist., Taoyuan City 32846, Taiwan (R.O.C.)","林O發","03-498-4586","03-498-4972","有","有"
"36090482","19961211","20210813","建呈機械五金有限公司","JEN CHEN MACHINAL & HARDWARE CO., LTD.","新北市三重區興德路一四五號一樓","1 F., No. 145, Xingde Rd., Sanchong Dist., New Taipei City 24158, Taiwan (R.O.C.)","游O蓮","02-29958871","02-29950865","有","有"
"36090547","20020703","20211022","冠洲水電工程有限公司","GUAN JOU INTERNATIONAL ENTERPRISE CO., LTD.","新北市新莊區五工路98號3樓","3 F., No. 98, Wugong Rd., Xinzhuang Dist., New Taipei City 24886, Taiwan (R.O.C.)","林O文","02-22991855","","有","有"
"36091150","20230804","20230804","省京塑膠有限公司","SHEN JING PLASTIC CO., LTD.","新北市五股區工商路36巷14號1樓","1 F., No. 14, Ln. 36, Gongshang Rd., Wugu Dist., New Taipei City 248006, Taiwan (R.O.C.)","周O隆","02-2291-6469","","有","有"
"36091481","19820424","20210813","今騰工業股份有限公司","JINTERNG CORPORATION","彰化縣大村鄉平和村山腳路160之20號1樓","1 F., No. 160-20, Shanjiao Rd., Dacun Township, Changhua County 51541, Taiwan (R.O.C.)","游O福","04-853-1999","04-853-2555","有","有"
"36091834","19820713","20210812","軒立企業有限公司","YEN LIH INTERNATIONAL CORP.","臺北市中山區民權東路3段56號3樓之2","3F.-2, No. 56, Sec. 3, Minquan E. Rd., Zhongshan Dist., Taipei City 10477, Taiwan (R.O.C.)","吳O弘","02-25091840","02-25091812","有","有"
"36092290","19820617","20220304","旭智貿易有限公司","SHIUH-JEE TRADING CO., LTD.","新北市五股區成泰路3段577巷80弄70號3樓","3 F., No. 70, Aly. 80, Ln. 577, Sec. 3, Chengtai Rd., Wugu Dist., New Taipei City 24842, Taiwan (R.O.C.)","林O惠","02-22913336","","有","有"
"36092307","20130911","20210811","鼎新企業社","TING HSIN ENTERPRISE CO.","新北市三重區新北大道2段139巷13號","No. 13, Ln. 139, Sec. 2, New Taipei Blvd., Sanchong Dist., New Taipei City 24158, Taiwan (R.O.C.)","賀OO","02-29993122","02-29955453","無","無"
"36092411","19980520","20210812","昭伸企業股份有限公司","CHAU-HSEN ENTERPRISE CO., LTD.","桃園市蘆竹區海湖里海山中街285號","No. 285, Haishan Central St., Haihu Vil., Luzhu Dist., Taoyuan City 33856, Taiwan (R.O.C.)","張O聲","02-26051245","02-26052244","有","有"
"36092637","20020829","20240604","黑鋼電線電纜有限公司","HEI GANG CABLE & WIRE CO., LTD.","新北市三重區重新路2段46之8號3樓","3 F., No. 46-8, Sec. 2, Chongxin Rd., Sanchong Dist., New Taipei City 241002, Taiwan (R.O.C.)","江O元","02-29957676","02-85123168","無","無"
"36093072","19970603","20210813","瓏翔鋼鐵材料股份有限公司","LONG HSING METAL CO., LTD.","新北市三重區中正北路560巷27號","No. 27, Ln. 560, Zhongzheng N. Rd., Sanchong Dist., New Taipei City 24157, Taiwan (R.O.C.)","沈O峰","02-29838866","","有","有"
"36093360","19911224","20240822","聖方金屬工業股份有限公司","SANG FANG METAL CO.","桃園市蘆竹區長壽里長春路53號3樓","3 F., No. 53, Changchun Rd., Changshou Vil., Luzhu Dist., Taoyuan City 33850, Taiwan (R.O.C.)","","03-324-3704","","無","無"
"36093495","20000408","20210814","南州精密工業有限公司","NAN JOU PRECISION INDUSTRY CO., LTD.","新北市樹林區三俊街252巷11弄8號","No. 8, Aly. 11, Ln. 252, Sanjun St., Shulin Dist., New Taipei City 23865, Taiwan (R.O.C.)","呂O德","02-26883569","02-26885335","有","有"
"36093734","19821116","20250512","棉品實業股份有限公司","BE BE COTTON KNITTING CO., LTD.","桃園市大園區大工路126號","No. 126, Dagong Rd., Dayuan Dist., Taoyuan City 337053, Taiwan (R.O.C.)","洪O峯","03-3862298","03-3862265","有","有"
"36094733","20000306","20210812","尚盟企業股份有限公司","DO-GOOD ENTERPRISE CO., LTD.","新北市五股區五權五路34號","No. 34, Wuquan 5th Rd., Wugu Dist., New Taipei City 24888, Taiwan (R.O.C.)","賴O印","22995969","22995976","有","有"
"36095629","19880902","20210812","嘉崢塑膠企業股份有限公司","CHIA JENG PLASTICS ENTERPRISE CO., LTD.","新北市五股區工商路18巷14號","No. 14, Ln. 18, Gongshang Rd., Wugu Dist., New Taipei City 24856, Taiwan (R.O.C.)","張O聖","02-22917065","02-22922841","有","有"
"36096351","19900727","20210813","泰精超硬刀具有限公司","TAI JENG MACHINERY TOOL CO., LTD.","新北市新莊區化成路83巷59號","No. 59, Ln. 83, Huacheng Rd., Xinzhuang Dist., New Taipei City 24252, Taiwan (R.O.C.)","林O國","02-29967563","02-29974671","有","有"
"36096508","19871002","20210814","鼎峰電機工業股份有限公司","TING FONG ELECTRIC & MACHINERY CO., LTD.","新北市三重區中興北街135巷16號","No. 16, Ln. 135, Zhongxing N. St., Sanchong Dist., New Taipei City 24158, Taiwan (R.O.C.)","王O培","02-29957281","","有","有"
"36096704","19820505","20230720","協易機械工業股份有限公司","SHIEH YIH MACHINERY INDUSTRY CO., LTD.","桃園市龜山區南上路446號","No. 446, Nanshang Rd., Guishan Dist., Taoyuan City 333014, Taiwan (R.O.C.)","郭O慧","03-3525466","03-3525488","有","有"
"36096818","19820602","20210814","昇錩實業股份有限公司","SEN CHANG INDUSTRIAL CO., LTD.","桃園市大園區南港里長發路238號","No. 238, Nangang Vil., Dayuan Dist., Taoyuan City 337, Taiwan (R.O.C.)","呂O興","03-3869345#17","03-3863081","有","有"
"36097295","19920321","20210814","和運銅品金屬股份有限公司","HER-YUNN COPPER ALLOYS (WHOLE SALE)CO., LTD.","新北市三重區光華路39號(1樓)","1 F., No. 39, Guanghua Rd., Sanchong Dist., New Taipei City 24158, Taiwan (R.O.C.)","林O田","02-29991566","02-29991565","有","有"
"36097871","19880715","20221007","浜中松琴工業有限公司","HAMA NAKA SHOUKIN INDUSTRY CO., LTD.","新北市新莊區福營路205號","No. 205, Fuying Rd., Xinzhuang Dist., New Taipei City 242054, Taiwan (R.O.C.)","蔡O信","02-29027821","02-29026741","有","有"
"36098843","20050518","20210812","上勤金屬企業有限公司","SHANG CHYN METAL ENTERPRISE CO., LTD.","新北市三重區萬全街一二號","No. 12, Wanquan St., Sanchong Dist., New Taipei City 24149, Taiwan (R.O.C.)","陳O煌","02-29757749","02-29756791","有","有"
"36099012","19870504","20210813","政洲貿易有限公司","KOUMOL TRADING CO., LTD.","新北市三重區自強路2段50巷31號1樓","1 F., No. 31, Ln. 50, Sec. 2, Ziqiang Rd., Sanchong Dist., New Taipei City 24162, Taiwan (R.O.C.)","郭O雲","02-29855597","","有","有"
"36099625","19980224","20210813","豐欣銅針有限公司","FONG SHIN PIN CO., LTD.","新北市五股區中興路1段118巷6弄24號","No. 24, Aly. 6, Ln. 118, Sec. 1, Zhongxing Rd., Wugu Dist., New Taipei City 24872, Taiwan (R.O.C.)","賴O綺","02-29813793","","有","有"
"36100003","19961104","20210814","協鑫工業有限公司","SHA SHIN INDUSTRY CO., LTD.","新北市樹林區俊興街210巷7號","No. 7, Ln. 210, Junxing St., Shulin Dist., New Taipei City 23866, Taiwan (R.O.C.)","邱O孌","02-26895759","","有","有"
"36100480","19990402","20210812","華而美寢具實業有限公司","HWA ERH MAY CO., LTD.","新北市五股區五權三路43號","No. 43, Wuquan 3rd Rd., Wugu Dist., New Taipei City 24891, Taiwan (R.O.C.)","廖O壽","02-29962365","02-29922369","有","有"
"36100566","19940326","20210813","宇翔工業有限公司","YU HSJANG INDUSTRY CO., LTD.","新北市樹林區三俊街81巷39號","No. 39, Ln. 81, Sanjun St., Shulin Dist., New Taipei City 23864, Taiwan (R.O.C.)","魏O宇","02-26891191","02-26892606","有","有"
"36100952","20091117","20210814","進芳五金有限公司","JIN FANG HARDWARE CO., LTD.","新北市三重區龍濱路142號(1樓)","1 F., No. 142, Longbin Rd., Sanchong Dist., New Taipei City 24149, Taiwan (R.O.C.)","詹O華","02-29732422","02-29732423","有","有"
"36101474","19830718","20210812","友皇油壓工業股份有限公司","YOU FOUND HYDRAULICS INDUSTRIAL CO., LTD.","新北市三重區中興北街180巷1號","No. 1, Ln. 180, Zhongxing N. St., Sanchong Dist., New Taipei City 24158, Taiwan (R.O.C.)","黃O祿","02-2995-0000","02-2995-3332","有","有"
"36101684","19960618","20210813","雅靖企業有限公司","YEA JING CO., LTD.","新北市三重區成功路41巷31號1樓","1 F., No. 31, Ln. 41, Chenggong Rd., Sanchong Dist., New Taipei City 24144, Taiwan (R.O.C.)","李O聲","02-22939795","02-22931007","有","有"
"36102240","20080318","20210812","超民企業有限公司","CHOW MING ENTERPRISE CO., LTD.","新北市蘆洲區三民路一九八巷七弄一號五樓","5 F., No. 1, Aly. 7, Ln. 198, Sanmin Rd., Luzhou Dist., New Taipei City 24760, Taiwan (R.O.C.)","莊O鑫","22851448","22891519","有","有"
"36102776","20081224","20250110","菁樹實業有限公司","CPE TECHNOLOGY CO., LTD.","臺北市中山區長安西路24號7樓","7 F., No. 24, Chang'an W. Rd., Zhongshan Dist., Taipei City 104001, Taiwan (R.O.C.)","賴O知","02-25210089","02-25211389","有","有"
"36103000","19960606","20210813","銣艎實業有限公司","JU HUANG ENTERPRISE CO., LTD.","新北市林口區工二工業區工四路7號","No. 7, Gong 4th Rd., Gong’er Industrial Park, Linkou Dist., New Taipei City 24452, Taiwan (R.O.C.)","黃O添","02-26015497","02-26010345","有","有"
"36103304","19970708","20210815","羅斯企業有限公司","LIO SSU ENTERPRISE CO., LTD.","新北市三重區興德路141巷36號","No. 36, Ln. 141, Xingde Rd., Sanchong Dist., New Taipei City 24158, Taiwan (R.O.C.)","王O仁","02-29958299","02-29957922","有","有"
"36103450","20040519","20210813","代德企業有限公司","DAI-DE ENTERPRISE LTD.","新北市新莊區幸福路566號3樓","3 F., No. 566, Xingfu Rd., Xinzhuang Dist., New Taipei City 24247, Taiwan (R.O.C.)","賴O斌","02-29932870","02-29914777","有","有"
"36104232","20010501","20230725","宏宛交通器材工業有限公司","HONG-WAN TRAFFIC SUPPLIES INDUSTRY CO., LTD.","新北市新莊區思源路42巷3號之2三樓","3 F., No. 3-2, Ln. 42, Siyuan Rd., Xinzhuang Dist., New Taipei City 242035, Taiwan (R.O.C.)","","02-29926784","02-29948117","無","無"
"36104367","19990703","20230303","鍵緯工業股份有限公司","MATSUKIKU PLASTIC PACKING CO., LTD.","臺中市大甲區日南里東二街12號","No. 12, E. 2nd St., Rinan Vil., Dajia Dist., Taichung City 437104, Taiwan (R.O.C.)","施O麟","04-26816418","04-26816416","有","有"
"36104922","19990514","20230317","平等企業有限公司","PING DAN SCREW ENT. CO., LTD.","新北市三重區仁華街69號1樓","1 F., No. 69, Renhua St., Sanchong Dist., New Taipei City 241084, Taiwan (R.O.C.)","楊O東","02-28577979","02-08579292","有","有"
"36104937","19890602","20210814","明瑩金屬工業股份有限公司","MING YING METAL INDUSTRY CO., LTD.","新北市三重區中正北路428巷7弄1號","No. 1, Aly. 7, Ln. 428, Zhongzheng N. Rd., Sanchong Dist., New Taipei City 24162, Taiwan (R.O.C.)","林O文","02-29885671","","有","有"
"36105078","19880129","20210814","宇達機械工業股份有限公司","IDTA MACHINERY CO., LTD.","新北市汐止區大同路3段250號","No. 250, Sec. 3, Datong Rd., Xizhi Dist., New Taipei City 22173, Taiwan (R.O.C.)","林O緯","02-229389417","","有","有"
"36105133","19920518","20210815","頂新興業股份有限公司","DIN SIN BUSINESS CO., LTD.","新北市泰山區貴子路36巷6號","No. 6, Ln. 36, Guizi Rd., Taishan Dist., New Taipei City 24351, Taiwan (R.O.C.)","張O嬌","02-29064427","02-29037396","有","有"
"36105318","19870818","20210813","錩輝實業有限公司","JAMA WEI CO., LTD.","新北市三重區中正北路125號1樓","1 F., No. 125, Zhongzheng N. Rd., Sanchong Dist., New Taipei City 24141, Taiwan (R.O.C.)","王O地","02-29816637","","有","有"
"36106870","19940322","20210815","海匯企業有限公司","SEA WAVE ENTERPRISES LTD.","新北市新莊區幸福東路96號","No. 96, Xingfu E. Rd., Xinzhuang Dist., New Taipei City 24252, Taiwan (R.O.C.)","林O麗","02-29019975","02-29069454","有","有"
"36106908","19941104","20210813","興旺壓鑄企業有限公司","SHIN WANG DIE CAST INDUSTRIAL CO., LTD.","桃園市龜山區東萬壽路642巷86號","No. 86, Ln. 642, Dongwanshou Rd., Guishan Dist., Taoyuan City 33355, Taiwan (R.O.C.)","袁O旺","02-22047688","","有","有"
"36107104","20170503","20210811","山鷹企業社","SANYIN COMPANY","新北市三重區民生街６１巷６弄４號１樓","1 F., No. 4, Aly. 6, Ln. 61, Minsheng St., Sanchong Dist., New Taipei City 24141, Taiwan (R.O.C.)","林O興","02-29879865","02-29839449","有","有"
"36107532","19840807","20210813","世淇企業有限公司","SHYARO CHI ENTERPRISE CO., LTD.","臺北市大安區敦化南路1段270巷32號1樓","1 F., No. 32, Ln. 270, Sec. 1, Dunhua S. Rd., Da’an Dist., Taipei City 10685, Taiwan (R.O.C.)","葉O","02-27110324","02-27819913","有","有"
"36107619","19880121","20210812","財煦企業有限公司","TSAI SHIN ENTERPRISE CO., LTD.","新北市三重區中正北路315巷6弄49號1樓","1 F., No. 49, Aly. 6, Ln. 315, Zhongzheng N. Rd., Sanchong Dist., New Taipei City 24157, Taiwan (R.O.C.)","黃O鑫","02-29873378","","有","有"
"36107759","20090513","20210813","宜鉖寶實業有限公司","ETREASURE ENTERPRISE CO., LTD.","新北市三重區長壽西街206號1樓","1 F., No. 206, Changshou W. St., Sanchong Dist., New Taipei City 24145, Taiwan (R.O.C.)","孫O猷","02-29878256","02-29815970","有","有"
"36108173","19910909","20230427","冠億齒輪股份有限公司","KUANI GEAR CO., LTD.","新北市新莊區中正路891之43號11樓之6","11 F.-6, No. 891-43, Zhongzheng Rd., Xinzhuang Dist., New Taipei City 242052, Taiwan (R.O.C.)","鄭O信","02-2903-3740","02-2902-8865","有","有"
"36108461","20010524","20210813","冶聖工業股份有限公司","YEH SHENG POWDER PARTS IND. CO., LTD.","新北市新莊區中正路721巷11號","No. 11, Ln. 721, Zhongzheng Rd., Xinzhuang Dist., New Taipei City 24261, Taiwan (R.O.C.)","吳O吟","02-29032176","02-29037924","有","有"
"36108928","20081121","20210812","勝發研磨材料有限公司","SUN FU CO., LTD.","新北市三重區正義北路64巷39號3樓","3 F., No. 39, Ln. 64, Zhengyi N. Rd., Sanchong Dist., New Taipei City 24147, Taiwan (R.O.C.)","柯O德","02-29714215","02-29853727","有","有"
"36109601","19960409","20211217","錦耀有限公司","SUNTEX EMBROIDERY CO., LTD.","新北市新莊區武前街18號","No. 18, Wuqian St., Xinzhuang Dist., New Taipei City 24241, Taiwan (R.O.C.)","林O德","02-29920723","02-29962566","有","有"
"36109790","20010223","20210812","美岡不銹鋼廚具有限公司","MEI KANG KITCHENWARE CO., LTD.","新北市林口區麗園一街6巷4號5樓之2","5F.-2, No. 4, Ln. 6, Liyuan 1st St., Linkou Dist., New Taipei City 24447, Taiwan (R.O.C.)","張O德","","","有","有"
"36109905","19850306","20210813","山富工業股份有限公司","HSAN FHU INDUSTRIAL CO., LTD.","臺北市大安區忠孝東路3段217巷5弄14號1樓","1 F., No. 14, Aly. 5, Ln. 217, Sec. 3, Zhongxiao E. Rd., Da’an Dist., Taipei City 10653, Taiwan (R.O.C.)","張O文","02-29916879","02-29921955","有","有"
"36109927","20160726","20230517","若瑟工業有限公司","RUO SE CO., LTD.","新北市淡水區口湖子1之10號","No. 1-10, Kouhuzi, Tamsui Dist., New Taipei City 251010, Taiwan (R.O.C.)","徐O煌","02-29069341","02-29034577","有","有"
"36110092","19950614","20221007","銘宏照相製版有限公司","MING HONG PHOTOGRAPH & MAKE PLATE CO., LTD.","新北市新莊區新泰路401巷5號4樓","4 F., No. 5, Ln. 401, Xintai Rd., Xinzhuang Dist., New Taipei City 242006, Taiwan (R.O.C.)","許O真","02-29937995","","無","無"
"36110115","19980821","20210813","銓順企業有限公司","CHUAN SHUN ENTERPRISES CO., LTD.","新北市新莊區新興街二四巷五號","No. 5, Ln. 24, Xinxing St., Xinzhuang Dist., New Taipei City 24244, Taiwan (R.O.C.)","鄭O松","02-29086602","02-29084140","有","有"
"36110179","19940323","20230714","鈺鍠機械有限公司","YU HUANG MACHINERY CO., LTD.","桃園市龜山區南上路457號","No. 457, Nanshang Rd., Guishan Dist., Taoyuan City 333014, Taiwan (R.O.C.)","黃O蟬","03-3525591","","有","有"
"36110353","19890303","20210815","六相有限公司","SIX PHASE CO., LTD.","桃園市蘆竹區大豐街17之3、17之4號","No. 17-4, Dafeng St., Luzhu Dist., Taoyuan City 33860, Taiwan (R.O.C.)","黃O賈","03-352-2338","03-352-2339","有","有"
"36110656","20011219","20210813","和貴塑膠工業有限公司","HE GUI PLASTIC INDUSTRIAL CO., LTD.","新北市板橋區大同街30號2樓","2 F., No. 30, Datong St., Banqiao Dist., New Taipei City 22043, Taiwan (R.O.C.)","許O池","02-2269-1415","02-2269-1358","有","有"
"36110902","19990420","20230608","三春機械股份有限公司","SAN CHUEN MACHINERY CO., LTD.","桃園市龜山區樂善里文明路七八號","No. 78, Wenming Rd., Leshan Vil., Guishan Dist., Taoyuan City 333011, Taiwan (R.O.C.)","沈O華","03-3270869","03-3270878","有","有"
"36111233","20040527","20210815","文盛塑膠工業有限公司","WINSHINE MANUFACTURING CO., LTD.","新北市三重區中正北路193巷35弄45號","No. 45, Aly. 35, Ln. 193, Zhongzheng N. Rd., Sanchong Dist., New Taipei City 24157, Taiwan (R.O.C.)","陳O鎮","02-29861696","02-29718970","有","有"
"36111923","19911009","20230901","雅各彩藝有限公司","YA KER ARTPRESS LTD.","新北市中和區橋和路120號6樓之2","6 F.-2, No. 120, Qiaohe Rd., Zhonghe Dist., New Taipei City 235028, Taiwan (R.O.C.)","吳O凡","02-222-6091","02-223-5408","無","無"
"36112520","19850520","20210813","宏晉鐵工廠有限公司","HON JIN IRON WORKS CO., LTD.","新北市五股區國道路3段8巷1號(1樓)","1 F., No. 1, Ln. 8, Sec. 3, Guodao Rd., Wugu Dist., New Taipei City 24854, Taiwan (R.O.C.)","黃O晉","02-292-5905","","有","有"
"36112839","20030311","20210813","景聯塑膠廠有限公司","JIING LAIN PLASTIC CO., LTD.","新北市新莊區瓊林南路103巷8弄31號","No. 31, Aly. 8, Ln. 103, Qionglin S. Rd., Xinzhuang Dist., New Taipei City 24263, Taiwan (R.O.C.)","陳O祥","02-2202-6359","02-2202-8279","有","有"
"36112958","19990929","20221110","嘉億炭酸有限公司","CHA YI CARBON DIOXIDE CO.","臺北市大安區東豐街45號","No. 45, Dongfeng St., Da’an Dist., Taipei City 106092, Taiwan (R.O.C.)","王O全","02-23214615","02-23917835","有","有"
"36114294","19930813","20220826","龍門瓦斯工程股份有限公司","LONG MEN GAS ENGINEERING CO., LTD.","桃園市龜山區文化里文化二路38之11號2樓","2 F., No. 38-11, Wenhua 2nd Rd., Wenhua Vil., Guishan Dist., Taoyuan City 333010, Taiwan (R.O.C.)","陳O霖","02-26051913","02-26051918","有","有"
"36114484","19821105","20210814","辛奇實業股份有限公司","SING GEE ENTERPRISE CO., LTD.","桃園市觀音區樹林里經建三路42號","No. 42, Jingjian 3rd Rd., Shulin Vil., Guanyin Dist., Taoyuan City 32853, Taiwan (R.O.C.)","鄭O靜雲","03-4839961","03-4836119","有","有"
"36114920","19870206","20210812","萊德化工有限公司","LAIDER CHEMICAL CO., LTD.","新北市三重區大勇街35號","No. 35, Dayong St., Sanchong Dist., New Taipei City 24156, Taiwan (R.O.C.)","曾O炎","02-29856212","02-29892421","有","有"
"36115478","20020612","20210813","柳松鑽石科技股份有限公司","LU SUNG DIAMOND TECHNOLOGY CORP. LTD.","新北市新莊區中正路514巷53弄5號1樓","1 F., No. 5, Aly. 53, Ln. 514, Zhongzheng Rd., Xinzhuang Dist., New Taipei City 24255, Taiwan (R.O.C.)","林O琴","02-29027833","02-29031583","有","有"
"36115596","19821026","20210815","頂星工業股份有限公司","GENERAL STAR CORPORATION","新北市新莊區建國一路134號2樓","2 F., No. 134, Jianguo 1st Rd., Xinzhuang Dist., New Taipei City 24257, Taiwan (R.O.C.)","蔡O豪","02-29062623","","有","有"
"36115821","20220119","20240821","六賢塑膠股份有限公司","SIX SAGES PLASTIC CO., LTD.","新北市蘆洲區中山二路222巷3號","No. 3, Ln. 222, Zhongshan 2nd Rd., Luzhou Dist., New Taipei City 24756, Taiwan (R.O.C.)","","02-22815620","02-22817845","無","無"
"36115929","19880425","20210813","宏益玻璃科技股份有限公司","HONY GLASS TECHNOLOGY CO., LTD.","新北市瑞芳區頂坪路141號","No. 141, Dingping Rd., Ruifang Dist., New Taipei City 22452, Taiwan (R.O.C.)","黃O良","02-24971101","02-24968032","有","有"
"36116075","19940809","20210814","昇由實業有限公司","STRETCH YU INDUSTRY CO., LTD.","新北市泰山區信義街8號","No. 8, Xinyi St., Taishan Dist., New Taipei City 24343, Taiwan (R.O.C.)","徐O財","02-29010101","02-29080083","有","有"
"36116477","19981019","20230202","昌立第一投資有限公司","CHANG LI CHEMICAL PAPER CO., LTD.","新北市新莊區瓊林南路79號之5","No. 79-5, Qionglin S. Rd., Xinzhuang Dist., New Taipei City 242067, Taiwan (R.O.C.)","陳O曼","02-22027509","02-22042409","有","有"
"36117779","20020423","20210813","佑得工業有限公司","YOW-DER INDUSTRIAL LTD.","桃園市龜山區頂湖一街8巷2號","No. 2, Ln. 8, Dinghu 1st St., Guishan Dist., Taoyuan City 33378, Taiwan (R.O.C.)","林O精","03-3281437","03-3283187","有","有"
"36118051","19931204","20210814","麗眼企業有限公司","NEW LI YEN ENTERPRISE CO., LTD.","新北市新莊區中原東路51號","No. 51, Zhongyuan E. Rd., Xinzhuang Dist., New Taipei City 24252, Taiwan (R.O.C.)","李O玲","02-29921855","02-29927739","有","有"
"36118799","19980317","20240927","大展消防器材有限公司","TAI CHANG FIRE FIGHTING EQUIPMENT CO., LTD.","桃園市龜山區萬壽路一段532號（一樓）","1F., No. 532, Sec. 1,  Wanshou Rd., Guishan Dist.,  Taoyuan City 333026, Taiwan (R.O.C.)","江O霖","02-82001283","02-82095508","有","有"
"36119045","20011217","20241022","文聲塑膠工業股份有限公司","WENSONIC PLASTICS CO., LTD.","新北市五股區工商路18巷15.17號","No. 17, Ln. 18, Gongshang Rd., Wugu Dist., New Taipei City 248006, Taiwan (R.O.C.)","黃O興","(02)2291-6705","(02)2291-1254","有","有"
"36119220","19940113","20210814","穎龍塑膠股份有限公司","LONG STRONG PLASTIC CO., LTD.","新北市新莊區五權三路4號","No. 4, Wuquan 3rd Rd., Xinzhuang Dist., New Taipei City 24891, Taiwan (R.O.C.)","簡O蓮","02-2994881-3","02-22995619","有","有"
"36119426","19830831","20210813","緯豪實業股份有限公司","WEVER CO., LTD.","新北市淡水區中正東路2段29之2號5樓","5 F., No. 29-2, Sec. 2, Zhongzheng E. Rd., Tamsui Dist., New Taipei City 25170, Taiwan (R.O.C.)","紀O豪","02-2809-5266","02-2809-8822","有","有"
"36119657","19830418","20240816","祥泉企業有限公司","HSIANG CHUAN ENTERPRISE CO., LTD.","新北市三重區中正北路193巷35弄61號","No. 61, Aly. 35, Ln. 193, Zhongzheng N. Rd., Sanchong Dist., New Taipei City 24157, Taiwan (R.O.C.)","吳O慧","02-29892676","","有","有"
"36119761","20061127","20210814","舜翔塑膠有限公司","SHUN HSIANG PLASTIC CO., LTD.","桃園市觀音區中山路一段1171巷16弄25號","No. 25, Aly. 16, Ln. 1171, Sec. 1, Zhongshan Rd., Guanyin Dist., Taoyuan City 32852, Taiwan (R.O.C.)","林O儒","03-4735689","03-4732966","有","有"
"36120325","19931029","20210813","聯順螺絲工業有限公司","LIAN SHUENN SCREW INDUSTRIAL CO., LTD.","新北市新莊區化成路293巷20號","No. 20, Ln. 293, Huacheng Rd., Xinzhuang Dist., New Taipei City 24253, Taiwan (R.O.C.)","洪O松","02-29948453","02-29880222","有","有"
"36120367","19940428","20210812","泰元鞋楦企業有限公司","TAY YUAN LAST INDUSTRIAL CO., LTD.","新北市三重區力行路一段一七九巷一號","No. 1, Ln. 179, Sec. 1, Lixing Rd., Sanchong Dist., New Taipei City 24162, Taiwan (R.O.C.)","葉O敏","02-29803822","","有","有"
"36120373","20060823","20210812","合斌機械有限公司","HO BIJING MACHINERY CO., LTD.","新北市新莊區新樹路244巷25號","No. 25, Ln. 244, Xinshu Rd., Xinzhuang Dist., New Taipei City 24262, Taiwan (R.O.C.)","戴O良","02-22022775-6","02-22050802","有","有"
"36120508","19840517","20210814","龍府實業有限公司","RONHUW INDUSTRIES CO., LTD.","新北市三重區中寮街16巷3號","No. 3, Ln. 16, Zhongliao St., Sanchong Dist., New Taipei City 24143, Taiwan (R.O.C.)","林O嬌","02-29771669","02-29777188","有","有"
"36120752","19970305","20230512","桂堂東室內裝修有限公司","MILBRIDGE CORP.","桃園市龜山區長慶一街45巷38號","No. 38, Ln. 45, Changqing 1st St., Guishan Dist., Taoyuan City 333005, Taiwan (R.O.C.)","陳OO","02-29733725","02-29730505","有","有"
"36120943","19880426","20210814","第伍機械股份有限公司","DI-WU MACHINERY CO., LTD.","新北市三重區中興北街153之15號1樓","1 F., No. 153-15, Zhongxing N. St., Sanchong Dist., New Taipei City 24158, Taiwan (R.O.C.)","陳O順","02-29953258-60","","有","有"
"36121295","19980108","20210813","長盟塑膠工業股份有限公司","CHARNG MENG PLASTIC CO., LTD.","新北市三重區光復路1段47號5樓之6","5F.-6, No. 47, Sec. 1, Guangfu Rd., Sanchong Dist., New Taipei City 24158, Taiwan (R.O.C.)","呂O峻","02-29993693","02-85110162","有","有"
"36121675","19990415","20210815","大欣印鐵有限公司","TA SHIN PRINTERSE CO., LTD.","新北市五股區登林路77巷16號之1","No. 16-1, Ln. 77, Denglin Rd., Wugu Dist., New Taipei City 24871, Taiwan (R.O.C.)","黃O源","02-22924315","","有","有"
"36121788","19821027","20230706","美德股份有限公司","MIDST ENTERPRISE CO., LTD","新北市三重區溪尾街14號7樓之2","7 F.-2, No. 14, Xiwei St., Sanchong Dist., New Taipei City 241707, Taiwan (R.O.C.)","周O賢","02-22863688","02-2286-2358","有","有"
"36121921","20051013","20210814","德菱金屬有限公司","DELING METAL CO., LTD.","新北市五股區國道路3段2巷22號(1樓、2樓)","1 F., No. 22, Ln. 2, Sec. 3, Guodao Rd., Wugu Dist., New Taipei City 24854, Taiwan (R.O.C.)","徐O鴻","02-29851141","","有","有"
"36122175","20001208","20221004","合榮企業有限公司","HO JUNG PLUG CO., LTD.","新北市三重區忠孝路2段124巷8弄2號2樓","2 F., No. 2, Aly. 8, Ln. 124, Sec. 2, Zhongxiao Rd., Sanchong Dist., New Taipei City 241016, Taiwan (R.O.C.)","曹O輝","02-29819629","02-29896711","無","無"
"36122273","20020314","20210812","豪爽塑膠有限公司","HAU SHUANG PLASTIC CO., LTD.","新北市樹林區圳生里三俊街228號","No. 228, Sanjun St., Zunsheng Vil., Shulin Dist., New Taipei City 23865, Taiwan (R.O.C.)","林O泉","02-2689-3091","02-2676-2257","有","有"
"36122604","19910715","20210813","晉鎰機械有限公司","CHIN-YI MACHINERY CO., LTD.","新北市新莊區新樹路302巷2號","No. 2, Ln. 302, Xinshu Rd., Xinzhuang Dist., New Taipei City 24262, Taiwan (R.O.C.)","許O良","02-2205-3988","02-22059696","有","有"
"36122718","20020626","20210815","宏剛機械工程有限公司","HONG KANG MACHINERY ENGINEERING CO., LTD.","新北市樹林區三俊街73巷8號","No. 8, Ln. 73, Sanjun St., Shulin Dist., New Taipei City 23864, Taiwan (R.O.C.)","楊O珠","26895113","26894035","有","有"
"36123060","19851104","20240402","金岩實業股份有限公司","KING A MOLDING CO., LTD.","新北市新莊區化成路431巷37、39、41號","No. 41, Ln. 431, Huacheng Rd., Xinzhuang Dist., New Taipei City 24253, Taiwan (R.O.C.)","邱O陽","02-85211865","02-85215191","有","有"
"36123364","19830326","20230630","昶和纖維興業股份有限公司","CHANG HO FIBRE  CORPORATION","桃園市蘆竹區南崁路1段277號","No. 277, Sec. 1, Nankan Rd., Luzhu Dist., Taoyuan City 338217, Taiwan (R.O.C.)","陳O澤","03-3222248","","有","有"
"36123998","19930504","20250604","祝記企業有限公司","JUCH JIH CO., LTD.","新北市土城區慶祥街36號","No. 36, Qingxiang St., Tucheng Dist., New Taipei City 236042, Taiwan (R.O.C.)","","02-22698096","02-22694551","有","有"
"36124223","19830726","20210815","彩電企業股份有限公司","CHARTRON INCORPORATION","新北市淡水區淡金路3段461巷18號","No. 18, Ln. 461, Sec. 3, Danjin Rd., Tamsui Dist., New Taipei City 25144, Taiwan (R.O.C.)","陳O琴","02-25416107","","有","有"
"36124429","20011008","20210815","益聖針織股份有限公司","YI SHENG KNITTING CO., LTD.","新北市三重區中正北路428巷7弄2號","No. 2, Aly. 7, Ln. 428, Zhongzheng N. Rd., Sanchong Dist., New Taipei City 24162, Taiwan (R.O.C.)","何O小瑾","29814315","29717966","有","有"
"36125476","19910830","20210815","美大商標織造廠有限公司","MEI DAR TRADEMARK WEAVEING CO., LTD.","新北市新莊區化成路190巷10號","No. 10, Ln. 190, Huacheng Rd., Xinzhuang Dist., New Taipei City 24251, Taiwan (R.O.C.)","林O銓","02-29913885","02-29948366","有","有"
"36125861","19840416","20210813","登泰電路機械股份有限公司","TEMG TAI PCB MACHINERY CO., LTD.","桃園市龜山區龍壽里東萬壽路626號","No. 626, Dongwanshou Rd., Longshou Vil., Guishan Dist., Taoyuan City 33355, Taiwan (R.O.C.)","呂O達","03-3298215","03-3298181","有","有"
"36126355","19850506","20220601","華銧照明有限公司","WAH KWAN LIGHTING CO., LTD.","新北市新莊區五工五路9號4樓","4 F., No. 9, Wugong 5th Rd., Xinzhuang Dist., New Taipei City 248020, Taiwan (R.O.C.)","杜O旺","02-29731815","02-29752346","有","有"
"36126411","19880212","20221015","錩鋼精密科技股份有限公司","APEX PRECISION TECHNOLOGY CORP.","新北市新莊區民安西路405號","No. 405, Min'an W. Rd., Xinzhuang Dist., New Taipei City 242070, Taiwan (R.O.C.)","張O樹","02-2206-8899","02-2208-0559","有","有"
"36126600","20011205","20210813","軒愉企業有限公司","YU LIN ENTERPRISE LIMITED COMPANY","新北市三重區仁愛街447號1樓","1 F., No. 447, Ren’ai St., Sanchong Dist., New Taipei City 24151, Taiwan (R.O.C.)","徐O安","29863069","29834537","有","有"
"36127875","20000901","20210815","鳳凰塑膠有限公司","FENG HWANG PLASTIC CO., LTD.","雲林縣斗六市榴南里斗工六路7號","No. 7, Dougong 6th Rd., Liunan Vil., Douliu City, Yunlin County 64069, Taiwan (R.O.C.)","邱O慶","05-5573068","05-5575257","有","有"
"36128190","19930526","20210812","進宏鋼模有限公司","CHIN HON STEEL MOLD INC.","新北市新莊區後港一路一五九號","No. 159, Hougang 1st Rd., Xinzhuang Dist., New Taipei City 24257, Taiwan (R.O.C.)","陳O成","02-29038378","","有","有"
"36128261","19981221","20250501","文名先進科技有限公司","WIN MIN ADVANCED TECHNOLOGY CO., LTD.","新北市新莊區中正路853之7號2樓","2 F., No. 853-7, Zhongzheng Rd., Xinzhuang Dist., New Taipei City 242061, Taiwan (R.O.C.)","呂O恩","02-22020779","02-22014066","有","有"
"36128500","19950525","20210815","佳興機械工業股份有限公司","CHIA SHING MACHINERY MFG. CO., LTD.","新北市新莊區新樹路257巷12號","No. 12, Ln. 257, Xinshu Rd., Xinzhuang Dist., New Taipei City 24262, Taiwan (R.O.C.)","楊O文","02-22058006","02-22055214","有","有"
"36128608","19861111","20230817","億群織襪有限公司","YI CHING KNITTING CO., LTD.","新北市三重區福隆路30號10樓之1","10 F.-1, No. 30, Fulong Rd., Sanchong Dist., New Taipei City 241061, Taiwan (R.O.C.)","黃O添","02-29831010","","有","有"
"36128749","19981029","20210813","安久塑膠工業有限公司","AN CHIU PLASTIC INDUSTRY CO., LTD.","新北市新莊區化成路375巷31號","No. 31, Ln. 375, Huacheng Rd., Xinzhuang Dist., New Taipei City 24253, Taiwan (R.O.C.)","林O雄","02-85222632","02-85221030","有","有"
"36129472","20001228","20241129","凡耕實業股份有限公司","FUND GAIN INDUSTRIAL CO., LTD.","新北市新莊區化成路267巷37號","No. 37, Ln. 267, Huacheng Rd., Xinzhuang Dist., New Taipei City 24252, Taiwan (R.O.C.)","賴O華","22030188","22030557","有","有"
"36130604","19830222","20210813","隆蘭企業有限公司","LONG LIFE HIGH FREQUENCY CO., LTD.","新北市蘆洲區和平路97巷11號","No. 11, Ln. 97, Heping Rd., Luzhou Dist., New Taipei City 24750, Taiwan (R.O.C.)","李O仁","02-22811142","02-22836571","有","有"
"36132130","20110214","20210814","協和橡膠有限公司","SHEI-HO RUBBER CO., LTD.","宜蘭縣冬山鄉群英村義成路三段568巷40號1樓","1 F., No. 40, Ln. 568, Sec. 3, Yicheng Rd., Dongshan Township, Yilan County 26942, Taiwan (R.O.C.)","陳O松","02-29838936","02-29838938","有","有"
"36132624","20100225","20210814","春羚企業有限公司","CHUEN LING ENTERPRISES CO., LTD.","新北市新莊區福壽街112巷22號","No. 22, Ln. 112, Fushou St., Xinzhuang Dist., New Taipei City 24251, Taiwan (R.O.C.)","劉O義","02-29942202","02-29931031","有","有"
"36134714","20220504","20220504","國權塑膠廠股份有限公司","KUO CHUAN PLASTIC FACTORY CO.,LTD.","新北市三重區光復路1段61巷24弄27號","No. 27, Aly. 24, Ln. 61, Sec. 1, Guangfu Rd., Sanchong Dist., New Taipei City 24158, Taiwan (R.O.C.)","吳O男","02-29954823","02-29994788","有","有"
"36135663","19890426","20210815","友正電機股份有限公司","YEOU JENQ ELECTRIC CO.,  LTD.","新北市樹林區大安路145巷10弄3號","No. 3, Aly. 10, Ln. 145, Da’an Rd., Shulin Dist., New Taipei City 23847, Taiwan (R.O.C.)","邱O泉","02-26830567","02-26817412","有","有"
"36136585","19840110","20210812","台灣今機機械工業股份有限公司","TAIWAN KINKI MACHINERY CO., LTD.","桃園市大園區中正東路一段858號","No. 858, Sec. 1, Zhongzheng E. Rd., Dayuan Dist., Taoyuan City 33744, Taiwan (R.O.C.)","吳O勝","02-22828848","02-22818206","有","有"
"36136591","19931206","20210813","晉頡機械股份有限公司","GEM-Z MACHINERY CO., LTD.","新北市蘆洲區中山二路222巷21弄22號","No. 22, Aly. 21, Ln. 222, Zhongshan 2nd Rd., Luzhou Dist., New Taipei City 24756, Taiwan (R.O.C.)","陳O良","02-29087323","02-29087313","有","有"
"36140265","19931014","20230207","今盈齒輪股份有限公司","IDEAL PRECISION AEROSPACE CO., LTD.","新北市新莊區化成路195巷15號(1、2樓)","1F,2F., No. 15, Ln. 195, Huacheng Rd., Xinzhuang Dist., New Taipei City 242040, Taiwan (R.O.C.)","蘇O旺","02-29926356","02-22760985","有","有"
"36141686","19840814","20210813","陸村企業股份有限公司","LU TSUEN ENTERPRISE CO.,  LTD.","新北市五股區中興路2段9巷4號1樓","1 F., No. 4, Ln. 9, Sec. 2, Zhongxing Rd., Wugu Dist., New Taipei City 24873, Taiwan (R.O.C.)","黃O露","02-29860879","29891865","有","有"
"36141692","19880517","20221223","國昊電子工業股份有限公司","NATIONAL SOLBOT ELECTRONICS INDUSTRIAL CO., LTD.","新北市三重區中正北路315巷6弄66號","No. 66, Aly. 6, Ln. 315, Zhongzheng N. Rd., Sanchong Dist., New Taipei City 241026, Taiwan (R.O.C.)","陳O松","02-29894951","02-29853119","有","有"
"36141715","19961115","20210813","茂昱企業有限公司","MAOU YEUH ENTERPRISES CO., LTD.","新北市三重區安慶街318號","No. 318, Anqing St., Sanchong Dist., New Taipei City 24162, Taiwan (R.O.C.)","陳O源","02-29822719","02-29854603","有","有"
"36142209","19980729","20210813","潮興工業股份有限公司","CHAO SING INDUSTRIAL CO., LTD.","新北市蘆洲區中山二路220號","No. 220, Zhongshan 2nd Rd., Luzhou Dist., New Taipei City 24756, Taiwan (R.O.C.)","蘇O伸","02-22819160","02-22832296","有","有"
"36142411","20060908","20210813","鉅豐鐵箱有限公司","CHU FENG METAL BOX CO., LTD.","桃園市蘆竹區坑口里17鄰大有街29巷5號","No. 5, Ln. 29, Dayou St., 17th Neighborhood, Kengkou Vil., Luzhu Dist., Taoyuan City 33842, Taiwan (R.O.C.)","游O泰","03-3541188","03-3544599","有","有"
"36142480","20050822","20210813","寬華企業股份有限公司","BROAD MAGNIFICENT CO., LTD.","新北市三重區中正北路2號4樓之1","4F.-1, No. 2, Zhongzheng N. Rd., Sanchong Dist., New Taipei City 24141, Taiwan (R.O.C.)","黃O光","02-27784798","02-27761042","有","有"
"36142799","19830331","20230721","惠俊有限公司","HUI-CHUN CO., LTD.","新北市三重區溪尾街94號2樓","2 F., No. 94, Xiwei St., Sanchong Dist., New Taipei City 241080, Taiwan (R.O.C.)","陳O綺","02-22867273","2865018 2860951","有","有"
"36142952","19900511","20210812","欽進有限公司","CHIN PECH CO., LTD.","新北市新莊區新樹路272之1號3樓","3 F., No. 272-1, Xinshu Rd., Xinzhuang Dist., New Taipei City 24262, Taiwan (R.O.C.)","古O欽","02-22050881","02-22045526","有","有"
"36143679","20010903","20231109","盈樺企業有限公司","ING HWA ENTERPRISE CORP.","新北市三重區力行路2段136巷45弄17號1樓","1 F., No. 17, Aly. 45, Ln. 136, Sec. 2, Lixing Rd., Sanchong Dist., New Taipei City 24156, Taiwan (R.O.C.)","","03-3295536","03-3295537","無","無"
"36144467","19921221","20210813","聖機機械股份有限公司","SENG-CHI MACHINERY CO., LTD.","桃園市蘆竹區內厝里南山路2段205巷58號","No. 58, Ln. 205, Sec. 2, Nanshan Rd., Neicuo Vil., Luzhu Dist., Taoyuan City 33852, Taiwan (R.O.C.)","蘇O罔犇","03-3225316","03-3225319","有","有"
"36144776","20031224","20210813","俊江企業有限公司","CHUN CHAING ENTERPRISE CO., LTD.","新北市新莊區新泰路502巷42弄6號1樓","1 F., No. 6, Aly. 42, Ln. 502, Xintai Rd., Xinzhuang Dist., New Taipei City 24242, Taiwan (R.O.C.)","何O玉","02-29914958","02-29970055","有","有"
"36144945","19850718","20210813","國太精密五金股份有限公司","GWO TAY PRECISE HARDWARE CO., LTD.","新北市新莊區化成路11巷64號","No. 64, Ln. 11, Huacheng Rd., Xinzhuang Dist., New Taipei City 24252, Taiwan (R.O.C.)","蔡O石","02-22996761","02-22996720","有","有"
"36144993","19830119","20210815","龍昌兄弟股份有限公司","ACUMEN CO., LTD.","桃園市平鎮區東龍街1193號","No. 1193, Donglong St., Pingzhen Dist., Taoyuan City 32466, Taiwan (R.O.C.)","黃O仁","03-4601193","","有","有"
"36145043","20020625","20210813","精光電業有限公司","JING KUANG ELECTRONICS CO., LTD.","新北市板橋區文化路2段84號17樓","17 F., No. 84, Sec. 2, Wenhua Rd., Banqiao Dist., New Taipei City 22041, Taiwan (R.O.C.)","余O智","02-22777942","02-29970840","有","有"
"36145254","20150904","20210813","海韻國際股份有限公司","HAI YUN INTERNATIONAL LTD.","臺北市士林區天母西路3號4樓之12","4F.-12, No. 3, Tianmu W. Rd., Shilin Dist., Taipei City 11156, Taiwan (R.O.C.)","賴O國","02-28769497","02-28734774","有","有"
"36145326","19940729","20210814","泰濂工業股份有限公司","TARRIEN INDUSTRIAL CO., LTD.","桃園市龜山區湖山街180巷77弄3號","No. 3, Aly. 77, Ln. 180, Hushan St., Guishan Dist., Taoyuan City 33348, Taiwan (R.O.C.)","林O茂","03-3297935","","有","有"
"36145971","19830510","20221230","琦利吸管股份有限公司","BEAUTY STRAW CO., LTD.","新北市林口區工二路15號","No. 15, Gong 2nd Rd., 2nd Industrial Park, Linkou Dist., New Taipei City 244010, Taiwan (R.O.C.)","白O正","02-26018990-1","02-26018992","有","有"
"36146042","19860419","20210815","日酉企業有限公司","POUSON ENTERPRISE CO., LTD.","新北市三重區中正北路191巷1號","No. 1, Ln. 191, Zhongzheng N. Rd., Sanchong Dist., New Taipei City 24157, Taiwan (R.O.C.)","廖O","02-29860334","","有","有"
"36146471","19951019","20210813","欣元憶貿易有限公司","EASY CUTTING TOOLS CO., LTD.","新北市泰山區明志路3段515號4樓","4 F., No. 515, Sec. 3, Mingzhi Rd., Taishan Dist., New Taipei City 24355, Taiwan (R.O.C.)","錢O堂","02-29780784","","有","有"
"36146970","20090623","20210814","仁辰企業股份有限公司","JENCHEN CORP.","新北市樹林區俊興街211巷7弄3號","No. 3, Aly. 7, Ln. 211, Junxing St., Shulin Dist., New Taipei City 23866, Taiwan (R.O.C.)","林O琴","02-26896376","02-26765939","有","有"
"36147041","19850131","20210815","新泰伸科技股份有限公司","HTS TECHNOLOGY CO., LTD.","桃園市中壢區幸福里47鄰福星六街69號6樓","6 F., No. 69, Fuxing 6th St., 47th Neighborhood, Xingfu Vil., Zhongli Dist., Taoyuan City 32059, Taiwan (R.O.C.)","林O德","02-25503715","03-3240034","有","有"
"36147160","19980520","20221216","吉昌橡膠工業股份有限公司","JHI CHANG RUBBER INDUSTRIAL CO., LTD.","桃園市大園區北港里潮音北路248號","No. 248, Chaoyin N. Rd., Beigang Vil., Dayuan Dist., Taoyuan City 337012, Taiwan (R.O.C.)","黎O欽","03-3860829","03-3866700","有","有"
"36147210","19830311","20241029","至晟企業有限公司","SUNBOLT ENTERPRISE CO., LTD.","新北市汐止區長江街252號6樓之2","6F.-2, No. 252, Changjiang St., Xizhi Dist., New Taipei City 22171, Taiwan (R.O.C.)","","02-2647-2869","02-2647-9586","無","無"
"36147470","19850213","20221014","世宏機械股份有限公司","SHYH HORNG MACHINERY INDUSTRIAL CO., LTD.","桃園市龜山區頂湖路32號","No. 32, Dinghu Rd., Guishan Dist., Taoyuan City 333008, Taiwan (R.O.C.)","朱O永","03-3182578","03-3187889","有","有"
"36147957","20130718","20210813","史業有限公司","SHIYEH LIMITED CO.","新北市蘆洲區中山一路294號","No. 294, Zhongshan 1st Rd., Luzhou Dist., New Taipei City 24753, Taiwan (R.O.C.)","蔡O瑤","02-22836699","02-22835599","有","有"
"36148323","19850408","20221005","蘭頓企業股份有限公司","LANDUEN INDUSTRIAL CO., LTD.","桃園市八德區高明里高城九街27號","No. 27, Gaocheng 9th St., Gaoming Vil., Bade Dist., Taoyuan City 334016, Taiwan (R.O.C.)","伍O靜","03-3693697-8","03-3691838","有","有"
"36148533","20021028","20210813","良誌企業股份有限公司","LIANG CHIH ENTERPRISE CO., LTD.","新北市三重區力行路二段七六巷三號一樓","1 F., No. 3, Ln. 76, Sec. 2, Lixing Rd., Sanchong Dist., New Taipei City 24156, Taiwan (R.O.C.)","陳O蓮","02-2287-4650","02-2287-9120","有","有"
"36148560","19921126","20210815","新豐彈簧有限公司","HSIN FONG SPRING CO., LTD.","新北市新莊區中正514巷105弄52號","No. 52, Aly. 105, Ln. 514, Zhongzheng, Xinzhuang Dist., New Taipei City 242, Taiwan (R.O.C.)","吳O鳳","02-29060568","02-29041579","有","有"
"36148604","19870821","20210815","翔富興業股份有限公司","HSIANG FU INDUSTRIAL CO., LTD.","新北市三重區重陽路4段125號","No. 125, Sec. 4, Chongyang Rd., Sanchong Dist., New Taipei City 24146, Taiwan (R.O.C.)","吳O玉","02-29860188","02-29812649","有","有"
"36149287","19970816","20221205","益華化工業有限公司","YI HWA CHEMICAL IND. CO., LTD.","新北市三重區正義北路350號2樓","2 F., No. 350, Zhengyi N. Rd., Sanchong Dist., New Taipei City 241045, Taiwan (R.O.C.)","張O泉","02-22216646","02-22214223","無","無"
"36149809","20180430","20210812","連興工業有限公司","ELISIN INDUSTRIAL CO., LTD.","新北市新莊區化成路43巷78號","No. 78, Ln. 43, Huacheng Rd., Xinzhuang Dist., New Taipei City 24252, Taiwan (R.O.C.)","陳O春","02-8512-4678","02-8512-1443","有","有"
"36150018","19850319","20210812","竹根有限公司","CHU KEN ARTS CO., LTD.","新北市三重區仁義街167巷49號","No. 49, Ln. 167, Renyi St., Sanchong Dist., New Taipei City 24151, Taiwan (R.O.C.)","蔣O榮","02-29844393","","有","有"
"36150468","19981214","20220323","廣進工程有限公司","KUANG GIN CONSTRUCTION COMPANY LIMITED","新北市三重區大智街31號(2樓)","2 F., No. 31, Dazhi St., Sanchong Dist., New Taipei City 24145, Taiwan (R.O.C.)","林O成","02-27998977","02-26571047","有","有"
"36150734","20081023","20210815","太菱有限公司","TAI LIN TECHNICAL CO., LTD.","新北市三重區忠孝路3段40巷16弄11號(1樓)","1 F., No. 11, Aly. 16, Ln. 40, Sec. 3, Zhongxiao Rd., Sanchong Dist., New Taipei City 24161, Taiwan (R.O.C.)","蘇O村","02-29857038","02-29812645","有","有"
"36150988","19900803","20210813","捷宏電子工業股份有限公司","ENCOUNTERS ELECTRONICS CORP.","新北市土城區永豐路195巷7弄26號","No. 26, Aly. 7, Ln. 195, Yongfeng Rd., Tucheng Dist., New Taipei City 23644, Taiwan (R.O.C.)","許O暄","02-22622121","","有","有"
"36151240","20060425","20210813","勝乙企業有限公司","SUN A CHEN ENTERPRISE CO., LTD.","新北市泰山區新北大道6段313巷20號","No. 20, Ln. 313, Sec. 6, New Taipei Blvd., Taishan Dist., New Taipei City 24355, Taiwan (R.O.C.)","褚O惠","02-29065325","02-29064628","有","有"
"36151277","19830706","20210814","格裕工業有限公司","GEYU INDUSTRY CO., LTD.","臺北市萬華區東園街28巷50號2樓之18","2F.-18, No. 50, Ln. 28, Dongyuan St., Wanhua Dist., Taipei City 10864, Taiwan (R.O.C.)","劉O梁","02-29033878","02-22990830","無","無"
"36151804","19900721","20210812","金鋐勝企業有限公司","CHING HING SHENG ENTERPRISE CO., LTD.","新北市三重區溪尾街108巷46弄32號","No. 32, Aly. 46, Ln. 108, Xiwei St., Sanchong Dist., New Taipei City 24152, Taiwan (R.O.C.)","邱O雨嫺","02-2286-3879","02-22879239","有","有"
"36151831","19980624","20230603","屹俊企業有限公司","E.JUME ENTERPRISE CO., LTD.","新北市三重區仁愛街82巷18號1樓","1 F., No. 18, Ln. 82, Ren’ai St., Sanchong Dist., New Taipei City 241055, Taiwan (R.O.C.)","許O勗","02-29727339","","有","有"
"36151852","19841106","20210813","忠山銅鋁股份有限公司","CHUNG SAN BRASS ALUMINIUM CO., LTD.","新北市三重區仁華街106號1樓","1 F., No. 106, Renhua St., Sanchong Dist., New Taipei City 24153, Taiwan (R.O.C.)","鄭O宇","02-28573088","","有","有"
"36152395","20160421","20210814","余宙企業有限公司","YU JOU TECHNOLOGY ENTERPRISE CO., LTD.","新北市新莊區五權二路22號8樓之8","8F.-8, No. 22, Wuquan 2nd Rd., Xinzhuang Dist., New Taipei City 24892, Taiwan (R.O.C.)","游O珍","02-29880861","2982-1369","有","有"
"36152992","19950222","20210813","中易精密工業股份有限公司","CHUNG YI PRECISION INDUSTRY CO., LTD.","新北市新莊區新樹路257巷4號","No. 4, Ln. 257, Xinshu Rd., Xinzhuang Dist., New Taipei City 24262, Taiwan (R.O.C.)","柯O成","02-22053744","","有","有"
"36153182","20021003","20210812","泉王水果行","QUANWANG CO.","新北市三重區中正北路１１１號","No. 111, Zhongzheng N. Rd., Sanchong Dist., New Taipei City 24141, Taiwan (R.O.C.)","葉O甄","02-29834207","","有","有"
"36153303","19830602","20210813","眾維機械工業股份有限公司","JONG WEI MACHINERY INDUSTRIAL CO., LTD.","新北市新莊區福營路235號","No. 235, Fuying Rd., Xinzhuang Dist., New Taipei City 24258, Taiwan (R.O.C.)","楊O南","02-29011197","02-29013822","有","有"
"36153465","20040531","20210813","泰躍塑膠有限公司","TAIYAO PLASTICS CO., LTD.","新北市樹林區保安街二段三三九之一八號","No. 339-18, Sec. 2, Bao’an St., Shulin Dist., New Taipei City 23870, Taiwan (R.O.C.)","蔡O汶","02-26893888","02-26887928","有","有"
"36153541","19840126","20210815","紹群企業股份有限公司","SHOAL JOIN ENTERPRISE CO., LTD.","新北市新莊區公園路53號","No. 53, Gongyuan Rd., Xinzhuang Dist., New Taipei City 24244, Taiwan (R.O.C.)","黃O眾","02-29947921","","有","有"
"36153681","19990707","20210813","博鐓企業有限公司","BOR DWEN ENTERPRISE CO., LTD.","新北市三重區重新路4段214巷1號","No. 1, Ln. 214, Sec. 4, Chongxin Rd., Sanchong Dist., New Taipei City 24144, Taiwan (R.O.C.)","張O澤","02-2976-7122","2978-1314","有","有"
"36154160","19830905","20210812","峰誠塑膠有限公司","HUO SAY PLASTICS CO., LTD.","新北市新莊區化成路431巷12號","No. 12, Ln. 431, Huacheng Rd., Xinzhuang Dist., New Taipei City 24253, Taiwan (R.O.C.)","周O全","02-29921102","","有","有"
"36154648","19990812","20220218","榮鋒科技企業有限公司","JUNG FONG TECHNOLOGY ENTERPRISE CO., LTD.","新北市新莊區新北大道2段360號","No. 360, Sec. 2, New Taipei Blvd., Xinzhuang Dist., New Taipei City 24250, Taiwan (R.O.C.)","黃O凱","02-85222398","02-85222397","有","有"
"36154984","19831105","20231109","寶縈企業有限公司","POWER WIN ENTERPRISE CO., LTD.","新北市蘆洲區民權路142巷5號4樓","4 F., No. 5, Ln. 142, Minquan Rd., Luzhou Dist., New Taipei City 24745, Taiwan (R.O.C.)","","02-29892141","","無","無"
"36155055","19991108","20210813","華頂有限公司","HWA TING CO., LTD.","新北市五股區自強路178號","No. 178, Ziqiang Rd., Wugu Dist., New Taipei City 24869, Taiwan (R.O.C.)","黃O卿","(02)2292-4212-3","(02)2292-4147","有","有"
"36155386","19931028","20210813","宏泰高分子企業有限公司","HONG TAI HIGH-NUMERATOR CO., LTD.","桃園市蘆竹區蘆竹里２０鄰蘆竹街１２３號","No. 123, Luzhu St., 20th Neighborhood, Luzhu Vil., Luzhu Dist., Taoyuan City 33849, Taiwan (R.O.C.)","林O麟","03-3211089","03-3225299","有","有"
"36155772","19830622","20210813","鴻羽企業股份有限公司","TAIWAN HONG-YU ENTERPRISE CO., LTD.","新北市新莊區富國路28號5樓","5 F., No. 28, Fuguo Rd., Xinzhuang Dist., New Taipei City 24267, Taiwan (R.O.C.)","許O章","02-29034086","02-29050711","無","無"
"36156049","20010416","20230330","慶融企業股份有限公司","A-LEADER AUTO INDUSTRIAL CO., LTD.","臺北市中山區松江路206號11樓之5","11 F.-5, No. 206, Songjiang Rd., Zhongshan Dist., Taipei City 104486, Taiwan (R.O.C.)","陳O和","02-2511-2232","02-2511-4395","有","有"
"36156131","19860910","20210813","俊來金屬股份有限公司","JUNE LAI METAL CO., LTD.","新北市三重區重新路5段609巷6號8樓之11","8F.-11, No. 6, Ln. 609, Sec. 5, Chongxin Rd., Sanchong Dist., New Taipei City 24159, Taiwan (R.O.C.)","潘O良","02-29993136","02-29993123","有","有"
"36156293","19850430","20250429","徐豐工業股份有限公司","SHYU FONG INDUSTRIAL CO., LTD.","新北市蘆洲區中正路476巷9號","No. 9, Ln. 476, Zhongzheng Rd., Luzhou Dist., New Taipei City 247032, Taiwan (R.O.C.)","徐O華","02-2832821-4","02-22823453","有","有"
"36156408","19861220","20210812","有進鋼模股份有限公司","YEOU JIN STEEL MOLD CO., LTD.","新北市新莊區化成路二九巷八十八、九十號","No. 90, Ln. 29, Huacheng Rd., Xinzhuang Dist., New Taipei City 24252, Taiwan (R.O.C.)","張O興","02-29920331","","有","有"
"36157413","19970606","20210815","沐華工業股份有限公司","MUHWA INDUSTRIAL CO., LTD.","新北市三重區光復路1段68巷24弄11號3樓","3 F., No. 11, Aly. 24, Ln. 68, Sec. 1, Guangfu Rd., Sanchong Dist., New Taipei City 24158, Taiwan (R.O.C.)","涂O華","02-29950363","02-29950592","有","有"
"36157574","20040623","20220530","聯孟宗有限公司","LIAN MON CHUNG CO., LTD.","新北市三重區仁美街112號2樓","2 F., No. 112, Renmei St., Sanchong Dist., New Taipei City 241082, Taiwan (R.O.C.)","黃O宗","02-2286-5166","02-2286-1425","有","有"
"36157933","19830718","20210813","驊貿貿易有限公司","NORTHERN LIGHTS TRADING CO., LTD.","臺北市士林區承德路4段358號11樓","11 F., No. 358, Sec. 4, Chengde Rd., Shilin Dist., Taipei City 11168, Taiwan (R.O.C.)","許O如","02-28831533","02-28816857","有","有"
"36158026","19880527","20210815","吉順包裝工業股份有限公司","VIWELL INDUSTRIAL CORP.","新北市新莊區新莊路713巷15號","No. 15, Ln. 713, Xinzhuang Rd., Xinzhuang Dist., New Taipei City 24241, Taiwan (R.O.C.)","李O財","02-29011961","02-29011969","有","有"
"36158047","19830715","20210813","宇帆實業有限公司","EVAN INDUSTRIAL CO., LTD.","桃園市桃園區三民里壽山路208號8樓之4","8F.-4, No. 208, Shoushan Rd., Sanmin Vil., Taoyuan Dist., Taoyuan City 33052, Taiwan (R.O.C.)","黃O銘","03-3195517","03-3195519","有","有"
"36158222","19840114","20210812","郭鋼精密機械有限公司","KUO'S GANG PRECISION MACHINERY CO., LTD.","新北市三重區中正北路20巷7號3樓","3 F., No. 7, Ln. 20, Zhongzheng N. Rd., Sanchong Dist., New Taipei City 24141, Taiwan (R.O.C.)","郭O利","02-22784135","02-22784123","有","有"
"36158362","19941011","20210813","壯億工業股份有限公司","JOHN YEAR INDUSTRY CO., LTD.","新北市蘆洲區中山一路95巷22弄2號","No. 2, Aly. 22, Ln. 95, Zhongshan 1st Rd., Luzhou Dist., New Taipei City 24753, Taiwan (R.O.C.)","周O智","02-22811523","","有","有"
"36158551","20060301","20221126","祿展機械有限公司","LU ZHAN MECHANICAL CO., LTD.","新北市五股區成泰路１段１８９巷９弄５號１樓","1 F., No. 5, Aly. 9, Ln. 189, Sec. 1, Chengtai Rd., Wugu Dist., New Taipei City 248010, Taiwan (R.O.C.)","朱O華","2903-3554","38030787","無","無"
"36158969","19830728","20230519","慈安藥房有限公司","TSU AN PHARMACEUTICAL COMPANY LIMITED","臺北市中山區林森北路67巷23號1樓","1 F., No. 23, Ln. 67, Linsen N. Rd., Zhongshan Dist., Taipei City 104005, Taiwan (R.O.C.)","","02-25434880-2","","無","無"
"36158996","20011003","20210814","佑誠螺絲有限公司","YU CHENG SCREW CO., LTD.","新北市三重區中興北街54之9號(2樓)","2 F., No. 54-9, Zhongxing N. St., Sanchong Dist., New Taipei City 24158, Taiwan (R.O.C.)","蘇O緞","22854523-4","22859441","有","有"
"36159101","19830730","20210815","友利傘業有限公司","YOU-LI UMBRELLA CO., LTD.","臺北市松山區民權東路3段144號4樓之3","4F.-3, No. 144, Sec. 3, Minquan E. Rd., Songshan Dist., Taipei City 10542, Taiwan (R.O.C.)","游O緯","02-25451226","","有","有"
"36159708","19830922","20230515","曜明企業有限公司","JOUNMDE INTERNATIONAL CO., LTD.","新北市三重區龍門路244號","No. 244, Longmen Rd., Sanchong Dist., New Taipei City 241054, Taiwan (R.O.C.)","程O祥","02-29864315","","無","無"
"36159741","20031001","20210811","忠民藥局","ZHONG MIN CO.","新北市三重區車路頭街１６２號１樓","1 F., NO. 162, CHELUTOU ST., SANCHONG DIST., NEW TAIPEI CITY 24156, TAIWAN (R.O.C.)","陳O富","02-2286-8256","","有","有"
"36159828","19930806","20210814","普蓬錡塑膠廠股份有限公司","PU PENG CHI PLASTIC CORP.","新北市五股區凌雲路1段158巷39弄6號","No. 6, Aly. 39, Ln. 158, Sec. 1, Lingyun Rd., Wugu Dist., New Taipei City 24843, Taiwan (R.O.C.)","吳O峰","02-22914877","02-22913301","有","有"
"36159833","20000904","20210814","集上企業有限公司","TRI-SUN CO., LTD.","新北市新莊區昌明街14巷10號3樓","3 F., No. 10, Ln. 14, Changming St., Xinzhuang Dist., New Taipei City 24251, Taiwan (R.O.C.)","楊O義","89904567","89903123","有","有"
"36160156","19991008","20250319","大全寶石有限公司","TAH CHUAN JEWELRY CO., LTD.","新北市新店區中興路一段二六一號四樓","4 F., No. 261, Sec. 1, Zhongxing Rd., Xindian Dist., New Taipei City 23146, Taiwan (R.O.C.)","","02-29118400","02-29148306","無","無"
"36160389","20221017","20230222","好力塑膠有限公司","Haoli CO., LTD.","新北市三重區中正北路193巷35弄24號","No. 24, Aly. 35, Ln. 193, Zhongzheng N. Rd., Sanchong Dist., New Taipei City 241026, Taiwan (R.O.C.)","林O明","0229895808","","有","有"
"36160796","20130705","20210813","驊珍食品有限公司","HWA CHEN FOOD CO., LTD.","新北市三重區重新路1段99號","No. 99, Sec. 1, Chongxin Rd., Sanchong Dist., New Taipei City 24148, Taiwan (R.O.C.)","林O宏","02-29753310","02-29739911","有","有"
"36161269","19830818","20230906","唐榮遊艇工業有限公司","SOUTH  COAST  MARINE  YACHT  BUILDING LTD.","新北市淡水區民權路61號1樓","1 F_ No. 61, Minquan Rd., Danshui Dist., New Taipei City 251, Taiwan (R.O.C.)","許O旺","02-8809-5555","02-8809-5000","有","有"
"36161417","19850213","20210812","惠本企業有限公司","FAVPEM ENTERPRISE CO., LTD.","新北市三重區重新路5段671號","No. 671, Sec. 5, Chongxin Rd., Sanchong Dist., New Taipei City 24158, Taiwan (R.O.C.)","汪O雄","02-29952236-8","02-29952234","有","有"
"36161423","19891107","20240516","龍達塑膠股份有限公司","LONG DAR PLASTIC CO., LTD.","新北市五股區五工路140號","No. 140, Wugong Rd., Wugu Dist., New Taipei City 24886, Taiwan (R.O.C.)","吳O香","02-22981119","02-22996665","有","有"
"36161583","19951012","20210813","銘享精密企業有限公司","MING SHEANG DETAILED INDUSTRIAL CO., LTD.","新北市新莊區五權三路10號","No. 10, Wuquan 3rd Rd., Xinzhuang Dist., New Taipei City 24891, Taiwan (R.O.C.)","周O國","02-29996030","02-29996029","有","有"
"36161970","19891110","20220907","勵群企業股份有限公司","HANTRONIC TOOLS & MACHINERY SUPPLY CO., LTD.","新北市新莊區五權一路3號8樓之10","8 F.-10, No. 3, Wuquan 1st Rd., Xinzhuang Dist., New Taipei City 248022, Taiwan (R.O.C.)","楊O","02-22997281","","有","有"
"36162106","19930504","20210813","鴻旗塑膠企業股份有限公司","CHUANG SHIH PLASTIC CO., LTD.","桃園市蘆竹區宏竹里10鄰大竹北路280號","No. 280, Dazhu N. Rd., 10th Neighborhood, Hongzhu Vil., Luzhu Dist., Taoyuan City 33853, Taiwan (R.O.C.)","莊O正","03-3233090","03-3235418","有","有"
"36162767","19961217","20210812","佳東鋼鐵有限公司","JIA CHARG CO., LTD.","新北市五股區中興路1段160號","No. 160, Sec. 1, Zhongxing Rd., Wugu Dist., New Taipei City 24872, Taiwan (R.O.C.)","賴O璋","02-29834156","","有","有"
"36163359","19970107","20210812","雍順實業有限公司","IEONG SHUENN INDUSTRIAL CO., LTD.","新北市新莊區福營路145巷35號1樓","1 F., No. 35, Ln. 145, Fuying Rd., Xinzhuang Dist., New Taipei City 24258, Taiwan (R.O.C.)","李O嵐","02-29063157","","有","有"
"36163766","19830916","20210813","詠龍機械有限公司","YUNG LUNG MACHINERY CO., LTD.","新北市新莊區新泰路413巷7號","No. 7, Ln. 413, Xintai Rd., Xinzhuang Dist., New Taipei City 24242, Taiwan (R.O.C.)","陳O田","02-22969195","02-22969325","有","有"
"36163870","20200605","20210813","崇里企業有限公司","Chungli inc.","新北市三重區三和路4段117巷35號1樓","1 F., No. 35, Ln. 117, Sec. 4, Sanhe Rd., Sanchong Dist., New Taipei City 24152, Taiwan (R.O.C.)","姚O玉","02-22872160","","有","有"
"36163978","19910221","20230706","福慶實業有限公司","FU CHING SHOES CO., LTD.","新北市蘆洲區長安街46巷7弄3號2樓","2 F., No. 3, Aly. 7, Ln. 46, Chang’an St., Luzhou Dist., New Taipei City 247021, Taiwan (R.O.C.)","","22836100","22832112","無","無"
"36164293","19890830","20230218","又福有限公司","YO FU UMBRELLA CO., LTD.","新北市五股區民義路1段79之5號7樓","7 F., No. 79-5, Sec. 1, Minyi Rd., Wugu Dist., New Taipei City 248007, Taiwan (R.O.C.)","劉O德","02-87893311","02-27292686","有","有"
"36164890","19881229","20210813","三弓興業股份有限公司","SAN KUNG ENTERPRISE CO., LTD.","新北市新莊區新樹路69之10號","No. 69-10, Xinshu Rd., Xinzhuang Dist., New Taipei City 24262, Taiwan (R.O.C.)","葉O釘","02-29043906","02-29042723","有","有"
"36165005","19840419","20221008","利凌企業股份有限公司","MERIT LILIN ENT. CO., LTD.","新北市五股區五工六路20號","No. 20, Wugong 6th Rd., Wugu Dist., New Taipei City 248021, Taiwan (R.O.C.)","許O忠","02-2298-8988","02-2298-9055","有","有"
"36165080","19960906","20221103","文隆空調機電工程股份有限公司","WEN LONG AIR-CONDITION ENGINEERING CO., LTD.","新北市新莊區化成路431巷68號","No. 68, Ln. 431, Huacheng Rd., Xinzhuang Dist., New Taipei City 242043, Taiwan (R.O.C.)","周O茂","02-85220027","02-85222060","無","無"
"36165244","19831014","20210812","隆永企業股份有限公司","FANCY FIBERBOARD CO., LTD.","新北市三重區中興里光復路一段１３６號","No. 136, Sec. 1, Guangfu Rd., Zhongxing Vil., Sanchong Dist., New Taipei City 24158, Taiwan (R.O.C.)","趙O雄","02-29926408","02-29940811","有","有"
"36165482","19850126","20220425","信波工業有限公司","SIGNAL POWER ENTERPRISE CO., LTD.","桃園市桃園區汴洲里經國路888號13樓之10","13F.-10, No. 888, Jingguo Rd., Bianzhou Vil., Taoyuan Dist., Taoyuan City 33051, Taiwan (R.O.C.)","莊O仰","02-29996638","02-29022701","有","有"
"36165574","19841017","20210815","萬銀機械股份有限公司","WANYIN MACHINERY CO., LTD.","新北市三重區富華街55之5號","No. 55-5, Fuhua St., Sanchong Dist., New Taipei City 24151, Taiwan (R.O.C.)","陳O境","03-4985791","03-4988768","有","有"
"36165650","19951211","20210812","璨郁實業有限公司","GOLDEN TSANN YUH ENTERPRISE CO., LTD.","新北市三重區光復路2段133號","No. 133, Sec. 2, Guangfu Rd., Sanchong Dist., New Taipei City 24158, Taiwan (R.O.C.)","蔡O忠","02-85123769","02-85123779","有","有"
"36165700","20060410","20210812","宏昱紙器股份有限公司","HOUNG LEE PAPER CO., LTD.","桃園市楊梅區高青路22巷17號","No. 17, Ln. 22, Gaoqing Rd., Yangmei Dist., Taoyuan City 32667, Taiwan (R.O.C.)","詹O安","03-4961678","03-4961666","有","有"
"36165791","19831123","20210815","上成實業有限公司","SUNPRENE ENTERPRISES CORPORATION","新北市三重區中興北街193巷4號","No. 4, Ln. 193, Zhongxing N. St., Sanchong Dist., New Taipei City 24158, Taiwan (R.O.C.)","李O月","02-2571-3251","","有","有"
"36166200","20110504","20210813","黑粒橡膠有限公司","HELI RUBBER CO., LTD.","新北市三重區龍濱路120號之7","No. 120-7, Longbin Rd., Sanchong Dist., New Taipei City 24149, Taiwan (R.O.C.)","鍾O峰","02-29731222","02-29727158","有","有"
"36166258","19840131","20210812","凱佳企業有限公司","TAIWAN KAI JIA INDUSTRIAL CO., LTD.","新北市三重區中正北路315巷16弄4號","No. 4, Aly. 16, Ln. 315, Zhongzheng N. Rd., Sanchong Dist., New Taipei City 24157, Taiwan (R.O.C.)","陳O江","02-29809572-4","","有","有"
"36166721","19960522","20210814","全野冷凍調理設備股份有限公司","CHUAN YUA CHILL CONFECTION APPOINTMENTS CO., LTD.","新北市板橋區文化路2段475巷12號1樓","1 F., No. 12, Ln. 475, Sec. 2, Wenhua Rd., Banqiao Dist., New Taipei City 22044, Taiwan (R.O.C.)","呂O妙霜","02-22529224","","有","有"
"36167171","19950508","20230105","久裕印刷事業股份有限公司","CHO YUE PRINT ENT. CORP.","新北市五股區五權路69號","No. 69, Wuquan Rd., Wugu Dist., New Taipei City 248016, Taiwan (R.O.C.)","楊O熙","02-22992060","02-22992064","有","有"
"36167215","20000419","20210814","臻興實業有限公司","JANE SHIN ENTERPRISE CO., LTD.","桃園市大園區長發一路175號","No. 175, Dayuan Dist., Taoyuan City 337, Taiwan (R.O.C.)","黃O德","","","有","有"
"36167313","19910305","20210813","大鼎洗衣器材有限公司","TA TING MACHINERY CO., LTD.","新北市樹林區三俊街199巷20弄4號","No. 4, Aly. 20, Ln. 199, Sanjun St., Shulin Dist., New Taipei City 23861, Taiwan (R.O.C.)","張O鳳","02-26883156","02-26883775","有","有"
"36167340","19970417","20210812","三嘉股份有限公司","SAME JIA CO., LTD.","新北市蘆洲區中山二路176之2號5樓","5 F., No. 176-2, Zhongshan 2nd Rd., Luzhou Dist., New Taipei City 24756, Taiwan (R.O.C.)","陳O傑","02-22885058","02-22886119","有","有"
"36167382","19961116","20210812","昇邦工程有限公司","SHENG BAN ENGINEERING CO., LTD.","新北市三重區仁愛街245巷23號","No. 23, Ln. 245, Ren’ai St., Sanchong Dist., New Taipei City 24151, Taiwan (R.O.C.)","蔡O盛","02-29781991","02-29781996","有","有"
"36167566","19831115","20210815","東麓貿易有限公司","TONG LOO TRADING CO., LTD.","新北市三重區五谷王北街一六一號二Ｆ","No. 161, Wuguwang N. St., Sanchong Dist., New Taipei City 24158, Taiwan (R.O.C.)","謝O富","02-29813720","","無","無"
"36167783","19910607","20220218","金虢金屬有限公司","JIN GWO METALS CO., LTD.","桃園市新屋區後庄里後庄一路1巷30號(1樓)","1 F., No. 30, Ln. 1, Houzhuang, Houzhuang Vil., Xinwu Dist., Taoyuan City 32745, Taiwan (R.O.C.)","陳O財","03-4760571","03-4760573","有","有"
"36168185","19950106","20221224","臺曄實業股份有限公司","PI-YUN ENTERPRISE CO., LTD.","新北市蘆洲區光華路98號1樓","1 F., No. 98, Guanghua Rd., Luzhou Dist., New Taipei City 247028, Taiwan (R.O.C.)","張O碧雲","02-22815686","02-22817557","無","無"
"36168734","19831126","20210812","冠驛企業有限公司","GUMN YIE ENTERPRISE CO., LTD.","新北市樹林區三俊街１９９巷２０弄２７號","No. 27, Aly. 20, Ln. 199, Sanjun St., Shulin Dist., New Taipei City 23861, Taiwan (R.O.C.)","郭O信","02-26824602","","有","有"
"36169038","19950816","20210814","千富企業有限公司","CHIENFU-TEC CO., LTD.","新北市新莊區福營路195巷8號","No. 8, Ln. 195, Fuying Rd., Xinzhuang Dist., New Taipei City 24258, Taiwan (R.O.C.)","莊O鑫","02-29032212","02-29032192","有","有"
"36169071","19980731","20240119","盛達機械股份有限公司","SHENQ DAR MECHANICAL ENGINEERING CO., LTD.","新北市新莊區頭前里頭興街30號","No. 30, Touxing St., Touqian Vil., Xinzhuang Dist., New Taipei City 24252, Taiwan (R.O.C.)","","02-29932788","","無","無"
"36169282","19841108","20210813","金崟昌機械有限公司","CHIN YN CHANG MACHINERY CO., LTD.","新北市三重區貴陽街32號","No. 32, Guiyang St., Sanchong Dist., New Taipei City 24161, Taiwan (R.O.C.)","黃O南","02-29023090","02-29015064","有","有"
"36169467","19831220","20230719","向隆興業股份有限公司","SHINNY PLASTICS CORP.","新北市新莊區化成路83巷15號","No. 15, Ln. 83, Huacheng Rd., Xinzhuang Dist., New Taipei City 242039, Taiwan (R.O.C.)","李O鐘","02-29982449","02-29941744","有","有"
"36169473","19840330","20210813","比安達精機股份有限公司","BEEANTAH INDUSTRIAL CO., LTD.","新北市泰山區壽山路134巷1號1樓","1 F., No. 1, Ln. 134, Shoushan Rd., Taishan Dist., New Taipei City 24392, Taiwan (R.O.C.)","吳O龍","02-29018277-8","","有","有"
"36169966","20000131","20210815","和成鋼模股份有限公司","HO CHENG STEEL MOLD CO., LTD.","新北市新莊區化成路363巷27號(1樓)","1 F., No. 27, Ln. 363, Huacheng Rd., Xinzhuang Dist., New Taipei City 24253, Taiwan (R.O.C.)","林O德","02-29922868-9","","有","有"
"36169987","19840925","20211203","鈺全企業股份有限公司","GINYU-CHUAN ENTERPRISE CO., LTD.","新北市三重區正義北路195號4樓之1","4F.-1, No. 195, Zhengyi N. Rd., Sanchong Dist., New Taipei City 24146, Taiwan (R.O.C.)","張O","02-26016311","","有","有"
"36170062","19960802","20210815","合信造漆有限公司","HO-HSIN PAINT-MAKING INDUSTRIAL CO., LTD.","新北市新莊區福壽街184巷1號","No. 1, Ln. 184, Fushou St., Xinzhuang Dist., New Taipei City 24251, Taiwan (R.O.C.)","謝O如","02-26041022","02-26041832","有","有"
"36170582","19910628","20210813","角氏企業有限公司","BIG CHIAO'S ENTERPRISE CO., LTD.","新北市泰山區明志路3段369號","No. 369, Sec. 3, Mingzhi Rd., Taishan Dist., New Taipei City 24355, Taiwan (R.O.C.)","角O煌","02-29069097","02-22092613","有","有"
"36170865","20050125","20210815","太甫實業有限公司","TAYFULL INDUSTRIAL CO., LTD.","新北市樹林區樹潭街10之6號","No. 10-6, Shutan St., Shulin Dist., New Taipei City 23876, Taiwan (R.O.C.)","邱O延","02-26862735","02-26831837","有","有"
"36171180","19931104","20231215","光弘機械股份有限公司","KWANG HONG MACHINE CO., LTD.","新北市樹林區武林街17號","No. 17, Wulin St., Shulin Dist., New Taipei City 23876, Taiwan (R.O.C.)","蔡O珠","02-26829922","02-26815082","有","有"
"36171739","20050505","20211117","升達滾條布行","MING DA INDUSTRY CO.","新北市三重區仁愛街602號1樓","1 F., No. 602, Ren’ai St., Sanchong Dist., New Taipei City 24152, Taiwan (R.O.C.)","梁O珊","02-22864277","02-22872579","有","有"
"36172370","19920625","20210815","台灣協緯金屬股份有限公司","TAIWAN SHAREWELL METAL CO., LTD.","新北市三重區中正北路193巷11弄5號","No. 5, Aly. 11, Ln. 193, Zhongzheng N. Rd., Sanchong Dist., New Taipei City 24157, Taiwan (R.O.C.)","陳O財","02-29859611","","有","有"
"36173841","19851128","20210814","證㒥企業有限公司","CARDECOR INDUSTRY CO., LTD.","桃園市楊梅區瑞原里民富路一段796巷25之3號","No. 25-3, Ln. 796, Sec. 1, Minfu Rd., Ruiyuan Vil., Yangmei Dist., Taoyuan City 32663, Taiwan (R.O.C.)","葉O賢","03-4751262","03-4754172","有","有"
"36174659","19960301","20241221","重明紙器有限公司","CHUNG MIN PAPER CO., LTD.","新北市三重區永福街58巷1弄7號1樓","1 F., No. 7, Aly. 1, Ln. 58, Yongfu St., Sanchong Dist., New Taipei City 241071, Taiwan (R.O.C.)","","02-22867340","02-22874602","無","無"
"36175502","19931231","20210812","協宏螺絲有限公司","SHIEH HORNG CO., LTD.","新北市板橋區大觀路2段415巷3號","No. 3, Ln. 415, Sec. 2, Daguan Rd., Banqiao Dist., New Taipei City 22058, Taiwan (R.O.C.)","葉O珠","02-29685024","02-29686274","有","有"
"36175587","19960429","20210812","健榮實業股份有限公司","CHIEN RONG INDUSTRIAL CO., LTD.","新北市五股區凌雲路2段2號之1","No. 2-1, Sec. 2, Lingyun Rd., Wugu Dist., New Taipei City 24844, Taiwan (R.O.C.)","李O碧","02-82921655","","有","有"
"36176050","20000922","20210812","茂達商行有限公司","MAO DAH HARDWARE & LOCK COMMERCIAL CO.","新北市三重區三張街115之1號1樓","1 F., No. 115-1, Sanzhang St., Sanchong Dist., New Taipei City 24162, Taiwan (R.O.C.)","簡O毅","02-29803536","02-29843434","有","有"
"36176278","19840120","20220408","祥嘉機械股份有限公司","ACTWELL MACHINERY CO., LTD.","新北市五股區五工五路34號","No. 34, Wugong 5th Rd., Wugu Dist., New Taipei City 24890, Taiwan (R.O.C.)","張O隆","02-29852250","02-27659057","有","有"
"36176354","19960527","20210815","東幫企業有限公司","TONH PANG ENTERPRISE CO., LTD.","新北市三重區中興北街42巷38號","No. 38, Ln. 42, Zhongxing N. St., Sanchong Dist., New Taipei City 24158, Taiwan (R.O.C.)","林O漢","02-29953948","02-29953301","有","有"
"36176404","19981106","20230525","勝州針織工業有限公司","SHENG JOW KNITTING INDUSTRIAL CO., LTD.","新北市新莊區瓊林南路187巷33號","No. 33, Ln. 187, Qionglin S. Rd., Xinzhuang Dist., New Taipei City 242067, Taiwan (R.O.C.)","李O謀","02-22034418","02-22036936","無","無"
"36176869","20020320","20210812","浩國機械有限公司","HAO KUO MACHINERY CO., LTD.","新北市樹林區三龍街136巷2號","No. 2, Ln. 136, Sanlong St., Shulin Dist., New Taipei City 23866, Taiwan (R.O.C.)","高O居","02-26893176","02-26882501","有","有"
"36180717","20060103","20210813","順剩機械有限公司","SUNG HSENG MACHINERY CO., LTD.","新北市蘆洲區民權路142巷1號3樓","3 F., No. 1, Ln. 142, Minquan Rd., Luzhou Dist., New Taipei City 24745, Taiwan (R.O.C.)","唐O源","2282-6533","2285-8002","有","有"
"36181363","20070626","20210812","億源食品冷凍股份有限公司","YI YUAN COLD WAREHOUSE INC.","新北市三重區光復路1段130巷21號","No. 21, Ln. 130, Sec. 1, Guangfu Rd., Sanchong Dist., New Taipei City 24158, Taiwan (R.O.C.)","張O顯","02-29552355","","有","有"
"36182047","19921215","20210813","千右工業股份有限公司","THOUSAND PRAYERS INDUSTRIAL CORP.","新北市三重區中正北路193巷21弄27號","No. 27, Aly. 21, Ln. 193, Zhongzheng N. Rd., Sanchong Dist., New Taipei City 24157, Taiwan (R.O.C.)","林O忠","02-29880955","02-29846745","有","有"
"36182784","19980312","20210812","錦栓鋒綢線廠有限公司","GINE SHUAN FENG SILK THREAD CO., LTD.","新北市新莊區新樹路四四九巷一八號之一","No. 18-1, Ln. 449, Xinshu Rd., Xinzhuang Dist., New Taipei City 24262, Taiwan (R.O.C.)","楊O陵","02-22028660","02-22028661","有","有"
"36183290","19831214","20210814","巨博工業股份有限公司","JIU-BOR INDUSTRIAL CO., LTD.","新北市樹林區三龍街118巷22號及24號","No. 22, Ln. 118, Sanlong St., Shulin Dist., New Taipei City 23866, Taiwan (R.O.C.)","張O堂","02-26889365","02-26889871","有","有"
"36183340","20090902","20210813","勵新企業有限公司","LEE SHIEN ENTERPRISE CO., LTD.","新北市三重區頂崁街210巷61號(1樓)","1 F., No. 61, Ln. 210, Dingkan St., Sanchong Dist., New Taipei City 24157, Taiwan (R.O.C.)","許O珠","02-29802235","02-89881402","有","有"
"36183897","19950726","20210815","傑克電機股份有限公司","JAKER ELECTRIC CO., LTD.","桃園市新屋區清華里15鄰新文路787號","No. 787, Xinwen Rd., 15th Neighborhood, Qinghua Vil., Xinwu Dist., Taoyuan City 32742, Taiwan (R.O.C.)","莊O和","03-4777547-9","03-4777570","有","有"
"36183952","19890927","20210814","衡奕精密工業股份有限公司","TRANSVERSE INDUSTRIES CO., LTD.","新北市新莊區化成路305號","No. 305, Huacheng Rd., Xinzhuang Dist., New Taipei City 24253, Taiwan (R.O.C.)","何O梁","02-85218692","02-85216662","有","有"
"36183974","19911121","20210813","棋坤企業有限公司","CHIEF KING ENTERPRISE CO., LTD.","新北市新莊區中平路152巷42號","No. 42, Ln. 152, Zhongping Rd., Xinzhuang Dist., New Taipei City 24249, Taiwan (R.O.C.)","蔡O敏","02 29969099","02-29969059","有","有"
"36184050","20230130","20230130","達藝塑膠有限公司","Da Yi Plastic CO., LTD.","新北市新莊區中正路857號3樓","3 F., No. 857, Zhongzheng Rd., Xinzhuang Dist., New Taipei City 242061, Taiwan (R.O.C.)","鄭O龍","02-29017229","02-29011524","有","有"
"36185023","19840511","20221116","登騏科技股份有限公司","DAN-CHIEF TECHNOLOGY CO., LTD.","新北市深坑區北深路3段270巷12號4樓","4 F., No. 12, Ln. 270, Sec. 3, Beishen Rd., Shenkeng Dist., New Taipei City 222401, Taiwan (R.O.C.)","彭O暉","02-26642008","02-26642328","有","有"
"36185157","19840627","20210815","達立晟工業股份有限公司","TA LI CHENG COATING CO., LTD.","彰化縣彰化市中央路112-1號1樓","1 F., No. 112-1, Zhongyang Rd., Changhua City, Changhua County 50093, Taiwan (R.O.C.)","郭O陞","04-7629841","04-7633031","有","有"
"36185179","19840918","20230210","偉普橡膠股份有限公司","WOEI-PUU RUBBER CO., LTD.","桃園市龍潭區北興里中興路54巷36號","No. 36, Ln. 54, Zhongxing Rd., Beixing Vil., Longtan Dist., Taoyuan City 325011, Taiwan (R.O.C.)","李O緯","03-4096599","03-4091589","有","有"
"36185277","20060703","20210813","利東實業股份有限公司","LEH TUNG ENTERPRISE CO., LTD.","新北市新莊區化成路363巷21號","No. 21, Ln. 363, Huacheng Rd., Xinzhuang Dist., New Taipei City 24253, Taiwan (R.O.C.)","楊O滄","02-85215557","02-85225789","有","有"
"36185728","19940930","20230816","雙鵬機械有限公司","TWIN EAGLE MACHINERY CO., LTD.","新北市三重區中正北路331巷6號","No. 6, Ln. 331, Zhongzheng N. Rd., Sanchong Dist., New Taipei City 24157, Taiwan (R.O.C.)","","02-29848832","02-22914026","無","無"
"36185831","20160926","20210813","啟賀工業有限公司","KIHO WASHER INDUSTRY CO., LTD.","新北市三重區五谷王北街50巷103號1樓","1 F., No. 103, Ln. 50, Wuguwang N. St., Sanchong Dist., New Taipei City 24158, Taiwan (R.O.C.)","廖O智","02-29958213","02-26788215","有","有"
"36185852","19960503","20210812","昇壹實業有限公司","SUNEAST TEXTIL CO., LTD.","新北市泰山區明志路2段372巷5弄5號(1樓)","1 F., No. 5, Aly. 5, Ln. 372, Sec. 2, Mingzhi Rd., Taishan Dist., New Taipei City 24350, Taiwan (R.O.C.)","林O晛","02-29067173","02-29068529","有","有"
"36185868","20111110","20210812","喬泰彈簧工業有限公司","CHIAOTAI SPRING INDUSTRIAL CO., LTD.","新北市三重區三和路三段一一三巷一二號","No. 12, Ln. 113, Sec. 3, Sanhe Rd., Sanchong Dist., New Taipei City 24150, Taiwan (R.O.C.)","廖O慶","02-29922614","02-29891705","有","有"
"36186368","19900601","20231228","賀登工業股份有限公司","MYHATTON INDUSTRIAL CO., LTD.","新北市新莊區中正路700之24號3樓","3 F., No. 700-24, Zhongzheng Rd., Xinzhuang Dist., New Taipei City 242060, Taiwan (R.O.C.)","黃O洲","02-29026566","","有","有"
"36187681","19970424","20210813","育能工業股份有限公司","YUH NENG INDUSTRY CO., LTD.","新北市樹林區備內街1巷35弄10號","No. 10, Aly. 35, Ln. 1, Beinei St., Shulin Dist., New Taipei City 23849, Taiwan (R.O.C.)","蔡O佳","02-26868851","02-26872221","有","有"
"36188099","19840606","20240517","呂盛塑膠實業有限公司","TAIWAN LU SHENG PLASTICS INDUSTRY CO., LTD.","新北市三重區重新路2段46之8號3樓","3 F., No. 46-8, Sec. 2, Chongxin Rd., Sanchong Dist., New Taipei City 241002, Taiwan (R.O.C.)","江O元","02-29805656","","無","無"
"36188350","19851203","20230518","真準電子股份有限公司","CHUPOND PRECISION CO., LTD.","新北市新莊區復興路2段53號11樓","11 F., No. 53, Sec. 2, Fuxing Rd., Xinzhuang Dist., New Taipei City 242044, Taiwan (R.O.C.)","許O堅","02-2992-4716","02-2997-3636","無","無"
"36188648","19880613","20230719","成立鋼鐵股份有限公司","CHEN-LI STEEL CORP.","新北市三重區溪尾街18號","No. 18, Xiwei St., Sanchong Dist., New Taipei City 241061, Taiwan (R.O.C.)","吳O峰","02-29801111","","有","有"
"36188801","20060731","20210814","登平實業有限公司","DENG PENG INDUSTRIES CO., LTD.","新北市新莊區化成路431巷48號","No. 48, Ln. 431, Huacheng Rd., Xinzhuang Dist., New Taipei City 24253, Taiwan (R.O.C.)","楊O緞","02-85210110","02-85210113","有","有"
"36188823","20120831","20210813","裕豪拉鏈實業有限公司","YU HAO ZIPPER CO., LTD.","新北市樹林區三俊街65巷18弄40號","No. 40, Aly. 18, Ln. 65, Sanjun St., Shulin Dist., New Taipei City 23864, Taiwan (R.O.C.)","王O泰","02-26765900","02-26764738","有","有"
"36188844","20020712","20230407","三毅工業有限公司","S&I INDUSTRY CO., LTD.","新北市三重區中正北路193巷11弄1號","No. 1, Aly. 11, Ln. 193, Zhongzheng N. Rd., Sanchong Dist., New Taipei City 241026, Taiwan (R.O.C.)","楊O德","02-29808031","","有","有"
"36189506","20000313","20230708","尖鋒精密工業股份有限公司","JIAN FENG PRECISION INDUSTRY CO., LTD.","新北市樹林區三俊街252巷11弄11號","No. 11, Aly. 11, Ln. 252, Sanjun St., Shulin Dist., New Taipei City 238025, Taiwan (R.O.C.)","王O德","02-26882057","02-26016381","無","無"
"36189772","19920331","20220212","開華電路股份有限公司","KAI HWA CIRCUITS INDUSTRIAL CO., LTD.","新北市林口區工九路8號","No. 8, Gong 9th Rd., Linkou Dist., New Taipei City 24452, Taiwan (R.O.C.)","金O志","02-2601-8996","02-2601-9996","有","有"
"36189885","19970128","20220830","永達金屬雕刻股份有限公司","YUN DA METAL TEXTURE CO., LTD.","桃園市龜山區嶺頂里長壽路26號","No. 26, Changshou Rd., Lingding Vil., Guishan Dist., Taoyuan City 333032, Taiwan (R.O.C.)","陳O耀","03-3291170","","有","有"
"36190031","19970116","20210812","乾羅實業有限公司","HYPER TOP INDUSTRIAL CO., LTD.","新北市蘆洲區永安南路1段1巷12號6樓","6 F., No. 12, Ln. 1, Sec. 1, Yong’an S. Rd., Luzhou Dist., New Taipei City 24766, Taiwan (R.O.C.)","林O南","02-29802740","02-29801297","有","有"
"36190813","19900510","20221019","中亞興業股份有限公司","CENTRO CHINO CO., LTD.","新北市汐止區大同路3段369巷7號","No. 7, Ln. 369, Sec. 3, Datong Rd., Xizhi Dist., New Taipei City 221036, Taiwan (R.O.C.)","蘇O義","02-2641-2864","","有","有"
"36190911","20060222","20210815","安利油壓有限公司","AN LIH HYDRAULIC CO., LTD.","新北市新莊區思源路457號1樓","1 F., No. 457, Siyuan Rd., Xinzhuang Dist., New Taipei City 24250, Taiwan (R.O.C.)","陳O壬","29980098","29980096","有","有"
"36190932","20140213","20210814","欣融塑膠工業股份有限公司","SINGLONG PLASTIC INDUSTRIAL CO., LTD.","新北市樹林區備內街138號","No. 138, Beinei St., Shulin Dist., New Taipei City 23849, Taiwan (R.O.C.)","郭O雨","02-86873168","02-8687361","有","有"
"36190953","19830908","20210813","明門實業股份有限公司","WONDERLAND NURSERYGOODS CO., LTD.","臺北市內湖區瑞光路433號10樓","10 F., No. 433, Ruiguang Rd., Neihu Dist., Taipei City 11492, Taiwan (R.O.C.)","鄭O明","02-26577599","","有","有"
"36191616","19910423","20210814","迪生企業有限公司","DI SHUNG ENTERPRISE CO., LTD.","新北市中和區中正路736號9樓之9","9F.-9, No. 736, Zhongzheng Rd., Zhonghe Dist., New Taipei City 23511, Taiwan (R.O.C.)","張O斌","02-82262399","02-82262799","有","有"
"36192072","19970724","20210813","珣洋鐵工廠股份有限公司","HSUN-YANG IRON WORKS CO., LTD.","新北市五股區五工二路116巷1號之2及1號之3","No. 1-2, Ln. 116, Wugong 2nd Rd., Wugu Dist., New Taipei City 24888, Taiwan (R.O.C.)","林O男","02-22992815","","有","有"
"36192447","19940326","20220621","鼎揚電子工業股份有限公司","TIN YANG ELECTRONIC CO., LTD.","桃園市龜山區自強南路718號","No. 718, Ziqiang S. Rd., Guishan Dist., Taoyuan City 33346, Taiwan (R.O.C.)","蘇O華","03-3297626","03-3195817","有","有"
"36194022","19900322","20210815","儀昌精密股份有限公司","YEE CHAN PRESS MACHINERY & AUTOPARTS CO., LTD.","新北市新莊區豐年街豐一巷17號","No. 17, Feng 1st Ln., Fengnian St., Xinzhuang Dist., New Taipei City 24243, Taiwan (R.O.C.)","陳O坤","02-29038108","","有","有"
"36194178","19990721","20210812","鈦靖實業有限公司","TY-JING INDUSTRIAL CO., LTD.","新北市三重區力行路2段19號1樓","1 F., No. 19, Sec. 2, Lixing Rd., Sanchong Dist., New Taipei City 24156, Taiwan (R.O.C.)","黃O龍","02-2988-5465","2983-4969","有","有"
"36194347","20030108","20210811","東敏企業社","DONG MIN ENTERPRISE CO.","新北市新莊區銘德街７１號１樓","1 F., No. 71, Mingde St., Xinzhuang Dist., New Taipei City 24254, Taiwan (R.O.C.)","陳O聰","02-2994-1965","02-2996-6995","有","有"
"36194395","19861004","20210812","首龍工業股份有限公司","SOW LONG INDUSTRIAL CO., LTD.","新北市三重區五華街75巷14號","No. 14, Ln. 75, Wuhua St., Sanchong Dist., New Taipei City 24151, Taiwan (R.O.C.)","楊O煌","05-2215962","05-2214361","有","有"
"36195660","19930828","20210815","台灣西部精密股份有限公司","TAIWAN SEIBU PRECISION INDUSTRIAL CO., LTD.","新北市新莊區化成路431巷76號(2樓)","2 F., No. 76, Ln. 431, Huacheng Rd., Xinzhuang Dist., New Taipei City 24253, Taiwan (R.O.C.)","朱O麗","02-29922158","","有","有"
"36196345","19930504","20230525","順鋒股份有限公司","SHUEN FENG CORPORATION","新北市林口區竹林路430巷10弄6號","No. 6, Aly. 10, Ln. 430, Zhulin Rd., Linkou Dist., New Taipei City 244003, Taiwan (R.O.C.)","吳O全","02-26895525","02-26895626","有","有"
"36197739","19940131","20230317","泰興精密壓鑄有限公司","TAI SHING PRECISION PRESSURE CAST CO., LTD.","新北市三重區中正北路193巷11弄40號","No. 40, Aly. 11, Ln. 193, Zhongzheng N. Rd., Sanchong Dist., New Taipei City 241026, Taiwan (R.O.C.)","范O沂","02-29840977","02-29857878","無","無"
"36197816","19960412","20250514","申格企業有限公司","SERNG GER ENTERPRISE LIMITED","新北市新莊區思源路43巷9號","No. 9, Ln. 43, Siyuan Rd., Xinzhuang Dist., New Taipei City 24251, Taiwan (R.O.C.)","","02-29925373","02-29921380","無","無"
"36197864","19930312","20230601","景電實業股份有限公司","JIEN TYEN INDUSTRY CO., LTD.","新北市新莊區中正路659號","No. 659, Zhongzheng Rd., Xinzhuang Dist., New Taipei City 242051, Taiwan (R.O.C.)","林O錚","02-29060298","02-29042808","有","有"
"36198408","19980811","20221102","佳周文化企業有限公司","CHA CHOU ENTERPRISE CO., LTD.","新北市五股區四維路118巷10弄15號","No. 15, Aly. 10, Ln. 118, Siwei Rd., Wugu Dist., New Taipei City 248014, Taiwan (R.O.C.)","周O華","02-22988558","","有","有"
"36200087","19840128","20241211","喜順紡織廠股份有限公司","HAPPYWEAR TEXTILE CO., LTD.","臺北市大安區忠孝東路3段192號2樓之1","2F.-1, No. 192, Sec. 3, Zhongxiao E. Rd., Da’an Dist., Taipei City 10655, Taiwan (R.O.C.)","","02-85213322","02-85220637","無","無"
"36200642","20130130","20250402","三泰鋼鐵機械廠","SANTAI IRON MACHINERY FACTORY","新北市泰山區明志路2段254巷16弄4號1樓","1 F., No. 4, Aly. 16, Ln. 254, Sec. 2, Mingzhi Rd., Taishan Dist., New Taipei City 24356, Taiwan (R.O.C.)","丁O傑","02-22964821","","有","有"
"36200782","20001021","20211030","偉恩塑膠股份有限公司","WAYNE PLASTIC CORPORATION","新北市八里區龍米路2段236號","No. 236, Sec. 2, Longmi Rd., Bali Dist., New Taipei City 24944, Taiwan (R.O.C.)","白O龍","02-29991-9898","02-2993-2048","有","有"
"36200994","19980801","20230317","東鈺企業股份有限公司","TUNG YU CO., LTD.","新北市新莊區壽山路33之16號","No. 33-16, Shoushan Rd., Xinzhuang Dist., New Taipei City 242092, Taiwan (R.O.C.)","范O慶","02-29033969","02-29067444","有","有"
"36201446","19901124","20210813","樺昇超音波機械有限公司","HWA SHENG ULTRASONIC MACHINE CO., LTD.","新北市新莊區建國一路288巷31號1樓","1 F., No. 31, Ln. 288, Jianguo 1st Rd., Xinzhuang Dist., New Taipei City 24257, Taiwan (R.O.C.)","黃O金","02-22041145","02-22027249","有","有"
"36201473","19911203","20210813","沛辰展業有限公司","SUNRISE OIL CO., LTD.","新北市林口區民權路10之5號4樓","4 F., No. 10-5, Minquan Rd., Linkou Dist., New Taipei City 24462, Taiwan (R.O.C.)","江O源","02-26081779","02-26084369","有","有"
"36201749","19840511","20230313","鼎朋企業股份有限公司","X'POLE PRECISION TOOLS INC.","桃園市中壢區過嶺里7鄰過嶺路二段530之1號","No. 530-1, Sec. 2,  Guoling Rd., 7th Neighborhood, Guoling Vil., Zhongli Dist.,  Taoyuan City 320, Taiwan (R.O.C.)","趙O堅","03-4205258","03-4906715","有","有"
"36202439","19990413","20210812","三達機械有限公司","SAN DA CIRCULAR KNITTING MACHINES CO., LTD.","新北市三重區長元街七三號","No. 73, Changyuan St., Sanchong Dist., New Taipei City 24148, Taiwan (R.O.C.)","彭O哲","03-4832505","03-4832150","有","有"
"36203401","20050830","20221130","榮峯塑膠有限公司","LONG FONG PLASTIC CO., LTD.","新北市新莊區建國一路288巷60號","No. 60, Ln. 288, Jianguo 1st Rd., Xinzhuang Dist., New Taipei City 242047, Taiwan (R.O.C.)","張O彥","886-2-2205-5470","886-2-2203-5168","有","有"
"36203676","19890721","20220924","顯泰塑膠有限公司","HSU'S PLASTICS CO., LTD.","新北市林口區隆林街101巷5號(1樓)","1 F., No. 5, Ln. 101, Longlin St., Linkou Dist., New Taipei City 244009, Taiwan (R.O.C.)","許O錦","02-22914818","02-22914816","有","有"
"36203845","20081216","20210812","華儷企業有限公司","HUA LE ENTERPRISE CO., LTD.","新北市樹林區俊英街116巷41弄38號","No. 38, Aly. 41, Ln. 116, Junying St., Shulin Dist., New Taipei City 23863, Taiwan (R.O.C.)","范O倉","02-26830299","02-22967132","有","有"
"36204231","19850710","20210814","寰亞化工有限公司","FONG YONG CHEMICAL CO., LTD.","新北市樹林區中正路216之2號2樓","2 F., No. 216-2, Zhongzheng Rd., Shulin Dist., New Taipei City 23867, Taiwan (R.O.C.)","李O鈴","02-26824939","02-26834333","有","有"
"36204801","20000304","20210814","連春工業有限公司","LIAN CHUN INDUSTRY CO., LTD.","新北市泰山區貴鳳街24巷2號","No. 2, Ln. 24, Guifeng St., Taishan Dist., New Taipei City 243, Taiwan (R.O.C.)","王O煌","02-29071313","02-29015866","有","有"
"36204838","19920923","20210814","昱宣有限公司","YUH SHIUANS CO., LTD.","新北市樹林區八德街282號","No. 282, Bade St., Shulin Dist., New Taipei City 23857, Taiwan (R.O.C.)","黃O煌","02-86860696","02-86863799","有","有"
"36205371","19990412","20210813","宇順有限公司","YEU SHUEN CO., LTD.","新北市五股區成泰路三段五七七巷八○弄一三號二樓","2 F., No. 13, Aly. 80, Ln. 577, Sec. 3, Chengtai Rd., Wugu Dist., New Taipei City 24842, Taiwan (R.O.C.)","吳O娟","02-22917885","02-22929973","有","有"
"36205506","19980601","20210813","商茂塑膠工業有限公司","SHANG MAO PLASTIC CO., LTD.","新北市新莊區化成路314巷17號","No. 17, Ln. 314, Huacheng Rd., Xinzhuang Dist., New Taipei City 24252, Taiwan (R.O.C.)","林O田","02-29916905-6","02-29908603","有","有"
"36205745","20080515","20210812","丸進股份有限公司","WAN JINN CO., LTD.","新北市三重區中興北街188巷15號","No. 15, Ln. 188, Zhongxing N. St., Sanchong Dist., New Taipei City 24158, Taiwan (R.O.C.)","林O基","02-29991019","02-29994997","有","有"
"36205837","19931020","20210815","名言塑膠顏料有限公司","MIN YEN PLASTICS CO., LTD.","新北市泰山區仁武街21號","No. 21, Renwu St., Taishan Dist., New Taipei City 24348, Taiwan (R.O.C.)","陳O燕","03-4727809","03-4724758","有","有"
"36206414","19840629","20210815","名賢金屬工業股份有限公司","MING HSIEN MOLD COMPONENTS CO., LTD.","新北市三重區光復路2段42巷30號","No. 30, Ln. 42, Sec. 2, Guangfu Rd., Sanchong Dist., New Taipei City 24158, Taiwan (R.O.C.)","方O仁","02-29952017","02-29955542","有","有"
"36206483","19871015","20231222","立東鞋業有限公司","STAND EAST FOOTWEAR CO., LTD.","新北市三重區六張街196號1樓","1 F., No. 196, Liuzhang St., Sanchong Dist., New Taipei City 24162, Taiwan (R.O.C.)","","02-29813209","","無","無"
"36206596","19841113","20210813","麟暘工業有限公司","LEM YANG INDUSTRIAL CO., LTD.","新北市樹林區三俊街95號","No. 95, Sanjun St., Shulin Dist., New Taipei City 23864, Taiwan (R.O.C.)","蔡O岳","02-26826813-4","02-26893807","有","有"
"36206738","19920720","20210814","見固企業有限公司","SEE-GOOD ENTERPRISE CO., LTD.","臺中市西屯區何安里甘州街28之1號","No. 28-1, Ganzhou St., He’an Vil., Xitun Dist., Taichung City 40748, Taiwan (R.O.C.)","林O枝","03-3777917","03-3777916","有","有"
"36207785","19940816","20210812","崴鵬實業有限公司","VA PON INDUSTRIAL CO., LTD.","新北市三重區車路頭街122巷1號1樓","1 F., No. 1, Ln. 122, Chelutou St., Sanchong Dist., New Taipei City 24156, Taiwan (R.O.C.)","曾O勝","02-22862259","02-22875539","有","有"
"36208953","19880518","20210815","大鐸精密工業股份有限公司","TATO PRECISION INDUSTRIAL CO., LTD.","新北市五股區五權七路12號1樓","1 F., No. 12, Wuquan 7th Rd., Wugu Dist., New Taipei City 24890, Taiwan (R.O.C.)","陳O華","02-82957298","02-22916564","有","有"
"36209279","19851003","20210815","長新塑膠鋼模股份有限公司","LONG NEW PLASTIC STEEL MOLD CO., LTD.","新北市樹林區武林街14號","No. 14, Wulin St., Shulin Dist., New Taipei City 23876, Taiwan (R.O.C.)","李O德","02-26855111","02-26855115","有","有"
"36209637","20051111","20210813","台勵工業有限公司","TAI LEE PLASTIC MANUFACTURING CO., LTD.","新北市三重區光復路2段126巷53號","No. 53, Ln. 126, Sec. 2, Guangfu Rd., Sanchong Dist., New Taipei City 24158, Taiwan (R.O.C.)","施O明","02-2995-3845","02-2995-7930","有","有"
"36210445","19910321","20210813","冠鼎工業有限公司","KNIT INDUSTRY CO., LTD.","新北市樹林區三俊街107巷10號","No. 10, Ln. 107, Sanjun St., Shulin Dist., New Taipei City 23864, Taiwan (R.O.C.)","陳O翰","02-26895315","","有","有"
"36211438","19880906","20220527","力樺股份有限公司","POLEVM CHEMICAL INDUSTRY CO., LTD.","桃園市楊梅區楊梅里大模街59號9樓","9 F., No. 59, Damo St., Yangmei Vil., Yangmei Dist., Taoyuan City 32643, Taiwan (R.O.C.)","黃O乙","03-4856890","03-4856895","有","有"
"36213409","19850109","20210815","鍵輪機械廠有限公司","CHIEN LUN MACHINERY CO., LTD.","新北市三重區福和街18號7樓","7 F., No. 18, Fuhe St., Sanchong Dist., New Taipei City 24142, Taiwan (R.O.C.)","許O嘉","02-29731344","02-29722014","有","有"
"36213506","20090729","20210811","鍵興齒輪機械廠","JIAN XING GEAR MACHINE FACTORY","新北市三重區中興北街１３５巷５之１號","No. 5-1, Ln. 135, Zhongxing N. St., Sanchong Dist., New Taipei City 24158, Taiwan (R.O.C.)","林O輝","02-29995618","","有","有"
"36214836","19920317","20210812","高偉興業有限公司","KAO WEI HUANG INDUSTRIAL CO., LTD.","新北市新莊區五工二路95號5樓","5 F., No. 95, Wugong 2nd Rd., Xinzhuang Dist., New Taipei City 24888, Taiwan (R.O.C.)","高O煌","02-29835073","","有","有"
"36215357","19890217","20210815","茂榮繩帶股份有限公司","MAU LONG ROPE CO., LTD.","新北市三重區仁愛街三六六巷四○號","No. 40, Ln. 366, Ren’ai St., Sanchong Dist., New Taipei City 24151, Taiwan (R.O.C.)","郭O霖","02-29714950","","有","有"
"36216243","19940921","20210813","李白工業股份有限公司","LEE BAI CO., LTD.","新北市樹林區俊安街52號","No. 52, Jun’an St., Shulin Dist., New Taipei City 23865, Taiwan (R.O.C.)","吳O昌","02-26886714","02-26886712","有","有"
"36216715","20011219","20221126","統一研磨材料有限公司","PRESIDENT YAN MO TSAIR LIAW CO., LTD.","新北市新莊區新興街45巷2之1號","No. 2-1, Ln. 45, Xinxing St., Xinzhuang Dist., New Taipei City 242012, Taiwan (R.O.C.)","巫O維","02-29930655","02-29927133","有","有"
"36216790","19840827","20221007","昭惠實業股份有限公司","YASCO ENTERPRISE CORP.","新北市新莊區中正路516之19號","No. 516-19, Zhongzheng Rd., Xinzhuang Dist., New Taipei City 242048, Taiwan (R.O.C.)","黃O豐","02-29080881-3","02-29012891","有","有"
"36216898","19840607","20210813","銓德機械有限公司","CHUAN TYE MACHINERY INDUSTRIAL CO., LTD.","新北市五股區五權三路57號1樓","1 F., No. 57, Wuquan 3rd Rd., Wugu Dist., New Taipei City 24891, Taiwan (R.O.C.)","沈O泉","02-29940515","","有","有"
"36219451","20021001","20230519","欣欣獸肉號","HSIN HSIN SIR SHOP","新北市三重區三和路４段１６３巷１２號幸福市場攤位３６號","No. 12, Ln. 163, Sec. 4, Sanhe Rd., Sanchong Dist., New Taipei City 241081, Taiwan (R.O.C.)","林O茂","02-25713210","02-24632669","無","無"
"36220160","19900822","20210815","志榮螺絲工業有限公司","ZHI RONG FASTENER INDUSTRIAL CO., LTD.","新北市三重區中興北街54之19號","No. 54-19, Zhongxing N. St., Sanchong Dist., New Taipei City 24158, Taiwan (R.O.C.)","郭O宗","02-29956601-2","","有","有"
"36220437","20120620","20210813","鋯鋒研磨車刀耐磨鎢鋼工具製品企業股份有限公司","KAO FENG TOOLHOLDERS ENTERPRISE CO., LTD.","新北市新莊區化成路554巷39號","No. 39, Ln. 554, Huacheng Rd., Xinzhuang Dist., New Taipei City 24252, Taiwan (R.O.C.)","黃O玉","02-29923118","02-29962039","有","有"
"36220859","19931020","20210813","鉅利工業有限公司","JAUNLEE INDUSTRIAL CO., LTD.","臺北市中正區莒光路99號1樓","1 F., No. 99, Juguang Rd., Zhongzheng Dist., Taipei City 10068, Taiwan (R.O.C.)","沈O鈿","02-29948304","","有","有"
"36222006","20071002","20230728","宇才利企業有限公司","YTL ENTERPRISE CO., LTD.","新北市新莊區中華路1段28號11樓","11F., No. 28, Sec. 1, Zhonghua Rd., Xinzhuang Dist.,  New Taipei City 242, Taiwan (R.O.C.)","陳O宇","02-29067603","02-29051820","有","有"
"36222505","19840801","20230215","協明鞋業股份有限公司","SHAN MIN SHOES INDUSTRIAL CO., LTD.","新北市五股區芳洲七路42號11樓","11 F., No. 42, Fangzhou 7th Rd., Wugu Dist., New Taipei City 248324, Taiwan (R.O.C.)","吳O卿","02-22921665","","有","有"
"36222548","19970527","20250305","啟展塗料有限公司","CHICHAIN PAINT CO., LTD.","臺北市大安區復興南路1段103號4樓之8","4 F.-8, No. 103, Sec. 1, Fuxing S. Rd., Da'an Dist., Taipei City 106070, Taiwan (R.O.C.)","黃O鍾","02-29719227","02-29801635","有","有"
"36223011","19880310","20250209","聯盛電子股份有限公司","LIAN SHENG ELECTRONIC CO., LTD.","新北市樹林區西圳街2段97巷2號","No. 2, Ln. 97, Sec. 2, Xizun St., Shulin Dist., New Taipei City 238013, Taiwan (R.O.C.)","鄧O霖","02-26801218","02-26802337","有","有"
"36223151","19930223","20240106","鉦豐金屬有限公司","CHENG-YING-PEI-LIN CO., LTD.","臺南市東區泉南里樹林街1段5巷14號","No. 14, Ln. 5, Sec. 1, Shulin St., Quannan Vil., East Dist., Tainan City 70141, Taiwan (R.O.C.)","","07-6933530","07-6933381","無","無"
"36225995","20170906","20210811","力群橡膠企業社","LIQUN RUBBER BUSINESS COMPANY","新北市蘆洲區仁愛街212巷28號","No. 28, Ln. 212, Ren’ai St., Luzhou Dist., New Taipei City 24752, Taiwan (R.O.C.)","林O忠","02-22816468","02-22882546","有","有"
"36226018","19940425","20210813","六成功五金科技股份有限公司","LIO CHENG KUNG HARDWARE TECHNOLOGY CO., LTD.","新北市八里區忠孝路496號","No. 496, Zhongxiao Rd., Bali Dist., New Taipei City 24944, Taiwan (R.O.C.)","邱O烈","02-2610-4898","02-2610-6577","有","有"
"36226072","19860612","20210814","科茂科技股份有限公司","AUTOMAX TECHNOLOGIES CO., LTD.","新北市泰山區新北大道7段32巷26號","No. 26, Ln. 32, Sec. 7, New Taipei Blvd., Taishan Dist., New Taipei City 24392, Taiwan (R.O.C.)","郭O陽","02-27722766","","有","有"
"36226489","19841117","20210812","威富興業股份有限公司","WAY FU INDUSTRIAL CO., LTD.","新北市三重區溪尾街28號","No. 28, Xiwei St., Sanchong Dist., New Taipei City 24155, Taiwan (R.O.C.)","黃O成","02-29850290","","有","有"
"36226713","19980121","20210814","宜大股份有限公司","EDEX MACHINERY CO., LTD.","新北市蘆洲區中正路243巷13號1樓","1 F., No. 13, Ln. 243, Zhongzheng Rd., Luzhou Dist., New Taipei City 24758, Taiwan (R.O.C.)","柯O雄","02-28471194","02-28471491","有","有"
"36226755","20050610","20210814","華揚工業有限公司","HAW YUNG INDUSTRY CO., LTD.","新北市新莊區民安路396巷15號","No. 15, Ln. 396, Min’an Rd., Xinzhuang Dist., New Taipei City 24258, Taiwan (R.O.C.)","張O萍","02-22053564","02-22021895","有","有"
"36226798","19930308","20210813","山巨精密工業有限公司","SHAN JIUH PRECISION INDUSTRY CO., LTD.","桃園市蘆竹區內厝里長興路3段229巷33號","No. 33, Ln. 229, Sec. 3, Changxing Rd., Neicuo Vil., Luzhu Dist., Taoyuan City 33852, Taiwan (R.O.C.)","黃O炎","03-3247988","03-3247977","有","有"
"36227918","19930116","20210814","頤泰企業有限公司","YIEA TAII ENTERPRISE CO., LTD.","新北市新莊區五工二路94巷3號1樓","1 F., No. 3, Ln. 94, Wugong 2nd Rd., Xinzhuang Dist., New Taipei City 24888, Taiwan (R.O.C.)","洪O祥","02-2981552-3","02-22981554","有","有"
"36228016","19931022","20210815","堅業精機股份有限公司","CAN-YES INDUSTRY CO., LTD.","新北市三重區中正北路193巷21弄18號1樓","1 F., No. 18, Aly. 21, Ln. 193, Zhongzheng N. Rd., Sanchong Dist., New Taipei City 24157, Taiwan (R.O.C.)","張O榮","02-29821237","","有","有"
"36228178","19920217","20221216","力輝實業有限公司","RETACT INDUSTRIAL CO.","新北市八里區龍米路2段228之10號11樓","11 F., No. 228-10, Sec. 2, Longmi Rd., Bali Dist., New Taipei City 249006, Taiwan (R.O.C.)","曹O鶴","02-2282-7718","02-2282-5068","有","有"
"36229578","20160527","20210813","竹亨企業有限公司","JHU HENG ENTERPRISE CO., LTD.","新北市泰山區貴子路67巷29弄11號(1樓)","1 F., No. 11, Aly. 29, Ln. 67, Guizi Rd., Taishan Dist., New Taipei City 24352, Taiwan (R.O.C.)","王O棟","02-29071169","02-22091667","有","有"
"36232150","20220804","20220804","鍇盟有限公司","KAI MENG CO., LTD.","新北市三重區仁愛街397巷38號3樓","3 F., No. 38, Ln. 397, Ren'ai St., Sanchong Dist., New Taipei City 241079, Taiwan (R.O.C.)","陳O如","0921644669","","有","有"
"36233165","19931214","20210814","三麟彩色印刷股份有限公司","SAN LIN COLOR PRINTING CO., LTD.","新北市三重區中興南街31之1號","No. 31-1, Zhongxing S. St., Sanchong Dist., New Taipei City 24158, Taiwan (R.O.C.)","楊O鈞","02-29955131","","有","有"
"36233910","19921230","20210812","昀星機械有限公司","YUNHSING MECHANICAL CO., LTD.","新北市泰山區貴陽街六一號","No. 61, Guiyang St., Taishan Dist., New Taipei City 24355, Taiwan (R.O.C.)","范O山","02-29063933","02-29032580","有","有"
"36234002","19850201","20210813","能達工業股份有限公司","LENG DONG INDUSTRIAL CO., LTD.","新北市三重區中正北路560巷39號","No. 39, Ln. 560, Zhongzheng N. Rd., Sanchong Dist., New Taipei City 24157, Taiwan (R.O.C.)","張O通","02-29891652","","有","有"
"36234093","19860425","20210814","天星料管工業股份有限公司","Tan Star Industries Inc.","桃園市龜山區大華里頂湖九街11號1樓","1 F., No. 11, Dinghu 9th St., Dahua Vil., Guishan Dist., Taoyuan City 33378, Taiwan (R.O.C.)","吳O忠","03-3289035","03-3289042","有","有"
"36234988","19960405","20230908","笙喬股份有限公司","CIRCUIT ASSEMBLY ASIA CO., LTD.","新北市土城區金城路3段130號5樓","5 F., No. 130, Sec. 3, Jincheng Rd., Tucheng Dist., New Taipei City 23643, Taiwan (R.O.C.)","LONGONDREWOLLEN","02-22672318","02-22679308","有","有"
"36238990","19910916","20210813","春成金屬壓鑄股份有限公司","CHUEN-CHERNG METAL CO., LTD.","新北市蘆洲區和平路93號","No. 93, Heping Rd., Luzhou Dist., New Taipei City 24750, Taiwan (R.O.C.)","郭O泓","02-2283-5115","02-2283-1522","有","有"
"36240834","20050308","20210813","皇新製機有限公司","HUANSHIN MACHINERY CO., LTD.","新北市樹林區光武街36巷43號","No. 43, Ln. 36, Guangwu St., Shulin Dist., New Taipei City 23868, Taiwan (R.O.C.)","陳O樹","02-26897135","02-26893903","有","有"
"36242495","20170210","20210815","倡茂企業股份有限公司","CHANGMAO INJECTION TECHNOLOGY CO., LTD.","新北市新莊區民安西路364巷3號","No. 3, Ln. 364, Min’an W. Rd., Xinzhuang Dist., New Taipei City 24264, Taiwan (R.O.C.)","沈O嘉","02-22020907","02-22041350","有","有"
"36242798","20070711","20210811","有成起重行","YU CHENG CRANE CO.","新北市新莊區福壽街１２８之３號４樓（現場僅供辦公室使用）","4 F., No. 128-3, Fushou St., Xinzhuang Dist., New Taipei City 24251, Taiwan (R.O.C.)","郭O成","02-29864101","02-29857233","有","有"
"36242832","19930429","20210812","翔發強化玻璃有限公司","SHIAN FA REINFORCED GLASS CO., LTD.","桃園市桃園區金山街18號(1樓)","1 F., No. 18, Jinshan St., Taoyuan Dist., Taoyuan City 33059, Taiwan (R.O.C.)","黃O振","03-3311450","03-3317350","有","有"
"36242951","19920130","20210813","千演精密工業股份有限公司","CHINLLEY INDUSTRIAL CO., LTD.","新北市新莊區化成路63巷22弄2號5樓","5 F., No. 2, Aly. 22, Ln. 63, Huacheng Rd., Xinzhuang Dist., New Taipei City 24252, Taiwan (R.O.C.)","王O昌","02-29969962","","有","有"
"36243760","19850920","20220803","宏易創新國際股份有限公司","HONYI PRECISION INDUSTRY CO., LTD.","新北市林口區公園路203號4樓之1及之2","4 F.-1, No. 203, Gongyuan Rd., Linkou Dist., New Taipei City 244, Taiwan (R.O.C.)","陳O瑋","02-25625622","02-25625722","有","有"
"36243804","20050113","20250224","銓喜機械企業股份有限公司","Harman Trading CO., LTD.","桃園市桃園區明德里莊一街33號14樓","14 F., No. 33, Zhuang 1st St., Mingde Vil., Taoyuan Dist., Taoyuan City 33071, Taiwan (R.O.C.)","酆O如","03-3017311","03-3014407","有","有"
"36248081","19870804","20220303","鉅綸機械工業股份有限公司","CHU LUN MACHINERY INDUSTRIAL CORP.","新北市林口區工八路1之1號","No. 1-1, Gong 8th Rd., Linkou Dist., New Taipei City 24450, Taiwan (R.O.C.)","徐O棋","02-26015827","","有","有"
"36248168","19880810","20210813","至能貿易有限公司","CHI-NERN TRADING CO., LTD.","新北市蘆洲區恆德里7鄰集賢路430號5樓","5 F., No. 430, Jixian Rd., 7th Neighborhood, Hengde Vil., Luzhou Dist., New Taipei City 24759, Taiwan (R.O.C.)","陳O華","02-22812068","","有","有"
"36249477","19920707","20210813","升翊企業有限公司","SHENG YI D. T. ENTERPRISE CO., LTD.","新北市五股區自強路19巷30號","No. 30, Ln. 19, Ziqiang Rd., Wugu Dist., New Taipei City 24869, Taiwan (R.O.C.)","朱O瑩","02-22921913","02-22917613","有","有"
"36249743","20081009","20230506","祥溢超硬金屬有限公司","SHYANG YIH SUPER-HARDNESS METAL CO., LTD.","新北市蘆洲區民義街三十巷五號","No. 5, Ln. 30, Minyi St., Luzhou Dist., New Taipei City 247017, Taiwan (R.O.C.)","","02-22821717","02-22836138","無","無"
"36249820","19860418","20210813","國菱機械有限公司","GWO LING MACHINERY CO., LTD.","桃園市龜山區文化里華亞二路39號","No. 39, Huaya 2nd Rd., Wenhua Vil., Guishan Dist., Taoyuan City 33383, Taiwan (R.O.C.)","鄭O義","03-3975899","03-3979600","有","有"
"36250591","19831217","20210815","福勝紡織股份有限公司","FULL SUN TEXTILE CO., LTD.","臺南市善化區興農路188巷28號","No. 28, Ln. 188, Xingnong Rd., Shanhua Dist., Tainan City 74160, Taiwan (R.O.C.)","王O原","06-5815286","06-5815656","有","有"
"36250733","19840315","20210814","健仟貿易有限公司","STREAMLINE CO., LTD.","臺北市大安區富陽街113號3樓","3 F., No. 113, Fuyang St., Da’an Dist., Taipei City 10676, Taiwan (R.O.C.)","林O銘","02-27322241","","有","有"
"36250810","19960926","20210814","俞欣企業有限公司","THE ART OF CURTAIN ENTERPRISE CO., LTD.","新北市三重區重新路5段627巷6號","No. 6, Ln. 627, Sec. 5, Chongxin Rd., Sanchong Dist., New Taipei City 24158, Taiwan (R.O.C.)","陳O耀","02-29993181","","有","有"
"36250847","19910409","20230107","霖昌實業有限公司","LIN CHARNG ENTERPRISES CO., LTD.","新北市林口區工九路14號1樓","1 F., No. 14, Gong 9th Rd., 2nd Industrial Park, Linkou Dist., New Taipei City 244010, Taiwan (R.O.C.)","汪O港","02-26015626","02-26011326","有","有"
"36251135","19980317","20210814","源城針織股份有限公司","PERMANENT KNITTING CO., LTD.","新北市樹林區俊興街263號1樓","1 F., No. 263, Junxing St., Shulin Dist., New Taipei City 23866, Taiwan (R.O.C.)","黃O賢","02-26893577-9","02-26893457","有","有"
"36251418","20040216","20210813","明月實業有限公司","MINGYUEH INDUSTRIAL CO., LTD.","新北市三重區光復路2段178之2號","No. 178-2, Sec. 2, Guangfu Rd., Sanchong Dist., New Taipei City 24158, Taiwan (R.O.C.)","黃O聰","","","有","有"
"36251584","19920402","20210812","光鵬機械股份有限公司","GUANG PERNG MACHINE CO., LTD.","新北市新莊區福壽街142巷36之3號4樓","4 F., No. 36-3, Ln. 142, Fushou St., Xinzhuang Dist., New Taipei City 24251, Taiwan (R.O.C.)","吳O同","02-291-5539","","有","有"
"36251698","20090827","20230613","慶彬實業有限公司","CHING BIN INDUSTRIAL CO., LTD.","新北市新莊區瓊林南路275巷13號","No. 13, Ln. 275, Qionglin S. Rd., Xinzhuang Dist., New Taipei City 242067, Taiwan (R.O.C.)","黃O生","02-22050038","02-22065676","有","有"
"36251819","19930223","20230224","東海冷凍股份有限公司","TANG HAI REFRIGERATION CO., LTD.","新北市三重區中正北路193巷35弄4號","No. 4, Aly. 35, Ln. 193, Zhongzheng N. Rd., Sanchong Dist., New Taipei City 241026, Taiwan (R.O.C.)","徐O麗鄉","02-29853018","02-29890019","有","有"
"36251825","19870929","20220408","山靈企業股份有限公司","SHAN-LING INDUSTRIAL CO., LTD.","桃園市觀音區經建五路二號","No. 2, Jingjian 5th Rd., Guanyin Dist., Taoyuan City 32853, Taiwan (R.O.C.)","葉O賢","03-4838186","03-4830995","有","有"
"36251971","19880104","20230707","松妏企業有限公司","SUN WIN ENTERPRISES CO., LTD.","新北市三重區長元街72之1號1樓","1F., No. 72-1, Changyuan St., Sanchong Dist.,  New Taipei City 241046, Taiwan (R.O.C.)","王O維","02-29720363","02-29720364","有","有"
"36252205","19940514","20210815","盛揚纖維有限公司","SHENG YANG FIBER CO., LTD.","新北市三重區新興路35號1樓","1 F., No. 35, Xinxing Rd., Sanchong Dist., New Taipei City 24144, Taiwan (R.O.C.)","陳O任","02-89728922","02-29740643","有","有"
"36252330","20070419","20230805","易成食品企業有限公司","YI CHENG FOODS CO., LTD.","新北市三重區重陽路1段113巷1弄39號","No. 39, Aly. 1, Ln. 113, Sec. 1, Chongyang Rd., Sanchong Dist., New Taipei City 24161, Taiwan (R.O.C.)","陳O華","02-29898545","02-29821771","有","有"
"36252514","19940620","20221222","秋涼通風設備有限公司","CHIOU LIANG VENTILATION CO., LTD.","新北市五股區凌雲路1段156巷19號","No. 19, Ln. 156, Sec. 1, Lingyun Rd., Wugu Dist., New Taipei City 248003, Taiwan (R.O.C.)","王O凉","02-2914911-2","","有","有"
"36252628","19891214","20210813","冠欣有限公司","CROWNJOY MOLD CO., LTD.","新北市新莊區五權一路7號之7","No. 7-7, Wuquan 1st Rd., Xinzhuang Dist., New Taipei City 24892, Taiwan (R.O.C.)","劉O龍","02-2299-0531","02-2299-0532","有","有"
"36252660","19940426","20231028","和興鋼模股份有限公司","HOU HSIN MOULDING CO., LTD.","新北市三重區光復路1段130巷18號","No. 18, Ln. 130, Sec. 1, Guangfu Rd., Sanchong Dist., New Taipei City 24158, Taiwan (R.O.C.)","蔡O君","02-29953511","02-29956875","有","有"
"36252839","19840118","20210813","威納電子股份有限公司","WINPOINT ELECTRONIC CORP.","新北市三重區溪尾街47號","No. 47, Xiwei St., Sanchong Dist., New Taipei City 24155, Taiwan (R.O.C.)","陳O裕","02-29894909","","有","有"
"36252850","19960108","20230309","振鴻實業有限公司","JOINT HONG CO., LTD.","新北市五股區五工三路122號2樓","2 F., No. 122, Wugong 3rd Rd., Wugu Dist., New Taipei City 248019, Taiwan (R.O.C.)","陳O炮","02-2992266-9","","無","無"
"36252866","19921114","20210813","詠燁企業有限公司","IG YEH ELECTRONICS CO., LTD.","新北市新莊區五權一路9號3樓之4","3F.-4, No. 9, Wuquan 1st Rd., Xinzhuang Dist., New Taipei City 24892, Taiwan (R.O.C.)","蔡O莉","02-22995690","","有","有"
"36252900","19840922","20210813","宇勃興業有限公司","MAX. REX INDUSTRIAL CO., LTD.","臺北市大安區安和路2段70號5樓之2","5F.-2, No. 70, Sec. 2, Anhe Rd., Da’an Dist., Taipei City 10680, Taiwan (R.O.C.)","陳O光","02-27557104","02-27061854","有","有"
"36253106","19980901","20210813","春菁企業有限公司","SPRING RAISE ENTERPRISE CO., LTD.","新北市三重區中正北路193巷35弄16號","No. 16, Aly. 35, Ln. 193, Zhongzheng N. Rd., Sanchong Dist., New Taipei City 24157, Taiwan (R.O.C.)","林O宏","02-29898111","02-29868151","有","有"
"36253534","19840224","20210814","力肯實業股份有限公司","DE POAN PNEUMATIC CORPORATION","新北市八里區博物館路81號1、2、3、4樓","4 F., No. 81, Museum Rd., Bali Dist., New Taipei City 24947, Taiwan (R.O.C.)","溫O漢","02-2619-5619","02-2619-5777","有","有"
"36253605","19840214","20221213","同發貿易有限公司","BENCO CO., LTD.","新北市新莊區五權二路22號5樓之8","5 F.-8, No. 22, Wuquan 2nd Rd., Xinzhuang Dist., New Taipei City 248022, Taiwan (R.O.C.)","葉O惠","02-22995986","0222997997","有","有"
"36253648","20180213","20210813","柏信有限公司","B-XIN CO., LTD.","新北市樹林區俊保路42號","No. 42, Junbao Rd., Shulin Dist., New Taipei City 23878, Taiwan (R.O.C.)","陳O璋","02-86884141","02-86884143","有","有"
"36253680","20220408","20220408","特聖精機廠","TE SHENG PRECISION MACHINE FACTORY","新北市新莊區化成路29巷71號","No. 71, Ln. 29, Huacheng Rd., Xinzhuang Dist., New Taipei City 24252, Taiwan (R.O.C.)","黃O里","02-2994-1188","","有","有"
"36253703","19981130","20210812","良和飼料有限公司","LIANG HO FODDER CO., LTD.","新北市新莊區銘德街117號1樓","1 F., No. 117, Mingde St., Xinzhuang Dist., New Taipei City 24254, Taiwan (R.O.C.)","楊O達","02-2991-7039","02-2997-7071","有","有"
"36253767","19940926","20220719","圓晟工業股份有限公司","YUANN-CHENN INDUSTRIAL CO., LTD.","新北市五股區四維路30巷34弄20．22號","No. 22, Aly. 34, Ln. 30, Siwei Rd., Wugu Dist., New Taipei City 24874, Taiwan (R.O.C.)","周O緯","","","無","無"
"36253984","19840322","20210813","暐晟工業股份有限公司","WELL SOURCE CO., LTD.","桃園市大園區民生路107號","No. 107, Minsheng Rd., Dayuan Dist., Taoyuan City 33759, Taiwan (R.O.C.)","朱O榮","03-3859999","03-3859933","有","有"
"36254745","19840220","20210813","高羚有限公司","UNITED TALENTS CO., LTD.","新北市新莊區新莊路241號","No. 241, Xinzhuang Rd., Xinzhuang Dist., New Taipei City 24241, Taiwan (R.O.C.)","蘇O峯","02-29928549","","無","無"
"36254750","20031001","20210811","長庚大葯房","CHANG GENG CO.","新北市三重區自強路１段１８７號１樓","1 F., No. 187, Sec. 1, Ziqiang Rd., Sanchong Dist., New Taipei City 24147, Taiwan (R.O.C.)","陳O綠","02-29811567","","有","有"
"36254956","19930120","20210812","嶢昇企業股份有限公司","HSIAO SHENG CO., LTD.","新北市新莊區頭前路2巷15號","No. 15, Ln. 2, Touqian Rd., Xinzhuang Dist., New Taipei City 24252, Taiwan (R.O.C.)","廖O杉","02-29763856","","有","有"
"36255511","19901114","20210814","油欣精機股份有限公司","YU SHINE PRECISION MACHINE CO., LTD.","桃園市楊梅區秀才里秀才路538號","No. 538, Xiucai Rd., Xiucai Vil., Yangmei Dist., Taoyuan City 32651, Taiwan (R.O.C.)","傅O烘","03-2888899","03-2888866","有","有"
"36255688","19980218","20210812","金殼企業有限公司","ARFANET TAIWAN CO., LTD.","新北市五股區水碓里水碓路16巷9號3樓","3 F., No. 9, Ln. 16, Shuidui Rd., Shuidui Vil., Wugu Dist., New Taipei City 24871, Taiwan (R.O.C.)","石O合","02-29020173","02-29012667-8","有","有"
"36255929","19880730","20210813","僑安工業股份有限公司","JOAN MOLD AND PLASTICS CORPORATION","新北市新莊區民安東路21之1號","No. 21-1, Min’an E. Rd., Xinzhuang Dist., New Taipei City 24266, Taiwan (R.O.C.)","蘇O誠","02-26891198","02-26891534","有","有"
"36255982","19950225","20221217","集泰企業股份有限公司","CHITAI PLASTIC CO., LTD.","桃園市龜山區兔坑里茶專一街126號","No. 126, Chazhuan 1st St., Tukeng Vil., Guishan Dist., Taoyuan City 333025, Taiwan (R.O.C.)","施O智","03-3295511","03-3294643","有","有"
"36256096","19930720","20210815","謚欣機械工程股份有限公司","STEPING MECHANICAL ENGINEERING CO., LTD.","桃園市龜山區文化里華亞五路116巷8號","No. 8, Ln. 116, Huaya 5th Rd., Wenhua Vil., Guishan Dist., Taoyuan City 33382, Taiwan (R.O.C.)","王O松","03-3971045","03-3970343","有","有"
"36256223","20020910","20210816","小林鐘錶眼鏡股份有限公司北縣分公司","KOBAYASHI OPTICAL CO., LTD. BEIHSIEN BRANCH","新北市三重區正義北路４１號１樓","1 F., No. 41, Zhengyi N. Rd., Sanchong Dist., New Taipei City 24147, Taiwan (R.O.C.)","許O暉","04-7612211","04-761-9641","有","有"
"36256883","19840711","20210812","勵人電子股份有限公司","LEADMAN ELECTRONIC CO., LTD.","新北市新莊區五權一路13號5樓之1","5F.-1, No. 13, Wuquan 1st Rd., Xinzhuang Dist., New Taipei City 24892, Taiwan (R.O.C.)","游O嬌","02-22997680","02-22989686","有","有"
"36257911","19840530","20210813","宏美毛刷興業股份有限公司","HUNG MEI BRUSH CO., LTD.","基隆市安樂區基隆市武訓街四七號","No. 47, Wuxun St., Anle Dist., Keelung City 20446, Taiwan (R.O.C.)","高O基","02-24310826","02-24314937","無","無"
"36258539","20010628","20230427","勝彥企業有限公司","SHENG YAN ENTERPRISE CO., LTD.","新北市五股區工商路18巷16號1樓","1 F., No. 16, Ln. 18, Gongshang Rd., Wugu Dist., New Taipei City 248006, Taiwan (R.O.C.)","蕭O勳","22789160","22784640","無","無"
"36258735","19970505","20210814","永其祿興業有限公司","ADDMOUNT ENTERPRISES CORPORATION","臺北市南港區中南街140號2樓","2 F., No. 140, Zhongnan St., Nangang Dist., Taipei City 11552, Taiwan (R.O.C.)","吳O柔","02-2771-6367","02-2772-7717","有","有"
"36259312","20090323","20210814","昶順通運有限公司","BESTFUSO ENTERPRISE CO., LTD.","新北市林口區南勢三街37號3樓","3 F., No. 37, Nanshi 3rd St., Linkou Dist., New Taipei City 24466, Taiwan (R.O.C.)","張O緯","02-26000591","02-26091736","有","有"
"36259565","19880203","20210813","洗福機械工業有限公司","SHII FURE MACHINERY INDUSTRIAL CO., LTD.","新北市三重區仁愛街82巷12號1樓","1 F., No. 12, Ln. 82, Ren’ai St., Sanchong Dist., New Taipei City 24150, Taiwan (R.O.C.)","劉O圖","02-29732833","02-29752967","有","有"
"36259925","19921125","20230909","佛岡企業有限公司","FO KANG INTERNATIONAL CO., LTD.","新北市樹林區佳園路2段59之8號","No. 59-8, Sec. 2, Jiayuan Rd., Shulin Dist., New Taipei City 238037, Taiwan (R.O.C.)","張O如","02-89704928","02-26808928","有","有"
"36260036","19920526","20230627","至達實業股份有限公司","JIUNDAR INDUSTRIAL CO., LTD.","新北市樹林區三俊街252巷2弄9號","No. 9, Aly. 2, Ln. 252, Sanjun St., Shulin Dist., New Taipei City 238025, Taiwan (R.O.C.)","王O榮","02-26892907","","有","有"
"36260465","20090921","20210813","傑超工業股份有限公司","HUEI-CHU CO., LTD.","新北市新莊區福營路195巷15號","No. 15, Ln. 195, Fuying Rd., Xinzhuang Dist., New Taipei City 24258, Taiwan (R.O.C.)","陳O珠","02-29012201","","有","有"
"36260583","19850320","20230326","端揆機械事業有限公司","DUAN KWEI MACHINERY ENTERPRISE CO., LTD.","新北市新莊區中正路514巷105弄76號","No. 76, Aly. 105, Ln. 514, Zhongzheng Rd., Xinzhuang Dist., New Taipei City 242048, Taiwan (R.O.C.)","李O端","02-29016726","02-2902-6747","有","有"
"36260697","19870722","20210812","通鷁實業有限公司","TRINAL CO., LTD.","新北市三重區光復路二段19號","No. 19, Sec. 2, Guangfu Rd., Sanchong Dist., New Taipei City 24158, Taiwan (R.O.C.)","吳O銘","02-29999601","02-29952431","有","有"
"36260866","19870216","20210813","正芯實業有限公司","JENG SHIN SILICON STEEL INDUSTRIAL CO., LTD.","新北市新莊區民安東路139巷9號","No. 9, Ln. 139, Min’an E. Rd., Xinzhuang Dist., New Taipei City 24266, Taiwan (R.O.C.)","陳O春","02-29022693","","有","有"
"36261823","20000408","20210813","東計企業有限公司","DONG JIH CO., LTD.","新北市蘆洲區長安街119號3樓","3 F., No. 119, Chang’an St., Luzhou Dist., New Taipei City 24763, Taiwan (R.O.C.)","張O章","02-82862786","02-82862785","有","有"
"36261963","20010907","20210814","億寶有限公司","YI PIAO CO., LTD.","新北市三重區三張街一一四號一樓","1 F., No. 114, Sanzhang St., Sanchong Dist., New Taipei City 24162, Taiwan (R.O.C.)","江O賜","02-29809918","02-29893828","有","有"
"36262098","19840526","20210813","京倫精機工業有限公司","KENTEX PACKING MACHINERY CO., LTD.","新北市三重區興德路100號6樓","6 F., No. 100, Xingde Rd., Sanchong Dist., New Taipei City 24158, Taiwan (R.O.C.)","黃O堯","29991688","29955425","有","有"
"36262317","19840908","20220924","大威鞋業股份有限公司","DAVID SHOES CO., LTD.","新北市新莊區福營路163號3樓","3 F., No. 163, Fuying Rd., Xinzhuang Dist., New Taipei City 242054, Taiwan (R.O.C.)","董O圻","02-29993768","02-29992450","有","有"
"36262560","19941011","20210814","聖佳精工股份有限公司","SAN CHIA PRECISION INDUSTRY CO., LTD.","新北市新莊區化成路814巷15號1樓","1 F., No. 15, Ln. 814, Huacheng Rd., Xinzhuang Dist., New Taipei City 24253, Taiwan (R.O.C.)","連O卿","02-85218080","","有","有"
"36262597","20010316","20250205","信利興業有限公司","SHINLY INTERNATIONAL INCORPORATION","新北市三重區重新路4段168號11樓之1","11F.-1, No. 168, Sec. 4, Chongxin Rd., Sanchong Dist., New Taipei City 24144, Taiwan (R.O.C.)","吳O傑","02-2977-2062","02-2972-2067","有","有"
"36262885","19940331","20210812","詠協精機有限公司","YUNG HSINH MACHINERY CO., LTD.","新北市新莊區中正路661號7樓","7 F., No. 661, Zhongzheng Rd., Xinzhuang Dist., New Taipei City 24257, Taiwan (R.O.C.)","吳O興","02-29060510","02-29026600","有","有"
"36263012","19920602","20210815","立景工業股份有限公司","LEAD JIENG INDUSTRIAL CO., LTD.","新北市三重區中興北街204巷4號1樓","1 F., No. 4, Ln. 204, Zhongxing N. St., Sanchong Dist., New Taipei City 24158, Taiwan (R.O.C.)","張O立","02-29958816","02-29956378","有","有"
"36264032","19980501","20210813","全傑橡膠股份有限公司","CHUAN CHIEH RUBBER CO., LTD.","新北市泰山區貴鳳街26之1號","No. 26-1, Guifeng St., Taishan Dist., New Taipei City 243, Taiwan (R.O.C.)","李O鳳","02-29013436","02-29013437","有","有"
"36264217","20051012","20210813","翎祥工業有限公司","LIN SHIANG INDUSTRY CO., LTD.","新北市蘆洲區光明里中正路185巷45弄26號1樓","1 F., No. 26, Aly. 45, Ln. 185, Zhongzheng Rd., Guangming Vil., Luzhou Dist., New Taipei City 24758, Taiwan (R.O.C.)","李O貞","02-22826908","02-22836072","有","有"
"36264574","20190613","20230817","明攏金屬工業有限公司","Ming Lung Metal Industry Co., LTD.","新北市新莊區化成路398巷14號","No. 14, Ln. 398, Huacheng Rd., Xinzhuang Dist., New Taipei City 24252, Taiwan (R.O.C.)","蘇O隆","02-82959761","82951480","有","有"
"36264814","19880929","20240424","神盟超技股份有限公司","SHENMONG ULTRASONIC CO., LTD.","臺北市中正區羅斯福路2段14號2樓","2 F., No. 14, Sec. 2, Roosevelt Rd., Zhongzheng Dist., Taipei City 100028, Taiwan (R.O.C.)","羅O融","02-22968699","02-22968006","有","有"
"36264949","19961106","20210813","菁巧精密工業股份有限公司","LIGHTEN PRECISION MACHINERY CO., LTD.","新北市新莊區民安東路156號","No. 156, Min’an E. Rd., Xinzhuang Dist., New Taipei City 24266, Taiwan (R.O.C.)","許O全","02-2042312-3","","有","有"
"36265004","20021001","20210811","順貴商店","SHUN KUEI SHOP","新北市五股區成泰路２段５５號","No. 55, Sec. 2, Chengtai Rd., Wugu Dist., New Taipei City 24870, Taiwan (R.O.C.)","陳O貴","25713210","24632669","有","有"
"36265378","19860130","20210813","久霆股份有限公司","KING TEAM CO., LTD.","桃園市中壢區永福里西園路130號","No. 130, Xiyuan Rd., Yongfu Vil., Zhongli Dist., Taoyuan City 32057, Taiwan (R.O.C.)","葉O","03-4631682","","有","有"
"36265383","19900614","20210820","鴻泰絕緣材料股份有限公司","HON TAI MATERIAL CO., LTD.","桃園市楊梅區楊湖路三段277號(1樓)","1 F., No. 277, Sec. 3, Yanghu Rd., Yangmei Dist., Taoyuan City 32650, Taiwan (R.O.C.)","鄭O舟","02-22782230","02-22781876","有","有"
"36266025","20020509","20210814","正海企業有限公司","JENG HAI ENTERPRISE CO., LTD.","桃園市蘆竹區南興里奉化路104巷10弄8號2樓","2 F., No. 8, Aly. 10, Ln. 104, Fenghua Rd., Nanxing Vil., Luzhu Dist., Taoyuan City 33845, Taiwan (R.O.C.)","吳O聰","03-321-9228","03-3214599","有","有"
"36266209","19971015","20210815","立舟工業股份有限公司","LI CHOU FITTING CO., LTD.","新北市三重區洛陽街68號1樓","1 F., No. 68, Luoyang St., Sanchong Dist., New Taipei City 24161, Taiwan (R.O.C.)","龎O山","02-29833412","","有","有"
"36266432","20020909","20210812","宏岱食品實業有限公司","HORNG DAY FOODS INC.","新北市三重區重新路2段13巷17號1樓","1 F., No. 17, Ln. 13, Sec. 2, Chongxin Rd., Sanchong Dist., New Taipei City 24147, Taiwan (R.O.C.)","許O麟","02-29880138","02-29863993","有","有"
"36266448","19851022","20210812","威勵洗衣機械有限公司","WEI LI WASH MACHINERY CO., LTD.","新北市三重區仁政街一四五巷二號一樓","1 F., No. 2, Ln. 145, Renzheng St., Sanchong Dist., New Taipei City 24151, Taiwan (R.O.C.)","潘O炎","02-29892440","","有","有"
"36266995","19880728","20230401","國堡國際股份有限公司","GOLDEN PRESS CORP.","新北市五股區五工二路113號(1樓)","1 F., No. 113, Wugong 2nd Rd., Wugu Dist., New Taipei City 248018, Taiwan (R.O.C.)","朱O清","02-22996887","02-22996533","有","有"
"36267170","19971209","20221005","劦智金屬有限公司","HSIEH CHIH METAL CO., LTD.","新北市三重區安慶街186號3樓","3 F., No. 186, Anqing St., Sanchong Dist., New Taipei City 241045, Taiwan (R.O.C.)","陳O琴","02-29819120","","無","無"
"36267262","20030725","20210812","三盈企業社","SAN YNG CO.","新北市蘆洲區信義路２２２巷２２弄３號１樓","1 F., No. 3, Aly. 22, Ln. 222, Xinyi Rd., Luzhou Dist., New Taipei City 24749, Taiwan (R.O.C.)","陳O輝","02-82958283","02-22942169","有","有"
"36267283","19840727","20250429","耀楓企業有限公司","WEAR GREAT ENTERPRISE CO., LTD.","臺北市中山區德惠街170巷11號1樓","1 F., No. 11, Ln. 170, Dehui St., Zhongshan Dist., Taipei City 10470, Taiwan (R.O.C.)","","02-22819797","","無","無"
"36267447","19851014","20210813","強升化學企業有限公司","CHYANG SHENG CHEMICAL ENTERPRISE CO., LTD.","新北市五股區四維路30巷36弄2號","No. 2, Aly. 36, Ln. 30, Siwei Rd., Wugu Dist., New Taipei City 24874, Taiwan (R.O.C.)","林O譯","02-29816076-7","02-29853320","有","有"
"36267501","19840711","20210814","虹信工業股份有限公司","RAINBOW-TRUST INDUSTRIAL CO., LTD.","新北市三重區光復路1段116號","No. 116, Sec. 1, Guangfu Rd., Sanchong Dist., New Taipei City 24158, Taiwan (R.O.C.)","施O雄","02-29956671","02-29959007","有","有"
"36268142","19961228","20240319","大健機電股份有限公司","DARJAN INDUSTRIAL CO., LTD.","新北市新莊區思源路157號2樓","2 F., No. 157, Siyuan Rd., Xinzhuang Dist., New Taipei City 242033, Taiwan (R.O.C.)","張O鎰","02-26898148","","有","有"
"36268190","19981015","20210814","國際電木板企業有限公司","NATIONAL INSULATION MATERIAL CO., LTD.","桃園市龜山區大華里頂湖二街79號","No. 79, Dinghu 2nd St., Dahua Vil., Guishan Dist., Taoyuan City 33378, Taiwan (R.O.C.)","賴O豐","03-3962575","03-3962579","有","有"
"36268804","19870817","20230606","南俊國際股份有限公司","NAN JUEN INTERNATIONAL CO., LTD.","桃園市桃園區幸福路202號6樓","6 F., No. 202, Xingfu Rd., Taoyuan Dist., Taoyuan City 330063, Taiwan (R.O.C.)","李O蘭","03-3642777","03-3762777","有","有"
"36268868","19910711","20230415","毅裕纖維股份有限公司","EUTEX ENTERPRISE CO., LTD.","新北市樹林區中正路661號","No. 661, Zhongzheng Rd., Shulin Dist., New Taipei City 238028, Taiwan (R.O.C.)","蔡O修","02-2689-5666","02-2689-8515","有","有"
"36269022","19880811","20210815","忠凱國際股份有限公司","GIANT K. INNOVATION CO., LTD.","新北市土城區永豐路195巷7弄25之1號","No. 25-1, Aly. 7, Ln. 195, Yongfeng Rd., Tucheng Dist., New Taipei City 23644, Taiwan (R.O.C.)","范O春美","02-22610412","02-22610003","有","有"
"36269260","20000731","20221221","家鈺企業有限公司","JAR YUI ENTERPRISE CO., LTD.","新北市五股區中興路1段88巷9號","No. 9, Ln. 88, Sec. 1, Zhongxing Rd., Wugu Dist., New Taipei City 248012, Taiwan (R.O.C.)","陳O福","02-29828186","02-29826489","有","有"
"36269424","19840803","20231117","緻運企業股份有限公司","JOY WINNER ENTERPRISE CO., LTD.","臺北市北投區公舘路286號1樓","1 F., No. 286, Gongguan Rd., Beitou Dist., Taipei City 112005, Taiwan (R.O.C.)","張O泰","02-28923311","02-28953381","有","有"
"36269894","19841124","20210813","允美實業有限公司","VENUS KNITTING CORP.","新北市三重區仁福街64巷12號3樓","3 F., No. 12, Ln. 64, Renfu St., Sanchong Dist., New Taipei City 24150, Taiwan (R.O.C.)","鄭O隆","02-29732568","","有","有"
"36269971","20000810","20210815","偉祥五金有限公司","WEI-SHIANG HARDWARE CO., LTD.","桃園市觀音區中山路2段39巷182號","No. 182, Ln. 39, Sec. 2, Zhongshan Rd., Guanyin Dist., Taoyuan City 32848, Taiwan (R.O.C.)","黃O樹","03-4985222","03-4989292","有","有"
"36270317","19900611","20231220","冠羿工業有限公司","KWAN YI INDUSTRIAL CO., LTD.","新北市新莊區新北大道3段159號19樓","19 F., No. 159, Sec. 3, New Taipei Blvd., Xinzhuang Dist., New Taipei City 242032, Taiwan (R.O.C.)","楊O淵","03-4629128","03-4628528","有","有"
"36270338","20081224","20210814","岡詮超硬合金有限公司","KANG CHUNG HARDEST ALLOY CO.","新北市蘆洲區民生街十五號一樓","1 F., No. 15, Minsheng St., Luzhou Dist., New Taipei City 24746, Taiwan (R.O.C.)","周O樺","02-22816280","02-22837608","有","有"
"36270604","19850108","20210815","力本工業股份有限公司","HI-BOND INDUSTRY CO., LTD.","新北市新莊區建國二路93號","No. 93, Jianguo 2nd Rd., Xinzhuang Dist., New Taipei City 24265, Taiwan (R.O.C.)","陳O瑩","02-22023366","02-22050688","有","有"
"36270626","19840922","20230629","富驊企業股份有限公司","LOYALTY FOUNDER ENTERPRISE CO., LTD.","臺南市安南區安和路2段54巷225號","No. 225, Ln. 54, Sec. 2, Anhe Rd., Annan Dist., Tainan City 709032, Taiwan (R.O.C.)","柯O源","03-3269123","03-3269111","有","有"
"36270822","19940720","20210815","航功精密工業股份有限公司","HANG GUNG PRECISION INDUSTRY CORP.","新北市新莊區新樹路257巷3號2樓","2 F., No. 3, Ln. 257, Xinshu Rd., Xinzhuang Dist., New Taipei City 24262, Taiwan (R.O.C.)","林O如","02-22022997","","有","有"
"36271006","19890512","20230216","村盛電機有限公司","TSU SUN ENGINEERING CO., LTD.","新北市林口區粉寮路2段26號","No. 26, Sec. 2, Fenliao Rd., Linkou Dist., New Taipei City 244012, Taiwan (R.O.C.)","陳O錫","02-26029670","02-26029685","有","有"
"36271076","19950808","20210815","亨昌社股份有限公司","HENG CHANG SHEN CORP.","桃園市觀音區大同二路11號2樓","2 F., No. 11, Datong 2nd Rd., Guanyin Dist., Taoyuan City 32849, Taiwan (R.O.C.)","郭O堅","03-48310921","03-4831700","有","有"
"36271189","19840810","20210812","錦榮貿易股份有限公司","ALL GLORY TRADING CO., LTD.","新北市三重區三和路3段107巷2號1樓","1 F., No. 2, Ln. 107, Sec. 3, Sanhe Rd., Sanchong Dist., New Taipei City 24150, Taiwan (R.O.C.)","黃O榮","02-29731121","","有","有"
"36271929","20020924","20231021","日上水果行","RISHANG CO.","新北市三重區中正北路１１１號１樓（第４００７號分貨場）","1 F., No. 111, Zhongzheng N. Rd., Sanchong Dist., New Taipei City 24141, Taiwan (R.O.C.)","陳O卉","02-29768609","","有","有"
"36272053","19840907","20210813","廣諠實業有限公司","TAIWAN DOLL ENTERPRISE CO., LTD.","新北市林口區中山路283號","No. 283, Zhongshan Rd., Linkou Dist., New Taipei City 24446, Taiwan (R.O.C.)","林O羭","02-26013192","02-26010318","有","有"
"36272188","20030207","20230906","萊禮生醫科技股份有限公司","R&R MEDICAL CORPORATION LTD.","新北市汐止區新台五路1段99號30樓之6","30 F.-6, No. 99, Sec. 1, Xintai 5th Rd., Xizhi Dist., New Taipei City 221416, Taiwan (R.O.C.)","王O子","02-2502-1879","02-2505-1872","有","有"
"36272238","19860301","20210814","介中繩帶廠有限公司","J-CHUNG STRING FACTORY CO., LTD.","新北市新莊區化成路11巷86號","No. 86, Ln. 11, Huacheng Rd., Xinzhuang Dist., New Taipei City 24252, Taiwan (R.O.C.)","李O中","02-29031508","","有","有"
"36272384","19980706","20210813","勇承塑膠有限公司","YUNG CHEN PLASTIC CO., LTD.","桃園市龜山區南上里南美街五六巷一號","No. 1, Ln. 56, Nanmei St., Nanshang Vil., Guishan Dist., Taoyuan City 33392, Taiwan (R.O.C.)","李O智","","","有","有"
"36272482","19950109","20210813","于台工業股份有限公司","YIU TAIR INDUSTRY CO., LTD.","新北市三重區中正北路428巷37號1樓","1 F., No. 37, Ln. 428, Zhongzheng N. Rd., Sanchong Dist., New Taipei City 24162, Taiwan (R.O.C.)","鍾O雄","02-29843433","02-29714964","有","有"
"36272498","19850309","20241010","昆昌貿易有限公司","KUN CHANG MEDICINE TRADING CO., LTD.","臺北市大同區昌吉街180號1樓","1 F., No. 180, Changji St., Datong Dist., Taipei City 103041, Taiwan (R.O.C.)","","02-2592-5677","02-2592-5655","無","無"
"36272687","19960319","20210813","協詠工業有限公司","SWARM BOBBIN INDUSTRIAL CO., LTD.","桃園市龜山區萬壽路一段1245號","No. 1245, Sec. 1, Wanshou Rd., Guishan Dist., Taoyuan City 33355, Taiwan (R.O.C.)","江O惠","03-3292666-8","03-3292656","有","有"
"36273074","19990603","20210813","嘉律企業有限公司","MITSUMARU ENTERPRISE CO., LTD.","新北市蘆洲區民族路33巷16號3樓","3 F., No. 16, Ln. 33, Minzu Rd., Luzhou Dist., New Taipei City 24741, Taiwan (R.O.C.)","吳O鳳","038-654912","","有","無"
"36273335","19950503","20210812","晛達有限公司","HSIEN DA CO., LTD.","新北市三重區仁美街47號","No. 47, Renmei St., Sanchong Dist., New Taipei City 24152, Taiwan (R.O.C.)","陳O八","02-22866405","02-22866493","有","有"
"36273356","20020603","20211204","上申機械實業有限公司","SHANG SHEN MACHINERY ENTERPRISE CO., LTD.","新北市蘆洲區中原路10號8樓","8 F., No. 10, Zhongyuan Rd., Luzhou Dist., New Taipei City 24762, Taiwan (R.O.C.)","廖O美女","02-2285-2085","02-2288-3700","有","有"
"36274215","19861006","20230701","鴻升毛衣編織機械有限公司","HUNG SHENG KNITTING MACHINERY CO., LTD.","新北市蘆洲區中山一路97巷38號","No. 38, Ln. 97, Zhongshan 1st Rd., Luzhou Dist., New Taipei City 247020, Taiwan (R.O.C.)","蕭O賢","02-22827777","02-22831336","無","無"
"36274427","19921103","20240326","弘紳貿易有限公司","FON SHIN ELECTRIC INDUSTRIAL CO., LTD.","新北市新莊區民樂街105巷8號4樓","4 F., No. 8, Ln. 105, Minle St., Xinzhuang Dist., New Taipei City 24254, Taiwan (R.O.C.)","洪O坤","02-29970783","02-29984287","有","有"
"36274545","19840919","20241122","天田股份有限公司","AMADA TAIWAN INC.","桃園市龜山區文明路21號","No. 21, Wenming Rd., Guishan Dist., Taoyuan City 333011, Taiwan (R.O.C.)","蔡O興","03-3283511","","有","有"
"36274658","19881230","20210815","新迪工業有限公司","SENG DIN INDUSTRIAL CO., LTD.","新北市新莊區民安路417巷16號","No. 16, Ln. 417, Min’an Rd., Xinzhuang Dist., New Taipei City 24258, Taiwan (R.O.C.)","廖O圓","02-29828198","02-29871768","有","有"
"36274806","20100923","20210814","擎添工業有限公司","CHING TIAN ELECTRIC INDUSTRY CO.","新北市新莊區新樹路69號之25","No. 69-25, Xinshu Rd., Xinzhuang Dist., New Taipei City 24262, Taiwan (R.O.C.)","何O聰","02-29032788","02-29039518","有","有"
"36275426","19841207","20210815","金星欣工業股份有限公司","SHWU GAN INDUSTRIAL CO., LTD.","新北市五股區五工二路109號","No. 109, Wugong 2nd Rd., Wugu Dist., New Taipei City 24888, Taiwan (R.O.C.)","柯O","02-29849854","","無","無"
"36275586","20020122","20210812","懷得電機有限公司","HWAI DER CO., LTD.","新北市新莊區中華路2段158號5樓之3","5F.-3, No. 158, Sec. 2, Zhonghua Rd., Xinzhuang Dist., New Taipei City 24246, Taiwan (R.O.C.)","胡O梅","02-29902844","02-29902844","有","有"
"36275755","19881210","20210813","山尚機械股份有限公司","SHAN SHANG MACHINERY CO., LTD.","彰化縣埔心鄉瓦南村三民路91巷2弄6號","No. 6, Aly. 2, Ln. 91, Sanmin Rd., Puxin Township, Changhua County 51345, Taiwan (R.O.C.)","張O麗","04-8355388","04-8330122","有","有"
"36275805","20041213","20231230","鍵民鋼鐵有限公司","JIANN MING STEEL CO., LTD.","新北市新莊區中正路542之10號","No. 542-10, Zhongzheng Rd., Xinzhuang Dist., New Taipei City 242048, Taiwan (R.O.C.)","李O華","02-22092100","02-29032268","有","有"
"36276728","19841019","20210812","眾用車材製造股份有限公司","ESUSE AUTO PARTS MANUFACTURING CO., LTD.","新北市林口區工四路38號","No. 38, Gong 4th Rd., Linkou Dist., New Taipei City 24452, Taiwan (R.O.C.)","陳O美珠","02-26032788","","有","有"
"36276874","19860213","20210812","永輔企業有限公司","GLOWWORM LIGHTING CO., LTD.","新北市蘆洲區中山二路281號(1樓)","1 F., No. 281, Zhongshan 2nd Rd., Luzhou Dist., New Taipei City 24756, Taiwan (R.O.C.)","高O台","02-82832933","02-82833163","有","有"
"36276895","20010813","20210811","億泰針車行","ITAI MACHINES CO.","新北市新莊區中平路１５２巷３５號１樓","1 F., No. 35, Ln. 152, Zhongping Rd., Xinzhuang Dist., New Taipei City 24249, Taiwan (R.O.C.)","孫O滿","02-29912913","02-29972315","有","有"
"36277178","20171116","20210814","國雄交通企業有限公司","Gao-Hsiung Transport Enterprise Co., Ltd.","新北市蘆洲區國道路2段109號7樓","7 F., No. 109, Sec. 2, Guodao Rd., Luzhou Dist., New Taipei City 24760, Taiwan (R.O.C.)","蔡O呈","02-22975567","02-85317667","有","有"
"36277260","20040423","20210813","蒼億塑膠企業有限公司","TSANG YI PLASTIC PRODUCTS CO., LTD.","新北市八里區商港路6號7樓","7 F., No. 6, Shanggang Rd., Bali Dist., New Taipei City 24942, Taiwan (R.O.C.)","郭O竹","02-8630-2581","02-8630-3749","有","有"
"36277509","19940110","20210813","泰昌橡膠工業有限公司","THAI CHANG RUBBER IND. CO., LTD.","苗栗縣後龍鎮龍津里3鄰公司寮38之1號","No. 38-1, Gongsiliao, 3rd Neighborhood, Longjin Vil., Houlong Township, Miaoli County 35668, Taiwan (R.O.C.)","蔡O利","02-22925993","02-22925995","有","有"
"36277661","19910622","20221018","美地實業有限公司","MEY TII ENTERPRISE CO., LTD.","新北市三重區後竹圍街307號","No. 307, Houzhuwei St., Sanchong Dist., New Taipei City 241065, Taiwan (R.O.C.)","杜O成","02-2980-4891","","有","有"
"36278079","19880721","20221221","憲漢實業股份有限公司","SHIANN HANN PLASTICS MFG. CO., LTD.","新北市新店區安康路3段622號1樓","1 F., No. 622, Sec. 3, Ankang Rd., Xindian Dist., New Taipei City 231042, Taiwan (R.O.C.)","何O惠","02-22152321","","有","有"
"36278177","20080729","20220215","高遠綠能光電股份有限公司","ATMA PV AUTOMATION CO., LTD.","新北市五股區五工路129號","No. 129, Wugong Rd., Wugu Dist., New Taipei City 24886, Taiwan (R.O.C.)","陳O欽","03-3278588","03-3278955","有","有"
"36278303","20090731","20220813","鎰昇工業股份有限公司","YI SHUNG INDUSTRIAL CO., LTD.","新北市鶯歌區中正三路194巷38號","No. 38, Ln. 194, Zhongzheng 3rd Rd., Yingge Dist., New Taipei City 239016, Taiwan (R.O.C.)","李O益","02-22871922","02-22877517","有","有"
"36278508","19941125","20231209","皇杰興業有限公司","FINE JACK INDUSTRIAL CO., LTD.","新北市新莊區中正路659之5號10樓","10 F., No. 659-5, Zhongzheng Rd., Xinzhuang Dist., New Taipei City 242051, Taiwan (R.O.C.)","蔡O雯","29048399","29048377","有","有"
"36278562","20060207","20210812","啟忠機械有限公司","CHI CHUNG MACHINERY CO., LTD.","新北市八里區觀海大道260號","No. 260, Guanhai Blvd., Bali Dist., New Taipei City 24944, Taiwan (R.O.C.)","吳O法","02-8630-3504","","有","有"
"36278795","20070629","20210814","金鑾有限公司","IMPERIALPLACE IND., INC.","臺北市松山區八德路4段626號10樓之5","10F.-5, No. 626, Sec. 4, Bade Rd., Songshan Dist., Taipei City 10566, Taiwan (R.O.C.)","林O鑾","02-27252452","","有","有"
"36278900","19841130","20230219","双燕樂器股份有限公司","MUSIX CO., LTD.","新北市蘆洲區中山二路162號5樓","5 F., No. 162, Zhongshan 2nd Rd., Luzhou Dist., New Taipei City 247015, Taiwan (R.O.C.)","王O","02-22825151","02-22895468","有","有"
"36279014","20010925","20240816","上藝企業有限公司","PRO E-MOLD ENTERPRISE CO., LTD.","桃園市桃園區南門里三民路三段316之1號","No. 316-1, Sec. 3, Sanmin Rd., Nanmen Vil., Taoyuan Dist., Taoyuan City 330004, Taiwan (R.O.C.)","詹O權","03-3195057","03-3191712","有","有"
"36279083","19900630","20250411","膠王化工股份有限公司","CHIAO-WANG CHEMICAL CORP.","臺南市新營區嘉芳里忠孝路2之1號","No. 2-1, Zhongxiao Rd., Jiafang Vil., Xinying Dist., Tainan City 730014, Taiwan (R.O.C.)","","06-6526233","06-6527910","無","無"
"36279247","20020924","20230323","大協水果行","DAXIE CO.","新北市三重區中正北路１１１號","No. 111, Zhongzheng N. Rd., Sanchong Dist., New Taipei City 241037, Taiwan (R.O.C.)","丁O琇","02-29817262","","有","有"
"36279268","20020924","20210812","大元水菓行","DAYUANM CO.","新北市三重區中正北路１１１號","No. 111, Zhongzheng N. Rd., Sanchong Dist., New Taipei City 24141, Taiwan (R.O.C.)","鄭O評","02-29821638","","有","有"
"36279767","20100726","20210813","萬承興業股份有限公司","WONCHEN CO., LTD.","新北市樹林區俊興街二一一巷七弄六號（一樓）","1 F., No. 6, Aly. 7, Ln. 211, Junxing St., Shulin Dist., New Taipei City 23866, Taiwan (R.O.C.)","紀O爐","02-26889024","02-26880394","有","有"
"36279838","20021003","20210811","欽元水果行","QINYUAN CO.","新北市三重區中正北路１１１號１樓","1 F., No. 111, Zhongzheng N. Rd., Sanchong Dist., New Taipei City 24141, Taiwan (R.O.C.)","鄭O元","02-29834207","","有","有"
"36279871","20091127","20221208","大鎰行有限公司","FUCHUN CHEMICAL CO., LTD.","新北市三重區三民街7號3樓","3 F., No. 7, Sanmin St., Sanchong Dist., New Taipei City 241038, Taiwan (R.O.C.)","李O富","02-29875303","02-29860952","有","有"
"36279963","19940815","20210812","沅興木業有限公司","YUAN SHEEN WOOD CO., LTD.","高雄市左營區文學路672號","No. 672, Wenxue Rd., Zuoying Dist., Kaohsiung City 81361, Taiwan (R.O.C.)","劉O麟","07-3492885","07-3492995","有","有"
"36280069","19880702","20210813","子嘉企業有限公司","SINOM CORPORATION","新北市五股區中興路四段三三號","No. 33, Sec. 4, Zhongxing Rd., Wugu Dist., New Taipei City 24873, Taiwan (R.O.C.)","吳O瑾","02-29810069","","有","有"
"36280461","20040617","20210811","崇偉精機廠","CHORNG WOEI PRECISION MACHINE FACTORY","新北市五股區四維路３０巷３３弄４號１樓","1 F., No. 4, Aly. 33, Ln. 30, Siwei Rd., Wugu Dist., New Taipei City 24874, Taiwan (R.O.C.)","林O米","02-2988-7324","02-2981-9830","有","有"
"36280758","19910111","20210812","安守企業有限公司","AN SHOOU ENTERPRISE CO., LTD.","新北市三重區重陽路三段一七二號一樓","1 F., No. 172, Sec. 3, Chongyang Rd., Sanchong Dist., New Taipei City 24141, Taiwan (R.O.C.)","周O英","02-25614251","","有","有"
"36281010","19841207","20210812","巧奇豢養動物有限公司","KO-CHI PET CORP.","新北市蘆洲區民族路408巷18號6樓","6 F., No. 18, Ln. 408, Minzu Rd., Luzhou Dist., New Taipei City 24742, Taiwan (R.O.C.)","邱O毅","02-29876320","","有","有"
"36281052","19890711","20210813","瑞鈿工業有限公司","RUEY TIEN INDUSTRIAL CO., LTD.","新北市五股區西雲路252巷3號1樓","1 F., No. 3, Ln. 252, Xiyun Rd., Wugu Dist., New Taipei City 24875, Taiwan (R.O.C.)","郭O元","02-22915933","","有","有"
"36281335","20040907","20210812","上霆特殊金屬有限公司","SHANG TING SPECIAL CO., LTD.","新北市樹林區東興街6巷21號","No. 21, Ln. 6, Dongxing St., Shulin Dist., New Taipei City 23850, Taiwan (R.O.C.)","宋O強","02-86856503","02-86869497","有","有"
"36281757","19850312","20210814","常青興業有限公司","NICELY MACHINERY DEVELOPMENT CO., LTD.","桃園市蘆竹區坑口里17鄰大有街24號","No. 24, Dayou St., 17th Neighborhood, Kengkou Vil., Luzhu Dist., Taoyuan City 33842, Taiwan (R.O.C.)","陳O宏","03-3249020","03-3249026","有","有"
"36282101","19950112","20210814","力昱廣告工程有限公司","LI YU ADVERTISING ENGINEERING CORP.","新北市林口區麗園二街60巷15號(1樓)","1 F., No. 15, Ln. 60, Liyuan 2nd St., Linkou Dist., New Taipei City 24449, Taiwan (R.O.C.)","林O助","02-25170168","","有","有"
"36282171","19930503","20230919","鍊錩油壓工業有限公司","LIANN CHANG HYDRAULIC INDUSTRY CO., LTD.","桃園市龜山區嶺頂里華美街140號(3樓)","3 F., No. 140, Huamei St., Lingding Vil., Guishan Dist., Taoyuan City 33349, Taiwan (R.O.C.)","","02-22047896","02-22028833","無","無"
"36282720","19890331","20210814","盛展股份有限公司","SUNTEC INTERNATIONAL CORPORATION","新北市泰山區新北大道6段383號","No. 383, Sec. 6, New Taipei Blvd., Taishan Dist., New Taipei City 24355, Taiwan (R.O.C.)","黃O南","02-29066991-3","02-29069567","有","有"
"36282974","20020910","20220426","再利水菓行","ZAI LI FRUITS HANG","新北市三重區中正北路１１１號１樓（第８２１號分貨場）","1 F., No. 111, Zhongzheng N. Rd., Sanchong Dist., New Taipei City 24141, Taiwan (R.O.C.)","李O成","02-27203476","02-27297005","有","有"
"36283869","19980508","20210814","嘉元鋼模股份有限公司","CHIA YUAN PRECISION STEEL MOLD INDUSTRIAL CO., LTD.","新北市樹林區三龍街40號","No. 40, Sanlong St., Shulin Dist., New Taipei City 23866, Taiwan (R.O.C.)","陳O文","02-22045969","","有","有"
"36283903","20040227","20210813","福興電業工廠股份有限公司","FOOK SHING ELECTRICAL CO., LTD.","桃園市平鎮區正義路66號","No. 66, Zhengyi Rd., Pingzhen Dist., Taoyuan City 32457, Taiwan (R.O.C.)","莊O群","03-457-2175","","有","有"
"36284121","19941227","20210815","順成電機有限公司","SUNCHES ELECTRIC MACHINE CORP.","新北市樹林區俊安街11號","No. 11, Jun’an St., Shulin Dist., New Taipei City 23865, Taiwan (R.O.C.)","陳O國","02-26889418","02-26888010","有","有"
"36284207","20170124","20210815","聖龍金屬表面處理有限公司","GREAT DRAGON METAL ELECTROPLATING CO., LTD.","新北市五股區民義路1段240號","No. 240, Sec. 1, Minyi Rd., Wugu Dist., New Taipei City 24857, Taiwan (R.O.C.)","許O霞","02-22933138","02-82951258","有","有"
"36284255","19920529","20240301","藝明模具彫刻股份有限公司","YI-MING MOLD CARVE CO., LTD.","新北市三重區中正北路193巷35弄73號","No. 73, Aly. 35, Ln. 193, Zhongzheng N. Rd., Sanchong Dist., New Taipei City 241026, Taiwan (R.O.C.)","","02-29846385","","無","無"
"36284380","19870801","20210813","旭超股份有限公司","HSJCHAO COMPANY LTD.","新北市樹林區俊英街84巷23號","No. 23, Ln. 84, Junying St., Shulin Dist., New Taipei City 23863, Taiwan (R.O.C.)","黃O鳳","02-26845456","","有","有"
"36285212","19990816","20210820","金仁興業股份有限公司","JINN REEN INDUSTRIAL CO., LTD.","新北市樹林區光明街16之1號","No. 16-1, Guangming St., Shulin Dist., New Taipei City 23849, Taiwan (R.O.C.)","鄧O仁","02-26750591","02-26750826","有","有"
"36285297","19940917","20210812","金永珍有限公司","CHIN YUNG JENG CO., LTD.","新北市新莊區龍安路114號","No. 114, Long’an Rd., Xinzhuang Dist., New Taipei City 24260, Taiwan (R.O.C.)","柯O里","","","有","有"
"36286198","19940825","20210813","立台食品工業股份有限公司","LIH TAIR FOODS INDUSTRIAL CORP.","新北市三重區光華路59號","No. 59, Guanghua Rd., Sanchong Dist., New Taipei City 24158, Taiwan (R.O.C.)","郭O宏","02-29953412","02-29950465","有","有"
"36286211","19930920","20220303","皇明針車有限公司","HUANG-MING INDUSTRIAL SEWING MACHINE CO.","新北市三重區大智街136號","No. 136, Dazhi St., Sanchong Dist., New Taipei City 24147, Taiwan (R.O.C.)","胡O輝","02-29821062","","有","有"
"36286401","19910311","20240328","隆泉機械廠股份有限公司","LAUNCH MACHINERY WORKS CO., LTD.","新北市蘆洲區民權路82巷7弄8號","No. 8, Aly. 7, Ln. 82, Minquan Rd., Luzhou Dist., New Taipei City 247016, Taiwan (R.O.C.)","陳O各","02-22980855","02-22980655","有","有"
"36287909","19910416","20210812","詠加實業有限公司","YUN CA INDUSTRIAL CO., LTD.","新北市泰山區貴陽街90巷26號","No. 26, Ln. 90, Guiyang St., Taishan Dist., New Taipei City 24355, Taiwan (R.O.C.)","林O慎","02-29032839","02-29039172","有","有"
"36287936","19960830","20221107","寶盛工業有限公司","BAU SHERN INDUSTRIAL CO., LTD.","新北市三重區文化北路83巷24之1號5樓","5 F., No. 24-1, Ln. 83, Wenhua N. Rd., Sanchong Dist., New Taipei City 241058, Taiwan (R.O.C.)","黃O華","02-22817302","","無","無"
"36288225","19851024","20210812","信化企業有限公司","SINOCHEM CORP.","臺北市松山區南京東路5段66巷22弄20號1樓","1 F., No. 20, Aly. 22, Ln. 66, Sec. 5, Nanjing E. Rd., Songshan Dist., Taipei City 10564, Taiwan (R.O.C.)","陳O湊","02-27631267","02-27568940","有","有"
"36288415","19900507","20210813","良同有限公司","LIANG TONG GLOBAL CO., LTD.","新北市三重區大智街254號","No. 254, Dazhi St., Sanchong Dist., New Taipei City 24154, Taiwan (R.O.C.)","黃O嘉","02-29840755","02-29711748","有","有"
"36288528","19850608","20210812","優蝴工業股份有限公司","MARIPOSA VALVE CO., LTD.","新北市土城區大同街6之1號2樓","2 F., No. 6-1, Datong St., Tucheng Dist., New Taipei City 23679, Taiwan (R.O.C.)","王O頎","02-22686111","02-22693939","有","有"
"36288626","20130801","20210812","日也機械有限公司","JIH YEE MACHINERY CO., LTD","新北市樹林區俊興街211巷7弄28號","No. 28, Aly. 7, Ln. 211, Junxing St., Shulin Dist., New Taipei City 23866, Taiwan (R.O.C.)","陳O鐘","02-268926892","02-26891445","有","有"
"36288837","19851203","20240629","臣億實業有限公司","ABLETO INDUSTRIAL CORPORATION","新北市新莊區新泰路361巷13號3樓","3 F., No. 13, Ln. 361, Xintai Rd., Xinzhuang Dist., New Taipei City 24242, Taiwan (R.O.C.)","","02-29959715","","無","無"
"36289250","19880212","20241225","三雨興業有限公司","YUEH JHR CO., LTD.","臺中市梧棲區草湳里港埠路一段627號1樓","1 F., No. 627, Sec. 1, Gangbu Rd., Caonan Vil., Wuqi Dist., Taichung City 435054, Taiwan (R.O.C.)","江O儀","02-28213969","","有","有"
"36289456","19880624","20230203","新粒子化工顏料股份有限公司","NEW PARTICLE CHEMICAL COLORS CORP.","新北市蘆洲區三民路195巷4號1樓","1 F., No. 4, Ln. 195, Sanmin Rd., Luzhou Dist., New Taipei City 247030, Taiwan (R.O.C.)","張O?銘","02-22826451","02-22820114","有","有"
"36289499","19950214","20210814","翰泰彩色印刷股份有限公司","HAN TAI GRAPHIC ARTS CO., LTD.","新北市三重區光復路1段54巷11號","No. 11, Ln. 54, Sec. 1, Guangfu Rd., Sanchong Dist., New Taipei City 24158, Taiwan (R.O.C.)","葉O偉","02-29951102","","有","有"
"36289688","19930514","20250327","雄建機械股份有限公司","KSC AUTOMOTIVE PRODUCTS CO.","新北市五股區成泰路3段543巷46號1樓","1 F., No. 46, Ln. 543, Sec. 3, Chengtai Rd., Wugu Dist., New Taipei City 248004, Taiwan (R.O.C.)","","02-2915-6522","02-2914-5560","無","無"
"36289940","20140318","20210813","南通金屬有限公司","NAN TUNG METALWARE LTD.","新北市三重區溪尾街126巷6號","No. 6, Ln. 126, Xiwei St., Sanchong Dist., New Taipei City 24152, Taiwan (R.O.C.)","余O錦春","02-22865636","02-22865698","有","有"
"36290094","19950829","20210813","新州企業有限公司","STARAIR CO., LTD.","新北市新莊區福營路153號","No. 153, Fuying Rd., Xinzhuang Dist., New Taipei City 24258, Taiwan (R.O.C.)","林O成","02-22095223","02-22095227","有","有"
"36290101","20141126","20240307","嵊家企業有限公司","SHENGJYA HOTBOX ENTERPRISE CO., LTD.","新北市三重區重陽路2段52巷87弄3號2樓","2 F., No. 3, Aly. 87, Ln. 52, Sec. 2, Chongyang Rd., Sanchong Dist., New Taipei City 24162, Taiwan (R.O.C.)","謝O雄","06-5790206","06-5790276","有","有"
"36290215","20000511","20210813","釗輝實業有限公司","CHAO-HWEI INDUSTRIAL CO., LTD.","新北市三重區中正北路315巷6弄85號","No. 85, Aly. 6, Ln. 315, Zhongzheng N. Rd., Sanchong Dist., New Taipei City 24157, Taiwan (R.O.C.)","許O川","02-29716301","02-29842554","有","有"
"36290329","20031216","20240717","九尚裕有限公司","GSS INDUSTRY CO., LTD.","新北市三重區光復路2段102巷35號5樓","5 F., No. 35, Ln. 102, Sec. 2, Guangfu Rd., Sanchong Dist., New Taipei City 241020, Taiwan (R.O.C.)","蕭O珍","02-2995-9136","02-2995-0309","無","無"
"36290355","20010522","20221108","千于彈簧機械有限公司","CHIEN YU SPRING MACHINE CO., LTD.","彰化縣彰化市延和里埔內街455巷61號","No. 61, Ln. 455, Punei St., Yanhe Vil., Changhua City, Changhua County 500024, Taiwan (R.O.C.)","廖O枝","04-7110277","04-7110710","有","有"
"36290550","19920326","20210813","泉宏實業股份有限公司","MAJESTIC SPRING ENTERPRISE CO., LTD.","新北市三重區新北大道2段139巷10號","No. 10, Ln. 139, Sec. 2, New Taipei Blvd., Sanchong Dist., New Taipei City 24158, Taiwan (R.O.C.)","吳O泉","02-29953315","","有","有"
"36290741","19980319","20230914","北新精密企業有限公司","BEST SHEEN CO., LTD.","新北市新莊區福營路165巷29號","No. 29, Ln. 165, Fuying Rd., Xinzhuang Dist., New Taipei City 242054, Taiwan (R.O.C.)","黃O華","02-22023198","02-22065922","有","有"
"36291045","20020419","20210811","舜立研磨材料行","SHUENN LIH GRIND MATERIAL TRADE CO.","新北市三重區仁愛街377巷49號4樓","4 F., No. 49, Ln. 377, Ren’ai St., Sanchong Dist., New Taipei City 24151, Taiwan (R.O.C.)","徐O慧","02-2989-6232","02-2984-1343","有","有"
"36291170","19941129","20210813","勤優實業有限公司","CHING YEOU INDUSTRY CO., LTD.","新北市新莊區化成路305之1號1、2、3、4樓","4 F., No. 305-1, Huacheng Rd., Xinzhuang Dist., New Taipei City 24253, Taiwan (R.O.C.)","何O梁","02-85218692","","有","有"
"36291657","19920812","20210813","適豐工業有限公司","SHYH FONG INDUSTRIAL CO., LTD.","新北市樹林區東順街57巷12號","No. 12, Ln. 57, Dongshun St., Shulin Dist., New Taipei City 23850, Taiwan (R.O.C.)","余O和","02-26835366","","有","有"
"36291880","19960130","20210813","敬富企業有限公司","ENHANCE WEALTH ENTERPRISE CO., LTD.","新北市泰山區德安街16號","No. 16, De’an St., Taishan Dist., New Taipei City 24355, Taiwan (R.O.C.)","黃O章","02-29019526","","有","有"
"36296359","19990118","20210813","震森機電工程有限公司","JENN SEN M&E CO., LTD.","新北市三重區中正北路428巷39號1、2樓","2 F., No. 39, Ln. 428, Zhongzheng N. Rd., Sanchong Dist., New Taipei City 24162, Taiwan (R.O.C.)","陳O頃","02-29850810","02-29806173","有","有"
"36297202","19860411","20210814","亮信工業股份有限公司","NEW LIANG HSIN INDUSTRIAL CO., LTD.","新北市蘆洲區長安街22巷27號2樓","2 F., No. 27, Ln. 22, Chang’an St., Luzhou Dist., New Taipei City 24764, Taiwan (R.O.C.)","陳O益","02-29815832-4","","有","有"
"36298672","19870320","20240320","嘉昌電緣股份有限公司","JIA CHANG ELECTRIC INSULATION INDUSTRIAL CO., LTD.","臺北市中山區松江路8號7樓之11","7 F.-11, No. 8, Songjiang Rd., Zhongshan Dist., Taipei City 104093, Taiwan (R.O.C.)","陳O嘉","02-26480915","02-26471321","有","有"
"36298791","20010403","20230111","沅展塑膠有限公司","YUAN JANV PLASTICS CO., LTD.","新北市新莊區新樹路234巷24號","No. 24, Ln. 234, Xinshu Rd., Xinzhuang Dist., New Taipei City 242064, Taiwan (R.O.C.)","施O埕","02-22028669","02-22041643","有","有"
"36299840","19981210","20210813","玄宇塑膠廠股份有限公司","SHYUAN YU PLASTIC FACTORY CO., LTD.","新北市蘆洲區正和街67號","No. 67, Zhenghe St., Luzhou Dist., New Taipei City 24757, Taiwan (R.O.C.)","林O銘","02-22813746","02-22828066","有","有"
"36299882","20161205","20210812","錦德端子有限公司","JINDER TERMINAL CO., LTD.","新北市五股區四維路一一八巷十弄二號","No. 2, Aly. 10, Ln. 118, Siwei Rd., Wugu Dist., New Taipei City 24874, Taiwan (R.O.C.)","李O清","02-29851486","02-29714130","有","有"
"36299996","19950330","20210813","樺記工業股份有限公司","HUA KEE INDUSTRIAL CORP.","新北市新莊區後港一路49巷5弄13號","No. 13, Aly. 5, Ln. 49, Hougang 1st Rd., Xinzhuang Dist., New Taipei City 24259, Taiwan (R.O.C.)","林O晋","03-3521555","03-3224261","有","有"
"36304111","19980706","20210814","凡隆實業有限公司","FARN LUNG INDUSTRIAL CO., LTD.","新北市五股區成泰路3段323號之1五樓","15 F., No. 323, Sec. 3, Chengtai Rd., Wugu Dist., New Taipei City 24841, Taiwan (R.O.C.)","陳O慶","02-22937015","02-22937016","有","有"
"36304787","19841227","20210815","新笙實業股份有限公司","HSIN SHEN INDUSTRIAL CO., LTD.","新北市三重區碧華街198號3樓","3 F., No. 198, Bihua St., Sanchong Dist., New Taipei City 24152, Taiwan (R.O.C.)","黃O才","02-28575577","02-29844377","有","有"
"36305511","19911219","20221227","慷嘉企業股份有限公司","CHIC STAR ENTERPRISE CO., LTD.","桃園市龜山區民生北路一段二巷二弄十七號","No. 17, Aly. 2, Ln. 2, Sec. 1, Minsheng N. Rd., Guishan Dist., Taoyuan City 333016, Taiwan (R.O.C.)","洪O均","03-3522713","","有","有"
"36305619","20060517","20210813","岱緯工業有限公司","DIVESSCOM INDUSTRY CO., LTD.","新北市三重區中正北路428巷42號","No. 42, Ln. 428, Zhongzheng N. Rd., Sanchong Dist., New Taipei City 24162, Taiwan (R.O.C.)","洪O評","02-29804985","02-29882683","有","有"
"36305809","19850129","20210813","堅益鋼模股份有限公司","HIGH MORALS STEEL MOLD CO., LTD.","新北市三重區中正北路430之11號","No. 430-11, Zhongzheng N. Rd., Sanchong Dist., New Taipei City 24157, Taiwan (R.O.C.)","劉O彰","02-29829548","","有","有"
"36306315","19950323","20210813","申普企業有限公司","NEW SAMPLE ENTERPRISE CO., LTD.","新北市樹林區俊興街210巷1號","No. 1, Ln. 210, Junxing St., Shulin Dist., New Taipei City 23866, Taiwan (R.O.C.)","張O溫","02-26892300","02-26889075","有","有"
"36306531","19851127","20230112","利誌電業有限公司","LIH TZU ELECTRIC CO., LTD.","新北市新莊區化成路二一五號","No. 215, Huacheng Rd., Xinzhuang Dist., New Taipei City 242041, Taiwan (R.O.C.)","張O池","02-29981083","02-29934709","無","無"
"36306547","19960106","20240326","順旗塑膠股份有限公司","BAKELAND PLASTICS CO., LTD.","桃園市大園區中山北路263之3號","No. 263-3, Zhongshan N. Rd., Dayuan Dist., Taoyuan City 33759, Taiwan (R.O.C.)","潘O芬","02-29944721","02-29923592","有","有"
"36307715","19850729","20240329","台灣伸侑股份有限公司","TAIWAN SHENG YEO INC.","新北市樹林區武林街8之1號","No. 8-1, Wulin St., Shulin Dist., New Taipei City 238036, Taiwan (R.O.C.)","王O清","02-26882318","02-26882329","有","有"
"36307898","20100518","20210813","朝萊工業股份有限公司","CHAOWRIGHT INDUSTRIAL CO., LTD.","新北市新莊區民安路429巷5號","No. 5, Ln. 429, Min’an Rd., Xinzhuang Dist., New Taipei City 24258, Taiwan (R.O.C.)","張O照","02-22203427","02-22042808","有","有"
"36307905","19851207","20210828","北西機械有限公司","WEST NORTH MACHINE WORKS LTD.","新北市新莊區新樹路302巷10號","No. 10, Ln. 302, Xinshu Rd., Xinzhuang Dist., New Taipei City 24262, Taiwan (R.O.C.)","吳O鶯","02-29956250","02-29956280","有","有"
"36308019","19990515","20210811","華美塑膠染料行","HUA MEI PLASTIC INDUSTRIAL DYESTUFF CO., LTD.","新北市蘆洲區３民路１９５巷４號２樓（現場僅供辦公室使用）","2 F., No. 4, Ln. 195, Luzhou Dist., New Taipei City 247, Taiwan (R.O.C.)","傅O梅","02-2282-9881","","有","有"
"36308123","19860331","20210815","暐昇製麵機有限公司","WEI SHENG NOODLE MAKING MACHINE CO., LTD.","新北市三重區中正北路394巷6弄14號","No. 14, Aly. 6, Ln. 394, Zhongzheng N. Rd., Sanchong Dist., New Taipei City 24157, Taiwan (R.O.C.)","陳O銘","02-29838322","","有","有"
"36308664","19980921","20210813","欣榮精密模具有限公司","TOP ACTIVE MANUFACTURING CO., LTD.","新北市樹林區中正路657巷14號","No. 14, Ln. 657, Zhongzheng Rd., Shulin Dist., New Taipei City 23868, Taiwan (R.O.C.)","吳O昌","02-26892009","02-26893134","有","有"
"36308735","19940622","20210815","全祥機械廠股份有限公司","CHYUAN-HSIANG MACHINERY FACTORY CO., LTD.","新北市新莊區瓊林南路101巷7號","No. 7, Ln. 101, Qionglin S. Rd., Xinzhuang Dist., New Taipei City 24263, Taiwan (R.O.C.)","王O恒","02-22027277","","有","有"
"36308828","19870119","20220509","元鐙金屬股份有限公司","YUAN DENG METALS INDUSTRIAL CO., LTD.","桃園市龜山區民生北路1段2巷3弄1號","No. 1, Aly. 3, Ln. 2, Sec. 1, Minsheng N. Rd., Guishan Dist., Taoyuan City 33391, Taiwan (R.O.C.)","洪O興","03-3176988","03-3177595","有","有"
"36308881","20080421","20210814","鉅豐銘板企業有限公司","CHI FONG NAMEPLATE ENTERPRISE CORP.","新北市三重區中興北街84號","No. 84, Zhongxing N. St., Sanchong Dist., New Taipei City 24158, Taiwan (R.O.C.)","吳O德","02-29952909","02-29953738","有","有"
"36309024","20000525","20210811","輝鴻寶石工廠","HUEI HORNG JEWELRY FACTORY","新北市蘆洲區和平路１０３號","No. 103, Heping Rd., Luzhou Dist., New Taipei City 24750, Taiwan (R.O.C.)","陳O賢","22816271","","有","有"
"36309158","20151030","20220402","鉅元實業有限公司","COLOSSAL WIN ENTERPRISE CO., LTD.","新北市三重區中正北路394巷3弄6號3樓","3 F., No. 6, Aly. 3, Ln. 394, Zhongzheng N. Rd., Sanchong Dist., New Taipei City 24157, Taiwan (R.O.C.)","許O翔","02-29886089","02-29803968","有","有"
"36309170","20101014","20210813","儀佳實業股份有限公司","YI CHIA FABRIC & GARMENT ENTERPRISE CORPORATION, LTD.","新北市三重區中興南街80巷14號1樓","1 F., No. 14, Ln. 80, Zhongxing S. St., Sanchong Dist., New Taipei City 24158, Taiwan (R.O.C.)","蕭O慧","02-29990331","02-29950054","有","有"
"36309256","20021004","20210811","成順食品行","CHERNG SHUENN FAT FACTORY","新北市新莊區化成路293巷40號","No. 40, Ln. 293, Huacheng Rd., Xinzhuang Dist., New Taipei City 24253, Taiwan (R.O.C.)","康O貴","02-85216884","02-85223581","有","有"
"36309299","19950912","20210812","成貴塑膠工業有限公司","CHERNG GUEY PLASTIC INDUSTRIAL CO., LTD.","新北市泰山區明志路1段122巷37號","No. 37, Ln. 122, Sec. 1, Mingzhi Rd., Taishan Dist., New Taipei City 24343, Taiwan (R.O.C.)","鄭O惠","02-29092576","02-29095311","有","有"
"36309376","19920707","20240905","溢垣實業有限公司","YIH YUAN ELECTRIC CO., LTD.","桃園市大園區環區西路561號五樓","5 F., No. 561, Huanqu W. Rd., Dayuan Dist., Taoyuan City 337001, Taiwan (R.O.C.)","許O輝","03-3226351","03-3520628","有","有"
"36309657","19850829","20210812","友量實業股份有限公司","INDEX MEASURING TAPE CO., LTD.","臺北市中山區合江街188巷3號","No. 3, Ln. 188, Hejiang St., Zhongshan Dist., Taipei City 10477, Taiwan (R.O.C.)","林O煌","02-29913379","02-29966316","有","有"
"36309707","20150105","20211127","華菱實業股份有限公司","HWA LIN KNITTING CO., LTD.","桃園市蘆竹區濱海里中圳街178號","No. 178, Zhongzun St., Luzhu Dist., Taoyuan City 33842, Taiwan (R.O.C.)","周O堂","03-4524088","03-4524090","有","有"
"36311289","19880712","20210812","東技企業股份有限公司","TOYO TECHNICAL CO., LTD.","臺北市大安區忠孝東路4段223巷45號4樓","4 F., No. 45, Ln. 223, Sec. 4, Zhongxiao E. Rd., Da’an Dist., Taipei City 10690, Taiwan (R.O.C.)","王O雲","02-87918588","02-87919588","有","有"
"36311632","19870114","20250505","鍠錩企業有限公司","HUANG JIANG ENTERPRISE CO., LTD.","新北市蘆洲區光復路70巷16號","No. 16, Ln. 70, Guangfu Rd., Luzhou Dist., New Taipei City 247033, Taiwan (R.O.C.)","王O霖","02-82856687","02-82856669","有","有"
"36312359","19891218","20230906","景運塑膠股份有限公司","JING YUN PLASTIC CO., LTD.","新北市樹林區備內街52號2樓","2 F., No. 52, Beinei St., Shulin Dist., New Taipei City 238009, Taiwan (R.O.C.)","陳O美","02-201-0705","","有","有"
"36312549","19940126","20210813","鉞昌五金有限公司","AEH FASTEN INDUSTRIES CO., LTD.","新北市新莊區瓊林南路118號之24","No. 118-24, Qionglin S. Rd., Xinzhuang Dist., New Taipei City 24263, Taiwan (R.O.C.)","黃O章","02-22064166","02-22040848","有","有"
"36312604","19890410","20210813","勤昌交通器材有限公司","HUNG FEI AUTO ACCESSORY CO., LTD.","新北市三重區仁華街80巷22弄3號1、2樓","2 F., No. 3, Aly. 22, Ln. 80, Renhua St., Sanchong Dist., New Taipei City 24153, Taiwan (R.O.C.)","李O嬌","02-29876916","","有","有"
"36312652","19920221","20210813","富頌機械鋼模股份有限公司","FUSSON MACHINERY & TOOL CO., LTD.","新北市三重區光復路2段178號之1","No. 178-1, Sec. 2, Guangfu Rd., Sanchong Dist., New Taipei City 24158, Taiwan (R.O.C.)","姚O一","02-2995-5010","02-29955396","有","有"
"36312837","20091207","20210813","順鋒科技有限公司","LUNAR TECHNOLOGY CO., LTD.","新北市三重區興德路123之2號11樓","11 F., No. 123-2, Xingde Rd., Sanchong Dist., New Taipei City 24158, Taiwan (R.O.C.)","謝O寶彩","02-8282-7502","02-2289-2338","有","有"
"36313441","19880411","20210814","世友化工有限公司","SHYEOU CHEMICAL CO., LTD.","新北市新莊區中正路855巷7弄5號1樓","1 F., No. 5, Aly. 7, Ln. 855, Zhongzheng Rd., Xinzhuang Dist., New Taipei City 24261, Taiwan (R.O.C.)","李O淳","02-29026648","","有","有"
"36316806","19930407","20230609","裝甲鋼帶工業有限公司","ARMOR STEEL CO., LTD.","桃園市龍潭區九龍里中興路九龍段66號之3","No. 66-3, Sec. Jiulong, Zhongxing Rd., Jiulong Vil., Longtan Dist., Taoyuan City 325009, Taiwan (R.O.C.)","謝O期","03-3247777","03-3241100","有","有"
"36317164","20031024","20211119","親協企業有限公司","CHIN HSIEN SCRAPIRON CO., LTD.","新北市三重區中正北路361之7號11樓","11 F., No. 361-7, Zhongzheng N. Rd., Sanchong Dist., New Taipei City 24157, Taiwan (R.O.C.)","王O生","02-2981-5544","","有","有"
"36317185","19910325","20220428","舜翔鋼模有限公司","SHUEN SHYANG STEEL PATTERN CO., LTD.","新北市新莊區中華路1段116巷11號5樓","5 F., No. 11, Ln. 116, Sec. 1, Zhonghua Rd., Xinzhuang Dist., New Taipei City 24243, Taiwan (R.O.C.)","傅O源","02-29933959","","有","有"
"36317452","19910823","20230425","新隆企業社","HSING LORNG ENTERPRISE CO.","新北市三重區正義北路338巷45號(1樓)","1 F., No. 45, Ln. 338, Zhengyi N. Rd., Sanchong Dist., New Taipei City 241045, Taiwan (R.O.C.)","陳O發","02-29819690","","有","有"
"36317973","19930927","20210813","召全機械興業有限公司","JAW CHUANG MACHINERY CO., LTD.","新北市新莊區雙鳳路73巷18號","No. 18, Ln. 73, Shuangfeng Rd., Xinzhuang Dist., New Taipei City 24256, Taiwan (R.O.C.)","李O忠","02-29066838","","有","有"
"36318419","20020823","20210814","昱權工業有限公司","YUH CHUAN INDUSTRIAL CO., LTD.","新北市新莊區化成路349巷13號1樓","1 F., No. 13, Ln. 349, Huacheng Rd., Xinzhuang Dist., New Taipei City 24253, Taiwan (R.O.C.)","劉O宗","02-85217951","02-85217950","有","有"
"36318494","20000706","20230628","宇穗工業有限公司","YUE SUEY CO., LTD.","新北市三重區中正北路508巷11號1樓","1 F., No. 11, Ln. 508, Zhongzheng N. Rd., Sanchong Dist., New Taipei City 241027, Taiwan (R.O.C.)","許O敏","29716749","29892089","有","有"
"36319156","19910621","20210813","和新肩墊股份有限公司","HER SHIN SHOULDER PAD CO., LTD.","新北市新莊區新泰路478號16樓","16 F., No. 478, Xintai Rd., Xinzhuang Dist., New Taipei City 24242, Taiwan (R.O.C.)","黃O順","02-2989-2525","02-2985-5783","有","有"
"36319254","19850807","20230722","宏塑工業股份有限公司","FORE SHOT INDUSTRIAL CORPORATION","桃園市大園區內海村13鄰民權路7-1號","No. 7-1, Minquan Rd., 13th Neighborhood, Neihai Vil., Dayuan Dist.,  Taoyuan City , Taiwan (R.O.C.)","高O春","03-3866231-2","03-3866307","有","有"
"36319304","19860505","20250205","弘振企業股份有限公司","OUPIIN ENTERPRISE CO., LTD.","桃園市八德區大發里和成路20號","No. 20, Hecheng Rd., Dafa Vil., Bade Dist., Taoyuan City 334031, Taiwan (R.O.C.)","陳O科","03-365-5030-3","03-368-4728","有","有"
"36319331","19861008","20210814","侑能工業股份有限公司","YEUNON INDUSTRIAL CORP.","新北市新莊區化成路476巷3、5號","No. 5, Ln. 476, Huacheng Rd., Xinzhuang Dist., New Taipei City 24252, Taiwan (R.O.C.)","陳O宏","02-29919986","","有","有"
"36319352","19970425","20210813","北程企業有限公司","PEI CHERN ENTERPRISE CO., LTD.","新北市泰山區新北大道7段32巷16號","No. 16, Ln. 32, Sec. 7, New Taipei Blvd., Taishan Dist., New Taipei City 24392, Taiwan (R.O.C.)","吳O","02-29049791","","有","有"
"36319640","19850724","20210814","圜達實業股份有限公司","DIPTRONICS MANUFACTURING INC.","新北市五股區五工三路110號","No. 110, Wugong 3rd Rd., Wugu Dist., New Taipei City 24889, Taiwan (R.O.C.)","林O埼","02-22980899","02-22980866","有","有"
"36319753","19960808","20210812","漢鋒實業有限公司","HAND FONG INDUSTRY CO., LTD.","新北市三重區中正北路315巷6弄20號","No. 20, Aly. 6, Ln. 315, Zhongzheng N. Rd., Sanchong Dist., New Taipei City 24157, Taiwan (R.O.C.)","徐O斌","02-29847157","","有","有"
"36319894","19950720","20221126","協怡精密工業股份有限公司","HSIEH PRECISIONAL INDUSTRIAL CO., LTD.","新北市三重區中正北路560巷37弄2號","No. 2, Aly. 37, Ln. 560, Zhongzheng N. Rd., Sanchong Dist., New Taipei City 241027, Taiwan (R.O.C.)","盧O辰","02-29815064","02-29809071","有","有"
"36320288","19960812","20240305","良府鑄造有限公司","GOOD HOUSE FOUNDRY CO., LTD.","新北市新莊區環漢路3段526號","No. 526, Sec. 3, Huanhan Rd., Xinzhuang Dist., New Taipei City 24262, Taiwan (R.O.C.)","黃O舜","02-22010666","02-22018766","有","有"
"36320533","19851012","20221005","亨太實業股份有限公司","REGISTERPRINT INC.","新北市新莊區福營路165巷57弄11號","No. 11, Aly. 57, Ln. 165, Fuying Rd., Xinzhuang Dist., New Taipei City 242054, Taiwan (R.O.C.)","李O夏","02-29015960","02-29018329","有","有"
"36320695","20070911","20230111","財麗金屬工業股份有限公司","CAI LI METAL INDUSTRY LTD.","桃園市新屋區槺榔里7鄰上槺榔23號","No. 23, Shangkanglang, 7th Neighborhood, Xinwu Dist.,  Taoyuan City 327, Taiwan (R.O.C.)","王O明","03-4760532","03-4760531","有","有"
"36351015","19990316","20220311","家得鋼鐵股份有限公司","JIA DER IRON & STEEL CO., LTD.","新北市五股區五工三路116巷11號","No. 11, Ln. 116, Wugong 3rd Rd., Wugu Dist., New Taipei City 24889, Taiwan (R.O.C.)","謝O風","02-22814146","","有","有"
"36351107","19851209","20231227","浩倫企業有限公司","HAW LUEN ENTERPRISE CO.,  LTD.","新北市新莊區五權二路22號3樓之6","3F.-6, No. 22, Wuquan 2nd Rd., Xinzhuang Dist., New Taipei City 24892, Taiwan (R.O.C.)","張O榕","02-22999123","02-22999128","有","有"
"36351140","19850709","20230622","天得科技股份有限公司","TEND TECHNOLOGY CO., LTD.","新北市三重區三和路4段103之1號10樓","10 F., No. 103-1, Sec. 4, Sanhe Rd., Sanchong Dist., New Taipei City 241080, Taiwan (R.O.C.)","陳O昌","(02)2287-9111","(02)2287-9119","有","有"
"36351269","19920214","20210813","彰竹企業股份有限公司","JANG JWU ENTERPRISE CO., LIMITED","新北市五股區五工三路106巷5號","No. 5, Ln. 106, Wugong 3rd Rd., Wugu Dist., New Taipei City 24889, Taiwan (R.O.C.)","劉O山","02-22992528","02-22993215","有","有"
"36351444","20061120","20210812","千紡花邊織帶廠","CHIEN FON LACE FACTORY","新北市五股區四維路３０巷３６弄５號","No. 5, Aly. 36, Ln. 30, Siwei Rd., Wugu Dist., New Taipei City 24874, Taiwan (R.O.C.)","蔡O立","02-29829496","02-29833562","有","有"
"36352112","19851011","20230323","顯隆機械股份有限公司","ASLI MECHANICAL CO., LTD.","新北市五股區五權路2之1號8樓","8 F., No. 2-1, Wuquan Rd., Wugu Dist., New Taipei City 248016, Taiwan (R.O.C.)","王O雯","02-2290-2211","02-6625-0988","有","有"
"36352696","20031003","20210811","建豊西葯房","JIAN FENNG CO.","新北市新莊區中正路新建巷１２號１Ｆ","No. 12, Xinjian Ln., Zhongzheng Rd., Xinzhuang Dist., New Taipei City 24260, Taiwan (R.O.C.)","瞾O桃","02-2903-0810","","有","有"
"36352979","19920711","20210813","金歐有限公司","CHIN OU CO., LTD.","新北市三重區中華路70號","No. 70, Zhonghua Rd., Sanchong Dist., New Taipei City 24161, Taiwan (R.O.C.)","歐O國","02-29863116","02-29853126","有","有"
"36353442","20080213","20210814","隆怡科技股份有限公司","LOONG YEE TECHNOLOGIES CO., LTD.","新北市五股區中興路2段110號1、2樓","2 F., No. 110, Sec. 2, Zhongxing Rd., Wugu Dist., New Taipei City 24873, Taiwan (R.O.C.)","陳O佑","02-29804861","02-29888671","有","有"
"36353554","19971110","20210813","允漢興業股份有限公司","METALKING CO., LTD.","新北市蘆洲區復興路233號4樓","4 F., No. 233, Fuxing Rd., Luzhou Dist., New Taipei City 24754, Taiwan (R.O.C.)","黃O煌","","","有","有"
"36353745","19940831","20221126","偉堡塑膠股份有限公司","WEY BAO PLASTICS CO., LTD.","臺北市大安區仁愛路3段43號7樓","7 F., No. 43, Sec. 3, Ren’ai Rd., Da’an Dist., Taipei City 106088, Taiwan (R.O.C.)","王O明","02-25565720","02-25558894","有","有"
"36354110","19850429","20210813","凱堡有限公司","CAPOTER & TOP CO., LTD.","臺北市內湖區民權東路6段272號5樓","5 F., No. 272, Sec. 6, Minquan E. Rd., Neihu Dist., Taipei City 11483, Taiwan (R.O.C.)","劉O","02-26329332","","有","有"
"36354202","20000721","20210815","小牧童服裝有限公司","LITTLE COW BOY CLOTHING CO., LTD.","新北市三重區福德北路30號5樓","5 F., No. 30, Fude N. Rd., Sanchong Dist., New Taipei City 24148, Taiwan (R.O.C.)","王O裕","02-29756769","29732077","無","無"
"36354343","20000413","20221217","騰煒科技股份有限公司","TENG-WEI TECHNOLOGY CO., LTD.","桃園市大園區南港里11鄰長發一路237號","No. 237, Changfa 1st Rd., 11th Neighborhood, Nangang Vil., Dayuan Dist., Taoyuan City 337008, Taiwan (R.O.C.)","林O瓊裡","886-3-3869366","886-3-3860673","有","有"
"36354792","19850521","20241231","臺灣可望企業有限公司","LOBURN TAIWAN CO., LTD.","新北市三重區重安街39之5號6樓之1","6F.-1, No. 39-5, Chong’an St., Sanchong Dist., New Taipei City 24143, Taiwan (R.O.C.)","","02-29853111","","無","無"
"36355595","19970605","20230517","凱明精密股份有限公司","COMING PRECISION CO., LTD.","新北市新莊區建國一路310號7樓","7 F., No. 310, Jianguo 1st Rd., Xinzhuang Dist., New Taipei City 242047, Taiwan (R.O.C.)","林O宏","02-22023646","02-22022638","有","有"
"36355624","19901102","20210813","勵鑫工業有限公司","NEW LI HSIN INDUSTRIAL CO., LTD.","新北市五股區五權五路25號","No. 25, Wuquan 5th Rd., Wugu Dist., New Taipei City 24888, Taiwan (R.O.C.)","吳O穎","02-29934280","","有","有"
"36356258","20100916","20230111","今維工業有限公司","KINGWAY AUTOPARTS CO., LTD.","新北市新莊區中正路61巷4號","No. 4, Ln. 61, Zhongzheng Rd., Xinzhuang Dist., New Taipei City 242008, Taiwan (R.O.C.)","廖O欽","02-29918845","02-29933362","有","有"
"36356341","20050421","20210811","信成研磨材料行","XIN CHENG GRINDING MATERIALS COMPANY","新北市三重區三和路１段２９號１樓","1 F., No. 29, Sec. 1, Sanhe Rd., Sanchong Dist., New Taipei City 24148, Taiwan (R.O.C.)","黃O勳","02-29732273","02-29731302","有","有"
"36356932","19850620","20211109","閎貿有限公司","PHON MARKS CO., LTD.","新北市三重區中正北路532號5樓","5 F., No. 532, Zhongzheng N. Rd., Sanchong Dist., New Taipei City 24157, Taiwan (R.O.C.)","蘇O正","02-29818712","02-29818713","有","有"
"36357670","20051104","20221201","名鍠企業有限公司","MING HUANG BUSINESS CORP.","新北市樹林區保安街2段337巷8弄12號4樓","4 F., No. 12, Aly. 8, Ln. 337, Sec. 2, Bao’an St., Shulin Dist., New Taipei City 238024, Taiwan (R.O.C.)","郭O鍠","02-2202-6203","02-2202-8654","有","有"
"36357714","20241211","20241211","大金水果行","DAJING fruits Company","新北市三重區中正北路111號","No. 111, Zhongzheng N. Rd., Sanchong Dist., New Taipei City 241037, Taiwan (R.O.C.)","蔡O炫","093563884","02-28323183","有","有"
"36357762","19920817","20210813","威綸工業有限公司","WELONGTAP INC.","新北市三重區自強路4段3巷24號1樓","1 F., No. 24, Ln. 3, Sec. 4, Ziqiang Rd., Sanchong Dist., New Taipei City 24155, Taiwan (R.O.C.)","陳O屘","02-22863186","","有","有"
"36357799","20041228","20210812","泉億五金廠","CHUAN YIH HARDWARE FACTORY","新北市新莊區化成路２６７巷６號","No. 6, Ln. 267, Huacheng Rd., Xinzhuang Dist., New Taipei City 24252, Taiwan (R.O.C.)","陳O德","02-2291-2262","02-2292-0415","有","有"
"36357849","20010824","20210815","錢隴工業股份有限公司","CHIEN LUNG INDUSTRY CO., LTD.","新北市新莊區後港一路56巷4號2樓","2 F., No. 4, Ln. 56, Hougang 1st Rd., Xinzhuang Dist., New Taipei City 24259, Taiwan (R.O.C.)","莊O安","02-2299-1566","","有","有"
"36358592","20110721","20210812","高恒紡織企業有限公司","KAO HENG WEAVING ENTERPRISE CO., LTD.","新北市泰山區明志路二段二一四巷一六弄四一號一樓","1 F., No. 41, Aly. 16, Ln. 214, Sec. 2, Mingzhi Rd., Taishan Dist., New Taipei City 24356, Taiwan (R.O.C.)","李O村","02-22964026","02-22967803","有","有"
"36358827","20101101","20230525","永霖實業有限公司","YUNG LIN ACRYLIC CO., LTD.","新北市三重區光華路26號(1樓)","1 F., No. 26, Guanghua Rd., Sanchong Dist., New Taipei City 241022, Taiwan (R.O.C.)","賴O麗","02-29952062","02-29952051","有","有"
"36358880","19980115","20240614","璋鑫機械工業有限公司","CHANG HSIN MACHINE INDUSTRIAL CO., LTD.","新北市三重區中正北路428巷7弄39號","No. 39, Aly. 7, Ln. 428, Zhongzheng N. Rd., Sanchong Dist., New Taipei City 24162, Taiwan (R.O.C.)","張O華","02-29815955","","有","有"
"36358925","20050217","20210813","銓杉企業股份有限公司","CHUAN SHAN ENTERPRISE CORP.","新北市新莊區五權一路5號6樓之9","6F.-9, No. 5, Wuquan 1st Rd., Xinzhuang Dist., New Taipei City 24892, Taiwan (R.O.C.)","曾O琴","02-85121997","02-85121675","有","有"
"36359229","20021009","20210811","信興水果行","XINXING CO.","新北市三重區中正北路１１１號１樓（第２３１號分貨場）","1 F., No. 111, Zhongzheng N. Rd., Sanchong Dist., New Taipei City 24141, Taiwan (R.O.C.)","丁O凱","02-29803785","","有","有"
"36359570","19990927","20210812","乾升企業有限公司","CHEN SHEN ENTERPRISE CO., LTD.","新北市新莊區化成路三二五巷二一號","No. 21, Ln. 325, Huacheng Rd., Xinzhuang Dist., New Taipei City 24253, Taiwan (R.O.C.)","邱O驊","(02)8521-8576","(02)8521-5954","有","有"
"36359641","20060227","20210812","易美服裝有限公司","YI-MEI FASHION CO., LTD.","新北市三重區仁義街8號10號5樓","5 F., No. 8, Renyi St., Sanchong Dist., New Taipei City 24150, Taiwan (R.O.C.)","林O成","02-29755779","02-29736600","有","有"
"36359776","20071015","20250529","懿泰企業有限公司","YIH THAI ENTERPRISE CO., LTD.","桃園市中壢區興和里新生路三段25之1號","No. 25-1, Sec. 3, Xinsheng Rd., Xinghe Vil., Zhongli Dist., Taoyuan City 320016, Taiwan (R.O.C.)","李O鴻","03-4533266","03-4533269","有","有"
"36359852","19890306","20210813","友盟工業有限公司","YUNG MENG INDUSTRIAL CO., LTD.","新北市五股區中興路1段118巷6弄28號","No. 28, Aly. 6, Ln. 118, Sec. 1, Zhongxing Rd., Wugu Dist., New Taipei City 24872, Taiwan (R.O.C.)","李O真","02-29832689","02-29801470","有","有"
"36359902","20090907","20210811","台吉水果行","TAIGI FRUITS CO.","新北市三重區中正北路１１１號１樓","1 F., No. 111, Zhongzheng N. Rd., Sanchong Dist., New Taipei City 24141, Taiwan (R.O.C.)","林O玟","02-27203476","02-27297005","有","有"
"36360197","19880719","20210815","弘騰工業股份有限公司","FONTON INDUSTRIAL CO., LTD.","新北市五股區五權七路61號","No. 61, Wuquan 7th Rd., Wugu Dist., New Taipei City 24890, Taiwan (R.O.C.)","張O隆","02-22901666","02-22982233","有","有"
"36360400","20060816","20210813","儀順企業有限公司","YI SHUN MOLDING INDUSTRIAL CO., LTD.","新北市三重區自強路3段87巷16號","No. 16, Ln. 87, Sec. 3, Ziqiang Rd., Sanchong Dist., New Taipei City 24154, Taiwan (R.O.C.)","朱O儀","02-22861321","02-22876809","有","有"
"36360577","19971203","20210813","立進興業有限公司","LI JUMP ENTERPRISE CO., LTD.","桃園市楊梅區三湖里楊湖路1段682號","No. 682, Sec. 1, Yanghu Rd., Sanhu Vil., Yangmei Dist., Taoyuan City 32662, Taiwan (R.O.C.)","徐O川","03-4850255","03-4850070","有","有"
"36360886","20020924","20210812","順泰水果行","SHUNTAE CO.","新北市三重區中正北路111號","No. 111, Zhongzheng N. Rd., Sanchong Dist., New Taipei City 24141, Taiwan (R.O.C.)","鄭O義","02-29821638","","有","有"
"36360909","19980810","20210813","美光產業有限公司","MAY KUANG INNDUSTRIAL CO., LTD.","新北市三重區仁義街167巷35號1樓","1 F., No. 35, Ln. 167, Renyi St., Sanchong Dist., New Taipei City 24151, Taiwan (R.O.C.)","王O臻","02-22819586","02-22828616","有","有"
"36361055","19920709","20230317","峻光企業有限公司","GEKUANG ENTERPRISE CO., LTD.","新北市新莊區中原路277號2樓","2 F., No. 277, Zhongyuan Rd., Xinzhuang Dist., New Taipei City 242026, Taiwan (R.O.C.)","楊O閔","02-22990809","","有","有"
"36361169","20140326","20210813","紘聖五金有限公司","HONG SHENG HARDWARE CO., LTD.","新北市三重區大勇街82巷15弄9號","No. 9, Aly. 15, Ln. 82, Dayong St., Sanchong Dist., New Taipei City 24156, Taiwan (R.O.C.)","黃O仁","02-29822157","02-29825893","有","有"
"36361175","19870110","20210814","上藝工業股份有限公司","SUN YIEH INDUSTRIAL CO., LTD.","桃園市龜山區大華里文化五路109號1樓","1 F., No. 109, Wenhua 5th Rd., Dahua Vil., Guishan Dist., Taoyuan City 33376, Taiwan (R.O.C.)","王O成","02-26089982#302","02-26089983","有","有"
"36361484","19880408","20210814","達俐精密工業股份有限公司","TARELEEH PRECISION INDUSTRIAL CO., LTD.","新北市新莊區雙鳳路73巷26號","No. 26, Ln. 73, Shuangfeng Rd., Xinzhuang Dist., New Taipei City 24261, Taiwan (R.O.C.)","陳O沺","02-29034171","","有","有"
"36361800","19850713","20210813","助晟貿易有限公司","POLYFAN TRADING CO., LTD.","新北市八里區忠孝路368號(1樓)","1 F., No. 368, Zhongxiao Rd., Bali Dist., New Taipei City 24944, Taiwan (R.O.C.)","范O樹","02-26107722","02-86302000","有","有"
"36361914","20180122","20210813","中荃實業股份有限公司","PILOT CAPTAIN CO., LTD.","新北市三重區重陽路2段45號","No. 45, Sec. 2, Chongyang Rd., Sanchong Dist., New Taipei City 24141, Taiwan (R.O.C.)","陳O圖","02-89883031","02-89816551","有","有"
"36362076","19871014","20220111","金環照明股份有限公司","CHING YUAN LIGHTING CO., LTD.","新北市新莊區新泰路502巷42弄10號","No. 10, Aly. 42, Ln. 502, Xintai Rd., Xinzhuang Dist., New Taipei City 24242, Taiwan (R.O.C.)","柯O金","02-29050669","","有","有"
"36362168","19880509","20221117","徠利精密工業股份有限公司","LAI LI PRECISION INDUSTRIAL CO., LTD.","新北市新莊區福前街135巷63號3樓","3 F., No. 63, Ln. 135, Fuqian St., Xinzhuang Dist., New Taipei City 242042, Taiwan (R.O.C.)","章O梅","02-29979277","","有","有"
"36362218","19920615","20250510","逸燿企業有限公司","GOOD BRIGHT COMPANY LTD.","桃園市桃園區永安里力行路5號7樓之2","7 F.-2, No. 5, Lixing Rd., Yong’an Vil., Taoyuan Dist., Taoyuan City 330060, Taiwan (R.O.C.)","","02-29033298","","無","無"
"36362370","19921208","20210813","正義防水塗料工程有限公司","JENO YIH WATERPROOFING COATING MFG. CO., LTD.","新北市蘆洲區民族路302號3樓","3 F., No. 302, Minzu Rd., Luzhou Dist., New Taipei City 24742, Taiwan (R.O.C.)","吳O椿","02-22851379","02-22826262","有","有"
"36362603","19850729","20210815","鴻鵬工藝廠有限公司","PRO ORNAMENTS MANUFACTURING CORP.","新北市五股區中興路1段95巷26號2樓","2 F., No. 26, Ln. 95, Sec. 1, Zhongxing Rd., Wugu Dist., New Taipei City 24872, Taiwan (R.O.C.)","江O諭","02-29887689","","有","有"
"36362723","19861224","20210813","蓮昌機械有限公司","HUNG CHANG MACHINERY WORKS LTD.","新北市三重區中正北路560巷53號","No. 53, Ln. 560, Zhongzheng N. Rd., Sanchong Dist., New Taipei City 24157, Taiwan (R.O.C.)","王O昌","02-29829044","","有","有"
"36362934","20060518","20230501","民興工業有限公司","MIN SING INDUSTRY CO., LTD.","新北市蘆洲區三民路一三三號一樓","1 F., No. 133, Sanmin Rd., Luzhou Dist., New Taipei City 247010, Taiwan (R.O.C.)","葉O志","02-22820435","02-22833358","無","無"
"36363130","19960821","20210813","富盛塑膠有限公司","FUH CHERNG PLASTIC CO., LTD.","新北市三重區長壽街120巷79號","No. 79, Ln. 120, Changshou St., Sanchong Dist., New Taipei City 24148, Taiwan (R.O.C.)","邱O盛","02-29951066","02-29999392","有","有"
"36363217","19910720","20221024","魏林興業股份有限公司","WILLIANA INDUSTRY CO., LTD.","臺北市士林區文林路289號1樓","1 F., No. 289, Wenlin Rd., Shilin Dist., Taipei City 111012, Taiwan (R.O.C.)","魏O智","03-3972211","03-3288993","無","無"
"36363357","19920326","20210814","麗群藝品材料有限公司","PLUS MINUS CO., LTD.","新北市三重區三和路4段292巷3號1樓","1 F., No. 3, Ln. 292, Sec. 4, Sanhe Rd., Sanchong Dist., New Taipei City 24154, Taiwan (R.O.C.)","黃O勝","02-22879420","02-22860153","有","有"
"36363384","19881208","20240521","璟揚實業股份有限公司","GIN YOUNG ENTERPRISE CO., LTD.","新北市三峽區正義街79號","No. 79, Zhengyi St., Sanxia Dist., New Taipei City 237001, Taiwan (R.O.C.)","林O峯","02-26722305","","有","有"
"36363618","20031128","20210815","育逸企業有限公司","YWU-YI ENTERPRISE CO., LTD.","新北市五股區四維路155巷36弄23號","No. 23, Aly. 36, Ln. 155, Siwei Rd., Wugu Dist., New Taipei City 24874, Taiwan (R.O.C.)","黃O逸","02-8952-2667","02-8982-2672","有","有"
"36404287","20060113","20210811","星光電線加工實業社","HSIN KUO WIRE INDUSTRIAL CO.","桃園市平鎮區湧安里頂好街５３巷２０號１樓","1 F., No. 20, Ln. 53, Dinghao St., Yong’an Vil., Pingzhen Dist., Taoyuan City 32460, Taiwan (R.O.C.)","吳O秀","03-4699100","03-4691454","有","有"
"36404300","20181019","20210811","富源精鑽實業社","fuhyuan precise machine co.","桃園市蘆竹區長興里南崁路2段402巷2弄1號","No. 1, Aly. 2, Ln. 402, Sec. 2, Nankan Rd., Changxing Vil., Luzhu Dist., Taoyuan City 33855, Taiwan (R.O.C.)","黃O斌","03-2122497","03-2129961","有","有"
"36408571","20170420","20210811","統領戲院","GOVERNOR CINEMA","桃園市桃園區武陵里中正路56號3、5樓","5 F., No. 56, Zhongzheng Rd., Wuling Vil., Taoyuan Dist., Taoyuan City 33041, Taiwan (R.O.C.)","陳O松","03-3329398","02-23714855","有","有"
"36408930","20130620","20211225","永大企業社","ALWAYS GREAT COMPANY","桃園市平鎮區新榮里新德街251號3樓","3 F., No. 251, Xinde St., Xinrong Vil., Pingzhen Dist., Taoyuan City 32443, Taiwan (R.O.C.)","吳O貞","03-4920732","03-4920805","有","有"
"36419985","20010720","20230123","昇宏桶行","HORNG DRUM STORE","桃園市桃園區會稽里寶山街３１０巷７號１樓","1 F., No. 7, Ln. 310, Baoshan St., Huiji Vil., Taoyuan Dist., Taoyuan City 330054, Taiwan (R.O.C.)","李O珍","03-32355233","03-3235261","無","無"
"36421666","20041022","20240810","宏華企業行","HONG HUA ENTERPRISE CO.","桃園市觀音區崙坪里崙坪三路6號(1樓)","1 F., No. 6, Lunping 3rd Rd., Lunping Vil., Guanyin Dist., Taoyuan City 32846, Taiwan (R.O.C.)","簡O華","03-3866787","","有","有"
"36422068","20240418","20240418","力行廣告社","Lihshyng Company","桃園市桃園區中德里國際路一段138號(1樓)","1 F., No. 138, Sec. 1, Guoji Rd., Zhongde Vil., Taoyuan Dist., Taoyuan City 330041, Taiwan (R.O.C.)","李O池","03-3792732","03-3792754","有","有"
"36424381","19980518","20240517","巧特紗行","CHIAU TER GAUZE CO.","桃園市桃園區西埔里富國路６８１巷１９弄３０號","No. 30, Aly. 19, Ln. 681, Fuguo Rd., Xipu Vil., Taoyuan Dist., Taoyuan City 33046, Taiwan (R.O.C.)","蔡O燁","03-4972701","","有","有"
"36424919","19990104","20210812","信華工業社","SINN HWA INDUSTRIAL CO.","桃園市八德區瑞豐里友聯街５０號","No. 50, Youlian St., Ruifeng Vil., Bade Dist., Taoyuan City 33449, Taiwan (R.O.C.)","翁O華","03-3653655","03-3685230","有","有"
"36426873","20171226","20210812","通泰工業社","TUNG TAI MOLD INDUSTRIAL CO.","桃園市大園區田心里大觀路356號","No. 356, Daguan Rd., Tianxin Vil., Dayuan Dist., Taoyuan City 33753, Taiwan (R.O.C.)","戴O鎮","03-3865819","03-3861086","有","有"
"36428345","20050222","20210813","富菱工業有限公司","FULL-LEAD INDUSTRIAL CO., LTD.","桃園市桃園區新埔里慈文路20號八樓之1","8F.-1, No. 20, Ciwen Rd., Xinpu Vil., Taoyuan Dist., Taoyuan City 33047, Taiwan (R.O.C.)","顏O倫","03-3134221","03-3134220","有","有"
"36432137","20010326","20221204","陽明企業社","YAO MEI ENTERPRISE CO.","桃園市平鎮區平南里中豐路南勢二段262巷6號1樓","1 F., No. 6, Ln. 262, Nanshi Sec. 2, Zhongfeng Rd., Pingnan Vil., Pingzhen Dist., Taoyuan City 324032, Taiwan (R.O.C.)","莊O彰","03-4583136","","無","無"
"36432827","20060102","20230706","圓隴鋼模企業社","YUAN LONG STEEL MOLD CO.","桃園市龜山區南上里民生北路一段２巷４弄６號","No. 6, Aly. 4, Ln. 2, Sec. 1, Minsheng N. Rd., Nanshang Vil., Guishan Dist., Taoyuan City 333016, Taiwan (R.O.C.)","邱O諭","","","有","有"
"36437421","20020220","20210811","今馨企業社","BARON MANUFACTURING CO.","桃園市蘆竹區五福里五福一路５０巷３４號１樓","1 F., No. 34, Ln. 50, Wufu 1st Rd., Wufu Vil., Luzhu Dist., Taoyuan City 33850, Taiwan (R.O.C.)","涂O財","03-3122890","03-3122892","有","有"
"36446343","20160129","20210811","合億企業社","HOYIYI INTERNATIONAL TRADE CO.","桃園市大園區和平里14鄰和平西路二段12號1樓","1 F., No. 12, Sec. 2, Heping W. Rd., 14th Neighborhood, Heping Vil., Dayuan Dist., Taoyuan City 33742, Taiwan (R.O.C.)","陳O煌","03-3866880","03-3854400","有","有"
"36449427","20120208","20210812","再進企業社","ZAI TAN ENTERPRISE CO.","桃園市八德區廣德里大勤街六九巷十六弄十四號一樓","1 F., No. 14, Aly. 16, Ln. 69, Daqin St., Guangde Vil., Bade Dist., Taoyuan City 33451, Taiwan (R.O.C.)","盧O琴","03-3656151-3","03-3656154","有","有"
"36451788","20240604","20240604","中興隱形眼鏡行","SUNRISE EYEWEAR Store","桃園市桃園區武陵里民生路45號1樓","1 F., No. 45, Minsheng Rd., Wuling Vil., Taoyuan Dist., Taoyuan City 330002, Taiwan (R.O.C.)","施O行","03-3362022","","有","有"
"36454053","20110930","20230123","誼興室內裝修工程行","YI SING INTERIOR ENGINEERING CONSTRUCTION COMPANY","桃園市八德區茄明里中華路８２號１樓","1 F., No. 82, Zhonghua Rd., Jiaming Vil., Bade Dist., Taoyuan City 334024, Taiwan (R.O.C.)","邱O福","03-3691973","03-3691973","無","無"
"36456257","20020724","20210811","勝山行","SIANT SHAN CO.","桃園市桃園區永安里埔新路16號1樓","1 F., No. 16, Puxin Rd., Yong’an Vil., Taoyuan Dist., Taoyuan City 33054, Taiwan (R.O.C.)","王O榮","03-3333040","","有","有"
"36461195","20030317","20240117","林口氣體行","LIN KOU GAS CO.","桃園市龜山區大坑里員林坑路939之2號","No. 939-2, Yuanlinkeng Rd., Dakeng Vil., Guishan Dist., Taoyuan City 333015, Taiwan (R.O.C.)","蔡O俊","03-328-2610","03-327-8230","有","有"
"36461364","20060630","20210811","東億鐵工廠","TUNG YIH FACTORY","桃園市桃園區中山里桃德路３９巷５３號","No. 53, Ln. 39, Taode Rd., Zhongshan Vil., Taoyuan Dist., Taoyuan City 33061, Taiwan (R.O.C.)","劉O舜","03-3632124","03-3751460","有","有"
"36462743","20200302","20210811","光明起重行","Bright lifting professing CO.","桃園市蘆竹區新莊里新生路289巷120號1樓","1 F., No. 120, Ln. 289, Xinsheng Rd., Xinzhuang Vil., Luzhu Dist., Taoyuan City 33843, Taiwan (R.O.C.)","簡O達","03-3375766","03-3375768","有","有"
"36465278","20200326","20210811","利豐企業社","LI FENG HARDWARE AND BUILDING MATERIALS CO.","桃園市桃園區慈文里慈光街１５８號１樓","1 F., No. 158, Ciguang St., Ciwen Vil., Taoyuan Dist., Taoyuan City 33045, Taiwan (R.O.C.)","李O海","03-3266505","","有","有"
"36466776","20130430","20210811","冠晟商行","EXOTIC EMPIRE CO.","桃園市中壢區三民里民權路三段75巷315號1樓","1 F., No. 315, Ln. 75, Sec. 3, Minquan Rd., Sanmin Vil., Zhongli Dist., Taoyuan City 32055, Taiwan (R.O.C.)","林O惠","03-4251829","03-4250389","有","有"
"36469458","20230411","20230411","川騰企業社","Kawafuji Company","桃園市龍潭區九龍里30鄰中興路九龍段129巷177號","No. 177, Ln. 129, Sec. Jiulong, Zhongxing Rd., 30th Neighborhood, Jiulong Vil., Longtan Dist., Taoyuan City 325009, Taiwan (R.O.C.)","江O裕","03-4707929","","有","有"
"36470173","20080815","20230123","雙園企業社","SHUANYUAN INDUSTRIAL COMMERCIAL CO.","桃園市楊梅區大同里自立東街53號1樓","1 F., No. 53, Zili E. St., Datong Vil., Yangmei Dist., Taoyuan City 326001, Taiwan (R.O.C.)","吳O玉","03-4852208","03-4852452","有","有"
"36471588","19990803","20210811","印順企業社","TSAI YIN-SHUN CO.","桃園市新屋區九斗里圳禾路1351號","No. 1351, Jiudou, Jiudou Vil., Xinwu Dist., Taoyuan City 32741, Taiwan (R.O.C.)","蔡O順","03-4971913","03-4971940","有","有"
"36476401","20031001","20210812","永大青菓行","YONNG DA CO.","桃園市中壢區五福里５鄰環西路２８之２號１樓","1 F., No. 28-2, Huanxi Rd., 5th Neighborhood, Wufu Vil., Zhongli Dist., Taoyuan City 32048, Taiwan (R.O.C.)","陳O豪","03-4913528","","有","有"
"36477627","20031001","20220621","全一水果行","QUAN YII CO.","桃園市中壢區五權里五穀街72號一樓","1 F., No. 72, Wugu St., Wuquan Vil., Zhongli Dist., Taoyuan City 320005, Taiwan (R.O.C.)","林O玉英","03-4934176","","無","無"
"36479189","20050601","20210812","進豐企業社","JIN-FENG ENTERPRISE CO.","桃園市平鎮區平鎮里新光路三段安居巷４５號１樓","1 F., No. 45, Anju Ln., Sec. 3, Xinguang Rd., Pingzhen Vil., Pingzhen Dist., Taoyuan City 32454, Taiwan (R.O.C.)","彭O杰","03-4393060","03-4393060","有","有"
"36480279","20020208","20230123","育明商行","Y.M.T.C CO.","桃園市中壢區三民里中正路１０６２巷２０６號","No. 206, Ln. 1062, Zhongzheng Rd., Sanmin Vil., Zhongli Dist., Taoyuan City 320009, Taiwan (R.O.C.)","翁O明","03-425-7327","03-427-9128","有","有"
"36485056","20120920","20210811","萬年行","WANDE HANG","桃園市平鎮區新勢里延平路一段５９號","No. 59, Sec. 1, Yanping Rd., Xinshi Vil., Pingzhen Dist., Taoyuan City 32441, Taiwan (R.O.C.)","林O蘭","03-4252047","03-4252243","有","有"
"36491825","20050831","20221116","金鼎企業社","GIN DING ENTERPRISE COMPANY","桃園市龍潭區聖德里聖亭路八德段42巷2弄11號(1樓)","1 F., No. 11, Aly. 2, Ln. 42, Sec. Bade, Shengting Rd., Shengde Vil., Longtan Dist., Taoyuan City 325013, Taiwan (R.O.C.)","羅O鈞","03-4962356","03-4962357","有","有"
"36497320","20061023","20210811","大和食品廠","TA HO FOODS FACTORY","桃園市大溪區田心里中華路５２巷４７號１樓","1 F., No. 47, Ln. 52, Zhonghua Rd., Tianxin Vil., Daxi Dist., Taoyuan City 33555, Taiwan (R.O.C.)","呂O樺","03-3882869","03-3870617","有","有"
"36497383","20130926","20210811","帝王食品企業社","LIAO HSIN-LAN FOODS CO.","桃園市大溪區田心里信義路230號","No. 230, Xinyi Rd., Tianxin Vil., Daxi Dist., Taoyuan City 33554, Taiwan (R.O.C.)","廖O宗","03-3886029","","有","有"
"36499100","20020118","20210811","金大益碾米工廠","JIN DA RICE-HUSKING FACTORY","桃園市大溪區仁愛里儲蓄路250號","No. 250, Chuxu Rd., Ren’ai Vil., Daxi Dist., Taoyuan City 33546, Taiwan (R.O.C.)","簡O尉","03-3801530","","有","有"
"36499220","20020403","20210812","金益碾米工廠","GIUM YIEH RICE-HUSKING FACTORY","桃園市大溪區南興里仁和路二段190巷99號","No. 99, Ln. 190, Sec. 2, Renhe Rd., Nanxing Vil., Daxi Dist., Taoyuan City 33547, Taiwan (R.O.C.)","簡O坤","03-3805202","03-3800313","有","有"
"36500182","19800731","20210812","威佳電機廠股份有限公司","WEGA ELECTRIC MFG. CORP.","臺北市中正區仁愛路2段39號之1、2樓","2 F., No. 39-1, Sec. 2, Ren’ai Rd., Zhongzheng Dist., Taipei City 10056, Taiwan (R.O.C.)","黃O曜","02-23936936","02-23517386","有","有"
"36500248","19861201","20210812","台灣瑞毓有限公司","MULTICOM MACHINERY TAIWAN LTD.","臺北市中山區中山北路2段99號11樓","11 F., No. 99, Sec. 2, Zhongshan N. Rd., Zhongshan Dist., Taipei City 10448, Taiwan (R.O.C.)","陳O軍","02-25518997","","有","有"
"36500514","19840906","20210812","電益股份有限公司","ELECTRICAL & ELECTRONICS LTD.","新北市土城區中山路64號","No. 64, Zhongshan Rd., Tucheng Dist., New Taipei City 23680, Taiwan (R.O.C.)","賴O花","02-27125034","","有","有"
"36500606","19780912","20210814","穎村企業有限公司","NETBRIDGE & CO., LTD.","臺北市信義區東興路39號8樓","8 F., No. 39, Dongxing Rd., Xinyi Dist., Taipei City 11070, Taiwan (R.O.C.)","陳O新","02-8768-1033","02-8768-3662","有","有"
"36500676","19950216","20210812","精威機電有限公司","QUALITEK PRECISION INDUSTRIAL CO., LTD.","臺北市中正區齊東街24號1樓","1 F., No. 24, Qidong St., Zhongzheng Dist., Taipei City 10053, Taiwan (R.O.C.)","童O照","02-23214889","02-23958688","有","有"
"36500845","19780117","20210814","基昌企業有限公司","JI CHANG ENTERPRISE CO.","臺北市中山區南京東路2段111號9樓","9 F., No. 111, Sec. 2, Nanjing E. Rd., Zhongshan Dist., Taipei City 10485, Taiwan (R.O.C.)","張O睿","02-25164667","02-25164671","有","有"
"36501247","19780826","20210812","平允實業有限公司","PINGYUN INDUSTRIAL CO., LTD.","臺北市中正區忠孝西路1段25之3號","No. 25-3, Sec. 1, Zhongxiao W. Rd., Zhongzheng Dist., Taipei City 10041, Taiwan (R.O.C.)","金O治","02-23313346","","有","有"
"36501339","19790614","20210815","億協企業有限公司","EAST FORTUNE ENTERPRISE CO., LTD.","臺北市松山區南京東路3段248號9樓","9 F., No. 248, Sec. 3, Nanjing E. Rd., Songshan Dist., Taipei City 10595, Taiwan (R.O.C.)","林O華","02-27782680","02-27782483","有","有"
"36501387","20140815","20221005","立全尚業有限公司","STAND-ALL ENTERPRISE CO., LTD.","臺北市大安區富陽街123號","No. 123, Fuyang St., Da'an Dist., Taipei City 106043, Taiwan (R.O.C.)","范O朝璋","06-3311742","06-3311742","有","有"
"36501794","19881121","20210815","巨泉實業有限公司","TAIWAN GOLDENDAY CO., LTD.","臺北市中正區重慶南路1段121號5樓之7","5F.-7, No. 121, Sec. 1, Chongqing S. Rd., Zhongzheng Dist., Taipei City 10045, Taiwan (R.O.C.)","張O忠","02-2381-1417","02-2381-8179","有","有"
"36502007","19790823","20210813","乾力企業有限公司","JENG LEE COMPANY LTD.","新北市五股區六合街75號","No. 75, Liuhe St., Wugu Dist., New Taipei City 24858, Taiwan (R.O.C.)","游O賢","02-29030026","02-29016415","有","有"
"36502597","20190417","20210814","亞東公證有限公司","Asia Technical Services Co., Ltd.","臺北市松山區光復南路180巷39號1樓","1 F., No. 39, Ln. 180, Guangfu S. Rd., Songshan Dist., Taipei City 105, Taiwan (R.O.C.)","李O娥","02-27721732","02-27764387","有","有"
"36502766","19790719","20210814","林仕國際有限公司","LINZY INTERNATIONAL INC.","臺北市中山區民權東路3段160巷19弄21號","No. 21, Aly. 19, Ln. 160, Sec. 3, Minquan E. Rd., Zhongshan Dist., Taipei City 104, Taiwan (R.O.C.)","林O裕","02-27138906","","有","有"
"36502837","19920515","20210813","和千發股份有限公司","HO CHIAN FA CO., LTD.","新北市新店區建國路257號6樓之10","6F.-10, No. 257, Jianguo Rd., Xindian Dist., New Taipei City 23142, Taiwan (R.O.C.)","詹O豪","02-22191318","02-22191319","有","有"
"36503110","19790215","20230120","台灣高梅有限公司","QUEEN GRACE CORPORATION","臺北市大安區忠孝東路4段97號3樓之34","3 F.-34, No. 97, Sec. 4, Zhongxiao E. Rd., Da’an Dist., Taipei City 106071, Taiwan (R.O.C.)","蒲O林","02-27722590","02-23450968","無","無"
"36503131","19900502","20210814","民生行股份有限公司","FOR THE PEOPLE GROUP INC.","臺北市士林區福國路50巷6弄15號1樓","1 F., No. 15, Aly. 6, Ln. 50, Fuguo Rd., Shilin Dist., Taipei City 11158, Taiwan (R.O.C.)","李O容","02-28383356","02-28341418","無","無"
"36503202","20040702","20220126","利泰工藝股份有限公司","LEADERS MARKERS & MEMORIALS CO., LTD.","臺北市萬華區長沙街2段13號1樓","1 F., No. 13, Sec. 2, Changsha St., Wanhua Dist., Taipei City 10846, Taiwan (R.O.C.)","陳O樺","02-23816431","02-23718709","有","有"
"36503619","19780512","20210813","昭源實業股份有限公司","CHAANG RONG INDUSTRY CO., LTD.","新竹市樹下里牛埔南路496巷23號","No. 23, Ln. 496, Niupu S. Rd., Shuxia Vil., Xiangshan Dist., Hsinchu City 30091, Taiwan (R.O.C.)","楊O昌","035-302221","","有","有"
"36503738","19780925","20210815","雷仁貿易有限公司","ASIA REGENT CORPORATION","臺中市南屯區五權西路二段666號11樓之4","11F.-4, No. 666, Sec. 2, Wuquan W. Rd., Nantun Dist., Taichung City 40869, Taiwan (R.O.C.)","林O芬","04-23848879","04-23848407","有","有"
"36504390","20041229","20210813","精博有限公司","PERPETUATEX COMPANY LTD.","臺北市萬華區康定路206號7樓之5","7F.-5, No. 206, Kangding Rd., Wanhua Dist., Taipei City 10848, Taiwan (R.O.C.)","黃O幃","02-25318868","02-23462208","有","有"
"36504407","19831201","20230429","高鐵科技股份有限公司","GOTECH TESTING MACHINES INC.","臺中市南屯區寶山里工業區二十四路28、31號","No. 31, Gongyequ 24th Rd., Baoshan Vil., Nantun Dist., Taichung City 408017, Taiwan (R.O.C.)","陳O長","04-23590061","04-23591553","有","有"
"36504413","19821029","20240612","兩儀事業股份有限公司","TWO POWERS ENTERPRISE CO., LTD.","臺北市大安區忠孝東路3段197之3號3樓","3 F., No. 197-3, Sec. 3, Zhongxiao E. Rd., Da’an Dist., Taipei City 10655, Taiwan (R.O.C.)","郭O捷","02-27517728","02-27513156","有","有"
"36504461","19820916","20221129","希門國際股份有限公司","SIMMONS INTERNATIONAL LTD.","臺北市內湖區內湖路1段120巷13號5樓","5 F., No. 13, Ln. 120, Sec. 1, Neihu Rd., Neihu Dist., Taipei City 114066, Taiwan (R.O.C.)","鄭O泰","02-87978800","02-87977268","有","有"
"36504737","19800715","20210814","中鈞企業有限公司","CHINA CHAMPION CO., LTD.","臺北市內湖區南京東路6段368巷16號4樓","4 F., No. 16, Ln. 368, Sec. 6, Nanjing E. Rd., Neihu Dist., Taipei City 11470, Taiwan (R.O.C.)","周O賢","02-27252567","","有","有"
"36504758","19870413","20221214","佳辰實業股份有限公司","JUST CHAMPION ENTERPRISE CO., LTD.","屏東縣南州鄉大同路99號","No. 99, Datong Rd., Nanzhou Township, Pingtung County 926002, Taiwan (R.O.C.)","葉O繡品","08-8644211","08-8644831","有","有"
"36504791","19771130","20210814","芳林貿易股份有限公司","SANSOME TRADING CO., LTD.","臺北市中正區林森南路43號2樓","2 F., No. 43, Linsen S. Rd., Zhongzheng Dist., Taipei City 10052, Taiwan (R.O.C.)","林O雄","02-23569358","02-23939153","有","有"
"36505551","19810223","20231130","肇鑫實業股份有限公司","JAO HSINN ENTERPRISE CO., LTD.","新北市蘆洲區中山一路161號3樓","3 F., No. 161, Zhongshan 1st Rd., Luzhou Dist., New Taipei City 247020, Taiwan (R.O.C.)","朱O貞","02-85222297","","有","有"
"36505784","19780221","20210813","貴康企業股份有限公司","QUEI KON ENTERPRISES CO., LTD.","新北市林口區工二工業區工四路21號","No. 21, Gong 4th Rd., Gong’er Industrial Park, Linkou Dist., New Taipei City 24452, Taiwan (R.O.C.)","陳O禮","02-26015621-5","02-26015665","有","有"
"36506101","20080925","20240304","北慶國際有限公司","BEI CHING INTERNATIONAL CO., LTD.","新北市中和區景平路268號34樓之1","34 F.-1, No. 268, Jingping Rd., Zhonghe Dist., New Taipei City 235606, Taiwan (R.O.C.)","李O憲","02-8732 1226","02-8732 2125","有","有"
"36506593","19830203","20210812","上豐實業有限公司","SUN FUN INCORPORATION","新北市土城區大暖路112號","No. 112, Danuan Rd., Tucheng Dist., New Taipei City 23676, Taiwan (R.O.C.)","黃O雄","02-22681007","","有","有"
"36507050","19781221","20230522","長商貿易有限公司","LONG JOHN TRADING CO., LTD.","臺北市大安區復興南路2段27號7樓之5","7 F.-5, No. 27, Sec. 2, Fuxing S. Rd., Da’an Dist., Taipei City 106694, Taiwan (R.O.C.)","吳O勳","02-25620536","02-25422717","有","有"
"36507278","19790626","20210815","勵拓企業股份有限公司","LIDA TRANSWORLD ENTERPRISE CO., LTD.","臺北市大安區新生南路3段2號9樓之2","9F.-2, No. 2, Sec. 3, Xinsheng S. Rd., Da’an Dist., Taipei City 10660, Taiwan (R.O.C.)","陳O達","02-33651565","02-33651563","有","有"
"36508001","19980602","20210813","元漢企業有限公司","CYNOSURE ENTERPRISE CO., LTD.","臺北市中山區南京東路1段25號10樓之2","10F.-2, No. 25, Sec. 1, Nanjing E. Rd., Zhongshan Dist., Taipei City 10450, Taiwan (R.O.C.)","何O惠","02-25062767-8","02-25069056","有","有"
"36508136","19950126","20231026","祥裕有限公司","JOHN YU & COMPANY","高雄市新興區七賢一路76號","No. 76, Qixian 1st Rd., Xinxing Dist., Kaohsiung City 800009, Taiwan (R.O.C.)","洪O維","02-23314295","02-23121825","有","有"
"36508918","19871231","20210813","二鍵企業有限公司","DICHEMER ENTERPRISES LTD.","臺北市中山區北安路589號5樓","5 F., No. 589, Bei’an Rd., Zhongshan Dist., Taipei City 10463, Taiwan (R.O.C.)","詹O裕","02-25332745","02-25010064","有","有"
"36508950","19780902","20210815","錦綸企業有限公司","SHIHMARK CO., LTD.","桃園市蘆竹區南崁路二段9號5樓之7","5F.-7, No. 9, Sec. 2, Nankan Rd., Luzhu Dist., Taoyuan City 33855, Taiwan (R.O.C.)","施O廷","03-3228958","03-3229558-31","有","有"
"36509819","19890517","20210815","台灣伊柔國際有限公司","TAIWAN I ROU INTERNATIONAL ENTERPRISE CO., LTD.","臺北市北投區北投路1段41號2樓","2 F., No. 41, Sec. 1, Beitou Rd., Beitou Dist., Taipei City 11245, Taiwan (R.O.C.)","蘇O玲","02-27029222","27029211","有","有"
"36510597","20120530","20231017","中航物流股份有限公司","CMT LOGISTICS CO., LTD.","臺北市中正區濟南路1段15號9樓","9 F., No. 15, Sec. 1, Jinan Rd., Zhongzheng Dist., Taipei City 100025, Taiwan (R.O.C.)","朱O翎","02-23936242","","有","有"
"36510604","19770903","20220701","力嘉企業股份有限公司","MERCANTILE TAIWAN ENTERPRISE LTD.","臺北市內湖區堤頂大道2段285號6樓","6 F., No. 285, Sec. 2, Tiding Blvd., Neihu Dist., Taipei City 114739, Taiwan (R.O.C.)","胡O華","02-27521292","","無","無"
"36510956","20050303","20210812","甜白實業股份有限公司","TIEN-BAI CO., LTD","臺北市中正區重慶南路1段54號1樓","1 F., No. 54, Sec. 1, Chongqing S. Rd., Zhongzheng Dist., Taipei City 10044, Taiwan (R.O.C.)","邱O群","02-23111268","02-23896979","有","有"
"36511060","20000729","20241115","台灣馬士基物流股份有限公司","Maersk Logistics & Services Taiwan Co., Ltd.","臺北市南港區市民大道7段8號13樓之2","13 F.-2, No. 8, Sec. 7, Civic Blvd., Nangang Dist., Taipei City 115621, Taiwan (R.O.C.)","陳O如","02-26523200","02-27868629","有","有"
"36511596","19790516","20250228","聖光雕塑實業股份有限公司","SHENG KUANG SCULPTURE CO., LTD.","桃園市楊梅區幼獅工業區獅五路三號","No. 3, Shi 5th Rd., Yangmei Dist., Taoyuan City 326013, Taiwan (R.O.C.)","莊O淑娟","03-4641657","03-4642797","有","有"
"36511821","19770702","20210814","富鹿貿易股份有限公司","FU LU TRADING CO., LTD.","臺北市中山區中山北路2段115巷43號4樓之2","4F.-2, No. 43, Ln. 115, Sec. 2, Zhongshan N. Rd., Zhongshan Dist., Taipei City 10448, Taiwan (R.O.C.)","楊O夫","02-25601210","02-25601214","有","有"
"36512053","19900323","20211130","欣杰有限公司","SHIN CHIEH CO., LTD.","臺北市大同區大龍街190號1樓","1 F., No. 190, Dalong St., Datong Dist., Taipei City 10369, Taiwan (R.O.C.)","李O秀","02-25957628","","有","有"
"36513594","19800116","20230425","欣欣水泥企業股份有限公司","HSIN HSIN CEMENT ENTERPRISE CORPORATION","花蓮縣花蓮市國聯里16鄰國聯二路95號","No. 95, Guolian 2nd Rd., 16th Neighborhood, Guolian Vil., Hualien City, Hualien County 970015, Taiwan (R.O.C.)","郭O琛","02-25084468","02-25074510","有","有"
"36513969","19780126","20221026","華司貿易有限公司","SPANO INTERNATIONAL INC.","臺北市內湖區內湖路2段450巷12弄12號","No. 12, Aly. 12, Ln. 450, Sec. 2, Neihu Rd., Neihu Dist., Taipei City 114023, Taiwan (R.O.C.)","拉O曼","02-25991517-8","","有","有"
"36514215","20060707","20230722","貞觀海外貿易有限公司","ZHEN GUAN INTERNATIONAL TRADING CO., LTD.","臺北市中正區杭州南路1段143巷37號1樓","1 F., No. 37, Ln. 143, Sec. 1, Hangzhou S. Rd., Zhongzheng Dist., Taipei City 100019, Taiwan (R.O.C.)","嚴O英","02-23944670","","無","無"
"36514448","19790411","20210813","禾龍有限公司","KANTAS PRODUCTS CO., LTD.","臺北市中正區忠孝東路2段100號6樓","6 F., No. 100, Sec. 2, Zhongxiao E. Rd., Zhongzheng Dist., Taipei City 10053, Taiwan (R.O.C.)","李O慧","02-23413265","02-23417219","有","有"
"36514783","19780720","20220923","台灣卜蜂企業股份有限公司","CHAROEN POKPHAND ENTERPRISE (TAIWAN) CO., LTD.","臺北市中山區朱園里松江路87號17樓","17 F., No. 87, Songjiang Rd., Zhuyuan Vil., Zhongshan Dist., Taipei City 104495, Taiwan (R.O.C.)","鄭O樾","02-25077071","02-25064137","有","有"
"36515039","19780629","20210812","飛士來企業有限公司","FACILAI ENTERPRISES LTD.","臺北市士林區文林路571號3樓","3 F., No. 571, Wenlin Rd., Shilin Dist., Taipei City 11160, Taiwan (R.O.C.)","吳O平","02-26486028","02-26486151","無","無"
"36515220","19790709","20211222","維旺企業股份有限公司","REGINA ENTERPRISE LIMITED","新北市淡水區行忠路523號","No. 523, Xingzhong Rd., Tamsui Dist., New Taipei City 25152, Taiwan (R.O.C.)","陳O定","02-25931649","","有","有"
"36515740","19800829","20210812","東哲行股份有限公司","VIPAS CORPORATION","臺北市中正區忠孝東路1段13號2樓","2 F., No. 13, Sec. 1, Zhongxiao E. Rd., Zhongzheng Dist., Taipei City 10049, Taiwan (R.O.C.)","陳O元","02-23211610","","有","有"
"36515896","19900310","20210812","協育化學有限公司","SHYE YUH CHEMICALS CO., LTD.","臺北市中正區仁愛路2段98號5樓之1","5F.-1, No. 98, Sec. 2, Ren’ai Rd., Zhongzheng Dist., Taipei City 10063, Taiwan (R.O.C.)","李O文","02-23912400","02-23912620","有","有"
"36516059","19771022","20210815","京懋企業有限公司","FINEMORE ENTERPRISE CO., LTD.","臺北市中正區林森南路2號6樓之5","6F.-5, No. 2, Linsen S. Rd., Zhongzheng Dist., Taipei City 10050, Taiwan (R.O.C.)","史O恒","02-23938261","","有","有"
"36517901","20030916","20210814","宏祥錦盒有限公司","HOMSHUEN JEWELLERY BOXES CORP.","新北市泰山區忠孝街1號","No. 1, Zhongxiao St., Taishan Dist., New Taipei City 24345, Taiwan (R.O.C.)","黃O豪","02-2909-7964","02-2909-1880","有","有"
"36518177","19951103","20210813","武昌電化商品有限公司","WU CHANG ELECTRIC CO., LTD.","臺北市萬華區漢口街2段37及39號1之3樓","Rm. 3, 1 F., No. 39, Sec. 2, Hankou St., Wanhua Dist., Taipei City 10842, Taiwan (R.O.C.)","許O田","02-23812115","02-23145588","無","無"
"36518296","19821214","20210814","錦倫企業有限公司","HOME RITE CO., LTD.","臺北市大安區敦化南路2段170號9樓","9 F., No. 170, Sec. 2, Dunhua S. Rd., Da’an Dist., Taipei City 10669, Taiwan (R.O.C.)","盧O栩","02-8733-3900","02-8733-3897","無","無"
"36518752","19830415","20230609","志亞通商股份有限公司","C. I. SYSTEM CORPORATION","臺北市大安區復興南路1段204號6樓","6 F., No. 204, Sec. 1, Fuxing S. Rd., Da'an Dist., Taipei City 106457, Taiwan (R.O.C.)","曾O淇","02-87737193","02-87717929","有","有"
"36518922","20041209","20210813","華祥禮品證章有限公司","HUA HSIANG MEDALS & GIFITS CO., LTD.","臺北市萬華區長沙街2段15號1樓","1 F., No. 15, Sec. 2, Changsha St., Wanhua Dist., Taipei City 10846, Taiwan (R.O.C.)","李O貴","02-2314-7488","02-2389-2126","有","有"
"36519725","19940131","20210814","福記產業股份有限公司","HOWARD FASHION ENTERPRISE CORPORATION","臺北市大安區仁愛路3段160號","No. 160, Sec. 3, Ren’ai Rd., Da’an Dist., Taipei City 10657, Taiwan (R.O.C.)","廖O坤","02-27092925","02-27066062","有","有"
"36520259","20030422","20210812","達聖企業有限公司","TASHUNG ENTERPRISE CORPORATION","臺北市中山區長安東路1段16號8樓之3","8F.-3, No. 16, Sec. 1, Chang’an E. Rd., Zhongshan Dist., Taipei City 10442, Taiwan (R.O.C.)","劉O生","02-2561-6700","02-2536-7487","有","有"
"36520271","19821120","20210813","新陸企業股份有限公司","SUNLOX ENTERPRISES COMPANY","彰化縣秀水鄉馬興村彰馬街196號","No. 196, Zhangma St., Xiushui Township, Changhua County 50442, Taiwan (R.O.C.)","余O聰","047-526777","047-526778","有","有"
"36520309","20020204","20221231","太古船務代理股份有限公司","SWIRE SHIPPING AGENCIES (TAIWAN) LTD.","臺北市大安區和平東路2段297號5樓","5 F., No. 297, Sec. 2, Heping E. Rd., Da’an Dist., Taipei City 106483, Taiwan (R.O.C.)","蘇O明","02-27005726","02-27005715","有","有"
"36521150","19780216","20210812","音波企業股份有限公司","SOUND WAVE ENTERPRISE CO., LTD.","臺北市大安區信義路4段98號6樓之3","6F.-3, No. 98, Sec. 4, Xinyi Rd., Da’an Dist., Taipei City 10682, Taiwan (R.O.C.)","黃O瑞蘭","02-27080099","02-27046699","有","有"
"36521341","19820812","20210812","安磊有限公司","ANGELITA INTERNATIONAL CO., LTD.","臺北市大安區安和路2段7號3樓","3 F., No. 7, Sec. 2, Anhe Rd., Da’an Dist., Taipei City 10680, Taiwan (R.O.C.)","張O敏","02-27097023","","有","有"
"36521519","20040114","20210811","藝術家出版社","ARTIST PUBLISHING CO.","臺北市大安區金山南路2段165號6樓","6 F., No. 165, Sec. 2, Jinshan S. Rd., Da’an Dist., Taipei City 10644, Taiwan (R.O.C.)","何O廣","02-2371-9692","02-2331-7096","有","有"
"36521975","20110929","20110929","財團法人台北市教會聚會所","THE CHURCH IN TAIPEI ASSEMBLY HALL","臺北市信義區信義路四段４６０號５樓之１","5F.-1, NO. 460, SEC. 4, XINYI RD., XINYI DIST., TAIPEI CITY 11052, TAIWAN (R.O.C.)","吳O成","02-27575755","02-27575750","有","有"
"36522236","19810522","20240924","聖晉實業有限公司","ADESCO INDUSTRIAL CO., LTD.","臺北市中正區信義路2段91號7樓之4","7F.-4, No. 91, Sec. 2, Xinyi Rd., Zhongzheng Dist., Taipei City 10057, Taiwan (R.O.C.)","曾O芸","02-23933263","","有","有"
"36522539","19810511","20210813","群台股份有限公司","TRANSMER CO., LTD.","臺北市中正區忠孝東路2段130號12樓之7","12F.-7, No. 130, Sec. 2, Zhongxiao E. Rd., Zhongzheng Dist., Taipei City 10053, Taiwan (R.O.C.)","施O鎮","02-23936940","","有","有"
"36522572","19790720","20230309","美笙股份有限公司","MASON UNIVERSAL ENTERPRISE LTD.","新北市汐止區大安街56巷21弄7號","No. 7, Aly. 21, Ln. 56, Da’an St., Xizhi Dist., New Taipei City 221041, Taiwan (R.O.C.)","劉O生","02-86477995","02-86483334","有","有"
"36522974","20081219","20210814","永大書局有限公司","YEONG DAH BOOK COMPANY LTD.","臺北市中正區重慶南路1段10號5樓之7","5F.-7, No. 10, Sec. 1, Chongqing S. Rd., Zhongzheng Dist., Taipei City 10044, Taiwan (R.O.C.)","傅O樑","02-23613171","02-23110660","有","有"
"36523657","19790411","20220411","啟通整合創意行銷有限公司","KITONG CREATIVE MARKETING CO. LTD","新竹市經國路二段97號2樓","2 F., No. 97, Sec. 2, Jingguo Rd., North Dist., Hsinchu City 30051, Taiwan (R.O.C.)","劉O君","03-5828189","03-5829560","有","有"
"36524109","19880427","20210812","全國實業有限公司","ALLDAY HEARING AID CO., LTD.","臺北市中正區館前路6號5樓之1","5F.-1, No. 6, Guanqian Rd., Zhongzheng Dist., Taipei City 10047, Taiwan (R.O.C.)","劉O瑜","02-23145546","02-23711561","有","有"
"36524348","19790605","20210813","聯騏實業有限公司","SAWAHAL AUTOCRAFT ACCESSORIES, INC.","新北市淡水區新生街19號1樓","1 F., No. 19, Xinsheng St., Tamsui Dist., New Taipei City 25152, Taiwan (R.O.C.)","余O煌","02-27314136","","有","有"
"36524451","20150728","20210812","九五樂府","NINE & FIVE TRADING CO.","臺北市萬華區漢口街2段20巷11號","No. 11, Ln. 20, Sec. 2, Hankou St., Wanhua Dist., Taipei City 10842, Taiwan (R.O.C.)","吳O素珠","02-23122251","02-23710585","有","有"
"36525070","19780727","20210813","星南貿易股份有限公司","CINE NAN INTERNATIONAL CO., LTD.","臺北市大同區承德路3段53號3樓","3 F., No. 53, Sec. 3, Chengde Rd., Datong Dist., Taipei City 10364, Taiwan (R.O.C.)","周O芬","02-25950212","","有","有"
"36525563","19780503","20230706","川林有限公司","PANLIN CORPORATION","臺北市大安區復興南路2段237號8樓之11","8 F.-11, No. 237, Sec. 2, Fuxing S. Rd., Da’an Dist., Taipei City 106478, Taiwan (R.O.C.)","林O","02-27048944","02-27053328","有","有"
"36525705","20201127","20250430","裕台光學有限公司","YUETAI OPTICS CO., LTD.","臺北市中山區林森北路67巷21號7樓","7 F., No. 21, Ln. 67, Linsen N. Rd., Zhongshan Dist., Taipei City 10442, Taiwan (R.O.C.)","李O偉","02-25224311","","有","有"
"36526177","19780828","20210813","協鋒實業股份有限公司","SELECTO ENTERPRISE CORP.","新北市三重區興德路100號4樓","4 F., No. 100, Xingde Rd., Sanchong Dist., New Taipei City 24158, Taiwan (R.O.C.)","巫O月","02-29995828","02-29995806","有","有"
"36526211","19780429","20210814","博辰有限公司","MANDO INTERNATIONAL CORP.","臺北市大安區忠孝東路4段205巷9號5樓","5 F., No. 9, Ln. 205, Sec. 4, Zhongxiao E. Rd., Da’an Dist., Taipei City 10690, Taiwan (R.O.C.)","陳O娟","02-27415811","","有","有"
"36526319","19820817","20230713","盛德竹科技股份有限公司","TEX CHU TECHNOLOGY CO., LTD.","新北市汐止區新台五路1段75號2樓之1","2 F.-1, No. 75, Sec. 1, Xintai 5th Rd., Xizhi Dist., New Taipei City 221432, Taiwan (R.O.C.)","王O木","02-26987688","02-26982789","有","有"
"36526541","19820416","20210814","源泰特產有限公司","YUAN TAI ENTERPRISE CORP.","臺北市中正區齊東街34號","No. 34, Qidong St., Zhongzheng Dist., Taipei City 10053, Taiwan (R.O.C.)","黃O基","02-23938957","02-23419122","有","有"
"36527339","19880215","20210815","中規開發股份有限公司","OCEAN WORLD DEVELOPMENT CO., LTD.","新北市萬里區港東路167之3號","No. 167-3, Gangdong, Wanli Dist., New Taipei City 20744, Taiwan (R.O.C.)","廖O名","02-24921111","02-24921110","有","有"
"36527886","19780517","20240106","伸英有限公司","ZOMAX ASSOCIATES & CO., LTD.","臺北市中山區復興南路1段34號5樓","5 F., No. 34, Sec. 1, Fuxing S. Rd., Zhongshan Dist., Taipei City 10492, Taiwan (R.O.C.)","蔡O娟","02-27713421","02-27413275","有","有"
"36527942","19780607","20231014","洛琦企業股份有限公司","LURCHI ENTERPRISE CO., LTD.","新北市永和區保平路151巷6弄3號","No. 3, Aly. 6, Ln. 151, Baoping Rd., Yonghe Dist., New Taipei City 234018, Taiwan (R.O.C.)","江O一","02-29154168-9","","有","有"
"36528105","19910620","20221015","穩德文具印刷工業有限公司","WONDER PRINTING INDUSTRY CO., LTD.","新北市中和區中山路2段327巷17號5樓","5 F., No. 17, Ln. 327, Sec. 2, Zhongshan Rd., Zhonghe Dist., New Taipei City 235602, Taiwan (R.O.C.)","歐O雲","02-22402482","02-22480401","有","有"
"36528442","19930309","20221129","本昭興業股份有限公司","BEEN JAU ENTERPRISE CO., LTD.","新北市林口區工九路31號","No. 31, Gong 9th Rd., 2nd Industrial Park, Linkou Dist., New Taipei City 244010, Taiwan (R.O.C.)","張O翔","02-86011926","02-86011931","有","有"
"36528920","20130104","20210908","嘉禾儀器有限公司","GIA HO INSTRUMENTS CO., LTD.","臺北市中山區南京東路1段25號10樓之3","10F.-3, No. 25, Sec. 1, Nanjing E. Rd., Zhongshan Dist., Taipei City 10450, Taiwan (R.O.C.)","王O明","02-25237943","02-25239435","有","有"
"36529300","20020923","20230126","永利發獸肉莊","YUNG LI FA MEAT STORE","臺北市萬華區西寧南路4號西寧市場地下室96號","No. 4, Xining S. Rd., Wanhua Dist., Taipei City 108601, Taiwan (R.O.C.)","林O發","02-25213771","","有","有"
"36529603","20000503","20221229","長勵實業有限公司","LINCH INDUSTRIAL CO., LTD.","臺北市中正區博愛路16號","No. 16, Bo’ai Rd., Zhongzheng Dist., Taipei City 100001, Taiwan (R.O.C.)","劉O蓉","23147738","23815988","有","有"
"36529792","19850125","20210812","英士有限公司","ACE TRADING CO., LTD.","臺北市松山區南京東路4段50號9樓之3","9F.-3, No. 50, Sec. 4, Nanjing E. Rd., Songshan Dist., Taipei City 10553, Taiwan (R.O.C.)","陳O良","02-25773161","02-25791133","有","有"
"36529863","19820930","20221110","憶樺實業股份有限公司","BEST BAGS INDUSTRIAL COMPANY","新北市新店區民權路100號5樓","5 F., No. 100, Minquan Rd., Xindian Dist., New Taipei City 231023, Taiwan (R.O.C.)","楊O樺","02-22185256","02-22185302","有","有"
"36530159","19870609","20210814","聚英電機股份有限公司","EXCELLENT ELECTRIC INC.","臺北市士林區大南路419號4樓","4 F., No. 419, Danan Rd., Shilin Dist., Taipei City 11161, Taiwan (R.O.C.)","張O峯","02-28831226","02-28831153","有","有"
"36530171","19870206","20241023","利峻企業股份有限公司","COGRACE ENTERPRISE INC.","臺北市中正區中華路1段95巷2號4樓","4 F., No. 2, Ln. 95, Sec. 1, Zhonghua Rd., Zhongzheng Dist., Taipei City 100006, Taiwan (R.O.C.)","黃O峰","02-23118509","02-23758404","有","有"
"36530762","19951027","20230926","名康企業有限公司","MAXCOMFORT ENTERPRISE CO., LTD.","新北市板橋區中正路325巷5號1樓","1 F., No. 5, Ln. 325, Zhongzheng Rd., Banqiao Dist., New Taipei City 22054, Taiwan (R.O.C.)","連O瓶","02-23925392","02-23224772","有","有"
"36531072","19970510","20230522","懷豐企業有限公司","HWI WORKER ENTERPRISE CO., LTD.","臺北市信義區忠孝東路5段412號2樓之5","2 F.-5, No. 412, Sec. 5, Zhongxiao E. Rd., Xinyi Dist., Taipei City 110025, Taiwan (R.O.C.)","林O玉","02-25456135","02-25147135","無","無"
"36531241","19790322","20210815","萬壽興業股份有限公司","UNIVERSAL DEVELOPMENT CORPORATION","臺北市士林區中山北路7段82巷27號1樓","1 F., No. 27, Ln. 82, Sec. 7, Zhongshan N. Rd., Shilin Dist., Taipei City 11152, Taiwan (R.O.C.)","關O惟","02-28737474","","有","有"
"36531306","20010523","20250213","江杉企業股份有限公司","JIANG-SHAN ENTERPRISES CO., LTD.","臺北市中正區中華路1段95巷2號4樓","4 F., No. 2, Ln. 95, Sec. 1, Zhonghua Rd., Zhongzheng Dist., Taipei City 100006, Taiwan (R.O.C.)","","02-23113145","","無","無"
"36532311","19850423","20250403","金元企業有限公司","GOLDEN RACK CO., LTD.","臺北市中山區中山北路2段185號9樓","9 F., No. 185, Sec. 2, Zhongshan N. Rd., Zhongshan Dist., Taipei City 10453, Taiwan (R.O.C.)","劉O鳳","02-25962185-7","","有","有"
"36532950","19910603","20210813","玉光實業股份有限公司","YUE GUANG ENTERPRISE CO., LTD.","新北市三重區重新路5段609巷16號7樓之10","7F.-10, No. 16, Ln. 609, Sec. 5, Chongxin Rd., Sanchong Dist., New Taipei City 24159, Taiwan (R.O.C.)","施O吉","02-25504897","02-29997860","有","有"
"36533445","19820622","20210815","高領企業有限公司","POWER ENTERPRISES CO., LTD.","臺北市內湖區瑞光路439號5樓","5 F., No. 439, Ruiguang Rd., Neihu Dist., Taipei City 11492, Taiwan (R.O.C.)","丁O福","02-26592618","02-25775085","有","有"
"36533487","19790629","20210813","金日實業股份有限公司","KING SUN INDUSTRY CO., LTD.","臺北市中正區紹興南街5號","No. 5, Shaoxing S. St., Zhongzheng Dist., Taipei City 10050, Taiwan (R.O.C.)","李O添","02-23417280","23560700","有","有"
"36533846","19840718","20210815","植大橡塑膠業股份有限公司","TSU TAH ELASTOMERICS CO., LTD.","臺北市內湖區民權東路6段180巷42弄10之8號","No. 10-8, Aly. 42, Ln. 180, Sec. 6, Minquan E. Rd., Neihu Dist., Taipei City 11490, Taiwan (R.O.C.)","宋O福","033-221839","","有","有"
"36534649","19830314","20230712","大強鋼鐵鑄造股份有限公司","EVERSTRONG IRON & STEEL FOUNDRY & MFG. CORP.","高雄市小港區世全路1號","NO.1, SHIH CHUAN RD., HSIAO KANG DIST., KAOHSIUNG 812, TAIWAN, R.O.C.","王O傑","07-8026732","07-8039680","有","有"
"36534818","19940207","20240822","日商呉羽商事股份有限公司台北分公司","KUREHA TRADING CO., LTD. TAIPEI BRANCH (JAPAN)","臺北市中正區忠孝東路一段85號5樓之2","5 F.-2, No. 85, Sec. 1, Zhongxiao E. Rd., Zhongzheng Dist., Taipei City 100009, Taiwan (R.O.C.)","八O正明YATSUDAMASAAKI","02-23941994","02-23941995","有","有"
"36536597","19920610","20210813","元聖企業股份有限公司","AKTIVE ENTERPRISE CO., LTD.","臺北市中山區民權西路27號5樓之1","5F.-1, No. 27, Minquan W. Rd., Zhongshan Dist., Taipei City 10452, Taiwan (R.O.C.)","邱O倫","02-25981091","02-25927310","有","有"
"36537364","20000906","20210814","聯盟實業股份有限公司","UNIONMEX ENTERPRISES CO., LTD.","臺北市南港區南港路3段149巷49弄1號1樓","1 F., No. 1, Aly. 49, Ln. 149, Sec. 3, Nangang Rd., Nangang Dist., Taipei City 11563, Taiwan (R.O.C.)","郭O慧","02-2788-9166","02-2788-7632","有","有"
"36538103","19960920","20051201","財團法人信誼基金會信誼基金出版社","HSIN YI FOUNDATION HSIN YI PUBLICATIONS CO.","台北市中正區重慶南路２段７５號１樓","1F., NO.75, SEC. 2, CHONGCING S. RD., JHONGJHENG DIST., TAIPEI CITY 100, TAIWAN (R.O.C.)","張O如","02-2391-3384","","有","有"
"36538265","19950527","20221025","新翊綸企業有限公司","IST LUN ENTERPRISES CO., LTD.","新北市汐止區南陽街261號(1樓)","1 F., No. 261, Nanyang St., Xizhi Dist., New Taipei City 221009, Taiwan (R.O.C.)","李O","02-26945661","26948212","有","有"
"36538390","19930428","20240221","慶豐環宇股份有限公司","CHINFON GLOBAL CORP.","臺北市中山區復興南路1段36-9號7樓","7 F., No. 36-9, Sec. 1, Fuxing S. Rd., Zhongshan Dist., Taipei City 104698, Taiwan (R.O.C.)","財O法人繼俊紀念文教基金會","02-27515825","02-27412020","有","有"
"36538440","19800417","20220331","琪宏企業有限公司","KEYHOLE ENTERPRISE CO., LTD.","臺北市士林區後港街90號2樓","2 F., No. 90, Hougang St., Shilin Dist., Taipei City 11170, Taiwan (R.O.C.)","潘O貞","02-28118681","","有","有"
"36538743","19790924","20230218","貿期貿易有限公司","ROYALBRAND TEXTURIZING CO., LTD.","臺北市大安區復興南路1段62號12樓","12 F., No. 62, Sec. 1, Fuxing S. Rd., Da’an Dist., Taipei City 106081, Taiwan (R.O.C.)","董O勝","02-27212710","02-27726585","無","無"
"36539145","19781104","20210813","三弋有限公司","TRIO COMPANY LIMITED.","臺北市士林區後港街161號4樓之3","4F.-3, No. 161, Hougang St., Shilin Dist., Taipei City 11170, Taiwan (R.O.C.)","陳O綺","02-28820012","02-28810123","有","有"
"36539428","19781116","20210812","季孚企業有限公司","GIFULL ENTERPRISE CO., LTD.","臺北市內湖區康樂街151巷13號5樓","5 F., No. 13, Ln. 151, Kangle St., Neihu Dist., Taipei City 11478, Taiwan (R.O.C.)","呂O英","02-28855038","02-28856272","有","有"
"36539807","19781122","20210813","翠筠有限公司","GREEN ORCHIDS CO.","新北市新店區北新路1段64巷6之5號1樓","1 F., No. 6-5, Ln. 64, Sec. 1, Beixin Rd., Xindian Dist., New Taipei City 23147, Taiwan (R.O.C.)","鄭O筠","02-26667777","02-26668666","有","有"
"36540516","19790423","20210814","贊暉貿易有限公司","NEW ETERNAL LIGHT CO., LTD.","臺北市大安區仁愛路3段123巷12號1樓","1 F., No. 12, Ln. 123, Sec. 3, Ren’ai Rd., Da’an Dist., Taipei City 10656, Taiwan (R.O.C.)","黃O安","02-27524851","","有","有"
"36540754","20140526","20210813","榮泰電氣計器有限公司","JUNG-TAI ELECTRICAL INSTRUMENT CO., LTD.","臺北市中正區市民大道3段8號4樓401室、402室","Rm. 401, 4 F., No. 8, Sec. 3, Civic Blvd., Zhongzheng Dist., Taipei City 10058, Taiwan (R.O.C.)","高O順","02-23979905","02-23410988","有","有"
"36540760","19790720","20210814","華財企業股份有限公司","COB ENTERPRISE LTD.","新北市新店區永平街82號1樓","1 F., No. 82, Yongping St., Xindian Dist., New Taipei City 23159, Taiwan (R.O.C.)","楊O利","02-29416382","","有","有"
"36541114","19781129","20210815","正慶貿易股份有限公司","TSUNG TSUAN INDUSTRIAL CO.","臺北市松山區南京東路5段66巷22弄2號7樓","7 F., No. 2, Aly. 22, Ln. 66, Sec. 5, Nanjing E. Rd., Songshan Dist., Taipei City 10564, Taiwan (R.O.C.)","陳O淑英","02-27691118","","有","有"
"36541347","19810325","20210815","至聯工業股份有限公司","CYGNET INDUSTRIAL CO., LTD.","臺北市中正區新生南路1段50號7樓之1","7F.-1, No. 50, Sec. 1, Xinsheng S. Rd., Zhongzheng Dist., Taipei City 10059, Taiwan (R.O.C.)","陳O濱","02-23939171-6","","有","有"
"36541515","19790223","20210813","華永貿易有限公司","HWA ENG TRADING CO.","臺北市中正區博愛路91號","No. 91, Bo’ai Rd., Zhongzheng Dist., Taipei City 10045, Taiwan (R.O.C.)","陳O泰","02-23316788","02-23114672","有","有"
"36541711","19621001","20230622","扶陞貿易有限公司","HOCK SHENG TRADING CO., LTD.","臺北市士林區大南路419號8樓","8 F., No. 419, Danan Rd., Shilin Dist., Taipei City 111041, Taiwan (R.O.C.)","蘇O夫","02-25007935","","有","有"
"36541748","19790108","20210812","巨人股份有限公司","THE GIANT CO., LTD.","臺北市大同區承德路3段244號6樓","6 F., No. 244, Sec. 3, Chengde Rd., Datong Dist., Taipei City 10367, Taiwan (R.O.C.)","劉O昭","02-25862468","02-25857469","有","有"
"36542036","20081121","20081121","財團法人臺灣福音書房","JURIDICAL PARTY OF TAIWAN GOSPEL BOOK ROOM","臺北市金山南路１段７２號","NO.72, CHIN SHAN SOUTH ROAD, SEC. 1, TAIPEI CITY 10045, TAIWAN","劉O","02-27575702","02-27575700","有","有"
"36542155","19990603","20210813","普凱工業股份有限公司","POKAI TECHNOLOGY CO., LTD.","臺北市中正區和平西路2段141號之2、5樓","5 F., No. 141-2, Sec. 2, Heping W. Rd., Zhongzheng Dist., Taipei City 10066, Taiwan (R.O.C.)","林O福","02-2371-0665","2361-5607","有","有"
"36542795","19790214","20210813","威綠股份有限公司","WING LEA COMPANY LTD.","臺北市中正區館前路36號10樓","10 F., No. 36, Guanqian Rd., Zhongzheng Dist., Taipei City 10047, Taiwan (R.O.C.)","胡O辰","02-2371-3105","02-2311-6100","有","有"
"36542818","19971224","20210812","台英社圖書有限公司","TEP BOOKS CO.","臺北市大安區仁愛路3段29號13樓之2","13F.-2, No. 29, Sec. 3, Ren’ai Rd., Da’an Dist., Taipei City 10651, Taiwan (R.O.C.)","吳O文","02-27753456","02-27417863","有","有"
"36543112","19790206","20210814","大錄行貿易有限公司","TA LUH TRADING CO., LTD.","臺北市中正區衡陽路77號3樓","3 F., No. 77, Hengyang Rd., Zhongzheng Dist., Taipei City 10043, Taiwan (R.O.C.)","張O鈞","02-23719546","02-23314807","有","有"
"36543366","19831230","20210814","延億股份有限公司","YENI CORPORATION","臺北市南港區南港路3段50巷19號1樓","1 F., No. 19, Ln. 50, Sec. 3, Nangang Rd., Nangang Dist., Taipei City 11510, Taiwan (R.O.C.)","洪O忠","02-27850055","02-27852200","有","有"
"36543534","19801101","20230530","富永炭素股份有限公司","FUYUNG CARBON CO., LTD.","桃園市中壢區定寧路5號","No. 5, Dingning Rd., Zhongli Dist., Taoyuan City 320030, Taiwan (R.O.C.)","幅O弘","03-4523604","03-4515675","有","有"
"36543627","19800304","20210812","東域企業有限公司","SHINE EAST INDUSTRIAL CO., LTD.","臺北市中正區仁愛路1段6號10樓之1","10F.-1, No. 6, Sec. 1, Ren’ai Rd., Zhongzheng Dist., Taipei City 10052, Taiwan (R.O.C.)","陳O圳","02-23936507","","有","有"
"36543957","19821111","20240625","昶博企業股份有限公司","CHAMP ENTERPRISE CO., LTD.","臺北市松山區東興路12號5樓","5FL., NO.36, LANE 228, SEC.5, NANKING E. RD., SUNG SHAN DIST., TAIPEI","楊O娟","02-23912977","","有","有"
"36544132","19930525","20210814","詠德生技藥業有限公司","YUNG TEH GINSENG & CHINESE MEDICINE CO., LTD.","臺北市中正區臨沂街25巷18號","No. 18, Ln. 25, Linyi St., Zhongzheng Dist., Taipei City 10059, Taiwan (R.O.C.)","藍O晏","02-23917261","02-23917261","有","有"
"36545006","19961129","20210813","亞暉企業股份有限公司","ASIA SUN ENTERPRISE CO., LTD.","臺北市中正區北平東路24號6樓之4","6F.-4, No. 24, Beiping E. Rd., Zhongzheng Dist., Taipei City 10049, Taiwan (R.O.C.)","卓O岳","02-23411906","","有","有"
"36545028","19921228","20231013","海利電子有限公司","HAILY ELECTRONICS CO., LTD.","新北市三重區成功路28號3樓","3 F., No. 28, Chenggong Rd., Sanchong Dist., New Taipei City 241531, Taiwan (R.O.C.)","","02-2521-7909","02-2531-7191","無","無"
"36545152","20100527","20230221","集雅企業有限公司","JI YAR ENTERPRISE CO., LTD.","臺北市內湖區安康路226巷18號3樓","3 F., No. 18, Ln. 226, Ankang Rd., Neihu Dist., Taipei City 114044, Taiwan (R.O.C.)","黃O豪","02-27927132","02-27913326","無","無"
"36545300","20161013","20250122","詠豐實業股份有限公司","WORLDWIDE YUNG FENG CO., LTD.","桃園市桃園區文中路659號4樓","4 F., No. 659, Wenzhong Rd., Taoyuan Dist., Taoyuan City 330059, Taiwan (R.O.C.)","林O佑","","","有","有"
"36545358","19790305","20240704","祥俊有限公司","GOODFACE BUSINESS COMPANY","臺北市中山區長安東路2段230號10樓之10","10F.-10, No. 230, Sec. 2, Chang’an E. Rd., Zhongshan Dist., Taipei City 10492, Taiwan (R.O.C.)","","02-29615310","02-29613042","無","無"
"36545723","19970912","20210815","寶籃實業股份有限公司","BLUE MAX CO., LTD.","新北市新店區中正路531號3樓","3 F., No. 531, Zhongzheng Rd., Xindian Dist., New Taipei City 23148, Taiwan (R.O.C.)","黃O世","02-22196000","02-22188833","有","有"
"36545738","19800223","20240430","德亞樹脂股份有限公司","TOA RESIN CORPORATION LIMITED","臺北市大安區忠孝東路4段48號5樓","5 F., No. 48, Sec. 4, Zhongxiao E. Rd., Da’an Dist., Taipei City 10688, Taiwan (R.O.C.)","林O志","02-2773-9626","02-2771-4649","有","有"
"36545934","19870623","20221206","啟新生物科技股份有限公司","CREATIVE LIFE SCIENCE CO., LTD.","新北市新莊區五工五路21號3樓","3 F., No. 21, Wugong 5th Rd., Xinzhuang Dist., New Taipei City 248020, Taiwan (R.O.C.)","蔡O廷","02-22981823","02-22988100","有","有"
"36546217","19790718","20210815","三朋工業股份有限公司","H.R. SILVINE ELECTRONICS INC.","臺北市內湖區瑞光路208號3樓","3 F., No. 208, Ruiguang Rd., Neihu Dist., Taipei City 11491, Taiwan (R.O.C.)","鄭O正","02-29621186","02-29628291","有","有"
"36546440","19790403","20210813","名享國際貿易有限公司","AZONIX INTERNATIONAL CORP.","臺北市中正區忠孝東路2段122號11樓","11 F., No. 122, Sec. 2, Zhongxiao E. Rd., Zhongzheng Dist., Taipei City 10053, Taiwan (R.O.C.)","王O弘","02-23939312","","有","有"
"36546482","20010223","20210814","健榮國際有限公司","JAN RONG INTERNATIONAL CO., LTD.","臺北市大安區通化街165巷24弄6號1樓","1 F., No. 6, Aly. 24, Ln. 165, Tonghua St., Da’an Dist., Taipei City 10677, Taiwan (R.O.C.)","鄭O書","02-27387729","","有","有"
"36546976","19960613","20230324","耕信企業股份有限公司","ABUS ENTERPRISE CO., LTD.","臺北市大安區和平東路3段228巷26號1樓","1 F., No. 26, Ln. 228, Sec. 3, Heping E. Rd., Da’an Dist., Taipei City 106039, Taiwan (R.O.C.)","蔡O門","02-27337975","02-27339178","有","有"
"36547139","19791030","20221005","涵宇股份有限公司","ZETA & CO., LTD.","新北市林口區文化一路2段159號5樓","5 F., No. 159, Sec. 2, Wenhua 1st Rd., Linkou Dist., New Taipei City 244003, Taiwan (R.O.C.)","葉O玲","02-26027238","02-26027930","有","有"
"36548171","19800131","20210812","興勃企業有限公司","SHINE BOR ENTERPRISE CO., LTD.","臺北市中山區民生東路2段153號5樓","5 F., No. 153, Sec. 2, Minsheng E. Rd., Zhongshan Dist., Taipei City 10483, Taiwan (R.O.C.)","王O明","02-25638006","","有","有"
"36548313","19810124","20210813","全禾貿易有限公司","COMPACT TRADING CO., LTD.","臺北市中正區紹興北街35號5樓之8","5F.-8, No. 35, Shaoxing N. St., Zhongzheng Dist., Taipei City 10049, Taiwan (R.O.C.)","陳O","02-23932017","","有","有"
"36548518","19890223","20210813","雙有機械有限公司","SANYO MACHINERY CO., LTD.","桃園市蘆竹區新興里大竹路一一九巷六號一樓","1 F., No. 6, Ln. 119, Dazhu Rd., Xinxing Vil., Luzhu Dist., Taoyuan City 33857, Taiwan (R.O.C.)","吳O光","02-27002984","02-27063581","有","有"
"36548741","19941124","20220106","百士威科技有限公司","PATHWAY TECHNOLOGY CORPORATION","臺北市松山區光復北路95號3樓","3 F., No. 95, Guangfu N. Rd., Songshan Dist., Taipei City 10560, Taiwan (R.O.C.)","魏O屏","02-29405804","02-27677400","有","有"
"36549690","20210616","20220608","保保股份有限公司","BOBBY CO.,  LTD.","臺北市中山區新生北路2段36號13樓之6","13 F.-6, No. 36, Sec. 2, Xinsheng N. Rd., Zhongshan Dist., Taipei City 104612, Taiwan (R.O.C.)","戴O珩","02-25055677","","有","有"
"36549707","19880511","20230112","申吉貿易股份有限公司","VIFAX CO., LTD.","臺北市大安區復興南路1段70號7樓之1","7 F.-1, No. 70, Sec. 1, Fuxing S. Rd., Da’an Dist., Taipei City 106081, Taiwan (R.O.C.)","黃O慧","27133260","27127347","無","無"
"36550149","19790613","20210813","捷貿企業有限公司","JAMER ENTERPRISE COMPANY","臺北市大安區新生南路3段4號10樓","10 F., No. 4, Sec. 3, Xinsheng S. Rd., Da’an Dist., Taipei City 10660, Taiwan (R.O.C.)","傅O昌","02-23223348","02-23935535","有","有"
"36550295","19800228","20210814","金統有限公司","GEMTONE (TAIWAN) CORPORATION","臺北市松山區復興北路191號15樓之2之3","15F.-2, No. 191-3, Fuxing N. Rd., Songshan Dist., Taipei City 10596, Taiwan (R.O.C.)","王O宇","02-2717-2966","","有","有"
"36550611","19820402","20210813","崇盛股份有限公司","VQC CORPORATION","臺北市士林區至誠路1段152巷6弄6號","No. 6, Aly. 6, Ln. 152, Sec. 1, Zhicheng Rd., Shilin Dist., Taipei City 11145, Taiwan (R.O.C.)","劉O記","02-2873-5056","02-2876-8099","有","有"
"36550632","19810403","20231020","國聯矽業化學股份有限公司","EVONIK UNITED SILICA INDUSTRIAL LTD.","桃園市大園區民權路12號","No. 12, Minquan Rd., Dayuan Dist., Taoyuan City 337016, Taiwan (R.O.C.)","孫O傑SunShih-Jieh","03-3865125","03-3869085","有","有"
"36550746","19810108","20220318","聯鉅企業股份有限公司","GREAT ALLIANCE ENTERPRISE CO., LTD.","臺北市中正區忠孝西路1段7號9樓之1","9F.-1, No. 7, Sec. 1, Zhongxiao W. Rd., Zhongzheng Dist., Taipei City 10041, Taiwan (R.O.C.)","陳O","02-23313344","02-23145807","有","有"
"36551061","19850313","20221115","昇航股份有限公司","AST INSTRUMENTS CORPORATION","臺北市南港區南港路3段50巷13號3樓","3 F., No. 13, Ln. 50, Sec. 3, Nangang Rd., Nangang Dist., Taipei City 115607, Taiwan (R.O.C.)","王O祥","02-27881778","02-27864538","有","有"
"36551251","19790529","20210813","品碩有限公司","BENSON INDUSTRIAL CORPORATION","臺北市大安區羅斯福路3段283巷26號6樓","6 F., No. 26, Ln. 283, Sec. 3, Roosevelt Rd., Da’an Dist., Taipei City 10673, Taiwan (R.O.C.)","羅O玉霞","02-23639460","02-23639468","有","有"
"36551288","19810305","20210815","敬洋股份有限公司","SPI WEST PORT CORPORATION","新北市新店區民權路95號10樓","10 F., No. 95, Minquan Rd., Xindian Dist., New Taipei City 23141, Taiwan (R.O.C.)","謝O真","02-22180195","02-22190232","有","有"
"36551484","19790622","20210814","廈堡企業股份有限公司","FLORIA ENTERPRISES CO., LTD.","新北市鶯歌區光復街29號1樓","1 F., No. 29, Guangfu St., Yingge Dist., New Taipei City 23941, Taiwan (R.O.C.)","王O榮","03-4986581","03-4986583","有","有"
"36552272","19810904","20221102","斯濶企業股份有限公司","S. SQUARE ENTERPRISE CO., LTD.","新北市中和區中山路2段348巷4號3樓","3 F., No. 4, Ln. 348, Sec. 2, Zhongshan Rd., Zhonghe Dist., New Taipei City 235026, Taiwan (R.O.C.)","唐O民","02-22465101","02-22465105","有","有"
"36552836","19910522","20210813","毅欣有限公司","HAPPY ISLAND TRADING CO., LTD.","臺北市大安區復興南路1段204號6樓","6 F., No. 204, Sec. 1, Fuxing S. Rd., Da’an Dist., Taipei City 10666, Taiwan (R.O.C.)","陳O志","02-27315767","02-27787093","有","有"
"36552907","20201215","20210815","志峻企業股份有限公司","CHIH-CHUN ENTERPRISE INC.","臺北市中正區中華路1段95巷2號4樓","4 F., No. 2, Ln. 95, Sec. 1, Zhonghua Rd., Zhongzheng Dist., Taipei City 10042, Taiwan (R.O.C.)","黃O峰","02-23118509","","有","有"
"36552913","19940222","20210812","其鋒電子股份有限公司","CHEERFUL ELECTRONICS CO., LTD.","新北市新店區中正路501之11號5樓","5 F., No. 501-11, Zhongzheng Rd., Xindian Dist., New Taipei City 23148, Taiwan (R.O.C.)","謝O蕙","02-22182561","02-22184514","有","有"
"36600957","20061121","20210811","陳龍興貿易行","CHEAN LUNG SHING TRADING CO.","高雄市旗山區永和里旗文路１５６之６號１樓（營業所在地僅供辦公連絡用）","1 F., No. 156-6, Qiwen Rd., Yonghe Vil., Qishan Dist., Kaohsiung City 84251, Taiwan (R.O.C.)","陳O龍","07-6779779","","有","有"
"36601604","20191001","20210811","恒昇企業社","JANSON HARDWARE CO.","高雄市田寮區南安路168之8號","No. 168-8, Nan’an Rd., Tianliao Dist., Kaohsiung City 82344, Taiwan (R.O.C.)","張O宜","07-6362236","07-6362001","有","有"
"36602110","20091216","20210812","松話企業社","SOVA TECH CO.","嘉義縣六腳鄉蒜頭村１８８之１０號１樓","1 F., No. 188-10, Suantou, Liujiao Township, Chiayi County 61541, Taiwan (R.O.C.)","黃O斌","05-3802413","05-3800160","有","有"
"36602483","20220419","20240130","歐洲精品店","LIPIN FRAGRANCE COMPANY","屏東縣屏東市武廟里逢甲路54號","No. 54, Fengjia Rd., Wumiau Vil., Pingtung City,  Pingtung County 900012, Taiwan (R.O.C.)","蘇O蓁","0978669755","","有","有"
"36606501","20140327","20250118","台灣輕鬆騎企業社","TAIWAN EASY RIDE BUSINESS CO.","屏東縣內埔鄉東寧村南寧路116-5號1樓","1F., No. 116-5, Nanning Rd., Dongning Vil., Neipu Township,  Pingtung County 912015, Taiwan (R.O.C.)","梁O榞","08-7691818","07-7788590","有","有"
"36609319","20070808","20070808","保證責任屏東縣養殖漁業運銷合作社","PING TUNG BREED FISHERY COOPERATIVE","屏東縣枋寮鄉建興路４７０之１號","NO.470-1, JIANSING RD., FANGLIAO TOWNSHIP, PINGTUNG COUNTY 940, TAIWAN (R.O.C.)","黃O團","08-7377791","","無","無"
"36612433","20061129","20210811","吉倉企業行","CHI-TSANG STORE","屏東縣新園鄉田洋村田南路106號1樓","1 F., No. 106, Tiannan Rd., Xinyuan Township, Pingtung County 93246, Taiwan (R.O.C.)","郭O均","08-8339386","08-8686134","無","無"
"36612503","20160830","20210811","日安咖啡商行","CIAO SPECIALTY COFFEE CO.","高雄市鳥松區球場路42巷7號1樓","1 F., No. 7, Ln. 42, Qiuchang Rd., Niaosong Dist., Kaohsiung City 83341, Taiwan (R.O.C.)","張O俐","07-3707676","","有","有"
"36615419","20230303","20230303","丘比特商行","Cupid commercial Firm","嘉義市西區美源里民生南路２９４號五樓之１","5 F.-1, No. 294, Minsheng S. Rd., West Dist., Chiayi City 600019, Taiwan (R.O.C.)","謝O玲","05-2788255","05-2782215","有","有"
"36616058","20070831","20210812","億展企業社","ELONGO ENTERPRISE CO.","嘉義市西區西平里四維路５６號五樓","5 F., No. 56, Siwei Rd., Xiping Vil., West Dist., Chiayi City 60089, Taiwan (R.O.C.)","王O平","05-2221025","05-2391912","有","有"
"36618247","20220523","20220523","駿吉企業社","JIN JI WORKSHOP","高雄市鳥松區水管路８巷２４９之６號","No. 249-6, Ln. 8, Shuiguan Rd., Niaosong Dist., Kaohsiung City 83345, Taiwan (R.O.C.)","陳O育","07-7354447","","有","有"
"36619196","20061129","20210811","鴻鎰工業社","HORNG YIEH ENTERPRISE CO.","臺南市安南區理想里海佃路2段150巷110號1樓","1 F., No. 110, Ln. 150, Sec. 2, Haidian Rd., Lixiang Vil., Annan Dist., Tainan City 70952, Taiwan (R.O.C.)","張O芬","06-2478201","06-2478202","有","有"
"36619816","20180102","20210811","永興蔘藥舖","YONGXING GINSENG CO.","屏東縣高樹鄉田子村勝利路４３－３號１樓","1 F., No. 43-3, Shengli Rd., Gaoshu Township, Pingtung County 90643, Taiwan (R.O.C.)","陳O賢","0968026918","","有","有"
"36622538","20061130","20210812","金昌貿易商行","CHIN CHANG MERCHANDISE CO.","屏東縣潮州鎮三共里振興路60號1樓","1 F., No. 60, Zhenxing Rd., Sangong Vil., Chaozhou Township, Pingtung County 92050, Taiwan (R.O.C.)","廖O逸","02-26548457","","有","有"
"36623591","20061205","20210811","全昱企業社","CHEUAN YUH ENTERPRISE CO.","高雄市鳳山區過仁街60號14樓","14 F., No. 60, Guoren St., Fengshan Dist., Kaohsiung City 83093, Taiwan (R.O.C.)","潘O萍","07-6419595","07-6429595","有","有"
"36625900","20171127","20210812","名家藝品店","Ming Chia Art Shop","嘉義縣大林鎮明和里忠孝路１０鄰５１５號","No. 515, Zhongxiao Rd., 10th Neighborhood, Minghe Vil., Dalin Township, Chiayi County 62241, Taiwan (R.O.C.)","賴O佳勳","0905356852","","有","有"
"36627251","20161227","20210811","舜芳工程企業社","SHUN FANG ENGINEERING CO","嘉義市西區磚磘里永康一街４１號一樓","1 F., No. 41, Yongkang 1st St., West Dist., Chiayi City 60089, Taiwan (R.O.C.)","魏O碧蘭","05-2355848","","無","無"
"36628174","20070130","20220304","翔順企業行","HSIANG SHUN CO.","屏東縣萬丹鄉廣安村廣安路２６６巷３號１樓","1 F., No. 3, Ln. 266, Guang’an Rd., Wandan Township, Pingtung County 91347, Taiwan (R.O.C.)","林O鑫","(08)7770808","08-7770808","有","有"
"36628316","20120517","20210811","千玉企業社","CIAN YU CO.","嘉義縣水上鄉寬士村崎子頭２２之１５１號１樓","1 F., No. 22-151, Qizitou, Shuishang Township, Chiayi County 60843, Taiwan (R.O.C.)","蕭O卿","0928776047","","有","有"
"36629687","20110303","20210811","晟鑫企業行","SHENG SHINE CO.","高雄市楠梓區大學十三街19號1樓","1 F., No. 19, Daxue 13th St., Nanzi Dist., Kaohsiung City 81148, Taiwan (R.O.C.)","李O","0912-106109","07-3656655","有","有"
"36629878","20230620","20240927","辰邦環保實業社","CHEN BANG ENVIRONMENTAL SERVICE COMPANY","高雄市鳳山區永和街20巷3之5號","No. 3-5, Ln. 20, Yonghe St., Fengshan Dist., Kaohsiung City 830051, Taiwan (R.O.C.)","黃O茱","0972208168","","有","有"
"36642324","20110322","20250312","阿美亞水果商行","AMEIA FRUIT CO.","臺南市南區南華里中華南路2段300巷30弄31號1樓","1 F., No. 31, Aly. 30, Ln. 300, Sec. 2, Zhonghua S. Rd., Nanhua Vil., South Dist., Tainan City 702026, Taiwan (R.O.C.)","黃O美","06-2360606#401","","有","有"
"36642680","20110627","20210812","西拉雅農產品行","SIRAYA AGRICULTURIST CO.","臺南市新營區忠政里中正路39巷33之1號（2樓）","2 F., No. 33-1, Ln. 39, Zhongzheng Rd., Zhongzheng Vil., Xinying Dist., Tainan City 73041, Taiwan (R.O.C.)","何O杰","06-6335333","06-6335359","有","有"
"36643013","20181016","20230510","詠川行","YUNG CHUAN STORE","嘉義縣布袋鎮考試里鹿寮仔65號附3","No. 65-3, Luliaozai, Kaoshi Vil., Budai Township, Chiayi County 625006, Taiwan (R.O.C.)","林O霖","0911201061","","有","有"
"36644982","20070130","20221209","亞聖企業社","YAH SHENQ CO.","高雄市湖內區大湖里中山路１段４２０巷８４號１樓","1 F., No. 84, Ln. 420, Sec. 1, Zhongshan Rd., Dahu Vil., Hunei Dist., Kaohsiung City 829003, Taiwan (R.O.C.)","謝O霖","07-6933920","","有","有"
"36645434","20100810","20221224","佳銘企業社","JIA MING WORLD COMPANY","高雄市湖內區海山里和平路１４８巷２弄９號１樓（營業所在地僅供辦公連絡用）","1 F., No. 9, Aly. 2, Ln. 148, Heping Rd., Haishan Vil., Hunei Dist., Kaohsiung City 829005, Taiwan (R.O.C.)","劉O志","07-6996779","","無","無"
"36645618","20080724","20210811","新立達機械廠","SHIN LI DA MACHINERY WORKS","高雄市路竹區大仁路８７５號１樓","1 F., No. 875, Daren Rd., Luzhu Dist., Kaohsiung City 82144, Taiwan (R.O.C.)","林O聖","07-6964075","","有","有"
"36645716","20070404","20210811","元鈦企業社","XIN YUAN TAI COMPANY","高雄市茄萣區保定里金鑾路１７１號１樓","1 F., No. 171, Jinluan Rd., Baoding Vil., Qieding Dist., Kaohsiung City 85242, Taiwan (R.O.C.)","歐O龍","07-6922959","07-6922959","無","無"
"36646145","20070124","20210812","宏迎企業行","HOMG YING INDUSTRIAL CO.","臺南市麻豆區東角里信義路113號1樓","1 F., No. 113, Xinyi Rd., Dongjiao Vil., Madou Dist., Tainan City 72142, Taiwan (R.O.C.)","蔡O宏","06-5716367","06-5724442","有","有"
"36648592","20070606","20210812","樹發園藝行","SHU FA GARDENING CO.","屏東縣高樹鄉高樹村南興路２－３３號","No. 2-33, Nanxing Rd., Gaoshu Township, Pingtung County 90646, Taiwan (R.O.C.)","賴O宏","08-7960000","08-7965766","有","有"
"36651337","20070122","20241219","綠藝企業社","GREEN ART TECHNOLOGY CO.","臺南市佳里區六安里延平路577巷16弄15號1樓","1 F., No. 15, Aly. 16, Ln. 577, Yanping Rd., Liu’an Vil., Jiali Dist., Tainan City 722001, Taiwan (R.O.C.)","尹O󼂩","06-7232256","06-7214239","有","有"
"36658583","20080506","20230617","昌弘企業社","CH'ANG HUNG CO.","嘉義縣新港鄉中洋村後厝子30號","No. 30, Houcuozi, Zhongyang Vil., Xingang Township,  Chiayi County , Taiwan (R.O.C.)","翁O珍","05-3773505","","有","有"
"36662221","20080214","20220809","冠自然機械五金企業社","FIRST NATURAL MACHINERY HARDWARE ENTERPRISE CO.","臺南市善化區小新里成功路3巷22弄108號1樓","1 F., No. 108, Aly. 22, Ln. 3, Chenggong Rd., Xiaoxin Vil., Shanhua Dist., Tainan City 741012, Taiwan (R.O.C.)","鄒O閎","06-5851021","06-5839579","有","有"
"36662622","20070208","20230925","群睿應用材料行","CHYUN RUEY MACHINERY CO.","臺南市南區再興里新城街57號2樓","2 F., No. 57, Xincheng St., Zaixing Vil., South Dist., Tainan City 70247, Taiwan (R.O.C.)","王O斌","06-2653726","06-2653916","有","有"
"36663116","20070205","20221016","新天然生技企業行","GREENNU COMPANY","高雄市大寮區四維路２６３號１樓","1 F., No. 263, Siwei Rd., Daliao Dist., Kaohsiung City 831117, Taiwan (R.O.C.)","陳O芳","07-7017497","","有","有"
"36664369","20110510","20210811","東鋒企業社","EAST FRONT ENTERPRISE CO.","嘉義縣水上鄉水頭村中興路133號","No. 133, Zhongxing Rd., Shuishang Township, Chiayi County 60851, Taiwan (R.O.C.)","東O發","05-2685699","","有","有"
"36664522","20070123","20240827","佰力科技企業社","Pallet Tech Co.","臺南市東區大同里大同路１段173號8樓","8 F., No. 173, Sec. 1, Datong Rd., Datong Vil., East Dist., Tainan City 701010, Taiwan (R.O.C.)","周O程","+886921683110","","有","有"
"36664543","20161021","20210812","嘉鋐行","CHYA HONG HANG","高雄市大寮區江山路４５之２２號１１樓","11 F., No. 45-22, Jiangshan Rd., Daliao Dist., Kaohsiung City 83141, Taiwan (R.O.C.)","陳O文","0933328878","07-7033066","有","有"
"36665043","20150623","20210811","乙駿五金機械行","E-CHUN HARDWARE MACHINERY CO.","高雄市鳳山區頂興街１８２號１樓","1 F., No. 182, Dingxing St., Fengshan Dist., Kaohsiung City 83093, Taiwan (R.O.C.)","許O軒","07-7877224","07-7878245","有","有"
"36665156","20181023","20250221","立新廣告企業社","LI SHIN ADVERTISING COMPANY","臺南市南區喜東里明興路611巷91號","No. 91, Ln. 611, Mingxing Rd., Xidong Vil., South Dist., Tainan City 702030, Taiwan (R.O.C.)","王O綺","06-2648678","06-2632603","有","有"
"36665888","20230320","20230320","專利企業社","jhuan li Company","嘉義縣中埔鄉裕民村石頭厝17之7號一樓","1 F., No. 17-7, Shitoucuo, Zhongpu Township, Chiayi County 606004, Taiwan (R.O.C.)","李O祥","05-2385862","","有","有"
"36671447","20070529","20210812","承恩行","CHENNEN STORE","高雄市楠梓區土庫五路216號1樓","1 F., No. 216, Tuku 5th Rd., Nanzi Dist., Kaohsiung City 81164, Taiwan (R.O.C.)","黃O豪","07-3854411","","有","有"
"36671713","20120330","20210811","網路通數位行銷","IGIRL CO.","臺中市西區公舘里民興街１０５號１樓","1 F., No. 105, Minxing St., West Dist., Taichung City 40346, Taiwan (R.O.C.)","蘇O崑","06-3037621","06-3037612","有","有"
"36673536","20070303","20210811","昌信履帶企業社","CHANG-XIN TRACK COMPANY","高雄市大社區嘉誠路３６號１樓","1 F., No. 36, Jiacheng Rd., Dashe Dist., Kaohsiung City 81546, Taiwan (R.O.C.)","許O?佳","07-3519810","07-3519810","無","無"
"36674205","20140717","20250208","福得行","FWU DE HANG","高雄市大寮區鳳林二路３４１號","No. 341, Fenglin 2nd Rd., Daliao Dist., Kaohsiung City 831129, Taiwan (R.O.C.)","郭O蘭","07-7921808","07-7921841","有","有"
"36674612","20150921","20230414","信龍企業社","DAMEI.DAMEI CO.","臺南市麻豆區清水里溝子墘1之16號","No. 1-16, Gouziqian, Qingshui Vil., Madou Dist., Tainan City 721012, Taiwan (R.O.C.)","胡O燕","06-5712503","06-5717708","有","有"
"36674649","20150612","20210811","慶家食品行","KIMGAD FOOD CO.","臺南市安平區建平里中華西路2段357號1樓","1 F., No. 357, Sec. 2, Zhonghua W. Rd., Jianping Vil., Anping Dist., Tainan City 70847, Taiwan (R.O.C.)","黃O清","06-2980766","06-2971591","有","有"
"36676554","20220610","20220610","殼生實業行","KE SHEMG CO.","屏東縣佳冬鄉石光村民有街２號１樓","1 F., No. 2, Minyou St., Jiadong Township, Pingtung County 931003, Taiwan (R.O.C.)","戴O雄","08-8663895","","有","有"
"36678618","20070308","20210811","興謀企業社","SIN MOU ENTERPRISE CO.","臺南市中西區萬昌里青年路194號2樓（僅供辦公室使用）","2 F., No. 194, Qingnian Rd., Wanchang Vil., West Central Dist., Tainan City 70044, Taiwan (R.O.C.)","張O謀","02-29767500","","無","無"
"36678770","20070306","20210812","泓達實業廠","MARKRIGHT ENTERPRISE FACTORY","臺南市永康區塩行里中正五街11巷8號1樓","1 F., No. 8, Ln. 11, Zhongzheng 5th St., Yongkang Dist., Tainan City 71066, Taiwan (R.O.C.)","趙O旺","06-2433366","06-2438120","有","有"
"36682660","20210924","20221007","登豐礦業國際企業社","Deng Fong ore Co.","臺南市安南區溪東里安富街21巷75號1樓","1 F., No. 75, Ln. 21, Anfu St., Xidong Vil., Annan Dist., Tainan City 709022, Taiwan (R.O.C.)","吳O凱","06-2511808","","有","有"
"36683400","20070410","20210812","東泰貿易興業社","HEXSTAR CO.","高雄市梓官區梓官路１７３號１樓","1 F., No. 173, Ziguan Rd., Ziguan Dist., Kaohsiung City 82641, Taiwan (R.O.C.)","陳O辰","07-6173666","07-6173666","有","有"
"36683746","20210922","20210922","天德工程行","TIAN DE ENGINEERING CO.","高雄市岡山區後紅里大德三路２８巷２０號１樓（營業所在地僅供辦公連絡用）","1 F., No. 20, Ln. 28, Dade 3rd Rd., Houhong Vil., Gangshan Dist., Kaohsiung City 82054, Taiwan (R.O.C.)","柳O華","07-6220835","","有","有"
"36683936","20070419","20210811","濠洤花卉","JUST GOOD FLOWERS CO.","高雄市美濃區龍山里龍山街１８號１樓","1 F., No. 18, Longshan St., Longshan Vil., Meinong Dist., Kaohsiung City 84346, Taiwan (R.O.C.)","宋O蓮","07-6850177-8","07-6850179","有","有"
"36685408","20240308","20240308","保證責任屏東縣永興果菜運銷合作社","Pingdong County Yongxing Fruits & Vegetables Market Cooperative","屏東縣南州鄉七塊村復興路22號","No. 22, Fuxing Rd., Nanzhou Township, Pingtung County 926001, Taiwan (R.O.C.)","曾O謨","08-8647159","08-8643259","有","有"
"36685532","20231222","20231222","南駿鋼索五金行","NAN JYUN STEEL CABLE & HARDWARE SHOP","臺南市永康區尚頂里中正南路230號1樓","1 F., No. 230, Zhongzheng S. Rd., Shangding Vil., Yongkang Dist., Tainan City 710033, Taiwan (R.O.C.)","高O元","06-2435792","06-2434967","有","有"
"36690850","20081202","20210812","創豐企業社","CHUANG FONGE CO.","屏東縣屏東市永安里棒球路１０６巷２８號１樓","1 F., No. 28, Ln. 106, Bangqiu Rd., Yong’an Vil., Pingtung City, Pingtung County 90090, Taiwan (R.O.C.)","楊O原","08-7538991","08-7513150","有","有"
"36690970","20150512","20210811","建興機械工程","JIAN SHING MACHINERY CO.","嘉義縣東石鄉塭港村塭港１６５號","No. 165, Wengang, Dongshi Township, Chiayi County 61443, Taiwan (R.O.C.)","蔡O谷","05-3623789","05-3623818","有","有"
"36691730","20150612","20220831","欣欣玻璃行","SIN SIN GLASS CO.","高雄市鳳山區瑞興路１９６號２樓","2 F., No. 196, Ruixing Rd., Fengshan Dist., Kaohsiung City 83056, Taiwan (R.O.C.)","馬O維","07-7453306","07-7459146","有","有"
"36693879","20180328","20210811","金園商行","JIN YUAN LEMON FRUIT FIRM","屏東縣里港鄉載興村載興路６８－１號","No. 68-1, Zaixing Rd., Ligang Township, Pingtung County 90543, Taiwan (R.O.C.)","鄒O珊","08-7938819","","有","有"
"36694700","20230725","20230725","傳藝彩繪工作室","inherited Co.","嘉義市東區興村里過溪１１０之１３號一樓","1 F., No. 110-13, Guoxi, Xingcun Vil., East Dist., Chiayi City 600038, Taiwan (R.O.C.)","陳O賜","0980360600","","有","有"
"36694883","20160812","20221020","伊莎貝企業社","ISABEL MUSIC EDUCATION COMPANY","嘉義市西區保福里國安三街９號二樓","2 F., No. 9, Guo'an 3rd St., Baofu Vil., West Dist., Chiayi City 600083, Taiwan (R.O.C.)","石O嵉","0959933618","","無","無"
"36695932","20130311","20210811","葡記食品行","PUJI FOOD CO.","臺南市安南區淵中里安中路4段290巷300號1樓","1 F., No. 300, Ln. 290, Sec. 4, Anzhong Rd., Yuanzhong Vil., Annan Dist., Tainan City 70961, Taiwan (R.O.C.)","陳O亮","06-2462556","06-2460676","有","有"
"36696664","20090211","20230609","廣璊農產行","GOGNG MAAN CO.","臺南市麻豆區東角里民生路17之5號1樓","1 F., No. 17-5, Minsheng Rd., Dongjiao Vil., Madou Dist., Tainan City 721002, Taiwan (R.O.C.)","許O雲","06-5719428","","有","有"
"36696812","20200501","20230706","饕友小吃店","Gluttonous snack bar","臺南市永康區大橋里中華路738號1樓","1 F., No. 738, Zhonghua Rd., Daqiao Vil., Yongkang Dist., Tainan City 710009, Taiwan (R.O.C.)","周O翰","06-2083931","","無","無"
"36697349","20240117","20240117","展樂音響社","Open Music Audio Center Co.","臺南市安平區怡平里慶平路390號1樓","1 F., No. 390, Qingping Rd., Yiping Vil., Anping Dist., Tainan City 708005, Taiwan (R.O.C.)","邱O棟","","","有","有"
"36697690","20141106","20210811","立晟鞋材行","LISHENG SHOES MATERIAL CO.","臺南市安南區溪墘里海佃路1段372巷20號2樓","2 F., No. 20, Ln. 372, Sec. 1, Haidian Rd., Xiqian Vil., Annan Dist., Tainan City 70951, Taiwan (R.O.C.)","羅O淳","06-2563399","06-2476517","無","無"
"36700359","20190722","20210812","尖美企業行","JAN MEI ENTERPRISE CO.","屏東縣里港鄉塔樓村塔樓路16之2號","No. 16-2, Talou Rd., Ligang Township, Pingtung County 90541, Taiwan (R.O.C.)","莊O夫","07-3834286","07-3850003","有","有"
"36700463","20181228","20241231","綿工坊寢具","COTTON & BEDDING WORKSHOP","高雄市岡山區後興北路79號1樓","1 F., No. 79, Houxing N. Rd., Gangshan Dist., Kaohsiung City 820009, Taiwan (R.O.C.)","邱O瑩","07-6233758","07-6233758","有","有"
"36700870","20200603","20210811","建統環保工程行","JIAN TUNG ENVIRONMENTAL PROTECTION CO.","屏東縣內埔鄉黎明村黎東路547巷33號","No. 33, Ln. 547, Lidong Rd., Neipu Township, Pingtung County 91246, Taiwan (R.O.C.)","林O智","08-7623206","","有","有"
"36702477","20221003","20221003","天祥木炭行","Intertek charcoal row Co.","高雄市大樹區興山路50之7號","No. 50-7, Xingshan Rd., Dashu Dist., Kaohsiung City 840006, Taiwan (R.O.C.)","吳O慧","07-6511636","","有","有"
"36704995","20121226","20211120","芬芳園企業社","FRAGRANT GARDEN COMPANY","嘉義市西區福安里八德路５１號一樓","1 F., No. 51, Bade Rd., Fu’an Vil., West Dist., Chiayi City 60085, Taiwan (R.O.C.)","何O芳","05-2318792","05-2837589","有","有"
"36705185","20110909","20210812","萬進企業社","WAN JIN MACHINE BUSINESS CO.","嘉義市西區保生里自由路５１０號十六樓之一","16F.-1, No. 510, Ziyou Rd., Baosheng Vil., West Dist., Chiayi City 60093, Taiwan (R.O.C.)","郭O嬪","05-2335582","05-2335592","有","有"
"36705538","20121120","20210812","潤皂房","ZEN SOAP HOUSE","嘉義市東區中央里光華路１２９號一樓","1 F., No. 129, Guanghua Rd., Zhongyang Vil., East Dist., Chiayi City 60045, Taiwan (R.O.C.)","王O娟","05-2291999","05-2290029","有","有"
"36706558","20240425","20240425","正昇行","Zheng Sheng Farm Machinery Workshop","嘉義市西區劉厝里大富西街２８號一樓","1F., No. 28, Dafu W. St., West Dist., Chiayi City 600028 , Taiwan (R.O.C.)","黃O宏","05-2843023","","有","有"
"36706804","20110622","20210812","冠允企業社","GUAN YUN AGRICULTURE COMPANY","嘉義市西區福全里友和路１０１號一樓","1 F., No. 101, Youhe Rd., Fuquan Vil., West Dist., Chiayi City 60088, Taiwan (R.O.C.)","賴O姿","05-2376699","05-2384501","有","有"
"36707085","20230807","20230807","將正企業社","jiang zheng ENTERPRISE Co.","嘉義市東區荖藤里忠孝路７９８巷２７弄３５號一樓","1 F., No. 35, Aly. 27, Ln. 798, Zhongxiao Rd., Laoteng Vil., East Dist., Chiayi City 600052, Taiwan (R.O.C.)","湯O德","05-2209502","","有","有"
"36707584","20140722","20210811","增山企業社","TZENG SHAN ENTERPRISE CO.","嘉義市東區後湖里保仁一街６３號一樓","1 F., No. 63, Baoren 1st St., Houhu Vil., East Dist., Chiayi City 60079, Taiwan (R.O.C.)","黃O霖","05-2710618","","有","有"
"36709491","20120104","20210811","美人鞋窩企業社","BEAUTY SHOES NET CO.","嘉義市西區磚磘里永康一街１４巷７號一樓","1 F., No. 7, Ln. 14, Yongkang 1st St., West Dist., Chiayi City 60089, Taiwan (R.O.C.)","蘇O晴","05-2844857","","有","有"
"36709746","20181211","20210812","承順溫網室工程行","Cheng Shun Greenhouse Engineering Co.","嘉義市西區新西里老吸街２２號一樓","1 F., No. 22, Laoxi St., Xinxi Vil., West Dist., Chiayi City 60054, Taiwan (R.O.C.)","呂OO","05-2387575","05-2385500","有","有"
"36710363","20181002","20210811","雷浦企業社","LeiPu Company","嘉義市東區義教里義教街７３１巷１９弄１６號一樓","1 F., No. 16, Aly. 19, Ln. 731, Yijiao St., Yijiao Vil., East Dist., Chiayi City 60073, Taiwan (R.O.C.)","余O熹","05-3775226","","有","有"
"36711481","20120313","20210811","福茂鑫商行","LINFAIR XIN FIRM","嘉義縣新港鄉月眉村月眉潭2號1樓","1 F., No. 2, Yuemeitan, Xingang Township, Chiayi County 61692, Taiwan (R.O.C.)","林O軒","05-3775158","","有","有"
"36711882","20120409","20211204","長和企業社","CHANG HERMANY ENTERPRISE CO.","嘉義縣水上鄉寬士村崎仔頭28之347號一樓","1 F., No. 28-347, Qizitou, Shuishang Township, Chiayi County 60843, Taiwan (R.O.C.)","蔡O懷","05-2840355","","有","有"
"36712340","20210316","20210811","冠權商行","Chiayi guan cyuan trading company","嘉義市西區福安里國城二街１２０號一樓","1 F., No. 120, Guocheng 2nd St., Fu’an Vil., West Dist., Chiayi City 60096, Taiwan (R.O.C.)","張O貴","05-2328282","05-2310986","有","有"
"36712405","20120522","20210812","珍家企業社","CHEN CHIA SEAFOOD ENTERPRISE CO.","嘉義市西區文化里忠義街８８號一樓","1 F., No. 88, Zhongyi St., Wenhua Vil., West Dist., Chiayi City 60046, Taiwan (R.O.C.)","王O臻","05-2239153","05-2787240","有","有"
"36713474","20230323","20230323","正新土木包工業","JHENG SIN Company","嘉義市西區福民里福州一街３６號一樓","1 F., No. 36, Fuzhou 1st St., Fumin Vil., West Dist., Chiayi City 600027, Taiwan (R.O.C.)","黃O隆","05-2352363","","無","無"
"36713663","20120723","20210811","果林企業社","GUO LIN ENTERPRISE CO.","嘉義市東區中庄里忠孝路４６５號一樓","1 F., No. 465, Zhongxiao Rd., Zhongzhuang Vil., East Dist., Chiayi City 60080, Taiwan (R.O.C.)","邱O盛","05-2782748","05-2715577","有","有"
"36713679","20120807","20210812","東豐包裝國際企業社","PACK & DIVERSITY COMPANY","嘉義縣水上鄉忠和村紅毛寮1-88號1樓","1 F., No. 1-88, Hongmaoliao, Shuishang Township, Chiayi County 60854, Taiwan (R.O.C.)","郭O德","05-2680112","","無","無"
"36716710","20181218","20181218","有限責任臺南市平安照顧服務勞動合作社","Tainan City SHALOM Care Service Cooperative","台南市新營區建業路213號","No.213, Jianye Rd., Xinying Dist., Tainan City 730, Taiwan (R.O.C.)","黃O富","06-6565312","06-6565334","有","有"
"36717909","20160323","20240807","長慶企業社","CHANG CING  COMPANY","臺南市佳里區海澄里番子寮206之8號1樓","1 F., No. 206-8, Fanziliao, Haicheng Vil., Jiali Dist., Tainan City 722037, Taiwan (R.O.C.)","楊O峯","06-7943979","06-7945345","有","有"
"36723655","20220527","20230707","邦頡戶外休閒用品","PANG CHIEH GEARS Co.","臺南市東區富強里中華東路2段236號1樓","1F., No. 236, Sec. 2, Zhonghua E. Rd., Fuqiang Vil., East Dist.,  Tainan City 701044, Taiwan (R.O.C.)","王O娟","06-2880026#16","","有","有"
"36724036","20120523","20210812","輕鬆企業社","HSIAO'S MARKETING COMPANY","高雄市路竹區社東里大社路５９９巷２號１樓","1 F., No. 2, Ln. 599, Dashe Rd., Shedong Vil., Luzhu Dist., Kaohsiung City 82141, Taiwan (R.O.C.)","蕭O伶","07-6966615","07-6073269","有","有"
"36725507","20110531","20110531","屏東縣鹽埔鄉養殖協會","PINGTUNG COUNTY YANPU TOWNSHIP AQUACULTURE ASSOCIATION","屏東縣鹽埔鄉鹽中村民族路３７－１號","NO.37-1, MINZU RD., YANPU TOWNSHIP, PINGTUNG COUNTY 907, TAIWAN (R.O.C.)","呂O嘉","08-7935025","08-7936593","有","有"
"36729855","20110307","20230616","向日葵眼鏡實業社","BOKO GLASSES ENTERPRISE CO.","屏東縣潮州鎮三共里永和路21號1樓","1 F., No. 21, Yonghe Rd., Sangong Vil., Chaozhou Township, Pingtung County 920008, Taiwan (R.O.C.)","陳O隆","08-7808469","08-7890404","有","有"
"36731493","20141212","20210811","鉅騰電機企業社","JU TENG ELECTRIC MACHINERY CO.","屏東縣新園鄉田洋村田南路118號1樓","1 F., No. 118, Tiannan Rd., Xinyuan Township, Pingtung County 93246, Taiwan (R.O.C.)","謝O呈","08-8681880","08-8681849","有","有"
"36731769","20180608","20230414","元達商行","Yuan  Da Trading  Company","屏東縣屏東市清溪里清寧街185巷10弄9號","No. 9, Aly. 10, Ln. 185, Qingning St., Qingxi Vil., Pingtung City,  Pingtung County 900, Taiwan (R.O.C.)","鄭O坤","08-7527653","08-7526732","有","有"
"36732140","20130506","20241224","原方位企業社","YUAN FANG WEI CO.","屏東縣霧臺鄉大武村東川巷５４號1樓","1F., No. 54, Dongchuan Ln., Dawu Vil., Wutai Township,  Pingtung County 902003, Taiwan (R.O.C.)","步O勁","08-7629311","","有","有"
"36732296","20120614","20210812","元利石材企業社","YEUN LIH ENTERPRISE COMPANY","屏東縣潮州鎮五魁里晉江路1之4號","No. 1-4, Jinjiang Rd., Wukui Vil., Chaozhou Township, Pingtung County 92051, Taiwan (R.O.C.)","鄞O樹","08-7881350","08-7883386","有","有"
"36732970","20110613","20220930","艾彤國際企業社","AITUNG INTERNATIONAL TRADING COMPANY","屏東縣內埔鄉東寧村勝利路256號1樓","1F., No. 256, Shengli Rd., Dongning Vil., Neipu Township,  Pingtung County 912019, Taiwan (R.O.C.)","湯O恩","08-7782015","08-7782015","無","無"
"36733555","20110623","20210812","妍色手作坊","SBVENDOR CO.","屏東縣恆春鎮山海里山海路60號1樓","1 F., No. 60, Shanhai Rd., Shanhai Vil., Hengchun Township, Pingtung County 94646, Taiwan (R.O.C.)","邵O齡","0422466116","","無","無"
"36734317","20121004","20210812","雪萊企業行","SHELLEY ENTERPRISE CO.","屏東縣竹田鄉大湖村大平路62-1號","No. 62-1, Daping Rd., Zhutian Township, Pingtung County 91141, Taiwan (R.O.C.)","陳O仲","08-7861100","08-7886641","有","有"
"36734344","20120720","20221227","聖鯛水產科技","SHENG DIAO AQUATIC TECHNOLOGIES CO.","屏東縣新埤鄉建功村建新路50之10號","No. 50-10, Jianxin Rd., Jiangong Vil., Xinpi Township,  Pingtung County 925022, Taiwan (R.O.C.)","黃O聖","08-7971215","08-7971088","無","無"
"36734549","20181115","20210811","大米音樂製作工作室","Dami Music Production Studio","屏東縣屏東市大連里豐年街205之1號2樓","2 F., No. 205-1, Fengnian St., Dalian Vil., Pingtung City, Pingtung County 90055, Taiwan (R.O.C.)","林O涵","02-26033598","","有","有"
"36735110","20110816","20210811","新聖國際企業社","SHIN SHENG INTERNATIONAL DEVELOPMENT CO.","屏東縣屏東市潭墘里崇陽街2號1樓","1 F., No. 2, Chongyang St., Tanqian Vil., Pingtung City, Pingtung County 90070, Taiwan (R.O.C.)","楊O耀","08-7323507","08-7323507","無","無"
"36735266","20150714","20220902","台山咖啡工作坊","TAI SUN TAIWAN COFFEE CO.","屏東縣長治鄉崙上村中興路433巷15號1樓","1 F., No. 15, Ln. 433, Zhongxing Rd., Changzhi Township, Pingtung County 90845, Taiwan (R.O.C.)","胡O鳳","08-7621656","","有","有"
"36736265","20120530","20210811","寰宇精品咖啡館","ESKE PLACE COFFEE HOUSE","屏東縣屏東市豐榮里民享路142號","No. 142, Minxiang Rd., Fengrong Vil., Pingtung City, Pingtung County 90051, Taiwan (R.O.C.)","李O如","08-7226266","","有","有"
"36736482","20130823","20210811","福興種苗行","FU SHIN SEED CO.","屏東縣長治鄉繁華村中山路1之6號","No. 1-6, Zhongshan Rd., Changzhi Township, Pingtung County 90842, Taiwan (R.O.C.)","吳O霖","0921-207895","08-7626199","有","有"
"36737855","20130816","20230117","萊法堆高機企業行","LEVIN FA MACHINE CO.","屏東縣屏東市維新里昆明街69號1樓","1 F., No. 69, Kunming St., Weixin Vil., Pingtung City, Pingtung County 900009, Taiwan (R.O.C.)","林O昌","08-7520753","","無","無"
"36739050","20171030","20210811","松誼企業社","SONG YI CATERING ENTERPRISE CO.","屏東縣恆春鎮墾丁里墾丁路231號1樓","1 F., No. 231, Kending Rd., Kending Vil., Hengchun Township, Pingtung County 94644, Taiwan (R.O.C.)","游O玲","08-8862666","08-8862669","有","有"
"36740063","20120130","20210812","雲嘉企業社","YJ CHEN CO.","屏東縣萬丹鄉四維村光榮街26號1樓","1 F., No. 26, Guangrong St., Wandan Township, Pingtung County 91350, Taiwan (R.O.C.)","陳O嘉","08-7323426","08-7338660","有","有"
"36740079","20120210","20210812","森禾國際貿易實業社","HEBERDEN 999 INDUSTRY CO.","屏東縣屏東市瑞光里瑞光路一段90之1號","No. 90-1, Sec. 1, Ruiguang Rd., Ruiguang Vil., Pingtung City, Pingtung County 90045, Taiwan (R.O.C.)","楊O玲","08-7216033","08-7211459","有","有"
"36740417","20200917","20221226","永旭飾品百貨商行","Yong Xu Accessory Shop","屏東縣南州鄉米崙村中興路73號2樓","2F., No. 73, Zhongxing Rd., Milun Vil., Nanzhou Township,  Pingtung County 926003, Taiwan (R.O.C.)","林O帆","08-8642612","","有","有"
"36740710","20191113","20210812","晟富重機械企業行","YOU JIAN MACHINERY COMPANY","屏東縣佳冬鄉羌園村羌光路3之47號","No. 3-47, Qiangguang Rd., Jiadong Township, Pingtung County 93143, Taiwan (R.O.C.)","高O坪","08-8671323","","有","有"
"36742040","20151110","20210812","德新資訊科技","DE XIN ZI XUN KE JI CO.","屏東縣屏東市大連里建豐路228號","No. 228, Jianfeng Rd., Dalian Vil., Pingtung City, Pingtung County 90055, Taiwan (R.O.C.)","蔡O文","08-7361025","","有","有"
"36742132","20120402","20210812","福邦企業社","FU HUA PANG ENTERPRISE CO.","屏東縣萬丹鄉香社村中興路一段161號1樓","1 F., No. 161, Sec. 1, Zhongxing Rd., Wandan Township, Pingtung County 91344, Taiwan (R.O.C.)","李O豪","08-7775666","08-7771760","有","有"
"36743224","20230301","20230301","焱芝手工皂坊","YanzSoap CO.","屏東縣麟洛鄉麟趾村中正路59號1樓","1 F., No. 59, Zhongzheng Rd., Linluo Township, Pingtung County 909141, Taiwan (R.O.C.)","吳O芝","0938-192285","","有","有"
"36743667","20201006","20210811","佳宏農業資材行","JIA HUNG AGRICULTURAL MATERIAL FIRM","屏東縣屏東市北勢里公正三街47號","No. 47, Gongzheng 3rd St., Beishi Vil., Pingtung City, Pingtung County 90062, Taiwan (R.O.C.)","林O宏","0937388853","","有","有"
"36744390","20211008","20211008","利崧水產行","LI SONG SEAFOOD COMPANY","屏東縣枋山鄉加祿村嘉和路30號","No. 30, Jiahe, Fangshan Township, Pingtung County 94150, Taiwan (R.O.C.)","莊O旭","0958611892","","有","有"
"36745567","20211124","20241204","艾莉莎美學文創坊","Alisa Art Studio","臺東縣臺東市中山里中山路３９３號七樓之十","7 F.-10, No. 393, Zhongshan Rd., Zhongshan Vil., Taitung City, Taitung County 950003, Taiwan (R.O.C.)","李O蓁","08-9336549","","有","有"
"36747404","20130110","20210811","海音國際貿易行","HEINE INTERNATIONAL COMMERCE HANG","臺東縣臺東市大同里廣東路一二六號","No. 126, Guangdong Rd., Datong Vil., Taitung City, Taitung County 95042, Taiwan (R.O.C.)","徐O輝","05-3623495","","有","有"
"36749705","20241008","20241008","欣達室內裝修工程行","Xinda Interior Decoration Engineering Co.","臺東縣臺東市豐安里仁昌街一二九號","No. 129, Renchang St., Feng'an Vil., Taitung City, Taitung County 950018, Taiwan (R.O.C.)","沈O榮","089-320800","","有","有"
"36757583","20120330","20120330","保證責任屏東縣東泰果菜運銷合作社","PINGTUNG COUNTY DONG TAI FRUITS & VEGETABLES COOPERATIVE","屏東縣內埔鄉振豐村瀧觀巷６４５號","NO.645, LONGGUAN LN., NEIPU TOWNSHIP, PINGTUNG COUNTY 912, TAIWAN (R.O.C.)","袁O翔","08-7789000","08-7785253","有","有"
"36758350","20120507","20120507","保證責任嘉義縣阿里山巃頂農產品加工運銷合作社","CHIAYI COUNTY ALISHAN LONGDING AGRICULTURAL IND.PROCESSING & MARKETING COOP. LIMITED BY GUARANTEE","嘉義縣梅山鄉民生街６０巷１２號","NO.12, LN. 60, MINSHENG ST., MEISHAN TOWNSHIP, CHIAYI COUNTY 60342, TAIWAN (R.O.C.)","吳O澤","05-2622752","","無","無"
"36762880","20220728","20220728","保證責任屏東縣熱帶蔬果生產合作社","Pingtung County Tropical Fruits And Vegetables Production Cooperative","屏東縣屏東市豐田里豐田街１３巷８號","No. 8, Ln. 13, Fengtian St., Fengtian Vil., Pingtung City, Pingtung County 900033, Taiwan (R.O.C.)","許O男","087215683","","有","有"
"36764352","20110415","20110415","保證責任屏東縣萬福蔬果生產合作社","PINGTUNG COUNTY WAN FU FRUITS & VEGETABLES COOPERATIVE","屏東縣新園鄉仙吉村仙隆路４９巷４５號","NO.45, LN. 49, XIANLONG RD., XINYUAN TOWNSHIP, PINGTUNG COUNTY 932, TAIWAN (R.O.C.)","陳O和","08-8686832","08-8686832","有","有"
"36765248","20181023","20240504","木子到森工作室","MoziDozen Studio","臺南市安南區新順里安生街30號1樓","1 F., No. 30, Ansheng St., Xinshun Vil., Annan Dist., Tainan City 709029, Taiwan (R.O.C.)","李O達","0918878080","","有","有"
"36781747","20130520","20130520","保證責任屏東縣富霖農產品生產合作社","PINGTUNG COUNTY FU LIN COOPERATIVE","屏東縣九如鄉東寧村東寧路１１２號","NO.112, DONGNING RD., JIURU TOWNSHIP, PINGTUNG COUNTY 904, TAIWAN (R.O.C.)","黃O錡","08-7392392","","有","有"
"36782062","20110630","20110630","保證責任嘉義縣嘉義農產品生產合作社","CHIAYI AGRICULTURE PRODUCTS COOPERATIVE","嘉義縣民雄鄉福興村牛稠溪１４１９號","NO.1419, NIUCHOUXI, MINXIONG TOWNSHIP, CHIAYI COUNTY 621, TAIWAN (R.O.C.)","賴O淋","05-2133338","05-2211368","有","有"
"36782400","20190822","20190822","有限責任屏東縣泰山農產加工運銷合作社","Pingtung County Tai Shan Processing and Marketing Cooperative","屏東縣高樹鄉南華村世一路３１之３０號","No. 31-30, Shi 1st Rd., Gaoshu Township, Pingtung County 906, Taiwan (R.O.C.)","陳O杉","0932578455","","有","有"
"36793589","20130725","20130725","保證責任屏東縣會社果菜生產合作社","PINGTUNG COUNTY HUISHE FRUITS & VEGETABLES COOPERATIVE","屏東縣枋山鄉加祿村會社５號","NO.5, HUISHE, FANGSHAN TOWNSHIP, PINGTUNG COUNTY 941, TAIWAN (R.O.C.)","陳O偉","08-8720702","","有","有"
"36799872","20110928","20110928","保證責任屏東縣屏大果菜生產合作社","PINGTUNG COUNTY PING DA FRUITS AND VEGETABLES COOPERATIVE SOCIETY","屏東縣九如鄉九清村九如路２段３６之１號","NO.36-1, SEC. 2, JIURU RD., JIURU TOWNSHIP, PINGTUNG COUNTY 904, TAIWAN (R.O.C.)","陳O輝","08-7391858","","有","有"
"36799937","20130118","20210812","樂易商行","LOK YI CO.","臺南市南區明興里德興路22號1樓","1 F., No. 22, Dexing Rd., Mingxing Vil., South Dist., Tainan City 70244, Taiwan (R.O.C.)","李O森","06-2899187","07-3854667","有","有"
"36803664","20230524","20230524","保證責任屏東縣翔盛果菜生產合作社","Pingtung County Hsiang Sheng Fruits & Vegetables Production Cooperative","屏東縣九如鄉東寧村東富街７５號","No. 75, Dongfu St., Dongning Vil., Jiuru Township, Pingtung County 904007, Taiwan (R.O.C.)","謝O忠","08-7231858","","有","有"
"36805023","20140722","20210811","宏鑫岩棉製品行","HOME SHI CO.","雲林縣崙背鄉羅厝村東興路30之72號3樓","3 F., No. 30-72, Dongxing, Lunbei Township, Yunlin County 63743, Taiwan (R.O.C.)","劉O妏","0985922783","","有","有"
"36810460","20160520","20210812","希巨蘇飛工作室","SIKI . SOFIN STUDIO","臺東縣東河鄉都蘭村都蘭路二八０號","No. 280, Dulan, Donghe Township, Taitung County 95941, Taiwan (R.O.C.)","希O蘇飛","0921-414404","","有","有"
"36811931","20150429","20150429","保證責任台南市玉井區仁茂果菜生產合作社","GUARANTEE RESPONSIBILITY YUJING DISTRICT TAINAN JEN MAO FRUIT AND VEGETABLE PRODUCTION COOPERATIVES","台南市玉井區玉田里４１鄰民族路１７９巷３６號","NO.36, LN. 179, MINZU RD., YUJING DIST., TAINAN CITY 714, TAIWAN (R.O.C.)","蘇O仁","06-5742042","06-5748877","有","有"
"36814120","20131218","20210812","大關廟製麵廠","DA KUAN MIAO FOOD CO.","臺南市關廟區五甲里東興一街15號1樓","1 F., No. 15, Dongxing 1st St., Wujia Vil., Guanmiao Dist., Tainan City 71844, Taiwan (R.O.C.)","劉O鈴","06-5964609","06-5957121","有","有"
"36814901","20210422","20210811","全方位工程行","All Good ENGINEERING CO.","臺南市安平區平安里安平路370巷3弄24號2樓","2 F., No. 24, Aly. 3, Ln. 370, Anping Rd., Ping’an Vil., Anping Dist., Tainan City 70849, Taiwan (R.O.C.)","賴O軒","06-3501683","","有","有"
"36815824","20111202","20210811","心珍寶企業社","SHIN JEN BAO CO.","臺南市永康區西橋里中山南路43巷36號1樓","1 F., No. 36, Ln. 43, Zhongshan S. Rd., Xiqiao Vil., Yongkang Dist., Tainan City 71075, Taiwan (R.O.C.)","陳O銨","06-3026655","","無","無"
"36816160","20120608","20230124","里賀家具家飾商行","ERGO QUEST FURNITURE CO.","臺南市七股區三股里三股101號之16","No. 101-16, Sangu, Qigu Dist., Tainan City 724028, Taiwan (R.O.C.)","蕭O枝","06-7881085","06-7881457","無","無"
"36816366","20230816","20230816","達陣商行","da jen company","臺南市關廟區五甲里南雄路1段720巷36號","No. 36, Ln. 720, Sec. 1, Nanxiong Rd., Wujia Vil., Guanmiao Dist., Tainan City 718004, Taiwan (R.O.C.)","方O民","06-5959119","","有","有"
"36816400","20141217","20210812","仟大染料商行","QIANDA DYESTUFFS CO.","臺南市中西區水仙里西門路2段307巷22號7樓之1","7F.-1, No. 22, Ln. 307, Sec. 2, Ximen Rd., Shuixian Vil., West Central Dist., Tainan City 70053, Taiwan (R.O.C.)","陳O蓁","06-2229727","06-2226961","有","有"
"36817040","20120711","20210811","隆宸商行","LONG CHEN SEAFOODS HANG","臺南市安南區塩田里塩田路8號2樓","2 F., No. 8, Annan Dist., Tainan City 709, Taiwan (R.O.C.)","郭O麟","06-3841126","","有","有"
"36817082","20111222","20230111","永泰吉企業社","YONG TAI JI CO.","臺南市安定區港南里港口101之5號1樓","1 F., No. 101-5, Gangkou, Gangnan Vil., Anding Dist., Tainan City 745003, Taiwan (R.O.C.)","王O傑","06-2820886","06-2816713","有","有"
"36817203","20120223","20230108","廣富號商行","GUANGFUHAO CO.","臺南市永康區塩洲里仁愛街103巷92號1樓","1F., No. 92, Ln. 103, Ren'ai St., Yanzhou Vil., Yongkang Dist.,  Tainan City 710042, Taiwan (R.O.C.)","蔡O蓉","06-2216123","06-2288317","無","無"
"36817870","20250505","20250505","藝軒國際貿易企業社","Yixuan International Commerce STUDIO","臺南市東區崇善里崇善五街14號2樓","2 F., No. 14, Chongshan 5th St., Chongshan Vil., East Dist., Tainan City 701029, Taiwan (R.O.C.)","鄭O翎","06-2672135","","有","有"
"36818646","20210603","20210603","王西勢食品行","Wang Xi Shi Food Company","臺南市永康區西勢里富強路1段326號1樓","1 F., No. 326, Sec. 1, Fuqiang Rd., Xishi Vil., Yongkang Dist., Tainan City 71059, Taiwan (R.O.C.)","王O盛","06-2058563","","有","有"
"36820256","20161004","20230819","駿林實業社","JIUN LIN INDUSTRIAL COMPANY","臺南市永康區三民里正北三路190號","No. 190, Zhengbei 3rd Rd., Sanmin Vil., Yongkang Dist., Tainan City 710002, Taiwan (R.O.C.)","朱O彥","0930699599","06-2323076","有","有"
"36821760","20220628","20220628","玖旺企業社","Jiu wang Enterprise Co.","臺南市佳里區佳興里佳里興259之5號1樓","1F., NO. 259-5, JIALIXING, JIAXING VIL., JIALI DIST., TAINAN CITY 722012, TAIWAN (R.O.C.)","蔡O成","06-2676589","","有","有"
"36821804","20160408","20210811","嘉亮企業行","CHIA SHINE ENTERPRISE CO.","臺南市東區自強里中華東路2段185巷29號1樓","1 F., No. 29, Ln. 185, Sec. 2, Zhonghua E. Rd., Ziqiang Vil., East Dist., Tainan City 70155, Taiwan (R.O.C.)","陳O均","05-2855971","05-2850238","有","有"
"36822043","20120301","20231123","馬槽音響企業","MIZMOR AUDIO ENTERPRISE COMPANY","臺南市柳營區士林里育英街105巷51號","No. 51, Ln. 105, Yuying St., Shilin Vil., Liuying Dist., Tainan City 736005, Taiwan (R.O.C.)","江O耀","0912-361511","06-6226567","有","有"
"36822424","20120302","20210811","翔昱珠寶","SIANG YU JEWELRY CO.","臺南市南區文華里美南街144號1樓","1 F., No. 144, Meinan St., Wenhua Vil., South Dist., Tainan City 70253, Taiwan (R.O.C.)","陳O維","06-2649557","06-2630725","有","有"
"36823991","20130219","20210811","遠統企業社","FAR LEAD CO.","臺南市安平區文平里建平五街22巷15弄17號5樓","5 F., No. 17, Aly. 15, Ln. 22, Jianping 5th St., Wenping Vil., Anping Dist., Tainan City 70844, Taiwan (R.O.C.)","黃O茵","06-2351787","","有","有"
"36825604","20250303","20250303","宏璟景觀顧問工作室","Hon gjing Landscape Studio","臺南市安南區海東里海佃路2段113號1樓","1 F., No. 113, Sec. 2, Haidian Rd., Haidong Vil., Annan Dist., Tainan City 709033, Taiwan (R.O.C.)","張O斌","06-2563528","06-2470794","有","有"
"36825914","20150204","20210811","盛福車業","SHENG FU MOTORS GARAGE CO.","臺南市南區大林里大林路61號","No. 61, Dalin Rd., Dalin Vil., South Dist., Tainan City 70263, Taiwan (R.O.C.)","葉O芳","06-2589347","","有","有"
"36826370","20201021","20231226","佳駿實業社","PROMINENTS STEED ENTERPRISE CO.","臺南市七股區樹林里樹林65之39號","No. 65-39, Shulin, Shulin Vil., Qigu Dist.,  Tainan City 724027, Taiwan (R.O.C.)","黃O憲","06-2629352","06-2624584","有","有"
"36826809","20120418","20240403","東育企業社","TONG YUI ENTERPRISE CO.","臺南市南區建南里德興路249號1樓","1 F., No. 249, Dexing Rd., Jiannan Vil., South Dist., Tainan City 70264, Taiwan (R.O.C.)","杜O玉梅","06-2627801","","有","有"
"36826907","20120503","20210811","夏威夷夏嘎夏嘎樂器行","LEOLANI CO.","臺南市北區興北里公園路440號1樓","1 F., No. 440, Gongyuan Rd., Xingbei Vil., North Dist., Tainan City 70453, Taiwan (R.O.C.)","邱O芬","06-2514263","","有","有"
"36826929","20161024","20210811","山彩實業社","MOUNT COLOR GROUP CO.","臺南市南區佛壇里興南街318號","No. 318, Xingnan St., Fotan Vil., South Dist., Tainan City 70257, Taiwan (R.O.C.)","蔡O源","0932709707","","有","有"
"36828406","20211220","20231130","南隆五金行","Nan Long Wujin xing CO.","臺南市下營區新興里健康路325號1樓","1 F., No. 325, Jiankang Rd., Xinxing Vil., Xiaying Dist., Tainan City 73541, Taiwan (R.O.C.)","莊O傑","06-6791133","06-6793133","有","有"
"36830780","20130110","20230125","翔富企業社","YI-MNG CO.","臺南市安南區淵西里安中路4段240巷31號1樓","1 F., No. 31, Ln. 240, Sec. 4, Anzhong Rd., Yuanxi Vil., Annan Dist., Tainan City 709021, Taiwan (R.O.C.)","黄O翔","06-2033587","06-2033587","無","無"
"36830917","20131011","20210811","食香客雞會站餐飲國際事業","SHIH-SHIANG-KE CHICKILICIOUS TAIWANJIPAI COMPANY","臺南市東區莊敬里東光路2段121巷15號1樓","1 F., No. 15, Ln. 121, Sec. 2, Dongguang Rd., Zhuangjing Vil., East Dist., Tainan City 70166, Taiwan (R.O.C.)","戴O憲","0980-234496","06-2752193","有","有"
"36831079","20120530","20210812","盈泰工程行","YING TAI ENGINEERING CO.","臺南市安定區安加里安定256之26號","No. 256-26, Anding, Anjia Vil., Anding Dist., Tainan City 74546, Taiwan (R.O.C.)","鄭O昌","06-5976961","","有","有"
"36831155","20170508","20240717","銳啓企業社","RUI QI STAINLESS STEEL FIRM","臺南市善化區小新里小新營320之15號1樓","1 F., No. 320-15, Xiaoxinying, Xiaoxin Vil., Shanhua Dist., Tainan City 741007, Taiwan (R.O.C.)","郭O琦","06-5055999","06-5052999","有","有"
"36831752","20130122","20210812","轉蛋概念館","MINIS CONCEPT SHOP","臺南市南區明德里大成路1段2號1樓","1 F., No. 2, Sec. 1, Dacheng Rd., Mingde Vil., South Dist., Tainan City 70245, Taiwan (R.O.C.)","陳O民","06-2631223","","有","有"
"36833203","20120705","20210812","宏展鞋業社","HONG ZHAN FOOTWEAR CO.","臺南市安南區海佃里國安街56巷131弄67號1樓","1 F., No. 67, Aly. 131, Ln. 56, Guo’an St., Haidian Vil., Annan Dist., Tainan City 70950, Taiwan (R.O.C.)","方O文","06-2506524","06-3583379","無","無"
"36834532","20130226","20240126","宏鑫實業社","HOMEXIN ENTERPRISE CO.","臺南市仁德區新田里勝利一街25號","No. 25, Shengli 1st St., Xintian Vil., Rende Dist., Tainan City 717018, Taiwan (R.O.C.)","陳O婷","06-2678887","","有","有"
"36834569","20120704","20210812","紅螞蟻實業社","HONG MAA YII ENTERPRISE CO.","臺南市安南區佃東里公學路4段122巷48弄16號1樓","1 F., No. 16, Aly. 48, Ln. 122, Sec. 4, Gongxue Rd., Diandong Vil., Annan Dist., Tainan City 70963, Taiwan (R.O.C.)","高O元","0911991997","06-2871694","有","有"
"36835265","20161014","20210812","阿茂烘焙坊","AMAO BAKERY","臺南市中西區保安里友愛街264號1樓","1 F., No. 264, You’ai St., Bao’an Vil., West Central Dist., Tainan City 70055, Taiwan (R.O.C.)","李O嘉","06-2093636","06-2348427","有","有"
"36835954","20120712","20210811","佐光咖啡","CAFE DE LIGHT CO.","臺南市新營區民權里博愛街28之2號1樓","1 F., No. 28-2, Bo’ai St., Minquan Vil., Xinying Dist., Tainan City 73042, Taiwan (R.O.C.)","葉O白","0926-225939","","有","有"
"36836659","20180921","20210812","台南北門玩具店","KUI TNN CO.","臺南市北區大道里北門路2段518號1樓","1 F., No. 518, Sec. 2, Beimen Rd., Dadao Vil., North Dist., Tainan City 70449, Taiwan (R.O.C.)","王O任","04-22022233","04-22069633","有","有"
"36837025","20140127","20210811","百信企業行","BAI SHEN ENTERPRISE CO.","臺南市永康區三民里三民街18巷1弄29號1樓","1 F., No. 29, Aly. 1, Ln. 18, Sanmin St., Sanmin Vil., Yongkang Dist., Tainan City 71072, Taiwan (R.O.C.)","李O亞","06-2535755","06-2506671","有","有"
"36837405","20170814","20210811","金軒銀樓","JIN XUAN JEWELRY CO.","臺南市安平區文平里建平一街92號1樓","1 F., No. 92, Jianping 1st St., Wenping Vil., Anping Dist., Tainan City 70844, Taiwan (R.O.C.)","陳O旭","06-2519257","","有","有"
"36837947","20171102","20210812","查思特嬰幼用品社","SUMMER HILL EDUCATION CO.","臺南市南區松安里興南街252巷66弄8號1樓","1 F., No. 8, Aly. 66, Ln. 252, Xingnan St., Song’an Vil., South Dist., Tainan City 70257, Taiwan (R.O.C.)","鄭O單","06-3124177","06-3136123","有","有"
"36838782","20210426","20221006","森吉企業社","Moriyoshi  International Trade Company","臺南市中西區西賢里西賢一街235巷20弄2號4樓","4 F., No. 2, Aly. 20, Ln. 235, Xixian 1st St., Xixian Vil., West Central Dist., Tainan City 700020, Taiwan (R.O.C.)","趙O儀","06-3584397","","有","有"
"36839184","20120817","20221006","萌軒實業社","ZI ZAI XUAN COMPANY","臺南市永康區安康里中華路619巷61號1樓","1 F., No. 61, Ln. 619, Zhonghua Rd., Ankang Vil., Yongkang Dist., Tainan City 710009, Taiwan (R.O.C.)","胡O瓊","0953840804","","無","無"
"36839620","20120828","20230125","好旺花卉","MEGA FLOWER CO.","臺南市歸仁區武東里中正南路2段214巷55號","No. 55, Ln. 214, Sec. 2, Zhongzheng S. Rd., Wudong Vil., Guiren Dist., Tainan City 711015, Taiwan (R.O.C.)","黃O記","06-2782272","06-2780429","無","無"
"36840014","20250211","20250211","寶榮實業社","BAO RONG Co.","臺南市南區明亮里金華路1段352巷111弄21號1樓","1 F., No. 21, Aly. 111, Ln. 352, Sec. 1, Jinhua Rd., Mingliang Vil., South Dist., Tainan City 702011, Taiwan (R.O.C.)","黃O慧","","","有","有"
"36840443","20140915","20210812","薡鈞商行","DANG JIN CO.","臺南市善化區光文里民族路139號1樓","1 F., No. 139, Minzu Rd., Guangwen Vil., Shanhua Dist., Tainan City 74154, Taiwan (R.O.C.)","周O達","06-5830075","06-5830075","有","有"
"36841317","20150622","20210811","泰億企業社","TAI YI CO.","臺南市永康區尚頂里尚頂路60號","No. 60, Shangding Rd., Shangding Vil., Yongkang Dist., Tainan City 71046, Taiwan (R.O.C.)","鄭O泰","06-2437736","","有","有"
"36841935","20120926","20210811","將革皮行","JIANG GE LEATHER CO.","臺南市安南區頂安里頂安街330巷51弄9號1樓","1 F., No. 9, Aly. 51, Ln. 330, Ding’an St., Ding’an Vil., Annan Dist., Tainan City 70944, Taiwan (R.O.C.)","蔡O霖","06-2461829","06-2552788","有","有"
"36841962","20180221","20210812","冠定實業社","POCOYO INDUSTRIAL CO.","臺南市東區德光里崇德路32號2樓","2 F., No. 32, Chongde Rd., Deguang Vil., East Dist., Tainan City 70161, Taiwan (R.O.C.)","鄭O升","0956511111","06-3317553","無","無"
"36842110","20120921","20210812","麻吉一族企業社","HAPPY MAJI CO.","臺南市中西區光賢里武聖路69巷40弄10號1樓","1 F., No. 10, Aly. 40, Ln. 69, Wusheng Rd., Guangxian Vil., West Central Dist., Tainan City 70058, Taiwan (R.O.C.)","李O良","06-2597758","06-3505104","有","有"
"36842527","20151006","20210811","貳次方創意工作室","TWOSQUARE STUDIO","臺南市安南區南興里公學路5段527巷16弄37號","No. 37, Aly. 16, Ln. 527, Sec. 5, Gongxue Rd., Nanxing Vil., Annan Dist., Tainan City 70963, Taiwan (R.O.C.)","黃O儀","06-2872868#12","","有","有"
"36842940","20120927","20230125","墨志科技","REBEL FORCE CO.","臺南市安平區華平里健康二街531號4樓之2","4 F.-2, No. 531, Jiankang 2nd St., Huaping Vil., Anping Dist., Tainan City 708016, Taiwan (R.O.C.)","陳O","02-26577643","","無","無"
"36843271","20230616","20231201","誠信保固工程行","Cheng Hsin Engineering Company","臺中市清水區南社里南社路３０１巷６９-６號1樓","1 F., No. 69-6, Ln. 301, Nanshe Rd., Nanshe Vil., Qingshui Dist., Taichung City 436039, Taiwan (R.O.C.)","張O發","03-4591635","","有","有"
"36844124","20170714","20210811","薰衣草企業社","LU.BA.BA. COMPANY","臺南市東區崇誨里林森路2段192巷56號1樓","1 F., No. 56, Ln. 192, Sec. 2, Linsen Rd., Chonghui Vil., East Dist., Tainan City 70165, Taiwan (R.O.C.)","陳O芬","06-2347124","","有","有"
"36844406","20221019","20221019","成忠興業社","Cheng Zhong Industrial Co.","臺南市南區府南里大成路2段223巷1弄5號1樓","1 F., No. 5, Aly. 1, Ln. 223, Sec. 2, Dacheng Rd., Funan Vil., South Dist., Tainan City 702031, Taiwan (R.O.C.)","陳O展","092889070","","有","有"
"36847760","20140305","20200827","財團法人奇美博物館基金會","CHIMEI MUSEUM FOUNDATION","台南市南區金華路一段３９２號","NO.392, SEC. 1, JINHUA RD., SOUTH DIST., TAINAN CITY 702, TAIWAN (R.O.C.)","郭OO","88662660800","06-2660848","有","有"
"36861571","20231108","20231110","維閣牧場","Weige Ranch","臺東縣臺東市南榮里志航路一段十號","No. 10, Sec. 1, Zhihang Rd., Taitung City, Taitung County 950010, Taiwan (R.O.C.)","魏O婷","08-9224160","08-232497","有","有"
"36862706","20250527","20250527","飛創設計企業社","FC Design STUDIO","臺東縣臺東市豐谷里貴陽街１６３號一樓","1 F., No. 163, Guiyang St., Fenggu Vil., Taitung City, Taitung County 950015, Taiwan (R.O.C.)","歐O偉","0913732922","","有","有"
"36863352","20221114","20221114","才力通訊行","Caili Store","臺東縣臺東市新興里中華路一段六二一號一樓","1 F., No. 621, Sec. 1, Zhonghua Rd., Xinxing Vil., Taitung City, Taitung County 950017, Taiwan (R.O.C.)","何O富","089-339471","","有","有"
"36871698","20140328","20140328","保證責任屏東縣龍泉農業生技加工生產合作社","LQ AGRO-TECH COOPERATIVES BY GUARANTEE","屏東縣內埔鄉龍潭村中勝路３５４巷３７號","NO.37, LN. 354, ZHONGSHENG RD., NEIPU TOWNSHIP, PINGTUNG COUNTY 912, TAIWAN (R.O.C.)","謝O盛","08-7785222","08-7782088","有","有"
"36871769","20230621","20230621","鑫大台南冠均二手貨企業社","Xinda Tainan Guanjun Second-hand Goods CO.","臺南市仁德區新田里民安路1段273號","No. 273, Sec. 1, Min’an Rd., Xintian Vil., Rende Dist., Tainan City 717011, Taiwan (R.O.C.)","陳O芩","06-3358599","","有","有"
"36872628","20150402","20210812","富佑企業社","DOUBLE LOVE INTERNATIONAL ENTERPRISE CO.","嘉義市東區中央里文化路２２４號三樓","3 F., No. 224, Wenhua Rd., Zhongyang Vil., East Dist., Chiayi City 60044, Taiwan (R.O.C.)","楊O宗","05-2212105","05-2218893","有","有"
"36877222","20120615","20210811","雅綺珊瑚珠寶","YA QI CORAL JEWELLERY CO., LTD.","澎湖縣馬公市光榮里貿商街105號一樓","1 F., No. 105, Maoshang St., Guangrong Vil., Magong City, Penghu County 88045, Taiwan (R.O.C.)","董O凉","0912139907","","有","有"
"36879241","20131030","20210811","天井企業行","TIAN JING BUILDING MATERIALS CO.","澎湖縣馬公市鎖港里鎖管港410號1樓","1 F., No. 410, Suoguangang, Suogang Vil., Magong City, Penghu County 88055, Taiwan (R.O.C.)","朱O君","06-9215830","06-9216190","有","有"
"36887586","20140519","20210812","芳恩商行","FANG EN CO.","臺南市佳里區安西里光華街130巷48弄9號1樓","1 F., No. 9, Aly. 48, Ln. 130, Guanghua St., Anxi Vil., Jiali Dist., Tainan City 72247, Taiwan (R.O.C.)","黃O詳","06-7226859","","有","有"
"36891723","20240408","20240408","駿育企業社","JUN YU Company","屏東縣萬丹鄉崙頂村崙頂路638號","No. 638, Lunding Rd., Wandan Township, Pingtung County 913004, Taiwan (R.O.C.)","許O城","08-7063001","08-7063002","有","有"
"36892510","20130805","20210811","雋維迪化工企業社","DREAMWAY.D CHEMICAL INDUSTRY CO.","屏東縣屏東市華山里華貴路45號","No. 45, Huagui Rd., Huashan Vil., Pingtung City, Pingtung County 90057, Taiwan (R.O.C.)","范O雋","08-7629461","08-7629736","有","有"
"36892589","20131009","20210812","立果農產企業社","LI GUO AGRICULTURAL ENTERPRISE CO.","屏東縣屏東市頂宅里和生路一段５１９號一樓","1 F., No. 519, Sec. 1, Hesheng Rd., Dingzhai Vil., Pingtung City, Pingtung County 90094, Taiwan (R.O.C.)","邱O謙","08-7530408","","有","有"
"36893594","20171030","20220803","義騰品企業社","Itanpin CO.","屏東縣潮州鎮永春里興隆路６號1樓","1 F., No. 6, Xinglong Rd., Yongchun Vil., Chaozhou Township, Pingtung County 920003, Taiwan (R.O.C.)","林O宜","08-7800271","08-7800271","有","有"
"36894593","20200602","20210812","神彩創意整合行銷工作室","SHEN TSAI CHUANG YI CO.","屏東縣屏東市崇蘭里崇明三街26號1樓","1 F., No. 26, Chongming 3rd St., Chonglan Vil., Pingtung City, Pingtung County 90070, Taiwan (R.O.C.)","蕭O華","08-7377791","08-7379592","有","有"
"36896396","20220624","20220624","有春興業冷飲店","YU CHUN TEA SHOP","屏東縣東港鎮興臺里中山路11之1號1樓","1 F., No. 11-1, Zhongshan Rd., Donggang Township, Pingtung County 928002, Taiwan (R.O.C.)","唐O德","08-8350345","","有","有"
"36896939","20190620","20210812","音魔迅傳播媒體企業社","Emotion Audio Co.","屏東縣竹田鄉鳳明村福安路21巷21號1樓","1 F., No. 21, Ln. 21, Fu’an Rd., Zhutian Township, Pingtung County 91141, Taiwan (R.O.C.)","林O安","0915010100","","有","有"
"36897466","20141205","20230906","友銀企業社","TAIWAN KOREA FRIEND (TKFC) COMPANY","高雄市鼓山區翠華路63巷37號4樓","4 F., No. 37, Ln. 63, Cuihua Rd., Gushan Dist., Kaohsiung City 80456, Taiwan (R.O.C.)","林O均","08-7369002","07-3809338","有","有"
"36897732","20130704","20210811","豐禾商行","FON HE COMPANY","屏東縣屏東市溝美里自由路373之1號1樓","1 F., No. 373-1, Ziyou Rd., Goumei Vil., Pingtung City, Pingtung County 90054, Taiwan (R.O.C.)","紀O堅","0919124248","","有","有"
"36898795","20151222","20210812","波波莉企業社","BOBOLINK LNC CO.","屏東縣九如鄉東寧村東都街9號1樓","1 F., No. 9, Dongdu St., Jiuru Township, Pingtung County 90443, Taiwan (R.O.C.)","曾O芬","0928724390","","有","有"
"36899014","20220815","20240928","凱亞養殖場","Care Goods Farm Co.","高雄市永安區鹽保路３０１號","No. 301, Yanbao Rd., Yong'an Dist., Kaohsiung City 828114, Taiwan (R.O.C.)","鄭O強","07-8071856","","有","有"
"36899963","20150414","20210811","野人戶外旅遊生活館","YAJINN OUTDOOR GEARS CO.","屏東縣潮州鎮永春里介壽路125、125之1號1樓","1 F., No. 125-1, Jieshou Rd., Yongchun Vil., Chaozhou Township, Pingtung County 92042, Taiwan (R.O.C.)","王O章","08-7885886","08-7885886","有","有"
"36900835","20210709","20210811","馥沛手創工坊","Fu Pei handcraft Workshop","高雄市三民區漢口街22號1樓","1 F., No. 22, Hankou St., Sanmin Dist., Kaohsiung City 80751, Taiwan (R.O.C.)","謝O珍","07-3138134","","有","有"
"36902453","20190627","20190627","有限責任高雄市杉林大愛縫紉生產合作社","Sunny BUBA COOPERATIVE","高雄市杉林區集來里通仙巷170之3號","NO. 170-3, TONGXIAN LN., SHANLIN DIST., KAOHSIUNG CITY 846, TAIWAN (R.O.C.)","郭O雲","07-6776406","","有","有"
"36903592","20130625","20210811","元隆包裝材料企業行","YUAN LUNG PACKING CO.","高雄市大寮區華六街３５之１號","No. 35-1, Hua 6th St., Daliao Dist., Kaohsiung City 83163, Taiwan (R.O.C.)","陳O忠","07-9741728","07-7935134","無","無"
"36903761","20220620","20220620","青年冷飲","CHING NIEN TEA SHOP","高雄市苓雅區青年一路１７９之２號１樓","1 F., No. 179-2, Qingnian 1st Rd., Lingya Dist., Kaohsiung City 802032, Taiwan (R.O.C.)","劉O琴","07-5376229","","有","有"
"36904059","20200713","20221227","戰將燒烤屋","Janjiang grilled house","高雄市楠梓區德民路１０２５之１號１樓","1 F., No. 1025-1, Demin Rd., Nanzi Dist., Kaohsiung City 811030, Taiwan (R.O.C.)","何O歆","07-3631789","","有","有"
"36904699","20180314","20210812","詠樺廣告社","YONG HUA ADVERTISING CO.","高雄市鳳山區新富路422巷15號3樓","3 F., No. 15, Ln. 422, Xinfu Rd., Fengshan Dist., Kaohsiung City 83075, Taiwan (R.O.C.)","李O成","07-7038638","07-7035638","有","有"
"36905923","20120523","20230215","榮勝商行","RONG SHENG CO.","高雄市前鎮區忠孝里三多市場巷２３號１樓","１F., No. 23, Zhongxiao Vil., Qianzhen Dist.,  Kaohsiung City 806001, Taiwan (R.O.C.)","田O耀","0927335277","","有","有"
"36906107","20130712","20210811","石牛溪企業社","STONY BROOK CO.","高雄市新興區中正三路６８之５號１１樓之５","11F.-5, No. 68-5, Zhongzheng 3rd Rd., Xinxing Dist., Kaohsiung City 80052, Taiwan (R.O.C.)","莊O芬","07-2366931","07-2366920","有","有"
"36906492","20200221","20210812","米廸歐創意企業社","VIDEO IDEA Co.","高雄市鼓山區民康街１９８號","No. 198, Minkang St., Gushan Dist., Kaohsiung City 80453, Taiwan (R.O.C.)","許O禎","07-5531512","","有","有"
"36907746","20120607","20230407","工具家實業社","TAIWAN GOOD HAND TOOL CO.","高雄市苓雅區建國一路１４０巷２５弄３４號１樓","1 F., No. 34, Aly. 25, Ln. 140, Jianguo 1st Rd., Lingya Dist., Kaohsiung City 802012, Taiwan (R.O.C.)","張O誠","07-7924231","07-7921874","無","無"
"36908040","20150112","20210811","金永租賃社","JINYO RENTAL AGENCY CO.","高雄市鳳山區南京路３８５巷７之４號５樓","5 F., No. 7-4, Ln. 385, Nanjing Rd., Fengshan Dist., Kaohsiung City 83079, Taiwan (R.O.C.)","方O人","07-7659632","","有","有"
"36908317","20180605","20230206","季康企業社","Season Health Co.","高雄市三民區民族一路854巷21號10樓","10 F., No. 21, Ln. 854, Minzu 1st Rd., Sanmin Dist., Kaohsiung City 807070, Taiwan (R.O.C.)","郭O禎","07-3457522","07-3457522","無","無"
"36908668","20140520","20220531","成長照明企業社","GROW LIGHTING COMPANY","高雄市新興區民族二路150號1樓","1 F., No. 150, Minzu 2nd Rd., Xinxing Dist., Kaohsiung City 800007, Taiwan (R.O.C.)","葉O芬","07-2231698","","有","有"
"36909316","20220325","20220329","山東姥姥食府","Shandong LauLau Studio","高雄市鼓山區華豐街８３號一樓","1 F., No. 83, Huafeng St., Gushan Dist., Kaohsiung City 80469, Taiwan (R.O.C.)","王O芝","0912-763-869","","無","無"
"36910539","20150623","20210811","升汯企業社","CIN HUAN ENTERPRISE CO.","高雄市鳳山區文濱路９６號４樓","4 F., No. 96, Wenbin Rd., Fengshan Dist., Kaohsiung City 83048, Taiwan (R.O.C.)","陳O英","07-7197437","07-7197435","有","有"
"36911045","20120828","20210811","立資國際企業社","LEE-ZI INTERNATIONAL CO.","高雄市楠梓區加昌路７２７巷１弄１１號１樓","1 F., No. 11, Aly. 1, Ln. 727, Jiachang Rd., Nanzi Dist., Kaohsiung City 81156, Taiwan (R.O.C.)","賴O如","07-6227359","07-6214480","有","有"
"36911517","20141111","20210811","全鴻生技企業行","CHUANHONG BIOTECHNOLOGY ENTERPRISE CO.","高雄市三民區大順二路６０號１５樓之１","15F.-1, No. 60, Dashun 2nd Rd., Sanmin Dist., Kaohsiung City 80787, Taiwan (R.O.C.)","余O駿","07-3853215","07-733-3742","有","有"
"36912255","20120723","20210811","台灣好品企業行","TAIWAN GOODMART CO.","高雄市鳥松區育英街２２０巷１號１樓","1 F., No. 1, Ln. 220, Yuying St., Niaosong Dist., Kaohsiung City 83342, Taiwan (R.O.C.)","李O意","07-7338354","07-2135832","有","有"
"36913487","20180115","20210811","越穩企業行","YUEH WEN CO.","高雄市岡山區介壽東路９１之１號","No. 91-1, Jieshou E. Rd., Gangshan Dist., Kaohsiung City 82060, Taiwan (R.O.C.)","曾O茹","07-6266385","07-6268138","有","有"
"36914084","20130311","20210811","川海經貿商行","TYUN HAI ECONOMIC AND TRADE FIRM","高雄市林園區椰樹東巷３８弄２５號１樓","1 F., No. 25, Aly. 38, Yeshu E. Ln., Linyuan Dist., Kaohsiung City 83250, Taiwan (R.O.C.)","秦O麗","07-6438178","","有","有"
"36914541","20160808","20210427","兆豐興企業社","JHAO FONG SING COMPANY","高雄市鼓山區馬卡道路４２１號１樓","1 F., No. 421, Makadao Rd., Gushan Dist., Kaohsiung City 80460, Taiwan (R.O.C.)","陳O蘭","07-5520635","","有","有"
"36914726","20120803","20230724","承鋐企業行","BEAR HOME ENTERPRISE CO.","高雄市鳥松區高碼一路３４號１樓","1 F., No. 34, Gaoma 1st Rd., Niaosong Dist., Kaohsiung City 833163, Taiwan (R.O.C.)","陳O東","0929282268","","有","有"
"36915416","20230301","20230301","翔生企業社","HSIANG SHENG STORE","高雄市左營區華夏路７０２號１樓","1 F., No. 702, Huaxia Rd., Zuoying Dist., Kaohsiung City 813750, Taiwan (R.O.C.)","黃O翔","073505311","","有","有"
"36915648","20240123","20240123","搖滾吉米玩具企業行","JIMI TOYS Co.","高雄市左營區天祥二路95號1樓","1 F., No. 95, Tianxiang 2nd Rd., Zuoying Dist., Kaohsiung City 813020, Taiwan (R.O.C.)","李O斌","0953397482","","有","有"
"36915719","20210329","20210811","雪鄉企業社","XUE-XIANG ENTERPRISE CO.","高雄市左營區孟子路１７４巷５３號４樓","4 F., No. 53, Ln. 174, Mengzi Rd., Zuoying Dist., Kaohsiung City 81364, Taiwan (R.O.C.)","陳O志","0921550912","","有","有"
"36915823","20211111","20211111","適達星旅店","STAR HOTEL CHEN PEI WEN CO.","高雄市新興區南華橫一路１４號","No. 14, Nanhuaheng 1st Rd., Xinxing Dist., Kaohsiung City 80053, Taiwan (R.O.C.)","陳O妏","07-2352687","","無","無"
"36916479","20240819","20240819","祐昇企業社","Blessrise Company","高雄市岡山區柳橋西路３８巷２弄２１號１樓","1 F., No. 21, Aly. 2, Ln. 38, Liuqiao W. Rd., Gangshan Dist., Kaohsiung City 820010, Taiwan (R.O.C.)","李O名","07-6227233","","有","有"
"36916983","20160420","20210811","博鉅企業社","BOJU AUTO PARTS ENTERPRISE CO.","高雄市左營區大中二路４０５巷５號１樓","1 F., No. 5, Ln. 405, Dazhong 2nd Rd., Zuoying Dist., Kaohsiung City 81369, Taiwan (R.O.C.)","蔡O男","06-2208455","06-2411331","有","有"
"36917673","20160324","20210811","地蒜白農產行","DSB CO.","高雄市前鎮區嘉陵街６７號１樓","1 F., No. 67, Jialing St., Cianjhen Dist., Kaohsiung City 80656, Taiwan (R.O.C.)","陳O宏","07-7355655","07-7356531","有","有"
"36917821","20120830","20210812","麗豐休閒企業社","LI FENG LEISURE CO.","高雄市旗山區延平一路１５９號１樓","1 F., No. 159, Yanping 1st Rd., Qishan Dist., Kaohsiung City 84241, Taiwan (R.O.C.)","張O文","07-6627407","07-6627406","有","有"
"36918223","20210416","20210811","正時興業行","Zhengshi Marine Co., Ltd.","高雄市小港區台糖路5號","No. 5, Taitang Rd., Xiaogang Dist., Kaohsiung City 81246, Taiwan (R.O.C.)","李O儀","07-8063501","","有","有"
"36918814","20120910","20210812","承豐商行","CHENG FENG PARTS COMPANY","高雄市湖內區中山路一段３８０巷３之２號１樓","1 F., No. 3-2, Ln. 380, Sec. 1, Zhongshan Rd., Hunei Dist., Kaohsiung City 82941, Taiwan (R.O.C.)","林O志","07-6935233","","無","無"
"36919074","20211222","20220507","漢娜美學美容","Hannah Studio","高雄市鳳山區崗山北街34號1至2樓","2 F., No. 34, Gangshan N. St., Fengshan Dist., Kaohsiung City 83080, Taiwan (R.O.C.)","黃O晏","0966669060","","有","有"
"36919911","20190821","20220630","茶豆貿易企業社","THE DO TEA Trade Company","高雄市三民區天祥一路145號2樓","2 F., No. 145, Tianxiang 1st Rd., Sanmin Dist., Kaohsiung City 807074, Taiwan (R.O.C.)","巫O韻","07-3427311","07-3427311","有","有"
"36920945","20120920","20210811","百盛泵浦企業行","BAISON PUMP CO.","高雄市楠梓區楠梓路２６９巷６弄２２號１樓","1 F., No. 22, Aly. 6, Ln. 269, Nanzi Rd., Nanzi Dist., Kaohsiung City 81164, Taiwan (R.O.C.)","林O儀","07-3544332","07-3520116","有","有"
"36920987","20130703","20210811","饅頭貓旅店","FELINE NOSE CO.","高雄市三民區金山路１７８號","No. 178, Jinshan Rd., Sanmin Dist., Kaohsiung City 80786, Taiwan (R.O.C.)","王O惠","07-3811775","","無","無"
"36921114","20190618","20210812","謝安利企業社","HSIEH LANNELEE Co.","高雄市鹽埕區光榮街３７巷１１號","No. 11, Ln. 37, Guangrong St., Yancheng Dist., Kaohsiung City 80342, Taiwan (R.O.C.)","謝O娟","07-5519898","07-5219863","有","有"
"36921260","20120920","20210811","乙太工作室","ETAI STUDIO","高雄市左營區華夏路２２２號１樓","1 F., No. 222, Huaxia Rd., Zuoying Dist., Kaohsiung City 81355, Taiwan (R.O.C.)","黃O珍","07-5539939","","有","有"
"36925028","20130220","20230117","瑞泰貿易商行","WISER INTERNATIONAL TRADE CO.","高雄市新興區南華路１６２之５號","No. 162-5, Nanhua Rd., Xinxing Dist., Kaohsiung City 800052, Taiwan (R.O.C.)","陳O翰","07-7552389","07- 7552369","無","無"
"36925250","20121122","20250607","金金貿易行","KIN KIN TRADE CO.","高雄市三民區民族一路301巷35號1樓","1 F., No. 35, Ln. 301, Minzu 1st Rd., Sanmin Dist., Kaohsiung City 807079, Taiwan (R.O.C.)","羅O芳","07-3223168","07-3223328","有","有"
"36925287","20220707","20220707","烏弄原生茶飲","wunung teashop","高雄市前鎮區復興三路１６８號１樓","1 F., No. 168, Fuxing 3rd Rd., Qianzhen Dist., Kaohsiung City 806003, Taiwan (R.O.C.)","陳O棋","07-3356655","","有","有"
"36925478","20150331","20210811","寶瓏環保企業行","BAO LONG LINES OF ENVIRONMENTAL PROTECTION ENTERPRISES CO.","高雄市苓雅區至誠路７４號","No. 74, Zhicheng Rd., Lingya Dist., Kaohsiung City 80285, Taiwan (R.O.C.)","廖O偉","07-3603698","","有","有"
"36925580","20131119","20230414","福園實業社","FOOK YUEN STORES","高雄市苓雅區漢昌街７０巷２之１號１樓","1 F., No. 2-1, Ln. 70, Hanchang St., Lingya Dist., Kaohsiung City 802021, Taiwan (R.O.C.)","謝O道","07-7272788","07-7611688","有","有"
"36926032","20210407","20231124","全電行","CHUAN TIEN SALES COMPANY","高雄市三民區忠孝一路507號","No. 507, Zhongxiao 1st Rd., Sanmin Dist., Kaohsiung City 807028, Taiwan (R.O.C.)","龍O浩","07-2351516","","有","有"
"36926552","20121107","20240502","桓松企業社","HUAN SONG ENTERPRISE CO.","高雄市鳥松區文前路文北巷2弄2號1樓","1 F., No. 2, Aly. 2, Wenbei Ln., Wenqian Rd., Niaosong Dist., Kaohsiung City 833173, Taiwan (R.O.C.)","陳O延","0955-107177","","有","有"
"36926785","20201125","20210812","提克斯國際社","TKSFH co.","高雄市左營區安吉街407號1樓","1 F., No. 407, Anji St., Zuoying Dist., Kaohsiung City 81358, Taiwan (R.O.C.)","劉O楊","07-3754689","","有","有"
"36926954","20140709","20210811","俐潔媽寶購商行","LJMBFUN CO.","高雄市苓雅區苓中路３７號４樓之３","4F.-3, No. 37, Lingzhong Rd., Lingya Dist., Kaohsiung City 80249, Taiwan (R.O.C.)","高O蕎","07-3853805","","有","有"
"36928123","20130111","20210811","優合遊艇機件企業社","DH MECHANICAL SYSTEM CO.","高雄市左營區重愛路２２巷１６號１０樓之２","10F.-2, No. 16, Ln. 22, Chong’ai Rd., Zuoying Dist., Kaohsiung City 81368, Taiwan (R.O.C.)","嚴O勛","07-5553050","","有","有"
"36928876","20130130","20210811","久酷國際商行","JOE COOL INTERNATIONAL CO.","高雄市苓雅區武昌路６號１樓","1 F., No. 6, Wuchang Rd., Lingya Dist., Kaohsiung City 80275, Taiwan (R.O.C.)","陳O楨","07-7715590","","有","有"
"36929381","20140512","20210812","高雄觀音馬術運動莊園","KAOHSIUNG GODDESS OF MERCY MANOR EQUESTRIAN SPORTS CO.","高雄市橋頭區農場路１號","No. 1, Nongchang Rd., Qiaotou Dist., Kaohsiung City 82541, Taiwan (R.O.C.)","李O珍","0919788999","","有","有"
"36929452","20151007","20210812","椏椏魅睫藝術企業社","ARTISTIC EYELASH CO.","高雄市新興區新田路１５５號４樓之１","4F.-1, No. 155, Xintian Rd., Xinxing Dist., Kaohsiung City 80044, Taiwan (R.O.C.)","曾O琁","07-2218777","","無","無"
"36929468","20220622","20220622","順流綠茶專賣店","SHUN LIU TEA SHOP","高雄市旗山區延平一路５４６號１樓","1 F., No. 546, Yanping 1st Rd., Qishan Dist., Kaohsiung City 842056, Taiwan (R.O.C.)","楊O婷","07-6628789","","有","有"
"36930697","20150716","20230118","綿菓子工坊","MIANGUOZI WORKSHOP","高雄市三民區嫩江街２巷８號１樓","1 F., No. 8, Ln. 2, Nenjiang St., Sanmin Dist., Kaohsiung City 807007, Taiwan (R.O.C.)","葉O廷","07-7632986","07-3221031","無","無"
"36931176","20220622","20220622","宇宇紅綠茶專賣店","YU YU TEA SHOP","高雄市左營區榮總路３１號１樓","1 F., No. 31, Rongzong Rd., Zuoying Dist., Kaohsiung City 813406, Taiwan (R.O.C.)","洪O亨","07-3103300","","有","有"
"36933511","20130102","20230118","廣旭企業社","GUAN-SHI ENTERPRISE CO.","高雄市林園區林園北路４６６號","No. 466, Linyuan N. Rd., Linyuan Dist., Kaohsiung City 832012, Taiwan (R.O.C.)","黃O音","07-6426810","","無","無"
"36933569","20130313","20221123","山城企業社","SU CHAIN ENTERPRISE CO.","高雄市大寮區溪寮路26之55號","No. 26-55, Xiliao Rd., Daliao Dist., Kaohsiung City 831113, Taiwan (R.O.C.)","李O峰","0987657325","","無","無"
"36934743","20160303","20210811","統益工程行","TOUN YI CONSTRUCTION COMPANY","高雄市鼓山區銀川街４８巷１１號１樓","1 F., No. 11, Ln. 48, Yinchuan St., Gushan Dist., Kaohsiung City 80445, Taiwan (R.O.C.)","郭O恩","0975739117","","有","有"
"36934981","20200214","20210811","翊暘實業社","YI YUNG INDUSTRIAL CO.","高雄市路竹區中山路７６８巷２８號１樓","1 F., No. 28, Ln. 768, Zhongshan Rd., Luzhu Dist., Kaohsiung City 82146, Taiwan (R.O.C.)","古O明","0928719337","06-2995070","有","有"
"36935118","20160803","20210812","經典工坊","ATELIER CLASSIC CO.","臺北市中山區松江路297巷10號","No. 10, Ln. 297, Songjiang Rd., Zhongshan Dist., Taipei City 10483, Taiwan (R.O.C.)","蕭O晏","02-25177585","02-25177585","有","有"
"36936236","20170425","20210811","昱承管理顧問企業社","XTRATEC COMPANY","屏東縣九如鄉九明村光復街167巷26號1樓","1 F., No. 26, Ln. 167, Guangfu St., Jiuru Township, Pingtung County 90441, Taiwan (R.O.C.)","王O誠","0912230344","07-3645058","有","有"
"36937018","20140110","20210811","小米育樂企業社","MR. ATHLETICS CO.","高雄市鼓山區美術館路７９號８樓","8 F., No. 79, Meishuguan Rd., Gushan Dist., Kaohsiung City 80460, Taiwan (R.O.C.)","陳O婷","0958-106105","","有","有"
"36937164","20130326","20210811","松威實業社","SONG WEI PRECISE CO.","高雄市湖內區建國街１３巷２６號","No. 26, Ln. 13, Jianguo St., Hunei Dist., Kaohsiung City 82946, Taiwan (R.O.C.)","莊O賢","07-6991989","07-6993693","有","有"
"36937811","20130125","20230118","嘉淼企業社","JM POWER CO.","高雄市燕巢區中民路６５９巷３１弄１８號１樓","1 F., No. 18, Aly. 31, Ln. 659, Zhongmin Rd., Yanchao Dist., Kaohsiung City 824009, Taiwan (R.O.C.)","吳O祥","0935900016","","無","無"
"36938071","20150707","20230708","一方日日香企業","I-FANG ZIZI SHUNG CO.","高雄市前金區成功一路420號15樓之4","15F.-4, No. 420, Chenggong 1st Rd., Qianjin Dist.,  Kaohsiung City 801204, Taiwan (R.O.C.)","方O蓉","07-2159995","","有","有"
"36939070","20130208","20210812","享昕企業行","ENJOY START BUSINESS CO.","高雄市仁武區竹楠路１３８號一樓","1 F., No. 138, Zhunan Rd., Renwu Dist., Kaohsiung City 81448, Taiwan (R.O.C.)","林O升","07-3711742","07-3713998","無","無"
"36939780","20230621","20230621","鑫鴻昌企業社","SIN HONG CHANG Company","高雄市左營區海明街５９號５樓之１","5 F.-1, No. 59, Haiming St., Zuoying Dist., Kaohsiung City 813260, Taiwan (R.O.C.)","陳O婷","0927590080","","有","有"
"36940180","20150601","20210811","鮮豐食品","FRESH FENG FOOD CO.","高雄市苓雅區凱旋三路３４６巷２號２樓","2 F., No. 2, Ln. 346, Kaixuan 3rd Rd., Lingya Dist., Kaohsiung City 80273, Taiwan (R.O.C.)","郭O宗","","07-7613669","有","有"
"36940745","20130307","20210811","奕大企業社","YI-DA INDUSTRIAL MATERIALS CO.","高雄市小港區民義街１２之２號","No. 12-2, Minyi St., Xiaogang Dist., Kaohsiung City 81252, Taiwan (R.O.C.)","陳O燕","07-8011304","","有","有"
"36941202","20240403","20240403","小草維修行銷商行","Xiaocao mobile phone marketing Company","高雄市苓雅區苓雅一路２８４號１樓","1 F., No. 284, Lingya 1st Rd., Lingya Dist., Kaohsiung City 802036, Taiwan (R.O.C.)","蔡O聰","0918655113","","有","有"
"36942130","20150304","20210811","龍壕寢具行","LUNG HAO BEDDING CO.","高雄市鳳山區保泰路１１２號１樓","1 F., No. 112, Baotai Rd., Fengshan Dist., Kaohsiung City 83085, Taiwan (R.O.C.)","曹O瑜","07-3835856","07-3833765","有","有"
"36943779","20140116","20210811","永磐國際商行","EVER ROCK TRADING CO.","高雄市前金區中華三路２３號６樓之１","6F.-1, No. 23, Zhonghua 3rd Rd., Qianjin Dist., Kaohsiung City 80145, Taiwan (R.O.C.)","蔡O宏","0920260335","","有","有"
"36943969","20151104","20210812","偕康橡塑企業社","TUJCOM RUBBER PLASTIC CO.","高雄市鳥松區松埔北巷９之３５號８樓","8 F., No. 9-35, Songpu N. Ln., Niaosong Dist., Kaohsiung City 83350, Taiwan (R.O.C.)","江O綣","0983062357","","有","有"
"36944714","20190709","20210811","索拉企業社","SORA ENTERPRISE CO.","高雄市鼓山區文信路221號1樓","1 F., No. 221, Wenxin Rd., Gushan Dist., Kaohsiung City 80465, Taiwan (R.O.C.)","徐O育","07-7496808","07-7491739","有","有"
"36945045","20200417","20230118","安堤生技實業","Anti Biotech Co.","高雄市新興區中山一路５２號","No. 52, Zhongshan 1st Rd., Xinxing Dist., Kaohsiung City 800052, Taiwan (R.O.C.)","詹O棋","07-2211892","","無","無"
"36945988","20210415","20210811","囿鑫資訊工作室","yousin zixun studio","高雄市前鎮區后平路２２巷２７號","No. 27, Ln. 22, Houping Rd., Cianjhen Dist., Kaohsiung City 80666, Taiwan (R.O.C.)","張O幃","07-8222298","","有","有"
"36946635","20210628","20210628","烹草本養生實業社","PHJ CO.","高雄市鳳山區鳳仁路３９巷５號１樓","1 F., No. 5, Ln. 39, Fengren Rd., Fengshan Dist., Kaohsiung City 83053, Taiwan (R.O.C.)","楊O諺","0987363829","","有","有"
"36946939","20201006","20210812","河北水族","HE BEI AQUARIUM","高雄市苓雅區河北路６６號１樓","1 F., No. 66, Hebei Rd., Lingya Dist., Kaohsiung City 80281, Taiwan (R.O.C.)","胡O維","07-7276119","","有","有"
"36947563","20140424","20210812","通寶企業社","TONBAO BUSINESS CO.","高雄市苓雅區建國一路２７４巷２號４樓之１","4F.-1, No. 2, Ln. 274, Jianguo 1st Rd., Lingya Dist., Kaohsiung City 80288, Taiwan (R.O.C.)","蘇O嫚","07-7356707","07-7338361","有","有"
"36947655","20130417","20210811","瑞柏企業行","RUI-BO ENTERPRISE CO.","高雄市三民區九如一路５４３巷１號１樓","1 F., No. 1, Ln. 543, Jiuru 1st Rd., Sanmin Dist., Kaohsiung City 80764, Taiwan (R.O.C.)","林O安","07-3870295","07-3872421","有","有"
"36947748","20130412","20230118","聖塔國際商行","BEST GOLDEN SUCCESS CO.","高雄市苓雅區林泉街38巷11號5樓之3","5 F.-3, No. 11, Ln. 38, Linquan St., Lingya Dist., Kaohsiung City 802578, Taiwan (R.O.C.)","葉O珊","07-7241251","07-7241250","無","無"
"36948578","20210916","20210916","景旺企業社","King wang Enterprise Co.","高雄市楠梓區後勁西路２９號１樓","1 F., No. 29, Houjing W. Rd., Nanzi Dist., Kaohsiung City 81158, Taiwan (R.O.C.)","黃O龍","07-3606616","","有","有"
"36949302","20180604","20231006","新舫企業行","SHINFANG COMPANY","高雄市三民區吉林街２６３號","No. 263, Jilin St., Sanmin Dist., Kaohsiung City 80758, Taiwan (R.O.C.)","許O青","07-3220121","","有","有"
"36949746","20150514","20230504","諭品興業商行","YU PING XING CO., LTD.","高雄市仁武區仁雅街142號1樓","1 F., No. 142, Renya St., Renwu Dist., Kaohsiung City 814025, Taiwan (R.O.C.)","谷O亭","07-347-9469","07-347-9469","有","有"
"36950172","20130611","20210811","帷臻企業行","WEI JHENG ENTERPRISE CO.","高雄市鳳山區瑞興路２４９巷３１號４樓","4 F., No. 31, Ln. 249, Ruixing Rd., Fengshan Dist., Kaohsiung City 83056, Taiwan (R.O.C.)","廖O凱","07-7156888","","有","有"
"36951209","20130812","20210811","華達成企業行","HUA DA CHENG CO.","高雄市左營區華夏路７１２號４樓之２","4F.-2, No. 712, Huaxia Rd., Zuoying Dist., Kaohsiung City 81368, Taiwan (R.O.C.)","何O春","07-3502475","07-3502554","有","有"
"36951334","20130606","20210812","向富企業社","RICH ORIENTED CO.","高雄市鳳山區中泰街５０巷１８號１樓","1 F., No. 18, Ln. 50, Zhongtai St., Fengshan Dist., Kaohsiung City 83066, Taiwan (R.O.C.)","蘇O程","07-7807017","07-7807017","有","有"
"36951405","20230619","20230619","立聖工程行","Lisheng Engineering Co.","高雄市鳥松區美勝六街7號1樓","1 F., No. 7, Meisheng 6th St., Niaosong Dist., Kaohsiung City 833167, Taiwan (R.O.C.)","黃O寧","07-3743025","","有","有"
"36953522","20190604","20210811","欣格萬寶通商行","Singerinco Marbotone Co.","高雄市苓雅區福東里武智街４１號一樓","1 F., No. 41, Wuzhi St., Fudong Vil., Lingya Dist., Kaohsiung City 80275, Taiwan (R.O.C.)","曾O崴","07-7237779","07-7712165","有","有"
"36958483","20220622","20220622","熱麥紅綠茶專賣店","JE MAI TEA SHOP","高雄市楠梓區藍昌路３９８之１２號","No. 398-12, Lanchang Rd., Nanzi Dist., Kaohsiung City 811033, Taiwan (R.O.C.)","余O芬","07-5915060","","有","有"
"36959906","20210208","20230622","清品竹冷飲","TEA GIRL NO.3  SHOP","高雄市楠梓區鳳楠路２６５號１樓","1 F., No. 265, Fengnan Rd., Nanzi Dist., Kaohsiung City 811022, Taiwan (R.O.C.)","曾O儀","0972721013","","有","有"
