"統一編號","原始登記日期","核發日期","廠商中文名稱","廠商英文名稱","中文營業地址","英文營業地址","代表人","電話號碼","傳真號碼","進口資格","出口資格"
"09000327","20230816","20230816","誠盈鋼鐵行","CHENG YING STEEL Company","嘉義市西區書院里延平街４２５號一樓","1 F., No. 425, Yanping St., Shuyuan Vil., West Dist., Chiayi City 600003, Taiwan (R.O.C.)","李O金","05-2371431","","有","有"
"09003470","20210219","20220310","坤宥工程行","Kunyou Engineering Company","臺南市將軍區西甲里西華156之126號1樓","1 F., No. 156-126, Xihua, Xijia Vil., Jiangjun Dist., Tainan City 72542, Taiwan (R.O.C.)","吳O祥","0921292309","","有","有"
"09003921","20220802","20220802","昇展企業社","SHENG JAAN ENTERPRISE CO.","臺南市仁德區新田里中正路2段512號1樓","1 F., No. 512, Sec. 2, Zhongzheng Rd., Xintian Vil., Rende Dist., Tainan City 717018, Taiwan (R.O.C.)","陳O鐘","06-2393770","06-2308525","有","有"
"09012766","20211216","20211216","卓越企業社","Excellent Enterprise Society co.","高雄市大寮區琉球路７５之４０號１樓","1 F., No. 75-40, Liuqiu Rd., Daliao Dist., Kaohsiung City 83158, Taiwan (R.O.C.)","許O雪","913909082","","有","有"
"09019352","20160322","20160322","保證責任屏東縣宗發蔬果生產合作社","ZONG FA FRUIT COOPERATION","屏東縣萬巒鄉佳佐村民生路１１號","NO.11, MINSHENG RD., WANLUAN TOWNSHIP, PINGTUNG COUNTY 923, TAIWAN (R.O.C.)","沈O億","08-7809111","08-7892554","無","無"
"09026038","20110119","20210812","峯瀚行","FENG HAN XING CO.","高雄市梓官區赤崁里赤崁北路６４巷１７號１樓","1 F., No. 17, Ln. 64, Chikan N. Rd., Chikan Vil., Ziguan Dist., Kaohsiung City 82644, Taiwan (R.O.C.)","黃O鳴","07-6172134","","有","有"
"09026086","20160310","20230629","天時福企業行","TIANSHI ENTERPRISE COMPANY","高雄市彌陀區光和里仁愛街８２號１樓","1 F., No. 82, Ren’ai St., Guanghe Vil., Mituo Dist., Kaohsiung City 827010, Taiwan (R.O.C.)","吳O添","07-6107405","","無","無"
"09027389","20070817","20220913","仲凌企業社","JUNG LINK CO.","臺南市中西區府前里府前路2段72號4樓（僅供辦公室使用）","4 F., No. 72, Sec. 2, Fuqian Rd., Fuqian Vil., West Central Dist., Tainan City 700025, Taiwan (R.O.C.)","林O玉","0932-700139","06-2346882","有","有"
"09027803","20150923","20210812","大聖企業行","TA SHENG PLASTIC CO.","高雄市大社區保安里大吉路７２０號１樓（營業所在地僅供辦公連絡用）","1 F., No. 720, Daji Rd., Bao’an Vil., Dashe Dist., Kaohsiung City 81544, Taiwan (R.O.C.)","曾O展","0935415386","","有","有"
"09028958","20100310","20241120","高華起重工程行","KAO HWA CO.","臺南市仁德區仁義里正義路191巷11號1樓","1 F., No. 11, Ln. 191, Zhengyi Rd., Renyi Vil., Rende Dist., Tainan City 71753, Taiwan (R.O.C.)","甘O圳","0925841166","07-6972631","有","有"
"09034678","20240325","20240325","亞旭商行","YES Shop","臺南市永康區中華里小東路585號1樓","1 F., No. 585, Xiaodong Rd., Zhonghua Vil., Yongkang Dist., Tainan City 710012, Taiwan (R.O.C.)","沈O旭","0938997873","","有","有"
"09034733","20100916","20210812","全洲帶類製造工廠","QUAN-ZHOU MEDICAL MESHED BANDAGE FACTORY","屏東縣九如鄉洽興村洽興路49 之1號","No. 49-1, Qiaxing Rd., Jiuru Township, Pingtung County 90444, Taiwan (R.O.C.)","林O宏","08-7031977","","有","有"
"09036036","20061025","20210811","威睿實業社","WEI RAI ENTERPRISE CO.","臺南市安平區國平里文平路187巷88弄1之8號2樓（僅供辦公室使用）","2 F., No. 1-8, Aly. 88, Ln. 187, Wenping Rd., Guoping Vil., Anping Dist., Tainan City 70846, Taiwan (R.O.C.)","楊O秀敏","06-2652206","06-2652208","有","有"
"09036438","20201019","20210811","大享企業社","DA SHIANG -DAXIANG CO.","屏東縣屏東市豐田里康樂新村４０號１樓","1 F., No. 40, Fengtian Vil., Pingtung City, Pingtung County 900, Taiwan (R.O.C.)","劉O利","0938276980","","有","有"
"09037289","20161018","20210811","極限原始運動用品店","X-ROLLER SHOP","臺南市北區重興里東豐路497號1樓","1 F., No. 497, Dongfeng Rd., Chongxing Vil., North Dist., Tainan City 70457, Taiwan (R.O.C.)","黃O貫","06-2322781","","有","有"
"09043368","20051208","20230114","統信企業社","TUNG HSIN FURNITURE ENTERPRISE CO.","嘉義縣太保市後潭里後潭453-25號一樓","1F., No. 453-25, Houtan, Houtan Vil., Taibao City,  Chiayi County 612010, Taiwan (R.O.C.)","馬O任","05-3717368","","有","有"
"09045598","20100126","20210811","茂宏商行","MAU HUNG CO.","高雄市鳥松區鳥松里松埔北巷９-３６號","No. 9-36, Songpu N. Ln., Niaosong Vil., Niaosong Dist., Kaohsiung City 83350, Taiwan (R.O.C.)","郭O榮","07-7766608","08-7663509","有","有"
"09048429","20100709","20210811","勝大機械工程行","SHENG DA MECHANICAL ENGINEERING CO.","臺南市善化區小新里小新營56之12號1樓","1 F., No. 56-12, Xiaoxinying, Xiaoxin Vil., Shanhua Dist., Tainan City 74174, Taiwan (R.O.C.)","黃O翔","06-5850906","06-5833880","有","有"
"09049715","20230206","20230206","鉅正企業行","Jiu Jeng Company","高雄市鳳山區龍成路３４巷５５號２樓","2 F., No. 55, Ln. 34, Longcheng Rd., Fengshan Dist., Kaohsiung City 830630, Taiwan (R.O.C.)","許O友","07-8121399","07-8318526","有","有"
"09057876","20080304","20101224","保證責任高雄縣高美農特產品生產合作社","KAOHSIUNG COUNTY KAO MEI FARM PRODUCTS COOPERATIVE","高雄市美濃區龍肚里柳樹塘２號","NO.2, LIOU SHU TANG, LONGDU VILLAGE, MEINONG DIST., KAOHSIUNG CITY 843, TAIWAN (R.O.C.)","陳O尚","07-6850120","07-6851306","無","無"
"09058208","20230418","20230418","華邦機電工程行","HUA BOND COMPANY","臺南市麻豆區寮廍里寮子󿾴12之50號","No. 12-50, Madou Dist., Tainan City 721, Taiwan (R.O.C.)","柳O堂","0911730162","","有","有"
"09063693","20250509","20250509","鼎緒洋行","Dingxu trading Co.","屏東縣東港鎮頂中里中山路８６－１號１樓","1 F., No. 86-1, Zhongshan Rd., Dingzhong Vil., Donggang Township, Pingtung County 928001, Taiwan (R.O.C.)","陳O緒","08-8757318","","有","有"
"09064383","20141222","20230523","安奕行","ANN YI CO.","臺南市六甲區中社里林鳳營240之64號1樓","1 F., No. 240-64, Linfengying, Zhongshe Vil., Liujia Dist., Tainan City 734004, Taiwan (R.O.C.)","黃O雄","0913718529","06-6994318","有","有"
"09071791","20060816","20210811","生命園企業社","LIFE FOUNTAIN COMPANY","臺南市東區後甲里裕農路605巷12號4樓","4 F., No. 12, Ln. 605, Yunong Rd., Houjia Vil., East Dist., Tainan City 70149, Taiwan (R.O.C.)","王O錦","06-2697780","06-3365674","有","有"
"09072124","20210107","20210812","百勝工程行","Bai Sheng Engineering Co.","高雄市大寮區中庄里信義路１４號２樓（營業所在地僅供辦公連絡用）","2 F., No. 14, Xinyi Rd., Zhongzhuang Vil., Daliao Dist., Kaohsiung City 83147, Taiwan (R.O.C.)","李O壽","07-3758936","","有","有"
"09075473","20080825","20221020","章源製粉工廠","ABUNDANT STATES STARCH MANUFACTURING FACTORY","嘉義縣水上鄉忠和村檳榔樹角23-1號","No. 23-1, Binlangshujiao, Zhonghe Vil., Shuishang Township,  Chiayi County 608004, Taiwan (R.O.C.)","林O宏","05-2890751","05-2892058","有","有"
"09076281","20081125","20220826","夏漢燈坊","XIA HAN LIGHTING CO.","臺東縣臺東市文化里更生路３５號一樓","1 F., No. 35, Gengsheng Rd., Wenhua Vil., Taitung City, Taitung County 950002, Taiwan (R.O.C.)","朱O漢","08-9350331","08-9323610","有","有"
"09084304","20060208","20230114","鈞鑽企業行","JIUN TZUANN ENTERPRISE CO.","高雄市湖內區湖東里民生街２４８巷１６號１樓","1 F., No. 16, Ln. 248, Minsheng St., Hudong Vil., Hunei Dist., Kaohsiung City 829003, Taiwan (R.O.C.)","梁O吉","07-6933472","","無","無"
"09084873","20170517","20221209","勝雄管理顧問社","SHENG XIANG MANAGEMENT CONSULTANTS COMPANY","高雄市湖內區民族街２７０號１樓","1 F., No. 270, Minzu St., Hunei Dist., Kaohsiung City 829006, Taiwan (R.O.C.)","程O婷","07-6995080","","有","有"
"09084894","20070830","20210812","昶騰企業行","CHANG TENG CO.","高雄市鳳山區瑞興里瑞芳街６２巷１８號（營業所在地僅供辦公連絡用）","No. 18, Ln. 62, Ruifang St., Ruixing Vil., Fengshan Dist., Kaohsiung City 83056, Taiwan (R.O.C.)","陳O忠","07-7315188","07-7315166","有","有"
"09088174","20170913","20210811","成學書局","CHENG-SHIUE BOOKS COMPANY","臺南市東區富強里中華東路2段96巷31號1樓","1 F., No. 31, Ln. 96, Sec. 2, Zhonghua E. Rd., Fuqiang Vil., East Dist., Tainan City 70149, Taiwan (R.O.C.)","陳O英","06-2353535#5069","06-3028026","有","有"
"09090158","20150128","20210812","嘉晟汽車企業社","JIASHENG  AUTO  COMPANY","高雄市岡山區劉厝路２７９號１樓","1 F., No. 279, Liucuo Rd., Gangshan Dist., Kaohsiung City 82047, Taiwan (R.O.C.)","黃O宏","07-6106151","","有","有"
"09093275","20060426","20210812","祥佶木器工藝社","SHINE CHI WOODEN CRAFT CO.","臺南市善化區胡家里胡厝寮89之5號1樓","1 F., No. 89-5, Hucuoliao, Hujia Vil., Shanhua Dist., Tainan City 74161, Taiwan (R.O.C.)","董O祥","06-5812879","06-5812932","有","有"
"09094318","20200827","20210809","福翔起重行","Fuxiang lifting COMPANY","嘉義市西區竹圍里北鎮街７５號一樓","1 F., No. 75, Beizhen St., Zhuwei Vil., West Dist., Chiayi City 60084, Taiwan (R.O.C.)","郭O文","0919-197-272","","有","有"
"09095800","20150116","20210811","戴尼提心知館","DIANETIC YUNGKANG CENTER STORE","臺南市永康區中華里華興街90號","No. 90, Huaxing St., Zhonghua Vil., Yongkang Dist., Tainan City 71069, Taiwan (R.O.C.)","鄭O婷","06-3130136","","無","無"
"09098291","20060615","20210812","佳裕藝術玻璃","CHIA YI ART GLASS CO.","嘉義縣大林鎮中坑里沙崙路３０６號","No. 306, Shalun, Zhongkeng Vil., Dalin Township, Chiayi County 62248, Taiwan (R.O.C.)","李O森","05-2769041","05-2750630","無","無"
"09103040","20080425","20210812","天成泰企業社","TIAN CHENG TAI COMPANY","臺南市仁德區仁義里中山路10巷37號1樓","1 F., No. 37, Ln. 10, Zhongshan Rd., Renyi Vil., Rende Dist., Tainan City 71752, Taiwan (R.O.C.)","汪O芬","06-2495528","06-2494697","有","有"
"09103999","20140611","20210811","詠新創意廣告工作室","YONGXIN CREATIVITY ADVERTISEMENT STUDIO","臺南市永康區塩洲里塩洲二街197巷1號1樓","1 F., No. 1, Ln. 197, Yongkang Dist., Tainan City 710, Taiwan (R.O.C.)","温O棋","06-2812109","06-2812108","有","有"
"09104250","20130614","20130614","保證責任嘉義縣嘉利果菜生產合作社","JALEE FRUITS AND VEGETABLES PRODUCERS' COOPERATIVE","嘉義縣民雄鄉松山村後山仔２５號","NO.25, HOUSHANZAI, MINXIONG TOWNSHIP, CHIAYI CONTY 62148, TAIWAN (R.O.C.)","周O欽","05-2722259","05-2720059","有","有"
"09106222","20230519","20230519","雅太精品店","Ya Tai Boutique","臺南市南區新生里大同路2段112巷3號1樓","1 F., No. 3, Ln. 112, Sec. 2, Datong Rd., Xinsheng Vil., South Dist., Tainan City 702002, Taiwan (R.O.C.)","許O娟","06-2150602","","有","有"
"09106264","20060206","20210811","美麗達精品店","MAYLIDA FINE CO.","臺南市中西區永華里中正路17號1樓","1 F., No. 17, Zhongzheng Rd., Yonghua Vil., West Central Dist., Tainan City 70041, Taiwan (R.O.C.)","王O","06-2265959","06-2218209","無","無"
"09106665","20120618","20210812","奇漢電子企業社","ICMAGIC TECHNOLOGY CO.","臺南市東區崇文里崇德二十二街40號夾層（僅供辦公室使用）","No. 40, Chongde 22nd St., Chongwen Vil., East Dist., Tainan City 70173, Taiwan (R.O.C.)","陳O蘭","06-3357361","06-2884251","有","有"
"09110627","20201005","20210811","順仕企業社","SHUEN SHIH CO.","屏東縣屏東市前進里和生路三段３０７之１號","No. 307-1, Sec. 3, Hesheng Rd., Qianjin Vil., Pingtung City, Pingtung County 90093, Taiwan (R.O.C.)","李O庭","0930314019","","有","有"
"09111294","20090312","20210812","敏捷工程行","MIN CHIEH ENGINEERING CO.","臺南市西港區西港里文化路43之21號1樓","1 F., No. 43-21, Wenhua Rd., Xigang Vil., Xigang Dist., Tainan City 72343, Taiwan (R.O.C.)","吳O靜","06-2547137","","有","有"
"09113595","20150617","20210812","鴻達工業社","HUNG DA MACHINERY COMPANY","嘉義縣新港鄉南崙村崙子路172之5號1樓","1 F., No. 172-5, Lunzi, Xingang Township, Chiayi County 61691, Taiwan (R.O.C.)","林O滿","05-3760986","05-3760650","有","有"
"09114638","20091014","20210811","佳翔企業社","JIA-HSIANG COMPANY","臺南市中西區大南里五妃街237號1樓","1 F., No. 237, Wufei St., Danan Vil., West Central Dist., Tainan City 70052, Taiwan (R.O.C.)","黃O杰","07-2518191","07-2513727","有","有"
"09114807","20160104","20210811","陞錩實業社","SHENG CHANG LUBE CO.","臺南市安南區溪北里安和路1段91巷95號1樓","1 F., No. 95, Ln. 91, Sec. 1, Anhe Rd., Xibei Vil., Annan Dist., Tainan City 70958, Taiwan (R.O.C.)","楊O鳳櫻","06-5937161","","有","有"
"09120955","20210602","20210602","風乎舞雩舞團","Feng Dance Troupe","台南市永康區崑大路201巷50號","No. 50, Ln. 201, Kunda Rd., Yongkang Dist., Tainan City 71070, Taiwan (R.O.C.)","曾O雲","0918158214","","有","有"
"09127155","20091201","20091201","保證責任屏東縣友邦農特產品生產合作社","GUARANTEE LIABILITY PING TONG COUNTY YOU BIO FARM PRODUCTS COOPERATIVE","屏東縣高樹鄉中正路１５０號","NO.150, ZHONGZHENG RD., GAOSHU TOWNSHIP, PINGTUNG COUNTY 90645, TAIWAN (R.O.C.)","徐O梅珠","08-7957765","08-7958832","有","有"
"09130460","20090225","20240131","富善企業行","EALLY ENTERPRISE CO.","臺南市永康區新樹里富強路2段128巷45號1樓","1 F., No. 45, Ln. 128, Sec. 2, Fuqiang Rd., Xinshu Vil., Yongkang Dist., Tainan City 71059, Taiwan (R.O.C.)","","06-2733788","06-2722207","有","有"
"09140973","20180206","20220903","東港藝品行","DONG GANG Art Product CO.","屏東縣東港鎮下廍里下廍路５０５號","NO. 505,XIABU RD.,XIABU VIL., DONGGANG TOWNSHIP, PINGTUNG COUNTY 928009, TAIWAN (R.O.C.)","林O元","08-8320280","","有","有"
"09142557","20110617","20210811","龍德企業社","LONG DER MACHINERY CO.","高雄市大寮區三隆路５７１巷１２號","No. 12, Ln. 571, Sanlong Rd., Daliao Dist., Kaohsiung City 83160, Taiwan (R.O.C.)","陳O龍","07-7883776","07-7886859","有","有"
"09142590","20240528","20240528","有限責任高雄市生和青果運銷合作社","Sheng Ho Fruit Marketing Cooperative","高雄市旗山區樹人路43-9號","No. 43-9, Shuren Rd., Qishan Dist., Kaohsiung City 842044, Taiwan (R.O.C.)","曾O禎","","","有","有"
"09143612","20070402","20210811","儀珈昕企業社","YI CHIA HSIN ENTERPRISE CO.","臺南市仁德區仁義里義林九街60號1樓","1 F., No. 60, Yilin 9th St., Renyi Vil., Rende Dist., Tainan City 71752, Taiwan (R.O.C.)","劉O蘭","06-2391497","06-2399455","有","有"
"09144746","20060220","20210812","上󼥂企業行","MAJOR LINK BUSINESS CO.","高雄市鳳山區福誠里六法街１０２巷７號１樓","1 F., No. 7, Ln. 102, Liufa St., Fucheng Vil., Fengshan Dist., Kaohsiung City 83086, Taiwan (R.O.C.)","顏O其","07-8215204","","有","有"
"09148406","20130201","20210812","名鋒企業社","MING FONG ENTERPRISE CO.","高雄市大寮區琉球里琉球路２４之１２號１樓","1 F., No. 24-12, Liuqiu Rd., Liuqiu Vil., Daliao Dist., Kaohsiung City 83158, Taiwan (R.O.C.)","張O嘉","0925169669","","有","有"
"09148594","20150319","20210812","天然莊企業社","NATURAL GRANGE FIRM","嘉義市東區後湖里保建街３６之５號六樓二","6 F.-2, No. 36-5, Baojian St., Houhu Vil., East Dist., Chiayi City 60078, Taiwan (R.O.C.)","莊O端","05-2752417","05-2752417","有","有"
"09149186","20060222","20230621","唐古拉國際貿易行","TANG GU LA TRADING CO.","屏東縣屏東市厚生里四維路78號1樓","1 F., No. 78, Siwei Rd., Housheng Vil., Pingtung City, Pingtung County 900010, Taiwan (R.O.C.)","黃O輝","08-7321356","","無","無"
"09149518","20060807","20210811","德昇企業社","DE SHENG GT CO.","嘉義縣新港鄉宮後村中正路150-2號一樓","1 F., No. 150-2, Zhongzheng Rd., Xingang Township, Chiayi County 61693, Taiwan (R.O.C.)","鄭O維","0928355895","05-3747991","有","有"
"09156762","20050909","20221230","泉奕國際貿易行","CHUAN YIH INTERNATIONAL TRADE CO.","苗栗縣頭份市後庄里１３鄰文化街５５號","No. 55, Wenhua St., 13th Neighborhood, Houzhuang Vil., Toufen City, Miaoli County 351014, Taiwan (R.O.C.)","黃O泉","037-660828","037-687626","無","無"
"09161619","20110428","20210812","全豐工程行","CHUEN FONG ENGINEERING CO.","雲林縣虎尾鎮興中里興中三四號","No. 34, Xingzhong, Xingzhong Vil., Huwei Township, Yunlin County 63252, Taiwan (R.O.C.)","林O哲","05-6331037","05-6336631","有","有"
"09164989","20090409","20240301","臻品蛋糕咖啡烘焙坊","ZHENPING TRADING COMPANY","臺中市太平區新福里中山路四段１７４號１樓","1 F., No. 174, Sec. 4, Zhongshan Rd., Xinfu Vil., Taiping Dist., Taichung City 41162, Taiwan (R.O.C.)","鄭O萍","04-23924466","04-23934981","有","有"
"09165050","20141121","20210811","升弘工程行","SHENG HONG PROJECT COMPANY","臺中市東勢區茂興里東蘭路238之1號","No. 238-1, Donglan Rd., Maoxing Vil., Dongshi Dist., Taichung City 42346, Taiwan (R.O.C.)","邱O茹","04-25773643","04-25874101","有","有"
"09171216","20190513","20250524","歆隆行","HSIN LUNG COMPANY","南投縣仁愛鄉精英村中興巷32號","No. 32, Zhongxing Ln., Jingying Vil., Ren’ai Township,  Nantou County 546023, Taiwan (R.O.C.)","陳O男","04-23368971","04-23368971","有","有"
"09173734","20130401","20210812","柏苗企業社","KRAFTFULL TECHNICH CO.","彰化縣和美鎮源埤里太平路46巷45號","No. 45, Ln. 46, Taiping Rd., Yuanpi Vil., Hemei Township, Changhua County 50841, Taiwan (R.O.C.)","徐O凱","04-7613830","04-7522637","有","有"
"09177176","20110317","20221005","蜂神森林養蜂場","HONEY MASTER'S ORGANIC BEE FARM CO.","南投縣魚池鄉東池村文武巷１３號","No. 13, Wenwu Ln., Dongchi Vil., Yuchi Township,  Nantou County 555007, Taiwan (R.O.C.)","王O聰","049-2906868","","有","有"
"09181283","20061026","20210812","貴仁機電工程行","GUI REN ELECTRIC MACHINERY COMPANY","南投縣草屯鎮中山里中山街１６號１樓﹝僅供辦公室使用現場不得堆棧﹞","1 F., No. 16, Zhongshan St., Zhongshan Vil., Caotun Township, Nantou County 54242, Taiwan (R.O.C.)","白O仁","049-2333453","04-22804986","有","有"
"09181636","20061208","20230111","新嬴企業社","HSIN YIEN ENTERPRISE COMPANY","雲林縣古坑鄉崁腳村崁腳一二號之二","No. 12-2, Kanjiao, Gukeng Township, Yunlin County 646007, Taiwan (R.O.C.)","黃O如","05-5847824","05-5847824","無","無"
"09182059","20050930","20210811","鼎森養菌場","TING SEN MUSHROOM FARM","臺中市東勢區明正里東蘭路永盛巷１１號","No. 11, Yongsheng Ln., Donglan Rd., Mingzheng Vil., Dongshi Dist., Taichung City 42346, Taiwan (R.O.C.)","張O水","886-4-25826007","886-4-25826007","有","有"
"09183156","20210906","20221217","莎莉工作坊","Sally Health Firm","臺中市南區福平里新和街１１４號１樓","1 F., No. 114, Xinhe St., Fuping Vil., South Dist., Taichung City 402018, Taiwan (R.O.C.)","徐O純","0932510865","","無","無"
"09184508","20221219","20230131","睿騰電器工程行","RE-TURN Electric Company","彰化縣員林市三橋里大榮街32巷2之1號1樓","1 F., No. 2-1, Ln. 32, Darong St., Sanqiao Vil., Yuanlin City, Changhua County 510020, Taiwan (R.O.C.)","黃O蓁","0966449178","","無","無"
"09184676","20111013","20210811","瑞聖工程行","RE SEN SERVICE CO.","雲林縣崙背鄉崙前村崙前路四三之五號一樓","1 F., No. 43-5, Lunqian, Lunbei Township, Yunlin County 63742, Taiwan (R.O.C.)","黃O宗","05-6914965","05-6915280","有","有"
"09186800","20061019","20210811","柏菖物流設備實業社","BOR CHANQ LOGISTICS APPLIANCE SHI YE SHE CO.","彰化縣鹿港鎮草中里鹿草路４段３７３號１樓","1 F., No. 373, Sec. 4, Lucao Rd., Caozhong Vil., Lukang Township, Changhua County 50541, Taiwan (R.O.C.)","趙O昌","04-7713752","04-7710212","無","無"
"09187287","20150918","20210811","三豐農場","MITUTOYO FARM","彰化縣二林鎮後厝里新華巷３８弄１１１號","No. 111, Aly. 38, Xinhua Ln., Houcuo Vil., Erlin Township, Changhua County 52655, Taiwan (R.O.C.)","王O山","04-8955187","04-8950933","無","無"
"09188309","20160509","20210811","宏吉織帶企業社","HUNG JI TEXTILE ENTERPRISES CO.","彰化縣線西鄉下犁村下犁路320號","No. 320, Xiali Rd., Xianxi Township, Changhua County 50742, Taiwan (R.O.C.)","趙O氣","04-7713350","04-7710432","有","有"
"09189594","20131031","20210812","廣泰噴射器行","GUANG TAI EJECTOR COMPANY","臺中市大里區中新里環中東路六段４７６號１樓","1 F., No. 476, Sec. 6, Huanzhong E. Rd., Zhongxin Vil., Dali Dist., Taichung City 41252, Taiwan (R.O.C.)","韓O松","04-24833157","04-24832642","有","有"
"09190826","20190708","20250308","新烽龍蝦場","shin-Fongy shop","彰化縣和美鎮山犁里仁和路93號","No. 93, Renhe Rd., Shanli Vil., Hemei Township, Changhua County 508005, Taiwan (R.O.C.)","林O賢","04-8333741","","有","有"
"09192818","20051018","20230722","得億泰商行","TE YI TAI ENTERPRISE CO.","臺中市東區東勢里進德北路43巷10，12號","No. 10 & No. 12, Ln. 43, Jinde N. Rd., Dongshi Vil., East Dist., Taichung City 401002, Taiwan (R.O.C.)","戴O益","04-23605161","04-23602011","有","有"
"09192922","20191212","20230210","輇勝行","CSH CHIUAN SHENG COMPANY","臺中市西屯區福和里臺灣大道四段６７１巷１弄１５號１樓","1 F., No. 15, Aly. 1, Ln. 671, Sec. 4, Taiwan Blvd., Fuhe Vil., Xitun Dist., Taichung City 407026, Taiwan (R.O.C.)","蘇O勝","04-23597119","","有","有"
"09193062","20080718","20210812","名赫企業社","MING-HEG ENTERPRISE CO.","南投縣埔里鎮杷城里中正路２１０之２號１樓﹝現場不得堆棧﹞","1 F., No. 210-2, Zhongzheng Rd., Pacheng Vil., Puli Township, Nantou County 54550, Taiwan (R.O.C.)","余O忠","02-27121338","02-27150536","有","有"
"09195414","20220812","20220812","桂禾棠茶飲站","GUI HE TANG TEA SHOP","南投縣埔里鎮北安里中山路2段163號1樓","1 F., No. 163, Sec. 2, Zhongshan Rd., Bei’an Vil., Puli Township, Nantou County 545014, Taiwan (R.O.C.)","李O嫚","049-2990186","","有","有"
"09196096","20110603","20230414","維真重機工程行","WEI ZHEN JHONG JI CO.","苗栗縣後龍鎮龍坑里10鄰松仔腳95-9號","No. 95-9, Songzaijiao, 10th Neighborhood, Longkeng Vil., Houlong Township, Miaoli County 356007, Taiwan (R.O.C.)","余O竣","037-728297","037-723783","有","有"
"09196390","20220617","20220617","福益企業社","FU-YI PLASTIC ENTERPRISE CO.","臺中市東勢區福隆里東坑路２６６號１樓","1 F., No. 266, Dongkeng Rd., Fulong Vil., Dongshi Dist., Taichung City 423005, Taiwan (R.O.C.)","周O俊","04-25880063","","有","有"
"09199143","20140218","20231103","可樂思百貨商行","CORALS TRADING CO.","苗栗縣苗栗市北苗里19鄰文峯街87號2樓之1","2F.-1, No. 87, Wenfeng St., 19th Neighborhood, Beimiau Vil., Miaoli City,  Miaoli County 360005, Taiwan (R.O.C.)","呂O友","037-272150","","有","有"
"09199283","20241118","20241118","小鹿木工坊","DEERWOOD Workshop","臺中市大肚區蔗廍里中蔗路２之５５號","No. 2-55, Zhongzhe Rd., Dadu Dist., Taichung City 432007, Taiwan (R.O.C.)","鄭O源","04-26912995","04-26913853","有","有"
"09203688","20140529","20210812","裕辰企業社","YUE CHERNG ENTERPRISE CO.","南投縣南投市永豐里彰南路３段６８７巷５０號（營址限一樓僅供辦公室使用）","1 F., No. 50, Ln. 687, Sec. 3, Zhangnan Rd., Yongfeng Vil., Nantou City, Nantou County 54068, Taiwan (R.O.C.)","鄭O如","04-24968352","04-24932046","有","有"
"09205068","20130116","20240124","上豐生物科技企業社","SHANG FENG BIOTECHNOLOGY ENTERPRISE CO.","雲林縣斗南鎮小東里公論路１８號","No. 18, Gonglun Rd., Xiaodong Vil., Dounan Township, Yunlin County 630051, Taiwan (R.O.C.)","廖O賢","05-5952278","05-5953192\","無","無"
"09205193","20220822","20220822","香港故事小吃店","HKSTORY STORE","臺中市北區新北里一中街１１６號１樓","1 F., No. 116, Yizhong St., Xinbei Vil., North Dist., Taichung City 404009, Taiwan (R.O.C.)","林O玉","04-22250986","","有","有"
"09219746","20230130","20230130","昇裕企業社","SHENG YU ENTERPRISES Co.","彰化縣和美鎮犁盛里彰新路3段81巷18號","No. 18, Ln. 81, Sec. 3, Zhangxin Rd., Lisheng Vil., Hemei Township, Changhua County 508019, Taiwan (R.O.C.)","洪O傑","04-7350479","","有","有"
"09223158","20120620","20210812","威航企業社","WE HANG ENTERPRISE CO.","苗栗縣竹南鎮營盤里１８鄰營盤邊６９之５號","No. 69-5, Yingpanbian, 18th Neighborhood, Yingpan Vil., Zhunan Township, Miaoli County 35045, Taiwan (R.O.C.)","郭O賢","0919073778","","有","有"
"09225450","20151012","20210812","皇品農產行","HUANG PING AGRICULTURAL CO.","彰化縣埤頭鄉豊崙村埤周路70號","No. 70, Pizhou Rd., Pitou Township, Changhua County 52344, Taiwan (R.O.C.)","陳O蔚","04-8927646","04-8920495","有","有"
"09229815","20061114","20210812","安鑫行銷企業社","AN SHIN MARKETING CO.","雲林縣斗六市社口里鎮南路240巷13弄13號1樓","1 F., No. 13, Aly. 13, Ln. 240, Zhennan Rd., Shekou Vil., Douliu City, Yunlin County 64072, Taiwan (R.O.C.)","江O彬","05-5224290","","有","有"
"09230067","20060613","20210811","和翊企業社","ONE WISH ENTERPRISE CO.","臺中市外埔區三崁里甲后路三段６７３號","No. 673, Sec. 3, Jiahou Rd., Sankan Vil., Waipu Dist., Taichung City 43856, Taiwan (R.O.C.)","李O蘭","04-26832709","04-26835317","有","有"
"09231002","20170315","20210811","雲南軒茶居藝術商行","YUN NAN HSUAN CO.","臺中市南屯區同心里大墩二街１５８號１樓","1 F., No. 158, Dadun 2nd St., Tongxin Vil., Nantun Dist., Taichung City 40857, Taiwan (R.O.C.)","郭O勝","0986301871","","無","無"
"09231777","20150514","20210812","九二一特產行","NINE HUNDRED TWENTY ONE SPECIALTY FIRM","南投縣魚池鄉日月村義勇街72號一樓","1 F., No. 72, Yiyong St., Yuchi Township, Nantou County 55546, Taiwan (R.O.C.)","許O綿","049-2850103","049-2855259","無","無"
"09238075","20070511","20210811","晉豪實業社","CHIN HAO INDUSTRY SOCIETY CO.","臺中市大里區仁化里慈德路２０８巷５號１樓","1 F., No. 5, Ln. 208, Cide Rd., Renhua Vil., Dali Dist., Taichung City 41282, Taiwan (R.O.C.)","陳O惠","04-24914769","04-24963719","有","有"
"09238440","20091217","20210811","嘉旺皮業企業社","JIA WANG LEATHER BUSINESS CO.","臺中市西屯區協和里工業區三十八路３８巷１０號１樓","1 F., No. 10, Ln. 38, Gongyequ 38th Rd., Xiehe Vil., Xitun Dist., Taichung City 40768, Taiwan (R.O.C.)","徐O君","04-24629036","04-24628737","有","無"
"09239172","20090817","20210811","翊展工業社","YIH JAAN INDUSTRIAL CO.","彰化縣和美鎮山犁里七寮路５１巷３３號","No. 33, Ln. 51, Qiliao Rd., Shanli Vil., Hemei Township, Changhua County 50845, Taiwan (R.O.C.)","姚O源","04-7567781","04-7569480","有","有"
"09239519","20191104","20210811","勝承塑料企業社","SHENG-CHENG PLASTICS ENTERPRISE CO.","彰化縣溪湖鎮大突里二溪路1段408巷18號","No. 18, Ln. 408, Sec. 1, Erxi Rd., Datu Vil., Xihu Township, Changhua County 51450, Taiwan (R.O.C.)","蕭O琪","04-8796996","04-8796997","有","有"
"09241796","20170721","20220827","源珅商行","YUAN SHENG ENTERPRISE COMPANY","彰化縣埔鹽鄉崑崙村彰水路1段63-16號","No. 63-16, Sec. 1, Zhangshui Rd., Puyan Township, Changhua County 516014, Taiwan (R.O.C.)","鄭O典","04-7684588","04-7684561","有","有"
"09242205","20200814","20210811","宏菖文教企業社","Hong Chang stationery Enterprise Co","彰化縣彰化市田中里田中路９６巷４２號","No. 42, Ln. 96, Tianzhong Rd., Tianzhong Vil., Changhua City, Changhua County 50088, Taiwan (R.O.C.)","黄O耀","04-7326169","04-7326069","有","有"
"09242417","20161108","20210811","豐聖企業社","FUNG SHENG CO.","雲林縣斗南鎮明昌里興華街九號一樓","1 F., No. 9, Xinghua St., Mingchang Vil., Dounan Township, Yunlin County 63052, Taiwan (R.O.C.)","吳O純","05-5974006","","有","有"
"09243540","20060324","20210812","采威家具","CAI WEI CHILDENS FURNITURE BOUTIQUE","桃園市中壢區明德里環中東路二段三四八號一樓","1 F., No. 348, Sec. 2, Huanzhong E. Rd., Mingde Vil., Zhongli Dist., Taoyuan City 32096, Taiwan (R.O.C.)","藍O成","04-7636945","04-7636945","有","有"
"09246482","20051208","20210812","協易回收商行","SHE YIR COMPANY","雲林縣莿桐鄉六合村新興路四六號一樓","1 F., No. 46, Xinxing Rd., Citong Township, Yunlin County 64747, Taiwan (R.O.C.)","姜O湟","04-25331000","04-25323131","有","有"
"09247659","20180116","20210811","良茂農產行","LIANG MAU FARMING CO.","彰化縣埤頭鄉埤頭村埤頭路２５９號","No. 259, Pitou Rd., Pitou Township, Changhua County 52343, Taiwan (R.O.C.)","吳O勲","05-5879443","","有","有"
"09247715","20200921","20210812","齊立文化創意工作室","equal culture creativity studio","臺中市南屯區南屯里黎明東街３１之２１號１樓","1 F., No. 31-21, Liming E. St., Nantun Vil., Nantun Dist., Taichung City 40869, Taiwan (R.O.C.)","許O惠","0953373238","","有","有"
"09249571","20081230","20190423","信義鄉農會食品加工廠","SHIN-YI HSIANG FAMERS'ASSOCIATION PROCESSING FACTORY","南投縣信義鄉明德村新開巷１１號","NO. 11, SHIN-KAI LANE, MING-DAR VILLAGE, SHINN YI HSIANG, NANTOU CITY, NANTOU COUNTY, TAIWAN","林O城","04-92791949","04-92792100","有","有"
"09250231","20070718","20240302","冠昇農產行","CROWN RISES FARM PRODUCTS CO.","臺中市石岡區金星里石岡街頭坪巷９號","No. 9, Touping Ln., Shigang St., Jinxing Vil., Shigang Dist., Taichung City 42265, Taiwan (R.O.C.)","張O華","04-25723890","04-25723680","無","無"
"09251251","20051222","20210811","德聯行","EZ TUNING CO.","雲林縣虎尾鎮東仁里光復路一八八號一樓","1 F., No. 188, Guangfu Rd., Dongren Vil., Huwei Township, Yunlin County 63242, Taiwan (R.O.C.)","蔡O玲","05-6338224","","有","有"
"09252060","20230728","20230728","圓鴻油壓工業社","YUAN HONG hydraulic industry Co.Ltd.","彰化縣和美鎮鐵山里彰美路2段446巷61號","No. 61, Ln. 446, Sec. 2, Zhangmei Rd., Tieshan Vil., Hemei Township, Changhua County 508007, Taiwan (R.O.C.)","賴O全","04-7554897","04-7569970","有","有"
"09253645","20060103","20230112","澎湖紀水產商行","PENG HU JIH FISHERY CO.","臺中市龍井區龍津里中央路一段２１２巷２２弄２１號﹝限一樓﹞","1 F., No. 21, Aly. 22, Ln. 212, Sec. 1, Zhongyang Rd., Longjin Vil., Longjing Dist., Taichung City 434024, Taiwan (R.O.C.)","紀O凱","04-26306655","04-26306855","無","無"
"09255691","20130305","20210811","誌鑫企業社","ZHI XIN HARDWARE COMPANY","臺中市龍井區新庄里新庄街一段１１３號","No. 113, Sec. 1, Xinzhuang St., Xinzhuang Vil., Longjing Dist., Taichung City 43441, Taiwan (R.O.C.)","曾O城","04-26314882","","有","有"
"09256143","20221226","20221227","大銪企業社","DAIYU TRADING CO.","臺中市豐原區豐原里三豐路一段６１巷４０弄９號１樓","1 F., No. 9, Aly. 40, Ln. 61, Sec. 1, Sanfeng Rd., Fengyuan Vil., Fengyuan Dist., Taichung City 420002, Taiwan (R.O.C.)","陳O吉","04-25253488","","有","有"
"09258439","20080918","20210811","元輹企業社","OTTO WOODEN CRAFT CO.","臺中市潭子區潭陽里潭興路二段４８０巷６２號１樓","1 F., No. 62, Ln. 480, Sec. 2, Tanxing Rd., Tanyang Vil., Tanzi Dist., Taichung City 42758, Taiwan (R.O.C.)","江O玲","04-25381397","04-25374658","有","有"
"09258579","20190503","20210811","精良準科技商行","SKOPOS Technology CO.","臺中市外埔區大東里甲后路五段１０１號","No. 101, Sec. 5, Jiahou Rd., Dadong Vil., Waipu Dist., Taichung City 43856, Taiwan (R.O.C.)","王O凱","04-26888513","04-26801153","有","有"
"09258727","20120716","20210811","泳信企業社","YUNG HSIN SHIP CO.","雲林縣臺西鄉和豐村新興二八號","No. 28, Xinxing, Taixi Township, Yunlin County 63662, Taiwan (R.O.C.)","陳O雀","05-6900176","05-6902645","有","有"
"09261949","20120713","20170417","臺中市臺中地區農會","TAICHUNG AREA FARMERS' ASSOCIATION OF TAICHUNG CITY","臺中市西區向上路一段９５號","NO.95, SEC. 1, XIANGSHANG RD., WEST DIST., TAICHUNG CITY 40358, TAIWAN (R.O.C.)","劉O源","04-23028390","04-23013024","有","有"
"09267009","20120409","20210812","千睿企業社","CHARMING EYELASH TRADE COMPANY","臺中市大里區瑞城里成功路494巷29號一樓","1 F., No. 29, Ln. 494, Chenggong Rd., Ruicheng Vil., Dali Dist., Taichung City 41276, Taiwan (R.O.C.)","巫O珊","04-24966246","04-24967690","有","有"
"09270790","20090612","20210811","豐梵服裝企業社","FENG FANN CO.","臺中市南區樹義里福田二街361號5樓","5 F., No. 361, Futian 2nd St., Shuyi Vil., South Dist., Taichung City 40241, Taiwan (R.O.C.)","黃O而","04-22658446","04-22655076","無","無"
"09271221","20091029","20210812","如如安安生活館","YEECOOL BEDDING CO.","臺中市南屯區大業里大昌街４６０號１樓","1 F., No. 460, Dachang St., Daye Vil., Nantun Dist., Taichung City 40861, Taiwan (R.O.C.)","張O雲","04-23816431","04-23819757","無","無"
"09271622","20060223","20210811","家陞企業社","JIA SHEEN CO.","雲林縣虎尾鎮興南里興南一Ｏ九號一樓","1 F., No. 109, Xingnan, Xingnan Vil., Huwei Township, Yunlin County 63253, Taiwan (R.O.C.)","張O宏","05-6322572","05-6326991","有","有"
"09271708","20070629","20210811","台達企業社","TAIDA MOTOR PART CO.","臺中市東區十甲里旱溪街３５８號１樓","1 F., No. 358, Hanxi St., Shijia Vil., East Dist., Taichung City 40153, Taiwan (R.O.C.)","邱O順","04-22136599","04-22131777","有","有"
"09271926","20160815","20210812","美麗華實業社","MEILIHUA COSMETICS CO.","彰化縣鹿港鎮頂厝里樂群路１０８巷４號","No. 4, Ln. 108, Lequn Rd., Dingcuo Vil., Lukang Township, Changhua County 50550, Taiwan (R.O.C.)","林O堂","04-7756265","04-7841066","有","有"
"09272333","20210107","20210812","順天冷飲店","Suncheon cold Drink Shop","臺中市大甲區順天里順天路193號一樓","1 F., No. 193, Shuntian Rd., Shuntian Vil., Dajia Dist., Taichung City 43741, Taiwan (R.O.C.)","吳O姿","04-26881565","","有","有"
"09272354","20191113","20210811","皇廚企業社","Huang Chu Food Company","臺中市北屯區松勇里松明街６６號１樓","1 F., No. 66, Songming St., Songyong Vil., Beitun Dist., Taichung City 40648, Taiwan (R.O.C.)","楊O寧","04-22410669","04-22410669","有","有"
"09272880","20210713","20210811","億燦企業社","YIH TSANN ENTERPRISE CO.","臺中市東區東南里十甲路１３巷２４號１樓","1 F., No. 24, Ln. 13, Shijia Rd., Dongnan Vil., East Dist., Taichung City 40151, Taiwan (R.O.C.)","余O淳","04-22116238","04-22133906","有","有"
"09275599","20230301","20230301","威叡企業社","Wei Rui CO.","臺中市大甲區庄美里興安路138之198號","No. 138-198, Xing’an Rd., Zhuangmei Vil., Dajia Dist., Taichung City 437021, Taiwan (R.O.C.)","曾O美","04-26836234","","有","有"
"09277323","20060117","20210811","緯誠企業商行","YIING YU ENTERPRISE CO.","雲林縣虎尾鎮西安里中正路三九五巷五弄五號一樓","1 F., No. 5, Aly. 5, Ln. 395, Zhongzheng Rd., Xi’an Vil., Huwei Township, Yunlin County 63246, Taiwan (R.O.C.)","張O壁","05-6312157","","無","無"
"09278625","20190424","20210811","富順企業社","FU SHUN MOLD COMPANY","彰化縣秀水鄉福安村民意街２２８號１樓","1 F., No. 228, Minyi St., Xiushui Township, Changhua County 50448, Taiwan (R.O.C.)","許O森","04-7684659","","有","有"
"09281305","20200320","20210811","靖昌企業社","JING CHANG LUBRICANTS & MACHINERY COMPANY","臺中市西區藍興里三民路１段三民市場３巷１號","No. 1, Sanmin Market 1st Ln., Lanxing Vil., West Dist., Taichung City 40343, Taiwan (R.O.C.)","謝O宏","04-23723308","04-23712723","有","有"
"09282281","20071128","20250109","華山泉酒莊","HUA SHAN CHUAN LIQUOR VILLAGE CO.","雲林縣斗六市湖山里湖山路一三五之三五號","No. 135-35, Hushan Rd., Hushan Vil., Douliu City, Yunlin County 64061, Taiwan (R.O.C.)","王O德","05-5575603","05-5575605","有","有"
"09286420","20060210","20210812","昌泰企業社","CHANE TAIE CO.","臺中市中區柳川里光復路８６號３樓之１","3 F.-1, No. 86, Guangfu Rd., Liuchuan Vil., Central Dist., Taichung City 40045, Taiwan (R.O.C.)","歐O嬋","04-24518773","","無","無"
"09287645","20160823","20210812","宇晟企業社","YU SHENG ADVERTISING COMPANY","南投縣南投市平山里彰南路２段５７５巷１號","No. 1, Ln. 575, Sec. 2, Zhangnan Rd., Pingshan Vil., Nantou City, Nantou County 54063, Taiwan (R.O.C.)","張O桔","049-2258770","049-2257969","有","有"
"09288118","20150811","20210811","創奕工業社","CHONG YI HAND TOOLS INDUSTRIES CO.","臺中市太平區平安里太平八街１８號１樓","1 F., No. 18, Taiping 8th St., Ping’an Vil., Taiping Dist., Taichung City 41165, Taiwan (R.O.C.)","詹O義","04-22737088","04-22770050","有","有"
"09288308","20060206","20240420","海進行","JVPUMP CO.","臺中市南屯區大業里大聖街416號8樓","8 F., No. 416, Dasheng St., Daye Vil., Nantun Dist., Taichung City 40848, Taiwan (R.O.C.)","許O胤","04-25681707","04-23125812","有","有"
"09288855","20100518","20210812","三棲海報貼圖社","SAN CHI ADVERTISEMENT PROJECT CO.","臺中市北區育德里華中街７０號１樓","1 F., No. 70, Huazhong St., Yude Vil., North Dist., Taichung City 40461, Taiwan (R.O.C.)","陳O錄","04-22414007","04-22414008","有","有"
"09289622","20080108","20210811","磐石鞋業社","PAN SHI FOOTWEAR ENTERPRISE CO.","彰化縣溪湖鎮河東里二溪路２段８０６巷５０號","No. 50, Ln. 806, Sec. 2, Erxi Rd., Hedong Vil., Xihu Township, Changhua County 51446, Taiwan (R.O.C.)","周O宗","04-8852609","04-8819272","有","有"
"09291802","20160606","20210812","智寶企業行","CHIH BAO ENTERPRISE LTD.","臺中市北區建德里南京東路２段１０５巷４６之２號３樓","3 F., No. 46-2, Ln. 105, Sec. 2, Nanjing E. Rd., Jiande Vil., North Dist., Taichung City 40450, Taiwan (R.O.C.)","韓O石","04-23955090","04-23955091","有","有"
"09293750","20241203","20241203","保證責任雲林縣頂寮果菜生產合作社","Dingliao Fruit and Vegetables Cooperative","雲林縣元長鄉頂寮村28-8號","No. 28-8, Dingliao, Yuanzhang Township, Yunlin County 655023, Taiwan (R.O.C.)","吳O訓","","","有","有"
"09295011","20060811","20210811","洺暉行","MING WHAM CO.","臺中市烏日區榮泉里三榮路２段１３６號１樓","1 F., No. 136, Sec. 2, Sanrong Rd., Rongquan Vil., Wuri Dist., Taichung City 41454, Taiwan (R.O.C.)","楊O堂","04-23388339","","有","有"
"09297502","20080131","20210811","愛因斯坦教學用品社","NATURE WORLD COMPANY","臺中市大甲區新美里光明路２９１號１樓","1 F., No. 291, Guangming Rd., Xinmei Vil., Dajia Dist., Taichung City 43745, Taiwan (R.O.C.)","陳O淑","04-26860696","04-24814252","有","有"
"09301273","20121207","20210811","詠洲企業社","YANG JOU ENTERPRISE COMPANY","臺中市太平區中興里太平路７７８巷８號１樓","1 F., No. 8, Ln. 778, Taiping Rd., Zhongxing Vil., Taiping Dist., Taichung City 41144, Taiwan (R.O.C.)","李O棋","04-22785332","04-22783869","有","有"
"09301718","20060301","20210812","鴻昌商行","HONG CHAN CO.","雲林縣斗南鎮靖興里靖光路五四巷一弄一一號一樓","1 F., No. 11, Aly. 1, Ln. 54, Jingguang Rd., Jingxing Vil., Dounan Township, Yunlin County 63048, Taiwan (R.O.C.)","何O容","05-5976008","05-5976374","有","有"
"09302131","20200504","20210811","嘉和皮件工業社","JIA-HE LEATHER FACTORY","彰化縣秀水鄉安溪村安溪街76巷33號","No. 33, Ln. 76, Anxi St., Xiushui Township, Changhua County 50447, Taiwan (R.O.C.)","彭O緣","04-7692991","","有","有"
"09302998","20100416","20210811","蓁蓁烘焙坊","FUNAN TRADING COMPANY","臺中市太平區太平里太平路５２７號１樓","1 F., No. 527, Taiping Rd., Taiping Vil., Taiping Dist., Taichung City 41161, Taiwan (R.O.C.)","方O蓁","0970100730","0426999353","有","有"
"09304573","20121031","20210811","優典鞋業行","YOUDIAN SHOES FIRM","雲林縣臺西鄉臺西村中山路一一Ｏ巷二之一號","No. 2-1, Ln. 110, Zhongshan Rd., Taixi Township, Yunlin County 63642, Taiwan (R.O.C.)","林O商","05-6903117","05-6939058","有","有"
"09305427","20080219","20221207","翊昇商行","YSSA CO.","臺中市大里區大明里中興路二段６７１巷１１０號一樓","1 F., No. 110, Ln. 671, Sec. 2, Zhongxing Rd., Daming Vil., Dali Dist., Taichung City 412003, Taiwan (R.O.C.)","郭O英","04-24833832","","有","有"
"09310012","20090909","20210811","元味鄉食品商行","TASTE NICE FOOD FIRM","臺中市潭子區東寶里大豐路二段３９巷３５號﹝限一樓﹞","1 F., No. 35, Ln. 39, Sec. 2, Dafeng Rd., Dongbao Vil., Tanzi Dist., Taichung City 42749, Taiwan (R.O.C.)","林O專","04-25353521","04-25331877","有","有"
"09310287","20100820","20210812","帕洛克藝術坊","POLLOCK ART CO.","臺中市太平區宜佳里宜佳街１１號","No. 11, Yijia St., Yijia Vil., Taiping Dist., Taichung City 41159, Taiwan (R.O.C.)","黃O","04-22255860","04-22255860","有","有"
"09311363","20070309","20210811","馳之安馬場","RUNS-HORSE FARM","苗栗縣竹南鎮公義里１１鄰友義路７１號","No. 71, Youyi Rd., 11th Neighborhood, Gongyi Vil., Zhunan Township, Miaoli County 35059, Taiwan (R.O.C.)","王O津","037-585286","037-585270","有","有"
"09311856","20201116","20210811","甲后冷飲店","Jiahou Tea Shop","臺中市外埔區大東里甲后路五段５７號","No. 57, Sec. 5, Jiahou Rd., Dadong Vil., Waipu Dist., Taichung City 43856, Taiwan (R.O.C.)","吳O如","04-26801965","04-26801857","有","有"
"09313284","20191226","20230706","柏鑫工程行","BIRDSING CRANE CONTRATOR COMPANY","彰化縣伸港鄉什股村長春路533號1樓","1F., No. 533, Changchun Rd., Shigu Vil., Shengang Township,  Changhua County 509006, Taiwan (R.O.C.)","劉O梅","0923128853","04-7987927","有","有"
"09313828","20220818","20220818","建億企業社","JIANN YI  ENTERPRISE COMPANY","彰化縣和美鎮竹營里孝義路150巷38號","No. 38, Ln. 150, Xiaoyi Rd., Zhuying Vil., Hemei Township, Changhua County 508013, Taiwan (R.O.C.)","李O民","04-7352888","04-7362235","有","有"
"09314468","20170911","20210811","和平百貨商行","PEACE DEPARTMENT STORE","臺中市南屯區文心里向心路１０９號１６樓之１６","16 F.-16, No. 109, Xiangxin Rd., Wenxin Vil., Nantun Dist., Taichung City 40865, Taiwan (R.O.C.)","曾O霏","04-22413757","04-22413757","無","無"
"09317346","20230726","20230726","佑金固佛俱","YOU JIN GU FO JYU SHOP","南投縣草屯鎮中正路1125號1樓","1 F., No. 1125, Zhongzheng Rd., Caotun Township, Nantou County 542018, Taiwan (R.O.C.)","姚O鵬","049-2355016","049-2304682","有","有"
"09319978","20120816","20210812","均基企業社","GUN JI ENTERPRISE COMPANY","臺中市豐原區西湳里豐原大道七段１６２巷２２３號１樓","1 F., No. 223, Ln. 162, Sec. 7, Fengyuan Blvd., Xinan Vil., Fengyuan Dist., Taichung City 42086, Taiwan (R.O.C.)","廖O棟","04-25257628","04-25257638","有","有"
"09320882","20210121","20210812","永智實業社","Y.C.W.B CO.","臺中市南區永興里德富路477號","No. 477, Defu Rd., Yongxing Vil., South Dist., Taichung City 40256, Taiwan (R.O.C.)","劉O智","0422633736","","有","有"
"09321117","20130220","20250413","健茗企業社","CHIEN MING ENTERPRISE COMPANY","雲林縣斗六市長安里萬年路600巷11號1樓","1 F., No. 11, Ln. 600, Wannian Rd., Chang’an Vil., Douliu City, Yunlin County 640106, Taiwan (R.O.C.)","丁O翁","04-25672049","","有","有"
"09321411","20140616","20210811","金億昌工程行","JIN YI CHANG COMPANY","雲林縣麥寮鄉三盛村工業路247巷37號","No. 37, Ln. 247, Gongye Rd., Mailiao Township, Yunlin County 63862, Taiwan (R.O.C.)","盧O池","05-6915046","05-6914067","有","有"
"09322018","20070303","20210812","和成環保工程行","HECHENG ENGINEERING RECYCLE CO.","臺中市霧峰區六股里峰谷路３７號","No. 37, Fenggu Rd., Liugu Vil., Wufeng Dist., Taichung City 41363, Taiwan (R.O.C.)","李O玉","0937720338","04-23301548","有","有"
"09322381","20191028","20210811","元志工程行","YUAN ZHI ADVERTISING ENGINEERING CO.","彰化縣埔心鄉瓦北村瑤鳳路１段９９號（限辦公室使用）","No. 99, Sec. 1, Yaofeng Rd., Puxin Township, Changhua County 51344, Taiwan (R.O.C.)","黃O美","0977300354","","有","有"
"09324445","20070410","20240823","連晟企業社","LIAN CHENG QI YE CO.","臺中市烏日區螺潭里環中路八段1679號","No. 1679, Sec. 8, Huanzhong Rd., Luotan Vil., Wuri Dist., Taichung City 414022, Taiwan (R.O.C.)","許O娟","04-7332725","04-7332723","有","有"
"09324851","20070518","20210812","廣鉅五金實業社","GUANG JYU WU JIN SHIH YE SHE CO.","臺中市西區忠誠里明智街２號２樓","2 F., No. 2, Mingzhi St., Zhongcheng Vil., West Dist., Taichung City 40353, Taiwan (R.O.C.)","饒O","04-23135848","04-23134063","有","有"
"09324917","20090714","20210812","振豪工業社","ZHEN HAO METAL INDUSTRIAL CO.","臺中市大里區大元里國中ㄧ路８號一樓","1 F., No. 8, Guozhong 1st Rd., Dayuan Vil., Dali Dist., Taichung City 41263, Taiwan (R.O.C.)","鄒O奇","04-24180698","04-24180988","有","有"
"09325726","20190628","20240329","寶鑫行","BAO XIN HARDWARE HANG","彰化縣花壇鄉白沙村虎山街391號1樓","1F., No. 391, Hushan St., Baisha Vil., Huatan Township,  Changhua County 503007, Taiwan (R.O.C.)","絲O茹","0936-633978","","有","有"
"09325731","20180911","20240705","諾𧪚生活服飾店","KAIMALE COMPANY","臺中市北區錦平里錦新街１１２號１樓","1 F., No. 112, Jinxin St., Jinping Vil., North Dist., Taichung City 40446, Taiwan (R.O.C.)","王O凱","04-22236066","","有","有"
"09327169","20101015","20210811","彰宏工程行","CHANG HONG ENGINEERING CO.","彰化縣員林市惠來里光明街123巷82號","No. 82, Ln. 123, Guangming St., Huilai Vil., Yuanlin City, Changhua County 51046, Taiwan (R.O.C.)","張O峻","0939-636529","04-8365158","有","有"
"09327175","20121026","20240626","薰緣堂商行","PICK CORE EXPORT TRADE FIRM","臺中市大里區大明里新仁路三段223巷20號1樓","1 F., No. 20, Ln. 223, Sec. 3, Xinren Rd., Daming Vil., Dali Dist., Taichung City 412011, Taiwan (R.O.C.)","邱O淵","04-24962751","04-24066253","有","有"
"09328028","20070226","20210812","漾貝比商行","YOUNG BABY CO.","臺中市西屯區何德里大信街５２號７樓之２","7 F.-2, No. 52, Daxin St., Hede Vil., Xitun Dist., Taichung City 40746, Taiwan (R.O.C.)","楊O琳","04-23502258","04-23508305","有","有"
"09330832","20061211","20230408","老長壽養生酒坊","OLD LONGEVITY KEEPING IN GOOD HEALTH CO.","彰化縣溪州鄉瓦厝村東安路１１號","No. 11, Dong'an Rd., Wacuo Vil., Xizhou Township,  Changhua County 524006, Taiwan (R.O.C.)","林O葶","04-8892699","04-8892699","有","有"
"09331092","20170331","20210811","永勝設計室內裝修工程行","YONG SHENG DECORATE INTERNATIONAL CO.","新北市新莊區民安西路378號6樓之3","6 F.-3, No. 378, Min’an W. Rd., Xinzhuang Dist., New Taipei City 24264, Taiwan (R.O.C.)","王O鈞","02-29063565","02-29063569","有","有"
"09331369","20200702","20210812","富淋企業社","Rich cream company","彰化縣二林鎮東華里路中巷1-50號","No. 1-50, Luzhong Ln., Donghua Vil., Erlin Township, Changhua County 52654, Taiwan (R.O.C.)","陳O珍","04-8904487","04-8904579","有","有"
"09333486","20150608","20210811","景翔國際貿易","JING SHIANG JIAN TSAI INTERNATIONAL TRADE CO.","臺中市大里區立德里甲園街１４９巷１９號１樓","1 F., No. 19, Ln. 149, Jiayuan St., Lide Vil., Dali Dist., Taichung City 41247, Taiwan (R.O.C.)","鄧O天","04-23302838","04-23302839","有","有"
"09334507","20130219","20210811","宇恩國際企業商行","YUEN INTERNATIONAL COSMETIC CO.","苗栗縣後龍鎮灣寶里百三152-1號","No. 3152-1, Wanbao Vil., Houlong Township, Miaoli County 356, Taiwan (R.O.C.)","劉O珠","037-552001","037-464665","有","有"
"09336842","20100412","20210812","芊宥企業社","CHIAN CHERN ENTERPRISE CO.","彰化縣花壇鄉橋頭村花橋街25之6號","No. 25-6, Huaqiao St., Huatan Township, Changhua County 50347, Taiwan (R.O.C.)","許O霖","04-7883348","04-7882611","有","有"
"09336961","20060413","20221209","佑烽企業社","YO PHONE ENTERPRISE CO.","臺中市北區健行里德化街５２９號１樓","1 F., No. 529, Dehua St., Jianxing Vil., North Dist., Taichung City 404025, Taiwan (R.O.C.)","賴O山","04-22039865","04-22039865","無","無"
"09337440","20150130","20210812","詮昇企業社","CYUAN SHENG CI YE SHE CO.","南投縣草屯鎮明正里文化街９６號","No. 96, Wenhua St., Mingzheng Vil., Caotun Township, Nantou County 54242, Taiwan (R.O.C.)","廖O瑜","049-2320655","049-2323940","有","有"
"09338068","20181112","20210811","邱上展汽車材料行","YI DA car material store","彰化縣埔心鄉羅厝村羅厝路１段１２４號","No. 124, Sec. 1, Luocuo Rd., Puxin Township, Changhua County 51342, Taiwan (R.O.C.)","陳O靖","04-8298456","","有","有"
"09340727","20111221","20240823","聖豐生技企業社","SHENG FENG TECHNOLOGY CO.","雲林縣斗六市鎮南里明德路479號3樓","3 F., No. 479, Mingde Rd., Zhennan Vil., Douliu City, Yunlin County 640152, Taiwan (R.O.C.)","蕭O文","05-5362929","05-5331869","有","有"
"09341394","20060918","20210812","友誠商行","EUTHING GLOBAL CO.","臺中市梧棲區永寧里港埠路一段２２６號","No. 226, Sec. 1, Gangbu Rd., Yongning Vil., Wuqi Dist., Taichung City 43546, Taiwan (R.O.C.)","楊O夫","04-22135809","04-22135800","有","有"
"09342289","20061129","20210811","彌陀佛教文物專賣店","ME TO BUDDHISM CULTURAL MONOPOLY CO.","臺中市南屯區向心里文心南路４２號１樓","1 F., No. 42, Wenxin S. Rd., Xiangxin Vil., Nantun Dist., Taichung City 40854, Taiwan (R.O.C.)","陳O進","04-24722282","04-24722272","無","無"
"09342400","20231229","20240327","溪遊記實業社","Xiyouji Industrial Co.","臺中市石岡區梅子里豐勢路梅子巷３７－９號１樓","1 F., No. 37-9, Meizi Ln., Fengshi Rd., Meizi Vil., Shigang Dist., Taichung City 422003, Taiwan (R.O.C.)","黃O明","","","有","有"
"09343463","20241018","20241018","廣騰行","Kuang Teng Co.","臺中市北屯區四民里長生巷１之２４之１２號１樓","1 F., No. 24-12, Changsheng Ln., Simin Vil., Beitun Dist., Taichung City 406034, Taiwan (R.O.C.)","蔡O良","","","有","有"
"09400246","19920819","20210815","勵泰實業有限公司","LEE TAI TECHNOLOGY ENTERPRISE CO., LTD.","臺北市松山區南京東路5段188號13樓","13 F., No. 188, Sec. 5, Nanjing E. Rd., Songshan Dist., Taipei City 10571, Taiwan (R.O.C.)","曾O莉","02-25280770","02-25280577","有","有"
"09401499","20130219","20210813","甲桂林廣告股份有限公司","TOP SCENE ADVERTISING CO., LTD.","臺北市中山區民權東路3段4號4樓","4 F., No. 4, Sec. 3, Minquan E. Rd., Zhongshan Dist., Taipei City 10477, Taiwan (R.O.C.)","張O能","02-25175757#132","02-7702-2111","有","有"
"09401511","19830328","20220920","東臨福有限公司","TONY WORLD CO., LTD.","臺北市大安區和平東路1段8號4樓","4 F., No. 8, Sec. 1, Heping E. Rd., Da'an Dist., Taipei City 106012, Taiwan (R.O.C.)","陳O芳","02-23633737","02-23684164","有","有"
"09401982","19840828","20210812","霖愷企業有限公司","JOHNSON & ANNIE CO., LTD.","新北市永和區保生路22巷14號","No. 14, Ln. 22, Baosheng Rd., Yonghe Dist., New Taipei City 23444, Taiwan (R.O.C.)","林O剛","02-82316969","02-82316161","有","有"
"09402379","19830408","20210812","全景貿易有限公司","TAIFRICA INTERNATIONAL COMPANY LIMITED","臺北市大安區仁愛路4段147號11樓","11 F., No. 147, Sec. 4, Ren’ai Rd., Da’an Dist., Taipei City 10686, Taiwan (R.O.C.)","黃O和","02-2731-2990","","有","有"
"09402455","19831209","20210814","連毅針織實業股份有限公司","LIEN YEE KNITTING INDUSTRIAL CO., LTD.","臺北市大安區信義路4段306號8樓","8 F., No. 306, Sec. 4, Xinyi Rd., Da’an Dist., Taipei City 10679, Taiwan (R.O.C.)","潘O子","03-3293651","03-3501743","有","有"
"09404279","19981021","20240731","宜慶企業股份有限公司","RIB-KING ENTERPRISE CO., LTD.","臺北市大安區復興南路1段103號3樓之3","3 F.-3, No. 103, Sec. 1, Fuxing S. Rd., Da'an Dist., Taipei City 106070, Taiwan (R.O.C.)","董O雄","02-27519117","02-27811691","有","有"
"09404334","20020904","20240419","旭海國際科技股份有限公司","Surehigh International Technology INC.","臺北市中山區中山北路2段115巷47號2樓","2 F., No. 47, Ln. 115, Sec. 2, Zhongshan N. Rd., Zhongshan Dist., Taipei City 10448, Taiwan (R.O.C.)","賴O維","02-66087639","02-66087539","有","有"
"09404432","19970925","20221222","通陽國際事業股份有限公司","T-SUN INTERNATIONAL CO., LTD.","臺中市西屯區西屯路二段126巷11號","No. 11, Ln. 126, Sec. 2, Xitun Rd., Xitun Dist., Taichung City 407044, Taiwan (R.O.C.)","童O彰","04-23115878","04-23115807","有","有"
"09404572","19830418","20220719","萬臨實業有限公司","SIMPLETX HIGH-TECH CO., LTD.","臺北市大安區和平東路2段265巷28號1樓","1 F., No. 28, Ln. 265, Sec. 2, Heping E. Rd., Da’an Dist., Taipei City 10667, Taiwan (R.O.C.)","單O瑄","02-27017788","02-27093132","有","有"
"09404664","19911022","20210814","億圖實業股份有限公司","HUST AUTOMATION INC.","苗栗縣頭份市蘆竹里4鄰工業路80號","No. 80, Gongye Rd., 4th Neighborhood, Luzhu Vil., Toufen City, Miaoli County 35145, Taiwan (R.O.C.)","林O光","037-623242","037-623241","有","有"
"09404720","19830425","20210815","啟霸貿易有限公司","CHISPA DEVELOPMENT COMPANY LTD.","臺北市大安區復興南路2段283號6樓","6 F., No. 283, Sec. 2, Fuxing S. Rd., Da’an Dist., Taipei City 10667, Taiwan (R.O.C.)","黃O圳","02-27068836","02-27066051","有","有"
"09404756","19830915","20240704","常穩企業股份有限公司","JOHNWAYNE INDUSTRIES CO., LTD.","臺北市松山區八德路4段123號4樓之2","4 F.-2, No. 123, Sec. 4, Bade Rd., Songshan Dist., Taipei City 10561, Taiwan (R.O.C.)","陳O霖","02-27479666","02-27473666","有","有"
"09405241","19940608","20210812","富剛實業有限公司","FOO-KONG CO., LTD.","新北市淡水區八勢一街３１巷９弄２號","No. 2, Aly. 9, Ln. 31, Bashi 1st St., Tamsui Dist., New Taipei City 25170, Taiwan (R.O.C.)","陳O富","02-27091283","02-23254660","有","有"
"09405278","19920219","20210814","先智生物科技股份有限公司","SAGE BIOTECHNOLOGY CO., LTD.","新北市瑞芳區頂坪路瑞芳工業區14號","No. 14, Ruifang Industrial Park, Dingping Rd., Ruifang Dist., New Taipei City 22452, Taiwan (R.O.C.)","彭O凱","02-24978076","02-24978868","有","有"
"09405299","19911206","20220929","九合工程股份有限公司","CHIU HO ENGINEERING CO., LTD.","新北市泰山區明志路3段517號4樓","4 F., No. 517, Sec. 3, Mingzhi Rd., Taishan Dist., New Taipei City 243092, Taiwan (R.O.C.)","王O傑","02-29024522","02-29038881","有","有"
"09405734","19840112","20240919","研旭科技有限公司","AIMS INTERNATIONAL CORPORATION","臺北市松山區八德路3段191號2樓","2 F., No. 191, Sec. 3, Bade Rd., Songshan Dist., Taipei City 105038, Taiwan (R.O.C.)","黃O美","02-27051590","02-27021350","有","有"
"09405805","19830429","20210815","勝千貿易有限公司","MEAN LIGHT CO., LTD.","桃園市龜山區山鶯路福星巷14號1樓","1 F., No. 14, Fuxing Ln., Shanying Rd., Guishan Dist., Taoyuan City 33354, Taiwan (R.O.C.)","綦O松","03-3565561","03-3565515","有","有"
"09406092","19830519","20240419","唐瑞有限公司","ZIMCO CO., LTD.","臺北市松山區南京東踏4段179巷3號3樓","3F., No. 3, Ln. 179, Sec. 4, Songshan Dist.,  Taipei City 105, Taiwan (R.O.C.)","張O遠","02-2577-3398","02-2577-3228","有","有"
"09406115","19930428","20210812","帝華洋傘皮包廠有限公司","TAFA UMBRELLA AND BAG FACTORY LTD.","臺北市大安區信義路4段177號及179號9樓","9 F., No. 177, Sec. 4, Xinyi Rd., Da’an Dist., Taipei City 10681, Taiwan (R.O.C.)","許O生","02-27072161","02-27098508","有","有"
"09406136","19830504","20210815","惠享企業有限公司","ABLEMAN INTERNATIONAL COMPANY LTD.","臺北市中山區長安東路2段173號10樓","10 F., No. 173, Sec. 2, Chang’an E. Rd., Zhongshan Dist., Taipei City 10490, Taiwan (R.O.C.)","林O惠","02-27415977","02-27314711","有","有"
"09406229","19830517","20240613","海商實業股份有限公司","GRESCO MERCHANDISE CORP.","臺中市西屯區朝馬三街5號1樓","1 F., No. 5, Chaoma 3rd St., Xitun Dist., Taichung City 407024, Taiwan (R.O.C.)","吳O興","04-22593028","04-22591487","有","有"
"09406467","19910808","20210815","南華通訊服務股份有限公司","MERCURY SYSTEMS INC.","臺北市中正區羅斯福路3段100號12樓之9","12 F.-9, No. 100, Sec. 3, Roosevelt Rd., Zhongzheng Dist., Taipei City 10088, Taiwan (R.O.C.)","姜O英","02-2365-7679","02-2367-8856","有","有"
"09406889","19830512","20250530","唯上企業有限公司","VICSUN ENTERPRISE CO., LTD.","臺北市信義區忠孝東路5段410號6樓","6 F., No. 410, Sec. 5, Zhongxiao E. Rd., Xinyi Dist., Taipei City 110025, Taiwan (R.O.C.)","幸O達","02-27262737","02-27282915","有","有"
"09406895","19970604","20230715","一品興業股份有限公司","INTARSIA INTERNATIONAL CO., LTD.","臺北市信義區忠孝東路5段508號19樓之1","19 F.-1, No. 508, Sec. 5, Zhongxiao E. Rd., Xinyi Dist., Taipei City 110057, Taiwan (R.O.C.)","","02-27595858","02-27271216","無","無"
"09407536","19750127","20210814","安泰電業股份有限公司","ANTEC ELECTRIC SYSTEM CO., LTD.","新北市深坑區北深路1段239號","No. 239, Sec. 1, Beishen Rd., Shenkeng Dist., New Taipei City 22245, Taiwan (R.O.C.)","張O仁","02-2662-1710","02-2662-3790","有","有"
"09407917","19830519","20210815","德霞貿易有限公司","GREAT APOLLO CORPORATION.","臺北市松山區南京東路4段120巷19弄27號1樓","1 F., No. 27, Aly. 19, Ln. 120, Sec. 4, Nanjing E. Rd., Songshan Dist., Taipei City 10553, Taiwan (R.O.C.)","易O德","02-25779776","","有","有"
"09408140","19830726","20221021","中呈實業股份有限公司","ZONSON SPORTS CORP.","桃園市楊梅區高山里獅一路十四號","No. 14, Shi 1st Rd., Gaoshan Vil., Yangmei Dist., Taoyuan City 326013, Taiwan (R.O.C.)","蕭O林","03-4644567","02-23644229","有","有"
"09408275","19830527","20230708","名塑實業有限公司","PEPPVC PACKAGING CO., LTD.","彰化縣花壇鄉劉厝村明雅街65號","No. 65, Mingya St., Liucuo Vil., Huatan Township,  Changhua County 503011, Taiwan (R.O.C.)","陳O月","04-7692103","","無","無"
"09408514","19830707","20210813","安迅資訊系統股份有限公司","NCR SYSTEMS TAIWAN LIMITED","臺北市松山區民生東路3段156號15樓及15樓之1","15 F., No. 156, Sec. 3, Minsheng E. Rd., Songshan Dist., Taipei City 10596, Taiwan (R.O.C.)","林O齡","02-27191415","02-27188200","有","有"
"09408562","19830618","20250111","祥好塑膠股份有限公司","KING QUALITY ENTERPRISE CO., LTD.","桃園市蘆竹區坑口里三德街15巷1號","No. 1, Ln. 15, Sande St., Kengkou Vil., Luzhu Dist., Taoyuan City 33842, Taiwan (R.O.C.)","陳O豪","03-3547136-9","03-3547140","有","有"
"09408654","19830527","20240111","芝柏企業股份有限公司","GIPPER CO., LTD.","臺北市松山區民權東路3段178號8樓","8 F., No. 178, Sec. 3, Minquan E. Rd., Songshan Dist., Taipei City 105401, Taiwan (R.O.C.)","范O貞","03-3530345-7","03-3114203","有","有"
"09408747","19830620","20221203","駿和貿易股份有限公司","BESTTILE CORPORATION","臺北市萬華區西藏路199巷47號1樓","1 F., No. 47, Ln. 199, Xizang Rd., Wanhua Dist., Taipei City 108033, Taiwan (R.O.C.)","黃O孝","02-23375818","02-23072188","無","無"
"09409056","19870515","20230114","美兆生活事業股份有限公司","MJ LIFE ENTERPRISES CO., LTD.","臺北市中正區忠孝西路1段66號45樓","45 F., No. 66, Sec. 1, Zhongxiao W. Rd., Zhongzheng Dist., Taipei City 100507, Taiwan (R.O.C.)","李O山","02-27581155#561","02-27582323","有","有"
"09409149","19840505","20210814","特暉貿易股份有限公司","TE FEI CORPORATION","臺北市大同區長安西路78巷4弄9號2樓","2 F., No. 9, Aly. 4, Ln. 78, Chang’an W. Rd., Datong Dist., Taipei City 10351, Taiwan (R.O.C.)","柯O香","25591323","25568097","有","有"
"09409507","19830603","20240730","芃瑞貿易股份有限公司","WELL & PROSPEROUS TRADING CO., LTD.","花蓮縣吉安鄉勝安一街2-9號","No. 2-9, Sheng'an 1st St., Ji'an Township, Hualien County 973027, Taiwan (R.O.C.)","楊O英","02-25552286","02-25593458","有","有"
"09409719","19831229","20210815","鑫興機械工業股份有限公司","KING'S MACHINERY & ENGINEERING CORP.","桃園市龜山區大坑里南上路457號","No. 457, Nanshang Rd., Dakeng Vil., Guishan Dist., Taoyuan City 33392, Taiwan (R.O.C.)","周O君","03-3218768","03-3218769","有","有"
"09410027","19830915","20210815","力群電子股份有限公司","MKS CORP.","新北市土城區福安街120號","No. 120, Fu’an St., Tucheng Dist., New Taipei City 23679, Taiwan (R.O.C.)","蘇O仁","02-2267-9000","02-2267-0500","有","有"
"09410238","19860307","20230629","華憶有限公司","STAR EMBLEMS CO., LTD.","臺北市大安區復興南路2段35號12樓","12 F., No. 35, Sec. 2, Fuxing S. Rd., Da’an Dist., Taipei City 106097, Taiwan (R.O.C.)","傅O誠","02-27045608","02-27556640","無","無"
"09410259","19970917","20210814","香儂企業有限公司","SCHNIL ENTERPRISE CO., LTD.","臺北市松山區民權東路3段142號2樓","2 F., No. 142, Sec. 3, Minquan E. Rd., Songshan Dist., Taipei City 10542, Taiwan (R.O.C.)","趙O儀","02-6600-1989","02-6600-9895","有","有"
"09410434","19931230","20210815","介元科技有限公司","MESONICS SYSTEMS, LTD.","臺北市大安區和平東路2段100號2樓之5","2 F.-5, No. 100, Sec. 2, Heping E. Rd., Da’an Dist., Taipei City 10663, Taiwan (R.O.C.)","黃O尚","02-27364066","","有","有"
"09410531","19870316","20230303","技電股份有限公司","ELETECH ENTERPRISE CO., LTD.","新北市新店區寶中路94號6樓之5","6 F.-5, No. 94, Baozhong Rd., Xindian Dist., New Taipei City 231029, Taiwan (R.O.C.)","彭O華","02-29106969","02-29100307","有","有"
"09410722","19870422","20220319","威昀創新股份有限公司","WEIYUN CHAMPION CO., LTD.","臺北市大安區敦化南路2段59號4樓之3","4 F.-3, No. 59, Sec. 2, Dunhua S. Rd., Da’an Dist., Taipei City 10681, Taiwan (R.O.C.)","陳O威","02-27521012","","有","有"
"09410883","19830831","20210815","昱盛工業股份有限公司","EASEN HARDWARE CORPORATION","臺北市松山區民生東路4段80巷3弄4號4樓之2","4 F.-2, No. 4, Aly. 3, Ln. 80, Sec. 4, Minsheng E. Rd., Songshan Dist., Taipei City 10574, Taiwan (R.O.C.)","陳O鴻","02-27136094","02-27150671","有","有"
"09410928","19830617","20210813","聚太有限公司","JYCO INC.","臺北市中山區植福路308號3樓之7","3 F.-7, No. 308, Zhifu Rd., Zhongshan Dist., Taipei City 10466, Taiwan (R.O.C.)","廖O源","02-23966170","02-23568368","有","有"
"09411150","19830624","20231226","順曾企業有限公司","XTRA INDUSTRIAL CORPORATION","臺中市大里區新芳路127號2樓","2 F., No. 127, Xinfang Rd., Dali Dist., Taichung City 412015, Taiwan (R.O.C.)","","04-24224776","04-24214411","無","無"
"09411433","19840417","20210814","天方科技實業股份有限公司","SKYTEK SYSTEMS CORPORATION","臺中市南屯區萬和路一段37號","No. 37, Sec. 1, Wanhe Rd., Nantun Dist., Taichung City 40877, Taiwan (R.O.C.)","葉O義","04-23891738","04-23821925","有","有"
"09411969","19940706","20231220","集集電工業股份有限公司","CHI-CHI ELECTRIC CO., LTD.","臺北市大安區師大路93巷18號1樓","1 F., No. 18, Ln. 93, Shida Rd., Da’an Dist., Taipei City 10646, Taiwan (R.O.C.)","簡O能","02-23632992","02-23639044","有","有"
"09412284","19830719","20210815","全球商業網股份有限公司","UBN CORPORATION","臺北市內湖區堤頂大道2段501號6樓","6 F., No. 501, Sec. 2, Tiding Blvd., Neihu Dist., Taipei City 11493, Taiwan (R.O.C.)","林O","02-77092912","02-26579797","有","有"
"09412329","20040916","20230111","多妮化粧品有限公司","TOMI COSMETICS CO., LTD.","臺北市大安區和平東路1段192號8樓","8 F., No. 192, Sec. 1, Heping E. Rd., Da’an Dist., Taipei City 106015, Taiwan (R.O.C.)","賴O彥","02-23628072","02-23629779","有","有"
"09412432","19830628","20210812","及恩股份有限公司","HI-LIGHT INTERNATIONAL INC.","新北市新店區寶橋路235巷7號4樓","4 F., No. 7, Ln. 235, Baoqiao Rd., Xindian Dist., New Taipei City 23145, Taiwan (R.O.C.)","譚O珍","02-29177757","","有","有"
"09412708","19830625","20210813","亞豐有限公司","ASIAN FUN CO., LTD.","臺北市松山區基隆路1段420號8樓之1","8 F.-1, No. 420, Sec. 1, Keelung Rd., Songshan Dist., Taipei City 105, Taiwan (R.O.C.)","林O正","02-27582301","02-27299815","有","有"
"09413024","19830715","20240702","瑋山企業有限公司","WELL SUN TRADING CO., LTD.","臺北市信義區信義路4段415號12樓","12 F., No. 415, Sec. 4, Xinyi Rd., Xinyi Dist., Taipei City 11051, Taiwan (R.O.C.)","","02-29160411","02-29160428","無","無"
"09413137","19891229","20210812","寶邁企業有限公司","PERMATE INDUSTRIAL CO., LTD.","新北市三重區興德路131巷28號","No. 28, Ln. 131, Xingde Rd., Sanchong Dist., New Taipei City 24158, Taiwan (R.O.C.)","張O美","02-22789088","02-22789085","有","有"
"09413256","19830707","20230101","吉甲實業股份有限公司","ZETA INDUSTRIAL CO., LTD.","臺北市中正區羅斯福路2段140號11樓之2","11 F.-2, No. 140, Sec. 2, Roosevelt Rd., Zhongzheng Dist., Taipei City 100031, Taiwan (R.O.C.)","薛O康","02-23922120","","無","無"
"09413592","19830713","20210814","宏樺森有限公司","RUTECMILLS INC.","臺北市大安區信義路4段151號5樓之1","5 F.-1, No. 151, Sec. 4, Xinyi Rd., Da’an Dist., Taipei City 10681, Taiwan (R.O.C.)","殷O敏","02-27046418","02-27054213","有","有"
"09413919","19880719","20230105","翔躍企業有限公司","EVERWANG PUFOAM ENTERPRISE CO., LTD.","新北市土城區永豐路195巷7弄22號","No. 22, Aly. 7, Ln. 195, Yongfeng Rd., Tucheng Dist., New Taipei City 236004, Taiwan (R.O.C.)","趙O憲","02-22626287","","有","有"
"09413925","19830915","20210812","伯紹有限公司","BOR SHAW CO., LTD.","臺北市北投區西安街1段353號2樓","2 F., No. 353, Sec. 1, Xi’an St., Beitou Dist., Taipei City 11288, Taiwan (R.O.C.)","何O光","02-28282791","02-28282731","有","有"
"09413967","19970423","20210928","司晨有限公司","SY CHERN CO., LTD.","桃園市中壢區中正路四段588巷16號(1樓)","1 F., No. 16, Ln. 588, Sec. 4, Zhongzheng Rd., Zhongli Dist., Taoyuan City 32052, Taiwan (R.O.C.)","許O雲","02-27334573","02-27325665","有","有"
"09413988","19830829","20230114","普系生股份有限公司","PRECISION MFG. INC.","臺北市大安區忠孝東路4段311號8樓之6","8 F.-6, No. 311, Sec. 4, Zhongxiao E. Rd., Da’an Dist., Taipei City 106078, Taiwan (R.O.C.)","王O明","02-27414281","02-27414624","無","無"
"09414332","19880521","20210814","力源機械工業有限公司","LI YUAN MACHINE INDUSTRIAL CO., LTD.","桃園市楊梅區高山里高青路32巷10號","No. 10, Ln. 32, Gaoqing Rd., Gaoshan Vil., Yangmei Dist., Taoyuan City 32667, Taiwan (R.O.C.)","沈O年","03-4965500","03-4965533","有","有"
"09414831","19830722","20210813","元鼎國際企業股份有限公司","ORIGIN INTERNATIONAL CO., LTD.","臺北市大安區敦化南路2段59號17樓","17 F., No. 59, Sec. 2, Dunhua S. Rd., Da’an Dist., Taipei City 10681, Taiwan (R.O.C.)","林O威","02-27047777","02-27047772","有","有"
"09414987","19930416","20240118","金倫設計工程有限公司","N.S.W DESIGN CO., LTD.","臺北市中山區樂群二路187號3樓之2","3 F.-2, No. 187, Lequn 2nd Rd., Zhongshan Dist., Taipei City 104652, Taiwan (R.O.C.)","牛O喬","02-27319698","02-27216178","有","有"
"09415162","19830716","20210812","捷瑄企業有限公司","J.I.C. ENTERPRISES TAIWAN LIMITED","臺北市中正區羅斯福路3段244巷9弄7號3樓","3 F., No. 7, Aly. 9, Ln. 244, Sec. 3, Roosevelt Rd., Zhongzheng Dist., Taipei City 10089, Taiwan (R.O.C.)","梁O秋","02-23687200","02-23672601","有","有"
"09415487","19870805","20221125","英方企業有限公司","IN FANE CO., LTD.","臺北市大安區和平東路2段18巷6號1樓","1 F., No. 6, Ln. 18, Sec. 2, Heping E. Rd., Da’an Dist., Taipei City 106026, Taiwan (R.O.C.)","陳O定","23693320","23693301","有","有"
"09415542","19830727","20210813","時哲企業有限公司","TAIWAN STAR INDUSTRIAL INC.","臺北市信義區基隆路2段22號8樓之4","8 F.-4, No. 22, Sec. 2, Keelung Rd., Xinyi Dist., Taipei City 11052, Taiwan (R.O.C.)","李O光","02-87894780","02-87894781","有","有"
"09415748","19890301","20210813","格威斯特有限公司","INDUSTRIAL CONNECTION CO., LTD.","臺北市信義區忠孝東路4段560號13樓之3","13 F.-3, No. 560, Sec. 4, Zhongxiao E. Rd., Xinyi Dist., Taipei City 11071, Taiwan (R.O.C.)","楊O懷","02-87896998","02-87891108","有","有"
"09415923","19830723","20210814","嘉蔘貿易股份有限公司","KISMET TRADING CO., LTD.","高雄市三民區重慶街129巷4號","No. 4, Ln. 129, Chongqing St., Sanmin Dist., Kaohsiung City 80743, Taiwan (R.O.C.)","陳O宗","07-3117375","","有","有"
"09415959","19830727","20210813","鉅偉股份有限公司","DOWELL CO., LTD.","臺北市大安區瑞安街208巷4號3樓","3 F., No. 4, Ln. 208, Rui’an St., Da’an Dist., Taipei City 10661, Taiwan (R.O.C.)","廖O吉","02-27092326","","有","有"
"09416129","19831223","20220125","六合安全工程有限公司","UNION SECURITY & ENGINEERING CORP.","臺北市內湖區瑞光路76巷41號3樓","3 F., No. 41, Ln. 76, Ruiguang Rd., Neihu Dist., Taipei City 11491, Taiwan (R.O.C.)","金O聖","8792-5757","8792-0707","有","有"
"09416253","19880510","20210814","三代電子有限公司","TRIGEN INDUSTRIES LTD.","臺北市松山區八德路4段678號8樓之6","8 F.-6, No. 678, Sec. 4, Bade Rd., Songshan Dist., Taipei City 10566, Taiwan (R.O.C.)","高O堂","02-27604220","02-27635215","有","有"
"09416747","19830816","20230726","全崴科技股份有限公司","THREE-IN-ONE ENTERPRISES CO., LTD.","新北市三重區光華路34號","No. 34, Guanghua Rd., Sanchong Dist., New Taipei City 24158, Taiwan (R.O.C.)","陳O修","02-2999-0096","02-2995-1329","有","有"
"09416818","19830805","20210814","世引國際有限公司","JET WIN INDUSTRIES INC.","桃園市桃園區朝陽里民生路388號(2樓)","2 F., No. 388, Minsheng Rd., Chaoyang Vil., Taoyuan Dist., Taoyuan City 33041, Taiwan (R.O.C.)","許O峯","03-3258925","03-3580991","有","有"
"09416943","19830801","20220624","滙佶實業有限公司","PAN GLOBE ENTERPRISE CO., LTD.","新北市深坑區北深路3段347號2樓","2 F., No. 347, Sec. 3, Beishen Rd., Shenkeng Dist., New Taipei City 222001, Taiwan (R.O.C.)","宋O慶","02-26623638","02-26620698","有","有"
"09417106","20080314","20231102","能建有限公司","NENG JIANN TRADING CO., LTD.","臺中市中區大誠街33之1號1樓","1 F., No. 33-1, Dacheng St., Central Dist., Taichung City 400004, Taiwan (R.O.C.)","郭O祿","04-22225723","","有","有"
"09417160","19830806","20230720","美訊實業有限公司","MANSION INDUSTRY CO., LTD.","新北市新店區中正路四維巷6號5樓","5 F., No. 6, Siwei Ln., Zhongzheng Rd., Xindian Dist., New Taipei City 231021, Taiwan (R.O.C.)","周O惠","02-22189212","02-22187983","有","有"
"09417561","19830811","20250411","逸海實業股份有限公司","Comay Design & Resource Corporation","臺北市信義區基隆路1段420號4樓之4","4 F.-4, No. 420, Sec. 1, Keelung Rd., Xinyi Dist., Taipei City 110613, Taiwan (R.O.C.)","朱O超","02-87899168","02-87899170","有","有"
"09417611","19830824","20210814","久聯企業股份有限公司","HARE CORPORATION","臺北市中正區新生南路1段158號9樓","9 F., No. 158, Sec. 1, Xinsheng S. Rd., Zhongzheng Dist., Taipei City 10061, Taiwan (R.O.C.)","李O蓬","02-2327-9230","2327-9260","有","有"
"09417788","19830902","20210812","瑋記企業股份有限公司","SUPER WHEELER ENTERPRISE CO., LTD.","臺北市大同區長安西路29號5樓","5 F., No. 29, Chang’an W. Rd., Datong Dist., Taipei City 10351, Taiwan (R.O.C.)","江O超","02-28347083","02-28357039","有","有"
"09417794","19831026","20210814","廣健企業有限公司","DYNAPARTS INC.","臺北市文山區指南路2段155號1樓","1 F., No. 155, Sec. 2, Zhinan Rd., Wenshan Dist., Taipei City 11651, Taiwan (R.O.C.)","莊O珠","02-22300623","","有","有"
"09418034","19921130","20221215","益富實業股份有限公司","NUTRITEC-ENJOY CORPORATION","臺北市中山區明水路600號10樓之4","10 F.-4, No. 600, Mingshui Rd., Zhongshan Dist., Taipei City 104051, Taiwan (R.O.C.)","張O平","02-28837300","02-28857168","有","有"
"09418098","19840831","20210815","超倫實業有限公司","SUPER-SOUND ENTERPRISE CO., LTD.","臺北市南港區忠孝東路5段815號10樓之1","10 F.-1, No. 815, Sec. 5, Zhongxiao E. Rd., Nangang Dist., Taipei City 11562, Taiwan (R.O.C.)","羅O玲","02-27867136","02-27861782","有","有"
"09418344","20100811","20190626","財團法人台灣聖經公會","THE BIBLE SOCIETY IN TAIWAN","臺北市大安區仁愛路３段２９號４樓Ｅ室","RM. E, 4F., NO.29, SEC. 3, REN-AI RD., DA-AN DIST., TAIPEI CITY 10651, TAIWAN (R.O.C.)","許O道","02-26649909","02-26644599","有","有"
"09418409","19830910","20250108","百慕達商麗美容股份有限公司台灣分公司","REVLON MANUFACTURING LTD., TAIWAN BRANCH","臺北市信義區松仁路97號14樓","14 F., No. 97, Songren Rd., Xinyi Dist., Taipei City 110050, Taiwan (R.O.C.)","周O儀CHOUCHINGYI","02-25816686","02-25816919","無","無"
"09418560","19930222","20210812","歐技有限公司","LEFO ENGINEERING AND TRADING LTD.","臺北市中山區長春路40號6樓之10","6 F.-10, No. 40, Changchun Rd., Zhongshan Dist., Taipei City 10450, Taiwan (R.O.C.)","李O暉","02-25623656","","有","有"
"09418745","19940704","20210813","有泰香料化學股份有限公司","YEOU TAY CHEMICAL ENTERPRISE CO., LTD.","臺北市大安區信義路3段178號11樓","11 F., No. 178, Sec. 3, Xinyi Rd., Da’an Dist., Taipei City 10658, Taiwan (R.O.C.)","陳O霖","02-26851918","02-26838198","有","有"
"09418787","19901122","20221026","保融國際文化事業股份有限公司","THE GREAT FIELD CULTURE PUBLISHING CO., LTD.","臺北市內湖區行愛路78巷28號2樓之1","2 F.-1, No. 28, Ln. 78, Xing'ai Rd., Neihu Dist., Taipei City 114732, Taiwan (R.O.C.)","梁O龍","02-2792-8557","02-2795-6852","有","有"
"09419081","20000217","20210814","中譽有限公司","CHUNG YU PAPER CO., LTD.","新北市汐止區大同路3段196號6樓","6 F., No. 196, Sec. 3, Datong Rd., Xizhi Dist., New Taipei City 22103, Taiwan (R.O.C.)","戴O達","02-8647-1397","02-8647-2375","有","有"
"09419385","19830905","20210814","俞達實業有限公司","EDEN INDUSTRIAL CO., LTD.","臺北市大安區信義路4段137號12樓","12 F., No. 137, Sec. 4, Xinyi Rd., Da’an Dist., Taipei City 10681, Taiwan (R.O.C.)","黃O書","02-27092137","","有","有"
"09419723","19910719","20210812","鳴峰實業股份有限公司","MIKEOHM CORP.","新北市三重區中興北街18巷7號","No. 7, Ln. 18, Zhongxing N. St., Sanchong Dist., New Taipei City 24158, Taiwan (R.O.C.)","謝O欽","02-2286-8293","02-2287-2897","有","有"
"09420088","19830913","20250225","海玄企業開發股份有限公司","HI-ACTION DEVELOPMENT CO., LTD.","臺北市中山區新生北路2段79號","No. 79, Sec. 2, Xinsheng N. Rd., Zhongshan Dist., Taipei City 104087, Taiwan (R.O.C.)","胡O華","02-2717-5625","02-2717-6830","無","有"
"09420242","19831006","20210814","新碩資訊股份有限公司","MBA TECHNIQUE CO., LTD.","臺北市大安區金華街239之4號3樓","3 F., No. 239-4, Jinhua St., Da’an Dist., Taipei City 10649, Taiwan (R.O.C.)","陳O亮","02-27397700","02-23785110","有","有"
"09420329","20090324","20250515","坤奇工程有限公司","KUN JI ENGINEERING LIMITED","臺北市大安區基隆路2段190號12樓之4","12 F.-4, No. 190, Sec. 2, Keelung Rd., Da'an Dist., Taipei City 106033, Taiwan (R.O.C.)","陳O碧霞","02-89288582","02-23250548","有","有"
"09420947","19830917","20230614","漢升密封科技股份有限公司","ESCORT SEAL CO., LTD.","桃園市中壢區文化里北園路22號","No. 22, Beiyuan Rd., Wenhua Vil., Zhongli Dist., Taoyuan City 320023, Taiwan (R.O.C.)","范O忠","03-4515000","03-4510123","有","有"
"09421093","19840321","20221122","攸紘企業股份有限公司","INTERACTIVE CORPORATION","臺北市大安區敦化南路2段95號14樓","14 F., No. 95, Sec. 2, Dunhua S. Rd., Da’an Dist., Taipei City 106046, Taiwan (R.O.C.)","黃O艦","02-27553250","02-27057775","有","有"
"09421713","19830924","20220519","晉椿股份有限公司","Polarich Capital Inc.","臺北市大安區復興南路1段129號17樓","17 F., No. 129, Sec. 1, Fuxing S. Rd., Da’an Dist., Taipei City 10666, Taiwan (R.O.C.)","簡O臻","02-27315487","","有","有"
"09421869","20080109","20220901","勤天實業有限公司","CHYN TIEN ENTERPRISE CO., LTD.","桃園市中壢區內定里內定二街406號 (1樓)","1 F., No. 406, Neiding 2nd St., Neiding Vil., Zhongli Dist., Taoyuan City 320069, Taiwan (R.O.C.)","邱O全","03-4558914","03-4558940","有","有"
"09422109","19831006","20221224","六輝貿易股份有限公司","SAVASY CORPORATION","臺北市內湖區洲子街62號7樓","7 F., No. 62, Zhouzi St., Neihu Dist., Taipei City 114064, Taiwan (R.O.C.)","馬O虎(AlexA.IMassoud)","02-26562688","02-26562668","有","有"
"09423114","19831020","20210815","山巍企業股份有限公司","UNIFIRST ENTERPRISE CORP.","臺北市大安區敦化南路1段192號3樓","3 F., No. 192, Sec. 1, Dunhua S. Rd., Da’an Dist., Taipei City 10691, Taiwan (R.O.C.)","吳O津","02-27781005","02-27414744","有","有"
"09423120","19831019","20230422","遠同有限公司","PETER & SU CO., LTD.","臺北市大安區復興南路1段287號10樓之1","10 F.-1, No. 287, Sec. 1, Fuxing S. Rd., Da’an Dist., Taipei City 106687, Taiwan (R.O.C.)","蘇O慎懿","02-27017485","02-27016972","無","無"
"09423276","19921016","20210813","飛王有限公司","FLY-WIN INTERNATIONAL AUTOMOBILE EQUIPMENT LTD.","臺北市大同區長安西路301之2號","No. 301-2, Chang’an W. Rd., Datong Dist., Taipei City 10341, Taiwan (R.O.C.)","許O順","02-2709-8223","02-2755-7615","有","有"
"09423607","19840628","20210814","翔禹實業有限公司","IDEALTECH INDUSTRY CO., LTD.","臺北市中山區明水路650號4樓之1","4 F.-1, No. 650, Mingshui Rd., Zhongshan Dist., Taipei City 10462, Taiwan (R.O.C.)","譚O家","02-85022533","02-85026325","有","有"
"09423769","19831021","20210813","彥呈貿易有限公司","JOFCA CO., LTD.","臺北市文山區興隆路4段72號2樓之7","2 F.-7, No. 72, Sec. 4, Xinglong Rd., Wenshan Dist., Taipei City 11663, Taiwan (R.O.C.)","黃O文","02-29377099","02-29377096","有","有"
"09423867","19831022","20231219","浩揮股份有限公司","HONOR WELL ENGINEERING TRADING CO., LTD.","臺北市中正區羅斯福路3段50號6樓","6 F., No. 50, Sec. 3, Roosevelt Rd., Zhongzheng Dist., Taipei City 100034, Taiwan (R.O.C.)","黃O蓮","02-23687876","","有","有"
"09423888","19831028","20210814","安容企業有限公司","AN JYE INTERNATIONAL CO., LTD.","臺北市大安區安和路2段7號3樓","3 F., No. 7, Sec. 2, Anhe Rd., Da’an Dist., Taipei City 10680, Taiwan (R.O.C.)","張O敏","02-27009394","","有","有"
"09423938","19831103","20241213","永凰有限公司","YOUNG STAR COMPANY LTD.","臺中市北區陜西路108號10樓之1","10 F.-1, No. 108, Shanxi Rd., North Dist., Taichung City 404531, Taiwan (R.O.C.)","","04-2292-4918","04-2292-4722","無","無"
"09424113","19831115","20240928","井齊實業有限公司","VALIENTE CO., LTD.","臺北市信義區信義路5段5號7樓","7 F., No. 5, Sec. 5, Xinyi Rd., Xinyi Dist., Taipei City 110202, Taiwan (R.O.C.)","康O桃","02-87706862","02-87706825","有","有"
"09424211","19831028","20210814","富莊貿易有限公司","FOUND STRONG CO., LTD.","臺北市中山區新生北路3段7號9樓之1","9 F.-1, No. 7, Sec. 3, Xinsheng N. Rd., Zhongshan Dist., Taipei City 10471, Taiwan (R.O.C.)","林O金足","02-25961779","","有","有"
"09424227","19831103","20210815","常茂企業有限公司","GRAND-BONANZA ENTERPRISE INC.","臺北市大安區信義路4段296號13樓","13 F., No. 296, Sec. 4, Xinyi Rd., Da’an Dist., Taipei City 10679, Taiwan (R.O.C.)","鄭O堅","02-27041121","02-27043151","有","有"
"09424296","19860814","20210813","日輪企業股份有限公司","EDISONED INDUSTRIAL CORPORATION","臺北市信義區基隆路2段109號12樓","12 F., No. 109, Sec. 2, Keelung Rd., Xinyi Dist., Taipei City 11053, Taiwan (R.O.C.)","徐O得","02-23781133","02-23783266","無","無"
"09424319","19870113","20220411","藍天電腦股份有限公司","CLEVO CO.","新北市新莊區思源路555號35樓","35 F., No. 555, Siyuan Rd., Xinzhuang Dist., New Taipei City 242034, Taiwan (R.O.C.)","許O泰","02-22789696","02-22784800","有","有"
"09424492","20250306","20250306","愛視特眼鏡有限公司","Aishite Glasses CO., LTD.","新北市樹林區中山路1段128號7樓","7 F., No. 128, Sec. 1, Zhongshan Rd., Shulin Dist., New Taipei City 238004, Taiwan (R.O.C.)","林O順","","","有","有"
"09425231","20020826","20230116","喜孚盟企業股份有限公司","CFM CORP.","臺北市信義區和平東路3段283號3樓","3 F., No. 283, Sec. 3, Heping E. Rd., Xinyi Dist., Taipei City 110003, Taiwan (R.O.C.)","陳O蘭","02-27321918","02-27371875","無","無"
"09426105","19881109","20210812","欣芝貿易有限公司","NEW GAGA TRADING CO., LTD.","新北市汐止區大同路1段276之1號4樓之1","4 F.-1, No. 276-1, Sec. 1, Datong Rd., Xizhi Dist., New Taipei City 22146, Taiwan (R.O.C.)","劉O愷","02-26479656","02-26479691","有","有"
"09426219","19840314","20210815","傑吟貿易有限公司","ORIGINAL J. Y & T CO., LTD.","新北市三重區重新路5段609巷6號7樓","7 F., No. 6, Ln. 609, Sec. 5, Chongxin Rd., Sanchong Dist., New Taipei City 24159, Taiwan (R.O.C.)","田OO","02-29991933","","有","有"
"09426626","19880427","20230523","岱德股份有限公司","HIGHTEC CORPORATION","臺北市大同區民權西路106號11樓","11 F., No. 106, Minquan W. Rd., Datong Dist., Taipei City 103745, Taiwan (R.O.C.)","曾O洋","02-25573708","02-25576423","有","有"
"09426702","19831117","20230707","漢岱實業股份有限公司","HANTECH CO., LTD.","臺北市內湖區瑞光路618號5樓","5F., No. 618, Ruiguang Rd., Neihu Dist.,  Taipei City 114726, Taiwan (R.O.C.)","林O恭","02-87975587","02-87978676","有","有"
"09426793","19970808","20210814","名工實業有限公司","MING KUNG IND. CO., LTD.","臺北市士林區社子街126巷16號","No. 16, Ln. 126, Shezi St., Shilin Dist., Taipei City 11173, Taiwan (R.O.C.)","陳O發","02-28161230","02-28165935","有","有"
"09427245","19851003","20210813","景穗有限公司","KENGSES CO., LTD.","臺北市大安區復興南路1段239號11樓","11 F., No. 239, Sec. 1, Fuxing S. Rd., Da’an Dist., Taipei City 10666, Taiwan (R.O.C.)","邱O正","02-27056116","02-27067397","有","有"
"09427287","19831123","20210815","凱聖國際企業有限公司","TAIWAN BDT AUTO PARTS CORP.","新北市五股區成泰路1段189巷22號之1十三樓","13 F., No. 22, Ln. 189, Sec. 1, Chengtai Rd., Wugu Dist., New Taipei City 24870, Taiwan (R.O.C.)","陳O音","02-22927615","02-22911947","有","有"
"09427322","19831201","20230618","碩勇股份有限公司","SWAN SPORTS INDUSTRIAL CO., LTD.","臺北市大同區哈密街143號","No. 143, Hami St., Datong Dist., Taipei City 103036, Taiwan (R.O.C.)","鄭O恩","02-77087782","02-77087786","有","有"
"09427391","19881121","20221021","台灣路威股份有限公司","LOUIS VUITTON TAIWAN LTD.","臺北市信義區忠孝東路5段68號25樓","25 F., No. 68, Sec. 5, Zhongxiao E. Rd., Xinyi Dist., Taipei City 110419, Taiwan (R.O.C.)","RObertRafaelCALZADILLA","02-87580660","02-27586629","有","有"
"09427435","19831205","20230205","李揚企業股份有限公司","MOTECQ CORPORATION","臺北市大安區大安路1段75巷7號2樓","2 F., No. 7, Ln. 75, Sec. 1, Da’an Rd., Da’an Dist., Taipei City 106071, Taiwan (R.O.C.)","李O勳","02-27219600","02-27219620","有","有"
"09427462","20171226","20210815","花旗光學眼鏡股份有限公司","HUA CHI OPTOMETRY CO., LTD.","南投縣草屯鎮和平里碧山路123號1樓","1 F., No. 123, Bishan Rd., Heping Vil., Caotun Township, Nantou County 54263, Taiwan (R.O.C.)","張O銜","0492310654","","有","有"
"09427625","19961023","20230101","國光資訊股份有限公司","AUTO BIT INFORMATION INC.","新北市中和區建八路2號8樓之7","8 F.-7, No. 2, Jian 8th Rd., Zhonghe Dist., New Taipei City 235603, Taiwan (R.O.C.)","許O熒","02-23032976","02-23053180","無","無"
"09427998","19890905","20221101","玄倉企業有限公司","HSUAN TSANG ENTERPRISE CO., LTD.","臺北市中正區開封街1段105號4樓之1","4 F.-1, No. 105, Sec. 1, Kaifeng St., Zhongzheng Dist., Taipei City 100001, Taiwan (R.O.C.)","陳O賢","02-2361-5713","","有","有"
"09428103","19831214","20210812","立治有限公司","LITZ TECHNOLOGIES CO., LTD.","臺北市信義區基隆路2段51號5樓","5 F., No. 51, Sec. 2, Keelung Rd., Xinyi Dist., Taipei City 11052, Taiwan (R.O.C.)","董O南旎","02-27396008","02-27390646","有","有"
"09428413","19831212","20210812","揚帝企業有限公司","ROSCO INTERNATIONAL CORP.","臺北市大安區信義路4段140號5樓","5 F., No. 140, Sec. 4, Xinyi Rd., Da’an Dist., Taipei City 10681, Taiwan (R.O.C.)","危O愉","02-27049723","","有","有"
"09428878","19840117","20210812","凱克絲實業有限公司","CACTUS QUALITY CO., LTD.","臺北市中正區羅斯福路2段140號7樓之2","7 F.-2, No. 140, Sec. 2, Roosevelt Rd., Zhongzheng Dist., Taipei City 10084, Taiwan (R.O.C.)","許O卿","02-23935831","02-23935809","有","有"
"09429258","20080523","20221102","邦聯股份有限公司","AIR-SEA TRANSPORT INC.","臺北市中山區松江路71號10樓","10 F., No. 71, Songjiang Rd., Zhongshan Dist., Taipei City 104695, Taiwan (R.O.C.)","邢O明","02-25071266","02-25071783","有","有"
"09429763","19831224","20210815","鎂聯科技有限公司","M-UNION TECHNOLOGY CO., LTD.","臺北市信義區基隆路2段189號8樓之3","8 F.-3, No. 189, Sec. 2, Keelung Rd., Xinyi Dist., Taipei City 11054, Taiwan (R.O.C.)","連O鐘","02-2378-7977","02-2378-7986","有","有"
"09430403","19840109","20210814","寵勤企業有限公司","ADVENT INTERNATIONAL CORPORATION","臺北市大安區信義路4段337號12樓","12 F., No. 337, Sec. 4, Xinyi Rd., Da’an Dist., Taipei City 10692, Taiwan (R.O.C.)","陳O誠","02-2708-8708","02-2708-6068","有","有"
"09430987","19870727","20240501","協欣金屬工業股份有限公司","COC TOOLING & STAMPING CO., LTD.","桃園市大溪區仁和路2段412號","No. 412, Sec. 2, Renhe Rd., Daxi Dist., Taoyuan City 335005, Taiwan (R.O.C.)","楊O慶","03-3808383","03-3809295","有","有"
"09431108","20140612","20210813","三儷有限公司","SUNNYA CO., LTD.","臺北市內湖區內湖路1段360巷10號5樓之1","5 F.-1, No. 10, Ln. 360, Sec. 1, Neihu Rd., Neihu Dist., Taipei City 11493, Taiwan (R.O.C.)","陳O娜","02-26273299","02-26272879","有","有"
"09431183","19840117","20240315","啓豐有限公司","PAUL YANG CO., LTD.","桃園市桃園區中正三街330號八樓","8 F., No. 330, Zhongzheng 3rd St., Taoyuan Dist., Taoyuan City 330027, Taiwan (R.O.C.)","王O港蘭","02-89191788","02-89191789","無","無"
"09431521","19840713","20220422","聖風有限公司","WINHEALTH ENTERPRISE CO., LTD.","桃園市桃園區汴洲里經國路888號12樓之8","12F.-8, No. 888, Jingguo Rd., Bianzhou Vil., Taoyuan Dist., Taoyuan City 33051, Taiwan (R.O.C.)","陳O紳","(02)2299-1202","(03)358-8984","有","有"
"09431557","19841106","20240224","上可實業股份有限公司","SHINE KAO ENTERPRISES CO., LTD.","臺北市大安區敦化南路2段81巷22號1樓","1 F., No. 22, Ln. 81, Sec. 2, Dunhua S. Rd., Da’an Dist., Taipei City 106046, Taiwan (R.O.C.)","李O宏","02-24310622","","有","有"
"09431971","19990716","20210814","巴帝維丹達書籍出版有限公司","BHAKTIVEDANTA BOOK LTD.","新北市新店區松林路55之1號1樓","1 F., No. 55-1, Songlin Rd., Xindian Dist., New Taipei City 23160, Taiwan (R.O.C.)","朱O芬","02-23772308","02-23772310","有","有"
"09432520","20070326","20210815","首都藝術事業有限公司","CAPITAL ART CENTER CORPORATION","臺北市大安區仁愛路4段343號2樓","2 F., No. 343, Sec. 4, Ren’ai Rd., Da’an Dist., Taipei City 10686, Taiwan (R.O.C.)","廖O玟","02-27755268","02-27755265","有","有"
"09432660","19840524","20210815","玖樟企業有限公司","MOSTECH INTERNATIONAL CORP.","臺北市中山區錦州街321號2樓","2 F., No. 321, Jinzhou St., Zhongshan Dist., Taipei City 10477, Taiwan (R.O.C.)","曾O璋","02-25622181","02-25713989","有","有"
"09433154","19981029","20221225","聲岳行實業有限公司","SHEN YUEH HARNG INDUSTRIAL CO., LTD.","新北市永和區中和路335巷18弄8號(1樓)","1 F., No. 8, Aly. 18, Ln. 335, Zhonghe Rd., Yonghe Dist., New Taipei City 234021, Taiwan (R.O.C.)","陳O偉","02-29262467","02-29254094","無","無"
"09433274","19861219","20231018","閣美室內裝修股份有限公司","DYNASTY & PARTNERS LTD.","臺北市松山區復興北路99號7樓之1","7 F.-1, No. 99, Fuxing N. Rd., Songshan Dist., Taipei City 105403, Taiwan (R.O.C.)","陳O興","02-27131556","02-27160872","有","有"
"09433719","19841221","20221230","好格實業股份有限公司","WIN MATER CO., LTD.","臺北市內湖區陽光街345巷5號4樓","4 F., No. 5, Ln. 345, Yangguang St., Neihu Dist., Taipei City 114067, Taiwan (R.O.C.)","洪O村","02-87515678","02-87515656","無","無"
"09433838","19840228","20230416","益倫貿易有限公司","GIREX CO., LTD.","臺北市中山區長安東路1段6之3號2樓","2 F., No. 6-3, Sec. 1, Chang’an E. Rd., Zhongshan Dist., Taipei City 104006, Taiwan (R.O.C.)","施O美","","","無","無"
"09434055","19980513","20210812","大品股份有限公司","DA PIN CO., LTD.","臺北市松山區八德路3段99巷5號","No. 5, Ln. 99, Sec. 3, Bade Rd., Songshan Dist., Taipei City 10554, Taiwan (R.O.C.)","顏O杰","02-2570-6101","02-2570-6106","有","有"
"09434153","19990322","20210813","燿震企業有限公司","YAU JAN CO., LTD.","新北市中和區圓通路232巷8號(1樓)","1 F., No. 8, Ln. 232, Yuantong Rd., Zhonghe Dist., New Taipei City 23564, Taiwan (R.O.C.)","楊O良","02-22454531","02-22461011","有","有"
"09434479","19880520","20240323","進豪實業有限公司","CHIN'S HEART ENTERPRISE CO., LTD.","臺北市信義區和平東路3段451號2樓","2 F., No. 451, Sec. 3, Heping E. Rd., Xinyi Dist., Taipei City 11055, Taiwan (R.O.C.)","","02-27354146","","無","無"
"09434914","20021126","20210815","安芃彩色印刷有限公司","AN POM PRINTING CO., LTD.","新北市中和區中山路3段110號3樓之1","3 F.-1, No. 110, Sec. 3, Zhongshan Rd., Zhonghe Dist., New Taipei City 23544, Taiwan (R.O.C.)","謝O華","(02)8221-5885","(02)8221-5886","有","有"
"09435081","19840321","20210812","風宇企業有限公司","ABMEX ENTERPRISE CO., LTD.","臺北市大安區通化街215號5樓","5 F., No. 215, Tonghua St., Da’an Dist., Taipei City 10677, Taiwan (R.O.C.)","曾O秀","27232870","27251550","有","有"
"09435202","19840718","20210814","業達企業有限公司","CINDERELLA FASHION CO., LTD.","臺北市萬華區漢中街135號地下","No. 135, Hanzhong St., Wanhua Dist., Taipei City 10846, Taiwan (R.O.C.)","陳O鴻","02-23146866","02-23821651","有","有"
"09435272","20110615","20210812","文昌家具行","WEN CHANG CASA CO.","臺北市大安區通化街19巷47號1樓","1 F., No. 47, Ln. 19, Tonghua St., Da’an Dist., Taipei City 10679, Taiwan (R.O.C.)","郭O泉","02-27018728","","有","有"
"09435364","19840322","20250306","美商貝克曼庫爾特有限公司台灣分公司","BECKMAN COULTER TAIWAN INC., TAIWAN BRANCH (U.S.A.)","臺北市大安區敦化南路二段216號8樓","8 F., No. 216, Sec. 2, Dunhua S. Rd., Da’an Dist., Taipei City 10669, Taiwan (R.O.C.)","張O美CHANG,HUI-MEI","02-27302500","02-23770408","有","有"
"09435483","19850812","20210814","景興電腦科技有限公司","CHING HSING COMPUTER-TECH LTD.","臺北市信義區基隆路2段125號3樓","3 F., No. 125, Sec. 2, Keelung Rd., Xinyi Dist., Taipei City 11053, Taiwan (R.O.C.)","黃O銘","02-27380168","02-27380186","有","有"
"09435553","19840413","20210814","格邶克股份有限公司","KOPEK PACIFIC LTD.","臺北市大安區信義路3段106號7樓之6","7 F.-6, No. 106, Sec. 3, Xinyi Rd., Da’an Dist., Taipei City 10658, Taiwan (R.O.C.)","林O隆","02-27025518","02-27052245","有","有"
"09435569","19840614","20210815","浩威電子股份有限公司","ADVANCED MICRO PRODUCTS CO., LTD.","臺北市南港區研究院路2段165號1樓","1 F., No. 165, Sec. 2, Academia Rd., Nangang Dist., Taipei City 11572, Taiwan (R.O.C.)","林O福","02-26547215","02-27837261","有","有"
"09435673","19840320","20210815","開懋股份有限公司","PAKWELL CORPORATION","彰化縣花壇鄉文德村溪南街195號","No. 195, Xinan St., Huatan Township, Changhua County 50349, Taiwan (R.O.C.)","郭O宏","04-7868654","04-7865741","有","有"
"09436286","19960913","20210812","學習出版有限公司","LEARNING PUBLISHING CO., LTD.","新北市中和區中山路二段三二七巷七號四樓","4 F., No. 7, Ln. 327, Sec. 2, Zhongshan Rd., Zhonghe Dist., New Taipei City 23585, Taiwan (R.O.C.)","劉O山","02-27045525","","有","有"
"09436650","19840420","20221018","醫全實業股份有限公司","MEDICARE PRODUCTS INC.","新北市新店區寶橋路235巷6弄2號9樓","9 F., No. 2, Aly. 6, Ln. 235, Baoqiao Rd., Xindian Dist., New Taipei City 231028, Taiwan (R.O.C.)","江O聰","02-29180011","02-29180227","有","有"
"09436791","19840505","20210814","惠磯實業有限公司","TEXMORE INDUSTRIAL CO., LTD.","臺北市大安區敦化南路2段265巷1號2樓","2 F., No. 1, Ln. 265, Sec. 2, Dunhua S. Rd., Da’an Dist., Taipei City 10675, Taiwan (R.O.C.)","石O","02-2735-2110","02-2735-9520","有","有"
"09436954","19841123","20210812","斗山股份有限公司","DOU SUN CO., LTD.","臺北市大安區信義路4段45號9樓","9 F., No. 45, Sec. 4, Xinyi Rd., Da’an Dist., Taipei City 10684, Taiwan (R.O.C.)","鄭O濱","02-27091860","","有","有"
"09437118","19840411","20210813","千瑞國際企業有限公司","CHIAN RUEY INTERNATIONAL CORP.","臺北市信義區信義路5段5號","No. 5, Sec. 5, Xinyi Rd., Xinyi Dist., Taipei City 11011, Taiwan (R.O.C.)","郭O流","02-27203521","02-27203321","有","有"
"09437166","19920618","20210815","大擎企業有限公司","FUJIPOSCO OA SUPPLY CO., LTD.","新北市新店區民權路42巷59弄8號2樓","2 F., No. 8, Aly. 59, Ln. 42, Minquan Rd., Xindian Dist., New Taipei City 23141, Taiwan (R.O.C.)","朱O傑","02-29103218","02-29103938","有","有"
"09437356","19920807","20210813","詳盈電機有限公司","SHYANG YNG ELECTRIC CO., LTD.","新北市三重區重陽路1段113巷1弄16號1樓","1 F., No. 16, Aly. 1, Ln. 113, Sec. 1, Chongyang Rd., Sanchong Dist., New Taipei City 24161, Taiwan (R.O.C.)","蘇O賢","02-29897982","","有","有"
"09437525","19970311","20221229","鉅聲國際股份有限公司","GOOSAN INTERNATIONAL CORP.","臺北市士林區福國路95號4樓之5","4 F.-5, No. 95, Fuguo Rd., Shilin Dist., Taipei City 111031, Taiwan (R.O.C.)","周O洸","02-27556516","02-27555287","無","無"
"09437813","20240510","20240510","佳阜實業有限公司","CHIAFU ENTERPRISE CO., LTD.","臺北市大同區雙連街39巷11號","No. 11, Ln. 39, Shuanglian St., Datong Dist., Taipei City 103018, Taiwan (R.O.C.)","曾O能","02-25538177","","有","有"
"09437996","19840430","20210813","興都實業有限公司","HSING DUO INDUSTRIAL CO., LTD.","臺北市大安區大安路1段75巷7號3樓之3","3 F.-3, No. 7, Ln. 75, Sec. 1, Da’an Rd., Da’an Dist., Taipei City 10691, Taiwan (R.O.C.)","朱O興","02-27732331","","有","有"
"09438209","19981020","20210813","佳訊股份有限公司","BEST TRANS CORPORATION","新北市永和區保生路1號5樓","5 F., No. 1, Baosheng Rd., Yonghe Dist., New Taipei City 23444, Taiwan (R.O.C.)","曾O婷","02-29278822","02-29273292","有","有"
"09438453","19930409","20210812","兆銓開發股份有限公司","ALLIED WINNERS CORPORATION","臺北市大安區辛亥路1段30號12樓之1","12 F.-1, No. 30, Sec. 1, Xinhai Rd., Da’an Dist., Taipei City 10647, Taiwan (R.O.C.)","吳O慶","02-23633645","02-23689267","有","有"
"09439100","19910905","20210815","祥誠股份有限公司","SHAM CHENG CO., LTD.","臺北市中山區南京東路1段132巷20號","No. 20, Ln. 132, Sec. 1, Nanjing E. Rd., Zhongshan Dist., Taipei City 10454, Taiwan (R.O.C.)","山O智","02-2711-0601","02-2752-7072","有","有"
"09439235","19840514","20210812","盈侑企業有限公司","GOLDEN COSMOS ENTERPRISE CO., LTD.","臺北市中正區師大路148號1樓","1 F., No. 148, Shida Rd., Zhongzheng Dist., Taipei City 10089, Taiwan (R.O.C.)","顏O","02-23215222","","有","有"
"09439299","19890323","20240801","耕地有限公司","KENI TI CO., LTD.","臺北市大安區敦化南路2段59號14樓之2","14 F.-2, No. 59, Sec. 2, Dunhua S. Rd., Da’an Dist., Taipei City 10681, Taiwan (R.O.C.)","","02-23250885","","無","無"
"09439426","19900507","20210812","廖張行科技有限公司","FORTUNE SCIENCES CO., LTD.","屏東縣高樹鄉長榮村興中路174號","No. 174, Xingzhong Rd., Gaoshu Township, Pingtung County 90641, Taiwan (R.O.C.)","廖O成","02-80680008","02-85124423","有","有"
"09440063","19840510","20210814","大萬股份有限公司","INTERNATIONAL TOP ONE CO., LTD.","新北市中和區建一路95號4樓","4 F., No. 95, Jian 1st Rd., Zhonghe Dist., New Taipei City 23585, Taiwan (R.O.C.)","黃O晶","02-23368789","","有","有"
"09440161","19840508","20210813","愛大有限公司","I. T. A. GREAT INTERNATIONAL TRADING LTD.","臺北市大安區信義路4段61號8樓","8 F., No. 61, Sec. 4, Xinyi Rd., Da’an Dist., Taipei City 10684, Taiwan (R.O.C.)","賴O台","02-27031776","","有","有"
"09440330","19840524","20210813","協虹實業有限公司","UNION RAINBOW INDUSTRIES CO., LTD.","臺北市南港區忠孝東路6段6號7樓之6","7 F.-6, No. 6, Sec. 6, Zhongxiao E. Rd., Nangang Dist., Taipei City 11575, Taiwan (R.O.C.)","羅O滿","02-27850458","02-27834326","有","有"
"09440697","19881111","20210813","敦煌樂器有限公司","TUN HUANG MUSIC CO., LTD.","臺北市中山區建國北路2段1號1樓","1 F., No. 1, Sec. 2, Jianguo N. Rd., Zhongshan Dist., Taipei City 10487, Taiwan (R.O.C.)","牛O英","02-25080066","02-25025064","有","有"
"09441366","19840528","20230317","光聯興業股份有限公司","ROMASTONE CO.,  LTD.","桃園市楊梅區高榮里電研路190巷108號","No. 108, Ln. 190, Dianyan Rd., Gaorong Vil., Yangmei Dist., Taoyuan City 326017, Taiwan (R.O.C.)","","03-4901526","03-4901520","有","有"
"09441393","19840524","20210814","顯特企業有限公司","EAST-WEST EXPRESS CO., LTD.","臺北市中山區民權東路3段58號3樓之3之4","3 F.-3, No. 58-4, Sec. 3, Minquan E. Rd., Zhongshan Dist., Taipei City 10477, Taiwan (R.O.C.)","郭O湶","02-25058870","","有","有"
"09441653","19951004","20240612","天龍園藝企業有限公司","TIAN LUNG GARDENING ENTERPRISE CO., LTD.","臺北市中山區松江路42號12樓之4","12 F.-4, No. 42, Songjiang Rd., Zhongshan Dist., Taipei City 104090, Taiwan (R.O.C.)","曾O良","02-29357734","","有","有"
"09441680","19840705","20210815","太冠國際開發事業有限公司","TAI CROWN CORP.","新北市新店區中正路538巷7號(1樓)","1 F., No. 7, Ln. 538, Zhongzheng Rd., Xindian Dist., New Taipei City 23141, Taiwan (R.O.C.)","鄭O齊","02-22181010","02-22185515","有","有"
"09441730","19940915","20230707","以旺企業有限公司","YVONNE DESIGN ENTERPRISES CO., LTD.","臺北市大安區忠孝東路4段205巷37號1樓","1F., No. 37, Ln. 205, Sec. 4, Zhongxiao E. Rd., Da’an Dist.,  Taipei City 106075, Taiwan (R.O.C.)","馮O風","02-27763312","02-27811966","有","有"
"09441823","19951019","20220928","晶緻企業有限公司","FLASHARD ENTERPRISE CO., LTD.","臺北市中山區一江街9號2樓","2 F., No. 9, Yijiang St., Zhongshan Dist., Taipei City 104091, Taiwan (R.O.C.)","石O道","02-25675290-1","02-25674700","無","無"
"09442153","19840618","20210814","義倉精機股份有限公司","YEE CHANG PRECISION MACHINERY CO., LTD.","新北市淡水區中正東路2段69之2號5樓","5 F., No. 69-2, Sec. 2, Zhongzheng E. Rd., Tamsui Dist., New Taipei City 25170, Taiwan (R.O.C.)","葉O秋薇","28098367","28099279","有","有"
"09442365","19840620","20221120","亞鋐磁電股份有限公司","ASIANPRIME ELECTROMAGNETIC TECHNOLOGY CORP.","臺北市中山區南京東路2段150號10樓","10 F., No. 150, Sec. 2, Nanjing E. Rd., Zhongshan Dist., Taipei City 104695, Taiwan (R.O.C.)","林O光","02-27762372","","無","無"
"09442581","19840612","20210815","東典貿易股份有限公司","EAST TENDER TRADING CO., LTD.","臺北市大安區敦化南路2段99號23樓","23 F., No. 99, Sec. 2, Dunhua S. Rd., Da’an Dist., Taipei City 10682, Taiwan (R.O.C.)","陳O元","02-2704-7272","02-2704-3380","有","有"
"09442674","19940224","20240719","北一有限公司","CHAO-HAN TRADING CO., LTD.","臺北市中正區辛亥路1段8號1樓","1 F., No. 8, Sec. 1, Xinhai Rd., Zhongzheng Dist., Taipei City 10089, Taiwan (R.O.C.)","周O雲","02-33651539","","有","有"
"09442816","20200916","20250515","方格子文化事業有限公司","Creative Designers Co., Ltd.","臺北市萬華區大理街20巷6號1樓","1 F., No. 6, Ln. 20, Dali St., Wanhua Dist., Taipei City 108020, Taiwan (R.O.C.)","方O福","0223973792","02-23932984","有","有"
"09442837","19920104","20230214","幕後企業有限公司","STAGE MAN INDUSTRY CO., LTD.","新北市新店區復興路51之7號4樓","4 F., No. 51-7, Fuxing Rd., Xindian Dist., New Taipei City 231036, Taiwan (R.O.C.)","秦O榮","02-86671011","02-86671402","有","有"
"09443174","20110309","20240126","棉懋企業股份有限公司","COTTIN FIELD ENTERPRISES CO., LTD.","臺北市內湖區舊宗路1段30巷18號9樓","9 F., No. 18, Ln. 30, Sec. 1, Jiuzong Rd., Neihu Dist., Taipei City 11494, Taiwan (R.O.C.)","","02-27936298","02-27933198","無","無"
"09443218","19850723","20210815","蘭記股份有限公司","ORCHID RADIO CO., LTD.","新北市新店區中正路560巷10號5樓","5 F., No. 10, Ln. 560, Zhongzheng Rd., Xindian Dist., New Taipei City 23148, Taiwan (R.O.C.)","朱O英","02-22184911","02-22187603","有","有"
"09443961","19950718","20220924","壯其企業有限公司","SUPER KEY TECHNOLOGY CO., LTD.","臺北市大安區建國南路1段286巷48號1樓","1 F., No. 48, Ln. 286, Sec. 1, Jianguo S. Rd., Da'an Dist., Taipei City 106088, Taiwan (R.O.C.)","陳O功","02-27068873","","無","無"
"09443977","20040830","20220211","東磊工程股份有限公司","TONY ENGINEERING CO., LTD.","臺北市大安區復興南路1段103號11樓之4","11F.-4, NO. 103, SEC. 1, FUXING S. RD., DA-AN DIST., TAIPEI CITY 10697, TAIWAN (R.O.C.)","林O煒","02-27725109","02-27813200","有","有"
"09444032","19851016","20230325","台灣電鍍工業股份有限公司","ELECTROPLATING ENGINEERS TAIWAN LIMITED","臺北市大安區復興南路2段12巷13號1樓","1 F., No. 13, Ln. 12, Sec. 2, Fuxing S. Rd., Da’an Dist., Taipei City 106028, Taiwan (R.O.C.)","高O樹","02-27022104","","有","有"
"09444103","19840619","20221224","南邦企業有限公司","ASPHODEL ENTERPRISE INC.","臺北市松山區民生東路4段55巷20號6樓","6 F., No. 20, Ln. 55, Sec. 4, Minsheng E. Rd., Songshan Dist., Taipei City 105013, Taiwan (R.O.C.)","鄭O珠","02-27183381","02-27132928","無","無"
"09444357","19840806","20231018","柏儀有限公司","BORYMAX INDUSTRIAL CO., LTD.","臺北市松山區八德路3段230號11樓之2","11 F.-2, No. 230, Sec. 3, Bade Rd., Songshan Dist., Taipei City 10555, Taiwan (R.O.C.)","","02-2570-1456","02-2570-0997","無","無"
"09444482","19851118","20240119","康美包紙盒包裝股份有限公司","SIG Packaging (Taiwan) Co., Ltd.","新竹縣湖口鄉中興村工業一路5號","No. 5, Gongye 1st Rd., Hukou Township, Hsinchu County 303036, Taiwan (R.O.C.)","AOO-KristiOErkeOs","02-27093232","035-981346","有","有"
"09444666","19951118","20231012","誠合企業有限公司","CHAIN HOLD ENTERPRISE CO., LTD.","臺南市中西區海安路2段79巷20號1樓","1 F., No. 20, Ln. 79, Sec. 2, Hai’an Rd., West Central Dist., Tainan City 700002, Taiwan (R.O.C.)","施O智","06-2274740","06-22099969","有","有"
"09444722","19840724","20221103","晴萊企業有限公司","INFINITY ENTERPRISE CO.","臺北市大安區信義路4段293號5樓","5 F., No. 293, Sec. 4, Xinyi Rd., Da'an Dist., Taipei City 106068, Taiwan (R.O.C.)","吳O賢","02-27024078","02-27048035","無","無"
"09444878","19840906","20230112","聚益化學工業股份有限公司","JIUH YI CHEMICAL INDUSTRIAL CO., LTD.","臺北市中山區樂群二路187號8樓之1","8 F.-1, No. 187, Lequn 2nd Rd., Zhongshan Dist., Taipei City 104652, Taiwan (R.O.C.)","王O如","02-85026197","02-85026832","有","有"
"09445031","19880723","20210814","仙寶富企業有限公司","WANG'S HANDICRAFTS CO., LTD.","臺中市大甲區中山里甲后路五段501巷111弄3號","No. 3, Aly. 111, Ln. 501, Sec. 5, Jiahou Rd., Zhongshan Vil., Dajia Dist., Taichung City 43762, Taiwan (R.O.C.)","王O詔","","","有","有"
"09445047","19840730","20230309","賽威企業有限公司","EFFICIENT HOUSE CORP.","臺北市大安區復興南路2段157號7樓之2","7 F.-2, No. 157, Sec. 2, Fuxing S. Rd., Da’an Dist., Taipei City 106479, Taiwan (R.O.C.)","吳O英","02-27046266","","無","無"
"09445102","20020808","20210812","興展儀器有限公司","SIRIUS INSTRUMENT CO., LTD.","新北市板橋區大觀路2段265巷130弄18號","No. 18, Aly. 130, Ln. 265, Sec. 2, Daguan Rd., Banqiao Dist., New Taipei City 22058, Taiwan (R.O.C.)","蔡O興","02-29666127","","有","有"
"09445861","19840808","20210814","永緒企業股份有限公司","JOINT PRECISION INTERNATIONAL CO., LTD.","基隆市安樂區樂利三街132巷3弄20號1樓","1 F., No. 20, Aly. 3, Ln. 132, Leli 3rd St., Anle Dist., Keelung City 20447, Taiwan (R.O.C.)","陳O慧","24326116","24348644","無","無"
"09446101","19840727","20221224","賀寶實業有限公司","HARBLEE LLC.","桃園市龍潭區百年二街10-1號9樓","9 F., No. 10-1, Bainian 2nd St., Longtan Dist., Taoyuan City 325020, Taiwan (R.O.C.)","李O明","03-4705006","03-4801328","無","無"
"09446123","19840811","20210812","賀懋實業有限公司","HOUSMOST INDUSTRIAL CORP.","新北市新店區中正路538巷1號5樓之1","5 F.-1, No. 1, Ln. 538, Zhongzheng Rd., Xindian Dist., New Taipei City 23141, Taiwan (R.O.C.)","侯O榮","02-22188701","02-22188702","有","有"
"09446361","19840901","20210815","錩洲有限公司","ISLAND & OVERSEAS CO., LTD.","臺北市大安區安和路1段21巷15號1樓","1 F., No. 15, Ln. 21, Sec. 1, Anhe Rd., Da’an Dist., Taipei City 10688, Taiwan (R.O.C.)","陳O勲","02-27780067","02-27732457","有","有"
"09446947","19910520","20210813","啟聖有限公司","GREEN VIGOR EXPORT & IMPORT CO., LTD.","臺北市內湖區內湖路1段285巷65弄27之1號3樓","3 F., No. 27-1, Aly. 65, Ln. 285, Sec. 1, Neihu Rd., Neihu Dist., Taipei City 11443, Taiwan (R.O.C.)","盧O虔","02-27993009","02-27993009","有","有"
"09447045","19840723","20230303","瑞大碳素製品有限公司","RITAL CARBON & GRAPHITE COMPONENTS CO., LTD.","臺北市大安區和平東路3段258號11樓","11 F., No. 258, Sec. 3, Heping E. Rd., Da’an Dist., Taipei City 106036, Taiwan (R.O.C.)","王O良","02-27528222","","有","有"
"09447538","19840913","20210814","義鑫國際有限公司","NEPTUNE ORIENT CO., LTD.","臺北市大安區復興南路1段71號5樓","5 F., No. 71, Sec. 1, Fuxing S. Rd., Da’an Dist., Taipei City 10697, Taiwan (R.O.C.)","邱O祥","886-2-2711-1942","886-2-2751-5669","有","有"
"09447967","20001018","20210812","凱信企業管理顧問有限公司","KAI HSIN MANAGEMENT CONSULTANTS CO., LTD.","臺北市大安區忠孝東路4段218號之4，11樓","11 F., No. 218-4, Sec. 4, Zhongxiao E. Rd., Da’an Dist., Taipei City 10692, Taiwan (R.O.C.)","曾O旭","02-27736566","02-27736577","有","有"
"09448071","19840806","20210815","亞伸貿易有限公司","SENASIA ENTERPRISE LTD.","臺北市北投區天母北路80之7號1樓","1 F., No. 80-7, Tianmu N. Rd., Beitou Dist., Taipei City 11283, Taiwan (R.O.C.)","張O衛","02-28979589","02-28978658","有","有"
"09448121","19880808","20231226","東凱工業有限公司","DON KAI INDUSTRIAL CO., LTD.","臺北市中正區忠孝西路1段50號14樓之25","14 F.-25, No. 50, Sec. 1, Zhongxiao W. Rd., Zhongzheng Dist., Taipei City 100506, Taiwan (R.O.C.)","黃O源","03-3851000","03-3857700","有","有"
"09448369","19920518","20210815","上禾音響有限公司","SANHO SOUND CORPORATION","臺北市中山區吉林路24號10樓之6","10 F.-6, No. 24, Jilin Rd., Zhongshan Dist., Taipei City 10457, Taiwan (R.O.C.)","何O幸","02-25313802","","有","有"
"09448662","19911111","20210812","麗之花企業有限公司","NEW LIEBE ENTERPRISE CO., LTD.","臺北市信義區吳興街284巷24弄61號1樓","1 F., No. 61, Aly. 24, Ln. 284, Wuxing St., Xinyi Dist., Taipei City 11043, Taiwan (R.O.C.)","林O德","02-27360205","02-27361255","有","有"
"09448712","19880806","20221006","琮毅實業股份有限公司","E-Z INDUSTRIAL CO., LTD.","臺北市大安區復興南路2段86號2樓","2 F., No. 86, Sec. 2, Fuxing S. Rd., Da'an Dist., Taipei City 106625, Taiwan (R.O.C.)","陳O滿","02-27556226","02-27014140","無","無"
"09448852","19840802","20210814","弘逸有限公司","GREAP EASE CO., LTD.","臺北市信義區基隆路2段201號9樓之3","9 F.-3, No. 201, Sec. 2, Keelung Rd., Xinyi Dist., Taipei City 11054, Taiwan (R.O.C.)","陳O花","02-27056114","","有","有"
"09449022","19840810","20230221","美勞教育出版有限公司","ART & TECHNOLOGY EDUCATIONAL BOOK CO., LTD.","臺北市大同區承德路3段193號","No. 193, Sec. 3, Chengde Rd., Datong Dist., Taipei City 103031, Taiwan (R.O.C.)","鄒O萬","02-25975776","02-25949305","無","無"
"09449058","19850225","20220926","慶豐半導體科技股份有限公司","CHINFON SEMICONDUCTOR & TECHNOLOGY COMPANY LIMITED","桃園市平鎮區平鎮工業區工業一路１１號","No. 11, Gongye 1st Rd., Pingzhen Dist.,  Taoyuan City 324, Taiwan (R.O.C.)","黃O雄","03-4697136","03-4696074","無","無"
"09449183","19840726","20220924","鴻儂生技有限公司","EVER GATHER COMPANY LTD.","臺北市大安區復興南路1段352號3樓之1","3 F.-1, No. 352, Sec. 1, Fuxing S. Rd., Da'an Dist., Taipei City 106094, Taiwan (R.O.C.)","陳O吉","02-2703-1663","02-2702-3308","無","無"
"09449753","20161028","20250617","長昌運輸股份有限公司","EVER GLORY TRANSPORTATION INC.","臺北市中山區長春路380號6樓之1","6 F.-1, No. 380, Changchun Rd., Zhongshan Dist., Taipei City 10487, Taiwan (R.O.C.)","何O瑾","02-25450161","02-25450165","有","有"
"09449938","20021022","20210814","煒菱實業有限公司","WOEI-LING INDUSTRIAL CO., LTD.","臺北市信義區和平東路3段391巷7弄11號3樓","3 F., No. 11, Aly. 7, Ln. 391, Sec. 3, Heping E. Rd., Xinyi Dist., Taipei City 11057, Taiwan (R.O.C.)","黃O賢","02-27352686","02-27321137","有","有"
"09450619","19920718","20210814","穩立舞台音響燈光工程有限公司","WINLY ENGINEERING & TRADING LTD.","臺北市南港區南港路3段50巷12號5樓","5 F., No. 12, Ln. 50, Sec. 3, Nangang Rd., Nangang Dist., Taipei City 11510, Taiwan (R.O.C.)","陳O健","02-27883375","02-27884951","有","有"
"09450879","19840827","20210814","台灣錄霸股份有限公司","TAIWAN VIDEO & MONITOR CORP.","臺北市大安區仁愛路3段141號11樓","11 F., No. 141, Sec. 3, Ren’ai Rd., Da’an Dist., Taipei City 10656, Taiwan (R.O.C.)","游O豪","02-77271192","02-27937559","有","有"
"09450913","19841001","20210812","麥迪有限公司","MAI DEE TRADING CO., LTD.","臺北市中山區中山北路2段38號4樓","4 F., No. 38, Sec. 2, Zhongshan N. Rd., Zhongshan Dist., Taipei City 10445, Taiwan (R.O.C.)","蘇O邦","02-25633939","02-25638282","有","有"
"09451146","19840831","20230525","欣嘉實業有限公司","SCHAEFER INTERNATIONAL CORPORATION","臺中市西屯區府會園道169號5樓之2","5 F.-2, No. 169, Fuhuiyuan Blvd., Xitun Dist., Taichung City 407548, Taiwan (R.O.C.)","胡OO","04-22535777","04-22535778","無","無"
"09451477","19841001","20230107","吉田興業有限公司","HERO KAO TRADING CO., LTD.","新北市新店區復興路111號1樓","1 F., No. 111, Fuxing Rd., Xindian Dist., New Taipei City 231036, Taiwan (R.O.C.)","高O弘","02-2218-9935","02-2218-1581","無","無"
"09451498","19870605","20240118","新英電機有限公司","SHINING ELECTRIC & ENGINEERING CO., LTD.","新北市新莊區中正路558之23號","No. 558-23, Zhongzheng Rd., Xinzhuang Dist., New Taipei City 24255, Taiwan (R.O.C.)","吳O賢","02-29061540","02-29044485","有","有"
"09451602","20150410","20230111","華剛化學工業股份有限公司","HWA KANG CHEMICAL IND. CO., LTD.","新北市林口區工八路1號","No. 1, Gong 8th Rd., 2nd Industrial Park, Linkou Dist., New Taipei City 244010, Taiwan (R.O.C.)","徐O強","02-26035382","02-26012938","有","有"
"09451737","19840912","20210815","敏揚企業股份有限公司","A ONE UNION CO., LTD.","臺北市南港區南港路3段99號5樓","5 F., No. 99, Sec. 3, Nangang Rd., Nangang Dist., Taipei City 11563, Taiwan (R.O.C.)","游O穎","02-27882828","02-27882727","有","有"
"09451808","20011121","20210814","筌翔國際有限公司","CHYUAN SHYANG INTERNATIONAL CO., LTD.","新北市板橋區四維路201號11樓","11 F., No. 201, Siwei Rd., Banqiao Dist., New Taipei City 22049, Taiwan (R.O.C.)","陳O翔","02-2900-8099","02-2900-3055","有","有"
"09452068","19840918","20220721","歐信有限公司","ANTHEM TRADING CO., LTD.","新北市永和區秀朗路2段196巷3號","No. 3, Ln. 196, Sec. 2, Xiulang Rd., Yonghe Dist., New Taipei City 234034, Taiwan (R.O.C.)","林O珍","02-27562153","02-27562225","有","有"
"09452399","19880413","20210813","鹿橋文化事業股份有限公司","DEER BRIDGE PUBLISHING CO., LTD.","臺北市南港區南港路3段50巷22號3樓","3 F., No. 22, Ln. 50, Sec. 3, Nangang Rd., Nangang Dist., Taipei City 11510, Taiwan (R.O.C.)","鄧O楨","02-27861656","02-26947041","有","有"
"09452460","19840917","20210815","滙暘有限公司","FRE-YOUNG INTERNATIONAL CO., LTD.","臺北市信義區基隆路1段432號9樓之3","9 F.-3, No. 432, Sec. 1, Keelung Rd., Xinyi Dist., Taipei City 11051, Taiwan (R.O.C.)","李O芳","02-27297773","","有","有"
"09452644","19840912","20210812","霖豐股份有限公司","LIM CHEMICAL CO., LTD.","臺北市大安區復興南路1段323號10樓","10 F., No. 323, Sec. 1, Fuxing S. Rd., Da’an Dist., Taipei City 10665, Taiwan (R.O.C.)","林O椿","02-27079696","02-27072826","有","有"
"09452686","19840920","20221228","海伸有限公司","HUNTEX CORPORATION","臺北市大安區新生南路1段165巷35號之3","No. 35-3, Ln. 165, Sec. 1, Xinsheng S. Rd., Da’an Dist., Taipei City 106090, Taiwan (R.O.C.)","王O翔","02-27081337","02-27013446","有","有"
"09452905","19840918","20230519","鈞慶企業有限公司","KARST CORP.","臺北市中山區安東街3之1號5樓","5 F., No. 3-1, Andong St., Zhongshan Dist., Taipei City 104098, Taiwan (R.O.C.)","張O霖","02-27734887","","無","無"
"09453101","20011226","20230208","精選圖書有限公司","ELITE BOOK COMPANY","桃園市八德區高城里高城八街86號1樓","1 F., No. 86, Gaocheng 8th St., Gaocheng Vil., Bade Dist., Taoyuan City 334646, Taiwan (R.O.C.)","陳O勲","03-3693802","03-3693807","有","有"
"09453382","19920903","20230111","中國勵合股份有限公司","CHINA LIH HO CORPORATION","基隆市七堵區百六街139號","No. 139, Bai 6th St., Qidu Dist., Keelung City 206014, Taiwan (R.O.C.)","楊O輝","02-24524898","02-245244558","有","有"
"09454523","19840927","20230316","尚基企業有限公司","LEAVEN ENTERPRISE CO., LTD.","臺北市中山區樂群二路189號6樓","6 F., No. 189, Lequn 2nd Rd., Zhongshan Dist., Taipei City 104652, Taiwan (R.O.C.)","詹O進","886-2-26591888","886-2-26577825","有","有"
"09454571","20091201","20210813","永漢國際書局有限公司","YUNGHAN BOOKS CENTER CO., LTD.","臺北市中山區中山北路1段152號5樓","5 F., No. 152, Sec. 1, Zhongshan N. Rd., Zhongshan Dist., Taipei City 10444, Taiwan (R.O.C.)","羅O平","02-2531-3930","02-2571-6235","有","有"
"09454615","20001128","20210814","萊克企業股份有限公司","LIKE ENTERPRISE CO., LTD.","臺北市中山區合江街188巷14號","No. 14, Ln. 188, Hejiang St., Zhongshan Dist., Taipei City 10477, Taiwan (R.O.C.)","郭O章","02-25012096","02-25072869","有","有"
"09454930","19841002","20210813","方騰企業有限公司","EXECUTIVE ENTERPRISE CO., LTD.","桃園市楊梅區高山里高獅路863巷6號","No. 6, Ln. 863, Gaoshi Rd., Gaoshan Vil., Yangmei Dist., Taoyuan City 32668, Taiwan (R.O.C.)","謝O貞","03-4784866","03-4784829","有","有"
"09455121","19900918","20250426","金秋實業有限公司","GOLDEN AUTUMN INDUSTRIAL CO., LTD.","臺北市大安區大安路1段61號1樓","1 F., No. 61, Sec. 1, Da’an Rd., Da’an Dist., Taipei City 10691, Taiwan (R.O.C.)","胡O璽","02-27720474","02-27312943","有","有"
"09455369","20211214","20250614","可唯興業有限公司","KOWAY CORPORATION LTD.","臺北市中山區松江路2號4樓之6","4F.-6, NO. 2, SONGJIANG RD., ZHONGSHAN DIST., TAIPEI CITY 104093, TAIWAN (R.O.C.)","何O治","02-23513790","","有","有"
"09455620","19860103","20210814","聯迎興企業有限公司","INDAELA INDUSTRIES CO., LTD.","臺北市中山區農安街227巷3弄30號3樓","3 F., No. 30, Aly. 3, Ln. 227, Nong’an St., Zhongshan Dist., Taipei City 10482, Taiwan (R.O.C.)","陳O益","02-25039265","","有","有"
"09455641","19860111","20221004","德錩企業股份有限公司","TECH UNION INCORPORATION","臺北市內湖區行善路417巷30號","No. 30, Ln. 417, Xingshan Rd., Neihu Dist., Taipei City 114057, Taiwan (R.O.C.)","許O裕","02-27788001","02-27418694","有","有"
"09456064","19841012","20230701","晟民企業股份有限公司","SUN MAN CO., LTD.","臺北市大安區羅斯福路3段277之16號","No. 277-16, Sec. 3, Roosevelt Rd., Da'an Dist., Taipei City 106019, Taiwan (R.O.C.)","","23225229","23973332","無","無"
"09456162","19841029","20210814","弘信有限公司","UNION LICENSE ENTERPRISE CO., LTD.","臺北市文山區秀明路1段185巷34弄30號","No. 30, Aly. 34, Ln. 185, Sec. 1, Xiuming Rd., Wenshan Dist., Taipei City 11665, Taiwan (R.O.C.)","邢O瑋","02-27375500","02-27366000","有","有"
"09457444","19841109","20210814","九邑貿易有限公司","EVERGUSH INTERNATIONAL CO., LTD.","臺北市大安區瑞安街208巷53弄2號1樓","1 F., No. 2, Aly. 53, Ln. 208, Rui’an St., Da’an Dist., Taipei City 10661, Taiwan (R.O.C.)","黃O成","02-27004850","02-27014076","有","有"
"09457649","19841030","20210813","歐技貿易股份有限公司","ALLKEY INTERNATIONAL CORPORATION","臺北市大安區新生南路3段2號6樓之3","6 F.-3, No. 2, Sec. 3, Xinsheng S. Rd., Da’an Dist., Taipei City 10660, Taiwan (R.O.C.)","周O修","02-23632581","","有","有"
"09457818","19841019","20210813","台博貿易有限公司","TEXBO TRADING CO., LTD.","新北市汐止區新台五路1段77號8樓之8","8 F.-8, No. 77, Sec. 1, Xintai 5th Rd., Xizhi Dist., New Taipei City 22101, Taiwan (R.O.C.)","劉O臨","02-26981122","","有","有"
"09458008","19880728","20220314","佑康股份有限公司","PROGRESSIVE GROUP INC.","臺北市信義區忠孝東路5段550號14樓","14 F., No. 550, Sec. 5, Zhongxiao E. Rd., Xinyi Dist., Taipei City 11081, Taiwan (R.O.C.)","袁O萊","02-23463468","","有","有"
"09458133","20031212","20240201","向善多媒體事業有限公司","SUNMEDIA ADVERTISING CO., LTD.","臺北市松山區八德路4段699號5樓之3","5 F.-3, No. 699, Sec. 4, Bade Rd., Songshan Dist., Taipei City 105057, Taiwan (R.O.C.)","陳O一","02-2706-1600","02-2706-6403","有","有"
"09458627","19940913","20230708","中視文化事業股份有限公司","CTV CULTURAL ENTERPRISE LTD.","臺北市南港區重陽路120號4樓","4 F., No. 120, Chongyang Rd., Nangang Dist., Taipei City 115003, Taiwan (R.O.C.)","蔡O家","02-2751-6031-4","02-2741-2048","有","有"
"09458767","19850207","20230715","遠東精密化學股份有限公司","SOLAR FINE CHEMICAL CO., LTD.","臺北市內湖區瑞光路258巷55號5樓之1","5 F.-1, No. 55, Ln. 258, Ruiguang Rd., Neihu Dist., Taipei City 114062, Taiwan (R.O.C.)","薛O安","02-26272576","02-26272573","有","有"
"09458794","19841117","20210814","奇麟橡膠股份有限公司","KIRIN RUBBER INDUSTRIES INC.","新北市新店區安康路2段161號","No. 161, Sec. 2, Ankang Rd., Xindian Dist., New Taipei City 23153, Taiwan (R.O.C.)","王O弘","02-29162051","02-29162058","有","有"
"09458909","19841224","20210813","岳冠企業有限公司","CONTESSA ANGELICA CO., LTD.","臺北市松山區光復南路574之1號11樓","11 F., No. 574-1, Guangfu S. Rd., Songshan Dist., Taipei City 105, Taiwan (R.O.C.)","黃O枝","02-27047567","02-27047568","有","有"
"09459061","19990604","20210812","津梅企業有限公司","JAME MAY ENTERPRISE CO., LTD.","臺北市大安區敦化南路1段190巷41號地下","No. 41, Ln. 190, Sec. 1, Dunhua S. Rd., Da’an Dist., Taipei City 10691, Taiwan (R.O.C.)","鍾O盛","02-2741-6632","","有","有"
"09459267","19841114","20210813","大樹針車有限公司","BIG TREE SEWING SUPPLIES INC.","新北市林口區南勢街196號","No. 196, Nanshi St., Linkou Dist., New Taipei City 24441, Taiwan (R.O.C.)","侯O璽","02-26001788","02-26008986","有","有"
"09459371","19841226","20210815","林邁企業股份有限公司","LINMARK ENGINEERING CORPORATION","桃園市龍潭區東興里中興路63巷88號","No. 88, Ln. 63, Zhongxing Rd., Dongxing Vil., Longtan Dist., Taoyuan City 32549, Taiwan (R.O.C.)","林O雄","03-4891918-9","","有","有"
"09459626","19891209","20210814","羅琳企業有限公司","RO RIN ENTERPRISE CO., LTD.","新北市新莊區化成路11巷69號1樓","1 F., No. 69, Ln. 11, Huacheng Rd., Xinzhuang Dist., New Taipei City 24252, Taiwan (R.O.C.)","羅O民","02-22772127","","有","有"
"09459843","20050408","20231227","濟立有限公司","WELTRONIC CORP.","新北市中和區中山路2段327巷11弄8號5樓","5 F., No. 8, Aly. 11, Ln. 327, Sec. 2, Zhongshan Rd., Zhonghe Dist., New Taipei City 235602, Taiwan (R.O.C.)","林O忠","02-22458945","02-22450853","有","有"
"09459870","19850619","20210814","辰留企業股份有限公司","Chain Origin Co., Ltd.","臺北市內湖區瑞光路513巷22弄5號7樓","7 F., No. 5, Aly. 22, Ln. 513, Ruiguang Rd., Neihu Dist., Taipei City 11492, Taiwan (R.O.C.)","陳O宗怡","02-87978383","02-87978181","有","有"
"09460497","19980227","20210814","雨田室內裝修設計有限公司","SURF & TURF INC.","臺北市松山區南京東路5段123巷1弄28號1樓","1 F., No. 28, Aly. 1, Ln. 123, Sec. 5, Nanjing E. Rd., Songshan Dist., Taipei City 10571, Taiwan (R.O.C.)","雷O國","02-27733680","02-27815519","有","有"
"09460588","19841214","20210815","信達雅有限公司","SINTAYA CO., LTD.","臺北市信義區松隆路157號6樓","6 F., No. 157, Songlong Rd., Xinyi Dist., Taipei City 11069, Taiwan (R.O.C.)","李O夏","02-25703685","02-25703687","有","有"
"09460601","20071026","20210813","菩羅影視有限公司","PROFESSIONAL VIDEO & AUDIO PRODUCTION CO., LTD.","臺北市松山區敦化北路222巷6弄4號1樓","1 F., No. 4, Aly. 6, Ln. 222, Dunhua N. Rd., Songshan Dist., Taipei City 10546, Taiwan (R.O.C.)","陳O凡","02-87864699","02-87864688","有","有"
"09461025","19850314","20230309","致茂電子股份有限公司","CHROMA ATE INC.","桃園市龜山區文茂路88號","No. 88, Wenmao Rd., Guishan Dist., Taoyuan City 333001, Taiwan (R.O.C.)","黃O明","03-3279999","03-3278898","有","有"
"09461242","19851105","20230414","嬌聯股份有限公司","UNITED CHARM COMPANY LTD.","新北市板橋區新站路16號25樓","25 F., No. 16, Xinzhan Rd., Banqiao Dist., New Taipei City 220336, Taiwan (R.O.C.)","洪O輝","02-2382-5678","02-2388-2655","有","有"
"09461377","19841217","20210812","競聯企業有限公司","MOTEDO CO., LTD.","臺北市中山區松江路78巷6之2號1樓","1 F., No. 6-2, Ln. 78, Songjiang Rd., Zhongshan Dist., Taipei City 10456, Taiwan (R.O.C.)","陳O樑","02-25714440","","有","有"
"09461448","19880705","20210814","三化實業有限公司","TRICHEM INCORPORATED","臺北市中山區松江路100巷17號1樓","1 F., No. 17, Ln. 100, Songjiang Rd., Zhongshan Dist., Taipei City 10456, Taiwan (R.O.C.)","廖O紋","02-25629181","02-25629180","有","有"
"09461545","19850216","20210815","開成興業股份有限公司","KREATE INDUSTRIAL CO., LTD.","臺北市內湖區內湖路1段120巷18號7樓","7 F., No. 18, Ln. 120, Sec. 1, Neihu Rd., Neihu Dist., Taipei City 11493, Taiwan (R.O.C.)","高O任","02-26599393","02-26592111","有","有"
"09461741","19841219","20210812","資佳有限公司","TRANSTEX CORPORATION","新北市深坑區北深路3段270巷16號8樓之3","8 F.-3, No. 16, Ln. 270, Sec. 3, Beishen Rd., Shenkeng Dist., New Taipei City 22205, Taiwan (R.O.C.)","賴O芳","02-26626941","02-26645130","有","有"
"09461849","19860205","20241219","台捷電子股份有限公司","TEKCON ELECTRONICS CORP.","新北市中和區建八路210號6樓","6 F., No. 210, Jian 8th Rd., Zhonghe Dist., New Taipei City 235042, Taiwan (R.O.C.)","李O輝","02-22120369","02-22120200","有","有"
"09462164","19841214","20230623","呈達科技股份有限公司","RAYSTA TECHNOLOGIES INC.","臺北市大安區忠孝東路4段223巷5號11樓之1","11 F.-1, No. 5, Ln. 223, Sec. 4, Zhongxiao E. Rd., Da’an Dist., Taipei City 106077, Taiwan (R.O.C.)","柯O翰","02-26597162","","無","無"
"09462538","19950502","20210812","佳濃實業有限公司","JIANONG INDUSTRIAL CO., LTD.","臺北市中山區松江路194巷36號","No. 36, Ln. 194, Songjiang Rd., Zhongshan Dist., Taipei City 10467, Taiwan (R.O.C.)","黃O惠","02-2703-7853","02-2703-7856","有","有"
"09462684","19851218","20210815","元祖實業股份有限公司","YUAN CHU CORP.","臺北市中山區民權東路3段84號1樓","1 F., No. 84, Sec. 3, Minquan E. Rd., Zhongshan Dist., Taipei City 10476, Taiwan (R.O.C.)","張O琬","02-25084090","02-25081575","有","有"
"09462798","19880427","20210813","普昇企業有限公司","PROSONIC ENTERPRISE CO., LTD.","臺北市中山區建國北路3段75巷11號1樓","1 F., No. 11, Ln. 75, Sec. 3, Jianguo N. Rd., Zhongshan Dist., Taipei City 10473, Taiwan (R.O.C.)","呂O煌","02-25016983","02-2505-7435","有","有"
"09462832","19910830","20220426","萊麗美容股份有限公司","LA BELLE PROFESSIONAL BEAUTY  LTD.","臺北市內湖區瑞光路513巷22弄5號7樓之1","7F.-1, NO. 5, ALY. 22, LN. 513, RUIGUANG RD., NEIHU DIST., TAIPEI CITY 11492, TAIWAN (R.O.C.)","彭O婷","02-87978383","02-87978181","有","有"
"09463017","19840104","20210815","上哲企業有限公司","JOA & JOA CO., LTD.","桃園市桃園區南豐二街120號7樓","7 F., No. 120, Nanfeng 2nd St., Taoyuan Dist., Taoyuan City 33064, Taiwan (R.O.C.)","簡O斌","03-3626090","","有","有"
"09463190","19850104","20210813","精慶實業有限公司","CHINN CHING INDUSTRY CO., LTD.","新北市板橋區溪福里篤行路3段7號9樓","9 F., No. 7, Sec. 3, Duxing Rd., Xifu Vil., Banqiao Dist., New Taipei City 22072, Taiwan (R.O.C.)","張O民","02-26836313","02-26836119","有","有"
"09463213","19880428","20250417","慈生有限公司","ZIPSUN COMPANY LTD.","高雄市左營區文寧街330巷1號","No. 1, Ln. 330, Wenning St., Zuoying Dist., Kaohsiung City 81365, Taiwan (R.O.C.)","黃O祥","02-26737901","","有","有"
"09463240","19910520","20210815","錦翰貿易有限公司","KING HANIX TRADING CO., LTD.","臺北市松山區健康路20巷3號1樓","1 F., No. 3, Ln. 20, Jiankang Rd., Songshan Dist., Taipei City 10581, Taiwan (R.O.C.)","蘇O村","02-27126469","02-27126479","有","有"
"09463261","19841228","20241203","廣憶貿易股份有限公司","PERICO INCORPORATION","新北市中和區秀峰街一一九巷六弄五之一號二樓","2 F., No. 5-1, Aly. 6, Ln. 119, Xiufeng St., Zhonghe Dist., New Taipei City 23578, Taiwan (R.O.C.)","席O怡","02-29498076","02-29414335","有","有"
"09463298","19850517","20210812","龐太國際有限公司","PAETEX INTERNATIONAL CORPORATION","臺北市大安區和平東路1段177號之4．12樓","12 F., No. 177-4, Sec. 1, Heping E. Rd., Da’an Dist., Taipei City 10644, Taiwan (R.O.C.)","鄭OO","02-23219458","","有","有"
"09463332","19880920","20210813","駿來實業有限公司","JING LAI INDUSTRIAL CO., LTD.","臺北市松山區敦化北路120巷54號2樓","2 F., No. 54, Ln. 120, Dunhua N. Rd., Songshan Dist., Taipei City 10547, Taiwan (R.O.C.)","朱O亮","02-27171120","","有","有"
"09463500","19880504","20210812","順業刺繡材料有限公司","BONAFFAIR TRADE CO., LTD.","新北市三重區重陽路四段一二六巷五四號","No. 54, Ln. 126, Sec. 4, Chongyang Rd., Sanchong Dist., New Taipei City 24145, Taiwan (R.O.C.)","周O玉","02-2986-0974","2986-0990","有","有"
"09464368","20050526","20230330","台灣鑽針有限公司","TAIWAN MICRODRILL CO., LTD.","新北市新莊區五權一路13號8樓之2","8 F.-2, No. 13, Wuquan 1st Rd., Xinzhuang Dist., New Taipei City 248022, Taiwan (R.O.C.)","顏O然","02-89904503","02-89904625","有","有"
"09464493","19850117","20240608","菩德企業有限公司","PRUTEX COMPANY LIMITED","新北市土城區明德路2段185號9樓","9 F., No. 185, Sec. 2, Mingde Rd., Tucheng Dist., New Taipei City 23660, Taiwan (R.O.C.)","","02-82601845","02-22645506","無","無"
"09464640","19850307","20230414","順合有限公司","SAMTECH CORPORATION","臺北市大安區敦化南路2段5號12樓之3","12 F.-3, No. 5, Sec. 2, Dunhua S. Rd., Da’an Dist., Taipei City 106045, Taiwan (R.O.C.)","黃O月","02-27002811","02-27054851","有","有"
"09464775","19850529","20211104","巨翔興業股份有限公司","GALEON ENTERPRISES CO., LTD.","臺中市大肚區沙田路一段36之8號1樓","1 F., No. 36-8, Sec. 1, Shatian Rd., Dadu Dist., Taichung City 43245, Taiwan (R.O.C.)","陳O錞","04-26934489","04-26934486","有","有"
"09465113","19860908","20241122","展研企業股份有限公司","DERY RESOURCES TAIWAN INC.","臺北市大安區羅斯福路3段277之16號","No. 277-16, Sec. 3, Roosevelt Rd., Da’an Dist., Taipei City 10647, Taiwan (R.O.C.)","余O澤","02-27551812","02-27551243","有","有"
"09465697","19850425","20210813","紅菓林生活物業有限公司","HOSANAVA HOMART INC.","臺北市北投區北投路2段9號11樓之1","11 F.-1, No. 9, Sec. 2, Beitou Rd., Beitou Dist., Taipei City 11268, Taiwan (R.O.C.)","林O竹","28984577","28584545","有","有"
"09466062","19940809","20210814","統翊企業有限公司","TONY IR ENTERPRISE CO., LTD.","臺北市大安區復興南路2段335號1樓","1 F., No. 335, Sec. 2, Fuxing S. Rd., Da’an Dist., Taipei City 10667, Taiwan (R.O.C.)","邱O瑜","02-27331220","","有","有"
"09466470","19860821","20210812","戈賓有限公司","KO PIN CLOTHING CO., LTD.","臺北市中正區文北里臨沂街28號1樓","1 F., No. 28, Linyi St., Wenbei Vil., Zhongzheng Dist., Taipei City 10056, Taiwan (R.O.C.)","陳O福","02-23975858","02-23933084","有","有"
"09466675","19850213","20241231","崇威貿易有限公司","TOP-PARTS CO., LTD.","臺北市內湖區成功路4段58號5樓","5 F., No. 58, Sec. 4, Chenggong Rd., Neihu Dist., Taipei City 11489, Taiwan (R.O.C.)","梁O豪","02-27935796","","有","有"
"09466892","19850213","20230316","韋克有限公司","PRO. YANG ENTERPRISE CO., LTD.","臺北市大安區大安路1段191號3樓","3 F., No. 191, Sec. 1, Da’an Rd., Da’an Dist., Taipei City 106095, Taiwan (R.O.C.)","楊O茹","02-27041033","02-27068780","有","有"
"09467533","19850228","20230220","畢家有限公司","BULL FIGHTER CO., LTD.","臺北市中山區南京東路1段25號6樓之4","6 F.-4, No. 25, Sec. 1, Nanjing E. Rd., Zhongshan Dist., Taipei City 104404, Taiwan (R.O.C.)","畢O珍","02-27065020","02-27064754","無","無"
"09467610","19850826","20230708","台灣開利股份有限公司","CARRIER TAIWAN CO., LTD.","新北市板橋區中山路1段156號15樓","15F., No. 156, Sec. 1, Zhongshan Rd., Banqiao Dist.,  New Taipei City 220073, Taiwan (R.O.C.)","路O強","02-89643777","02-29545133","有","有"
"09468343","19860523","20230708","台灣百和工業股份有限公司","TAIWAN PAIHO LIMITED","彰化縣和美鎮好修里和港路575號","No. 575, Hegang Rd., Haoxiu Vil., Hemei Township, Changhua County 508004, Taiwan (R.O.C.)","鄭O煤","02-23627570","02-23620648","有","有"
"09468370","19910122","20210815","強而青科技開發有限公司","STRONG & YOUNG TECHNOLOGY DEVELOPMENT CO., LTD.","臺北市信義區信義路5段5號3樓","3 F., No. 5, Sec. 5, Xinyi Rd., Xinyi Dist., Taipei City 11011, Taiwan (R.O.C.)","查O壬","02-27350009","02-27320009","有","有"
"09468646","19961108","20210812","泰瑞國際股份有限公司","TAIWAY MLM INTERNATIONAL CO., LTD.","臺北市松山區南京東路3段275號8樓","8 F., No. 275, Sec. 3, Nanjing E. Rd., Songshan Dist., Taipei City 10550, Taiwan (R.O.C.)","許O登","02-27134762","02-27174295","有","有"
"09468701","19850601","20210812","吉霙實業股份有限公司","PRECIOUS PANDA INDUSTRIAL CO., LTD.","臺北市大安區樂利路95號2樓","2 F., No. 95, Leli Rd., Da’an Dist., Taipei City 10679, Taiwan (R.O.C.)","施O國瑛","02-2737-4338","","有","有"
"09468738","19940423","20210815","超進音響燈光有限公司","LASER OPTICS LTD.","新北市新店區寶橋路235巷16弄2號2樓","2 F., No. 2, Aly. 16, Ln. 235, Baoqiao Rd., Xindian Dist., New Taipei City 23145, Taiwan (R.O.C.)","虞O隆","29172062","29148129","有","有"
"09468863","19920303","20210812","德欣家具有限公司","DER SHING FURNITURE CO., LTD.","新北市土城區永豐路195巷12號1樓","1 F., No. 12, Ln. 195, Yongfeng Rd., Tucheng Dist., New Taipei City 23644, Taiwan (R.O.C.)","王O桂","02-22627480","","有","有"
"09468934","19850311","20210812","必九有限公司","VICTORY MARKETING CORP.","臺北市內湖區新湖一路143號","No. 143, Xinhu 1st Rd., Neihu Dist., Taipei City 11494, Taiwan (R.O.C.)","許O璋","02-24583848","02-24583836","有","有"
"09468940","19880506","20210813","艾菱股份有限公司","PARAWIN INTERNATIONAL DISTRIBUTORS CO., LTD.","臺北市大安區敦化南路2段71號5樓","5 F., No. 71, Sec. 2, Dunhua S. Rd., Da’an Dist., Taipei City 10682, Taiwan (R.O.C.)","王O顯","02-27548891","02-27549979","有","有"
"09469321","19850311","20210813","超固企業有限公司","SO-GOOD ENTERPRISE CORPORATION","臺北市內湖區港墘路221巷19號6樓","6 F., No. 19, Ln. 221, Gangqian Rd., Neihu Dist., Taipei City 11494, Taiwan (R.O.C.)","陳O端","02-87976959","02-87975995","有","有"
"09469342","19850312","20210815","帝簾企業股份有限公司","SUN VALLEY SHADE CO., LTD.","臺北市大安區敦化南路2段67號18樓","18 F., No. 67, Sec. 2, Dunhua S. Rd., Da’an Dist., Taipei City 10682, Taiwan (R.O.C.)","邱O川","886-2-2708-8056","886-2-2709-9438","有","有"
"09469568","19860502","20210813","新道有限公司","NEW START CORP.","臺北市大安區樂利路6巷3號3樓","3 F., No. 3, Ln. 6, Leli Rd., Da’an Dist., Taipei City 10679, Taiwan (R.O.C.)","王O榮","02-27388022","","有","有"
"09469645","19930320","20210812","三民科技有限公司","SUNNY TECHNOLOGIES CO., LTD.","臺北市大安區和平東路3段212巷2號11樓之3","11 F.-3, No. 2, Ln. 212, Sec. 3, Heping E. Rd., Da’an Dist., Taipei City 10674, Taiwan (R.O.C.)","黃O民","02-27352298","27330076","有","有"
"09470447","19861104","20210812","總嘉實業有限公司","ALL EXCELLENT INDUSTRIAL CO., LTD.","臺北市信義區信義路4段391號7樓之7","7 F.-7, No. 391, Sec. 4, Xinyi Rd., Xinyi Dist., Taipei City 11051, Taiwan (R.O.C.)","趙O賢","02-27009116-7","","有","有"
"09470501","19850401","20210812","和可有限公司","ACUSHNET FAR EAST CO., LTD.","臺北市大安區仁愛路4段122巷56號5樓","5 F., No. 56, Ln. 122, Sec. 4, Ren’ai Rd., Da’an Dist., Taipei City 10689, Taiwan (R.O.C.)","邱O鴻","02-2709-5138","02-2706-4907","有","有"
"09470565","19950713","20211201","萬大室內裝修設計工程股份有限公司","WORLDTASK INTERIOR & LANDSCAPE SERVICES CO., LTD.","臺北市中正區館前路65號10樓之3","10F.-3, No. 65, Guanqian Rd., Zhongzheng Dist., Taipei City 10047, Taiwan (R.O.C.)","董O","02-27067242","02-27038074","有","有"
"09470571","19850517","20220708","豐瓏貿易有限公司","LIAO'S TREASURE CO., LTD.","新北市三重區三和路1段44號","No. 44, Sec. 1, Sanhe Rd., Sanchong Dist., New Taipei City 241048, Taiwan (R.O.C.)","廖O安","02-29738289","","有","有"
"09470586","19850401","20210813","精準股份有限公司","APPLIED TRENTECH INC.","臺北市大安區仁愛路4段77號9樓之2","9 F.-2, No. 77, Sec. 4, Ren’ai Rd., Da’an Dist., Taipei City 10688, Taiwan (R.O.C.)","趙O齡","02-27815151","02-27110580","有","有"
"09470805","19920427","20230613","月星化工股份有限公司","YUEH HSING CHEMICALS CO., LTD.","新北市三重區忠孝路2段51號5樓","5 F., No. 51, Sec. 2, Zhongxiao Rd., Sanchong Dist., New Taipei City 241715, Taiwan (R.O.C.)","林O蘭","02-29825180","02-29828308","有","有"
"09471305","19850403","20210813","揚理企業有限公司","YANG CHARLES ENTERPRISE CO., LTD.","臺北市大安區敦化南路2段56號2樓之3","2 F.-3, No. 56, Sec. 2, Dunhua S. Rd., Da’an Dist., Taipei City 10683, Taiwan (R.O.C.)","楊O明","02-27082351","02-27041238","有","有"
"09471311","19850412","20230920","仍合企業有限公司","NEWTRONIC INTERNATIONAL CO., LTD.","新北市淡水區濱海路2段212號4樓","4 F., No. 212, Sec. 2, Binhai Rd., Tamsui Dist., New Taipei City 25172, Taiwan (R.O.C.)","黃O梅","02-87920613","02-8792-0682","有","有"
"09471430","19851224","20221102","家家產品股份有限公司","FAMILY CONSUMER PRODUCTS CO., LTD.","苗栗縣銅鑼鄉銅鑼村23鄰民享路5號","No. 5, Minxiang Rd., 23th Neighborhood, Tongluo Vil., Tongluo Township,  Miaoli County 366004, Taiwan (R.O.C.)","何O日","037-984912","037-981555","有","有"
"09471678","19850418","20221105","威至企業有限公司","ORIENTAL EAGLE CO., LTD.","臺北市大安區忠孝東路4段183號6樓之4","6 F.-4, No. 183, Sec. 4, Zhongxiao E. Rd., Da'an Dist., Taipei City 106076, Taiwan (R.O.C.)","張O武","02-27325629","02-27366428","無","無"
"09472037","19930908","20210815","立皓科技股份有限公司","TELENET INTERNATIONAL CORP.","臺北市大安區復興南路1段239號8樓","8 F., No. 239, Sec. 1, Fuxing S. Rd., Da’an Dist., Taipei City 10666, Taiwan (R.O.C.)","李O樺","02-2505-5033","","有","有"
"09472141","19960306","20220622","祥田實業有限公司","SUN TANG ENTERPRISE  CO., LTD.","臺北市中正區金山南路1段110巷22號1樓","1 F., No. 22, Ln. 110, Sec. 1, Jinshan S. Rd., Zhongzheng Dist., Taipei City 100019, Taiwan (R.O.C.)","徐O祥","02-23930733","02-23956171","有","有"
"09472331","20050201","20231102","美而美食品行","MYUMMY FOODS CO.","新北市新莊區瓊林南路257號","No. 257, Qionglin S. Rd., Xinzhuang Dist., New Taipei City 242067, Taiwan (R.O.C.)","鄭O玉","02-28977755","02-28975354","有","有"
"09472402","20031016","20240810","真贊實業有限公司","ZHEN ZAN SHI CO., LTD.","臺北市松山區民生東路5段36巷8弄9之2號1樓","1 F., No. 9-2, Aly. 8, Ln. 36, Sec. 5, Minsheng E. Rd., Songshan Dist., Taipei City 105015, Taiwan (R.O.C.)","","02-2393-3973","","無","無"
"09472634","19911227","20210815","竟普有限公司","GEMPAUL CO., LTD.","臺北市松山區八德路3段114號3樓","3 F., No. 114, Sec. 3, Bade Rd., Songshan Dist., Taipei City 10555, Taiwan (R.O.C.)","王O堅","02-27717377","","有","有"
"09472873","19920522","20210815","宗盈捷成股份有限公司","TSUNG - YING SYSTEM INTEGRATION CO., LTD.","新北市汐止區新台五路1段81號11樓之1","11 F.-1, No. 81, Sec. 1, Xintai 5th Rd., Xizhi Dist., New Taipei City 22101, Taiwan (R.O.C.)","陳O智","02-26980928","02-26980707","有","有"
"09473177","19850425","20210815","甘氏貿易有限公司","DIRECT CONNECTION LTD.","臺北市大安區復興南路2段236號4樓之5","4 F.-5, No. 236, Sec. 2, Fuxing S. Rd., Da’an Dist., Taipei City 10663, Taiwan (R.O.C.)","鄭O燕","02-27552966","02-27090888","有","有"
"09473351","19991012","20210813","芝山食品股份有限公司","JY SHAN FOOD COMPANY LIMITED","臺北市中正區重慶南路3段161之1號","No. 161-1, Sec. 3, Chongqing S. Rd., Zhongzheng Dist., Taipei City 10083, Taiwan (R.O.C.)","田O苗","02-23676442","","有","有"
"09473710","19861007","20231226","華鼎電子工業股份有限公司","MULTISUNS CORP.","新北市汐止區新台五路1段77號8樓之4","8 F.-4, No. 77, Sec. 1, Xintai 5th Rd., Xizhi Dist., New Taipei City 221432, Taiwan (R.O.C.)","洪O環","02-26988186","02-26988189","有","有"
"09473731","19881015","20210813","捷安電梯股份有限公司","GIANT ELEVATOR ENGINEERING CO., LTD.","新北市樹林區三德街15號","No. 15, Sande St., Shulin Dist., New Taipei City 23867, Taiwan (R.O.C.)","楊O利","02-26897935-6","02-26897937","有","有"
"09473845","19850528","20230609","尚立股份有限公司","SUNNIC TECHNOLOGY & MERCHANDISE INC.","臺北市內湖區洲子街76號6樓","6 F., No. 76, Zhouzi St., Neihu Dist., Taipei City 114064, Taiwan (R.O.C.)","簡O民","(02)8797-3566","(02)8797-3461","有","有"
"09474350","19850527","20230329","櫻王國際貿易股份有限公司","KING ONE INTERNATIONAL TRADE CO., LTD.","臺北市大安區忠孝東路3段217巷2弄8之3號4樓","4 F., No. 8-3, Aly. 2, Ln. 217, Sec. 3, Zhongxiao E. Rd., Da’an Dist., Taipei City 106080, Taiwan (R.O.C.)","陳O練","02-27772877","02-27711955","無","無"
"09474696","19880713","20230216","琴妮麗品企業有限公司","ARTEMIS & JENNY ENTERPRISE CO., LTD.","臺北市大安區安和路2段64號6樓之1","6 F.-1, No. 64, Sec. 2, Anhe Rd., Da’an Dist., Taipei City 106418, Taiwan (R.O.C.)","周O","02-2704-6499","02-2704-6887","有","有"
"09475365","19850520","20210812","會弘貿易有限公司","WE HARVEST CO., LTD.","臺北市文山區木柵路4段159巷16弄29號1樓","1 F., No. 29, Aly. 16, Ln. 159, Sec. 4, Muzha Rd., Wenshan Dist., Taipei City 11665, Taiwan (R.O.C.)","楊O鐘","02-22398537","02-22302607","有","有"
"09475457","19850517","20210814","衡和實業股份有限公司","NOBBY INDUSTRIAL CORP.","臺北市內湖區民權東路6段206巷58號2樓之1","2 F.-1, No. 58, Ln. 206, Sec. 6, Minquan E. Rd., Neihu Dist., Taipei City 11490, Taiwan (R.O.C.)","鄭O龍","02-27948278","02-27948281","有","有"
"09475978","20070213","20210814","暢生實業有限公司","SFD INDUSTRIES COMPANY","臺北市大安區基隆路2段128號7樓之5","7 F.-5, No. 128, Sec. 2, Keelung Rd., Da’an Dist., Taipei City 10695, Taiwan (R.O.C.)","鄭O雄","02-87324371","02-23770333","有","有"
"09476104","20240123","20240123","至美工商管理顧問股份有限公司","Chi Mei Management Consulting Company Limited","臺北市中山區松江路31號12樓","12 F., No. 31, Songjiang Rd., Zhongshan Dist., Taipei City 104094, Taiwan (R.O.C.)","周O鴻","02-25006089","","有","有"
"09476505","19850604","20240507","貿聯有限公司","TRADE UNION INTERNATIONAL INC.","臺北市中山區南京東路3段215號8樓","8 F., No. 215, Sec. 3, Nanjing E. Rd., Zhongshan Dist., Taipei City 104506, Taiwan (R.O.C.)","張O彬","02-6616-8111","02-6616-0111","有","有"
"09476511","20180611","20210815","蘇士比有限公司","SU SHI BI LTD.","臺北市大安區建國南路1段291巷24號1樓","1 F., No. 24, Ln. 291, Sec. 1, Jianguo S. Rd., Da’an Dist., Taipei City 10657, Taiwan (R.O.C.)","王O慶","02-27292878","","有","有"
"09476575","20190213","20210812","鼎豐投資股份有限公司","TING-FONG INVESTMENT CORPORATION, LTD.","臺北市大安區復興南路1段137號15樓之3","15 F.-3, No. 137, Sec. 1, Fuxing S. Rd., Da’an Dist., Taipei City 10666, Taiwan (R.O.C.)","何O霖","02-27761840","","有","有"
"09477027","19850604","20210815","立固自動化系統股份有限公司","LEEGOOD AUTOMATIC SYSTEMS INC.","新北市三重區重新路5段609巷4號6樓之6","6 F.-6, No. 4, Ln. 609, Sec. 5, Chongxin Rd., Sanchong Dist., New Taipei City 24159, Taiwan (R.O.C.)","蕭O州","02-29995020","02-29994712","有","有"
"09477048","19850608","20210812","均盛實業有限公司","SYNTHESIS ENTERPRISE CO., LTD.","臺北市大安區復興南路1段127號10樓之1","10 F.-1, No. 127, Sec. 1, Fuxing S. Rd., Da’an Dist., Taipei City 10666, Taiwan (R.O.C.)","沈O偉","02-27411575","02-27724436","有","有"
"09477434","19880901","20210814","德尚實業有限公司","DAVISSON INDUSTRIAL CO., LTD.","臺北市信義區富陽街33號地下1樓","1 F., No. 33, Fuyang St., Xinyi Dist., Taipei City 11056, Taiwan (R.O.C.)","唐O生","02-27375311","02-27386940","有","有"
"09477650","19850619","20230328","勇信貿易股份有限公司","VANGUARD HYUNION CORP.","新北市五股區五權路46號","No. 46, Wuquan Rd., Wugu Dist., New Taipei City 248016, Taiwan (R.O.C.)","黃O隆","(02)2299-3850","","有","有"
"09477883","19850608","20210814","鴻德貿易有限公司","HONG TEH TRADING CO., LTD.","臺北市大安區信義路3段31巷19號1樓","1 F., No. 19, Ln. 31, Sec. 3, Xinyi Rd., Da’an Dist., Taipei City 10657, Taiwan (R.O.C.)","林O鴻","02-27031667","","有","有"
"09478052","19860709","20230313","潤威實業有限公司","ROCKWIN ENTERPRISE CO., LTD.","新北市三重區重新路5段609巷4號4樓之5","4 F.-5, No. 4, Ln. 609, Sec. 5, Chongxin Rd., Sanchong Dist., New Taipei City 241402, Taiwan (R.O.C.)","陳O眞","02-85219633","02-85219673","有","有"
"09478102","19850619","20221215","洋晟實業股份有限公司","ORECO ENTERPRISE CO., LTD.","臺北市內湖區內湖路3段7號6樓","6 F., No. 7, Sec. 3, Neihu Rd., Neihu Dist., Taipei City 114049, Taiwan (R.O.C.)","徐O文","02-27916536","02-27942101","有","有"
"09478721","19850617","20210814","樺蒼有限公司","DAHAB INTERNATIONAL CORP.","臺北市松山區敦化南路1段57號3樓之3","3 F.-3, No. 57, Sec. 1, Dunhua S. Rd., Songshan Dist., Taipei City 10557, Taiwan (R.O.C.)","林O謨","02-25783988","02-25770098","有","有"
"09478757","19850618","20231019","展龐國際有限公司","OSMAN BAY CO., LTD.","臺北市大安區和平東路3段49號2樓","2 F., No. 49, Sec. 3, Heping E. Rd., Da’an Dist., Taipei City 106711, Taiwan (R.O.C.)","扈O之","02-27009366","02-27009369","有","有"
"09478855","19940504","20221007","慶祥和木材股份有限公司","KING PEACEFUL WOOD CO., LTD.","臺北市松山區復興北路35號11樓","11 F., No. 35, Fuxing N. Rd., Songshan Dist., Taipei City 105404, Taiwan (R.O.C.)","李O儀","02-27215699","02-27216699","有","有"
"09479123","19850620","20210813","玉鳴有限公司","AYE-STAR CO., LTD.","臺北市松山區南京東路4段186號9樓之2","9 F.-2, No. 186, Sec. 4, Nanjing E. Rd., Songshan Dist., Taipei City 10595, Taiwan (R.O.C.)","何O銘","02-24583449","02-24587042","有","有"
"09479186","20010612","20230322","富聖開發股份有限公司","ABUNDANT HARVEST CORP.","臺北市大安區敦化南路2段77號7樓之1","7 F.-1, No. 77, Sec. 2, Dunhua S. Rd., Da’an Dist., Taipei City 106414, Taiwan (R.O.C.)","周O馨","02-27003292","02-27093717","有","有"
"09479334","19940315","20221123","鴻萊實業股份有限公司","ALPHA SYGMA CORPORATION","臺北市中山區南京東路3段208號5樓","5 F., No. 208, Sec. 3, Nanjing E. Rd., Zhongshan Dist., Taipei City 104505, Taiwan (R.O.C.)","林O平(JORGEUYLYMN)","02-27411725","","有","有"
"09479382","19900807","20210814","寶楠生技股份有限公司","PAONAN BIOTECH CO., LTD.","臺北市內湖區瑞光路258巷50號3樓","3 F., No. 50, Ln. 258, Ruiguang Rd., Neihu Dist., Taipei City 11491, Taiwan (R.O.C.)","葉O時","02-2627-4366","02-2627-4399","有","有"
"09479566","20070214","20210812","產力技研有限公司","CENI AUTOMATION LTD.","臺北市中山區雙城街43巷31之1號（2樓）","2 F., No. 31-1, Ln. 43, Shuangcheng St., Zhongshan Dist., Taipei City 10461, Taiwan (R.O.C.)","費O棟","02-29095289","02-29095289","有","有"
"09479587","20100428","20210813","葆力工業有限公司","BAOLI STYROFOAM INDUSTRIAL CO., LTD.","新北市永和區福和路353號4樓附之11","4 F., No. 353, Fuhe Rd., Yonghe Dist., New Taipei City 23450, Taiwan (R.O.C.)","楊O萍","02-26601330","","有","有"
"09479600","19850627","20250617","百聿工業股份有限公司","UNITED BERRY INDUSTRY CO., LTD.","新北市三重區重新路5段609巷10號7樓之1","7 F.-1, No. 10, Ln. 609, Sec. 5, Chongxin Rd., Sanchong Dist., New Taipei City 241405, Taiwan (R.O.C.)","洪O凡","02-29999062","02-29999245","有","有"
"09479762","19850703","20210813","萬高貿易有限公司","UNITED MARIGOLD DEVELOPMENT CO., LTD.","新北市淡水區民族路31之25號18樓之1","18 F.-1, No. 31-25, Minzu Rd., Tamsui Dist., New Taipei City 25167, Taiwan (R.O.C.)","呂O音","02-88097537","02-88097536","有","有"
"09480022","19960123","20210812","復國工程有限公司","FU-KUO ENGINEERING CO., LTD.","臺北市士林區福國路95號6樓之2","6 F.-2, No. 95, Fuguo Rd., Shilin Dist., Taipei City 11158, Taiwan (R.O.C.)","許O芬","02-29123740","","有","有"
"09480064","19850626","20221013","英永貿易股份有限公司","EVERHERO TRADING CO., LTD.","新北市淡水區中正路2段18號10樓","10 F., No. 18, Sec. 2, Zhongzheng Rd., Tamsui Dist., New Taipei City 251014, Taiwan (R.O.C.)","許O蓓","02-86351777","02-86351777","有","有"
"09480260","20000630","20230909","千華數位文化股份有限公司","CHIEN HUA LEARNING RESOURCES NETWORK COMPANY","臺北市大安區金山南路2段138號2樓","2 F., No. 138, Sec. 2, Jinshan S. Rd., Da’an Dist., Taipei City 106002, Taiwan (R.O.C.)","廖O鳳","02-23952248","02-23962195","有","有"
"09480655","19881228","20210812","鎰浩貿易股份有限公司","YIH HAW PHARMACEUTICAL & HOSPITAL SUPPLIES CO., LTD.","臺北市松山區南京東路5段222號4樓","4 F., No. 222, Sec. 5, Nanjing E. Rd., Songshan Dist., Taipei City 10570, Taiwan (R.O.C.)","高O定","02-27648055","02-27696354","有","有"
"09480661","19880505","20221222","帥輪企業股份有限公司","TOP RUNNERS CO., LTD.","臺南市玉井區玉井里民生路42巷18號","No. 18, Ln. 42, Minsheng Rd., Yujing Vil., Yujing Dist., Tainan City 714005, Taiwan (R.O.C.)","王O正","06-5934786","06-5933248","無","無"
"09481009","19991013","20210812","百合屋手藝材料行","THE LILY'S ART & CRAFT CO.","臺北市中山區中山北路1段140巷12號2樓","2 F., No. 12, Ln. 140, Sec. 1, Zhongshan N. Rd., Zhongshan Dist., Taipei City 10444, Taiwan (R.O.C.)","陳O莉","02-25512404","","有","有"
"09481161","19950805","20230216","全美有聲出版社","CHYUAN MEI PUBLISH CO.","臺北市松山區南京東路4段183號6樓","6 F., No. 183, Sec. 4, Nanjing E. Rd., Songshan Dist., Taipei City 105024, Taiwan (R.O.C.)","朱O君","02-27001502","","有","有"
"09481205","19850806","20210814","兆威實業有限公司","GREAT TOUCH INDUSTRIAL CO., LTD.","臺北市內湖區民權東路6段270號4樓","4 F., No. 270, Sec. 6, Minquan E. Rd., Neihu Dist., Taipei City 11483, Taiwan (R.O.C.)","林O章","02-26338369","02-26338359","有","有"
"09481248","19850826","20210813","滿林企業有限公司","MONKING INDUSTRIAL CO., LTD.","臺北市大安區四維路218號2樓","2 F., No. 218, Siwei Rd., Da’an Dist., Taipei City 10669, Taiwan (R.O.C.)","謝O美","02-27078298","","無","無"
"09482056","19850815","20240510","信賴資訊有限公司","MINA INFORMATION CO., LTD.","臺北市大安區復興南路2段327號17樓之2","17 F.-2, No. 327, Sec. 2, Fuxing S. Rd., Da’an Dist., Taipei City 10667, Taiwan (R.O.C.)","","02-27337427","","無","無"
"09482149","19870411","20210815","德芮克國際股份有限公司","TREKINTAL CORP.","新北市中和區連城路268號11樓之8","11 F.-8, No. 268, Liancheng Rd., Zhonghe Dist., New Taipei City 23553, Taiwan (R.O.C.)","陳O芳","02-82273068","02-8227-3069","有","有"
"09482204","19850718","20210814","金諾國際有限公司","KAINOR INTERNATIONAL DEVELOPMENT CO., LTD.","臺北市信義區松德路65號3樓之5","3 F.-5, No. 65, Songde Rd., Xinyi Dist., Taipei City 11075, Taiwan (R.O.C.)","李O鐘","02-27282378","02-27263935","有","有"
"09482231","19850727","20210813","紳霸實業有限公司","SIGFA INDUSTRIAL LTD.","新北市新莊區新樹路412號2樓","2 F., No. 412, Xinshu Rd., Xinzhuang Dist., New Taipei City 24262, Taiwan (R.O.C.)","陳O慧","02-22025599","02-22055918","有","有"
"09482345","19850805","20240802","灣聯貿易有限公司","NACHMAN INTERNATIONAL CO., LTD.","臺南市安南區布袋里工明一路11號","No. 11, Gongming 1st Rd., Budai Vil., Annan Dist., Tainan City 70968, Taiwan (R.O.C.)","謝O福","06-2461371","06-2460310","有","有"
"09482892","19931028","20210813","好家庭興業有限公司","HAO JIA TYNG INTERNATIONAL CO., LTD.","臺北市大安區建國南路2段320號1樓","1 F., No. 320, Sec. 2, Jianguo S. Rd., Da’an Dist., Taipei City 10662, Taiwan (R.O.C.)","王O麗","02-23629631","02-23627503","有","有"
"09483512","19891023","20210812","廷亞企業股份有限公司","SUN KENG ENTERPRISE CO., LTD.","臺北市內湖區民權東路6段180巷6號9樓之11","9 F.-11, No. 6, Ln. 180, Sec. 6, Minquan E. Rd., Neihu Dist., Taipei City 11490, Taiwan (R.O.C.)","張O峰","02-88661739","02-28340549","有","有"
"09483631","19850808","20210812","加盛股份有限公司","JOBSUN CORPORATION","臺北市大安區基隆路2段158號2樓","2 F., No. 158, Sec. 2, Keelung Rd., Da’an Dist., Taipei City 10677, Taiwan (R.O.C.)","吳O元","02-27017920","","有","有"
"09483647","19890922","20210812","上銓企業有限公司","SHOUN CHUAN ENTERPRISE CO., LTD.","臺北市大安區和平東路2段203號9樓之3","9 F.-3, No. 203, Sec. 2, Heping E. Rd., Da’an Dist., Taipei City 10664, Taiwan (R.O.C.)","李O安","02-27552196","02-27045460","有","有"
"09483914","19850801","20210813","卓亞貿易有限公司","EXCELASSOC CO., LTD.","臺北市士林區承德路4段152號10樓","10 F., No. 152, Sec. 4, Chengde Rd., Shilin Dist., Taipei City 11167, Taiwan (R.O.C.)","孫O福","02-2883-1956","02-2883-1916","有","有"
"09484168","19910126","20210813","徠翔有限公司","LAI SHANG CO., LTD.","新北市五股區工商路54巷4號","No. 4, Ln. 54, Gongshang Rd., Wugu Dist., New Taipei City 24856, Taiwan (R.O.C.)","李O和","02-25525208","02-25521295","有","有"
"09484414","19850911","20220701","杏瑞有限公司","PROMEDEX CO., LTD.","臺北市中山區中原街2號2樓","2 F., No. 2, Zhongyuan St., Zhongshan Dist., Taipei City 104087, Taiwan (R.O.C.)","李O富","02-25239553","02-25373577","有","有"
"09484619","19880420","20210815","台灣閘流體有限公司","TAIWAN THYRISTOR INDUSTRIES CO., LTD.","新北市三重區重新路5段609巷12號10樓之5","10 F.-5, No. 12, Ln. 609, Sec. 5, Chongxin Rd., Sanchong Dist., New Taipei City 24159, Taiwan (R.O.C.)","黃O成","02-29992101","02-29992169","有","有"
"09484694","19850819","20210815","東笠企業股份有限公司","DORITEK RUBBER CORP.","新北市樹林區三龍街94巷25號","No. 25, Ln. 94, Sanlong St., Shulin Dist., New Taipei City 23866, Taiwan (R.O.C.)","吳O福","02-26893073","02-26892434","有","有"
"09484759","20240321","20240321","晨安輪胎股份有限公司","CHENG AN TIRE CO., LTD.","臺北市大同區民族西路173號2樓","2 F., No. 173, Minzu W. Rd., Datong Dist., Taipei City 103033, Taiwan (R.O.C.)","林O照","02-29956518","02-85121873","有","有"
"09484815","20001004","20210815","好瑞企業有限公司","GOOD YEX CO., LTD.","新北市土城區中華路1段56巷8號","No. 8, Ln. 56, Sec. 1, Zhonghua Rd., Tucheng Dist., New Taipei City 23666, Taiwan (R.O.C.)","林O進","22620881","22618702","有","有"
"09484929","19870217","20250526","明靛有限公司","ROYLBLU INDUSTRY CORP.","新北市石碇區楠枋寮7號","NO.7, NAN FAN LIAO ROAD, Shiding Dist., New Taipei City 223, Taiwan (R.O.C.)","陳O元","02-26651989","","有","有"
"09485027","19850822","20240402","普昱有限公司","MILPAR ENTERPRISE CO., LTD.","臺北市中正區信義路2段251號9樓","9 F., No. 251, Sec. 2, Xinyi Rd., Zhongzheng Dist., Taipei City 10061, Taiwan (R.O.C.)","","02-2392-6977","02-2397-1694","無","無"
"09485357","19980306","20210812","朝代世界藝術有限公司","DYNASTY GALLERY CO., LTD.","臺北市大安區樂利路41號1樓","1 F., No. 41, Leli Rd., Da’an Dist., Taipei City 10678, Taiwan (R.O.C.)","劉O河","02-23770838","02-23774030","有","有"
"09485390","19850828","20210814","開能工程企業股份有限公司","ENERGY PLANTS & MACHINERIES LTD.","臺北市大安區樂利路42巷1之1號1樓","1 F., No. 1-1, Ln. 42, Leli Rd., Da’an Dist., Taipei City 10679, Taiwan (R.O.C.)","林O彥","02-27352535","","有","有"
"09485687","19850829","20230108","邁拓企業股份有限公司","SELMAG ENTERPRISE CO., LTD.","臺北市大安區羅斯福路2段79號11樓之4","11 F.-4, No. 79, Sec. 2, Roosevelt Rd., Da’an Dist., Taipei City 106012, Taiwan (R.O.C.)","粘O富","02-23691519","02-23699075","有","有"
"09485758","19860814","20220924","弘機工程有限公司","HOCHSIEG ENGINEERING CO., LTD.","臺北市大安區敦化南路2段180號18樓之1","18 F.-1, No. 180, Sec. 2, Dunhua S. Rd., Da'an Dist., Taipei City 106033, Taiwan (R.O.C.)","許O壽","02-27111625","02-2721-1502","無","無"
"09486095","19850903","20210812","喬其貿易有限公司","CORAL SEA ENTERPRISE INC.","臺北市大安區仁愛路4段425號之1號5樓","5 F., No. 425-1, Sec. 4, Ren’ai Rd., Da’an Dist., Taipei City 10693, Taiwan (R.O.C.)","陳O理","02-27720988","","有","有"
"09486356","19851008","20230710","若霖企業有限公司","GENERAL-TECH INDUSTRIES CORP.","新北市永和區保福路2段109巷32號5樓","5F., No. 32, Ln. 109, Sec. 2, Baofu Rd., Yonghe Dist.,  New Taipei City 234009, Taiwan (R.O.C.)","胡O鳳","02-29232624","02-29293104","無","無"
"09486399","20190621","20220128","瑞士商雷曼特股份有限公司台灣分公司","RHEINMETALL AIR DEFENCE AG (Germany) Taiwan Branch","臺北市信義區忠孝東路5段508號20樓","20 F., No. 508, Sec. 5, Zhongxiao E. Rd., Xinyi Dist., Taipei City 11083, Taiwan (R.O.C.)","張O欣ChangHungHsin","02-27279580","","無","無"
"09486659","20000821","20210813","凌群企業股份有限公司","GLORY TRANSWELL CORP.","臺北市中山區松江路101號4樓之1","4 F.-1, No. 101, Songjiang Rd., Zhongshan Dist., Taipei City 10486, Taiwan (R.O.C.)","郭O麟","02-25090366","02-25090356","有","有"
"09486813","19890331","20241220","美佳娜興業有限公司","MCN HSINYEN CO.,LTD.","臺北市內湖區陽光街345巷6號3樓","3 F., No. 6, Ln. 345, Yangguang St., Neihu Dist., Taipei City 114716, Taiwan (R.O.C.)","彭O雲","02-27988085#102","02-27988155","有","有"
"09487355","19851011","20221202","力薪實業股份有限公司","MATERIAUX OVERSEAS RESOURCES ENTERPRISES CORP.","臺北市松山區南京東路3段335巷21之3號1樓","1 F., No. 21-3, Ln. 335, Sec. 3, Nanjing E. Rd., Songshan Dist., Taipei City 105020, Taiwan (R.O.C.)","陳O良","02-27219616","","無","無"
"09487524","19971119","20221029","群鑫金屬股份有限公司","TRANSCIENCE METAL INDUSTRIAL CORP.","臺北市中正區羅斯福路3段76號10樓之1","10 F.-1, No. 76, Sec. 3, Roosevelt Rd., Zhongzheng Dist., Taipei City 100034, Taiwan (R.O.C.)","范O銘","02-23678811","","有","有"
"09487833","19880610","20210812","鑅元實業有限公司","HUNG RONG YUAN CO., LTD.","臺北市大安區嘉興街231號","No. 231, Jiaxing St., Da’an Dist., Taipei City 106, Taiwan (R.O.C.)","洪O軒","02-27336197","","無","無"
"09487881","19850914","20230117","航豪企業有限公司","HUAN HOWER ENTERPRISE CO., LTD.","臺北市內湖區瑞光路513巷33號3樓","3 F., No. 33, Ln. 513, Ruiguang Rd., Neihu Dist., Taipei City 114685, Taiwan (R.O.C.)","陳O焜","02-26596181","02-26275798","有","有"
"09488024","19961126","20210813","翔泰工業有限公司","SHAN TAI ELECTRONIC CO., LTD.","新北市淡水區水源街1段58-2號","No. 58-2, Sec. 1, Shuiyuan St., Tamsui Dist., New Taipei City 25146, Taiwan (R.O.C.)","李O輝","02-29973215","02-29969460","有","有"
"09488312","19850923","20210814","博邁實業有限公司","BRIMCO INDUSTRIAL COMPANY LTD.","臺北市大安區復興南路1段127號10樓","10 F., No. 127, Sec. 1, Fuxing S. Rd., Da’an Dist., Taipei City 10666, Taiwan (R.O.C.)","林O銘","02-27315333","02-27315335","有","有"
"09488642","19880920","20210813","化譜有限公司","SPECTRA ANALYTICAL CO., LTD.","臺北市大安區仁愛路3段5巷1弄16號","No. 16, Aly. 1, Ln. 5, Sec. 3, Ren’ai Rd., Da’an Dist., Taipei City 10651, Taiwan (R.O.C.)","王O夢","02-27554545","","有","有"
"09488967","19920610","20240316","駿曌企業有限公司","SURE-SAVE TAIWAN LTD.","新北市新店區永安街83巷1號5樓","5 F., No. 1, Ln. 83, Yong'an St., Xindian Dist., New Taipei City 231072, Taiwan (R.O.C.)","","02-27046870","","無","無"
"09488988","19851001","20210813","捷極企業股份有限公司","JET GEAR COMPUTER CO., LTD.","新北市中和區中正路七五八號五樓","5 F., No. 758, Zhongzheng Rd., Zhonghe Dist., New Taipei City 23586, Taiwan (R.O.C.)","曹O光","02-2226-7495","02-2226-7502","有","有"
"09489086","19880421","20221129","信恆有限公司","HSING HUANG CO., LTD.","臺北市士林區後港街118號5樓","5 F., No. 118, Hougang St., Shilin Dist., Taipei City 111059, Taiwan (R.O.C.)","陳O生","28806637","28826210","有","有"
"09490128","19851021","20210815","技高工業股份有限公司","ASCENTEX INDUSTRY CORPORATION","臺北市內湖區內湖路1段516號7樓","7 F., No. 516, Sec. 1, Neihu Rd., Neihu Dist., Taipei City 11493, Taiwan (R.O.C.)","黃O玉","02-8797-8788","02-8797-8789","有","有"
"09490318","19960426","20230407","廣友機械有限公司","KWANGYU MACHINERY CO., LTD.","臺北市大安區和平東路1段6號11樓","11 F., No. 6, Sec. 1, Heping E. Rd., Da’an Dist., Taipei City 106012, Taiwan (R.O.C.)","陳O良","02-22814677","02-22886181","有","有"
"09490345","19950811","20210813","九建工程股份有限公司","EVERSTRONG ENGINEERING CO., LTD.","臺北市大安區瑞安街208巷53弄2號1樓","1 F., No. 2, Aly. 53, Ln. 208, Rui’an St., Da’an Dist., Taipei City 10661, Taiwan (R.O.C.)","黃O成","02-27040125","02-27031143","有","有"
"09490443","19961212","20210813","洋洋企業有限公司","ABLEMATE CO., LTD.","新北市新店區寶橋路235巷16弄5號6樓","6 F., No. 5, Aly. 16, Ln. 235, Baoqiao Rd., Xindian Dist., New Taipei City 23145, Taiwan (R.O.C.)","江O萍","2913-0868","2913-1992","有","有"
"09490507","20021227","20210813","晉威股份有限公司","PROMOTION POWER CO., LTD.","新北市三重區中正北路20巷23號1樓","1 F., No. 23, Ln. 20, Zhongzheng N. Rd., Sanchong Dist., New Taipei City 24141, Taiwan (R.O.C.)","張O甯","02-2771-4179","02-2776-1042","有","有"
"09490675","19930812","20210813","優九實業股份有限公司","EVER-BEST CORPORATION","臺北市中山區南京東路1段25號10樓之2","10 F.-2, No. 25, Sec. 1, Nanjing E. Rd., Zhongshan Dist., Taipei City 10450, Taiwan (R.O.C.)","吳O潔","02-26951760","02-26957613","有","有"
"09490794","19860324","20221111","香港商雅是達電子有限公司台灣分公司","ASTEC AGENCIES LIMITED TAIWAN BRANCH (H.K.)","臺北市內湖區西湖里瑞光路608號3樓","3 F., No. 608, Ruiguang Rd., Xihu Vil., Neihu Dist., Taipei City 114727, Taiwan (R.O.C.)","林O東LINGYANGTONG","02-87522999","02-27988199","有","有"
"09491219","19861024","20210814","福鏡企業有限公司","FOO JING ENTERPRISE CO., LTD.","臺北市大安區復興南路2段82號15樓之1","15 F.-1, No. 82, Sec. 2, Fuxing S. Rd., Da’an Dist., Taipei City 10664, Taiwan (R.O.C.)","王O祥","02-27062020","02-27056535","有","有"
"09491415","19920522","20210813","雅緻國際股份有限公司","Archehome Co. Ltd.","桃園市蘆竹區大竹里大新一街21巷20號4樓","4 F., No. 20, Ln. 21, Daxin 1st St., Dazhu Vil., Luzhu Dist., Taoyuan City 33862, Taiwan (R.O.C.)","游O恒","03-3238503","03-3234315","有","有"
"09491457","19851120","20210813","貿琪企業有限公司","NEW INTELLIGENCE CO., LTD.","新竹市東區自由路67號5樓之2","5 F.-2, No. 67, Ziyou Rd., East Dist., Hsinchu City 30041, Taiwan (R.O.C.)","羅O清","03-5346339","03-5346337","有","有"
"09491506","20020918","20210812","偉騰企業有限公司","WE TURN ENTERPRISE CO., LTD.","臺北市大安區安居街107巷4號3樓","3 F., No. 4, Ln. 107, Anju St., Da’an Dist., Taipei City 10671, Taiwan (R.O.C.)","邱O格","04-761-2211","04-761-9641","有","有"
"09492408","19871216","20240316","三虹有限公司","SUN HORN CO., LTD.","臺北市松山區民權東路3段140巷2號1樓","1 F., No. 2, Ln. 140, Sec. 3, Minquan E. Rd., Songshan Dist., Taipei City 105004, Taiwan (R.O.C.)","丁O芬","02-26315371","02-26315371","有","有"
"09492532","19931222","20221029","漢陸企業股份有限公司","HUNT LAND ENGINEERING CO., LTD.","新北市淡水區竿蓁里中正東路1段3巷31號5樓","5 F., No. 31, Ln. 3, Sec. 1, Zhongzheng E. Rd., Ganzhen Vil., Tamsui Dist., New Taipei City 251007, Taiwan (R.O.C.)","陳O言","02-27416888","02-27730694","無","無"
"09492879","19890727","20210814","秀原企業有限公司","SOIGNE ENGINEERING CORPORATION","臺北市內湖區內湖路2段311號11樓之1","11 F.-1, No. 311, Sec. 2, Neihu Rd., Neihu Dist., Taipei City 11464, Taiwan (R.O.C.)","龔O嘉","02-26307030","02-26307035","有","有"
"09492913","19950724","20210815","林青室內裝修工程有限公司","JOYCE L. C. ENTERPRISE CO., LTD.","臺北市南港區八德路4段877號3樓之1","3 F.-1, No. 877, Sec. 4, Bade Rd., Nangang Dist., Taipei City 11577, Taiwan (R.O.C.)","林O正","02-27060919","","有","有"
"09493434","19860419","20230708","新麗登金屬工業股份有限公司","SHINLITON METAL INDUSTRIAL CO., LTD.","臺北市中山區新生北路3段61號5樓之4","5F.-4, No. 61, Sec. 3, Xinsheng N. Rd., Zhongshan Dist.,  Taipei City 104632, Taiwan (R.O.C.)","張O達","02-27710944","03-4838702","無","無"
"09493574","19921222","20210812","海角有限公司","HEADLAND CO.","宜蘭縣五結鄉利澤路２３號１樓","1 F., No. 23, Lize Rd., Wujie Township, Yilan County 26841, Taiwan (R.O.C.)","賴O馨","03-9600939","03-9603688","無","無"
"09493639","19930517","20210812","鉅翔企業股份有限公司","RICH FLUX ENTERPRISES CO., LTD.","宜蘭縣冬山鄉大興村德興六路42號","No. 42, Dexing 6th Rd., Dongshan Township, Yilan County 26950, Taiwan (R.O.C.)","江O毅","03-9902185","03-9902210","有","有"
"09493666","19851227","20210813","碩訊科技股份有限公司","TRAINING RESEARCH CO., LTD.","臺北市南港區園區街3之1號6樓之1","6 F.-1, No. 3-1, Park St., Nangang Dist., Taipei City 11503, Taiwan (R.O.C.)","蔡O明","02-27867920","02-27868552","有","有"
"09493785","19900723","20210814","德一化工有限公司","TACK I CHEMDYES CO., LTD.","新北市板橋區民權路202巷38號1樓","1 F., No. 38, Ln. 202, Minquan Rd., Banqiao Dist., New Taipei City 22050, Taiwan (R.O.C.)","鄭O昌","02-2965-1119","","有","有"
"09494216","19851216","20210812","宏煒貿易有限公司","ALMADEN CORP.","臺北市大安區金華街48巷7號2樓","2 F., No. 7, Ln. 48, Jinhua St., Da’an Dist., Taipei City 10641, Taiwan (R.O.C.)","劉O","02-23934722","","有","有"
"09494428","19851210","20210815","喆寶有限公司","JBS FIRST DEVELOPMENT LTD.","臺北市大安區敦化南路1段376號11樓之1","11 F.-1, No. 376, Sec. 1, Dunhua S. Rd., Da’an Dist., Taipei City 10684, Taiwan (R.O.C.)","朱O傑","02-27517659","","有","有"
"09495279","19851210","20210813","技特實業股份有限公司","SKILLTEK INDUSTRIES INC.","臺北市信義區基隆路1段398號13樓","13 F., No. 398, Sec. 1, Keelung Rd., Xinyi Dist., Taipei City 11051, Taiwan (R.O.C.)","陳O明","02-87867555","02-87864977","有","有"
"09495398","20130326","20210812","天輪系統股份有限公司","TORUS SYSTEMS, INC.","臺北市信義區忠孝東路4段560號13樓之3","13 F.-3, No. 560, Sec. 4, Zhongxiao E. Rd., Xinyi Dist., Taipei City 11071, Taiwan (R.O.C.)","陳O志","02-27228068","","有","有"
"09495778","19921202","20231024","三茂興業股份有限公司","GENESIS MICRO ELECTRONICS CORP.","臺北市信義區忠孝東路5段790巷68弄5號1樓","1 F., No. 5, Aly. 68, Ln. 790, Sec. 5, Zhongxiao E. Rd., Xinyi Dist., Taipei City 110039, Taiwan (R.O.C.)","王O鐘","02-2707-2056","","無","無"
"09495974","19860417","20230102","亨得興業股份有限公司","KETEC INDUSTRIES CO., LTD.","臺中市沙鹿區鹿寮里中山路378巷15號1樓","1 F., No. 15, Ln. 378, Zhongshan Rd., Luliao Vil., Shalu Dist., Taichung City 433105, Taiwan (R.O.C.)","許O雄","04-23259094","04-27086897","無","無"
"09496220","19860312","20221026","盈發金屬股份有限公司","YING FA METAL CO., LTD.","臺北市中山區民生東路3段3號9樓","9 F., No. 3, Sec. 3, Minsheng E. Rd., Zhongshan Dist., Taipei City 104083, Taiwan (R.O.C.)","林O源","02-2509-7312","02-25052621","有","有"
"09496565","20020409","20240409","晟勝科技企業有限公司","CHUNG SHUNG TECHNOLOGY ENGINEERING CO., LTD.","臺北市信義區松德路65號11樓之2","11 F.-2, No. 65, Songde Rd., Xinyi Dist., Taipei City 11075, Taiwan (R.O.C.)","","03-3887577","03-3883581","無","無"
"09496586","19860218","20210814","軒鋒企業有限公司","PROHIMAX INDUSTRIES CO., LTD.","臺北市中正區仁愛路2段102號2樓","2 F., No. 102, Sec. 2, Ren’ai Rd., Zhongzheng Dist., Taipei City 10063, Taiwan (R.O.C.)","趙O雲","02-27004063","02-23252441","有","有"
"09497109","19861218","20230628","迎廣科技股份有限公司","IN WIN DEVELOPMENT INC.","桃園市龜山區南上路350巷57號","No. 57, Ln. 350, Nanshang Rd., Guishan Dist., Taoyuan City 333014, Taiwan (R.O.C.)","賴O賢","03-322-9898","03-352-7808","有","有"
"09497473","19860213","20210815","悅昇企業股份有限公司","JOYSUN TEXTILE CORP.","臺北市信義區松德路171號13樓之3","13 F.-3, No. 171, Songde Rd., Xinyi Dist., Taipei City 11085, Taiwan (R.O.C.)","吳O航","02-27598558","02-27598559","有","有"
"09497488","19860131","20211104","長邑光電股份有限公司","LONG-STATE OPTRONICS CORPORATION","新北市中和區連城路238號5樓之1","Rm. 1, 5 F., No. 238, Liancheng Rd., Zhonghe Dist., New Taipei City 23553, Taiwan (R.O.C.)","簡O賢","02-22229007","02-81926209","有","有"
"09497656","19860519","20230715","弘智企業有限公司","WISDOM UNION ENTERPRISE CO., LTD.","新北市汐止區新台五路1段81號9樓之7","9 F.-7, No. 81, Sec. 1, Xintai 5th Rd., Xizhi Dist., New Taipei City 221432, Taiwan (R.O.C.)","林O超","02-26984188","02-26984288","有","有"
"09497924","19860117","20210813","日穩股份有限公司","GIH WONG CO., LTD.","臺北市大安區和平東路1段198號7樓","7 F., No. 198, Sec. 1, Heping E. Rd., Da’an Dist., Taipei City 10648, Taiwan (R.O.C.)","黃O宗","02-23638195","02-23638748","有","有"
"09498254","19911002","20210814","詩晨興業有限公司","POETIC MORNING DECORATION CO., LTD.","臺北市大安區復興南路1段285號8樓","8 F., No. 285, Sec. 1, Fuxing S. Rd., Da’an Dist., Taipei City 10665, Taiwan (R.O.C.)","謝O玲","02-27002162","02-27067356","有","有"
"09498424","20070801","20210812","愛爾華企業有限公司","AIIWA ENTERPRISE CO., LTD.","臺北市大同區長安西路82號3樓之2","3 F.-2, No. 82, Chang’an W. Rd., Datong Dist., Taipei City 10351, Taiwan (R.O.C.)","賴O浩","02-25557966","02-25557968","有","有"
"09498542","19930728","20210812","台灣撒納實業有限公司","SANA BIO ENTERPRISE CO., LTD.","臺北市大安區仁愛路4段427號10樓","10 F., No. 427, Sec. 4, Ren’ai Rd., Da’an Dist., Taipei City 10693, Taiwan (R.O.C.)","呂O澍","02-2775-5283","02-2772-5981","有","有"
"09498563","19890705","20210815","松固貿易有限公司","SIN GOOD TRADING CO., LTD.","臺中市大里區永隆里永明街259巷1號2樓","2 F., No. 1, Ln. 259, Yongming St., Yonglong Vil., Dali Dist., Taichung City 41257, Taiwan (R.O.C.)","楊O英","04-24065806","04-24066510","有","有"
"09498640","20000519","20210813","御匠設計工程股份有限公司","U-JOINT DESIGN CONSTRUCTION CO., LTD.","臺北市大安區仁愛路3段123巷13弄8號1樓","1 F., No. 8, Aly. 13, Ln. 123, Sec. 3, Ren’ai Rd., Da’an Dist., Taipei City 10656, Taiwan (R.O.C.)","陳O達","02-27811293","02-27213885","有","有"
"09499839","19901214","20210815","歐立食品股份有限公司","SUN MERRY FOOD CO., LTD.","臺北市萬華區桂林路26號8樓之2","8 F.-2, No. 26, Guilin Rd., Wanhua Dist., Taipei City 10849, Taiwan (R.O.C.)","高O裕","02-29958666","02-85110202","有","有"
"09502519","20110406","20210811","六晟工業廠","LIOU CHENG FACTORY","高雄市仁武區竹後里鳳仁路３６９巷２８弄７８號","No. 78, Aly. 28, Ln. 369, Fengren Rd., Zhuhou Vil., Renwu Dist., Kaohsiung City 81449, Taiwan (R.O.C.)","謝O德","07-3755661","07-3755663","有","有"
"09504349","20230612","20230612","成大樂器社","Chengda Musical Instrument Co.","臺南市仁德區新田里北保一街101號1樓","1 F., No. 101, Beibao 1st St., Xintian Vil., Rende Dist., Tainan City 717613, Taiwan (R.O.C.)","宋O霖","06-2071533","","有","有"
"09504880","20151111","20210811","勤祥企業社","CHING SHIANG CO., LTD.","高雄市大社區觀音里大新路６４號１樓（營業所在地僅供辦公連絡用）","1 F., No. 64, Daxin Rd., Guanyin Vil., Dashe Dist., Kaohsiung City 81542, Taiwan (R.O.C.)","洪O男","07-3529992","07-3540956","有","有"
"09512946","20060411","20210811","成長企業社","CHENG CHARNG ENTERPRISE COMPANY","嘉義縣水上鄉南和村南靖６８之２號１樓","1 F., No. 68-2, Nanjing, Shuishang Township, Chiayi County 60856, Taiwan (R.O.C.)","許O芬","05-2685137","05-2685137","有","有"
"09513446","20060811","20210811","大昇傢俱貿易行","DAI SHENG FURNITURE CO., LTD.","嘉義市西區福全里四維路１３９巷３８號一樓","1 F., No. 38, Ln. 139, Siwei Rd., Fuquan Vil., West Dist., Chiayi City 60096, Taiwan (R.O.C.)","林O美珍","05-2386212","05-2370805","有","有"
"09514091","20100427","20210811","源興企業行","PAN CHING WAN ENTERPRISE CO.","屏東縣萬丹鄉萬安村四維東路375巷110號","No. 110, Ln. 375, Siwei E. Rd., Wandan Township, Pingtung County 91350, Taiwan (R.O.C.)","潘O完","08-7761002","08-7760284","有","有"
"09515520","20060320","20230715","宏聯國際農業企業社","HONG LIAN INTERNATIONAL AGRICULTURE CO.","臺南市南化區小崙里小崙57之6號1樓","1F., No. 57-6, Xiaolun, Xiaolun Vil., Nanhua Dist.,  Tainan City 716002, Taiwan (R.O.C.)","曾O俊","06-5773260","06-5773261","無","無"
"09515556","20110608","20210812","艾思爾企業社","AI SIER ENTERPRISE CO.","臺南市新營區興業里中興路15巷11之3號","No. 11-3, Ln. 15, Zhongxing Rd., Xingye Vil., Xinying Dist., Tainan City 73045, Taiwan (R.O.C.)","林O芳","06-6329708","06-6329708","無","無"
"09516083","20190716","20210811","龍慶工程行","LONG CHING Construction & Engineering CO.","高雄市仁武區名山六街６號","No. 6, Mingshan 6th St., Renwu Dist., Kaohsiung City 81462, Taiwan (R.O.C.)","謝O孛","07-3759652","","有","有"
"09517219","20090623","20210812","銘震實業社","KUONG-JENG CO.","臺南市安定區中榮里許中營86之8號1樓","1 F., No. 86-8, Xuzhongying, Zhongrong Vil., Anding Dist., Tainan City 74560, Taiwan (R.O.C.)","王O予","0913396057","06-5976577","有","有"
"09517864","20130307","20240424","大立農產行","TA-LEE AGRICULTURAL PRODUCTS CO.","高雄市大寮區大智街114巷14號１樓","1 F., No. 14, Ln. 114, Dazhi St., Daliao Dist., Kaohsiung City 831133, Taiwan (R.O.C.)","呂O豊","07-7880319","","有","有"
"09518337","20250221","20250221","有限責任臺南市蔬果加工生產合作社","Tainan Vegetable and Fruit Processing Production Cooperative","台南市麻豆區南勢里關帝廟7-1號","No. 7-1, Guandi Temple, Madou Dist., Tainan City 721006 , Taiwan (R.O.C.)","林O璿","06-2716511","","有","有"
"09519976","20231110","20231110","昇遠科技社","SHENG YEUAN TECH Co.","高雄市旗山區旗南三路169巷6號1樓","1 F., No. 6, Ln. 169, Qinan 3rd Rd., Qishan Dist., Kaohsiung City 842046, Taiwan (R.O.C.)","林O山","0975177078","","有","有"
"09521059","20190628","20210812","武聖食品機械企業","Wu Sheng Foodstuff Machine Industry Firm","嘉義縣新港鄉宮前村嘉民路291號1樓","1 F., No. 291, Jiamin Rd., Xingang Township, Chiayi County 61642, Taiwan (R.O.C.)","邱O德","05-3740067","05-3745647","有","有"
"09521353","20160315","20210811","弘川企業社","HUNG CHUAN HARDWARE CO.","臺南市六甲區菁埔里林鳳營374之1號","No. 374-1, Linfengying, Jingpu Vil., Liujia Dist., Tainan City 73444, Taiwan (R.O.C.)","李O葶","06-6995423","06-6995427","有","有"
"09525230","20070601","20230703","財團法人台灣基督長老教會台灣教會公報社","TAIWAN CHURCH PRESS","台南市東區青年路３３４號","No. 334, Qingnian Rd., East Dist., Tainan City 701003, Taiwan (R.O.C.)","劉O超","06-2356277","","有","有"
"09527764","20080325","20210812","藝精企業行","YI JING ENGINEERING CO.","高雄市大樹區水寮里中華路３７號１樓（營業所在地僅供辦公連絡用）","1 F., No. 37, Zhonghua Rd., Shuiliao Vil., Dashu Dist., Kaohsiung City 84044, Taiwan (R.O.C.)","楊O泉","0933-656099","","無","無"
"09540443","20060410","20241015","駿興起重工程企業社","JUN XING CO.","高雄市阿蓮區峰山路２３５巷１４１號","No. 141, Ln. 235, Fengshan Rd., Alian Dist., Kaohsiung City 822009, Taiwan (R.O.C.)","龔O生","08-8668582","08-8668582","有","有"
"09540561","20150128","20210811","亞馬遜洋行","TWAMAZON TRADING COMPANY","嘉義縣布袋鎮光復里７鄰九龍一街５號","No. 5, Jiulong 1st St., 7th Neighborhood, Guangfu Vil., Budai Township, Chiayi County 62541, Taiwan (R.O.C.)","陳O慧","05-3476566","","有","有"
"09540871","20150519","20220225","信瑩企業社","XHIN YING ENTERPRISES COMPANY","高雄市仁武區仁山一街7號1樓","1 F., No. 7, Renshan 1st St., Renwu Dist., Kaohsiung City 81463, Taiwan (R.O.C.)","黃O宏","07-3740225","07-3756022","有","有"
"09544200","20140327","20220105","西井村食品企業社","WEST WELL CUISINE CO.","臺南市永康區尚頂里國聖街81巷36號","No. 36, Ln. 81, Guosheng St., Shangding Vil., Yongkang Dist., Tainan City 71045, Taiwan (R.O.C.)","許O偉","06-2479541","06-2479548","有","有"
"09546729","20060508","20210811","東宜實業鞋廠","TONG YI FOOTWEAR FACTORY","臺南市安南區新順里安和路2段228號1樓","1 F., No. 228, Sec. 2, Anhe Rd., Xinshun Vil., Annan Dist., Tainan City 70967, Taiwan (R.O.C.)","吳O甄","06-3562078","06-3557886","有","有"
"09548557","20100413","20100413","保證責任嘉義縣新港水產品生產合作社","GUARANTEES THE RESPONSIBILITY JIAYI COUNTRY HSIN KANG AQUATIC PRODUCTION COOPERATIVES","嘉義縣新港鄉北崙村７２號","NO.72, BEI LUN VILLAGE, XINGANG TOWNSHIP, CHIAYI COUNTY 616, TAIWAN (R.O.C.)","王O柱","0935899562","05-3760331","有","有"
"09549079","20150512","20210811","宗城企業社","VICKY & RUBY ENTERPRISE CO.","高雄市鳳山區八德路１３０號１３樓","13 F., No. 130, Bade Rd., Fengshan Dist., Kaohsiung City 83052, Taiwan (R.O.C.)","洪O聰","07-7915248","","有","有"
"09550217","20060630","20210811","磐石貿易商行","PANSHI INTERNATIONAL TRADING CO.","屏東縣長治鄉香楊村合興路208巷29號1樓","1 F., No. 29, Ln. 208, Hexing Rd., Changzhi Township, Pingtung County 90843, Taiwan (R.O.C.)","曾O鵬","08-7217015","","有","有"
"09552263","20070411","20210811","祐晟企業社","YO CHEN MACHINERY CO.","嘉義市西區港坪里世賢路二段２８５號一樓","1 F., No. 285, Sec. 2, Shixian Rd., Gangping Vil., West Dist., Chiayi City 60089, Taiwan (R.O.C.)","蔡O達","05-2381339","","有","有"
"09554430","20060508","20221229","崴聖企業行","WSYI CO.","高雄市大寮區大寮里大有二街２３號","No. 23, Dayou 2nd St., Daliao Vil., Daliao Dist., Kaohsiung City 831701, Taiwan (R.O.C.)","蔡O東","07-6163439","07-6163340","無","無"
"09555472","20060424","20210812","匯豐實業社","L.D.FOAM ENTERPRISE COMPANY","臺南市安南區佃東里公學路4段54巷23弄16號1樓（僅供辦公室使用）","1 F., No. 16, Aly. 23, Ln. 54, Sec. 4, Gongxue Rd., Diandong Vil., Annan Dist., Tainan City 70966, Taiwan (R.O.C.)","丁O安","06-2872302","","有","有"
"09556057","20090122","20210812","雙鑫企業行","SHUANG SHIN ENTERPRISE CO.","高雄市大寮區翁園里翁園路５９之９號１樓","1 F., No. 59-9, Wengyuan Rd., Wengyuan Vil., Daliao Dist., Kaohsiung City 83151, Taiwan (R.O.C.)","蔡O賢","07-7811489","07-7811489","有","有"
"09558169","20101214","20230114","澄淯淨水企業社","VIGOR WATER ENTERPRISE CO.","高雄市湖內區民生街２０３號１樓","1 F., No. 203, Minsheng St., Hunei Dist., Kaohsiung City 829003, Taiwan (R.O.C.)","郭O淯","07-6934781","07-6930060","無","無"
"09558267","20190129","20221221","甲北行","JIA BEI CO.","高雄市橋頭區甲北里甲昌路華榮巷１號１樓","1 F., No. 1, Huarong Ln., Jiachang Rd., Jiabei Vil., Qiaotou Dist., Kaohsiung City 825005, Taiwan (R.O.C.)","許O慈","0935443125","","有","有"
"09559076","20071107","20240801","力行海產商行","LEADING SEAFOOD CO.","臺南市北區永祥里實踐街103巷7弄4號1樓","1 F., No. 4, Aly. 7, Ln. 103, Shijian St., Yongxiang Vil., North Dist., Tainan City 70461, Taiwan (R.O.C.)","蔡O諭","06-2829572","06-2521757","有","有"
"09559147","20110111","20240903","林肯畫廊","VIRTU EXQUISITE ARTCRAFT COMPANY","臺南市永康區崑山里大灣路1102巷17弄52號1樓","1 F., No. 52, Aly. 17, Ln. 1102, Dawan Rd., Kunshan Vil., Yongkang Dist., Tainan City 710030, Taiwan (R.O.C.)","麥O炫","06-2523889","06-2744997","有","有"
"09559462","20230417","20230417","保證責任屏東縣冠傑果菜運銷合作社","GREAT CHAMPION COOPERATIVE","屏東市大湖路47號","No. 47, Dahu Rd., Pingtung City, Pingtung County 900048, Taiwan (R.O.C.)","郭O禹","08-7518273","","有","有"
"09559890","20160330","20240402","宇沅企業社","YU YUAN AUTOMOTIVE MATERIALS ENTERPRISE CO.","臺南市佳里區南勢里佳南路657之1號","No. 657-1, Jianan Rd., Nanshi Vil., Jiali Dist., Tainan City 722006, Taiwan (R.O.C.)","丁O欽","06-7958864","06-7951479","有","有"
"09564697","20060518","20210811","曜傑企業社","TALCNT INTERNATIONAL GROUP CO.","臺南市中西區福安里友愛街147號1樓","1 F., No. 147, You’ai St., Fu’an Vil., West Central Dist., Tainan City 70041, Taiwan (R.O.C.)","吳O瑋","06-2200310","06-2235942","有","有"
"09564839","20100719","20210812","三林企業社","THREE LIN HARDWARE CO.","屏東縣崁頂鄉園寮村南州路３巷２５號１樓","1 F., No. 25, Ln. 3, Nanzhou Rd., Kanding Township, Pingtung County 92441, Taiwan (R.O.C.)","劉O秀","08-7709091","","有","有"
"09564850","20060509","20231103","哲鑫企業社","JNS ENTERPRISE CO.","高雄市大寮區中庄路79巷2號1樓","1 F., No. 2, Ln. 79, Zhongzhuang Rd., Daliao Dist., Kaohsiung City 831116, Taiwan (R.O.C.)","蔡O哲","07-7014585","07-7027807","有","有"
"09566371","20150305","20210811","世坤企業社","SHIH KUN BUSINESS CO.","高雄市大社區保社里旗楠路８０巷１０１號１樓","1 F., No. 101, Ln. 80, Qinan Rd., Baoshe Vil., Dashe Dist., Kaohsiung City 81545, Taiwan (R.O.C.)","曾O縉","07-3531552","07-3532160","有","有"
"09566581","20180427","20210811","福田企業行","Futian products co.","屏東縣里港鄉永春村民生路４之１號１樓","1 F., No. 4-1, Minsheng Rd., Ligang Township, Pingtung County 90546, Taiwan (R.O.C.)","劉O得","08-7963039","08-7758991","無","無"
"09566920","20170412","20230111","立義企業社","LI-YI MACHINE CO.","嘉義縣民雄鄉大崎村十四甲379號","No. 379, Shisijia, Daqi Vil., Minxiong Township,  Chiayi County 621014, Taiwan (R.O.C.)","黃O義","05-2202744","","無","無"
"09567104","20110314","20230111","腳丫子工作室","FOOT WORKSHOP","臺南市安南區安和里安和路1段52巷69弄28號1樓","1 F., No. 28, Aly. 69, Ln. 52, Sec. 1, Anhe Rd., Anhe Vil., Annan Dist., Tainan City 709001, Taiwan (R.O.C.)","陳O升","06-2812376","","無","無"
"09567337","20121109","20230111","吉龍國際實業社","YUN SHENG HEALTH CO.","臺南市南區大成里健康路1段401號7樓","7 F., No. 401, Sec. 1, Jiankang Rd., Dacheng Vil., South Dist., Tainan City 702023, Taiwan (R.O.C.)","陳O旭","06-2616197","","無","無"
"09567483","20250121","20250121","力頡醫療器材行","LIJIE MEDICAL EQUIPMENT HANG","臺南市白河區白河里中山路2之46號1樓","1 F., No. 2-46, Zhongshan Rd., Baihe Vil., Baihe Dist., Tainan City 732012, Taiwan (R.O.C.)","侯O瓊","","","有","有"
"09567532","20060516","20210811","登揚企業社","GREAT TENG YANG ENTERPRISE CO.","臺南市佳里區佳化里佳里興8之7號","No. 8-7, Jialixing, Jiahua Vil., Jiali Dist., Tainan City 72263, Taiwan (R.O.C.)","洪O粉","06-7263545","","有","有"
"09567857","20070307","20250415","真安欣企業社","JEN AN SHIN ENTERPRISE CO.","臺南市中西區開山里大埔街36號1樓","1 F., No. 36, Dapu St., Kaishan Vil., West Central Dist., Tainan City 70047, Taiwan (R.O.C.)","潘O興","07-6072073","07-6074268","有","有"
"09567863","20080502","20210812","駿慶生化科技廠","CHUN CHING BIOCHEMICAL TECHNOLOGY FACTORY","臺南市永康區尚頂里正南一街45號","No. 45, Zhengnan 1st St., Shangding Vil., Yongkang Dist., Tainan City 71046, Taiwan (R.O.C.)","陳O撰","06-2432199","06-2437379","有","有"
"09568928","20070402","20210812","寬興企業社","KIM XING ENTERPRISE CO.","臺南市永康區西橋里大橋三街10巷20號4樓之1","4 F.-1, No. 20, Ln. 10, Daqiao 3rd St., Xiqiao Vil., Yongkang Dist., Tainan City 71083, Taiwan (R.O.C.)","蘇O興","06-2312118","06-2315187","無","無"
"09568976","20170218","20210811","北極冷氣行","BEI JI AIR CONDITION COMPANY","嘉義縣水上鄉龍德村４鄰十一指厝１０５之１３號１樓","1 F., No. 105-13, Shiyizhicuo, 4th Neighborhood, Shuishang Township, Chiayi County 60859, Taiwan (R.O.C.)","王O濱","05-2686347","05-2689347","有","有"
"09579002","20210629","20210812","滾雪球設計興業社","tsnow stationery design studio","新竹縣竹北市泰和里華興街46號1F","1 F., No. 46, Huaxing St., Taihe Vil., Zhubei City, Hsinchu County 30244, Taiwan (R.O.C.)","梁O傑","03-5891226","03-5891136","有","有"
"09581393","20060703","20210812","昌運企業行","CHING WING COMPANY","高雄市鳳山區鎮北里北明街６１號６樓（營業所在地僅供辦公連絡用）","6 F., No. 61, Beiming St., Zhenbei Vil., Fengshan Dist., Kaohsiung City 83041, Taiwan (R.O.C.)","高O泰","07-7022187","07-7010930","無","無"
"09591456","20080414","20210811","永有機械行","YUNG YU MACHINERY COMPANY","臺南市北區文成里文賢二街101巷37號1樓","1 F., No. 37, Ln. 101, Wenxian 2nd St., Wencheng Vil., North Dist., Tainan City 70451, Taiwan (R.O.C.)","陳O州","06-2585727","","有","有"
"09595256","20240201","20240817","重呈實業社","ZHONG CHENG SEAMLESS CO.","新北市板橋區長江路3段26號11樓","11 F., No. 26, Sec. 3, Changjiang Rd., Banqiao Dist., New Taipei City 220025, Taiwan (R.O.C.)","涂O豪","","","有","有"
"09596348","20081205","20210811","勝音樂器行","SHENG YIN MUSICAL INSTRUMENT CO.","臺南市中西區保安里國華街2段155號1樓","1 F., No. 155, Sec. 2, Guohua St., Bao’an Vil., West Central Dist., Tainan City 70055, Taiwan (R.O.C.)","朱O武","06-2654208","06-2649229","無","無"
"09596874","20150106","20210811","大地商行","DA DI STONE COMPANY","臺南市永康區龍潭里永平街276之3號","No. 276-3, Yongping St., Longtan Vil., Yongkang Dist., Tainan City 71086, Taiwan (R.O.C.)","吳O祥","0932772400","06-5983989","有","有"
"09597085","20060626","20210811","利翊商行","GIANTFLY CO.","臺東縣臺東市新興里南昌街一一二巷三一號一樓","1 F., No. 31, Ln. 112, Nanchang St., Xinxing Vil., Taitung City, Taitung County 95041, Taiwan (R.O.C.)","蘇O峰","0921-689423","089-341639","有","有"
"09598768","20070907","20230202","鴻綸企業社","HOMLUEN ENTERPRISE CO.","臺南市仁德區太子里太子五街22巷5號","No. 5, Ln. 22, Taizi 5th St., Taizi Vil., Rende Dist., Tainan City 717007, Taiwan (R.O.C.)","吳O儒","06-2796707","06-2796705","有","有"
"09599014","20060629","20220916","展弘木材行","JAN HORNG LUMBER CO.","高雄市大樹區九大路259號","No. 259, Jiuda Rd., Dashu Dist., Kaohsiung City 840002, Taiwan (R.O.C.)","葉O鴻","07-7026510","07-7026509","有","有"
"09605867","20180329","20210811","成全工程行","Harmony Engineering Co.","新北市三重區正義南路４５巷５５號１樓","1 F., No. 55, Ln. 45, Zhengyi S. Rd., Sanchong Dist., New Taipei City 24142, Taiwan (R.O.C.)","周O穎","02-29701578","","無","無"
"09605894","20170224","20240104","璉宇工作室","OPTIMAL UNIVERSE STUDIO","桃園市中壢區永興里中央西路一段76巷23弄8號3樓之9","3 F.-9, No. 8, Aly. 23, Ln. 76, Sec. 1, Zhongyang W. Rd., Yongxing Vil., Zhongli Dist., Taoyuan City 320002, Taiwan (R.O.C.)","汪O璉","03-4250808","","有","有"
"09606726","20121004","20240404","志隼企業社","GHI FALCON BUSINESS CO.","新北市樹林區三俊街65巷18弄34號","No. 34, Aly. 18, Ln. 65, Sanjun St., Shulin Dist., New Taipei City 23864, Taiwan (R.O.C.)","駱O馳","02-26761298","02-26880337","有","有"
"09606795","20080624","20210811","壹誠企業社","EACHEN INTERNATIONAL CO.","桃園市中壢區龍昌里龍東路４８３巷８弄１５號１樓","1 F., No. 15, Aly. 8, Ln. 483, Longdong Rd., Longchang Vil., Zhongli Dist., Taoyuan City 32092, Taiwan (R.O.C.)","陳O宗","03-4651413","03-4380199","有","有"
"09606970","20060301","20210811","新星企業社","POWERTEC COMPANY","新北市樹林區佳園路３段２０１號","No. 201, Sec. 3, Jiayuan Rd., Shulin Dist., New Taipei City 23854, Taiwan (R.O.C.)","林O崇","2251-0789","","有","有"
"09608323","20060321","20230111","󼥂灃社","PONG PONG COMPANY","新北市中和區圓通路３６９巷６８號３樓（現場僅供辦公室使用）","3 F., No. 68, Ln. 369, Yuantong Rd., Zhonghe Dist., New Taipei City 235044, Taiwan (R.O.C.)","彭O?灃","02-23944866","","無","無"
"09608935","20060516","20210812","鼎泰隆商行","FANTASTIC VENUS COMPANY","桃園市桃園區北門里三民路２段２８６之２號３樓","3 F., No. 286-2, Sec. 2, Sanmin Rd., Beimen Vil., Taoyuan Dist., Taoyuan City 33049, Taiwan (R.O.C.)","林O成","03-3372593","03-3015077","有","有"
"09611713","20140804","20221015","以恩國際企業","E'N Int'l Company","新北市中和區泰和街23號","No. 23, Taihe St., Zhonghe Dist., New Taipei City 235070, Taiwan (R.O.C.)","許O鈴","03-9303653","","有","有"
"09613352","20060704","20210811","廣龍建築材料行","GUANG LONG CONSTRUCTION MATERIAL CO.","新竹市北區金竹里武陵路二七一巷六四弄三二號二樓（僅供辦公室使用）","2 F., No. 32, Aly. 64, Ln. 271, Wuling Rd., Jinzhu Vil., North Dist., Hsinchu City 30053, Taiwan (R.O.C.)","李O良","03-5527860","03-5527859","有","有"
"09614303","20060321","20221223","諾璞珍寶坊","NUO PU JADE STORE","臺北市中山區民權東路2段92巷8弄7號2樓","2 F., No. 7, Aly. 8, Ln. 92, Sec. 2, Minquan E. Rd., Zhongshan Dist., Taipei City 104022, Taiwan (R.O.C.)","高O雪","02-26320437","","無","無"
"09616288","20120425","20210812","展鋐企業社","JAAHORN ENTERPRISE CO.","新北市樹林區柑園街２段３００號（１樓）","1 F., No. 300, Sec. 2, Ganyuan St., Shulin Dist., New Taipei City 23853, Taiwan (R.O.C.)","王O泉","02-26801995","","有","有"
"09616983","20180419","20210811","昌勳企業社","CHANG SYUN CO.","新北市樹林區中正路２５３巷１號","No. 1, Ln. 253, Zhongzheng Rd., Shulin Dist., New Taipei City 23868, Taiwan (R.O.C.)","林O洲","02-26828721","02-26828331","有","有"
"09617049","20060316","20220922","亨泰洋行","HT SPIRITS CO.","桃園市桃園區中山里泰昌十二街109號7樓","7 F., No. 109, Taichang 12th St., Zhongshan Vil., Taoyuan Dist., Taoyuan City 330040, Taiwan (R.O.C.)","江O偉","03-3019278","03-3019290","有","有"
"09617836","20070623","20210812","炬森企業社","GIZAN ENTERPRISE COMPANY","新北市新莊區中港一街８６之１號（現場僅供辦公室使用）","No. 86-1, Zhonggang 1st St., Xinzhuang Dist., New Taipei City 24246, Taiwan (R.O.C.)","林O意","02-29975913","","有","有"
"09620086","20060330","20210811","雨農日曆企業社","YU NONG ENTERPRISE CO.","桃園市八德區大華里介壽路２段３６１巷２０弄３２號１樓","1 F., No. 32, Aly. 20, Ln. 361, Sec. 2, Jieshou Rd., Dahua Vil., Bade Dist., Taoyuan City 33446, Taiwan (R.O.C.)","張O島","03-3673919","","有","有"
"09621487","20061020","20210811","耐克企業社","NAI KE QI YE CO.","桃園市中壢區仁福里仁福五街6號4樓","4 F., No. 6, Renfu 5th St., Renfu Vil., Zhongli Dist., Taoyuan City 32076, Taiwan (R.O.C.)","張O耀","03-4804075","03-4961838","有","有"
"09621769","20081009","20210811","雙順工業社","SHUANG SHUN CO.","桃園市中壢區忠福里福安一街２２巷４號４樓","4 F., No. 4, Ln. 22, Fu’an 1st St., Zhongfu Vil., Zhongli Dist., Taoyuan City 32059, Taiwan (R.O.C.)","江O霖","03-5733939","03-5735696","有","有"
"09624512","20070827","20210812","建昌通訊企業社","CYBERIA ELECTRONIC CO.","新北市板橋區中山路２段３１８巷２７弄２０號（僅得使用一樓）","1 F., No. 20, Aly. 27, Ln. 318, Sec. 2, Zhongshan Rd., Banqiao Dist., New Taipei City 22068, Taiwan (R.O.C.)","林O玉","02-29549045","02-89520866","無","無"
"09625532","20080328","20230111","軒敞企業社","SUCAN CO.","新竹縣湖口鄉鳳凰村興安街３６號１樓","１F., No. 36, Xing'an St., Fenghuang Vil., Hukou Township,  Hsinchu County 303115, Taiwan (R.O.C.)","何O軒","03-5985169","03-5985169","無","無"
"09626053","20060918","20230214","健財工業社","KIN CHOI INDUSTRIES CO.","新竹縣橫山鄉橫山村中豐路一段３１４號１樓","１F., No. 314, Sec. 1,  Zhongfeng Rd., Hengshan Vil., Hengshan Township,  Hsinchu County 312001, Taiwan (R.O.C.)","賴O岳","035-934367","035-933847","有","有"
"09626595","20241218","20241218","辰義企業社","ChenYi Global Company","新竹縣竹北市泰和里新泰路３６巷２５號１樓","1 F., No. 25, Ln. 36, Xintai Rd., Taihe Vil., Zhubei City, Hsinchu County 302006, Taiwan (R.O.C.)","江O富","03-5551557","","有","有"
"09627258","20130102","20210811","月之庭拉麵店","MOON GARDEN COMPANY","新竹縣竹北市東平里六家一路1段3號","No. 3, Sec. 1, Liujia 1st Rd., Dongping Vil., Zhubei City, Hsinchu County 30272, Taiwan (R.O.C.)","羅O美","03-6582487","","有","有"
"09629571","20221130","20221130","老菜櫥小吃店","old pantry snack bar Restaurant","新竹縣竹北市竹義里華興街205號1樓","1 F., No. 205, Huaxing St., Zhuyi Vil., Zhubei City, Hsinchu County 302003, Taiwan (R.O.C.)","范O宏","03-5544190","","有","有"
"09633435","20180716","20210811","益勝工程行","JEN JI COMPANY","新北市八里區四維街15號2樓","2 F., No. 15, Siwei St., Bali Dist., New Taipei City 24944, Taiwan (R.O.C.)","李O吉","0915357950","02-26103320","有","有"
"09635004","20110622","20210812","萬德福精品店","WONDERFUL PET CO.","新北市淡水區學府路51巷2弄7號","No. 7, Aly. 2, Ln. 51, Xuefu Rd., Tamsui Dist., New Taipei City 25142, Taiwan (R.O.C.)","萬O平","02-26268755","02-26298095","有","有"
"09635285","20060801","20210812","菓子工坊烘焙坊","GUO ZI GONG FANG HONG BEI CO.","金門縣金城鎮北門里民生路５巷７號","No. 7, Ln. 5, Minsheng Rd., Beimen Vil., Jincheng Township, Kinmen County 89345, Taiwan (R.O.C.)","蔡O祥","082-323456","082-320588","有","有"
"09636849","20070525","20210811","創昱企業社","CHUANG YU ESTABLISHMENT CO.","桃園市桃園區福林里福林街56號","No. 56, Fulin St., Fulin Vil., Taoyuan Dist., Taoyuan City 33062, Taiwan (R.O.C.)","柯O香","03-3208408","","有","無"
"09640581","20060411","20210811","科士頓國際企業社","RAJA TRADING CO.","基隆市安樂區五福里樂利三街３４巷１９號１樓","1 F., No. 19, Ln. 34, Leli 3rd St., Wufu Vil., Anle Dist., Keelung City 20447, Taiwan (R.O.C.)","王O中","02-34012743","02-34012393","有","有"
"09641619","20220829","20220829","赤科山天心茶莊","Chike Mountain Tian Xin Tea Company","花蓮縣玉里鎮觀音里高寮280之5號","No. 280-5, Gaoliao, Guanyin Vil., Yuli Township, Hualien County 981008, Taiwan (R.O.C.)","張O潔","03-8852090","","有","有"
"09647368","20140416","20210811","中盛企業社","CHUNG SHENG MACHINE COMPANY","宜蘭縣礁溪鄉大忠村中山路一段63號一樓﹝僅供辦公室用﹞","1 F., No. 63, Sec. 1, Zhongshan Rd., Jiaoxi Township, Yilan County 26244, Taiwan (R.O.C.)","林O勝","03-9888837","03-9871633","有","有"
"09648774","20060614","20210811","宏恩國際興業社","KORTESS INTERNATIONAL CO.","臺中市神岡區大社里大豐北街９７巷１０號４樓","4 F., No. 10, Ln. 97, Dafeng N. St., Dashe Vil., Shengang Dist., Taichung City 42946, Taiwan (R.O.C.)","王O琳","04-22412623","04-22412623","有","有"
"09649582","20060419","20210811","台陽實業社","TAIYAN MACHINERY INDUSTRIAL CO.","新北市板橋區中正路250巷66號","No. 66, Ln. 250, Zhongzheng Rd., Banqiao Dist., New Taipei City 22053, Taiwan (R.O.C.)","陳O傑","02-82521698","02-82521698","有","有"
"09650047","20141201","20220611","籃板球運動精品店","BROOKLYN BASKETBALL SHOES STORE","新北市淡水區中正路112號","No. 112, Zhongzheng Rd., Tamsui Dist., New Taipei City 251018, Taiwan (R.O.C.)","王O翔","02-26252350","","無","無"
"09651799","20091113","20210811","晉采裝修工程企業行","JIN-CHAI ADVERTISING DESIGN ENTERPRISES FIRM","臺南市佳里區安西里育善街233巷18號1樓","1 F., No. 18, Ln. 233, Yushan St., Anxi Vil., Jiali Dist., Tainan City 72257, Taiwan (R.O.C.)","賴O湞","06-7238069","06-7231921","有","有"
"09651854","20200703","20220906","聖安鮮花坊","SHENGAN FLOWER SHOP","新北市板橋區新海路４３０巷１５之１號","No. 15-1, Ln. 430, Xinhai Rd., Banqiao Dist., New Taipei City 220012, Taiwan (R.O.C.)","郭O倫","02-2272-9171","","有","有"
"09652170","20170719","20210811","保利機械工程行","POLY MECHANICAL ENGINEERING CO.","新北市樹林區三德街３６巷１６號２樓（現場僅供辦公室使用）","2 F., No. 16, Ln. 36, Sande St., Shulin Dist., New Taipei City 23867, Taiwan (R.O.C.)","葉O達","02-35017658","02-35018168","有","有"
"09653255","20060424","20230112","勁成機車行","MIRACLE MOTOR SCOOTER CO.","臺北市士林區葫蘆街53號","No. 53, Hulu St., Shilin Dist., Taipei City 111065, Taiwan (R.O.C.)","詹O亮","02-28312977","02-28312987","無","無"
"09654199","20090827","20210812","宜科科技企業","E ZHAN CO.","花蓮縣花蓮市國富里中山路８１３號１樓","1 F., No. 813, Zhongshan Rd., Guofu Vil., Hualien City, Hualien County 97071, Taiwan (R.O.C.)","高O綺","089-863283","089-863290","有","有"
"09654310","20110506","20210811","聖彼得農漁產行銷商行","ST. PETER AGRICULTURAL & AQUATIC PRODUCTS TRADING COMPANY","基隆市中山區中興里中山二路一七號一樓","1 F., No. 17, Zhongshan 2nd Rd., Zhongxing Vil., Zhongshan Dist., Keelung City 20342, Taiwan (R.O.C.)","林O慧","02-24236060","02-24699707","有","有"
"09655985","20160322","20240627","昌暉汽車商行","CHANG HUI MOTOR STORE","臺北市士林區大南路416號2樓","2 F., No. 416, Danan Rd., Shilin Dist., Taipei City 111041, Taiwan (R.O.C.)","楊O庚","02-28345514","02-28345544","有","有"
"09656703","20060504","20230208","傑昇國際企業社","JASON FASHION INTERNATIONAL ENTERPRISE CO.","桃園市桃園區龍安里國豐六街２０３號５樓","5 F., No. 203, Guofong 6th St., Taoyuan Dist., Taoyuan City 33057, Taiwan (R.O.C.)","楊O傑","03-3785359","","有","有"
"09664197","20060509","20230111","大頡工業社","GRID POWER CO.","新北市三重區中興北街42巷17弄6號4樓","4 F., No. 6, Aly. 17, Ln. 42, Zhongxing N. St., Sanchong Dist., New Taipei City 241019, Taiwan (R.O.C.)","王O文","02-29952787","","無","無"
"09664485","20060505","20210812","日王禮品企業社","SUN KING GIFT ENTERPRISE CO.","新北市新莊區化成路３７５巷２０號","No. 20, Ln. 375, Huacheng Rd., Xinzhuang Dist., New Taipei City 24253, Taiwan (R.O.C.)","黃O欣","02-29901258","02-85215503","有","有"
"09665338","20070504","20210811","晶美照明商行","JING MEI LIGHTING CO.","新北市永和區成功路１段４７巷３４號","No. 34, Ln. 47, Sec. 1, Chenggong Rd., Yonghe Dist., New Taipei City 23452, Taiwan (R.O.C.)","黃O耀","02-29236001","02-29246033","有","有"
"09666420","20150720","20210812","億展行","YI ZHAN DEVELOPMENT COMPANY","新北市蘆洲區長安街22巷8弄10號3樓","3 F., No. 10, Aly. 8, Ln. 22, Chang’an St., Luzhou Dist., New Taipei City 24764, Taiwan (R.O.C.)","林O雪","02-82828510","","有","有"
"09673822","20070831","20210811","統晟企業社","TONECHAN COMPANY","桃園市龜山區公西里文化三路25號1樓","1 F., No. 25, Wenhua 3rd Rd., Gongxi Vil., Guishan Dist., Taoyuan City 33381, Taiwan (R.O.C.)","郭O成","03-3289101","","無","無"
"09675259","20180608","20210812","鑫奇企業社","HSIN CHI MATERIAL CO.","桃園市大園區橫峰里中山南路2段205巷146弄36號1樓","1 F., No. 36, Aly. 146, Ln. 205, Sec. 2, Zhongshan S. Rd., Hengfeng Vil., Dayuan Dist., Taoyuan City 33743, Taiwan (R.O.C.)","徐O隆","0927002008","03-3813350","有","有"
"09676216","20060510","20241109","蕥格國際企業社","YAGO TECHNOLOGY CO.","桃園市中壢區復興里長樂二街132號12樓","12 F., No. 132, Changle 2nd St., Fuxing Vil., Zhongli Dist., Taoyuan City 320062, Taiwan (R.O.C.)","林O廷","03-3785871","03-3785871","有","有"
"09677453","20190618","20210811","六八工作室","Six eight studio","新北市新莊區民安路377號","No. 377, Min’an Rd., Xinzhuang Dist., New Taipei City 24258, Taiwan (R.O.C.)","吳O良","02-22066086","02-22066298","有","有"
"09680041","20060601","20221226","東廸商行","DONG CHING CO.","新北市土城區延吉街１７１號４樓（現場僅供辦公室使用）","4 F., No. 171, Yanji St., Tucheng Dist., New Taipei City 236001, Taiwan (R.O.C.)","鄭O穗","02-22621634","02-22657370","無","無"
"09685806","20061228","20210811","美維康生技企業社","MAYOR'S BIOTECH. ENTERPRISE  CO.","桃園市平鎮區龍興里龍南路１８３號１樓","1 F., No. 183, Longnan Rd., Longxing Vil., Pingzhen Dist., Taoyuan City 32469, Taiwan (R.O.C.)","姜O憲","03-4605955","03-4508184","有","有"
"09685833","20060524","20210811","上太貿易行","SUN-TAE TRADE COMPANY","桃園市中壢區龍慈里龍興路180號1樓","1 F., No. 180, Longxing Rd., Longci Vil., Zhongli Dist., Taoyuan City 32095, Taiwan (R.O.C.)","巫O穎","03-4016284","03-4016264","有","有"
"09686278","20191203","20210811","鍵安企業行","JLAN AN TELECOM Co.","新北市新莊區民安西路380號之39","No. 380-39, Min’an W. Rd., Xinzhuang Dist., New Taipei City 24264, Taiwan (R.O.C.)","王O軒","","","有","有"
"09688183","20240313","20240313","采邑文化創意精品","CAI-YI CULTURAL AND CREATIVE BOUTIQUE","新竹市北區光田里東大路二段一四五號二樓之五","2 F.-5, No. 145, Sec. 2, Dongda Rd., Guangtian Vil., North Dist., Hsinchu City 300014, Taiwan (R.O.C.)","王O雄","03-5352336","03-5352725","有","有"
"09692638","20101029","20240220","入口設計企業社","ZUGO DESIGN GROUP COMPANY","新北市汐止區樟樹一路272之1號12樓","12 F., No. 272-1, Zhangshu 1st Rd., Xizhi Dist., New Taipei City 221007, Taiwan (R.O.C.)","許O恩","02-26921443","02-26921443","有","有"
"09696418","20150828","20230111","騰峰企管企業社","TUN FONG CO.","新北市板橋區大觀路２段３７巷２６０之２號（現場僅供辦公室使用）","No. 260-2, Ln. 37, Sec. 2, Daguan Rd., Banqiao Dist., New Taipei City 220096, Taiwan (R.O.C.)","潘O峰","03-3460679","03-3467051","無","無"
"09705731","20090826","20210812","發哥裝潢五金行","FA HARDWARE CO.","新北市林口區文化北路2段550巷30弄26號","No. 26, Aly. 30, Ln. 550, Sec. 2, Wenhua N. Rd., Linkou Dist., New Taipei City 24446, Taiwan (R.O.C.)","陳O春","02-26029477","02-26029478","有","有"
"09705747","20140903","20210811","摩匠服飾精品","CUTIEMOS COMPANY","新竹市東區三民里三民路66號四樓","4 F., No. 66, Sanmin Rd., Sanmin Vil., East Dist., Hsinchu City 30043, Taiwan (R.O.C.)","謝O育","03-5258426","","有","有"
"09706680","20060614","20210811","以挪士企業社","ENOSH INTERNATIONAL BUSINESS CO.","新北市永和區福和路１９巷１弄５號１樓（現場僅供辦公室使用）","1 F., No. 5, Aly. 1, Ln. 19, Fuhe Rd., Yonghe Dist., New Taipei City 23449, Taiwan (R.O.C.)","盧O鳳","02-29227961","02-89215145","有","有"
"09707082","20060614","20220412","穩旺企業社","WIN WOM ENTERPRISE CO.","新北市新莊區龍安路15號7樓","7 F., No. 15, Long’an Rd., Xinzhuang Dist., New Taipei City 24260, Taiwan (R.O.C.)","彭O展","02-29906563","02-29988603","有","有"
"09718095","20060630","20210812","乾菖企業社","GIAN CHANG ENTERPRISE CO.","新北市三重區新北大道1段46巷18弄6號","No. 6, Aly. 18, Ln. 46, Sec. 1, New Taipei Blvd., Sanchong Dist., New Taipei City 24141, Taiwan (R.O.C.)","林O興","02-29833727","02-29833729","有","有"
"09721922","20110725","20210811","劉家茶葉行","LIU TEA LINE CO.","新北市中和區光華街46號1樓","1 F., No. 46, Guanghua St., Zhonghe Dist., New Taipei City 23558, Taiwan (R.O.C.)","楊O顏","02-82423916","","有","有"
"09722957","20060803","20210812","佑虹企業社","DURED INTERNATIONAL CO.","新竹市北區曲溪里成德路231號五樓","5 F., No. 231, Chengde Rd., Quxi Vil., North Dist., Hsinchu City 30047, Taiwan (R.O.C.)","陳O泉","03-5621516","03-5621519","有","有"
"09724245","20091022","20230509","袋匠企業社","BAGMAKER ENTERPRISE CO.","臺北市中正區中華路1段59號9樓","9 F., No. 59, Sec. 1, Zhonghua Rd., Zhongzheng Dist., Taipei City 100006, Taiwan (R.O.C.)","周O德","02-26258959","02-26258959","無","無"
"09727664","20171201","20220621","星亞商行","Galaxy Coffee Company","新北市新莊區中和街60巷17號1樓","1 F., No. 17, Ln. 60, Zhonghe St., Xinzhuang Dist., New Taipei City 242031, Taiwan (R.O.C.)","洪O美","02-29983501","02-22795177","有","有"
"09727735","20220120","20220120","鴻偉企業社","HUNG WEI CO.,","桃園市蘆竹區中福里龍壽街一段18巷4號","No. 4, Ln. 18, Sec. 1, Longshou St., Zhongfu Vil., Luzhu Dist., Taoyuan City 33844, Taiwan (R.O.C.)","葉O培","03-3695205","","有","有"
"09727952","20060703","20210811","安迪恩企業商行","ANDEAN TRAIL ASIA CO.","新北市新莊區中港路３０９巷１號２樓（現場僅供辦公室使用）","2 F., No. 1, Ln. 309, Zhonggang Rd., Xinzhuang Dist., New Taipei City 24245, Taiwan (R.O.C.)","林O成","02-89919090","02-89919330","有","有"
"09728039","20080424","20230112","盈月超媒體工作室","MOONSTARS-MEDIA STUDIO","臺北市信義區忠孝東路5段459號5樓","5 F., No. 459, Sec. 5, Zhongxiao E. Rd., Xinyi Dist., Taipei City 110062, Taiwan (R.O.C.)","楊O如","02-27657998","02-27657118","無","無"
"09728397","20060705","20210811","冠衣貿易行","KUANE-I CO.","新竹市東區湖濱里明湖路四八二巷四七之二號一樓","1 F., No. 47-2, Ln. 482, Minghu Rd., Hubin Vil., East Dist., Hsinchu City 30065, Taiwan (R.O.C.)","林O衣","03-5616592","03-5614355","有","有"
"09732569","20110623","20210811","祥穩企業社","SHUN WIN CO.","新北市五股區凌雲路１段１５５號５樓（現場僅供辦公室使用）","5 F., No. 155, Sec. 1, Lingyun Rd., Wugu Dist., New Taipei City 24843, Taiwan (R.O.C.)","李O聯","02-82923681","02-26010134","有","有"
"09733785","20200416","20200416","財團法人私立海洋動物園教育基金會","Juridical Person Private Ocean Zoo Education Foundation","新北市萬里區野柳里港東路167-3號1樓","1F., NO.167-3, KANTUNG ROAD, YEHLIU VILLAGE, WANLI DISTRICT, NEW TAIPEI CITY 20744, TAIWAN, R.O.C.","廖O名","02-24921111","02-24921110","有","有"
"09733883","20070403","20210811","伊麗莎白化粧品生化科技工廠","ELISABE COSMETIC BIOCHEMICAL TECHNOLOGY FACTORY","桃園市桃園區中信里中山路１０００號１３樓之１２","13 F.-12, No. 1000, Zhongshan Rd., Zhongxin Vil., Taoyuan Dist., Taoyuan City 33072, Taiwan (R.O.C.)","魯O謄","03-3783097","03-3782899","有","有"
"09734692","20111125","20210811","上仟廣告社","TOP THOUSAND ADVERTISEMENT COMPANY","桃園市八德區大勇里忠勇街377巷18號2樓","2 F., No. 18, Ln. 377, Zhongyong St., Dayong Vil., Bade Dist., Taoyuan City 33462, Taiwan (R.O.C.)","邱O嫣","03-3621945","03-3624432","有","有"
"09734980","20220627","20220627","臻福星企業社","ZHENFUXIN FIRM","花蓮縣花蓮市民享里華東69之5號","No. 69-5, Huadong, Minxiang Vil., Hualien City, Hualien County 970024, Taiwan (R.O.C.)","林O注","0911276065","","有","有"
"09738851","20190507","20210811","嘉輝材料企業社","Shengfa Materials Enterprise CO.","新北市樹林區佳園路2段15巷9弄9號","No. 9, Aly. 9, Ln. 15, Sec. 2, Jiayuan Rd., Shulin Dist., New Taipei City 23880, Taiwan (R.O.C.)","陳O忠","02-2672-5511","02-8671-5511","有","有"
"09739079","20160706","20210812","寶島工作室","BAODAOV&C STUDIO","桃園市中壢區永興里中央西路１段７６巷２３弄８號３樓之９","3 F.-9, No. 8, Aly. 23, Ln. 76, Sec. 1, Zhongyang W. Rd., Yongxing Vil., Zhongli Dist., Taoyuan City 32086, Taiwan (R.O.C.)","屈O恆","03-4250808","","有","有"
"09739887","20130311","20210812","加新工程行","JIA SIN INDUSTRIAL SERVICE CO.","新北市中和區連城路３１９巷３弄５之３號（現場僅供辦公室使用）","No. 5-3, Aly. 3, Ln. 319, Liancheng Rd., Zhonghe Dist., New Taipei City 23550, Taiwan (R.O.C.)","羅O仁","02-22228637","02-22216566","有","有"
"09742763","20110531","20210812","高美館企業行","ART2WEAR CO., LTD.","臺北市大安區敦化南路1段161巷34號(1樓)","1 F., No. 34, Ln. 161, Sec. 1, Dunhua S. Rd., Da’an Dist., Taipei City 10690, Taiwan (R.O.C.)","賴O蓉","02-27765939","","有","有"
"09742975","20060803","20210811","忠貿企業社","CHUNG MAW CO.","基隆市中山區德安里復興路二五九巷五四號四樓","4 F., No. 54, Ln. 259, Fuxing Rd., De’an Vil., Zhongshan Dist., Keelung City 20346, Taiwan (R.O.C.)","潘O忠","02-24366450","02-24368009","有","有"
"09747417","20190318","20210812","全勤企業社","CHIUAN CHIN CO.","花蓮縣吉安鄉勝安村中原路1段295號","No. 295, Sec. 1, Zhongyuan Rd., Ji’an Township, Hualien County 97346, Taiwan (R.O.C.)","劉O水","03-8544020","03-8544021","有","有"
"09748865","20060817","20230102","超強國際企業社","SUPER TECH CO.","桃園市龜山區大湖里文二三街６７號４樓之３","4 F.-3, No. 67, Wen 23rd St., Dahu Vil., Guishan Dist., Taoyuan City 333010, Taiwan (R.O.C.)","陳O玲","03-3974196","","無","無"
"09749294","20060731","20210811","正祺企業社","EVER FORTUNE INDUSTRIAL CO.","新北市中和區連城路134巷18號4樓","4 F., No. 18, Ln. 134, Liancheng Rd., Zhonghe Dist., New Taipei City 23553, Taiwan (R.O.C.)","周O秀雲","02-82456685","02-82457886","有","有"
"09749554","20240702","20240704","丞釩資訊行","Chengfan Information Store","新北市三重區新北大道1段123號11樓","11 F., No. 123, Sec. 1, New Taipei Blvd., Sanchong Dist., New Taipei City 241614, Taiwan (R.O.C.)","楊O霖","","","無","無"
"09749750","20230601","20230601","宏霖企業社","Hong Linciyeshe Company","新竹市香山區樹下里樹下街一九八巷三一弄二六號一樓﹝所在地僅供辦公室使用﹞","1 F., No. 26, Aly. 31, Ln. 198, Shuxia St., Shuxia Vil., Xiangshan Dist., Hsinchu City 300058, Taiwan (R.O.C.)","王O朋","0989522550","03-5396652","有","有"
"09751066","20071109","20230112","小蜜蜂商行","BR.PROPOLIS CO.","新北市永和區信義路２５巷１９弄６號３樓（現場僅供辦公室使用）","3 F., No. 6, Aly. 19, Ln. 25, Xinyi Rd., Yonghe Dist., New Taipei City 234008, Taiwan (R.O.C.)","彭O業","0921214882","02-89255801","無","無"
"09754970","20180524","20210811","愛天空文創婚紗旗艦館","LAVIE PAETY WEDDING DRESS SPECIALTY SHOP","宜蘭縣冬山鄉柯林村長春路157號一樓","1 F., No. 157, Changchun Rd., Dongshan Township, Yilan County 26941, Taiwan (R.O.C.)","李O慧","03-9566157","","無","無"
"09755540","20060814","20210811","好百年企業社","HAO BAI NIAN ENTERPRISE CO.","新竹市北區湳中里武陵路一七一號九樓之二（僅供辦公室使用）","9 F.-2, No. 171, Wuling Rd., Nanzhong Vil., North Dist., Hsinchu City 30053, Taiwan (R.O.C.)","林O民","03-6668328","03-6661167","有","有"
"09756941","20130426","20210811","天使公國精品百貨行","N34 SHOP","臺北市大安區忠孝東路4段205巷14號","No. 14, Ln. 205, Sec. 4, Zhongxiao E. Rd., Da’an Dist., Taipei City 10690, Taiwan (R.O.C.)","許O怡","02-29293488","02-29231770","有","有"
"09758672","20061225","20210811","富海企業","FU HAI CO.","新竹縣竹東鎮雞林里杞林路１３巷１１號１樓","1 F., No. 11, Ln. 13, Qilin Rd., Jilin Vil., Zhudong Township, Hsinchu County 31044, Taiwan (R.O.C.)","何O檉","03-5961790","03-5952605","有","有"
"09762248","20101101","20210811","誠信汽車商行","D-MAKER MOTOR TRADING COMPANY","新竹縣芎林鄉秀湖村2鄰18號","No. 18, 2nd Neighborhood, Qionglin Township, Hsinchu County 307, Taiwan (R.O.C.)","鄒O豪","0960767082","","有","有"
"09762471","20210413","20210811","格納傢具行","GE NA FURNITURE CO.","新北市五股區成泰路１段２４１巷１弄１號３樓（現場僅供辦公室使用）","3 F., No. 1, Aly. 1, Ln. 241, Sec. 1, Chengtai Rd., Wugu Dist., New Taipei City 24870, Taiwan (R.O.C.)","王O隆","02-82927881","","有","有"
"09765012","20060817","20210812","森林企業社","SEN LIN ENTERPRISE CO.","桃園市平鎮區莊敬里自強街１１１號１樓","1 F., No. 111, Ziqiang St., Zhuangjing Vil., Pingzhen Dist., Taoyuan City 32463, Taiwan (R.O.C.)","鍾O杞","03-4688903","03-4599048","有","有"
"09773532","20060918","20230111","惡勢力貿易商行","W. IMAGINATION COMPANY","桃園市中壢區普忠里新中北路１８５巷６弄１５號１樓","1 F., No. 15, Aly. 6, Ln. 185, Xinzhong N. Rd., Puzhong Vil., Zhongli Dist., Taoyuan City 320047, Taiwan (R.O.C.)","張O德","03-4654903","","無","無"
"09779661","20150128","20210811","青出設計工作室","EXCEEDO DESIGN STUDIO","新北市板橋區自由路９巷４之２號３樓（現場僅供辦公室使用）","3 F., No. 4-2, Ln. 9, Ziyou Rd., Banqiao Dist., New Taipei City 22049, Taiwan (R.O.C.)","林O明","02-82513973","02-22068327","有","有"
"09779727","20121026","20210811","金鼎聯合企業社","JIN DING LIAN HE ENTERPRISE CO.","桃園市觀音區富源里新富路360號1樓","1 F., No. 360, Xinfu Rd., Fuyuan Vil., Guanyin Dist., Taoyuan City 32845, Taiwan (R.O.C.)","徐O鈞","03-4972085","03-4205729","無","無"
"09800741","20070423","20210811","仙蜂企業社","FIRSTFENG CO., LTD.","基隆市暖暖區碇內街254號4樓","4 F., No. 254, Dingnei St., Nuannuan Dist., Keelung City 20543, Taiwan (R.O.C.)","游O鑾","02-26461528","02-26461837","無","無"
"09801930","20121122","20220615","亞瑪仁企業社","YAMAJEN CO.","桃園市大溪區仁愛里埔頂路一段357巷139號","No. 139, Ln. 357, Sec. 1, Puding Rd., Ren’ai Vil., Daxi Dist., Taoyuan City 335004, Taiwan (R.O.C.)","楊O山","03-3071758","03-3071544","無","無"
"09803347","20180820","20210811","亞威室內裝潢工程行","Yawei indoor decoration interior Co.","桃園市中壢區龍岡里龍門街173巷55號1樓","1 F., No. 55, Ln. 173, Longmen St., Longgang Vil., Zhongli Dist., Taoyuan City 32095, Taiwan (R.O.C.)","吳O綺","03-4503380","03-4503440","有","有"
"09805231","20070412","20210811","洸影水晶燈企業社","GUANG YING CRSTAL LIGHT ILLUMINATION CO.","新北市蘆洲區民族路１６７巷５號（１樓）（現場僅供辦公室使用）","1 F., No. 5, Ln. 167, Minzu Rd., Luzhou Dist., New Taipei City 24742, Taiwan (R.O.C.)","黃O燕","02-28473975","02-28487304","有","有"
"09805507","20120517","20210811","福太企業社","FU TAI PRECISE MOLD CO.","新北市五股區中興路1段1巷7號(1樓)","1 F., No. 7, Ln. 1, Sec. 1, Zhongxing Rd., Wugu Dist., New Taipei City 24872, Taiwan (R.O.C.)","黃O隆","02-22850408","02-22850435","有","有"
"09806920","20200930","20210812","定洋工作室","EZIOR CO.","新北市汐止區福德一路２１３巷５號","No. 5, Ln. 213, Fude 1st Rd., Xizhi Dist., New Taipei City 22148, Taiwan (R.O.C.)","李O銓","0934182988","","有","有"
"09807580","20131217","20241211","偉龍數位科技社","GREAT DRAGON ENTERPRISE CO.","新北市板橋區民生路3段145號","No. 145, Sec. 3, Minsheng Rd., Banqiao Dist., New Taipei City 220008, Taiwan (R.O.C.)","翁O器","02-82536500","","有","有"
"09809428","20070420","20230111","金品企業社","CHIN PIN CO.","新竹市北區光華里國華街八一巷四號一樓","1 F., No. 4, Ln. 81, Guohua St., Guanghua Vil., North Dist., Hsinchu City 300008, Taiwan (R.O.C.)","陳O燕","03-5313513","","無","無"
"09813318","20250619","20250619","野萩藝術坊","Ycart Art Studio","桃園市蘆竹區大竹里忠孝街2之3號1樓","1 F., No. 2-3, Zhongxiao St., Dazhu Vil., Luzhu Dist., Taoyuan City 338007, Taiwan (R.O.C.)","陳O曲","03-3135457","","有","有"
"09814962","20071128","20230203","賽柏企業社","CYBOR COMPANY","新竹縣竹北市斗崙里縣政七街3號5樓","5 F., No. 3, Xianzheng 7th St., Doulun Vil., Zhubei City, Hsinchu County 302048, Taiwan (R.O.C.)","陳O勉","0952526609","03-5585290","無","無"
"09816075","20071204","20210811","小李輪胎館","SHEAU LII TIRE STUDIO","新竹縣竹北市斗崙里福興一路160號","No. 160, Fuxing 1st Rd., Doulun Vil., Zhubei City, Hsinchu County 30285, Taiwan (R.O.C.)","李O智","0968983880","","有","有"
"09816743","20080822","20210811","新越昌包裝緩衝材料廠","SHIN YUE CHANG FACTORY","新竹縣關西鎮十六張56巷33號","No. 33, Ln. 56, Shiliuzhang, Guanxi Township, Hsinchu County 30643, Taiwan (R.O.C.)","張O雄","03-5876608","03-5877994","有","有"
"09818658","20070503","20210812","定元商行","DING YUAN SHANG HANG","桃園市桃園區龍壽里龍壽街１５６號１樓","1 F., No. 156, Longshou St., Longshou Vil., Taoyuan Dist., Taoyuan City 33058, Taiwan (R.O.C.)","李O紹芬","03-3601389","03-3795253","有","有"
"09819306","20070529","20210811","利祥商行","LI SIANG BUSINESS CO.","新北市林口區忠孝路５３７號１樓","1 F., No. 537, Zhongxiao Rd., Linkou Dist., New Taipei City 24447, Taiwan (R.O.C.)","吳O力","02-26083456","02-26086176","有","有"
"09821577","20100423","20240712","久弘室內裝修企業社","JO HONG INTERIOR RENOVATIO ENTERPRISE CO.","桃園市桃園區中山里中平路98號14樓之１","14 F.-1, No. 98, Zhongping Rd., Zhongshan Vil., Taoyuan Dist., Taoyuan City 330795, Taiwan (R.O.C.)","陳O文","03-3649853","03-3649852","有","有"
"09821871","20250109","20250109","財團法人臺南市至善教育基金會","Tainan Highest Good Education Foundation","台南市安平區華平路21巷33號2樓","2F., No. 33, Ln. 21, Huaping Rd., Anping Dist., Tainan City 708, Taiwan (R.O.C.)","蔡O旭","02-32333571","","有","有"
"09822230","20080723","20210812","龜來發企業社","TURTLE COME ROLL CO.","宜蘭縣頭城鎮港口里港口路103號之20","No. 103-20, Gangkou Rd., Gangkou Vil., Toucheng Township, Yilan County 26144, Taiwan (R.O.C.)","李O麟","03-9789492","03-9332091","有","有"
"09823385","20120224","20210811","葉青企業社","YE QING ENTERPRISE CO.","金門縣烈嶼鄉林湖村西宅２６之１號","No. 26-1, Xizhai, Lieyu Township, Kinmen County 89441, Taiwan (R.O.C.)","林O","0939099185","082-328605","有","有"
"09823759","20071204","20210811","贏寶百貨","YIBO DEPARTMENT STORE CO.","金門縣金沙鎮光前里陽宅111號","No. 111, Guangqian Vil., Jinsha Township, Kinmen County 890, Taiwan (R.O.C.)","李O鴻","082-352785","082-336867","有","有"
"09824862","20070509","20210811","庫德企業社","COULD TRADING CO.","桃園市中壢區龍東里龍東路２５５巷２２弄７５號１樓","1 F., No. 75, Aly. 22, Ln. 255, Longdong Rd., Longdong Vil., Zhongli Dist., Taoyuan City 32094, Taiwan (R.O.C.)","徐O春","03-4609737","03-4509951","有","有"
"09825659","20070503","20210811","萊羿汽車工作室","APR TW MOTORSPORT CO.","新北市新店區中央二街７３號１樓","1 F., No. 73, Zhongyang 2nd St., Xindian Dist., New Taipei City 23150, Taiwan (R.O.C.)","吳O鈴","02-82111676","","無","無"
"09826926","20070504","20210811","大銳機械企業社","TA JUI MACHINERY ENTERPRISE CO.","新北市鶯歌區中湖街303巷4號(1樓)","1 F., No. 4, Ln. 303, Zhonghu St., Yingge Dist., New Taipei City 23941, Taiwan (R.O.C.)","郭O陵","02-26796276","02-26704268","有","有"
"09828396","20190712","20210812","呂美麗企業社","Mary Lue inc.","宜蘭縣礁溪鄉德陽村興農路三二二巷一號","No. 1, Ln. 322, Xingnong Rd., Jiaoxi Township, Yilan County 26242, Taiwan (R.O.C.)","莊O忠","03-9880558","03-9880618","有","有"
"09837310","20171129","20210811","慶泓土木包工業","Qing Hong building contracting Firm","花蓮縣壽豐鄉豐山村忠孝街８５號","No. 85, Zhongxiao St., Fengshan Vil., Shoufeng Township, Hualien County 97446, Taiwan (R.O.C.)","張O昌","03-8652021","8651855","有","有"
"09838057","20110331","20230112","好射之徒企業社","WARHAWK ENTERPRISE CO.","臺北市士林區劍潭路32號1樓","1 F., No. 32, Jiantan Rd., Shilin Dist., Taipei City 111052, Taiwan (R.O.C.)","陳O鵬","02-28859249","02-28858067","無","無"
"09838346","20250327","20250327","動力企業社","1.POWER GOLF Company","桃園市蘆竹區瓦窯里仁愛路一段21之1號","No. 21-1, Sec. 1, Ren'ai Rd., Wayao Vil., Luzhu Dist., Taoyuan City 338021, Taiwan (R.O.C.)","林O宏","03-3120790","","有","有"
"09838541","20110318","20210811","唯韓衣坊","WEI HAN CLOTHES AND ORNAMENTS CO.","新北市林口區中正路41巷8號2樓","2 F., No. 8, Ln. 41, Zhongzheng Rd., Linkou Dist., New Taipei City 24449, Taiwan (R.O.C.)","何O瑄","02-26023796","","有","有"
"09840770","20210415","20210811","明辰裝潢材料行","Mingchen Decoration Materials HANG","桃園市中壢區永光里三光路３３１號１樓","1 F., No. 331, Sanguang Rd., Yongguang Vil., Zhongli Dist., Taoyuan City 32055, Taiwan (R.O.C.)","廖O萍","03-4221799","","有","有"
"09841905","20200420","20210811","福氣冷飲店","Fuqi Cold Drink Shop","新北市新莊區富國路76號","No. 76, Fuguo Rd., Xinzhuang Dist., New Taipei City 24267, Taiwan (R.O.C.)","趙O宇","02-22778285","","有","有"
"09842398","20091230","20210811","多我工作室","DOUWO STUDIO","新竹市東區振興里振興街一Ｏ九巷一二弄九號一樓","1 F., No. 9, Aly. 12, Ln. 109, Zhenxing Rd., Zhenxing Vil., East Dist., Hsinchu City 30063, Taiwan (R.O.C.)","李O源","03-5244218#237","03-5239959","有","有"
"09842854","20070525","20230112","阿摩斯國際商行","AMOS MEGALINKS CO.","新北市土城區青雲路５８７巷３８號２樓（現場僅供辦公室使用）","2 F., No. 38, Ln. 587, Qingyun Rd., Tucheng Dist., New Taipei City 236014, Taiwan (R.O.C.)","王O興","02-22734621","","無","無"
"09844142","20101215","20220115","揚石工程行","YANG SHI CO.","基隆市暖暖區暖暖街570巷102號","No. 102, Ln. 570, Nuannuan St., Nuannuan Dist., Keelung City 20544, Taiwan (R.O.C.)","陳O仲","0968646772","02-29701159","有","有"
"09846090","20210816","20210819","茂盛機車修理","MAO CHENG MOTORCYCLE STORE","新北市三重區環河南路6號","NO. 6, HUANHE S. RD., SANCHONG DIST., NEW TAIPEI CITY 241, TAIWAN (R.O.C.)","王O盛","02-22673095","","有","有"
"09846839","20141007","20210811","芊樺企業社","QIAN WO ENTERPRISE CO.","新北市新莊區民安路200之1號2樓","2 F., No. 200-1, Min’an Rd., Xinzhuang Dist., New Taipei City 24267, Taiwan (R.O.C.)","陳O美","02-82010498","02-82012031","有","有"
"09846872","20110718","20210812","益隆企業社","YI LUNG ENTERPRISE","桃園市大園區大園里中正東路89號2樓","2 F., No. 89, Zhongzheng E. Rd., Dayuan Vil., Dayuan Dist., Taoyuan City 33756, Taiwan (R.O.C.)","陳O明","03-4832223","03-4832990","有","有"
"09847078","20070720","20221225","翁家企業社","WONG JIA ENTERPRISE CO.","桃園市蘆竹區內厝里南山路２段２０５巷１１號","No. 11, Ln. 205, Sec. 2, Nanshan Rd., Neicuo Vil., Luzhu Dist., Taoyuan City 338012, Taiwan (R.O.C.)","林O潔","03-3215732","03-2124922","無","無"
"09847083","20160705","20210812","賞海企業社","REWARD SEA BUSINESS CO.","新北市中和區景平路４００號１樓","1 F., No. 400, Jingping Rd., Zhonghe Dist., New Taipei City 23583, Taiwan (R.O.C.)","陳O朋","02-89434168","","有","有"
"09850621","20080707","20210811","樂活企業社","EZ-LOHAS ENTERPRISE CO.","新竹市香山區牛埔里牛埔南路五二號二樓﹝僅供辦公室使用﹞","2 F., No. 52, Niupu S. Rd., Niupu Vil., Xiangshan Dist., Hsinchu City 30091, Taiwan (R.O.C.)","周O倫","03-5396655","03-5388383","有","有"
"09850636","20190530","20210812","光明分子眼鏡商行","BRIGHTEYES JIANGTSUEI SHOP CO.","新北市板橋區文化路2段182巷3弄71號(1、2樓)","2 F., No. 71, Aly. 3, Ln. 182, Sec. 2, Wenhua Rd., Banqiao Dist., New Taipei City 22044, Taiwan (R.O.C.)","丁O輝","02-82537885","","有","有"
"09852016","20201027","20210811","建拓企業社","JIANTUO RETAIL COMPANY","宜蘭縣蘇澳鎮隘丁里永愛路一五０巷十五號一樓","1 F., No. 15, Ln. 150, Yong’ai Rd., Aiding Vil., Su’ao Township, Yilan County 27051, Taiwan (R.O.C.)","張O松","03-9901585","03-9909506","有","有"
"09853351","20070710","20210811","弘群企業社","HONG JIUN CO.","桃園市中壢區幸福里福壽一街38號1樓","1 F., No. 38, Fushou 1st St., Xingfu Vil., Zhongli Dist., Taoyuan City 32059, Taiwan (R.O.C.)","劉O治","03-4521110","03-4351183","有","有"
"09854149","20191107","20210811","阿茲特克工作室","aztec-tp workshop","新北市新莊區中原東路４２巷９號２樓（現場僅供辦公室使用）","2 F., No. 9, Ln. 42, Zhongyuan E. Rd., Xinzhuang Dist., New Taipei City 24252, Taiwan (R.O.C.)","朱O縣","02-29932015","","有","無"
"09854231","20190527","20221028","興威資訊行","PROSPEROUS INFORMATION TECHNOLOGY CO.","新北市樹林區武林街21之13號","No. 21-13, Wulin St., Shulin Dist., New Taipei City 238036, Taiwan (R.O.C.)","蔡O薇","02-26820011","","有","有"
"09854675","20091104","20101224","社團法人臺北縣中緬南傳佛教協會","CHINESE MYANMAR BUDDHIST ASSOCIATION","新北市中和區忠孝街１２２號５樓","5F., NO.122, ZHONGXIAO ST., ZHONGHE DIST., NEW TAIPEI CITY  235, TAIWAN (R.O.C.)","林O德","02-2945-1357","02-2947-2617","有","有"
"09856499","20120917","20210812","捷都企業社","JD-MOTORS COMPANY","新北市土城區中華路2段130號","No. 130, Sec. 2, Zhonghua Rd., Tucheng Dist., New Taipei City 23673, Taiwan (R.O.C.)","蘇O華","02-22696332","02-22696082","有","有"
"09856596","20180611","20210812","銳鴻企業社","RUI HONG HARDWARE COMPANY","新北市三重區忠孝路2段122號","No. 122, Sec. 2, Zhongxiao Rd., Sanchong Dist., New Taipei City 24161, Taiwan (R.O.C.)","張O華","02-29758300","02-29823411","有","有"
"09857125","20141016","20221214","台灣設計師連線工作室","TAIWAN DESIGNERS' WEB STUDIO","新北市永和區福和路７巷１５弄１３號２樓（現場僅供辦公室使用）","2 F., No. 13, Aly. 15, Ln. 7, Fuhe Rd., Yonghe Dist., New Taipei City 234028, Taiwan (R.O.C.)","楊O婷","02-23889366","02-23889377","有","有"
"09857434","20070704","20210811","堯宸企業社","YAU CHEN ENTERPRISE CO.","桃園市大溪區永福里4鄰信義路692之1號1樓","1 F., No. 692-1, Xinyi Rd., 4th Neighborhood, Yongfu Vil., Daxi Dist., Taoyuan City 33554, Taiwan (R.O.C.)","游O永","03-3870660","","無","無"
"09858237","20070623","20210811","東江企業社","DUNG-JIANG ENTERPRISE CO.","新北市土城區學府路１段１４３巷１號１樓（現場僅供辦公室使用）","1 F., No. 1, Ln. 143, Sec. 1, Xuefu Rd., Tucheng Dist., New Taipei City 23658, Taiwan (R.O.C.)","陳O真","02-22631124","02-22630498","有","有"
"09861303","20070621","20220412","生丰全科技行","XYZ Tech CO.","新北市新店區新店路262之8號15樓","15 F., No. 262-8, Xindian Rd., Xindian Dist., New Taipei City 23147, Taiwan (R.O.C.)","孫O恆","02-89146827","02-89146827","有","有"
"09861606","20070629","20210811","王牌旅館","YI CAI ENTERPRISE CO.","花蓮縣花蓮市國裕里富安路９０號","No. 90, Fu’an Rd., Guoyu Vil., Hualien City, Hualien County 97057, Taiwan (R.O.C.)","江O之","","","有","有"
"09862561","20090506","20210811","波斯貿易行","YJR TRADING COMPANY","臺中市北屯區平安里崇德路二段18號22樓","22 F., No. 18, Sec. 2, Chongde Rd., Ping’an Vil., Beitun Dist., Taichung City 40653, Taiwan (R.O.C.)","楊O然","04-24214280","","有","有"
"09862909","20100118","20210812","冠威汽車商行","CROWN WAY QI CHE SHANG HANG","桃園市八德區大仁里仁和街２４８巷５４號２樓","2 F., No. 54, Ln. 248, Renhe St., Daren Vil., Bade Dist., Taoyuan City 33443, Taiwan (R.O.C.)","石O源","03-3571118","03-3571119","無","無"
"09865151","20070828","20210812","新典實業社","FAITHFUL CARE PRODUCT CO.","宜蘭縣羅東鎮南豪里新興街十七之三號","No. 17-3, Xinxing St., Nanhao Vil., Luodong Township, Yilan County 26546, Taiwan (R.O.C.)","陳O明","0986-163327","03-9511166","有","有"
"09867799","20150430","20210811","固邦行","GOODBEND HANG","新北市土城區立仁街5巷2號(1樓)","1 F., No. 2, Ln. 5, Liren St., Tucheng Dist., New Taipei City 23652, Taiwan (R.O.C.)","吳O璇","02-87683438","02-87683436","有","有"
"09869311","20161207","20210812","嘉傑汽車商行","JIAJIE CAR FIRM","新北市蘆洲區永樂街１１０號１樓","1 F., No. 110, Yongle St., Luzhou Dist., New Taipei City 24767, Taiwan (R.O.C.)","劉O麗","02-22825581","","有","有"
"09869852","20180911","20210811","迅傑企業社","XUNJIE TECH COMPANY","新北市土城區延和路１５８號４樓","4 F., No. 158, Yanhe Rd., Tucheng Dist., New Taipei City 23648, Taiwan (R.O.C.)","蔡O豐","02-22665395","02-22646166","有","有"
"09871230","20210827","20210827","勝利國際企業社","banila online shop","桃園市龜山區楓樹里光明街316號2樓","2F., NO. 316, GUANGMING ST., FENGSHU VIL., GUISHAN DIST., TAOYUAN CITY 333, TAIWAN (R.O.C.)","吳O蓉","03-3491841","","有","有"
"09871597","20070702","20210811","福東電子企業社","FOTTON ELECTRONIC CO.","桃園市龜山區新路里龜山后街１０９巷６號３樓","3 F., No. 6, Ln. 109, Guishanhou St., Xinlu Vil., Guishan Dist., Taoyuan City 33346, Taiwan (R.O.C.)","吳O坡","03-3500921","","有","有"
"09872940","20190613","20230712","喜雀婚禮用品館","Magpie Wedding Appliance Company","新北市板橋區南門街22號(1樓)","1 F., No. 22, Nanmen St., Banqiao Dist., New Taipei City 220052, Taiwan (R.O.C.)","謝O鈞","02-29657070","02-29653171","有","有"
"09877419","20070808","20240705","賀麗企業社","HE LI ELECTRON CO.","桃園市蘆竹區上竹里大竹路288巷9號11樓","11 F., No. 9, Ln. 288, Dazhu Rd., Shangzhu Vil., Luzhu Dist., Taoyuan City 338014, Taiwan (R.O.C.)","林O儀","03-3753013","03-3673909","有","有"
"09878466","20071106","20210811","文宏米行","WEN HONG AGRICULTURE COMPANY","新北市新莊區化成路４８９之１號（１樓）","1 F., No. 489-1, Huacheng Rd., Xinzhuang Dist., New Taipei City 24253, Taiwan (R.O.C.)","梁O翔","02-85216332","","有","有"
"09879280","20090526","20210812","寵物百事達商行","PET BEST CO.","新北市新店區檳榔路８６巷３號（現場僅供辦公室使用）","No. 3, Ln. 86, Binlang Rd., Xindian Dist., New Taipei City 23147, Taiwan (R.O.C.)","石O萱","02-86667419","","有","有"
"09879768","20100607","20230104","青島水族寵物商行","QINGDAO AQUARIUM FIRM","新北市新莊區青山路1段52之5號8樓","8 F., No. 52-5, Sec. 1, Qingshan Rd., Xinzhuang Dist., New Taipei City 242058, Taiwan (R.O.C.)","王O瑜","02-29080000","02-29011805","有","有"
"09880499","20150817","20241203","柏思工作室","BOAZ INTERNATIONAL DESIGN STUDIO","桃園市桃園區福林里介壽路495巷65號14樓","14 F., No. 65, Ln. 495, Jieshou Rd., Fulin Vil., Taoyuan Dist., Taoyuan City 330042, Taiwan (R.O.C.)","陳O恩","03-3569652","","有","有"
"09881645","20210715","20210811","安得商行","ANTER SUPPLY CO.","基隆市中正區信六路16號1樓","1 F., No. 16, Xin 6th Rd., Zhongzheng Dist., Keelung City 20241, Taiwan (R.O.C.)","王O喬","02-24285056","","有","有"
"09885608","20070720","20210812","俊祥塑膠企業社","JUN XIANG PLASTICS CO.","桃園市新屋區清華里北勢４１之２號１樓","1 F., No. 41-2, Qinghua Vil., Xinwu Dist., Taoyuan City 327, Taiwan (R.O.C.)","張O萍","03-4971181","03-4971181","有","有"
"09887232","20211019","20230906","樂繽紛商行","Binfenmusic company","新北市永和區民族街67巷27弄9號","No. 9, Aly. 27, Ln. 67, Minzu St., Yonghe Dist., New Taipei City 234041, Taiwan (R.O.C.)","黃O嘉","0919034573","","有","有"
"09887471","20070719","20210812","原統輪胎企業社","GENERAL TIRES COMPANY","新北市三重區新北大道1段165號13樓","13 F., No. 165, Sec. 1, New Taipei Blvd., Sanchong Dist., New Taipei City 24161, Taiwan (R.O.C.)","郭O成","02-29864101","02-29857233","有","有"
"09888366","20150113","20210811","李小貓之家寵物概念生活館","SUN&CAT COMPANY","新北市板橋區雨農路12號1樓","1 F., No. 12, Yunong Rd., Banqiao Dist., New Taipei City 22049, Taiwan (R.O.C.)","孫O銘","02-29578787","02-89533120","有","有"
"09888464","20110818","20231012","鹿驊企業社","RU HUA COMPANY","桃園市蘆竹區新興里龍安街一段132號1樓","1 F., No. 132, Sec. 1, Long’an St., Xinxing Vil., Luzhu Dist., Taoyuan City 338004, Taiwan (R.O.C.)","蔡O渝","03-3338488","03-3315075","有","有"
"09889153","20070904","20210812","崇武國際實業社","CHONG WU INTERNATIONAL CO.","雲林縣古坑鄉朝陽村中山路242巷1弄36號","No. 36, Aly. 1, Ln. 242, Zhongshan Rd., Gukeng Township, Yunlin County 64650, Taiwan (R.O.C.)","方O慧","0918551001","","有","有"
"09889581","20120927","20210811","八正覺天然養生坊","BA-ZHENG-JUE NATURAL AND HEALTHY FOOD WORKSHOP","新北市板橋區中山路２段９０巷４３弄１８號","No. 18, Aly. 43, Ln. 90, Sec. 2, Zhongshan Rd., Banqiao Dist., New Taipei City 22067, Taiwan (R.O.C.)","簡O湄","02-29557726","02-29592367","有","有"
"09892024","20070727","20210811","鼎金玻璃儀器企業社","LAB GLASS ENTERPRISE CO.","新竹市北區舊社里光華二街一五０巷六九號一樓","1 F., No. 69, Ln. 150, Guanghua 2nd St., Jiushe Vil., North Dist., Hsinchu City 30052, Taiwan (R.O.C.)","余O宏","03-6568171","03-6567045","有","有"
"09892241","20070810","20210812","常益企業社","CHANG YI QI YE CO.","桃園市龍潭區建林里建國路127號1樓","1 F., No. 127, Jianguo Rd., Jianlin Vil., Longtan Dist., Taoyuan City 32558, Taiwan (R.O.C.)","吳O義","03-4711955","","有","有"
"09892376","20070808","20230111","成興企業社","CHESH XING BUSINESS CO.","桃園市新屋區新生里中山路３２８號２樓","2 F., No. 328, Zhongshan Rd., Xinsheng Vil., Xinwu Dist., Taoyuan City 327008, Taiwan (R.O.C.)","林O英妹","03-4760330","03-4766380","無","無"
"09893987","20130509","20240510","斌恩貿易行","BIN EN TRADE FIRM","新北市三峽區大義路195號13樓之1","13 F.-1, No. 195, Dayi Rd., Sanxia Dist., New Taipei City 237632, Taiwan (R.O.C.)","鐘O斌","02-26800815","02-26800109","有","有"
"09894769","20070904","20230112","定宥企業社","TING-YU STONE ENTERPRISE CO.","新北市板橋區縣民大道３段７９巷３號３樓（現場僅供辦公室使用）","3 F., No. 3, Ln. 79, Sec. 3, Xianmin Blvd., Banqiao Dist., New Taipei City 220006, Taiwan (R.O.C.)","翁O卉","02-22608912","02-82620349","無","無"
"09912176","20240105","20240105","昕穎商行","candy Ariel Store","新北市板橋區龍泉街54巷8弄6號4樓","4 F., No. 6, Aly. 8, Ln. 54, Longquan St., Banqiao Dist., New Taipei City 220035, Taiwan (R.O.C.)","許O真","0986301050","","有","有"
"09912703","20110425","20210811","丰釆服飾店","FENG-TSAE FASHION CLOTHING CO.","新竹市東區成功里武昌街58-1號一樓","1 F., No. 58-1, Wuchang St., Chenggong Vil., East Dist., Hsinchu City 30041, Taiwan (R.O.C.)","張O彥","03-5261377","03-6672686","有","有"
"09918657","20160524","20230330","新象藝術工作坊","XIN XIANG ART WORKSHOP","桃園市平鎮區北華里德育路二段21號(1樓)","1 F., No. 21, Sec. 2, Deyu Rd., Beihua Vil., Pingzhen Dist., Taoyuan City 324002, Taiwan (R.O.C.)","陳O玲","02-22642311","02-22647183","有","有"
"09923602","20200113","20210811","中興冷飲站","ZTE cold drink station","桃園市龜山區新路里中興路370號1樓","1 F., No. 370, Zhongxing Rd., Xinlu Vil., Guishan Dist., Taoyuan City 33346, Taiwan (R.O.C.)","江O鳳","0987332382","","有","有"
"09924551","20100511","20240412","今益軒商行","JIN YI XUAN FIRM","桃園市桃園區中寧里同德二街160之2號","No. 160-2, Tongde 2nd St., Zhongning Vil., Taoyuan Dist., Taoyuan City 330012, Taiwan (R.O.C.)","陳O楠","03-4995886","03-4995886","有","有"
"09928992","20130808","20210811","寶城企業社","BAO CHENG CARBIDE COMPANY","新北市板橋區中正路370之1號(2樓)","2 F., No. 370-1, Zhongzheng Rd., Banqiao Dist., New Taipei City 22052, Taiwan (R.O.C.)","林O良","02-22710333","02-86882173","無","無"
"09930343","20070124","20210812","兩岸企業社","TAEL RIVAGE CO.","金門縣金湖鎮新湖里塔后２３９號","No. 239, Tahou, Xinhu Vil., Jinhu Township, Kinmen County 89141, Taiwan (R.O.C.)","吳O偉","082-336199","082-336867","有","有"
"09934002","20171123","20210811","東利輪胎行","TUNG LEE TIRE HANG","宜蘭縣五結鄉上四村中正西路四一巷四弄二號二樓之一","2 F.-1, No. 2, Aly. 4, Ln. 41, Zhongzheng W. Rd., Wujie Township, Yilan County 26847, Taiwan (R.O.C.)","盧O福","03-9502044","","有","有"
"09934538","20140916","20230111","東京百貨店","TOKYOIN COMPANY","宜蘭縣羅東鎮賢文里公正街七九號一樓","1 F., No. 79, Gongzheng St., Xianwen Vil., Luodong Township, Yilan County 265007, Taiwan (R.O.C.)","陳O華","0972125149","03-9575095","無","無"
"09935895","20061027","20210811","力允企業社","LY WEN ENTERPRISE CO.","桃園市龜山區南美里南上路202之2號1樓","1 F., No. 202-2, Nanshang Rd., Nanmei Vil., Guishan Dist., Taoyuan City 33392, Taiwan (R.O.C.)","劉O村","03-3936808","03-3934664","有","有"
"09939702","20110128","20110128","財團法人法鼓佛教學院","DHARMA DRUM BUDDHIST COLLEGE","新北市金山區西勢湖２之６號","NO. 2-6, XISHIHU, JINSHAN DIST., NEW TAIPEI CITY 20842, TAIWAN, R.O.C.","余O仁","24980707#2271","02-2408-2172","有","有"
"09941334","20121212","20250107","豪翔企業社","HAO HSIANG ENTERPRISE CO.","桃園市龜山區文化里華亞三路199巷7號15樓","15 F., No. 7, Ln. 199, Huaya 3rd Rd., Wenhua Vil., Guishan Dist., Taoyuan City 333411, Taiwan (R.O.C.)","李O豪","0953111952","","有","有"
"09942164","20090729","20210811","北都企業社","BDSM CO.","新北市五股區成泰路１段１３１號","No. 131, Sec. 1, Chengtai Rd., Wugu Dist., New Taipei City 24869, Taiwan (R.O.C.)","張O文","02-22953600","02-22953600","有","有"
"09942853","20070531","20210811","魔演影像工作室","ILLUSION MAGIC STUDIO","新北市新店區達觀路10號7樓之2","7 F.-2, No. 10, Daguan Rd., Xindian Dist., New Taipei City 23155, Taiwan (R.O.C.)","吳O庭","02-22137691","02-22138869","有","有"
"09946318","20061227","20210811","德展企業社","TE ZHAN ENTERPRISE CO.","新北市蘆洲區信義路３０巷１６７號（１樓）","1 F., No. 167, Ln. 30, Xinyi Rd., Luzhou Dist., New Taipei City 24746, Taiwan (R.O.C.)","黃O雄","02-22912872","02-22935452","有","有"
"09947013","20100709","20210812","恆揚行","EVER YOUNG CO.","新竹市東區東園里光復路二段九六二號四樓之八﹝僅供辦公室使用﹞","4 F.-8, No. 962, Sec. 2, Guangfu Rd., Dongyuan Vil., East Dist., Hsinchu City 30069, Taiwan (R.O.C.)","江O玲","03-5355835","03-5355848","有","有"
"09947127","20140523","20210811","祥純企業社","SHUN-CHUN ENTERPRISE CO., LTD.","新北市中和區福祥路３０號３樓（現場僅供辦公室使用）","3 F., No. 30, Fuxiang Rd., Zhonghe Dist., New Taipei City 23556, Taiwan (R.O.C.)","蔡OO","0919316939","","有","有"
"09948646","20080109","20210811","萬誠橡膠企業社","WAN CHERNG RUBBER CO.","新竹市北區光田里水田街一五Ｏ巷一八弄四一號一樓（僅供辦公室使用）","1 F., No. 41, Aly. 18, Ln. 150, Shuitian St., Guangtian Vil., North Dist., Hsinchu City 30050, Taiwan (R.O.C.)","彭O浚","03-5349086","03-5314879","有","有"
"09949764","20210202","20210812","太森企業社","TYSEN CO.,","桃園市八德區大仁里和平路1447號","No. 1447, Heping Rd., Daren Vil., Bade Dist., Taoyuan City 33444, Taiwan (R.O.C.)","涂O蘭","03-2180676","03-2180677","無","無"
"09951439","20160608","20210811","順業企業社","SHUN YE STONE COMPANY","新北市蘆洲區水湳街285號3樓","3 F., No. 285, Shuinan St., Luzhou Dist., New Taipei City 24752, Taiwan (R.O.C.)","蘇O亭","02-22855843","02-22855336","有","有"
"09952161","20091117","20210925","宇軒家居生活館","YU SYUAN FAMILY DECORATION COMPANY","花蓮縣花蓮市國治里博愛街172號1樓","1 F., No. 172, Bo’ai St., Guozhi Vil., Hualien City, Hualien County 97047, Taiwan (R.O.C.)","廖O希","03-8343467","03-8326192","有","有"
"09953041","20061129","20220506","星佑商行","SING NEWS COMPANY","臺中市太平區永平里中平路８５號６樓之２","6F.-2, NO. 85, ZHONGPING RD., YONGPING VIL., TAIPING DIST., TAICHUNG CITY 41142, TAIWAN (R.O.C.)","吳O一","04-22774580","04-22774580","有","有"
"09957222","20140106","20210811","晟揚企業社","SHENQ YANG ENTERPRISE COMPANY","新北市板橋區大觀路2段3巷13之2號(3樓)","3 F., No. 13-2, Ln. 3, Sec. 2, Daguan Rd., Banqiao Dist., New Taipei City 22058, Taiwan (R.O.C.)","黃O書","02-86885209","02-86885212","無","無"
"09958926","20150119","20210812","鴻麟金銀珠寶企業社","HUNG LIN JEWELRY CO.","新北市三重區中興北街１２１號","No. 121, Zhongxing N. St., Sanchong Dist., New Taipei City 24158, Taiwan (R.O.C.)","陳O燕","02-29995585","","有","有"
"09959333","20061018","20230112","熙葆企業行","HEBA ENTERPRISE CO.","臺北市大安區辛亥路2段121號2樓","2 F., No. 121, Sec. 2, Xinhai Rd., Da’an Dist., Taipei City 106027, Taiwan (R.O.C.)","蔡O文","02-23772220","02-27367826","無","無"
"09959684","20230717","20230717","添喜工程行","Tim hi engineering trip hi engineering trip Company","臺北市大安區基隆路2段136號9樓","9 F., No. 136, Sec. 2, Keelung Rd., Da’an Dist., Taipei City 106051, Taiwan (R.O.C.)","羅O衣帆","02-28109587","02-28109597","有","有"
"09959805","20100506","20210811","大品企業社","TA PIN ENTERPRISE CO.","新北市樹林區保安街3段10巷2號5樓","5 F., No. 2, Ln. 10, Sec. 3, Bao’an St., Shulin Dist., New Taipei City 23861, Taiwan (R.O.C.)","莊O佑","02-2670-8190","02-2677-7015","有","有"
"09960900","20200911","20210812","鴻聲企業社","HON SUN COMPANY","新北市板橋區南雅東路8號7樓之12","7 F.-12, No. 8, Nanya E. Rd., Banqiao Dist., New Taipei City 22055, Taiwan (R.O.C.)","潘O吟","02-26860369","02-26870369","有","有"
"09969058","20110421","20230414","嵐科通訊行","HAZE FAMILY CO.","新北市永和區中正路５２０號","No. 520, Zhongzheng Rd., Yonghe Dist., New Taipei City 234045, Taiwan (R.O.C.)","劉O夆","02-29245181","02-29243965","有","有"
"09969374","20151021","20230111","治亞企業社","CHIYA MINFU ENTERPRISE CO.","桃園市八德區大昌里介壽路２段２５２巷１５弄３３號１樓","1 F., No. 33, Aly. 15, Ln. 252, Sec. 2, Jieshou Rd., Dachang Vil., Bade Dist., Taoyuan City 334005, Taiwan (R.O.C.)","黃O女","03-3642617","03-3642619","無","無"
"09969992","20070612","20210811","達萬利企業社","DA WAN LI ENTERPRISE CO.","新北市三重區大有里中正北路408巷11號","No. 11, Ln. 408, Zhongzheng N. Rd., Dayou Vil., Sanchong Dist., New Taipei City 24162, Taiwan (R.O.C.)","林O鐘","02-29845824","02-29861731","有","有"
"09972119","20110218","20210812","正輝企業社","JENG HUEI ENTERPRISE CO.","新北市三重區中興南街６８巷１０弄１９號１樓","1 F., No. 19, Aly. 10, Ln. 68, Zhongxing S. St., Sanchong Dist., New Taipei City 24158, Taiwan (R.O.C.)","張O毓","02-29957210","02-29957213","有","有"
"09972552","20170407","20241212","佳鋒企業社","JFONG CO.","新竹市北區中寮里中清路一段76號一樓","1 F., No. 76, Sec. 1, Zhongqing Rd., Zhongliao Vil., North Dist., Hsinchu City 300056, Taiwan (R.O.C.)","鄭O鋒","03-5332672","03-5332756","有","有"
"09973736","20061101","20210811","鋐昌國際科技企業社","MAIN ROAD INTERNATIONAL TECH  CO.","桃園市中壢區內厝里中正路三段312號1樓","1 F., No. 312, Sec. 3, Zhongzheng Rd., Neicuo Vil., Zhongli Dist., Taoyuan City 32052, Taiwan (R.O.C.)","葉O文","03-4985388","03-4985326","有","有"
"09973807","20071204","20240119","西岸商行","WESTCOAST TRADE LTD.","屏東縣內埔鄉建文路2-3號","No. 2-3, Jianwen Rd., Neipu Township, Pingtung County 912018, Taiwan (R.O.C.)","曾O珊","","","有","有"
"09979979","20230714","20230714","鴻廣企業社","Hong Guang Enterprise Co.","新北市五股區五龍里壟鈎路7之2號","No. 7-2, Wulong Vil., Wugu Dist., New Taipei City 248, Taiwan (R.O.C.)","陳O蓉","02-22941953","02-22941953","有","有"
"09981378","20231004","20231004","永豐土木包工業","Yongfeng Civil Engineering  Indust Co.","桃園市大園區圳頭里後館路81號1樓","1 F., No. 81, Houguan Rd., Zuntou Vil., Dayuan Dist., Taoyuan City 337016, Taiwan (R.O.C.)","郭O","03-3859828","","有","有"
"09987400","20140808","20210812","駿銪企業社","CHUN EUROPIUM CO.","新北市五股區中興路1段128巷6號2樓","2 F., No. 6, Ln. 128, Sec. 1, Zhongxing Rd., Wugu Dist., New Taipei City 24872, Taiwan (R.O.C.)","蔡O士","02-29873031","02-29820777","有","有"
"09989054","20110613","20210811","凱芝琳廣告社","CATHERINE'S DIGITAL DESIGN CO.","新北市三重區正義北路３３巷３８號３樓（現場僅供辦公室使用）","3 F., No. 38, Ln. 33, Zhengyi N. Rd., Sanchong Dist., New Taipei City 24147, Taiwan (R.O.C.)","黃O凌","02-89811513","","有","有"
"09991869","20080305","20240727","優品一企業社","TAIWAN UPRODUCT CO.","新北市林口區仁愛路1段290巷6號","No. 6, Ln. 290, Sec. 1, Ren'ai Rd., Linkou Dist.,  New Taipei City 244014, Taiwan (R.O.C.)","胡O螢","02-26035555","02-26035151","有","有"
"09991967","20070911","20210811","華盈企業社","HUAH HANN ENTERPRISE CO.","桃園市龍潭區聖德里湧光路６２３巷４弄１５號１樓","1 F., No. 15, Aly. 4, Ln. 623, Yongguang Rd., Shengde Vil., Longtan Dist., Taoyuan City 32559, Taiwan (R.O.C.)","湯O華","03-4706997","03-4705691","有","有"
"09994541","20070430","20230116","玉真企業社","YUH CHEN ENTERPRISE CO.","宜蘭縣宜蘭市大道里文昌路167號","No. 167, Wenchang Rd., Dadao Vil., Yilan City, Yilan County 260005, Taiwan (R.O.C.)","吳O津","039-384774","039-384446","無","無"
"09997337","20180910","20210812","泓印行","HONG YIN PRINTING CO.","新北市三重區光復路２段１０２巷３３號６樓","6 F., No. 33, Ln. 102, Sec. 2, Guangfu Rd., Sanchong Dist., New Taipei City 24158, Taiwan (R.O.C.)","邱O陵","02-25673335","","有","有"
"09997619","20161230","20240125","薏富企業社","YI FU COMPANY","桃園市龜山區中興里壽山路37號1樓","1 F., No. 37, Shoushan Rd., Zhongxing Vil., Guishan Dist., Taoyuan City 333030, Taiwan (R.O.C.)","楊O璇","03-3204472","","有","有"
"09998700","20061212","20230111","祥浤資源回收企業社","SHYANG HORNG RECYCLE ENTERPRISE CO.","桃園市龜山區舊路里振興路827-1號","No. 827-1, Zhenxing Rd., Jiulu Vil., Guishan Dist., Taoyuan City 333029, Taiwan (R.O.C.)","黃O堂","03-3195390","","無","無"
"09999736","20100107","20240517","日盛商行","SUN SHENGTW ELECTRONIC CO.","新北市中和區中正路716號10樓之1","10 F.-1, No. 716, Zhongzheng Rd., Zhonghe Dist., New Taipei City 235603, Taiwan (R.O.C.)","黃O法","02-82276181","","有","有"
